ticker,name,sector,price,RSI,Stoch_K,BB_pct,drawdown_52w_high_%,distance_to_52w_low_%,return_1w_%,return_1m_%,return_3m_%,vs_SMA20_%,vs_SMA50_%,vs_SMA200_%,volume_vs_avg,52w_high,52w_low,acc_score,acc_signal_vol,acc_signal_return,acc_signal_candle,avg_volume_1w,avg_volume_1m,amt_today_억,amt_avg_1w_억,amt_avg_1m_억,vol_1w_vs_1m_ratio,trend_score,falling_knife,reversal_above_sma5,reversal_rebound_3pct,reversal_vol_up_candle,trend_details,oversold_score,foreign_5d_억,inst_5d_억,foreign_20d_억,inst_20d_억,supply_fetched,supply_score,market_regime,regime_score,regime_kospi_score,regime_fx_score,regime_flow_score,kospi_vs_sma200_%,kospi_return_1m_%,usdkrw,usdkrw_vs_sma20_%,usdkrw_return_1m_%,foreign_kospi_5d_억,foreign_kospi_5d_raw_억,foreign_kospi_5d_adjusted_억,foreign_proxy_success,foreign_proxy_total,foreign_proxy_coverage,stock_score_stage1,composite_score,stock_code,corp_code,danger_count,warning_count,fp_avoided_count,soft_downgraded_count,danger_details,warning_details,fp_avoided_details,soft_downgraded_details,danger_urls,warning_urls,fp_avoided_urls,soft_downgraded_urls,danger_rcept_nos,warning_rcept_nos,risk_level,annual_year,annual_latest_억,annual_prev_억,annual_yoy_%,annual_fs_div,annual_op_account_nm,annual_op_account_id,ocf_latest_억,ocf_prev_억,ocf_account_nm,ocf_account_id,dart_annual_status,dart_annual_message,dart_ocf_status,dart_ocf_message,q_period,q_basis,q_latest_억,q_prev_억,quarterly_yoy_%,q_latest_key,q_prev_key,q_fs_div,q_source_api,q_op_account_nm,q_op_account_id,dart_q_status,dart_q_message,earnings_pattern,fundamental_score,ocf_score,ocf_pattern,ocf_to_op_ratio,ocf_threshold_group,momentum_score,stock_score,final_score
008250,이건산업,,2875,20.8,9.5,1.5,-51.4,3.0,-19.1,-29.4,-30.8,-17.3,-23.9,-34.9,1.08,5910,2790,5,True,False,False,57399,36467,1.2,1.7,1.2,1.57,0,False,False,False,False,-,89.5,-0.5,0.1,-2.0,-0.1,True,8,강세,-4,0,-1,-3,82.0,31.5,1518.25,,3.0,-121906.0,-121906.0,-121906.0,10,10,1.0,102.5,98.5,008250,00145446,0,0,0,0,,,,,,,,,,,안전,2025.0,-38.3,137.9,-127.8,CFS,영업이익(손실),dart_OperatingIncomeLoss,114.4,169.6,영업활동 현금흐름,ifrs-full_CashFlowsFromUsedInOperatingActivities,ok,연간 영업이익 YoY 계산 성공,ok,OCF 추출 성공,2026 Q1,3개월,11.5,8.8,30.3,thstrm_amount,frmtrm_q_amount,CFS,fnlttSinglAcntAll,영업이익(손실),dart_OperatingIncomeLoss,ok,3개월 기준 YoY 계산 성공,턴어라운드,20,0,회계손실현금유입,,default,-1,121.5,117.5
002360,SH에너지화학,,2025,3.3,1.6,3.1,-66.5,1.3,-22.7,-43.4,-45.6,-36.0,-45.3,-48.4,1.42,6050,1999,10,True,True,False,182447,80998,2.4,4.1,2.0,2.25,0,False,False,False,False,-,90.9,1.0,-0.0,-2.4,-0.8,True,8,강세,-4,0,-1,-3,82.0,31.5,1518.25,,3.0,-121906.0,-121906.0,-121906.0,10,10,1.0,108.9,104.9,002360,00136457,0,1,0,0,,[20260227] 주식병합결정               (20260227801434),,,,https://dart.fss.or.kr/dsaf001/main.do?rcpNo=20260227801434,,,,20260227801434,주의,2025.0,-122.5,-96.9,-26.4,CFS,영업손실,dart_OperatingIncomeLoss,-39.1,-47.2,영업활동현금흐름,ifrs-full_CashFlowsFromUsedInOperatingActivities,ok,연간 영업이익 YoY 계산 성공,ok,OCF 추출 성공,2026 Q1,3개월,-12.3,-33.5,63.2,thstrm_amount,frmtrm_q_amount,CFS,fnlttSinglAcntAll,영업손실,dart_OperatingIncomeLoss,ok,3개월 기준 YoY 계산 성공,턴어라운드,20,-5,이중적자,,default,-3,120.9,116.9
009240,한샘,,31250,29.3,22.9,27.7,-43.0,5.9,-0.6,-29.7,-37.1,-9.6,-18.2,-27.9,0.51,54800,29500,10,False,True,True,78407,101071,15.6,24.1,35.7,0.78,3,False,True,False,False,5일선회복,72.7,23.5,-29.5,86.6,-280.8,True,8,강세,-4,0,-1,-3,82.0,31.5,1518.25,,3.0,-121906.0,-121906.0,-121906.0,10,10,1.0,93.7,89.7,009240,00161693,0,0,0,0,,,,,,,,,,,안전,2025.0,184.9,312.3,-40.8,CFS,영업이익(손실),dart_OperatingIncomeLoss,693.7,488.9,영업활동현금흐름,ifrs-full_CashFlowsFromUsedInOperatingActivities,ok,연간 영업이익 YoY 계산 성공,ok,OCF 추출 성공,2026 Q1,3개월,100.7,64.4,56.4,thstrm_amount,frmtrm_q_amount,CFS,fnlttSinglAcntAll,영업이익,dart_OperatingIncomeLoss,ok,3개월 기준 YoY 계산 성공,턴어라운드,20,5,현금창출양호,3.75,default,2,120.7,116.7
000890,보해양조,,1315,6.7,5.4,10.7,-53.3,3.5,-14.6,-37.7,-46.8,-28.1,-34.9,-38.9,0.98,2815,1270,10,True,True,False,211625,117329,1.6,3.0,1.8,1.8,0,False,False,False,False,-,85.7,-0.5,0.2,-2.6,-1.3,True,8,강세,-4,0,-1,-3,82.0,31.5,1518.25,,3.0,-121906.0,-121906.0,-121906.0,10,10,1.0,103.7,99.7,000890,00123541,0,1,0,0,,[20260305] 주식병합결정               (20260305801205),,,,https://dart.fss.or.kr/dsaf001/main.do?rcpNo=20260305801205,,,,20260305801205,주의,2025.0,38.1,23.0,65.7,OFS,영업이익(손실),dart_OperatingIncomeLoss,50.2,32.9,영업활동현금흐름,ifrs-full_CashFlowsFromUsedInOperatingActivities,ok,연간 영업이익 YoY 계산 성공,ok,OCF 추출 성공,2026 Q1,3개월,12.1,9.7,24.3,thstrm_amount,frmtrm_q_amount,OFS,fnlttSinglAcntAll,영업이익(손실),dart_OperatingIncomeLoss,ok,3개월 기준 YoY 계산 성공,성장지속,10,5,현금창출양호,1.32,default,2,120.7,116.7
095720,웅진씽크빅,,1407,4.2,7.9,12.3,-71.1,5.8,-17.6,-39.1,-37.9,-27.0,-33.9,-47.3,1.37,4864,1330,5,True,False,False,127361,88138,1.8,1.9,1.5,1.45,0,False,False,False,False,-,86.9,0.3,-0.0,-5.3,-1.4,True,8,강세,-4,0,-1,-3,82.0,31.5,1518.25,,3.0,-121906.0,-121906.0,-121906.0,10,10,1.0,99.9,95.9,095720,00628189,0,1,0,0,,[20260311] 주식병합결정               (20260311802526),,,,https://dart.fss.or.kr/dsaf001/main.do?rcpNo=20260311802526,,,,20260311802526,주의,2025.0,-104.6,92.5,-213.1,CFS,영업손익,dart_OperatingIncomeLoss,788.3,634.1,영업활동현금흐름,ifrs-full_CashFlowsFromUsedInOperatingActivities,ok,연간 영업이익 YoY 계산 성공,ok,OCF 추출 성공,2026 Q1,3개월,-33.7,-107.0,68.5,thstrm_amount,frmtrm_q_amount,CFS,fnlttSinglAcntAll,영업손익,dart_OperatingIncomeLoss,ok,3개월 기준 YoY 계산 성공,턴어라운드,20,0,회계손실현금유입,,default,0,119.9,115.9
000390,SP삼화,,6810,19.7,14.7,11.1,-52.4,22.3,-10.5,-31.5,-21.5,-13.2,-22.7,-7.1,0.92,14300,5570,0,False,False,False,264116,318350,18.6,18.6,26.0,0.83,0,False,False,False,False,-,84.4,19.5,-0.1,36.4,-1.8,True,8,강세,-4,0,-1,-3,82.0,31.5,1518.25,,3.0,-121906.0,-121906.0,-121906.0,10,10,1.0,92.4,88.4,000390,00129387,0,3,0,0,,[20260102] 최대주주변경               (20260102800376) || [20260102] 최대주주등소유주식변동신고서(최대주주변경시)               (20260102800268) || [20251208] 유상증자또는주식관련사채등의발행결과(자율공시)               (20251208800364),,,,https://dart.fss.or.kr/dsaf001/main.do?rcpNo=20260102800376 || https://dart.fss.or.kr/dsaf001/main.do?rcpNo=20260102800268 || https://dart.fss.or.kr/dsaf001/main.do?rcpNo=20251208800364,,,,20260102800376 || 20260102800268 || 20251208800364,주의,2025.0,3.3,47.8,-93.2,CFS,기타영업외손익,dart_NonOperatingProfitLoss,221.9,301.8,영업활동으로 인한 현금흐름,ifrs-full_CashFlowsFromUsedInOperatingActivities,ok,연간 영업이익 YoY 계산 성공,ok,OCF 추출 성공,2026 Q1,3개월,6.2,2.7,130.6,thstrm_amount,frmtrm_q_amount,CFS,fnlttSinglAcntAll,기타영업외손익,dart_NonOperatingProfitLoss,ok,3개월 기준 YoY 계산 성공,턴어라운드,20,5,현금창출양호,67.24,default,2,119.4,115.4
025750,한솔홈데코,,1930,19.3,7.5,-2.6,-50.5,2.8,-15.9,-28.4,-38.3,-18.3,-24.9,-37.2,0.72,3900,1878,0,False,False,False,88010,99630,1.2,1.8,2.4,0.88,0,False,False,False,False,-,89.2,1.2,0.0,-1.2,-0.5,True,8,강세,-4,0,-1,-3,82.0,31.5,1518.25,,3.0,-121906.0,-121906.0,-121906.0,10,10,1.0,97.2,93.2,025750,00203582,0,3,0,0,,[20260423] [기재정정]주식병합결정               (20260423800976) || [20260422] [기재정정]주식병합결정               (20260422800885) || [20260303] 주식병합결정               (20260303800657),,,,https://dart.fss.or.kr/dsaf001/main.do?rcpNo=20260423800976 || https://dart.fss.or.kr/dsaf001/main.do?rcpNo=20260422800885 || https://dart.fss.or.kr/dsaf001/main.do?rcpNo=20260303800657,,,,20260423800976 || 20260422800885 || 20260303800657,주의,2025.0,23.3,114.2,-79.6,CFS,영업이익,dart_OperatingIncomeLoss,122.6,261.4,영업활동현금흐름,ifrs-full_CashFlowsFromUsedInOperatingActivities,ok,연간 영업이익 YoY 계산 성공,ok,OCF 추출 성공,2026 Q1,3개월,27.1,11.8,129.0,thstrm_amount,frmtrm_q_amount,CFS,fnlttSinglAcntAll,영업이익(손실),dart_OperatingIncomeLoss,ok,3개월 기준 YoY 계산 성공,턴어라운드,20,5,현금창출양호,5.26,default,-3,119.2,115.2
001550,조비,,10700,18.5,4.2,6.7,-48.9,2.2,-13.7,-28.0,-26.7,-16.9,-25.9,-17.2,0.38,20950,10470,0,False,False,False,55417,245768,3.9,6.3,37.1,0.23,0,False,False,False,False,-,85.9,5.2,-0.0,12.9,-0.1,True,8,강세,-4,0,-1,-3,82.0,31.5,1518.25,,3.0,-121906.0,-121906.0,-121906.0,10,10,1.0,93.9,89.9,001550,00148948,0,0,0,0,,,,,,,,,,,안전,2025.0,38.2,48.3,-20.9,OFS,영업이익(손실),dart_OperatingIncomeLoss,40.3,-5.1,영업활동현금흐름,ifrs-full_CashFlowsFromUsedInOperatingActivities,ok,연간 영업이익 YoY 계산 성공,ok,OCF 추출 성공,2026 Q1,3개월,47.3,18.3,158.6,thstrm_amount,frmtrm_q_amount,OFS,fnlttSinglAcntAll,영업이익(손실),dart_OperatingIncomeLoss,ok,3개월 기준 YoY 계산 성공,턴어라운드,20,5,현금창출양호,1.05,default,0,118.9,114.9
001620,케이비아이동국실업,,2420,21.4,15.5,14.6,-49.8,7.8,-8.7,-24.6,-45.4,-16.0,-21.4,-11.4,1.24,4820,2245,5,True,False,False,102262,58651,1.8,2.5,1.5,1.74,0,False,False,False,False,-,81.2,0.7,0.3,-0.4,0.9,True,15,강세,-4,0,-1,-3,82.0,31.5,1518.25,,3.0,-121906.0,-121906.0,-121906.0,10,10,1.0,101.2,97.2,001620,00114765,0,1,0,0,,[20260310] 주식병합결정               (20260310800693),,,,https://dart.fss.or.kr/dsaf001/main.do?rcpNo=20260310800693,,,,20260310800693,주의,2025.0,185.6,-63.3,393.3,CFS,영업이익(손실),dart_OperatingIncomeLoss,820.1,646.4,영업활동현금흐름,ifrs-full_CashFlowsFromUsedInOperatingActivities,ok,연간 영업이익 YoY 계산 성공,ok,OCF 추출 성공,2026 Q1,3개월,-12.1,-64.7,81.3,thstrm_amount,frmtrm_q_amount,CFS,fnlttSinglAcntAll,영업이익(손실),dart_OperatingIncomeLoss,ok,3개월 기준 YoY 계산 성공,성장지속,10,5,현금창출양호,4.42,default,2,118.2,114.2
123690,한국화장품,,6820,17.4,8.6,1.8,-47.9,2.9,-13.8,-25.5,-28.8,-14.9,-16.7,-29.1,0.88,13080,6630,0,False,False,False,119393,132709,7.9,8.6,10.8,0.9,0,False,False,False,False,-,86.2,5.4,-0.0,7.8,-0.4,True,8,강세,-4,0,-1,-3,82.0,31.5,1518.25,,3.0,-121906.0,-121906.0,-121906.0,10,10,1.0,94.2,90.2,123690,00823429,0,0,0,0,,,,,,,,,,,안전,2025.0,5.3,37.1,-85.8,CFS,영업이익,dart_OperatingIncomeLoss,29.1,31.4,영업활동으로 인한 현금흐름,ifrs-full_CashFlowsFromUsedInOperatingActivities,ok,연간 영업이익 YoY 계산 성공,ok,OCF 추출 성공,2026 Q1,3개월,19.2,17.2,11.8,thstrm_amount,frmtrm_q_amount,CFS,fnlttSinglAcntAll,영업이익,dart_OperatingIncomeLoss,ok,3개월 기준 YoY 계산 성공,턴어라운드,20,5,현금창출양호,5.49,default,-1,118.2,114.2
012690,모나리자,,1670,10.4,10.9,2.0,-42.8,4.4,-16.5,-30.6,-23.0,-18.6,-23.2,-25.9,0.82,2920,1600,0,False,False,False,261159,301409,4.1,4.6,6.3,0.87,0,False,False,False,False,-,86.1,2.7,-0.0,-3.7,-0.1,True,8,강세,-4,0,-1,-3,82.0,31.5,1518.25,,3.0,-121906.0,-121906.0,-121906.0,10,10,1.0,94.1,90.1,012690,00173102,0,0,0,0,,,,,,,,,,,안전,2025.0,3.2,9.8,-67.7,OFS,영업이익,dart_OperatingIncomeLoss,25.9,42.6,영업활동으로 인한 현금흐름,ifrs-full_CashFlowsFromUsedInOperatingActivities,ok,연간 영업이익 YoY 계산 성공,ok,OCF 추출 성공,2026 Q1,3개월,3.3,-3.8,185.3,thstrm_amount,frmtrm_q_amount,OFS,fnlttSinglAcntAll,영업이익(손실),dart_OperatingIncomeLoss,ok,3개월 기준 YoY 계산 성공,턴어라운드,20,5,현금창출양호,8.09,default,-1,118.1,114.1
460860,동국제강,,10120,25.5,4.5,6.4,-42.9,30.4,-15.5,-38.0,-1.5,-19.5,-11.4,6.7,0.68,17710,7760,0,False,False,False,413181,538244,36.2,45.0,70.4,0.77,0,False,False,False,False,-,84.6,58.1,-56.6,258.1,-223.6,True,8,강세,-4,0,-1,-3,82.0,31.5,1518.25,,3.0,-121906.0,-121906.0,-121906.0,10,10,1.0,92.6,88.6,460860,01765265,0,0,0,0,,,,,,,,,,,안전,2025.0,593.8,1024.7,-42.1,OFS,영업이익,dart_OperatingIncomeLoss,1146.5,3275.5,영업활동으로 인한 현금흐름,ifrs-full_CashFlowsFromUsedInOperatingActivities,ok,연간 영업이익 YoY 계산 성공,ok,OCF 추출 성공,2026 Q1,3개월,214.4,42.5,403.9,thstrm_amount,frmtrm_q_amount,OFS,fnlttSinglAcntAll,영업이익,dart_OperatingIncomeLoss,ok,3개월 기준 YoY 계산 성공,턴어라운드,20,5,현금창출양호,1.93,default,0,117.6,113.6
027740,마니커,,1085,7.5,6.7,-9.9,-57.8,3.8,-29.3,-33.9,-35.8,-28.2,-31.6,-32.5,1.41,2574,1045,5,True,False,False,215267,128534,2.1,2.6,1.8,1.67,0,False,False,False,False,-,92.0,0.2,0.0,-3.3,-1.9,True,8,강세,-4,0,-1,-3,82.0,31.5,1518.25,,3.0,-121906.0,-121906.0,-121906.0,10,10,1.0,105.0,101.0,027740,00204208,0,1,0,0,,[20260306] 주식병합결정               (20260306801041),,,,https://dart.fss.or.kr/dsaf001/main.do?rcpNo=20260306801041,,,,20260306801041,주의,2025.0,20.1,-90.5,122.2,CFS,영업이익(손실),dart_OperatingIncomeLoss,63.7,15.0,영업활동현금흐름,ifrs-full_CashFlowsFromUsedInOperatingActivities,ok,연간 영업이익 YoY 계산 성공,ok,OCF 추출 성공,2026 Q1,3개월,-30.9,-33.9,8.9,thstrm_amount,frmtrm_q_amount,CFS,fnlttSinglAcntAll,영업이익(손실),dart_OperatingIncomeLoss,ok,3개월 기준 YoY 계산 성공,성장지속,10,5,현금창출양호,3.17,default,-3,117.0,113.0
024890,대원화성,,2955,0.0,8.9,0.2,-42.1,5.7,-19.9,-34.8,-27.7,-28.1,-27.6,-28.0,1.85,5105,2795,5,True,False,False,50339,23776,1.4,1.6,0.8,2.12,0,False,False,False,False,-,91.0,0.2,-0.0,-0.7,-0.9,True,8,강세,-4,0,-1,-3,82.0,31.5,1518.25,,3.0,-121906.0,-121906.0,-121906.0,10,10,1.0,104.0,100.0,024890,00112022,0,2,0,0,,[20260311] [기재정정]주식병합결정               (20260311801002) || [20260310] 주식병합결정               (20260310801209),,,,https://dart.fss.or.kr/dsaf001/main.do?rcpNo=20260311801002 || https://dart.fss.or.kr/dsaf001/main.do?rcpNo=20260310801209,,,,20260311801002 || 20260310801209,주의,2025.0,8.7,-61.1,114.2,CFS,영업이익(손실),dart_OperatingIncomeLoss,35.4,-136.9,영업활동현금흐름,ifrs-full_CashFlowsFromUsedInOperatingActivities,ok,연간 영업이익 YoY 계산 성공,ok,OCF 추출 성공,2026 Q1,3개월,4.9,4.0,23.2,thstrm_amount,frmtrm_q_amount,CFS,fnlttSinglAcntAll,영업이익(손실),dart_OperatingIncomeLoss,ok,3개월 기준 YoY 계산 성공,성장지속,10,5,현금창출양호,4.07,default,-2,117.0,113.0
058730,다스코,,2580,17.0,17.5,15.4,-49.2,7.5,-11.3,-31.7,-25.2,-17.2,-26.1,-20.2,3.43,5080,2400,0,False,False,False,256775,196292,17.2,6.7,6.3,1.31,4,False,False,False,True,거래량동반양봉,91.6,-3.7,-0.6,-7.5,-0.5,True,0,강세,-4,0,-1,-3,82.0,31.5,1518.25,,3.0,-121906.0,-121906.0,-121906.0,10,10,1.0,95.6,91.6,058730,00353878,0,0,0,0,,,,,,,,,,,안전,2025.0,-69.0,-8.9,-674.2,CFS,영업외손익,dart_NonOperatingProfitLoss,381.0,159.2,영업활동으로 인한 현금흐름,ifrs-full_CashFlowsFromUsedInOperatingActivities,ok,연간 영업이익 YoY 계산 성공,ok,OCF 추출 성공,2026 Q1,3개월,-3.9,-6.2,37.5,thstrm_amount,frmtrm_q_amount,CFS,fnlttSinglAcntAll,영업외손익,dart_NonOperatingProfitLoss,ok,3개월 기준 YoY 계산 성공,턴어라운드,20,0,회계손실현금유입,,default,1,116.6,112.6
241590,화승엔터프라이즈,,3490,20.7,10.5,14.4,-59.0,3.9,-8.5,-28.0,-37.5,-15.8,-21.3,-34.5,0.5,8510,3360,5,False,True,False,144929,155959,2.8,5.2,6.5,0.93,0,False,False,False,False,-,83.1,3.0,-1.1,-0.4,-4.4,True,8,강세,-4,0,-1,-3,82.0,31.5,1518.25,,3.0,-121906.0,-121906.0,-121906.0,10,10,1.0,96.1,92.1,241590,01128613,0,0,0,0,,,,,,,,,,,안전,2025.0,-556.6,-417.6,-33.3,CFS,영업외손익,dart_NonOperatingProfitLoss,1323.3,808.6,영업활동현금흐름,ifrs-full_CashFlowsFromUsedInOperatingActivities,ok,연간 영업이익 YoY 계산 성공,ok,OCF 추출 성공,2026 Q1,3개월,-21.0,-101.3,79.3,thstrm_amount,frmtrm_q_amount,CFS,fnlttSinglAcntAll,영업외손익,dart_NonOperatingProfitLoss,ok,3개월 기준 YoY 계산 성공,턴어라운드,20,0,회계손실현금유입,,default,0,116.1,112.1
120110,코오롱인더,,66200,23.0,6.7,9.9,-36.9,123.6,-13.5,-34.4,-2.1,-18.0,-20.2,21.6,0.88,104900,29600,0,False,False,False,327714,407531,235.5,232.4,335.6,0.8,0,False,False,False,False,-,80.8,246.4,-104.3,1029.2,-576.5,True,8,강세,-4,0,-1,-3,82.0,31.5,1518.25,,3.0,-121906.0,-121906.0,-121906.0,10,10,1.0,88.8,84.8,120110,00795135,0,0,0,0,,,,,,,,,,,안전,2025.0,1089.0,1587.2,-31.4,CFS,V. 영업이익,dart_OperatingIncomeLoss,3550.4,2905.9,I. 영업활동으로인한현금흐름,ifrs-full_CashFlowsFromUsedInOperatingActivities,ok,연간 영업이익 YoY 계산 성공,ok,OCF 추출 성공,2026 Q1,3개월,619.2,269.3,129.9,thstrm_amount,frmtrm_q_amount,CFS,fnlttSinglAcntAll,영업이익,dart_OperatingIncomeLoss,ok,3개월 기준 YoY 계산 성공,턴어라운드,20,5,현금창출양호,3.26,default,2,115.8,111.8
010040,한국내화,,1560,22.8,23.3,6.2,-37.3,6.3,-10.6,-22.0,-25.2,-12.2,-17.2,-24.5,1.0,2490,1467,5,True,False,False,100208,61036,1.0,1.6,1.1,1.64,0,False,False,False,False,-,75.1,0.1,-0.1,-0.2,-0.4,True,8,강세,-4,0,-1,-3,82.0,31.5,1518.25,,3.0,-121906.0,-121906.0,-121906.0,10,10,1.0,88.1,84.1,010040,00160205,0,0,0,0,,,,,,,,,,,안전,2025.0,27.8,85.9,-67.7,CFS,영업이익,dart_OperatingIncomeLoss,77.2,184.0,영업활동현금흐름,ifrs-full_CashFlowsFromUsedInOperatingActivities,ok,연간 영업이익 YoY 계산 성공,ok,OCF 추출 성공,2026 Q1,3개월,-3.1,-13.9,77.8,thstrm_amount,frmtrm_q_amount,CFS,fnlttSinglAcntAll,영업이익,dart_OperatingIncomeLoss,ok,3개월 기준 YoY 계산 성공,턴어라운드,20,5,현금창출양호,2.78,default,2,115.1,111.1
001020,페이퍼코리아,,2205,0.0,6.8,-14.8,-57.6,4.0,-34.6,-34.6,-48.1,-30.9,-31.3,-33.8,2.36,5200,2120,0,False,False,False,67406,16049,0.9,1.7,0.4,4.2,0,False,False,False,False,-,96.8,-0.4,-1.2,-0.4,-1.2,True,0,강세,-4,0,-1,-3,82.0,31.5,1518.25,,3.0,-121906.0,-121906.0,-121906.0,10,10,1.0,96.8,92.8,001020,00134723,0,3,0,0,,[20260520] [기재정정]주식병합결정               (20260520800452) || [20260408] [기재정정]주식병합결정               (20260408801109) || [20260316] 주식병합결정               (20260316801704),,,,https://dart.fss.or.kr/dsaf001/main.do?rcpNo=20260520800452 || https://dart.fss.or.kr/dsaf001/main.do?rcpNo=20260408801109 || https://dart.fss.or.kr/dsaf001/main.do?rcpNo=20260316801704,,,,20260520800452 || 20260408801109 || 20260316801704,주의,2025.0,-52.8,20.4,-359.1,CFS,영업이익(손실),dart_OperatingIncomeLoss,203.1,65.3,영업활동현금흐름,ifrs-full_CashFlowsFromUsedInOperatingActivities,ok,연간 영업이익 YoY 계산 성공,ok,OCF 추출 성공,2026 Q1,3개월,12.4,4.5,174.1,thstrm_amount,frmtrm_q_amount,CFS,fnlttSinglAcntAll,영업이익(손실),dart_OperatingIncomeLoss,ok,3개월 기준 YoY 계산 성공,턴어라운드,20,0,회계손실현금유입,,default,-2,114.8,110.8
014280,금강공업,,4295,19.1,5.9,3.2,-49.3,5.3,-14.6,-21.5,-22.1,-16.1,-16.3,-21.5,0.44,8470,4080,0,False,False,False,149710,474054,9.3,6.8,26.2,0.32,0,False,False,False,False,-,84.2,0.2,-0.1,-26.2,-1.6,True,8,강세,-4,0,-1,-3,82.0,31.5,1518.25,,3.0,-121906.0,-121906.0,-121906.0,10,10,1.0,92.2,88.2,014280,00105299,0,0,0,0,,,,,,,,,,,안전,2025.0,105.0,330.5,-68.2,CFS,영업이익(손실),dart_OperatingIncomeLoss,218.7,130.1,영업활동으로 인한 현금흐름,ifrs-full_CashFlowsFromUsedInOperatingActivities,ok,연간 영업이익 YoY 계산 성공,ok,OCF 추출 성공,2026 Q1,3개월,132.4,70.6,87.5,thstrm_amount,frmtrm_q_amount,CFS,fnlttSinglAcntAll,영업이익(손실),dart_OperatingIncomeLoss,ok,3개월 기준 YoY 계산 성공,턴어라운드,20,5,현금창출양호,2.08,default,-3,114.2,110.2
084680,이월드,,1269,3.4,9.8,7.1,-39.6,4.9,-16.8,-35.0,-23.5,-22.1,-25.9,-18.0,0.82,2100,1210,0,False,False,False,624243,673975,7.1,8.3,11.2,0.93,0,False,False,False,False,-,83.0,0.9,-0.8,-5.6,-1.8,True,8,강세,-4,0,-1,-3,82.0,31.5,1518.25,,3.0,-121906.0,-121906.0,-121906.0,10,10,1.0,91.0,87.0,084680,00540605,0,0,0,0,,,,,,,,,,,안전,2025.0,-31.8,-4.2,-656.7,OFS,영업이익(손실),dart_OperatingIncomeLoss,59.9,57.5,영업활동현금흐름,ifrs-full_CashFlowsFromUsedInOperatingActivities,ok,연간 영업이익 YoY 계산 성공,ok,OCF 추출 성공,2026 Q1,3개월,2.5,-24.3,110.1,thstrm_amount,frmtrm_q_amount,OFS,fnlttSinglAcntAll,영업이익(손실),dart_OperatingIncomeLoss,ok,3개월 기준 YoY 계산 성공,턴어라운드,20,0,회계손실현금유입,,default,2,113.0,109.0
071090,하이스틸,,3305,21.1,9.9,7.3,-47.1,5.8,-15.1,-33.8,-9.2,-16.4,-18.1,-17.0,0.6,6250,3125,0,False,False,False,301734,589715,10.9,10.4,25.0,0.51,4,False,False,False,True,거래량동반양봉,85.9,4.4,-0.0,11.1,0.3,True,8,강세,-4,0,-1,-3,82.0,31.5,1518.25,,3.0,-121906.0,-121906.0,-121906.0,10,10,1.0,97.9,93.9,071090,00435312,0,2,0,0,,[20250901] 최대주주변경               (20250901800888) || [20250901] 최대주주등소유주식변동신고서(최대주주변경시)               (20250901800781),,,,https://dart.fss.or.kr/dsaf001/main.do?rcpNo=20250901800888 || https://dart.fss.or.kr/dsaf001/main.do?rcpNo=20250901800781,,,,20250901800888 || 20250901800781,주의,2025.0,-33.2,9.1,-464.6,CFS,영업이익(손실),dart_OperatingIncomeLoss,-32.1,36.7,영업활동현금흐름,ifrs-full_CashFlowsFromUsedInOperatingActivities,ok,연간 영업이익 YoY 계산 성공,ok,OCF 추출 성공,2026 Q1,3개월,17.7,4.2,319.5,thstrm_amount,frmtrm_q_amount,CFS,fnlttSinglAcntAll,영업이익(손실),dart_OperatingIncomeLoss,ok,3개월 기준 YoY 계산 성공,턴어라운드,20,-5,이중적자,,default,0,112.9,108.9
052690,한전기술,,127600,19.1,6.4,16.2,-35.6,117.0,-12.5,-34.0,-27.1,-16.3,-22.5,3.3,0.86,198000,58800,0,False,False,False,170017,200924,222.9,228.1,315.0,0.85,0,False,False,False,False,-,77.8,232.0,-215.4,362.2,-1290.6,True,8,강세,-4,0,-1,-3,82.0,31.5,1518.25,,3.0,-121906.0,-121906.0,-121906.0,10,10,1.0,85.8,81.8,052690,00159209,0,0,0,0,,,,,,,,,,,안전,2025.0,354.5,709.4,-50.0,CFS,영업이익,dart_OperatingIncomeLoss,293.2,489.5,영업활동현금흐름,ifrs-full_CashFlowsFromUsedInOperatingActivities,ok,연간 영업이익 YoY 계산 성공,ok,OCF 추출 성공,2026 Q1,3개월,140.6,47.7,194.8,thstrm_amount,frmtrm_q_amount,CFS,fnlttSinglAcntAll,영업이익,dart_OperatingIncomeLoss,ok,3개월 기준 YoY 계산 성공,턴어라운드,20,5,현금창출양호,0.83,default,2,112.8,108.8
004090,한국석유,,12180,13.3,2.6,2.9,-63.7,1.7,-8.9,-23.3,-25.3,-12.5,-21.1,-19.0,0.49,33575,11980,5,True,False,False,1048409,619551,34.8,136.6,87.3,1.69,0,False,False,False,False,-,85.5,-7.9,-0.1,14.8,-1.6,True,0,강세,-4,0,-1,-3,82.0,31.5,1518.25,,3.0,-121906.0,-121906.0,-121906.0,10,10,1.0,90.5,86.5,004090,00157991,0,3,0,0,,[20250908] 유상증자또는주식관련사채등의발행결과(자율공시)               (20250908800438) || [20250905] [기재정정]주요사항보고서(전환사채권발행결정) (20250905000042) || [20250829] 주요사항보고서(전환사채권발행결정) (20250829001769),,,,https://dart.fss.or.kr/dsaf001/main.do?rcpNo=20250908800438 || https://dart.fss.or.kr/dsaf001/main.do?rcpNo=20250905000042 || https://dart.fss.or.kr/dsaf001/main.do?rcpNo=20250829001769,,,,20250908800438 || 20250905000042 || 20250829001769,주의,2025.0,118.4,187.7,-36.9,CFS,영업이익,dart_OperatingIncomeLoss,65.7,131.4,영업활동으로 인한 현금흐름,ifrs-full_CashFlowsFromUsedInOperatingActivities,ok,연간 영업이익 YoY 계산 성공,ok,OCF 추출 성공,2026 Q1,3개월,41.4,9.5,335.0,thstrm_amount,frmtrm_q_amount,CFS,fnlttSinglAcntAll,영업이익(손실),dart_OperatingIncomeLoss,ok,3개월 기준 YoY 계산 성공,턴어라운드,20,2,현금창출보통,0.55,default,0,112.5,108.5
002790,아모레퍼시픽홀딩스,,21950,30.6,5.2,10.9,-38.9,1.2,-8.7,-23.7,-30.0,-11.8,-18.0,-20.2,0.95,35950,21700,0,False,False,False,176243,159148,33.3,39.9,39.7,1.11,0,False,False,False,False,-,77.1,18.7,-50.1,-51.8,-111.4,True,8,강세,-4,0,-1,-3,82.0,31.5,1518.25,,3.0,-121906.0,-121906.0,-121906.0,10,10,1.0,85.1,81.1,002790,00154462,0,0,0,0,,,,,,,,,,,안전,2025.0,45.1,3099.8,-98.5,CFS,기타영업외손익,dart_NonOperatingProfitLoss,6296.7,3854.2,영업활동으로 인한 현금흐름,ifrs-full_CashFlowsFromUsedInOperatingActivities,ok,연간 영업이익 YoY 계산 성공,ok,OCF 추출 성공,2026 Q1,3개월,249.3,224.7,11.0,thstrm_amount,frmtrm_q_amount,CFS,fnlttSinglAcntAll,기타영업외손익,dart_NonOperatingProfitLoss,ok,3개월 기준 YoY 계산 성공,턴어라운드,20,5,현금창출양호,139.62,default,2,112.1,108.1
004430,송원산업,,10280,19.3,9.7,16.6,-38.6,21.4,-11.8,-30.5,6.7,-15.8,-5.9,4.1,0.49,16730,8470,0,False,False,False,199653,456898,16.6,21.3,62.1,0.44,0,False,False,False,False,-,78.8,4.4,-1.7,19.8,6.3,True,8,강세,-4,0,-1,-3,82.0,31.5,1518.25,,3.0,-121906.0,-121906.0,-121906.0,10,10,1.0,86.8,82.8,004430,00134963,0,0,0,0,,,,,,,,,,,안전,2025.0,218.4,628.1,-65.2,CFS,영업이익,dart_OperatingIncomeLoss,535.4,806.7,영업활동현금흐름,ifrs-full_CashFlowsFromUsedInOperatingActivities,ok,연간 영업이익 YoY 계산 성공,ok,OCF 추출 성공,2026 Q1,3개월,265.6,109.4,142.8,thstrm_amount,frmtrm_q_amount,CFS,fnlttSinglAcntAll,영업이익,dart_OperatingIncomeLoss,ok,3개월 기준 YoY 계산 성공,턴어라운드,20,5,현금창출양호,2.45,default,0,111.8,107.8
298020,효성티앤씨,,356000,27.0,2.9,14.1,-36.1,78.9,-11.8,-33.2,-16.3,-16.7,-19.5,16.0,0.55,557000,199000,0,False,False,False,30134,34520,68.0,111.5,149.8,0.87,0,False,False,False,False,-,78.8,92.3,-136.5,485.9,-499.3,True,8,강세,-4,0,-1,-3,82.0,31.5,1518.25,,3.0,-121906.0,-121906.0,-121906.0,10,10,1.0,86.8,82.8,298020,01316227,0,0,0,0,,,,,,,,,,,안전,2025.0,2515.0,2707.3,-7.1,CFS,영업이익,dart_OperatingIncomeLoss,4561.3,6548.9,영업활동현금흐름,ifrs-full_CashFlowsFromUsedInOperatingActivities,ok,연간 영업이익 YoY 계산 성공,ok,OCF 추출 성공,2026 Q1,3개월,862.4,773.9,11.4,thstrm_amount,frmtrm_q_amount,CFS,fnlttSinglAcntAll,영업이익,dart_OperatingIncomeLoss,ok,3개월 기준 YoY 계산 성공,턴어라운드,20,5,현금창출양호,1.81,default,0,111.8,107.8
001380,SG글로벌,,1490,37.1,23.9,8.2,-62.6,10.4,-19.4,-32.3,-52.9,-19.4,-31.6,-51.1,0.82,3989,1350,0,False,False,False,150145,190881,2.5,2.4,3.4,0.79,0,False,False,False,False,-,72.6,2.3,0.3,0.0,0.0,True,15,강세,-4,0,-1,-3,82.0,31.5,1518.25,,3.0,-121906.0,-121906.0,-121906.0,10,10,1.0,87.6,83.6,001380,00152039,0,1,0,0,,[20260310] 주식병합결정               (20260310800561),,,,https://dart.fss.or.kr/dsaf001/main.do?rcpNo=20260310800561,,,,20260310800561,주의,2025.0,49.6,61.5,-19.3,CFS,영업이익(손실),dart_OperatingIncomeLoss,89.5,93.2,영업활동현금흐름,ifrs-full_CashFlowsFromUsedInOperatingActivities,ok,연간 영업이익 YoY 계산 성공,ok,OCF 추출 성공,2026 Q1,3개월,27.1,19.2,41.2,thstrm_amount,frmtrm_q_amount,CFS,fnlttSinglAcntAll,영업이익(손실),dart_OperatingIncomeLoss,ok,3개월 기준 YoY 계산 성공,턴어라운드,20,5,현금창출양호,1.8,default,-1,111.6,107.6
011500,한농화성,,16970,25.4,15.9,9.7,-42.4,23.9,-16.0,-31.3,-36.9,-16.9,-20.4,-7.8,0.76,29450,13700,0,False,False,False,191793,224941,28.6,35.1,47.6,0.85,0,False,False,False,False,-,81.6,6.4,-0.5,4.3,-3.5,True,8,강세,-4,0,-1,-3,82.0,31.5,1518.25,,3.0,-121906.0,-121906.0,-121906.0,10,10,1.0,89.6,85.6,011500,00160861,0,0,0,0,,,,,,,,,,,안전,2025.0,35.8,60.9,-41.2,OFS,영업이익,dart_OperatingIncomeLoss,188.5,168.3,영업활동현금흐름,ifrs-full_CashFlowsFromUsedInOperatingActivities,ok,연간 영업이익 YoY 계산 성공,ok,OCF 추출 성공,2026 Q1,3개월,33.4,6.3,428.2,thstrm_amount,frmtrm_q_amount,OFS,fnlttSinglAcntAll,영업이익,dart_OperatingIncomeLoss,ok,3개월 기준 YoY 계산 성공,턴어라운드,20,5,현금창출양호,5.27,default,-3,111.6,107.6
000320,노루홀딩스,,17200,21.8,9.5,6.6,-53.7,12.8,-11.4,-23.7,-36.1,-13.2,-18.3,-27.8,0.92,37150,15250,0,False,False,False,15056,20382,3.3,2.7,4.1,0.74,0,False,False,False,False,-,84.2,-0.9,-0.9,-1.8,-3.6,True,0,강세,-4,0,-1,-3,82.0,31.5,1518.25,,3.0,-121906.0,-121906.0,-121906.0,10,10,1.0,84.2,80.2,000320,00113508,0,0,0,0,,,,,,,,,,,안전,2025.0,645.1,725.5,-11.1,CFS,영업이익(손실),dart_OperatingIncomeLoss,800.6,712.7,영업활동현금흐름,ifrs-full_CashFlowsFromUsedInOperatingActivities,ok,연간 영업이익 YoY 계산 성공,ok,OCF 추출 성공,2026 Q1,3개월,162.4,122.6,32.5,thstrm_amount,frmtrm_q_amount,CFS,fnlttSinglAcntAll,영업이익(손실),dart_OperatingIncomeLoss,ok,3개월 기준 YoY 계산 성공,턴어라운드,20,5,현금창출양호,1.24,default,2,111.2,107.2
009580,무림P&P,,1877,4.9,4.0,10.0,-57.5,1.7,-15.1,-38.4,-25.5,-21.8,-31.2,-27.4,0.82,4420,1845,0,False,False,False,408155,522596,7.9,8.2,12.9,0.78,0,False,False,False,False,-,86.0,4.2,-1.0,13.9,-1.6,True,8,강세,-4,0,-1,-3,82.0,31.5,1518.25,,3.0,-121906.0,-121906.0,-121906.0,10,10,1.0,94.0,90.0,009580,00119007,0,0,0,0,,,,,,,,,,,안전,2025.0,-244.6,364.7,-167.1,CFS,영업이익(손실),dart_OperatingIncomeLoss,-215.7,978.5,영업활동으로 인한 현금흐름,ifrs-full_CashFlowsFromUsedInOperatingActivities,ok,연간 영업이익 YoY 계산 성공,ok,OCF 추출 성공,2026 Q1,3개월,-58.3,-89.4,34.8,thstrm_amount,frmtrm_q_amount,CFS,fnlttSinglAcntAll,영업이익(손실),dart_OperatingIncomeLoss,ok,3개월 기준 YoY 계산 성공,턴어라운드,20,-5,이중적자,,default,2,111.0,107.0
006740,블루산업개발,,5740,0.0,16.0,-22.9,-58.0,9.8,-15.8,-20.7,-18.5,-14.3,-15.1,-38.3,2.81,13663,5230,5,True,False,False,32142,9976,1.5,2.0,0.6,3.22,0,False,False,False,False,-,92.9,-0.4,0.0,-0.4,0.0,True,0,강세,-4,0,-1,-3,82.0,31.5,1518.25,,3.0,-121906.0,-121906.0,-121906.0,10,10,1.0,97.9,93.9,006740,00141404,0,44,1,0,,[20260520] [기재정정]주요사항보고서(전환사채권발행결정) (20260519000318) || [20260518] 유상증자또는주식관련사채등의발행결과(자율공시)               (20260518800944) || [20260518] 주요사항보고서(전환사채매수선택권행사자지정) (20260518000407),[20260225] 매매거래정지및정지해제(중요내용공시)               (20260225801509),,,https://dart.fss.or.kr/dsaf001/main.do?rcpNo=20260519000318 || https://dart.fss.or.kr/dsaf001/main.do?rcpNo=20260518800944 || https://dart.fss.or.kr/dsaf001/main.do?rcpNo=20260518000407,https://dart.fss.or.kr/dsaf001/main.do?rcpNo=20260225801509,,,20260519000318 || 20260518800944 || 20260518000407,주의,2025.0,-158.1,-138.6,-14.0,CFS,영업이익,dart_OperatingIncomeLoss,-63.0,-146.1,영업활동현금흐름,ifrs-full_CashFlowsFromUsedInOperatingActivities,ok,연간 영업이익 YoY 계산 성공,ok,OCF 추출 성공,2026 Q1,3개월,-5.0,-37.3,86.7,thstrm_amount,frmtrm_q_amount,CFS,fnlttSinglAcntAll,영업이익(손실),dart_OperatingIncomeLoss,ok,3개월 기준 YoY 계산 성공,턴어라운드,20,-5,이중적자,,default,-2,110.9,106.9
004310,현대약품,,6340,24.2,12.3,-0.2,-60.3,91.5,-13.2,-28.8,-46.8,-15.3,-23.1,-9.7,1.03,15960,3310,0,False,False,False,390691,439980,28.8,26.2,33.6,0.89,4,False,False,False,True,거래량동반양봉,89.0,29.4,0.6,23.5,1.0,True,15,강세,-4,0,-1,-3,82.0,31.5,1518.25,,3.0,-121906.0,-121906.0,-121906.0,10,10,1.0,108.0,104.0,004310,00164706,0,0,0,0,,,,,,,,,,,안전,2025.0,41.6,1.8,2200.3,OFS,영업이익(손실),dart_OperatingIncomeLoss,-1.2,-23.7,영업활동현금흐름,ifrs-full_CashFlowsFromUsedInOperatingActivities,ok,연간 영업이익 YoY 계산 성공,ok,OCF 추출 성공,2026 Q1,3개월,25.2,-4.1,708.0,thstrm_amount,frmtrm_q_amount,OFS,fnlttSinglAcntAll,영업이익(손실),dart_OperatingIncomeLoss,ok,3개월 기준 YoY 계산 성공,성장지속,10,-10,밸류트랩의심,-0.03,default,2,110.0,106.0
004960,한신공영,,10680,18.8,10.4,7.9,-45.3,46.7,-14.1,-27.6,-24.8,-20.9,-27.4,-2.2,1.0,19510,7280,0,False,False,False,113677,129559,13.8,13.0,18.3,0.88,0,False,False,False,False,-,83.7,10.8,4.0,1.0,38.8,True,15,강세,-4,0,-1,-3,82.0,31.5,1518.25,,3.0,-121906.0,-121906.0,-121906.0,10,10,1.0,98.7,94.7,004960,00162063,0,0,0,0,,,,,,,,,,,안전,2025.0,645.2,372.5,73.2,CFS,영업이익,dart_OperatingIncomeLoss,223.9,1345.6,영업활동현금흐름,ifrs-full_CashFlowsFromUsedInOperatingActivities,ok,연간 영업이익 YoY 계산 성공,ok,OCF 추출 성공,2026 Q1,3개월,193.4,164.6,17.5,thstrm_amount,frmtrm_q_amount,CFS,fnlttSinglAcntAll,영업이익,dart_OperatingIncomeLoss,ok,3개월 기준 YoY 계산 성공,성장지속,10,2,현금창출보통,0.35,default,-1,109.7,105.7
100220,비상교육,,5570,27.3,27.6,21.9,-29.7,20.4,-4.9,-20.9,1.8,-11.5,-10.8,-0.2,1.28,7920,4625,10,False,True,True,87939,100592,7.3,4.9,6.4,0.87,7,False,True,False,True,5일선회복/거래량동반양봉,65.6,-0.2,0.1,3.7,0.7,True,8,강세,-4,0,-1,-3,82.0,31.5,1518.25,,3.0,-121906.0,-121906.0,-121906.0,10,10,1.0,90.6,86.6,100220,00520887,0,0,0,0,,,,,,,,,,,안전,2025.0,216.2,102.2,111.5,CFS,영업이익(손실),dart_OperatingIncomeLoss,254.6,221.8,영업활동현금흐름,ifrs-full_CashFlowsFromUsedInOperatingActivities,ok,연간 영업이익 YoY 계산 성공,ok,OCF 추출 성공,2026 Q1,3개월,350.4,191.1,83.4,thstrm_amount,frmtrm_q_amount,CFS,fnlttSinglAcntAll,영업이익(손실),dart_OperatingIncomeLoss,ok,3개월 기준 YoY 계산 성공,성장지속,10,5,현금창출양호,1.18,default,4,109.6,105.6
004440,삼일씨엔에스,,4945,5.5,7.5,8.9,-55.3,23.9,-15.9,-41.0,-13.7,-21.0,-33.7,-13.2,0.45,11070,3990,0,False,False,False,86397,72312,1.6,4.6,4.7,1.19,0,False,False,False,False,-,86.4,3.6,0.0,1.8,-0.1,True,8,강세,-4,0,-1,-3,82.0,31.5,1518.25,,3.0,-121906.0,-121906.0,-121906.0,10,10,1.0,94.4,90.4,004440,00109806,0,0,0,0,,,,,,,,,,,안전,2025.0,50.0,-16.7,398.3,OFS,영업이익(손실),dart_OperatingIncomeLoss,140.8,-56.8,영업활동현금흐름,ifrs-full_CashFlowsFromUsedInOperatingActivities,ok,연간 영업이익 YoY 계산 성공,ok,OCF 추출 성공,2026 Q1,3개월,13.1,-12.9,200.9,thstrm_amount,frmtrm_q_amount,OFS,fnlttSinglAcntAll,영업이익(손실),dart_OperatingIncomeLoss,ok,3개월 기준 YoY 계산 성공,성장지속,10,5,현금창출양호,2.82,default,0,109.4,105.4
009460,한창제지,,1828,7.2,3.0,6.6,-53.9,1.6,-15.6,-32.8,-30.8,-23.8,-30.2,-33.9,0.89,3965,1800,0,False,False,False,40510,31752,0.5,0.8,0.7,1.28,0,False,False,False,False,-,87.4,-0.2,0.0,-1.3,-0.9,True,0,강세,-4,0,-1,-3,82.0,31.5,1518.25,,3.0,-121906.0,-121906.0,-121906.0,10,10,1.0,87.4,83.4,009460,00163761,0,3,0,0,,[20260224] 주식병합결정               (20260224800300) || [20250813] 유상증자또는주식관련사채등의발행결과(자율공시)               (20250813800352) || [20250805] 주요사항보고서(전환사채권발행결정) (20250805000155),,,,https://dart.fss.or.kr/dsaf001/main.do?rcpNo=20260224800300 || https://dart.fss.or.kr/dsaf001/main.do?rcpNo=20250813800352 || https://dart.fss.or.kr/dsaf001/main.do?rcpNo=20250805000155,,,,20260224800300 || 20250813800352 || 20250805000155,주의,2025.0,-51.9,11.4,-554.6,OFS,영업이익(손실),dart_OperatingIncomeLoss,54.1,33.6,영업활동으로 인한 현금흐름,ifrs-full_CashFlowsFromUsedInOperatingActivities,ok,연간 영업이익 YoY 계산 성공,ok,OCF 추출 성공,2026 Q1,3개월,16.9,-17.4,196.8,thstrm_amount,frmtrm_q_amount,OFS,fnlttSinglAcntAll,영업이익(손실),dart_OperatingIncomeLoss,ok,3개월 기준 YoY 계산 성공,턴어라운드,20,0,회계손실현금유입,,default,2,109.4,105.4
214390,경보제약,,5510,26.1,24.0,-0.4,-40.8,15.9,-10.0,-19.0,-6.5,-10.1,-19.0,-8.4,0.97,9300,4755,0,False,False,False,83716,96275,5.1,4.8,6.0,0.87,0,False,False,False,False,-,77.3,2.6,-0.3,8.8,0.6,True,8,강세,-4,0,-1,-3,82.0,31.5,1518.25,,3.0,-121906.0,-121906.0,-121906.0,10,10,1.0,85.3,81.3,214390,00101664,0,0,1,0,,,[20250612] 매매거래정지및정지해제(중요내용공시)               (20250612800436),,,,https://dart.fss.or.kr/dsaf001/main.do?rcpNo=20250612800436,,,,안전,2025.0,35.2,104.5,-66.3,OFS,영업이익(손실),dart_OperatingIncomeLoss,74.6,1.5,영업활동으로 인한 현금흐름,ifrs-full_CashFlowsFromUsedInOperatingActivities,ok,연간 영업이익 YoY 계산 성공,ok,OCF 추출 성공,2026 Q1,3개월,7.1,1.2,488.0,thstrm_amount,frmtrm_q_amount,OFS,fnlttSinglAcntAll,영업이익(손실),dart_OperatingIncomeLoss,ok,3개월 기준 YoY 계산 성공,턴어라운드,20,5,현금창출양호,2.12,default,-1,109.3,105.3
005870,휴니드,,5880,3.7,5.3,9.6,-50.4,2.4,-14.4,-38.7,-27.9,-21.1,-30.2,-29.0,0.43,11850,5740,0,False,False,False,161175,236748,6.1,10.1,18.4,0.68,0,False,False,False,False,-,86.2,3.2,0.0,-5.0,0.0,True,8,강세,-4,0,-1,-3,82.0,31.5,1518.25,,3.0,-121906.0,-121906.0,-121906.0,10,10,1.0,94.2,90.2,005870,00111421,0,1,0,0,,[20251209] 유상증자또는주식관련사채등의발행결과(자율공시)               (20251209800627),,,,https://dart.fss.or.kr/dsaf001/main.do?rcpNo=20251209800627,,,,20251209800627,주의,2025.0,-5.3,45.4,-111.8,OFS,영업외손익,dart_NonOperatingProfitLoss,-364.2,-344.5,영업활동으로 인한 현금흐름,ifrs-full_CashFlowsFromUsedInOperatingActivities,ok,연간 영업이익 YoY 계산 성공,ok,OCF 추출 성공,2026 Q1,3개월,1.4,-6.2,122.5,thstrm_amount,frmtrm_q_amount,OFS,fnlttSinglAcntAll,영업외손익,dart_NonOperatingProfitLoss,ok,3개월 기준 YoY 계산 성공,턴어라운드,20,-5,이중적자,,default,0,109.2,105.2
118000,메타케어,,1331,2.0,7.5,4.3,-67.8,4.8,-18.6,-36.0,-60.5,-27.4,-36.4,-53.1,1.99,4130,1270,5,True,False,False,91672,48124,1.3,1.3,0.8,1.9,0,False,False,False,False,-,93.2,1.0,0.0,0.6,-0.6,True,8,강세,-4,0,-1,-3,82.0,31.5,1518.25,,3.0,-121906.0,-121906.0,-121906.0,10,10,1.0,106.2,102.2,118000,00791209,0,8,1,0,,[20260310] [기재정정]주요사항보고서(감자결정) (20260310002666) || [20260306] 주요사항보고서(감자결정) (20260306000577) || [20250925] 유상증자또는주식관련사채등의발행결과(자율공시)               (20250925800509),[20260306] 매매거래정지및정지해제(중요내용공시)               (20260306800954),,,https://dart.fss.or.kr/dsaf001/main.do?rcpNo=20260310002666 || https://dart.fss.or.kr/dsaf001/main.do?rcpNo=20260306000577 || https://dart.fss.or.kr/dsaf001/main.do?rcpNo=20250925800509,https://dart.fss.or.kr/dsaf001/main.do?rcpNo=20260306800954,,,20260310002666 || 20260306000577 || 20250925800509,주의,2025.0,13.2,15.0,-12.0,CFS,영업이익(손실),dart_OperatingIncomeLoss,24.2,44.8,영업활동현금흐름,ifrs-full_CashFlowsFromUsedInOperatingActivities,ok,연간 영업이익 YoY 계산 성공,ok,OCF 추출 성공,2026 Q1,3개월,5.8,5.3,8.1,thstrm_amount,frmtrm_q_amount,CFS,fnlttSinglAcntAll,영업이익(손실),dart_OperatingIncomeLoss,ok,3개월 기준 YoY 계산 성공,관망,0,5,현금창출양호,1.83,default,-2,109.2,105.2
003960,사조대림,,26600,32.2,7.2,0.1,-42.6,1.5,-9.7,-19.4,-28.3,-10.5,-15.4,-27.0,0.34,46350,26200,0,False,False,False,10373,11554,1.1,2.9,3.5,0.9,0,False,False,False,False,-,78.4,-0.5,0.2,-8.0,-0.2,True,8,강세,-4,0,-1,-3,82.0,31.5,1518.25,,3.0,-121906.0,-121906.0,-121906.0,10,10,1.0,86.4,82.4,003960,00109718,0,0,0,0,,,,,,,,,,,안전,2025.0,946.8,1330.2,-28.8,CFS,영업이익(손실),dart_OperatingIncomeLoss,627.1,1530.3,영업활동현금흐름,ifrs-full_CashFlowsFromUsedInOperatingActivities,ok,연간 영업이익 YoY 계산 성공,ok,OCF 추출 성공,2026 Q1,3개월,237.7,152.5,55.9,thstrm_amount,frmtrm_q_amount,CFS,fnlttSinglAcntAll,영업이익(손실),dart_OperatingIncomeLoss,ok,3개월 기준 YoY 계산 성공,턴어라운드,20,2,현금창출보통,0.66,default,0,108.4,104.4
047040,대우건설,,22800,34.3,9.2,-0.3,-43.5,586.7,-22.6,-38.2,124.9,-21.0,-12.6,125.3,0.83,40350,3320,0,False,False,False,11613306,13264045,2517.0,2925.8,3930.2,0.88,0,False,False,False,False,-,81.0,1265.7,-417.2,430.0,-590.6,True,8,강세,-4,0,-1,-3,82.0,31.5,1518.25,,3.0,-121906.0,-121906.0,-121906.0,10,10,1.0,89.0,85.0,047040,00124540,0,0,1,0,,,[20251216] 매매거래정지및정지해제(중요내용공시)               (20251216801928),,,,https://dart.fss.or.kr/dsaf001/main.do?rcpNo=20251216801928,,,,안전,2025.0,-8154.3,4031.3,-302.3,CFS,영업이익(손실),dart_OperatingIncomeLoss,4629.1,-12835.2,영업활동으로 인한 현금흐름,ifrs-full_CashFlowsFromUsedInOperatingActivities,ok,연간 영업이익 YoY 계산 성공,ok,OCF 추출 성공,2026 Q1,3개월,2556.3,1513.3,68.9,thstrm_amount,frmtrm_q_amount,CFS,fnlttSinglAcntAll,영업이익,dart_OperatingIncomeLoss,ok,3개월 기준 YoY 계산 성공,턴어라운드,20,0,회계손실현금유입,,default,-1,108.0,104.0
004410,서울식품,,1059,11.7,10.6,5.5,-62.6,6.6,-12.6,-33.0,-55.9,-25.8,-34.1,-33.9,0.45,2830,993,10,True,True,False,3935508,1156511,5.8,46.5,14.0,3.4,0,False,False,False,False,-,87.6,-0.3,-0.0,-3.3,-1.7,True,0,강세,-4,0,-1,-3,82.0,31.5,1518.25,,3.0,-121906.0,-121906.0,-121906.0,10,10,1.0,97.6,93.6,004410,00130879,0,5,0,0,,[20260320] [기재정정]주식병합결정               (20260320800114) || [20260312] 주식병합결정               (20260312800073) || [20260130] 유상증자또는주식관련사채등의발행결과(자율공시)               (20260130801408),,,,https://dart.fss.or.kr/dsaf001/main.do?rcpNo=20260320800114 || https://dart.fss.or.kr/dsaf001/main.do?rcpNo=20260312800073 || https://dart.fss.or.kr/dsaf001/main.do?rcpNo=20260130801408,,,,20260320800114 || 20260312800073 || 20260130801408,주의,2025.0,-4.6,-22.3,79.4,OFS,영업이익(손실),dart_OperatingIncomeLoss,9.2,25.9,영업활동현금흐름,ifrs-full_CashFlowsFromUsedInOperatingActivities,ok,연간 영업이익 YoY 계산 성공,ok,OCF 추출 성공,2026 Q1,3개월,-1.2,-4.8,74.4,thstrm_amount,frmtrm_q_amount,OFS,fnlttSinglAcntAll,영업이익(손실),dart_OperatingIncomeLoss,ok,3개월 기준 YoY 계산 성공,성장지속,10,0,회계손실현금유입,,default,0,107.6,103.6
051600,한전KPS,,49950,22.7,5.1,10.4,-27.6,22.6,-7.5,-21.2,-19.4,-9.5,-14.0,-8.2,1.0,69000,40750,0,False,False,False,179625,198397,98.8,91.8,111.1,0.91,0,False,False,False,False,-,72.5,26.3,-81.6,-159.4,-344.1,True,8,강세,-4,0,-1,-3,82.0,31.5,1518.25,,3.0,-121906.0,-121906.0,-121906.0,10,10,1.0,80.5,76.5,051600,00159218,0,0,0,0,,,,,,,,,,,안전,2025.0,1401.0,2095.0,-33.1,CFS,영업이익(손실),dart_OperatingIncomeLoss,1357.3,5404.7,영업활동현금흐름,ifrs-full_CashFlowsFromUsedInOperatingActivities,ok,연간 영업이익 YoY 계산 성공,ok,OCF 추출 성공,2026 Q1,3개월,370.2,78.0,374.6,thstrm_amount,frmtrm_q_amount,CFS,fnlttSinglAcntAll,영업이익(손실),dart_OperatingIncomeLoss,ok,3개월 기준 YoY 계산 성공,턴어라운드,20,5,현금창출양호,0.97,default,2,107.5,103.5
134380,미원화학,,10150,3.9,2.4,12.5,-34.1,31.8,-7.6,-20.4,-7.4,-13.4,-15.5,1.9,3.64,15400,7700,5,False,True,False,20510,17218,6.5,2.1,2.0,1.19,4,False,False,False,True,거래량동반양봉,83.8,0.1,-0.0,0.1,-0.2,True,8,강세,-4,0,-1,-3,82.0,31.5,1518.25,,3.0,-121906.0,-121906.0,-121906.0,10,10,1.0,100.8,96.8,134380,00855163,0,0,0,0,,,,,,,,,,,안전,2025.0,291.5,286.3,1.8,OFS,영업이익,dart_OperatingIncomeLoss,206.8,381.9,영업활동현금흐름,ifrs-full_CashFlowsFromUsedInOperatingActivities,ok,연간 영업이익 YoY 계산 성공,ok,OCF 추출 성공,2026 Q1,3개월,90.0,69.8,29.0,thstrm_amount,frmtrm_q_amount,OFS,fnlttSinglAcntAll,영업이익,dart_OperatingIncomeLoss,ok,3개월 기준 YoY 계산 성공,관망,0,5,현금창출양호,0.71,default,1,106.8,102.8
014130,한익스프레스,,2390,27.7,33.0,18.9,-36.9,6.7,-2.2,-14.2,-19.5,-5.8,-9.4,-20.2,2.51,3790,2240,10,False,True,True,36353,29587,1.8,0.9,0.8,1.23,7,False,True,False,True,5일선회복/거래량동반양봉,71.8,-0.2,-0.0,-0.4,-0.0,True,0,강세,-4,0,-1,-3,82.0,31.5,1518.25,,3.0,-121906.0,-121906.0,-121906.0,10,10,1.0,88.8,84.8,014130,00129509,0,0,0,0,,,,,,,,,,,안전,2025.0,-36.2,33.7,-207.4,CFS,영업이익(손실),dart_OperatingIncomeLoss,-33.8,161.6,영업활동현금흐름,ifrs-full_CashFlowsFromUsedInOperatingActivities,ok,연간 영업이익 YoY 계산 성공,ok,OCF 추출 성공,2026 Q1,3개월,-21.8,-25.7,15.3,thstrm_amount,frmtrm_q_amount,CFS,fnlttSinglAcntAll,영업이익(손실),dart_OperatingIncomeLoss,ok,3개월 기준 YoY 계산 성공,턴어라운드,20,-5,이중적자,,default,3,106.8,102.8
000680,LS네트웍스,,3135,35.6,6.9,-2.0,-36.9,10.0,-19.9,-32.3,-8.7,-16.7,-11.8,-11.7,0.59,4965,2850,0,False,False,False,454180,835331,14.9,15.4,32.4,0.54,0,False,False,False,False,-,76.4,4.8,-0.2,11.3,-1.0,True,8,강세,-4,0,-1,-3,82.0,31.5,1518.25,,3.0,-121906.0,-121906.0,-121906.0,10,10,1.0,84.4,80.4,000680,00104698,0,0,0,0,,,,,,,,,,,안전,2025.0,222.9,301.9,-26.2,CFS,영업이익(손실),dart_OperatingIncomeLoss,545.5,-7771.8,영업활동현금흐름,ifrs-full_CashFlowsFromUsedInOperatingActivities,ok,연간 영업이익 YoY 계산 성공,ok,OCF 추출 성공,2026 Q1,3개월,432.7,193.1,124.0,thstrm_amount,frmtrm_q_amount,CFS,fnlttSinglAcntAll,영업이익(손실),dart_OperatingIncomeLoss,ok,3개월 기준 YoY 계산 성공,턴어라운드,20,5,현금창출양호,2.45,default,-3,106.4,102.4
317400,자이에스앤디,,3645,26.8,12.8,13.8,-29.2,19.5,-7.1,-28.9,-19.9,-11.5,-16.0,-8.5,1.09,5150,3050,0,False,False,False,166804,194134,7.4,6.2,8.2,0.86,4,False,False,False,True,거래량동반양봉,75.4,-3.2,1.6,-12.6,15.2,True,8,강세,-4,0,-1,-3,82.0,31.5,1518.25,,3.0,-121906.0,-121906.0,-121906.0,10,10,1.0,87.4,83.4,317400,00367844,0,0,0,0,,,,,,,,,,,안전,2025.0,125.1,23.8,426.3,CFS,영업이익(손실),dart_OperatingIncomeLoss,633.3,-890.4,영업활동현금흐름,ifrs-full_CashFlowsFromUsedInOperatingActivities,ok,연간 영업이익 YoY 계산 성공,ok,OCF 추출 성공,2026 Q1,3개월,113.4,-106.0,207.0,thstrm_amount,frmtrm_q_amount,CFS,fnlttSinglAcntAll,영업이익(손실),dart_OperatingIncomeLoss,ok,3개월 기준 YoY 계산 성공,성장지속,10,5,현금창출양호,5.06,default,4,106.4,102.4
008970,KBI동양철관,,1364,25.6,10.0,9.2,-66.2,2.8,-15.8,-30.8,-19.8,-14.8,-22.4,-33.6,0.7,4041,1327,0,False,False,False,1032765,1507295,13.7,14.8,25.3,0.69,0,False,False,False,False,-,86.3,9.7,0.0,2.9,-0.1,True,8,강세,-4,0,-1,-3,82.0,31.5,1518.25,,3.0,-121906.0,-121906.0,-121906.0,10,10,1.0,94.3,90.3,008970,00117629,0,10,0,0,,[20251211] 유상증자또는주식관련사채등의발행결과(자율공시)               (20251211800162) || [20251210] 유상증자또는주식관련사채등의청약결과(자율공시)               (20251210800140) || [20251205] 유상증자또는주식관련사채등의청약결과(자율공시)               (20251205800078),,,,https://dart.fss.or.kr/dsaf001/main.do?rcpNo=20251211800162 || https://dart.fss.or.kr/dsaf001/main.do?rcpNo=20251210800140 || https://dart.fss.or.kr/dsaf001/main.do?rcpNo=20251205800078,,,,20251211800162 || 20251210800140 || 20251205800078,주의,2025.0,-16.2,66.8,-124.3,CFS,영업이익(손실),dart_OperatingIncomeLoss,-315.9,329.1,영업활동현금흐름,ifrs-full_CashFlowsFromUsedInOperatingActivities,ok,연간 영업이익 YoY 계산 성공,ok,OCF 추출 성공,2026 Q1,3개월,41.9,-0.3,14370.2,thstrm_amount,frmtrm_q_amount,CFS,fnlttSinglAcntAll,영업이익(손실),dart_OperatingIncomeLoss,ok,3개월 기준 YoY 계산 성공,턴어라운드,20,-5,이중적자,,default,-3,106.3,102.3
082740,한화엔진,,58400,29.0,9.0,2.6,-38.1,136.9,-25.5,-33.4,8.1,-20.9,-6.8,15.3,0.85,94400,24650,0,False,False,False,1159623,1080873,537.9,764.5,811.2,1.07,0,False,False,False,False,-,84.2,247.4,-633.0,277.0,-847.7,True,8,강세,-4,0,-1,-3,82.0,31.5,1518.25,,3.0,-121906.0,-121906.0,-121906.0,10,10,1.0,92.2,88.2,082740,00361008,0,1,0,0,,[20251219] 유상증자결정(종속회사의주요경영사항)               (20251219800471),,,,https://dart.fss.or.kr/dsaf001/main.do?rcpNo=20251219800471,,,,20251219800471,주의,2025.0,1300.7,715.3,81.8,CFS,영업이익,dart_OperatingIncomeLoss,3303.2,903.8,영업활동현금흐름,ifrs-full_CashFlowsFromUsedInOperatingActivities,ok,연간 영업이익 YoY 계산 성공,ok,OCF 추출 성공,2026 Q1,3개월,513.8,223.1,130.3,thstrm_amount,frmtrm_q_amount,CFS,fnlttSinglAcntAll,영업이익,dart_OperatingIncomeLoss,ok,3개월 기준 YoY 계산 성공,성장지속,10,5,현금창출양호,2.54,default,-1,106.2,102.2
267270,HD건설기계,,147800,25.6,24.4,15.6,-32.0,119.3,-10.2,-24.6,5.0,-12.0,-8.7,23.4,1.15,217500,67400,0,False,False,False,460976,377092,626.8,701.1,635.8,1.22,0,False,False,False,False,-,71.0,741.2,-886.0,1111.1,-1959.0,True,8,강세,-4,0,-1,-3,82.0,31.5,1518.25,,3.0,-121906.0,-121906.0,-121906.0,10,10,1.0,79.0,75.0,267270,01205842,0,2,1,0,,[20260319] [첨부정정]주요사항보고서(감자결정) (20260319000350) || [20260224] 주요사항보고서(감자결정) (20260224002613),[20250701] 매매거래정지및정지해제(중요내용공시)               (20250701800423),,,https://dart.fss.or.kr/dsaf001/main.do?rcpNo=20260319000350 || https://dart.fss.or.kr/dsaf001/main.do?rcpNo=20260224002613,https://dart.fss.or.kr/dsaf001/main.do?rcpNo=20250701800423,,,20260319000350 || 20260224002613,주의,2025.0,1708.8,1904.2,-10.3,CFS,영업이익(손실),dart_OperatingIncomeLoss,1660.4,2606.1,영업활동현금흐름,ifrs-full_CashFlowsFromUsedInOperatingActivities,ok,연간 영업이익 YoY 계산 성공,ok,OCF 추출 성공,2026 Q1,3개월,1907.0,416.5,357.9,thstrm_amount,frmtrm_q_amount,CFS,fnlttSinglAcntAll,영업이익(손실),dart_OperatingIncomeLoss,ok,3개월 기준 YoY 계산 성공,턴어라운드,20,5,현금창출양호,0.97,default,2,106.0,102.0
012800,대창,,1347,29.9,5.4,-0.0,-35.7,14.4,-19.8,-18.4,-11.0,-16.4,-10.5,-1.8,0.19,2095,1177,0,False,False,False,1575823,5510410,14.1,23.2,94.4,0.29,0,False,False,False,False,-,78.5,1.6,0.2,4.1,-18.3,True,15,강세,-4,0,-1,-3,82.0,31.5,1518.25,,3.0,-121906.0,-121906.0,-121906.0,10,10,1.0,93.5,89.5,012800,00112651,0,1,0,0,,[20251201] 유상증자또는주식관련사채등의발행결과(자율공시)               (20251201800920),,,,https://dart.fss.or.kr/dsaf001/main.do?rcpNo=20251201800920,,,,20251201800920,주의,2025.0,-509.0,-249.1,-104.3,CFS,영업외손익,dart_NonOperatingProfitLoss,-168.9,365.3,영업활동현금흐름,ifrs-full_CashFlowsFromUsedInOperatingActivities,ok,연간 영업이익 YoY 계산 성공,ok,OCF 추출 성공,2026 Q1,3개월,-38.4,-99.6,61.4,thstrm_amount,frmtrm_q_amount,CFS,fnlttSinglAcntAll,영업외손익,dart_NonOperatingProfitLoss,ok,3개월 기준 YoY 계산 성공,턴어라운드,20,-5,이중적자,,default,-3,105.5,101.5
004980,성신양회,,8620,20.9,1.0,14.5,-43.7,4.2,-7.6,-27.3,-12.5,-12.9,-15.8,-13.9,0.62,15310,8270,0,False,False,False,161290,225648,12.2,14.5,23.2,0.71,0,False,False,False,False,-,80.3,-9.3,-0.8,3.3,-0.3,True,0,강세,-4,0,-1,-3,82.0,31.5,1518.25,,3.0,-121906.0,-121906.0,-121906.0,10,10,1.0,80.3,76.3,004980,00132804,0,0,0,0,,,,,,,,,,,안전,2025.0,436.6,532.4,-18.0,CFS,영업이익,dart_OperatingIncomeLoss,1310.0,417.2,영업활동현금흐름,ifrs-full_CashFlowsFromUsedInOperatingActivities,ok,연간 영업이익 YoY 계산 성공,ok,OCF 추출 성공,2026 Q1,3개월,7.9,-62.6,112.7,thstrm_amount,frmtrm_q_amount,CFS,fnlttSinglAcntAll,영업이익,dart_OperatingIncomeLoss,ok,3개월 기준 YoY 계산 성공,턴어라운드,20,5,현금창출양호,3.0,default,0,105.3,101.3
001360,삼성제약,,1442,13.9,9.7,7.3,-37.8,7.8,-11.0,-31.3,-27.6,-14.6,-20.3,-14.4,0.75,2320,1338,0,False,False,False,944063,1149035,12.2,14.4,20.1,0.82,0,False,False,False,False,-,82.2,1.3,-0.0,-40.0,0.6,True,8,강세,-4,0,-1,-3,82.0,31.5,1518.25,,3.0,-121906.0,-121906.0,-121906.0,10,10,1.0,90.2,86.2,001360,00126414,0,4,0,0,,[20260116] 주요사항보고서(전환사채매수선택권행사자지정) (20260116000431) || [20250821] 유상증자또는주식관련사채등의발행결과(자율공시)               (20250821800471) || [20250820] [기재정정]주요사항보고서(전환사채권발행결정) (20250820000220),,,,https://dart.fss.or.kr/dsaf001/main.do?rcpNo=20260116000431 || https://dart.fss.or.kr/dsaf001/main.do?rcpNo=20250821800471 || https://dart.fss.or.kr/dsaf001/main.do?rcpNo=20250820000220,,,,20260116000431 || 20250821800471 || 20250820000220,주의,2025.0,-180.7,-148.3,-21.8,OFS,영업이익(손실),dart_OperatingIncomeLoss,-100.5,-173.0,영업활동현금흐름,ifrs-full_CashFlowsFromUsedInOperatingActivities,ok,연간 영업이익 YoY 계산 성공,ok,OCF 추출 성공,2026 Q1,3개월,-18.9,-45.0,57.9,thstrm_amount,frmtrm_q_amount,OFS,fnlttSinglAcntAll,영업이익(손실),dart_OperatingIncomeLoss,ok,3개월 기준 YoY 계산 성공,턴어라운드,20,-5,이중적자,,default,0,105.2,101.2
000860,강남제비스코,,12680,23.6,15.1,-1.3,-32.8,14.1,-12.8,-26.7,-28.6,-13.8,-15.0,-9.0,0.66,18880,11110,0,False,False,False,28883,26990,2.3,3.9,4.0,1.07,0,False,False,False,False,-,80.2,-3.1,-1.0,-8.6,-2.3,True,0,강세,-4,0,-1,-3,82.0,31.5,1518.25,,3.0,-121906.0,-121906.0,-121906.0,10,10,1.0,80.2,76.2,000860,00100939,0,2,0,0,,[20251229] 최대주주변경               (20251229800695) || [20251229] 최대주주등소유주식변동신고서(최대주주변경시)               (20251229800732),,,,https://dart.fss.or.kr/dsaf001/main.do?rcpNo=20251229800695 || https://dart.fss.or.kr/dsaf001/main.do?rcpNo=20251229800732,,,,20251229800695 || 20251229800732,주의,2025.0,82.9,205.3,-59.6,CFS,영업이익,dart_OperatingIncomeLoss,386.3,471.7,영업활동현금흐름,ifrs-full_CashFlowsFromUsedInOperatingActivities,ok,연간 영업이익 YoY 계산 성공,ok,OCF 추출 성공,2026 Q1,3개월,8.6,7.0,23.3,thstrm_amount,frmtrm_q_amount,CFS,fnlttSinglAcntAll,영업이익(손실),dart_OperatingIncomeLoss,ok,3개월 기준 YoY 계산 성공,턴어라운드,20,5,현금창출양호,4.66,default,0,105.2,101.2
268280,미원에스씨,,100000,25.2,23.5,19.4,-41.2,4.6,-2.0,-17.6,-23.8,-8.1,-14.7,-24.7,1.18,170000,95600,5,False,True,False,2204,2554,3.0,2.2,2.8,0.86,3,False,True,False,False,5일선회복,70.0,0.3,-1.1,-3.1,-3.8,True,8,강세,-4,0,-1,-3,82.0,31.5,1518.25,,3.0,-121906.0,-121906.0,-121906.0,10,10,1.0,86.0,82.0,268280,01234297,0,0,0,0,,,,,,,,,,,안전,2025.0,654.8,587.7,11.4,CFS,영업이익(손실),dart_OperatingIncomeLoss,765.2,539.6,영업활동현금흐름,ifrs-full_CashFlowsFromUsedInOperatingActivities,ok,연간 영업이익 YoY 계산 성공,ok,OCF 추출 성공,2026 Q1,3개월,192.8,179.9,7.2,thstrm_amount,frmtrm_q_amount,CFS,fnlttSinglAcntAll,영업이익(손실),dart_OperatingIncomeLoss,ok,3개월 기준 YoY 계산 성공,성장지속,10,5,현금창출양호,1.17,default,4,105.0,101.0
036580,팜스코,,2625,30.4,17.6,24.2,-46.0,17.7,-4.0,-25.2,-30.1,-12.0,-18.5,-9.5,2.03,4865,2230,10,True,True,False,233882,166916,9.0,6.1,4.9,1.4,3,False,True,False,False,5일선회복,79.0,-1.3,0.6,-4.8,0.1,True,8,강세,-4,0,-1,-3,82.0,31.5,1518.25,,3.0,-121906.0,-121906.0,-121906.0,10,10,1.0,100.0,96.0,036580,00260408,0,0,0,0,,,,,,,,,,,안전,2025.0,802.1,539.4,48.7,CFS,영업이익(손실),dart_OperatingIncomeLoss,531.1,232.0,영업활동현금흐름,ifrs-full_CashFlowsFromUsedInOperatingActivities,ok,연간 영업이익 YoY 계산 성공,ok,OCF 추출 성공,2026 Q1,3개월,196.6,200.3,-1.8,thstrm_amount,frmtrm_q_amount,CFS,fnlttSinglAcntAll,영업이익(손실),dart_OperatingIncomeLoss,ok,3개월 기준 YoY 계산 성공,관망,0,2,현금창출보통,0.66,default,3,105.0,101.0
000760,이화산업,,13250,16.8,14.3,-3.5,-47.5,22.3,-11.2,-16.6,-22.1,-11.4,-13.5,-7.4,1.14,25250,10830,0,False,False,False,2386,2241,0.4,0.3,0.3,1.06,4,False,False,False,True,거래량동반양봉,81.9,-0.0,0.0,-0.2,-0.0,True,0,강세,-4,0,-1,-3,82.0,31.5,1518.25,,3.0,-121906.0,-121906.0,-121906.0,10,10,1.0,85.9,81.9,000760,00145686,0,0,0,0,,,,,,,,,,,안전,2025.0,-1.6,7.7,-121.2,CFS,영업이익(손실),dart_OperatingIncomeLoss,35.5,9.0,영업활동현금흐름,ifrs-full_CashFlowsFromUsedInOperatingActivities,ok,연간 영업이익 YoY 계산 성공,ok,OCF 추출 성공,2026 Q1,3개월,7.9,6.2,26.0,thstrm_amount,frmtrm_q_amount,CFS,fnlttSinglAcntAll,영업이익(손실),dart_OperatingIncomeLoss,ok,3개월 기준 YoY 계산 성공,턴어라운드,20,0,회계손실현금유입,,default,-1,104.9,100.9
012450,한화에어로스페이스,,1070000,24.8,8.7,-4.5,-35.3,40.8,-14.5,-24.6,-10.5,-15.3,-21.1,-5.1,1.29,1655000,760000,0,False,False,False,289285,247042,3411.6,3348.7,3141.9,1.17,0,False,False,False,False,-,82.9,1222.7,-1467.0,442.6,-2980.4,True,8,강세,-4,0,-1,-3,82.0,31.5,1518.25,,3.0,-121906.0,-121906.0,-121906.0,10,10,1.0,90.9,86.9,012450,00126566,0,12,0,0,,[20260304] [기재정정]유상증자결정(종속회사의주요경영사항)               (20260304801517) || [20251223] [기재정정]유상증자결정(종속회사의주요경영사항)               (20251223800520) || [20251222] [기재정정]유상증자결정(종속회사의주요경영사항)               (20251222800718),,,,https://dart.fss.or.kr/dsaf001/main.do?rcpNo=20260304801517 || https://dart.fss.or.kr/dsaf001/main.do?rcpNo=20251223800520 || https://dart.fss.or.kr/dsaf001/main.do?rcpNo=20251222800718,,,,20260304801517 || 20251223800520 || 20251222800718,주의,2025.0,30893.2,17318.8,78.4,CFS,영업이익,dart_OperatingIncomeLoss,40498.0,13929.7,영업활동으로 인한 현금흐름,ifrs-full_CashFlowsFromUsedInOperatingActivities,ok,연간 영업이익 YoY 계산 성공,ok,OCF 추출 성공,2026 Q1,3개월,6388.9,5299.4,20.6,thstrm_amount,frmtrm_q_amount,CFS,fnlttSinglAcntAll,영업이익,dart_OperatingIncomeLoss,ok,3개월 기준 YoY 계산 성공,성장지속,10,5,현금창출양호,1.31,default,-1,104.9,100.9
001460,BYC,,36600,23.0,6.5,1.9,-48.8,11.4,-13.3,-27.1,-30.3,-17.2,-22.3,-15.6,1.5,71500,32850,0,False,False,False,5988,5731,3.3,2.3,2.5,1.04,0,False,False,False,False,-,89.8,-0.6,-1.4,-2.1,4.7,True,0,강세,-4,0,-1,-3,82.0,31.5,1518.25,,3.0,-121906.0,-121906.0,-121906.0,10,10,1.0,89.8,85.8,001460,00122579,0,0,0,0,,,,,,,,,,,안전,2025.0,265.7,238.3,11.5,CFS,영업이익,dart_OperatingIncomeLoss,342.3,282.2,영업활동현금흐름,ifrs-full_CashFlowsFromUsedInOperatingActivities,ok,연간 영업이익 YoY 계산 성공,ok,OCF 추출 성공,2026 Q1,3개월,55.9,42.0,33.0,thstrm_amount,frmtrm_q_amount,CFS,fnlttSinglAcntAll,영업이익,dart_OperatingIncomeLoss,ok,3개월 기준 YoY 계산 성공,성장지속,10,5,현금창출양호,1.29,default,0,104.8,100.8
003570,SNT다이내믹스,,40700,26.0,8.6,6.2,-46.7,4.8,-15.6,-30.1,-27.3,-16.7,-20.7,-24.3,1.69,76400,38850,0,False,False,False,100373,109552,71.4,43.3,54.9,0.92,0,False,False,False,False,-,89.7,37.5,-39.4,198.9,-231.1,True,8,강세,-4,0,-1,-3,82.0,31.5,1518.25,,3.0,-121906.0,-121906.0,-121906.0,10,10,1.0,97.7,93.7,003570,00134477,0,1,0,0,,[20250714] 유상증자또는주식관련사채등의발행결과(자율공시)               (20250714800388),,,,https://dart.fss.or.kr/dsaf001/main.do?rcpNo=20250714800388,,,,20250714800388,주의,2025.0,854.6,1105.1,-22.7,CFS,영업이익,dart_OperatingIncomeLoss,-591.3,-100.3,영업활동으로 인한 현금흐름,ifrs-full_CashFlowsFromUsedInOperatingActivities,ok,연간 영업이익 YoY 계산 성공,ok,OCF 추출 성공,2026 Q1,3개월,212.9,177.0,20.2,thstrm_amount,frmtrm_q_amount,CFS,fnlttSinglAcntAll,영업이익,dart_OperatingIncomeLoss,ok,3개월 기준 YoY 계산 성공,턴어라운드,20,-10,밸류트랩의심,-0.69,default,-3,104.7,100.7
004990,롯데지주,,25200,33.3,12.2,15.8,-36.4,5.2,-4.2,-19.5,-29.5,-8.4,-11.4,-14.2,0.86,39600,23950,0,False,False,False,299853,326915,71.8,76.3,90.7,0.92,0,False,False,False,False,-,67.5,2.6,-38.4,-130.0,-199.2,True,8,강세,-4,0,-1,-3,82.0,31.5,1518.25,,3.0,-121906.0,-121906.0,-121906.0,10,10,1.0,75.5,71.5,004990,00120562,0,4,0,0,,[20260428] [기재정정]주요사항보고서(감자결정)(자회사의 주요경영사항)               (20260428801146) || [20260304] 주요사항보고서(감자결정)(자회사의 주요경영사항)               (20260304800850) || [20251226] [기재정정]유상증자결정(종속회사의주요경영사항)               (20251226800768),,,,https://dart.fss.or.kr/dsaf001/main.do?rcpNo=20260428801146 || https://dart.fss.or.kr/dsaf001/main.do?rcpNo=20260304800850 || https://dart.fss.or.kr/dsaf001/main.do?rcpNo=20251226800768,,,,20260428801146 || 20260304800850 || 20251226800768,주의,2025.0,2394.4,3404.7,-29.7,CFS,영업이익(손실),dart_OperatingIncomeLoss,11561.3,10529.2,영업활동으로 인한 현금흐름,ifrs-full_CashFlowsFromUsedInOperatingActivities,ok,연간 영업이익 YoY 계산 성공,ok,OCF 추출 성공,2026 Q1,3개월,460.8,179.5,156.6,thstrm_amount,frmtrm_q_amount,CFS,fnlttSinglAcntAll,영업이익(손실),dart_OperatingIncomeLoss,ok,3개월 기준 YoY 계산 성공,턴어라운드,20,5,현금창출양호,4.83,default,4,104.5,100.5
003580,HLB글로벌,,1561,15.4,10.8,5.6,-51.7,4.0,-13.9,-29.7,-20.8,-16.7,-23.1,-27.4,1.39,3230,1501,0,False,False,False,221869,170274,3.8,3.7,3.2,1.3,0,False,False,False,False,-,89.4,0.0,-0.0,-2.4,-0.1,True,0,강세,-4,0,-1,-3,82.0,31.5,1518.25,,3.0,-121906.0,-121906.0,-121906.0,10,10,1.0,89.4,85.4,003580,00169048,0,9,1,0,,[20251230] 주요사항보고서(자기전환사채매도결정) (20251230000628) || [20251218] 유상증자또는주식관련사채등의발행결과(자율공시)               (20251218800420) || [20251203] 주요사항보고서(자기전환사채만기전취득결정) (20251203000211),[20250620] 매매거래정지및정지해제(중요내용공시)               (20250620800402),,,https://dart.fss.or.kr/dsaf001/main.do?rcpNo=20251230000628 || https://dart.fss.or.kr/dsaf001/main.do?rcpNo=20251218800420 || https://dart.fss.or.kr/dsaf001/main.do?rcpNo=20251203000211,https://dart.fss.or.kr/dsaf001/main.do?rcpNo=20250620800402,,,20251230000628 || 20251218800420 || 20251203000211,주의,2025.0,-98.8,-22.5,-339.5,CFS,영업이익(손실),dart_OperatingIncomeLoss,-84.5,-32.9,영업활동현금흐름,ifrs-full_CashFlowsFromUsedInOperatingActivities,ok,연간 영업이익 YoY 계산 성공,ok,OCF 추출 성공,2026 Q1,3개월,-25.1,-36.3,30.7,thstrm_amount,frmtrm_q_amount,CFS,fnlttSinglAcntAll,영업이익(손실),dart_OperatingIncomeLoss,ok,3개월 기준 YoY 계산 성공,턴어라운드,20,-5,이중적자,,default,0,104.4,100.4
016880,웅진,,2035,26.7,17.0,14.3,-60.9,15.5,-11.3,-27.6,-4.0,-16.3,-22.8,-33.9,0.75,5200,1762,0,False,False,False,420663,742340,8.1,8.9,19.7,0.57,0,False,False,False,False,-,81.3,-5.7,10.4,-32.5,24.5,True,8,강세,-4,0,-1,-3,82.0,31.5,1518.25,,3.0,-121906.0,-121906.0,-121906.0,10,10,1.0,89.3,85.3,016880,00143651,0,1,0,0,,[20250612] 유상증자결정(종속회사의주요경영사항)               (20250612800397),,,,https://dart.fss.or.kr/dsaf001/main.do?rcpNo=20250612800397,,,,20250612800397,주의,2025.0,781.1,310.8,151.3,CFS,영업이익,dart_OperatingIncomeLoss,2616.2,899.0,영업활동현금흐름,ifrs-full_CashFlowsFromUsedInOperatingActivities,ok,연간 영업이익 YoY 계산 성공,ok,OCF 추출 성공,2026 Q1,3개월,317.4,-91.6,446.6,thstrm_amount,frmtrm_q_amount,CFS,fnlttSinglAcntAll,영업이익(손실),dart_OperatingIncomeLoss,ok,3개월 기준 YoY 계산 성공,성장지속,10,5,현금창출양호,3.35,default,0,104.3,100.3
377300,카카오페이,,46600,35.6,22.5,27.6,-59.1,inf,-4.0,-17.7,-30.3,-9.7,-12.0,-15.1,0.41,114000,0,5,False,False,True,352642,596240,117.9,164.2,329.2,0.59,6,False,True,True,False,5일선회복/+3%반등,61.3,3.8,1.9,-141.2,-121.7,True,15,강세,-4,0,-1,-3,82.0,31.5,1518.25,,3.0,-121906.0,-121906.0,-121906.0,10,10,1.0,87.3,83.3,377300,01244601,0,1,0,0,,[20250901] 유상증자결정(종속회사의주요경영사항)               (20250901800733),,,,https://dart.fss.or.kr/dsaf001/main.do?rcpNo=20250901800733,,,,20250901800733,주의,2025.0,503.7,-574.9,187.6,CFS,영업이익(손실),dart_OperatingIncomeLoss,1186.2,1270.3,영업활동현금흐름,ifrs-full_CashFlowsFromUsedInOperatingActivities,ok,연간 영업이익 YoY 계산 성공,ok,OCF 추출 성공,2026 Q1,3개월,322.4,44.1,630.9,thstrm_amount,frmtrm_q_amount,CFS,fnlttSinglAcntAll,영업이익,dart_OperatingIncomeLoss,ok,3개월 기준 YoY 계산 성공,성장지속,10,5,현금창출양호,2.35,default,2,104.3,100.3
271940,일진하이솔루스,,13330,23.3,5.7,11.9,-37.1,11.0,-10.5,-27.4,-16.8,-15.5,-18.1,-17.6,1.11,21200,12010,0,False,False,False,76373,88872,12.6,10.7,14.7,0.86,0,False,False,False,False,-,79.3,11.6,-3.4,16.0,-8.5,True,8,강세,-4,0,-1,-3,82.0,31.5,1518.25,,3.0,-121906.0,-121906.0,-121906.0,10,10,1.0,87.3,83.3,271940,00972503,0,0,0,0,,,,,,,,,,,안전,2025.0,-112.0,-95.2,-17.7,CFS,영업이익(손실),dart_OperatingIncomeLoss,-45.9,99.5,영업활동현금흐름,ifrs-full_CashFlowsFromUsedInOperatingActivities,ok,연간 영업이익 YoY 계산 성공,ok,OCF 추출 성공,2026 Q1,3개월,-20.3,-30.2,32.7,thstrm_amount,frmtrm_q_amount,CFS,fnlttSinglAcntAll,영업이익(손실),dart_OperatingIncomeLoss,ok,3개월 기준 YoY 계산 성공,턴어라운드,20,-5,이중적자,,default,2,104.3,100.3
100840,SNT에너지,,35000,15.1,5.0,12.8,-48.5,2.9,-21.3,-40.2,-23.8,-25.6,-31.8,-26.5,0.76,67900,34000,0,False,False,False,217054,268106,70.3,83.1,135.0,0.81,0,False,False,False,False,-,84.3,11.1,-71.1,88.1,-293.7,True,8,강세,-4,0,-1,-3,82.0,31.5,1518.25,,3.0,-121906.0,-121906.0,-121906.0,10,10,1.0,92.3,88.3,100840,00648721,0,0,0,0,,,,,,,,,,,안전,2025.0,1113.1,222.4,400.5,CFS,영업이익,dart_OperatingIncomeLoss,1029.9,114.1,영업활동으로 인한 현금흐름,ifrs-full_CashFlowsFromUsedInOperatingActivities,ok,연간 영업이익 YoY 계산 성공,ok,OCF 추출 성공,2026 Q1,3개월,228.0,128.8,77.1,thstrm_amount,frmtrm_q_amount,CFS,fnlttSinglAcntAll,영업이익,dart_OperatingIncomeLoss,ok,3개월 기준 YoY 계산 성공,성장지속,10,5,현금창출양호,0.93,default,-3,104.3,100.3
077970,STX엔진,,36900,26.5,4.2,10.0,-45.5,85.3,-22.7,-44.5,12.0,-22.6,-15.2,-2.5,0.76,67700,19910,0,False,False,False,441251,602816,166.5,177.5,293.6,0.73,0,False,False,False,False,-,84.2,240.0,-210.5,182.3,-399.3,True,8,강세,-4,0,-1,-3,82.0,31.5,1518.25,,3.0,-121906.0,-121906.0,-121906.0,10,10,1.0,92.2,88.2,077970,00480455,0,0,0,0,,,,,,,,,,,안전,2025.0,695.9,422.4,64.8,CFS,영업이익(손실),dart_OperatingIncomeLoss,728.7,367.1,영업활동 현금흐름,ifrs-full_CashFlowsFromUsedInOperatingActivities,ok,연간 영업이익 YoY 계산 성공,ok,OCF 추출 성공,2026 Q1,3개월,175.0,154.5,13.3,thstrm_amount,frmtrm_q_amount,CFS,fnlttSinglAcntAll,영업이익(손실),dart_OperatingIncomeLoss,ok,3개월 기준 YoY 계산 성공,성장지속,10,5,현금창출양호,1.05,default,-3,104.2,100.2
015860,일진홀딩스,,7900,12.9,2.9,5.7,-48.8,92.0,-22.3,-23.7,-13.6,-31.9,-16.1,5.5,0.5,15430,4115,0,False,False,False,368399,683125,27.6,32.6,85.4,0.54,0,False,False,False,False,-,84.1,8.3,-11.5,54.1,4.0,True,8,강세,-4,0,-1,-3,82.0,31.5,1518.25,,3.0,-121906.0,-121906.0,-121906.0,10,10,1.0,92.1,88.1,015860,00146649,0,1,0,0,,[20251020] 유상증자또는주식관련사채등의발행결과(자율공시)               (20251020800341),,,,https://dart.fss.or.kr/dsaf001/main.do?rcpNo=20251020800341,,,,20251020800341,주의,2025.0,1455.9,725.2,100.8,CFS,영업이익(손실),dart_OperatingIncomeLoss,1078.5,1446.4,영업활동현금흐름,ifrs-full_CashFlowsFromUsedInOperatingActivities,ok,연간 영업이익 YoY 계산 성공,ok,OCF 추출 성공,2026 Q1,3개월,521.3,323.6,61.1,thstrm_amount,frmtrm_q_amount,CFS,fnlttSinglAcntAll,영업이익(손실),dart_OperatingIncomeLoss,ok,3개월 기준 YoY 계산 성공,성장지속,10,5,현금창출양호,0.74,default,-3,104.1,100.1
004560,현대비앤지스틸,,14030,37.0,4.0,-0.3,-45.0,34.3,-15.0,-23.2,-36.9,-13.5,-12.7,2.7,0.47,25500,10450,0,False,False,False,127281,211493,13.9,18.9,35.0,0.6,0,False,False,False,False,-,74.1,11.9,-0.6,24.5,0.4,True,8,강세,-4,0,-1,-3,82.0,31.5,1518.25,,3.0,-121906.0,-121906.0,-121906.0,10,10,1.0,82.1,78.1,004560,00125743,0,0,0,0,,,,,,,,,,,안전,2025.0,258.9,306.3,-15.5,CFS,영업이익(손실),dart_OperatingIncomeLoss,631.5,744.5,영업활동현금흐름,ifrs-full_CashFlowsFromUsedInOperatingActivities,ok,연간 영업이익 YoY 계산 성공,ok,OCF 추출 성공,2026 Q1,3개월,83.9,24.7,238.9,thstrm_amount,frmtrm_q_amount,CFS,fnlttSinglAcntAll,영업이익(손실),dart_OperatingIncomeLoss,ok,3개월 기준 YoY 계산 성공,턴어라운드,20,5,현금창출양호,2.44,default,-3,104.1,100.1
017960,한국카본,,31200,9.3,4.8,14.7,-42.3,53.7,-14.5,-38.1,-25.5,-20.4,-28.9,-14.4,0.62,54100,20300,0,False,False,False,599114,565282,110.4,199.8,221.9,1.06,0,False,False,False,False,-,81.0,76.1,-137.5,50.0,-876.1,True,8,강세,-4,0,-1,-3,82.0,31.5,1518.25,,3.0,-121906.0,-121906.0,-121906.0,10,10,1.0,89.0,85.0,017960,00159795,0,5,0,0,,[20260513] [기재정정]주요사항보고서(감자결정) (20260513000861) || [20260413] 유상증자결정(종속회사의주요경영사항)               (20260413800116) || [20260319] 주요사항보고서(제3자의전환사채매수선택권행사) (20260319000731),,,,https://dart.fss.or.kr/dsaf001/main.do?rcpNo=20260513000861 || https://dart.fss.or.kr/dsaf001/main.do?rcpNo=20260413800116 || https://dart.fss.or.kr/dsaf001/main.do?rcpNo=20260319000731,,,,20260513000861 || 20260413800116 || 20260319000731,주의,2025.0,1309.5,454.5,188.1,CFS,영업이익(손실),dart_OperatingIncomeLoss,1315.4,1505.3,영업활동현금흐름,ifrs-full_CashFlowsFromUsedInOperatingActivities,ok,연간 영업이익 YoY 계산 성공,ok,OCF 추출 성공,2026 Q1,3개월,410.7,311.1,32.0,thstrm_amount,frmtrm_q_amount,CFS,fnlttSinglAcntAll,영업이익(손실),dart_OperatingIncomeLoss,ok,3개월 기준 YoY 계산 성공,성장지속,10,5,현금창출양호,1.0,default,0,104.0,100.0
004000,롯데정밀화학,,48650,23.1,4.7,12.8,-32.2,38.4,-10.6,-31.7,-4.8,-13.7,-11.3,0.6,1.25,71800,35150,0,False,False,False,93521,97751,57.6,47.6,56.8,0.96,0,False,False,False,False,-,79.0,30.5,-50.2,144.2,-187.7,True,8,강세,-4,0,-1,-3,82.0,31.5,1518.25,,3.0,-121906.0,-121906.0,-121906.0,10,10,1.0,87.0,83.0,004000,00157681,0,0,0,0,,,,,,,,,,,안전,2025.0,743.6,503.7,47.6,CFS,영업이익,dart_OperatingIncomeLoss,3008.9,1600.4,영업활동으로 인한 현금흐름,ifrs-full_CashFlowsFromUsedInOperatingActivities,ok,연간 영업이익 YoY 계산 성공,ok,OCF 추출 성공,2026 Q1,3개월,326.6,187.8,73.9,thstrm_amount,frmtrm_q_amount,CFS,fnlttSinglAcntAll,영업이익,dart_OperatingIncomeLoss,ok,3개월 기준 YoY 계산 성공,성장지속,10,5,현금창출양호,4.05,default,2,104.0,100.0
001430,세아베스틸지주,,50100,33.1,4.0,-0.6,-45.8,166.9,-22.8,-31.5,-27.5,-23.8,-26.0,1.5,0.59,92500,18770,0,False,False,False,343023,393220,115.3,188.4,262.3,0.87,0,False,False,False,False,-,83.7,154.3,-208.6,98.5,-302.0,True,8,강세,-4,0,-1,-3,82.0,31.5,1518.25,,3.0,-121906.0,-121906.0,-121906.0,10,10,1.0,91.7,87.7,001430,00106669,0,0,0,0,,,,,,,,,,,안전,2025.0,984.1,523.3,88.1,CFS,영업이익,dart_OperatingIncomeLoss,1134.8,3180.1,영업활동으로 인한 현금흐름,ifrs-full_CashFlowsFromUsedInOperatingActivities,ok,연간 영업이익 YoY 계산 성공,ok,OCF 추출 성공,2026 Q1,3개월,310.9,181.0,71.7,thstrm_amount,frmtrm_q_amount,CFS,fnlttSinglAcntAll,영업이익,dart_OperatingIncomeLoss,ok,3개월 기준 YoY 계산 성공,성장지속,10,5,현금창출양호,1.15,default,-3,103.7,99.7
363280,티와이홀딩스,,2030,10.9,6.0,3.1,-56.1,2.2,-11.7,-28.8,-33.8,-18.5,-23.7,-27.0,0.99,4620,1987,0,False,False,False,88857,95088,2.0,1.9,2.4,0.93,0,False,False,False,False,-,88.2,0.8,-0.0,-3.3,-2.5,True,8,강세,-4,0,-1,-3,82.0,31.5,1518.25,,3.0,-121906.0,-121906.0,-121906.0,10,10,1.0,96.2,92.2,363280,01497869,0,3,0,0,,[20260226] 주요사항보고서(감자결정) (20260226005057) || [20251028] 주요사항보고서(유상증자결정)(자회사의 주요경영사항)               (20251028800654) || [20250828] 주요사항보고서(유상증자결정)(자회사의 주요경영사항)               (20250828800540),,,,https://dart.fss.or.kr/dsaf001/main.do?rcpNo=20260226005057 || https://dart.fss.or.kr/dsaf001/main.do?rcpNo=20251028800654 || https://dart.fss.or.kr/dsaf001/main.do?rcpNo=20250828800540,,,,20260226005057 || 20251028800654 || 20250828800540,주의,2025.0,-345.6,-809.1,57.3,CFS,영업이익(손실),dart_OperatingIncomeLoss,-455.0,710.4,영업활동으로 인한 현금흐름,ifrs-full_CashFlowsFromUsedInOperatingActivities,ok,연간 영업이익 YoY 계산 성공,ok,OCF 추출 성공,2026 Q1,3개월,-24.5,-51.3,52.3,thstrm_amount,frmtrm_q_amount,CFS,fnlttSinglAcntAll,영업손실,dart_OperatingIncomeLoss,ok,3개월 기준 YoY 계산 성공,성장지속,10,-5,이중적자,,default,2,103.2,99.2
161000,애경케미칼,,11300,36.1,5.1,-9.6,-43.4,34.0,-23.1,-32.3,7.9,-19.1,-18.0,0.8,0.6,19960,8430,0,False,False,False,359523,523524,34.8,45.7,75.1,0.69,0,False,False,False,False,-,78.2,26.1,-3.4,-7.1,6.4,True,8,강세,-4,0,-1,-3,82.0,31.5,1518.25,,3.0,-121906.0,-121906.0,-121906.0,10,10,1.0,86.2,82.2,161000,00936787,0,2,0,0,,[20260427] 유상증자결정(종속회사의주요경영사항)               (20260427800970) || [20250725] 감자결정(종속회사의주요경영사항)               (20250725800318),,,,https://dart.fss.or.kr/dsaf001/main.do?rcpNo=20260427800970 || https://dart.fss.or.kr/dsaf001/main.do?rcpNo=20250725800318,,,,20260427800970 || 20250725800318,주의,2025.0,-101.9,154.6,-165.9,CFS,영업이익(손실),dart_OperatingIncomeLoss,278.7,465.7,영업활동현금흐름,ifrs-full_CashFlowsFromUsedInOperatingActivities,ok,연간 영업이익 YoY 계산 성공,ok,OCF 추출 성공,2026 Q1,3개월,58.2,34.8,67.0,thstrm_amount,frmtrm_q_amount,CFS,fnlttSinglAcntAll,영업이익(손실),dart_OperatingIncomeLoss,ok,3개월 기준 YoY 계산 성공,턴어라운드,20,0,회계손실현금유입,,default,-3,103.2,99.2
003010,혜인,,5000,17.7,3.8,9.9,-43.1,2.5,-15.3,-29.5,-9.9,-19.8,-19.3,-10.1,0.28,8780,4880,0,False,False,False,253559,779491,11.3,13.7,56.7,0.33,0,False,False,False,False,-,83.0,5.1,-0.4,2.0,0.8,True,8,강세,-4,0,-1,-3,82.0,31.5,1518.25,,3.0,-121906.0,-121906.0,-121906.0,10,10,1.0,91.0,87.0,003010,00165343,0,0,0,0,,,,,,,,,,,안전,2025.0,175.5,141.6,24.0,OFS,영업이익,dart_OperatingIncomeLoss,461.0,-212.7,영업활동 현금흐름,ifrs-full_CashFlowsFromUsedInOperatingActivities,ok,연간 영업이익 YoY 계산 성공,ok,OCF 추출 성공,2026 Q1,3개월,13.0,10.9,19.0,thstrm_amount,frmtrm_q_amount,OFS,fnlttSinglAcntAll,영업이익,dart_OperatingIncomeLoss,ok,3개월 기준 YoY 계산 성공,성장지속,10,5,현금창출양호,2.63,default,-3,103.0,99.0
014820,동원시스템즈,,20400,26.0,5.2,5.3,-38.0,1.7,-11.9,-28.3,-22.9,-15.2,-19.3,-24.4,1.56,32900,20050,0,False,False,False,66650,60386,19.2,14.3,14.7,1.1,0,False,False,False,False,-,85.0,0.1,-7.8,-11.2,-35.8,True,8,강세,-4,0,-1,-3,82.0,31.5,1518.25,,3.0,-121906.0,-121906.0,-121906.0,10,10,1.0,93.0,89.0,014820,00132637,0,0,0,0,,,,,,,,,,,안전,2025.0,-12.3,-87.9,86.1,CFS,영업외손익,dart_NonOperatingProfitLoss,1386.7,1555.5,영업활동현금흐름,ifrs-full_CashFlowsFromUsedInOperatingActivities,ok,연간 영업이익 YoY 계산 성공,ok,OCF 추출 성공,2026 Q1,3개월,59.0,-3.4,1817.8,thstrm_amount,frmtrm_q_amount,CFS,fnlttSinglAcntAll,영업외손익,dart_NonOperatingProfitLoss,ok,3개월 기준 YoY 계산 성공,성장지속,10,0,회계손실현금유입,,default,0,103.0,99.0
000670,영풍,,50300,18.6,5.5,17.6,-29.9,52.5,-7.5,-25.0,-22.1,-14.7,-17.2,-5.3,0.9,71797,32980,0,False,False,False,27802,31913,14.5,14.3,19.2,0.87,0,False,False,False,False,-,72.4,7.2,-8.0,25.0,-24.3,True,8,강세,-4,0,-1,-3,82.0,31.5,1518.25,,3.0,-121906.0,-121906.0,-121906.0,10,10,1.0,80.4,76.4,000670,00141307,0,0,0,0,,,,,,,,,,,안전,2025.0,-2596.9,-1607.0,-61.6,CFS,영업이익(손실),dart_OperatingIncomeLoss,470.8,1609.3,영업활동으로 인한 현금흐름,ifrs-full_CashFlowsFromUsedInOperatingActivities,ok,연간 영업이익 YoY 계산 성공,ok,OCF 추출 성공,2026 Q1,3개월,433.3,-562.7,177.0,thstrm_amount,frmtrm_q_amount,CFS,fnlttSinglAcntAll,영업이익(손실),dart_OperatingIncomeLoss,ok,3개월 기준 YoY 계산 성공,턴어라운드,20,0,회계손실현금유입,,default,2,102.4,98.4
004250,NPC,,3005,15.6,6.0,5.7,-36.1,1.3,-10.2,-24.2,-24.9,-12.7,-19.6,-23.2,0.77,4700,2965,0,False,False,False,64927,71841,1.7,2.0,2.5,0.9,0,False,False,False,False,-,79.3,-2.8,0.3,-8.4,-0.1,True,8,강세,-4,0,-1,-3,82.0,31.5,1518.25,,3.0,-121906.0,-121906.0,-121906.0,10,10,1.0,87.3,83.3,004250,00108038,0,0,0,0,,,,,,,,,,,안전,2025.0,235.7,104.9,124.6,CFS,영업이익,dart_OperatingIncomeLoss,237.4,695.7,영업활동으로 인한 현금흐름,ifrs-full_CashFlowsFromUsedInOperatingActivities,ok,연간 영업이익 YoY 계산 성공,ok,OCF 추출 성공,2026 Q1,3개월,62.3,36.8,69.2,thstrm_amount,frmtrm_q_amount,CFS,fnlttSinglAcntAll,영업이익,dart_OperatingIncomeLoss,ok,3개월 기준 YoY 계산 성공,성장지속,10,5,현금창출양호,1.01,default,0,102.3,98.3
016580,환인제약,,10120,25.9,6.4,5.2,-23.4,1.3,-6.7,-14.1,-6.6,-8.2,-6.1,-7.6,0.71,13210,9990,0,False,False,False,45219,54112,3.9,4.7,6.0,0.84,0,False,False,False,False,-,69.3,-5.1,0.7,-5.5,0.9,True,8,강세,-4,0,-1,-3,82.0,31.5,1518.25,,3.0,-121906.0,-121906.0,-121906.0,10,10,1.0,77.3,73.3,016580,00166573,0,2,0,0,,[20251030] 최대주주변경               (20251030800491) || [20251030] 최대주주등소유주식변동신고서(최대주주변경시)               (20251030800448),,,,https://dart.fss.or.kr/dsaf001/main.do?rcpNo=20251030800491 || https://dart.fss.or.kr/dsaf001/main.do?rcpNo=20251030800448,,,,20251030800491 || 20251030800448,주의,2025.0,19.1,54.5,-65.0,CFS,영업외손익,dart_NonOperatingProfitLoss,90.4,206.9,영업활동현금흐름,ifrs-full_CashFlowsFromUsedInOperatingActivities,ok,연간 영업이익 YoY 계산 성공,ok,OCF 추출 성공,2026 Q1,3개월,6.0,4.2,43.3,thstrm_amount,frmtrm_q_amount,CFS,fnlttSinglAcntAll,영업외손익,dart_NonOperatingProfitLoss,ok,3개월 기준 YoY 계산 성공,턴어라운드,20,5,현금창출양호,4.73,default,0,102.3,98.3
214420,토니모리,,5780,26.5,21.0,12.2,-57.5,8.0,-11.9,-25.7,-29.0,-13.7,-16.0,-32.8,0.99,13610,5350,0,False,False,False,189305,186727,10.5,11.2,12.8,1.01,0,False,False,False,False,-,80.2,2.8,-0.2,0.2,-0.9,True,8,강세,-4,0,-1,-3,82.0,31.5,1518.25,,3.0,-121906.0,-121906.0,-121906.0,10,10,1.0,88.2,84.2,214420,00816544,0,0,0,0,,,,,,,,,,,안전,2025.0,143.6,121.0,18.7,CFS,영업이익(손실),dart_OperatingIncomeLoss,94.3,90.8,영업활동현금흐름,ifrs-full_CashFlowsFromUsedInOperatingActivities,ok,연간 영업이익 YoY 계산 성공,ok,OCF 추출 성공,2026 Q1,3개월,41.7,36.5,14.2,thstrm_amount,frmtrm_q_amount,CFS,fnlttSinglAcntAll,영업이익(손실),dart_OperatingIncomeLoss,ok,3개월 기준 YoY 계산 성공,성장지속,10,2,현금창출보통,0.66,default,2,102.2,98.2
003680,한성기업,,4510,24.0,7.4,-10.1,-41.7,1.0,-9.1,-12.9,-13.1,-7.9,-10.0,-15.6,1.35,7740,4465,0,False,False,False,38810,30180,1.9,1.8,1.5,1.29,0,False,False,False,False,-,79.9,-0.9,-0.0,-3.3,-0.0,True,0,강세,-4,0,-1,-3,82.0,31.5,1518.25,,3.0,-121906.0,-121906.0,-121906.0,10,10,1.0,79.9,75.9,003680,00161860,0,0,0,0,,,,,,,,,,,안전,2025.0,58.3,110.0,-47.0,OFS,영업이익,dart_OperatingIncomeLoss,86.8,188.7,영업활동현금흐름,ifrs-full_CashFlowsFromUsedInOperatingActivities,ok,연간 영업이익 YoY 계산 성공,ok,OCF 추출 성공,2026 Q1,3개월,30.3,26.8,12.9,thstrm_amount,frmtrm_q_amount,OFS,fnlttSinglAcntAll,영업이익,dart_OperatingIncomeLoss,ok,3개월 기준 YoY 계산 성공,턴어라운드,20,5,현금창출양호,1.49,default,-3,101.9,97.9
009410,태영건설,,1603,28.4,23.9,7.9,-51.4,6.2,-9.6,-20.6,-14.2,-10.6,-15.1,-9.0,0.55,3295,1510,0,False,False,False,520917,689521,6.0,8.6,12.8,0.76,0,False,False,False,False,-,78.7,-6.3,2.4,-36.0,2.3,True,8,강세,-4,0,-1,-3,82.0,31.5,1518.25,,3.0,-121906.0,-121906.0,-121906.0,10,10,1.0,86.7,82.7,009410,00153861,0,4,0,0,,[20251105] 유상증자또는주식관련사채등의발행결과(자율공시)               (20251105800540) || [20251028] 주요사항보고서(유상증자결정) (20251028000370) || [20250905] 유상증자또는주식관련사채등의발행결과(자율공시)               (20250905800500),,,,https://dart.fss.or.kr/dsaf001/main.do?rcpNo=20251105800540 || https://dart.fss.or.kr/dsaf001/main.do?rcpNo=20251028000370 || https://dart.fss.or.kr/dsaf001/main.do?rcpNo=20250905800500,,,,20251105800540 || 20251028000370 || 20250905800500,주의,2025.0,527.9,206.4,155.7,CFS,영업이익(손실),dart_OperatingIncomeLoss,1150.9,616.1,영업활동으로 인한 현금흐름,ifrs-full_CashFlowsFromUsedInOperatingActivities,ok,연간 영업이익 YoY 계산 성공,ok,OCF 추출 성공,2026 Q1,3개월,177.3,155.2,14.3,thstrm_amount,frmtrm_q_amount,CFS,fnlttSinglAcntAll,영업이익,dart_OperatingIncomeLoss,ok,3개월 기준 YoY 계산 성공,성장지속,10,5,현금창출양호,2.18,default,0,101.7,97.7
0120G0,삼양바이오팜,,51900,21.9,5.4,1.1,-65.6,123.2,-20.5,-33.4,-46.5,-19.3,-36.7,,0.94,150900,23250,0,False,False,False,31882,36828,18.1,18.1,24.2,0.87,0,False,False,False,False,-,89.6,5.2,-2.9,-3.9,-4.5,True,8,강세,-4,0,-1,-3,82.0,31.5,1518.25,,3.0,-121906.0,-121906.0,-121906.0,10,10,1.0,97.6,93.6,0120G0,01965333,0,0,0,0,,,,,,,,,,,안전,2025.0,26.9,,,OFS,영업이익,dart_OperatingIncomeLoss,97.7,,영업활동으로인한현금흐름,ifrs-full_CashFlowsFromUsedInOperatingActivities,op_found_yoy_missing,영업이익 항목은 찾았지만 현재/전기 금액 또는 전기 0 문제로 YoY 계산 실패,ok,OCF 추출 성공,,,,,,,,,,,,not_found,2025 Q1 SINGLE: 013 조회된 데이타가 없습니다.,데이터부족,0,5,현금창출양호,3.63,default,-1,101.6,97.6
439260,대한조선,,61400,19.8,11.2,18.2,-47.1,7.2,-12.4,-31.9,-38.3,-15.0,-25.7,-22.7,0.71,116000,57300,0,False,False,False,110281,129227,55.5,70.0,96.5,0.85,0,False,False,False,False,-,81.3,5.1,-30.9,-95.2,-146.0,True,8,강세,-4,0,-1,-3,82.0,31.5,1518.25,,3.0,-121906.0,-121906.0,-121906.0,10,10,1.0,89.3,85.3,439260,00182696,0,0,0,0,,,,,,,,,,,안전,2025.0,2941.0,1580.6,86.1,CFS,영업이익,dart_OperatingIncomeLoss,1619.7,1583.0,영업활동현금흐름,ifrs-full_CashFlowsFromUsedInOperatingActivities,ok,연간 영업이익 YoY 계산 성공,ok,OCF 추출 성공,2026 Q1,3개월,826.4,697.4,18.5,thstrm_amount,frmtrm_q_amount,CFS,fnlttSinglAcntAll,영업이익,dart_OperatingIncomeLoss,ok,3개월 기준 YoY 계산 성공,성장지속,10,2,현금창출보통,0.55,default,0,101.3,97.3
081000,일진다이아,,10500,19.5,14.5,2.4,-38.9,5.0,-14.1,-30.0,-32.9,-17.0,-21.1,-19.4,1.15,17190,10000,0,False,False,False,59947,50169,5.9,6.7,6.4,1.19,0,False,False,False,False,-,84.2,-0.5,-0.8,0.7,-1.3,True,0,강세,-4,0,-1,-3,82.0,31.5,1518.25,,3.0,-121906.0,-121906.0,-121906.0,10,10,1.0,84.2,80.2,081000,00508274,0,0,0,0,,,,,,,,,,,안전,2025.0,-67.9,-46.4,-46.1,CFS,영업이익(손실),dart_OperatingIncomeLoss,-2.7,248.1,영업활동현금흐름,ifrs-full_CashFlowsFromUsedInOperatingActivities,ok,연간 영업이익 YoY 계산 성공,ok,OCF 추출 성공,2026 Q1,3개월,4.4,-22.5,119.4,thstrm_amount,frmtrm_q_amount,CFS,fnlttSinglAcntAll,영업이익(손실),dart_OperatingIncomeLoss,ok,3개월 기준 YoY 계산 성공,턴어라운드,20,-5,이중적자,,default,2,101.2,97.2
006650,대한유화,,121900,21.6,6.2,19.6,-39.8,58.9,-10.3,-35.2,-35.8,-15.6,-17.0,-11.7,0.75,202500,76700,0,False,False,False,46292,61090,54.3,58.7,91.1,0.76,0,False,False,False,False,-,78.1,37.0,-79.4,341.1,-518.7,True,8,강세,-4,0,-1,-3,82.0,31.5,1518.25,,3.0,-121906.0,-121906.0,-121906.0,10,10,1.0,86.1,82.1,006650,00260383,0,0,0,0,,,,,,,,,,,안전,2025.0,526.7,-598.9,187.9,CFS,영업이익(손실),dart_OperatingIncomeLoss,2027.9,1331.1,영업활동으로 인한 현금흐름,ifrs-full_CashFlowsFromUsedInOperatingActivities,ok,연간 영업이익 YoY 계산 성공,ok,OCF 추출 성공,2026 Q1,3개월,735.6,-98.8,844.9,thstrm_amount,frmtrm_q_amount,CFS,fnlttSinglAcntAll,영업이익(손실),dart_OperatingIncomeLoss,ok,3개월 기준 YoY 계산 성공,성장지속,10,5,현금창출양호,3.85,default,0,101.1,97.1
005690,파미셀,,13950,21.1,14.1,8.1,-34.0,34.7,-16.2,-29.4,-14.1,-18.1,-18.1,-7.7,0.84,21150,10360,0,False,False,False,821995,1148949,128.2,123.8,204.0,0.72,0,False,False,False,False,-,79.0,13.4,-73.6,44.6,-133.1,True,8,강세,-4,0,-1,-3,82.0,31.5,1518.25,,3.0,-121906.0,-121906.0,-121906.0,10,10,1.0,87.0,83.0,005690,00145163,0,1,0,0,,[20260224] 주요사항보고서(감자결정) (20260224000422),,,,https://dart.fss.or.kr/dsaf001/main.do?rcpNo=20260224000422,,,,20260224000422,주의,2025.0,343.0,46.6,636.8,OFS,영업이익(손실),dart_OperatingIncomeLoss,410.5,35.0,영업활동현금흐름,ifrs-full_CashFlowsFromUsedInOperatingActivities,ok,연간 영업이익 YoY 계산 성공,ok,OCF 추출 성공,2026 Q1,3개월,130.8,83.8,56.1,thstrm_amount,frmtrm_q_amount,OFS,fnlttSinglAcntAll,영업이익(손실),dart_OperatingIncomeLoss,ok,3개월 기준 YoY 계산 성공,성장지속,10,5,현금창출양호,1.2,default,-1,101.0,97.0
001560,제일연마,,9550,19.2,13.3,10.6,-26.0,8.5,-9.3,-20.2,-4.3,-10.0,-13.4,-6.4,1.31,12900,8800,0,False,False,False,7330,6876,0.8,0.7,0.7,1.07,4,False,False,False,True,거래량동반양봉,72.0,-0.4,-0.2,-1.6,-0.2,True,0,강세,-4,0,-1,-3,82.0,31.5,1518.25,,3.0,-121906.0,-121906.0,-121906.0,10,10,1.0,76.0,72.0,001560,00148461,0,0,1,0,,,[20260303] 매매거래정지및정지해제(중요내용공시)               (20260303800285),,,,https://dart.fss.or.kr/dsaf001/main.do?rcpNo=20260303800285,,,,안전,2025.0,42.4,57.5,-26.3,CFS,영업이익,dart_OperatingIncomeLoss,80.8,68.0,영업활동현금흐름,ifrs-full_CashFlowsFromUsedInOperatingActivities,ok,연간 영업이익 YoY 계산 성공,ok,OCF 추출 성공,2026 Q1,3개월,15.4,9.2,66.1,thstrm_amount,frmtrm_q_amount,CFS,fnlttSinglAcntAll,영업이익,dart_OperatingIncomeLoss,ok,3개월 기준 YoY 계산 성공,턴어라운드,20,5,현금창출양호,1.91,default,0,101.0,97.0
002310,아세아제지,,7420,28.6,12.6,-3.9,-34.8,8.2,-7.8,-19.1,-30.8,-10.0,-15.3,-10.0,1.17,11380,6860,0,False,False,False,180844,198474,16.6,14.0,16.5,0.91,0,False,False,False,False,-,78.7,7.0,1.5,9.7,3.3,True,15,강세,-4,0,-1,-3,82.0,31.5,1518.25,,3.0,-121906.0,-121906.0,-121906.0,10,10,1.0,93.7,89.7,002310,00138729,0,0,0,0,,,,,,,,,,,안전,2025.0,272.2,265.7,2.4,CFS,영업이익(손실),dart_OperatingIncomeLoss,770.4,831.3,영업활동현금흐름,ifrs-full_CashFlowsFromUsedInOperatingActivities,ok,연간 영업이익 YoY 계산 성공,ok,OCF 추출 성공,2026 Q1,3개월,100.4,132.5,-24.2,thstrm_amount,frmtrm_q_amount,CFS,fnlttSinglAcntAll,영업이익(손실),dart_OperatingIncomeLoss,ok,3개월 기준 YoY 계산 성공,관망,0,5,현금창출양호,2.83,default,2,100.7,96.7
194370,제이에스코퍼레이션,,10830,17.9,11.3,14.7,-32.7,26.5,-9.1,-27.1,-19.8,-15.1,-14.6,-8.0,1.01,16090,8560,0,False,False,False,147944,128389,13.8,16.7,16.5,1.15,0,False,False,False,False,-,75.5,6.1,-14.9,-10.8,-9.0,True,8,강세,-4,0,-1,-3,82.0,31.5,1518.25,,3.0,-121906.0,-121906.0,-121906.0,10,10,1.0,83.5,79.5,194370,00332927,0,6,0,0,,[20260304] [기재정정]주요사항보고서(자기전환사채만기전취득결정) (20260304001679) || [20260304] [기재정정]주요사항보고서(제3자의전환사채매수선택권행사) (20260304001646) || [20260304] [기재정정]주요사항보고서(전환사채매수선택권행사자지정) (20260304001640),,,,https://dart.fss.or.kr/dsaf001/main.do?rcpNo=20260304001679 || https://dart.fss.or.kr/dsaf001/main.do?rcpNo=20260304001646 || https://dart.fss.or.kr/dsaf001/main.do?rcpNo=20260304001640,,,,20260304001679 || 20260304001646 || 20260304001640,주의,2025.0,1405.1,1212.6,15.9,CFS,영업이익,dart_OperatingIncomeLoss,1279.1,360.7,영업활동현금흐름,ifrs-full_CashFlowsFromUsedInOperatingActivities,ok,연간 영업이익 YoY 계산 성공,ok,OCF 추출 성공,2026 Q1,3개월,308.0,283.4,8.7,thstrm_amount,frmtrm_q_amount,CFS,fnlttSinglAcntAll,영업이익,dart_OperatingIncomeLoss,ok,3개월 기준 YoY 계산 성공,성장지속,10,5,현금창출양호,0.91,default,2,100.5,96.5
005490,POSCO홀딩스,,399000,25.6,5.8,11.5,-26.4,73.5,-9.7,-14.9,-3.4,-13.5,-2.6,17.1,0.92,542000,230000,0,False,False,False,600951,638013,2365.1,2500.7,2967.6,0.94,0,False,False,False,False,-,68.4,818.4,-1223.6,2366.4,-1295.8,True,8,강세,-4,0,-1,-3,82.0,31.5,1518.25,,3.0,-121906.0,-121906.0,-121906.0,10,10,1.0,76.4,72.4,005490,00155319,0,0,0,0,,,,,,,,,,,안전,2025.0,18270.6,21735.7,-15.9,CFS,영업이익,dart_OperatingIncomeLoss,45719.1,66636.5,영업활동으로 인한 현금흐름,ifrs-full_CashFlowsFromUsedInOperatingActivities,ok,연간 영업이익 YoY 계산 성공,ok,OCF 추출 성공,2026 Q1,3개월,7068.3,5684.4,24.3,thstrm_amount,frmtrm_q_amount,CFS,fnlttSinglAcntAll,영업이익,dart_OperatingIncomeLoss,ok,3개월 기준 YoY 계산 성공,턴어라운드,20,5,현금창출양호,2.5,default,-1,100.4,96.4
071970,HD현대마린엔진,,65200,19.0,4.5,11.6,-44.8,65.5,-19.4,-40.6,-25.3,-21.0,-22.8,-24.3,0.89,118200,39400,0,False,False,False,269012,314760,182.0,192.0,265.8,0.85,0,False,False,False,False,-,83.3,-21.2,-161.7,-406.5,-666.7,True,0,강세,-4,0,-1,-3,82.0,31.5,1518.25,,3.0,-121906.0,-121906.0,-121906.0,10,10,1.0,83.3,79.3,071970,00406046,0,0,0,0,,,,,,,,,,,안전,2025.0,759.1,331.9,128.7,CFS,영업이익,dart_OperatingIncomeLoss,1806.0,1014.4,영업활동으로 인한 순현금흐름,ifrs-full_CashFlowsFromUsedInOperatingActivities,ok,연간 영업이익 YoY 계산 성공,ok,OCF 추출 성공,2026 Q1,3개월,325.6,102.7,217.0,thstrm_amount,frmtrm_q_amount,CFS,fnlttSinglAcntAll,영업이익,dart_OperatingIncomeLoss,ok,3개월 기준 YoY 계산 성공,성장지속,10,5,현금창출양호,2.38,default,2,100.3,96.3
009970,영원무역홀딩스,,181300,33.1,8.5,-5.7,-30.8,70.4,-6.7,-14.5,-27.3,-9.0,-13.1,-0.2,0.66,262000,106400,0,False,False,False,20254,24169,29.7,38.7,48.4,0.84,0,False,False,False,False,-,69.9,19.4,0.2,104.2,-45.1,True,15,강세,-4,0,-1,-3,82.0,31.5,1518.25,,3.0,-121906.0,-121906.0,-121906.0,10,10,1.0,84.9,80.9,009970,00140964,0,0,0,0,,,,,,,,,,,안전,2025.0,7354.7,5170.5,42.2,CFS,영업이익,dart_OperatingIncomeLoss,5407.4,7810.0,영업활동 현금흐름,ifrs-full_CashFlowsFromUsedInOperatingActivities,ok,연간 영업이익 YoY 계산 성공,ok,OCF 추출 성공,2026 Q1,3개월,1578.0,1325.0,19.1,thstrm_amount,frmtrm_q_amount,CFS,fnlttSinglAcntAll,영업이익,dart_OperatingIncomeLoss,ok,3개월 기준 YoY 계산 성공,성장지속,10,5,현금창출양호,0.74,default,0,99.9,95.9
011420,갤럭시아에스엠,,1484,22.5,15.3,3.5,-49.4,4.1,-10.4,-21.1,-20.9,-12.6,-16.0,-24.4,0.93,2930,1425,0,False,False,False,124980,106886,1.5,1.9,1.8,1.17,0,False,False,False,False,-,82.6,-0.3,-0.2,-1.1,-0.0,True,0,강세,-4,0,-1,-3,82.0,31.5,1518.25,,3.0,-121906.0,-121906.0,-121906.0,10,10,1.0,82.6,78.6,011420,00129554,0,0,0,0,,,,,,,,,,,안전,2025.0,39.9,32.3,23.6,OFS,영업이익(손실),dart_OperatingIncomeLoss,47.7,14.5,영업활동현금흐름,ifrs-full_CashFlowsFromUsedInOperatingActivities,ok,연간 영업이익 YoY 계산 성공,ok,OCF 추출 성공,2026 Q1,3개월,0.7,0.1,537.4,thstrm_amount,frmtrm_q_amount,OFS,fnlttSinglAcntAll,영업이익(손실),dart_OperatingIncomeLoss,ok,3개월 기준 YoY 계산 성공,성장지속,10,5,현금창출양호,1.2,default,2,99.6,95.6
018670,SK가스,,223000,32.2,2.5,4.0,-26.2,9.0,-10.8,-21.6,-4.3,-12.5,-12.2,-8.4,0.31,302000,204500,0,False,False,False,16140,28926,19.4,38.1,75.4,0.56,0,False,False,False,False,-,71.4,17.5,-23.8,-14.9,-7.3,True,8,강세,-4,0,-1,-3,82.0,31.5,1518.25,,3.0,-121906.0,-121906.0,-121906.0,10,10,1.0,79.4,75.4,018670,00144164,0,5,0,0,,[20260401] [기재정정]유상증자결정(종속회사의주요경영사항)               (20260401801394) || [20260401] [기재정정]유상증자결정(종속회사의주요경영사항)               (20260401800017) || [20260401] [기재정정]유상증자결정(종속회사의주요경영사항)               (20260401800016),,,,https://dart.fss.or.kr/dsaf001/main.do?rcpNo=20260401801394 || https://dart.fss.or.kr/dsaf001/main.do?rcpNo=20260401800017 || https://dart.fss.or.kr/dsaf001/main.do?rcpNo=20260401800016,,,,20260401801394 || 20260401800017 || 20260401800016,주의,2025.0,-1286.0,-275.2,-367.2,CFS,영업외손익,dart_NonOperatingProfitLoss,6725.8,3733.3,영업활동으로 인한 현금흐름,ifrs-full_CashFlowsFromUsedInOperatingActivities,ok,연간 영업이익 YoY 계산 성공,ok,OCF 추출 성공,2026 Q1,3개월,1304.3,9.3,14000.0,thstrm_amount,frmtrm_q_amount,CFS,fnlttSinglAcntAll,영업외손익,dart_NonOperatingProfitLoss,ok,3개월 기준 YoY 계산 성공,턴어라운드,20,0,회계손실현금유입,,default,0,99.4,95.4
375500,DL이앤씨,,70300,27.6,9.7,10.9,-34.1,82.8,-14.2,-30.5,37.6,-15.1,-16.7,31.1,0.7,106600,38450,0,False,False,False,605616,793895,381.3,452.7,688.2,0.76,0,False,False,False,False,-,79.3,489.1,-343.5,1286.7,-881.8,True,8,강세,-4,0,-1,-3,82.0,31.5,1518.25,,3.0,-121906.0,-121906.0,-121906.0,10,10,1.0,87.3,83.3,375500,01524093,0,0,0,0,,,,,,,,,,,안전,2025.0,3869.5,2709.4,42.8,CFS,영업이익(손실),dart_OperatingIncomeLoss,2321.4,1878.7,영업활동현금흐름,ifrs-full_CashFlowsFromUsedInOperatingActivities,ok,연간 영업이익 YoY 계산 성공,ok,OCF 추출 성공,2026 Q1,3개월,1573.6,809.7,94.3,thstrm_amount,frmtrm_q_amount,CFS,fnlttSinglAcntAll,영업이익(손실),dart_OperatingIncomeLoss,ok,3개월 기준 YoY 계산 성공,성장지속,10,2,현금창출보통,0.6,default,0,99.3,95.3
012610,경인양행,,4490,37.7,3.0,-5.7,-30.2,63.3,-21.1,-13.2,0.2,-16.1,-4.5,14.3,0.38,6430,2750,0,False,False,False,877005,1601654,28.1,43.5,87.6,0.55,0,False,False,False,False,-,62.1,5.8,1.1,30.1,6.5,True,15,강세,-4,0,-1,-3,82.0,31.5,1518.25,,3.0,-121906.0,-121906.0,-121906.0,10,10,1.0,77.1,73.1,012610,00102113,0,0,0,0,,,,,,,,,,,안전,2025.0,162.7,242.3,-32.9,CFS,영업이익(손실),dart_OperatingIncomeLoss,337.3,632.4,영업활동현금흐름,ifrs-full_CashFlowsFromUsedInOperatingActivities,ok,연간 영업이익 YoY 계산 성공,ok,OCF 추출 성공,2026 Q1,3개월,65.3,53.2,22.6,thstrm_amount,frmtrm_q_amount,CFS,fnlttSinglAcntAll,영업이익(손실),dart_OperatingIncomeLoss,ok,3개월 기준 YoY 계산 성공,턴어라운드,20,5,현금창출양호,2.07,default,-3,99.1,95.1
005300,롯데칠성,,107400,33.5,9.0,11.7,-30.6,7.2,-4.8,-13.0,-22.8,-6.5,-8.3,-12.9,1.03,154800,100200,0,False,False,False,34224,31846,36.4,37.2,36.7,1.07,0,False,False,False,False,-,64.0,29.9,-65.8,48.9,-198.0,True,8,강세,-4,0,-1,-3,82.0,31.5,1518.25,,3.0,-121906.0,-121906.0,-121906.0,10,10,1.0,72.0,68.0,005300,00120571,0,0,0,0,,,,,,,,,,,안전,2025.0,1671.6,1849.3,-9.6,CFS,영업이익(손실),dart_OperatingIncomeLoss,3536.2,3252.2,영업활동현금흐름,ifrs-full_CashFlowsFromUsedInOperatingActivities,ok,연간 영업이익 YoY 계산 성공,ok,OCF 추출 성공,2026 Q1,3개월,478.0,250.3,91.0,thstrm_amount,frmtrm_q_amount,CFS,fnlttSinglAcntAll,영업이익(손실),dart_OperatingIncomeLoss,ok,3개월 기준 YoY 계산 성공,턴어라운드,20,5,현금창출양호,2.12,default,2,99.0,95.0
006880,신송홀딩스,,5370,18.9,10.4,2.0,-39.2,2.7,-11.7,-24.0,-21.5,-14.0,-20.8,-22.0,0.84,8830,5230,0,False,False,False,79131,83779,3.5,4.5,5.4,0.94,0,False,False,False,False,-,81.8,0.8,3.2,-10.3,4.3,True,15,강세,-4,0,-1,-3,82.0,31.5,1518.25,,3.0,-121906.0,-121906.0,-121906.0,10,10,1.0,96.8,92.8,006880,00136402,0,0,0,0,,,,,,,,,,,안전,2025.0,103.1,84.0,22.7,CFS,영업이익(손실),dart_OperatingIncomeLoss,-89.4,22.6,영업활동현금흐름,ifrs-full_CashFlowsFromUsedInOperatingActivities,ok,연간 영업이익 YoY 계산 성공,ok,OCF 추출 성공,2026 Q1,3개월,27.5,24.7,11.2,thstrm_amount,frmtrm_q_amount,CFS,fnlttSinglAcntAll,영업이익(손실),dart_OperatingIncomeLoss,ok,3개월 기준 YoY 계산 성공,성장지속,10,-10,밸류트랩의심,-0.87,default,2,98.8,94.8
003160,디아이,,25100,35.2,8.5,0.0,-39.8,101.1,-24.5,-27.4,-30.3,-18.2,-20.6,-1.9,0.84,41700,12480,0,False,False,False,385101,382711,81.1,106.9,118.1,1.01,0,False,False,False,False,-,76.8,4.0,-78.4,110.3,-95.2,True,8,강세,-4,0,-1,-3,82.0,31.5,1518.25,,3.0,-121906.0,-121906.0,-121906.0,10,10,1.0,84.8,80.8,003160,00118275,0,1,0,0,,[20251121] 유상증자또는주식관련사채등의발행결과(자율공시)               (20251121800663),,,,https://dart.fss.or.kr/dsaf001/main.do?rcpNo=20251121800663,,,,20251121800663,주의,2025.0,365.1,30.8,1084.8,CFS,영업이익(손실),dart_OperatingIncomeLoss,490.3,-149.3,영업활동현금흐름,ifrs-full_CashFlowsFromUsedInOperatingActivities,ok,연간 영업이익 YoY 계산 성공,ok,OCF 추출 성공,2026 Q1,3개월,188.7,99.3,90.1,thstrm_amount,frmtrm_q_amount,CFS,fnlttSinglAcntAll,영업이익(손실),dart_OperatingIncomeLoss,ok,3개월 기준 YoY 계산 성공,성장지속,10,5,현금창출양호,1.34,default,-1,98.8,94.8
003200,일신방직,,10240,26.3,12.2,16.8,-42.5,10.7,-6.4,-22.1,-29.1,-11.2,-14.8,-13.9,0.77,17800,9250,0,False,False,False,31144,31832,2.5,3.2,3.7,0.98,0,False,False,False,False,-,75.8,0.3,-1.8,-0.8,-3.9,True,8,강세,-4,0,-1,-3,82.0,31.5,1518.25,,3.0,-121906.0,-121906.0,-121906.0,10,10,1.0,83.8,79.8,003200,00146269,0,0,0,0,,,,,,,,,,,안전,2025.0,124.1,90.6,36.9,CFS,영업이익,dart_OperatingIncomeLoss,372.5,473.2,영업활동현금흐름,ifrs-full_CashFlowsFromUsedInOperatingActivities,ok,연간 영업이익 YoY 계산 성공,ok,OCF 추출 성공,2026 Q1,3개월,29.9,28.1,6.5,thstrm_amount,frmtrm_q_amount,CFS,fnlttSinglAcntAll,영업이익,dart_OperatingIncomeLoss,ok,3개월 기준 YoY 계산 성공,성장지속,10,5,현금창출양호,3.0,default,0,98.8,94.8
249420,일동제약,,20300,34.7,4.9,12.7,-54.9,75.6,-9.0,-25.8,-47.7,-9.3,-21.7,-30.8,0.72,45050,11560,0,False,False,False,271468,290547,43.4,57.7,65.7,0.93,0,False,False,False,False,-,75.8,29.0,-45.4,123.6,-129.5,True,8,강세,-4,0,-1,-3,82.0,31.5,1518.25,,3.0,-121906.0,-121906.0,-121906.0,10,10,1.0,83.8,79.8,249420,01168383,0,0,0,0,,,,,,,,,,,안전,2025.0,194.8,131.2,48.5,CFS,영업이익(손실),dart_OperatingIncomeLoss,189.5,282.9,영업활동현금흐름,ifrs-full_CashFlowsFromUsedInOperatingActivities,ok,연간 영업이익 YoY 계산 성공,ok,OCF 추출 성공,2026 Q1,3개월,92.3,41.9,120.0,thstrm_amount,frmtrm_q_amount,CFS,fnlttSinglAcntAll,영업이익(손실),dart_OperatingIncomeLoss,ok,3개월 기준 YoY 계산 성공,성장지속,10,5,현금창출양호,0.97,default,0,98.8,94.8
103590,일진전기,,85500,14.8,2.2,11.2,-42.2,196.4,-19.3,-28.5,-4.5,-27.5,-12.9,30.2,0.59,147900,28850,0,False,False,False,484585,729329,357.1,453.7,894.0,0.66,0,False,False,False,False,-,81.7,277.0,-391.4,-67.0,-616.7,True,8,강세,-4,0,-1,-3,82.0,31.5,1518.25,,3.0,-121906.0,-121906.0,-121906.0,10,10,1.0,89.7,85.7,103590,00683469,0,0,0,0,,,,,,,,,,,안전,2025.0,1512.3,797.4,89.6,CFS,영업이익(손실),dart_OperatingIncomeLoss,868.6,1056.8,영업활동현금흐름,ifrs-full_CashFlowsFromUsedInOperatingActivities,ok,연간 영업이익 YoY 계산 성공,ok,OCF 추출 성공,2026 Q1,3개월,507.6,340.4,49.1,thstrm_amount,frmtrm_q_amount,CFS,fnlttSinglAcntAll,영업이익(손실),dart_OperatingIncomeLoss,ok,3개월 기준 YoY 계산 성공,성장지속,10,2,현금창출보통,0.57,default,-3,98.7,94.7
005750,대림바스,,4475,33.3,22.6,4.8,-30.6,12.7,-10.7,-21.6,-16.4,-11.8,-18.3,-9.7,1.26,6450,3970,0,False,False,False,53480,52445,3.0,2.5,2.7,1.02,4,False,False,False,True,거래량동반양봉,69.3,0.2,0.0,-5.9,-0.1,True,8,강세,-4,0,-1,-3,82.0,31.5,1518.25,,3.0,-121906.0,-121906.0,-121906.0,10,10,1.0,81.3,77.3,005750,00109754,0,0,0,0,,,,,,,,,,,안전,2025.0,186.2,101.0,84.4,CFS,영업이익,dart_OperatingIncomeLoss,135.1,206.9,영업활동으로 인한 현금흐름,ifrs-full_CashFlowsFromUsedInOperatingActivities,ok,연간 영업이익 YoY 계산 성공,ok,OCF 추출 성공,2026 Q1,3개월,55.8,40.4,38.3,thstrm_amount,frmtrm_q_amount,CFS,fnlttSinglAcntAll,영업이익,dart_OperatingIncomeLoss,ok,3개월 기준 YoY 계산 성공,성장지속,10,5,현금창출양호,0.73,default,2,98.3,94.3
021050,서원,,1221,27.2,9.2,6.5,-38.6,21.5,-19.1,-20.6,-7.8,-19.3,-13.0,-0.5,0.27,1990,1005,0,False,False,False,719368,2213250,7.2,9.4,37.0,0.33,0,False,False,False,False,-,78.1,2.4,-0.0,4.8,0.6,True,8,강세,-4,0,-1,-3,82.0,31.5,1518.25,,3.0,-121906.0,-121906.0,-121906.0,10,10,1.0,86.1,82.1,021050,00131197,0,0,0,0,,,,,,,,,,,안전,2025.0,-570.6,115.4,-594.6,CFS,영업외손익,dart_NonOperatingProfitLoss,-97.0,377.6,영업활동현금흐름,ifrs-full_CashFlowsFromUsedInOperatingActivities,ok,연간 영업이익 YoY 계산 성공,ok,OCF 추출 성공,2026 Q1,3개월,-46.1,-109.7,58.0,thstrm_amount,frmtrm_q_amount,CFS,fnlttSinglAcntAll,영업외손익,dart_NonOperatingProfitLoss,ok,3개월 기준 YoY 계산 성공,턴어라운드,20,-5,이중적자,,default,-3,98.1,94.1
229640,LS에코에너지,,64800,31.8,3.4,-0.1,-41.0,108.4,-20.3,-28.7,40.0,-21.1,0.7,40.6,0.53,109800,31100,0,False,False,False,252969,418765,140.3,177.9,355.0,0.6,0,False,False,False,False,-,83.0,248.0,-172.4,266.0,102.5,True,8,강세,-4,0,-1,-3,82.0,31.5,1518.25,,3.0,-121906.0,-121906.0,-121906.0,10,10,1.0,91.0,87.0,229640,01093007,0,0,0,0,,,,,,,,,,,안전,2025.0,-5.1,-10.0,48.9,CFS,기타영업외손익,dart_NonOperatingProfitLoss,724.8,185.2,영업활동현금흐름,ifrs-full_CashFlowsFromUsedInOperatingActivities,ok,연간 영업이익 YoY 계산 성공,ok,OCF 추출 성공,2026 Q1,3개월,1.1,0.9,20.2,thstrm_amount,frmtrm_q_amount,CFS,fnlttSinglAcntAll,기타영업외손익,dart_NonOperatingProfitLoss,ok,3개월 기준 YoY 계산 성공,성장지속,10,0,회계손실현금유입,,default,-3,98.0,94.0
006060,화승인더,,2735,27.9,11.6,12.2,-48.5,3.8,-8.5,-21.6,-22.1,-12.6,-16.1,-25.3,0.33,5310,2635,0,False,False,False,158981,203923,1.9,4.4,6.5,0.78,0,False,False,False,False,-,79.9,-2.8,0.1,-23.7,18.3,True,8,강세,-4,0,-1,-3,82.0,31.5,1518.25,,3.0,-121906.0,-121906.0,-121906.0,10,10,1.0,87.9,83.9,006060,00166227,0,0,0,0,,,,,,,,,,,안전,2025.0,-512.2,-560.6,8.6,CFS,영업외손익,dart_NonOperatingProfitLoss,1800.0,969.8,영업활동현금흐름,ifrs-full_CashFlowsFromUsedInOperatingActivities,ok,연간 영업이익 YoY 계산 성공,ok,OCF 추출 성공,2026 Q1,3개월,-29.8,-134.5,77.8,thstrm_amount,frmtrm_q_amount,CFS,fnlttSinglAcntAll,영업외손익,dart_NonOperatingProfitLoss,ok,3개월 기준 YoY 계산 성공,성장지속,10,0,회계손실현금유입,,default,0,97.9,93.9
030720,동원수산,,5600,22.4,7.8,14.2,-30.4,6.1,-9.7,-20.8,-5.4,-13.0,-11.1,-8.8,1.12,8050,5280,0,False,False,False,54774,59062,3.8,3.2,3.9,0.93,0,False,False,False,False,-,72.5,0.9,0.0,-1.0,-0.0,True,8,강세,-4,0,-1,-3,82.0,31.5,1518.25,,3.0,-121906.0,-121906.0,-121906.0,10,10,1.0,80.5,76.5,030720,00118044,0,0,0,0,,,,,,,,,,,안전,2025.0,88.3,53.2,65.8,CFS,영업이익(손실),dart_OperatingIncomeLoss,114.8,185.4,영업활동현금흐름,ifrs-full_CashFlowsFromUsedInOperatingActivities,ok,연간 영업이익 YoY 계산 성공,ok,OCF 추출 성공,2026 Q1,3개월,36.4,22.1,64.4,thstrm_amount,frmtrm_q_amount,CFS,fnlttSinglAcntAll,영업이익(손실),dart_OperatingIncomeLoss,ok,3개월 기준 YoY 계산 성공,성장지속,10,5,현금창출양호,1.3,default,2,97.5,93.5
105840,우진,,18940,26.6,7.6,16.8,-40.3,122.6,-14.3,-34.0,-25.3,-17.3,-22.6,-2.6,0.71,31700,8510,0,False,False,False,348987,561221,75.8,70.2,137.6,0.62,0,False,False,False,False,-,79.4,67.7,-16.9,-123.2,-36.5,True,8,강세,-4,0,-1,-3,82.0,31.5,1518.25,,3.0,-121906.0,-121906.0,-121906.0,10,10,1.0,87.4,83.4,105840,00173944,0,0,0,0,,,,,,,,,,,안전,2025.0,141.8,161.1,-12.0,CFS,영업이익,dart_OperatingIncomeLoss,-20.6,114.0,영업활동현금흐름,ifrs-full_CashFlowsFromUsedInOperatingActivities,ok,연간 영업이익 YoY 계산 성공,ok,OCF 추출 성공,2026 Q1,3개월,50.0,-6.9,824.1,thstrm_amount,frmtrm_q_amount,CFS,fnlttSinglAcntAll,영업이익(손실),dart_OperatingIncomeLoss,ok,3개월 기준 YoY 계산 성공,턴어라운드,20,-10,밸류트랩의심,-0.15,default,0,97.4,93.4
381970,케이카,,8670,19.6,13.3,-5.4,-49.6,3.2,-11.2,-21.8,-41.8,-11.9,-20.0,-39.6,1.09,17210,8405,0,False,False,False,179423,182185,17.1,16.3,18.1,0.98,0,False,False,False,False,-,85.4,8.3,-30.5,4.9,-86.5,True,8,강세,-4,0,-1,-3,82.0,31.5,1518.25,,3.0,-121906.0,-121906.0,-121906.0,10,10,1.0,93.4,89.4,381970,01323032,0,0,0,0,,,,,,,,,,,안전,2025.0,759.7,681.1,11.5,OFS,영업이익(손실),dart_OperatingIncomeLoss,770.4,556.6,영업활동으로 인한 현금흐름,ifrs-full_CashFlowsFromUsedInOperatingActivities,ok,연간 영업이익 YoY 계산 성공,ok,OCF 추출 성공,2026 Q1,3개월,142.1,214.6,-33.8,thstrm_amount,frmtrm_q_amount,OFS,fnlttSinglAcntAll,영업이익(손실),dart_OperatingIncomeLoss,ok,3개월 기준 YoY 계산 성공,관망,0,5,현금창출양호,1.01,default,-1,97.4,93.4
002900,TYM,,6560,3.8,4.7,-0.1,-33.7,36.7,-13.3,-17.5,-10.7,-17.9,-11.6,-0.8,0.61,9900,4800,0,False,False,False,480864,622315,25.2,33.7,51.1,0.77,0,False,False,False,False,-,77.2,-9.0,4.3,5.8,19.6,True,8,강세,-4,0,-1,-3,82.0,31.5,1518.25,,3.0,-121906.0,-121906.0,-121906.0,10,10,1.0,85.2,81.2,002900,00117230,0,0,0,0,,,,,,,,,,,안전,2025.0,640.8,160.8,298.5,CFS,영업이익(손실),dart_OperatingIncomeLoss,1312.7,897.7,영업활동현금흐름,ifrs-full_CashFlowsFromUsedInOperatingActivities,ok,연간 영업이익 YoY 계산 성공,ok,OCF 추출 성공,2026 Q1,3개월,350.4,151.4,131.5,thstrm_amount,frmtrm_q_amount,CFS,fnlttSinglAcntAll,영업이익(손실),dart_OperatingIncomeLoss,ok,3개월 기준 YoY 계산 성공,성장지속,10,5,현금창출양호,2.05,default,-3,97.2,93.2
185750,종근당,,76600,36.0,8.7,7.7,-28.3,0.8,-4.0,-11.9,-18.0,-4.8,-10.2,-9.7,1.26,106800,76000,0,False,False,False,40470,34103,32.9,31.7,27.5,1.19,0,False,False,False,False,-,61.5,14.5,-15.3,-47.5,-40.2,True,8,강세,-4,0,-1,-3,82.0,31.5,1518.25,,3.0,-121906.0,-121906.0,-121906.0,10,10,1.0,69.5,65.5,185750,00992871,0,1,0,0,,[20251015] 유상증자또는주식관련사채등의발행결과(자율공시)               (20251015800511),,,,https://dart.fss.or.kr/dsaf001/main.do?rcpNo=20251015800511,,,,20251015800511,주의,2025.0,805.7,994.6,-19.0,CFS,영업이익(손실),dart_OperatingIncomeLoss,673.6,642.9,영업활동현금흐름,ifrs-full_CashFlowsFromUsedInOperatingActivities,ok,연간 영업이익 YoY 계산 성공,ok,OCF 추출 성공,2026 Q1,3개월,140.9,124.5,13.1,thstrm_amount,frmtrm_q_amount,CFS,fnlttSinglAcntAll,영업이익(손실),dart_OperatingIncomeLoss,ok,3개월 기준 YoY 계산 성공,턴어라운드,20,5,현금창출양호,0.84,default,2,96.5,92.5
018470,조일알미늄,,1234,20.2,7.4,11.1,-44.8,12.7,-11.5,-32.8,1.1,-15.7,-19.5,-11.0,0.49,2235,1095,0,False,False,False,1639511,3560172,21.0,21.1,55.5,0.46,0,False,False,False,False,-,83.5,11.5,-0.0,17.7,-0.5,True,8,강세,-4,0,-1,-3,82.0,31.5,1518.25,,3.0,-121906.0,-121906.0,-121906.0,10,10,1.0,91.5,87.5,018470,00149239,0,0,0,0,,,,,,,,,,,안전,2025.0,138.0,201.1,-31.4,OFS,영업이익(손실),dart_OperatingIncomeLoss,177.4,15.0,영업활동현금흐름,ifrs-full_CashFlowsFromUsedInOperatingActivities,ok,연간 영업이익 YoY 계산 성공,ok,OCF 추출 성공,2026 Q1,3개월,131.0,119.5,9.6,thstrm_amount,frmtrm_q_amount,OFS,fnlttSinglAcntAll,영업이익(손실),dart_OperatingIncomeLoss,ok,3개월 기준 YoY 계산 성공,관망,0,5,현금창출양호,1.29,default,0,96.5,92.5
009290,광동제약,,6550,25.8,9.6,6.2,-48.8,22.4,-9.2,-22.9,-31.3,-12.1,-18.8,-3.6,0.77,12800,5350,0,False,False,False,269516,256187,13.0,18.3,19.2,1.05,0,False,False,False,False,-,83.5,10.8,-0.0,22.6,-0.4,True,8,강세,-4,0,-1,-3,82.0,31.5,1518.25,,3.0,-121906.0,-121906.0,-121906.0,10,10,1.0,91.5,87.5,009290,00103592,0,0,0,0,,,,,,,,,,,안전,2025.0,310.5,301.0,3.2,CFS,영업이익,dart_OperatingIncomeLoss,823.4,-121.5,영업활동현금흐름,ifrs-full_CashFlowsFromUsedInOperatingActivities,ok,연간 영업이익 YoY 계산 성공,ok,OCF 추출 성공,2026 Q1,3개월,75.2,33.1,127.3,thstrm_amount,frmtrm_q_amount,CFS,fnlttSinglAcntAll,영업이익,dart_OperatingIncomeLoss,ok,3개월 기준 YoY 계산 성공,관망,0,5,현금창출양호,2.65,default,0,96.5,92.5
007120,미래아이앤지,,1315,18.5,19.8,21.2,-56.0,68.6,-7.8,-32.6,5.1,-15.6,-27.7,8.5,0.26,2990,780,0,False,False,False,128548,167769,0.6,1.7,2.7,0.77,0,False,False,False,False,-,79.1,-0.3,-0.0,3.9,-0.0,True,0,강세,-4,0,-1,-3,82.0,31.5,1518.25,,3.0,-121906.0,-121906.0,-121906.0,10,10,1.0,79.1,75.1,007120,00104786,0,2,0,0,,[20260327] 최대주주등소유주식변동신고서(최대주주변경시)               (20260327802756) || [20260327] 최대주주변경               (20260327802500),,,,https://dart.fss.or.kr/dsaf001/main.do?rcpNo=20260327802756 || https://dart.fss.or.kr/dsaf001/main.do?rcpNo=20260327802500,,,,20260327802756 || 20260327802500,주의,2025.0,38.0,20.1,88.7,OFS,영업이익,dart_OperatingIncomeLoss,72.6,51.0,영업활동 현금흐름,ifrs-full_CashFlowsFromUsedInOperatingActivities,ok,연간 영업이익 YoY 계산 성공,ok,OCF 추출 성공,2026 Q1,3개월,8.0,-0.7,1176.9,thstrm_amount,frmtrm_q_amount,OFS,fnlttSinglAcntAll,영업이익,dart_OperatingIncomeLoss,ok,3개월 기준 YoY 계산 성공,성장지속,10,5,현금창출양호,1.91,default,2,96.1,92.1
002990,금호건설,,3730,28.2,15.3,11.7,-37.7,33.9,-12.3,-34.6,-24.8,-16.7,-24.0,-12.7,0.88,5990,2785,0,False,False,False,145331,165330,5.5,5.7,7.6,0.88,0,False,False,False,False,-,79.1,-2.6,-0.7,-18.7,-10.1,True,0,강세,-4,0,-1,-3,82.0,31.5,1518.25,,3.0,-121906.0,-121906.0,-121906.0,10,10,1.0,79.1,75.1,002990,00106313,0,2,0,0,,[20260417] [기재정정]주요사항보고서(유상증자결정) (20260417000439) || [20260326] 주요사항보고서(유상증자결정) (20260326001295),,,,https://dart.fss.or.kr/dsaf001/main.do?rcpNo=20260417000439 || https://dart.fss.or.kr/dsaf001/main.do?rcpNo=20260326001295,,,,20260417000439 || 20260326001295,주의,2025.0,470.8,-1818.3,125.9,CFS,영업이익,dart_OperatingIncomeLoss,510.3,803.0,영업활동현금흐름,ifrs-full_CashFlowsFromUsedInOperatingActivities,ok,연간 영업이익 YoY 계산 성공,ok,OCF 추출 성공,2026 Q1,3개월,121.2,57.4,111.2,thstrm_amount,frmtrm_q_amount,CFS,fnlttSinglAcntAll,영업이익,dart_OperatingIncomeLoss,ok,3개월 기준 YoY 계산 성공,성장지속,10,5,현금창출양호,1.08,default,2,96.1,92.1
016590,신대양제지,,9020,19.9,9.0,2.4,-50.3,4.6,-15.9,-29.9,-40.3,-18.0,-26.2,-27.6,0.88,18150,8620,5,True,False,False,46101,33048,2.6,4.5,3.6,1.39,0,False,False,False,False,-,89.0,2.0,-2.1,0.2,-2.6,True,8,강세,-4,0,-1,-3,82.0,31.5,1518.25,,3.0,-121906.0,-121906.0,-121906.0,10,10,1.0,102.0,98.0,016590,00135777,0,2,0,0,,[20251106] 최대주주변경               (20251106800769) || [20251106] 최대주주등소유주식변동신고서(최대주주변경시)               (20251106800729),,,,https://dart.fss.or.kr/dsaf001/main.do?rcpNo=20251106800769 || https://dart.fss.or.kr/dsaf001/main.do?rcpNo=20251106800729,,,,20251106800769 || 20251106800729,주의,2025.0,222.4,292.8,-24.1,CFS,영업이익,dart_OperatingIncomeLoss,595.9,616.4,영업활동현금흐름,ifrs-full_CashFlowsFromUsedInOperatingActivities,ok,연간 영업이익 YoY 계산 성공,ok,OCF 추출 성공,2026 Q1,3개월,37.8,58.9,-35.9,thstrm_amount,frmtrm_q_amount,CFS,fnlttSinglAcntAll,영업이익,dart_OperatingIncomeLoss,ok,3개월 기준 YoY 계산 성공,하락지속,-10,5,현금창출양호,2.68,default,-1,96.0,92.0
039130,하나투어,,35500,18.3,2.8,3.7,-39.4,0.4,-6.9,-17.0,-26.2,-9.4,-12.7,-23.5,1.21,58600,35350,0,False,False,False,64069,68387,29.2,23.7,27.0,0.94,0,False,False,False,False,-,78.8,-11.1,-42.5,-129.0,-71.7,True,0,강세,-4,0,-1,-3,82.0,31.5,1518.25,,3.0,-121906.0,-121906.0,-121906.0,10,10,1.0,78.8,74.8,039130,00269940,0,0,0,0,,,,,,,,,,,안전,2025.0,576.3,509.2,13.2,CFS,영업이익,dart_OperatingIncomeLoss,1010.9,880.1,영업활동으로 인한 현금흐름,ifrs-full_CashFlowsFromUsedInOperatingActivities,ok,연간 영업이익 YoY 계산 성공,ok,OCF 추출 성공,2026 Q1,3개월,167.6,122.8,36.5,thstrm_amount,frmtrm_q_amount,CFS,fnlttSinglAcntAll,영업이익,dart_OperatingIncomeLoss,ok,3개월 기준 YoY 계산 성공,성장지속,10,5,현금창출양호,1.75,default,2,95.8,91.8
002020,코오롱,,55300,16.5,13.9,10.7,-37.3,149.1,-17.5,-26.3,-19.7,-17.9,-13.9,4.3,0.89,88200,22200,0,False,False,False,75532,117161,56.9,43.7,82.5,0.64,4,False,False,False,True,거래량동반양봉,77.8,4.1,-32.8,-90.2,58.3,True,8,강세,-4,0,-1,-3,82.0,31.5,1518.25,,3.0,-121906.0,-121906.0,-121906.0,10,10,1.0,89.8,85.8,002020,00152862,0,5,0,0,,[20260406] [기재정정]유상증자또는주식관련사채등의발행결과(자율공시)               (20260406801050) || [20260406] [기재정정]유상증자또는주식관련사채등의발행결과(자율공시)               (20260406801026) || [20260406] 유상증자또는주식관련사채등의발행결과(자율공시)               (20260406800965),,,,https://dart.fss.or.kr/dsaf001/main.do?rcpNo=20260406801050 || https://dart.fss.or.kr/dsaf001/main.do?rcpNo=20260406801026 || https://dart.fss.or.kr/dsaf001/main.do?rcpNo=20260406800965,,,,20260406801050 || 20260406801026 || 20260406800965,주의,2025.0,605.0,-920.1,165.8,CFS,영업이익(손실),dart_OperatingIncomeLoss,104.1,-1797.1,영업활동현금흐름,ifrs-full_CashFlowsFromUsedInOperatingActivities,ok,연간 영업이익 YoY 계산 성공,ok,OCF 추출 성공,2026 Q1,3개월,987.8,382.4,158.3,thstrm_amount,frmtrm_q_amount,CFS,fnlttSinglAcntAll,영업이익(손실),dart_OperatingIncomeLoss,ok,3개월 기준 YoY 계산 성공,성장지속,10,-3,현금창출약함,0.17,default,-1,95.8,91.8
178920,PI첨단소재,,22950,30.5,5.8,-0.9,-28.6,54.2,-18.0,-13.9,14.5,-16.8,-9.3,17.9,1.21,32150,14880,0,False,False,False,188984,246990,67.4,46.5,69.9,0.77,0,False,False,False,False,-,73.7,15.4,-17.7,154.4,-10.9,True,8,강세,-4,0,-1,-3,82.0,31.5,1518.25,,3.0,-121906.0,-121906.0,-121906.0,10,10,1.0,81.7,77.7,178920,00767460,0,0,0,0,,,,,,,,,,,안전,2025.0,430.4,338.3,27.2,OFS,영업이익,dart_OperatingIncomeLoss,782.7,551.3,영업활동현금흐름,ifrs-full_CashFlowsFromUsedInOperatingActivities,ok,연간 영업이익 YoY 계산 성공,ok,OCF 추출 성공,2026 Q1,3개월,140.5,86.3,62.8,thstrm_amount,frmtrm_q_amount,OFS,fnlttSinglAcntAll,영업이익,dart_OperatingIncomeLoss,ok,3개월 기준 YoY 계산 성공,성장지속,10,5,현금창출양호,1.82,default,-1,95.7,91.7
016090,대현,,1590,29.7,11.4,14.5,-19.2,2.6,-3.8,-11.4,-7.1,-6.6,-7.5,-8.4,0.49,1969,1550,0,False,False,False,179076,315513,2.5,2.9,5.5,0.57,0,False,False,False,False,-,62.2,0.8,-0.5,-1.3,1.2,True,8,강세,-4,0,-1,-3,82.0,31.5,1518.25,,3.0,-121906.0,-121906.0,-121906.0,10,10,1.0,70.2,66.2,016090,00113614,0,0,0,0,,,,,,,,,,,안전,2025.0,70.8,143.7,-50.8,OFS,영업이익,dart_OperatingIncomeLoss,260.9,156.9,영업활동현금흐름,ifrs-full_CashFlowsFromUsedInOperatingActivities,ok,연간 영업이익 YoY 계산 성공,ok,OCF 추출 성공,2026 Q1,3개월,35.7,10.6,237.0,thstrm_amount,frmtrm_q_amount,OFS,fnlttSinglAcntAll,영업이익,dart_OperatingIncomeLoss,ok,3개월 기준 YoY 계산 성공,턴어라운드,20,5,현금창출양호,3.69,default,0,95.2,91.2
117580,대성에너지,,7340,21.2,9.4,6.4,-54.6,1.8,-6.6,-19.3,-8.7,-8.9,-18.2,-14.4,0.64,16150,7210,0,False,False,False,296714,270321,12.2,22.5,22.2,1.1,0,False,False,False,False,-,82.1,3.2,-0.3,-8.3,-2.9,True,8,강세,-4,0,-1,-3,82.0,31.5,1518.25,,3.0,-121906.0,-121906.0,-121906.0,10,10,1.0,90.1,86.1,117580,00787376,0,0,0,0,,,,,,,,,,,안전,2025.0,303.5,204.8,48.2,OFS,영업이익,dart_OperatingIncomeLoss,495.9,453.8,영업활동현금흐름,ifrs-full_CashFlowsFromUsedInOperatingActivities,ok,연간 영업이익 YoY 계산 성공,ok,OCF 추출 성공,2026 Q1,3개월,257.3,267.9,-3.9,thstrm_amount,frmtrm_q_amount,OFS,fnlttSinglAcntAll,영업이익(손실),dart_OperatingIncomeLoss,ok,3개월 기준 YoY 계산 성공,관망,0,5,현금창출양호,1.63,default,0,95.1,91.1
483650,달바글로벌,,187400,22.8,13.3,6.1,-31.7,79.2,-12.0,-21.4,10.6,-14.5,-4.7,12.7,1.2,274500,104600,0,False,False,False,209528,242880,556.0,413.4,546.9,0.86,0,False,False,False,False,-,76.1,719.1,-481.3,1293.8,-333.1,True,8,강세,-4,0,-1,-3,82.0,31.5,1518.25,,3.0,-121906.0,-121906.0,-121906.0,10,10,1.0,84.1,80.1,483650,01649204,0,0,0,0,,,,,,,,,,,안전,2025.0,1014.7,598.4,69.6,CFS,영업이익,dart_OperatingIncomeLoss,684.8,158.1,Ⅰ. 영업활동으로 인한 현금흐름,ifrs-full_CashFlowsFromUsedInOperatingActivities,ok,연간 영업이익 YoY 계산 성공,ok,OCF 추출 성공,2026 Q1,3개월,450.9,300.5,50.0,thstrm_amount,frmtrm_q_amount,CFS,fnlttSinglAcntAll,영업이익,dart_OperatingIncomeLoss,ok,3개월 기준 YoY 계산 성공,성장지속,10,2,현금창출보통,0.67,default,-1,95.1,91.1
465770,STX그린로지스,,2715,19.9,5.0,-0.5,-78.1,inf,-16.3,-43.7,-54.1,-23.4,-45.7,-57.4,0.32,12400,0,0,False,False,False,136810,273948,2.3,4.1,10.5,0.5,0,False,False,False,False,-,90.0,1.5,0.2,6.3,0.1,True,15,강세,-4,0,-1,-3,82.0,31.5,1518.25,,3.0,-121906.0,-121906.0,-121906.0,10,10,1.0,105.0,101.0,465770,01784394,0,0,2,0,,,[20250703] 매매거래정지및정지해제(풍문등조회공시)               (20250703800629) || [20250702] 매매거래정지및정지해제(풍문등조회공시)               (20250702800680),,,,https://dart.fss.or.kr/dsaf001/main.do?rcpNo=20250703800629 || https://dart.fss.or.kr/dsaf001/main.do?rcpNo=20250702800680,,,,안전,2025.0,-124.7,71.6,-274.3,CFS,영업이익,dart_OperatingIncomeLoss,165.4,240.6,영업활동으로 인한 현금흐름,ifrs-full_CashFlowsFromUsedInOperatingActivities,ok,연간 영업이익 YoY 계산 성공,ok,OCF 추출 성공,2026 Q1,3개월,-13.8,-4.7,-192.6,thstrm_amount,frmtrm_q_amount,CFS,fnlttSinglAcntAll,영업이익(손실),dart_OperatingIncomeLoss,ok,3개월 기준 YoY 계산 성공,하락지속,-10,0,회계손실현금유입,,default,0,95.0,91.0
129260,인터지스,,1944,13.7,12.7,4.0,-51.5,3.0,-10.2,-24.1,-24.7,-12.9,-17.9,-23.3,0.95,4005,1887,5,True,False,False,151826,107617,2.0,3.1,2.4,1.41,0,False,False,False,False,-,84.8,0.2,-0.0,-3.4,-0.1,True,8,강세,-4,0,-1,-3,82.0,31.5,1518.25,,3.0,-121906.0,-121906.0,-121906.0,10,10,1.0,97.8,93.8,129260,00151368,0,0,0,0,,,,,,,,,,,안전,2025.0,197.6,238.6,-17.2,CFS,영업이익,dart_OperatingIncomeLoss,342.8,245.7,영업활동으로 인한 현금흐름,ifrs-full_CashFlowsFromUsedInOperatingActivities,ok,연간 영업이익 YoY 계산 성공,ok,OCF 추출 성공,2026 Q1,3개월,34.8,83.0,-58.1,thstrm_amount,frmtrm_q_amount,CFS,fnlttSinglAcntAll,영업이익,dart_OperatingIncomeLoss,ok,3개월 기준 YoY 계산 성공,하락지속,-10,5,현금창출양호,1.73,default,2,94.8,90.8
007540,샘표,,43500,29.0,10.7,5.1,-40.5,5.2,-5.9,-17.5,-33.1,-8.8,-15.1,-14.0,0.92,73100,41350,0,False,False,False,5964,7326,2.9,2.7,3.5,0.81,0,False,False,False,False,-,77.7,-0.8,-0.2,-7.0,-1.8,True,0,강세,-4,0,-1,-3,82.0,31.5,1518.25,,3.0,-121906.0,-121906.0,-121906.0,10,10,1.0,77.7,73.7,007540,00130091,0,0,0,0,,,,,,,,,,,안전,2025.0,241.4,58.8,310.9,CFS,영업이익(손실),dart_OperatingIncomeLoss,618.0,351.2,영업활동현금흐름,ifrs-full_CashFlowsFromUsedInOperatingActivities,ok,연간 영업이익 YoY 계산 성공,ok,OCF 추출 성공,2026 Q1,3개월,65.6,12.0,444.9,thstrm_amount,frmtrm_q_amount,CFS,fnlttSinglAcntAll,영업이익(손실),dart_OperatingIncomeLoss,ok,3개월 기준 YoY 계산 성공,성장지속,10,5,현금창출양호,2.56,default,2,94.7,90.7
047050,포스코인터내셔널,,59900,21.7,3.4,9.9,-34.3,30.8,-12.3,-29.4,-17.0,-16.1,-20.3,-1.4,0.86,91200,45800,0,False,False,False,833784,744444,368.2,525.8,545.3,1.12,0,False,False,False,False,-,79.5,645.8,-692.0,903.9,-1517.6,True,8,강세,-4,0,-1,-3,82.0,31.5,1518.25,,3.0,-121906.0,-121906.0,-121906.0,10,10,1.0,87.5,83.5,047050,00124504,0,2,0,0,,[20260223] [기재정정]유상증자결정(종속회사의주요경영사항)               (20260223801257) || [20251120] 유상증자결정(종속회사의주요경영사항)               (20251120800002),,,,https://dart.fss.or.kr/dsaf001/main.do?rcpNo=20260223801257 || https://dart.fss.or.kr/dsaf001/main.do?rcpNo=20251120800002,,,,20260223801257 || 20251120800002,주의,2025.0,11653.2,11578.4,0.6,CFS,영업이익,dart_OperatingIncomeLoss,19415.4,8768.8,영업활동으로 인한 현금흐름,ifrs-full_CashFlowsFromUsedInOperatingActivities,ok,연간 영업이익 YoY 계산 성공,ok,OCF 추출 성공,2026 Q1,3개월,3575.1,2753.0,29.9,thstrm_amount,frmtrm_q_amount,CFS,fnlttSinglAcntAll,영업이익,dart_OperatingIncomeLoss,ok,3개월 기준 YoY 계산 성공,관망,0,5,현금창출양호,1.67,default,2,94.5,90.5
084870,TBH글로벌,,1864,32.2,30.8,-9.9,-24.2,73.7,-8.2,-16.2,-15.5,-6.6,-10.1,19.2,0.55,2460,1073,0,False,False,False,62036,55532,0.6,1.2,1.1,1.12,0,False,False,False,False,-,64.5,-0.5,0.3,-0.4,0.7,True,8,강세,-4,0,-1,-3,82.0,31.5,1518.25,,3.0,-121906.0,-121906.0,-121906.0,10,10,1.0,72.5,68.5,084870,00409672,0,0,0,0,,,,,,,,,,,안전,2025.0,31.5,33.6,-6.3,CFS,영업이익(손실),dart_OperatingIncomeLoss,128.6,65.0,영업활동현금흐름,ifrs-full_CashFlowsFromUsedInOperatingActivities,ok,연간 영업이익 YoY 계산 성공,ok,OCF 추출 성공,2026 Q1,3개월,-9.1,-27.8,67.3,thstrm_amount,frmtrm_q_amount,CFS,fnlttSinglAcntAll,영업이익(손실),dart_OperatingIncomeLoss,ok,3개월 기준 YoY 계산 성공,턴어라운드,20,5,현금창출양호,4.08,default,-3,94.5,90.5
006200,한국전자홀딩스,,2565,14.0,10.8,8.3,-54.1,7.3,-18.3,-36.0,-40.3,-27.1,-34.7,-29.0,1.2,5590,2390,10,True,True,False,108847,74292,2.4,3.1,2.2,1.47,0,False,False,False,False,-,87.5,-0.8,0.1,-3.0,-0.7,True,8,강세,-4,0,-1,-3,82.0,31.5,1518.25,,3.0,-121906.0,-121906.0,-121906.0,10,10,1.0,105.5,101.5,006200,00159254,0,2,0,0,,[20260304] 주식병합결정               (20260304801670) || [20260213] 유상증자또는주식관련사채등의발행결과(자율공시)               (20260213801923),,,,https://dart.fss.or.kr/dsaf001/main.do?rcpNo=20260304801670 || https://dart.fss.or.kr/dsaf001/main.do?rcpNo=20260213801923,,,,20260304801670 || 20260213801923,주의,2025.0,-140.5,-41.3,-240.6,CFS,Ⅳ. 영업이익(손실),dart_OperatingIncomeLoss,160.3,380.1,I.영업활동 현금흐름,ifrs-full_CashFlowsFromUsedInOperatingActivities,ok,연간 영업이익 YoY 계산 성공,ok,OCF 추출 성공,2026 Q1,3개월,-28.6,-3.1,-815.3,thstrm_amount,frmtrm_q_amount,CFS,fnlttSinglAcntAll,Ⅳ. 영업이익(손실),dart_OperatingIncomeLoss,ok,3개월 기준 YoY 계산 성공,하락지속,-10,0,회계손실현금유입,,default,-1,94.5,90.5
192820,코스맥스,,170000,20.2,7.5,21.5,-40.8,9.5,-6.3,-23.4,-10.5,-9.9,-13.5,-12.2,0.75,287000,155200,0,False,False,False,77775,94791,122.2,134.6,182.0,0.82,0,False,False,False,False,-,74.4,25.6,-55.9,-324.4,-188.1,True,8,강세,-4,0,-1,-3,82.0,31.5,1518.25,,3.0,-121906.0,-121906.0,-121906.0,10,10,1.0,82.4,78.4,192820,01009789,0,0,0,0,,,,,,,,,,,안전,2025.0,1957.9,1754.0,11.6,CFS,영업이익,dart_OperatingIncomeLoss,867.0,729.7,영업활동현금흐름,ifrs-full_CashFlowsFromUsedInOperatingActivities,ok,연간 영업이익 YoY 계산 성공,ok,OCF 추출 성공,2026 Q1,3개월,530.3,513.5,3.3,thstrm_amount,frmtrm_q_amount,CFS,fnlttSinglAcntAll,영업이익,dart_OperatingIncomeLoss,ok,3개월 기준 YoY 계산 성공,성장지속,10,2,현금창출보통,0.44,default,0,94.4,90.4
111110,호전실업,,6490,22.1,5.2,-6.1,-29.4,1.1,-9.1,-18.0,-19.0,-11.3,-12.5,-15.8,1.31,9190,6420,0,False,False,False,27038,27787,2.4,1.8,2.0,0.97,0,False,False,False,False,-,77.3,-0.9,-0.1,-4.3,1.4,True,0,강세,-4,0,-1,-3,82.0,31.5,1518.25,,3.0,-121906.0,-121906.0,-121906.0,10,10,1.0,77.3,73.3,111110,00226316,0,1,0,0,,[20260123] 주요사항보고서(자기전환사채만기전취득결정) (20260123000220),,,,https://dart.fss.or.kr/dsaf001/main.do?rcpNo=20260123000220,,,,20260123000220,주의,2025.0,-78.2,46.2,-269.1,CFS,영업외손익,dart_NonOperatingProfitLoss,254.1,3.7,영업활동현금흐름,ifrs-full_CashFlowsFromUsedInOperatingActivities,ok,연간 영업이익 YoY 계산 성공,ok,OCF 추출 성공,2026 Q1,3개월,29.7,-21.7,237.1,thstrm_amount,frmtrm_q_amount,CFS,fnlttSinglAcntAll,영업외손익,dart_NonOperatingProfitLoss,ok,3개월 기준 YoY 계산 성공,턴어라운드,20,0,회계손실현금유입,,default,-3,94.3,90.3
006360,GS건설,,28200,34.6,10.2,16.4,-37.1,58.5,-11.5,-32.4,25.9,-13.2,-16.2,22.5,0.58,44850,17790,0,False,False,False,1312304,1734302,263.0,385.6,591.0,0.76,0,False,False,False,False,-,71.3,99.9,-132.7,-137.5,-493.8,True,8,강세,-4,0,-1,-3,82.0,31.5,1518.25,,3.0,-121906.0,-121906.0,-121906.0,10,10,1.0,79.3,75.3,006360,00120030,0,0,0,0,,,,,,,,,,,안전,2025.0,4378.1,2859.5,53.1,CFS,영업이익(손실),dart_OperatingIncomeLoss,5915.3,2678.1,영업활동으로 인한 현금흐름,ifrs-full_CashFlowsFromUsedInOperatingActivities,ok,연간 영업이익 YoY 계산 성공,ok,OCF 추출 성공,2026 Q1,3개월,734.7,703.8,4.4,thstrm_amount,frmtrm_q_amount,CFS,fnlttSinglAcntAll,영업이익(손실),dart_OperatingIncomeLoss,ok,3개월 기준 YoY 계산 성공,성장지속,10,5,현금창출양호,1.35,default,0,94.3,90.3
009810,플레이그램,,1916,19.3,19.5,6.3,-55.6,6.4,-13.5,-18.8,-12.3,-13.4,-13.0,-28.9,1.53,4317,1801,5,True,False,False,51940,24530,0.8,1.0,0.5,2.12,0,False,False,False,False,-,82.2,-0.4,0.0,-0.8,-0.9,True,0,강세,-4,0,-1,-3,82.0,31.5,1518.25,,3.0,-121906.0,-121906.0,-121906.0,10,10,1.0,87.2,83.2,009810,00103130,0,3,0,0,,[20260311] 주식병합결정               (20260311801931) || [20251126] 주식병합결정               (20251126800734) || [20250715] [첨부정정]주요사항보고서(전환사채권발행결정) (20250715000028),,,,https://dart.fss.or.kr/dsaf001/main.do?rcpNo=20260311801931 || https://dart.fss.or.kr/dsaf001/main.do?rcpNo=20251126800734 || https://dart.fss.or.kr/dsaf001/main.do?rcpNo=20250715000028,,,,20260311801931 || 20251126800734 || 20250715000028,주의,2025.0,-44.0,-51.0,13.8,CFS,영업이익(손실),dart_OperatingIncomeLoss,115.9,-3.8,영업활동현금흐름,ifrs-full_CashFlowsFromUsedInOperatingActivities,ok,연간 영업이익 YoY 계산 성공,ok,OCF 추출 성공,2026 Q1,3개월,16.7,-9.0,286.6,thstrm_amount,frmtrm_q_amount,CFS,fnlttSinglAcntAll,영업이익(손실),dart_OperatingIncomeLoss,ok,3개월 기준 YoY 계산 성공,성장지속,10,0,회계손실현금유입,,default,-3,94.2,90.2
000700,유수홀딩스,,5280,21.1,25.9,9.8,-26.7,5.6,-6.7,-16.9,-14.8,-7.8,-13.9,-11.3,0.67,7200,5000,5,True,False,False,70620,49725,1.8,3.8,2.8,1.42,0,False,False,False,False,-,66.2,2.2,-0.2,4.0,-1.6,True,8,강세,-4,0,-1,-3,82.0,31.5,1518.25,,3.0,-121906.0,-121906.0,-121906.0,10,10,1.0,79.2,75.2,000700,00163691,0,0,0,0,,,,,,,,,,,안전,2025.0,212.2,183.2,15.9,CFS,영업이익,dart_OperatingIncomeLoss,341.4,45.9,영업활동현금흐름,ifrs-full_CashFlowsFromUsedInOperatingActivities,ok,연간 영업이익 YoY 계산 성공,ok,OCF 추출 성공,2026 Q1,3개월,99.5,65.0,53.1,thstrm_amount,frmtrm_q_amount,CFS,fnlttSinglAcntAll,영업이익,dart_OperatingIncomeLoss,ok,3개월 기준 YoY 계산 성공,성장지속,10,5,현금창출양호,1.61,default,0,94.2,90.2
460850,동국씨엠,,5440,31.4,16.0,3.5,-30.2,8.9,-8.7,-24.2,-8.7,-9.8,-7.7,-2.2,0.52,7790,4995,0,False,False,False,109417,160040,4.3,6.2,9.9,0.68,0,False,False,False,False,-,74.2,-0.8,-0.9,-5.0,-0.5,True,0,강세,-4,0,-1,-3,82.0,31.5,1518.25,,3.0,-121906.0,-121906.0,-121906.0,10,10,1.0,74.2,70.2,460850,01765256,0,0,0,0,,,,,,,,,,,안전,2025.0,-388.3,773.3,-150.2,CFS,영업이익(손실),dart_OperatingIncomeLoss,1370.9,3561.9,영업활동으로 인한 현금흐름,ifrs-full_CashFlowsFromUsedInOperatingActivities,ok,연간 영업이익 YoY 계산 성공,ok,OCF 추출 성공,2026 Q1,3개월,79.8,48.7,64.1,thstrm_amount,frmtrm_q_amount,CFS,fnlttSinglAcntAll,영업이익,dart_OperatingIncomeLoss,ok,3개월 기준 YoY 계산 성공,턴어라운드,20,0,회계손실현금유입,,default,0,94.2,90.2
013580,계룡건설,,20350,10.7,6.2,16.2,-38.9,24.5,-8.9,-31.2,-28.2,-16.3,-22.3,-8.3,0.68,33300,16340,0,False,False,False,112177,105469,14.8,23.6,25.9,1.06,0,False,False,False,False,-,79.1,-5.4,-0.5,-5.0,-4.5,True,0,강세,-4,0,-1,-3,82.0,31.5,1518.25,,3.0,-121906.0,-121906.0,-121906.0,10,10,1.0,79.1,75.1,013580,00102432,0,0,0,0,,,,,,,,,,,안전,2025.0,1668.7,871.4,91.5,CFS,영업이익(손실),dart_OperatingIncomeLoss,2098.7,-80.3,영업활동으로 인한 현금흐름,ifrs-full_CashFlowsFromUsedInOperatingActivities,ok,연간 영업이익 YoY 계산 성공,ok,OCF 추출 성공,2026 Q1,3개월,407.9,311.2,31.1,thstrm_amount,frmtrm_q_amount,CFS,fnlttSinglAcntAll,영업이익(손실),dart_OperatingIncomeLoss,ok,3개월 기준 YoY 계산 성공,성장지속,10,5,현금창출양호,1.26,default,0,94.1,90.1
028100,동아지질,,14140,28.2,16.7,10.4,-26.5,5.5,-9.8,-22.3,-21.0,-12.0,-17.6,-14.2,0.49,19240,13400,0,False,False,False,37062,53605,3.8,5.4,8.8,0.69,0,False,False,False,False,-,70.9,-2.8,2.4,-26.5,45.6,True,8,강세,-4,0,-1,-3,82.0,31.5,1518.25,,3.0,-121906.0,-121906.0,-121906.0,10,10,1.0,78.9,74.9,028100,00178754,0,0,0,0,,,,,,,,,,,안전,2025.0,180.7,96.1,88.0,CFS,영업이익(손실),dart_OperatingIncomeLoss,950.9,90.0,영업활동현금흐름,ifrs-full_CashFlowsFromUsedInOperatingActivities,ok,연간 영업이익 YoY 계산 성공,ok,OCF 추출 성공,2026 Q1,3개월,50.5,35.2,43.6,thstrm_amount,frmtrm_q_amount,CFS,fnlttSinglAcntAll,영업이익(손실),dart_OperatingIncomeLoss,ok,3개월 기준 YoY 계산 성공,성장지속,10,5,현금창출양호,5.26,default,0,93.9,89.9
023800,인지컨트롤스,,5950,12.0,8.0,2.2,-29.7,10.2,-15.8,-27.4,-18.4,-19.2,-18.6,-9.4,0.85,8460,5400,0,False,False,False,121643,117914,5.9,7.8,8.8,1.03,0,False,False,False,False,-,79.7,-3.3,-0.2,5.8,0.1,True,0,강세,-4,0,-1,-3,82.0,31.5,1518.25,,3.0,-121906.0,-121906.0,-121906.0,10,10,1.0,79.7,75.7,023800,00103510,0,2,0,0,,[20260318] 최대주주변경               (20260318800142) || [20260318] 최대주주등소유주식변동신고서(최대주주변경시)               (20260318800138),,,,https://dart.fss.or.kr/dsaf001/main.do?rcpNo=20260318800142 || https://dart.fss.or.kr/dsaf001/main.do?rcpNo=20260318800138,,,,20260318800142 || 20260318800138,주의,2025.0,396.4,264.0,50.2,CFS,영업이익,dart_OperatingIncomeLoss,758.5,299.9,영업활동으로 인한 현금흐름,ifrs-full_CashFlowsFromUsedInOperatingActivities,ok,연간 영업이익 YoY 계산 성공,ok,OCF 추출 성공,2026 Q1,3개월,97.9,97.4,0.5,thstrm_amount,frmtrm_q_amount,CFS,fnlttSinglAcntAll,영업이익,dart_OperatingIncomeLoss,ok,3개월 기준 YoY 계산 성공,성장지속,10,5,현금창출양호,1.91,default,-1,93.7,89.7
009540,HD한국조선해양,,383500,28.6,5.3,5.1,-22.4,36.0,-13.8,-18.8,-14.8,-11.3,-7.7,-8.0,1.48,494500,282000,0,False,False,False,327030,273726,1582.6,1345.6,1180.8,1.19,0,False,False,False,False,-,73.7,-77.3,45.1,502.5,-461.3,True,8,강세,-4,0,-1,-3,82.0,31.5,1518.25,,3.0,-121906.0,-121906.0,-121906.0,10,10,1.0,81.7,77.7,009540,00164830,0,2,0,0,,[20260504] 유상증자또는주식관련사채등의발행결과(자율공시)               (20260504800387) || [20250926] 유상증자결정(종속회사의주요경영사항)               (20250926800434),,,,https://dart.fss.or.kr/dsaf001/main.do?rcpNo=20260504800387 || https://dart.fss.or.kr/dsaf001/main.do?rcpNo=20250926800434,,,,20260504800387 || 20250926800434,주의,2025.0,39044.9,14340.9,172.3,CFS,영업이익,dart_OperatingIncomeLoss,44220.5,42886.6,영업활동으로 인한 순현금흐름,ifrs-full_CashFlowsFromUsedInOperatingActivities,ok,연간 영업이익 YoY 계산 성공,ok,OCF 추출 성공,2026 Q1,3개월,13559.7,8591.5,57.8,thstrm_amount,frmtrm_q_amount,CFS,fnlttSinglAcntAll,영업이익,dart_OperatingIncomeLoss,ok,3개월 기준 YoY 계산 성공,성장지속,10,5,현금창출양호,1.13,default,-3,93.7,89.7
027410,BGF,,4255,31.6,13.2,4.0,-21.5,18.0,-8.7,-19.7,-3.4,-10.9,-11.7,1.2,0.95,5420,3605,0,False,False,False,241291,287258,11.7,10.6,13.8,0.84,0,False,False,False,False,-,68.7,2.7,-2.5,12.3,-3.6,True,8,강세,-4,0,-1,-3,82.0,31.5,1518.25,,3.0,-121906.0,-121906.0,-121906.0,10,10,1.0,76.7,72.7,027410,00219097,0,0,0,0,,,,,,,,,,,안전,2025.0,611.7,552.3,10.8,CFS,영업이익,dart_OperatingIncomeLoss,526.7,491.9,영업활동현금흐름,ifrs-full_CashFlowsFromUsedInOperatingActivities,ok,연간 영업이익 YoY 계산 성공,ok,OCF 추출 성공,2026 Q1,3개월,84.8,51.5,64.6,thstrm_amount,frmtrm_q_amount,CFS,fnlttSinglAcntAll,영업이익,dart_OperatingIncomeLoss,ok,3개월 기준 YoY 계산 성공,성장지속,10,5,현금창출양호,0.86,default,2,93.7,89.7
484870,엠앤씨솔루션,,67400,18.1,3.6,9.1,-70.7,2.1,-18.8,-42.4,-48.6,-26.2,-34.6,-54.1,2.23,230000,66000,5,True,False,False,43023,24757,36.6,31.5,21.7,1.74,0,False,False,False,False,-,92.5,15.8,-38.1,-7.8,-66.2,True,8,강세,-4,0,-1,-3,82.0,31.5,1518.25,,3.0,-121906.0,-121906.0,-121906.0,10,10,1.0,105.5,101.5,484870,01519790,0,0,0,0,,,,,,,,,,,안전,2025.0,560.6,348.2,61.0,OFS,영업이익(손실),dart_OperatingIncomeLoss,255.7,-398.6,영업활동현금흐름,ifrs-full_CashFlowsFromUsedInOperatingActivities,ok,연간 영업이익 YoY 계산 성공,ok,OCF 추출 성공,2026 Q1,3개월,79.7,95.1,-16.2,thstrm_amount,frmtrm_q_amount,OFS,fnlttSinglAcntAll,영업이익(손실),dart_OperatingIncomeLoss,ok,3개월 기준 YoY 계산 성공,피크아웃,-15,2,현금창출보통,0.46,default,1,93.5,89.5
001130,대한제분,,11140,9.8,7.8,13.8,-35.5,3.5,-9.4,-28.8,-28.4,-19.4,-23.3,-23.4,1.03,17270,10760,10,True,True,False,38430,27211,3.3,4.4,3.4,1.41,0,False,False,False,False,-,78.2,1.5,-1.8,-10.0,-8.4,True,8,강세,-4,0,-1,-3,82.0,31.5,1518.25,,3.0,-121906.0,-121906.0,-121906.0,10,10,1.0,96.2,92.2,001130,00113243,0,0,0,0,,,,,,,,,,,안전,2025.0,622.6,723.1,-13.9,CFS,영업이익,dart_OperatingIncomeLoss,1401.1,760.0,영업활동현금흐름,ifrs-full_CashFlowsFromUsedInOperatingActivities,ok,연간 영업이익 YoY 계산 성공,ok,OCF 추출 성공,2026 Q1,3개월,70.2,156.6,-55.2,thstrm_amount,frmtrm_q_amount,CFS,fnlttSinglAcntAll,영업이익,dart_OperatingIncomeLoss,ok,3개월 기준 YoY 계산 성공,하락지속,-10,5,현금창출양호,2.25,default,2,93.2,89.2
024720,콜마홀딩스,,8580,17.7,8.3,-6.2,-57.4,1.9,-10.4,-14.3,-18.3,-10.2,-8.3,-19.4,0.83,20150,8420,0,False,False,False,75725,100320,7.3,6.8,9.8,0.75,0,False,False,False,False,-,82.2,-0.8,-0.2,-5.0,0.1,True,0,강세,-4,0,-1,-3,82.0,31.5,1518.25,,3.0,-121906.0,-121906.0,-121906.0,10,10,1.0,82.2,78.2,024720,00203290,0,0,0,0,,,,,,,,,,,안전,2025.0,477.4,381.2,25.2,CFS,영업이익(손실),dart_OperatingIncomeLoss,310.3,395.0,영업활동으로 인한 현금흐름,ifrs-full_CashFlowsFromUsedInOperatingActivities,ok,연간 영업이익 YoY 계산 성공,ok,OCF 추출 성공,2026 Q1,3개월,204.0,31.4,549.8,thstrm_amount,frmtrm_q_amount,CFS,fnlttSinglAcntAll,영업이익(손실),dart_OperatingIncomeLoss,ok,3개월 기준 YoY 계산 성공,성장지속,10,2,현금창출보통,0.65,default,-1,93.2,89.2
026890,스틱인베스트먼트,,7530,26.4,14.4,6.7,-43.8,4.3,-12.1,-28.7,-36.8,-14.4,-18.5,-26.0,0.89,13390,7220,0,False,False,False,122017,107877,7.2,9.4,9.5,1.13,0,False,False,False,False,-,83.1,10.2,-0.5,39.2,-3.6,True,8,강세,-4,0,-1,-3,82.0,31.5,1518.25,,3.0,-121906.0,-121906.0,-121906.0,10,10,1.0,91.1,87.1,026890,00117498,0,2,0,0,,[20260304] 최대주주등소유주식변동신고서(최대주주변경시)               (20260304800710) || [20260304] 최대주주변경               (20260304800680),,,,https://dart.fss.or.kr/dsaf001/main.do?rcpNo=20260304800710 || https://dart.fss.or.kr/dsaf001/main.do?rcpNo=20260304800680,,,,20260304800710 || 20260304800680,주의,2025.0,171.8,134.2,28.1,CFS,영업이익,ifrs-full_ProfitLossFromOperatingActivities,-57.4,-209.5,영업활동순현금흐름,ifrs-full_CashFlowsFromUsedInOperatingActivities,ok,연간 영업이익 YoY 계산 성공,ok,OCF 추출 성공,2026 Q1,3개월,45.8,-56.7,180.9,thstrm_amount,frmtrm_q_amount,CFS,fnlttSinglAcntAll,영업이익,ifrs-full_ProfitLossFromOperatingActivities,ok,3개월 기준 YoY 계산 성공,성장지속,10,-10,밸류트랩의심,-0.33,default,2,93.1,89.1
005440,현대지에프홀딩스,,12650,37.3,8.2,-0.8,-36.1,86.6,-9.1,-15.3,-20.9,-10.6,-11.0,20.1,0.81,19790,6780,5,False,False,True,262211,317654,32.8,34.5,45.5,0.83,0,False,False,False,False,-,66.1,-1.3,6.4,-58.3,102.0,True,8,강세,-4,0,-1,-3,82.0,31.5,1518.25,,3.0,-121906.0,-121906.0,-121906.0,10,10,1.0,79.1,75.1,005440,00105280,0,4,1,0,,[20260522] [기재정정]주요사항보고서(감자결정)(자회사의 주요경영사항)               (20260522800430) || [20260225] 주요사항보고서(감자결정)(자회사의 주요경영사항)               (20260225801014) || [20260220] 주요사항보고서(감자결정)(자회사의 주요경영사항)               (20260220800700),[20260211] 매매거래정지및정지해제(중요내용공시)               (20260211800399),,,https://dart.fss.or.kr/dsaf001/main.do?rcpNo=20260522800430 || https://dart.fss.or.kr/dsaf001/main.do?rcpNo=20260225801014 || https://dart.fss.or.kr/dsaf001/main.do?rcpNo=20260220800700,https://dart.fss.or.kr/dsaf001/main.do?rcpNo=20260211800399,,,20260522800430 || 20260225801014 || 20260220800700,주의,2025.0,2740.7,1981.0,38.4,CFS,영업이익(손실),dart_OperatingIncomeLoss,4046.0,3602.4,영업활동현금흐름,ifrs-full_CashFlowsFromUsedInOperatingActivities,ok,연간 영업이익 YoY 계산 성공,ok,OCF 추출 성공,2026 Q1,3개월,1175.9,948.9,23.9,thstrm_amount,frmtrm_q_amount,CFS,fnlttSinglAcntAll,영업이익(손실),dart_OperatingIncomeLoss,ok,3개월 기준 YoY 계산 성공,성장지속,10,5,현금창출양호,1.48,default,-1,93.1,89.1
001120,LX인터내셔널,,38900,26.2,13.1,0.7,-32.6,44.6,-12.2,-31.4,-8.7,-13.8,-19.1,3.7,1.23,57700,26900,0,False,False,False,162538,174437,81.0,66.5,79.9,0.93,0,False,False,False,False,-,83.1,91.3,-83.9,261.0,-335.7,True,8,강세,-4,0,-1,-3,82.0,31.5,1518.25,,3.0,-121906.0,-121906.0,-121906.0,10,10,1.0,91.1,87.1,001120,00120076,0,0,0,0,,,,,,,,,,,안전,2025.0,-963.8,-1038.4,7.2,CFS,영업외손익,dart_NonOperatingProfitLoss,6944.2,7237.5,영업활동으로 인한 현금흐름,ifrs-full_CashFlowsFromUsedInOperatingActivities,ok,연간 영업이익 YoY 계산 성공,ok,OCF 추출 성공,2026 Q1,3개월,21.0,87.7,-76.0,thstrm_amount,frmtrm_q_amount,CFS,fnlttSinglAcntAll,영업외손익,dart_NonOperatingProfitLoss,ok,3개월 기준 YoY 계산 성공,관망,0,0,회계손실현금유입,,default,2,93.1,89.1
009470,삼화전기,,34300,39.8,14.9,20.0,-42.4,43.8,-23.4,-30.0,-23.6,-13.7,-13.7,-5.3,0.42,59500,23850,0,False,False,False,335275,387189,53.0,132.2,164.1,0.87,3,False,False,True,False,+3%반등,63.0,11.2,-3.3,47.6,-137.2,True,8,강세,-4,0,-1,-3,82.0,31.5,1518.25,,3.0,-121906.0,-121906.0,-121906.0,10,10,1.0,74.0,70.0,009470,00129271,0,0,0,0,,,,,,,,,,,안전,2025.0,120.4,247.9,-51.4,CFS,영업이익(손실),dart_OperatingIncomeLoss,83.7,251.7,영업활동현금흐름,ifrs-full_CashFlowsFromUsedInOperatingActivities,ok,연간 영업이익 YoY 계산 성공,ok,OCF 추출 성공,2026 Q1,3개월,33.8,11.7,190.1,thstrm_amount,frmtrm_q_amount,CFS,fnlttSinglAcntAll,영업이익(손실),dart_OperatingIncomeLoss,ok,3개월 기준 YoY 계산 성공,턴어라운드,20,2,현금창출보통,0.7,default,-3,93.0,89.0
100090,SK오션플랜트,,16200,24.6,8.1,11.4,-48.7,8.0,-14.1,-33.2,-16.1,-16.8,-29.7,-23.7,0.75,31600,15000,0,False,False,False,441685,597606,69.2,75.5,121.2,0.74,0,False,False,False,False,-,84.9,50.0,-56.2,118.5,-266.6,True,8,강세,-4,0,-1,-3,82.0,31.5,1518.25,,3.0,-121906.0,-121906.0,-121906.0,10,10,1.0,92.9,88.9,100090,00480367,0,0,0,0,,,,,,,,,,,안전,2025.0,595.1,418.0,42.4,CFS,영업이익,dart_OperatingIncomeLoss,-397.7,1353.7,영업활동으로 인한 현금흐름,ifrs-full_CashFlowsFromUsedInOperatingActivities,ok,연간 영업이익 YoY 계산 성공,ok,OCF 추출 성공,2026 Q1,3개월,168.6,110.4,52.7,thstrm_amount,frmtrm_q_amount,CFS,fnlttSinglAcntAll,영업이익,dart_OperatingIncomeLoss,ok,3개월 기준 YoY 계산 성공,성장지속,10,-10,밸류트랩의심,-0.67,default,0,92.9,88.9
003620,KG모빌리티,,3235,19.6,6.1,12.0,-30.7,2.4,-9.1,-26.8,-20.0,-14.5,-15.0,-10.1,0.85,4670,3160,0,False,False,False,1385793,1365100,37.9,46.8,52.2,1.02,0,False,False,False,False,-,75.9,-22.2,-18.9,-11.3,-76.3,True,0,강세,-4,0,-1,-3,82.0,31.5,1518.25,,3.0,-121906.0,-121906.0,-121906.0,10,10,1.0,75.9,71.9,003620,00138242,0,1,0,0,,[20250818] 주요사항보고서(자기전환사채만기전취득결정) (20250818000099),,,,https://dart.fss.or.kr/dsaf001/main.do?rcpNo=20250818000099,,,,20250818000099,주의,2025.0,212.3,-93.3,327.6,CFS,영업외손익,dart_NonOperatingProfitLoss,1172.9,1318.2,영업활동으로 인한 현금흐름,ifrs-full_CashFlowsFromUsedInOperatingActivities,ok,연간 영업이익 YoY 계산 성공,ok,OCF 추출 성공,2026 Q1,3개월,209.9,76.1,175.7,thstrm_amount,frmtrm_q_amount,CFS,fnlttSinglAcntAll,영업외손익,dart_NonOperatingProfitLoss,ok,3개월 기준 YoY 계산 성공,성장지속,10,5,현금창출양호,5.52,default,2,92.9,88.9
006340,대원전선,,11110,29.8,5.8,7.1,-45.3,301.8,-21.4,-15.1,63.6,-24.7,11.7,110.0,0.36,20300,2765,0,False,False,False,4917148,15402876,487.4,590.6,2433.4,0.32,0,False,False,False,False,-,77.8,387.8,-21.2,94.5,7.5,True,8,강세,-4,0,-1,-3,82.0,31.5,1518.25,,3.0,-121906.0,-121906.0,-121906.0,10,10,1.0,85.8,81.8,006340,00260392,0,3,0,0,,[20251217] 유상증자결정(자율공시)(종속회사의주요경영사항)               (20251217800528) || [20251217] 감자결정(종속회사의주요경영사항)               (20251217800523) || [20251217] 유상증자결정(종속회사의주요경영사항)               (20251217800519),,,,https://dart.fss.or.kr/dsaf001/main.do?rcpNo=20251217800528 || https://dart.fss.or.kr/dsaf001/main.do?rcpNo=20251217800523 || https://dart.fss.or.kr/dsaf001/main.do?rcpNo=20251217800519,,,,20251217800528 || 20251217800523 || 20251217800519,주의,2025.0,93.5,143.4,-34.8,CFS,영업이익(손실),dart_OperatingIncomeLoss,-301.4,40.1,영업활동현금흐름,ifrs-full_CashFlowsFromUsedInOperatingActivities,ok,연간 영업이익 YoY 계산 성공,ok,OCF 추출 성공,2026 Q1,3개월,146.7,83.3,76.2,thstrm_amount,frmtrm_q_amount,CFS,fnlttSinglAcntAll,영업이익(손실),dart_OperatingIncomeLoss,ok,3개월 기준 YoY 계산 성공,턴어라운드,20,-10,밸류트랩의심,-3.22,default,-3,92.8,88.8
001780,알루코,,2120,26.1,6.7,7.3,-39.3,11.6,-14.7,-35.0,-5.4,-18.7,-17.6,-5.6,0.38,3495,1900,0,False,False,False,1311372,3346090,25.1,29.5,94.4,0.39,0,False,False,False,False,-,82.8,13.2,1.3,21.4,3.9,True,15,강세,-4,0,-1,-3,82.0,31.5,1518.25,,3.0,-121906.0,-121906.0,-121906.0,10,10,1.0,97.8,93.8,001780,00117027,0,0,0,0,,,,,,,,,,,안전,2025.0,349.0,380.5,-8.3,CFS,영업이익,dart_OperatingIncomeLoss,567.8,437.0,영업활동현금흐름,ifrs-full_CashFlowsFromUsedInOperatingActivities,ok,연간 영업이익 YoY 계산 성공,ok,OCF 추출 성공,2026 Q1,3개월,97.1,161.2,-39.7,thstrm_amount,frmtrm_q_amount,CFS,fnlttSinglAcntAll,영업이익,dart_OperatingIncomeLoss,ok,3개월 기준 YoY 계산 성공,하락지속,-10,5,현금창출양호,1.63,default,0,92.8,88.8
002390,한독,,8270,23.6,23.8,12.2,-38.6,5.6,-5.6,-21.2,-25.8,-10.3,-17.1,-25.5,0.45,13460,7830,5,True,False,False,69661,43654,1.6,5.9,4.0,1.6,0,False,False,False,False,-,72.7,-0.1,-0.0,-5.3,-0.1,True,0,강세,-4,0,-1,-3,82.0,31.5,1518.25,,3.0,-121906.0,-121906.0,-121906.0,10,10,1.0,77.7,73.7,002390,00161046,0,0,0,0,,,,,,,,,,,안전,2025.0,32.9,5.4,511.2,CFS,영업이익,dart_OperatingIncomeLoss,39.8,-27.9,영업활동으로 인한 현금흐름,ifrs-full_CashFlowsFromUsedInOperatingActivities,ok,연간 영업이익 YoY 계산 성공,ok,OCF 추출 성공,2026 Q1,3개월,7.5,-16.5,145.6,thstrm_amount,frmtrm_q_amount,CFS,fnlttSinglAcntAll,영업이익(손실),dart_OperatingIncomeLoss,ok,3개월 기준 YoY 계산 성공,성장지속,10,5,현금창출양호,1.21,default,0,92.7,88.7
002690,동일제강,,1372,31.6,14.9,-6.6,-31.1,3.5,-11.1,-21.7,-15.9,-11.6,-14.7,-14.8,1.2,1990,1325,0,False,False,False,65780,80517,1.2,1.0,1.3,0.82,0,False,False,False,False,-,75.7,0.3,-0.0,-1.5,-0.0,True,8,강세,-4,0,-1,-3,82.0,31.5,1518.25,,3.0,-121906.0,-121906.0,-121906.0,10,10,1.0,83.7,79.7,002690,00118451,0,0,0,0,,,,,,,,,,,안전,2025.0,-35.1,-58.0,39.5,OFS,영업이익(손실),dart_OperatingIncomeLoss,7.3,30.8,영업활동현금흐름,ifrs-full_CashFlowsFromUsedInOperatingActivities,ok,연간 영업이익 YoY 계산 성공,ok,OCF 추출 성공,2026 Q1,3개월,0.0,-1.5,101.0,thstrm_amount,frmtrm_q_amount,OFS,fnlttSinglAcntAll,영업이익(손실),dart_OperatingIncomeLoss,ok,3개월 기준 YoY 계산 성공,성장지속,10,0,회계손실현금유입,,default,-1,92.7,88.7
010950,S-Oil,,108300,37.0,30.4,32.2,-38.8,116.6,-1.6,-19.4,-1.5,-3.6,-5.4,20.2,1.15,177100,50000,0,False,False,False,555998,510753,621.6,595.2,582.5,1.09,3,False,True,False,False,5일선회복,52.6,650.7,-394.7,1293.1,-1342.3,True,8,강세,-4,0,-1,-3,82.0,31.5,1518.25,,3.0,-121906.0,-121906.0,-121906.0,10,10,1.0,63.6,59.6,010950,00138279,0,0,0,0,,,,,,,,,,,안전,2025.0,2356.3,4221.8,-44.2,CFS,영업이익(손실),dart_OperatingIncomeLoss,39423.0,14675.8,영업활동현금흐름,ifrs-full_CashFlowsFromUsedInOperatingActivities,ok,연간 영업이익 YoY 계산 성공,ok,OCF 추출 성공,2026 Q1,3개월,12310.8,-215.4,5815.0,thstrm_amount,frmtrm_q_amount,CFS,fnlttSinglAcntAll,영업이익(손실),dart_OperatingIncomeLoss,ok,3개월 기준 YoY 계산 성공,턴어라운드,20,5,현금창출양호,16.73,default,4,92.6,88.6
001230,동국홀딩스,,1763,2.8,18.3,-15.1,-33.9,15.2,-30.7,-30.7,-19.9,-27.8,-27.1,-7.3,3.85,2667,1531,0,False,False,False,2528016,601908,42.9,47.4,11.3,4.2,0,False,False,False,False,-,91.5,-34.9,3.3,-34.9,3.3,True,8,강세,-4,0,-1,-3,82.0,31.5,1518.25,,3.0,-121906.0,-121906.0,-121906.0,10,10,1.0,99.5,95.5,001230,00114792,0,2,1,0,,[20260211] 주요사항보고서(감자결정) (20260211001031) || [20260211] 주요사항보고서(감자결정) (20260211001000),[20260211] 매매거래정지및정지해제(중요내용공시)               (20260211801477),,,https://dart.fss.or.kr/dsaf001/main.do?rcpNo=20260211001031 || https://dart.fss.or.kr/dsaf001/main.do?rcpNo=20260211001000,https://dart.fss.or.kr/dsaf001/main.do?rcpNo=20260211801477,,,20260211001031 || 20260211001000,주의,2025.0,394.6,580.0,-32.0,CFS,영업이익,dart_OperatingIncomeLoss,546.7,852.4,영업활동으로 인한 현금흐름,ifrs-full_CashFlowsFromUsedInOperatingActivities,ok,연간 영업이익 YoY 계산 성공,ok,OCF 추출 성공,2026 Q1,3개월,62.2,149.6,-58.4,thstrm_amount,frmtrm_q_amount,CFS,fnlttSinglAcntAll,영업이익,dart_OperatingIncomeLoss,ok,3개월 기준 YoY 계산 성공,하락지속,-10,5,현금창출양호,1.39,default,-2,92.5,88.5
018500,동원금속,,1409,18.1,8.6,-4.5,-28.4,15.6,-17.1,-24.2,-14.7,-17.2,-16.4,-5.7,0.84,1967,1219,0,False,False,False,291841,357139,4.2,4.4,6.2,0.82,0,False,False,False,False,-,78.5,-6.2,-0.0,-3.2,-0.2,True,0,강세,-4,0,-1,-3,82.0,31.5,1518.25,,3.0,-121906.0,-121906.0,-121906.0,10,10,1.0,78.5,74.5,018500,00118008,0,0,0,0,,,,,,,,,,,안전,2025.0,419.9,356.7,17.7,CFS,영업이익(손실),dart_OperatingIncomeLoss,750.0,635.0,영업활동현금흐름,ifrs-full_CashFlowsFromUsedInOperatingActivities,ok,연간 영업이익 YoY 계산 성공,ok,OCF 추출 성공,2025 Q3,3개월,74.4,66.5,11.9,thstrm_amount,frmtrm_q_amount,CFS,fnlttSinglAcntAll,영업이익(손실),dart_OperatingIncomeLoss,ok,3개월 기준 YoY 계산 성공,성장지속,10,5,현금창출양호,1.79,default,-1,92.5,88.5
326030,SK바이오팜,,88400,29.2,5.8,4.8,-38.7,1.3,-8.6,-13.2,-26.2,-7.9,-9.8,-19.8,0.57,144100,87300,5,True,False,False,1181717,481154,250.1,1064.2,449.2,2.46,0,False,False,False,False,-,75.2,-26.2,-50.1,-106.8,-147.9,True,0,강세,-4,0,-1,-3,82.0,31.5,1518.25,,3.0,-121906.0,-121906.0,-121906.0,10,10,1.0,80.2,76.2,326030,00878696,0,2,0,0,,[20260309] 유상증자결정(종속회사의주요경영사항)               (20260309801187) || [20260306] 유상증자결정(종속회사의주요경영사항)               (20260306800785),,,,https://dart.fss.or.kr/dsaf001/main.do?rcpNo=20260309801187 || https://dart.fss.or.kr/dsaf001/main.do?rcpNo=20260306800785,,,,20260309801187 || 20260306800785,주의,2025.0,2039.4,963.4,111.7,CFS,영업이익,dart_OperatingIncomeLoss,1763.3,949.0,영업활동으로 인한 현금흐름,ifrs-full_CashFlowsFromUsedInOperatingActivities,ok,연간 영업이익 YoY 계산 성공,ok,OCF 추출 성공,2026 Q1,3개월,897.7,256.7,249.7,thstrm_amount,frmtrm_q_amount,CFS,fnlttSinglAcntAll,영업이익,dart_OperatingIncomeLoss,ok,3개월 기준 YoY 계산 성공,성장지속,10,5,현금창출양호,0.86,default,-3,92.2,88.2
000210,DL,,50600,31.1,7.3,7.8,-34.9,49.3,-16.4,-34.1,-2.1,-14.8,-18.9,10.7,0.68,77700,33900,0,False,False,False,107430,143020,48.9,57.6,87.2,0.75,0,False,False,False,False,-,79.2,50.7,-52.4,308.2,-170.9,True,8,강세,-4,0,-1,-3,82.0,31.5,1518.25,,3.0,-121906.0,-121906.0,-121906.0,10,10,1.0,87.2,83.2,000210,00109693,0,1,0,0,,[20250811] 유상증자결정(종속회사의주요경영사항)               (20250811800470),,,,https://dart.fss.or.kr/dsaf001/main.do?rcpNo=20250811800470,,,,20250811800470,주의,2025.0,2985.5,4125.2,-27.6,CFS,영업이익,dart_OperatingIncomeLoss,5149.1,5571.0,영업활동현금흐름,ifrs-full_CashFlowsFromUsedInOperatingActivities,ok,연간 영업이익 YoY 계산 성공,ok,OCF 추출 성공,2026 Q1,3개월,1128.6,1053.5,7.1,thstrm_amount,frmtrm_q_amount,CFS,fnlttSinglAcntAll,영업이익,dart_OperatingIncomeLoss,ok,3개월 기준 YoY 계산 성공,관망,0,5,현금창출양호,1.72,default,0,92.2,88.2
004060,SG세계물산,,2970,32.0,10.5,22.7,-67.1,6.6,-5.3,-39.3,-56.6,-15.2,-32.5,-22.6,1.25,9030,2785,5,False,True,False,300577,494526,19.3,9.0,18.1,0.61,4,False,False,False,True,거래량동반양봉,79.0,4.7,0.3,-3.9,-3.2,True,15,강세,-4,0,-1,-3,82.0,31.5,1518.25,,3.0,-121906.0,-121906.0,-121906.0,10,10,1.0,103.0,99.0,004060,00133511,0,2,0,0,,[20260313] [기재정정]주식병합결정               (20260313801372) || [20260309] 주식병합결정               (20260309800626),,,,https://dart.fss.or.kr/dsaf001/main.do?rcpNo=20260313801372 || https://dart.fss.or.kr/dsaf001/main.do?rcpNo=20260309800626,,,,20260313801372 || 20260309800626,주의,2025.0,-15.2,-27.6,45.0,CFS,영업이익(손실),dart_OperatingIncomeLoss,33.6,20.6,영업활동으로 인한 현금흐름,ifrs-full_CashFlowsFromUsedInOperatingActivities,ok,연간 영업이익 YoY 계산 성공,ok,OCF 추출 성공,2026 Q1,3개월,-18.7,-8.2,-128.4,thstrm_amount,frmtrm_q_amount,CFS,fnlttSinglAcntAll,영업이익(손실),dart_OperatingIncomeLoss,ok,3개월 기준 YoY 계산 성공,피크아웃,-15,0,회계손실현금유입,,default,4,92.0,88.0
007210,벽산,,1631,31.1,25.4,18.3,-33.0,6.2,-8.1,-23.1,-18.3,-11.3,-15.1,-13.9,0.48,2435,1536,0,False,False,False,285840,515849,3.5,4.7,10.0,0.55,0,False,False,False,False,-,66.9,-1.5,-0.1,-11.4,-0.5,True,0,강세,-4,0,-1,-3,82.0,31.5,1518.25,,3.0,-121906.0,-121906.0,-121906.0,10,10,1.0,66.9,62.900000000000006,007210,00122898,0,0,0,0,,,,,,,,,,,안전,2025.0,232.7,257.2,-9.5,CFS,영업이익(손실),dart_OperatingIncomeLoss,364.0,545.6,영업활동현금흐름,ifrs-full_CashFlowsFromUsedInOperatingActivities,ok,연간 영업이익 YoY 계산 성공,ok,OCF 추출 성공,2026 Q1,3개월,46.7,17.0,175.1,thstrm_amount,frmtrm_q_amount,CFS,fnlttSinglAcntAll,영업이익(손실),dart_OperatingIncomeLoss,ok,3개월 기준 YoY 계산 성공,턴어라운드,20,5,현금창출양호,1.56,default,0,91.9,87.9
475150,SK이터닉스,,37550,23.6,6.0,11.6,-45.8,118.2,-13.7,-36.4,30.4,-18.1,-28.0,24.6,0.65,69300,17210,0,False,False,False,791165,817271,174.3,315.5,397.1,0.97,0,False,False,False,False,-,83.7,80.3,-49.2,321.5,-194.7,True,8,강세,-4,0,-1,-3,82.0,31.5,1518.25,,3.0,-121906.0,-121906.0,-121906.0,10,10,1.0,91.7,87.7,475150,01817081,0,0,0,0,,,,,,,,,,,안전,2025.0,530.0,376.4,40.8,CFS,영업이익(손실),dart_OperatingIncomeLoss,-252.5,667.9,영업활동현금흐름,ifrs-full_CashFlowsFromUsedInOperatingActivities,ok,연간 영업이익 YoY 계산 성공,ok,OCF 추출 성공,2026 Q1,3개월,49.1,10.6,362.3,thstrm_amount,frmtrm_q_amount,CFS,fnlttSinglAcntAll,영업이익(손실),dart_OperatingIncomeLoss,ok,3개월 기준 YoY 계산 성공,성장지속,10,-10,밸류트랩의심,-0.48,default,0,91.7,87.7
272550,삼양패키징,,9010,23.6,4.0,-0.2,-48.6,0.8,-10.8,-24.4,-27.4,-12.7,-21.6,-30.2,1.4,17540,8940,0,False,False,False,59233,75363,9.3,5.6,7.9,0.79,-30,True,False,False,False,⚠️떨어지는칼날,88.6,2.6,-3.1,1.6,-4.7,True,8,강세,-4,0,-1,-3,82.0,31.5,1518.25,,3.0,-121906.0,-121906.0,-121906.0,10,10,1.0,66.6,62.6,272550,01060814,0,0,0,0,,,,,,,,,,,안전,2025.0,246.5,337.6,-27.0,CFS,영업이익,dart_OperatingIncomeLoss,482.7,616.8,영업활동으로 인한 현금흐름,ifrs-full_CashFlowsFromUsedInOperatingActivities,ok,연간 영업이익 YoY 계산 성공,ok,OCF 추출 성공,2026 Q1,3개월,4.5,-15.5,129.3,thstrm_amount,frmtrm_q_amount,CFS,fnlttSinglAcntAll,영업이익(손실),dart_OperatingIncomeLoss,ok,3개월 기준 YoY 계산 성공,턴어라운드,20,5,현금창출양호,1.96,default,0,91.6,87.6
133820,화인베스틸,,1106,24.9,1.6,8.9,-62.5,41.4,-12.3,-35.6,-21.6,-15.9,-20.3,-34.7,0.72,2950,782,0,False,False,False,269619,226999,1.8,3.3,3.1,1.19,0,False,False,False,False,-,86.4,-0.4,0.0,-2.1,-0.1,True,0,강세,-4,0,-1,-3,82.0,31.5,1518.25,,3.0,-121906.0,-121906.0,-121906.0,10,10,1.0,86.4,82.4,133820,00661847,0,11,0,0,,[20251104] 주요사항보고서(자기전환사채매도결정) (20251104000309) || [20250919] [기재정정]자기전환사채만기전취득결정               (20250919800128) || [20250911] [기재정정]자기전환사채만기전취득결정               (20250911800443),,,,https://dart.fss.or.kr/dsaf001/main.do?rcpNo=20251104000309 || https://dart.fss.or.kr/dsaf001/main.do?rcpNo=20250919800128 || https://dart.fss.or.kr/dsaf001/main.do?rcpNo=20250911800443,,,,20251104000309 || 20250919800128 || 20250911800443,주의,2025.0,-16.7,-191.4,91.3,CFS,영업이익(손실),dart_OperatingIncomeLoss,-36.0,70.6,영업활동현금흐름,ifrs-full_CashFlowsFromUsedInOperatingActivities,ok,연간 영업이익 YoY 계산 성공,ok,OCF 추출 성공,2026 Q1,3개월,13.9,-54.5,125.6,thstrm_amount,frmtrm_q_amount,CFS,fnlttSinglAcntAll,영업이익(손실),dart_OperatingIncomeLoss,ok,3개월 기준 YoY 계산 성공,성장지속,10,-5,이중적자,,default,0,91.4,87.4
097230,HJ중공업,,21500,32.3,25.2,27.7,-37.4,209.4,-4.7,-29.4,-15.0,-9.7,-16.2,-10.9,0.85,34350,6950,0,False,False,False,1034884,1301888,232.7,222.1,319.5,0.79,6,False,True,True,False,5일선회복/+3%반등,66.3,-11.5,53.4,-393.7,-169.6,True,8,강세,-4,0,-1,-3,82.0,31.5,1518.25,,3.0,-121906.0,-121906.0,-121906.0,10,10,1.0,80.3,76.3,097230,00633835,0,3,0,0,,[20251001] 유상증자또는주식관련사채등의발행결과(자율공시)               (20251001800236) || [20250929] [기재정정]주요사항보고서(유상증자결정) (20250929000335) || [20250912] 주요사항보고서(유상증자결정) (20250912000327),,,,https://dart.fss.or.kr/dsaf001/main.do?rcpNo=20251001800236 || https://dart.fss.or.kr/dsaf001/main.do?rcpNo=20250929000335 || https://dart.fss.or.kr/dsaf001/main.do?rcpNo=20250912000327,,,,20251001800236 || 20250929000335 || 20250912000327,주의,2025.0,670.7,72.5,824.9,CFS,영업이익(손실),dart_OperatingIncomeLoss,63.3,-863.6,영업활동현금흐름,ifrs-full_CashFlowsFromUsedInOperatingActivities,ok,연간 영업이익 YoY 계산 성공,ok,OCF 추출 성공,2026 Q1,3개월,245.8,54.5,350.7,thstrm_amount,frmtrm_q_amount,CFS,fnlttSinglAcntAll,영업이익(손실),dart_OperatingIncomeLoss,ok,3개월 기준 YoY 계산 성공,성장지속,10,-3,현금창출약함,0.09,default,4,91.3,87.3
034310,NICE,,11970,19.8,16.1,11.3,-22.4,6.9,-7.6,-17.4,-20.1,-9.4,-11.3,-11.9,1.32,15430,11200,0,False,False,False,78950,65242,10.1,9.6,8.6,1.21,0,False,False,False,False,-,68.2,4.7,-4.4,-9.8,-9.9,True,8,강세,-4,0,-1,-3,82.0,31.5,1518.25,,3.0,-121906.0,-121906.0,-121906.0,10,10,1.0,76.2,72.2,034310,00158316,0,4,0,0,,[20260327] [기재정정]유상증자결정(종속회사의주요경영사항)               (20260327802178) || [20260324] 유상증자결정(종속회사의주요경영사항)               (20260324801403) || [20251216] [기재정정]유상증자결정(종속회사의주요경영사항)               (20251216801975),,,,https://dart.fss.or.kr/dsaf001/main.do?rcpNo=20260327802178 || https://dart.fss.or.kr/dsaf001/main.do?rcpNo=20260324801403 || https://dart.fss.or.kr/dsaf001/main.do?rcpNo=20251216801975,,,,20260327802178 || 20260324801403 || 20251216801975,주의,2025.0,1981.0,1742.6,13.7,CFS,영업이익,dart_OperatingIncomeLoss,4060.2,2196.6,영업활동현금흐름,ifrs-full_CashFlowsFromUsedInOperatingActivities,ok,연간 영업이익 YoY 계산 성공,ok,OCF 추출 성공,2026 Q1,3개월,424.0,306.0,38.6,thstrm_amount,frmtrm_q_amount,CFS,fnlttSinglAcntAll,영업이익,dart_OperatingIncomeLoss,ok,3개월 기준 YoY 계산 성공,성장지속,10,5,현금창출양호,2.05,default,0,91.2,87.2
900140,엘브이엠씨홀딩스,,1408,18.8,7.2,13.7,-33.6,9.1,-5.5,-18.5,-10.9,-10.8,-13.1,-13.4,0.98,2120,1290,5,False,True,False,968453,1028451,14.5,13.8,16.6,0.94,0,False,False,False,False,-,72.2,-7.0,-0.1,-6.1,-0.1,True,0,강세,-4,0,-1,-3,82.0,31.5,1518.25,,3.0,-121906.0,-121906.0,-121906.0,10,10,1.0,77.2,73.2,900140,00838500,0,2,0,0,,[20251030] [기재정정]주요사항보고서(전환사채권발행결정) (20251030000227) || [20251029] 주요사항보고서(전환사채권발행결정) (20251029000370),,,,https://dart.fss.or.kr/dsaf001/main.do?rcpNo=20251030000227 || https://dart.fss.or.kr/dsaf001/main.do?rcpNo=20251029000370,,,,20251030000227 || 20251029000370,주의,2025.0,0.3,0.1,99.0,CFS,영업이익(손실),dart_OperatingIncomeLoss,0.2,0.0,영업활동현금흐름,ifrs-full_CashFlowsFromUsedInOperatingActivities,ok,연간 영업이익 YoY 계산 성공,ok,OCF 추출 성공,2026 Q1,3개월,0.1,0.1,74.3,thstrm_amount,frmtrm_q_amount,CFS,fnlttSinglAcntAll,영업이익(손실),dart_OperatingIncomeLoss,ok,3개월 기준 YoY 계산 성공,성장지속,10,2,현금창출보통,0.67,default,2,91.2,87.2
036530,SNT홀딩스,,49550,30.0,7.5,17.8,-44.3,24.8,-7.9,-22.5,-21.0,-8.5,-15.6,-18.7,1.08,89000,39700,0,False,False,False,19795,22996,12.6,10.1,12.4,0.86,0,False,False,False,False,-,77.2,-2.5,-1.2,-42.6,11.1,True,0,강세,-4,0,-1,-3,82.0,31.5,1518.25,,3.0,-121906.0,-121906.0,-121906.0,10,10,1.0,77.2,73.2,036530,00225159,0,6,0,0,,[20260116] 유상증자또는주식관련사채등의발행결과(자율공시)               (20260116800777) || [20260116] 유상증자또는주식관련사채등의발행결과(자율공시)               (20260116800774) || [20260109] 유상증자또는주식관련사채등의발행결과(자율공시)               (20260109800420),,,,https://dart.fss.or.kr/dsaf001/main.do?rcpNo=20260116800777 || https://dart.fss.or.kr/dsaf001/main.do?rcpNo=20260116800774 || https://dart.fss.or.kr/dsaf001/main.do?rcpNo=20260109800420,,,,20260116800777 || 20260116800774 || 20260109800420,주의,2025.0,3006.6,2311.6,30.1,CFS,영업이익,dart_OperatingIncomeLoss,1201.1,1316.9,영업활동현금흐름,ifrs-full_CashFlowsFromUsedInOperatingActivities,ok,연간 영업이익 YoY 계산 성공,ok,OCF 추출 성공,2026 Q1,3개월,646.1,530.8,21.7,thstrm_amount,frmtrm_q_amount,CFS,fnlttSinglAcntAll,영업이익,dart_OperatingIncomeLoss,ok,3개월 기준 YoY 계산 성공,성장지속,10,2,현금창출보통,0.4,default,2,91.2,87.2
248170,샘표식품,,23150,25.0,13.0,3.0,-33.4,2.0,-7.2,-15.5,-22.6,-8.7,-13.3,-16.6,0.95,34750,22700,0,False,False,False,14190,16236,3.7,3.4,4.1,0.87,0,False,False,False,False,-,74.2,-1.4,-0.0,-6.6,-0.9,True,0,강세,-4,0,-1,-3,82.0,31.5,1518.25,,3.0,-121906.0,-121906.0,-121906.0,10,10,1.0,74.2,70.2,248170,01167056,0,0,0,0,,,,,,,,,,,안전,2025.0,244.8,64.6,278.9,CFS,영업이익(손실),dart_OperatingIncomeLoss,583.1,335.2,영업활동현금흐름,ifrs-full_CashFlowsFromUsedInOperatingActivities,ok,연간 영업이익 YoY 계산 성공,ok,OCF 추출 성공,2026 Q1,3개월,68.4,14.0,390.0,thstrm_amount,frmtrm_q_amount,CFS,fnlttSinglAcntAll,영업이익(손실),dart_OperatingIncomeLoss,ok,3개월 기준 YoY 계산 성공,성장지속,10,5,현금창출양호,2.38,default,2,91.2,87.2
007570,일양약품,,8320,15.2,9.8,-4.6,-52.0,2.7,-13.8,-27.3,-43.0,-14.4,-25.9,-39.4,1.48,17329,8100,0,False,False,False,111934,101459,12.8,9.8,9.9,1.1,0,False,False,False,False,-,91.1,5.7,0.0,-3.1,-0.4,True,8,강세,-4,0,-1,-3,82.0,31.5,1518.25,,3.0,-121906.0,-121906.0,-121906.0,10,10,1.0,99.1,95.1,007570,00146454,0,0,1,0,,,[20250910] 매매거래정지및정지해제(풍문등조회공시)               (20250910800517),,,,https://dart.fss.or.kr/dsaf001/main.do?rcpNo=20250910800517,,,,안전,2025.0,49.6,96.2,-48.4,CFS,영업이익(손실),dart_OperatingIncomeLoss,120.4,56.1,영업활동현금흐름,ifrs-full_CashFlowsFromUsedInOperatingActivities,ok,연간 영업이익 YoY 계산 성공,ok,OCF 추출 성공,2026 Q1,3개월,-73.7,33.8,-317.8,thstrm_amount,frmtrm_q_amount,CFS,fnlttSinglAcntAll,영업이익(손실),dart_OperatingIncomeLoss,ok,3개월 기준 YoY 계산 성공,하락지속,-10,5,현금창출양호,2.43,default,-3,91.1,87.1
126720,수산인더스트리,,24900,22.9,13.7,9.0,-31.6,25.6,-12.3,-27.6,-10.9,-16.6,-15.7,0.8,0.99,36400,19820,0,False,False,False,63767,72206,17.6,16.9,22.1,0.88,0,False,False,False,False,-,76.9,5.3,5.4,7.9,-1.2,True,15,강세,-4,0,-1,-3,82.0,31.5,1518.25,,3.0,-121906.0,-121906.0,-121906.0,10,10,1.0,91.9,87.9,126720,00193328,0,0,0,0,,,,,,,,,,,안전,2025.0,430.8,435.0,-1.0,CFS,영업이익(손실),dart_OperatingIncomeLoss,112.3,673.8,영업활동현금흐름,ifrs-full_CashFlowsFromUsedInOperatingActivities,ok,연간 영업이익 YoY 계산 성공,ok,OCF 추출 성공,2026 Q1,3개월,136.2,105.4,29.2,thstrm_amount,frmtrm_q_amount,CFS,fnlttSinglAcntAll,영업이익(손실),dart_OperatingIncomeLoss,ok,3개월 기준 YoY 계산 성공,관망,0,-3,현금창출약함,0.26,default,2,90.9,86.9
092220,KEC,,4775,15.2,5.7,13.3,-54.3,43.6,-22.6,-48.0,-26.8,-36.9,-38.9,-4.8,1.23,10450,3325,5,False,True,False,1856229,1367887,84.4,93.3,80.8,1.36,0,False,False,False,False,-,85.8,32.6,-1.1,-19.5,-2.0,True,8,강세,-4,0,-1,-3,82.0,31.5,1518.25,,3.0,-121906.0,-121906.0,-121906.0,10,10,1.0,98.8,94.8,092220,00589127,0,1,0,0,,[20260304] 주식병합결정               (20260304801566),,,,https://dart.fss.or.kr/dsaf001/main.do?rcpNo=20260304801566,,,,20260304801566,주의,2025.0,-217.6,-132.7,-64.0,CFS,Ⅳ.영업이익(손실),dart_OperatingIncomeLoss,92.8,298.7,I. 영업활동현금흐름,ifrs-full_CashFlowsFromUsedInOperatingActivities,ok,연간 영업이익 YoY 계산 성공,ok,OCF 추출 성공,2026 Q1,3개월,-48.4,-30.8,-57.1,thstrm_amount,frmtrm_q_amount,CFS,fnlttSinglAcntAll,Ⅳ.영업이익(손실),dart_OperatingIncomeLoss,ok,3개월 기준 YoY 계산 성공,하락지속,-10,0,회계손실현금유입,,default,2,90.8,86.8
006090,사조오양,,7750,25.3,20.0,-19.3,-30.8,2.0,-5.7,-7.8,-11.4,-5.5,-6.2,-14.2,0.6,11200,7600,0,False,False,False,8305,8352,0.4,0.7,0.7,0.99,0,False,False,False,False,-,68.7,-0.0,-0.0,-0.0,-0.1,True,0,강세,-4,0,-1,-3,82.0,31.5,1518.25,,3.0,-121906.0,-121906.0,-121906.0,10,10,1.0,68.7,64.7,006090,00141875,0,0,0,0,,,,,,,,,,,안전,2025.0,135.2,209.0,-35.3,OFS,영업이익,dart_OperatingIncomeLoss,116.7,493.1,영업활동현금흐름,ifrs-full_CashFlowsFromUsedInOperatingActivities,ok,연간 영업이익 YoY 계산 성공,ok,OCF 추출 성공,2026 Q1,3개월,69.5,37.5,85.5,thstrm_amount,frmtrm_q_amount,OFS,fnlttSinglAcntAll,영업이익,dart_OperatingIncomeLoss,ok,3개월 기준 YoY 계산 성공,턴어라운드,20,5,현금창출양호,0.86,default,-3,90.7,86.7
139990,아주스틸,,2560,15.3,4.3,4.8,-43.7,2.0,-15.0,-34.0,-17.2,-19.7,-20.4,-23.8,0.58,4545,2510,0,False,False,False,103970,187932,2.5,2.8,6.4,0.55,0,False,False,False,False,-,85.6,-0.9,-0.0,-2.7,-0.1,True,0,강세,-4,0,-1,-3,82.0,31.5,1518.25,,3.0,-121906.0,-121906.0,-121906.0,10,10,1.0,85.6,81.6,139990,00486705,0,2,0,0,,[20260409] 주요사항보고서(자기신주인수권부사채만기전취득결정) (20260409002112) || [20260209] 유상증자또는주식관련사채등의발행결과(자율공시)               (20260209800068),,,,https://dart.fss.or.kr/dsaf001/main.do?rcpNo=20260409002112 || https://dart.fss.or.kr/dsaf001/main.do?rcpNo=20260209800068,,,,20260409002112 || 20260209800068,주의,2025.0,-255.7,-424.0,39.7,CFS,영업이익(손실),dart_OperatingIncomeLoss,-194.9,370.2,영업활동현금흐름,ifrs-full_CashFlowsFromUsedInOperatingActivities,ok,연간 영업이익 YoY 계산 성공,ok,OCF 추출 성공,2026 Q1,3개월,-8.5,-67.6,87.4,thstrm_amount,frmtrm_q_amount,CFS,fnlttSinglAcntAll,영업이익(손실),dart_OperatingIncomeLoss,ok,3개월 기준 YoY 계산 성공,성장지속,10,-5,이중적자,,default,0,90.6,86.6
096760,JW홀딩스,,3670,29.5,15.6,8.6,-18.4,18.4,-4.3,-16.2,-12.0,-6.4,-10.3,-1.5,0.9,4495,3100,0,False,False,False,105325,112892,3.8,3.9,4.5,0.93,0,False,False,False,False,-,65.6,-1.8,0.1,-4.8,-0.9,True,8,강세,-4,0,-1,-3,82.0,31.5,1518.25,,3.0,-121906.0,-121906.0,-121906.0,10,10,1.0,73.6,69.6,096760,00632304,0,0,0,0,,,,,,,,,,,안전,2025.0,1679.0,1465.2,14.6,CFS,영업이익(손실),dart_OperatingIncomeLoss,1636.7,978.9,영업활동현금흐름,ifrs-full_CashFlowsFromUsedInOperatingActivities,ok,연간 영업이익 YoY 계산 성공,ok,OCF 추출 성공,2026 Q1,3개월,514.8,417.6,23.3,thstrm_amount,frmtrm_q_amount,CFS,fnlttSinglAcntAll,영업이익,dart_OperatingIncomeLoss,ok,3개월 기준 YoY 계산 성공,성장지속,10,5,현금창출양호,0.97,default,2,90.6,86.6
003090,대웅,,18010,24.1,8.8,1.4,-41.1,2.2,-10.8,-20.7,-33.2,-12.2,-18.6,-21.9,1.0,30600,17630,0,False,False,False,79782,74996,13.7,15.0,15.4,1.06,0,False,False,False,False,-,81.2,-11.2,-1.6,-49.5,6.5,True,0,강세,-4,0,-1,-3,82.0,31.5,1518.25,,3.0,-121906.0,-121906.0,-121906.0,10,10,1.0,81.2,77.2,003090,00111810,0,0,0,0,,,,,,,,,,,안전,2025.0,-181.8,-1661.4,89.1,CFS,영업외손익,dart_NonOperatingProfitLoss,2575.8,1623.8,영업활동현금흐름,ifrs-full_CashFlowsFromUsedInOperatingActivities,ok,연간 영업이익 YoY 계산 성공,ok,OCF 추출 성공,2026 Q1,3개월,201.1,-165.2,221.7,thstrm_amount,frmtrm_q_amount,CFS,fnlttSinglAcntAll,영업외손익,dart_NonOperatingProfitLoss,ok,3개월 기준 YoY 계산 성공,성장지속,10,0,회계손실현금유입,,default,-1,90.2,86.2
002700,신일전자,,1214,28.3,14.7,6.4,-31.5,3.3,-7.1,-17.2,-11.8,-10.0,-12.8,-9.8,1.13,1773,1175,0,False,False,False,824843,741511,10.3,10.2,10.0,1.11,0,False,False,False,False,-,73.1,-0.2,-0.0,-6.3,-0.1,True,0,강세,-4,0,-1,-3,82.0,31.5,1518.25,,3.0,-121906.0,-121906.0,-121906.0,10,10,1.0,73.1,69.1,002700,00173698,0,0,0,0,,,,,,,,,,,안전,2025.0,52.4,40.3,29.9,OFS,영업이익(손실),dart_OperatingIncomeLoss,148.2,124.3,영업활동현금흐름,ifrs-full_CashFlowsFromUsedInOperatingActivities,ok,연간 영업이익 YoY 계산 성공,ok,OCF 추출 성공,2026 Q1,3개월,-2.5,-7.5,67.2,thstrm_amount,frmtrm_q_amount,OFS,fnlttSinglAcntAll,영업이익(손실),dart_OperatingIncomeLoss,ok,3개월 기준 YoY 계산 성공,성장지속,10,5,현금창출양호,2.83,default,2,90.1,86.1
214330,금호에이치티,,2640,24.8,8.7,-0.1,-65.8,4.3,-17.8,-33.7,-47.8,-20.0,-30.6,-48.5,0.7,7710,2530,0,False,False,False,96441,108933,2.1,2.7,3.6,0.89,0,False,False,False,False,-,90.0,1.8,-0.2,0.1,-2.1,True,8,강세,-4,0,-1,-3,82.0,31.5,1518.25,,3.0,-121906.0,-121906.0,-121906.0,10,10,1.0,98.0,94.0,214330,00105606,0,4,1,0,,[20260306] 주요사항보고서(감자결정) (20260306000773) || [20260306] [기재정정]주요사항보고서(감자결정) (20260306000763) || [20260306] 주식병합결정               (20260306801215),[20260306] 매매거래정지및정지해제(중요내용공시)               (20260306801318),,,https://dart.fss.or.kr/dsaf001/main.do?rcpNo=20260306000773 || https://dart.fss.or.kr/dsaf001/main.do?rcpNo=20260306000763 || https://dart.fss.or.kr/dsaf001/main.do?rcpNo=20260306801215,https://dart.fss.or.kr/dsaf001/main.do?rcpNo=20260306801318,,,20260306000773 || 20260306000763 || 20260306801215,주의,2025.0,62.5,118.9,-47.4,CFS,영업이익,dart_OperatingIncomeLoss,138.6,407.6,영업활동으로 인한 현금흐름,ifrs-full_CashFlowsFromUsedInOperatingActivities,ok,연간 영업이익 YoY 계산 성공,ok,OCF 추출 성공,2026 Q1,3개월,16.3,26.4,-38.2,thstrm_amount,frmtrm_q_amount,CFS,fnlttSinglAcntAll,영업이익,dart_OperatingIncomeLoss,ok,3개월 기준 YoY 계산 성공,하락지속,-10,5,현금창출양호,2.22,default,-3,90.0,86.0
003280,흥아해운,,1977,16.3,1.0,-0.8,-58.8,28.4,-16.9,-31.4,10.1,-21.9,-34.3,-4.6,0.3,4795,1540,0,False,False,False,26672669,30798169,183.0,600.9,810.9,0.87,0,False,False,False,False,-,90.0,63.5,-0.2,119.2,-1.0,True,8,강세,-4,0,-1,-3,82.0,31.5,1518.25,,3.0,-121906.0,-121906.0,-121906.0,10,10,1.0,98.0,94.0,003280,00167208,0,0,0,0,,,,,,,,,,,안전,2025.0,112.8,275.4,-59.1,CFS,영업이익,dart_OperatingIncomeLoss,380.1,472.6,영업활동으로인한 현금흐름,ifrs-full_CashFlowsFromUsedInOperatingActivities,ok,연간 영업이익 YoY 계산 성공,ok,OCF 추출 성공,2026 Q1,3개월,11.0,46.7,-76.3,thstrm_amount,frmtrm_q_amount,CFS,fnlttSinglAcntAll,영업이익,dart_OperatingIncomeLoss,ok,3개월 기준 YoY 계산 성공,하락지속,-10,5,현금창출양호,3.37,default,-3,90.0,86.0
317450,명인제약,,45450,27.4,11.6,4.5,-66.2,2.5,-8.9,-19.7,-31.3,-10.3,-15.8,,1.08,134500,44350,0,False,False,False,24655,24028,12.0,11.6,12.2,1.03,0,False,False,False,False,-,83.0,-1.1,-4.5,-9.8,-32.9,True,0,강세,-4,0,-1,-3,82.0,31.5,1518.25,,3.0,-121906.0,-121906.0,-121906.0,10,10,1.0,83.0,79.0,317450,00179489,0,0,0,0,,,,,,,,,,,안전,2025.0,925.0,927.5,-0.3,CFS,영업이익,dart_OperatingIncomeLoss,815.6,829.7,영업활동현금흐름,ifrs-full_CashFlowsFromUsedInOperatingActivities,ok,연간 영업이익 YoY 계산 성공,ok,OCF 추출 성공,2026 Q1,3개월,251.1,217.6,15.4,thstrm_amount,frmtrm_q_amount,CFS,fnlttSinglAcntAll,영업이익,dart_OperatingIncomeLoss,ok,3개월 기준 YoY 계산 성공,관망,0,5,현금창출양호,0.88,default,2,90.0,86.0
217590,티엠씨,,18950,28.7,1.9,-1.8,-51.0,63.4,-29.8,-35.9,19.6,-29.7,-28.1,,0.5,38700,11600,0,False,False,False,278181,577797,56.3,63.1,166.8,0.48,0,False,False,False,False,-,90.0,21.6,-25.3,37.4,-15.6,True,8,강세,-4,0,-1,-3,82.0,31.5,1518.25,,3.0,-121906.0,-121906.0,-121906.0,10,10,1.0,98.0,94.0,217590,00949161,0,0,0,0,,,,,,,,,,,안전,2025.0,64.3,142.7,-55.0,CFS,영업이익,dart_OperatingIncomeLoss,102.3,171.7,영업활동현금흐름,ifrs-full_CashFlowsFromUsedInOperatingActivities,ok,연간 영업이익 YoY 계산 성공,ok,OCF 추출 성공,2026 Q1,3개월,9.8,48.5,-79.9,thstrm_amount,frmtrm_q_amount,CFS,fnlttSinglAcntAll,영업이익,dart_OperatingIncomeLoss,ok,3개월 기준 YoY 계산 성공,하락지속,-10,5,현금창출양호,1.59,default,-3,90.0,86.0
008730,율촌화학,,18010,26.3,6.8,2.6,-54.1,2.7,-16.0,-32.5,-31.8,-18.7,-25.4,-36.3,1.59,39200,17545,0,False,False,False,119191,94842,27.2,23.1,20.9,1.26,0,False,False,False,False,-,91.9,0.5,-28.2,-12.1,-61.2,True,8,강세,-4,0,-1,-3,82.0,31.5,1518.25,,3.0,-121906.0,-121906.0,-121906.0,10,10,1.0,99.9,95.9,008730,00145260,0,0,0,0,,,,,,,,,,,안전,2025.0,85.1,-183.5,146.4,CFS,영업이익(손실),dart_OperatingIncomeLoss,271.5,83.4,영업활동으로 인한 현금흐름,ifrs-full_CashFlowsFromUsedInOperatingActivities,ok,연간 영업이익 YoY 계산 성공,ok,OCF 추출 성공,2026 Q1,3개월,5.6,102.1,-94.5,thstrm_amount,frmtrm_q_amount,CFS,fnlttSinglAcntAll,영업이익(손실),dart_OperatingIncomeLoss,ok,3개월 기준 YoY 계산 성공,피크아웃,-15,5,현금창출양호,3.19,default,0,89.9,85.9
009900,명신산업,,9040,21.3,8.4,7.8,-39.5,21.8,-16.5,-36.2,-20.8,-18.9,-16.7,-5.3,0.77,14940,7420,0,False,False,False,313996,474295,31.5,30.3,55.5,0.66,4,False,False,False,True,거래량동반양봉,82.7,3.3,-2.8,21.3,-31.9,True,8,강세,-4,0,-1,-3,82.0,31.5,1518.25,,3.0,-121906.0,-121906.0,-121906.0,10,10,1.0,94.7,90.7,009900,00173078,0,0,0,0,,,,,,,,,,,안전,2025.0,1025.9,1481.2,-30.7,CFS,영업이익,dart_OperatingIncomeLoss,1588.8,2037.0,영업활동현금흐름,ifrs-full_CashFlowsFromUsedInOperatingActivities,ok,연간 영업이익 YoY 계산 성공,ok,OCF 추출 성공,2026 Q1,3개월,206.1,300.6,-31.5,thstrm_amount,frmtrm_q_amount,CFS,fnlttSinglAcntAll,영업이익,dart_OperatingIncomeLoss,ok,3개월 기준 YoY 계산 성공,하락지속,-10,5,현금창출양호,1.55,default,0,89.7,85.7
001060,JW중외제약,,26900,35.4,10.3,-1.3,-31.5,30.0,-8.3,-16.2,-25.7,-8.1,-11.1,-1.4,0.86,39250,20700,0,False,False,False,68357,70985,16.7,19.0,20.8,0.96,0,False,False,False,False,-,67.5,13.4,-3.5,7.4,-9.6,True,8,강세,-4,0,-1,-3,82.0,31.5,1518.25,,3.0,-121906.0,-121906.0,-121906.0,10,10,1.0,75.5,71.5,001060,00149947,0,0,1,0,,,[20260430] 매매거래정지및정지해제(중요내용공시)               (20260430801653),,,,https://dart.fss.or.kr/dsaf001/main.do?rcpNo=20260430801653,,,,안전,2025.0,944.6,824.9,14.5,CFS,영업이익(손실),dart_OperatingIncomeLoss,964.0,793.9,영업활동현금흐름,ifrs-full_CashFlowsFromUsedInOperatingActivities,ok,연간 영업이익 YoY 계산 성공,ok,OCF 추출 성공,2026 Q1,3개월,12.1,3.7,226.5,thstrm_amount,frmtrm_q_amount,CFS,fnlttSinglAcntAll,영업외손익,dart_NonOperatingProfitLoss,ok,3개월 기준 YoY 계산 성공,성장지속,10,5,현금창출양호,1.02,default,-1,89.5,85.5
000910,유니온,,3245,16.9,4.5,2.7,-47.2,1.9,-15.8,-29.6,-24.8,-19.2,-24.0,-26.5,1.18,6150,3185,0,False,False,False,157865,176765,6.8,5.5,7.3,0.89,4,False,False,False,True,거래량동반양봉,88.5,1.7,-0.2,-11.5,0.0,True,8,강세,-4,0,-1,-3,82.0,31.5,1518.25,,3.0,-121906.0,-121906.0,-121906.0,10,10,1.0,100.5,96.5,000910,00144252,0,2,0,0,,[20260303] 최대주주변경               (20260303800931) || [20260303] 최대주주등소유주식변동신고서(최대주주변경시)               (20260303800798),,,,https://dart.fss.or.kr/dsaf001/main.do?rcpNo=20260303800931 || https://dart.fss.or.kr/dsaf001/main.do?rcpNo=20260303800798,,,,20260303800931 || 20260303800798,주의,2025.0,55.0,-114.6,148.0,CFS,영업이익(손실),dart_OperatingIncomeLoss,187.2,201.8,영업활동으로 인한 현금흐름,ifrs-full_CashFlowsFromUsedInOperatingActivities,ok,연간 영업이익 YoY 계산 성공,ok,OCF 추출 성공,2026 Q1,3개월,-7.1,10.4,-168.1,thstrm_amount,frmtrm_q_amount,CFS,fnlttSinglAcntAll,영업이익,dart_OperatingIncomeLoss,ok,3개월 기준 YoY 계산 성공,피크아웃,-15,5,현금창출양호,3.4,default,-1,89.5,85.5
126560,현대퓨처넷,,2920,28.6,17.5,17.4,-22.1,2.5,-2.0,-14.6,-15.7,-5.5,-10.2,-10.0,0.58,3750,2850,0,False,False,False,73975,132870,2.2,2.2,4.2,0.56,0,False,False,False,False,-,62.3,-0.7,-0.1,-1.3,-3.0,True,0,강세,-4,0,-1,-3,82.0,31.5,1518.25,,3.0,-121906.0,-121906.0,-121906.0,10,10,1.0,62.3,58.3,126560,00403632,0,1,0,0,,[20260225] 주요사항보고서(감자결정) (20260225001808),,,,https://dart.fss.or.kr/dsaf001/main.do?rcpNo=20260225001808,,,,20260225001808,주의,2025.0,63.1,69.4,-9.1,CFS,영업이익(손실),dart_OperatingIncomeLoss,181.1,-129.0,영업활동현금흐름,ifrs-full_CashFlowsFromUsedInOperatingActivities,ok,연간 영업이익 YoY 계산 성공,ok,OCF 추출 성공,2026 Q1,3개월,43.1,37.7,14.4,thstrm_amount,frmtrm_q_amount,CFS,fnlttSinglAcntAll,영업이익(손실),dart_OperatingIncomeLoss,ok,3개월 기준 YoY 계산 성공,턴어라운드,20,5,현금창출양호,2.87,default,2,89.3,85.3
499790,GS피앤엘,,43300,39.5,12.3,21.1,-35.4,65.9,-1.6,-26.6,-15.6,-11.0,-9.6,-9.3,0.46,67000,26100,5,False,True,False,99833,150815,30.2,43.7,75.7,0.66,0,False,False,False,False,-,59.2,10.8,-20.7,61.4,-134.5,True,8,강세,-4,0,-1,-3,82.0,31.5,1518.25,,3.0,-121906.0,-121906.0,-121906.0,10,10,1.0,72.2,68.2,499790,01882845,0,0,0,0,,,,,,,,,,,안전,2025.0,780.2,-0.4,204343.9,CFS,영업이익(손실),dart_OperatingIncomeLoss,1196.2,-46.2,영업활동으로 인한 현금흐름,ifrs-full_CashFlowsFromUsedInOperatingActivities,ok,연간 영업이익 YoY 계산 성공,ok,OCF 추출 성공,2026 Q1,3개월,241.6,152.2,58.8,thstrm_amount,frmtrm_q_amount,CFS,fnlttSinglAcntAll,영업이익,dart_OperatingIncomeLoss,ok,3개월 기준 YoY 계산 성공,성장지속,10,5,현금창출양호,1.53,default,2,89.2,85.2
259960,크래프톤,,252000,37.2,23.9,14.7,-35.5,20.9,-3.3,-9.2,1.4,-6.9,-2.7,-6.2,0.93,391000,208500,5,False,True,False,206573,209175,470.7,526.0,567.8,0.99,0,False,False,False,False,-,53.6,301.0,-301.5,1644.8,-1199.2,True,3,강세,-4,0,-1,-3,82.0,31.5,1518.25,,3.0,-121906.0,-121906.0,-121906.0,10,10,1.0,61.6,57.6,259960,00760971,0,0,0,0,,,,,,,,,,,안전,2025.0,10543.8,11824.9,-10.8,CFS,영업이익,dart_OperatingIncomeLoss,10451.0,9079.3,영업활동으로 인한 현금흐름,ifrs-full_CashFlowsFromUsedInOperatingActivities,ok,연간 영업이익 YoY 계산 성공,ok,OCF 추출 성공,2026 Q1,3개월,5615.6,4572.8,22.8,thstrm_amount,frmtrm_q_amount,CFS,fnlttSinglAcntAll,영업이익,dart_OperatingIncomeLoss,ok,3개월 기준 YoY 계산 성공,턴어라운드,20,5,현금창출양호,0.99,default,2,88.6,84.6
003720,삼영,,8840,32.0,2.5,6.0,-36.8,138.6,-33.3,-24.4,17.4,-22.8,-8.5,29.3,0.76,13980,3705,0,False,False,False,2234823,1918535,132.2,227.2,224.2,1.16,0,False,False,False,False,-,76.5,-43.7,-5.7,-34.9,-16.1,True,0,강세,-4,0,-1,-3,82.0,31.5,1518.25,,3.0,-121906.0,-121906.0,-121906.0,10,10,1.0,76.5,72.5,003720,00127255,0,0,0,0,,,,,,,,,,,안전,2025.0,149.2,91.0,63.9,CFS,영업이익,dart_OperatingIncomeLoss,185.4,104.0,영업활동으로 인한 현금흐름,ifrs-full_CashFlowsFromUsedInOperatingActivities,ok,연간 영업이익 YoY 계산 성공,ok,OCF 추출 성공,2026 Q1,3개월,60.1,22.6,165.3,thstrm_amount,frmtrm_q_amount,CFS,fnlttSinglAcntAll,영업이익,dart_OperatingIncomeLoss,ok,3개월 기준 YoY 계산 성공,성장지속,10,5,현금창출양호,1.24,default,-3,88.5,84.5
071320,지역난방공사,,67500,32.1,1.9,-8.9,-42.2,0.3,-6.0,-11.9,-27.6,-7.7,-11.3,-24.9,1.77,116700,67300,0,False,False,False,24093,23646,27.4,16.8,17.4,1.02,0,False,False,False,False,-,78.5,7.3,-3.2,-8.0,-14.7,True,8,강세,-4,0,-1,-3,82.0,31.5,1518.25,,3.0,-121906.0,-121906.0,-121906.0,10,10,1.0,86.5,82.5,071320,00159698,0,0,0,0,,,,,,,,,,,안전,2025.0,5296.2,3279.4,61.5,CFS,영업이익(손실),dart_OperatingIncomeLoss,6773.5,4167.2,영업활동현금흐름,ifrs-full_CashFlowsFromUsedInOperatingActivities,ok,연간 영업이익 YoY 계산 성공,ok,OCF 추출 성공,2026 Q1,3개월,3201.6,3237.8,-1.1,thstrm_amount,frmtrm_q_amount,CFS,fnlttSinglAcntAll,영업이익(손실),dart_OperatingIncomeLoss,ok,3개월 기준 YoY 계산 성공,관망,0,5,현금창출양호,1.28,default,-3,88.5,84.5
009160,SIMPAC,,4890,22.3,15.6,12.3,-29.1,16.7,-14.2,-20.1,-6.1,-16.4,-11.2,-2.7,0.89,6900,4190,0,False,False,False,198277,285379,12.4,9.9,17.2,0.69,4,False,False,False,True,거래량동반양봉,70.4,-4.1,-1.2,-10.9,-2.3,True,0,강세,-4,0,-1,-3,82.0,31.5,1518.25,,3.0,-121906.0,-121906.0,-121906.0,10,10,1.0,74.4,70.4,009160,00138260,0,3,1,0,,[20251215] 최대주주변경               (20251215801703) || [20251215] 최대주주등소유주식변동신고서(최대주주변경시)               (20251215801495) || [20251002] 주요사항보고서(감자결정) (20251002000370),[20251002] 매매거래정지및정지해제(중요내용공시)               (20251002800382),,,https://dart.fss.or.kr/dsaf001/main.do?rcpNo=20251215801703 || https://dart.fss.or.kr/dsaf001/main.do?rcpNo=20251215801495 || https://dart.fss.or.kr/dsaf001/main.do?rcpNo=20251002000370,https://dart.fss.or.kr/dsaf001/main.do?rcpNo=20251002800382,,,20251215801703 || 20251215801495 || 20251002000370,주의,2025.0,459.6,195.8,134.7,CFS,영업이익(손실),dart_OperatingIncomeLoss,484.5,-23.8,영업활동현금흐름,ifrs-full_CashFlowsFromUsedInOperatingActivities,ok,연간 영업이익 YoY 계산 성공,ok,OCF 추출 성공,2026 Q1,3개월,216.3,131.0,65.1,thstrm_amount,frmtrm_q_amount,CFS,fnlttSinglAcntAll,영업이익(손실),dart_OperatingIncomeLoss,ok,3개월 기준 YoY 계산 성공,성장지속,10,5,현금창출양호,1.05,default,-1,88.4,84.4
000120,CJ대한통운,,83900,19.9,7.7,17.5,-45.5,8.4,-5.7,-17.6,-36.4,-8.5,-15.9,-13.4,0.76,154000,77400,0,False,False,False,78442,80261,52.4,66.8,73.9,0.98,0,False,False,False,False,-,75.0,-52.4,8.0,-32.3,-269.4,True,8,강세,-4,0,-1,-3,82.0,31.5,1518.25,,3.0,-121906.0,-121906.0,-121906.0,10,10,1.0,83.0,79.0,000120,00113410,0,0,0,0,,,,,,,,,,,안전,2025.0,5080.8,5306.6,-4.3,CFS,영업이익(손실),dart_OperatingIncomeLoss,9023.6,6062.0,영업활동으로 인한 현금흐름,ifrs-full_CashFlowsFromUsedInOperatingActivities,ok,연간 영업이익 YoY 계산 성공,ok,OCF 추출 성공,2026 Q1,3개월,921.1,853.7,7.9,thstrm_amount,frmtrm_q_amount,CFS,fnlttSinglAcntAll,영업이익(손실),dart_OperatingIncomeLoss,ok,3개월 기준 YoY 계산 성공,관망,0,5,현금창출양호,1.78,default,0,88.0,84.0
029530,신도리코,,41700,32.8,20.4,21.0,-43.0,3.9,-1.5,-17.4,-29.2,-7.7,-15.2,-13.7,0.68,73200,40150,10,False,True,True,16257,17063,4.9,6.8,7.7,0.95,0,False,False,False,False,-,65.7,1.5,3.7,-16.8,14.9,True,15,강세,-4,0,-1,-3,82.0,31.5,1518.25,,3.0,-121906.0,-121906.0,-121906.0,10,10,1.0,90.7,86.7,029530,00135795,0,1,0,0,,[20250812] 유상증자결정(종속회사의주요경영사항)               (20250812800535),,,,https://dart.fss.or.kr/dsaf001/main.do?rcpNo=20250812800535,,,,20250812800535,주의,2025.0,62.5,201.6,-69.0,CFS,영업이익,dart_OperatingIncomeLoss,520.8,516.7,영업활동 현금흐름,ifrs-full_CashFlowsFromUsedInOperatingActivities,ok,연간 영업이익 YoY 계산 성공,ok,OCF 추출 성공,2026 Q1,3개월,29.2,34.3,-14.7,thstrm_amount,frmtrm_q_amount,CFS,fnlttSinglAcntAll,영업이익(손실),dart_OperatingIncomeLoss,ok,3개월 기준 YoY 계산 성공,하락지속,-10,5,현금창출양호,8.33,default,2,87.7,83.7
003230,삼양식품,,1140000,32.3,3.6,0.1,-31.5,16.2,-12.0,-13.2,-6.6,-12.5,-10.8,-12.8,0.78,1665000,981000,0,False,False,False,73339,75330,677.6,874.6,990.2,0.97,0,False,False,False,False,-,70.7,413.4,-921.0,804.7,-825.4,True,8,강세,-4,0,-1,-3,82.0,31.5,1518.25,,3.0,-121906.0,-121906.0,-121906.0,10,10,1.0,78.7,74.7,003230,00126955,0,0,0,0,,,,,,,,,,,안전,2025.0,5241.9,3445.7,52.1,CFS,영업이익,dart_OperatingIncomeLoss,3092.9,3579.0,영업활동현금흐름,ifrs-full_CashFlowsFromUsedInOperatingActivities,ok,연간 영업이익 YoY 계산 성공,ok,OCF 추출 성공,2026 Q1,3개월,1771.3,1339.9,32.2,thstrm_amount,frmtrm_q_amount,CFS,fnlttSinglAcntAll,영업이익,dart_OperatingIncomeLoss,ok,3개월 기준 YoY 계산 성공,성장지속,10,2,현금창출보통,0.59,default,-3,87.7,83.7
020120,키다리스튜디오,,3350,34.0,4.8,-8.0,-26.3,9.8,-13.8,-16.4,-8.3,-10.6,-7.6,-8.7,0.41,4545,3050,0,False,False,False,188487,203534,2.8,6.8,7.6,0.93,0,False,False,False,False,-,67.7,-3.5,3.4,-6.6,16.2,True,8,강세,-4,0,-1,-3,82.0,31.5,1518.25,,3.0,-121906.0,-121906.0,-121906.0,10,10,1.0,75.7,71.7,020120,00140131,0,0,0,0,,,,,,,,,,,안전,2025.0,123.8,21.9,465.7,CFS,영업이익(손실),dart_OperatingIncomeLoss,213.4,139.7,영업활동현금흐름,ifrs-full_CashFlowsFromUsedInOperatingActivities,ok,연간 영업이익 YoY 계산 성공,ok,OCF 추출 성공,2026 Q1,3개월,34.4,5.1,575.5,thstrm_amount,frmtrm_q_amount,CFS,fnlttSinglAcntAll,영업이익(손실),dart_OperatingIncomeLoss,ok,3개월 기준 YoY 계산 성공,성장지속,10,5,현금창출양호,1.72,default,-3,87.7,83.7
008500,일정실업,,1900,25.7,31.3,23.5,-73.4,inf,-2.4,-29.4,-31.8,-12.9,-24.5,-36.1,1.27,7130,0,5,False,True,False,59219,64031,1.6,1.1,1.4,0.92,7,False,True,False,True,5일선회복/거래량동반양봉,76.6,-0.2,-0.0,-1.1,0.0,True,0,강세,-4,0,-1,-3,82.0,31.5,1518.25,,3.0,-121906.0,-121906.0,-121906.0,10,10,1.0,88.6,84.6,008500,00146542,0,0,0,0,,,,,,,,,,,안전,2025.0,14.6,33.2,-56.1,OFS,영업이익(손실),dart_OperatingIncomeLoss,22.6,17.0,영업활동현금흐름,ifrs-full_CashFlowsFromUsedInOperatingActivities,ok,연간 영업이익 YoY 계산 성공,ok,OCF 추출 성공,2026 Q1,3개월,3.5,11.5,-69.4,thstrm_amount,frmtrm_q_amount,OFS,fnlttSinglAcntAll,영업이익(손실),dart_OperatingIncomeLoss,ok,3개월 기준 YoY 계산 성공,하락지속,-10,5,현금창출양호,1.55,default,4,87.6,83.6
017810,풀무원,,10100,31.8,11.4,11.2,-45.4,1.9,-5.6,-17.7,-22.2,-7.2,-13.2,-22.8,0.75,18490,9910,0,False,False,False,89709,75609,5.6,9.1,8.3,1.19,0,False,False,False,False,-,74.5,13.0,-20.0,-0.5,-29.6,True,8,강세,-4,0,-1,-3,82.0,31.5,1518.25,,3.0,-121906.0,-121906.0,-121906.0,10,10,1.0,82.5,78.5,017810,00155355,0,0,0,0,,,,,,,,,,,안전,2025.0,931.7,918.3,1.5,CFS,영업이익,dart_OperatingIncomeLoss,1637.5,1726.2,영업활동현금흐름,ifrs-full_CashFlowsFromUsedInOperatingActivities,ok,연간 영업이익 YoY 계산 성공,ok,OCF 추출 성공,2026 Q1,3개월,190.2,112.6,68.9,thstrm_amount,frmtrm_q_amount,CFS,fnlttSinglAcntAll,영업이익(손실),dart_OperatingIncomeLoss,ok,3개월 기준 YoY 계산 성공,관망,0,5,현금창출양호,1.76,default,0,87.5,83.5
044380,주연테크,,1657,28.3,6.5,17.1,-44.2,8.3,-11.5,-22.9,-10.2,-14.3,-16.0,-24.5,0.1,2970,1530,0,False,False,False,130228,485855,0.8,2.2,9.0,0.27,3,False,False,True,False,+3%반등,77.3,-1.2,-0.0,-1.8,-0.9,True,0,강세,-4,0,-1,-3,82.0,31.5,1518.25,,3.0,-121906.0,-121906.0,-121906.0,10,10,1.0,80.3,76.3,044380,00269241,0,1,0,0,,[20260227] 주식병합결정               (20260227800224),,,,https://dart.fss.or.kr/dsaf001/main.do?rcpNo=20260227800224,,,,20260227800224,주의,2025.0,-16.8,-29.0,42.2,CFS,영업이익(손실),dart_OperatingIncomeLoss,19.9,-26.1,영업활동현금흐름,ifrs-full_CashFlowsFromUsedInOperatingActivities,ok,연간 영업이익 YoY 계산 성공,ok,OCF 추출 성공,2026 Q1,3개월,4.1,-3.6,214.9,thstrm_amount,frmtrm_q_amount,CFS,fnlttSinglAcntAll,영업이익(손실),dart_OperatingIncomeLoss,ok,3개월 기준 YoY 계산 성공,성장지속,10,0,회계손실현금유입,,default,-3,87.3,83.3
009070,KCTC,,4680,35.1,12.9,3.6,-44.2,22.7,-10.0,-22.6,-35.5,-12.0,-18.9,-20.8,0.78,8390,3815,0,False,False,False,255936,252156,9.2,12.6,13.6,1.01,0,False,False,False,False,-,74.2,6.9,-0.8,1.7,-1.6,True,8,강세,-4,0,-1,-3,82.0,31.5,1518.25,,3.0,-121906.0,-121906.0,-121906.0,10,10,1.0,82.2,78.2,009070,00103042,0,0,0,0,,,,,,,,,,,안전,2025.0,388.2,389.9,-0.4,CFS,영업이익,dart_OperatingIncomeLoss,427.6,520.8,영업활동현금흐름,ifrs-full_CashFlowsFromUsedInOperatingActivities,ok,연간 영업이익 YoY 계산 성공,ok,OCF 추출 성공,2026 Q1,3개월,116.9,66.7,75.3,thstrm_amount,frmtrm_q_amount,CFS,fnlttSinglAcntAll,영업이익,dart_OperatingIncomeLoss,ok,3개월 기준 YoY 계산 성공,관망,0,5,현금창출양호,1.1,default,0,87.2,83.2
007110,일신석재,,1105,17.8,8.5,14.4,-63.3,3.7,-12.0,-34.0,-39.3,-20.3,-26.9,-37.0,0.55,3010,1066,0,False,False,False,522159,750632,4.7,6.1,10.7,0.7,0,False,False,False,False,-,84.2,8.1,-0.2,-8.4,-0.3,True,8,강세,-4,0,-1,-3,82.0,31.5,1518.25,,3.0,-121906.0,-121906.0,-121906.0,10,10,1.0,92.2,88.2,007110,00146296,0,0,0,0,,,,,,,,,,,안전,2025.0,6.8,38.0,-82.1,OFS,영업이익(손실),dart_OperatingIncomeLoss,31.4,20.2,영업활동현금흐름,ifrs-full_CashFlowsFromUsedInOperatingActivities,ok,연간 영업이익 YoY 계산 성공,ok,OCF 추출 성공,2026 Q1,3개월,1.0,1.8,-43.6,thstrm_amount,frmtrm_q_amount,OFS,fnlttSinglAcntAll,영업이익(손실),dart_OperatingIncomeLoss,ok,3개월 기준 YoY 계산 성공,하락지속,-10,5,현금창출양호,4.62,default,0,87.2,83.2
004690,삼천리,,119900,17.4,11.9,16.7,-32.2,12.6,-4.7,-18.9,-21.4,-9.9,-13.0,-10.0,0.67,176800,106500,0,False,False,False,17490,16306,13.0,21.6,21.9,1.07,0,False,False,False,False,-,70.2,-38.1,-16.6,-58.3,-21.1,True,0,강세,-4,0,-1,-3,82.0,31.5,1518.25,,3.0,-121906.0,-121906.0,-121906.0,10,10,1.0,70.2,66.2,004690,00128555,0,0,1,0,,,[20260305] 매매거래정지및정지해제(중요내용공시)               (20260305801230),,,,https://dart.fss.or.kr/dsaf001/main.do?rcpNo=20260305801230,,,,안전,2025.0,1596.3,1143.0,39.7,CFS,영업이익,dart_OperatingIncomeLoss,3064.7,2105.5,영업활동현금흐름,ifrs-full_CashFlowsFromUsedInOperatingActivities,ok,연간 영업이익 YoY 계산 성공,ok,OCF 추출 성공,2026 Q1,3개월,1101.5,968.9,13.7,thstrm_amount,frmtrm_q_amount,CFS,fnlttSinglAcntAll,영업이익,dart_OperatingIncomeLoss,ok,3개월 기준 YoY 계산 성공,성장지속,10,5,현금창출양호,1.92,default,2,87.2,83.2
015230,대창단조,,5920,23.3,13.5,7.7,-21.0,9.2,-7.2,-15.4,-12.9,-10.9,-12.5,-9.0,0.44,7490,5420,0,False,False,False,87414,110716,2.8,5.4,7.5,0.79,0,False,False,False,False,-,67.1,-6.6,2.9,-12.3,8.8,True,8,강세,-4,0,-1,-3,82.0,31.5,1518.25,,3.0,-121906.0,-121906.0,-121906.0,10,10,1.0,75.1,71.1,015230,00112679,0,0,0,0,,,,,,,,,,,안전,2025.0,380.3,300.7,26.5,CFS,영업이익(손실),dart_OperatingIncomeLoss,177.0,409.3,영업활동현금흐름,ifrs-full_CashFlowsFromUsedInOperatingActivities,ok,연간 영업이익 YoY 계산 성공,ok,OCF 추출 성공,2026 Q1,3개월,115.2,112.6,2.3,thstrm_amount,frmtrm_q_amount,CFS,fnlttSinglAcntAll,영업이익(손실),dart_OperatingIncomeLoss,ok,3개월 기준 YoY 계산 성공,성장지속,10,2,현금창출보통,0.47,default,0,87.1,83.1
001250,GS글로벌,,3065,7.3,8.0,11.1,-46.1,39.3,-15.1,-43.5,17.9,-20.2,-15.1,11.5,0.59,5690,2200,0,False,False,False,1151005,2088053,36.0,37.5,87.0,0.55,0,False,False,False,False,-,84.0,32.1,-0.5,66.4,-4.1,True,8,강세,-4,0,-1,-3,82.0,31.5,1518.25,,3.0,-121906.0,-121906.0,-121906.0,10,10,1.0,92.0,88.0,001250,00138190,0,0,0,0,,,,,,,,,,,안전,2025.0,523.0,778.8,-32.8,CFS,영업이익(손실),dart_OperatingIncomeLoss,648.6,-216.5,영업활동현금흐름,ifrs-full_CashFlowsFromUsedInOperatingActivities,ok,연간 영업이익 YoY 계산 성공,ok,OCF 추출 성공,2026 Q1,3개월,128.5,159.6,-19.5,thstrm_amount,frmtrm_q_amount,CFS,fnlttSinglAcntAll,영업이익(손실),dart_OperatingIncomeLoss,ok,3개월 기준 YoY 계산 성공,하락지속,-10,5,현금창출양호,1.24,default,0,87.0,83.0
090350,노루페인트,,7600,37.0,15.5,4.9,-28.1,2.4,-6.4,-15.1,-14.3,-6.6,-10.5,-12.0,0.93,10570,7420,0,False,False,False,108080,118696,8.5,8.4,9.7,0.91,0,False,False,False,False,-,60.0,-4.4,-0.6,-26.6,-5.0,True,0,강세,-4,0,-1,-3,82.0,31.5,1518.25,,3.0,-121906.0,-121906.0,-121906.0,10,10,1.0,60.0,56.0,090350,00583442,0,0,0,0,,,,,,,,,,,안전,2025.0,301.8,436.6,-30.9,CFS,영업이익(손실),dart_OperatingIncomeLoss,326.7,432.2,영업활동현금흐름,ifrs-full_CashFlowsFromUsedInOperatingActivities,ok,연간 영업이익 YoY 계산 성공,ok,OCF 추출 성공,2026 Q1,3개월,79.3,46.6,70.0,thstrm_amount,frmtrm_q_amount,CFS,fnlttSinglAcntAll,영업이익(손실),dart_OperatingIncomeLoss,ok,3개월 기준 YoY 계산 성공,턴어라운드,20,5,현금창출양호,1.08,default,2,87.0,83.0
053690,한미글로벌,,18830,17.9,15.1,7.6,-45.8,22.0,-16.9,-34.5,-6.8,-20.2,-30.4,-12.2,0.58,34750,15430,0,False,False,False,195703,273277,30.4,39.7,67.5,0.72,0,False,False,False,False,-,84.0,9.5,-0.4,32.9,-24.2,True,8,강세,-4,0,-1,-3,82.0,31.5,1518.25,,3.0,-121906.0,-121906.0,-121906.0,10,10,1.0,92.0,88.0,053690,00413523,0,0,0,0,,,,,,,,,,,안전,2025.0,306.1,339.2,-9.7,CFS,영업이익(손실),dart_OperatingIncomeLoss,408.1,264.2,영업활동현금흐름,ifrs-full_CashFlowsFromUsedInOperatingActivities,ok,연간 영업이익 YoY 계산 성공,ok,OCF 추출 성공,2026 Q1,3개월,29.7,97.7,-69.6,thstrm_amount,frmtrm_q_amount,CFS,fnlttSinglAcntAll,영업이익(손실),dart_OperatingIncomeLoss,ok,3개월 기준 YoY 계산 성공,하락지속,-10,5,현금창출양호,1.33,default,0,87.0,83.0
267260,HD현대일렉트릭,,995000,22.3,3.5,12.4,-30.4,171.5,-13.3,-21.0,-5.2,-16.8,-9.0,17.4,1.06,1430000,366500,0,False,False,False,239146,193175,2067.3,2513.4,2307.7,1.24,0,False,False,False,False,-,73.0,-652.0,-758.7,-3544.6,-22.6,True,0,강세,-4,0,-1,-3,82.0,31.5,1518.25,,3.0,-121906.0,-121906.0,-121906.0,10,10,1.0,73.0,69.0,267260,01205851,0,0,0,0,,,,,,,,,,,안전,2025.0,9953.1,6689.7,48.8,CFS,영업이익,dart_OperatingIncomeLoss,9595.7,10337.2,영업활동현금흐름,ifrs-full_CashFlowsFromUsedInOperatingActivities,ok,연간 영업이익 YoY 계산 성공,ok,OCF 추출 성공,2026 Q1,3개월,2582.7,2181.8,18.4,thstrm_amount,frmtrm_q_amount,CFS,fnlttSinglAcntAll,영업이익,dart_OperatingIncomeLoss,ok,3개월 기준 YoY 계산 성공,성장지속,10,5,현금창출양호,0.96,default,-1,87.0,83.0
079160,CJ CGV,,4400,15.2,11.7,0.6,-33.9,2.2,-5.6,-9.9,-20.6,-7.7,-8.3,-16.0,1.02,6660,4305,0,False,False,False,557680,583381,26.8,25.1,27.9,0.96,0,False,False,False,False,-,72.9,-22.2,-1.2,-77.8,-6.5,True,0,강세,-4,0,-1,-3,82.0,31.5,1518.25,,3.0,-121906.0,-121906.0,-121906.0,10,10,1.0,72.9,68.9,079160,00303873,0,4,0,0,,[20260422] 주요사항보고서(자기전환사채만기전취득결정) (20260422000660) || [20260324] 유상증자결정(종속회사의주요경영사항)               (20260324801517) || [20251229] 유상증자결정(종속회사의주요경영사항)               (20251229800962),,,,https://dart.fss.or.kr/dsaf001/main.do?rcpNo=20260422000660 || https://dart.fss.or.kr/dsaf001/main.do?rcpNo=20260324801517 || https://dart.fss.or.kr/dsaf001/main.do?rcpNo=20251229800962,,,,20260422000660 || 20260324801517 || 20251229800962,주의,2025.0,962.2,759.3,26.7,CFS,영업이익(손실),dart_OperatingIncomeLoss,2148.7,1907.7,영업활동으로 인한 현금흐름,ifrs-full_CashFlowsFromUsedInOperatingActivities,ok,연간 영업이익 YoY 계산 성공,ok,OCF 추출 성공,2026 Q1,3개월,87.2,32.0,172.4,thstrm_amount,frmtrm_q_amount,CFS,fnlttSinglAcntAll,영업이익(손실),dart_OperatingIncomeLoss,ok,3개월 기준 YoY 계산 성공,성장지속,10,5,현금창출양호,2.23,default,-1,86.9,82.9
009200,무림페이퍼,,1501,12.5,9.3,4.7,-44.1,2.9,-12.3,-26.2,-28.5,-15.7,-23.8,-25.0,0.76,2685,1459,0,False,False,False,289236,269302,3.1,4.6,4.8,1.07,0,False,False,False,False,-,83.9,0.4,0.0,-5.2,0.0,True,8,강세,-4,0,-1,-3,82.0,31.5,1518.25,,3.0,-121906.0,-121906.0,-121906.0,10,10,1.0,91.9,87.9,009200,00136086,0,0,0,0,,,,,,,,,,,안전,2025.0,59.5,893.9,-93.3,CFS,영업이익,dart_OperatingIncomeLoss,189.6,1821.3,영업활동현금흐름,ifrs-full_CashFlowsFromUsedInOperatingActivities,ok,연간 영업이익 YoY 계산 성공,ok,OCF 추출 성공,2026 Q1,3개월,1.6,51.3,-96.9,thstrm_amount,frmtrm_q_amount,CFS,fnlttSinglAcntAll,영업이익,dart_OperatingIncomeLoss,ok,3개월 기준 YoY 계산 성공,하락지속,-10,5,현금창출양호,3.19,default,0,86.9,82.9
058430,포스코스틸리온,,5640,25.5,5.5,12.1,-46.3,58.4,-13.9,-37.4,18.0,-18.1,-4.2,26.8,0.19,10500,3560,0,False,False,False,586729,2718083,27.4,34.8,210.6,0.22,0,False,False,False,False,-,83.7,33.4,-2.2,19.3,-5.1,True,8,강세,-4,0,-1,-3,82.0,31.5,1518.25,,3.0,-121906.0,-121906.0,-121906.0,10,10,1.0,91.7,87.7,058430,00155258,0,0,0,0,,,,,,,,,,,안전,2025.0,244.6,519.2,-52.9,CFS,영업이익(손실),dart_OperatingIncomeLoss,414.9,372.1,영업활동현금흐름,ifrs-full_CashFlowsFromUsedInOperatingActivities,ok,연간 영업이익 YoY 계산 성공,ok,OCF 추출 성공,2026 Q1,3개월,62.9,118.7,-47.0,thstrm_amount,frmtrm_q_amount,CFS,fnlttSinglAcntAll,영업이익(손실),dart_OperatingIncomeLoss,ok,3개월 기준 YoY 계산 성공,하락지속,-10,5,현금창출양호,1.7,default,0,86.7,82.7
450080,에코프로머티,,57700,30.4,4.8,17.0,-35.0,42.1,-14.5,-31.1,-19.7,-15.7,-19.6,-6.9,0.87,88800,40600,0,False,False,False,643295,919423,454.2,395.6,660.3,0.7,0,False,False,False,False,-,76.6,34.9,-109.0,-194.8,-421.7,True,8,강세,-4,0,-1,-3,82.0,31.5,1518.25,,3.0,-121906.0,-121906.0,-121906.0,10,10,1.0,84.6,80.6,450080,01311408,0,0,0,0,,,,,,,,,,,안전,2025.0,-653.7,-647.2,-1.0,OFS,영업이익,dart_OperatingIncomeLoss,944.1,-1346.1,영업활동 현금흐름,ifrs-full_CashFlowsFromUsedInOperatingActivities,ok,연간 영업이익 YoY 계산 성공,ok,OCF 추출 성공,2026 Q1,3개월,156.8,-147.8,206.0,thstrm_amount,frmtrm_q_amount,CFS,fnlttSinglAcntAll,영업이익(손실),dart_OperatingIncomeLoss,ok,3개월 기준 YoY 계산 성공,관망,0,0,회계손실현금유입,,default,2,86.6,82.6
007280,한국특강,,2135,29.1,9.5,7.2,-43.8,2.9,-16.3,-30.0,-23.1,-16.9,-23.9,-27.7,0.65,3802,2075,0,False,False,False,76610,61939,0.9,1.8,1.6,1.24,0,False,False,False,False,-,84.6,-1.3,-0.2,-2.4,-3.5,True,0,강세,-4,0,-1,-3,82.0,31.5,1518.25,,3.0,-121906.0,-121906.0,-121906.0,10,10,1.0,84.6,80.6,007280,00124090,0,1,0,0,,[20260316] 주식병합결정               (20260316801638),,,,https://dart.fss.or.kr/dsaf001/main.do?rcpNo=20260316801638,,,,20260316801638,주의,2025.0,117.4,106.1,10.6,OFS,영업이익(손실),dart_OperatingIncomeLoss,91.8,479.2,영업활동현금흐름,ifrs-full_CashFlowsFromUsedInOperatingActivities,ok,연간 영업이익 YoY 계산 성공,ok,OCF 추출 성공,2026 Q1,3개월,-36.1,22.7,-259.3,thstrm_amount,frmtrm_q_amount,OFS,fnlttSinglAcntAll,영업이익(손실),dart_OperatingIncomeLoss,ok,3개월 기준 YoY 계산 성공,관망,0,5,현금창출양호,0.78,default,-3,86.6,82.6
011690,와이투솔루션,,4795,16.8,4.2,16.2,-51.6,87.3,-20.9,-42.6,-42.1,-29.2,-27.7,-1.4,0.34,9900,2560,0,False,False,False,564436,1269653,20.9,29.3,97.4,0.44,0,False,False,False,False,-,83.5,18.3,-0.0,35.3,-0.1,True,8,강세,-4,0,-1,-3,82.0,31.5,1518.25,,3.0,-121906.0,-121906.0,-121906.0,10,10,1.0,91.5,87.5,011690,00144720,0,3,0,0,,[20250703] 유상증자또는주식관련사채등의발행결과(자율공시)               (20250703800417) || [20250702] [기재정정]주요사항보고서(전환사채권발행결정) (20250702000476) || [20250604] 주요사항보고서(전환사채권발행결정) (20250604000167),,,,https://dart.fss.or.kr/dsaf001/main.do?rcpNo=20250703800417 || https://dart.fss.or.kr/dsaf001/main.do?rcpNo=20250702000476 || https://dart.fss.or.kr/dsaf001/main.do?rcpNo=20250604000167,,,,20250703800417 || 20250702000476 || 20250604000167,주의,2025.0,-25.7,28.9,-188.9,CFS,영업이익(손실),dart_OperatingIncomeLoss,-20.1,100.1,영업활동현금흐름,ifrs-full_CashFlowsFromUsedInOperatingActivities,ok,연간 영업이익 YoY 계산 성공,ok,OCF 추출 성공,2026 Q1,3개월,9.5,9.3,2.3,thstrm_amount,frmtrm_q_amount,CFS,fnlttSinglAcntAll,영업이익,dart_OperatingIncomeLoss,ok,3개월 기준 YoY 계산 성공,관망,0,-5,이중적자,,default,0,86.5,82.5
023350,한국종합기술,,4435,25.8,11.9,-0.8,-28.9,6.6,-11.2,-16.9,-7.0,-10.9,-10.7,-7.3,0.4,6240,4160,0,False,False,False,43853,116745,2.1,2.0,6.1,0.38,0,False,False,False,False,-,74.5,-1.3,-0.0,-2.4,-0.1,True,0,강세,-4,0,-1,-3,82.0,31.5,1518.25,,3.0,-121906.0,-121906.0,-121906.0,10,10,1.0,74.5,70.5,023350,00159500,0,0,0,0,,,,,,,,,,,안전,2025.0,60.4,9.0,569.4,CFS,영업이익,dart_OperatingIncomeLoss,219.5,134.4,영업활동 현금흐름,ifrs-full_CashFlowsFromUsedInOperatingActivities,ok,연간 영업이익 YoY 계산 성공,ok,OCF 추출 성공,2026 Q1,3개월,39.8,-24.5,262.4,thstrm_amount,frmtrm_q_amount,CFS,fnlttSinglAcntAll,영업이익,dart_OperatingIncomeLoss,ok,3개월 기준 YoY 계산 성공,성장지속,10,5,현금창출양호,3.63,default,-3,86.5,82.5
300720,한일시멘트,,14470,33.6,21.8,19.3,-33.9,4.9,-4.0,-17.5,-20.5,-7.8,-11.9,-19.0,1.22,21900,13800,0,False,False,False,132011,128379,21.9,19.0,20.3,1.03,7,False,True,False,True,5일선회복/거래량동반양봉,62.3,16.8,-19.0,-4.4,-85.6,True,8,강세,-4,0,-1,-3,82.0,31.5,1518.25,,3.0,-121906.0,-121906.0,-121906.0,10,10,1.0,77.3,73.3,300720,01319808,0,0,0,0,,,,,,,,,,,안전,2025.0,1327.4,2713.9,-51.1,CFS,영업이익,dart_OperatingIncomeLoss,1605.8,2447.2,영업활동으로 인한 현금흐름,ifrs-full_CashFlowsFromUsedInOperatingActivities,ok,연간 영업이익 YoY 계산 성공,ok,OCF 추출 성공,2026 Q1,3개월,170.3,169.6,0.4,thstrm_amount,frmtrm_q_amount,CFS,fnlttSinglAcntAll,영업이익,dart_OperatingIncomeLoss,ok,3개월 기준 YoY 계산 성공,관망,0,5,현금창출양호,1.21,default,4,86.3,82.3
014680,한솔케미칼,,250000,36.2,4.3,3.5,-27.8,115.1,-18.2,-15.3,-26.0,-14.8,-12.1,2.2,1.2,346500,116200,0,False,False,False,92419,105579,325.7,246.4,313.5,0.88,0,False,False,False,False,-,64.1,21.0,-259.6,-42.0,-1038.4,True,8,강세,-4,0,-1,-3,82.0,31.5,1518.25,,3.0,-121906.0,-121906.0,-121906.0,10,10,1.0,72.1,68.1,014680,00140955,0,2,0,0,,[20250825] 최대주주등소유주식변동신고서(최대주주변경시)               (20250825800183) || [20250825] 최대주주변경               (20250825800178),,,,https://dart.fss.or.kr/dsaf001/main.do?rcpNo=20250825800183 || https://dart.fss.or.kr/dsaf001/main.do?rcpNo=20250825800178,,,,20250825800183 || 20250825800178,주의,2025.0,1562.3,1288.3,21.3,CFS,영업이익(손실),dart_OperatingIncomeLoss,2004.0,1623.6,영업활동현금흐름,ifrs-full_CashFlowsFromUsedInOperatingActivities,ok,연간 영업이익 YoY 계산 성공,ok,OCF 추출 성공,2026 Q1,3개월,444.1,417.0,6.5,thstrm_amount,frmtrm_q_amount,CFS,fnlttSinglAcntAll,영업이익(손실),dart_OperatingIncomeLoss,ok,3개월 기준 YoY 계산 성공,성장지속,10,5,현금창출양호,1.28,default,-1,86.1,82.1
003000,부광약품,,4595,15.0,5.3,4.8,-53.5,43.6,-12.1,-30.2,-18.1,-16.7,-32.5,-1.8,0.79,9890,3200,0,False,False,False,743636,989520,33.4,36.0,56.3,0.75,0,False,False,False,False,-,88.1,27.5,-19.0,104.4,-71.6,True,8,강세,-4,0,-1,-3,82.0,31.5,1518.25,,3.0,-121906.0,-121906.0,-121906.0,10,10,1.0,96.1,92.1,003000,00123718,0,8,0,0,,[20250716] 유상증자또는주식관련사채등의발행결과(자율공시)               (20250716800139) || [20250715] [기재정정]특수관계인의유상증자참여 (20250715000306) || [20250715] 유상증자또는주식관련사채등의청약결과(자율공시)               (20250715800243),,,,https://dart.fss.or.kr/dsaf001/main.do?rcpNo=20250716800139 || https://dart.fss.or.kr/dsaf001/main.do?rcpNo=20250715000306 || https://dart.fss.or.kr/dsaf001/main.do?rcpNo=20250715800243,,,,20250716800139 || 20250715000306 || 20250715800243,주의,2025.0,141.6,16.2,775.6,CFS,영업이익(손실),dart_OperatingIncomeLoss,214.6,343.6,영업활동현금흐름,ifrs-full_CashFlowsFromUsedInOperatingActivities,ok,연간 영업이익 YoY 계산 성공,ok,OCF 추출 성공,2026 Q1,3개월,11.0,30.1,-63.4,thstrm_amount,frmtrm_q_amount,CFS,fnlttSinglAcntAll,영업이익,dart_OperatingIncomeLoss,ok,3개월 기준 YoY 계산 성공,피크아웃,-15,5,현금창출양호,1.52,default,0,86.1,82.1
014530,극동유화,,3360,16.3,19.8,15.2,-48.1,7.9,-3.4,-16.7,-5.4,-5.7,-10.5,-5.0,0.47,6470,3115,5,False,False,True,313876,285961,4.3,10.6,10.3,1.1,0,False,False,False,False,-,74.1,-2.1,-0.0,-6.9,-0.2,True,0,강세,-4,0,-1,-3,82.0,31.5,1518.25,,3.0,-121906.0,-121906.0,-121906.0,10,10,1.0,79.1,75.1,014530,00105156,0,2,0,0,,[20251124] 최대주주변경               (20251124800312) || [20251124] 최대주주등소유주식변동신고서(최대주주변경시)               (20251124800311),,,,https://dart.fss.or.kr/dsaf001/main.do?rcpNo=20251124800312 || https://dart.fss.or.kr/dsaf001/main.do?rcpNo=20251124800311,,,,20251124800312 || 20251124800311,주의,2025.0,154.5,228.8,-32.5,CFS,영업이익,dart_OperatingIncomeLoss,217.4,238.8,영업활동현금흐름,ifrs-full_CashFlowsFromUsedInOperatingActivities,ok,연간 영업이익 YoY 계산 성공,ok,OCF 추출 성공,2026 Q1,3개월,55.2,52.4,5.4,thstrm_amount,frmtrm_q_amount,CFS,fnlttSinglAcntAll,영업이익,dart_OperatingIncomeLoss,ok,3개월 기준 YoY 계산 성공,관망,0,5,현금창출양호,1.41,default,2,86.1,82.1
004910,조광페인트,,3435,15.7,8.5,1.6,-46.7,2.2,-14.3,-30.3,-33.6,-16.0,-24.9,-32.3,0.27,6440,3360,0,False,False,False,55798,62432,0.6,2.1,2.6,0.89,0,False,False,False,False,-,88.0,0.6,-0.1,-3.9,-0.4,True,8,강세,-4,0,-1,-3,82.0,31.5,1518.25,,3.0,-121906.0,-121906.0,-121906.0,10,10,1.0,96.0,92.0,004910,00148920,0,1,0,0,,[20251223] 유상증자또는주식관련사채등의발행결과(자율공시)               (20251223800682),,,,https://dart.fss.or.kr/dsaf001/main.do?rcpNo=20251223800682,,,,20251223800682,주의,2025.0,-195.0,24.0,-910.7,CFS,영업이익(손실),dart_OperatingIncomeLoss,35.4,197.5,영업활동현금흐름,ifrs-full_CashFlowsFromUsedInOperatingActivities,ok,연간 영업이익 YoY 계산 성공,ok,OCF 추출 성공,2026 Q1,3개월,-62.1,-30.3,-105.1,thstrm_amount,frmtrm_q_amount,CFS,fnlttSinglAcntAll,영업이익(손실),dart_OperatingIncomeLoss,ok,3개월 기준 YoY 계산 성공,하락지속,-10,0,회계손실현금유입,,default,0,86.0,82.0
037710,광주신세계,,33850,32.2,10.5,9.1,-17.0,23.3,-3.7,-12.3,-13.3,-7.0,-8.9,1.7,0.64,40800,27450,5,False,True,False,18540,19336,4.3,6.4,7.0,0.96,0,False,False,False,False,-,60.9,0.3,1.3,-0.8,8.8,True,15,강세,-4,0,-1,-3,82.0,31.5,1518.25,,3.0,-121906.0,-121906.0,-121906.0,10,10,1.0,80.9,76.9,037710,00220561,0,1,0,0,,[20260225] 주요사항보고서(감자결정) (20260225005661),,,,https://dart.fss.or.kr/dsaf001/main.do?rcpNo=20260225005661,,,,20260225005661,주의,2025.0,524.7,523.3,0.3,OFS,영업이익(손실),dart_OperatingIncomeLoss,676.3,769.9,영업활동현금흐름,ifrs-full_CashFlowsFromUsedInOperatingActivities,ok,연간 영업이익 YoY 계산 성공,ok,OCF 추출 성공,2026 Q1,3개월,156.7,128.9,21.6,thstrm_amount,frmtrm_q_amount,OFS,fnlttSinglAcntAll,영업이익(손실),dart_OperatingIncomeLoss,ok,3개월 기준 YoY 계산 성공,관망,0,5,현금창출양호,1.29,default,0,85.9,81.9
013360,일성건설,,1269,13.4,10.0,5.2,-55.2,6.5,-16.7,-33.6,-29.1,-19.5,-30.1,-25.6,0.6,2830,1192,0,False,False,False,257115,377634,2.9,3.5,6.4,0.68,0,False,False,False,False,-,87.9,3.1,-0.0,-1.7,0.2,True,8,강세,-4,0,-1,-3,82.0,31.5,1518.25,,3.0,-121906.0,-121906.0,-121906.0,10,10,1.0,95.9,91.9,013360,00146232,0,0,0,0,,,,,,,,,,,안전,2025.0,103.8,-435.9,123.8,CFS,영업이익(손실),dart_OperatingIncomeLoss,148.2,-264.4,영업활동으로인한현금흐름,ifrs-full_CashFlowsFromUsedInOperatingActivities,ok,연간 영업이익 YoY 계산 성공,ok,OCF 추출 성공,2026 Q1,3개월,16.4,30.0,-45.5,thstrm_amount,frmtrm_q_amount,CFS,fnlttSinglAcntAll,영업이익(손실),dart_OperatingIncomeLoss,ok,3개월 기준 YoY 계산 성공,피크아웃,-15,5,현금창출양호,1.43,default,0,85.9,81.9
004380,삼익THK,,10000,39.6,11.9,1.2,-31.7,6.6,-25.2,-16.9,-23.1,-17.9,-18.6,-22.0,0.55,14650,9380,0,False,False,False,256669,333527,18.8,28.8,41.7,0.77,0,False,False,False,False,-,60.8,-20.7,0.8,42.7,3.4,True,8,강세,-4,0,-1,-3,82.0,31.5,1518.25,,3.0,-121906.0,-121906.0,-121906.0,10,10,1.0,68.8,64.8,004380,00127802,0,0,0,0,,,,,,,,,,,안전,2025.0,-165.5,11.8,-1507.7,CFS,영업외손익,dart_NonOperatingProfitLoss,240.6,270.2,영업활동현금흐름,ifrs-full_CashFlowsFromUsedInOperatingActivities,ok,연간 영업이익 YoY 계산 성공,ok,OCF 추출 성공,2026 Q1,3개월,-15.2,-25.1,39.4,thstrm_amount,frmtrm_q_amount,CFS,fnlttSinglAcntAll,영업외손익,dart_NonOperatingProfitLoss,ok,3개월 기준 YoY 계산 성공,턴어라운드,20,0,회계손실현금유입,,default,-3,85.8,81.8
017370,우신시스템,,4510,17.9,15.4,11.9,-51.0,5.9,-11.7,-27.7,-30.1,-15.3,-20.5,-29.2,0.6,9200,4260,0,False,False,False,58893,67363,1.9,2.7,3.6,0.87,0,False,False,False,False,-,82.7,0.7,-0.7,2.7,-7.8,True,8,강세,-4,0,-1,-3,82.0,31.5,1518.25,,3.0,-121906.0,-121906.0,-121906.0,10,10,1.0,90.7,86.7,017370,00142883,0,0,0,0,,,,,,,,,,,안전,2025.0,208.6,360.7,-42.2,CFS,영업이익(손실),dart_OperatingIncomeLoss,901.1,-813.3,영업활동현금흐름,ifrs-full_CashFlowsFromUsedInOperatingActivities,ok,연간 영업이익 YoY 계산 성공,ok,OCF 추출 성공,2026 Q1,3개월,-3.4,91.3,-103.7,thstrm_amount,frmtrm_q_amount,CFS,fnlttSinglAcntAll,영업이익(손실),dart_OperatingIncomeLoss,ok,3개월 기준 YoY 계산 성공,하락지속,-10,5,현금창출양호,4.32,default,0,85.7,81.7
095570,AJ네트웍스,,4380,39.0,26.0,7.0,-21.4,22.7,-7.4,-18.3,-14.6,-6.8,-11.8,-6.6,0.38,5570,3570,0,False,False,False,268319,321453,5.5,12.1,15.3,0.83,0,False,False,False,False,-,52.4,6.7,-15.8,-3.0,-36.7,True,8,강세,-4,0,-1,-3,82.0,31.5,1518.25,,3.0,-121906.0,-121906.0,-121906.0,10,10,1.0,60.4,56.4,095570,00365387,0,2,0,0,,[20250623] 최대주주변경               (20250623800412) || [20250623] 최대주주등소유주식변동신고서(최대주주변경시)               (20250623800405),,,,https://dart.fss.or.kr/dsaf001/main.do?rcpNo=20250623800412 || https://dart.fss.or.kr/dsaf001/main.do?rcpNo=20250623800405,,,,20250623800412 || 20250623800405,주의,2025.0,715.5,762.6,-6.2,CFS,영업이익(손실),dart_OperatingIncomeLoss,759.3,333.8,영업활동 현금흐름,ifrs-full_CashFlowsFromUsedInOperatingActivities,ok,연간 영업이익 YoY 계산 성공,ok,OCF 추출 성공,2026 Q1,3개월,218.7,173.2,26.3,thstrm_amount,frmtrm_q_amount,CFS,fnlttSinglAcntAll,영업이익(손실),dart_OperatingIncomeLoss,ok,3개월 기준 YoY 계산 성공,턴어라운드,20,5,현금창출양호,1.06,default,0,85.4,81.4
005810,풍산홀딩스,,38700,37.2,19.8,15.1,-36.5,29.6,-8.0,-15.7,-5.1,-6.9,-8.7,-3.5,0.76,60900,29850,5,False,False,True,54378,69364,19.2,21.4,29.3,0.78,0,False,False,False,False,-,58.2,4.3,3.0,36.2,4.6,True,15,강세,-4,0,-1,-3,82.0,31.5,1518.25,,3.0,-121906.0,-121906.0,-121906.0,10,10,1.0,78.2,74.2,005810,00155531,0,0,0,0,,,,,,,,,,,안전,2025.0,668.0,1047.5,-36.2,CFS,영업이익,dart_OperatingIncomeLoss,-52.3,170.8,영업활동순현금흐름,ifrs-full_CashFlowsFromUsedInOperatingActivities,ok,연간 영업이익 YoY 계산 성공,ok,OCF 추출 성공,2026 Q1,3개월,352.6,170.2,107.2,thstrm_amount,frmtrm_q_amount,CFS,fnlttSinglAcntAll,영업이익,dart_OperatingIncomeLoss,ok,3개월 기준 YoY 계산 성공,턴어라운드,20,-10,밸류트랩의심,-0.08,default,-3,85.2,81.2
003350,한국화장품제조,,8210,35.2,3.5,-1.6,-42.4,1.2,-13.3,-17.7,-22.5,-12.5,-12.2,-20.6,0.37,14260,8110,0,False,False,False,130678,226766,7.0,11.3,22.0,0.58,0,False,False,False,False,-,73.0,-0.9,-1.6,10.1,11.4,True,0,강세,-4,0,-1,-3,82.0,31.5,1518.25,,3.0,-121906.0,-121906.0,-121906.0,10,10,1.0,73.0,69.0,003350,00160621,0,1,0,0,,[20251014] 유상증자또는주식관련사채등의발행결과(자율공시)               (20251014800573),,,,https://dart.fss.or.kr/dsaf001/main.do?rcpNo=20251014800573,,,,20251014800573,주의,2025.0,328.8,265.5,23.9,OFS,영업손익,dart_OperatingIncomeLoss,363.1,196.3,영업활동으로 인한 현금흐름,ifrs-full_CashFlowsFromUsedInOperatingActivities,ok,연간 영업이익 YoY 계산 성공,ok,OCF 추출 성공,2026 Q1,3개월,85.7,60.0,42.9,thstrm_amount,frmtrm_q_amount,OFS,fnlttSinglAcntAll,영업손익,dart_OperatingIncomeLoss,ok,3개월 기준 YoY 계산 성공,성장지속,10,5,현금창출양호,1.1,default,-3,85.0,81.0
014790,HL D&I,,2750,37.9,26.1,24.2,-33.3,22.5,-4.3,-24.5,-25.4,-8.8,-16.3,-3.3,0.86,4120,2245,0,False,False,False,128811,141679,3.4,3.7,4.3,0.91,3,False,False,True,False,+3%반등,55.0,-3.4,1.4,-7.6,5.8,True,8,강세,-4,0,-1,-3,82.0,31.5,1518.25,,3.0,-121906.0,-121906.0,-121906.0,10,10,1.0,66.0,62.0,014790,00161116,0,0,0,0,,,,,,,,,,,안전,2025.0,797.9,578.9,37.8,CFS,영업이익(손실),dart_OperatingIncomeLoss,754.9,-16.3,영업활동으로 인한 현금흐름,ifrs-full_CashFlowsFromUsedInOperatingActivities,ok,연간 영업이익 YoY 계산 성공,ok,OCF 추출 성공,2026 Q1,3개월,189.8,141.7,34.0,thstrm_amount,frmtrm_q_amount,CFS,fnlttSinglAcntAll,영업이익(손실),dart_OperatingIncomeLoss,ok,3개월 기준 YoY 계산 성공,성장지속,10,5,현금창출양호,0.95,default,4,85.0,81.0
044450,KSS해운,,9600,17.6,6.5,7.6,-33.3,12.4,-10.0,-25.3,-11.3,-13.1,-16.6,-4.5,0.85,14400,8540,0,False,False,False,93607,183572,10.5,9.3,21.6,0.51,0,False,False,False,False,-,77.9,-0.3,-3.0,16.2,6.2,True,0,강세,-4,0,-1,-3,82.0,31.5,1518.25,,3.0,-121906.0,-121906.0,-121906.0,10,10,1.0,77.9,73.9,044450,00160232,0,2,0,0,,[20260423] 최대주주변경               (20260423800623) || [20260423] 최대주주등소유주식변동신고서(최대주주변경시)               (20260423800653),,,,https://dart.fss.or.kr/dsaf001/main.do?rcpNo=20260423800623 || https://dart.fss.or.kr/dsaf001/main.do?rcpNo=20260423800653,,,,20260423800623 || 20260423800653,주의,2025.0,1103.3,1040.8,6.0,CFS,영업이익,dart_OperatingIncomeLoss,1546.8,1192.9,영업활동으로 인한 현금흐름,ifrs-full_CashFlowsFromUsedInOperatingActivities,ok,연간 영업이익 YoY 계산 성공,ok,OCF 추출 성공,2026 Q1,3개월,216.1,297.3,-27.3,thstrm_amount,frmtrm_q_amount,CFS,fnlttSinglAcntAll,영업이익,dart_OperatingIncomeLoss,ok,3개월 기준 YoY 계산 성공,관망,0,5,현금창출양호,1.4,default,2,84.9,80.9
047400,유니온머티리얼,,1193,18.1,4.1,7.8,-55.5,3.6,-17.4,-35.7,-20.4,-25.7,-28.2,-23.3,0.26,2680,1152,0,False,False,False,451973,1330242,4.2,5.8,23.8,0.34,0,False,False,False,False,-,86.9,2.8,-0.1,-0.4,-0.0,True,8,강세,-4,0,-1,-3,82.0,31.5,1518.25,,3.0,-121906.0,-121906.0,-121906.0,10,10,1.0,94.9,90.9,047400,00369833,0,0,0,0,,,,,,,,,,,안전,2025.0,54.3,-165.0,132.9,CFS,영업이익(손실),dart_OperatingIncomeLoss,118.5,129.3,영업활동으로 인한 현금흐름,ifrs-full_CashFlowsFromUsedInOperatingActivities,ok,연간 영업이익 YoY 계산 성공,ok,OCF 추출 성공,2026 Q1,3개월,10.5,13.6,-22.6,thstrm_amount,frmtrm_q_amount,CFS,fnlttSinglAcntAll,영업이익(손실),dart_OperatingIncomeLoss,ok,3개월 기준 YoY 계산 성공,피크아웃,-15,5,현금창출양호,2.18,default,0,84.9,80.9
004140,동방,,1990,10.1,7.1,12.8,-51.7,2.5,-11.0,-32.3,-24.8,-17.6,-25.8,-28.1,0.61,4120,1941,0,False,False,False,601079,801241,9.7,12.5,20.5,0.75,0,False,False,False,False,-,84.9,2.2,-0.1,-0.4,-1.1,True,8,강세,-4,0,-1,-3,82.0,31.5,1518.25,,3.0,-121906.0,-121906.0,-121906.0,10,10,1.0,92.9,88.9,004140,00115287,0,0,0,0,,,,,,,,,,,안전,2025.0,319.6,390.4,-18.1,CFS,영업이익,dart_OperatingIncomeLoss,97.4,568.8,영업활동 현금흐름,ifrs-full_CashFlowsFromUsedInOperatingActivities,ok,연간 영업이익 YoY 계산 성공,ok,OCF 추출 성공,2026 Q1,3개월,65.4,87.1,-25.0,thstrm_amount,frmtrm_q_amount,CFS,fnlttSinglAcntAll,영업이익,dart_OperatingIncomeLoss,ok,3개월 기준 YoY 계산 성공,하락지속,-10,2,현금창출보통,0.3,default,0,84.9,80.9
035510,신세계 I&C,,17100,39.9,34.3,36.8,-41.6,46.8,5.2,-23.7,-2.1,-5.1,-10.9,0.2,0.78,29300,11650,10,True,True,False,567078,362000,48.5,95.7,65.3,1.57,6,False,True,True,False,5일선회복/+3%반등,48.9,-13.9,-9.0,16.1,-57.5,True,0,강세,-4,0,-1,-3,82.0,31.5,1518.25,,3.0,-121906.0,-121906.0,-121906.0,10,10,1.0,64.9,60.900000000000006,035510,00219486,0,0,0,0,,,,,,,,,,,안전,2025.0,491.1,369.5,32.9,CFS,영업이익(손실),dart_OperatingIncomeLoss,991.8,646.8,영업활동현금흐름,ifrs-full_CashFlowsFromUsedInOperatingActivities,ok,연간 영업이익 YoY 계산 성공,ok,OCF 추출 성공,2026 Q1,3개월,124.5,106.6,16.7,thstrm_amount,frmtrm_q_amount,CFS,fnlttSinglAcntAll,영업이익(손실),dart_OperatingIncomeLoss,ok,3개월 기준 YoY 계산 성공,성장지속,10,5,현금창출양호,2.02,default,5,84.9,80.9
013870,지엠비코리아,,4005,36.6,25.6,15.0,-43.9,7.4,-7.0,-19.3,-27.4,-8.3,-15.8,-9.5,1.06,7140,3730,5,True,False,False,105522,64569,2.8,4.2,2.8,1.63,0,False,False,False,False,-,62.7,2.8,-0.1,5.6,-0.1,True,8,강세,-4,0,-1,-3,82.0,31.5,1518.25,,3.0,-121906.0,-121906.0,-121906.0,10,10,1.0,75.7,71.7,013870,00156354,0,0,0,0,,,,,,,,,,,안전,2025.0,242.2,226.8,6.8,CFS,영업이익(손실),dart_OperatingIncomeLoss,71.0,414.7,영업활동현금흐름,ifrs-full_CashFlowsFromUsedInOperatingActivities,ok,연간 영업이익 YoY 계산 성공,ok,OCF 추출 성공,2026 Q1,3개월,35.8,13.9,157.8,thstrm_amount,frmtrm_q_amount,CFS,fnlttSinglAcntAll,영업이익(손실),dart_OperatingIncomeLoss,ok,3개월 기준 YoY 계산 성공,성장지속,10,-3,현금창출약함,0.29,default,2,84.7,80.7
096770,SK이노베이션,,116300,34.3,17.3,25.8,-25.2,43.9,-4.4,-22.4,-8.9,-7.4,-6.3,1.0,0.87,155400,80800,0,False,False,False,695886,761071,747.7,814.3,982.7,0.91,0,False,False,False,False,-,57.7,317.3,-432.4,168.8,-930.7,True,8,강세,-4,0,-1,-3,82.0,31.5,1518.25,,3.0,-121906.0,-121906.0,-121906.0,10,10,1.0,65.7,61.7,096770,00631518,0,18,0,0,,[20260521] [기재정정]감자결정(종속회사의주요경영사항)               (20260521800673) || [20260331] [기재정정]감자결정(종속회사의주요경영사항)               (20260331802520) || [20251224] [기재정정]감자결정(종속회사의주요경영사항)               (20251224800600),,,,https://dart.fss.or.kr/dsaf001/main.do?rcpNo=20260521800673 || https://dart.fss.or.kr/dsaf001/main.do?rcpNo=20260331802520 || https://dart.fss.or.kr/dsaf001/main.do?rcpNo=20251224800600,,,,20260521800673 || 20260331802520 || 20251224800600,주의,2025.0,4486.8,3557.0,26.1,CFS,영업이익,dart_OperatingIncomeLoss,22830.5,22325.2,영업활동으로인한현금흐름,ifrs-full_CashFlowsFromUsedInOperatingActivities,ok,연간 영업이익 YoY 계산 성공,ok,OCF 추출 성공,2026 Q1,3개월,21621.7,-307.4,7134.1,thstrm_amount,frmtrm_q_amount,CFS,fnlttSinglAcntAll,영업이익(손실),dart_OperatingIncomeLoss,ok,3개월 기준 YoY 계산 성공,성장지속,10,5,현금창출양호,5.09,default,4,84.7,80.7
002030,아세아,,173600,19.6,6.1,-1.8,-56.8,2.4,-20.5,-35.0,-40.4,-23.1,-31.5,-44.6,1.52,402000,169600,0,False,False,False,3215,2799,7.3,6.2,6.3,1.15,0,False,False,False,False,-,92.6,-0.8,-6.2,-11.2,-12.4,True,0,강세,-4,0,-1,-3,82.0,31.5,1518.25,,3.0,-121906.0,-121906.0,-121906.0,10,10,1.0,92.6,88.6,002030,00138701,0,0,0,0,,,,,,,,,,,안전,2025.0,1110.3,1724.2,-35.6,CFS,영업이익(손실),dart_OperatingIncomeLoss,1719.0,2541.5,영업활동현금흐름,ifrs-full_CashFlowsFromUsedInOperatingActivities,ok,연간 영업이익 YoY 계산 성공,ok,OCF 추출 성공,2026 Q1,3개월,237.1,256.0,-7.4,thstrm_amount,frmtrm_q_amount,CFS,fnlttSinglAcntAll,영업이익(손실),dart_OperatingIncomeLoss,ok,3개월 기준 YoY 계산 성공,하락지속,-10,5,현금창출양호,1.55,default,-3,84.6,80.6
011090,에넥스,,1331,0.0,14.5,11.0,-68.1,12.8,-12.5,-37.8,-45.2,-28.3,-34.2,-48.0,1.34,4170,1180,10,True,True,False,116320,70784,1.3,1.6,1.1,1.64,0,False,False,False,False,-,86.2,0.1,-0.0,-1.0,-0.7,True,8,강세,-4,0,-1,-3,82.0,31.5,1518.25,,3.0,-121906.0,-121906.0,-121906.0,10,10,1.0,104.2,100.2,011090,00139764,0,1,0,0,,[20260305] 주식병합결정               (20260305801188),,,,https://dart.fss.or.kr/dsaf001/main.do?rcpNo=20260305801188,,,,20260305801188,주의,2025.0,5.5,51.0,-89.3,CFS,영업이익(손실),dart_OperatingIncomeLoss,-12.1,45.9,영업활동현금흐름,ifrs-full_CashFlowsFromUsedInOperatingActivities,ok,연간 영업이익 YoY 계산 성공,ok,OCF 추출 성공,2026 Q1,3개월,-28.7,16.2,-277.4,thstrm_amount,frmtrm_q_amount,CFS,fnlttSinglAcntAll,영업이익(손실),dart_OperatingIncomeLoss,ok,3개월 기준 YoY 계산 성공,하락지속,-10,-10,밸류트랩의심,-2.2,default,0,84.2,80.2
014580,태경비케이,,4130,23.4,7.6,3.9,-37.1,1.7,-8.3,-14.5,-9.4,-8.4,-9.3,-12.6,1.11,6570,4060,0,False,False,False,138349,165208,7.7,5.9,7.5,0.84,4,False,False,False,True,거래량동반양봉,76.1,-3.2,-0.1,-8.4,-0.1,True,0,강세,-4,0,-1,-3,82.0,31.5,1518.25,,3.0,-121906.0,-121906.0,-121906.0,10,10,1.0,80.1,76.1,014580,00122481,0,0,0,0,,,,,,,,,,,안전,2025.0,407.8,422.2,-3.4,CFS,영업이익,dart_OperatingIncomeLoss,644.6,389.1,영업활동으로 인한 현금흐름,ifrs-full_CashFlowsFromUsedInOperatingActivities,ok,연간 영업이익 YoY 계산 성공,ok,OCF 추출 성공,2026 Q1,3개월,108.4,71.8,50.8,thstrm_amount,frmtrm_q_amount,CFS,fnlttSinglAcntAll,영업이익,dart_OperatingIncomeLoss,ok,3개월 기준 YoY 계산 성공,관망,0,5,현금창출양호,1.58,default,-1,84.1,80.1
000180,성창기업지주,,5360,25.3,13.1,6.6,-42.6,3.5,-10.4,-26.4,-35.7,-13.4,-21.6,-29.2,1.02,9330,5180,0,False,False,False,19204,27819,1.5,1.1,1.8,0.69,0,False,False,False,False,-,81.9,-0.4,-0.0,-3.5,-0.2,True,0,강세,-4,0,-1,-3,82.0,31.5,1518.25,,3.0,-121906.0,-121906.0,-121906.0,10,10,1.0,81.9,77.9,000180,00133335,0,1,0,0,,[20260311] 주식병합결정               (20260311801627),,,,https://dart.fss.or.kr/dsaf001/main.do?rcpNo=20260311801627,,,,20260311801627,주의,2025.0,-69.3,-72.9,5.0,CFS,영업이익(손실),dart_OperatingIncomeLoss,15.3,1.0,영업활동현금흐름,ifrs-full_CashFlowsFromUsedInOperatingActivities,ok,연간 영업이익 YoY 계산 성공,ok,OCF 추출 성공,2026 Q1,3개월,-16.2,-22.7,28.6,thstrm_amount,frmtrm_q_amount,CFS,fnlttSinglAcntAll,영업이익(손실),dart_OperatingIncomeLoss,ok,3개월 기준 YoY 계산 성공,관망,0,0,회계손실현금유입,,default,2,83.9,79.9
285130,SK케미칼,,41850,27.5,11.7,20.6,-48.8,3.3,-9.5,-32.9,-39.2,-13.6,-21.2,-32.9,0.73,81800,40500,0,False,False,False,89198,88662,26.9,38.1,43.1,1.01,0,False,False,False,False,-,80.9,8.0,-51.8,-80.9,-225.8,True,8,강세,-4,0,-1,-3,82.0,31.5,1518.25,,3.0,-121906.0,-121906.0,-121906.0,10,10,1.0,88.9,84.9,285130,01267170,0,0,0,0,,,,,,,,,,,안전,2025.0,168.8,177.3,-4.8,CFS,영업외손익,dart_NonOperatingProfitLoss,2359.1,-893.5,영업활동현금흐름,ifrs-full_CashFlowsFromUsedInOperatingActivities,ok,연간 영업이익 YoY 계산 성공,ok,OCF 추출 성공,2026 Q1,3개월,-83.7,-47.5,-76.2,thstrm_amount,frmtrm_q_amount,CFS,fnlttSinglAcntAll,영업외손익,dart_NonOperatingProfitLoss,ok,3개월 기준 YoY 계산 성공,하락지속,-10,5,현금창출양호,13.98,default,0,83.9,79.9
058850,KTcs,,2410,21.9,12.1,-11.0,-24.6,1.5,-7.1,-10.7,-13.8,-6.9,-7.9,-13.7,1.36,3195,2375,0,False,False,False,207786,227282,7.6,5.1,5.9,0.91,0,False,False,False,False,-,71.5,-2.4,-0.1,-7.6,-0.1,True,0,강세,-4,0,-1,-3,82.0,31.5,1518.25,,3.0,-121906.0,-121906.0,-121906.0,10,10,1.0,71.5,67.5,058850,00372882,0,0,0,0,,,,,,,,,,,안전,2025.0,298.1,69.7,327.6,CFS,영업이익,dart_OperatingIncomeLoss,534.5,454.6,영업활동으로 인한 현금흐름,ifrs-full_CashFlowsFromUsedInOperatingActivities,ok,연간 영업이익 YoY 계산 성공,ok,OCF 추출 성공,2026 Q1,3개월,105.0,66.3,58.3,thstrm_amount,frmtrm_q_amount,CFS,fnlttSinglAcntAll,영업이익,dart_OperatingIncomeLoss,ok,3개월 기준 YoY 계산 성공,성장지속,10,5,현금창출양호,1.79,default,-3,83.5,79.5
227840,현대코퍼레이션홀딩스,,12240,25.2,17.3,15.1,-16.8,9.9,-3.6,-13.3,-7.3,-5.8,-4.2,-1.7,0.75,14720,11140,0,False,False,False,31618,30696,2.8,3.9,4.0,1.03,0,False,False,False,False,-,60.5,-5.1,3.2,-1.8,5.0,True,8,강세,-4,0,-1,-3,82.0,31.5,1518.25,,3.0,-121906.0,-121906.0,-121906.0,10,10,1.0,68.5,64.5,227840,01108099,0,0,0,0,,,,,,,,,,,안전,2025.0,213.7,195.1,9.6,CFS,영업이익,dart_OperatingIncomeLoss,232.8,189.5,영업활동현금흐름,ifrs-full_CashFlowsFromUsedInOperatingActivities,ok,연간 영업이익 YoY 계산 성공,ok,OCF 추출 성공,2026 Q1,3개월,62.2,49.5,25.7,thstrm_amount,frmtrm_q_amount,CFS,fnlttSinglAcntAll,영업이익,dart_OperatingIncomeLoss,ok,3개월 기준 YoY 계산 성공,성장지속,10,5,현금창출양호,1.09,default,0,83.5,79.5
322000,HD현대에너지솔루션,,163100,38.8,4.7,5.2,-36.3,321.4,-18.1,-24.3,56.8,-17.1,-7.6,81.7,0.5,256000,38700,0,False,False,False,327183,646416,490.5,575.6,1356.2,0.51,0,False,False,False,False,-,66.4,465.3,-350.8,582.1,-241.9,True,8,강세,-4,0,-1,-3,82.0,31.5,1518.25,,3.0,-121906.0,-121906.0,-121906.0,10,10,1.0,74.4,70.4,322000,01199550,0,0,0,0,,,,,,,,,,,안전,2025.0,412.2,35.0,1076.9,CFS,영업이익,dart_OperatingIncomeLoss,177.2,834.5,영업활동으로 인한 순현금흐름,ifrs-full_CashFlowsFromUsedInOperatingActivities,ok,연간 영업이익 YoY 계산 성공,ok,OCF 추출 성공,2026 Q1,3개월,290.2,-30.3,1056.4,thstrm_amount,frmtrm_q_amount,CFS,fnlttSinglAcntAll,영업이익(손실),dart_OperatingIncomeLoss,ok,3개월 기준 YoY 계산 성공,성장지속,10,2,현금창출보통,0.43,default,-3,83.4,79.4
090370,메타랩스,,1190,39.9,20.6,-0.4,-54.8,5.7,-8.5,-17.4,-26.2,-10.1,-14.7,-20.6,1.02,2630,1126,0,False,False,False,48773,50556,0.6,0.6,0.7,0.96,0,False,False,False,False,-,66.3,-0.1,-0.0,-1.3,-0.3,True,0,강세,-4,0,-1,-3,82.0,31.5,1518.25,,3.0,-121906.0,-121906.0,-121906.0,10,10,1.0,66.3,62.3,090370,00442835,0,2,0,0,,[20260306] 감자결정(종속회사의주요경영사항)               (20260306801124) || [20250925] 주요사항보고서(자기전환사채만기전취득결정) (20250925000583),,,,https://dart.fss.or.kr/dsaf001/main.do?rcpNo=20260306801124 || https://dart.fss.or.kr/dsaf001/main.do?rcpNo=20250925000583,,,,20260306801124 || 20250925000583,주의,2025.0,-72.4,-32.0,-126.2,CFS,영업이익(손실),dart_OperatingIncomeLoss,-25.0,-38.3,영업활동현금흐름,ifrs-full_CashFlowsFromUsedInOperatingActivities,ok,연간 영업이익 YoY 계산 성공,ok,OCF 추출 성공,2026 Q1,3개월,5.0,-8.0,162.8,thstrm_amount,frmtrm_q_amount,CFS,fnlttSinglAcntAll,영업이익(손실),dart_OperatingIncomeLoss,ok,3개월 기준 YoY 계산 성공,턴어라운드,20,-5,이중적자,,default,2,83.3,79.3
012200,계양전기,,6830,26.5,1.9,22.9,-52.1,inf,-17.5,-4.5,-25.4,-18.8,-6.2,41.0,0.16,14270,0,0,False,False,False,2872733,6174655,72.4,220.0,621.5,0.47,0,False,False,False,False,-,68.1,-17.0,3.8,84.5,7.7,True,3,강세,-4,0,-1,-3,82.0,31.5,1518.25,,3.0,-121906.0,-121906.0,-121906.0,10,10,1.0,71.1,67.1,012200,00102618,0,2,0,0,,[20260508] 주요사항보고서(유상증자결정) (20260508000928) || [20251216] 유상증자결정(종속회사의주요경영사항)               (20251216801869),,,,https://dart.fss.or.kr/dsaf001/main.do?rcpNo=20260508000928 || https://dart.fss.or.kr/dsaf001/main.do?rcpNo=20251216801869,,,,20260508000928 || 20251216801869,주의,2025.0,-271.0,-152.6,-77.6,CFS,영업이익(손실),dart_OperatingIncomeLoss,-206.0,-264.7,영업활동으로 인한 현금흐름,ifrs-full_CashFlowsFromUsedInOperatingActivities,ok,연간 영업이익 YoY 계산 성공,ok,OCF 추출 성공,2026 Q1,3개월,-19.4,-27.4,29.3,thstrm_amount,frmtrm_q_amount,CFS,fnlttSinglAcntAll,영업이익(손실),dart_OperatingIncomeLoss,ok,3개월 기준 YoY 계산 성공,턴어라운드,20,-5,이중적자,,default,-3,83.1,79.1
210540,디와이파워,,12470,23.3,20.7,9.6,-23.9,6.1,-10.5,-20.7,-14.3,-11.8,-13.3,-7.7,1.12,16390,11750,0,False,False,False,75702,91354,12.8,9.8,13.3,0.83,0,False,False,False,False,-,69.0,-2.5,-1.0,-7.2,-2.3,True,0,강세,-4,0,-1,-3,82.0,31.5,1518.25,,3.0,-121906.0,-121906.0,-121906.0,10,10,1.0,69.0,65.0,210540,01059605,0,0,0,0,,,,,,,,,,,안전,2025.0,304.3,255.3,19.2,CFS,영업이익(손실),dart_OperatingIncomeLoss,231.0,398.6,영업활동현금흐름,ifrs-full_CashFlowsFromUsedInOperatingActivities,ok,연간 영업이익 YoY 계산 성공,ok,OCF 추출 성공,2026 Q1,3개월,117.6,98.5,19.4,thstrm_amount,frmtrm_q_amount,CFS,fnlttSinglAcntAll,영업이익(손실),dart_OperatingIncomeLoss,ok,3개월 기준 YoY 계산 성공,성장지속,10,5,현금창출양호,0.76,default,-1,83.0,79.0
078520,에이블씨엔씨,,11590,35.5,12.9,0.9,-31.0,69.4,-12.5,-24.8,0.9,-14.9,-12.2,1.4,1.08,16790,6840,0,False,False,False,110772,135366,16.9,13.6,18.9,0.82,0,False,False,False,False,-,70.9,5.4,-1.1,11.0,-2.3,True,8,강세,-4,0,-1,-3,82.0,31.5,1518.25,,3.0,-121906.0,-121906.0,-121906.0,10,10,1.0,78.9,74.9,078520,00400857,0,0,1,0,,,[20251211] 매매거래정지및정지해제(중요내용공시)               (20251211800767),,,,https://dart.fss.or.kr/dsaf001/main.do?rcpNo=20251211800767,,,,안전,2025.0,179.5,181.9,-1.3,CFS,영업이익,dart_OperatingIncomeLoss,356.5,53.0,영업활동현금흐름,ifrs-full_CashFlowsFromUsedInOperatingActivities,ok,연간 영업이익 YoY 계산 성공,ok,OCF 추출 성공,2026 Q1,3개월,94.2,49.3,91.1,thstrm_amount,frmtrm_q_amount,CFS,fnlttSinglAcntAll,영업이익,dart_OperatingIncomeLoss,ok,3개월 기준 YoY 계산 성공,관망,0,5,현금창출양호,1.99,default,-1,82.9,78.9
033530,SJG세종,,7090,40.9,10.0,-0.3,-43.9,68.6,-16.5,-13.2,-29.3,-11.2,-9.3,-13.2,0.41,12640,4205,0,False,False,False,219602,357552,10.8,16.7,29.1,0.61,0,False,False,False,False,-,62.8,-4.3,2.6,-21.9,2.6,True,8,강세,-4,0,-1,-3,82.0,31.5,1518.25,,3.0,-121906.0,-121906.0,-121906.0,10,10,1.0,70.8,66.8,033530,00134510,0,0,0,0,,,,,,,,,,,안전,2025.0,854.0,606.1,40.9,CFS,영업이익,dart_OperatingIncomeLoss,927.4,701.7,영업활동으로 인한 현금흐름,ifrs-full_CashFlowsFromUsedInOperatingActivities,ok,연간 영업이익 YoY 계산 성공,ok,OCF 추출 성공,2026 Q1,3개월,362.5,221.9,63.3,thstrm_amount,frmtrm_q_amount,CFS,fnlttSinglAcntAll,영업이익,dart_OperatingIncomeLoss,ok,3개월 기준 YoY 계산 성공,성장지속,10,5,현금창출양호,1.09,default,-3,82.8,78.8
001940,KISCO홀딩스,,20350,13.4,3.6,-3.5,-30.9,1.0,-12.8,-25.0,-22.3,-14.1,-19.5,-20.0,1.59,29450,20150,5,True,False,False,12746,8935,2.9,2.8,2.1,1.43,-30,True,False,False,False,⚠️떨어지는칼날,82.8,1.8,-4.1,2.7,-9.0,True,8,강세,-4,0,-1,-3,82.0,31.5,1518.25,,3.0,-121906.0,-121906.0,-121906.0,10,10,1.0,65.8,61.8,001940,00159740,0,0,0,0,,,,,,,,,,,안전,2025.0,-707.5,-36.3,-1850.3,CFS,영업이익,dart_OperatingIncomeLoss,494.5,792.7,영업활동으로 인한 현금흐름,ifrs-full_CashFlowsFromUsedInOperatingActivities,ok,연간 영업이익 YoY 계산 성공,ok,OCF 추출 성공,2026 Q1,3개월,-172.9,-196.5,12.0,thstrm_amount,frmtrm_q_amount,CFS,fnlttSinglAcntAll,영업이익(손실),dart_OperatingIncomeLoss,ok,3개월 기준 YoY 계산 성공,턴어라운드,20,0,회계손실현금유입,,default,-3,82.8,78.8
093370,후성,,10580,39.9,6.3,5.7,-31.4,173.0,-18.0,-24.5,31.8,-15.0,-5.5,27.7,0.58,15420,3875,0,False,False,False,1682918,2062373,127.8,192.4,263.8,0.82,0,False,False,False,False,-,62.7,5.6,-35.4,146.9,-26.0,True,8,강세,-4,0,-1,-3,82.0,31.5,1518.25,,3.0,-121906.0,-121906.0,-121906.0,10,10,1.0,70.7,66.7,093370,00595191,0,4,0,0,,[20251226] 유상증자결정(종속회사의주요경영사항)               (20251226800712) || [20251223] 유상증자또는주식관련사채등의발행결과(자율공시)               (20251223800728) || [20251105] 유상증자또는주식관련사채등의발행결과(자율공시)               (20251105800612),,,,https://dart.fss.or.kr/dsaf001/main.do?rcpNo=20251226800712 || https://dart.fss.or.kr/dsaf001/main.do?rcpNo=20251223800728 || https://dart.fss.or.kr/dsaf001/main.do?rcpNo=20251105800612,,,,20251226800712 || 20251223800728 || 20251105800612,주의,2025.0,253.5,-95.8,364.7,CFS,영업이익(손실),dart_OperatingIncomeLoss,395.8,756.4,영업활동으로 인한 현금흐름,ifrs-full_CashFlowsFromUsedInOperatingActivities,ok,연간 영업이익 YoY 계산 성공,ok,OCF 추출 성공,2026 Q1,3개월,92.6,-1.0,8933.0,thstrm_amount,frmtrm_q_amount,CFS,fnlttSinglAcntAll,영업이익(손실),dart_OperatingIncomeLoss,ok,3개월 기준 YoY 계산 성공,성장지속,10,5,현금창출양호,1.56,default,-3,82.7,78.7
008350,남선알미늄,,1416,21.0,7.1,10.8,-59.4,41.6,-12.9,-35.9,21.5,-20.0,-27.2,3.8,0.53,3485,1000,0,False,False,False,3924759,8809337,67.1,58.1,166.7,0.45,4,False,False,False,True,거래량동반양봉,85.7,39.8,-0.0,77.2,0.8,True,8,강세,-4,0,-1,-3,82.0,31.5,1518.25,,3.0,-121906.0,-121906.0,-121906.0,10,10,1.0,97.7,93.7,008350,00107224,0,0,0,0,,,,,,,,,,,안전,2025.0,-32.7,48.2,-167.7,CFS,영업이익(손실),dart_OperatingIncomeLoss,-51.3,155.9,영업활동으로 인한 현금흐름,ifrs-full_CashFlowsFromUsedInOperatingActivities,ok,연간 영업이익 YoY 계산 성공,ok,OCF 추출 성공,2026 Q1,3개월,-17.2,5.4,-417.1,thstrm_amount,frmtrm_q_amount,CFS,fnlttSinglAcntAll,영업이익,dart_OperatingIncomeLoss,ok,3개월 기준 YoY 계산 성공,하락지속,-10,-5,이중적자,,default,0,82.7,78.7
011170,롯데케미칼,,77400,31.7,5.4,22.1,-35.2,38.7,-7.3,-34.4,-19.3,-12.0,-12.6,1.1,0.47,119500,55800,0,False,False,False,155073,308962,109.9,123.9,286.9,0.5,0,False,False,False,False,-,72.7,111.4,-92.0,49.2,-1116.7,True,8,강세,-4,0,-1,-3,82.0,31.5,1518.25,,3.0,-121906.0,-121906.0,-121906.0,10,10,1.0,80.7,76.7,011170,00165413,0,0,0,0,,,,,,,,,,,안전,2025.0,-9431.2,-9145.4,-3.1,CFS,영업손실,dart_OperatingIncomeLoss,4889.3,15423.9,영업활동으로 인한 현금흐름,ifrs-full_CashFlowsFromUsedInOperatingActivities,ok,연간 영업이익 YoY 계산 성공,ok,OCF 추출 성공,2026 Q1,3개월,734.8,-1266.0,158.0,thstrm_amount,frmtrm_q_amount,CFS,fnlttSinglAcntAll,영업손익,dart_OperatingIncomeLoss,ok,3개월 기준 YoY 계산 성공,관망,0,0,회계손실현금유입,,default,2,82.7,78.7
003220,대원제약,,8220,20.8,7.3,0.0,-44.1,1.9,-11.2,-24.0,-28.1,-13.4,-18.6,-30.3,1.19,14700,8070,0,False,False,False,52396,41393,4.2,4.5,3.9,1.27,0,False,False,False,False,-,85.6,-0.8,-0.2,-5.4,-0.6,True,0,강세,-4,0,-1,-3,82.0,31.5,1518.25,,3.0,-121906.0,-121906.0,-121906.0,10,10,1.0,85.6,81.6,003220,00111999,0,3,0,0,,[20250909] 유상증자또는주식관련사채등의발행결과(자율공시)               (20250909800375) || [20250819] [기재정정]감자결정(종속회사의주요경영사항)               (20250819800434) || [20250812] 감자결정(종속회사의주요경영사항)               (20250812800658),,,,https://dart.fss.or.kr/dsaf001/main.do?rcpNo=20250909800375 || https://dart.fss.or.kr/dsaf001/main.do?rcpNo=20250819800434 || https://dart.fss.or.kr/dsaf001/main.do?rcpNo=20250812800658,,,,20250909800375 || 20250819800434 || 20250812800658,주의,2025.0,34.8,282.2,-87.7,CFS,영업이익,dart_OperatingIncomeLoss,423.1,300.4,영업활동현금흐름,ifrs-full_CashFlowsFromUsedInOperatingActivities,ok,연간 영업이익 YoY 계산 성공,ok,OCF 추출 성공,2026 Q1,3개월,43.8,94.1,-53.4,thstrm_amount,frmtrm_q_amount,CFS,fnlttSinglAcntAll,영업이익,dart_OperatingIncomeLoss,ok,3개월 기준 YoY 계산 성공,하락지속,-10,5,현금창출양호,12.16,default,2,82.6,78.6
003030,세아제강지주,,141700,26.4,4.2,7.7,-45.5,26.5,-20.9,-42.3,-0.2,-21.8,-30.5,-13.2,1.08,260000,112000,0,False,False,False,38364,40617,58.5,58.8,76.3,0.94,0,False,False,False,False,-,85.5,68.5,-88.3,140.8,-115.7,True,8,강세,-4,0,-1,-3,82.0,31.5,1518.25,,3.0,-121906.0,-121906.0,-121906.0,10,10,1.0,93.5,89.5,003030,00124197,0,2,0,0,,[20260226] 유상증자결정(종속회사의주요경영사항)               (20260226801449) || [20251017] 유상증자또는주식관련사채등의발행결과(자율공시)               (20251017800288),,,,https://dart.fss.or.kr/dsaf001/main.do?rcpNo=20260226801449 || https://dart.fss.or.kr/dsaf001/main.do?rcpNo=20251017800288,,,,20260226801449 || 20251017800288,주의,2025.0,2058.3,2116.1,-2.7,CFS,영업이익,dart_OperatingIncomeLoss,174.3,2807.4,영업활동으로 인한 현금흐름,ifrs-full_CashFlowsFromUsedInOperatingActivities,ok,연간 영업이익 YoY 계산 성공,ok,OCF 추출 성공,2026 Q1,3개월,266.8,650.2,-59.0,thstrm_amount,frmtrm_q_amount,CFS,fnlttSinglAcntAll,영업이익,dart_OperatingIncomeLoss,ok,3개월 기준 YoY 계산 성공,하락지속,-10,-3,현금창출약함,0.08,default,2,82.5,78.5
009270,신원,,1125,31.1,31.9,28.7,-48.2,7.1,-0.3,-18.8,-25.0,-8.1,-14.0,-25.0,0.87,2170,1050,5,False,True,False,727868,769823,7.7,8.1,9.6,0.95,3,False,True,False,False,5일선회복,65.5,2.7,0.3,-8.8,0.3,True,15,강세,-4,0,-1,-3,82.0,31.5,1518.25,,3.0,-121906.0,-121906.0,-121906.0,10,10,1.0,88.5,84.5,009270,00136864,0,2,0,0,,[20250909] 주요사항보고서(제3자의전환사채매수선택권행사) (20250909000245) || [20250808] 주요사항보고서(전환사채매수선택권행사자지정) (20250808000478),,,,https://dart.fss.or.kr/dsaf001/main.do?rcpNo=20250909000245 || https://dart.fss.or.kr/dsaf001/main.do?rcpNo=20250808000478,,,,20250909000245 || 20250808000478,주의,2025.0,187.8,253.2,-25.8,CFS,영업이익(손실),dart_OperatingIncomeLoss,-185.5,343.4,영업활동현금흐름,ifrs-full_CashFlowsFromUsedInOperatingActivities,ok,연간 영업이익 YoY 계산 성공,ok,OCF 추출 성공,2026 Q1,3개월,62.8,62.0,1.2,thstrm_amount,frmtrm_q_amount,CFS,fnlttSinglAcntAll,영업이익(손실),dart_OperatingIncomeLoss,ok,3개월 기준 YoY 계산 성공,관망,0,-10,밸류트랩의심,-0.99,default,4,82.5,78.5
011390,부산산업,,48850,14.2,6.6,14.4,-60.8,3.1,-13.1,-35.6,-42.4,-21.5,-29.9,-37.8,0.66,124700,47400,0,False,False,False,8868,9097,3.0,4.6,5.7,0.97,0,False,False,False,False,-,84.2,2.4,-0.0,-0.8,-0.1,True,8,강세,-4,0,-1,-3,82.0,31.5,1518.25,,3.0,-121906.0,-121906.0,-121906.0,10,10,1.0,92.2,88.2,011390,00124027,0,0,0,0,,,,,,,,,,,안전,2025.0,-27.7,33.6,-182.5,CFS,영업이익(손실),dart_OperatingIncomeLoss,1.0,91.7,영업활동으로 인한 현금흐름,ifrs-full_CashFlowsFromUsedInOperatingActivities,ok,연간 영업이익 YoY 계산 성공,ok,OCF 추출 성공,2026 Q1,3개월,5.0,6.6,-24.3,thstrm_amount,frmtrm_q_amount,CFS,fnlttSinglAcntAll,영업이익(손실),dart_OperatingIncomeLoss,ok,3개월 기준 YoY 계산 성공,하락지속,-10,0,회계손실현금유입,,default,0,82.2,78.2
372910,한컴라이프케어,,2005,19.6,8.8,3.8,-47.0,2.8,-11.3,-23.8,-27.0,-12.0,-16.1,-25.7,0.73,3780,1950,0,False,False,False,162380,172242,2.6,3.4,3.9,0.94,0,False,False,False,False,-,84.2,0.1,-0.0,-3.8,-0.6,True,8,강세,-4,0,-1,-3,82.0,31.5,1518.25,,3.0,-121906.0,-121906.0,-121906.0,10,10,1.0,92.2,88.2,372910,00534598,0,0,0,0,,,,,,,,,,,안전,2025.0,-7.3,74.9,-109.7,CFS,영업이익(손실),dart_OperatingIncomeLoss,226.8,222.7,영업활동현금흐름,ifrs-full_CashFlowsFromUsedInOperatingActivities,ok,연간 영업이익 YoY 계산 성공,ok,OCF 추출 성공,2026 Q1,3개월,-38.1,-34.4,-10.8,thstrm_amount,frmtrm_q_amount,CFS,fnlttSinglAcntAll,영업이익(손실),dart_OperatingIncomeLoss,ok,3개월 기준 YoY 계산 성공,하락지속,-10,0,회계손실현금유입,,default,0,82.2,78.2
003480,한진중공업홀딩스,,5070,30.4,13.3,15.6,-25.3,19.3,-6.8,-19.5,-2.7,-11.0,-6.1,0.8,0.46,6790,4250,0,False,False,False,63643,117324,2.7,3.3,6.9,0.54,0,False,False,False,False,-,67.2,-4.0,0.0,-11.1,-0.0,True,0,강세,-4,0,-1,-3,82.0,31.5,1518.25,,3.0,-121906.0,-121906.0,-121906.0,10,10,1.0,67.2,63.2,003480,00163673,0,1,0,0,,[20250724] [기재정정]유상증자결정(자회사의 주요경영사항)               (20250724800612),,,,https://dart.fss.or.kr/dsaf001/main.do?rcpNo=20250724800612,,,,20250724800612,주의,2025.0,732.5,458.8,59.7,CFS,영업이익,dart_OperatingIncomeLoss,1240.2,1045.1,영업활동 현금흐름,ifrs-full_CashFlowsFromUsedInOperatingActivities,ok,연간 영업이익 YoY 계산 성공,ok,OCF 추출 성공,2026 Q1,3개월,496.2,384.2,29.1,thstrm_amount,frmtrm_q_amount,CFS,fnlttSinglAcntAll,영업이익,dart_OperatingIncomeLoss,ok,3개월 기준 YoY 계산 성공,성장지속,10,5,현금창출양호,1.69,default,0,82.2,78.2
000950,전방,,27100,29.2,35.1,28.3,-45.4,14.8,-1.6,-20.6,-32.4,-7.1,-16.1,-22.8,0.61,49600,23600,5,False,True,False,1154,1697,0.3,0.3,0.5,0.68,3,False,True,False,False,5일선회복,67.1,-0.2,-0.0,-0.4,-0.0,True,0,강세,-4,0,-1,-3,82.0,31.5,1518.25,,3.0,-121906.0,-121906.0,-121906.0,10,10,1.0,75.1,71.1,000950,00147222,0,0,0,0,,,,,,,,,,,안전,2025.0,-73.1,-84.8,13.8,CFS,영업이익(손실),dart_OperatingIncomeLoss,-85.2,100.8,영업활동현금흐름,ifrs-full_CashFlowsFromUsedInOperatingActivities,ok,연간 영업이익 YoY 계산 성공,ok,OCF 추출 성공,2026 Q1,3개월,-9.2,-11.1,17.4,thstrm_amount,frmtrm_q_amount,CFS,fnlttSinglAcntAll,영업이익(손실),dart_OperatingIncomeLoss,ok,3개월 기준 YoY 계산 성공,성장지속,10,-5,이중적자,,default,2,82.1,78.1
016710,대성홀딩스,,7160,32.9,10.8,7.2,-36.4,2.7,-8.1,-17.1,-20.8,-10.1,-14.1,-16.6,1.47,11260,6970,0,False,False,False,40249,33310,3.6,2.9,2.6,1.21,4,False,False,False,True,거래량동반양봉,73.0,-0.7,0.0,-7.5,-1.2,True,0,강세,-4,0,-1,-3,82.0,31.5,1518.25,,3.0,-121906.0,-121906.0,-121906.0,10,10,1.0,77.0,73.0,016710,00108940,0,0,0,0,,,,,,,,,,,안전,2025.0,280.6,233.0,20.5,CFS,영업이익,dart_OperatingIncomeLoss,556.3,558.3,영업활동현금흐름,ifrs-full_CashFlowsFromUsedInOperatingActivities,ok,연간 영업이익 YoY 계산 성공,ok,OCF 추출 성공,2026 Q1,3개월,278.5,295.0,-5.6,thstrm_amount,frmtrm_q_amount,CFS,fnlttSinglAcntAll,영업이익,dart_OperatingIncomeLoss,ok,3개월 기준 YoY 계산 성공,관망,0,5,현금창출양호,1.98,default,0,82.0,78.0
002710,TCC스틸,,13610,29.1,3.3,4.0,-40.7,14.3,-19.9,-36.3,-12.4,-19.8,-17.0,-16.9,0.8,22950,11910,0,False,False,False,156894,227445,22.9,23.5,40.5,0.69,0,False,False,False,False,-,84.7,11.8,-0.1,22.9,-8.4,True,8,강세,-4,0,-1,-3,82.0,31.5,1518.25,,3.0,-121906.0,-121906.0,-121906.0,10,10,1.0,92.7,88.7,002710,00117300,0,3,0,0,,[20260520] 유상증자또는주식관련사채등의발행결과(자율공시)               (20260520800401) || [20260514] [첨부정정]주요사항보고서(전환사채권발행결정) (20260514000667) || [20260512] 주요사항보고서(전환사채권발행결정) (20260512000554),,,,https://dart.fss.or.kr/dsaf001/main.do?rcpNo=20260520800401 || https://dart.fss.or.kr/dsaf001/main.do?rcpNo=20260514000667 || https://dart.fss.or.kr/dsaf001/main.do?rcpNo=20260512000554,,,,20260520800401 || 20260514000667 || 20260512000554,주의,2025.0,-109.1,122.7,-188.9,CFS,영업이익(손실),dart_OperatingIncomeLoss,249.9,179.6,영업활동현금흐름,ifrs-full_CashFlowsFromUsedInOperatingActivities,ok,연간 영업이익 YoY 계산 성공,ok,OCF 추출 성공,2026 Q1,3개월,-39.8,18.2,-318.3,thstrm_amount,frmtrm_q_amount,CFS,fnlttSinglAcntAll,영업이익(손실),dart_OperatingIncomeLoss,ok,3개월 기준 YoY 계산 성공,하락지속,-10,0,회계손실현금유입,,default,-1,81.7,77.7
067830,세이브존I&C,,2450,29.0,12.4,8.9,-40.7,7.7,-9.4,-23.1,-24.1,-13.9,-18.3,-14.2,0.35,4135,2275,0,False,False,False,120107,104089,0.9,3.0,3.0,1.15,0,False,False,False,False,-,78.7,1.1,-0.1,0.0,-0.3,True,8,강세,-4,0,-1,-3,82.0,31.5,1518.25,,3.0,-121906.0,-121906.0,-121906.0,10,10,1.0,86.7,82.7,067830,00422895,0,0,0,0,,,,,,,,,,,안전,2025.0,45.9,77.8,-41.0,OFS,영업이익(손실),dart_OperatingIncomeLoss,124.4,-3.2,영업활동현금흐름,ifrs-full_CashFlowsFromUsedInOperatingActivities,ok,연간 영업이익 YoY 계산 성공,ok,OCF 추출 성공,2026 Q1,3개월,13.0,14.1,-7.9,thstrm_amount,frmtrm_q_amount,OFS,fnlttSinglAcntAll,영업이익(손실),dart_OperatingIncomeLoss,ok,3개월 기준 YoY 계산 성공,하락지속,-10,5,현금창출양호,2.71,default,0,81.7,77.7
004360,세방,,13300,11.9,11.5,15.4,-22.3,5.5,-5.3,-18.6,-15.9,-9.1,-11.8,-7.7,0.83,17110,12610,0,False,False,False,62238,69262,7.7,8.5,10.2,0.9,0,False,False,False,False,-,66.7,2.8,-0.4,9.5,0.4,True,8,강세,-4,0,-1,-3,82.0,31.5,1518.25,,3.0,-121906.0,-121906.0,-121906.0,10,10,1.0,74.7,70.7,004360,00133812,0,0,0,0,,,,,,,,,,,안전,2025.0,273.0,245.0,11.5,CFS,영업이익,dart_OperatingIncomeLoss,696.2,521.9,영업활동현금흐름,ifrs-full_CashFlowsFromUsedInOperatingActivities,ok,연간 영업이익 YoY 계산 성공,ok,OCF 추출 성공,2026 Q1,3개월,68.8,106.7,-35.5,thstrm_amount,frmtrm_q_amount,CFS,fnlttSinglAcntAll,영업이익,dart_OperatingIncomeLoss,ok,3개월 기준 YoY 계산 성공,관망,0,5,현금창출양호,2.55,default,2,81.7,77.7
475560,더본코리아,,16340,13.0,11.1,4.0,-45.6,2.6,-9.7,-22.6,-30.9,-12.6,-18.9,-30.8,1.38,30050,15930,0,False,False,False,21653,19424,4.5,3.7,3.6,1.11,4,False,False,False,True,거래량동반양봉,84.6,1.6,-0.1,-1.1,-2.9,True,8,강세,-4,0,-1,-3,82.0,31.5,1518.25,,3.0,-121906.0,-121906.0,-121906.0,10,10,1.0,96.6,92.6,475560,00968607,0,0,0,0,,,,,,,,,,,안전,2025.0,-236.8,360.2,-165.7,CFS,영업이익(손실),dart_OperatingIncomeLoss,-290.0,458.9,영업활동현금흐름,ifrs-full_CashFlowsFromUsedInOperatingActivities,ok,연간 영업이익 YoY 계산 성공,ok,OCF 추출 성공,2026 Q1,3개월,-41.9,62.0,-167.7,thstrm_amount,frmtrm_q_amount,CFS,fnlttSinglAcntAll,영업이익(손실),dart_OperatingIncomeLoss,ok,3개월 기준 YoY 계산 성공,하락지속,-10,-5,이중적자,,default,0,81.6,77.6
037270,YG PLUS,,3790,24.2,6.0,13.0,-66.8,3.3,-7.8,-27.5,-45.6,-13.0,-22.3,-43.4,0.48,11400,3670,0,False,False,False,530787,1021295,18.8,20.6,44.9,0.52,0,False,False,False,False,-,83.5,31.3,-1.2,23.5,-5.4,True,8,강세,-4,0,-1,-3,82.0,31.5,1518.25,,3.0,-121906.0,-121906.0,-121906.0,10,10,1.0,91.5,87.5,037270,00249247,0,0,0,0,,,,,,,,,,,안전,2025.0,323.3,-7.3,4515.0,CFS,영업이익(손실),dart_OperatingIncomeLoss,273.6,98.4,영업활동현금흐름,ifrs-full_CashFlowsFromUsedInOperatingActivities,ok,연간 영업이익 YoY 계산 성공,ok,OCF 추출 성공,2026 Q1,3개월,52.7,87.2,-39.5,thstrm_amount,frmtrm_q_amount,CFS,fnlttSinglAcntAll,영업이익(손실),dart_OperatingIncomeLoss,ok,3개월 기준 YoY 계산 성공,피크아웃,-15,5,현금창출양호,0.85,default,0,81.5,77.5
000020,동화약품,,5470,38.0,6.9,-4.8,-23.4,1.1,-9.4,-10.2,-13.2,-7.2,-7.7,-11.4,0.87,7140,5410,0,False,False,False,140091,137008,6.7,7.9,8.1,1.02,0,False,False,False,False,-,57.5,-6.3,-0.1,-6.4,2.2,True,0,강세,-4,0,-1,-3,82.0,31.5,1518.25,,3.0,-121906.0,-121906.0,-121906.0,10,10,1.0,57.5,53.5,000020,00119195,0,0,0,0,,,,,,,,,,,안전,2025.0,2.6,134.1,-98.1,CFS,영업이익,dart_OperatingIncomeLoss,157.0,-40.0,영업활동현금흐름,ifrs-full_CashFlowsFromUsedInOperatingActivities,ok,연간 영업이익 YoY 계산 성공,ok,OCF 추출 성공,2026 Q1,3개월,112.3,22.7,394.8,thstrm_amount,frmtrm_q_amount,CFS,fnlttSinglAcntAll,영업이익,dart_OperatingIncomeLoss,ok,3개월 기준 YoY 계산 성공,턴어라운드,20,5,현금창출양호,60.38,default,-1,81.5,77.5
010130,고려아연,,1322000,30.6,9.6,18.4,-39.6,84.1,-8.4,-17.6,-34.9,-9.4,-13.7,-0.9,0.8,2188000,718000,0,False,False,False,24676,40351,373.6,336.4,612.2,0.61,0,False,False,False,False,-,71.4,310.8,-314.2,-582.8,-759.5,True,8,강세,-4,0,-1,-3,82.0,31.5,1518.25,,3.0,-121906.0,-121906.0,-121906.0,10,10,1.0,79.4,75.4,010130,00102858,0,9,0,0,,[20260219] [기재정정]주요사항보고서(유상증자결정) (20260219002746) || [20260219] [기재정정]주요사항보고서(유상증자결정) (20260219002382) || [20251231] [기재정정]주요사항보고서(유상증자결정) (20251231000232),,,,https://dart.fss.or.kr/dsaf001/main.do?rcpNo=20260219002746 || https://dart.fss.or.kr/dsaf001/main.do?rcpNo=20260219002382 || https://dart.fss.or.kr/dsaf001/main.do?rcpNo=20251231000232,,,,20260219002746 || 20260219002382 || 20251231000232,주의,2025.0,12319.3,7234.7,70.3,CFS,Ⅴ.영업이익,dart_OperatingIncomeLoss,-6282.1,5158.1,Ⅰ. 영업활동으로인한현금흐름,ifrs-full_CashFlowsFromUsedInOperatingActivities,ok,연간 영업이익 YoY 계산 성공,ok,OCF 추출 성공,2026 Q1,3개월,7460.5,2711.1,175.2,thstrm_amount,frmtrm_q_amount,CFS,fnlttSinglAcntAll,영업이익,dart_OperatingIncomeLoss,ok,3개월 기준 YoY 계산 성공,성장지속,10,-10,밸류트랩의심,-0.51,default,2,81.4,77.4
003520,영진약품,,1299,19.1,25.1,13.6,-47.0,8.0,-9.5,-27.4,-35.4,-13.6,-21.9,-31.6,0.77,2450,1203,0,False,False,False,617294,505764,5.2,8.1,7.6,1.22,0,False,False,False,False,-,78.3,3.8,-0.1,-4.8,-0.7,True,8,강세,-4,0,-1,-3,82.0,31.5,1518.25,,3.0,-121906.0,-121906.0,-121906.0,10,10,1.0,86.3,82.3,003520,00141149,0,2,0,0,,[20251128] 유상증자또는주식관련사채등의발행결과(자율공시)               (20251128800672) || [20251120] 주요사항보고서(전환사채권발행결정) (20251120000602),,,,https://dart.fss.or.kr/dsaf001/main.do?rcpNo=20251128800672 || https://dart.fss.or.kr/dsaf001/main.do?rcpNo=20251120000602,,,,20251128800672 || 20251120000602,주의,2025.0,34.2,87.2,-60.8,OFS,영업이익(손실),dart_OperatingIncomeLoss,117.3,217.4,영업활동현금흐름,ifrs-full_CashFlowsFromUsedInOperatingActivities,ok,연간 영업이익 YoY 계산 성공,ok,OCF 추출 성공,2026 Q1,3개월,-17.5,26.2,-167.1,thstrm_amount,frmtrm_q_amount,OFS,fnlttSinglAcntAll,영업이익(손실),dart_OperatingIncomeLoss,ok,3개월 기준 YoY 계산 성공,하락지속,-10,5,현금창출양호,3.43,default,0,81.3,77.3
308170,씨티알모빌리티,,3610,16.7,8.3,-4.8,-64.6,4.3,-20.3,-34.8,-38.0,-22.3,-27.8,-33.9,1.79,10200,3460,0,False,False,False,37158,27907,1.8,1.4,1.3,1.33,0,False,False,False,False,-,94.0,-0.1,-0.0,-0.6,-0.0,True,0,강세,-4,0,-1,-3,82.0,31.5,1518.25,,3.0,-121906.0,-121906.0,-121906.0,10,10,1.0,94.0,90.0,308170,00450010,0,0,0,0,,,,,,,,,,,안전,2025.0,58.1,39.2,48.3,CFS,영업이익(손실),dart_OperatingIncomeLoss,45.2,132.0,영업활동현금흐름,ifrs-full_CashFlowsFromUsedInOperatingActivities,ok,연간 영업이익 YoY 계산 성공,ok,OCF 추출 성공,2026 Q1,3개월,3.2,9.8,-67.0,thstrm_amount,frmtrm_q_amount,CFS,fnlttSinglAcntAll,영업이익(손실),dart_OperatingIncomeLoss,ok,3개월 기준 YoY 계산 성공,피크아웃,-15,5,현금창출양호,0.78,default,-3,81.0,77.0
033270,유나이티드제약,,18100,30.9,15.3,-1.4,-19.4,1.9,-5.2,-11.9,-9.7,-6.0,-9.1,-8.0,0.7,22450,17770,0,False,False,False,33998,37389,4.8,6.3,7.2,0.91,0,False,False,False,False,-,66.0,-4.5,-0.2,5.8,-4.9,True,0,강세,-4,0,-1,-3,82.0,31.5,1518.25,,3.0,-121906.0,-121906.0,-121906.0,10,10,1.0,66.0,62.0,033270,00158963,0,0,0,0,,,,,,,,,,,안전,2025.0,2.4,-101.9,102.3,OFS,영업외손익,dart_NonOperatingProfitLoss,511.4,267.9,영업활동현금흐름,ifrs-full_CashFlowsFromUsedInOperatingActivities,ok,연간 영업이익 YoY 계산 성공,ok,OCF 추출 성공,2026 Q1,3개월,59.4,16.6,258.3,thstrm_amount,frmtrm_q_amount,OFS,fnlttSinglAcntAll,영업외손익,dart_NonOperatingProfitLoss,ok,3개월 기준 YoY 계산 성공,성장지속,10,5,현금창출양호,213.08,default,0,81.0,77.0
003070,코오롱글로벌,,9030,37.2,9.6,9.4,-33.5,5.5,-9.7,-23.9,-12.5,-10.6,-17.3,-6.7,0.38,13570,8560,0,False,False,False,40043,79105,2.8,3.7,8.3,0.51,0,False,False,False,False,-,65.8,-1.7,-1.1,-7.4,-3.9,True,0,강세,-4,0,-1,-3,82.0,31.5,1518.25,,3.0,-121906.0,-121906.0,-121906.0,10,10,1.0,65.8,61.8,003070,00152880,0,0,1,0,,,[20250701] 매매거래정지및정지해제(중요내용공시)               (20250701800476),,,,https://dart.fss.or.kr/dsaf001/main.do?rcpNo=20250701800476,,,,안전,2025.0,36.5,-566.7,106.4,CFS,영업이익(손실),dart_OperatingIncomeLoss,723.6,-2132.7,영업활동으로 인한 현금흐름,ifrs-full_CashFlowsFromUsedInOperatingActivities,ok,연간 영업이익 YoY 계산 성공,ok,OCF 추출 성공,2026 Q1,3개월,220.1,96.0,129.3,thstrm_amount,frmtrm_q_amount,CFS,fnlttSinglAcntAll,영업이익(손실),dart_OperatingIncomeLoss,ok,3개월 기준 YoY 계산 성공,성장지속,10,5,현금창출양호,19.82,default,0,80.8,76.8
002720,국제약품,,3575,19.0,12.9,7.5,-34.6,3.5,-9.8,-25.2,-25.1,-13.1,-21.7,-20.9,0.72,5470,3455,0,False,False,False,124120,146219,3.8,4.6,6.1,0.85,0,False,False,False,False,-,77.7,2.7,-0.0,-3.1,-0.1,True,8,강세,-4,0,-1,-3,82.0,31.5,1518.25,,3.0,-121906.0,-121906.0,-121906.0,10,10,1.0,85.7,81.7,002720,00104722,0,0,0,0,,,,,,,,,,,안전,2025.0,61.8,67.0,-7.7,CFS,영업이익(손실),dart_OperatingIncomeLoss,58.4,39.4,영업활동현금흐름,ifrs-full_CashFlowsFromUsedInOperatingActivities,ok,연간 영업이익 YoY 계산 성공,ok,OCF 추출 성공,2026 Q1,3개월,19.7,23.0,-14.5,thstrm_amount,frmtrm_q_amount,CFS,fnlttSinglAcntAll,영업이익,dart_OperatingIncomeLoss,ok,3개월 기준 YoY 계산 성공,하락지속,-10,5,현금창출양호,0.94,default,0,80.7,76.7
058860,KTis,,2585,21.0,13.6,3.1,-19.5,1.8,-4.8,-10.1,-15.2,-6.2,-7.7,-7.9,0.93,3210,2540,0,False,False,False,142749,157581,3.7,3.8,4.4,0.91,0,False,False,False,False,-,65.7,-2.0,0.2,-10.8,4.9,True,8,강세,-4,0,-1,-3,82.0,31.5,1518.25,,3.0,-121906.0,-121906.0,-121906.0,10,10,1.0,73.7,69.7,058860,00372873,0,0,0,0,,,,,,,,,,,안전,2025.0,247.4,236.4,4.7,OFS,영업이익(손실),dart_OperatingIncomeLoss,362.1,612.7,영업활동현금흐름,ifrs-full_CashFlowsFromUsedInOperatingActivities,ok,연간 영업이익 YoY 계산 성공,ok,OCF 추출 성공,2026 Q1,3개월,52.2,75.1,-30.5,thstrm_amount,frmtrm_q_amount,OFS,fnlttSinglAcntAll,영업이익(손실),dart_OperatingIncomeLoss,ok,3개월 기준 YoY 계산 성공,관망,0,5,현금창출양호,1.46,default,2,80.7,76.7
014830,유니드,,68700,24.9,20.0,17.6,-32.4,8.9,-4.8,-29.9,-16.3,-11.0,-16.5,-9.5,1.04,101600,63100,0,False,False,False,36736,36959,26.0,25.8,29.3,0.99,0,False,False,False,False,-,73.6,8.0,-7.4,2.8,-63.2,True,8,강세,-4,0,-1,-3,82.0,31.5,1518.25,,3.0,-121906.0,-121906.0,-121906.0,10,10,1.0,81.6,77.6,014830,00159786,0,0,0,0,,,,,,,,,,,안전,2025.0,879.1,954.4,-7.9,CFS,영업이익(손실),dart_OperatingIncomeLoss,894.8,1168.0,영업활동현금흐름,ifrs-full_CashFlowsFromUsedInOperatingActivities,ok,연간 영업이익 YoY 계산 성공,ok,OCF 추출 성공,2026 Q1,3개월,255.0,286.6,-11.0,thstrm_amount,frmtrm_q_amount,CFS,fnlttSinglAcntAll,영업이익(손실),dart_OperatingIncomeLoss,ok,3개월 기준 YoY 계산 성공,하락지속,-10,5,현금창출양호,1.02,default,4,80.6,76.6
487570,HS효성,,53500,28.1,17.3,19.2,-46.9,40.1,-5.6,-18.3,-19.5,-10.1,-6.8,-10.7,0.73,100800,38200,0,False,False,False,16693,28197,10.1,9.1,17.6,0.59,0,False,False,False,False,-,73.4,-12.2,-0.4,-5.4,-0.4,True,0,강세,-4,0,-1,-3,82.0,31.5,1518.25,,3.0,-121906.0,-121906.0,-121906.0,10,10,1.0,73.4,69.4,487570,01854763,0,0,0,0,,,,,,,,,,,안전,2025.0,464.3,213.8,117.1,CFS,영업이익,dart_OperatingIncomeLoss,75.7,80.2,영업활동으로 인한 현금흐름,ifrs-full_CashFlowsFromUsedInOperatingActivities,ok,연간 영업이익 YoY 계산 성공,ok,OCF 추출 성공,2026 Q1,3개월,125.4,120.8,3.8,thstrm_amount,frmtrm_q_amount,CFS,fnlttSinglAcntAll,영업이익,dart_OperatingIncomeLoss,ok,3개월 기준 YoY 계산 성공,성장지속,10,-3,현금창출약함,0.16,default,0,80.4,76.4
062040,산일전기,,225000,23.1,4.5,7.9,-34.0,253.2,-17.9,1.8,35.0,-20.1,3.1,44.0,0.72,341000,63700,0,False,False,False,403939,630145,866.8,999.6,1807.4,0.64,0,False,False,False,False,-,65.4,777.9,-737.6,990.9,-622.3,True,3,강세,-4,0,-1,-3,82.0,31.5,1518.25,,3.0,-121906.0,-121906.0,-121906.0,10,10,1.0,68.4,64.4,062040,00366438,0,0,0,0,,,,,,,,,,,안전,2025.0,1786.3,1092.3,63.5,CFS,영업이익,dart_OperatingIncomeLoss,1154.5,155.3,영업활동으로 인한 현금흐름,ifrs-full_CashFlowsFromUsedInOperatingActivities,ok,연간 영업이익 YoY 계산 성공,ok,OCF 추출 성공,2026 Q1,3개월,554.8,375.2,47.9,thstrm_amount,frmtrm_q_amount,CFS,fnlttSinglAcntAll,영업이익,dart_OperatingIncomeLoss,ok,3개월 기준 YoY 계산 성공,성장지속,10,2,현금창출보통,0.65,default,0,80.4,76.4
248070,솔루엠,,18740,35.0,13.1,9.0,-23.0,29.8,-12.8,-6.1,1.4,-10.1,-2.3,6.6,0.5,24350,14440,0,False,False,False,378956,613369,59.6,75.3,130.5,0.62,0,False,False,False,False,-,55.4,28.2,-30.7,69.2,65.6,True,3,강세,-4,0,-1,-3,82.0,31.5,1518.25,,3.0,-121906.0,-121906.0,-121906.0,10,10,1.0,58.4,54.4,248070,01159233,0,4,0,0,,[20250704] 유상증자또는주식관련사채등의발행결과(자율공시)               (20250704800710) || [20250704] 유상증자또는주식관련사채등의발행결과(자율공시)               (20250704800701) || [20250626] 주요사항보고서(유상증자결정) (20250626000631),,,,https://dart.fss.or.kr/dsaf001/main.do?rcpNo=20250704800710 || https://dart.fss.or.kr/dsaf001/main.do?rcpNo=20250704800701 || https://dart.fss.or.kr/dsaf001/main.do?rcpNo=20250626000631,,,,20250704800710 || 20250704800701 || 20250626000631,주의,2025.0,465.0,690.9,-32.7,CFS,영업이익,dart_OperatingIncomeLoss,546.4,-53.3,영업활동으로 인한 현금흐름,ifrs-full_CashFlowsFromUsedInOperatingActivities,ok,연간 영업이익 YoY 계산 성공,ok,OCF 추출 성공,2026 Q1,3개월,216.6,114.7,88.8,thstrm_amount,frmtrm_q_amount,CFS,fnlttSinglAcntAll,영업이익,dart_OperatingIncomeLoss,ok,3개월 기준 YoY 계산 성공,턴어라운드,20,5,현금창출양호,1.18,default,-3,80.4,76.4
005880,대한해운,,2055,31.0,2.6,-12.2,-39.3,37.0,-18.1,-22.3,-5.3,-16.0,-17.8,1.0,0.6,3385,1500,0,False,False,False,5889406,9155938,108.3,131.7,227.2,0.64,-30,True,False,False,False,⚠️떨어지는칼날,80.4,41.0,-5.0,206.9,11.7,True,8,강세,-4,0,-1,-3,82.0,31.5,1518.25,,3.0,-121906.0,-121906.0,-121906.0,10,10,1.0,58.400000000000006,54.400000000000006,005880,00113535,0,1,0,0,,[20250604] [첨부정정]주요사항보고서(유상증자결정) (20250604000273),,,,https://dart.fss.or.kr/dsaf001/main.do?rcpNo=20250604000273,,,,20250604000273,주의,2025.0,2071.6,3286.4,-37.0,CFS,영업이익(손실),dart_OperatingIncomeLoss,4425.9,5672.2,영업활동현금흐름,ifrs-full_CashFlowsFromUsedInOperatingActivities,ok,연간 영업이익 YoY 계산 성공,ok,OCF 추출 성공,2026 Q1,3개월,744.5,639.1,16.5,thstrm_amount,frmtrm_q_amount,CFS,fnlttSinglAcntAll,영업이익(손실),dart_OperatingIncomeLoss,ok,3개월 기준 YoY 계산 성공,턴어라운드,20,5,현금창출양호,2.14,default,-3,80.4,76.4
108670,LX하우시스,,32500,31.1,14.5,10.3,-24.4,20.4,-11.4,-4.4,2.4,-12.5,-1.8,7.4,0.45,43000,27000,0,False,False,False,45438,82167,11.4,15.2,31.4,0.55,0,False,False,False,False,-,60.1,8.4,-11.0,97.8,-7.4,True,3,강세,-4,0,-1,-3,82.0,31.5,1518.25,,3.0,-121906.0,-121906.0,-121906.0,10,10,1.0,63.1,59.1,108670,00759513,0,0,0,0,,,,,,,,,,,안전,2025.0,-858.5,-485.7,-76.8,CFS,영업외손익,dart_NonOperatingProfitLoss,1952.8,1840.0,영업활동으로 인한 현금흐름,ifrs-full_CashFlowsFromUsedInOperatingActivities,ok,연간 영업이익 YoY 계산 성공,ok,OCF 추출 성공,2026 Q1,3개월,-74.0,-82.7,10.5,thstrm_amount,frmtrm_q_amount,CFS,fnlttSinglAcntAll,영업외손익,dart_NonOperatingProfitLoss,ok,3개월 기준 YoY 계산 성공,턴어라운드,20,0,회계손실현금유입,,default,-3,80.1,76.1
241560,두산밥캣,,65200,34.4,25.5,20.6,-18.2,44.4,-4.1,-12.5,0.3,-6.1,-3.8,7.2,1.04,79700,45150,0,False,False,False,395410,313425,208.0,261.2,217.6,1.26,0,False,False,False,False,-,50.0,184.4,-238.7,430.0,-296.8,True,8,강세,-4,0,-1,-3,82.0,31.5,1518.25,,3.0,-121906.0,-121906.0,-121906.0,10,10,1.0,58.0,54.0,241560,01032486,0,0,0,0,,,,,,,,,,,안전,2025.0,-0.8,-0.5,-44.4,CFS,영업외손익,dart_NonOperatingProfitLoss,8.2,5.3,영업활동으로 인한 현금흐름,ifrs-full_CashFlowsFromUsedInOperatingActivities,ok,연간 영업이익 YoY 계산 성공,ok,OCF 추출 성공,2026 Q1,3개월,-0.2,-0.2,23.5,thstrm_amount,frmtrm_q_amount,CFS,fnlttSinglAcntAll,영업외손익,dart_NonOperatingProfitLoss,ok,3개월 기준 YoY 계산 성공,턴어라운드,20,0,회계손실현금유입,,default,2,80.0,76.0
017800,현대엘리베이터,,76500,19.1,5.2,12.7,-32.5,8.5,-9.3,-22.7,-22.5,-12.9,-15.6,-12.3,1.06,113400,70500,0,False,False,False,316226,292047,241.8,250.9,255.7,1.08,0,False,False,False,False,-,74.6,13.2,-300.3,490.7,-1273.3,True,8,강세,-4,0,-1,-3,82.0,31.5,1518.25,,3.0,-121906.0,-121906.0,-121906.0,10,10,1.0,82.6,78.6,017800,00164724,0,1,0,0,,[20260602] [기재정정]유상증자결정(종속회사의주요경영사항)               (20260602800805),,,,https://dart.fss.or.kr/dsaf001/main.do?rcpNo=20260602800805,,,,20260602800805,주의,2025.0,2092.2,2257.4,-7.3,CFS,영업이익(손실),dart_OperatingIncomeLoss,2555.7,2564.5,영업활동현금흐름,ifrs-full_CashFlowsFromUsedInOperatingActivities,ok,연간 영업이익 YoY 계산 성공,ok,OCF 추출 성공,2026 Q1,3개월,404.9,483.9,-16.3,thstrm_amount,frmtrm_q_amount,CFS,fnlttSinglAcntAll,영업이익(손실),dart_OperatingIncomeLoss,ok,3개월 기준 YoY 계산 성공,하락지속,-10,5,현금창출양호,1.22,default,2,79.6,75.6
023810,인팩,,5390,15.7,8.8,13.4,-60.3,5.3,-16.6,-41.5,-36.2,-24.9,-30.9,-29.1,0.71,13560,5120,0,False,False,False,70676,83327,3.1,4.1,6.1,0.85,0,False,False,False,False,-,84.6,-2.2,-0.0,-1.3,-0.1,True,0,강세,-4,0,-1,-3,82.0,31.5,1518.25,,3.0,-121906.0,-121906.0,-121906.0,10,10,1.0,84.6,80.6,023810,00180795,0,0,0,0,,,,,,,,,,,안전,2025.0,197.8,200.2,-1.2,CFS,영업이익,dart_OperatingIncomeLoss,993.2,49.3,영업활동으로 인한 현금흐름,ifrs-full_CashFlowsFromUsedInOperatingActivities,ok,연간 영업이익 YoY 계산 성공,ok,OCF 추출 성공,2026 Q1,3개월,20.1,71.7,-71.9,thstrm_amount,frmtrm_q_amount,CFS,fnlttSinglAcntAll,영업이익,dart_OperatingIncomeLoss,ok,3개월 기준 YoY 계산 성공,하락지속,-10,5,현금창출양호,5.02,default,0,79.6,75.6
012320,경동인베스트,,50000,15.2,10.6,12.0,-51.8,3.1,-8.6,-28.8,-47.0,-13.7,-16.1,-16.7,0.72,103700,48500,0,False,False,False,16729,15961,5.4,8.7,9.4,1.05,0,False,False,False,False,-,84.5,1.2,0.0,9.3,0.1,True,8,강세,-4,0,-1,-3,82.0,31.5,1518.25,,3.0,-121906.0,-121906.0,-121906.0,10,10,1.0,92.5,88.5,012320,00143527,0,0,0,0,,,,,,,,,,,안전,2025.0,188.2,244.0,-22.8,CFS,영업이익(손실),dart_OperatingIncomeLoss,45.4,236.4,영업활동현금흐름,ifrs-full_CashFlowsFromUsedInOperatingActivities,ok,연간 영업이익 YoY 계산 성공,ok,OCF 추출 성공,2026 Q1,3개월,19.2,22.0,-12.7,thstrm_amount,frmtrm_q_amount,CFS,fnlttSinglAcntAll,영업이익(손실),dart_OperatingIncomeLoss,ok,3개월 기준 YoY 계산 성공,하락지속,-10,-3,현금창출약함,0.24,default,0,79.5,75.5
145720,덴티움,,45900,39.4,21.6,12.7,-37.5,6.5,-9.1,-15.2,-9.1,-7.7,-10.7,-12.7,0.94,73400,43100,0,False,False,False,38284,44928,19.7,17.9,22.6,0.85,0,False,False,False,False,-,55.5,-12.2,7.6,-16.9,4.2,True,8,강세,-4,0,-1,-3,82.0,31.5,1518.25,,3.0,-121906.0,-121906.0,-121906.0,10,10,1.0,63.5,59.5,145720,00526599,0,0,1,0,,,[20260304] 매매거래정지및정지해제(중요내용공시)               (20260304801011),,,,https://dart.fss.or.kr/dsaf001/main.do?rcpNo=20260304801011,,,,안전,2025.0,641.1,985.0,-34.9,CFS,영업이익,dart_OperatingIncomeLoss,132.4,364.6,영업활동으로 인한 현금흐름,ifrs-full_CashFlowsFromUsedInOperatingActivities,ok,연간 영업이익 YoY 계산 성공,ok,OCF 추출 성공,2026 Q1,3개월,158.5,95.8,65.4,thstrm_amount,frmtrm_q_amount,CFS,fnlttSinglAcntAll,영업이익,dart_OperatingIncomeLoss,ok,3개월 기준 YoY 계산 성공,턴어라운드,20,-3,현금창출약함,0.21,default,-1,79.5,75.5
010640,진양폴리,,1800,24.9,17.1,1.4,-59.9,5.9,-15.9,-25.6,-34.9,-15.4,-20.7,-41.2,0.91,4484,1700,0,False,False,False,103387,76931,1.3,2.0,1.6,1.34,0,False,False,False,False,-,85.5,-0.8,-0.0,-4.0,-0.0,True,0,강세,-4,0,-1,-3,82.0,31.5,1518.25,,3.0,-121906.0,-121906.0,-121906.0,10,10,1.0,85.5,81.5,010640,00160375,0,7,0,0,,[20260324] 유상증자또는주식관련사채등의발행결과(자율공시)               (20260324800441) || [20260318] 유상증자또는주식관련사채등의청약결과(자율공시)               (20260318800958) || [20260312] 유상증자신주발행가액(안내공시)               (20260312800332),,,,https://dart.fss.or.kr/dsaf001/main.do?rcpNo=20260324800441 || https://dart.fss.or.kr/dsaf001/main.do?rcpNo=20260318800958 || https://dart.fss.or.kr/dsaf001/main.do?rcpNo=20260312800332,,,,20260324800441 || 20260318800958 || 20260312800332,주의,2025.0,18.3,39.7,-54.0,OFS,영업이익(손실),dart_OperatingIncomeLoss,30.8,51.7,영업활동현금흐름,ifrs-full_CashFlowsFromUsedInOperatingActivities,ok,연간 영업이익 YoY 계산 성공,ok,OCF 추출 성공,2026 Q1,3개월,2.9,3.2,-9.4,thstrm_amount,frmtrm_q_amount,OFS,fnlttSinglAcntAll,영업이익(손실),dart_OperatingIncomeLoss,ok,3개월 기준 YoY 계산 성공,하락지속,-10,5,현금창출양호,1.68,default,-1,79.5,75.5
002140,고려산업,,2035,8.4,8.3,4.4,-38.7,2.8,-12.7,-27.6,-22.0,-16.5,-23.0,-21.7,0.9,3320,1980,0,False,False,False,182914,233331,3.9,3.9,5.9,0.78,0,False,False,False,False,-,82.5,-0.9,-0.1,-6.7,0.0,True,0,강세,-4,0,-1,-3,82.0,31.5,1518.25,,3.0,-121906.0,-121906.0,-121906.0,10,10,1.0,82.5,78.5,002140,00102751,0,0,0,0,,,,,,,,,,,안전,2025.0,137.5,142.7,-3.7,CFS,영업이익(손실),dart_OperatingIncomeLoss,324.2,-108.6,영업활동으로 인한 현금흐름,ifrs-full_CashFlowsFromUsedInOperatingActivities,ok,연간 영업이익 YoY 계산 성공,ok,OCF 추출 성공,2026 Q1,3개월,32.7,36.1,-9.3,thstrm_amount,frmtrm_q_amount,CFS,fnlttSinglAcntAll,영업이익(손실),dart_OperatingIncomeLoss,ok,3개월 기준 YoY 계산 성공,하락지속,-10,5,현금창출양호,2.36,default,2,79.5,75.5
000230,일동홀딩스,,7270,22.7,1.0,6.5,-57.7,21.0,-10.8,-27.9,-37.0,-12.8,-22.7,-32.4,0.56,17170,6010,0,False,False,False,28431,36957,1.6,2.2,3.1,0.77,-30,True,False,False,False,⚠️떨어지는칼날,86.4,1.3,-0.0,2.1,-0.1,True,8,강세,-4,0,-1,-3,82.0,31.5,1518.25,,3.0,-121906.0,-121906.0,-121906.0,10,10,1.0,64.4,60.400000000000006,000230,00146083,0,0,0,0,,,,,,,,,,,안전,2025.0,149.3,-40.3,469.9,CFS,영업이익(손실),dart_OperatingIncomeLoss,268.6,173.1,영업활동현금흐름,ifrs-full_CashFlowsFromUsedInOperatingActivities,ok,연간 영업이익 YoY 계산 성공,ok,OCF 추출 성공,2026 Q1,3개월,88.9,28.6,211.1,thstrm_amount,frmtrm_q_amount,CFS,fnlttSinglAcntAll,영업이익(손실),dart_OperatingIncomeLoss,ok,3개월 기준 YoY 계산 성공,성장지속,10,5,현금창출양호,1.8,default,0,79.4,75.4
128820,대성산업,,5380,40.1,0.6,5.4,-59.1,inf,-14.6,-25.3,-36.1,-17.7,-21.1,-12.5,1.02,13140,0,0,False,False,False,695604,1546635,88.1,39.4,113.1,0.45,-30,True,False,False,False,⚠️떨어지는칼날,70.4,2.0,0.2,-34.2,-0.1,True,15,강세,-4,0,-1,-3,82.0,31.5,1518.25,,3.0,-121906.0,-121906.0,-121906.0,10,10,1.0,55.400000000000006,51.400000000000006,128820,00828789,0,0,0,0,,,,,,,,,,,안전,2025.0,108.3,217.8,-50.3,CFS,영업이익(손실),dart_OperatingIncomeLoss,377.8,511.0,영업활동으로 인한 현금흐름,ifrs-full_CashFlowsFromUsedInOperatingActivities,ok,연간 영업이익 YoY 계산 성공,ok,OCF 추출 성공,2026 Q1,3개월,218.3,142.2,53.5,thstrm_amount,frmtrm_q_amount,CFS,fnlttSinglAcntAll,영업이익(손실),dart_OperatingIncomeLoss,ok,3개월 기준 YoY 계산 성공,턴어라운드,20,5,현금창출양호,3.49,default,-1,79.4,75.4
000520,삼일제약,,7090,27.4,10.6,13.9,-44.9,3.2,-5.6,-22.1,-36.6,-12.9,-22.0,-28.5,0.62,12860,6870,0,False,False,False,179354,269149,11.8,13.2,21.9,0.67,3,False,False,True,False,+3%반등,78.3,-4.5,1.5,-2.1,-3.0,True,8,강세,-4,0,-1,-3,82.0,31.5,1518.25,,3.0,-121906.0,-121906.0,-121906.0,10,10,1.0,89.3,85.3,000520,00128032,0,0,0,0,,,,,,,,,,,안전,2025.0,-222.1,1.1,-19749.5,CFS,영업이익(손실),dart_OperatingIncomeLoss,5.7,25.9,영업활동현금흐름,ifrs-full_CashFlowsFromUsedInOperatingActivities,ok,연간 영업이익 YoY 계산 성공,ok,OCF 추출 성공,2026 Q1,3개월,-83.8,-53.8,-55.8,thstrm_amount,frmtrm_q_amount,CFS,fnlttSinglAcntAll,영업이익(손실),dart_OperatingIncomeLoss,ok,3개월 기준 YoY 계산 성공,하락지속,-10,0,회계손실현금유입,,default,0,79.3,75.3
066970,엘앤에프,,150000,36.2,13.4,25.1,-33.3,219.1,-4.8,-28.2,19.3,-12.4,-12.4,23.4,1.02,225000,47000,5,True,False,False,1012512,747590,1141.0,1641.2,1297.7,1.35,3,False,False,True,False,+3%반등,62.3,-219.9,-164.3,41.1,-2170.6,True,0,강세,-4,0,-1,-3,82.0,31.5,1518.25,,3.0,-121906.0,-121906.0,-121906.0,10,10,1.0,70.3,66.3,066970,00398701,0,8,0,0,,[20250909] 유상증자또는주식관련사채등의발행결과(자율공시)               (20250909800395) || [20250908] 유상증자또는주식관련사채등의청약결과(자율공시)               (20250908800205) || [20250903] 유상증자또는주식관련사채등의청약결과(자율공시)               (20250903800170),,,,https://dart.fss.or.kr/dsaf001/main.do?rcpNo=20250909800395 || https://dart.fss.or.kr/dsaf001/main.do?rcpNo=20250908800205 || https://dart.fss.or.kr/dsaf001/main.do?rcpNo=20250903800170,,,,20250909800395 || 20250908800205 || 20250903800170,주의,2025.0,-1568.5,-5586.9,71.9,CFS,영업이익(손실),dart_OperatingIncomeLoss,-292.1,2805.2,영업활동현금흐름,ifrs-full_CashFlowsFromUsedInOperatingActivities,ok,연간 영업이익 YoY 계산 성공,ok,OCF 추출 성공,2026 Q1,3개월,1172.6,-1402.5,183.6,thstrm_amount,frmtrm_q_amount,CFS,fnlttSinglAcntAll,영업이익(손실),dart_OperatingIncomeLoss,ok,3개월 기준 YoY 계산 성공,성장지속,10,-5,이중적자,,default,4,79.3,75.3
033240,자화전자,,40050,46.4,18.2,13.3,-33.2,252.2,-16.8,-19.3,-4.2,-13.1,-4.4,37.1,1.22,60000,11370,0,False,False,False,306355,342997,172.0,125.1,163.7,0.89,0,False,False,False,False,-,47.1,10.7,-71.3,65.2,88.0,True,8,강세,-4,0,-1,-3,82.0,31.5,1518.25,,3.0,-121906.0,-121906.0,-121906.0,10,10,1.0,55.1,51.1,033240,00146861,0,3,0,0,,[20251014] 유상증자결정(종속회사의주요경영사항)               (20251014800336) || [20250610] [기재정정]유상증자결정(종속회사의주요경영사항)               (20250610800147) || [20250610] 유상증자결정(종속회사의주요경영사항)               (20250610800141),,,,https://dart.fss.or.kr/dsaf001/main.do?rcpNo=20251014800336 || https://dart.fss.or.kr/dsaf001/main.do?rcpNo=20250610800147 || https://dart.fss.or.kr/dsaf001/main.do?rcpNo=20250610800141,,,,20251014800336 || 20250610800147 || 20250610800141,주의,2025.0,420.0,449.6,-6.6,CFS,영업이익(손실),dart_OperatingIncomeLoss,1034.2,1076.2,영업활동순현금흐름,ifrs-full_CashFlowsFromUsedInOperatingActivities,ok,연간 영업이익 YoY 계산 성공,ok,OCF 추출 성공,2026 Q1,3개월,246.5,50.4,389.0,thstrm_amount,frmtrm_q_amount,CFS,fnlttSinglAcntAll,영업이익,dart_OperatingIncomeLoss,ok,3개월 기준 YoY 계산 성공,턴어라운드,20,5,현금창출양호,2.46,default,-1,79.1,75.1
008770,호텔신라,,52100,29.5,4.4,7.1,-25.9,31.2,-7.6,-23.0,8.7,-12.6,-4.0,5.9,0.72,70300,39700,0,False,False,False,368891,438220,156.6,200.6,266.4,0.84,0,False,False,False,False,-,74.0,43.3,36.4,392.9,348.1,True,15,강세,-4,0,-1,-3,82.0,31.5,1518.25,,3.0,-121906.0,-121906.0,-121906.0,10,10,1.0,89.0,85.0,008770,00165680,0,0,1,0,,,[20250918] 매매거래정지및정지해제(중요내용공시)               (20250918800404),,,,https://dart.fss.or.kr/dsaf001/main.do?rcpNo=20250918800404,,,,안전,2025.0,-2436.9,-418.3,-482.6,CFS,영업외손익,dart_NonOperatingProfitLoss,1036.2,687.4,영업활동현금흐름,ifrs-full_CashFlowsFromUsedInOperatingActivities,ok,연간 영업이익 YoY 계산 성공,ok,OCF 추출 성공,2026 Q1,3개월,-84.4,-18.2,-362.6,thstrm_amount,frmtrm_q_amount,CFS,fnlttSinglAcntAll,영업외손익,dart_NonOperatingProfitLoss,ok,3개월 기준 YoY 계산 성공,하락지속,-10,0,회계손실현금유입,,default,0,79.0,75.0
134790,시디즈,,17940,41.0,12.4,-12.1,-55.2,1.3,-6.1,-8.0,-15.8,-5.2,-6.5,-18.3,0.74,40000,17710,0,False,False,False,1355,1754,0.2,0.3,0.3,0.77,0,False,False,False,False,-,61.9,-0.0,-0.0,-0.5,-0.0,True,0,강세,-4,0,-1,-3,82.0,31.5,1518.25,,3.0,-121906.0,-121906.0,-121906.0,10,10,1.0,61.9,57.9,134790,00852087,0,0,0,0,,,,,,,,,,,안전,2025.0,-66.8,-33.6,-98.7,CFS,영업이익(손실),dart_OperatingIncomeLoss,76.6,97.5,영업활동현금흐름,ifrs-full_CashFlowsFromUsedInOperatingActivities,ok,연간 영업이익 YoY 계산 성공,ok,OCF 추출 성공,2026 Q1,3개월,15.0,-3.2,569.4,thstrm_amount,frmtrm_q_amount,CFS,fnlttSinglAcntAll,영업이익(손실),dart_OperatingIncomeLoss,ok,3개월 기준 YoY 계산 성공,턴어라운드,20,0,회계손실현금유입,,default,-3,78.9,74.9
032560,황금에스티,,5570,37.4,18.2,-0.2,-15.3,3.3,-8.1,-13.6,-11.7,-6.5,-7.6,-5.9,1.02,6580,5390,0,False,False,False,66714,60474,3.5,3.8,3.6,1.1,0,False,False,False,False,-,54.9,-3.3,-0.1,-2.5,-0.2,True,0,강세,-4,0,-1,-3,82.0,31.5,1518.25,,3.0,-121906.0,-121906.0,-121906.0,10,10,1.0,54.9,50.9,032560,00218575,0,0,0,0,,,,,,,,,,,안전,2025.0,179.9,193.7,-7.1,CFS,영업이익,dart_OperatingIncomeLoss,240.8,205.9,영업활동현금흐름,ifrs-full_CashFlowsFromUsedInOperatingActivities,ok,연간 영업이익 YoY 계산 성공,ok,OCF 추출 성공,2026 Q1,3개월,87.8,51.1,71.8,thstrm_amount,frmtrm_q_amount,CFS,fnlttSinglAcntAll,영업이익,dart_OperatingIncomeLoss,ok,3개월 기준 YoY 계산 성공,턴어라운드,20,5,현금창출양호,1.34,default,-1,78.9,74.9
011150,CJ씨푸드,,2070,11.9,10.1,3.3,-38.2,2.7,-11.5,-23.6,-27.4,-14.4,-20.1,-24.9,0.63,3350,2015,0,False,False,False,162343,168610,2.2,3.5,4.1,0.96,0,False,False,False,False,-,80.7,1.8,-0.0,-9.5,-0.2,True,8,강세,-4,0,-1,-3,82.0,31.5,1518.25,,3.0,-121906.0,-121906.0,-121906.0,10,10,1.0,88.7,84.7,011150,00129013,0,0,0,0,,,,,,,,,,,안전,2025.0,-9.1,43.6,-120.9,CFS,영업이익(손실),dart_OperatingIncomeLoss,19.6,41.5,영업활동현금흐름,ifrs-full_CashFlowsFromUsedInOperatingActivities,ok,연간 영업이익 YoY 계산 성공,ok,OCF 추출 성공,2026 Q1,3개월,-14.7,-10.0,-47.1,thstrm_amount,frmtrm_q_amount,CFS,fnlttSinglAcntAll,영업이익(손실),dart_OperatingIncomeLoss,ok,3개월 기준 YoY 계산 성공,하락지속,-10,0,회계손실현금유입,,default,0,78.7,74.7
112610,씨에스윈드,,45300,18.7,6.0,16.1,-42.9,16.2,-11.9,-37.5,-15.6,-16.5,-26.5,-6.8,0.67,79400,39000,0,False,False,False,393384,408560,124.8,187.8,228.9,0.96,0,False,False,False,False,-,80.7,221.1,-252.2,510.9,-730.5,True,8,강세,-4,0,-1,-3,82.0,31.5,1518.25,,3.0,-121906.0,-121906.0,-121906.0,10,10,1.0,88.7,84.7,112610,00670340,0,0,0,0,,,,,,,,,,,안전,2025.0,3203.2,2554.8,25.4,CFS,영업이익,dart_OperatingIncomeLoss,5277.1,490.7,영업활동으로 인한 현금흐름,ifrs-full_CashFlowsFromUsedInOperatingActivities,ok,연간 영업이익 YoY 계산 성공,ok,OCF 추출 성공,2026 Q1,3개월,742.9,1252.1,-40.7,thstrm_amount,frmtrm_q_amount,CFS,fnlttSinglAcntAll,영업이익,dart_OperatingIncomeLoss,ok,3개월 기준 YoY 계산 성공,피크아웃,-15,5,현금창출양호,1.65,default,0,78.7,74.7
053210,스카이라이프,,4350,36.2,23.8,20.2,-21.1,2.4,-1.7,-12.0,-14.7,-4.2,-8.5,-13.5,0.75,5510,4250,5,False,False,True,64492,72880,2.5,2.8,3.3,0.88,0,False,False,False,False,-,48.6,0.1,-0.6,-2.9,-3.4,True,8,강세,-4,0,-1,-3,82.0,31.5,1518.25,,3.0,-121906.0,-121906.0,-121906.0,10,10,1.0,61.6,57.6,053210,00349097,0,0,0,0,,,,,,,,,,,안전,2025.0,229.8,-10.8,2236.1,CFS,영업이익(손실),dart_OperatingIncomeLoss,999.4,1622.8,영업활동현금흐름,ifrs-full_CashFlowsFromUsedInOperatingActivities,ok,연간 영업이익 YoY 계산 성공,ok,OCF 추출 성공,2026 Q1,3개월,59.4,51.1,16.2,thstrm_amount,frmtrm_q_amount,CFS,fnlttSinglAcntAll,영업이익(손실),dart_OperatingIncomeLoss,ok,3개월 기준 YoY 계산 성공,성장지속,10,5,현금창출양호,4.35,default,2,78.6,74.6
002840,미원상사,,118400,26.8,17.8,19.6,-36.7,4.8,-2.9,-20.4,-16.4,-10.0,-12.6,-19.0,1.28,187000,113000,5,False,True,False,5330,5309,7.9,6.3,7.0,1.0,3,False,True,False,False,5일선회복,71.5,-0.3,-0.1,-7.2,-5.2,True,0,강세,-4,0,-1,-3,82.0,31.5,1518.25,,3.0,-121906.0,-121906.0,-121906.0,10,10,1.0,79.5,75.5,002840,00121932,0,0,0,0,,,,,,,,,,,안전,2025.0,436.1,599.5,-27.3,CFS,영업이익,dart_OperatingIncomeLoss,685.9,795.4,영업활동현금흐름,ifrs-full_CashFlowsFromUsedInOperatingActivities,ok,연간 영업이익 YoY 계산 성공,ok,OCF 추출 성공,2026 Q1,3개월,98.3,134.9,-27.1,thstrm_amount,frmtrm_q_amount,CFS,fnlttSinglAcntAll,영업이익,dart_OperatingIncomeLoss,ok,3개월 기준 YoY 계산 성공,하락지속,-10,5,현금창출양호,1.57,default,4,78.5,74.5
017940,E1,,86200,28.4,16.1,18.8,-24.7,28.3,-3.7,-20.5,-16.7,-9.1,-11.8,-1.3,1.28,114500,67200,5,False,True,False,16700,18172,19.9,14.4,17.4,0.92,4,False,False,False,True,거래량동반양봉,67.5,6.5,-4.1,-28.4,6.8,True,8,강세,-4,0,-1,-3,82.0,31.5,1518.25,,3.0,-121906.0,-121906.0,-121906.0,10,10,1.0,84.5,80.5,017940,00165583,0,0,0,0,,,,,,,,,,,안전,2025.0,3240.6,2234.4,45.0,CFS,영업이익(손실),dart_OperatingIncomeLoss,3778.1,-7939.4,영업활동으로 인한 현금흐름,ifrs-full_CashFlowsFromUsedInOperatingActivities,ok,연간 영업이익 YoY 계산 성공,ok,OCF 추출 성공,2026 Q1,3개월,-1561.9,1070.5,-245.9,thstrm_amount,frmtrm_q_amount,CFS,fnlttSinglAcntAll,영업이익(손실),dart_OperatingIncomeLoss,ok,3개월 기준 YoY 계산 성공,피크아웃,-15,5,현금창출양호,1.17,default,4,78.5,74.5
272210,한화시스템,,97400,37.6,9.7,5.1,-47.1,134.4,-15.3,-17.5,-14.3,-11.1,-19.6,16.0,1.07,184000,41550,0,False,False,False,887100,893532,940.6,918.4,984.6,0.99,0,False,False,False,False,-,69.5,467.2,-363.6,1169.8,-66.1,True,8,강세,-4,0,-1,-3,82.0,31.5,1518.25,,3.0,-121906.0,-121906.0,-121906.0,10,10,1.0,77.5,73.5,272210,00339391,0,7,0,0,,[20251223] [기재정정]유상증자결정(종속회사의주요경영사항)               (20251223800565) || [20251223] [기재정정]유상증자결정(종속회사의주요경영사항)               (20251223800004) || [20251222] [기재정정]유상증자결정(종속회사의주요경영사항)               (20251222800284),,,,https://dart.fss.or.kr/dsaf001/main.do?rcpNo=20251223800565 || https://dart.fss.or.kr/dsaf001/main.do?rcpNo=20251223800004 || https://dart.fss.or.kr/dsaf001/main.do?rcpNo=20251222800284,,,,20251223800565 || 20251223800004 || 20251222800284,주의,2025.0,1199.0,2193.5,-45.3,CFS,영업이익(손실),dart_OperatingIncomeLoss,787.4,1326.2,영업활동현금흐름,ifrs-full_CashFlowsFromUsedInOperatingActivities,ok,연간 영업이익 YoY 계산 성공,ok,OCF 추출 성공,2026 Q1,3개월,342.8,336.3,1.9,thstrm_amount,frmtrm_q_amount,CFS,fnlttSinglAcntAll,영업이익(손실),dart_OperatingIncomeLoss,ok,3개월 기준 YoY 계산 성공,관망,0,2,현금창출보통,0.66,default,-1,78.5,74.5
003120,일성아이에스,,19090,21.8,27.2,16.5,-39.3,11.3,-4.8,-17.4,-23.6,-6.8,-13.3,-17.0,0.78,31450,17150,0,False,False,False,6369,6037,0.9,1.2,1.3,1.06,0,False,False,False,False,-,68.5,0.0,-0.3,-1.2,-2.0,True,0,강세,-4,0,-1,-3,82.0,31.5,1518.25,,3.0,-121906.0,-121906.0,-121906.0,10,10,1.0,68.5,64.5,003120,00146214,0,0,0,0,,,,,,,,,,,안전,2025.0,-61.6,-95.2,35.3,OFS,영업이익(손실),dart_OperatingIncomeLoss,38.8,-42.6,영업활동으로 인한 현금흐름,ifrs-full_CashFlowsFromUsedInOperatingActivities,ok,연간 영업이익 YoY 계산 성공,ok,OCF 추출 성공,2026 Q1,3개월,-5.0,-10.2,51.4,thstrm_amount,frmtrm_q_amount,OFS,fnlttSinglAcntAll,영업이익(손실),dart_OperatingIncomeLoss,ok,3개월 기준 YoY 계산 성공,성장지속,10,0,회계손실현금유입,,default,0,78.5,74.5
017180,명문제약,,1384,17.5,7.7,-1.1,-32.7,2.1,-11.8,-22.6,-27.1,-13.6,-20.1,-20.8,0.87,2055,1356,0,False,False,False,129956,101314,1.2,1.9,1.6,1.28,0,False,False,False,False,-,79.4,-0.2,-0.1,-2.2,-0.1,True,0,강세,-4,0,-1,-3,82.0,31.5,1518.25,,3.0,-121906.0,-121906.0,-121906.0,10,10,1.0,79.4,75.4,017180,00121039,0,0,0,0,,,,,,,,,,,안전,2025.0,68.3,19.3,254.4,CFS,영업이익(손실),dart_OperatingIncomeLoss,-17.0,-13.4,영업활동현금흐름,ifrs-full_CashFlowsFromUsedInOperatingActivities,ok,연간 영업이익 YoY 계산 성공,ok,OCF 추출 성공,2026 Q1,3개월,2.9,-9.1,132.2,thstrm_amount,frmtrm_q_amount,CFS,fnlttSinglAcntAll,영업이익(손실),dart_OperatingIncomeLoss,ok,3개월 기준 YoY 계산 성공,성장지속,10,-10,밸류트랩의심,-0.25,default,-1,78.4,74.4
079980,휴비스,,2055,3.6,2.5,10.0,-49.5,1.2,-14.7,-40.2,-26.5,-24.1,-30.7,-27.8,1.04,4070,2030,0,False,False,False,213044,288697,5.8,4.7,8.3,0.74,0,False,False,False,False,-,86.0,-4.8,-0.0,-5.3,-6.0,True,0,강세,-4,0,-1,-3,82.0,31.5,1518.25,,3.0,-121906.0,-121906.0,-121906.0,10,10,1.0,86.0,82.0,079980,00362238,0,1,0,0,,[20251029] 유상증자결정(종속회사의주요경영사항)               (20251029800262),,,,https://dart.fss.or.kr/dsaf001/main.do?rcpNo=20251029800262,,,,20251029800262,주의,2025.0,197.6,-382.5,151.7,CFS,영업이익(손실),dart_OperatingIncomeLoss,376.1,-200.7,영업활동현금흐름,ifrs-full_CashFlowsFromUsedInOperatingActivities,ok,연간 영업이익 YoY 계산 성공,ok,OCF 추출 성공,2026 Q1,3개월,1.8,63.6,-97.2,thstrm_amount,frmtrm_q_amount,CFS,fnlttSinglAcntAll,영업이익(손실),dart_OperatingIncomeLoss,ok,3개월 기준 YoY 계산 성공,피크아웃,-15,5,현금창출양호,1.9,default,2,78.0,74.0
084010,대한제강,,8500,9.2,9.9,5.2,-45.2,4.0,-15.0,-37.3,-34.0,-19.7,-23.6,-23.1,0.96,15503,8170,0,False,False,False,58604,71348,5.5,5.3,7.9,0.82,0,False,False,False,False,-,86.0,-2.4,-1.7,-7.7,-1.6,True,0,강세,-4,0,-1,-3,82.0,31.5,1518.25,,3.0,-121906.0,-121906.0,-121906.0,10,10,1.0,86.0,82.0,084010,00113225,0,0,1,0,,,[20251222] 매매거래정지및정지해제(중요내용공시)               (20251222800283),,,,https://dart.fss.or.kr/dsaf001/main.do?rcpNo=20251222800283,,,,안전,2025.0,-28.7,103.2,-127.8,CFS,영업이익,dart_OperatingIncomeLoss,396.2,169.5,영업활동으로 인한 현금흐름,ifrs-full_CashFlowsFromUsedInOperatingActivities,ok,연간 영업이익 YoY 계산 성공,ok,OCF 추출 성공,2026 Q1,3개월,0.6,18.7,-96.5,thstrm_amount,frmtrm_q_amount,CFS,fnlttSinglAcntAll,영업이익,dart_OperatingIncomeLoss,ok,3개월 기준 YoY 계산 성공,하락지속,-10,0,회계손실현금유입,,default,2,78.0,74.0
023590,다우기술,,39000,30.6,14.8,14.1,-37.4,68.8,-8.9,-17.5,-28.2,-10.9,-15.1,-6.3,0.89,62300,23100,0,False,False,False,79571,82526,28.6,31.6,36.5,0.96,0,False,False,False,False,-,71.0,11.4,-27.3,-28.1,-114.0,True,8,강세,-4,0,-1,-3,82.0,31.5,1518.25,,3.0,-121906.0,-121906.0,-121906.0,10,10,1.0,79.0,75.0,023590,00176914,0,0,0,0,,,,,,,,,,,안전,2025.0,15592.8,11746.8,32.7,CFS,영업이익,dart_OperatingIncomeLoss,-65338.1,-49077.9,영업활동으로 인한 순현금흐름,ifrs-full_CashFlowsFromUsedInOperatingActivities,ok,연간 영업이익 YoY 계산 성공,ok,OCF 추출 성공,2026 Q1,3개월,6413.4,3444.4,86.2,thstrm_amount,frmtrm_q_amount,CFS,fnlttSinglAcntAll,영업이익,dart_OperatingIncomeLoss,ok,3개월 기준 YoY 계산 성공,성장지속,10,-10,밸류트랩의심,-4.19,default,-1,78.0,74.0
007310,오뚜기,,330500,38.2,21.4,6.8,-29.7,3.3,-3.4,-9.6,-16.9,-5.1,-7.6,-13.6,3.14,470000,320000,5,True,False,False,9313,6841,71.9,31.1,23.8,1.36,0,False,False,False,False,-,63.8,12.9,-3.1,-3.2,-26.7,True,3,강세,-4,0,-1,-3,82.0,31.5,1518.25,,3.0,-121906.0,-121906.0,-121906.0,10,10,1.0,71.8,67.8,007310,00141529,0,0,0,0,,,,,,,,,,,안전,2025.0,1772.5,2220.1,-20.2,CFS,영업이익,dart_OperatingIncomeLoss,2188.7,3611.1,영업활동으로 인한 현금흐름,ifrs-full_CashFlowsFromUsedInOperatingActivities,ok,연간 영업이익 YoY 계산 성공,ok,OCF 추출 성공,2026 Q1,3개월,593.8,574.9,3.3,thstrm_amount,frmtrm_q_amount,CFS,fnlttSinglAcntAll,영업이익,dart_OperatingIncomeLoss,ok,3개월 기준 YoY 계산 성공,관망,0,5,현금창출양호,1.23,default,1,77.8,73.8
004720,팜젠사이언스,,3080,9.8,7.0,-2.3,-43.9,2.3,-14.9,-26.2,-21.5,-16.3,-18.1,-24.5,0.75,5490,3010,0,False,False,False,102660,103172,2.2,3.4,3.9,1.0,0,False,False,False,False,-,85.7,-1.3,-0.6,-8.9,-0.6,True,0,강세,-4,0,-1,-3,82.0,31.5,1518.25,,3.0,-121906.0,-121906.0,-121906.0,10,10,1.0,85.7,81.7,004720,00135050,0,2,0,0,,[20251212] 최대주주등소유주식변동신고서(최대주주변경시)               (20251212801286) || [20251212] 최대주주변경               (20251212801241),,,,https://dart.fss.or.kr/dsaf001/main.do?rcpNo=20251212801286 || https://dart.fss.or.kr/dsaf001/main.do?rcpNo=20251212801241,,,,20251212801286 || 20251212801241,주의,2025.0,59.9,106.4,-43.8,OFS,영업이익(손실),dart_OperatingIncomeLoss,53.2,23.8,영업활동으로 인한 현금흐름,ifrs-full_CashFlowsFromUsedInOperatingActivities,ok,연간 영업이익 YoY 계산 성공,ok,OCF 추출 성공,2026 Q1,3개월,17.7,20.4,-13.5,thstrm_amount,frmtrm_q_amount,OFS,fnlttSinglAcntAll,영업이익(손실),dart_OperatingIncomeLoss,ok,3개월 기준 YoY 계산 성공,하락지속,-10,5,현금창출양호,0.89,default,-3,77.7,73.7
033920,무학,,7340,15.5,15.2,8.2,-30.0,3.7,-8.1,-18.0,-22.8,-10.6,-14.7,-14.2,1.46,10490,7080,0,False,False,False,110234,87468,9.6,8.2,7.1,1.26,4,False,False,False,True,거래량동반양봉,73.7,1.9,-0.9,1.3,-3.7,True,8,강세,-4,0,-1,-3,82.0,31.5,1518.25,,3.0,-121906.0,-121906.0,-121906.0,10,10,1.0,85.7,81.7,033920,00121543,0,1,0,0,,[20251028] 유상증자또는주식관련사채등의발행결과(자율공시)               (20251028800517),,,,https://dart.fss.or.kr/dsaf001/main.do?rcpNo=20251028800517,,,,20251028800517,주의,2025.0,102.4,168.8,-39.4,CFS,영업이익(손실),dart_OperatingIncomeLoss,62.8,215.9,영업활동현금흐름,ifrs-full_CashFlowsFromUsedInOperatingActivities,ok,연간 영업이익 YoY 계산 성공,ok,OCF 추출 성공,2026 Q1,3개월,6.6,30.0,-78.0,thstrm_amount,frmtrm_q_amount,CFS,fnlttSinglAcntAll,영업이익(손실),dart_OperatingIncomeLoss,ok,3개월 기준 YoY 계산 성공,하락지속,-10,2,현금창출보통,0.61,default,0,77.7,73.7
161890,한국콜마,,83400,19.9,6.0,14.1,-24.7,37.6,-7.1,-6.8,9.3,-8.5,-2.4,10.9,0.53,110700,60600,0,False,False,False,178013,267570,117.9,152.5,248.3,0.67,0,False,False,False,False,-,62.6,78.1,-80.3,440.7,142.6,True,3,강세,-4,0,-1,-3,82.0,31.5,1518.25,,3.0,-121906.0,-121906.0,-121906.0,10,10,1.0,65.6,61.6,161890,00939331,0,0,0,0,,,,,,,,,,,안전,2025.0,2395.9,1938.5,23.6,CFS,영업이익(손실),dart_OperatingIncomeLoss,2914.3,2153.8,영업활동으로 인한 현금흐름,ifrs-full_CashFlowsFromUsedInOperatingActivities,ok,연간 영업이익 YoY 계산 성공,ok,OCF 추출 성공,2026 Q1,3개월,788.9,599.4,31.6,thstrm_amount,frmtrm_q_amount,CFS,fnlttSinglAcntAll,영업이익,dart_OperatingIncomeLoss,ok,3개월 기준 YoY 계산 성공,성장지속,10,5,현금창출양호,1.22,default,-3,77.6,73.6
075580,세진중공업,,14150,24.7,12.2,12.5,-48.4,47.4,-17.6,-33.3,-28.3,-16.6,-20.3,-23.9,1.05,27400,9600,0,False,False,False,241830,258840,38.6,36.0,45.0,0.93,4,False,False,False,True,거래량동반양봉,84.1,-5.2,-1.9,-46.0,-38.4,True,0,강세,-4,0,-1,-3,82.0,31.5,1518.25,,3.0,-121906.0,-121906.0,-121906.0,10,10,1.0,88.1,84.1,075580,00415628,0,0,0,0,,,,,,,,,,,안전,2025.0,733.9,359.8,104.0,CFS,영업이익(손실),dart_OperatingIncomeLoss,575.6,316.5,영업활동현금흐름,ifrs-full_CashFlowsFromUsedInOperatingActivities,ok,연간 영업이익 YoY 계산 성공,ok,OCF 추출 성공,2026 Q1,3개월,136.4,178.0,-23.4,thstrm_amount,frmtrm_q_amount,CFS,fnlttSinglAcntAll,영업이익(손실),dart_OperatingIncomeLoss,ok,3개월 기준 YoY 계산 성공,피크아웃,-15,5,현금창출양호,0.78,default,-1,77.1,73.1
007700,F&F홀딩스,,16550,27.2,9.2,7.2,-33.7,26.7,-7.9,-14.8,-22.8,-10.5,-11.6,-13.7,1.0,24950,13060,0,False,False,False,15001,18773,3.2,2.6,3.5,0.8,0,False,False,False,False,-,73.0,-3.3,-1.2,-6.7,-1.2,True,0,강세,-4,0,-1,-3,82.0,31.5,1518.25,,3.0,-121906.0,-121906.0,-121906.0,10,10,1.0,73.0,69.0,007700,00126487,0,0,0,0,,,,,,,,,,,안전,2025.0,4341.9,4163.7,4.3,CFS,영업이익,dart_OperatingIncomeLoss,3616.2,4021.5,영업활동으로 인한 현금흐름,ifrs-full_CashFlowsFromUsedInOperatingActivities,ok,연간 영업이익 YoY 계산 성공,ok,OCF 추출 성공,2026 Q1,3개월,1457.3,1156.0,26.1,thstrm_amount,frmtrm_q_amount,CFS,fnlttSinglAcntAll,영업이익,dart_OperatingIncomeLoss,ok,3개월 기준 YoY 계산 성공,관망,0,5,현금창출양호,0.83,default,-1,77.0,73.0
011700,한신기계,,3020,12.4,5.8,13.8,-48.9,4.5,-16.8,-36.0,-38.4,-23.5,-29.5,-21.1,0.28,5910,2890,0,False,False,False,390092,1132169,9.8,12.6,52.4,0.34,0,False,False,False,False,-,84.0,6.1,-0.0,-4.6,-0.1,True,8,강세,-4,0,-1,-3,82.0,31.5,1518.25,,3.0,-121906.0,-121906.0,-121906.0,10,10,1.0,92.0,88.0,011700,00162072,0,0,0,0,,,,,,,,,,,안전,2025.0,-14.8,-5.7,-160.4,CFS,영업이익(손실),dart_OperatingIncomeLoss,-14.9,23.5,영업활동현금흐름,ifrs-full_CashFlowsFromUsedInOperatingActivities,ok,연간 영업이익 YoY 계산 성공,ok,OCF 추출 성공,2026 Q1,3개월,-16.1,-5.3,-203.0,thstrm_amount,frmtrm_q_amount,CFS,fnlttSinglAcntAll,영업이익(손실),dart_OperatingIncomeLoss,ok,3개월 기준 YoY 계산 성공,하락지속,-10,-5,이중적자,,default,0,77.0,73.0
024090,디씨엠,,10800,20.1,12.9,3.8,-27.0,2.6,-7.0,-16.9,-13.3,-8.8,-11.4,-11.3,0.81,14790,10530,0,False,False,False,11679,12766,1.1,1.3,1.5,0.91,0,False,False,False,False,-,72.0,-1.4,0.2,1.2,-0.9,True,8,강세,-4,0,-1,-3,82.0,31.5,1518.25,,3.0,-121906.0,-121906.0,-121906.0,10,10,1.0,80.0,76.0,024090,00177199,0,0,0,0,,,,,,,,,,,안전,2025.0,95.6,169.7,-43.6,OFS,영업이익(손실),dart_OperatingIncomeLoss,71.9,193.4,영업활동현금흐름,ifrs-full_CashFlowsFromUsedInOperatingActivities,ok,연간 영업이익 YoY 계산 성공,ok,OCF 추출 성공,2026 Q1,3개월,19.9,61.2,-67.5,thstrm_amount,frmtrm_q_amount,OFS,fnlttSinglAcntAll,영업이익(손실),dart_OperatingIncomeLoss,ok,3개월 기준 YoY 계산 성공,하락지속,-10,5,현금창출양호,0.75,default,2,77.0,73.0
294870,IPARK현대산업개발,,19740,31.8,15.2,6.9,-29.1,8.8,-7.8,-16.0,-14.7,-9.4,-11.1,-6.3,0.96,27850,18150,0,False,False,False,258574,266906,50.5,52.4,58.6,0.97,0,False,False,False,False,-,67.9,-46.4,-6.0,-101.4,97.8,True,0,강세,-4,0,-1,-3,82.0,31.5,1518.25,,3.0,-121906.0,-121906.0,-121906.0,10,10,1.0,67.9,63.900000000000006,294870,01310269,0,0,0,0,,,,,,,,,,,안전,2025.0,2486.1,1846.4,34.7,CFS,영업이익(손실),dart_OperatingIncomeLoss,28.1,3144.0,영업활동현금흐름,ifrs-full_CashFlowsFromUsedInOperatingActivities,ok,연간 영업이익 YoY 계산 성공,ok,OCF 추출 성공,2026 Q1,3개월,801.4,540.0,48.4,thstrm_amount,frmtrm_q_amount,CFS,fnlttSinglAcntAll,영업이익(손실),dart_OperatingIncomeLoss,ok,3개월 기준 YoY 계산 성공,성장지속,10,-3,현금창출약함,0.01,default,2,76.9,72.9
446070,유니드비티플러스,,2290,23.5,10.8,1.2,-49.7,2.9,-16.1,-28.0,-28.7,-15.8,-22.0,-31.6,1.32,4550,2225,0,False,False,False,44005,43238,1.3,1.1,1.2,1.02,0,False,False,False,False,-,89.8,-0.5,-0.7,-2.5,-0.7,True,0,강세,-4,0,-1,-3,82.0,31.5,1518.25,,3.0,-121906.0,-121906.0,-121906.0,10,10,1.0,89.8,85.8,446070,01702017,0,0,0,0,,,,,,,,,,,안전,2025.0,-91.5,30.5,-399.6,OFS,영업이익(손실),dart_OperatingIncomeLoss,29.7,157.1,영업활동현금흐름,ifrs-full_CashFlowsFromUsedInOperatingActivities,ok,연간 영업이익 YoY 계산 성공,ok,OCF 추출 성공,2026 Q1,3개월,-19.1,-6.7,-184.6,thstrm_amount,frmtrm_q_amount,OFS,fnlttSinglAcntAll,영업이익(손실),dart_OperatingIncomeLoss,ok,3개월 기준 YoY 계산 성공,하락지속,-10,0,회계손실현금유입,,default,-3,76.8,72.8
064960,SNT모티브,,29300,36.1,16.0,6.8,-28.2,3.5,-9.7,-21.3,-21.3,-8.9,-12.2,-14.1,0.69,40800,28300,0,False,False,False,91310,108078,21.8,27.8,35.1,0.84,0,False,False,False,False,-,63.6,6.3,-21.4,-55.3,-23.2,True,8,강세,-4,0,-1,-3,82.0,31.5,1518.25,,3.0,-121906.0,-121906.0,-121906.0,10,10,1.0,71.6,67.6,064960,00398792,0,0,0,0,,,,,,,,,,,안전,2025.0,1025.5,981.3,4.5,CFS,영업이익,dart_OperatingIncomeLoss,737.7,1300.7,영업활동으로인한현금흐름,ifrs-full_CashFlowsFromUsedInOperatingActivities,ok,연간 영업이익 YoY 계산 성공,ok,OCF 추출 성공,2026 Q1,3개월,215.4,230.2,-6.4,thstrm_amount,frmtrm_q_amount,CFS,fnlttSinglAcntAll,영업이익,dart_OperatingIncomeLoss,ok,3개월 기준 YoY 계산 성공,관망,0,5,현금창출양호,0.72,default,0,76.6,72.6
137310,에스디바이오센서,,7460,42.3,19.5,-2.0,-44.9,5.1,-11.3,-10.7,-11.6,-6.7,-7.5,-17.4,0.87,13550,7100,0,False,False,False,175472,168868,11.2,13.6,13.5,1.04,0,False,False,False,False,-,57.5,-1.9,-1.7,-7.0,-2.5,True,0,강세,-4,0,-1,-3,82.0,31.5,1518.25,,3.0,-121906.0,-121906.0,-121906.0,10,10,1.0,57.5,53.5,137310,00854997,0,0,0,0,,,,,,,,,,,안전,2025.0,-809.5,-540.6,-49.7,CFS,영업이익(손실),dart_OperatingIncomeLoss,3575.2,1565.3,영업활동으로 인한 현금흐름,ifrs-full_CashFlowsFromUsedInOperatingActivities,ok,연간 영업이익 YoY 계산 성공,ok,OCF 추출 성공,2026 Q1,3개월,-115.5,-145.6,20.7,thstrm_amount,frmtrm_q_amount,CFS,fnlttSinglAcntAll,영업이익(손실),dart_OperatingIncomeLoss,ok,3개월 기준 YoY 계산 성공,턴어라운드,20,0,회계손실현금유입,,default,-1,76.5,72.5
480370,씨케이솔루션,,1686,15.1,4.0,9.4,-66.2,2.4,-14.0,-34.1,-49.1,-24.0,-25.2,-41.9,0.28,4991,1646,0,False,False,False,269530,519163,2.5,5.0,12.7,0.52,0,False,False,False,False,-,86.2,-1.6,-0.0,-3.3,-0.7,True,0,강세,-4,0,-1,-3,82.0,31.5,1518.25,,3.0,-121906.0,-121906.0,-121906.0,10,10,1.0,86.2,82.2,480370,01210677,0,0,1,0,,,[20260212] 매매거래정지및정지해제(중요내용공시)               (20260212800129),,,,https://dart.fss.or.kr/dsaf001/main.do?rcpNo=20260212800129,,,,안전,2025.0,-366.1,165.2,-321.5,CFS,영업이익(손실),dart_OperatingIncomeLoss,162.5,-387.1,영업활동현금흐름,ifrs-full_CashFlowsFromUsedInOperatingActivities,ok,연간 영업이익 YoY 계산 성공,ok,OCF 추출 성공,2026 Q1,3개월,-161.9,-79.9,-102.6,thstrm_amount,frmtrm_q_amount,CFS,fnlttSinglAcntAll,영업이익(손실),dart_OperatingIncomeLoss,ok,3개월 기준 YoY 계산 성공,하락지속,-10,0,회계손실현금유입,,default,0,76.2,72.2
103140,풍산,,74600,20.7,3.6,0.3,-56.7,30.4,-15.1,-26.9,-35.6,-15.5,-21.0,-32.0,1.18,172200,57200,0,False,False,False,190277,190254,162.9,150.5,170.5,1.0,-30,True,False,False,False,⚠️떨어지는칼날,89.2,243.3,-203.0,373.1,-298.8,True,8,강세,-4,0,-1,-3,82.0,31.5,1518.25,,3.0,-121906.0,-121906.0,-121906.0,10,10,1.0,67.2,63.2,103140,00684714,0,0,0,0,,,,,,,,,,,안전,2025.0,2974.3,3237.7,-8.1,CFS,영업이익,dart_OperatingIncomeLoss,-1684.9,399.0,영업활동순현금흐름,ifrs-full_CashFlowsFromUsedInOperatingActivities,ok,연간 영업이익 YoY 계산 성공,ok,OCF 추출 성공,2026 Q1,3개월,901.7,697.1,29.3,thstrm_amount,frmtrm_q_amount,CFS,fnlttSinglAcntAll,영업이익,dart_OperatingIncomeLoss,ok,3개월 기준 YoY 계산 성공,턴어라운드,20,-10,밸류트랩의심,-0.57,default,-1,76.2,72.2
244920,에이플러스에셋,,9820,39.7,14.4,16.1,-34.5,99.4,-13.7,-8.9,-33.5,-8.3,-9.0,4.5,0.47,14990,4925,0,False,False,False,52740,128548,6.0,5.4,14.0,0.41,0,False,False,False,False,-,51.2,-5.3,6.2,6.1,34.4,True,3,강세,-4,0,-1,-3,82.0,31.5,1518.25,,3.0,-121906.0,-121906.0,-121906.0,10,10,1.0,54.2,50.2,244920,00684802,0,0,0,0,,,,,,,,,,,안전,2025.0,293.1,315.5,-7.1,CFS,영업이익(손실),dart_OperatingIncomeLoss,317.8,324.4,영업활동현금흐름,ifrs-full_CashFlowsFromUsedInOperatingActivities,ok,연간 영업이익 YoY 계산 성공,ok,OCF 추출 성공,2026 Q1,3개월,159.1,74.0,114.9,thstrm_amount,frmtrm_q_amount,CFS,fnlttSinglAcntAll,영업이익(손실),dart_OperatingIncomeLoss,ok,3개월 기준 YoY 계산 성공,턴어라운드,20,5,현금창출양호,1.08,default,-3,76.2,72.2
004080,신흥,,13580,31.5,50.6,4.3,-8.0,3.3,-1.2,-2.2,-2.8,-1.7,-2.3,-1.7,2.35,14760,13150,10,True,False,True,17233,10515,3.4,2.4,1.5,1.64,4,False,False,False,True,거래량동반양봉,57.1,-0.2,-0.2,-0.6,-0.3,True,0,강세,-4,0,-1,-3,82.0,31.5,1518.25,,3.0,-121906.0,-121906.0,-121906.0,10,10,1.0,71.1,67.1,004080,00173795,0,0,0,0,,,,,,,,,,,안전,2025.0,70.9,62.8,13.0,CFS,영업이익(손실),dart_OperatingIncomeLoss,19.3,95.8,영업활동현금흐름,ifrs-full_CashFlowsFromUsedInOperatingActivities,ok,연간 영업이익 YoY 계산 성공,ok,OCF 추출 성공,2026 Q1,3개월,8.1,7.3,10.7,thstrm_amount,frmtrm_q_amount,CFS,fnlttSinglAcntAll,영업이익(손실),dart_OperatingIncomeLoss,ok,3개월 기준 YoY 계산 성공,성장지속,10,-3,현금창출약함,0.27,default,-2,76.1,72.1
010140,삼성중공업,,27700,31.7,26.8,20.1,-21.6,94.4,-9.0,-16.1,-4.3,-7.8,-5.3,5.8,1.59,35350,14250,0,False,False,False,7024288,7404340,3319.5,1974.1,2261.2,0.95,4,False,False,False,True,거래량동반양봉,59.9,-841.5,-399.0,-6571.5,-2390.7,True,0,강세,-4,0,-1,-3,82.0,31.5,1518.25,,3.0,-121906.0,-121906.0,-121906.0,10,10,1.0,63.9,59.9,010140,00126478,0,0,0,0,,,,,,,,,,,안전,2025.0,8622.1,5027.0,71.5,CFS,영업이익,dart_OperatingIncomeLoss,15628.5,6545.2,영업활동현금흐름,ifrs-full_CashFlowsFromUsedInOperatingActivities,ok,연간 영업이익 YoY 계산 성공,ok,OCF 추출 성공,2026 Q1,3개월,2731.2,1230.8,121.9,thstrm_amount,frmtrm_q_amount,CFS,fnlttSinglAcntAll,영업이익,dart_OperatingIncomeLoss,ok,3개월 기준 YoY 계산 성공,성장지속,10,5,현금창출양호,1.81,default,-3,75.9,71.9
001390,KG케미칼,,4500,18.1,3.8,11.0,-39.2,20.6,-12.8,-29.2,-17.3,-16.4,-18.6,-14.6,0.69,7400,3730,0,False,False,False,415902,889471,18.6,19.7,55.1,0.47,0,False,False,False,False,-,80.9,-1.7,-0.6,-31.2,6.4,True,0,강세,-4,0,-1,-3,82.0,31.5,1518.25,,3.0,-121906.0,-121906.0,-121906.0,10,10,1.0,80.9,76.9,001390,00101220,0,0,0,0,,,,,,,,,,,안전,2025.0,3056.8,3188.0,-4.1,CFS,영업이익,dart_OperatingIncomeLoss,3837.7,3774.8,영업활동으로 인한 현금흐름,ifrs-full_CashFlowsFromUsedInOperatingActivities,ok,연간 영업이익 YoY 계산 성공,ok,OCF 추출 성공,2026 Q1,3개월,645.9,1065.7,-39.4,thstrm_amount,frmtrm_q_amount,CFS,fnlttSinglAcntAll,영업이익,dart_OperatingIncomeLoss,ok,3개월 기준 YoY 계산 성공,하락지속,-10,5,현금창출양호,1.26,default,0,75.9,71.9
036460,한국가스공사,,33900,31.3,11.5,-10.8,-31.3,2.0,-8.1,-13.5,-17.7,-8.4,-7.6,-14.0,0.86,49350,33250,0,False,False,False,279974,310771,89.2,98.3,115.7,0.9,0,False,False,False,False,-,71.9,-19.9,-62.4,281.5,-116.3,True,0,강세,-4,0,-1,-3,82.0,31.5,1518.25,,3.0,-121906.0,-121906.0,-121906.0,10,10,1.0,71.9,67.9,036460,00261285,0,0,0,0,,,,,,,,,,,안전,2025.0,21011.5,30033.6,-30.0,CFS,영업이익,dart_OperatingIncomeLoss,65393.2,36297.6,영업활동으로 인한 현금흐름,ifrs-full_CashFlowsFromUsedInOperatingActivities,ok,연간 영업이익 YoY 계산 성공,ok,OCF 추출 성공,2026 Q1,3개월,9100.0,8339.4,9.1,thstrm_amount,frmtrm_q_amount,CFS,fnlttSinglAcntAll,영업이익,dart_OperatingIncomeLoss,ok,3개월 기준 YoY 계산 성공,관망,0,5,현금창출양호,3.11,default,-1,75.9,71.9
000050,경방,,8310,39.8,17.5,5.5,-45.4,34.0,-12.8,-18.7,-18.5,-13.1,-13.2,-2.0,0.72,15210,6200,0,False,False,False,108120,114840,7.0,9.3,11.1,0.94,0,False,False,False,False,-,63.7,-2.9,-0.2,-2.0,3.7,True,0,강세,-4,0,-1,-3,82.0,31.5,1518.25,,3.0,-121906.0,-121906.0,-121906.0,10,10,1.0,63.7,59.7,000050,00101628,0,0,0,0,,,,,,,,,,,안전,2025.0,459.9,334.5,37.5,CFS,영업손익,dart_OperatingIncomeLoss,600.9,593.1,영업활동으로 인한 현금흐름,ifrs-full_CashFlowsFromUsedInOperatingActivities,ok,연간 영업이익 YoY 계산 성공,ok,OCF 추출 성공,2026 Q1,3개월,178.2,108.3,64.6,thstrm_amount,frmtrm_q_amount,CFS,fnlttSinglAcntAll,영업손익,dart_OperatingIncomeLoss,ok,3개월 기준 YoY 계산 성공,성장지속,10,5,현금창출양호,1.31,default,-3,75.7,71.7
016800,퍼시스,,27400,25.9,2.2,12.6,-46.1,0.4,-7.3,-24.1,-35.8,-11.7,-21.6,-34.9,0.53,50800,27300,0,False,False,False,1583,1644,0.2,0.5,0.5,0.96,0,False,False,False,False,-,80.5,-0.1,-0.3,0.2,-2.9,True,0,강세,-4,0,-1,-3,82.0,31.5,1518.25,,3.0,-121906.0,-121906.0,-121906.0,10,10,1.0,80.5,76.5,016800,00161709,0,0,0,0,,,,,,,,,,,안전,2025.0,57.4,214.8,-73.3,CFS,영업이익,dart_OperatingIncomeLoss,282.1,204.8,영업활동현금흐름,ifrs-full_CashFlowsFromUsedInOperatingActivities,ok,연간 영업이익 YoY 계산 성공,ok,OCF 추출 성공,2026 Q1,3개월,-20.7,50.9,-140.7,thstrm_amount,frmtrm_q_amount,CFS,fnlttSinglAcntAll,영업이익,dart_OperatingIncomeLoss,ok,3개월 기준 YoY 계산 성공,하락지속,-10,5,현금창출양호,4.91,default,0,75.5,71.5
004490,세방전지,,54300,26.4,18.2,13.0,-30.1,3.4,-6.7,-19.4,-21.2,-9.4,-11.0,-14.0,1.2,77700,52500,0,False,False,False,70588,65425,42.6,39.2,39.2,1.08,0,False,False,False,False,-,70.5,10.9,-33.3,-30.0,-85.7,True,8,강세,-4,0,-1,-3,82.0,31.5,1518.25,,3.0,-121906.0,-121906.0,-121906.0,10,10,1.0,78.5,74.5,004490,00133858,0,1,0,0,,[20260602] 유상증자결정(종속회사의주요경영사항)               (20260602800618),,,,https://dart.fss.or.kr/dsaf001/main.do?rcpNo=20260602800618,,,,20260602800618,주의,2025.0,1537.6,1796.7,-14.4,CFS,영업이익(손실),dart_OperatingIncomeLoss,1572.7,1527.0,영업활동현금흐름,ifrs-full_CashFlowsFromUsedInOperatingActivities,ok,연간 영업이익 YoY 계산 성공,ok,OCF 추출 성공,2026 Q1,3개월,332.5,505.7,-34.2,thstrm_amount,frmtrm_q_amount,CFS,fnlttSinglAcntAll,영업이익(손실),dart_OperatingIncomeLoss,ok,3개월 기준 YoY 계산 성공,하락지속,-10,5,현금창출양호,1.02,default,2,75.5,71.5
034230,파라다이스,,13680,38.6,13.0,14.2,-43.0,10.2,-4.8,-15.2,-31.4,-7.4,-11.7,-23.6,0.97,24000,12410,0,False,False,False,626700,655514,89.2,87.1,97.3,0.96,0,False,False,False,False,-,60.5,77.9,-67.1,-95.9,-2.9,True,8,강세,-4,0,-1,-3,82.0,31.5,1518.25,,3.0,-121906.0,-121906.0,-121906.0,10,10,1.0,68.5,64.5,034230,00171265,0,0,0,0,,,,,,,,,,,안전,2025.0,1558.2,1360.6,14.5,CFS,영업이익(손실),dart_OperatingIncomeLoss,2238.6,1959.3,영업활동현금흐름,ifrs-full_CashFlowsFromUsedInOperatingActivities,ok,연간 영업이익 YoY 계산 성공,ok,OCF 추출 성공,2026 Q1,3개월,373.0,572.8,-34.9,thstrm_amount,frmtrm_q_amount,CFS,fnlttSinglAcntAll,영업이익(손실),dart_OperatingIncomeLoss,ok,3개월 기준 YoY 계산 성공,관망,0,5,현금창출양호,1.44,default,2,75.5,71.5
192400,쿠쿠홀딩스,,24750,19.1,12.1,17.5,-31.1,2.5,-3.5,-18.9,-16.7,-8.1,-11.0,-15.2,0.84,35900,24150,0,False,False,False,40550,39897,8.4,10.0,10.8,1.02,0,False,False,False,False,-,69.4,-3.2,-9.8,-33.7,-7.8,True,0,강세,-4,0,-1,-3,82.0,31.5,1518.25,,3.0,-121906.0,-121906.0,-121906.0,10,10,1.0,69.4,65.4,192400,00132354,0,2,0,0,,[20250922] [기재정정]유상증자또는주식관련사채등의발행결과(자율공시)               (20250922800525) || [20250922] 유상증자또는주식관련사채등의발행결과(자율공시)               (20250922800388),,,,https://dart.fss.or.kr/dsaf001/main.do?rcpNo=20250922800525 || https://dart.fss.or.kr/dsaf001/main.do?rcpNo=20250922800388,,,,20250922800525 || 20250922800388,주의,2025.0,1140.1,1032.3,10.4,CFS,영업이익,dart_OperatingIncomeLoss,568.9,783.3,영업활동현금흐름,ifrs-full_CashFlowsFromUsedInOperatingActivities,ok,연간 영업이익 YoY 계산 성공,ok,OCF 추출 성공,2026 Q1,3개월,219.8,275.7,-20.3,thstrm_amount,frmtrm_q_amount,CFS,fnlttSinglAcntAll,영업이익,dart_OperatingIncomeLoss,ok,3개월 기준 YoY 계산 성공,관망,0,2,현금창출보통,0.5,default,4,75.4,71.4
361610,SK아이이테크놀로지,,18260,30.8,3.7,19.3,-48.0,1.2,-9.2,-33.1,-32.6,-16.6,-20.3,-31.1,0.78,35100,18050,0,False,False,False,253700,253310,36.5,48.6,55.9,1.0,0,False,False,False,False,-,80.3,-21.0,-18.4,-96.6,-151.8,True,0,강세,-4,0,-1,-3,82.0,31.5,1518.25,,3.0,-121906.0,-121906.0,-121906.0,10,10,1.0,80.3,76.3,361610,01386916,0,4,0,0,,[20260429] 유상증자결정(종속회사의주요경영사항)               (20260429800839) || [20251029] 유상증자결정(종속회사의주요경영사항)               (20251029800758) || [20250807] 유상증자또는주식관련사채등의발행결과(자율공시)               (20250807800509),,,,https://dart.fss.or.kr/dsaf001/main.do?rcpNo=20260429800839 || https://dart.fss.or.kr/dsaf001/main.do?rcpNo=20251029800758 || https://dart.fss.or.kr/dsaf001/main.do?rcpNo=20250807800509,,,,20260429800839 || 20251029800758 || 20250807800509,주의,2025.0,-2463.6,-2909.9,15.3,CFS,영업이익(손실),dart_OperatingIncomeLoss,-333.6,-872.4,영업활동으로 인한 현금흐름,ifrs-full_CashFlowsFromUsedInOperatingActivities,ok,연간 영업이익 YoY 계산 성공,ok,OCF 추출 성공,2026 Q1,3개월,-732.3,-696.4,-5.2,thstrm_amount,frmtrm_q_amount,CFS,fnlttSinglAcntAll,영업손실,dart_OperatingIncomeLoss,ok,3개월 기준 YoY 계산 성공,관망,0,-5,이중적자,,default,0,75.3,71.3
006890,태경케미컬,,6830,22.1,4.9,0.5,-42.8,1.2,-11.9,-22.7,-12.5,-13.0,-19.8,-20.1,0.65,11950,6750,0,False,False,False,68308,80835,3.4,4.9,6.5,0.85,0,False,False,False,False,-,83.3,-1.2,-0.0,-3.7,-0.3,True,0,강세,-4,0,-1,-3,82.0,31.5,1518.25,,3.0,-121906.0,-121906.0,-121906.0,10,10,1.0,83.3,79.3,006890,00109161,0,0,0,0,,,,,,,,,,,안전,2025.0,20.6,137.1,-84.9,CFS,영업이익,dart_OperatingIncomeLoss,71.9,138.3,영업활동현금흐름,ifrs-full_CashFlowsFromUsedInOperatingActivities,ok,연간 영업이익 YoY 계산 성공,ok,OCF 추출 성공,2026 Q1,3개월,-6.5,10.5,-162.1,thstrm_amount,frmtrm_q_amount,CFS,fnlttSinglAcntAll,영업이익,dart_OperatingIncomeLoss,ok,3개월 기준 YoY 계산 성공,하락지속,-10,5,현금창출양호,3.49,default,-3,75.3,71.3
005010,휴스틸,,4685,35.4,4.2,2.4,-35.8,23.9,-17.8,-34.2,8.3,-17.4,-16.2,3.5,0.31,7300,3780,0,False,False,False,710266,1720949,22.5,35.9,104.0,0.41,0,False,False,False,False,-,75.3,12.8,-0.3,17.9,-45.8,True,8,강세,-4,0,-1,-3,82.0,31.5,1518.25,,3.0,-121906.0,-121906.0,-121906.0,10,10,1.0,83.3,79.3,005010,00156488,0,0,0,0,,,,,,,,,,,안전,2025.0,34.9,170.8,-79.6,CFS,영업이익(손실),dart_OperatingIncomeLoss,64.4,424.8,영업활동현금흐름,ifrs-full_CashFlowsFromUsedInOperatingActivities,ok,연간 영업이익 YoY 계산 성공,ok,OCF 추출 성공,2026 Q1,3개월,-52.5,-4.7,-1024.0,thstrm_amount,frmtrm_q_amount,CFS,fnlttSinglAcntAll,영업이익(손실),dart_OperatingIncomeLoss,ok,3개월 기준 YoY 계산 성공,하락지속,-10,5,현금창출양호,1.85,default,-3,75.3,71.3
001070,대한방직,,5800,39.0,16.0,8.8,-38.7,4.3,-5.1,-16.7,-22.4,-8.1,-12.1,-11.5,0.37,9460,5560,5,True,False,False,44691,28418,0.6,2.8,1.8,1.57,0,False,False,False,False,-,60.3,-0.6,-0.0,-2.3,-0.1,True,0,강세,-4,0,-1,-3,82.0,31.5,1518.25,,3.0,-121906.0,-121906.0,-121906.0,10,10,1.0,65.3,61.3,001070,00112970,0,0,0,0,,,,,,,,,,,안전,2025.0,7.0,24.2,-71.2,CFS,영업이익(손실),dart_OperatingIncomeLoss,-223.3,52.3,영업활동으로인한현금흐름,ifrs-full_CashFlowsFromUsedInOperatingActivities,ok,연간 영업이익 YoY 계산 성공,ok,OCF 추출 성공,2026 Q1,3개월,3.7,-5.1,172.4,thstrm_amount,frmtrm_q_amount,CFS,fnlttSinglAcntAll,영업이익(손실),dart_OperatingIncomeLoss,ok,3개월 기준 YoY 계산 성공,턴어라운드,20,-10,밸류트랩의심,-31.9,default,0,75.3,71.3
072710,농심홀딩스,,91000,45.1,12.9,13.4,-36.6,26.6,-4.3,-7.0,-9.9,-3.4,-4.1,-2.0,1.16,143500,71900,5,False,False,True,7539,8201,8.8,6.9,7.8,0.92,4,False,False,False,True,거래량동반양봉,45.2,-4.5,-1.0,5.1,-1.2,True,0,강세,-4,0,-1,-3,82.0,31.5,1518.25,,3.0,-121906.0,-121906.0,-121906.0,10,10,1.0,54.2,50.2,072710,00459871,0,0,0,0,,,,,,,,,,,안전,2025.0,811.2,866.4,-6.4,CFS,영업이익,dart_OperatingIncomeLoss,246.6,552.2,영업활동으로 인한 현금흐름,ifrs-full_CashFlowsFromUsedInOperatingActivities,ok,연간 영업이익 YoY 계산 성공,ok,OCF 추출 성공,2026 Q1,3개월,308.9,252.6,22.3,thstrm_amount,frmtrm_q_amount,CFS,fnlttSinglAcntAll,영업이익,dart_OperatingIncomeLoss,ok,3개월 기준 YoY 계산 성공,턴어라운드,20,2,현금창출보통,0.3,default,-1,75.2,71.2
015760,한국전력,,37750,37.1,25.0,23.1,-45.7,41.4,-6.7,-15.2,-35.5,-6.7,-11.8,-18.2,0.71,69500,26700,0,False,False,False,2292596,2552737,689.3,889.8,1035.9,0.9,3,False,False,True,False,+3%반등,57.2,-125.4,-154.1,-1687.2,-754.5,True,0,강세,-4,0,-1,-3,82.0,31.5,1518.25,,3.0,-121906.0,-121906.0,-121906.0,10,10,1.0,60.2,56.2,015760,00159193,0,0,0,0,,,,,,,,,,,안전,2025.0,134905.6,83647.1,61.3,CFS,영업이익(손실),dart_OperatingIncomeLoss,208801.5,158761.2,영업활동으로 인한 현금흐름,ifrs-full_CashFlowsFromUsedInOperatingActivities,ok,연간 영업이익 YoY 계산 성공,ok,OCF 추출 성공,2026 Q1,3개월,37841.7,37536.1,0.8,thstrm_amount,frmtrm_q_amount,CFS,fnlttSinglAcntAll,영업이익(손실),dart_OperatingIncomeLoss,ok,3개월 기준 YoY 계산 성공,성장지속,10,5,현금창출양호,1.55,default,0,75.2,71.2
183190,아세아시멘트,,9520,14.2,0.6,8.5,-39.4,0.1,-6.4,-21.3,-24.9,-10.3,-14.4,-22.2,0.81,15700,9510,0,False,False,False,56571,69504,5.3,5.6,7.4,0.81,-30,True,False,False,False,⚠️떨어지는칼날,78.0,-4.6,-5.0,-16.9,-21.3,True,0,강세,-4,0,-1,-3,82.0,31.5,1518.25,,3.0,-121906.0,-121906.0,-121906.0,10,10,1.0,48.0,44.0,183190,00990165,0,0,0,0,,,,,,,,,,,안전,2025.0,771.3,1407.5,-45.2,CFS,영업이익(손실),dart_OperatingIncomeLoss,934.1,1683.2,I.영업활동으로 인한 현금흐름,ifrs-full_CashFlowsFromUsedInOperatingActivities,ok,연간 영업이익 YoY 계산 성공,ok,OCF 추출 성공,2026 Q1,3개월,114.1,100.1,14.0,thstrm_amount,frmtrm_q_amount,CFS,fnlttSinglAcntAll,영업이익(손실),dart_OperatingIncomeLoss,ok,3개월 기준 YoY 계산 성공,턴어라운드,20,5,현금창출양호,1.21,default,2,75.0,71.0
352820,하이브,,213500,37.5,14.4,3.1,-47.3,3.4,-9.5,-15.4,-44.9,-9.1,-16.7,-29.2,0.88,405500,206500,5,True,False,False,443195,343226,616.7,979.0,811.0,1.29,0,False,False,False,False,-,68.0,445.7,-335.3,-427.2,-659.0,True,8,강세,-4,0,-1,-3,82.0,31.5,1518.25,,3.0,-121906.0,-121906.0,-121906.0,10,10,1.0,81.0,77.0,352820,01204056,0,2,0,0,,[20260401] [기재정정]유상증자결정(종속회사의주요경영사항)               (20260401801038) || [20260401] 유상증자결정(종속회사의주요경영사항)               (20260401800894),,,,https://dart.fss.or.kr/dsaf001/main.do?rcpNo=20260401801038 || https://dart.fss.or.kr/dsaf001/main.do?rcpNo=20260401800894,,,,20260401801038 || 20260401800894,주의,2025.0,493.2,1840.5,-73.2,CFS,영업이익,dart_OperatingIncomeLoss,1074.8,1516.0,영업활동으로 인한 현금흐름,ifrs-full_CashFlowsFromUsedInOperatingActivities,ok,연간 영업이익 YoY 계산 성공,ok,OCF 추출 성공,2026 Q1,3개월,-1965.7,216.2,-1009.1,thstrm_amount,frmtrm_q_amount,CFS,fnlttSinglAcntAll,영업이익(손실),dart_OperatingIncomeLoss,ok,3개월 기준 YoY 계산 성공,하락지속,-10,5,현금창출양호,2.18,default,-1,75.0,71.0
010660,화천기계,,4320,40.6,53.1,38.8,-36.1,17.7,-7.7,-15.6,-26.3,-3.0,-15.0,-13.9,2.01,6760,3670,0,False,False,False,603294,535248,47.3,25.1,24.1,1.13,10,False,True,True,True,5일선회복/+3%반등/거래량동반양봉,45.9,-3.3,0.2,-18.7,0.2,True,8,강세,-4,0,-1,-3,82.0,31.5,1518.25,,3.0,-121906.0,-121906.0,-121906.0,10,10,1.0,63.9,59.9,010660,00166500,0,0,0,0,,,,,,,,,,,안전,2025.0,2.3,20.3,-88.8,OFS,영업이익(손실),dart_OperatingIncomeLoss,-18.4,202.1,영업활동현금흐름,ifrs-full_CashFlowsFromUsedInOperatingActivities,ok,연간 영업이익 YoY 계산 성공,ok,OCF 추출 성공,2026 Q1,3개월,-6.0,-9.9,39.1,thstrm_amount,frmtrm_q_amount,OFS,fnlttSinglAcntAll,영업이익(손실),dart_OperatingIncomeLoss,ok,3개월 기준 YoY 계산 성공,턴어라운드,20,-10,밸류트랩의심,-8.0,default,1,74.9,70.9
010400,우진아이엔에스,,3385,34.1,9.0,-2.3,-30.9,41.3,-13.1,-18.9,-11.3,-11.7,-13.2,-5.2,0.75,4900,2395,0,False,False,False,22017,31503,0.8,0.8,1.2,0.7,0,False,False,False,False,-,70.7,0.0,-0.0,-0.3,-0.0,True,0,강세,-4,0,-1,-3,82.0,31.5,1518.25,,3.0,-121906.0,-121906.0,-121906.0,10,10,1.0,70.7,66.7,010400,00143262,0,0,0,0,,,,,,,,,,,안전,2025.0,49.8,-178.6,127.9,CFS,영업이익(손실),dart_OperatingIncomeLoss,0.7,-212.9,영업활동현금흐름,ifrs-full_CashFlowsFromUsedInOperatingActivities,ok,연간 영업이익 YoY 계산 성공,ok,OCF 추출 성공,2026 Q1,3개월,-21.5,-40.1,46.3,thstrm_amount,frmtrm_q_amount,CFS,fnlttSinglAcntAll,영업이익(손실),dart_OperatingIncomeLoss,ok,3개월 기준 YoY 계산 성공,성장지속,10,-3,현금창출약함,0.01,default,-3,74.7,70.7
010120,LS ELECTRIC,,241500,37.6,16.2,18.5,-27.9,404.2,-15.3,-11.5,53.4,-12.0,9.3,94.2,0.72,335000,47900,0,False,False,False,1517305,1438213,2522.1,3842.6,3968.4,1.05,3,False,False,True,False,+3%반등,51.6,1208.2,-1856.2,-5035.4,-1937.2,True,8,강세,-4,0,-1,-3,82.0,31.5,1518.25,,3.0,-121906.0,-121906.0,-121906.0,10,10,1.0,62.6,58.6,010120,00105855,0,0,0,0,,,,,,,,,,,안전,2025.0,4264.1,3897.2,9.4,CFS,영업이익,dart_OperatingIncomeLoss,2999.5,2301.5,영업활동으로 인한 현금흐름,ifrs-full_CashFlowsFromUsedInOperatingActivities,ok,연간 영업이익 YoY 계산 성공,ok,OCF 추출 성공,2026 Q1,3개월,1265.7,873.1,45.0,thstrm_amount,frmtrm_q_amount,CFS,fnlttSinglAcntAll,영업이익,dart_OperatingIncomeLoss,ok,3개월 기준 YoY 계산 성공,성장지속,10,5,현금창출양호,0.7,default,-3,74.6,70.6
085310,엔케이,,9370,0.0,0.0,-40.4,-46.8,17.7,-19.8,-19.8,-6.3,-18.6,-17.9,-23.0,8.64,17610,7960,0,False,False,False,55840,13295,11.3,5.5,1.3,4.2,-30,True,False,False,False,⚠️떨어지는칼날,93.6,0.7,0.0,0.7,0.0,True,8,강세,-4,0,-1,-3,82.0,31.5,1518.25,,3.0,-121906.0,-121906.0,-121906.0,10,10,1.0,71.6,67.6,085310,00172228,0,2,0,0,,[20260515] [기재정정]주식병합결정               (20260515803244) || [20260316] 주식병합결정               (20260316800325),,,,https://dart.fss.or.kr/dsaf001/main.do?rcpNo=20260515803244 || https://dart.fss.or.kr/dsaf001/main.do?rcpNo=20260316800325,,,,20260515803244 || 20260316800325,주의,2025.0,-6.5,-48.2,86.6,CFS,영업이익(손실),dart_OperatingIncomeLoss,-58.8,-86.8,영업활동현금흐름,ifrs-full_CashFlowsFromUsedInOperatingActivities,ok,연간 영업이익 YoY 계산 성공,ok,OCF 추출 성공,2026 Q1,3개월,5.3,-9.6,155.5,thstrm_amount,frmtrm_q_amount,CFS,fnlttSinglAcntAll,영업이익(손실),dart_OperatingIncomeLoss,ok,3개월 기준 YoY 계산 성공,성장지속,10,-5,이중적자,,default,-2,74.6,70.6
000100,유한양행,,81500,44.3,14.3,13.4,-40.2,1.9,-5.0,-12.6,-26.0,-4.4,-10.7,-24.5,0.84,136400,80000,0,False,False,False,402468,355628,247.1,338.3,305.0,1.13,0,False,False,False,False,-,49.5,94.5,-52.7,-191.8,-227.8,True,8,강세,-4,0,-1,-3,82.0,31.5,1518.25,,3.0,-121906.0,-121906.0,-121906.0,10,10,1.0,57.5,53.5,000100,00145109,0,4,0,0,,[20260511] [기재정정]유상증자결정(종속회사의주요경영사항)               (20260511800857) || [20260402] [기재정정]유상증자결정(종속회사의주요경영사항)               (20260402800831) || [20260304] [기재정정]유상증자결정(종속회사의주요경영사항)               (20260304801500),,,,https://dart.fss.or.kr/dsaf001/main.do?rcpNo=20260511800857 || https://dart.fss.or.kr/dsaf001/main.do?rcpNo=20260402800831 || https://dart.fss.or.kr/dsaf001/main.do?rcpNo=20260304801500,,,,20260511800857 || 20260402800831 || 20260304801500,주의,2025.0,1043.7,548.8,90.2,CFS,영업이익,dart_OperatingIncomeLoss,1062.3,546.0,영업활동으로 인한 현금흐름,ifrs-full_CashFlowsFromUsedInOperatingActivities,ok,연간 영업이익 YoY 계산 성공,ok,OCF 추출 성공,2026 Q1,3개월,88.2,64.2,37.3,thstrm_amount,frmtrm_q_amount,CFS,fnlttSinglAcntAll,영업이익,dart_OperatingIncomeLoss,ok,3개월 기준 YoY 계산 성공,성장지속,10,5,현금창출양호,1.02,default,2,74.5,70.5
100250,진양홀딩스,,2885,32.3,16.5,-1.1,-17.6,3.0,-4.0,-6.6,-8.0,-4.0,-4.6,-6.5,0.95,3503,2800,0,False,False,False,100663,118245,3.3,2.9,3.6,0.85,0,False,False,False,False,-,60.3,-4.7,-0.2,-12.7,-4.8,True,0,강세,-4,0,-1,-3,82.0,31.5,1518.25,,3.0,-121906.0,-121906.0,-121906.0,10,10,1.0,60.3,56.3,100250,00646732,0,9,0,0,,[20260312] 유상증자또는주식관련사채등의발행결과(자율공시)               (20260312801103) || [20260309] [기재정정]유상증자또는주식관련사채등의청약결과(자율공시)               (20260309800485) || [20260306] 유상증자또는주식관련사채등의청약결과(자율공시)               (20260306800377),,,,https://dart.fss.or.kr/dsaf001/main.do?rcpNo=20260312801103 || https://dart.fss.or.kr/dsaf001/main.do?rcpNo=20260309800485 || https://dart.fss.or.kr/dsaf001/main.do?rcpNo=20260306800377,,,,20260312801103 || 20260309800485 || 20260306800377,주의,2025.0,57.8,49.1,17.7,CFS,영업이익(손실),dart_OperatingIncomeLoss,229.5,233.6,영업활동현금흐름,ifrs-full_CashFlowsFromUsedInOperatingActivities,ok,연간 영업이익 YoY 계산 성공,ok,OCF 추출 성공,2026 Q1,3개월,22.7,22.2,2.2,thstrm_amount,frmtrm_q_amount,CFS,fnlttSinglAcntAll,영업이익(손실),dart_OperatingIncomeLoss,ok,3개월 기준 YoY 계산 성공,성장지속,10,5,현금창출양호,3.97,default,-1,74.3,70.3
007340,DN오토모티브,,41300,36.7,7.9,2.8,-23.8,102.5,-11.8,-3.5,51.8,-12.0,-2.0,39.0,0.97,54200,20400,0,False,False,False,240773,312358,119.4,104.5,149.1,0.77,0,False,False,False,False,-,55.1,94.5,7.1,418.7,-203.0,True,10,강세,-4,0,-1,-3,82.0,31.5,1518.25,,3.0,-121906.0,-121906.0,-121906.0,10,10,1.0,65.1,61.1,007340,00116949,0,0,0,0,,,,,,,,,,,안전,2025.0,-845.5,-1011.3,16.4,CFS,영업외손익,dart_NonOperatingProfitLoss,2592.7,1971.5,영업활동으로 인한 현금흐름,ifrs-full_CashFlowsFromUsedInOperatingActivities,ok,연간 영업이익 YoY 계산 성공,ok,OCF 추출 성공,2026 Q1,3개월,-25.4,-206.9,87.7,thstrm_amount,frmtrm_q_amount,CFS,fnlttSinglAcntAll,영업외손익,dart_NonOperatingProfitLoss,ok,3개월 기준 YoY 계산 성공,성장지속,10,0,회계손실현금유입,,default,-1,74.1,70.1
024900,디와이덕양,,1807,23.8,25.6,13.2,-35.5,8.2,-9.0,-24.9,-17.5,-11.1,-13.7,-17.8,1.5,2800,1670,0,False,False,False,205341,163948,4.5,3.8,3.3,1.25,4,False,False,False,True,거래량동반양봉,75.0,-1.5,0.0,-4.2,0.6,True,0,강세,-4,0,-1,-3,82.0,31.5,1518.25,,3.0,-121906.0,-121906.0,-121906.0,10,10,1.0,79.0,75.0,024900,00114154,0,0,0,0,,,,,,,,,,,안전,2025.0,32.0,82.3,-61.1,CFS,영업이익,dart_OperatingIncomeLoss,415.7,347.1,영업활동현금흐름,ifrs-full_CashFlowsFromUsedInOperatingActivities,ok,연간 영업이익 YoY 계산 성공,ok,OCF 추출 성공,2026 Q1,3개월,26.2,30.8,-15.0,thstrm_amount,frmtrm_q_amount,CFS,fnlttSinglAcntAll,영업이익,dart_OperatingIncomeLoss,ok,3개월 기준 YoY 계산 성공,하락지속,-10,5,현금창출양호,12.99,default,0,74.0,70.0
105630,한세실업,,8780,23.0,14.3,18.5,-43.5,4.2,-5.3,-26.0,-38.6,-11.8,-19.7,-25.7,0.72,15540,8430,0,False,False,False,119259,119610,7.8,10.6,11.8,1.0,0,False,False,False,False,-,76.9,-4.5,-13.7,-31.0,-67.3,True,0,강세,-4,0,-1,-3,82.0,31.5,1518.25,,3.0,-121906.0,-121906.0,-121906.0,10,10,1.0,76.9,72.9,105630,00728638,0,0,0,0,,,,,,,,,,,안전,2025.0,834.2,1422.0,-41.3,CFS,영업이익,dart_OperatingIncomeLoss,853.8,562.9,영업활동현금흐름,ifrs-full_CashFlowsFromUsedInOperatingActivities,ok,연간 영업이익 YoY 계산 성공,ok,OCF 추출 성공,2026 Q1,3개월,104.5,202.8,-48.5,thstrm_amount,frmtrm_q_amount,CFS,fnlttSinglAcntAll,영업이익,dart_OperatingIncomeLoss,ok,3개월 기준 YoY 계산 성공,하락지속,-10,5,현금창출양호,1.02,default,2,73.9,69.9
192650,드림텍,,4795,19.7,4.1,12.7,-47.4,1.8,-9.9,-30.0,-38.4,-17.5,-24.4,-29.2,0.74,9120,4710,0,False,False,False,399884,444714,16.1,19.8,25.8,0.9,0,False,False,False,False,-,83.9,-4.3,-7.0,-30.2,-13.4,True,0,강세,-4,0,-1,-3,82.0,31.5,1518.25,,3.0,-121906.0,-121906.0,-121906.0,10,10,1.0,83.9,79.9,192650,00415646,0,0,0,0,,,,,,,,,,,안전,2025.0,313.7,235.5,33.2,CFS,영업이익(손실),dart_OperatingIncomeLoss,958.6,443.4,영업활동현금흐름,ifrs-full_CashFlowsFromUsedInOperatingActivities,ok,연간 영업이익 YoY 계산 성공,ok,OCF 추출 성공,2026 Q1,3개월,4.1,99.4,-95.8,thstrm_amount,frmtrm_q_amount,CFS,fnlttSinglAcntAll,영업이익(손실),dart_OperatingIncomeLoss,ok,3개월 기준 YoY 계산 성공,피크아웃,-15,5,현금창출양호,3.06,default,0,73.9,69.9
021820,세원정공,,11810,26.8,17.6,16.2,-33.7,39.3,-7.3,-24.3,-28.9,-13.2,-18.4,-6.8,1.47,17820,8480,0,False,False,False,21126,22418,4.0,2.5,3.0,0.94,4,False,False,False,True,거래량동반양봉,74.6,-0.4,-1.7,9.7,-4.6,True,0,강세,-4,0,-1,-3,82.0,31.5,1518.25,,3.0,-121906.0,-121906.0,-121906.0,10,10,1.0,78.6,74.6,021820,00134316,0,0,0,0,,,,,,,,,,,안전,2025.0,170.3,192.1,-11.4,CFS,영업이익,dart_OperatingIncomeLoss,603.6,190.0,영업활동현금흐름,ifrs-full_CashFlowsFromUsedInOperatingActivities,ok,연간 영업이익 YoY 계산 성공,ok,OCF 추출 성공,2025 Q3,3개월,2.1,47.5,-95.6,thstrm_amount,frmtrm_q_amount,CFS,fnlttSinglAcntAll,영업이익,dart_OperatingIncomeLoss,ok,3개월 기준 YoY 계산 성공,하락지속,-10,5,현금창출양호,3.54,default,0,73.6,69.6
092790,넥스틸,,13760,36.3,3.1,0.1,-40.2,52.4,-22.5,-37.0,18.0,-23.1,-15.3,8.2,0.24,23000,9030,0,False,False,False,396481,1029567,34.3,59.7,200.3,0.39,0,False,False,False,False,-,76.6,21.2,-7.1,-92.7,186.1,True,8,강세,-4,0,-1,-3,82.0,31.5,1518.25,,3.0,-121906.0,-121906.0,-121906.0,10,10,1.0,84.6,80.6,092790,00220613,0,0,0,0,,,,,,,,,,,안전,2025.0,399.4,632.0,-36.8,CFS,영업이익(손실),dart_OperatingIncomeLoss,237.9,605.4,영업활동현금흐름,ifrs-full_CashFlowsFromUsedInOperatingActivities,ok,연간 영업이익 YoY 계산 성공,ok,OCF 추출 성공,2026 Q1,3개월,26.7,229.5,-88.4,thstrm_amount,frmtrm_q_amount,CFS,fnlttSinglAcntAll,영업이익,dart_OperatingIncomeLoss,ok,3개월 기준 YoY 계산 성공,하락지속,-10,2,현금창출보통,0.6,default,-3,73.6,69.6
000220,유유제약,,3740,39.9,4.7,4.1,-26.7,1.6,-4.2,-12.8,-19.0,-6.1,-9.7,-12.9,0.48,5100,3680,5,True,False,False,2463525,636696,11.9,101.5,26.2,3.87,0,False,False,False,False,-,55.6,1.9,-0.1,-5.3,0.0,True,8,강세,-4,0,-1,-3,82.0,31.5,1518.25,,3.0,-121906.0,-121906.0,-121906.0,10,10,1.0,68.6,64.6,000220,00144818,0,0,0,0,,,,,,,,,,,안전,2025.0,110.2,117.0,-5.8,CFS,영업이익(손실),dart_OperatingIncomeLoss,158.8,249.5,영업활동현금흐름,ifrs-full_CashFlowsFromUsedInOperatingActivities,ok,연간 영업이익 YoY 계산 성공,ok,OCF 추출 성공,2026 Q1,3개월,43.0,39.2,9.9,thstrm_amount,frmtrm_q_amount,CFS,fnlttSinglAcntAll,영업이익(손실),dart_OperatingIncomeLoss,ok,3개월 기준 YoY 계산 성공,관망,0,5,현금창출양호,1.44,default,0,73.6,69.6
004840,DRB동일,,4490,33.9,26.6,10.9,-30.6,8.2,-9.0,-17.2,-26.9,-8.0,-13.1,-12.1,0.56,6470,4150,0,False,False,False,29514,41593,1.1,1.3,2.1,0.71,0,False,False,False,False,-,61.5,-1.4,-0.0,-3.6,-0.2,True,0,강세,-4,0,-1,-3,82.0,31.5,1518.25,,3.0,-121906.0,-121906.0,-121906.0,10,10,1.0,61.5,57.5,004840,00118266,0,0,0,0,,,,,,,,,,,안전,2025.0,248.9,218.7,13.8,CFS,영업이익(손실),dart_OperatingIncomeLoss,432.2,281.5,영업활동현금흐름,ifrs-full_CashFlowsFromUsedInOperatingActivities,ok,연간 영업이익 YoY 계산 성공,ok,OCF 추출 성공,2026 Q1,3개월,58.7,49.8,17.9,thstrm_amount,frmtrm_q_amount,CFS,fnlttSinglAcntAll,영업이익(손실),dart_OperatingIncomeLoss,ok,3개월 기준 YoY 계산 성공,성장지속,10,5,현금창출양호,1.74,default,-3,73.5,69.5
013570,디와이,,3845,18.0,7.2,8.0,-31.8,2.3,-14.4,-27.7,-26.3,-16.3,-20.5,-17.5,0.59,5640,3760,0,False,False,False,200026,157376,3.6,8.2,7.3,1.27,0,False,False,False,False,-,78.4,1.4,-1.0,-4.6,-1.4,True,8,강세,-4,0,-1,-3,82.0,31.5,1518.25,,3.0,-121906.0,-121906.0,-121906.0,10,10,1.0,86.4,82.4,013570,00117179,0,0,0,0,,,,,,,,,,,안전,2025.0,480.6,356.2,34.9,CFS,영업이익(손실),dart_OperatingIncomeLoss,379.2,342.5,영업활동현금흐름,ifrs-full_CashFlowsFromUsedInOperatingActivities,ok,연간 영업이익 YoY 계산 성공,ok,OCF 추출 성공,2026 Q1,3개월,83.5,165.6,-49.6,thstrm_amount,frmtrm_q_amount,CFS,fnlttSinglAcntAll,영업이익(손실),dart_OperatingIncomeLoss,ok,3개월 기준 YoY 계산 성공,피크아웃,-15,5,현금창출양호,0.79,default,-3,73.4,69.4
004020,현대제철,,37850,40.8,16.0,13.8,-24.9,58.4,-10.1,-17.3,-18.6,-8.9,-4.3,9.0,0.67,50400,23900,0,False,False,False,1075076,1478783,373.4,426.3,622.3,0.73,3,False,False,True,False,+3%반등,50.4,165.2,-163.1,-90.8,253.8,True,8,강세,-4,0,-1,-3,82.0,31.5,1518.25,,3.0,-121906.0,-121906.0,-121906.0,10,10,1.0,61.4,57.4,004020,00145880,0,2,0,0,,[20260126] 유상증자결정(종속회사의주요경영사항)               (20260126801147) || [20260126] 유상증자결정(종속회사의주요경영사항)               (20260126801132),,,,https://dart.fss.or.kr/dsaf001/main.do?rcpNo=20260126801147 || https://dart.fss.or.kr/dsaf001/main.do?rcpNo=20260126801132,,,,20260126801147 || 20260126801132,주의,2025.0,2192.4,1594.9,37.5,CFS,영업이익,dart_OperatingIncomeLoss,20532.6,17771.4,영업활동으로 인한 현금흐름,ifrs-full_CashFlowsFromUsedInOperatingActivities,ok,연간 영업이익 YoY 계산 성공,ok,OCF 추출 성공,2026 Q1,3개월,156.9,-190.3,182.5,thstrm_amount,frmtrm_q_amount,CFS,fnlttSinglAcntAll,영업이익(손실),dart_OperatingIncomeLoss,ok,3개월 기준 YoY 계산 성공,성장지속,10,5,현금창출양호,9.37,default,-3,73.4,69.4
092230,KPX홀딩스,,81700,25.0,15.1,7.9,-11.4,28.7,-5.1,-9.7,-1.3,-5.0,-4.0,8.3,2.44,92200,63500,0,False,False,False,3005,2585,5.3,2.5,2.2,1.16,0,False,False,False,False,-,67.2,-2.6,0.1,-6.6,-0.3,True,3,강세,-4,0,-1,-3,82.0,31.5,1518.25,,3.0,-121906.0,-121906.0,-121906.0,10,10,1.0,70.2,66.2,092230,00587466,0,4,0,0,,[20260227] [기재정정]주요사항보고서(유상증자결정)(자회사의 주요경영사항)               (20260227800997) || [20260115] [기재정정]주요사항보고서(유상증자결정)(자회사의 주요경영사항)               (20260115800208) || [20251219] [기재정정]주요사항보고서(유상증자결정)(자회사의 주요경영사항)               (20251219800352),,,,https://dart.fss.or.kr/dsaf001/main.do?rcpNo=20260227800997 || https://dart.fss.or.kr/dsaf001/main.do?rcpNo=20260115800208 || https://dart.fss.or.kr/dsaf001/main.do?rcpNo=20251219800352,,,,20260227800997 || 20260115800208 || 20251219800352,주의,2025.0,429.6,511.3,-16.0,CFS,영업이익,dart_OperatingIncomeLoss,1194.8,1095.8,영업활동으로 인한 현금흐름,ifrs-full_CashFlowsFromUsedInOperatingActivities,ok,연간 영업이익 YoY 계산 성공,ok,OCF 추출 성공,2026 Q1,3개월,132.7,132.5,0.1,thstrm_amount,frmtrm_q_amount,CFS,fnlttSinglAcntAll,영업이익,dart_OperatingIncomeLoss,ok,3개월 기준 YoY 계산 성공,관망,0,5,현금창출양호,2.78,default,-2,73.2,69.2
003610,방림,,5100,28.1,38.0,19.1,-18.8,28.8,-1.2,-12.5,-14.0,-4.2,-3.9,-3.6,0.68,6280,3960,0,False,False,False,178704,175155,6.2,9.2,9.4,1.02,0,False,False,False,False,-,56.1,-8.4,-0.0,-23.8,-5.0,True,0,강세,-4,0,-1,-3,82.0,31.5,1518.25,,3.0,-121906.0,-121906.0,-121906.0,10,10,1.0,56.1,52.1,003610,00122348,0,0,1,0,,,[20260506] 매매거래정지및정지해제(중요내용공시)               (20260506800274),,,,https://dart.fss.or.kr/dsaf001/main.do?rcpNo=20260506800274,,,,안전,2025.0,11.2,-32.7,134.3,CFS,영업이익(손실),dart_OperatingIncomeLoss,51.9,182.6,영업활동현금흐름,ifrs-full_CashFlowsFromUsedInOperatingActivities,ok,연간 영업이익 YoY 계산 성공,ok,OCF 추출 성공,2025 Q3,3개월,10.1,1.4,598.8,thstrm_amount,frmtrm_q_amount,CFS,fnlttSinglAcntAll,영업이익(손실),dart_OperatingIncomeLoss,ok,3개월 기준 YoY 계산 성공,성장지속,10,5,현금창출양호,4.63,default,2,73.1,69.1
003780,진양산업,,4840,36.3,28.6,6.1,-40.2,8.2,-10.4,-17.5,-20.9,-9.1,-12.2,-23.1,1.57,8090,4475,5,True,False,False,238370,164207,12.9,11.8,8.7,1.45,0,False,False,False,False,-,66.1,-1.8,-0.0,-7.4,-0.1,True,0,강세,-4,0,-1,-3,82.0,31.5,1518.25,,3.0,-121906.0,-121906.0,-121906.0,10,10,1.0,71.1,67.1,003780,00150439,0,0,0,0,,,,,,,,,,,안전,2025.0,84.4,82.0,3.0,CFS,영업이익(손실),dart_OperatingIncomeLoss,92.2,93.0,영업활동현금흐름,ifrs-full_CashFlowsFromUsedInOperatingActivities,ok,연간 영업이익 YoY 계산 성공,ok,OCF 추출 성공,2026 Q1,3개월,17.1,21.6,-20.9,thstrm_amount,frmtrm_q_amount,CFS,fnlttSinglAcntAll,영업이익(손실),dart_OperatingIncomeLoss,ok,3개월 기준 YoY 계산 성공,관망,0,5,현금창출양호,1.09,default,-3,73.1,69.1
378850,화승알앤에이,,3195,44.3,13.3,-0.4,-29.0,9.0,-10.6,-7.4,-16.7,-8.5,-7.4,-5.2,0.34,4500,2930,0,False,False,False,130200,392611,4.4,4.3,14.5,0.33,0,False,False,False,False,-,48.0,-3.1,0.3,-8.0,0.5,True,3,강세,-4,0,-1,-3,82.0,31.5,1518.25,,3.0,-121906.0,-121906.0,-121906.0,10,10,1.0,51.0,47.0,378850,01532603,0,0,0,0,,,,,,,,,,,안전,2025.0,270.8,313.5,-13.6,CFS,영업이익,dart_OperatingIncomeLoss,498.6,-78.4,영업활동현금흐름,ifrs-full_CashFlowsFromUsedInOperatingActivities,ok,연간 영업이익 YoY 계산 성공,ok,OCF 추출 성공,2026 Q1,3개월,90.6,78.1,15.9,thstrm_amount,frmtrm_q_amount,CFS,fnlttSinglAcntAll,영업이익,dart_OperatingIncomeLoss,ok,3개월 기준 YoY 계산 성공,턴어라운드,20,5,현금창출양호,1.84,default,-3,73.0,69.0
200880,서연이화,,12870,39.3,12.3,5.7,-29.7,20.7,-8.7,-11.7,-22.4,-6.8,-6.3,-2.5,0.79,18310,10660,0,False,False,False,96380,126916,13.1,12.9,17.7,0.76,0,False,False,False,False,-,55.9,9.5,1.4,33.2,2.3,True,15,강세,-4,0,-1,-3,82.0,31.5,1518.25,,3.0,-121906.0,-121906.0,-121906.0,10,10,1.0,70.9,66.9,200880,01036446,0,0,0,0,,,,,,,,,,,안전,2025.0,1618.0,1544.0,4.8,CFS,영업이익,dart_OperatingIncomeLoss,1640.9,2667.1,영업활동현금흐름,ifrs-full_CashFlowsFromUsedInOperatingActivities,ok,연간 영업이익 YoY 계산 성공,ok,OCF 추출 성공,2026 Q1,3개월,485.8,386.3,25.8,thstrm_amount,frmtrm_q_amount,CFS,fnlttSinglAcntAll,영업이익,dart_OperatingIncomeLoss,ok,3개월 기준 YoY 계산 성공,관망,0,5,현금창출양호,1.01,default,-3,72.9,68.9
010100,한국무브넥스,,3940,29.1,6.5,4.3,-50.4,11.6,-16.5,-15.3,-33.6,-14.3,-13.4,-13.4,0.2,7950,3530,0,False,False,False,347176,1233414,10.0,14.8,61.6,0.28,0,False,False,False,False,-,80.9,-1.1,-4.4,-13.7,-13.0,True,0,강세,-4,0,-1,-3,82.0,31.5,1518.25,,3.0,-121906.0,-121906.0,-121906.0,10,10,1.0,80.9,76.9,010100,00160418,0,0,0,0,,,,,,,,,,,안전,2025.0,253.2,436.7,-42.0,CFS,영업이익,dart_OperatingIncomeLoss,431.5,510.4,영업활동으로 인한 현금흐름,ifrs-full_CashFlowsFromUsedInOperatingActivities,ok,연간 영업이익 YoY 계산 성공,ok,OCF 추출 성공,2026 Q1,3개월,98.5,177.4,-44.5,thstrm_amount,frmtrm_q_amount,CFS,fnlttSinglAcntAll,영업이익,dart_OperatingIncomeLoss,ok,3개월 기준 YoY 계산 성공,하락지속,-10,5,현금창출양호,1.7,default,-3,72.9,68.9
047810,한국항공우주,,147000,35.8,0.4,-18.7,-31.8,78.7,-13.5,-11.6,-23.2,-11.5,-16.5,6.8,1.14,215500,82250,0,False,False,False,756177,764590,1268.9,1225.1,1283.6,0.99,0,False,False,False,False,-,65.5,-592.0,617.7,-1458.7,1724.6,True,8,강세,-4,0,-1,-3,82.0,31.5,1518.25,,3.0,-121906.0,-121906.0,-121906.0,10,10,1.0,73.5,69.5,047810,00309503,0,2,0,0,,[20260304] 유상증자또는주식관련사채등의발행결과(자율공시)               (20260304801410) || [20260205] 주요사항보고서(전환사채권발행결정) (20260205000384),,,,https://dart.fss.or.kr/dsaf001/main.do?rcpNo=20260304801410 || https://dart.fss.or.kr/dsaf001/main.do?rcpNo=20260205000384,,,,20260304801410 || 20260205000384,주의,2025.0,2691.9,2407.2,11.8,CFS,영업이익(손실),dart_OperatingIncomeLoss,-9033.2,-7281.8,영업활동현금흐름,ifrs-full_CashFlowsFromUsedInOperatingActivities,ok,연간 영업이익 YoY 계산 성공,ok,OCF 추출 성공,2026 Q1,3개월,671.4,468.1,43.4,thstrm_amount,frmtrm_q_amount,CFS,fnlttSinglAcntAll,영업이익(손실),dart_OperatingIncomeLoss,ok,3개월 기준 YoY 계산 성공,성장지속,10,-10,밸류트랩의심,-3.36,default,-1,72.5,68.5
226320,잇츠한불,,9640,24.8,2.5,-11.3,-35.2,1.5,-20.1,-26.7,-16.6,-17.4,-12.2,-16.6,0.6,14880,9500,0,False,False,False,45112,63671,3.5,4.7,7.6,0.71,-30,True,False,False,False,⚠️떨어지는칼날,82.4,1.0,-0.7,-3.7,-0.9,True,8,강세,-4,0,-1,-3,82.0,31.5,1518.25,,3.0,-121906.0,-121906.0,-121906.0,10,10,1.0,60.400000000000006,56.400000000000006,226320,00911955,0,0,0,0,,,,,,,,,,,안전,2025.0,192.1,178.8,7.4,CFS,영업이익(손실),dart_OperatingIncomeLoss,280.7,234.5,영업활동현금흐름,ifrs-full_CashFlowsFromUsedInOperatingActivities,ok,연간 영업이익 YoY 계산 성공,ok,OCF 추출 성공,2026 Q1,3개월,68.3,55.8,22.4,thstrm_amount,frmtrm_q_amount,CFS,fnlttSinglAcntAll,영업이익(손실),dart_OperatingIncomeLoss,ok,3개월 기준 YoY 계산 성공,성장지속,10,5,현금창출양호,1.46,default,-3,72.4,68.4
070960,모나용평,,2470,13.4,12.1,0.2,-56.7,2.9,-11.0,-19.8,-24.1,-13.2,-16.7,-28.0,1.21,5700,2400,0,False,False,False,107621,99700,3.0,2.8,2.8,1.08,0,False,False,False,False,-,85.3,-1.8,0.1,-2.8,-0.0,True,8,강세,-4,0,-1,-3,82.0,31.5,1518.25,,3.0,-121906.0,-121906.0,-121906.0,10,10,1.0,93.3,89.3,070960,00365989,0,1,0,0,,[20250627] 유상증자또는주식관련사채등의발행결과(자율공시)               (20250627800730),,,,https://dart.fss.or.kr/dsaf001/main.do?rcpNo=20250627800730,,,,20250627800730,주의,2025.0,232.8,269.8,-13.7,CFS,영업이익,dart_OperatingIncomeLoss,-208.2,-1040.0,영업활동현금흐름,ifrs-full_CashFlowsFromUsedInOperatingActivities,ok,연간 영업이익 YoY 계산 성공,ok,OCF 추출 성공,2026 Q1,3개월,93.7,133.2,-29.6,thstrm_amount,frmtrm_q_amount,CFS,fnlttSinglAcntAll,영업이익,dart_OperatingIncomeLoss,ok,3개월 기준 YoY 계산 성공,하락지속,-10,-10,밸류트랩의심,-0.89,default,-1,72.3,68.3
015360,INVENI,,14720,20.1,9.6,0.8,-19.1,46.3,-7.8,-10.0,-4.8,-9.2,-8.4,4.7,0.55,18190,10060,0,False,False,False,56741,72319,6.0,8.6,11.9,0.78,0,False,False,False,False,-,67.3,-9.9,0.6,-22.7,3.2,True,8,강세,-4,0,-1,-3,82.0,31.5,1518.25,,3.0,-121906.0,-121906.0,-121906.0,10,10,1.0,75.3,71.3,015360,00105101,0,1,0,0,,[20250912] 유상증자또는주식관련사채등의발행결과(자율공시)               (20250912800340),,,,https://dart.fss.or.kr/dsaf001/main.do?rcpNo=20250912800340,,,,20250912800340,주의,2025.0,1117.2,242.7,360.3,CFS,영업이익(손실),dart_OperatingIncomeLoss,-710.0,-720.7,영업활동현금흐름,ifrs-full_CashFlowsFromUsedInOperatingActivities,ok,연간 영업이익 YoY 계산 성공,ok,OCF 추출 성공,2026 Q1,3개월,791.5,242.0,227.0,thstrm_amount,frmtrm_q_amount,CFS,fnlttSinglAcntAll,영업이익(손실),dart_OperatingIncomeLoss,ok,3개월 기준 YoY 계산 성공,성장지속,10,-10,밸류트랩의심,-0.64,default,-3,72.3,68.3
102260,동성케미컬,,3920,40.2,33.6,18.1,-17.9,6.7,-4.4,-13.3,-11.4,-4.9,-7.0,-7.1,1.18,4773,3675,0,False,False,False,216853,202912,9.4,8.5,8.4,1.07,3,False,True,False,False,5일선회복,42.2,-5.5,-1.5,-22.8,-3.0,True,0,강세,-4,0,-1,-3,82.0,31.5,1518.25,,3.0,-121906.0,-121906.0,-121906.0,10,10,1.0,45.2,41.2,102260,00679314,0,0,0,0,,,,,,,,,,,안전,2025.0,27.2,71.9,-62.2,CFS,기타영업외손익,dart_NonOperatingProfitLoss,1130.8,939.0,영업활동현금흐름,ifrs-full_CashFlowsFromUsedInOperatingActivities,ok,연간 영업이익 YoY 계산 성공,ok,OCF 추출 성공,2026 Q1,3개월,6.4,0.4,1501.2,thstrm_amount,frmtrm_q_amount,CFS,fnlttSinglAcntAll,기타영업외손익,dart_NonOperatingProfitLoss,ok,3개월 기준 YoY 계산 성공,턴어라운드,20,5,현금창출양호,41.57,default,2,72.2,68.2
049800,우진플라임,,1975,13.6,22.1,13.8,-46.6,9.6,-9.0,-31.1,-31.5,-15.6,-23.0,-12.4,0.85,3700,1802,0,False,False,False,97927,102604,1.7,2.0,2.5,0.95,0,False,False,False,False,-,80.1,-0.1,-0.2,0.4,-0.2,True,0,강세,-4,0,-1,-3,82.0,31.5,1518.25,,3.0,-121906.0,-121906.0,-121906.0,10,10,1.0,80.1,76.1,049800,00303217,0,0,0,0,,,,,,,,,,,안전,2025.0,29.3,13.9,110.8,CFS,영업이익(손실),dart_OperatingIncomeLoss,107.4,55.4,영업활동현금흐름,ifrs-full_CashFlowsFromUsedInOperatingActivities,ok,연간 영업이익 YoY 계산 성공,ok,OCF 추출 성공,2026 Q1,3개월,-40.9,-25.3,-61.6,thstrm_amount,frmtrm_q_amount,CFS,fnlttSinglAcntAll,영업이익(손실),dart_OperatingIncomeLoss,ok,3개월 기준 YoY 계산 성공,피크아웃,-15,5,현금창출양호,3.67,default,2,72.1,68.1
013890,지누스,,9310,22.9,15.4,13.5,-58.0,5.6,-11.0,-27.5,-25.4,-15.1,-17.9,-30.0,0.62,22150,8820,0,False,False,False,58412,47398,2.8,5.5,5.2,1.23,0,False,False,False,False,-,82.0,-1.5,-2.0,-16.2,-8.4,True,0,강세,-4,0,-1,-3,82.0,31.5,1518.25,,3.0,-121906.0,-121906.0,-121906.0,10,10,1.0,82.0,78.0,013890,00150633,0,1,0,0,,[20260220] 주요사항보고서(감자결정) (20260220001622),,,,https://dart.fss.or.kr/dsaf001/main.do?rcpNo=20260220001622,,,,20260220001622,주의,2025.0,254.8,-54.5,567.9,CFS,영업이익,dart_OperatingIncomeLoss,2167.1,-39.0,영업활동으로 인한 현금흐름,ifrs-full_CashFlowsFromUsedInOperatingActivities,ok,연간 영업이익 YoY 계산 성공,ok,OCF 추출 성공,2026 Q1,3개월,-300.9,275.0,-209.4,thstrm_amount,frmtrm_q_amount,CFS,fnlttSinglAcntAll,영업이익,dart_OperatingIncomeLoss,ok,3개월 기준 YoY 계산 성공,피크아웃,-15,5,현금창출양호,8.51,default,0,72.0,68.0
013520,화승코퍼레이션,,2445,18.6,6.0,2.2,-38.9,34.2,-12.7,-20.5,-29.6,-19.1,-16.5,0.9,0.61,4000,1822,0,False,False,False,175598,310353,4.3,4.6,9.7,0.57,0,False,False,False,False,-,79.9,-2.1,-0.1,1.4,-0.2,True,0,강세,-4,0,-1,-3,82.0,31.5,1518.25,,3.0,-121906.0,-121906.0,-121906.0,10,10,1.0,79.9,75.9,013520,00166272,0,0,0,0,,,,,,,,,,,안전,2025.0,830.6,857.9,-3.2,CFS,영업이익,dart_OperatingIncomeLoss,1598.1,172.6,영업활동현금흐름,ifrs-full_CashFlowsFromUsedInOperatingActivities,ok,연간 영업이익 YoY 계산 성공,ok,OCF 추출 성공,2026 Q1,3개월,256.2,297.4,-13.9,thstrm_amount,frmtrm_q_amount,CFS,fnlttSinglAcntAll,영업이익,dart_OperatingIncomeLoss,ok,3개월 기준 YoY 계산 성공,하락지속,-10,5,현금창출양호,1.92,default,-3,71.9,67.9
114090,GKL,,10630,42.4,12.8,15.1,-40.8,3.1,-5.9,-11.9,-18.7,-7.7,-9.2,-24.1,0.55,17970,10310,0,False,False,False,596293,462245,27.9,63.7,53.2,1.29,0,False,False,False,False,-,51.9,23.9,2.7,-39.9,6.1,True,15,강세,-4,0,-1,-3,82.0,31.5,1518.25,,3.0,-121906.0,-121906.0,-121906.0,10,10,1.0,66.9,62.900000000000006,114090,00557508,0,0,0,0,,,,,,,,,,,안전,2025.0,526.4,383.2,37.4,CFS,영업이익(손실),dart_OperatingIncomeLoss,1046.6,717.4,영업활동현금흐름,ifrs-full_CashFlowsFromUsedInOperatingActivities,ok,연간 영업이익 YoY 계산 성공,ok,OCF 추출 성공,2026 Q1,3개월,181.5,201.7,-10.0,thstrm_amount,frmtrm_q_amount,CFS,fnlttSinglAcntAll,영업이익(손실),dart_OperatingIncomeLoss,ok,3개월 기준 YoY 계산 성공,관망,0,5,현금창출양호,1.99,default,0,71.9,67.9
005740,크라운해태홀딩스,,5960,33.4,18.4,6.0,-43.2,6.0,-10.1,-17.8,-16.3,-12.0,-12.7,-14.1,0.5,10490,5620,0,False,False,False,61578,50337,1.5,3.7,3.4,1.22,0,False,False,False,False,-,71.6,2.3,-0.0,4.2,-0.0,True,8,강세,-4,0,-1,-3,82.0,31.5,1518.25,,3.0,-121906.0,-121906.0,-121906.0,10,10,1.0,79.6,75.6,005740,00153126,0,0,0,0,,,,,,,,,,,안전,2025.0,572.5,675.8,-15.3,CFS,영업이익,dart_OperatingIncomeLoss,725.2,1111.6,영업활동현금흐름,ifrs-full_CashFlowsFromUsedInOperatingActivities,ok,연간 영업이익 YoY 계산 성공,ok,OCF 추출 성공,2026 Q1,3개월,149.1,204.2,-27.0,thstrm_amount,frmtrm_q_amount,CFS,fnlttSinglAcntAll,영업이익,dart_OperatingIncomeLoss,ok,3개월 기준 YoY 계산 성공,하락지속,-10,5,현금창출양호,1.27,default,-3,71.6,67.6
267290,경동도시가스,,21000,36.4,13.6,-6.4,-13.6,15.3,-5.8,-9.3,-7.5,-5.6,-6.0,-1.8,0.8,24300,18210,0,False,False,False,13897,13591,2.3,3.0,3.0,1.02,0,False,False,False,False,-,54.6,2.7,-0.0,4.5,-0.6,True,3,강세,-4,0,-1,-3,82.0,31.5,1518.25,,3.0,-121906.0,-121906.0,-121906.0,10,10,1.0,57.6,53.6,267290,01208885,0,0,0,0,,,,,,,,,,,안전,2025.0,330.5,269.7,22.5,CFS,영업이익,dart_OperatingIncomeLoss,563.9,748.6,영업활동현금흐름,ifrs-full_CashFlowsFromUsedInOperatingActivities,ok,연간 영업이익 YoY 계산 성공,ok,OCF 추출 성공,2026 Q1,3개월,195.8,178.9,9.5,thstrm_amount,frmtrm_q_amount,CFS,fnlttSinglAcntAll,영업이익,dart_OperatingIncomeLoss,ok,3개월 기준 YoY 계산 성공,성장지속,10,5,현금창출양호,1.71,default,-1,71.6,67.6
090460,비에이치,,29250,48.3,6.6,19.1,-32.6,145.6,-27.2,-17.1,51.2,-11.3,0.6,43.1,0.63,43400,11910,0,False,False,False,926615,999893,188.1,297.0,341.8,0.93,0,False,False,False,False,-,41.5,126.8,-261.0,173.3,77.0,True,8,강세,-4,0,-1,-3,82.0,31.5,1518.25,,3.0,-121906.0,-121906.0,-121906.0,10,10,1.0,49.5,45.5,090460,00447609,0,1,0,0,,[20250923] 유상증자또는주식관련사채등의발행결과(자율공시)               (20250923800242),,,,https://dart.fss.or.kr/dsaf001/main.do?rcpNo=20250923800242,,,,20250923800242,주의,2025.0,539.8,870.5,-38.0,CFS,영업이익(손실),dart_OperatingIncomeLoss,1591.6,1865.4,영업활동현금흐름,ifrs-full_CashFlowsFromUsedInOperatingActivities,ok,연간 영업이익 YoY 계산 성공,ok,OCF 추출 성공,2026 Q1,3개월,106.6,-253.6,142.0,thstrm_amount,frmtrm_q_amount,CFS,fnlttSinglAcntAll,영업이익(손실),dart_OperatingIncomeLoss,ok,3개월 기준 YoY 계산 성공,턴어라운드,20,5,현금창출양호,2.95,default,-3,71.5,67.5
000640,동아쏘시오홀딩스,,88300,36.1,8.7,13.1,-27.6,1.0,-2.1,-11.8,-22.2,-4.9,-7.2,-15.5,0.95,121887,87400,5,False,False,True,19269,17967,15.5,17.3,16.7,1.07,0,False,False,False,False,-,57.5,-0.6,-0.9,-32.3,-5.5,True,0,강세,-4,0,-1,-3,82.0,31.5,1518.25,,3.0,-121906.0,-121906.0,-121906.0,10,10,1.0,62.5,58.5,000640,00116824,0,1,0,0,,[20251211] [첨부정정]주요사항보고서(전환사채권발행결정)(자회사의 주요경영사항)               (20251211800606),,,,https://dart.fss.or.kr/dsaf001/main.do?rcpNo=20251211800606,,,,20251211800606,주의,2025.0,977.7,820.9,19.1,CFS,영업이익,dart_OperatingIncomeLoss,2273.9,829.9,영업활동으로 인한 현금흐름,ifrs-full_CashFlowsFromUsedInOperatingActivities,ok,연간 영업이익 YoY 계산 성공,ok,OCF 추출 성공,2026 Q1,3개월,191.4,203.5,-6.0,thstrm_amount,frmtrm_q_amount,CFS,fnlttSinglAcntAll,영업이익(손실),dart_OperatingIncomeLoss,ok,3개월 기준 YoY 계산 성공,관망,0,5,현금창출양호,2.33,default,4,71.5,67.5
009770,삼정펄프,,26550,5.2,10.3,5.7,-27.2,1.5,-6.0,-15.8,-25.2,-8.9,-13.8,-13.0,0.8,36450,26150,0,False,False,False,1774,1530,0.3,0.5,0.4,1.16,0,False,False,False,False,-,71.4,0.9,0.0,0.7,-0.3,True,8,강세,-4,0,-1,-3,82.0,31.5,1518.25,,3.0,-121906.0,-121906.0,-121906.0,10,10,1.0,79.4,75.4,009770,00128227,0,0,0,0,,,,,,,,,,,안전,2025.0,-14.4,48.7,-129.6,OFS,영업이익(손실),dart_OperatingIncomeLoss,58.1,212.6,영업활동현금흐름,ifrs-full_CashFlowsFromUsedInOperatingActivities,ok,연간 영업이익 YoY 계산 성공,ok,OCF 추출 성공,2026 Q1,3개월,-10.6,4.2,-353.6,thstrm_amount,frmtrm_q_amount,OFS,fnlttSinglAcntAll,영업이익(손실),dart_OperatingIncomeLoss,ok,3개월 기준 YoY 계산 성공,하락지속,-10,0,회계손실현금유입,,default,2,71.4,67.4
006570,대림통상,,1870,41.1,65.6,23.5,-48.6,16.0,-4.1,-7.9,-9.7,-3.7,-5.9,-19.4,0.49,3640,1612,0,False,False,False,17951,59564,0.6,0.3,1.2,0.3,7,False,True,False,True,5일선회복/거래량동반양봉,47.3,-0.1,-0.1,-0.5,-0.1,True,0,강세,-4,0,-1,-3,82.0,31.5,1518.25,,3.0,-121906.0,-121906.0,-121906.0,10,10,1.0,54.3,50.3,006570,00109824,0,0,0,0,,,,,,,,,,,안전,2025.0,-95.7,-34.1,-180.2,CFS,영업이익(손실),dart_OperatingIncomeLoss,4.5,-77.4,영업활동으로 인한 현금흐름,ifrs-full_CashFlowsFromUsedInOperatingActivities,ok,연간 영업이익 YoY 계산 성공,ok,OCF 추출 성공,2026 Q1,3개월,-6.1,-12.4,50.7,thstrm_amount,frmtrm_q_amount,CFS,fnlttSinglAcntAll,영업이익(손실),dart_OperatingIncomeLoss,ok,3개월 기준 YoY 계산 성공,턴어라운드,20,0,회계손실현금유입,,default,-3,71.3,67.3
383220,F&F,,71100,20.2,11.2,10.6,-19.4,22.6,-3.3,5.2,0.6,-9.3,1.6,3.9,0.59,88200,58000,5,False,True,False,107013,128753,55.4,77.6,100.6,0.83,0,False,False,False,False,-,58.2,66.7,-44.1,374.2,-64.6,True,3,강세,-4,0,-1,-3,82.0,31.5,1518.25,,3.0,-121906.0,-121906.0,-121906.0,10,10,1.0,66.2,62.2,383220,01568413,0,0,0,0,,,,,,,,,,,안전,2025.0,4685.7,4507.4,4.0,CFS,영업이익,dart_OperatingIncomeLoss,3552.1,3988.4,영업활동현금흐름,ifrs-full_CashFlowsFromUsedInOperatingActivities,ok,연간 영업이익 YoY 계산 성공,ok,OCF 추출 성공,2026 Q1,3개월,1534.8,1236.2,24.2,thstrm_amount,frmtrm_q_amount,CFS,fnlttSinglAcntAll,영업이익,dart_OperatingIncomeLoss,ok,3개월 기준 YoY 계산 성공,관망,0,5,현금창출양호,0.76,default,0,71.2,67.2
078000,텔코웨어,,13960,35.7,19.9,16.9,-49.1,8.7,-5.4,-18.6,-26.5,-8.4,-14.9,-12.2,0.49,27450,12840,0,False,False,False,12349,12789,0.9,1.8,1.9,0.97,0,False,False,False,False,-,66.2,-0.4,-0.2,-0.9,-0.8,True,0,강세,-4,0,-1,-3,82.0,31.5,1518.25,,3.0,-121906.0,-121906.0,-121906.0,10,10,1.0,66.2,62.2,078000,00361488,0,0,0,0,,,,,,,,,,,안전,2025.0,32.9,33.8,-2.6,CFS,영업이익,dart_OperatingIncomeLoss,169.3,44.4,영업활동현금흐름,ifrs-full_CashFlowsFromUsedInOperatingActivities,ok,연간 영업이익 YoY 계산 성공,ok,OCF 추출 성공,2026 Q1,3개월,-13.5,-18.2,25.7,thstrm_amount,frmtrm_q_amount,CFS,fnlttSinglAcntAll,영업이익(손실),dart_OperatingIncomeLoss,ok,3개월 기준 YoY 계산 성공,관망,0,5,현금창출양호,5.15,default,0,71.2,67.2
003670,포스코퓨처엠,,222500,34.5,21.4,22.8,-25.7,133.0,-7.5,-14.8,-9.9,-10.5,-4.7,10.7,1.04,299500,95477,0,False,False,False,411240,434123,1009.3,964.0,1105.5,0.95,3,False,False,True,False,+3%반등,54.2,39.6,48.1,482.0,322.8,True,15,강세,-4,0,-1,-3,82.0,31.5,1518.25,,3.0,-121906.0,-121906.0,-121906.0,10,10,1.0,72.2,68.2,003670,00155276,0,7,0,0,,[20250729] 유상증자또는주식관련사채등의발행결과(자율공시)               (20250729800118) || [20250728] 유상증자또는주식관련사채등의청약결과(자율공시)               (20250728800052) || [20250723] 유상증자또는주식관련사채등의청약결과(자율공시)               (20250723800061),,,,https://dart.fss.or.kr/dsaf001/main.do?rcpNo=20250729800118 || https://dart.fss.or.kr/dsaf001/main.do?rcpNo=20250728800052 || https://dart.fss.or.kr/dsaf001/main.do?rcpNo=20250723800061,,,,20250729800118 || 20250728800052 || 20250723800061,주의,2025.0,328.3,7.2,4451.5,CFS,영업이익(손실),dart_OperatingIncomeLoss,-335.8,6708.5,영업활동현금흐름,ifrs-full_CashFlowsFromUsedInOperatingActivities,ok,연간 영업이익 YoY 계산 성공,ok,OCF 추출 성공,2026 Q1,3개월,177.0,171.5,3.2,thstrm_amount,frmtrm_q_amount,CFS,fnlttSinglAcntAll,영업이익(손실),dart_OperatingIncomeLoss,ok,3개월 기준 YoY 계산 성공,성장지속,10,-10,밸류트랩의심,-1.02,default,-1,71.2,67.2
007980,TP,,1785,24.9,18.0,14.4,-22.7,34.7,-6.7,-19.8,-10.5,-8.6,-8.7,-4.1,0.59,2310,1325,0,False,False,False,304113,402352,4.3,5.5,8.0,0.76,0,False,False,False,False,-,66.2,-3.4,-0.6,-12.9,-1.0,True,0,강세,-4,0,-1,-3,82.0,31.5,1518.25,,3.0,-121906.0,-121906.0,-121906.0,10,10,1.0,66.2,62.2,007980,00154329,0,0,0,0,,,,,,,,,,,안전,2025.0,620.1,489.3,26.7,CFS,영업이익,dart_OperatingIncomeLoss,519.7,161.5,영업활동현금흐름,ifrs-full_CashFlowsFromUsedInOperatingActivities,ok,연간 영업이익 YoY 계산 성공,ok,OCF 추출 성공,2026 Q1,3개월,146.7,152.5,-3.8,thstrm_amount,frmtrm_q_amount,CFS,fnlttSinglAcntAll,영업이익,dart_OperatingIncomeLoss,ok,3개월 기준 YoY 계산 성공,관망,0,5,현금창출양호,0.84,default,0,71.2,67.2
017900,광전자,,8900,36.9,9.4,4.4,-60.4,inf,-34.1,-16.3,362.3,-22.1,-6.6,134.2,0.35,22450,0,0,False,False,False,2385657,7572074,243.2,255.4,941.8,0.32,0,False,False,False,False,-,71.0,40.6,0.0,114.0,5.6,True,8,강세,-4,0,-1,-3,82.0,31.5,1518.25,,3.0,-121906.0,-121906.0,-121906.0,10,10,1.0,79.0,75.0,017900,00152729,0,0,0,0,,,,,,,,,,,안전,2025.0,12.0,14.7,-18.2,CFS,영업이익(손실),dart_OperatingIncomeLoss,92.4,119.5,영업활동현금흐름,ifrs-full_CashFlowsFromUsedInOperatingActivities,ok,연간 영업이익 YoY 계산 성공,ok,OCF 추출 성공,2026 Q1,3개월,6.7,18.6,-63.8,thstrm_amount,frmtrm_q_amount,CFS,fnlttSinglAcntAll,영업이익(손실),dart_OperatingIncomeLoss,ok,3개월 기준 YoY 계산 성공,하락지속,-10,5,현금창출양호,7.7,default,-3,71.0,67.0
051630,진양화학,,1574,41.8,23.5,4.5,-55.2,14.6,-18.5,-29.7,-33.9,-16.4,-24.5,-33.2,0.95,3515,1373,0,False,False,False,258183,229890,3.5,4.3,4.4,1.12,0,False,False,False,False,-,67.0,-0.1,0.0,-1.9,-0.0,True,0,강세,-4,0,-1,-3,82.0,31.5,1518.25,,3.0,-121906.0,-121906.0,-121906.0,10,10,1.0,67.0,63.0,051630,00347734,0,0,0,0,,,,,,,,,,,안전,2025.0,-7.4,-41.4,82.0,OFS,영업이익(손실),dart_OperatingIncomeLoss,-10.4,-13.8,영업활동현금흐름,ifrs-full_CashFlowsFromUsedInOperatingActivities,ok,연간 영업이익 YoY 계산 성공,ok,OCF 추출 성공,2026 Q1,3개월,1.2,-1.8,166.8,thstrm_amount,frmtrm_q_amount,OFS,fnlttSinglAcntAll,영업이익(손실),dart_OperatingIncomeLoss,ok,3개월 기준 YoY 계산 성공,성장지속,10,-5,이중적자,,default,-1,71.0,67.0
008420,문배철강,,2010,13.9,2.4,11.6,-43.9,3.1,-13.0,-33.4,-7.2,-16.8,-16.9,-9.8,0.39,3580,1949,0,False,False,False,182946,547777,3.4,3.9,14.8,0.33,-30,True,False,False,False,⚠️떨어지는칼날,82.9,-0.2,1.0,10.5,1.4,True,8,강세,-4,0,-1,-3,82.0,31.5,1518.25,,3.0,-121906.0,-121906.0,-121906.0,10,10,1.0,60.900000000000006,56.900000000000006,008420,00121570,0,0,0,0,,,,,,,,,,,안전,2025.0,71.3,80.2,-11.1,OFS,영업외손익,dart_NonOperatingProfitLoss,-118.7,45.9,영업활동으로 인한 현금흐름,ifrs-full_CashFlowsFromUsedInOperatingActivities,ok,연간 영업이익 YoY 계산 성공,ok,OCF 추출 성공,2026 Q1,3개월,1.7,-5.8,129.8,thstrm_amount,frmtrm_q_amount,OFS,fnlttSinglAcntAll,영업이익(손실),dart_OperatingIncomeLoss,ok,3개월 기준 YoY 계산 성공,턴어라운드,20,-10,밸류트랩의심,-1.66,default,0,70.9,66.9
011930,신성이엔지,,21750,17.4,0.5,10.4,-56.2,59.1,-25.3,-45.6,-11.2,-33.8,-35.9,-0.9,0.75,49700,13670,0,False,False,False,773796,797247,136.1,189.5,250.3,0.97,-30,True,False,False,False,⚠️떨어지는칼날,85.8,154.9,-11.6,156.6,-53.0,True,8,강세,-4,0,-1,-3,82.0,31.5,1518.25,,3.0,-121906.0,-121906.0,-121906.0,10,10,1.0,63.8,59.8,011930,00136271,0,3,0,0,,[20260225] [기재정정]주식병합결정               (20260225802016) || [20260220] [기재정정]주식병합결정               (20260220800510) || [20260220] 주식병합결정               (20260220800309),,,,https://dart.fss.or.kr/dsaf001/main.do?rcpNo=20260225802016 || https://dart.fss.or.kr/dsaf001/main.do?rcpNo=20260220800510 || https://dart.fss.or.kr/dsaf001/main.do?rcpNo=20260220800309,,,,20260225802016 || 20260220800510 || 20260220800309,주의,2025.0,12.8,49.9,-74.3,CFS,영업이익(손실),dart_OperatingIncomeLoss,-291.5,27.5,영업활동현금흐름,ifrs-full_CashFlowsFromUsedInOperatingActivities,ok,연간 영업이익 YoY 계산 성공,ok,OCF 추출 성공,2026 Q1,3개월,-22.3,-52.4,57.4,thstrm_amount,frmtrm_q_amount,CFS,fnlttSinglAcntAll,영업이익(손실),dart_OperatingIncomeLoss,ok,3개월 기준 YoY 계산 성공,턴어라운드,20,-10,밸류트랩의심,-22.77,default,-3,70.8,66.8
034120,SBS,,13020,19.6,12.2,11.5,-56.2,2.4,-8.6,-17.6,-29.5,-10.0,-14.4,-29.0,0.84,29700,12710,0,False,False,False,37424,32949,3.7,5.0,4.7,1.14,0,False,False,False,False,-,78.7,0.0,-0.8,2.3,-13.4,True,0,강세,-4,0,-1,-3,82.0,31.5,1518.25,,3.0,-121906.0,-121906.0,-121906.0,10,10,1.0,78.7,74.7,034120,00130772,0,0,0,0,,,,,,,,,,,안전,2025.0,181.5,-191.9,194.6,CFS,영업이익(손실),dart_OperatingIncomeLoss,648.5,83.4,영업활동현금흐름,ifrs-full_CashFlowsFromUsedInOperatingActivities,ok,연간 영업이익 YoY 계산 성공,ok,OCF 추출 성공,2026 Q1,3개월,-176.3,-68.8,-156.1,thstrm_amount,frmtrm_q_amount,CFS,fnlttSinglAcntAll,영업이익(손실),dart_OperatingIncomeLoss,ok,3개월 기준 YoY 계산 성공,피크아웃,-15,5,현금창출양호,3.57,default,2,70.7,66.7
025620,차AI헬스케어,,6150,26.5,15.1,-1.7,-68.9,4.8,-18.5,-30.7,-40.6,-16.2,-27.1,-39.9,0.7,19780,5870,0,False,False,False,18427,19909,0.8,1.3,1.5,0.93,0,False,False,False,False,-,88.7,-0.5,-0.0,-0.6,0.0,True,0,강세,-4,0,-1,-3,82.0,31.5,1518.25,,3.0,-121906.0,-121906.0,-121906.0,10,10,1.0,88.7,84.7,025620,00136776,0,38,0,0,,[20251218] [기재정정]주요사항보고서(전환사채권발행결정) (20251218000373) || [20251218] [기재정정]주요사항보고서(전환사채권발행결정) (20251218000333) || [20251218] [기재정정]주요사항보고서(전환사채권발행결정) (20251218000325),,,,https://dart.fss.or.kr/dsaf001/main.do?rcpNo=20251218000373 || https://dart.fss.or.kr/dsaf001/main.do?rcpNo=20251218000333 || https://dart.fss.or.kr/dsaf001/main.do?rcpNo=20251218000325,,,,20251218000373 || 20251218000333 || 20251218000325,주의,2025.0,-74.6,-54.5,-36.9,CFS,영업이익(손실),dart_OperatingIncomeLoss,-67.1,-69.1,영업활동현금흐름,ifrs-full_CashFlowsFromUsedInOperatingActivities,ok,연간 영업이익 YoY 계산 성공,ok,OCF 추출 성공,2026 Q1,3개월,-23.7,-19.0,-24.5,thstrm_amount,frmtrm_q_amount,CFS,fnlttSinglAcntAll,영업이익(손실),dart_OperatingIncomeLoss,ok,3개월 기준 YoY 계산 성공,하락지속,-10,-5,이중적자,,default,-3,70.7,66.7
016380,KG스틸,,5470,34.2,5.1,-6.3,-30.8,8.5,-20.1,-19.1,-9.6,-18.1,-11.0,-3.3,0.64,7900,5040,0,False,False,False,610041,1116115,36.5,36.1,77.2,0.55,0,False,False,False,False,-,70.6,26.6,-9.5,-36.1,156.9,True,8,강세,-4,0,-1,-3,82.0,31.5,1518.25,,3.0,-121906.0,-121906.0,-121906.0,10,10,1.0,78.6,74.6,016380,00115676,0,0,0,0,,,,,,,,,,,안전,2025.0,1507.5,2060.2,-26.8,CFS,영업이익,dart_OperatingIncomeLoss,1840.4,2492.8,Ⅰ.영업활동으로 인한 현금흐름,ifrs-full_CashFlowsFromUsedInOperatingActivities,ok,연간 영업이익 YoY 계산 성공,ok,OCF 추출 성공,2026 Q1,3개월,215.1,651.7,-67.0,thstrm_amount,frmtrm_q_amount,CFS,fnlttSinglAcntAll,영업이익,dart_OperatingIncomeLoss,ok,3개월 기준 YoY 계산 성공,하락지속,-10,5,현금창출양호,1.22,default,-3,70.6,66.6
298040,효성중공업,,3544000,32.3,6.8,18.9,-25.3,528.4,-7.6,-11.0,25.5,-10.7,4.6,55.9,0.93,4742000,564000,0,False,False,False,66369,64442,2132.4,2442.2,2574.1,1.03,0,False,False,False,False,-,59.6,-133.5,-913.2,-3020.9,-1946.7,True,0,강세,-4,0,-1,-3,82.0,31.5,1518.25,,3.0,-121906.0,-121906.0,-121906.0,10,10,1.0,59.6,55.6,298040,01316245,0,0,0,0,,,,,,,,,,,안전,2025.0,7469.7,3624.8,106.1,CFS,영업이익,dart_OperatingIncomeLoss,4930.1,4120.9,영업활동으로 인한 현금흐름,ifrs-full_CashFlowsFromUsedInOperatingActivities,ok,연간 영업이익 YoY 계산 성공,ok,OCF 추출 성공,2026 Q1,3개월,1523.2,1023.9,48.8,thstrm_amount,frmtrm_q_amount,CFS,fnlttSinglAcntAll,영업이익,dart_OperatingIncomeLoss,ok,3개월 기준 YoY 계산 성공,성장지속,10,2,현금창출보통,0.66,default,-1,70.6,66.6
090430,아모레퍼시픽,,109300,33.1,7.3,6.3,-35.3,1.5,-7.9,-22.7,-27.8,-9.9,-15.8,-14.6,0.82,169000,107650,0,False,False,False,387911,310773,273.4,441.4,379.0,1.25,0,False,False,False,False,-,73.3,-82.3,-275.1,-758.4,-1029.2,True,0,강세,-4,0,-1,-3,82.0,31.5,1518.25,,3.0,-121906.0,-121906.0,-121906.0,10,10,1.0,73.3,69.3,090430,00583424,0,0,0,0,,,,,,,,,,,안전,2025.0,66.2,3024.4,-97.8,CFS,기타영업외손익,dart_NonOperatingProfitLoss,5838.4,3345.1,영업활동으로 인한 현금흐름,ifrs-full_CashFlowsFromUsedInOperatingActivities,ok,연간 영업이익 YoY 계산 성공,ok,OCF 추출 성공,2026 Q1,3개월,232.6,240.0,-3.1,thstrm_amount,frmtrm_q_amount,CFS,fnlttSinglAcntAll,기타영업외손익,dart_NonOperatingProfitLoss,ok,3개월 기준 YoY 계산 성공,하락지속,-10,5,현금창출양호,88.19,default,2,70.3,66.3
950210,프레스티지바이오파마,,7140,40.0,45.9,25.9,-64.3,15.2,-4.8,-21.0,-33.0,-6.1,-18.5,-38.9,1.62,20000,6200,0,False,False,False,136582,117899,13.8,9.5,9.0,1.16,7,False,True,False,True,5일선회복/거래량동반양봉,58.2,2.9,0.0,8.3,0.0,True,8,강세,-4,0,-1,-3,82.0,31.5,1518.25,,3.0,-121906.0,-121906.0,-121906.0,10,10,1.0,73.2,69.2,950210,01510489,0,0,0,0,,,,,,,,,,,안전,2025.0,-0.5,-0.5,-1.9,CFS,영업손익,dart_OperatingIncomeLoss,-0.4,-0.4,영업활동현금흐름,ifrs-full_CashFlowsFromUsedInOperatingActivities,ok,연간 영업이익 YoY 계산 성공,ok,OCF 추출 성공,2025 Q3,3개월,-0.1,-0.1,13.7,thstrm_amount,frmtrm_q_amount,CFS,fnlttSinglAcntAll,영업손익,dart_OperatingIncomeLoss,ok,3개월 기준 YoY 계산 성공,관망,0,-5,이중적자,,default,2,70.2,66.2
010690,화신,,10000,22.8,3.1,8.7,-38.9,33.3,-19.7,-22.0,-35.6,-19.6,-16.0,1.6,0.46,16380,7500,0,False,False,False,447150,807102,38.4,48.8,108.4,0.55,0,False,False,False,False,-,78.1,10.5,-57.8,14.9,-60.2,True,8,강세,-4,0,-1,-3,82.0,31.5,1518.25,,3.0,-121906.0,-121906.0,-121906.0,10,10,1.0,86.1,82.1,010690,00166315,0,0,0,0,,,,,,,,,,,안전,2025.0,1024.5,653.1,56.9,CFS,영업이익,dart_OperatingIncomeLoss,420.4,1369.2,영업활동현금흐름,ifrs-full_CashFlowsFromUsedInOperatingActivities,ok,연간 영업이익 YoY 계산 성공,ok,OCF 추출 성공,2026 Q1,3개월,169.8,304.7,-44.3,thstrm_amount,frmtrm_q_amount,CFS,fnlttSinglAcntAll,영업손익,dart_OperatingIncomeLoss,ok,3개월 기준 YoY 계산 성공,피크아웃,-15,2,현금창출보통,0.41,default,-3,70.1,66.1
069640,한세엠케이,,1130,42.3,10.1,10.0,-71.7,15.5,-15.9,-15.2,-6.9,-12.9,-11.6,-18.6,0.17,3990,978,0,False,False,False,71183,196182,0.4,0.8,2.8,0.36,0,False,False,False,False,-,60.1,0.4,-0.0,2.4,-0.5,True,8,강세,-4,0,-1,-3,82.0,31.5,1518.25,,3.0,-121906.0,-121906.0,-121906.0,10,10,1.0,68.1,64.1,069640,00357360,0,6,0,0,,[20260225] 주식병합결정               (20260225801857) || [20250703] 유상증자또는주식관련사채등의발행결과(자율공시)               (20250703800283) || [20250702] 유상증자또는주식관련사채등의청약결과(자율공시)               (20250702800025),,,,https://dart.fss.or.kr/dsaf001/main.do?rcpNo=20260225801857 || https://dart.fss.or.kr/dsaf001/main.do?rcpNo=20250703800283 || https://dart.fss.or.kr/dsaf001/main.do?rcpNo=20250702800025,,,,20260225801857 || 20250703800283 || 20250702800025,주의,2025.0,-121.4,-176.3,31.1,CFS,영업이익(손실),dart_OperatingIncomeLoss,-279.5,-210.8,영업활동현금흐름,ifrs-full_CashFlowsFromUsedInOperatingActivities,ok,연간 영업이익 YoY 계산 성공,ok,OCF 추출 성공,2026 Q1,3개월,3.7,-49.6,107.5,thstrm_amount,frmtrm_q_amount,CFS,fnlttSinglAcntAll,영업이익(손실),dart_OperatingIncomeLoss,ok,3개월 기준 YoY 계산 성공,성장지속,10,-5,이중적자,,default,-3,70.1,66.1
005960,동부건설,,6490,21.6,8.6,14.0,-38.8,47.5,-12.3,-32.7,-28.8,-17.9,-24.2,-3.7,0.75,10610,4400,0,False,False,False,113371,126776,6.2,7.8,10.3,0.89,0,False,False,False,False,-,79.9,2.8,0.9,8.7,-11.0,True,15,강세,-4,0,-1,-3,82.0,31.5,1518.25,,3.0,-121906.0,-121906.0,-121906.0,10,10,1.0,94.9,90.9,005960,00115612,0,2,0,0,,[20260424] 유상증자또는주식관련사채등의발행결과(자율공시)               (20260424800694) || [20260416] 주요사항보고서(전환사채권발행결정) (20260416000470),,,,https://dart.fss.or.kr/dsaf001/main.do?rcpNo=20260424800694 || https://dart.fss.or.kr/dsaf001/main.do?rcpNo=20260416000470,,,,20260424800694 || 20260416000470,주의,2025.0,426.3,-969.4,144.0,CFS,영업이익(손실),dart_OperatingIncomeLoss,-219.0,1710.2,영업활동현금흐름,ifrs-full_CashFlowsFromUsedInOperatingActivities,ok,연간 영업이익 YoY 계산 성공,ok,OCF 추출 성공,2026 Q1,3개월,101.2,150.3,-32.6,thstrm_amount,frmtrm_q_amount,CFS,fnlttSinglAcntAll,영업이익(손실),dart_OperatingIncomeLoss,ok,3개월 기준 YoY 계산 성공,피크아웃,-15,-10,밸류트랩의심,-0.51,default,0,69.9,65.9
034020,두산에너빌리티,,100000,26.0,1.2,14.5,-28.2,169.5,-11.2,-22.6,-5.9,-13.1,-9.2,14.4,1.16,139200,37100,0,False,False,False,4142471,4228525,4962.1,4351.8,4927.7,0.98,-30,True,False,False,False,⚠️떨어지는칼날,72.6,-1636.9,-813.2,-5982.2,-4783.5,True,0,강세,-4,0,-1,-3,82.0,31.5,1518.25,,3.0,-121906.0,-121906.0,-121906.0,10,10,1.0,42.6,38.6,034020,00159616,0,0,0,0,,,,,,,,,,,안전,2025.0,7627.1,10176.0,-25.0,CFS,영업이익,dart_OperatingIncomeLoss,7518.0,2422.0,영업활동으로 인한 현금흐름,ifrs-full_CashFlowsFromUsedInOperatingActivities,ok,연간 영업이익 YoY 계산 성공,ok,OCF 추출 성공,2026 Q1,3개월,2335.1,1424.8,63.9,thstrm_amount,frmtrm_q_amount,CFS,fnlttSinglAcntAll,영업이익,dart_OperatingIncomeLoss,ok,3개월 기준 YoY 계산 성공,턴어라운드,20,5,현금창출양호,0.99,default,2,69.6,65.6
006980,우성,,18110,16.8,14.4,10.7,-28.8,13.8,-8.2,-22.9,-18.6,-15.1,-17.4,-2.3,0.81,25450,15920,0,False,False,False,4911,8268,1.2,0.9,1.8,0.59,4,False,False,False,True,거래량동반양봉,72.6,-0.8,-0.0,0.9,-0.5,True,0,강세,-4,0,-1,-3,82.0,31.5,1518.25,,3.0,-121906.0,-121906.0,-121906.0,10,10,1.0,76.6,72.6,006980,00142661,0,0,0,0,,,,,,,,,,,안전,2025.0,193.7,85.9,125.5,CFS,영업이익(손실),dart_OperatingIncomeLoss,351.4,192.1,영업활동현금흐름,ifrs-full_CashFlowsFromUsedInOperatingActivities,ok,연간 영업이익 YoY 계산 성공,ok,OCF 추출 성공,2026 Q1,3개월,12.2,34.6,-64.6,thstrm_amount,frmtrm_q_amount,CFS,fnlttSinglAcntAll,영업이익(손실),dart_OperatingIncomeLoss,ok,3개월 기준 YoY 계산 성공,피크아웃,-15,5,현금창출양호,1.81,default,2,68.6,64.6
019170,신풍제약,,9160,24.1,0.3,-17.3,-55.3,16.2,-15.7,-23.1,-25.1,-15.1,-16.7,-27.5,0.65,20500,7880,0,False,False,False,200003,332584,20.4,19.9,36.5,0.6,-30,True,False,False,False,⚠️떨어지는칼날,86.5,-7.3,-0.7,-41.4,-0.7,True,0,강세,-4,0,-1,-3,82.0,31.5,1518.25,,3.0,-121906.0,-121906.0,-121906.0,10,10,1.0,56.5,52.5,019170,00137359,0,1,0,0,,[20251203] 유상증자또는주식관련사채등의발행결과(자율공시)               (20251203800448),,,,https://dart.fss.or.kr/dsaf001/main.do?rcpNo=20251203800448,,,,20251203800448,주의,2025.0,142.6,-204.6,169.7,CFS,영업이익(손실),dart_OperatingIncomeLoss,172.5,-151.5,영업활동으로 인한 현금흐름,ifrs-full_CashFlowsFromUsedInOperatingActivities,ok,연간 영업이익 YoY 계산 성공,ok,OCF 추출 성공,2026 Q1,3개월,-3.6,-17.6,79.4,thstrm_amount,frmtrm_q_amount,CFS,fnlttSinglAcntAll,영업이익(손실),dart_OperatingIncomeLoss,ok,3개월 기준 YoY 계산 성공,성장지속,10,5,현금창출양호,1.21,default,-3,68.5,64.5
001420,태원물산,,2430,22.4,6.8,-26.4,-46.6,2.1,-16.2,-21.2,-17.2,-16.8,-17.0,-24.4,1.01,4550,2380,0,False,False,False,19516,14846,0.4,0.5,0.4,1.31,0,False,False,False,False,-,84.3,-0.0,0.0,0.2,-0.0,True,0,강세,-4,0,-1,-3,82.0,31.5,1518.25,,3.0,-121906.0,-121906.0,-121906.0,10,10,1.0,84.3,80.3,001420,00154055,0,0,0,0,,,,,,,,,,,안전,2025.0,-9.8,-8.9,-9.4,OFS,영업이익(손실),dart_OperatingIncomeLoss,-49.4,17.4,영업활동현금흐름,ifrs-full_CashFlowsFromUsedInOperatingActivities,ok,연간 영업이익 YoY 계산 성공,ok,OCF 추출 성공,2026 Q1,3개월,-7.4,-3.2,-133.2,thstrm_amount,frmtrm_q_amount,OFS,fnlttSinglAcntAll,영업이익(손실),dart_OperatingIncomeLoss,ok,3개월 기준 YoY 계산 성공,하락지속,-10,-5,이중적자,,default,-1,68.3,64.3
001440,대한전선,,42500,16.8,2.5,7.1,-44.0,252.7,-20.3,-17.0,18.1,-26.4,-4.0,50.7,0.52,75900,12050,0,False,False,False,5865913,10237851,2010.5,2738.3,6233.8,0.57,0,False,False,False,False,-,78.3,765.2,-92.1,917.3,746.0,True,8,강세,-4,0,-1,-3,82.0,31.5,1518.25,,3.0,-121906.0,-121906.0,-121906.0,10,10,1.0,86.3,82.3,001440,00113207,0,0,0,0,,,,,,,,,,,안전,2025.0,-919.6,-392.6,-134.2,CFS,영업외손익,dart_NonOperatingProfitLoss,-1712.8,67.5,영업활동현금흐름,ifrs-full_CashFlowsFromUsedInOperatingActivities,ok,연간 영업이익 YoY 계산 성공,ok,OCF 추출 성공,2026 Q1,3개월,-620.1,44.7,-1487.2,thstrm_amount,frmtrm_q_amount,CFS,fnlttSinglAcntAll,영업외손익,dart_NonOperatingProfitLoss,ok,3개월 기준 YoY 계산 성공,하락지속,-10,-5,이중적자,,default,-3,68.3,64.3
002240,고려제강,,18970,15.4,10.9,9.5,-33.0,14.6,-11.6,-28.0,-19.3,-13.8,-15.9,-6.0,0.53,28300,16560,0,False,False,False,29838,60173,6.1,5.9,13.4,0.5,0,False,False,False,False,-,78.2,-3.7,-0.7,-5.2,-2.6,True,0,강세,-4,0,-1,-3,82.0,31.5,1518.25,,3.0,-121906.0,-121906.0,-121906.0,10,10,1.0,78.2,74.2,002240,00103006,0,0,0,0,,,,,,,,,,,안전,2025.0,407.2,261.1,56.0,CFS,영업이익(손실),dart_OperatingIncomeLoss,1170.2,1232.9,영업활동으로 인한 현금흐름,ifrs-full_CashFlowsFromUsedInOperatingActivities,ok,연간 영업이익 YoY 계산 성공,ok,OCF 추출 성공,2026 Q1,3개월,70.4,82.7,-14.8,thstrm_amount,frmtrm_q_amount,CFS,fnlttSinglAcntAll,영업이익(손실),dart_OperatingIncomeLoss,ok,3개월 기준 YoY 계산 성공,피크아웃,-15,5,현금창출양호,2.87,default,0,68.2,64.2
001040,CJ,,181500,39.1,30.3,39.3,-22.8,55.5,5.0,-20.2,-16.9,-5.2,-9.1,-2.5,1.03,235000,116700,5,False,True,False,214877,211602,409.7,377.6,395.2,1.02,6,False,True,True,False,5일선회복/+3%반등,40.0,14.2,39.2,493.0,-926.4,True,15,강세,-4,0,-1,-3,82.0,31.5,1518.25,,3.0,-121906.0,-121906.0,-121906.0,10,10,1.0,66.0,62.0,001040,00148540,0,1,0,0,,[20260422] 주요사항보고서(자기전환사채만기전취득결정)(자회사의 주요경영사항)               (20260422800817),,,,https://dart.fss.or.kr/dsaf001/main.do?rcpNo=20260422800817,,,,20260422800817,주의,2025.0,25277.4,25322.5,-0.2,CFS,영업이익,dart_OperatingIncomeLoss,49873.8,48308.3,영업활동 현금흐름,ifrs-full_CashFlowsFromUsedInOperatingActivities,ok,연간 영업이익 YoY 계산 성공,ok,OCF 추출 성공,2026 Q1,3개월,4606.8,5309.7,-13.2,thstrm_amount,frmtrm_q_amount,CFS,fnlttSinglAcntAll,영업이익,dart_OperatingIncomeLoss,ok,3개월 기준 YoY 계산 성공,하락지속,-10,5,현금창출양호,1.97,default,7,68.0,64.0
093050,LF,,22100,32.0,17.8,6.8,-16.4,45.3,-2.9,-13.3,-2.0,-7.5,-9.2,9.3,1.07,26450,15210,5,False,True,False,63028,54595,13.0,14.2,13.0,1.15,0,False,False,False,False,-,60.9,14.2,-7.1,15.6,-6.2,True,8,강세,-4,0,-1,-3,82.0,31.5,1518.25,,3.0,-121906.0,-121906.0,-121906.0,10,10,1.0,73.9,69.9,093050,00593032,0,0,0,0,,,,,,,,,,,안전,2025.0,-59.6,-12.0,-396.4,CFS,기타영업외손익,dart_NonOperatingProfitLoss,2702.3,1577.0,영업활동으로 인한 현금흐름,ifrs-full_CashFlowsFromUsedInOperatingActivities,ok,연간 영업이익 YoY 계산 성공,ok,OCF 추출 성공,2026 Q1,3개월,2.1,3.0,-30.2,thstrm_amount,frmtrm_q_amount,CFS,fnlttSinglAcntAll,기타영업외손익,dart_NonOperatingProfitLoss,ok,3개월 기준 YoY 계산 성공,하락지속,-10,0,회계손실현금유입,,default,4,67.9,63.9
089590,제주항공,,4495,30.5,0.6,-7.6,-40.1,0.1,-11.3,-16.4,-26.2,-10.4,-12.7,-21.2,1.0,7500,4490,0,False,False,False,289446,362166,16.8,13.8,18.3,0.8,-30,True,False,False,False,⚠️떨어지는칼날,78.5,-8.3,-0.6,-37.6,-15.3,True,0,강세,-4,0,-1,-3,82.0,31.5,1518.25,,3.0,-121906.0,-121906.0,-121906.0,10,10,1.0,48.5,44.5,089590,00555874,0,0,0,0,,,,,,,,,,,안전,2025.0,-1116.6,799.1,-239.7,CFS,영업이익,dart_OperatingIncomeLoss,61.0,1632.9,영업활동현금흐름,ifrs-full_CashFlowsFromUsedInOperatingActivities,ok,연간 영업이익 YoY 계산 성공,ok,OCF 추출 성공,2026 Q1,3개월,690.0,-325.7,311.8,thstrm_amount,frmtrm_q_amount,CFS,fnlttSinglAcntAll,영업이익,dart_OperatingIncomeLoss,ok,3개월 기준 YoY 계산 성공,턴어라운드,20,0,회계손실현금유입,,default,-1,67.5,63.5
002320,한진,,16340,23.1,7.2,1.8,-31.5,1.1,-7.7,-16.8,-22.9,-8.9,-12.8,-17.8,0.86,23850,16160,0,False,False,False,32693,36545,5.2,5.5,6.6,0.89,0,False,False,False,False,-,75.3,-0.2,-0.3,-23.0,-3.4,True,0,강세,-4,0,-1,-3,82.0,31.5,1518.25,,3.0,-121906.0,-121906.0,-121906.0,10,10,1.0,75.3,71.3,002320,00163512,0,2,0,0,,[20250903] 주요사항보고서(자기전환사채만기전취득결정) (20250903000231) || [20250710] 주요사항보고서(제3자의전환사채매수선택권행사) (20250710000563),,,,https://dart.fss.or.kr/dsaf001/main.do?rcpNo=20250903000231 || https://dart.fss.or.kr/dsaf001/main.do?rcpNo=20250710000563,,,,20250903000231 || 20250710000563,주의,2025.0,-28.3,-1.2,-2249.9,CFS,영업외손익,dart_NonOperatingProfitLoss,2438.3,3043.7,영업활동현금흐름,ifrs-full_CashFlowsFromUsedInOperatingActivities,ok,연간 영업이익 YoY 계산 성공,ok,OCF 추출 성공,2026 Q1,3개월,-30.8,5.4,-673.2,thstrm_amount,frmtrm_q_amount,CFS,fnlttSinglAcntAll,영업외손익,dart_NonOperatingProfitLoss,ok,3개월 기준 YoY 계산 성공,하락지속,-10,0,회계손실현금유입,,default,2,67.3,63.3
069260,TKG휴켐스,,16170,45.1,3.7,11.3,-25.0,2.5,-8.3,-14.7,-14.8,-7.4,-9.2,-11.7,0.5,21550,15770,0,False,False,False,278612,251911,21.0,46.3,45.3,1.11,0,False,False,False,False,-,45.2,-11.3,-15.7,-144.5,158.6,True,0,강세,-4,0,-1,-3,82.0,31.5,1518.25,,3.0,-121906.0,-121906.0,-121906.0,10,10,1.0,45.2,41.2,069260,00426086,0,2,0,0,,[20260423] 유상증자또는주식관련사채등의발행결과(자율공시)               (20260423800622) || [20260408] 주요사항보고서(전환사채권발행결정) (20260408003312),,,,https://dart.fss.or.kr/dsaf001/main.do?rcpNo=20260423800622 || https://dart.fss.or.kr/dsaf001/main.do?rcpNo=20260408003312,,,,20260423800622 || 20260408003312,주의,2025.0,656.1,808.0,-18.8,CFS,영업이익,dart_OperatingIncomeLoss,1024.3,792.6,영업활동현금흐름,ifrs-full_CashFlowsFromUsedInOperatingActivities,ok,연간 영업이익 YoY 계산 성공,ok,OCF 추출 성공,2026 Q1,3개월,152.0,126.2,20.4,thstrm_amount,frmtrm_q_amount,CFS,fnlttSinglAcntAll,영업이익,dart_OperatingIncomeLoss,ok,3개월 기준 YoY 계산 성공,턴어라운드,20,5,현금창출양호,1.56,default,-3,67.2,63.2
002460,HS화성,,10330,11.8,10.0,4.6,-34.5,7.8,-14.6,-21.2,-24.8,-17.9,-18.2,-12.5,1.13,15780,9580,0,False,False,False,18315,20501,2.4,2.0,2.6,0.89,0,False,False,False,False,-,78.2,-0.5,-0.2,-5.2,-1.0,True,0,강세,-4,0,-1,-3,82.0,31.5,1518.25,,3.0,-121906.0,-121906.0,-121906.0,10,10,1.0,78.2,74.2,002460,00174527,0,0,0,0,,,,,,,,,,,안전,2025.0,432.5,237.3,82.2,CFS,영업이익,dart_OperatingIncomeLoss,527.1,1226.6,영업활동현금흐름,ifrs-full_CashFlowsFromUsedInOperatingActivities,ok,연간 영업이익 YoY 계산 성공,ok,OCF 추출 성공,2026 Q1,3개월,1.9,105.7,-98.2,thstrm_amount,frmtrm_q_amount,CFS,fnlttSinglAcntAll,영업이익,dart_OperatingIncomeLoss,ok,3개월 기준 YoY 계산 성공,피크아웃,-15,5,현금창출양호,1.22,default,-1,67.2,63.2
005420,코스모화학,,12980,31.6,1.2,12.8,-40.0,5.4,-15.4,-29.5,-24.0,-16.2,-18.4,-20.7,0.92,21650,12320,0,False,False,False,236901,272592,31.9,32.9,43.5,0.87,-30,True,False,False,False,⚠️떨어지는칼날,78.2,-12.5,-7.0,-46.6,-28.2,True,0,강세,-4,0,-1,-3,82.0,31.5,1518.25,,3.0,-121906.0,-121906.0,-121906.0,10,10,1.0,48.2,44.2,005420,00160302,0,1,0,0,,[20260313] 유상증자결정(종속회사의주요경영사항)               (20260313801167),,,,https://dart.fss.or.kr/dsaf001/main.do?rcpNo=20260313801167,,,,20260313801167,주의,2025.0,-159.9,-20.0,-698.9,CFS,영업이익(손실),dart_OperatingIncomeLoss,1217.4,-277.2,영업활동현금흐름,ifrs-full_CashFlowsFromUsedInOperatingActivities,ok,연간 영업이익 YoY 계산 성공,ok,OCF 추출 성공,2026 Q1,3개월,59.9,9.5,528.7,thstrm_amount,frmtrm_q_amount,CFS,fnlttSinglAcntAll,영업이익(손실),dart_OperatingIncomeLoss,ok,3개월 기준 YoY 계산 성공,턴어라운드,20,0,회계손실현금유입,,default,-1,67.2,63.2
008260,NI스틸,,3080,17.7,9.9,12.2,-33.8,2.7,-8.6,-23.0,-16.8,-13.5,-15.6,-13.7,0.95,4650,3000,0,False,False,False,141946,203814,5.7,4.5,7.5,0.7,0,False,False,False,False,-,75.1,-4.9,-0.1,-5.7,-0.1,True,0,강세,-4,0,-1,-3,82.0,31.5,1518.25,,3.0,-121906.0,-121906.0,-121906.0,10,10,1.0,75.1,71.1,008260,00116301,0,0,0,0,,,,,,,,,,,안전,2025.0,-56.1,-40.3,-39.3,OFS,영업외손익 합계,dart_NonOperatingProfitLoss,398.9,784.4,영업활동으로 인한 순현금흐름,ifrs-full_CashFlowsFromUsedInOperatingActivities,ok,연간 영업이익 YoY 계산 성공,ok,OCF 추출 성공,2026 Q1,3개월,65.0,68.7,-5.5,thstrm_amount,frmtrm_q_amount,OFS,fnlttSinglAcntAll,영업이익(손실),dart_OperatingIncomeLoss,ok,3개월 기준 YoY 계산 성공,하락지속,-10,0,회계손실현금유입,,default,2,67.1,63.1
010820,퍼스텍,,8060,11.1,0.0,-3.2,-57.0,123.6,-24.7,-42.0,19.9,-29.8,-26.4,28.2,1.0,18730,3605,0,False,False,False,1686734,1634574,132.2,157.6,189.8,1.03,-30,True,False,False,False,⚠️떨어지는칼날,90.0,179.6,-99.1,362.4,-173.6,True,8,강세,-4,0,-1,-3,82.0,31.5,1518.25,,3.0,-121906.0,-121906.0,-121906.0,10,10,1.0,68.0,64.0,010820,00148522,0,0,0,0,,,,,,,,,,,안전,2025.0,106.6,43.5,145.2,OFS,영업이익,dart_OperatingIncomeLoss,-202.4,747.8,영업활동으로 인한 현금흐름,ifrs-full_CashFlowsFromUsedInOperatingActivities,ok,연간 영업이익 YoY 계산 성공,ok,OCF 추출 성공,2026 Q1,3개월,22.8,14.2,60.2,thstrm_amount,frmtrm_q_amount,OFS,fnlttSinglAcntAll,영업이익,dart_OperatingIncomeLoss,ok,3개월 기준 YoY 계산 성공,성장지속,10,-10,밸류트랩의심,-1.9,default,-1,67.0,63.0
000590,CS홀딩스,,71400,34.9,2.4,-12.8,-30.1,2.1,-7.3,-10.5,-18.7,-7.2,-8.0,-11.0,0.92,102100,69900,0,False,False,False,1148,1123,0.8,0.9,0.9,1.02,0,False,False,False,False,-,64.9,1.2,-0.0,5.8,-0.1,True,8,강세,-4,0,-1,-3,82.0,31.5,1518.25,,3.0,-121906.0,-121906.0,-121906.0,10,10,1.0,72.9,68.9,000590,00149026,0,0,0,0,,,,,,,,,,,안전,2025.0,202.2,223.1,-9.4,CFS,영업이익,dart_OperatingIncomeLoss,176.1,295.3,영업활동현금흐름,ifrs-full_CashFlowsFromUsedInOperatingActivities,ok,연간 영업이익 YoY 계산 성공,ok,OCF 추출 성공,2026 Q1,3개월,46.0,52.5,-12.5,thstrm_amount,frmtrm_q_amount,CFS,fnlttSinglAcntAll,영업이익,dart_OperatingIncomeLoss,ok,3개월 기준 YoY 계산 성공,하락지속,-10,5,현금창출양호,0.87,default,-1,66.9,62.9
0126Z0,삼성에피스홀딩스,,464000,35.9,20.9,10.3,-40.0,41.0,-5.3,-17.0,-31.3,-7.0,-11.6,,0.78,773000,329000,5,True,False,False,88135,63874,232.4,423.1,319.3,1.38,0,False,False,False,False,-,63.8,54.3,-50.0,-50.2,-419.1,True,8,강세,-4,0,-1,-3,82.0,31.5,1518.25,,3.0,-121906.0,-121906.0,-121906.0,10,10,1.0,76.8,72.8,0126Z0,01965324,0,0,0,0,,,,,,,,,,,안전,2025.0,150.8,,,CFS,영업외손익,dart_NonOperatingProfitLoss,-1037.4,,영업활동현금흐름,ifrs-full_CashFlowsFromUsedInOperatingActivities,op_found_yoy_missing,영업이익 항목은 찾았지만 현재/전기 금액 또는 전기 0 문제로 YoY 계산 실패,ok,OCF 추출 성공,,,,,,,,,,,,not_found,2025 Q1 SINGLE: 013 조회된 데이타가 없습니다.,데이터부족,0,-10,밸류트랩의심,-6.88,default,0,66.8,62.8
025860,남해화학,,6600,11.9,0.7,14.6,-48.5,6.5,-14.9,-30.1,-10.4,-21.4,-22.8,-10.2,0.25,12820,6200,0,False,False,False,813963,4463717,39.0,57.5,480.5,0.18,-30,True,False,False,False,⚠️떨어지는칼날,83.6,36.3,-3.5,87.5,-8.7,True,8,강세,-4,0,-1,-3,82.0,31.5,1518.25,,3.0,-121906.0,-121906.0,-121906.0,10,10,1.0,61.6,57.6,025860,00107987,0,0,0,0,,,,,,,,,,,안전,2025.0,431.3,362.6,18.9,CFS,영업이익,dart_OperatingIncomeLoss,476.5,1202.8,영업활동현금흐름,ifrs-full_CashFlowsFromUsedInOperatingActivities,ok,연간 영업이익 YoY 계산 성공,ok,OCF 추출 성공,2026 Q1,3개월,-1.2,207.0,-100.6,thstrm_amount,frmtrm_q_amount,CFS,fnlttSinglAcntAll,영업이익,dart_OperatingIncomeLoss,ok,3개월 기준 YoY 계산 성공,관망,0,5,현금창출양호,1.1,default,0,66.6,62.6
120030,조선선재,,89400,32.3,14.1,13.1,-37.0,2.2,-7.0,-12.9,-17.5,-5.1,-8.5,-11.4,0.53,141800,87500,0,False,False,False,1930,1902,0.9,1.7,1.8,1.01,0,False,False,False,False,-,66.5,-0.1,0.7,-2.0,1.7,True,8,강세,-4,0,-1,-3,82.0,31.5,1518.25,,3.0,-121906.0,-121906.0,-121906.0,10,10,1.0,74.5,70.5,120030,00796994,0,0,0,0,,,,,,,,,,,안전,2025.0,77.9,86.8,-10.3,OFS,영업이익(손실),dart_OperatingIncomeLoss,90.9,114.4,영업활동현금흐름,ifrs-full_CashFlowsFromUsedInOperatingActivities,ok,연간 영업이익 YoY 계산 성공,ok,OCF 추출 성공,2026 Q1,3개월,14.9,15.6,-4.7,thstrm_amount,frmtrm_q_amount,OFS,fnlttSinglAcntAll,영업이익(손실),dart_OperatingIncomeLoss,ok,3개월 기준 YoY 계산 성공,하락지속,-10,5,현금창출양호,1.17,default,-3,66.5,62.5
018250,애경산업,,12120,39.5,8.8,10.4,-37.0,2.7,-5.2,-21.7,-24.5,-9.4,-15.2,-15.9,0.89,19230,11800,5,True,False,False,271250,98467,10.8,36.2,13.3,2.75,0,False,False,False,False,-,62.2,-11.1,-0.3,-14.6,-4.6,True,0,강세,-4,0,-1,-3,82.0,31.5,1518.25,,3.0,-121906.0,-121906.0,-121906.0,10,10,1.0,67.2,63.2,018250,00139454,0,2,0,0,,[20260326] 최대주주등소유주식변동신고서(최대주주변경시)               (20260326803252) || [20260326] 최대주주변경               (20260326802354),,,,https://dart.fss.or.kr/dsaf001/main.do?rcpNo=20260326803252 || https://dart.fss.or.kr/dsaf001/main.do?rcpNo=20260326802354,,,,20260326803252 || 20260326802354,주의,2025.0,211.5,468.2,-54.8,CFS,영업이익(손실),dart_OperatingIncomeLoss,410.2,248.0,영업활동현금흐름,ifrs-full_CashFlowsFromUsedInOperatingActivities,ok,연간 영업이익 YoY 계산 성공,ok,OCF 추출 성공,2026 Q1,3개월,-15.9,60.4,-126.3,thstrm_amount,frmtrm_q_amount,CFS,fnlttSinglAcntAll,영업이익(손실),dart_OperatingIncomeLoss,ok,3개월 기준 YoY 계산 성공,하락지속,-10,5,현금창출양호,1.94,default,4,66.2,62.2
013000,세우글로벌,,1310,24.0,19.6,20.6,-22.0,28.3,-5.8,6.0,17.3,-7.4,0.3,11.2,0.17,1680,1021,5,False,True,False,168689,555513,1.3,2.3,8.0,0.3,0,False,False,False,False,-,53.2,-0.3,0.5,5.2,0.5,True,3,강세,-4,0,-1,-3,82.0,31.5,1518.25,,3.0,-121906.0,-121906.0,-121906.0,10,10,1.0,61.2,57.2,013000,00134176,0,0,0,0,,,,,,,,,,,안전,2025.0,24.3,24.5,-0.8,OFS,영업이익,dart_OperatingIncomeLoss,34.3,18.6,영업활동현금흐름,ifrs-full_CashFlowsFromUsedInOperatingActivities,ok,연간 영업이익 YoY 계산 성공,ok,OCF 추출 성공,2026 Q1,3개월,7.2,5.2,36.9,thstrm_amount,frmtrm_q_amount,OFS,fnlttSinglAcntAll,영업이익,dart_OperatingIncomeLoss,ok,3개월 기준 YoY 계산 성공,관망,0,5,현금창출양호,1.41,default,0,66.2,62.2
001530,DI동일,,23950,41.6,10.4,5.7,-42.9,59.9,-11.8,-24.4,-0.4,-12.5,-6.3,-1.3,1.28,41953,14981,0,False,False,False,106128,115089,35.5,26.1,32.0,0.92,0,False,False,False,False,-,66.0,31.0,-55.7,21.4,-40.0,True,8,강세,-4,0,-1,-3,82.0,31.5,1518.25,,3.0,-121906.0,-121906.0,-121906.0,10,10,1.0,74.0,70.0,001530,00118345,0,0,0,0,,,,,,,,,,,안전,2025.0,-15.4,78.1,-119.8,CFS,영업이익(손실),dart_OperatingIncomeLoss,39.4,385.9,영업활동으로 인한 현금흐름,ifrs-full_CashFlowsFromUsedInOperatingActivities,ok,연간 영업이익 YoY 계산 성공,ok,OCF 추출 성공,2026 Q1,3개월,6.7,15.6,-56.9,thstrm_amount,frmtrm_q_amount,CFS,fnlttSinglAcntAll,영업이익(손실),dart_OperatingIncomeLoss,ok,3개월 기준 YoY 계산 성공,하락지속,-10,0,회계손실현금유입,,default,2,66.0,62.0
044820,코스맥스비티아이,,18130,38.5,10.3,25.6,-27.2,57.2,-4.4,1.9,20.1,-6.8,0.9,13.3,0.18,24900,11530,5,False,True,False,55179,108508,3.7,10.1,22.9,0.51,0,False,False,False,False,-,42.8,8.9,-10.4,9.5,-7.3,True,3,강세,-4,0,-1,-3,82.0,31.5,1518.25,,3.0,-121906.0,-121906.0,-121906.0,10,10,1.0,50.8,46.8,044820,00219574,0,2,0,0,,[20260528] [기재정정]최대주주변경               (20260528800324) || [20260527] 최대주주변경               (20260527800891),,,,https://dart.fss.or.kr/dsaf001/main.do?rcpNo=20260528800324 || https://dart.fss.or.kr/dsaf001/main.do?rcpNo=20260527800891,,,,20260528800324 || 20260527800891,주의,2025.0,269.8,167.9,60.7,CFS,영업이익,dart_OperatingIncomeLoss,351.7,238.4,영업활동현금흐름,ifrs-full_CashFlowsFromUsedInOperatingActivities,ok,연간 영업이익 YoY 계산 성공,ok,OCF 추출 성공,2026 Q1,3개월,164.1,65.4,150.9,thstrm_amount,frmtrm_q_amount,CFS,fnlttSinglAcntAll,영업이익,dart_OperatingIncomeLoss,ok,3개월 기준 YoY 계산 성공,성장지속,10,5,현금창출양호,1.3,default,0,65.8,61.8
057050,현대홈쇼핑,,77200,38.5,18.4,-0.0,-19.8,54.4,-6.0,-11.4,-9.2,-7.2,-5.9,19.5,0.87,96300,50000,0,False,False,False,16665,20290,13.3,13.2,17.0,0.82,0,False,False,False,False,-,53.8,-0.2,5.4,-45.9,75.2,True,8,강세,-4,0,-1,-3,82.0,31.5,1518.25,,3.0,-121906.0,-121906.0,-121906.0,10,10,1.0,61.8,57.8,057050,00412597,0,4,1,0,,[20260522] [기재정정]주요사항보고서(감자결정) (20260522000258) || [20260225] 주요사항보고서(감자결정)(자회사의 주요경영사항)               (20260225800358) || [20260223] 주요사항보고서(감자결정)(자회사의 주요경영사항)               (20260223800657),[20260211] 매매거래정지및정지해제(중요내용공시)               (20260211800405),,,https://dart.fss.or.kr/dsaf001/main.do?rcpNo=20260522000258 || https://dart.fss.or.kr/dsaf001/main.do?rcpNo=20260225800358 || https://dart.fss.or.kr/dsaf001/main.do?rcpNo=20260223800657,https://dart.fss.or.kr/dsaf001/main.do?rcpNo=20260211800405,,,20260522000258 || 20260225800358 || 20260223800657,주의,2025.0,1307.7,1301.3,0.5,CFS,영업이익,dart_OperatingIncomeLoss,2135.0,2503.3,영업활동으로 인한 현금흐름,ifrs-full_CashFlowsFromUsedInOperatingActivities,ok,연간 영업이익 YoY 계산 성공,ok,OCF 추출 성공,2026 Q1,3개월,653.4,480.6,35.9,thstrm_amount,frmtrm_q_amount,CFS,fnlttSinglAcntAll,영업이익,dart_OperatingIncomeLoss,ok,3개월 기준 YoY 계산 성공,관망,0,5,현금창출양호,1.63,default,-1,65.8,61.8
032350,롯데관광개발,,18050,47.8,26.6,11.6,-34.8,68.7,-3.9,-15.7,-22.0,-6.2,-5.2,-9.2,1.48,27700,10700,0,False,False,False,849999,711470,194.6,158.6,136.7,1.19,0,False,False,False,False,-,43.7,152.4,-110.2,-67.9,0.5,True,8,강세,-4,0,-1,-3,82.0,31.5,1518.25,,3.0,-121906.0,-121906.0,-121906.0,10,10,1.0,51.7,47.7,032350,00231372,0,2,0,0,,[20251022] [기재정정]주요사항보고서(전환사채권발행결정) (20251022000296) || [20251020] [기재정정]주요사항보고서(전환사채권발행결정) (20251020000141),,,,https://dart.fss.or.kr/dsaf001/main.do?rcpNo=20251022000296 || https://dart.fss.or.kr/dsaf001/main.do?rcpNo=20251020000141,,,,20251022000296 || 20251020000141,주의,2025.0,1433.3,390.1,267.4,CFS,영업이익,dart_OperatingIncomeLoss,1000.9,1216.9,영업활동으로 인한 현금흐름,ifrs-full_CashFlowsFromUsedInOperatingActivities,ok,연간 영업이익 YoY 계산 성공,ok,OCF 추출 성공,2026 Q1,3개월,287.8,130.2,121.0,thstrm_amount,frmtrm_q_amount,CFS,fnlttSinglAcntAll,영업이익,dart_OperatingIncomeLoss,ok,3개월 기준 YoY 계산 성공,성장지속,10,2,현금창출보통,0.7,default,2,65.7,61.7
035000,HS애드,,7370,22.4,19.9,33.2,-22.3,5.3,0.5,-17.1,-16.2,-6.0,-10.4,-14.0,0.54,9480,7000,10,False,True,True,38177,67266,2.7,2.8,5.1,0.57,6,False,True,True,False,5일선회복/+3%반등,56.7,-2.1,0.5,-31.8,1.8,True,8,강세,-4,0,-1,-3,82.0,31.5,1518.25,,3.0,-121906.0,-121906.0,-121906.0,10,10,1.0,80.7,76.7,035000,00140168,0,0,0,0,,,,,,,,,,,안전,2025.0,275.0,295.7,-7.0,CFS,영업이익(손실),dart_OperatingIncomeLoss,-108.8,-46.4,영업활동현금흐름,ifrs-full_CashFlowsFromUsedInOperatingActivities,ok,연간 영업이익 YoY 계산 성공,ok,OCF 추출 성공,2026 Q1,3개월,-121.4,-95.2,-27.6,thstrm_amount,frmtrm_q_amount,CFS,fnlttSinglAcntAll,영업이익(손실),dart_OperatingIncomeLoss,ok,3개월 기준 YoY 계산 성공,하락지속,-10,-10,밸류트랩의심,-0.4,default,5,65.7,61.7
104700,한국철강,,8230,13.1,6.9,-2.9,-29.8,1.6,-12.6,-23.3,-19.3,-12.9,-14.9,-15.9,0.55,11720,8100,0,False,False,False,38092,46180,2.0,3.3,4.4,0.82,0,False,False,False,False,-,78.6,-4.9,-2.5,-10.8,-1.8,True,0,강세,-4,0,-1,-3,82.0,31.5,1518.25,,3.0,-121906.0,-121906.0,-121906.0,10,10,1.0,78.6,74.6,104700,00687711,0,0,0,0,,,,,,,,,,,안전,2025.0,-387.0,18.1,-2233.9,OFS,영업이익,dart_OperatingIncomeLoss,243.4,383.7,영업활동으로 인한 현금흐름,ifrs-full_CashFlowsFromUsedInOperatingActivities,ok,연간 영업이익 YoY 계산 성공,ok,OCF 추출 성공,2026 Q1,3개월,-142.8,-106.0,-34.7,thstrm_amount,frmtrm_q_amount,OFS,fnlttSinglAcntAll,영업이익(손실),dart_OperatingIncomeLoss,ok,3개월 기준 YoY 계산 성공,하락지속,-10,0,회계손실현금유입,,default,-3,65.6,61.6
026940,부국철강,,2000,12.2,4.6,11.0,-41.9,11.0,-14.7,-32.9,-4.3,-17.3,-17.5,-10.2,0.39,3445,1801,0,False,False,False,233187,891724,5.4,4.9,24.4,0.26,0,False,False,False,False,-,82.4,3.5,-0.2,6.9,-0.0,True,8,강세,-4,0,-1,-3,82.0,31.5,1518.25,,3.0,-121906.0,-121906.0,-121906.0,10,10,1.0,90.4,86.4,026940,00123781,0,0,0,0,,,,,,,,,,,안전,2025.0,2.6,1.0,174.4,OFS,영업이익(손실),dart_OperatingIncomeLoss,-97.4,72.5,영업활동현금흐름,ifrs-full_CashFlowsFromUsedInOperatingActivities,ok,연간 영업이익 YoY 계산 성공,ok,OCF 추출 성공,2026 Q1,3개월,4.6,5.3,-14.2,thstrm_amount,frmtrm_q_amount,OFS,fnlttSinglAcntAll,영업이익(손실),dart_OperatingIncomeLoss,ok,3개월 기준 YoY 계산 성공,피크아웃,-15,-10,밸류트랩의심,-37.46,default,0,65.4,61.4
002820,SUN&L,,2050,17.7,7.4,-12.0,-33.9,1.5,-9.3,-13.7,-11.8,-10.0,-12.9,-17.5,0.76,3100,2020,0,False,False,False,24933,26324,0.4,0.5,0.6,0.95,0,False,False,False,False,-,75.4,-0.1,1.2,-0.9,3.5,True,8,강세,-4,0,-1,-3,82.0,31.5,1518.25,,3.0,-121906.0,-121906.0,-121906.0,10,10,1.0,83.4,79.4,002820,00132211,0,0,0,0,,,,,,,,,,,안전,2025.0,-178.8,-58.6,-204.9,CFS,영업이익(손실),dart_OperatingIncomeLoss,-124.5,-8.4,영업활동현금흐름,ifrs-full_CashFlowsFromUsedInOperatingActivities,ok,연간 영업이익 YoY 계산 성공,ok,OCF 추출 성공,2026 Q1,3개월,-27.7,-20.0,-38.1,thstrm_amount,frmtrm_q_amount,CFS,fnlttSinglAcntAll,영업이익(손실),dart_OperatingIncomeLoss,ok,3개월 기준 YoY 계산 성공,하락지속,-10,-5,이중적자,,default,-3,65.4,61.4
000480,CR홀딩스,,4700,37.5,13.9,13.6,-17.1,1.7,-2.7,-8.2,-7.1,-3.0,-4.5,-4.3,0.99,5670,4620,0,False,False,False,31782,34345,1.6,1.5,1.7,0.93,0,False,False,False,False,-,48.3,-1.5,-0.0,-5.2,-2.4,True,0,강세,-4,0,-1,-3,82.0,31.5,1518.25,,3.0,-121906.0,-121906.0,-121906.0,10,10,1.0,48.3,44.3,000480,00148984,0,0,0,0,,,,,,,,,,,안전,2025.0,278.2,174.4,59.6,CFS,영업이익(손실),dart_OperatingIncomeLoss,324.4,810.7,영업활동현금흐름,ifrs-full_CashFlowsFromUsedInOperatingActivities,ok,연간 영업이익 YoY 계산 성공,ok,OCF 추출 성공,2026 Q1,3개월,102.0,67.0,52.1,thstrm_amount,frmtrm_q_amount,CFS,fnlttSinglAcntAll,영업이익(손실),dart_OperatingIncomeLoss,ok,3개월 기준 YoY 계산 성공,성장지속,10,5,현금창출양호,1.17,default,2,65.3,61.3
023000,삼원강재,,2240,29.5,23.8,21.2,-14.7,2.3,-2.0,-8.6,-8.2,-3.2,-3.8,-6.7,0.55,2625,2190,5,True,False,False,54110,39301,0.5,1.2,0.9,1.38,0,False,False,False,False,-,53.2,-0.1,-0.0,-1.2,-0.4,True,0,강세,-4,0,-1,-3,82.0,31.5,1518.25,,3.0,-121906.0,-121906.0,-121906.0,10,10,1.0,58.2,54.2,023000,00191588,0,0,0,0,,,,,,,,,,,안전,2025.0,35.7,34.9,2.2,OFS,영업외손익,dart_NonOperatingProfitLoss,333.2,191.8,영업활동현금흐름,ifrs-full_CashFlowsFromUsedInOperatingActivities,ok,연간 영업이익 YoY 계산 성공,ok,OCF 추출 성공,2026 Q1,3개월,14.8,15.4,-3.4,thstrm_amount,frmtrm_q_amount,OFS,fnlttSinglAcntAll,영업외손익,dart_NonOperatingProfitLoss,ok,3개월 기준 YoY 계산 성공,관망,0,5,현금창출양호,9.33,default,2,65.2,61.2
028050,삼성E&A,,49300,39.9,28.8,26.7,-26.7,141.7,-9.7,-9.2,35.4,-7.6,1.6,48.3,0.55,67300,20400,0,False,False,False,1869853,2947480,808.6,954.9,1653.0,0.63,3,False,False,True,False,+3%반등,40.1,196.3,-103.1,-1734.5,-809.7,True,3,강세,-4,0,-1,-3,82.0,31.5,1518.25,,3.0,-121906.0,-121906.0,-121906.0,10,10,1.0,46.1,42.1,028050,00126308,0,0,0,0,,,,,,,,,,,안전,2025.0,7920.8,9716.1,-18.5,CFS,영업이익,dart_OperatingIncomeLoss,2544.3,16358.4,영업활동현금흐름,ifrs-full_CashFlowsFromUsedInOperatingActivities,ok,연간 영업이익 YoY 계산 성공,ok,OCF 추출 성공,2026 Q1,3개월,1881.9,1573.0,19.6,thstrm_amount,frmtrm_q_amount,CFS,fnlttSinglAcntAll,영업이익,dart_OperatingIncomeLoss,ok,3개월 기준 YoY 계산 성공,턴어라운드,20,2,현금창출보통,0.32,default,-3,65.1,61.1
306200,세아제강,,136600,32.3,14.0,10.0,-27.7,22.0,-10.8,-24.6,2.9,-12.9,-9.7,2.9,0.7,189000,112000,0,False,False,False,13838,17334,16.0,19.6,27.9,0.8,0,False,False,False,False,-,69.9,4.4,3.0,20.0,-14.8,True,15,강세,-4,0,-1,-3,82.0,31.5,1518.25,,3.0,-121906.0,-121906.0,-121906.0,10,10,1.0,84.9,80.9,306200,01325979,0,0,0,0,,,,,,,,,,,안전,2025.0,496.0,2029.1,-75.6,CFS,영업이익,dart_OperatingIncomeLoss,-1083.1,2998.9,영업활동으로 인한 현금흐름,ifrs-full_CashFlowsFromUsedInOperatingActivities,ok,연간 영업이익 YoY 계산 성공,ok,OCF 추출 성공,2026 Q1,3개월,241.1,255.8,-5.8,thstrm_amount,frmtrm_q_amount,CFS,fnlttSinglAcntAll,영업이익,dart_OperatingIncomeLoss,ok,3개월 기준 YoY 계산 성공,하락지속,-10,-10,밸류트랩의심,-2.18,default,0,64.9,60.9
035150,백산,,10400,38.8,14.2,7.0,-34.0,2.4,-7.1,-16.4,-21.9,-7.7,-14.6,-21.3,0.94,15760,10160,0,False,False,False,66245,56483,5.5,7.0,6.4,1.17,0,False,False,False,False,-,59.8,0.2,-6.1,3.2,-14.2,True,8,강세,-4,0,-1,-3,82.0,31.5,1518.25,,3.0,-121906.0,-121906.0,-121906.0,10,10,1.0,67.8,63.8,035150,00122551,0,0,0,0,,,,,,,,,,,안전,2025.0,536.0,765.3,-30.0,CFS,영업이익,dart_OperatingIncomeLoss,384.0,562.2,영업활동으로 인한 현금흐름,ifrs-full_CashFlowsFromUsedInOperatingActivities,ok,연간 영업이익 YoY 계산 성공,ok,OCF 추출 성공,2026 Q1,3개월,126.6,190.0,-33.4,thstrm_amount,frmtrm_q_amount,CFS,fnlttSinglAcntAll,영업이익,dart_OperatingIncomeLoss,ok,3개월 기준 YoY 계산 성공,하락지속,-10,5,현금창출양호,0.72,default,2,64.8,60.8
010960,삼호개발,,3105,12.7,11.0,6.3,-28.0,2.8,-9.1,-22.7,-24.5,-13.0,-18.6,-15.3,0.59,4315,3020,0,False,False,False,53193,58828,1.1,1.7,2.1,0.9,0,False,False,False,False,-,74.8,-2.0,-0.1,-5.8,2.5,True,0,강세,-4,0,-1,-3,82.0,31.5,1518.25,,3.0,-121906.0,-121906.0,-121906.0,10,10,1.0,74.8,70.8,010960,00128980,0,1,0,0,,[20250922] 유상증자또는주식관련사채등의발행결과(자율공시)               (20250922800268),,,,https://dart.fss.or.kr/dsaf001/main.do?rcpNo=20250922800268,,,,20250922800268,주의,2025.0,144.9,11.7,1135.6,CFS,영업이익,dart_OperatingIncomeLoss,275.7,367.1,영업활동현금흐름,ifrs-full_CashFlowsFromUsedInOperatingActivities,ok,연간 영업이익 YoY 계산 성공,ok,OCF 추출 성공,2026 Q1,3개월,9.6,46.7,-79.5,thstrm_amount,frmtrm_q_amount,CFS,fnlttSinglAcntAll,영업이익,dart_OperatingIncomeLoss,ok,3개월 기준 YoY 계산 성공,피크아웃,-15,5,현금창출양호,1.9,default,0,64.8,60.8
006040,동원산업,,34300,40.0,7.9,7.6,-38.1,1.5,-5.9,-10.7,-20.0,-6.8,-9.7,-19.0,0.67,55400,33800,0,False,False,False,51261,82143,19.0,18.0,30.7,0.62,0,False,False,False,False,-,57.6,-4.2,-3.6,-49.9,6.7,True,0,강세,-4,0,-1,-3,82.0,31.5,1518.25,,3.0,-121906.0,-121906.0,-121906.0,10,10,1.0,57.6,53.6,006040,00118026,0,2,0,0,,[20260311] [기재정정]주요사항보고서(감자결정) (20260311004192) || [20260211] 주요사항보고서(감자결정) (20260211000681),,,,https://dart.fss.or.kr/dsaf001/main.do?rcpNo=20260311004192 || https://dart.fss.or.kr/dsaf001/main.do?rcpNo=20260211000681,,,,20260311004192 || 20260211000681,주의,2025.0,-493.2,-3054.8,83.9,CFS,영업외손익,dart_NonOperatingProfitLoss,4660.2,4212.5,영업활동현금흐름,ifrs-full_CashFlowsFromUsedInOperatingActivities,ok,연간 영업이익 YoY 계산 성공,ok,OCF 추출 성공,2026 Q1,3개월,14.0,-290.5,104.8,thstrm_amount,frmtrm_q_amount,CFS,fnlttSinglAcntAll,영업외손익,dart_NonOperatingProfitLoss,ok,3개월 기준 YoY 계산 성공,성장지속,10,0,회계손실현금유입,,default,-3,64.6,60.6
042700,한미반도체,,275500,32.7,1.8,14.8,-35.3,252.3,-16.3,-22.9,-14.8,-19.5,-11.9,44.7,0.82,426000,78200,0,False,False,False,1432245,1366801,2966.7,4218.9,4677.3,1.05,0,False,False,False,False,-,70.6,-896.2,-5244.7,-5646.5,-1792.5,True,0,강세,-4,0,-1,-3,82.0,31.5,1518.25,,3.0,-121906.0,-121906.0,-121906.0,10,10,1.0,70.6,66.6,042700,00161383,0,0,0,0,,,,,,,,,,,안전,2025.0,2513.9,2553.9,-1.6,CFS,영업이익(손실),dart_OperatingIncomeLoss,2286.3,1413.6,영업활동현금흐름,ifrs-full_CashFlowsFromUsedInOperatingActivities,ok,연간 영업이익 YoY 계산 성공,ok,OCF 추출 성공,2026 Q1,3개월,84.6,696.3,-87.9,thstrm_amount,frmtrm_q_amount,CFS,fnlttSinglAcntAll,영업이익(손실),dart_OperatingIncomeLoss,ok,3개월 기준 YoY 계산 성공,하락지속,-10,5,현금창출양호,0.91,default,-1,64.6,60.6
281820,케이씨텍,,59700,41.5,13.0,1.5,-27.6,147.2,-17.8,-4.2,21.5,-13.2,2.3,34.4,0.73,82500,24150,0,False,False,False,146880,159491,69.9,94.2,109.9,0.92,0,False,False,False,False,-,49.5,70.5,-130.1,66.2,-26.2,True,3,강세,-4,0,-1,-3,82.0,31.5,1518.25,,3.0,-121906.0,-121906.0,-121906.0,10,10,1.0,52.5,48.5,281820,01261893,0,0,0,0,,,,,,,,,,,안전,2025.0,599.7,497.8,20.5,CFS,영업이익(손실),dart_OperatingIncomeLoss,601.6,999.1,영업활동현금흐름,ifrs-full_CashFlowsFromUsedInOperatingActivities,ok,연간 영업이익 YoY 계산 성공,ok,OCF 추출 성공,2026 Q1,3개월,348.1,78.4,344.3,thstrm_amount,frmtrm_q_amount,CFS,fnlttSinglAcntAll,영업이익(손실),dart_OperatingIncomeLoss,ok,3개월 기준 YoY 계산 성공,성장지속,10,5,현금창출양호,1.0,default,-3,64.5,60.5
029460,케이씨,,30450,30.3,8.6,5.4,-29.2,46.0,-15.3,-22.4,-13.1,-15.7,-12.7,5.1,0.84,43000,20850,0,False,False,False,36605,40730,10.5,11.9,14.7,0.9,0,False,False,False,False,-,75.3,-4.7,-4.6,23.9,-34.2,True,0,강세,-4,0,-1,-3,82.0,31.5,1518.25,,3.0,-121906.0,-121906.0,-121906.0,10,10,1.0,75.3,71.3,029460,00209780,0,0,1,0,,,[20260324] 매매거래정지및정지해제(중요내용공시)               (20260324801539),,,,https://dart.fss.or.kr/dsaf001/main.do?rcpNo=20260324801539,,,,안전,2025.0,464.6,279.8,66.1,CFS,영업이익(손실),dart_OperatingIncomeLoss,510.4,367.5,영업활동현금흐름,ifrs-full_CashFlowsFromUsedInOperatingActivities,ok,연간 영업이익 YoY 계산 성공,ok,OCF 추출 성공,2026 Q1,3개월,139.7,255.4,-45.3,thstrm_amount,frmtrm_q_amount,CFS,fnlttSinglAcntAll,영업이익(손실),dart_OperatingIncomeLoss,ok,3개월 기준 YoY 계산 성공,피크아웃,-15,5,현금창출양호,1.1,default,-1,64.3,60.3
457190,이수스페셜티케미컬,,89000,36.5,0.9,14.1,-32.5,133.9,-11.1,-29.3,-22.7,-13.9,-13.9,19.3,0.92,131800,38050,0,False,False,False,248120,268856,218.7,235.6,283.5,0.92,0,False,False,False,False,-,67.3,-22.4,-22.9,-118.6,-110.6,True,0,강세,-4,0,-1,-3,82.0,31.5,1518.25,,3.0,-121906.0,-121906.0,-121906.0,10,10,1.0,67.3,63.3,457190,01762569,0,0,0,0,,,,,,,,,,,안전,2025.0,16.2,142.1,-88.6,CFS,영업이익(손실),dart_OperatingIncomeLoss,46.4,105.9,영업활동으로 인한 현금흐름,ifrs-full_CashFlowsFromUsedInOperatingActivities,ok,연간 영업이익 YoY 계산 성공,ok,OCF 추출 성공,2026 Q1,3개월,34.8,61.0,-42.9,thstrm_amount,frmtrm_q_amount,CFS,fnlttSinglAcntAll,영업이익(손실),dart_OperatingIncomeLoss,ok,3개월 기준 YoY 계산 성공,하락지속,-10,5,현금창출양호,2.86,default,2,64.3,60.3
003080,SB성보,,2270,16.7,41.6,10.1,-24.0,8.9,-5.6,-15.5,-16.1,-7.0,-11.5,-16.9,3.64,2985,2085,5,True,False,False,126257,57018,4.9,2.9,1.4,2.21,0,False,False,False,False,-,73.3,-0.1,-0.2,-0.4,-0.2,True,0,강세,-4,0,-1,-3,82.0,31.5,1518.25,,3.0,-121906.0,-121906.0,-121906.0,10,10,1.0,78.3,74.3,003080,00132725,0,0,0,0,,,,,,,,,,,안전,2025.0,-81.4,-29.3,-177.9,CFS,영업이익(손실),dart_OperatingIncomeLoss,-60.5,-32.6,영업활동현금흐름,ifrs-full_CashFlowsFromUsedInOperatingActivities,ok,연간 영업이익 YoY 계산 성공,ok,OCF 추출 성공,2026 Q1,3개월,70.5,75.6,-6.7,thstrm_amount,frmtrm_q_amount,CFS,fnlttSinglAcntAll,영업이익(손실),dart_OperatingIncomeLoss,ok,3개월 기준 YoY 계산 성공,하락지속,-10,-5,이중적자,,default,1,64.3,60.3
012170,아센디오,,1108,48.5,13.6,36.2,-77.6,9.5,5.5,-17.7,-26.3,-6.5,-13.0,-37.7,1.33,4955,1012,10,True,True,False,2113787,540292,8.4,31.0,7.8,3.91,3,False,False,True,False,+3%반등,42.4,1.0,-0.1,0.7,-0.1,True,8,강세,-4,0,-1,-3,82.0,31.5,1518.25,,3.0,-121906.0,-121906.0,-121906.0,10,10,1.0,63.4,59.4,012170,00145437,0,33,0,0,,[20260518] 유상증자또는주식관련사채등의발행결과(자율공시)               (20260518800626) || [20260508] 주요사항보고서(유상증자결정) (20260508000720) || [20260226] [기재정정]주요사항보고서(전환사채권발행결정) (20260226005407),,,,https://dart.fss.or.kr/dsaf001/main.do?rcpNo=20260518800626 || https://dart.fss.or.kr/dsaf001/main.do?rcpNo=20260508000720 || https://dart.fss.or.kr/dsaf001/main.do?rcpNo=20260226005407,,,,20260518800626 || 20260508000720 || 20260226005407,주의,2025.0,-43.2,-41.2,-4.9,CFS,영업이익(손실),dart_OperatingIncomeLoss,-47.1,-49.6,영업활동현금흐름,ifrs-full_CashFlowsFromUsedInOperatingActivities,ok,연간 영업이익 YoY 계산 성공,ok,OCF 추출 성공,2026 Q1,3개월,-2.1,-11.3,81.5,thstrm_amount,frmtrm_q_amount,CFS,fnlttSinglAcntAll,영업이익(손실),dart_OperatingIncomeLoss,ok,3개월 기준 YoY 계산 성공,관망,0,-5,이중적자,,default,5,63.4,59.4
019680,대교,,1144,28.1,27.8,24.1,-55.5,6.9,-6.8,-24.5,-32.1,-9.3,-21.0,-37.0,0.56,2570,1070,0,False,False,False,90905,122411,0.8,1.0,1.6,0.74,0,False,False,False,False,-,73.2,-0.4,-0.1,0.7,-0.6,True,0,강세,-4,0,-1,-3,82.0,31.5,1518.25,,3.0,-121906.0,-121906.0,-121906.0,10,10,1.0,73.2,69.2,019680,00108913,0,1,0,0,,[20251002] 유상증자또는주식관련사채등의발행결과(자율공시)               (20251002800405),,,,https://dart.fss.or.kr/dsaf001/main.do?rcpNo=20251002800405,,,,20251002800405,주의,2025.0,-34.0,-15.6,-117.5,CFS,영업손익,dart_OperatingIncomeLoss,383.6,65.6,영업활동으로 인한 현금흐름,ifrs-full_CashFlowsFromUsedInOperatingActivities,ok,연간 영업이익 YoY 계산 성공,ok,OCF 추출 성공,2026 Q1,3개월,-35.7,9.2,-489.0,thstrm_amount,frmtrm_q_amount,CFS,fnlttSinglAcntAll,영업손익,dart_OperatingIncomeLoss,ok,3개월 기준 YoY 계산 성공,하락지속,-10,0,회계손실현금유입,,default,0,63.2,59.2
005090,SGC에너지,,50100,37.6,37.1,32.0,-29.1,148.6,-2.5,-17.2,-0.6,-5.9,-10.6,46.1,0.96,70700,20150,0,False,False,False,102404,124717,59.9,53.1,67.8,0.82,3,False,False,True,False,+3%반등,46.0,-2.1,-13.1,110.0,-110.3,True,0,강세,-4,0,-1,-3,82.0,31.5,1518.25,,3.0,-121906.0,-121906.0,-121906.0,10,10,1.0,49.0,45.0,005090,00125150,0,0,0,0,,,,,,,,,,,안전,2025.0,958.2,1896.1,-49.5,CFS,영업이익,dart_OperatingIncomeLoss,-327.4,940.7,영업활동현금흐름,ifrs-full_CashFlowsFromUsedInOperatingActivities,ok,연간 영업이익 YoY 계산 성공,ok,OCF 추출 성공,2026 Q1,3개월,357.4,175.5,103.6,thstrm_amount,frmtrm_q_amount,CFS,fnlttSinglAcntAll,영업이익,dart_OperatingIncomeLoss,ok,3개월 기준 YoY 계산 성공,턴어라운드,20,-10,밸류트랩의심,-0.34,default,4,63.0,59.0
089470,HDC현대EP,,4060,19.5,13.3,18.5,-38.5,11.2,-9.7,-27.4,-32.6,-14.5,-19.1,-11.1,0.69,6600,3650,0,False,False,False,150331,156310,4.5,6.3,7.5,0.96,0,False,False,False,False,-,75.9,-6.4,-1.1,0.6,-2.4,True,0,강세,-4,0,-1,-3,82.0,31.5,1518.25,,3.0,-121906.0,-121906.0,-121906.0,10,10,1.0,75.9,71.9,089470,00357935,0,0,0,0,,,,,,,,,,,안전,2025.0,496.9,326.8,52.1,CFS,영업이익(손실),dart_OperatingIncomeLoss,184.7,175.4,영업활동현금흐름,ifrs-full_CashFlowsFromUsedInOperatingActivities,ok,연간 영업이익 YoY 계산 성공,ok,OCF 추출 성공,2026 Q1,3개월,77.6,116.5,-33.4,thstrm_amount,frmtrm_q_amount,CFS,fnlttSinglAcntAll,영업이익,dart_OperatingIncomeLoss,ok,3개월 기준 YoY 계산 성공,피크아웃,-15,2,현금창출보통,0.37,default,0,62.9,58.9
001260,남광토건,,7700,25.4,25.1,11.8,-37.1,10.6,-10.4,-23.2,-12.4,-11.8,-15.9,-9.8,0.66,12240,6960,0,False,False,False,32654,40923,2.1,2.6,3.8,0.8,0,False,False,False,False,-,72.9,-0.5,-0.0,-4.8,-0.1,True,0,강세,-4,0,-1,-3,82.0,31.5,1518.25,,3.0,-121906.0,-121906.0,-121906.0,10,10,1.0,72.9,68.9,001260,00107066,0,0,0,0,,,,,,,,,,,안전,2025.0,114.4,73.0,56.6,CFS,영업이익(손실),dart_OperatingIncomeLoss,347.0,1.1,영업활동현금흐름,ifrs-full_CashFlowsFromUsedInOperatingActivities,ok,연간 영업이익 YoY 계산 성공,ok,OCF 추출 성공,2026 Q1,3개월,22.5,25.5,-11.8,thstrm_amount,frmtrm_q_amount,CFS,fnlttSinglAcntAll,영업이익(손실),dart_OperatingIncomeLoss,ok,3개월 기준 YoY 계산 성공,피크아웃,-15,5,현금창출양호,3.03,default,0,62.9,58.9
000850,화천기공,,33150,41.5,16.3,12.9,-26.1,13.5,-13.1,-14.8,-17.0,-6.9,-9.2,-5.9,0.83,44850,29200,0,False,False,False,16471,14105,4.0,5.6,5.1,1.17,0,False,False,False,False,-,48.9,-2.3,0.0,-11.4,-3.0,True,0,강세,-4,0,-1,-3,82.0,31.5,1518.25,,3.0,-121906.0,-121906.0,-121906.0,10,10,1.0,48.9,44.9,000850,00166519,0,0,0,0,,,,,,,,,,,안전,2025.0,42.2,-7.4,669.0,CFS,영업이익(손실),dart_OperatingIncomeLoss,158.2,129.0,영업활동현금흐름,ifrs-full_CashFlowsFromUsedInOperatingActivities,ok,연간 영업이익 YoY 계산 성공,ok,OCF 추출 성공,2026 Q1,3개월,18.7,1.4,1211.2,thstrm_amount,frmtrm_q_amount,CFS,fnlttSinglAcntAll,영업이익(손실),dart_OperatingIncomeLoss,ok,3개월 기준 YoY 계산 성공,성장지속,10,5,현금창출양호,3.75,default,-1,62.9,58.9
006120,SK디스커버리,,47100,20.0,2.5,11.7,-31.0,8.9,-9.6,-20.2,-21.2,-11.8,-15.6,-17.2,0.65,68300,43250,0,False,False,False,25425,35238,10.2,12.4,19.5,0.72,-30,True,False,False,False,⚠️떨어지는칼날,72.8,-8.8,-3.5,-33.4,-0.9,True,0,강세,-4,0,-1,-3,82.0,31.5,1518.25,,3.0,-121906.0,-121906.0,-121906.0,10,10,1.0,42.8,38.8,006120,00131832,0,0,0,0,,,,,,,,,,,안전,2025.0,-1713.4,-1025.6,-67.1,CFS,영업외손익,dart_NonOperatingProfitLoss,6608.3,1153.9,영업활동 현금흐름,ifrs-full_CashFlowsFromUsedInOperatingActivities,ok,연간 영업이익 YoY 계산 성공,ok,OCF 추출 성공,2026 Q1,3개월,1117.7,-143.4,879.7,thstrm_amount,frmtrm_q_amount,CFS,fnlttSinglAcntAll,영업외손익,dart_NonOperatingProfitLoss,ok,3개월 기준 YoY 계산 성공,턴어라운드,20,0,회계손실현금유입,,default,0,62.8,58.8
083420,그린케미칼,,4575,20.6,2.6,4.5,-50.4,0.9,-13.0,-28.3,-24.1,-15.1,-20.0,-29.1,0.73,9230,4535,0,False,False,False,77818,106674,3.6,3.8,5.9,0.73,-30,True,False,False,False,⚠️떨어지는칼날,87.4,-1.4,0.0,-13.3,0.0,True,0,강세,-4,0,-1,-3,82.0,31.5,1518.25,,3.0,-121906.0,-121906.0,-121906.0,10,10,1.0,57.400000000000006,53.400000000000006,083420,00454946,0,0,0,0,,,,,,,,,,,안전,2025.0,101.5,106.9,-5.0,OFS,영업이익(손실),dart_OperatingIncomeLoss,166.7,207.6,영업활동현금흐름,ifrs-full_CashFlowsFromUsedInOperatingActivities,ok,연간 영업이익 YoY 계산 성공,ok,OCF 추출 성공,2026 Q1,3개월,30.2,19.3,56.3,thstrm_amount,frmtrm_q_amount,OFS,fnlttSinglAcntAll,영업이익(손실),dart_OperatingIncomeLoss,ok,3개월 기준 YoY 계산 성공,관망,0,5,현금창출양호,1.64,default,0,62.4,58.4
012030,DB,,1958,39.5,16.6,25.7,-23.1,57.0,-18.4,-4.5,-3.3,-6.9,2.1,18.8,0.43,2545,1247,0,False,False,False,2401904,3097605,26.9,52.5,67.9,0.78,3,False,False,True,False,+3%반등,40.3,16.9,3.4,107.7,1.9,True,10,강세,-4,0,-1,-3,82.0,31.5,1518.25,,3.0,-121906.0,-121906.0,-121906.0,10,10,1.0,53.3,49.3,012030,00163345,0,0,0,0,,,,,,,,,,,안전,2025.0,416.0,296.3,40.4,CFS,영업이익,dart_OperatingIncomeLoss,152.3,22.6,영업활동현금흐름,ifrs-full_CashFlowsFromUsedInOperatingActivities,ok,연간 영업이익 YoY 계산 성공,ok,OCF 추출 성공,2026 Q1,3개월,187.4,173.6,7.9,thstrm_amount,frmtrm_q_amount,CFS,fnlttSinglAcntAll,영업이익,dart_OperatingIncomeLoss,ok,3개월 기준 YoY 계산 성공,성장지속,10,2,현금창출보통,0.37,default,-3,62.3,58.3
009680,모토닉,,9960,24.8,11.1,11.5,-16.9,3.9,-2.6,-11.2,-11.2,-4.9,-6.8,-6.1,1.16,11980,9590,0,False,False,False,31184,33282,3.7,3.1,3.5,0.94,0,False,False,False,False,-,63.3,-2.4,-0.2,-1.1,-4.9,True,0,강세,-4,0,-1,-3,82.0,31.5,1518.25,,3.0,-121906.0,-121906.0,-121906.0,10,10,1.0,63.3,59.3,009680,00151128,0,0,1,0,,,[20260311] 매매거래정지및정지해제(중요내용공시)               (20260311800324),,,,https://dart.fss.or.kr/dsaf001/main.do?rcpNo=20260311800324,,,,안전,2025.0,185.4,237.8,-22.1,CFS,영업이익,dart_OperatingIncomeLoss,563.4,243.4,영업활동현금흐름,ifrs-full_CashFlowsFromUsedInOperatingActivities,ok,연간 영업이익 YoY 계산 성공,ok,OCF 추출 성공,2026 Q1,3개월,43.5,45.7,-4.9,thstrm_amount,frmtrm_q_amount,CFS,fnlttSinglAcntAll,영업이익,dart_OperatingIncomeLoss,ok,3개월 기준 YoY 계산 성공,하락지속,-10,5,현금창출양호,3.04,default,4,62.3,58.3
014440,영보화학,,4405,17.9,26.6,0.8,-18.6,4.9,-3.9,-8.1,-9.9,-5.0,-5.6,-4.9,0.96,5410,4200,0,False,False,False,48614,50288,2.1,2.2,2.3,0.97,0,False,False,False,False,-,62.0,0.1,-0.0,-6.1,-0.1,True,3,강세,-4,0,-1,-3,82.0,31.5,1518.25,,3.0,-121906.0,-121906.0,-121906.0,10,10,1.0,65.0,61.0,014440,00140779,0,0,0,0,,,,,,,,,,,안전,2025.0,192.9,194.0,-0.6,CFS,영업이익(손실),dart_OperatingIncomeLoss,153.6,212.3,영업활동현금흐름,ifrs-full_CashFlowsFromUsedInOperatingActivities,ok,연간 영업이익 YoY 계산 성공,ok,OCF 추출 성공,2026 Q1,3개월,31.3,34.2,-8.6,thstrm_amount,frmtrm_q_amount,CFS,fnlttSinglAcntAll,영업이익(손실),dart_OperatingIncomeLoss,ok,3개월 기준 YoY 계산 성공,하락지속,-10,5,현금창출양호,0.8,default,2,62.0,58.0
079550,LIG디펜스앤에어로스페이스,,726000,31.0,2.7,-7.5,-35.1,101.7,-20.5,-25.0,42.6,-15.9,-14.7,24.5,0.78,1118000,360000,0,False,False,False,225717,284222,1623.4,1807.8,2468.2,0.79,-30,True,False,False,False,⚠️떨어지는칼날,80.0,340.3,195.4,833.8,1045.7,True,15,강세,-4,0,-1,-3,82.0,31.5,1518.25,,3.0,-121906.0,-121906.0,-121906.0,10,10,1.0,65.0,61.0,079550,00503668,0,0,0,0,,,,,,,,,,,안전,2025.0,3194.4,2233.9,43.0,CFS,영업이익(손실),dart_OperatingIncomeLoss,-5843.1,9519.5,영업활동현금흐름,ifrs-full_CashFlowsFromUsedInOperatingActivities,ok,연간 영업이익 YoY 계산 성공,ok,OCF 추출 성공,2026 Q1,3개월,1711.0,1095.9,56.1,thstrm_amount,frmtrm_q_amount,CFS,fnlttSinglAcntAll,영업이익(손실),dart_OperatingIncomeLoss,ok,3개월 기준 YoY 계산 성공,성장지속,10,-10,밸류트랩의심,-1.83,default,-3,62.0,58.0
002600,조흥,,139000,19.0,19.5,9.2,-15.5,1.2,-1.3,-5.4,-13.4,-3.2,-3.8,-8.8,0.52,164400,137300,0,False,False,False,150,148,0.1,0.2,0.2,1.01,0,False,False,False,False,-,57.8,-0.0,-0.0,0.0,-0.1,True,0,강세,-4,0,-1,-3,82.0,31.5,1518.25,,3.0,-121906.0,-121906.0,-121906.0,10,10,1.0,57.8,53.8,002600,00149345,0,0,0,0,,,,,,,,,,,안전,2025.0,186.3,208.3,-10.6,CFS,영업이익,dart_OperatingIncomeLoss,105.8,458.9,영업활동으로 인한 현금흐름,ifrs-full_CashFlowsFromUsedInOperatingActivities,ok,연간 영업이익 YoY 계산 성공,ok,OCF 추출 성공,2026 Q1,3개월,37.6,37.3,0.9,thstrm_amount,frmtrm_q_amount,CFS,fnlttSinglAcntAll,영업이익,dart_OperatingIncomeLoss,ok,3개월 기준 YoY 계산 성공,관망,0,2,현금창출보통,0.57,default,2,61.8,57.8
041650,상신브레이크,,2305,27.1,4.7,-6.9,-26.1,1.1,-10.5,-18.6,-16.2,-10.8,-13.2,-15.1,0.7,3120,2280,0,False,False,False,42816,51693,0.9,1.0,1.4,0.83,0,False,False,False,False,-,74.7,-0.8,-0.1,-0.6,-0.6,True,0,강세,-4,0,-1,-3,82.0,31.5,1518.25,,3.0,-121906.0,-121906.0,-121906.0,10,10,1.0,74.7,70.7,041650,00129642,0,0,0,0,,,,,,,,,,,안전,2025.0,-13.6,206.5,-106.6,CFS,영업이익(손실),dart_OperatingIncomeLoss,384.2,251.5,영업활동현금흐름,ifrs-full_CashFlowsFromUsedInOperatingActivities,ok,연간 영업이익 YoY 계산 성공,ok,OCF 추출 성공,2026 Q1,3개월,22.2,28.0,-20.7,thstrm_amount,frmtrm_q_amount,CFS,fnlttSinglAcntAll,영업이익(손실),dart_OperatingIncomeLoss,ok,3개월 기준 YoY 계산 성공,하락지속,-10,0,회계손실현금유입,,default,-3,61.7,57.7
069620,대웅제약,,123000,28.3,4.0,-2.1,-38.3,0.8,-8.7,-17.8,-30.2,-10.2,-16.6,-20.6,1.05,199400,122000,0,False,False,False,40545,37208,48.6,52.5,51.0,1.09,-30,True,False,False,False,⚠️떨어지는칼날,79.5,-15.6,-4.2,-160.6,10.8,True,0,강세,-4,0,-1,-3,82.0,31.5,1518.25,,3.0,-121906.0,-121906.0,-121906.0,10,10,1.0,49.5,45.5,069620,00427483,0,0,0,0,,,,,,,,,,,안전,2025.0,-49.5,-913.9,94.6,CFS,영업외손익,dart_NonOperatingProfitLoss,1492.1,514.9,영업활동현금흐름,ifrs-full_CashFlowsFromUsedInOperatingActivities,ok,연간 영업이익 YoY 계산 성공,ok,OCF 추출 성공,2026 Q1,3개월,117.6,-139.6,184.2,thstrm_amount,frmtrm_q_amount,CFS,fnlttSinglAcntAll,영업외손익,dart_NonOperatingProfitLoss,ok,3개월 기준 YoY 계산 성공,성장지속,10,0,회계손실현금유입,,default,2,61.5,57.5
023450,동남합성,,28800,28.8,53.5,15.5,-18.2,10.3,-2.4,-4.8,-7.4,-3.8,-4.7,-8.7,0.79,35200,26100,0,False,False,False,3421,2727,0.6,1.0,0.8,1.25,0,False,False,False,False,-,53.5,0.2,-0.3,0.8,0.2,True,3,강세,-4,0,-1,-3,82.0,31.5,1518.25,,3.0,-121906.0,-121906.0,-121906.0,10,10,1.0,56.5,52.5,023450,00115065,0,0,0,0,,,,,,,,,,,안전,2025.0,93.7,89.3,4.8,OFS,영업이익(손실),dart_OperatingIncomeLoss,152.4,60.5,영업활동현금흐름,ifrs-full_CashFlowsFromUsedInOperatingActivities,ok,연간 영업이익 YoY 계산 성공,ok,OCF 추출 성공,2026 Q1,3개월,38.1,29.9,27.4,thstrm_amount,frmtrm_q_amount,OFS,fnlttSinglAcntAll,영업이익(손실),dart_OperatingIncomeLoss,ok,3개월 기준 YoY 계산 성공,관망,0,5,현금창출양호,1.63,default,0,61.5,57.5
004890,동일산업,,36200,40.2,9.8,18.6,-23.4,0.7,-3.3,-9.5,-8.6,-3.0,-4.4,-7.4,0.91,47250,35950,0,False,False,False,1958,1646,0.6,0.7,0.6,1.19,0,False,False,False,False,-,46.4,1.5,0.0,3.4,-0.0,True,3,강세,-4,0,-1,-3,82.0,31.5,1518.25,,3.0,-121906.0,-121906.0,-121906.0,10,10,1.0,49.4,45.4,004890,00172936,0,0,0,0,,,,,,,,,,,안전,2025.0,-27.5,-41.6,33.9,CFS,영업이익(손실),dart_OperatingIncomeLoss,14.8,150.9,영업활동현금흐름,ifrs-full_CashFlowsFromUsedInOperatingActivities,ok,연간 영업이익 YoY 계산 성공,ok,OCF 추출 성공,2026 Q1,3개월,28.9,14.4,101.6,thstrm_amount,frmtrm_q_amount,CFS,fnlttSinglAcntAll,영업이익(손실),dart_OperatingIncomeLoss,ok,3개월 기준 YoY 계산 성공,성장지속,10,0,회계손실현금유입,,default,2,61.4,57.4
025540,한국단자,,77600,34.1,12.0,8.4,-17.4,35.2,-7.5,-13.7,-3.8,-7.9,-4.8,10.3,1.13,94000,57400,0,False,False,False,22901,27597,23.0,18.2,23.5,0.83,0,False,False,False,False,-,59.4,3.4,-2.6,93.3,-31.8,True,8,강세,-4,0,-1,-3,82.0,31.5,1518.25,,3.0,-121906.0,-121906.0,-121906.0,10,10,1.0,67.4,63.400000000000006,025540,00157070,0,0,0,0,,,,,,,,,,,안전,2025.0,1392.5,1713.1,-18.7,CFS,영업이익,dart_OperatingIncomeLoss,2191.8,1993.7,영업활동현금흐름,ifrs-full_CashFlowsFromUsedInOperatingActivities,ok,연간 영업이익 YoY 계산 성공,ok,OCF 추출 성공,2026 Q1,3개월,258.3,286.7,-9.9,thstrm_amount,frmtrm_q_amount,CFS,fnlttSinglAcntAll,영업이익,dart_OperatingIncomeLoss,ok,3개월 기준 YoY 계산 성공,하락지속,-10,5,현금창출양호,1.57,default,-1,61.4,57.4
005820,원림,,13670,19.8,3.4,6.5,-23.6,4.8,-9.0,-19.1,-19.1,-11.6,-12.8,-8.6,0.4,17900,13050,0,False,False,False,2625,4111,0.2,0.4,0.7,0.64,0,False,False,False,False,-,71.4,-0.1,-0.0,0.8,-0.0,True,0,강세,-4,0,-1,-3,82.0,31.5,1518.25,,3.0,-121906.0,-121906.0,-121906.0,10,10,1.0,71.4,67.4,005820,00143794,0,0,0,0,,,,,,,,,,,안전,2025.0,44.3,17.3,155.3,CFS,영업이익,dart_OperatingIncomeLoss,48.4,102.9,영업활동으로 인한 현금흐름,ifrs-full_CashFlowsFromUsedInOperatingActivities,ok,연간 영업이익 YoY 계산 성공,ok,OCF 추출 성공,2026 Q1,3개월,12.2,15.6,-21.4,thstrm_amount,frmtrm_q_amount,CFS,fnlttSinglAcntAll,영업이익,dart_OperatingIncomeLoss,ok,3개월 기준 YoY 계산 성공,피크아웃,-15,5,현금창출양호,1.09,default,0,61.4,57.4
092440,기신정기,,1995,27.0,18.6,15.8,-30.8,2.9,-5.0,-15.1,-15.6,-7.9,-10.7,-15.0,0.69,2885,1938,0,False,False,False,62721,59495,0.8,1.3,1.3,1.05,0,False,False,False,False,-,66.4,-0.1,-0.0,-1.1,-0.4,True,0,강세,-4,0,-1,-3,82.0,31.5,1518.25,,3.0,-121906.0,-121906.0,-121906.0,10,10,1.0,66.4,62.400000000000006,092440,00106614,0,0,0,0,,,,,,,,,,,안전,2025.0,10.2,25.0,-59.2,CFS,영업이익(손실),dart_OperatingIncomeLoss,129.5,98.7,영업활동으로 인한 현금흐름,ifrs-full_CashFlowsFromUsedInOperatingActivities,ok,연간 영업이익 YoY 계산 성공,ok,OCF 추출 성공,2025 Q3,3개월,-1.4,1.6,-185.6,thstrm_amount,frmtrm_q_amount,CFS,fnlttSinglAcntAll,영업이익(손실),dart_OperatingIncomeLoss,ok,3개월 기준 YoY 계산 성공,하락지속,-10,5,현금창출양호,12.7,default,0,61.4,57.4
036420,콘텐트리중앙,,4740,43.5,4.9,2.9,-65.5,1.9,-14.3,-21.5,-32.0,-14.1,-18.1,-42.3,0.59,13730,4650,0,False,False,False,101658,140199,4.0,5.1,7.9,0.73,0,False,False,False,False,-,64.3,-0.9,-0.8,-6.3,-3.6,True,0,강세,-4,0,-1,-3,82.0,31.5,1518.25,,3.0,-121906.0,-121906.0,-121906.0,10,10,1.0,64.3,60.3,036420,00203315,0,8,0,0,,[20260430] [기재정정]자기전환사채만기전취득결정               (20260430801763) || [20260430] [기재정정]주요사항보고서(전환사채권발행결정) (20260430001854) || [20260227] [기재정정]자기전환사채만기전취득결정               (20260227801728),,,,https://dart.fss.or.kr/dsaf001/main.do?rcpNo=20260430801763 || https://dart.fss.or.kr/dsaf001/main.do?rcpNo=20260430001854 || https://dart.fss.or.kr/dsaf001/main.do?rcpNo=20260227801728,,,,20260430801763 || 20260430001854 || 20260227801728,주의,2025.0,88.4,-473.8,118.7,CFS,영업이익(손실),dart_OperatingIncomeLoss,-2.6,-279.4,영업활동으로 인한 현금흐름,ifrs-full_CashFlowsFromUsedInOperatingActivities,ok,연간 영업이익 YoY 계산 성공,ok,OCF 추출 성공,2026 Q1,3개월,-15.6,-121.2,87.1,thstrm_amount,frmtrm_q_amount,CFS,fnlttSinglAcntAll,영업이익(손실),dart_OperatingIncomeLoss,ok,3개월 기준 YoY 계산 성공,성장지속,10,-10,밸류트랩의심,-0.03,default,-3,61.3,57.3
123700,SJM,,3310,24.2,26.0,-15.0,-21.2,7.1,-10.5,-15.1,-14.9,-9.6,-9.6,-9.7,0.93,4200,3090,0,False,False,False,42719,41381,1.3,1.5,1.5,1.03,0,False,False,False,False,-,67.0,-0.7,-0.0,2.2,-0.2,True,0,강세,-4,0,-1,-3,82.0,31.5,1518.25,,3.0,-121906.0,-121906.0,-121906.0,10,10,1.0,67.0,63.0,123700,00815369,0,0,0,0,,,,,,,,,,,안전,2025.0,113.2,142.4,-20.5,CFS,영업이익(손실),dart_OperatingIncomeLoss,344.2,216.6,영업활동현금흐름,ifrs-full_CashFlowsFromUsedInOperatingActivities,ok,연간 영업이익 YoY 계산 성공,ok,OCF 추출 성공,2026 Q1,3개월,31.4,36.1,-13.0,thstrm_amount,frmtrm_q_amount,CFS,fnlttSinglAcntAll,영업이익(손실),dart_OperatingIncomeLoss,ok,3개월 기준 YoY 계산 성공,하락지속,-10,5,현금창출양호,3.04,default,-1,61.0,57.0
094800,맵스리얼티,,5310,41.4,37.3,20.3,-35.2,24.4,-8.4,-27.8,-22.4,-7.7,-19.4,-6.4,0.39,8190,4270,0,False,False,False,70396,136922,2.9,3.9,8.2,0.51,0,False,False,False,False,-,52.8,-1.0,3.5,-4.7,20.9,True,8,강세,-4,0,-1,-3,82.0,31.5,1518.25,,3.0,-121906.0,-121906.0,-121906.0,10,10,1.0,60.8,56.8,094800,00600013,0,0,0,0,,,,,,,,,,,안전,,,,,,,,,,,,not_found,2024 OFS: 013 조회된 데이타가 없습니다.,not_found,OCF 항목을 찾지 못함,,,,,,,,,,,,not_found,2025 Q1 SINGLE: 013 조회된 데이타가 없습니다.,데이터부족,0,0,데이터없음,,default,0,60.8,56.8
086280,현대글로비스,,221500,36.2,20.4,27.8,-25.2,109.2,-6.1,-7.1,-23.5,-6.8,-3.1,8.1,0.61,296000,105900,0,False,False,False,556725,591092,819.9,1302.6,1447.5,0.94,3,False,False,True,False,+3%반등,45.6,-505.7,-267.0,-3664.8,1378.4,True,0,강세,-4,0,-1,-3,82.0,31.5,1518.25,,3.0,-121906.0,-121906.0,-121906.0,10,10,1.0,48.6,44.6,086280,00360595,0,0,0,0,,,,,,,,,,,안전,2025.0,20730.1,17528.7,18.3,CFS,영업이익,dart_OperatingIncomeLoss,25007.6,21224.1,영업활동으로 인한 현금흐름,ifrs-full_CashFlowsFromUsedInOperatingActivities,ok,연간 영업이익 YoY 계산 성공,ok,OCF 추출 성공,2026 Q1,3개월,5214.5,5018.8,3.9,thstrm_amount,frmtrm_q_amount,CFS,fnlttSinglAcntAll,영업이익,dart_OperatingIncomeLoss,ok,3개월 기준 YoY 계산 성공,성장지속,10,5,현금창출양호,1.21,default,-3,60.6,56.6
000500,가온전선,,386000,33.9,26.7,45.7,-39.2,inf,-8.9,77.9,225.7,-2.9,60.0,227.7,0.73,635000,0,0,False,False,False,121461,228815,659.9,442.6,915.6,0.53,6,False,True,True,False,5일선회복/+3%반등,42.4,-34.7,-253.7,-311.6,369.0,True,0,강세,-4,0,-1,-3,82.0,31.5,1518.25,,3.0,-121906.0,-121906.0,-121906.0,10,10,1.0,48.4,44.4,000500,00104768,0,0,0,0,,,,,,,,,,,안전,2025.0,791.9,450.1,75.9,CFS,Ⅳ. 영업이익,dart_OperatingIncomeLoss,417.4,392.7,Ⅰ. 영업활동으로 인한 현금흐름,ifrs-full_CashFlowsFromUsedInOperatingActivities,ok,연간 영업이익 YoY 계산 성공,ok,OCF 추출 성공,2026 Q1,3개월,278.3,218.8,27.2,thstrm_amount,frmtrm_q_amount,CFS,fnlttSinglAcntAll,Ⅳ. 영업이익,dart_OperatingIncomeLoss,ok,3개월 기준 YoY 계산 성공,성장지속,10,2,현금창출보통,0.53,default,0,60.4,56.4
213500,한솔제지,,6540,23.1,21.7,19.3,-30.4,4.5,-4.8,-23.2,-26.0,-9.3,-18.8,-21.6,0.54,9390,6260,0,False,False,False,124821,157589,5.5,8.2,11.6,0.79,0,False,False,False,False,-,68.1,-1.5,-4.8,-25.0,-24.1,True,0,강세,-4,0,-1,-3,82.0,31.5,1518.25,,3.0,-121906.0,-121906.0,-121906.0,10,10,1.0,68.1,64.1,213500,01060744,0,0,0,0,,,,,,,,,,,안전,2025.0,499.3,219.9,127.1,CFS,영업이익,dart_OperatingIncomeLoss,666.0,293.5,영업활동으로 인한 현금흐름,ifrs-full_CashFlowsFromUsedInOperatingActivities,ok,연간 영업이익 YoY 계산 성공,ok,OCF 추출 성공,2026 Q1,3개월,112.4,203.4,-44.7,thstrm_amount,frmtrm_q_amount,CFS,fnlttSinglAcntAll,영업이익,dart_OperatingIncomeLoss,ok,3개월 기준 YoY 계산 성공,피크아웃,-15,5,현금창출양호,1.33,default,2,60.1,56.1
207940,삼성바이오로직스,,1367000,39.4,39.6,25.2,-31.2,5.2,-4.1,-7.2,-23.1,-3.2,-8.9,-15.8,0.77,1987000,1300000,0,False,False,False,70951,70249,749.7,972.5,994.7,1.01,3,False,False,True,False,+3%반등,41.9,287.0,-432.2,-122.2,-2451.4,True,3,강세,-4,0,-1,-3,82.0,31.5,1518.25,,3.0,-121906.0,-121906.0,-121906.0,10,10,1.0,47.9,43.9,207940,00877059,0,1,0,0,,[20260320] 유상증자결정(종속회사의주요경영사항)               (20260320801902),,,,https://dart.fss.or.kr/dsaf001/main.do?rcpNo=20260320801902,,,,20260320801902,주의,2025.0,20692.2,13213.7,56.6,CFS,영업이익,dart_OperatingIncomeLoss,22478.1,16592.6,영업활동으로 인한 현금흐름,ifrs-full_CashFlowsFromUsedInOperatingActivities,ok,연간 영업이익 YoY 계산 성공,ok,OCF 추출 성공,2026 Q1,3개월,598.4,88.6,575.2,thstrm_amount,frmtrm_q_amount,CFS,fnlttSinglAcntAll,영업외손익,dart_NonOperatingProfitLoss,ok,3개월 기준 YoY 계산 성공,성장지속,10,5,현금창출양호,1.09,default,-3,59.9,55.9
004540,깨끗한나라,,1666,24.6,20.2,2.3,-30.9,4.3,-7.8,-17.9,-19.7,-9.5,-14.8,-15.2,0.96,2410,1598,0,False,False,False,107438,97593,1.6,1.8,1.8,1.1,0,False,False,False,False,-,72.8,-0.0,-0.0,-4.0,-0.0,True,0,강세,-4,0,-1,-3,82.0,31.5,1518.25,,3.0,-121906.0,-121906.0,-121906.0,10,10,1.0,72.8,68.8,004540,00113492,0,2,0,0,,[20250729] 유상증자또는주식관련사채등의발행결과(자율공시)               (20250729800529) || [20250721] 주요사항보고서(전환사채권발행결정) (20250721000243),,,,https://dart.fss.or.kr/dsaf001/main.do?rcpNo=20250729800529 || https://dart.fss.or.kr/dsaf001/main.do?rcpNo=20250721000243,,,,20250729800529 || 20250721000243,주의,2025.0,-226.4,-9.0,-2409.2,CFS,영업이익(손실),dart_OperatingIncomeLoss,-21.3,-56.4,영업활동으로 인한 현금흐름,ifrs-full_CashFlowsFromUsedInOperatingActivities,ok,연간 영업이익 YoY 계산 성공,ok,OCF 추출 성공,2026 Q1,3개월,-39.7,-38.6,-2.8,thstrm_amount,frmtrm_q_amount,CFS,fnlttSinglAcntAll,영업이익(손실),dart_OperatingIncomeLoss,ok,3개월 기준 YoY 계산 성공,하락지속,-10,-5,이중적자,,default,2,59.8,55.8
163560,동일고무벨트,,6370,36.7,7.1,2.7,-26.8,1.9,-9.3,-16.2,-10.0,-9.1,-11.3,-8.5,0.47,8700,6250,0,False,False,False,50540,68424,2.1,3.3,4.9,0.74,0,False,False,False,False,-,62.7,-3.2,-0.0,3.4,-0.1,True,0,강세,-4,0,-1,-3,82.0,31.5,1518.25,,3.0,-121906.0,-121906.0,-121906.0,10,10,1.0,62.7,58.7,163560,00939687,0,0,0,0,,,,,,,,,,,안전,2025.0,185.6,95.9,93.7,CFS,영업이익,dart_OperatingIncomeLoss,-51.3,132.4,영업활동현금흐름,ifrs-full_CashFlowsFromUsedInOperatingActivities,ok,연간 영업이익 YoY 계산 성공,ok,OCF 추출 성공,2026 Q1,3개월,77.8,28.2,176.0,thstrm_amount,frmtrm_q_amount,CFS,fnlttSinglAcntAll,영업이익,dart_OperatingIncomeLoss,ok,3개월 기준 YoY 계산 성공,성장지속,10,-10,밸류트랩의심,-0.28,default,-3,59.7,55.7
005320,온타이드,,1072,33.4,22.6,7.0,-37.7,32.3,-4.7,-8.8,-10.7,-6.2,-1.8,4.2,2.0,1722,810,5,True,False,False,255868,123198,2.8,2.8,1.4,2.08,3,False,False,True,False,+3%반등,68.4,-1.3,-0.0,-0.7,-0.8,True,0,강세,-4,0,-1,-3,82.0,31.5,1518.25,,3.0,-121906.0,-121906.0,-121906.0,10,10,1.0,76.4,72.4,005320,00168331,0,8,0,0,,[20260311] 주식병합결정               (20260311801027) || [20260304] 최대주주변경               (20260304801646) || [20260304] 투자판단관련주요경영사항              (최대주주 변경을 수반하는 주식 양수도 계약 체결) (20260304801635),,,,https://dart.fss.or.kr/dsaf001/main.do?rcpNo=20260311801027 || https://dart.fss.or.kr/dsaf001/main.do?rcpNo=20260304801646 || https://dart.fss.or.kr/dsaf001/main.do?rcpNo=20260304801635,,,,20260311801027 || 20260304801646 || 20260304801635,주의,2025.0,-18.6,-43.5,57.3,CFS,영업이익(손실),dart_OperatingIncomeLoss,58.1,-40.4,영업활동현금흐름,ifrs-full_CashFlowsFromUsedInOperatingActivities,ok,연간 영업이익 YoY 계산 성공,ok,OCF 추출 성공,2026 Q1,3개월,-55.2,35.7,-254.6,thstrm_amount,frmtrm_q_amount,CFS,fnlttSinglAcntAll,영업이익(손실),dart_OperatingIncomeLoss,ok,3개월 기준 YoY 계산 성공,피크아웃,-15,0,회계손실현금유입,,default,-2,59.4,55.4
031820,아이티센씨티에스,,6240,19.8,1.1,3.5,-37.5,24.1,-17.9,-17.1,-24.7,-17.9,-16.0,-4.0,0.33,9980,5030,0,False,False,False,90993,203758,4.4,6.2,16.7,0.45,-30,True,False,False,False,⚠️떨어지는칼날,77.2,-1.9,-0.0,-14.3,-2.5,True,0,강세,-4,0,-1,-3,82.0,31.5,1518.25,,3.0,-121906.0,-121906.0,-121906.0,10,10,1.0,47.2,43.2,031820,00186559,0,1,0,0,,[20260303] 주식병합결정               (20260303801271),,,,https://dart.fss.or.kr/dsaf001/main.do?rcpNo=20260303801271,,,,20260303801271,주의,2025.0,235.5,210.1,12.1,CFS,영업이익(손실),dart_OperatingIncomeLoss,642.6,200.7,영업활동현금흐름,ifrs-full_CashFlowsFromUsedInOperatingActivities,ok,연간 영업이익 YoY 계산 성공,ok,OCF 추출 성공,2026 Q1,3개월,34.7,-76.9,145.2,thstrm_amount,frmtrm_q_amount,CFS,fnlttSinglAcntAll,영업이익(손실),dart_OperatingIncomeLoss,ok,3개월 기준 YoY 계산 성공,성장지속,10,5,현금창출양호,2.73,default,-3,59.2,55.2
271980,제일약품,,10990,26.8,1.2,-2.6,-43.0,0.4,-10.4,-22.9,-30.6,-15.5,-18.5,-23.4,0.6,19290,10950,0,False,False,False,44463,52523,3.6,5.2,6.8,0.85,0,False,False,False,False,-,83.7,-2.3,-0.0,-3.5,-1.3,True,0,강세,-4,0,-1,-3,82.0,31.5,1518.25,,3.0,-121906.0,-121906.0,-121906.0,10,10,1.0,83.7,79.7,271980,01236897,0,0,0,0,,,,,,,,,,,안전,2025.0,207.0,-189.3,209.3,CFS,영업이익(손실),dart_OperatingIncomeLoss,-56.9,32.1,영업활동현금흐름,ifrs-full_CashFlowsFromUsedInOperatingActivities,ok,연간 영업이익 YoY 계산 성공,ok,OCF 추출 성공,2026 Q1,3개월,4.2,56.6,-92.6,thstrm_amount,frmtrm_q_amount,CFS,fnlttSinglAcntAll,영업이익(손실),dart_OperatingIncomeLoss,ok,3개월 기준 YoY 계산 성공,피크아웃,-15,-10,밸류트랩의심,-0.27,default,0,58.7,54.7
005610,삼립,,42100,25.9,33.5,14.1,-28.2,6.9,-4.4,-15.3,-21.6,-7.0,-12.4,-17.9,0.66,58600,39400,0,False,False,False,7373,8223,2.3,3.1,3.8,0.9,0,False,False,False,False,-,63.3,-0.0,-0.3,-16.5,-3.4,True,0,강세,-4,0,-1,-3,82.0,31.5,1518.25,,3.0,-121906.0,-121906.0,-121906.0,10,10,1.0,63.3,59.3,005610,00125530,0,0,0,0,,,,,,,,,,,안전,2025.0,387.4,949.7,-59.2,CFS,영업이익,dart_OperatingIncomeLoss,882.4,2578.8,영업활동으로 인한 현금흐름,ifrs-full_CashFlowsFromUsedInOperatingActivities,ok,연간 영업이익 YoY 계산 성공,ok,OCF 추출 성공,2026 Q1,3개월,-43.0,160.6,-126.8,thstrm_amount,frmtrm_q_amount,CFS,fnlttSinglAcntAll,영업이익,dart_OperatingIncomeLoss,ok,3개월 기준 YoY 계산 성공,하락지속,-10,5,현금창출양호,2.28,default,0,58.3,54.3
092780,DYP,,4730,42.0,15.0,-4.9,-53.9,55.8,-6.7,-7.1,-4.3,-5.3,-1.1,10.0,0.87,10250,3035,0,False,False,False,68809,71476,3.0,3.4,3.6,0.96,0,False,False,False,False,-,59.3,-0.4,-0.4,1.6,-0.3,True,0,강세,-4,0,-1,-3,82.0,31.5,1518.25,,3.0,-121906.0,-121906.0,-121906.0,10,10,1.0,59.3,55.3,092780,00117726,0,2,0,0,,[20251031] 유상증자또는주식관련사채등의발행결과(자율공시)               (20251031800476) || [20251023] 주요사항보고서(전환사채권발행결정) (20251023000207),,,,https://dart.fss.or.kr/dsaf001/main.do?rcpNo=20251031800476 || https://dart.fss.or.kr/dsaf001/main.do?rcpNo=20251023000207,,,,20251031800476 || 20251023000207,주의,2025.0,166.6,97.0,71.8,CFS,영업이익(손실),dart_OperatingIncomeLoss,-21.5,182.2,영업활동현금흐름,ifrs-full_CashFlowsFromUsedInOperatingActivities,ok,연간 영업이익 YoY 계산 성공,ok,OCF 추출 성공,2026 Q1,3개월,29.5,17.6,67.9,thstrm_amount,frmtrm_q_amount,CFS,fnlttSinglAcntAll,영업이익(손실),dart_OperatingIncomeLoss,ok,3개월 기준 YoY 계산 성공,성장지속,10,-10,밸류트랩의심,-0.13,default,-1,58.3,54.3
003060,에이프로젠바이오로직스,,2820,39.4,1.7,45.9,-55.7,inf,-20.7,1023.5,759.8,-7.1,104.9,277.0,0.17,6370,0,0,False,False,False,120804,572059,2.8,3.7,24.4,0.21,0,False,False,False,False,-,42.5,-0.7,-0.4,-5.3,-0.5,True,0,강세,-4,0,-1,-3,82.0,31.5,1518.25,,3.0,-121906.0,-121906.0,-121906.0,10,10,1.0,42.5,38.5,003060,00101044,0,9,1,0,,[20260602] [기재정정]주요사항보고서(전환사채권발행결정) (20260602000430) || [20260529] 유상증자또는주식관련사채등의발행결과(자율공시)               (20260529800784) || [20260526] 주요사항보고서(전환사채권발행결정) (20260526000523),[20260223] 매매거래정지및정지해제(중요내용공시)               (20260223801136),,,https://dart.fss.or.kr/dsaf001/main.do?rcpNo=20260602000430 || https://dart.fss.or.kr/dsaf001/main.do?rcpNo=20260529800784 || https://dart.fss.or.kr/dsaf001/main.do?rcpNo=20260526000523,https://dart.fss.or.kr/dsaf001/main.do?rcpNo=20260223801136,,,20260602000430 || 20260529800784 || 20260526000523,주의,2025.0,-603.5,-528.2,-14.3,CFS,영업이익(손실),dart_OperatingIncomeLoss,-382.3,-310.0,영업활동현금흐름,ifrs-full_CashFlowsFromUsedInOperatingActivities,ok,연간 영업이익 YoY 계산 성공,ok,OCF 추출 성공,2026 Q1,3개월,-136.2,-157.4,13.5,thstrm_amount,frmtrm_q_amount,CFS,fnlttSinglAcntAll,영업이익(손실),dart_OperatingIncomeLoss,ok,3개월 기준 YoY 계산 성공,턴어라운드,20,-5,이중적자,,default,0,57.5,53.5
063160,종근당바이오,,16180,14.8,9.4,-1.6,-41.5,1.8,-9.8,-17.6,-23.3,-10.7,-14.1,-22.6,0.58,27650,15890,0,False,False,False,18231,16503,1.6,3.1,3.0,1.1,0,False,False,False,False,-,80.4,-0.9,-0.0,-4.7,-0.3,True,0,강세,-4,0,-1,-3,82.0,31.5,1518.25,,3.0,-121906.0,-121906.0,-121906.0,10,10,1.0,80.4,76.4,063160,00390055,0,0,0,0,,,,,,,,,,,안전,2025.0,36.1,109.5,-67.1,OFS,영업이익,dart_OperatingIncomeLoss,-41.4,140.3,영업활동현금흐름,ifrs-full_CashFlowsFromUsedInOperatingActivities,ok,연간 영업이익 YoY 계산 성공,ok,OCF 추출 성공,2026 Q1,3개월,-17.1,20.9,-181.8,thstrm_amount,frmtrm_q_amount,OFS,fnlttSinglAcntAll,영업이익,dart_OperatingIncomeLoss,ok,3개월 기준 YoY 계산 성공,하락지속,-10,-10,밸류트랩의심,-1.15,default,-3,57.4,53.4
073240,금호타이어,,4800,39.0,34.4,30.8,-37.3,15.7,-2.1,-21.1,-31.2,-5.2,-15.2,-13.7,1.14,7650,4150,0,False,False,False,840799,989537,54.1,39.9,50.7,0.85,10,False,True,True,True,5일선회복/+3%반등/거래량동반양봉,50.4,12.2,-11.5,-62.1,-82.0,True,8,강세,-4,0,-1,-3,82.0,31.5,1518.25,,3.0,-121906.0,-121906.0,-121906.0,10,10,1.0,68.4,64.4,073240,00481454,0,3,0,0,,[20260514] 유상증자결정(종속회사의주요경영사항)               (20260514801419) || [20251203] [기재정정]유상증자결정(종속회사의주요경영사항)               (20251203800541) || [20251202] 유상증자결정(종속회사의주요경영사항)               (20251202800080),,,,https://dart.fss.or.kr/dsaf001/main.do?rcpNo=20260514801419 || https://dart.fss.or.kr/dsaf001/main.do?rcpNo=20251203800541 || https://dart.fss.or.kr/dsaf001/main.do?rcpNo=20251202800080,,,,20260514801419 || 20251203800541 || 20251202800080,주의,2025.0,-1158.4,-1553.1,25.4,CFS,영업외손익,dart_NonOperatingProfitLoss,9153.0,5199.2,영업활동현금흐름,ifrs-full_CashFlowsFromUsedInOperatingActivities,ok,연간 영업이익 YoY 계산 성공,ok,OCF 추출 성공,2026 Q1,3개월,-179.7,-142.1,-26.5,thstrm_amount,frmtrm_q_amount,CFS,fnlttSinglAcntAll,영업외손익,dart_NonOperatingProfitLoss,ok,3개월 기준 YoY 계산 성공,피크아웃,-15,0,회계손실현금유입,,default,4,57.4,53.4
001630,종근당홀딩스,,43000,29.1,4.4,1.3,-27.5,0.6,-6.1,-13.7,-17.5,-7.2,-10.0,-10.6,0.57,59300,42750,0,False,False,False,7343,6168,1.6,3.3,2.9,1.19,-30,True,False,False,False,⚠️떨어지는칼날,72.3,-3.8,-0.5,-9.8,-0.4,True,0,강세,-4,0,-1,-3,82.0,31.5,1518.25,,3.0,-121906.0,-121906.0,-121906.0,10,10,1.0,42.3,38.3,001630,00149354,0,1,0,0,,[20251023] 유상증자또는주식관련사채등의발행결과(자율공시)               (20251023800522),,,,https://dart.fss.or.kr/dsaf001/main.do?rcpNo=20251023800522,,,,20251023800522,주의,2025.0,582.8,354.9,64.2,CFS,영업이익,dart_OperatingIncomeLoss,760.4,239.7,영업활동으로 인한 현금흐름,ifrs-full_CashFlowsFromUsedInOperatingActivities,ok,연간 영업이익 YoY 계산 성공,ok,OCF 추출 성공,2026 Q1,3개월,192.8,119.0,62.0,thstrm_amount,frmtrm_q_amount,CFS,fnlttSinglAcntAll,영업이익,dart_OperatingIncomeLoss,ok,3개월 기준 YoY 계산 성공,성장지속,10,5,현금창출양호,1.3,default,0,57.3,53.3
007860,서연,,8410,42.3,13.0,-4.7,-32.6,8.4,-10.0,-12.8,-26.0,-7.0,-9.5,-12.2,0.95,12470,7760,0,False,False,False,110033,130315,10.7,9.7,11.8,0.84,0,False,False,False,False,-,55.2,5.4,-1.0,14.4,-1.8,True,8,강세,-4,0,-1,-3,82.0,31.5,1518.25,,3.0,-121906.0,-121906.0,-121906.0,10,10,1.0,63.2,59.2,007860,00163114,0,0,0,0,,,,,,,,,,,안전,2025.0,1995.9,2419.4,-17.5,CFS,영업이익,dart_OperatingIncomeLoss,2383.6,3229.9,영업활동현금흐름,ifrs-full_CashFlowsFromUsedInOperatingActivities,ok,연간 영업이익 YoY 계산 성공,ok,OCF 추출 성공,2026 Q1,3개월,524.7,536.2,-2.1,thstrm_amount,frmtrm_q_amount,CFS,fnlttSinglAcntAll,영업이익,dart_OperatingIncomeLoss,ok,3개월 기준 YoY 계산 성공,하락지속,-10,5,현금창출양호,1.19,default,-1,57.2,53.2
111380,동인기연,,13050,45.4,17.4,8.0,-25.2,2.7,-4.4,-10.5,-15.3,-4.2,-6.6,-7.3,0.64,17450,12710,0,False,False,False,16803,16930,1.4,2.2,2.3,0.99,0,False,False,False,False,-,42.2,-3.2,-0.0,-3.3,-0.2,True,0,강세,-4,0,-1,-3,82.0,31.5,1518.25,,3.0,-121906.0,-121906.0,-121906.0,10,10,1.0,42.2,38.2,111380,00367710,0,0,0,0,,,,,,,,,,,안전,2025.0,225.9,211.2,7.0,CFS,영업이익(손실),dart_OperatingIncomeLoss,208.5,-10.6,영업활동현금흐름,ifrs-full_CashFlowsFromUsedInOperatingActivities,ok,연간 영업이익 YoY 계산 성공,ok,OCF 추출 성공,2026 Q1,3개월,64.7,42.0,54.1,thstrm_amount,frmtrm_q_amount,CFS,fnlttSinglAcntAll,영업이익(손실),dart_OperatingIncomeLoss,ok,3개월 기준 YoY 계산 성공,성장지속,10,5,현금창출양호,0.92,default,0,57.2,53.2
101530,해태제과식품,,5840,41.2,7.1,-6.4,-34.4,1.4,-8.0,-10.3,-14.4,-8.0,-9.1,-12.1,0.71,8900,5760,0,False,False,False,86556,87925,3.8,5.3,5.6,0.98,0,False,False,False,False,-,57.1,-2.9,2.9,-8.4,15.9,True,8,강세,-4,0,-1,-3,82.0,31.5,1518.25,,3.0,-121906.0,-121906.0,-121906.0,10,10,1.0,65.1,61.1,101530,00428321,0,0,0,0,,,,,,,,,,,안전,2025.0,423.3,490.7,-13.7,CFS,영업이익,dart_OperatingIncomeLoss,530.2,803.5,영업활동으로 인한 현금흐름,ifrs-full_CashFlowsFromUsedInOperatingActivities,ok,연간 영업이익 YoY 계산 성공,ok,OCF 추출 성공,2026 Q1,3개월,106.8,134.7,-20.7,thstrm_amount,frmtrm_q_amount,CFS,fnlttSinglAcntAll,영업이익,dart_OperatingIncomeLoss,ok,3개월 기준 YoY 계산 성공,하락지속,-10,5,현금창출양호,1.25,default,-3,57.1,53.1
017390,서울가스,,56800,30.3,18.2,12.4,-32.5,5.4,-5.2,-12.2,-16.0,-6.1,-8.9,-11.0,0.4,84200,53900,0,False,False,False,9389,9596,2.2,5.3,5.8,0.98,0,False,False,False,False,-,66.6,-7.2,-1.3,-3.5,-4.4,True,0,강세,-4,0,-1,-3,82.0,31.5,1518.25,,3.0,-121906.0,-121906.0,-121906.0,10,10,1.0,66.6,62.6,017390,00130684,0,0,0,0,,,,,,,,,,,안전,2025.0,174.1,-102.9,269.2,CFS,영업이익(손실),dart_OperatingIncomeLoss,827.2,239.3,영업활동현금흐름,ifrs-full_CashFlowsFromUsedInOperatingActivities,ok,연간 영업이익 YoY 계산 성공,ok,OCF 추출 성공,2026 Q1,3개월,220.4,248.5,-11.3,thstrm_amount,frmtrm_q_amount,CFS,fnlttSinglAcntAll,영업이익(손실),dart_OperatingIncomeLoss,ok,3개월 기준 YoY 계산 성공,피크아웃,-15,5,현금창출양호,4.75,default,0,56.6,52.6
377740,바이오노트,,4770,44.8,24.4,-3.3,-24.5,3.1,-5.5,-7.0,-15.1,-4.2,-6.1,-12.9,0.88,6320,4625,0,False,False,False,89685,95844,4.1,4.4,4.8,0.94,0,False,False,False,False,-,42.5,-2.5,-0.3,-6.2,-1.0,True,0,강세,-4,0,-1,-3,82.0,31.5,1518.25,,3.0,-121906.0,-121906.0,-121906.0,10,10,1.0,42.5,38.5,377740,00622787,0,0,0,0,,,,,,,,,,,안전,2025.0,167.1,122.2,36.8,CFS,영업이익,dart_OperatingIncomeLoss,143.8,579.2,영업활동으로 인한 현금흐름,ifrs-full_CashFlowsFromUsedInOperatingActivities,ok,연간 영업이익 YoY 계산 성공,ok,OCF 추출 성공,2026 Q1,3개월,63.5,46.9,35.2,thstrm_amount,frmtrm_q_amount,CFS,fnlttSinglAcntAll,영업이익,dart_OperatingIncomeLoss,ok,3개월 기준 YoY 계산 성공,성장지속,10,5,현금창출양호,0.86,default,-1,56.5,52.5
016740,두올,,4585,38.7,27.2,7.8,-15.4,45.8,-6.6,-11.5,-0.3,-4.7,-3.0,12.4,0.41,5420,3145,0,False,False,False,136719,280490,5.0,6.3,13.6,0.49,0,False,False,False,False,-,46.4,-6.9,4.3,-16.7,34.9,True,8,강세,-4,0,-1,-3,82.0,31.5,1518.25,,3.0,-121906.0,-121906.0,-121906.0,10,10,1.0,54.4,50.4,016740,00119672,0,0,0,0,,,,,,,,,,,안전,2025.0,486.0,429.2,13.2,CFS,영업이익(손실),dart_OperatingIncomeLoss,506.5,539.3,영업활동현금흐름,ifrs-full_CashFlowsFromUsedInOperatingActivities,ok,연간 영업이익 YoY 계산 성공,ok,OCF 추출 성공,2026 Q1,3개월,60.0,170.8,-64.9,thstrm_amount,frmtrm_q_amount,CFS,fnlttSinglAcntAll,영업이익(손실),dart_OperatingIncomeLoss,ok,3개월 기준 YoY 계산 성공,관망,0,5,현금창출양호,1.04,default,-3,56.4,52.4
033250,체시스,,4190,38.9,49.3,40.3,-50.2,9.1,0.7,-16.1,-18.0,-2.8,-10.2,-18.3,1.16,8410,3840,0,False,False,False,27989,41569,2.1,1.2,1.8,0.67,10,False,True,True,True,5일선회복/+3%반등/거래량동반양봉,49.4,-0.6,-0.0,0.1,-1.0,True,0,강세,-4,0,-1,-3,82.0,31.5,1518.25,,3.0,-121906.0,-121906.0,-121906.0,10,10,1.0,59.4,55.4,033250,00125576,0,2,0,0,,[20260316] [기재정정]주식병합결정               (20260316802756) || [20260316] 주식병합결정               (20260316801249),,,,https://dart.fss.or.kr/dsaf001/main.do?rcpNo=20260316802756 || https://dart.fss.or.kr/dsaf001/main.do?rcpNo=20260316801249,,,,20260316802756 || 20260316801249,주의,2025.0,75.3,46.8,61.0,CFS,영업이익(손실),dart_OperatingIncomeLoss,73.4,100.8,영업활동현금흐름,ifrs-full_CashFlowsFromUsedInOperatingActivities,ok,연간 영업이익 YoY 계산 성공,ok,OCF 추출 성공,2026 Q1,3개월,14.4,24.5,-41.2,thstrm_amount,frmtrm_q_amount,CFS,fnlttSinglAcntAll,영업이익(손실),dart_OperatingIncomeLoss,ok,3개월 기준 YoY 계산 성공,피크아웃,-15,5,현금창출양호,0.97,default,7,56.4,52.4
031440,신세계푸드,,43050,35.4,13.9,19.3,-26.8,30.9,-8.0,-18.5,-17.1,-11.9,-12.8,-3.3,0.21,58800,32900,0,False,False,False,9418,21377,2.0,4.1,10.5,0.44,0,False,False,False,False,-,58.2,-1.3,0.3,-12.3,-16.9,True,8,강세,-4,0,-1,-3,82.0,31.5,1518.25,,3.0,-121906.0,-121906.0,-121906.0,10,10,1.0,66.2,62.2,031440,00274933,0,0,2,0,,,[20260310] 매매거래정지및정지해제(중요내용공시)               (20260310801616) || [20250828] 매매거래정지및정지해제(중요내용공시)               (20250828800503),,,,https://dart.fss.or.kr/dsaf001/main.do?rcpNo=20260310801616 || https://dart.fss.or.kr/dsaf001/main.do?rcpNo=20250828800503,,,,안전,2025.0,47.7,1.0,4475.7,CFS,영업이익,dart_OperatingIncomeLoss,635.0,989.0,영업활동현금흐름,ifrs-full_CashFlowsFromUsedInOperatingActivities,ok,연간 영업이익 YoY 계산 성공,ok,OCF 추출 성공,2026 Q1,3개월,34.5,43.3,-20.3,thstrm_amount,frmtrm_q_amount,CFS,fnlttSinglAcntAll,영업이익,dart_OperatingIncomeLoss,ok,3개월 기준 YoY 계산 성공,피크아웃,-15,5,현금창출양호,13.31,default,0,56.2,52.2
006260,LS,,425500,38.9,2.7,-9.1,-29.6,196.1,-23.1,1.7,49.6,-16.1,8.3,70.1,0.9,604000,143700,0,False,False,False,347235,325351,1234.1,1604.0,1635.8,1.07,0,False,False,False,False,-,53.5,1555.2,-1923.6,-75.2,-1156.1,True,3,강세,-4,0,-1,-3,82.0,31.5,1518.25,,3.0,-121906.0,-121906.0,-121906.0,10,10,1.0,56.5,52.5,006260,00105952,0,2,0,0,,[20260310] 유상증자결정(자회사의 주요경영사항)               (20260310801881) || [20251030] 유상증자결정(자회사의 주요경영사항)               (20251030800758),,,,https://dart.fss.or.kr/dsaf001/main.do?rcpNo=20260310801881 || https://dart.fss.or.kr/dsaf001/main.do?rcpNo=20251030800758,,,,20260310801881 || 20251030800758,주의,2025.0,10525.5,10729.4,-1.9,CFS,영업이익(손실),dart_OperatingIncomeLoss,2063.3,8580.7,영업활동으로 인한 현금흐름,ifrs-full_CashFlowsFromUsedInOperatingActivities,ok,연간 영업이익 YoY 계산 성공,ok,OCF 추출 성공,2026 Q1,3개월,4760.9,3045.1,56.3,thstrm_amount,frmtrm_q_amount,CFS,fnlttSinglAcntAll,영업이익(손실),dart_OperatingIncomeLoss,ok,3개월 기준 YoY 계산 성공,관망,0,-3,현금창출약함,0.2,default,2,55.5,51.5
006370,대구백화점,,4805,34.3,20.7,14.1,-39.0,15.1,-10.9,-15.1,-1.3,-9.1,-12.5,-16.3,0.54,7880,4175,0,False,False,False,45938,51956,1.4,2.3,2.8,0.88,0,False,False,False,False,-,63.4,-2.4,-0.0,-1.7,-0.3,True,0,강세,-4,0,-1,-3,82.0,31.5,1518.25,,3.0,-121906.0,-121906.0,-121906.0,10,10,1.0,63.4,59.4,006370,00108977,0,0,0,0,,,,,,,,,,,안전,2025.0,-149.7,-150.0,0.2,CFS,영업이익(손실),dart_OperatingIncomeLoss,-267.8,-283.9,영업활동현금흐름,ifrs-full_CashFlowsFromUsedInOperatingActivities,ok,연간 영업이익 YoY 계산 성공,ok,OCF 추출 성공,2026 Q1,3개월,-37.7,-38.2,1.3,thstrm_amount,frmtrm_q_amount,CFS,fnlttSinglAcntAll,영업이익(손실),dart_OperatingIncomeLoss,ok,3개월 기준 YoY 계산 성공,관망,0,-5,이중적자,,default,-3,55.4,51.4
102460,이연제약,,9990,37.5,8.6,3.1,-30.8,4.3,-14.4,-10.8,-9.2,-10.7,-6.6,-9.4,0.44,14430,9580,0,False,False,False,114602,187670,8.6,12.2,21.3,0.61,0,False,False,False,False,-,60.2,0.6,-0.0,-5.0,-0.4,True,8,강세,-4,0,-1,-3,82.0,31.5,1518.25,,3.0,-121906.0,-121906.0,-121906.0,10,10,1.0,68.2,64.2,102460,00145598,0,0,0,0,,,,,,,,,,,안전,2025.0,-302.7,0.8,-38289.4,CFS,영업이익(손실),dart_OperatingIncomeLoss,14.6,-14.4,영업활동으로 인한 현금흐름,ifrs-full_CashFlowsFromUsedInOperatingActivities,ok,연간 영업이익 YoY 계산 성공,ok,OCF 추출 성공,2026 Q1,3개월,-66.6,-38.1,-74.9,thstrm_amount,frmtrm_q_amount,CFS,fnlttSinglAcntAll,영업이익(손실),dart_OperatingIncomeLoss,ok,3개월 기준 YoY 계산 성공,하락지속,-10,0,회계손실현금유입,,default,-3,55.2,51.2
272450,진에어,,5700,37.3,3.2,-2.2,-41.5,0.7,-8.2,-10.9,-19.4,-7.4,-9.5,-19.8,0.91,9740,5660,0,False,False,False,201968,306152,16.2,12.0,18.6,0.66,0,False,False,False,False,-,66.1,-3.4,-0.4,-16.0,-5.1,True,0,강세,-4,0,-1,-3,82.0,31.5,1518.25,,3.0,-121906.0,-121906.0,-121906.0,10,10,1.0,66.1,62.1,272450,00653024,0,0,0,0,,,,,,,,,,,안전,2025.0,-191.6,1631.1,-111.7,OFS,영업이익(손실),dart_OperatingIncomeLoss,798.1,3290.1,영업활동으로 인한 현금흐름,ifrs-full_CashFlowsFromUsedInOperatingActivities,ok,연간 영업이익 YoY 계산 성공,ok,OCF 추출 성공,2026 Q1,3개월,576.1,582.7,-1.1,thstrm_amount,frmtrm_q_amount,OFS,fnlttSinglAcntAll,영업이익,dart_OperatingIncomeLoss,ok,3개월 기준 YoY 계산 성공,하락지속,-10,0,회계손실현금유입,,default,-1,55.1,51.1
009180,한솔로지스틱스,,2725,21.5,12.5,11.7,-27.3,25.6,-8.4,-14.7,-5.5,-11.6,-11.5,-5.9,0.71,3750,2170,0,False,False,False,149008,205015,4.1,4.2,6.5,0.73,0,False,False,False,False,-,68.0,-1.7,-0.0,-5.0,-4.0,True,0,강세,-4,0,-1,-3,82.0,31.5,1518.25,,3.0,-121906.0,-121906.0,-121906.0,10,10,1.0,68.0,64.0,009180,00140946,0,0,0,0,,,,,,,,,,,안전,2025.0,206.9,167.8,23.3,CFS,영업이익,dart_OperatingIncomeLoss,319.7,202.1,영업활동현금흐름,ifrs-full_CashFlowsFromUsedInOperatingActivities,ok,연간 영업이익 YoY 계산 성공,ok,OCF 추출 성공,2026 Q1,3개월,45.0,56.9,-21.0,thstrm_amount,frmtrm_q_amount,CFS,fnlttSinglAcntAll,영업이익,dart_OperatingIncomeLoss,ok,3개월 기준 YoY 계산 성공,피크아웃,-15,5,현금창출양호,1.55,default,-3,55.0,51.0
002920,유성기업,,1723,36.2,40.9,3.3,-33.5,5.1,-4.3,-11.9,-24.1,-4.7,-7.7,-16.1,1.45,2590,1640,0,False,False,False,82336,63088,1.6,1.4,1.1,1.31,4,False,False,False,True,거래량동반양봉,61.0,-0.7,-0.0,-1.5,-0.2,True,0,강세,-4,0,-1,-3,82.0,31.5,1518.25,,3.0,-121906.0,-121906.0,-121906.0,10,10,1.0,65.0,61.0,002920,00174004,0,0,0,0,,,,,,,,,,,안전,2025.0,-300.2,-4.7,-6237.8,CFS,영업이익(손실),dart_OperatingIncomeLoss,198.2,371.9,영업활동현금흐름,ifrs-full_CashFlowsFromUsedInOperatingActivities,ok,연간 영업이익 YoY 계산 성공,ok,OCF 추출 성공,2026 Q1,3개월,-34.3,-4.8,-616.6,thstrm_amount,frmtrm_q_amount,CFS,fnlttSinglAcntAll,영업이익(손실),dart_OperatingIncomeLoss,ok,3개월 기준 YoY 계산 성공,하락지속,-10,0,회계손실현금유입,,default,0,55.0,51.0
089860,롯데렌탈,,30900,36.4,12.5,12.2,-13.7,9.2,-1.9,-7.6,-8.4,-3.1,-3.7,-0.7,1.54,35800,28300,0,False,False,False,62026,60454,28.9,19.3,19.3,1.03,0,False,False,False,False,-,51.9,7.1,-6.7,-24.2,24.9,True,3,강세,-4,0,-1,-3,82.0,31.5,1518.25,,3.0,-121906.0,-121906.0,-121906.0,10,10,1.0,54.9,50.9,089860,00545716,0,1,0,0,,[20260521] [기재정정]주요사항보고서(유상증자결정) (20260521000766),,,,https://dart.fss.or.kr/dsaf001/main.do?rcpNo=20260521000766,,,,20260521000766,주의,2025.0,3125.0,2848.1,9.7,CFS,영업이익,dart_OperatingIncomeLoss,-5126.4,3255.2,영업활동으로 인한 현금흐름,ifrs-full_CashFlowsFromUsedInOperatingActivities,ok,연간 영업이익 YoY 계산 성공,ok,OCF 추출 성공,2026 Q1,3개월,836.3,669.9,24.8,thstrm_amount,frmtrm_q_amount,CFS,fnlttSinglAcntAll,영업이익,dart_OperatingIncomeLoss,ok,3개월 기준 YoY 계산 성공,성장지속,10,-10,밸류트랩의심,-1.64,default,0,54.9,50.9
024070,WISCOM,,1888,30.6,29.3,25.6,-41.0,14.2,-9.0,-22.5,-5.6,-12.4,-11.0,-4.1,0.35,3200,1653,0,False,False,False,85131,226602,1.6,1.6,5.7,0.38,3,False,True,False,False,5일선회복,66.7,-0.6,-0.8,2.2,-1.1,True,0,강세,-4,0,-1,-3,82.0,31.5,1518.25,,3.0,-121906.0,-121906.0,-121906.0,10,10,1.0,69.7,65.7,024070,00142865,0,0,0,0,,,,,,,,,,,안전,2025.0,-7.0,-88.6,92.1,CFS,영업이익(손실),dart_OperatingIncomeLoss,9.7,26.9,영업활동으로 인한 현금흐름,ifrs-full_CashFlowsFromUsedInOperatingActivities,ok,연간 영업이익 YoY 계산 성공,ok,OCF 추출 성공,2026 Q1,3개월,-12.3,-7.5,-63.2,thstrm_amount,frmtrm_q_amount,CFS,fnlttSinglAcntAll,영업이익(손실),dart_OperatingIncomeLoss,ok,3개월 기준 YoY 계산 성공,피크아웃,-15,0,회계손실현금유입,,default,0,54.7,50.7
079430,현대리바트,,6420,33.8,23.4,20.8,-31.0,7.4,-4.6,-18.2,-15.1,-8.7,-10.5,-7.5,0.32,9300,5980,0,False,False,False,104351,336996,7.2,6.8,25.7,0.31,0,False,False,False,False,-,59.1,-3.7,-0.0,-10.9,-0.1,True,0,강세,-4,0,-1,-3,82.0,31.5,1518.25,,3.0,-121906.0,-121906.0,-121906.0,10,10,1.0,59.1,55.1,079430,00300548,0,0,0,0,,,,,,,,,,,안전,2025.0,157.2,240.4,-34.6,CFS,영업이익(손실),dart_OperatingIncomeLoss,379.5,405.8,영업활동현금흐름,ifrs-full_CashFlowsFromUsedInOperatingActivities,ok,연간 영업이익 YoY 계산 성공,ok,OCF 추출 성공,2026 Q1,3개월,10.5,95.1,-88.9,thstrm_amount,frmtrm_q_amount,CFS,fnlttSinglAcntAll,영업이익(손실),dart_OperatingIncomeLoss,ok,3개월 기준 YoY 계산 성공,하락지속,-10,5,현금창출양호,2.41,default,0,54.1,50.1
035250,강원랜드,,15040,35.0,14.6,17.1,-27.3,1.8,-3.4,-12.6,-21.0,-4.6,-9.5,-14.7,0.8,20700,14780,0,False,False,False,736269,758489,93.2,111.1,120.4,0.97,0,False,False,False,False,-,56.7,-17.0,-70.8,-435.6,-136.8,True,0,강세,-4,0,-1,-3,82.0,31.5,1518.25,,3.0,-121906.0,-121906.0,-121906.0,10,10,1.0,56.7,52.7,035250,00255619,0,0,0,0,,,,,,,,,,,안전,2025.0,2353.1,2857.9,-17.7,CFS,영업이익(손실),dart_OperatingIncomeLoss,2944.7,4870.5,영업활동현금흐름,ifrs-full_CashFlowsFromUsedInOperatingActivities,ok,연간 영업이익 YoY 계산 성공,ok,OCF 추출 성공,2026 Q1,3개월,689.1,742.6,-7.2,thstrm_amount,frmtrm_q_amount,CFS,fnlttSinglAcntAll,영업이익,dart_OperatingIncomeLoss,ok,3개월 기준 YoY 계산 성공,하락지속,-10,5,현금창출양호,1.25,default,2,53.7,49.7
011780,금호석유화학,,128100,39.6,5.5,6.9,-21.1,24.6,-14.4,-14.7,-16.5,-8.6,-4.8,2.9,0.57,162300,102800,0,False,False,False,100372,136775,98.2,134.1,195.0,0.73,0,False,False,False,False,-,53.6,56.2,-158.8,648.6,-270.9,True,8,강세,-4,0,-1,-3,82.0,31.5,1518.25,,3.0,-121906.0,-121906.0,-121906.0,10,10,1.0,61.6,57.6,011780,00106368,0,0,0,0,,,,,,,,,,,안전,2025.0,2718.3,2728.0,-0.4,CFS,영업이익,dart_OperatingIncomeLoss,7153.1,3223.3,영업활동으로 인한 현금흐름,ifrs-full_CashFlowsFromUsedInOperatingActivities,ok,연간 영업이익 YoY 계산 성공,ok,OCF 추출 성공,2026 Q1,3개월,594.0,1206.1,-50.7,thstrm_amount,frmtrm_q_amount,CFS,fnlttSinglAcntAll,영업이익,dart_OperatingIncomeLoss,ok,3개월 기준 YoY 계산 성공,하락지속,-10,5,현금창출양호,2.63,default,-3,53.6,49.6
489790,한화비전,,67700,33.5,15.7,26.4,-30.8,89.9,-6.2,-17.1,-20.7,-9.3,-12.8,11.7,0.84,97900,35650,0,False,False,False,614758,778108,405.8,422.1,606.2,0.79,3,False,False,True,False,+3%반등,58.6,231.7,-310.8,222.7,-726.5,True,8,강세,-4,0,-1,-3,82.0,31.5,1518.25,,3.0,-121906.0,-121906.0,-121906.0,10,10,1.0,69.6,65.6,489790,01867758,0,1,0,0,,[20260429] 유상증자결정(종속회사의주요경영사항)               (20260429800532),,,,https://dart.fss.or.kr/dsaf001/main.do?rcpNo=20260429800532,,,,20260429800532,주의,2025.0,1622.7,54.7,2868.6,CFS,영업이익(손실),dart_OperatingIncomeLoss,56.8,568.5,영업활동으로 인한 현금흐름,ifrs-full_CashFlowsFromUsedInOperatingActivities,ok,연간 영업이익 YoY 계산 성공,ok,OCF 추출 성공,2026 Q1,3개월,220.9,494.5,-55.3,thstrm_amount,frmtrm_q_amount,CFS,fnlttSinglAcntAll,영업이익(손실),dart_OperatingIncomeLoss,ok,3개월 기준 YoY 계산 성공,피크아웃,-15,-3,현금창출약함,0.04,default,2,53.6,49.6
002620,제일파마홀딩스,,7390,25.7,5.1,-14.9,-25.5,1.1,-13.4,-18.8,-17.7,-12.3,-13.6,-12.2,0.62,9920,7310,0,False,False,False,13074,15156,0.7,1.0,1.3,0.86,0,False,False,False,False,-,74.6,-0.7,-0.5,-1.4,-1.1,True,0,강세,-4,0,-1,-3,82.0,31.5,1518.25,,3.0,-121906.0,-121906.0,-121906.0,10,10,1.0,74.6,70.6,002620,00148443,0,0,0,0,,,,,,,,,,,안전,2025.0,386.9,-115.6,434.7,CFS,영업이익(손실),dart_OperatingIncomeLoss,3.9,45.4,영업활동현금흐름,ifrs-full_CashFlowsFromUsedInOperatingActivities,ok,연간 영업이익 YoY 계산 성공,ok,OCF 추출 성공,2026 Q1,3개월,35.6,71.2,-50.0,thstrm_amount,frmtrm_q_amount,CFS,fnlttSinglAcntAll,영업이익(손실),dart_OperatingIncomeLoss,ok,3개월 기준 YoY 계산 성공,피크아웃,-15,-3,현금창출약함,0.01,default,-3,53.6,49.6
013700,까뮤이앤씨,,1199,48.1,14.6,6.5,-26.7,20.3,-11.5,-13.4,-9.2,-8.2,-9.4,-0.9,0.68,1636,997,0,False,False,False,180951,339219,2.9,2.3,4.6,0.53,0,False,False,False,False,-,41.5,-2.0,-0.0,1.1,0.2,True,0,강세,-4,0,-1,-3,82.0,31.5,1518.25,,3.0,-121906.0,-121906.0,-121906.0,10,10,1.0,41.5,37.5,013700,00129420,0,0,0,0,,,,,,,,,,,안전,2025.0,238.5,-181.0,231.8,CFS,영업이익(손실),dart_OperatingIncomeLoss,258.4,-649.4,영업활동현금흐름,ifrs-full_CashFlowsFromUsedInOperatingActivities,ok,연간 영업이익 YoY 계산 성공,ok,OCF 추출 성공,2026 Q1,3개월,110.4,36.5,202.4,thstrm_amount,frmtrm_q_amount,CFS,fnlttSinglAcntAll,영업이익(손실),dart_OperatingIncomeLoss,ok,3개월 기준 YoY 계산 성공,성장지속,10,5,현금창출양호,1.08,default,-3,53.5,49.5
017860,DS단석,,16030,28.4,1.4,13.0,-44.7,3.5,-17.1,-33.9,-16.2,-18.3,-21.1,-20.3,0.52,28966,15490,0,False,False,False,143356,230421,18.8,25.5,48.3,0.62,-30,True,False,False,False,⚠️떨어지는칼날,82.7,-17.0,1.3,20.0,-7.3,True,8,강세,-4,0,-1,-3,82.0,31.5,1518.25,,3.0,-121906.0,-121906.0,-121906.0,10,10,1.0,60.7,56.7,017860,00108612,0,2,0,0,,[20260528] 유상증자또는주식관련사채등의발행결과(자율공시)               (20260528801017) || [20260520] 주요사항보고서(전환사채권발행결정) (20260520000164),,,,https://dart.fss.or.kr/dsaf001/main.do?rcpNo=20260528801017 || https://dart.fss.or.kr/dsaf001/main.do?rcpNo=20260520000164,,,,20260528801017 || 20260520000164,주의,2025.0,79.8,121.9,-34.5,CFS,영업이익(손실),dart_OperatingIncomeLoss,190.2,476.6,영업활동현금흐름,ifrs-full_CashFlowsFromUsedInOperatingActivities,ok,연간 영업이익 YoY 계산 성공,ok,OCF 추출 성공,2026 Q1,3개월,44.0,89.9,-51.1,thstrm_amount,frmtrm_q_amount,CFS,fnlttSinglAcntAll,영업이익(손실),dart_OperatingIncomeLoss,ok,3개월 기준 YoY 계산 성공,하락지속,-10,5,현금창출양호,2.38,default,-3,52.7,48.7
001770,SHD,,13320,14.0,11.3,-5.6,-32.9,3.2,-13.3,-20.9,-24.4,-15.0,-18.7,-23.4,1.06,19840,12910,0,False,False,False,2119,2016,0.3,0.3,0.3,1.05,0,False,False,False,False,-,78.6,0.0,-0.0,-0.1,-0.0,True,0,강세,-4,0,-1,-3,82.0,31.5,1518.25,,3.0,-121906.0,-121906.0,-121906.0,10,10,1.0,78.6,74.6,001770,00137809,0,0,0,0,,,,,,,,,,,안전,2025.0,27.4,-40.3,168.0,OFS,영업이익(손실),dart_OperatingIncomeLoss,-58.1,36.0,영업활동현금흐름,ifrs-full_CashFlowsFromUsedInOperatingActivities,ok,연간 영업이익 YoY 계산 성공,ok,OCF 추출 성공,2026 Q1,3개월,-1.6,7.5,-121.3,thstrm_amount,frmtrm_q_amount,OFS,fnlttSinglAcntAll,영업이익(손실),dart_OperatingIncomeLoss,ok,3개월 기준 YoY 계산 성공,피크아웃,-15,-10,밸류트랩의심,-2.12,default,-1,52.6,48.6
071840,롯데하이마트,,6590,36.7,8.6,14.4,-34.9,1.1,-5.7,-18.6,-23.3,-6.9,-13.4,-16.0,0.4,10120,6520,0,False,False,False,31733,56981,1.6,2.1,4.1,0.56,0,False,False,False,False,-,62.5,-1.2,-0.1,-8.7,-2.3,True,0,강세,-4,0,-1,-3,82.0,31.5,1518.25,,3.0,-121906.0,-121906.0,-121906.0,10,10,1.0,62.5,58.5,071840,00158307,0,0,0,0,,,,,,,,,,,안전,2025.0,96.4,17.2,460.2,OFS,영업이익,dart_OperatingIncomeLoss,1565.5,1094.9,영업활동현금흐름,ifrs-full_CashFlowsFromUsedInOperatingActivities,ok,연간 영업이익 YoY 계산 성공,ok,OCF 추출 성공,2026 Q1,3개월,-147.8,-110.6,-33.6,thstrm_amount,frmtrm_q_amount,OFS,fnlttSinglAcntAll,영업이익(손실),dart_OperatingIncomeLoss,ok,3개월 기준 YoY 계산 성공,피크아웃,-15,5,현금창출양호,16.24,default,0,52.5,48.5
005720,넥센,,6100,30.6,0.0,-13.5,-24.6,22.9,-11.5,-16.9,-12.0,-10.8,-10.4,-2.1,0.63,8090,4965,0,False,False,False,49717,54431,2.1,3.2,3.7,0.91,-30,True,False,False,False,⚠️떨어지는칼날,72.4,-3.9,0.8,-0.8,5.1,True,8,강세,-4,0,-1,-3,82.0,31.5,1518.25,,3.0,-121906.0,-121906.0,-121906.0,10,10,1.0,50.400000000000006,46.400000000000006,005720,00167192,0,1,0,0,,[20250930] 유상증자또는주식관련사채등의발행결과(자율공시)               (20250930800630),,,,https://dart.fss.or.kr/dsaf001/main.do?rcpNo=20250930800630,,,,20250930800630,주의,2025.0,2042.1,2096.6,-2.6,CFS,영업이익,dart_OperatingIncomeLoss,3604.1,2929.7,영업활동현금흐름,ifrs-full_CashFlowsFromUsedInOperatingActivities,ok,연간 영업이익 YoY 계산 성공,ok,OCF 추출 성공,2026 Q1,3개월,676.2,488.8,38.3,thstrm_amount,frmtrm_q_amount,CFS,fnlttSinglAcntAll,영업이익,dart_OperatingIncomeLoss,ok,3개월 기준 YoY 계산 성공,관망,0,5,현금창출양호,1.76,default,-3,52.4,48.4
004450,삼화왕관,,25100,9.7,3.8,-4.5,-39.8,0.4,-7.2,-14.2,-16.3,-7.5,-9.4,-18.2,1.06,41700,25000,0,False,False,False,797,829,0.2,0.2,0.2,0.96,-30,True,False,False,False,⚠️떨어지는칼날,78.3,-0.1,0.0,-0.2,0.1,True,0,강세,-4,0,-1,-3,82.0,31.5,1518.25,,3.0,-121906.0,-121906.0,-121906.0,10,10,1.0,48.3,44.3,004450,00129235,0,0,0,0,,,,,,,,,,,안전,2025.0,67.6,106.3,-36.4,CFS,영업이익,dart_OperatingIncomeLoss,134.2,171.6,영업활동으로 인한 현금흐름,ifrs-full_CashFlowsFromUsedInOperatingActivities,ok,연간 영업이익 YoY 계산 성공,ok,OCF 추출 성공,2026 Q1,3개월,17.7,16.5,7.4,thstrm_amount,frmtrm_q_amount,CFS,fnlttSinglAcntAll,영업이익,dart_OperatingIncomeLoss,ok,3개월 기준 YoY 계산 성공,관망,0,5,현금창출양호,1.99,default,-1,52.3,48.3
002100,경농,,9000,17.0,10.7,20.1,-24.4,5.3,-3.2,-11.4,-6.5,-6.4,-7.5,-5.6,0.35,11900,8550,0,False,False,False,58714,133418,3.4,5.3,13.4,0.44,0,False,False,False,False,-,62.2,-5.6,-2.0,-24.9,12.5,True,0,강세,-4,0,-1,-3,82.0,31.5,1518.25,,3.0,-121906.0,-121906.0,-121906.0,10,10,1.0,62.2,58.2,002100,00101433,0,0,0,0,,,,,,,,,,,안전,2025.0,287.0,267.2,7.4,CFS,영업이익,dart_OperatingIncomeLoss,-77.3,270.3,영업활동으로 인한 현금흐름,ifrs-full_CashFlowsFromUsedInOperatingActivities,ok,연간 영업이익 YoY 계산 성공,ok,OCF 추출 성공,2026 Q1,3개월,323.4,336.1,-3.8,thstrm_amount,frmtrm_q_amount,CFS,fnlttSinglAcntAll,영업이익,dart_OperatingIncomeLoss,ok,3개월 기준 YoY 계산 성공,관망,0,-10,밸류트랩의심,-0.27,default,0,52.2,48.2
007610,선도전기,,6750,22.1,0.0,8.1,-59.3,inf,-32.6,3.8,125.0,-34.3,10.9,79.0,0.11,16590,0,0,False,False,False,1175211,6228173,48.8,92.6,759.6,0.19,-30,True,False,False,False,⚠️떨어지는칼날,71.8,17.0,0.1,-42.6,-9.0,True,10,강세,-4,0,-1,-3,82.0,31.5,1518.25,,3.0,-121906.0,-121906.0,-121906.0,10,10,1.0,51.8,47.8,007610,00131939,0,0,0,0,,,,,,,,,,,안전,2025.0,12.5,-57.5,121.7,CFS,영업이익(손실),dart_OperatingIncomeLoss,-17.9,-92.7,영업활동현금흐름,ifrs-full_CashFlowsFromUsedInOperatingActivities,ok,연간 영업이익 YoY 계산 성공,ok,OCF 추출 성공,2026 Q1,3개월,-5.0,-11.7,57.7,thstrm_amount,frmtrm_q_amount,CFS,fnlttSinglAcntAll,영업이익(손실),dart_OperatingIncomeLoss,ok,3개월 기준 YoY 계산 성공,성장지속,10,-10,밸류트랩의심,-1.43,default,0,51.8,47.8
170900,동아에스티,,38600,33.2,8.5,-0.7,-31.6,1.0,-7.0,-13.8,-22.6,-6.9,-11.0,-17.2,0.75,56460,38200,0,False,False,False,24162,22280,6.6,9.7,9.3,1.08,-30,True,False,False,False,⚠️떨어지는칼날,69.7,-1.2,-0.4,-21.9,-1.6,True,0,강세,-4,0,-1,-3,82.0,31.5,1518.25,,3.0,-121906.0,-121906.0,-121906.0,10,10,1.0,39.7,35.7,170900,00956930,0,0,0,0,,,,,,,,,,,안전,2025.0,6.2,-250.0,102.5,CFS,영업이익(손실),dart_OperatingIncomeLoss,277.8,-117.9,영업활동으로 인한 현금흐름,ifrs-full_CashFlowsFromUsedInOperatingActivities,ok,연간 영업이익 YoY 계산 성공,ok,OCF 추출 성공,2026 Q1,3개월,77.6,-48.1,261.3,thstrm_amount,frmtrm_q_amount,CFS,fnlttSinglAcntAll,영업이익(손실),dart_OperatingIncomeLoss,ok,3개월 기준 YoY 계산 성공,성장지속,10,5,현금창출양호,44.81,default,-3,51.7,47.7
004830,덕성,,3950,37.7,51.6,28.3,-44.3,11.4,-2.2,-21.2,-20.1,-5.6,-11.4,-20.0,1.43,7090,3545,5,True,False,False,222770,154471,8.9,8.8,6.5,1.44,0,False,False,False,False,-,57.6,-2.5,-0.1,-13.4,-0.2,True,0,강세,-4,0,-1,-3,82.0,31.5,1518.25,,3.0,-121906.0,-121906.0,-121906.0,10,10,1.0,62.6,58.6,004830,00114093,0,1,0,0,,[20250930] 유상증자또는주식관련사채등의발행결과(자율공시)               (20250930800828),,,,https://dart.fss.or.kr/dsaf001/main.do?rcpNo=20250930800828,,,,20250930800828,주의,2025.0,62.4,89.1,-30.0,CFS,영업이익,dart_OperatingIncomeLoss,10.8,80.2,영업활동현금흐름,ifrs-full_CashFlowsFromUsedInOperatingActivities,ok,연간 영업이익 YoY 계산 성공,ok,OCF 추출 성공,2026 Q1,3개월,9.1,28.6,-68.2,thstrm_amount,frmtrm_q_amount,CFS,fnlttSinglAcntAll,영업이익,dart_OperatingIncomeLoss,ok,3개월 기준 YoY 계산 성공,하락지속,-10,-3,현금창출약함,0.17,default,2,51.6,47.6
000490,대동,,8120,18.8,5.9,6.1,-40.5,2.1,-12.0,-20.9,-28.1,-15.3,-16.9,-18.3,0.69,13640,7950,0,False,False,False,318232,449665,25.6,27.1,44.2,0.71,0,False,False,False,False,-,79.2,-16.7,-2.6,-50.4,-4.7,True,0,강세,-4,0,-1,-3,82.0,31.5,1518.25,,3.0,-121906.0,-121906.0,-121906.0,10,10,1.0,79.2,75.2,000490,00109286,0,4,0,0,,[20251229] 유상증자또는주식관련사채등의발행결과(자율공시)               (20251229800507) || [20251219] 주요사항보고서(자기전환사채매도결정) (20251218000501) || [20251126] 주요사항보고서(유상증자결정) (20251126000696),,,,https://dart.fss.or.kr/dsaf001/main.do?rcpNo=20251229800507 || https://dart.fss.or.kr/dsaf001/main.do?rcpNo=20251218000501 || https://dart.fss.or.kr/dsaf001/main.do?rcpNo=20251126000696,,,,20251229800507 || 20251218000501 || 20251126000696,주의,2025.0,312.2,184.6,69.2,CFS,영업이익(손실),dart_OperatingIncomeLoss,-567.3,2554.7,영업활동현금흐름,ifrs-full_CashFlowsFromUsedInOperatingActivities,ok,연간 영업이익 YoY 계산 성공,ok,OCF 추출 성공,2026 Q1,3개월,60.2,217.2,-72.3,thstrm_amount,frmtrm_q_amount,CFS,fnlttSinglAcntAll,영업이익(손실),dart_OperatingIncomeLoss,ok,3개월 기준 YoY 계산 성공,피크아웃,-15,-10,밸류트랩의심,-1.82,default,-3,51.2,47.2
001080,만호제강,,4700,43.5,11.0,15.9,-24.7,103.9,-11.2,-11.8,-13.6,-8.9,-8.8,4.2,0.39,6240,2305,0,False,False,False,42866,80558,1.5,2.1,4.4,0.53,0,False,False,False,False,-,43.9,-2.7,-0.0,-3.8,-0.1,True,0,강세,-4,0,-1,-3,82.0,31.5,1518.25,,3.0,-121906.0,-121906.0,-121906.0,10,10,1.0,43.9,39.9,001080,00120872,0,4,0,0,,[20260327] 유상증자또는주식관련사채등의발행결과(자율공시)               (20260327802372) || [20260130] 최대주주등소유주식변동신고서(최대주주변경시)               (20260130801357) || [20260130] 최대주주변경               (20260130801106),,,,https://dart.fss.or.kr/dsaf001/main.do?rcpNo=20260327802372 || https://dart.fss.or.kr/dsaf001/main.do?rcpNo=20260130801357 || https://dart.fss.or.kr/dsaf001/main.do?rcpNo=20260130801106,,,,20260327802372 || 20260130801357 || 20260130801106,주의,2025.0,-119.8,-308.0,61.1,OFS,영업이익(손실),dart_OperatingIncomeLoss,67.8,-339.2,영업활동현금흐름,ifrs-full_CashFlowsFromUsedInOperatingActivities,ok,연간 영업이익 YoY 계산 성공,ok,OCF 추출 성공,2025 Q3,3개월,-28.3,-50.7,44.2,thstrm_amount,frmtrm_q_amount,OFS,fnlttSinglAcntAll,영업이익(손실),dart_OperatingIncomeLoss,ok,3개월 기준 YoY 계산 성공,성장지속,10,0,회계손실현금유입,,default,-3,50.9,46.9
079900,전진건설로봇,,55900,38.7,31.7,21.7,-24.8,39.1,-9.1,-15.3,-6.7,-7.8,-9.0,5.8,0.35,74350,40200,0,False,False,False,70770,134648,26.8,40.8,86.3,0.53,3,False,False,True,False,+3%반등,45.8,-6.4,-3.1,-13.2,-21.7,True,0,강세,-4,0,-1,-3,82.0,31.5,1518.25,,3.0,-121906.0,-121906.0,-121906.0,10,10,1.0,48.8,44.8,079900,00372129,0,2,0,0,,[20250716] 최대주주변경               (20250716800272) || [20250716] 최대주주등소유주식변동신고서(최대주주변경시)               (20250716800276),,,,https://dart.fss.or.kr/dsaf001/main.do?rcpNo=20250716800272 || https://dart.fss.or.kr/dsaf001/main.do?rcpNo=20250716800276,,,,20250716800272 || 20250716800276,주의,2025.0,90.1,80.8,11.6,CFS,영업외손익,dart_NonOperatingProfitLoss,323.4,200.8,영업활동현금흐름,ifrs-full_CashFlowsFromUsedInOperatingActivities,ok,연간 영업이익 YoY 계산 성공,ok,OCF 추출 성공,2026 Q1,3개월,42.6,86.6,-50.8,thstrm_amount,frmtrm_q_amount,CFS,fnlttSinglAcntAll,영업이익(손실),dart_OperatingIncomeLoss,ok,3개월 기준 YoY 계산 성공,관망,0,5,현금창출양호,3.59,default,-3,50.8,46.8
088980,맥쿼리인프라,,10960,36.5,43.3,18.1,-9.2,2.4,-1.1,-3.6,-4.2,-1.5,-2.7,-3.7,1.47,12070,10700,0,False,False,False,2450276,2129997,351.4,268.1,236.9,1.15,7,False,True,False,True,5일선회복/거래량동반양봉,40.8,-125.8,12.2,-685.6,-99.4,True,3,강세,-4,0,-1,-3,82.0,31.5,1518.25,,3.0,-121906.0,-121906.0,-121906.0,10,10,1.0,50.8,46.8,088980,00435297,0,0,0,0,,,,,,,,,,,안전,,,,,,,,,,,,not_found,2024 OFS: 013 조회된 데이타가 없습니다.,not_found,OCF 항목을 찾지 못함,,,,,,,,,,,,not_found,2025 Q1 SINGLE: 013 조회된 데이타가 없습니다.,데이터부족,0,0,데이터없음,,default,0,50.8,46.8
011760,현대코퍼레이션,,25250,36.0,14.1,4.2,-23.1,25.9,-12.0,-22.4,-8.5,-9.7,-8.9,5.1,0.69,32850,20050,0,False,False,False,89194,73586,12.6,24.0,20.8,1.21,0,False,False,False,False,-,63.7,-10.1,-9.0,-47.9,10.6,True,0,강세,-4,0,-1,-3,82.0,31.5,1518.25,,3.0,-121906.0,-121906.0,-121906.0,10,10,1.0,63.7,59.7,011760,00164812,0,0,0,0,,,,,,,,,,,안전,2025.0,1401.3,1335.3,4.9,CFS,영업이익,dart_OperatingIncomeLoss,-2946.6,405.4,영업활동현금흐름,ifrs-full_CashFlowsFromUsedInOperatingActivities,ok,연간 영업이익 YoY 계산 성공,ok,OCF 추출 성공,2026 Q1,3개월,460.6,368.8,24.9,thstrm_amount,frmtrm_q_amount,CFS,fnlttSinglAcntAll,영업이익,dart_OperatingIncomeLoss,ok,3개월 기준 YoY 계산 성공,관망,0,-10,밸류트랩의심,-2.1,default,-3,50.7,46.7
000140,하이트진로홀딩스,,8220,36.9,23.5,10.7,-36.0,3.5,-5.3,-10.0,-15.6,-5.6,-8.1,-14.7,0.87,12850,7940,0,False,False,False,28239,29104,2.1,2.3,2.5,0.97,0,False,False,False,False,-,56.4,-2.2,-0.2,-7.2,0.4,True,0,강세,-4,0,-1,-3,82.0,31.5,1518.25,,3.0,-121906.0,-121906.0,-121906.0,10,10,1.0,56.4,52.4,000140,00148993,0,0,0,0,,,,,,,,,,,안전,2025.0,1832.5,2217.9,-17.4,CFS,영업손익,dart_OperatingIncomeLoss,2120.2,2741.4,영업활동현금흐름,ifrs-full_CashFlowsFromUsedInOperatingActivities,ok,연간 영업이익 YoY 계산 성공,ok,OCF 추출 성공,2026 Q1,3개월,556.9,646.1,-13.8,thstrm_amount,frmtrm_q_amount,CFS,fnlttSinglAcntAll,영업이익,dart_OperatingIncomeLoss,ok,3개월 기준 YoY 계산 성공,하락지속,-10,5,현금창출양호,1.16,default,-1,50.4,46.4
004710,한솔테크닉스,,11370,29.1,12.6,34.1,-29.0,153.8,-25.2,34.1,83.4,-11.3,29.1,70.9,0.49,16020,4480,0,False,False,False,1634640,2534468,147.0,201.2,327.4,0.64,0,False,False,False,False,-,52.3,156.3,-105.8,2.3,296.2,True,3,강세,-4,0,-1,-3,82.0,31.5,1518.25,,3.0,-121906.0,-121906.0,-121906.0,10,10,1.0,55.3,51.3,004710,00157399,0,9,1,0,,[20260520] [기재정정]주요사항보고서(유상증자결정) (20260520000307) || [20260520] [기재정정]주요사항보고서(유상증자결정) (20260520000284) || [20260519] 유상증자또는주식관련사채등의발행결과(자율공시)               (20260519800290),[20250620] 매매거래정지및정지해제(중요내용공시)               (20250620800240),,,https://dart.fss.or.kr/dsaf001/main.do?rcpNo=20260520000307 || https://dart.fss.or.kr/dsaf001/main.do?rcpNo=20260520000284 || https://dart.fss.or.kr/dsaf001/main.do?rcpNo=20260519800290,https://dart.fss.or.kr/dsaf001/main.do?rcpNo=20250620800240,,,20260520000307 || 20260520000284 || 20260519800290,주의,2025.0,204.2,333.5,-38.8,CFS,영업이익(손실),dart_OperatingIncomeLoss,464.3,966.8,영업활동현금흐름,ifrs-full_CashFlowsFromUsedInOperatingActivities,ok,연간 영업이익 YoY 계산 성공,ok,OCF 추출 성공,2026 Q1,3개월,141.1,193.0,-26.9,thstrm_amount,frmtrm_q_amount,CFS,fnlttSinglAcntAll,영업이익(손실),dart_OperatingIncomeLoss,ok,3개월 기준 YoY 계산 성공,하락지속,-10,5,현금창출양호,2.27,default,0,50.3,46.3
271560,오리온,,128400,33.7,18.4,2.7,-14.5,29.7,-6.5,-12.1,-3.7,-6.1,-5.3,9.6,1.0,150100,99000,0,False,False,False,126994,109020,141.5,166.3,148.9,1.16,0,False,False,False,False,-,58.1,188.5,-146.9,478.5,-329.8,True,8,강세,-4,0,-1,-3,82.0,31.5,1518.25,,3.0,-121906.0,-121906.0,-121906.0,10,10,1.0,66.1,62.1,271560,01238169,0,0,0,0,,,,,,,,,,,안전,2025.0,-54.9,-289.5,81.0,CFS,순기타수익(비용),dart_NonOperatingProfitLoss,5373.3,6515.9,영업활동현금흐름,ifrs-full_CashFlowsFromUsedInOperatingActivities,ok,연간 영업이익 YoY 계산 성공,ok,OCF 추출 성공,2026 Q1,3개월,-6.7,12.1,-155.3,thstrm_amount,frmtrm_q_amount,CFS,fnlttSinglAcntAll,순기타수익(비용),dart_NonOperatingProfitLoss,ok,3개월 기준 YoY 계산 성공,피크아웃,-15,0,회계손실현금유입,,default,-1,50.1,46.1
025890,한국주강,,1900,29.2,11.7,20.5,-18.8,27.2,-3.3,-12.0,13.9,-7.2,-5.0,2.5,0.49,2340,1494,0,False,False,False,46753,58177,0.5,0.9,1.2,0.8,0,False,False,False,False,-,59.9,-0.7,0.0,-2.1,-0.0,True,0,강세,-4,0,-1,-3,82.0,31.5,1518.25,,3.0,-121906.0,-121906.0,-121906.0,10,10,1.0,59.9,55.9,025890,00159564,0,0,0,0,,,,,,,,,,,안전,2025.0,-1.8,10.7,-116.4,OFS,영업이익(손실),dart_OperatingIncomeLoss,20.3,54.8,영업활동현금흐름,ifrs-full_CashFlowsFromUsedInOperatingActivities,ok,연간 영업이익 YoY 계산 성공,ok,OCF 추출 성공,2026 Q1,3개월,0.6,0.7,-20.7,thstrm_amount,frmtrm_q_amount,OFS,fnlttSinglAcntAll,영업이익(손실),dart_OperatingIncomeLoss,ok,3개월 기준 YoY 계산 성공,하락지속,-10,0,회계손실현금유입,,default,0,49.9,45.9
264900,크라운제과,,8090,33.1,25.6,18.2,-20.1,2.7,-2.5,-6.3,-8.1,-3.6,-4.3,-8.5,1.31,10120,7880,0,False,False,False,21510,19586,2.1,1.7,1.6,1.1,0,False,False,False,False,-,51.9,-1.2,2.6,-2.5,7.1,True,3,강세,-4,0,-1,-3,82.0,31.5,1518.25,,3.0,-121906.0,-121906.0,-121906.0,10,10,1.0,54.9,50.9,264900,01205329,0,0,0,0,,,,,,,,,,,안전,2025.0,152.7,210.5,-27.5,OFS,영업이익,dart_OperatingIncomeLoss,212.0,335.7,영업활동현금흐름,ifrs-full_CashFlowsFromUsedInOperatingActivities,ok,연간 영업이익 YoY 계산 성공,ok,OCF 추출 성공,2026 Q1,3개월,40.4,62.7,-35.6,thstrm_amount,frmtrm_q_amount,OFS,fnlttSinglAcntAll,영업이익,dart_OperatingIncomeLoss,ok,3개월 기준 YoY 계산 성공,하락지속,-10,5,현금창출양호,1.39,default,0,49.9,45.9
097950,CJ제일제당,,201000,40.9,6.0,15.4,-25.6,8.0,-4.7,-17.5,-6.1,-7.5,-10.5,-9.5,1.53,270000,186100,0,False,False,False,81968,75697,229.6,166.4,165.5,1.08,0,False,False,False,False,-,54.1,-78.4,-140.1,-163.6,-394.2,True,0,강세,-4,0,-1,-3,82.0,31.5,1518.25,,3.0,-121906.0,-121906.0,-121906.0,10,10,1.0,54.1,50.1,097950,00635134,0,0,0,0,,,,,,,,,,,안전,2025.0,12336.0,14520.7,-15.0,CFS,영업이익(손실),dart_OperatingIncomeLoss,24816.1,22552.5,영업활동현금흐름,ifrs-full_CashFlowsFromUsedInOperatingActivities,ok,연간 영업이익 YoY 계산 성공,ok,OCF 추출 성공,2026 Q1,3개월,2381.3,2876.3,-17.2,thstrm_amount,frmtrm_q_amount,CFS,fnlttSinglAcntAll,영업이익(손실),dart_OperatingIncomeLoss,ok,3개월 기준 YoY 계산 성공,하락지속,-10,5,현금창출양호,2.01,default,0,49.1,45.1
001680,대상,,18980,41.9,13.5,15.7,-23.2,1.8,-2.9,-9.0,-16.0,-4.2,-6.4,-11.2,0.74,24700,18650,0,False,False,False,100251,118247,17.0,19.1,23.5,0.85,0,False,False,False,False,-,43.8,-11.7,-6.8,-1.5,-38.8,True,0,강세,-4,0,-1,-3,82.0,31.5,1518.25,,3.0,-121906.0,-121906.0,-121906.0,10,10,1.0,43.8,39.8,001680,00121941,0,0,0,0,,,,,,,,,,,안전,2025.0,1692.8,1769.4,-4.3,CFS,영업이익,dart_OperatingIncomeLoss,1881.4,1877.4,영업활동으로 인한 현금흐름,ifrs-full_CashFlowsFromUsedInOperatingActivities,ok,연간 영업이익 YoY 계산 성공,ok,OCF 추출 성공,2026 Q1,3개월,570.1,567.9,0.4,thstrm_amount,frmtrm_q_amount,CFS,fnlttSinglAcntAll,영업이익,dart_OperatingIncomeLoss,ok,3개월 기준 YoY 계산 성공,관망,0,5,현금창출양호,1.11,default,0,48.8,44.8
005360,모나미,,1324,4.9,0.7,1.4,-58.5,0.2,-11.5,-24.0,-27.3,-13.4,-19.2,-30.0,1.01,3190,1322,0,False,False,False,79575,64493,0.9,1.1,1.0,1.23,-30,True,False,False,False,⚠️떨어지는칼날,86.5,-0.3,0.0,-1.8,-0.0,True,0,강세,-4,0,-1,-3,82.0,31.5,1518.25,,3.0,-121906.0,-121906.0,-121906.0,10,10,1.0,56.5,52.5,005360,00121288,0,0,0,0,,,,,,,,,,,안전,2025.0,-58.5,-38.1,-53.5,CFS,영업이익(손실),dart_OperatingIncomeLoss,14.7,22.7,영업활동현금흐름,ifrs-full_CashFlowsFromUsedInOperatingActivities,ok,연간 영업이익 YoY 계산 성공,ok,OCF 추출 성공,2026 Q1,3개월,-27.2,-7.3,-272.9,thstrm_amount,frmtrm_q_amount,CFS,fnlttSinglAcntAll,영업이익(손실),dart_OperatingIncomeLoss,ok,3개월 기준 YoY 계산 성공,하락지속,-10,0,회계손실현금유입,,default,2,48.5,44.5
002070,비비안,,7750,25.9,5.7,36.1,-44.6,inf,-10.9,2083.1,1322.0,-14.4,101.9,434.5,0.72,14000,0,0,False,False,False,17514,22352,1.3,1.4,2.3,0.78,0,False,False,False,False,-,58.4,-0.0,0.0,-2.8,-0.0,True,0,강세,-4,0,-1,-3,82.0,31.5,1518.25,,3.0,-121906.0,-121906.0,-121906.0,10,10,1.0,58.4,54.4,002070,00107677,0,23,1,0,,[20260528] 유상증자또는주식관련사채등의발행결과(자율공시)               (20260528800612) || [20260520] 주요사항보고서(전환사채권발행결정) (20260520000247) || [20260320] [기재정정]주요사항보고서(전환사채권발행결정) (20260320000784),[20260313] 매매거래정지및정지해제(중요내용공시)               (20260313801831),,,https://dart.fss.or.kr/dsaf001/main.do?rcpNo=20260528800612 || https://dart.fss.or.kr/dsaf001/main.do?rcpNo=20260520000247 || https://dart.fss.or.kr/dsaf001/main.do?rcpNo=20260320000784,https://dart.fss.or.kr/dsaf001/main.do?rcpNo=20260313801831,,,20260528800612 || 20260520000247 || 20260320000784,주의,2025.0,-50.0,5.7,-979.8,CFS,영업이익,dart_OperatingIncomeLoss,86.1,-0.0,영업활동현금흐름,ifrs-full_CashFlowsFromUsedInOperatingActivities,ok,연간 영업이익 YoY 계산 성공,ok,OCF 추출 성공,2026 Q1,3개월,-21.2,16.8,-225.7,thstrm_amount,frmtrm_q_amount,CFS,fnlttSinglAcntAll,영업이익,dart_OperatingIncomeLoss,ok,3개월 기준 YoY 계산 성공,하락지속,-10,0,회계손실현금유입,,default,0,48.4,44.4
005250,녹십자홀딩스,,11340,37.0,1.5,-1.9,-37.0,0.9,-19.9,-18.4,-28.8,-20.8,-19.6,-25.7,0.39,18010,11240,0,False,False,False,534709,801189,37.4,69.4,121.8,0.67,-30,True,False,False,False,⚠️떨어지는칼날,68.5,-37.7,-1.0,-174.3,-94.3,True,0,강세,-4,0,-1,-3,82.0,31.5,1518.25,,3.0,-121906.0,-121906.0,-121906.0,10,10,1.0,38.5,34.5,005250,00108135,0,0,0,0,,,,,,,,,,,안전,2025.0,362.3,-107.2,438.1,CFS,영업손익,dart_OperatingIncomeLoss,243.0,-899.5,영업활동현금흐름,ifrs-full_CashFlowsFromUsedInOperatingActivities,ok,연간 영업이익 YoY 계산 성공,ok,OCF 추출 성공,2026 Q1,3개월,30.6,-47.5,164.4,thstrm_amount,frmtrm_q_amount,CFS,fnlttSinglAcntAll,영업손익,dart_OperatingIncomeLoss,ok,3개월 기준 YoY 계산 성공,성장지속,10,2,현금창출보통,0.67,default,-3,47.5,43.5
005800,신영와코루,,13470,43.0,18.6,3.3,-40.0,21.4,-5.7,-10.8,-21.8,-6.1,-9.7,-10.3,0.99,22450,11100,0,False,False,False,5744,7886,1.1,0.8,1.1,0.73,0,False,False,False,False,-,53.4,-0.9,-0.1,-3.7,-0.8,True,0,강세,-4,0,-1,-3,82.0,31.5,1518.25,,3.0,-121906.0,-121906.0,-121906.0,10,10,1.0,53.4,49.4,005800,00136624,0,2,0,0,,[20250731] 최대주주변경               (20250731800569) || [20250731] 최대주주등소유주식변동신고서(최대주주변경시)               (20250731800584),,,,https://dart.fss.or.kr/dsaf001/main.do?rcpNo=20250731800569 || https://dart.fss.or.kr/dsaf001/main.do?rcpNo=20250731800584,,,,20250731800569 || 20250731800584,주의,2025.0,12.9,27.6,-53.2,CFS,영업이익,dart_OperatingIncomeLoss,89.5,69.6,영업활동현금흐름,ifrs-full_CashFlowsFromUsedInOperatingActivities,ok,연간 영업이익 YoY 계산 성공,ok,OCF 추출 성공,2026 Q1,3개월,1.8,19.8,-90.9,thstrm_amount,frmtrm_q_amount,CFS,fnlttSinglAcntAll,영업이익,dart_OperatingIncomeLoss,ok,3개월 기준 YoY 계산 성공,하락지속,-10,5,현금창출양호,6.94,default,-1,47.4,43.4
003830,대한화섬,,112300,25.9,27.3,7.8,-25.6,4.3,-4.3,-9.0,-14.7,-4.2,-6.8,-6.0,0.56,151000,107700,0,False,False,False,302,627,0.4,0.3,0.7,0.48,0,False,False,False,False,-,62.3,-0.1,-0.3,0.5,-6.2,True,0,강세,-4,0,-1,-3,82.0,31.5,1518.25,,3.0,-121906.0,-121906.0,-121906.0,10,10,1.0,62.3,58.3,003830,00113544,0,0,0,0,,,,,,,,,,,안전,2025.0,-72.6,-15.4,-370.4,OFS,영업이익,dart_OperatingIncomeLoss,-49.0,7.4,영업활동현금흐름,ifrs-full_CashFlowsFromUsedInOperatingActivities,ok,연간 영업이익 YoY 계산 성공,ok,OCF 추출 성공,2026 Q1,3개월,-6.4,-1.7,-272.5,thstrm_amount,frmtrm_q_amount,OFS,fnlttSinglAcntAll,영업이익(손실),dart_OperatingIncomeLoss,ok,3개월 기준 YoY 계산 성공,하락지속,-10,-5,이중적자,,default,0,47.3,43.3
007160,사조산업,,44000,19.6,17.6,11.3,-39.6,4.8,-9.1,-17.4,-30.3,-10.2,-14.6,-16.6,1.0,72900,42000,0,False,False,False,8112,7373,3.3,3.6,3.6,1.1,0,False,False,False,False,-,73.1,-1.1,-0.3,-6.5,-4.9,True,0,강세,-4,0,-1,-3,82.0,31.5,1518.25,,3.0,-121906.0,-121906.0,-121906.0,10,10,1.0,73.1,69.1,007160,00124799,0,0,0,0,,,,,,,,,,,안전,2025.0,331.5,-93.8,453.5,CFS,영업이익(손실),dart_OperatingIncomeLoss,-205.4,274.2,영업활동현금흐름,ifrs-full_CashFlowsFromUsedInOperatingActivities,ok,연간 영업이익 YoY 계산 성공,ok,OCF 추출 성공,2026 Q1,3개월,46.7,109.0,-57.2,thstrm_amount,frmtrm_q_amount,CFS,fnlttSinglAcntAll,영업이익(손실),dart_OperatingIncomeLoss,ok,3개월 기준 YoY 계산 성공,피크아웃,-15,-10,밸류트랩의심,-0.62,default,-1,47.1,43.1
030000,제일기획,,18410,42.0,17.9,17.2,-21.0,3.2,-2.3,-7.0,-16.1,-2.9,-5.1,-10.7,0.86,23300,17840,0,False,False,False,536340,525605,82.2,98.7,100.1,1.02,3,False,True,False,False,5일선회복,40.0,-67.5,-47.7,-411.5,-68.3,True,0,강세,-4,0,-1,-3,82.0,31.5,1518.25,,3.0,-121906.0,-121906.0,-121906.0,10,10,1.0,43.0,39.0,030000,00148276,0,0,0,0,,,,,,,,,,,안전,2025.0,3368.9,3207.2,5.0,CFS,영업이익,dart_OperatingIncomeLoss,2122.8,3464.0,영업활동으로 인한 현금흐름,ifrs-full_CashFlowsFromUsedInOperatingActivities,ok,연간 영업이익 YoY 계산 성공,ok,OCF 추출 성공,2026 Q1,3개월,365.1,584.9,-37.6,thstrm_amount,frmtrm_q_amount,CFS,fnlttSinglAcntAll,영업이익,dart_OperatingIncomeLoss,ok,3개월 기준 YoY 계산 성공,관망,0,2,현금창출보통,0.63,default,2,47.0,43.0
034590,인천도시가스,,26000,36.1,32.0,9.8,-8.1,5.1,-2.3,-3.2,-4.2,-1.7,-2.6,-1.0,1.2,28300,24750,0,False,False,False,2618,2799,0.9,0.7,0.7,0.94,0,False,False,False,False,-,42.8,-0.7,-0.0,-3.4,-0.4,True,0,강세,-4,0,-1,-3,82.0,31.5,1518.25,,3.0,-121906.0,-121906.0,-121906.0,10,10,1.0,42.8,38.8,034590,00145862,0,0,0,0,,,,,,,,,,,안전,2025.0,191.5,194.2,-1.4,OFS,영업이익(손실),dart_OperatingIncomeLoss,390.9,360.4,영업활동현금흐름,ifrs-full_CashFlowsFromUsedInOperatingActivities,ok,연간 영업이익 YoY 계산 성공,ok,OCF 추출 성공,2026 Q1,3개월,69.5,38.7,79.3,thstrm_amount,frmtrm_q_amount,OFS,fnlttSinglAcntAll,영업이익(손실),dart_OperatingIncomeLoss,ok,3개월 기준 YoY 계산 성공,관망,0,5,현금창출양호,2.04,default,-1,46.8,42.8
000720,현대건설,,134200,38.0,11.5,10.4,-32.4,184.9,-11.7,-20.4,-18.5,-11.6,-16.1,31.5,0.85,198400,47100,0,False,False,False,977130,1077685,1220.5,1381.5,1654.7,0.91,3,False,False,True,False,+3%반등,61.6,1318.4,-906.3,3582.4,-1893.7,True,8,강세,-4,0,-1,-3,82.0,31.5,1518.25,,3.0,-121906.0,-121906.0,-121906.0,10,10,1.0,72.6,68.6,000720,00164478,0,0,0,0,,,,,,,,,,,안전,2025.0,6530.1,-12634.2,151.7,CFS,영업이익(손실),dart_OperatingIncomeLoss,-7482.6,-1188.0,영업활동현금흐름,ifrs-full_CashFlowsFromUsedInOperatingActivities,ok,연간 영업이익 YoY 계산 성공,ok,OCF 추출 성공,2026 Q1,3개월,1808.9,2137.0,-15.4,thstrm_amount,frmtrm_q_amount,CFS,fnlttSinglAcntAll,영업이익(손실),dart_OperatingIncomeLoss,ok,3개월 기준 YoY 계산 성공,피크아웃,-15,-10,밸류트랩의심,-1.15,default,-1,46.6,42.6
000970,한국주철관,,6600,36.1,15.5,11.5,-16.2,4.8,-3.6,-10.3,-5.3,-4.3,-5.2,-5.0,0.7,7880,6300,0,False,False,False,63305,57130,2.6,4.2,3.9,1.11,0,False,False,False,False,-,51.5,-4.1,-0.0,-9.1,-1.7,True,0,강세,-4,0,-1,-3,82.0,31.5,1518.25,,3.0,-121906.0,-121906.0,-121906.0,10,10,1.0,51.5,47.5,000970,00159573,0,0,0,0,,,,,,,,,,,안전,2025.0,133.0,154.5,-13.9,CFS,영업이익,dart_OperatingIncomeLoss,273.3,243.3,영업활동현금흐름,ifrs-full_CashFlowsFromUsedInOperatingActivities,ok,연간 영업이익 YoY 계산 성공,ok,OCF 추출 성공,2026 Q1,3개월,25.1,37.5,-32.9,thstrm_amount,frmtrm_q_amount,CFS,fnlttSinglAcntAll,영업이익,dart_OperatingIncomeLoss,ok,3개월 기준 YoY 계산 성공,하락지속,-10,5,현금창출양호,2.05,default,0,46.5,42.5
023150,MH에탄올,,3885,42.5,56.3,30.9,-37.6,10.1,-2.0,-16.1,-7.9,-3.9,-11.2,-18.1,1.74,6230,3530,0,False,False,False,36223,34555,2.1,1.4,1.4,1.05,3,False,True,False,False,5일선회복,45.7,-0.1,-0.0,1.0,-0.0,True,0,강세,-4,0,-1,-3,82.0,31.5,1518.25,,3.0,-121906.0,-121906.0,-121906.0,10,10,1.0,48.7,44.7,023150,00121534,0,0,0,0,,,,,,,,,,,안전,2025.0,94.9,106.7,-11.1,CFS,영업이익(손실),dart_OperatingIncomeLoss,230.9,170.0,영업활동현금흐름,ifrs-full_CashFlowsFromUsedInOperatingActivities,ok,연간 영업이익 YoY 계산 성공,ok,OCF 추출 성공,2026 Q1,3개월,5.0,8.3,-39.6,thstrm_amount,frmtrm_q_amount,CFS,fnlttSinglAcntAll,영업이익(손실),dart_OperatingIncomeLoss,ok,3개월 기준 YoY 계산 성공,하락지속,-10,5,현금창출양호,2.43,default,2,45.7,41.7
002200,한국수출포장,,2580,39.2,56.2,21.8,-31.8,7.5,-1.7,-8.8,-18.6,-3.3,-7.9,-13.5,0.43,3785,2400,5,False,False,True,169034,163415,1.8,4.5,4.4,1.03,3,False,False,True,False,+3%반등,44.6,-2.3,-0.1,-9.8,-0.1,True,0,강세,-4,0,-1,-3,82.0,31.5,1518.25,,3.0,-121906.0,-121906.0,-121906.0,10,10,1.0,52.6,48.6,002200,00158112,0,0,1,0,,,[20260421] 매매거래정지및정지해제(중요내용공시)               (20260421800468),,,,https://dart.fss.or.kr/dsaf001/main.do?rcpNo=20260421800468,,,,안전,2025.0,-65.6,-5.9,-1019.3,CFS,영업이익(손실),dart_OperatingIncomeLoss,63.1,86.2,영업활동현금흐름,ifrs-full_CashFlowsFromUsedInOperatingActivities,ok,연간 영업이익 YoY 계산 성공,ok,OCF 추출 성공,2026 Q1,3개월,-71.7,-8.3,-764.6,thstrm_amount,frmtrm_q_amount,CFS,fnlttSinglAcntAll,영업이익(손실),dart_OperatingIncomeLoss,ok,3개월 기준 YoY 계산 성공,하락지속,-10,0,회계손실현금유입,,default,2,44.6,40.6
007460,에이프로젠,,3420,35.2,2.7,44.4,-56.2,inf,-23.0,1067.2,772.4,-9.9,101.1,277.6,0.16,7800,0,0,False,False,False,304678,1507064,8.9,11.6,81.6,0.2,0,False,False,False,False,-,49.4,-1.4,-0.0,8.4,-0.2,True,0,강세,-4,0,-1,-3,82.0,31.5,1518.25,,3.0,-121906.0,-121906.0,-121906.0,10,10,1.0,49.4,45.4,007460,00152385,0,21,1,0,,[20260602] [기재정정]주요사항보고서(전환사채권발행결정)(자회사의 주요경영사항)               (20260602800727) || [20260529] 유상증자또는주식관련사채등의발행결과(자율공시)               (20260529800695) || [20260526] 주요사항보고서(전환사채권발행결정)(자회사의 주요경영사항)               (20260526800888),[20260223] 매매거래정지및정지해제(중요내용공시)               (20260223801150),,,https://dart.fss.or.kr/dsaf001/main.do?rcpNo=20260602800727 || https://dart.fss.or.kr/dsaf001/main.do?rcpNo=20260529800695 || https://dart.fss.or.kr/dsaf001/main.do?rcpNo=20260526800888,https://dart.fss.or.kr/dsaf001/main.do?rcpNo=20260223801150,,,20260602800727 || 20260529800695 || 20260526800888,주의,2025.0,-955.7,-868.1,-10.1,CFS,영업이익(손실),dart_OperatingIncomeLoss,-326.6,-449.9,영업활동현금흐름,ifrs-full_CashFlowsFromUsedInOperatingActivities,ok,연간 영업이익 YoY 계산 성공,ok,OCF 추출 성공,2026 Q1,3개월,-206.0,-224.8,8.3,thstrm_amount,frmtrm_q_amount,CFS,fnlttSinglAcntAll,영업이익(손실),dart_OperatingIncomeLoss,ok,3개월 기준 YoY 계산 성공,관망,0,-5,이중적자,,default,0,44.4,40.4
051900,LG생활건강,,244000,40.4,8.2,13.4,-31.4,8.4,-5.2,-4.1,-8.6,-6.5,-3.8,-10.2,0.63,355500,225000,0,False,False,False,88843,91648,141.6,220.6,242.0,0.97,0,False,False,False,False,-,48.6,-7.9,28.6,91.2,393.5,True,3,강세,-4,0,-1,-3,82.0,31.5,1518.25,,3.0,-121906.0,-121906.0,-121906.0,10,10,1.0,51.6,47.6,051900,00356370,0,1,0,0,,[20260223] 주요사항보고서(감자결정) (20260223004088),,,,https://dart.fss.or.kr/dsaf001/main.do?rcpNo=20260223004088,,,,20260223004088,주의,2025.0,1706.9,4590.5,-62.8,CFS,영업이익,dart_OperatingIncomeLoss,4464.3,5276.3,영업활동으로 인한 현금흐름,ifrs-full_CashFlowsFromUsedInOperatingActivities,ok,연간 영업이익 YoY 계산 성공,ok,OCF 추출 성공,2026 Q1,3개월,1078.3,1423.7,-24.3,thstrm_amount,frmtrm_q_amount,CFS,fnlttSinglAcntAll,영업이익,dart_OperatingIncomeLoss,ok,3개월 기준 YoY 계산 성공,하락지속,-10,5,현금창출양호,2.62,default,-3,43.6,39.6
210980,SK디앤디,,12000,12.7,35.5,14.3,-13.1,41.5,-1.6,-7.2,-7.2,-3.0,-5.7,-1.8,0.61,13810,8480,0,False,False,False,30933,33693,2.5,3.7,4.2,0.92,0,False,False,False,False,-,53.1,-5.5,4.7,-10.7,23.3,True,3,강세,-4,0,-1,-3,82.0,31.5,1518.25,,3.0,-121906.0,-121906.0,-121906.0,10,10,1.0,56.1,52.1,210980,00508344,0,2,0,0,,[20251031] 최대주주변경               (20251031800945) || [20251031] 최대주주등소유주식변동신고서(최대주주변경시)               (20251031800949),,,,https://dart.fss.or.kr/dsaf001/main.do?rcpNo=20251031800945 || https://dart.fss.or.kr/dsaf001/main.do?rcpNo=20251031800949,,,,20251031800945 || 20251031800949,주의,2025.0,-232.8,-74.1,-214.2,CFS,영업외손익,dart_NonOperatingProfitLoss,-2652.2,2397.4,영업활동으로 인한 현금흐름,ifrs-full_CashFlowsFromUsedInOperatingActivities,ok,연간 영업이익 YoY 계산 성공,ok,OCF 추출 성공,2026 Q1,3개월,-187.4,-44.0,-325.7,thstrm_amount,frmtrm_q_amount,CFS,fnlttSinglAcntAll,영업외손익,dart_NonOperatingProfitLoss,ok,3개월 기준 YoY 계산 성공,하락지속,-10,-5,이중적자,,default,2,43.1,39.1
284740,쿠쿠홈시스,,22150,38.1,14.8,14.4,-30.0,2.8,-2.9,-10.7,-15.1,-5.2,-7.2,-10.9,0.9,31650,21550,0,False,False,False,27892,25140,5.1,6.2,5.9,1.11,0,False,False,False,False,-,53.2,-2.0,-1.7,-16.2,2.9,True,0,강세,-4,0,-1,-3,82.0,31.5,1518.25,,3.0,-121906.0,-121906.0,-121906.0,10,10,1.0,53.2,49.2,284740,01267684,0,0,0,0,,,,,,,,,,,안전,2025.0,1693.6,1699.8,-0.4,CFS,영업이익,dart_OperatingIncomeLoss,87.1,376.5,영업활동현금흐름,ifrs-full_CashFlowsFromUsedInOperatingActivities,ok,연간 영업이익 YoY 계산 성공,ok,OCF 추출 성공,2026 Q1,3개월,412.5,448.0,-7.9,thstrm_amount,frmtrm_q_amount,CFS,fnlttSinglAcntAll,영업이익,dart_OperatingIncomeLoss,ok,3개월 기준 YoY 계산 성공,하락지속,-10,-3,현금창출약함,0.05,default,2,42.2,38.2
452260,한화갤러리아,,2760,49.2,1.4,14.8,-33.0,176.3,-12.4,-13.2,-12.4,-9.5,-0.8,51.4,0.27,4120,999,0,False,False,False,3436490,11643552,89.2,101.4,384.2,0.3,0,False,False,False,False,-,40.1,11.0,3.3,63.2,10.8,True,15,강세,-4,0,-1,-3,82.0,31.5,1518.25,,3.0,-121906.0,-121906.0,-121906.0,10,10,1.0,55.1,51.1,452260,01722437,0,0,0,0,,,,,,,,,,,안전,2025.0,12.1,-167.1,107.3,CFS,영업외손익,dart_NonOperatingProfitLoss,783.9,635.2,영업활동으로 인한 현금흐름,ifrs-full_CashFlowsFromUsedInOperatingActivities,ok,연간 영업이익 YoY 계산 성공,ok,OCF 추출 성공,2026 Q1,3개월,-118.6,-69.1,-71.6,thstrm_amount,frmtrm_q_amount,CFS,fnlttSinglAcntAll,영업외손익,dart_NonOperatingProfitLoss,ok,3개월 기준 YoY 계산 성공,피크아웃,-15,5,현금창출양호,64.79,default,-3,42.1,38.1
025820,이구산업,,5150,39.1,7.3,10.9,-28.2,24.1,-14.0,-11.7,-8.7,-12.2,-5.9,-0.9,0.15,7170,4150,0,False,False,False,498894,2301314,16.0,26.9,144.6,0.22,0,False,False,False,False,-,54.1,-5.0,-8.8,34.7,3.5,True,0,강세,-4,0,-1,-3,82.0,31.5,1518.25,,3.0,-121906.0,-121906.0,-121906.0,10,10,1.0,54.1,50.1,025820,00145464,0,0,0,0,,,,,,,,,,,안전,2025.0,244.1,251.6,-3.0,OFS,영업이익(손실),dart_OperatingIncomeLoss,-48.4,47.5,영업활동현금흐름,ifrs-full_CashFlowsFromUsedInOperatingActivities,ok,연간 영업이익 YoY 계산 성공,ok,OCF 추출 성공,2026 Q1,3개월,212.7,76.6,177.8,thstrm_amount,frmtrm_q_amount,OFS,fnlttSinglAcntAll,영업이익(손실),dart_OperatingIncomeLoss,ok,3개월 기준 YoY 계산 성공,관망,0,-10,밸류트랩의심,-0.2,default,-3,41.1,37.1
017550,수산세보틱스,,2595,36.6,26.9,26.4,-35.8,59.2,-9.6,-17.6,36.7,-11.2,-6.0,27.2,0.2,4045,1630,0,False,False,False,1736054,4917502,26.6,47.0,171.7,0.35,3,False,False,True,False,+3%반등,53.4,-10.6,-0.1,-13.5,-0.5,True,0,강세,-4,0,-1,-3,82.0,31.5,1518.25,,3.0,-121906.0,-121906.0,-121906.0,10,10,1.0,56.4,52.4,017550,00135111,0,0,0,0,,,,,,,,,,,안전,2025.0,189.6,120.7,57.1,CFS,영업이익(손실),dart_OperatingIncomeLoss,86.5,232.4,영업활동현금흐름,ifrs-full_CashFlowsFromUsedInOperatingActivities,ok,연간 영업이익 YoY 계산 성공,ok,OCF 추출 성공,2026 Q1,3개월,28.1,34.7,-19.0,thstrm_amount,frmtrm_q_amount,CFS,fnlttSinglAcntAll,영업이익,dart_OperatingIncomeLoss,ok,3개월 기준 YoY 계산 성공,피크아웃,-15,2,현금창출보통,0.46,default,-3,40.4,36.4
298050,HS효성첨단소재,,197900,31.3,3.4,10.1,-29.8,12.6,-14.5,-28.7,-21.2,-13.6,-12.8,-5.3,1.21,282000,175700,0,False,False,False,22497,21888,51.8,46.6,51.1,1.03,-30,True,False,False,False,⚠️떨어지는칼날,76.3,-29.9,-14.2,-85.1,-19.7,True,0,강세,-4,0,-1,-3,82.0,31.5,1518.25,,3.0,-121906.0,-121906.0,-121906.0,10,10,1.0,46.3,42.3,298050,01316254,0,0,0,0,,,,,,,,,,,안전,2025.0,1574.3,2197.2,-28.3,CFS,영업이익,dart_OperatingIncomeLoss,2101.0,3288.9,영업활동으로 인한 현금흐름,ifrs-full_CashFlowsFromUsedInOperatingActivities,ok,연간 영업이익 YoY 계산 성공,ok,OCF 추출 성공,2026 Q1,3개월,344.1,491.1,-29.9,thstrm_amount,frmtrm_q_amount,CFS,fnlttSinglAcntAll,영업이익,dart_OperatingIncomeLoss,ok,3개월 기준 YoY 계산 성공,하락지속,-10,5,현금창출양호,1.33,default,-1,40.3,36.3
339770,교촌에프앤비,,4045,42.2,15.7,20.9,-34.4,1.4,-2.4,-10.5,-10.2,-3.2,-4.5,-8.4,0.86,6170,3990,0,False,False,False,138790,146970,5.3,5.7,6.1,0.94,0,False,False,False,False,-,45.9,-5.5,-0.0,-8.3,-1.1,True,0,강세,-4,0,-1,-3,82.0,31.5,1518.25,,3.0,-121906.0,-121906.0,-121906.0,10,10,1.0,45.9,41.9,339770,00453284,0,0,0,0,,,,,,,,,,,안전,2025.0,350.4,154.4,127.0,CFS,영업이익,dart_OperatingIncomeLoss,392.8,226.5,영업활동으로 인한 현금흐름,ifrs-full_CashFlowsFromUsedInOperatingActivities,ok,연간 영업이익 YoY 계산 성공,ok,OCF 추출 성공,2026 Q1,3개월,52.9,107.1,-50.6,thstrm_amount,frmtrm_q_amount,CFS,fnlttSinglAcntAll,영업이익,dart_OperatingIncomeLoss,ok,3개월 기준 YoY 계산 성공,피크아웃,-15,5,현금창출양호,1.12,default,4,39.9,35.9
028670,팬오션,,5000,30.2,1.4,-11.4,-24.2,43.5,-15.8,-9.9,-5.3,-13.4,-8.9,10.2,0.56,6600,3485,0,False,False,False,3279283,4223884,121.0,175.3,245.8,0.78,-30,True,False,False,False,⚠️떨어지는칼날,69.3,42.7,-31.6,304.8,-77.4,True,3,강세,-4,0,-1,-3,82.0,31.5,1518.25,,3.0,-121906.0,-121906.0,-121906.0,10,10,1.0,42.3,38.3,028670,00122737,0,0,0,0,,,,,,,,,,,안전,2025.0,-496.1,-513.4,3.4,CFS,기타영업외손익,dart_NonOperatingProfitLoss,7026.5,6761.7,영업활동현금흐름,ifrs-full_CashFlowsFromUsedInOperatingActivities,ok,연간 영업이익 YoY 계산 성공,ok,OCF 추출 성공,2026 Q1,3개월,91.9,-60.9,250.9,thstrm_amount,frmtrm_q_amount,CFS,fnlttSinglAcntAll,기타영업외손익,dart_NonOperatingProfitLoss,ok,3개월 기준 YoY 계산 성공,관망,0,0,회계손실현금유입,,default,-3,39.3,35.3
025000,KPX케미칼,,49650,35.8,23.9,12.5,-12.9,19.1,-4.5,-7.7,-7.4,-4.2,-3.4,1.4,0.58,57000,41693,0,False,False,False,8072,6405,1.8,4.1,3.3,1.26,0,False,False,False,False,-,46.8,-2.6,-0.1,-3.0,2.1,True,0,강세,-4,0,-1,-3,82.0,31.5,1518.25,,3.0,-121906.0,-121906.0,-121906.0,10,10,1.0,46.8,42.8,025000,00191472,0,0,1,0,,,[20250828] 매매거래정지및정지해제(중요내용공시)               (20250828800404),,,,https://dart.fss.or.kr/dsaf001/main.do?rcpNo=20250828800404,,,,안전,2025.0,274.0,389.4,-29.6,CFS,영업이익(손실),dart_OperatingIncomeLoss,782.8,590.1,영업활동으로 인한 현금흐름,ifrs-full_CashFlowsFromUsedInOperatingActivities,ok,연간 영업이익 YoY 계산 성공,ok,OCF 추출 성공,2026 Q1,3개월,54.4,85.9,-36.7,thstrm_amount,frmtrm_q_amount,CFS,fnlttSinglAcntAll,영업이익(손실),dart_OperatingIncomeLoss,ok,3개월 기준 YoY 계산 성공,하락지속,-10,5,현금창출양호,2.86,default,-3,38.8,34.8
072130,유엔젤,,4665,40.6,17.1,14.9,-30.4,12.1,-2.6,-10.3,1.6,-4.6,-11.0,-8.6,0.75,6700,4160,0,False,False,False,86597,116956,4.0,4.1,5.8,0.74,0,False,False,False,False,-,48.7,-4.2,-0.1,-20.9,-0.4,True,0,강세,-4,0,-1,-3,82.0,31.5,1518.25,,3.0,-121906.0,-121906.0,-121906.0,10,10,1.0,48.7,44.7,072130,00416654,0,0,0,0,,,,,,,,,,,안전,2025.0,34.2,7.9,333.6,CFS,영업이익(손실),dart_OperatingIncomeLoss,119.4,-18.6,영업활동현금흐름,ifrs-full_CashFlowsFromUsedInOperatingActivities,ok,연간 영업이익 YoY 계산 성공,ok,OCF 추출 성공,2026 Q1,3개월,2.0,7.0,-71.1,thstrm_amount,frmtrm_q_amount,CFS,fnlttSinglAcntAll,영업이익(손실),dart_OperatingIncomeLoss,ok,3개월 기준 YoY 계산 성공,피크아웃,-15,5,현금창출양호,3.49,default,0,38.7,34.7
001790,대한제당,,2505,36.5,20.2,10.3,-26.5,7.1,-6.9,-15.8,-11.6,-7.1,-12.9,-12.6,1.04,3410,2340,0,False,False,False,377598,478762,12.8,9.5,13.1,0.79,4,False,False,False,True,거래량동반양봉,57.3,-3.4,-0.7,-21.6,-4.5,True,0,강세,-4,0,-1,-3,82.0,31.5,1518.25,,3.0,-121906.0,-121906.0,-121906.0,10,10,1.0,61.3,57.3,001790,00113234,0,0,0,0,,,,,,,,,,,안전,2025.0,565.6,370.0,52.9,CFS,영업이익(손실),dart_OperatingIncomeLoss,-86.0,503.5,영업활동현금흐름,ifrs-full_CashFlowsFromUsedInOperatingActivities,ok,연간 영업이익 YoY 계산 성공,ok,OCF 추출 성공,2026 Q1,3개월,54.9,82.8,-33.6,thstrm_amount,frmtrm_q_amount,CFS,fnlttSinglAcntAll,영업이익(손실),dart_OperatingIncomeLoss,ok,3개월 기준 YoY 계산 성공,피크아웃,-15,-10,밸류트랩의심,-0.15,default,2,38.3,34.3
007590,동방아그로,,5940,32.0,25.0,15.0,-6.8,4.2,-1.0,-2.1,-0.3,-1.1,-0.6,-1.7,0.32,6370,5700,0,False,False,False,8851,10555,0.2,0.5,0.6,0.84,0,False,False,False,False,-,46.0,0.0,-0.0,0.2,-0.1,True,0,강세,-4,0,-1,-3,82.0,31.5,1518.25,,3.0,-121906.0,-121906.0,-121906.0,10,10,1.0,46.0,42.0,007590,00115384,0,3,0,0,,[20260408] 최대주주변경               (20260408800949) || [20260408] 최대주주등소유주식변동신고서(최대주주변경시)               (20260408800954) || [20250819] 유상증자또는주식관련사채등의발행결과(자율공시)               (20250819800241),,,,https://dart.fss.or.kr/dsaf001/main.do?rcpNo=20260408800949 || https://dart.fss.or.kr/dsaf001/main.do?rcpNo=20260408800954 || https://dart.fss.or.kr/dsaf001/main.do?rcpNo=20250819800241,,,,20260408800949 || 20260408800954 || 20250819800241,주의,2025.0,126.5,146.1,-13.4,CFS,영업이익(손실),dart_OperatingIncomeLoss,87.3,3.3,영업활동현금흐름,ifrs-full_CashFlowsFromUsedInOperatingActivities,ok,연간 영업이익 YoY 계산 성공,ok,OCF 추출 성공,2026 Q1,3개월,171.7,191.8,-10.5,thstrm_amount,frmtrm_q_amount,CFS,fnlttSinglAcntAll,영업이익(손실),dart_OperatingIncomeLoss,ok,3개월 기준 YoY 계산 성공,하락지속,-10,2,현금창출보통,0.69,default,0,38.0,34.0
008870,금비,,43700,40.7,31.6,14.7,-31.2,1.4,-1.6,-3.1,-8.6,-1.3,-2.6,-15.2,0.43,63500,43100,0,False,False,False,667,968,0.2,0.3,0.4,0.69,0,False,False,False,False,-,42.1,0.1,-0.0,-0.0,-0.1,True,3,강세,-4,0,-1,-3,82.0,31.5,1518.25,,3.0,-121906.0,-121906.0,-121906.0,10,10,1.0,45.1,41.1,008870,00168401,0,0,0,0,,,,,,,,,,,안전,2025.0,33.7,123.6,-72.7,CFS,영업이익,dart_OperatingIncomeLoss,137.3,268.0,영업활동현금흐름,ifrs-full_CashFlowsFromUsedInOperatingActivities,ok,연간 영업이익 YoY 계산 성공,ok,OCF 추출 성공,2025 Q3,3개월,27.4,54.8,-50.1,thstrm_amount,frmtrm_q_amount,CFS,fnlttSinglAcntAll,영업이익,dart_OperatingIncomeLoss,ok,3개월 기준 YoY 계산 성공,하락지속,-10,5,현금창출양호,4.07,default,-3,37.1,33.1
002170,SYTS,,50400,14.9,1.0,-2.7,-19.6,4.3,-8.5,-16.3,-17.0,-11.3,-14.0,-10.4,0.83,62700,48300,0,False,False,False,3780,4443,1.8,2.0,2.5,0.85,-30,True,False,False,False,⚠️떨어지는칼날,71.0,-0.6,-1.4,-1.4,-3.1,True,0,강세,-4,0,-1,-3,82.0,31.5,1518.25,,3.0,-121906.0,-121906.0,-121906.0,10,10,1.0,41.0,37.0,002170,00127042,0,0,0,0,,,,,,,,,,,안전,2025.0,184.4,199.9,-7.8,CFS,영업이익,dart_OperatingIncomeLoss,344.6,347.2,영업활동으로 인한 현금흐름,ifrs-full_CashFlowsFromUsedInOperatingActivities,ok,연간 영업이익 YoY 계산 성공,ok,OCF 추출 성공,2026 Q1,3개월,21.5,50.1,-57.1,thstrm_amount,frmtrm_q_amount,CFS,fnlttSinglAcntAll,영업이익,dart_OperatingIncomeLoss,ok,3개월 기준 YoY 계산 성공,하락지속,-10,5,현금창출양호,1.87,default,-1,35.0,31.0
011280,태림포장,,1794,37.9,34.1,23.0,-36.6,5.0,-2.9,-14.4,-12.5,-4.6,-11.7,-9.0,0.94,2830,1708,0,False,False,False,137112,175772,2.9,2.5,3.4,0.78,0,False,False,False,False,-,50.8,0.0,-0.1,-5.9,0.8,True,0,강세,-4,0,-1,-3,82.0,31.5,1518.25,,3.0,-121906.0,-121906.0,-121906.0,10,10,1.0,50.8,46.8,011280,00153524,0,0,0,0,,,,,,,,,,,안전,2025.0,-49.8,-165.9,70.0,CFS,영업이익(손실),dart_OperatingIncomeLoss,-331.3,210.4,영업활동현금흐름,ifrs-full_CashFlowsFromUsedInOperatingActivities,ok,연간 영업이익 YoY 계산 성공,ok,OCF 추출 성공,2026 Q1,3개월,-35.3,-23.3,-51.8,thstrm_amount,frmtrm_q_amount,CFS,fnlttSinglAcntAll,영업이익(손실),dart_OperatingIncomeLoss,ok,3개월 기준 YoY 계산 성공,피크아웃,-15,-5,이중적자,,default,4,34.8,30.8
002150,도화엔지니어링,,5290,14.1,1.7,7.4,-30.8,0.4,-11.5,-25.5,-20.3,-14.4,-19.5,-17.4,0.56,7650,5270,0,False,False,False,91287,137885,4.0,5.1,9.0,0.66,-30,True,False,False,False,⚠️떨어지는칼날,77.1,-8.3,-0.1,-21.8,-2.2,True,0,강세,-4,0,-1,-3,82.0,31.5,1518.25,,3.0,-121906.0,-121906.0,-121906.0,10,10,1.0,47.1,43.1,002150,00114552,0,0,0,0,,,,,,,,,,,안전,2025.0,301.2,-133.9,325.0,CFS,영업이익(손실),dart_OperatingIncomeLoss,129.5,214.1,영업활동현금흐름,ifrs-full_CashFlowsFromUsedInOperatingActivities,ok,연간 영업이익 YoY 계산 성공,ok,OCF 추출 성공,2026 Q1,3개월,-23.9,34.7,-168.7,thstrm_amount,frmtrm_q_amount,CFS,fnlttSinglAcntAll,영업이익(손실),dart_OperatingIncomeLoss,ok,3개월 기준 YoY 계산 성공,피크아웃,-15,2,현금창출보통,0.43,default,0,34.1,30.1
344820,KCC글라스,,23500,27.4,5.0,-1.8,-32.2,0.9,-10.8,-19.8,-19.0,-11.1,-12.1,-14.3,1.56,34650,23300,0,False,False,False,37021,30317,11.3,9.1,8.0,1.22,-30,True,False,False,False,⚠️떨어지는칼날,80.6,-10.9,-6.6,-22.8,-17.6,True,0,강세,-4,0,-1,-3,82.0,31.5,1518.25,,3.0,-121906.0,-121906.0,-121906.0,10,10,1.0,50.6,46.6,344820,01428203,0,0,0,0,,,,,,,,,,,안전,2025.0,-752.1,571.8,-231.5,CFS,영업이익(손실),dart_OperatingIncomeLoss,-179.6,2036.4,영업활동현금흐름,ifrs-full_CashFlowsFromUsedInOperatingActivities,ok,연간 영업이익 YoY 계산 성공,ok,OCF 추출 성공,2026 Q1,3개월,-100.9,-56.2,-79.3,thstrm_amount,frmtrm_q_amount,CFS,fnlttSinglAcntAll,영업이익(손실),dart_OperatingIncomeLoss,ok,3개월 기준 YoY 계산 성공,하락지속,-10,-5,이중적자,,default,-3,32.6,28.6
007690,국도화학,,31750,23.0,3.5,6.9,-28.6,3.1,-10.3,-28.4,-20.1,-12.8,-15.9,-11.4,0.59,44450,30800,0,False,False,False,13716,22436,4.1,4.5,8.5,0.61,-30,True,False,False,False,⚠️떨어지는칼날,77.9,-2.2,-1.4,-10.7,5.3,True,0,강세,-4,0,-1,-3,82.0,31.5,1518.25,,3.0,-121906.0,-121906.0,-121906.0,10,10,1.0,47.900000000000006,43.900000000000006,007690,00104388,0,1,0,0,,[20250904] 유상증자또는주식관련사채등의발행결과(자율공시)               (20250904800342),,,,https://dart.fss.or.kr/dsaf001/main.do?rcpNo=20250904800342,,,,20250904800342,주의,2025.0,531.7,253.3,109.9,CFS,영업이익(손실),dart_OperatingIncomeLoss,90.4,545.5,영업활동으로 인한 현금흐름,ifrs-full_CashFlowsFromUsedInOperatingActivities,ok,연간 영업이익 YoY 계산 성공,ok,OCF 추출 성공,2026 Q1,3개월,103.0,129.0,-20.2,thstrm_amount,frmtrm_q_amount,CFS,fnlttSinglAcntAll,영업이익(손실),dart_OperatingIncomeLoss,ok,3개월 기준 YoY 계산 성공,피크아웃,-15,-3,현금창출약함,0.17,default,0,29.9,25.9
