market,rule,rebalance,above120_gate,phase,total_return,max_drawdown,ret2024,ret2025,ret2026
kospi,all,5,False,0,14.53306128614913,-49.9530100456773,-34.99749034807981,40.59760250044815,25.320704998547594
kospi,all,5,False,1,15.852717638079161,-50.8125040521914,-31.459674222388557,35.04263664788701,25.166800990302573
kospi,all,5,False,2,11.691153894851691,-50.336381802283235,-39.71825389845406,38.763545764004384,33.52345627756406
kospi,all,5,False,3,9.837520537707789,-50.2278048602995,-37.31331432205569,43.42740458060739,22.16400784776369
kospi,all,5,False,4,25.101910999214017,-48.96889909102169,-34.105347763862035,38.060401144713786,37.51328047502782
kospi,all,5,True,0,-18.88972095492334,-49.82789257079146,-26.837505223239056,9.286697780902697,1.4425332353711129
kospi,all,5,True,1,7.358135995831416,-50.81250405219131,-23.008773140823735,17.290944709081614,18.885595629313777
kospi,all,5,True,2,17.15062766033433,-41.61840213505131,-24.97048584244197,19.841084350167783,30.288701429332555
kospi,all,5,True,3,22.897284911949445,-42.06137936086526,-25.26812436921,17.670803225311627,39.755107325771164
kospi,all,5,True,4,6.317720551163042,-47.39931574198869,-20.50331697895159,15.366112716070624,15.925342937819265
kospi,all,10,False,0,62.494279589616156,-47.398692804711985,-30.630673097416917,70.73158131577817,37.200828366452285
kospi,all,10,False,1,58.32031522157932,-49.204164606548616,-28.57369697821488,64.50439684492792,34.74137155513623
kospi,all,10,False,2,75.79943557296566,-46.95069324699285,-29.61712004904736,59.15195163374294,56.941743976698845
kospi,all,10,False,3,80.99348462627411,-48.64492686819739,-24.896050583969178,55.42226780706705,55.055410286374794
kospi,all,10,False,4,67.14576013073636,-48.80723194338263,-16.356759109260654,45.423336495125554,37.41381851264494
kospi,all,10,False,5,72.26330101593341,-48.98456389774943,-12.999926437281905,44.679633465508914,36.856599720875494
kospi,all,10,False,6,75.41838292362684,-49.13901551808741,-12.116909404983222,39.88420403695845,42.69248648183375
kospi,all,10,False,7,48.89054289338257,-48.731132045749504,-27.719118204834814,49.364135251606214,37.910503005275785
kospi,all,10,False,8,46.97091156395763,-47.43707490998859,-24.926313816564615,60.730155129125116,21.799718153258453
kospi,all,10,False,9,90.23759022867014,-48.04041643311405,-20.902708930228,78.01984611272468,35.103408142027945
kospi,all,10,True,0,44.96405639410162,-47.39869280471197,-19.356830172668925,38.997387772971905,29.32607714747806
kospi,all,10,True,1,28.406542909102605,-49.20416460654866,-18.45535948149545,25.002256696668688,25.971957384372235
kospi,all,10,True,2,60.14626420423603,-34.81175598455564,-13.083348233674696,17.78941925074089,56.42549706621527
kospi,all,10,True,3,64.86049164802759,-48.64492686819739,-9.922085308644778,25.87467622229578,45.39849141721562
kospi,all,10,True,4,30.003166052664866,-47.23267613523156,-3.9284926155666477,18.90609472918252,13.803392456538145
kospi,all,10,True,5,-0.7923121594314742,-48.857025307493785,-17.95866143021546,10.368919929708763,9.563474892497826
kospi,all,10,True,6,20.09687288669044,-49.13901551808743,-18.838304127853146,10.263460791238188,34.198903352899364
kospi,all,10,True,7,14.48736439636875,-48.73113204574947,-21.524300690903964,18.77445922920311,22.82854332208444
kospi,all,10,True,8,39.011963398989316,-40.355129465362815,-18.55110636785816,31.496767329488897,29.79319150987383
kospi,all,10,True,9,62.40780160664106,-48.04041643311403,-15.819000708163456,41.246498011156675,36.58881016167519
kospi,all,20,False,0,112.96939303515474,-44.93274233018377,-27.211581395602558,76.72456687253162,65.56097799365526
kospi,all,20,False,1,122.30385926397224,-45.22434279624541,-22.25823087910358,76.07743662032824,62.40106608622975
kospi,all,20,False,2,134.58726296375443,-44.494990062977436,-23.979246161689648,85.47898691315343,66.37096713167617
kospi,all,20,False,3,161.9051848115733,-44.943411122725315,-16.173674994280486,82.9521721793757,70.77570975637464
kospi,all,20,False,4,139.21255829642723,-43.79791182201883,-13.671972906583928,87.65573700599012,47.66253288656242
kospi,all,20,False,5,101.97500417453855,-46.524568394444934,-14.467289757041012,85.78785365998931,27.100738713590268
kospi,all,20,False,6,133.45154390157327,-47.591453206225076,-10.977065685426012,83.82514682768745,42.65596101784568
kospi,all,20,False,7,145.53348966609585,-46.5714494602321,-9.478472061706478,91.78622684526205,41.42996873220264
kospi,all,20,False,8,134.6573565253178,-47.15780298625615,-12.0473499685551,100.24620626552942,33.23580418319334
kospi,all,20,False,9,172.60972344654974,-45.68052392570772,-6.623698381689391,111.36415882406476,38.125329773062646
kospi,all,20,False,10,152.2340414600988,-45.08541588926319,-12.217055999607796,101.8456789177259,42.35545053460379
kospi,all,20,False,11,134.52511468144047,-47.63869457137721,-13.778538946133356,94.58805727881989,39.7841071955152
kospi,all,20,False,12,127.37532660705249,-47.503261414855515,-18.39364246681644,80.42067645027645,54.43048500237813
kospi,all,20,False,13,137.03517975209567,-46.86895744275804,-15.566001111033733,77.60236071374041,58.06900309935084
kospi,all,20,False,14,101.92163541718213,-46.373100032610196,-16.717672078061895,66.02081190421009,46.03853428521776
kospi,all,20,False,15,88.5901829367282,-45.431737818044645,-21.23203857871089,64.06447177011054,45.933477477816574
kospi,all,20,False,16,110.38696547178488,-46.781841093657896,-20.73793560803121,75.26350078102814,51.44745093723038
kospi,all,20,False,17,99.55862733129173,-45.68193485579547,-25.132130788463524,63.08045665581727,63.44555571800934
kospi,all,20,False,18,114.77628344830673,-44.20028046593145,-20.372172714581104,75.28034466271771,53.882147559279225
kospi,all,20,False,19,158.98464039148132,-45.41742737979472,-16.755584251996368,90.28720916176538,63.49681694661189
kospi,all,20,True,0,119.45803126089065,-44.932742330183764,-20.850705015740733,64.77458710077558,68.27290645649377
kospi,all,20,True,1,119.69234046614599,-45.22434279624537,-9.01198766688619,48.67634016984588,62.40106608622962
kospi,all,20,True,2,133.83118158835495,-33.50939383004522,-7.65275700798238,53.593323841941334,64.85652880755902
kospi,all,20,True,3,137.82184161314234,-44.94341112272533,-7.517658426300966,50.20432583216476,71.20264903076561
kospi,all,20,True,4,57.76885587885001,-42.06928241340812,-7.105398864877765,42.243200834827334,19.398613956758926
kospi,all,20,True,5,6.475597785139509,-46.39087981543105,-18.634815092234412,29.600000181728127,0.9732811820735376
kospi,all,20,True,6,52.37627320476324,-47.59145320622504,-13.343945330302942,31.73882154328669,33.47645415225951
kospi,all,20,True,7,56.97215124906536,-46.57144946023214,-10.340980644936826,35.04592561596833,29.642423138088603
kospi,all,20,True,8,63.84593310225499,-47.15780298625619,-10.132436935594246,44.35497234526504,26.299302770078505
kospi,all,20,True,9,98.58185621143858,-45.68052392570768,-4.01372609457521,50.456978781661334,37.504875108865
kospi,all,20,True,10,90.17432819404192,-45.0854158892632,-4.481089342909583,48.91370396265566,33.69890912150837
kospi,all,20,True,11,71.2577099897015,-47.63869457137718,-7.585738459172031,43.10423133897607,29.496687581938975
kospi,all,20,True,12,83.7860406085043,-47.50326141485552,-4.235732702866512,33.26434888106478,44.010795622806874
kospi,all,20,True,13,105.53078116704401,-46.86895744275804,0.11202071715090689,39.20102460739878,47.48512255254622
kospi,all,20,True,14,87.88860800564018,-46.3731000326102,-5.19718801750556,36.848550717174014,44.82349605798053
kospi,all,20,True,15,87.41431238932249,-45.43173781804466,-10.637219874758475,39.000905607109004,50.87888038269619
kospi,all,20,True,16,114.04473874002296,-46.78184109365786,-9.191517778905967,46.17318699184183,61.25397328792166
kospi,all,20,True,17,99.70923379357286,-45.68193485579545,-7.580313377736603,32.20885310482764,63.44555571800934
kospi,all,20,True,18,130.62570984397078,-31.6546400720792,-6.489302133570673,55.03147440668377,59.08401553437215
kospi,all,20,True,19,164.21632727257295,-45.41742737979472,-3.7434942920653858,63.334454177788714,68.05512216063536
kospi,rsi_le20,5,False,0,-5.972394624825039,-20.28718062384621,-3.02387165728214,-3.623798293274394,0.6052693786377628
kospi,rsi_le20,5,False,1,16.69402306160861,-8.840461768907403,8.627136639317223,12.078535917655376,-4.150945859553246
kospi,rsi_le20,5,False,2,21.40027910442164,-10.958492180239753,10.39315699614316,10.901377578958794,-0.8390700535929385
kospi,rsi_le20,5,False,3,0.8040392630410009,-13.594609636091725,2.4976016473570173,8.59818913505832,-9.438908569946936
kospi,rsi_le20,5,False,4,3.179525691196572,-18.960187837254637,10.050675335643543,-6.496251488037208,0.2701797073254797
kospi,rsi_le20,5,True,0,-19.230465637392857,-27.379784597079137,-10.157940778496478,-6.667786052412694,-3.675599741018909
kospi,rsi_le20,5,True,1,-2.2297154498869487,-8.8134985465656,-0.6857830247246621,4.92015580437597,-6.171120618973658
kospi,rsi_le20,5,True,2,2.4604309365892307,-10.589875210641175,-2.6331133012384766,5.214455223504966,0.016000470593180438
kospi,rsi_le20,5,True,3,-6.213991957129017,-13.103000889474037,-3.0284968871271523,5.300060427724662,-8.152930775377564
kospi,rsi_le20,5,True,4,-9.690026205358448,-22.66384876817589,-2.8156707902114775,-5.71983292790944,-1.4358158632789775
kospi,rsi_le20,10,False,0,-13.281676651033791,-17.654855680271808,-3.1651385085703643,-5.688730686203069,-5.045500981347306
kospi,rsi_le20,10,False,1,0.7647822934331305,-12.619818832411623,9.684643314419382,-6.2028790502829505,-2.056992532147217
kospi,rsi_le20,10,False,2,3.3807759059077958,-15.083539228314146,13.793095451809778,-2.993185260315112,-6.347013461081041
kospi,rsi_le20,10,False,3,-7.033375684080767,-19.609693975249076,8.49353987586583,-2.662715607173083,-11.967313268053726
kospi,rsi_le20,10,False,4,-3.602224771733731,-19.905513520155182,3.5657644979103287,-5.0431510509457045,-1.9777874890866243
kospi,rsi_le20,10,False,5,-4.4856276328911875,-17.82968065188051,2.3574168513937455,-1.853956799168277,-4.922749629108791
kospi,rsi_le20,10,False,6,25.382056158246556,-12.37301854817191,6.482532800750218,25.76670390708211,-6.375106693584643
kospi,rsi_le20,10,False,7,16.281643672804115,-10.499248288970842,-1.5438330429704217,27.41394852798247,-7.30607687806466
kospi,rsi_le20,10,False,8,5.195518697633172,-17.79043701453177,-3.6394287524347146,28.49725819590534,-15.042052367249248
kospi,rsi_le20,10,False,9,-12.51009352815865,-17.035379932724915,0.6941884957594846,-5.242704533343268,-8.306006170374891
kospi,rsi_le20,10,True,0,-14.549030391481189,-19.195373057864074,-4.603891452201281,-5.665448466382584,-5.045500981347284
kospi,rsi_le20,10,True,1,-6.6881869377070196,-14.65655441045428,1.7285794230269325,-6.347319408428964,-2.0569925321472615
kospi,rsi_le20,10,True,2,-6.038419749541468,-13.04701123498374,2.4598374153377733,-3.0950106098629027,-5.365277838276583
kospi,rsi_le20,10,True,3,-17.80178026076007,-20.060375512846495,-3.9079444535798924,-2.8302755072210917,-11.967313268053747
kospi,rsi_le20,10,True,4,-10.425612378578375,-19.247610090821176,-0.9317756746907269,-5.74179124374683,-4.075336020953191
kospi,rsi_le20,10,True,5,-15.293182769032976,-22.194106279965975,-3.6881482567916346,-6.049418049719346,-6.386354810712069
kospi,rsi_le20,10,True,6,0.991732779968979,-12.47592131230707,-4.139548161626195,13.872858767730634,-7.482022913813246
kospi,rsi_le20,10,True,7,-2.5949376689110237,-14.204221665260686,-6.185812190096351,12.60881331137722,-7.797940117787549
kospi,rsi_le20,10,True,8,-4.332424943962487,-15.213771331249815,-6.440201147449409,16.337595699860465,-12.106774561970802
kospi,rsi_le20,10,True,9,-20.432063277288137,-22.775463542427143,-8.423392575529999,-5.242704533343301,-8.306006170374857
kospi,rsi_le20,20,False,0,-18.762937973181682,-19.76376526114425,-13.016857014715333,-0.7055624665325055,-5.9423351416128645
kospi,rsi_le20,20,False,1,-15.545957267029465,-15.585938599805814,-9.783323370185414,0.05500076080446892,-6.439007671167896
kospi,rsi_le20,20,False,2,-25.151804449316685,-25.79442608893213,-11.668027233023937,-5.438382010184628,-10.391643851560882
kospi,rsi_le20,20,False,3,-18.46369337224518,-22.190731803232865,-9.745405820334241,-5.074789661326418,-4.82998247674411
kospi,rsi_le20,20,False,4,-13.026727101385527,-22.513964776496454,-10.285214483953753,-4.015671747567651,1.0000201315648383
kospi,rsi_le20,20,False,5,-7.68075017921902,-21.491414927829023,-4.4349608360299,-1.2458182428810138,-2.1777315386555807
kospi,rsi_le20,20,False,6,-6.431669385105565,-18.888873375931105,1.066697629247071,6.95536755568924,-13.439805955948803
kospi,rsi_le20,20,False,7,-9.066534348374644,-20.218286598388215,-2.2929245145557053,8.864414380579788,-14.510694669581037
kospi,rsi_le20,20,False,8,-11.074871587697466,-22.51127730139556,-0.6654702993319939,1.0012847544654813,-11.366609458464417
kospi,rsi_le20,20,False,9,-0.5505308624651817,-17.10319028072006,5.3513932099136685,-6.598179213710265,1.0664109568953473
kospi,rsi_le20,20,False,10,6.815389462381916,-13.004530091792809,4.314745986205182,-10.467450136855405,14.36869620305301
kospi,rsi_le20,20,False,11,23.186918923739384,-15.553714497254067,18.942398645781,-9.645508350053799,14.624684629440665
kospi,rsi_le20,20,False,12,15.929127743291694,-10.662505586913563,17.41764880767398,-1.300283183626072,0.03299731213322055
kospi,rsi_le20,20,False,13,7.2474362378997625,-7.444060352730919,13.305953449032737,-1.1963796312274622,-4.2009215965330915
kospi,rsi_le20,20,False,14,-1.8363741017579982,-13.708640884370348,7.871964322096359,-5.869536466806913,-3.3255283653846113
kospi,rsi_le20,20,False,15,-10.37039533996329,-16.55419693242314,-0.3486803779805925,-2.8469924007793135,-7.421065761435752
kospi,rsi_le20,20,False,16,-0.594773888491007,-15.889961198944713,-4.294247936235617,15.625109042085782,-10.17049182877009
kospi,rsi_le20,20,False,17,-4.462149811872996,-14.798971423206975,-8.190629367845592,9.974700029939566,-5.377227673155072
kospi,rsi_le20,20,False,18,-11.299482670678618,-22.241490612318206,-8.549476566383474,12.083247099132333,-13.463514541260047
kospi,rsi_le20,20,False,19,-18.83061406459763,-21.859455464595257,-8.096650855330555,-3.4117327387905294,-8.559930588587083
kospi,rsi_le20,20,True,0,-14.297308316333378,-16.05414200580405,-8.420639344015324,-0.5046778757969217,-5.942335141612876
kospi,rsi_le20,20,True,1,-13.591313846919517,-13.632220526150697,-7.01449258308251,-0.6775744277058737,-6.439007671167884
kospi,rsi_le20,20,True,2,-18.981216425922685,-20.72616248406205,-9.372523448751057,-4.870608722581982,-6.025264287463172
kospi,rsi_le20,20,True,3,-17.813624384754945,-21.570377579623578,-9.61743536070192,-4.453448063143606,-4.829982476744121
kospi,rsi_le20,20,True,4,-8.834430654914204,-20.300192922330485,-4.880547099949506,-6.883029119387385,2.9277940473958486
kospi,rsi_le20,20,True,5,-12.903190330455594,-26.280548514803815,-6.155661731932771,-5.806782913793307,-1.4686255781308888
kospi,rsi_le20,20,True,6,-21.119632893337347,-23.75925965983091,-3.6383575701489534,-7.11498960389545,-11.870948622557664
kospi,rsi_le20,20,True,7,-20.363368520831404,-23.532854668170224,-2.5078570842528736,-7.499480486656285,-11.692194316347903
kospi,rsi_le20,20,True,8,-20.830200300862998,-24.174564383298137,-1.4510584073127109,-9.321742274253575,-11.405978723428579
kospi,rsi_le20,20,True,9,-9.081556411485781,-17.103190280720092,0.9238708156446007,-10.864388119469382,1.0664109568952806
kospi,rsi_le20,20,True,10,5.0503189411033045,-13.39577931533631,3.7921831571059883,-11.50360937229612,14.36869620305301
kospi,rsi_le20,20,True,11,12.619819838002355,-15.606073370992846,8.512137003388997,-9.456274899104855,14.624684629440665
kospi,rsi_le20,20,True,12,1.3589371977742237,-7.114866336784176,2.66037813862543,-1.300283183626072,0.03299731213322055
kospi,rsi_le20,20,True,13,-5.128069319951845,-8.086600398038879,0.2313429423933977,-1.196379631227451,-4.200921596533124
kospi,rsi_le20,20,True,14,-9.163031931962928,-13.708640884370315,-0.17929667023246498,-5.869536466806902,-3.3255283653846224
kospi,rsi_le20,20,True,15,-13.025298289583354,-13.791601292504962,-2.7550780628728844,-3.391833681041223,-7.42106576143573
kospi,rsi_le20,20,True,16,-0.7194141160375978,-15.889961198944691,-4.365926705050283,15.566684956898392,-10.170491828770068
kospi,rsi_le20,20,True,17,-0.5199836847891048,-14.013100564720848,-6.635617459939502,12.605330677732884,-5.377227673155072
kospi,rsi_le20,20,True,18,-3.5160611031337385,-17.97773102737168,-3.880135083779379,12.083247099132311,-10.442663469111668
kospi,rsi_le20,20,True,19,-18.150361215912834,-20.93387922478449,-7.326440333976003,-3.4117327387905405,-8.559930588587072
kospi,rsi_20_30,5,False,0,-13.694889981340186,-38.64805306570518,-9.937156299023952,-4.288389761864564,0.12124287848025439
kospi,rsi_20_30,5,False,1,-29.76289250060933,-45.75788854873354,-19.882460119294976,-5.6338009355694885,-7.098537629146351
kospi,rsi_20_30,5,False,2,-40.506007544009556,-49.41286670744621,-25.52306969109156,1.1399701281562091,-21.017927616796285
kospi,rsi_20_30,5,False,3,-23.28125927120679,-38.29260635743792,-20.97952069055622,6.839661811945885,-9.128164285122132
kospi,rsi_20_30,5,False,4,-24.582201062849627,-45.766199739923906,-37.7940153325971,6.311910295349077,14.040670601156968
kospi,rsi_20_30,5,True,0,-38.99381477099324,-43.713326746852,-19.166597096018545,-5.443114531998194,-20.184020416876557
kospi,rsi_20_30,5,True,1,-32.838826302651746,-38.712473831588625,-17.890903200722995,-5.385980718394967,-13.548703601350255
kospi,rsi_20_30,5,True,2,-40.806793310372,-44.47653099925928,-22.624785818519044,-3.848971634965148,-20.43609868515299
kospi,rsi_20_30,5,True,3,-25.304396715819287,-36.54372492596667,-22.70704384962575,0.7659465363133222,-4.094981642007378
kospi,rsi_20_30,5,True,4,-26.03564779366614,-30.099556962944018,-22.13789717487984,4.43127568247812,-9.036796600542385
kospi,rsi_20_30,10,False,0,-21.764397217929755,-36.94563526949805,-10.375196500411832,18.834734881065994,-26.543063050666614
kospi,rsi_20_30,10,False,1,-25.194200175953586,-43.131142875763636,-10.46515309260776,-4.038454363303934,-12.934531570347453
kospi,rsi_20_30,10,False,2,-40.3900265698336,-52.44293426630866,-12.289901555602478,-9.684856723852864,-24.74961008996037
kospi,rsi_20_30,10,False,3,-16.788894918423345,-42.527882747316006,-4.678011598952314,2.911549405091174,-15.174958705316788
kospi,rsi_20_30,10,False,4,-3.0188772995784596,-36.7038930201882,-13.14081824772444,-4.631487448397797,17.075619505828588
kospi,rsi_20_30,10,False,5,48.20443177966482,-30.37629194166913,17.606117916870765,6.684793019397173,18.121446636590164
kospi,rsi_20_30,10,False,6,26.873015357870635,-23.9190394913117,-0.5498465728691837,7.022760697693653,19.20312878145214
kospi,rsi_20_30,10,False,7,-6.543963709804079,-32.549659883072465,-13.37366156390627,25.93870868178101,-14.336036632597581
kospi,rsi_20_30,10,False,8,-0.05313525426317023,-30.44138547577788,-8.588303239450102,22.714854654575632,-10.901525652820808
kospi,rsi_20_30,10,False,9,-5.113359334612988,-38.59182013125606,-24.093409051930315,22.931573061395326,1.6862297335654475
kospi,rsi_20_30,10,True,0,-23.356974453840706,-35.9293245500253,-14.050206243400098,14.792115092712631,-22.31883259006535
kospi,rsi_20_30,10,True,1,-30.4039758609424,-40.57473961465669,-14.694851251317553,-7.652121382192945,-11.654941625571913
kospi,rsi_20_30,10,True,2,-47.36983953327313,-49.692034372796165,-14.52578022322325,-17.97454128880688,-24.93268519467139
kospi,rsi_20_30,10,True,3,-32.35423457109108,-48.02882217626111,-17.8033918625073,-3.829878452348401,-14.425069773700994
kospi,rsi_20_30,10,True,4,-25.483464162111424,-29.201666199503997,-12.392889646324345,-1.6541207226808963,-13.51174522118528
kospi,rsi_20_30,10,True,5,-28.538820891600036,-35.801174318459104,-12.178026914272177,0.24075633477915748,-18.82493354691893
kospi,rsi_20_30,10,True,6,-8.585361083530518,-21.762255286819254,-8.329264093915112,0.7612205714448761,-1.0327253859480856
kospi,rsi_20_30,10,True,7,-25.734599577699957,-36.07227814648952,-15.518306657131786,3.9609082636955506,-15.442165619584925
kospi,rsi_20_30,10,True,8,-15.921945754481314,-27.27263860822664,-11.639443833863927,6.5971705925520485,-10.73554979393987
kospi,rsi_20_30,10,True,9,-5.376883483218742,-28.29901378271743,-14.804268246942943,11.363824038572744,-0.2678285348344245
kospi,rsi_20_30,20,False,0,-18.19866068007936,-39.211098169764405,8.28429231391803,-3.4460721482121204,-21.760691020633082
kospi,rsi_20_30,20,False,1,-19.50459287038473,-45.303079197140995,10.908439036362427,-15.849493926777459,-13.751852402438136
kospi,rsi_20_30,20,False,2,1.9265799051877863,-27.536818679473964,14.387658066669772,-0.6841154748157274,-10.279937266382966
kospi,rsi_20_30,20,False,3,-6.208121338297323,-33.42243427167853,-1.489278986679743,1.036682283249779,-5.767077530623366
kospi,rsi_20_30,20,False,4,39.09527759373914,-24.82419736827185,8.228410894903249,-0.32745988888402966,28.942348963473542
kospi,rsi_20_30,20,False,5,85.59894357319405,-24.49965993369275,12.38162412928867,16.734366304898373,41.475574318759236
kospi,rsi_20_30,20,False,6,12.0151672577258,-26.29988730246596,-8.472119659094368,11.820292441973756,9.446733200717162
kospi,rsi_20_30,20,False,7,-1.6162077611200365,-30.82627700303695,1.7789918146195127,10.986795213599132,-12.904823654544028
kospi,rsi_20_30,20,False,8,-7.493773732082865,-23.224744494203332,-8.577768646671835,5.514242872515229,-4.102328837196046
kospi,rsi_20_30,20,False,9,-25.18596422865773,-33.64636553705065,-26.1200102551273,13.075927232409335,-10.445771094695877
kospi,rsi_20_30,20,False,10,-18.86476134859678,-42.19227041934302,-5.494352446889805,21.36914724272203,-29.26351827824638
kospi,rsi_20_30,20,False,11,-15.395168301833518,-41.89431092822482,1.0594324128590182,0.927320247961827,-17.051302903311694
kospi,rsi_20_30,20,False,12,-29.588538759891048,-54.137003891435675,-16.919707933773466,2.262663516013874,-17.124102891146663
kospi,rsi_20_30,20,False,13,7.97850675169498,-28.03064055237947,16.782415399818483,7.113822552683868,-13.679420828136845
kospi,rsi_20_30,20,False,14,3.486787790141399,-36.12738121370089,0.26677393582577036,1.4656387037202956,1.7205902121500527
kospi,rsi_20_30,20,False,15,24.037767321146887,-33.005544970148684,14.81098621592607,7.248795638064132,0.7344614414553696
kospi,rsi_20_30,20,False,16,-0.6165933792014022,-28.61628432420519,2.359137135137468,2.969053344073469,-5.706763425262096
kospi,rsi_20_30,20,False,17,-0.30689681420690285,-28.44677335117678,-2.7308400381249376,9.092058058188979,-6.049993498247397
kospi,rsi_20_30,20,False,18,-13.681634431420676,-35.4447408568284,-7.150278648365105,10.113692963871346,-15.57301592544842
kospi,rsi_20_30,20,False,19,-13.047666071542864,-37.35843544556799,-9.058261988105132,12.215621228267981,-14.795079481803164
kospi,rsi_20_30,20,True,0,-15.852121889937298,-34.947243165659536,4.546507061668503,3.712130472351949,-22.392429867130616
kospi,rsi_20_30,20,True,1,-24.723392029978932,-41.63140881565553,1.3209147116757691,-13.858751290539285,-13.751852402438104
kospi,rsi_20_30,20,True,2,-13.053138796355313,-32.38513390115786,7.108239558819318,-7.752355257366261,-12.001404502685364
kospi,rsi_20_30,20,True,3,-12.426786879932827,-37.86785439533552,1.023384465612387,-8.054791929931039,-5.719848755096779
kospi,rsi_20_30,20,True,4,-5.199693365930591,-23.074204167124158,10.54825407711142,-4.540818262713032,-10.16612225570228
kospi,rsi_20_30,20,True,5,-18.01660968926604,-28.521336301419797,-7.234459548388883,-5.554493771710867,-6.425417928133026
kospi,rsi_20_30,20,True,6,-20.745178895982853,-32.158632254072195,-4.584026369381478,-11.234553769994115,-6.424821733973795
kospi,rsi_20_30,20,True,7,-27.55885426937369,-39.618391313205095,-1.4592430099875875,-13.917317147483544,-14.600835352844122
kospi,rsi_20_30,20,True,8,-21.463464255820586,-32.18797213823558,-7.452688249334116,-13.041246953378893,-2.4124019175246314
kospi,rsi_20_30,20,True,9,-22.90514824937464,-33.32420348904401,-11.870997287398144,-4.746350254727682,-8.161475643805648
kospi,rsi_20_30,20,True,10,-31.284033538609368,-42.192270419343004,-10.797197001748737,3.9321876797954847,-25.881078921517698
kospi,rsi_20_30,20,True,11,-26.741980226382456,-44.366954557582915,-6.1987124486917455,-6.7867948325869065,-16.2144868560805
kospi,rsi_20_30,20,True,12,-33.17546528321602,-50.94768375797181,-19.040970790797672,-1.6732739007921715,-16.054180600479086
kospi,rsi_20_30,20,True,13,-21.118949416867295,-28.030653060478816,-12.579850583307017,3.7188407158146974,-13.003158033057305
kospi,rsi_20_30,20,True,14,-2.271908444986881,-30.36724282105948,-6.194765042420681,2.8285968151532614,1.3160927266998357
kospi,rsi_20_30,20,True,15,14.0404214479126,-33.005544970148684,3.289463798247505,9.704342087720818,0.6419339093281629
kospi,rsi_20_30,20,True,16,-6.174093324948093,-28.6162843242052,-8.973505255844138,8.270969117020254,-4.798689540458934
kospi,rsi_20_30,20,True,17,-1.0019837252842057,-28.446773351176812,-2.3452263635723503,7.903666035928447,-6.049993498247453
kospi,rsi_20_30,20,True,18,-17.379924288545023,-27.499509608578176,-6.607595311571202,5.672393268451659,-16.283225471696205
kospi,rsi_20_30,20,True,19,-13.783638957100596,-33.38895297330586,-5.248991607613607,7.7474951812434245,-15.550192295971465
kospi,rsi_gt80,5,False,0,-65.33554488238256,-66.48276287735649,-44.99196749558403,-0.9619742206632642,-36.370825071291414
kospi,rsi_gt80,5,False,1,-46.21003722808052,-63.024485430733804,-54.2391131787875,24.681863929552406,-5.723483875806046
kospi,rsi_gt80,5,False,2,-53.42925531235211,-55.400442409965336,-26.14321361641404,-14.845849636472607,-25.95138233627009
kospi,rsi_gt80,5,False,3,-54.20986558880092,-57.07292078880973,-34.830695975073965,-25.57090756426271,-5.596931271034411
kospi,rsi_gt80,5,False,4,-20.397558641369862,-37.29986795384435,-25.91461595868595,4.782752473317053,2.5425347368861706
kospi,rsi_gt80,5,True,0,-49.167484989736835,-49.167484989736835,-26.66766063610665,12.556717830379815,-38.4150437180339
kospi,rsi_gt80,5,True,1,2.6623957289097167,-33.432231259156694,-26.752388473761847,51.36883737947937,-7.406297195696343
kospi,rsi_gt80,5,True,2,-26.508033585516255,-40.20011969247089,-11.105550748767357,10.024174744335346,-24.858976804810883
kospi,rsi_gt80,5,True,3,-36.46617307117458,-41.82213254325681,-23.31906175256979,-14.27157473230457,-3.352026736444713
kospi,rsi_gt80,5,True,4,4.547852134042474,-27.196408985317365,-11.195319042628782,14.856169625270121,2.5002507543676167
kospi,rsi_gt80,10,False,0,25.010806685859777,-40.17010082691937,-23.878442187322758,17.325344473706018,39.97421874755065
kospi,rsi_gt80,10,False,1,3.163553085663029,-45.292591400772444,-35.43212578002945,29.055036006361945,23.80404851653164
kospi,rsi_gt80,10,False,2,-28.734243198234978,-39.99212260113939,-27.505169040033483,6.291860143562822,-7.514456620231414
kospi,rsi_gt80,10,False,3,-7.536780416869759,-34.45060370967447,-22.67596708882835,-3.73121754476905,24.21356755217381
kospi,rsi_gt80,10,False,4,-29.70962851073642,-54.07655594901044,-20.632603982194475,-10.661951343998377,-0.8672292912791479
kospi,rsi_gt80,10,False,5,-43.417884558210474,-53.963928912000455,-24.812919486876684,-8.158413168218148,-18.05988295776656
kospi,rsi_gt80,10,False,6,-49.40012404395123,-51.40831542174795,-35.46474461943249,-8.70005334787345,-14.122005189808572
kospi,rsi_gt80,10,False,7,-33.527655525244384,-38.718481271179215,-14.27327886892391,-2.138571977034076,-20.765698340934748
kospi,rsi_gt80,10,False,8,5.601430535760166,-32.495980944589554,0.7865951509101077,-0.32098246705339895,5.114657327702532
kospi,rsi_gt80,10,False,9,21.348394349741806,-46.284007505789646,-33.44874044586237,69.77190070886697,7.401894958680266
kospi,rsi_gt80,10,True,0,61.04843685593073,-23.657916369192268,-2.9556350874464288,21.27212395897471,36.843825915694104
kospi,rsi_gt80,10,True,1,47.21290250623353,-31.233550833691282,-12.306952010853323,39.118543729504516,20.668992663705765
kospi,rsi_gt80,10,True,2,-7.59052725719318,-30.51445782189721,-16.53775032547434,19.011595586108896,-6.966978125985024
kospi,rsi_gt80,10,True,3,2.6869155880916207,-30.480495996529722,-14.908875930555787,-2.1355218768476125,23.312119871577906
kospi,rsi_gt80,10,True,4,-22.541924399383372,-51.25742235652654,-13.37317201805348,-6.407216116180459,-4.462928330198778
kospi,rsi_gt80,10,True,5,-33.22400230742446,-42.401850787669495,-15.30856565110803,4.631991991934292,-24.644248767508937
kospi,rsi_gt80,10,True,6,-24.383532662492424,-30.251286640181263,-15.55314499732603,6.703713404300959,-16.08233901368652
kospi,rsi_gt80,10,True,7,-12.12116804214265,-38.71848127117923,-5.512422578448195,17.380600532474233,-20.765698340934748
kospi,rsi_gt80,10,True,8,36.02456810292614,-22.287610549287763,12.76228692496717,14.75991069077216,5.11465732770251
kospi,rsi_gt80,10,True,9,91.46607762533921,-22.97212791137482,-5.407164843159817,84.65396863500317,9.616252841332873
kospi,rsi_gt80,20,False,0,134.98250841243885,-37.88343897723491,2.62739554238407,37.83786968601299,66.11302061446074
kospi,rsi_gt80,20,False,1,55.17323320416914,-25.48415123999398,-1.2625013325576306,65.93747546951035,-5.291227097986139
kospi,rsi_gt80,20,False,2,9.878922550135316,-31.47407202290419,-4.6958355467468955,31.00058883705492,-11.990558255998074
kospi,rsi_gt80,20,False,3,27.960121759039925,-25.780839120346677,3.8418776711744096,23.178411609909944,0.03857865577638897
kospi,rsi_gt80,20,False,4,-13.927555765601674,-43.48743821061435,1.5600265082190479,-14.555854294410242,-0.8120262350905572
kospi,rsi_gt80,20,False,5,-42.83360067058899,-58.110228998790504,4.764752264838168,-14.21673822179904,-36.390337290928386
kospi,rsi_gt80,20,False,6,-34.356518879137035,-43.43145541992873,-19.193051692232032,-1.336720022670146,-17.66445795392627
kospi,rsi_gt80,20,False,7,32.61978015603868,-30.63471622984929,2.4249444381708063,45.12425006634289,-10.779926211051361
kospi,rsi_gt80,20,False,8,52.808894325823516,-29.6326111750301,2.5625777267409555,45.19854811413293,2.6118297839708537
kospi,rsi_gt80,20,False,9,18.479662811380138,-44.807611243802306,-38.65011893045727,67.08754349752435,15.580883596813223
kospi,rsi_gt80,20,False,10,30.855755399092423,-25.491457432137754,-2.5938462837137743,36.04799677074,-1.2551890266985666
kospi,rsi_gt80,20,False,11,-9.950996648280363,-35.99365659697615,-26.360713307018923,29.296786197816658,-5.4238551334748974
kospi,rsi_gt80,20,False,12,-1.2201461501629818,-29.693486795690195,-17.389221982369808,37.985389424012105,-13.3440149582985
kospi,rsi_gt80,20,False,13,-4.359467412277018,-27.541949411794143,-13.737332827090254,22.31774690954962,-9.357968391191196
kospi,rsi_gt80,20,False,14,36.22278223842845,-24.802988150590778,-6.541609058509989,27.308427553330382,14.491776095733444
kospi,rsi_gt80,20,False,15,33.30000112112097,-26.920628782596566,-18.641834937250135,33.33158459188192,22.884177647245796
kospi,rsi_gt80,20,False,16,-26.291393518901906,-36.99401560377134,-29.491114876559365,2.759796290926708,1.730485752576838
kospi,rsi_gt80,20,False,17,10.289960499403827,-27.382192195856682,-7.807218480300437,-8.401758373725986,30.602631103166544
kospi,rsi_gt80,20,False,18,45.07451345644928,-29.797384295908337,3.6526993941611963,38.0716926434778,1.3691621648323826
kospi,rsi_gt80,20,False,19,47.309781766537085,-28.25426816146901,8.915006736741615,46.579872804404296,-7.7280873468234095
kospi,rsi_gt80,20,True,0,178.96341292105498,-24.064838894430874,15.29994492710134,48.98320633211466,62.3980578615885
kospi,rsi_gt80,20,True,1,79.21990594964252,-25.166083662345194,7.398535133652917,76.19666240568093,-5.291227097986173
kospi,rsi_gt80,20,True,2,26.861173055302757,-31.4740720229042,2.3385439913846895,40.15392386763155,-11.552771676191643
kospi,rsi_gt80,20,True,3,31.175841411751737,-25.780839120346656,3.0078320003175785,27.16909700178416,0.1387173731495439
kospi,rsi_gt80,20,True,4,-2.418733493964531,-42.12465214757505,7.487280795258111,-8.472762249334764,-0.8120262350905016
kospi,rsi_gt80,20,True,5,-29.836698975061005,-52.42234504661385,16.09439119749616,-4.988607709522408,-36.39033729092841
kospi,rsi_gt80,20,True,6,-17.476198566136457,-36.249796242009914,-8.38056209993775,9.396708046117098,-17.664457953926206
kospi,rsi_gt80,20,True,7,50.554627135389566,-23.00420652164876,10.36278254148133,52.900493757715395,-10.779926211051361
kospi,rsi_gt80,20,True,8,72.95602746586181,-20.826792387584227,11.842891482765294,50.70577101792863,2.6118297839708315
kospi,rsi_gt80,20,True,9,57.84316298635055,-30.29270024939853,-22.248511204234966,75.64308283598173,15.580883596813266
kospi,rsi_gt80,20,True,10,28.174201487038797,-23.101078197946666,-6.010132900709653,38.10369621420171,-1.2551890266985333
kospi,rsi_gt80,20,True,11,8.795688523045687,-22.27235003893744,-10.309309169018654,28.153604696128887,-5.347194840830527
kospi,rsi_gt80,20,True,12,15.71217309070272,-28.587227053362575,-12.005257935680547,50.81376326750018,-12.807054274907504
kospi,rsi_gt80,20,True,13,13.19894582716865,-29.301888548598065,-5.8727839178695955,32.60030234541536,-9.305144326968062
kospi,rsi_gt80,20,True,14,31.001463616223468,-24.802988150590778,-5.768347651471406,25.994832312973614,10.338381308288525
kospi,rsi_gt80,20,True,15,28.30902813007865,-26.441306783729058,-15.06625771301876,33.678177923565464,13.009886314181518
kospi,rsi_gt80,20,True,16,-13.549635631184298,-24.326666724030865,-20.684307037452797,9.644359234823785,-0.5919828291817697
kospi,rsi_gt80,20,True,17,23.25619103723666,-26.11028937369201,-6.620582282346222,1.0661343765452358,30.602631103166587
kospi,rsi_gt80,20,True,18,65.06906113629381,-22.7933765440943,13.18366342669699,43.871932622120234,1.3691621648323604
kospi,rsi_gt80,20,True,19,72.87284911110868,-26.00235029992948,26.56821422466036,45.03392695283264,-5.825671777623276
kospi,size_q5,5,False,0,34.746223521822884,-49.121551502167904,-35.402067135034635,50.306600290159324,38.77777799815361
kospi,size_q5,5,False,1,29.326464604044755,-48.761507490690846,-36.2428687866869,46.55026258649136,38.41145594047306
kospi,size_q5,5,False,2,34.60013110784901,-49.780816254279245,-37.08107971843448,45.083311725736806,47.450673710651216
kospi,size_q5,5,False,3,27.07314128033684,-50.157659742829985,-37.11427531123825,51.585744949955625,33.304046714669155
kospi,size_q5,5,False,4,36.2612267370003,-49.99672897415937,-31.821273440659237,38.59709222468866,44.201338113052245
kospi,size_q5,5,True,0,-3.814027775336548,-48.99435538092334,-26.068121081900397,15.748094246388566,12.399957307814535
kospi,size_q5,5,True,1,21.745350176209666,-48.76150749069079,-27.14216971366713,26.28286400870763,32.32189949118756
kospi,size_q5,5,True,2,36.76456585535828,-41.55274500474686,-23.582783260037885,25.55107631028557,42.5482648371448
kospi,size_q5,5,True,3,33.372957573871446,-41.98576553989173,-28.486177476817687,23.311557456107003,51.242555344597804
kospi,size_q5,5,True,4,15.236464053385346,-48.49811883059927,-19.136579865758605,18.45041356308532,20.30986416887761
kospi,size_q5,10,False,0,83.02489088876142,-46.52479796493842,-30.393721949787846,78.62567132295332,47.20340998516719
kospi,size_q5,10,False,1,76.16298125077985,-47.08610427997579,-29.927657158454668,74.08961057465329,44.409298848925886
kospi,size_q5,10,False,2,97.25674439853107,-46.35725345651819,-27.00330758562737,66.59057816225489,62.21023130753427
kospi,size_q5,10,False,3,111.3836819512093,-49.020050231398436,-22.16467146050326,71.32295772002041,58.51819991534386
kospi,size_q5,10,False,4,87.98607774992315,-49.27680348088277,-15.532110383250775,53.37415016691587,45.10483160759043
kospi,size_q5,10,False,5,111.548643863844,-48.98456389774943,-14.554949988840004,58.83160381585635,55.87857109976488
kospi,size_q5,10,False,6,89.76248301425296,-49.13901551808739,-17.362404485220473,50.57497207055954,52.503528089409855
kospi,size_q5,10,False,7,92.86807770288645,-48.731132045749504,-18.832913802385065,53.557694642724925,54.74221634925542
kospi,size_q5,10,False,8,81.24932874831417,-47.43707490998861,-23.247181640150217,66.67208402133713,41.68347804923802
kospi,size_q5,10,False,9,109.77641805278084,-48.16114322433912,-18.64725121433012,79.61116563215272,43.565835432085095
kospi,size_q5,10,True,0,64.11139380821014,-46.5247979649384,-19.938506161264314,49.86860026327038,36.774266271753554
kospi,size_q5,10,True,1,45.45546723648262,-47.086104279975785,-19.96852562015816,35.033324246219635,34.594797289904776
kospi,size_q5,10,True,2,76.9344055485255,-34.811755984555624,-12.591632730992163,26.57762846556786,59.91983342999967
kospi,size_q5,10,True,3,80.62765013680426,-49.020050231398436,-9.702053685471036,33.76231163447883,49.54523979562002
kospi,size_q5,10,True,4,49.3537385397796,-47.75661699592153,-2.921430707335626,27.449025155582696,20.713603052185903
kospi,size_q5,10,True,5,21.567760382621582,-48.857025307493785,-17.099040628930695,16.637261939737556,25.724970785161116
kospi,size_q5,10,True,6,33.415565696464846,-49.13901551808739,-22.475968712940542,18.31809817874188,45.45175761968463
kospi,size_q5,10,True,7,41.873381103173266,-48.73113204574948,-17.897507297822024,23.799988958612683,39.580249428294636
kospi,size_q5,10,True,8,63.70231777391946,-40.82116329108268,-21.0111138863454,37.656731235357064,50.553683708949194
kospi,size_q5,10,True,9,78.48682850815824,-48.1611432243391,-15.957397560510511,48.79182641237736,42.734055576646355
kospi,size_q5,20,False,0,135.32046364286438,-44.01787928049807,-28.50144058791789,94.57265061602294,69.15335212299658
kospi,size_q5,20,False,1,139.34691856508783,-42.940333772935126,-25.545469831210543,90.75850725438559,68.52052284173897
kospi,size_q5,20,False,2,164.44795975360526,-43.87407937661011,-21.632575098458684,96.42498502855446,71.79396987474065
kospi,size_q5,20,False,3,207.42392254733906,-44.47779647737492,-13.478447267653415,98.60826077600984,78.90235049653862
kospi,size_q5,20,False,4,168.8073152990746,-43.75495988824484,-9.614919124531419,91.40969032889423,55.37473888451196
kospi,size_q5,20,False,5,148.96645206429508,-46.524568394444934,-14.465721289473898,101.91379653110744,44.15663565917616
kospi,size_q5,20,False,6,145.15262889371488,-47.591453206225076,-12.48091893384775,89.7279380016091,47.63948411720418
kospi,size_q5,20,False,7,189.59299294166803,-46.5714494602321,-7.203799822636636,97.55941452481594,57.964728667653944
kospi,size_q5,20,False,8,182.59338025680646,-47.15780298625615,-10.449446880863778,104.75210646560416,54.12224738794076
kospi,size_q5,20,False,9,202.98552988423387,-45.6805239257077,-5.552730415212737,115.62286904980384,48.77763819630858
kospi,size_q5,20,False,10,182.30747383934448,-45.08541588926318,-8.51428936287838,101.86680388285461,52.8636421629173
kospi,size_q5,20,False,11,149.46180291902326,-47.63869457137717,-13.016335881911855,97.10526644120863,45.501721073567204
kospi,size_q5,20,False,12,125.94834796222739,-47.50326141485554,-16.752685248736153,74.77529756404387,55.2955053850253
kospi,size_q5,20,False,13,141.10531771267753,-47.22886520002956,-15.538948713133449,81.50077905908095,57.279388803207155
kospi,size_q5,20,False,14,117.85737016053855,-46.70028280129925,-18.628588623704122,71.5684576816594,56.04970815007386
kospi,size_q5,20,False,15,112.1247861670168,-45.431737818044624,-21.031512711122446,72.695706055965,55.5450014940086
kospi,size_q5,20,False,16,138.37326316205267,-46.78184109365788,-20.06371729792108,85.8488165802683,60.45519897517018
kospi,size_q5,20,False,17,147.58911810775115,-45.68193485579545,-19.5044737638441,72.95241168713325,77.84153028467784
kospi,size_q5,20,False,18,153.7198767457585,-44.200280465931485,-16.320478775837067,82.12344488998046,66.48282956697393
kospi,size_q5,20,False,19,165.95536797729227,-45.544248620399216,-15.47305416787006,91.08024414785135,64.66367194021527
kospi,size_q5,20,True,0,136.0726161095657,-44.01787928049813,-24.189565394440528,81.61261004494662,71.4630822945448
kospi,size_q5,20,True,1,126.49139598510853,-42.940333772935126,-16.675380614618398,61.29673342074238,68.52052284173892
kospi,size_q5,20,True,2,152.8247305943663,-33.50939383004522,-8.737789922405492,64.60141083203166,68.304224874949
kospi,size_q5,20,True,3,167.61540854203645,-44.47779647737492,-7.992051333029016,62.175534995264584,79.34960637277997
kospi,size_q5,20,True,4,81.82119039020685,-42.069282413408104,-6.6490400791137,53.327938023218955,27.029448733887595
kospi,size_q5,20,True,5,31.74142196304097,-46.39087981543103,-18.633323047223083,41.594173876425145,14.348476610757444
kospi,size_q5,20,True,6,68.88514467222164,-47.59145320622504,-14.807815178155204,42.35342323978133,39.259162401987766
kospi,size_q5,20,True,7,94.73395161846491,-46.5714494602321,-8.08798197208832,46.50891094340146,44.61233385230739
kospi,size_q5,20,True,8,101.96956221722822,-47.15780298625616,-8.49974415768967,54.301737972031304,43.051625796802796
kospi,size_q5,20,True,9,129.8659576719908,-45.680523925707675,-3.655650763000484,62.883702190361504,46.47745279406386
kospi,size_q5,20,True,10,114.02275589399808,-45.0854158892632,-1.2347367668268605,52.48124229517459,42.11479889857826
kospi,size_q5,20,True,11,86.16114748058146,-47.63869457137721,-5.623837491172257,47.30646163273165,33.907510268974114
kospi,size_q5,20,True,12,87.4579212422261,-47.503261414855515,-5.7259727455887255,37.46770543435818,44.64754037277729
kospi,size_q5,20,True,13,103.30501812042758,-47.2288652000295,-3.198494950477715,42.2565235649516,47.63651920117029
kospi,size_q5,20,True,14,101.3664193964677,-46.70028280129925,-7.409211677908578,41.492544076887874,53.70419141740843
kospi,size_q5,20,True,15,105.49061298816223,-45.43173781804466,-10.646100306339868,43.36871994554914,60.4072778113917
kospi,size_q5,20,True,16,133.23452516545973,-46.781841093657896,-9.7125116582093,52.19843435491258,69.7286206181067
kospi,size_q5,20,True,17,137.26798239228683,-45.68193485579549,-4.771445252251727,40.100200659846344,77.84153028467762
kospi,size_q5,20,True,18,151.7204412417814,-33.31097991172782,-9.23321790271775,61.08404076708573,72.1626861802628
kospi,size_q5,20,True,19,165.75691764666703,-45.54424862039925,-7.862115702076111,71.5639438607131,68.12036386911015
kospi,size_q5_high_q5,5,False,0,99.15905388642852,-38.269232845121635,-17.988950180937923,49.37857631550302,62.56961123636431
kospi,size_q5_high_q5,5,False,1,123.39269121999048,-38.38990793704511,-9.589679629098224,61.5032647589258,52.99232549953465
kospi,size_q5_high_q5,5,False,2,92.4358576624754,-39.650205024656884,-13.84654845623966,50.758088200909256,48.16058946590864
kospi,size_q5_high_q5,5,False,3,77.41943541017655,-42.64798805196449,-23.02444643411046,47.927153583612345,55.8118454635572
kospi,size_q5_high_q5,5,False,4,69.80939934923947,-42.87850321281679,-9.211607285794132,39.45635869769604,34.11985552673511
kospi,size_q5_high_q5,5,True,0,46.842799584331686,-38.26923284512166,-14.9408298423635,11.69515156408254,54.56002974163787
kospi,size_q5_high_q5,5,True,1,91.90554384378106,-38.38990793704505,-2.8063911344150427,29.714527712147397,52.216311587663355
kospi,size_q5_high_q5,5,True,2,78.13577564262447,-35.669473445624064,-2.1720530542123084,19.873898223718143,51.90203121626382
kospi,size_q5_high_q5,5,True,3,70.75747544949904,-39.632888886309914,-11.688638265897765,19.33105141355993,62.03531461784579
kospi,size_q5_high_q5,5,True,4,41.83178464467721,-42.735699470848786,0.3989927179426145,14.631287148346717,23.236978827730283
kospi,size_q5_high_q5,10,False,0,178.1867320796155,-38.667459401594904,-8.09164838102081,74.8737182542571,73.08398729138491
kospi,size_q5_high_q5,10,False,1,135.83845005500663,-38.89315620061649,-6.109761597043894,71.69805135465757,46.294771149947444
kospi,size_q5_high_q5,10,False,2,176.32011219049838,-37.187006041024475,-12.732576674464013,89.40181437312653,67.17687717507633
kospi,size_q5_high_q5,10,False,3,188.58061053594432,-38.69440309125897,-5.604561716465994,84.61458603365453,65.59610970713211
kospi,size_q5_high_q5,10,False,4,133.68735522767764,-42.02561460729728,0.7287569178536124,58.13936352514166,46.70393147016618
kospi,size_q5_high_q5,10,False,5,162.8012776906599,-36.40053420828083,-0.06386605778302412,47.41280282152622,78.3896790068631
kospi,size_q5_high_q5,10,False,6,135.91418187680188,-40.949861294792356,-5.410241343030863,58.267358960219326,57.58634270690819
kospi,size_q5_high_q5,10,False,7,70.19546585034509,-41.93254816022709,-2.0703186633902804,32.95919224323028,30.711944874392373
kospi,size_q5_high_q5,10,False,8,92.87709021281232,-38.00349059481326,-19.524923761167734,59.54218422965039,50.22551974745688
kospi,size_q5_high_q5,10,False,9,137.0045187700971,-37.99369074139728,-6.257582318330524,55.8599849046115,62.21307104188529
kospi,size_q5_high_q5,10,True,0,121.41060545045094,-38.667459401594876,-4.095007386581395,33.686159521778066,72.69141818390126
kospi,size_q5_high_q5,10,True,1,87.05724616723525,-38.893156200616474,-6.6617267897177594,31.85084493907486,51.995894368997696
kospi,size_q5_high_q5,10,True,2,123.13523946743152,-32.31637495770027,0.3231228479856352,32.81560011722506,67.4626779878735
kospi,size_q5_high_q5,10,True,3,149.06431509173834,-38.69440309125899,6.043681257429734,38.60888496789634,69.44768604161382
kospi,size_q5_high_q5,10,True,4,91.16128439608528,-41.880678643815514,16.749212794771463,20.90007586583953,35.43141172372466
kospi,size_q5_high_q5,10,True,5,73.4847649441075,-36.273236413613965,-1.6671261790011327,2.8260389832496458,71.57717137932491
kospi,size_q5_high_q5,10,True,6,64.22310245037983,-40.94986129479234,-5.501603369421715,13.59335798461412,52.98782644374893
kospi,size_q5_high_q5,10,True,7,20.52359789803251,-42.081903112643474,-3.729680983473549,-2.084891466681038,27.85860661597457
kospi,size_q5_high_q5,10,True,8,67.32707003424304,-35.896490688948546,-15.211922189647332,27.885886828460738,54.3152324245882
kospi,size_q5_high_q5,10,True,9,91.85255835101442,-37.99369074139732,-3.033347695310007,23.926019270138156,59.65506211778746
kospi,size_q5_high_q5,20,False,0,226.94688563702306,-36.917317736189005,6.385049222297234,78.88851774208196,71.79643222741939
kospi,size_q5_high_q5,20,False,1,237.87104771238478,-38.92948309657606,12.191587734997555,84.80653240760014,62.957129540046466
kospi,size_q5_high_q5,20,False,2,294.408792477516,-40.43676685594727,8.959339663758925,98.21555445561607,82.61834129524
kospi,size_q5_high_q5,20,False,3,259.13945907224314,-39.91483312899155,13.62850748716018,77.44141798151516,78.12333694297244
kospi,size_q5_high_q5,20,False,4,192.69126074800448,-44.48327598648765,21.995105572965933,57.110109640079784,52.70850183138518
kospi,size_q5_high_q5,20,False,5,193.11889266656536,-46.03276098208327,15.93866872995784,65.07825946168462,53.15303971519736
kospi,size_q5_high_q5,20,False,6,207.92068983182568,-45.925574530169975,0.185909904413184,95.63356081135699,57.10458664290068
kospi,size_q5_high_q5,20,False,7,156.6845656351873,-43.65248008841468,-4.77596965004915,92.7232290183866,39.86824736263574
kospi,size_q5_high_q5,20,False,8,174.9680453514883,-46.58451319546746,-13.471492032479848,112.2804974606495,49.69693714681136
kospi,size_q5_high_q5,20,False,9,177.32590386999684,-41.394026356647664,-11.736104354210442,78.71838244577212,75.80779231812333
kospi,size_q5_high_q5,20,False,10,164.18079462002336,-34.21122751347504,-8.007150514437955,82.04901795011467,57.746172426267826
kospi,size_q5_high_q5,20,False,11,163.6609590140988,-32.75941295756822,-11.985995464141086,112.31710763581421,41.094166010731236
kospi,size_q5_high_q5,20,False,12,171.87112778533157,-32.57373755498247,-18.667288346505938,95.51352997575361,70.9704362330582
kospi,size_q5_high_q5,20,False,13,130.05182892549297,-39.164820246873575,-19.225781722232917,100.84145438974579,41.80762025398095
kospi,size_q5_high_q5,20,False,14,180.2039812409447,-38.374914371349824,-14.605002452755155,79.46650925623734,82.83462933192544
kospi,size_q5_high_q5,20,False,15,248.4302202622691,-35.286407775000896,-2.437010295536135,63.65514158731784,118.2232708796727
kospi,size_q5_high_q5,20,False,16,212.32774812340605,-40.65765300328592,3.7733813904082147,58.58686213975859,89.783038551727
kospi,size_q5_high_q5,20,False,17,184.67869826520004,-38.95238862893904,15.42931224436408,45.970528307171186,68.95602499724194
kospi,size_q5_high_q5,20,False,18,163.34930323894815,-35.20844106429549,0.5182570417902044,44.128041885109525,81.77691887244747
kospi,size_q5_high_q5,20,False,19,194.88249416434053,-36.27400725571358,13.223907925206003,64.11327762692855,58.69642067554521
kospi,size_q5_high_q5,20,True,0,144.70966846010748,-36.917317736189005,-3.6132934091052893,50.9220534554635,68.22141501639794
kospi,size_q5_high_q5,20,True,1,149.2588304268481,-38.92948309657608,1.1292068138063271,51.251811889657304,62.957129540046374
kospi,size_q5_high_q5,20,True,2,221.56639715976462,-36.68055267100533,12.688838105140988,62.47159404645573,75.63550642983807
kospi,size_q5_high_q5,20,True,3,177.49058964897202,-39.9148331289916,13.297821100426876,37.15811193596554,78.56864528532961
kospi,size_q5_high_q5,20,True,4,115.35704346057982,-44.34448417645385,28.51319385108473,18.96849662562312,40.85730986573874
kospi,size_q5_high_q5,20,True,5,71.99776146631223,-45.21585981823903,3.7039245642312535,14.556054399161166,44.78032777575813
kospi,size_q5_high_q5,20,True,6,100.22740960795855,-45.925574530169996,-6.8917480433281835,40.93031982865003,52.591702353875846
kospi,size_q5_high_q5,20,True,7,78.39722589559383,-43.65248008841473,-4.245280298981601,39.75582777127313,33.308542613753154
kospi,size_q5_high_q5,20,True,8,101.79728114911745,-46.58451319546744,-11.24244277269899,60.561191972016594,41.60199949935588
kospi,size_q5_high_q5,20,True,9,124.28260858532126,-41.39402635664765,-4.492972650936544,34.520020395722774,74.5715010783479
kospi,size_q5_high_q5,20,True,10,107.57661534631522,-34.21122751347503,-3.0738723798699685,37.35710050626449,55.91447956337885
kospi,size_q5_high_q5,20,True,11,103.07418213181529,-32.75941295756814,-7.57357944382494,55.686834644563945,41.12588868554536
kospi,size_q5_high_q5,20,True,12,116.00418347991149,-31.54788862055311,-9.258398631612907,39.736946584491804,70.35091634509875
kospi,size_q5_high_q5,20,True,13,98.29547855325185,-39.164820246873546,-6.009275574180095,46.121529711081635,44.382183282840984
kospi,size_q5_high_q5,20,True,14,145.62481607631082,-38.3749143713498,-0.7733509741650768,36.64543591873615,81.15435831237305
kospi,size_q5_high_q5,20,True,15,172.9536491346109,-35.2864077750009,3.731484994719514,22.40793132284873,114.96549302433885
kospi,size_q5_high_q5,20,True,16,149.77838216941254,-40.65765300328592,5.051239581201017,24.61057803064566,90.80895646795366
kospi,size_q5_high_q5,20,True,17,109.0050863345767,-38.95238862893905,11.569274491603988,10.876258630558699,68.95602499724214
kospi,size_q5_high_q5,20,True,18,122.18936701878059,-32.874167742986536,0.25169429712335045,22.184647212721952,81.39065598275197
kospi,size_q5_high_q5,20,True,19,118.3565655835673,-36.27400725571359,6.339201771047853,36.115241586293,50.85722011575635
kospi,roe_q5_growth_q5,5,False,0,202.8421937680008,-41.71563145674394,-0.19385269024577712,115.21388400696284,40.99016109714773
kospi,roe_q5_growth_q5,5,False,1,201.28071523783478,-41.25189171430538,-0.28854420948621895,116.19943084478632,39.756408132000075
kospi,roe_q5_growth_q5,5,False,2,207.07176746252335,-44.305800417996544,7.992992872778282,114.92927099661743,32.29661914993574
kospi,roe_q5_growth_q5,5,False,3,206.16475827804103,-42.88993386269746,7.948599025255176,118.69837632187377,29.685861024936642
kospi,roe_q5_growth_q5,5,False,4,193.5848072809108,-44.521314790914204,6.177787848173133,116.77080841860187,27.55547590629728
kospi,roe_q5_growth_q5,5,True,0,89.97050128714467,-41.71563145674393,8.672395815568734,60.903994655884475,8.642587587206751
kospi,roe_q5_growth_q5,5,True,1,137.35557654239386,-41.25189171430532,8.523964371511283,73.23758632572807,26.250080986908376
kospi,roe_q5_growth_q5,5,True,2,137.98732354964147,-35.90337359097722,17.257992786830666,68.86648077582159,20.189884139641446
kospi,roe_q5_growth_q5,5,True,3,208.82441879404018,-34.902626927309775,23.4080336732124,77.30365845855509,41.140126832633925
kospi,roe_q5_growth_q5,5,True,4,108.04249912291017,-44.38261807789146,21.25548970440889,77.83417402510284,-3.520414250255033
kospi,roe_q5_growth_q5,10,False,0,273.78144863445,-42.86058160906424,18.352704091330054,129.7749834328473,37.44749031429422
kospi,roe_q5_growth_q5,10,False,1,270.05021268773464,-44.44858340648409,12.80429235245557,142.20885533180518,35.43939823118725
kospi,roe_q5_growth_q5,10,False,2,302.21720279262894,-42.921407121604226,15.279345981916892,145.7485725029466,41.97704526757333
kospi,roe_q5_growth_q5,10,False,3,336.25105726885965,-40.97985593591732,24.099212369321044,145.1258852815921,43.40962237007773
kospi,roe_q5_growth_q5,10,False,4,328.0079379225566,-41.42854065340651,18.793565478314676,146.2152625496784,46.333559036919695
kospi,roe_q5_growth_q5,10,False,5,302.11754891040306,-41.07451644603576,7.343938932402838,144.1226117024005,53.450211612416545
kospi,roe_q5_growth_q5,10,False,6,304.3082488577127,-40.219590812371344,12.380419896530093,138.13517958360148,51.077014300972955
kospi,roe_q5_growth_q5,10,False,7,271.11011278835593,-41.02628569457069,8.691523710748461,133.57854210964564,46.17535882817272
kospi,roe_q5_growth_q5,10,False,8,320.2628640529106,-40.19602948870096,15.44935487177932,145.20262079059657,48.45827080136902
kospi,roe_q5_growth_q5,10,False,9,256.3115945408866,-43.289381902435686,15.451791241289614,128.0065136921981,35.35740671159437
kospi,roe_q5_growth_q5,10,True,0,189.1442640641322,-42.86058160906424,21.4081586599415,90.7334009191791,24.86477999171617
kospi,roe_q5_growth_q5,10,True,1,140.58990415010393,-44.4485834064841,8.718910776088995,74.60281611273929,26.742147781024215
kospi,roe_q5_growth_q5,10,True,2,171.7901066766538,-31.081890334044758,18.85891650988909,78.19585575447827,28.32293301858144
kospi,roe_q5_growth_q5,10,True,3,230.2918231827213,-40.9798559359173,33.76702582146929,85.10796571496513,33.39011382683066
kospi,roe_q5_growth_q5,10,True,4,152.04105658871075,-41.28211200503997,26.476092017105678,82.34269241366661,9.288506361418246
kospi,roe_q5_growth_q5,10,True,5,104.63132195467568,-41.0745164460357,10.872956951219525,57.527168738508514,17.163142668068044
kospi,roe_q5_growth_q5,10,True,6,147.13736697130244,-40.21959081237137,14.269863237275281,64.72828900884598,31.292077427055865
kospi,roe_q5_growth_q5,10,True,7,109.35056883599063,-41.02628569457071,7.2400820962021495,55.672810743418054,25.40193579236787
kospi,roe_q5_growth_q5,10,True,8,211.80216153180407,-27.907798945215,11.512051396214474,92.05927708887079,45.58680875658019
kospi,roe_q5_growth_q5,10,True,9,158.50271771200318,-43.289381902435586,8.850639657623315,86.42395983292808,27.38913809547645
kospi,roe_q5_growth_q5,20,False,0,295.02027680646677,-39.57523200980111,12.805973338867748,139.06449090287666,46.47793818270864
kospi,roe_q5_growth_q5,20,False,1,345.3995033002612,-39.4777401768039,9.5821456774416,163.38660955847342,54.317875811367486
kospi,roe_q5_growth_q5,20,False,2,374.3664788495491,-39.288814756490886,18.850520325078456,157.91626544414012,54.7512525523165
kospi,roe_q5_growth_q5,20,False,3,401.1729178942348,-39.183352025873134,30.53523711346473,147.7246179375304,54.98535596958014
kospi,roe_q5_growth_q5,20,False,4,415.38998097866926,-38.24503655095066,29.088120487884296,155.89921658932923,56.02016679436475
kospi,roe_q5_growth_q5,20,False,5,418.28241897578124,-38.09942498221858,22.95940776420742,163.2288161887992,60.129476459115615
kospi,roe_q5_growth_q5,20,False,6,437.62788516413036,-38.66427383231421,25.496913290911706,173.30474317594877,56.74784299241358
kospi,roe_q5_growth_q5,20,False,7,411.8529962395321,-39.38878370510363,22.102733018046084,174.23542136056335,52.86086601823652
kospi,roe_q5_growth_q5,20,False,8,391.58661633562025,-39.08242378062492,19.99321714939848,161.56012841150348,56.628868733873446
kospi,roe_q5_growth_q5,20,False,9,359.12868006010035,-43.18292152801225,24.49384446241092,162.14538052514357,40.683879145995114
kospi,roe_q5_growth_q5,20,False,10,347.9234435294293,-42.12655198013376,20.34308406974208,162.33850098511402,41.87981826842564
kospi,roe_q5_growth_q5,20,False,11,299.7768417352559,-42.18755766696181,13.769957054622694,151.63462804011098,39.64314888282689
kospi,roe_q5_growth_q5,20,False,12,341.107845449802,-42.98396350423127,14.036331328741912,166.54411637345717,45.121729174321935
kospi,roe_q5_growth_q5,20,False,13,341.62328228922877,-40.82128159403159,14.223093261493913,163.3515954862059,46.81218096054734
kospi,roe_q5_growth_q5,20,False,14,316.27662904512823,-41.193044917677526,7.690341008386015,155.15917301466712,51.49353195537296
kospi,roe_q5_growth_q5,20,False,15,295.3261557697793,-41.728250389402156,4.036593116505838,150.21563826715317,51.864050145126384
kospi,roe_q5_growth_q5,20,False,16,324.73160006723293,-39.74493677591424,7.812466535246609,144.47721727682054,61.14142436627035
kospi,roe_q5_growth_q5,20,False,17,296.02696063120766,-39.6549170964644,6.06577621494675,136.15666032010805,58.10633794397908
kospi,roe_q5_growth_q5,20,False,18,320.3444344047475,-38.8709014383745,16.860186990965566,145.344575456708,46.60955122742336
kospi,roe_q5_growth_q5,20,False,19,302.7754631495509,-39.240401386913746,9.134070497544222,146.28630886493116,49.85194419323409
kospi,roe_q5_growth_q5,20,True,0,202.67675693587722,-39.5752320098011,5.683708250882402,103.12431988457402,40.99675069580153
kospi,roe_q5_growth_q5,20,True,1,215.20700213305233,-39.47774017680386,1.199807732181002,101.8366050041137,54.317875811367465
kospi,roe_q5_growth_q5,20,True,2,218.03529910375752,-27.108301643992238,13.491789757485062,98.97855657686017,40.83305639160941
kospi,roe_q5_growth_q5,20,True,3,246.25064154388028,-39.18335202587312,25.282664604089945,77.87895058631361,55.372819359504
kospi,roe_q5_growth_q5,20,True,4,149.44838928323577,-38.09064914232799,27.04946783597204,70.10020874720762,15.4258302612736
kospi,roe_q5_growth_q5,20,True,5,117.05778504515654,-37.944673544674124,13.825624182289564,57.64903396232688,20.960622343745495
kospi,roe_q5_growth_q5,20,True,6,172.17763781950217,-38.66427383231424,20.55613724235745,68.23563218188427,34.19771833520926
kospi,roe_q5_growth_q5,20,True,7,158.4075187296361,-39.38878370510361,17.52277296068563,69.6898211323894,29.576821902156645
kospi,roe_q5_growth_q5,20,True,8,171.60243036023198,-39.082423780624985,13.598041063982835,71.47036079712687,39.435625055369684
kospi,roe_q5_growth_q5,20,True,9,189.74035450005456,-43.182921528012265,13.464862222303143,94.26812624346393,31.445597746051448
kospi,roe_q5_growth_q5,20,True,10,194.0736448384028,-42.126551980133776,17.35325331770925,95.45788346068875,28.20583126410967
kospi,roe_q5_growth_q5,20,True,11,148.75836538343435,-42.187557666961794,11.297896031417887,77.52494745994964,25.901628331894912
kospi,roe_q5_growth_q5,20,True,12,175.59549883745328,-42.983963504231305,13.89550199250067,82.27010583129217,32.75475982840044
kospi,roe_q5_growth_q5,20,True,13,187.83376223206113,-40.82128159403163,17.87992504057754,79.70738265186486,35.8738759682294
kospi,roe_q5_growth_q5,20,True,14,196.93019027164857,-41.19304491767749,10.954498797683865,81.33075050408023,47.58355979897586
kospi,roe_q5_growth_q5,20,True,15,191.7398616993081,-41.72825038940218,11.296510877520106,73.26819847335022,51.28482363997495
kospi,roe_q5_growth_q5,20,True,16,217.88748465744808,-39.74493677591423,12.068508020530988,76.08640612145774,61.08830434621013
kospi,roe_q5_growth_q5,20,True,17,197.71387621104753,-39.65491709646442,13.464927878726773,65.95416487148155,58.106337943979014
kospi,roe_q5_growth_q5,20,True,18,243.1181914942331,-26.176051790186172,19.4044926738814,100.8450536773402,43.0744008346104
kospi,roe_q5_growth_q5,20,True,19,235.6106296223504,-39.24040138691376,13.717010566099418,97.9742374248916,49.07389350473721
kospi,lowvol_q1_high_q5,5,False,0,14.03137580197853,-22.90647407161187,-4.9479496487556895,19.752359984000755,0.17948479819873686
kospi,lowvol_q1_high_q5,5,False,1,0.26373138841406796,-29.59693026274729,-6.332355912368859,13.12823049336136,-5.379928479986185
kospi,lowvol_q1_high_q5,5,False,2,-10.680578362897874,-32.91126421237956,-6.920475685361682,11.77712761038432,-14.150296028725451
kospi,lowvol_q1_high_q5,5,False,3,-4.817521440763917,-28.03218974983045,-8.962172848996131,12.210596537690034,-6.82460235854252
kospi,lowvol_q1_high_q5,5,False,4,3.9678224321604283,-25.977093736914547,-3.723322116215322,13.676190053282511,-5.003338639818688
kospi,lowvol_q1_high_q5,5,True,0,-7.558376472254979,-22.90647407161197,-12.500339192017218,7.545391110975319,-1.76428929504151
kospi,lowvol_q1_high_q5,5,True,1,-11.895373944644428,-28.423405314230045,-12.462035364422475,5.358683188125846,-4.471725404948534
kospi,lowvol_q1_high_q5,5,True,2,-18.745090437031987,-30.747386354744187,-10.4035323743492,2.8034419886687534,-11.783247155178945
kospi,lowvol_q1_high_q5,5,True,3,-14.750946272229049,-25.9734964161642,-14.08768928587596,4.645130961403576,-5.1766834695264885
kospi,lowvol_q1_high_q5,5,True,4,-2.4559836790874923,-24.445838514157924,-2.3054403384239253,8.594727548690951,-8.056398019112997
kospi,lowvol_q1_high_q5,10,False,0,32.82752065198551,-22.637272620328154,5.962659504438772,24.533613948719733,0.6580759811205539
kospi,lowvol_q1_high_q5,10,False,1,42.42714067580211,-27.54061417300635,12.700720578508506,25.779713654988278,0.4744091818236207
kospi,lowvol_q1_high_q5,10,False,2,29.491854451226462,-30.390613892765483,7.74157424501456,34.35348352663878,-10.543850185232827
kospi,lowvol_q1_high_q5,10,False,3,25.550956603477793,-25.6214705426948,5.762966350588727,24.784670903665585,-4.868320285482097
kospi,lowvol_q1_high_q5,10,False,4,31.719008420439753,-23.68789829149326,5.656901505103673,20.441101857811006,3.5084635907300266
kospi,lowvol_q1_high_q5,10,False,5,48.403379183314634,-18.26092368822898,12.903190611920357,22.657921491599442,7.162287087796249
kospi,lowvol_q1_high_q5,10,False,6,16.69315262359148,-28.914415287647486,6.928836101953051,11.756024009639754,-2.3483488234529504
kospi,lowvol_q1_high_q5,10,False,7,29.35983853312556,-25.8830285862515,10.404690239665392,18.44304269797896,-1.0758366949802034
kospi,lowvol_q1_high_q5,10,False,8,42.22879369640591,-19.51547602293713,11.069902799928188,21.776053750196777,5.154833125819569
kospi,lowvol_q1_high_q5,10,False,9,34.317998615276714,-22.870063600415392,12.519979727647268,17.133432463090713,1.9116180207330968
kospi,lowvol_q1_high_q5,10,True,0,8.990411252258767,-22.63727262032805,-4.466387896090341,11.997356569560914,1.8648430478746647
kospi,lowvol_q1_high_q5,10,True,1,14.371301778785472,-26.64047444855715,-2.146106679237647,11.609063035697487,4.722377266417266
kospi,lowvol_q1_high_q5,10,True,2,6.0072141217600405,-28.96174155308512,-3.247214710785029,18.72857022004666,-7.718061833878376
kospi,lowvol_q1_high_q5,10,True,3,6.335591569228605,-24.327001812403502,-2.6382738598516586,12.057736368129301,-2.535032722857955
kospi,lowvol_q1_high_q5,10,True,4,7.84025246660458,-23.26663602701975,1.5321165208713516,6.656822194324796,-0.41617199649901515
kospi,lowvol_q1_high_q5,10,True,5,4.997384917631642,-19.32188812065726,-4.616665470268799,3.60331509343359,6.250829545631897
kospi,lowvol_q1_high_q5,10,True,6,-12.446293627119731,-27.762520466572525,-5.601165686198861,-4.644869983750121,-2.73337618020576
kospi,lowvol_q1_high_q5,10,True,7,-6.034279077458715,-26.870366334514518,-3.2657980764964956,-0.4757426560104694,-2.397610189540944
kospi,lowvol_q1_high_q5,10,True,8,12.105825069808018,-20.299583826306776,-2.097056777190187,9.173956587248554,4.884999715351723
kospi,lowvol_q1_high_q5,10,True,9,10.67542689227967,-21.70349721433019,5.959724775490871,5.139512825067372,-0.6553637618112451
kospi,lowvol_q1_high_q5,20,False,0,44.08062670387589,-20.38831187103155,9.911872867891702,23.23863403406041,6.368762013109031
kospi,lowvol_q1_high_q5,20,False,1,53.08128164095689,-21.120786927780344,15.19577497325113,25.933624461295167,5.522199722518328
kospi,lowvol_q1_high_q5,20,False,2,43.86057768042582,-27.126012185041148,15.161235971456687,32.78996442416642,-5.925866231285193
kospi,lowvol_q1_high_q5,20,False,3,69.41555985404291,-24.57846830969728,22.250193488838587,36.167552615231415,1.7724215911996355
kospi,lowvol_q1_high_q5,20,False,4,52.2275296709221,-26.222391830337276,17.805633776657892,29.624335590305616,-0.31252488039348325
kospi,lowvol_q1_high_q5,20,False,5,59.437588685734525,-19.489016028892912,18.624147093295562,24.777045946294418,7.716669015821953
kospi,lowvol_q1_high_q5,20,False,6,45.61838153382065,-29.5302151702456,23.432650835342095,23.91363952362424,-4.793405524013616
kospi,lowvol_q1_high_q5,20,False,7,59.309526007667834,-28.71972277136532,26.517804517802546,31.444286749382066,-4.20377742258421
kospi,lowvol_q1_high_q5,20,False,8,72.04801622273615,-26.188056427538143,30.842397831642486,32.91046477482962,-1.0668132851579304
kospi,lowvol_q1_high_q5,20,False,9,62.10792020591875,-26.752102888140918,23.930569939583467,37.47512160587152,-4.851559507939673
kospi,lowvol_q1_high_q5,20,False,10,72.32806947108001,-22.28054344873658,36.232493293769764,30.123946434305825,-2.7883999272515725
kospi,lowvol_q1_high_q5,20,False,11,74.36925303991002,-28.35639373783274,31.952407094126656,28.43863058311422,2.886151743541121
kospi,lowvol_q1_high_q5,20,False,12,64.1159392433073,-21.348418202122453,21.950798608498225,28.644736702688924,4.610214225800879
kospi,lowvol_q1_high_q5,20,False,13,47.27386598392809,-17.646813155018236,13.467250380989903,24.11467920024295,4.575995472813732
kospi,lowvol_q1_high_q5,20,False,14,47.37346700273362,-19.864232577494466,10.771471322594062,30.15145155518959,2.2215260519157454
kospi,lowvol_q1_high_q5,20,False,15,53.8525004691929,-23.73408820937055,16.278226577337307,30.27150899112474,1.5679567200486355
kospi,lowvol_q1_high_q5,20,False,16,34.439722362308615,-27.587499067399392,12.18503278157912,29.6119020730653,-7.541295547634541
kospi,lowvol_q1_high_q5,20,False,17,41.74656043674388,-20.819608592685235,11.472142108504535,30.875935967773714,-2.8402515221408686
kospi,lowvol_q1_high_q5,20,False,18,53.92698672103524,-16.31511422814692,12.038523489437637,28.046766070900752,7.294825166275287
kospi,lowvol_q1_high_q5,20,False,19,57.802178782951955,-18.141429100819263,21.637870957403905,21.71735230411731,6.583919912254266
kospi,lowvol_q1_high_q5,20,True,0,33.01372696288103,-20.388311871031505,8.814773474925385,17.988694760584956,3.6020152170511244
kospi,lowvol_q1_high_q5,20,True,1,43.71820593637072,-21.120786927780387,17.16427706422965,16.244585719950976,5.522199722518262
kospi,lowvol_q1_high_q5,20,True,2,37.78118370871661,-26.20774375361301,19.705911619681693,21.911617130713278,-5.5875601401056185
kospi,lowvol_q1_high_q5,20,True,3,50.47935426879522,-24.578468309697264,23.99119838281174,19.012047830194213,1.975333260317158
kospi,lowvol_q1_high_q5,20,True,4,38.94329182771807,-26.222391830337234,22.388266653365243,15.062095102671513,-1.334454290445919
kospi,lowvol_q1_high_q5,20,True,5,20.683881608010246,-19.48901602889289,10.87028260876719,1.7996086018478463,6.927153916773454
kospi,lowvol_q1_high_q5,20,True,6,15.177217175163825,-29.530215170245622,15.995578733688909,4.783219856699783,-5.238177311678527
kospi,lowvol_q1_high_q5,20,True,7,27.621398351128356,-28.71972277136534,20.807841842210408,11.873615616802603,-5.572020140251754
kospi,lowvol_q1_high_q5,20,True,8,35.58683682246539,-26.188056427538175,21.831147329835066,13.731626554589415,-2.146143893245045
kospi,lowvol_q1_high_q5,20,True,9,28.924843523034394,-26.75210288814093,17.49492462464466,16.015829264970584,-5.419793621816538
kospi,lowvol_q1_high_q5,20,True,10,19.301936800790287,-21.880104482785423,7.6023670257702625,12.083644565014406,-1.080155491700796
kospi,lowvol_q1_high_q5,20,True,11,18.23494622099593,-28.356393737832686,0.40978883632742935,10.778286440649554,6.295569081072472
kospi,lowvol_q1_high_q5,20,True,12,22.464650386626907,-21.348418202122478,0.38657238159323093,15.922050790992405,5.237146928465353
kospi,lowvol_q1_high_q5,20,True,13,14.521600343279095,-17.520936565416445,-3.3514729807273658,11.14969160729531,6.606554365080575
kospi,lowvol_q1_high_q5,20,True,14,17.918455515150143,-18.686774209823497,-0.6720720330638974,16.99454389003563,1.4716675815911406
kospi,lowvol_q1_high_q5,20,True,15,21.40007272383184,-21.190180175880645,2.6839170436233406,17.50780293529608,0.6120072557180167
kospi,lowvol_q1_high_q5,20,True,16,7.512550623715963,-26.998779664194384,1.999601466813128,14.050101092063638,-7.580201838328926
kospi,lowvol_q1_high_q5,20,True,17,10.530807571577494,-20.819608592685146,-1.464204696284832,15.452391938422029,-2.840251522140813
kospi,lowvol_q1_high_q5,20,True,18,32.0542103833396,-14.61412280521336,3.003952498512419,21.893474218734244,5.176304501122342
kospi,lowvol_q1_high_q5,20,True,19,32.755657724236166,-17.936782673571262,13.048420949093487,15.92175479845137,1.3032996491332272
kospi,amount_q5_rsi_le30,5,False,0,46.961934735559986,-9.740978120329258,4.2395621023778585,6.3435560610271,32.57483757891937
kospi,amount_q5_rsi_le30,5,False,1,38.10135600687228,-13.243841453738947,17.38639439125551,7.073008040679496,9.875325867858065
kospi,amount_q5_rsi_le30,5,False,2,23.6414384850232,-8.26591295546496,11.618204824057976,14.391997086414477,-3.1647732907714055
kospi,amount_q5_rsi_le30,5,False,3,14.873641595584708,-8.680726113076165,11.839103730578682,10.839550122153629,-7.331537740622229
kospi,amount_q5_rsi_le30,5,False,4,22.91244357155442,-14.472365414867793,6.57126872169167,6.894004820361821,7.89526061580792
kospi,amount_q5_rsi_le30,5,True,0,5.071331964890158,-13.005336149426538,-4.892155838579426,1.0299248027932029,9.349769143064378
kospi,amount_q5_rsi_le30,5,True,1,14.511730950431545,-3.8225164089663033,7.901925682847644,5.098683158268491,0.977243141592532
kospi,amount_q5_rsi_le30,5,True,2,4.1701597527066925,-8.265912955464971,1.9763221168604739,5.489834724654963,-3.1647732907713944
kospi,amount_q5_rsi_le30,5,True,3,0.8448340451485459,-6.388587304175541,0.7522954162135775,3.473540305056888,-3.268171391364494
kospi,amount_q5_rsi_le30,5,True,4,13.123071657615837,-9.632350063572915,6.095634727110588,3.225559513455867,3.291938550194562
kospi,amount_q5_rsi_le30,10,False,0,1.5404216188960707,-16.940478364410193,4.1836898661312905,1.5293957967622562,-4.00526237616643
kospi,amount_q5_rsi_le30,10,False,1,5.899018219424557,-20.08875154038583,7.786131660410933,0.9380263041838255,-2.663833140908556
kospi,amount_q5_rsi_le30,10,False,2,12.544590119344857,-12.260450333443618,11.15276469476283,4.072023876402708,-2.709518184480708
kospi,amount_q5_rsi_le30,10,False,3,20.936046986101342,-10.656601265806875,19.462606222922773,7.910549037535941,-6.187678890884363
kospi,amount_q5_rsi_le30,10,False,4,17.95670548909687,-10.45637846470935,12.558534914175468,3.474189076757561,1.277313148523107
kospi,amount_q5_rsi_le30,10,False,5,63.73318421747041,-10.760090852945813,17.68334995713534,14.636615879284598,21.36636043611886
kospi,amount_q5_rsi_le30,10,False,6,62.82510084118407,-13.702630872682297,11.798218280278672,17.429883228378507,24.02460270352822
kospi,amount_q5_rsi_le30,10,False,7,34.48235453507063,-11.49919549678543,3.912108210941412,32.859245731857655,-2.5891426860003453
kospi,amount_q5_rsi_le30,10,False,8,2.6935467316817174,-17.409374528993947,-1.7848100482107165,15.758472901136965,-9.674223538358229
kospi,amount_q5_rsi_le30,10,False,9,6.096096004756002,-19.11168138621924,4.257595769330025,5.127771320692598,-3.2002489700944214
kospi,amount_q5_rsi_le30,10,True,0,-1.3913594860107348,-15.99015368884218,3.4839333730821043,-0.7353495122604636,-4.005262376166452
kospi,amount_q5_rsi_le30,10,True,1,1.253557935552596,-10.12657258646713,4.239412215749927,-0.2060761032757874,-2.6638331409085225
kospi,amount_q5_rsi_le30,10,True,2,2.182880191438308,-9.716517358602317,5.38501401436986,-0.3381538067300238,-2.7095181844806637
kospi,amount_q5_rsi_le30,10,True,3,-0.9054850956582206,-10.59281558032399,4.661622479699901,0.9258165107162153,-6.187678890884385
kospi,amount_q5_rsi_le30,10,True,4,6.337413351911025,-5.404754201140061,6.714122639032638,2.976302756501892,-3.2330842834065066
kospi,amount_q5_rsi_le30,10,True,5,2.809693052143758,-10.58109990331767,4.5127283009819275,5.743413427041832,-6.972456737053445
kospi,amount_q5_rsi_le30,10,True,6,14.542967707827813,-3.9914356957835184,4.78206618676944,7.241798574046054,1.9336050665601068
kospi,amount_q5_rsi_le30,10,True,7,9.214497061293581,-8.17458748147275,0.5485842254250528,11.505673364589054,-2.589142686000323
kospi,amount_q5_rsi_le30,10,True,8,-2.4630356743862714,-12.193442203017412,2.800498610050761,5.066642488079309,-9.695548415784438
kospi,amount_q5_rsi_le30,10,True,9,2.7616330104923703,-18.72811636260725,5.18090180945876,0.929905527396091,-3.2002489700944436
kospi,amount_q5_rsi_le30,20,False,0,5.3980107944193945,-15.23798183984143,-0.30667142979926565,1.2127455043537738,4.455451874176819
kospi,amount_q5_rsi_le30,20,False,1,11.14156464281617,-18.105347109898084,7.522967843012585,2.9233534592065125,0.42950802494039486
kospi,amount_q5_rsi_le30,20,False,2,18.487237328087502,-9.173400030624546,6.471460061320622,7.4110948623503425,3.607029042984422
kospi,amount_q5_rsi_le30,20,False,3,-1.2574650432846446,-14.028110962700445,4.117085085540229,7.304194475649095,-11.61764430308001
kospi,amount_q5_rsi_le30,20,False,4,8.172080165552442,-14.730920604231423,2.780056342236792,3.270577600015967,1.9130323358551804
kospi,amount_q5_rsi_le30,20,False,5,55.99055992233622,-9.204284277878571,5.5035989193424895,13.993086122097687,29.70374954327046
kospi,amount_q5_rsi_le30,20,False,6,42.55804762961348,-15.041374006333829,-4.738179024030165,23.12685584304819,21.540234640802545
kospi,amount_q5_rsi_le30,20,False,7,24.687274991011023,-10.559148569899302,0.640671786188407,27.533726776004674,-2.8543058617326533
kospi,amount_q5_rsi_le30,20,False,8,8.940630344947941,-14.965029586756973,-7.522933115794562,16.253031561585175,1.3331516492055773
kospi,amount_q5_rsi_le30,20,False,9,0.3810729026151094,-16.42261414177507,-7.656440001381116,9.504263610218299,-0.7308756684743178
kospi,amount_q5_rsi_le30,20,False,10,6.165004710759003,-10.916320093939635,9.516646304926368,3.4342663138582807,-6.279022614316354
kospi,amount_q5_rsi_le30,20,False,11,11.460137149151484,-16.579898758732202,13.661269710089453,4.828531536708591,-6.453494717471331
kospi,amount_q5_rsi_le30,20,False,12,12.206618605010867,-17.366728891202964,13.218659328962179,3.016249816766914,-3.7956452392542417
kospi,amount_q5_rsi_le30,20,False,13,27.457874880781397,-14.05629082219011,26.281633815103067,2.5869737223240596,-1.6137828785172559
kospi,amount_q5_rsi_le30,20,False,14,11.145242270774425,-20.422004198940826,8.01712384222828,3.451434419105648,-0.5369549819087216
kospi,amount_q5_rsi_le30,20,False,15,16.393514102351816,-16.14638049412752,5.627679451197487,7.269510577782956,2.7246670860815447
kospi,amount_q5_rsi_le30,20,False,16,15.961144707316155,-21.11351105701138,3.84142163822796,7.816446672475541,3.5754560098445243
kospi,amount_q5_rsi_le30,20,False,17,13.060810200052032,-18.340907006426022,-2.551184759750813,14.538407193009384,1.2941560741285274
kospi,amount_q5_rsi_le30,20,False,18,-4.534476380058106,-23.722777985855448,-4.675758864151113,7.925797741861507,-7.20641900201241
kospi,amount_q5_rsi_le30,20,False,19,2.222712074507216,-23.94827668330459,-4.233917655654517,5.515707164053496,1.162269471122035
kospi,amount_q5_rsi_le30,20,True,0,4.935316442011639,-14.307134550751123,-0.8858808324862633,1.357301287506596,4.455451874176797
kospi,amount_q5_rsi_le30,20,True,1,-0.8518647358408571,-8.527179612266833,-0.6451615832230972,-0.6348267744943015,0.42950802494039486
kospi,amount_q5_rsi_le30,20,True,2,5.503317209635639,-9.173400030624546,2.4900522209840403,-0.6437526407729766,3.6070290429844443
kospi,amount_q5_rsi_le30,20,True,3,-9.864641938669838,-13.674188138374998,3.259076208902134,-1.2353838730126632,-11.617644303079988
kospi,amount_q5_rsi_le30,20,True,4,-1.6635098290137096,-5.071425852320277,1.6049819184723368,-1.0250838003701301,-2.214478155339805
kospi,amount_q5_rsi_le30,20,True,5,2.8646305028985575,-8.232047001363474,0.6253716472473858,2.0647749026904583,0.15731901036637463
kospi,amount_q5_rsi_le30,20,True,6,2.758320357249633,-6.386922705289432,-0.21154463917586463,-0.917791460258488,3.930021769721148
kospi,amount_q5_rsi_le30,20,True,7,-1.0841304949092745,-8.778948277563803,1.787077782585067,0.0344919518197484,-2.854305861732709
kospi,amount_q5_rsi_le30,20,True,8,1.1679267339988364,-7.565069053970785,0.9214659971739092,-1.0746149810280325,1.3331516492055995
kospi,amount_q5_rsi_le30,20,True,9,0.521282610843099,-16.42261414177508,0.9593534380170299,0.2991539974960711,-0.7308756684742734
kospi,amount_q5_rsi_le30,20,True,10,-2.263581720343011,-10.916320093939625,5.206957441431448,-0.8768375680470286,-6.279022614316365
kospi,amount_q5_rsi_le30,20,True,11,1.2468120167994368,-15.364356644864529,7.254145218722341,0.9112773547057973,-6.453494717471331
kospi,amount_q5_rsi_le30,20,True,12,-0.8319408724558053,-16.63604872018182,2.3338793971457106,0.7297240403938643,-3.795645239254264
kospi,amount_q5_rsi_le30,20,True,13,3.3273672255691,-6.370739450905571,4.812343416694631,0.2002188324367049,-1.6137828785172892
kospi,amount_q5_rsi_le30,20,True,14,1.0890876669606309,-10.274780333631151,-1.756006118390574,3.451434419105648,-0.5369549819087216
kospi,amount_q5_rsi_le30,20,True,15,8.20650465504551,-9.285881361754578,0.44297656108911454,4.871879569477788,2.7246670860815447
kospi,amount_q5_rsi_le30,20,True,16,11.033372558287645,-11.246627422548638,-1.8041796082640449,9.170091547748838,3.575456009844502
kospi,amount_q5_rsi_le30,20,True,17,10.34304633175298,-10.219359757404812,-3.1673256730651356,12.49640726464667,1.2941560741285274
kospi,amount_q5_rsi_le30,20,True,18,-8.215243229751234,-16.177833826689493,-2.5425568747755145,4.744941245295986,-10.086999511397998
kospi,amount_q5_rsi_le30,20,True,19,3.5640620633072606,-22.77790468731823,0.38510667559537026,1.9814606008469404,1.1622694711220127
kospi,per_0_5,5,False,0,-24.057993746250617,-47.79898470170224,-37.67950763556841,20.65518459585538,0.9962391390103464
kospi,per_0_5,5,False,1,-22.268647233732743,-45.258895318706315,-38.43093851132863,24.185884943447867,1.6626569590152407
kospi,per_0_5,5,False,2,-8.586718986698505,-44.1164665453639,-37.82678511273758,23.67385333455396,18.885278598195534
kospi,per_0_5,5,False,3,-22.946515570347515,-43.92898675795062,-33.74062601042053,14.343950977896224,1.7025307049544303
kospi,per_0_5,5,False,4,-27.566207974896585,-42.02590659323827,-30.766448199752936,8.804161932198884,-3.84339939776952
kospi,per_0_5,5,True,0,-34.03864266566391,-41.50381005685435,-34.11139836932661,17.31584749547681,-14.665900278122823
kospi,per_0_5,5,True,1,-24.692460728784237,-36.303502646257144,-32.51116197320377,19.19813314247587,-6.386808320194037
kospi,per_0_5,5,True,2,-6.86069725224,-32.45595670310137,-29.84312023571367,19.433074279056296,11.157329748486266
kospi,per_0_5,5,True,3,-12.610761896086576,-34.58308735899808,-26.765949962013625,21.472017935468358,-1.7644560288790245
kospi,per_0_5,5,True,4,-33.488924957340295,-40.809877748894465,-23.594340007211468,12.652470795258886,-22.727010466366494
kospi,per_0_5,10,False,0,8.988587421322602,-38.97649223026267,-32.975455856242384,60.86562712689607,1.0843443554118704
kospi,per_0_5,10,False,1,6.655309998963221,-37.43219427688453,-28.17410776874589,46.66462908484035,1.2455781102294727
kospi,per_0_5,10,False,2,27.962013652769492,-35.777629170305225,-29.10055623274981,43.760223000560416,25.54502279974493
kospi,per_0_5,10,False,3,18.372208602904117,-39.06991890936099,-28.892806412590556,40.65955460209032,18.349649041224225
kospi,per_0_5,10,False,4,16.560986132166345,-34.095590443702065,-27.729935547152664,31.83557716599996,22.338216854114524
kospi,per_0_5,10,False,5,16.521520023657168,-36.91503115383986,-29.23911600603766,38.12376599526275,19.21872709976182
kospi,per_0_5,10,False,6,2.0124154779261216,-40.92263317755665,-32.20867844571805,35.136487400574914,11.354123696020002
kospi,per_0_5,10,False,7,15.19870215685366,-35.52173890598136,-28.645476004065962,44.06902152141292,12.061250997092987
kospi,per_0_5,10,False,8,16.80174647652337,-38.7272459325745,-23.312735897154546,40.11191059703316,8.705379670130275
kospi,per_0_5,10,False,9,9.795360410766985,-42.872695813413564,-22.45433910983635,46.84922833505132,-3.582732717984072
kospi,per_0_5,10,True,0,6.675997219825325,-38.976492230262714,-24.93827768128164,50.84354974024576,-5.784698507885144
kospi,per_0_5,10,True,1,-0.32800440177129797,-37.43219427688451,-23.9074689538734,31.999887125470995,-0.7666703880845227
kospi,per_0_5,10,True,2,27.238633924089804,-29.620194343487547,-20.74147951254972,35.34028581545536,18.616729991130843
kospi,per_0_5,10,True,3,32.79053841644905,-31.192778809246256,-19.646244545463464,41.75315474100421,16.58111907765667
kospi,per_0_5,10,True,4,-1.0789423544553256,-33.561603883742755,-16.633912519439733,25.97166606363299,-5.805301989333522
kospi,per_0_5,10,True,5,-13.835636407479178,-37.51864579130076,-29.927541442145355,26.906458843475313,-3.1060628047795413
kospi,per_0_5,10,True,6,-13.113535531906773,-36.13209939203824,-28.14184965951464,22.34503101166936,-1.1697813765443654
kospi,per_0_5,10,True,7,-12.350311794136925,-35.521738905981294,-27.057916643748836,22.957244042382598,-2.272206853668335
kospi,per_0_5,10,True,8,1.6781222420640063,-34.44959387760819,-23.052520404758482,34.15385518189164,-1.501422041471412
kospi,per_0_5,10,True,9,-0.5375751063208423,-42.872695813413486,-18.476999291619535,37.21142077556576,-11.082217182063003
kospi,per_0_5,20,False,0,25.40557410789319,-36.19303116410545,-27.44962576302259,52.23177571722353,13.54600809560289
kospi,per_0_5,20,False,1,15.514016773184803,-37.23286827156155,-26.32583729738398,34.182004854494565,16.84905393522367
kospi,per_0_5,20,False,2,32.27964242786376,-33.15375286126333,-23.02487149590623,43.89717570649114,19.423644236225734
kospi,per_0_5,20,False,3,32.85987471961052,-33.32737219172961,-22.182468189139893,42.158879629114445,20.09983053977029
kospi,per_0_5,20,False,4,40.90537633408644,-30.779813355155827,-21.086924456404066,38.00694146546184,29.383132994547665
kospi,per_0_5,20,False,5,45.608352253881044,-33.21220359186226,-20.53320996809559,54.40279039438063,18.671237726352086
kospi,per_0_5,20,False,6,33.76112911868776,-31.924058898166784,-21.525247852416463,41.807668716369804,20.19883434701082
kospi,per_0_5,20,False,7,27.21080874290127,-32.265131710518204,-21.869620283765723,45.08158672016111,12.225560197842178
kospi,per_0_5,20,False,8,15.614961623007062,-40.45048504775433,-22.833226658931103,48.229259952873946,1.076398272823309
kospi,per_0_5,20,False,9,23.40908072420602,-39.04564267074323,-20.06458974604195,56.66008119735917,-1.4516036056111736
kospi,per_0_5,20,False,10,29.394009452974302,-36.258559892676644,-26.543051264755412,71.33674094237091,2.8089169169185135
kospi,per_0_5,20,False,11,29.29410321368846,-36.87848776961958,-20.683618836915407,64.21150843895174,-0.7313223866453611
kospi,per_0_5,20,False,12,37.95681905951345,-37.39034222535743,-22.09282029783777,70.25692109724588,4.006603445210133
kospi,per_0_5,20,False,13,40.895012403196354,-39.501724953262084,-20.88932880021709,79.64063069056468,-0.8583872690801297
kospi,per_0_5,20,False,14,38.33856717061628,-37.220528565349895,-23.793167913301673,66.26557234361536,9.180991299101326
kospi,per_0_5,20,False,15,37.917372913156775,-36.83786364312196,-23.73259912167953,62.03194711383271,11.603901935743611
kospi,per_0_5,20,False,16,53.044843264285625,-32.95022953013241,-23.988654464896044,73.52296498911328,16.033480849838334
kospi,per_0_5,20,False,17,55.04697759919135,-32.79457285449897,-23.54165822483588,65.58278721138657,22.46817362920066
kospi,per_0_5,20,False,18,55.46235990458253,-31.990492791776624,-24.74145862453171,69.6634066487793,21.753450024465938
kospi,per_0_5,20,False,19,36.155127767885034,-38.76439298348879,-21.0457734689541,54.382657852571455,11.701782939324023
kospi,per_0_5,20,True,0,41.48302755503905,-36.19303116410547,-15.974373291016885,48.89745449289564,13.08508035949243
kospi,per_0_5,20,True,1,35.692688274622554,-34.612407751022985,-16.046297213831686,38.322041660626205,16.84905393522371
kospi,per_0_5,20,True,2,38.0651393795564,-33.153752861263364,-11.351943303539658,42.49832880433584,9.296195542919094
kospi,per_0_5,20,True,3,46.35376670262013,-33.32737219172953,-11.15563873034684,36.81926687762829,20.400080116119913
kospi,per_0_5,20,True,4,9.93050352756628,-30.60676288854367,-10.458175470621322,23.5539051800975,-0.6344590869493905
kospi,per_0_5,20,True,5,-3.6150365427619846,-33.423594774919486,-22.52354569558407,26.427139076012885,-1.5990617203487156
kospi,per_0_5,20,True,6,2.865738282845731,-31.92405889816684,-19.33770423527996,20.311027685016157,5.9972827986607635
kospi,per_0_5,20,True,7,-6.877842342779261,-32.26513171051817,-19.211657837051366,18.299980331573718,-2.5639518168128705
kospi,per_0_5,20,True,8,-7.611877554896562,-40.45048504775433,-18.568280552812745,25.49269789301849,-9.592579090903852
kospi,per_0_5,20,True,9,7.886565135949608,-39.04564267074323,-13.817049052810104,38.0827660074599,-9.341917758699081
kospi,per_0_5,20,True,10,15.91758418485496,-36.2585598926766,-19.34513488745202,50.58078314464285,-4.555875010691135
kospi,per_0_5,20,True,11,14.752720105525906,-36.878487769619596,-16.72034045144598,46.203915604063205,-5.75354060516241
kospi,per_0_5,20,True,12,27.64280451011778,-37.39034222535742,-15.42739650395819,50.53487218392969,0.2604199606783819
kospi,per_0_5,20,True,13,29.39206058270578,-39.501724953262055,-14.137786284287978,55.081431069084275,-2.826969349560926
kospi,per_0_5,20,True,14,33.25618008777251,-37.22052856534987,-13.155236118094503,44.969134699282435,5.844470406553404
kospi,per_0_5,20,True,15,39.343705583139865,-36.837863643121935,-12.713567014407435,48.0702484390721,7.813415449833672
kospi,per_0_5,20,True,16,53.4169414228604,-32.95022953013248,-10.412641498429876,47.29007563993805,16.26609964101955
kospi,per_0_5,20,True,17,57.04704457533134,-32.79457285449905,-9.962521691335901,42.42400810276972,22.46817362920046
kospi,per_0_5,20,True,18,56.10297738843746,-28.849328177482114,-10.62591606067258,57.26074916633894,11.065517080756093
kospi,per_0_5,20,True,19,52.83721581163023,-38.76439298348867,-7.206084817114755,47.663299941476666,11.54164600256793
kospi,growth_q5,5,False,0,150.58063177801765,-48.27975483922457,-2.833591649373579,91.09198305302684,34.9549699178759
kospi,growth_q5,5,False,1,168.57987325482463,-48.12298710489172,2.5456925554589116,106.44643357652073,26.866996211636373
kospi,growth_q5,5,False,2,150.22315951087566,-48.158421842574384,3.2874377646074926,95.8767648462024,23.67931663245857
kospi,growth_q5,5,False,3,162.63107421534664,-45.561769936569455,7.408575747638468,81.00553779479628,35.08753906571502
kospi,growth_q5,5,False,4,154.60641999600278,-48.7598438616269,0.3561771601663821,90.6951746918688,33.0410111415854
kospi,growth_q5,5,True,0,40.78842749471525,-48.27975483922461,8.75257354990293,22.935531200800984,5.30524261654266
kospi,growth_q5,5,True,1,101.52886304278096,-48.12298710489175,21.36231701075737,44.622762945874705,14.819788150025136
kospi,growth_q5,5,True,2,108.30168768635646,-38.91642487518047,27.03267070346005,36.42213745976925,20.196690573949326
kospi,growth_q5,5,True,3,150.94766406236087,-37.735290811560304,30.85373409956702,28.315739457987178,49.45729094878566
kospi,growth_q5,5,True,4,67.64826015430434,-48.631743471281005,25.120396603434216,31.610160963295098,1.8079090900672945
kospi,growth_q5,10,False,0,269.4569610612442,-44.00465627268828,19.267329681266652,108.55985716991606,48.52912997443344
kospi,growth_q5,10,False,1,244.81694931153993,-45.80642553654073,21.454450385931988,94.38472468214694,46.05385970140637
kospi,growth_q5,10,False,2,239.31063540580357,-44.86308940751723,21.32329778746658,105.59086700497878,36.03461997716446
kospi,growth_q5,10,False,3,298.9917150407772,-44.325651559447934,31.618554626640183,109.16484837147453,44.929922650237145
kospi,growth_q5,10,False,4,283.426791440793,-46.19647765185847,19.548644317364605,117.43602023421107,47.50485305935317
kospi,growth_q5,10,False,5,242.34842440293502,-46.52022280830986,10.70330592314377,105.86932926743562,50.21596549442098
kospi,growth_q5,10,False,6,248.19869509315043,-45.79546119365334,16.49737735888963,109.13476384526834,42.917286046709854
kospi,growth_q5,10,False,7,226.91297686271787,-47.10184318627062,14.957128634047656,102.65487345506901,40.32634081706048
kospi,growth_q5,10,False,8,215.40638825844863,-46.23498382928742,9.65168793599318,104.27972928246558,40.80883011131886
kospi,growth_q5,10,False,9,217.51760333362796,-45.83478846020279,6.128426968925038,109.71020044297126,42.664699271268766
kospi,growth_q5,10,True,0,175.99568784501835,-44.00465627268828,29.158473834924603,57.25449737238071,35.88650139883802
kospi,growth_q5,10,True,1,143.32520329835577,-45.80642553654073,32.51087395661922,34.015646295887095,37.01877217231839
kospi,growth_q5,10,True,2,148.6121663447009,-32.504185478707406,41.61482631198512,31.73753131455126,33.26132685309224
kospi,growth_q5,10,True,3,191.90123770917467,-44.32565155944794,44.347743619382406,41.832667099155294,42.5770639685755
kospi,growth_q5,10,True,4,113.08359275444766,-46.06196884598813,29.963504960263876,45.49009480427313,12.692540248474415
kospi,growth_q5,10,True,5,57.52860544049785,-46.52022280830985,6.9050153954218985,28.732039907015295,14.465522946858279
kospi,growth_q5,10,True,6,97.03281575372682,-45.79546119365332,14.346225387169142,36.81351049990482,25.94697592234465
kospi,growth_q5,10,True,7,93.04920204315125,-47.10184318627063,22.604448761512884,30.61618295675825,20.549327988955078
kospi,growth_q5,10,True,8,144.49055181612053,-34.28657093889345,16.788261541622497,50.45775517073003,39.13881782705968
kospi,growth_q5,10,True,9,131.14490136053044,-45.834788460202816,14.207330459084178,51.17380578951503,33.87941048606833
kospi,growth_q5,20,False,0,286.7832181812796,-43.74805785473582,21.45150433044418,119.9128007711138,44.815222020975455
kospi,growth_q5,20,False,1,296.90578465902087,-43.47171688368589,22.75654264086928,115.33672152848115,50.14977423409659
kospi,growth_q5,20,False,2,325.77797481095143,-43.79547919997337,26.428153487707217,127.10614420162392,48.28953830121212
kospi,growth_q5,20,False,3,305.57227219817185,-42.313912707232205,22.394725440323526,120.84720079414653,50.04227982419336
kospi,growth_q5,20,False,4,283.9854881691528,-44.71892091686247,12.517348903850767,136.31523873772147,44.41210308600378
kospi,growth_q5,20,False,5,271.2854596434309,-45.83576588855518,9.29780404184315,128.09037865948608,48.93252035091085
kospi,growth_q5,20,False,6,262.808054412626,-44.91698140179508,11.698615792434497,125.63215405136243,43.955459192585145
kospi,growth_q5,20,False,7,259.8457733208671,-45.352710064294435,15.821891609706661,109.49806991183829,48.301562285187536
kospi,growth_q5,20,False,8,216.549394414162,-47.50786791869961,7.075817633331982,111.56622326511867,39.73453506615634
kospi,growth_q5,20,False,9,261.67653438196413,-45.50865668414108,13.071968747230711,114.76897033322663,48.93399654229573
kospi,growth_q5,20,False,10,258.97864333598545,-44.2410646637617,13.970549295889167,106.70895637751707,52.376037677056964
kospi,growth_q5,20,False,11,249.26162115398557,-44.32639172655548,12.954379332978627,102.3085839590998,52.83875160804685
kospi,growth_q5,20,False,12,230.66201059466528,-44.14349813271973,14.760014757109952,97.04238258298344,46.229183993408164
kospi,growth_q5,20,False,13,253.28719061334945,-44.56842190884738,13.54798217067399,110.40904825309204,47.87135700373837
kospi,growth_q5,20,False,14,248.84327244997212,-44.54402459147849,13.071499886194893,111.00053836009339,46.21557463978976
kospi,growth_q5,20,False,15,287.73174997229904,-44.12022657101652,13.767034485574214,129.31498451413907,48.621791877395815
kospi,growth_q5,20,False,16,339.48705086344796,-43.729754190761284,28.109546610046475,131.92517288744514,47.916526653250834
kospi,growth_q5,20,False,17,321.51780916828193,-44.37127024822496,25.525545475441813,127.3152824236791,47.72540070724751
kospi,growth_q5,20,False,18,295.84083303893243,-43.289412950033835,24.72117227606443,111.57425676831264,50.009092510524255
kospi,growth_q5,20,False,19,314.59437593320104,-43.22553754076019,32.62186182707909,110.83405616709152,48.27485974333716
kospi,growth_q5,20,True,0,203.81884735611416,-43.74805785473579,18.83139554890112,80.9229323367693,41.315531491252514
kospi,growth_q5,20,True,1,193.54387424496213,-43.47171688368593,24.648244858164258,56.84192739766121,50.149774234096476
kospi,growth_q5,20,True,2,192.67019425724308,-31.20369567093939,31.16980465198349,65.3567659982048,34.93439127443592
kospi,growth_q5,20,True,3,185.03783084928673,-42.313912707232205,24.4136290092261,52.31283806458564,50.41738552375408
kospi,growth_q5,20,True,4,80.91265329128878,-44.58071821915469,12.16619330890003,50.89235599928157,6.89065109837359
kospi,growth_q5,20,True,5,46.784228864397505,-45.70035530327659,-0.8983595990302407,31.585293292485716,12.561844090092134
kospi,growth_q5,20,True,6,98.16154908016964,-44.916981401795084,5.26208201401086,47.03052683270943,28.038305932005425
kospi,growth_q5,20,True,7,107.89294811346024,-45.3527100642944,13.064696245409735,41.980821349156926,29.503961457279605
kospi,growth_q5,20,True,8,121.72714966563696,-47.50786791869955,8.766952380687943,58.5953430436275,28.537983838852842
kospi,growth_q5,20,True,9,150.66333212105732,-45.5086566841411,16.245729256934617,51.81311730765914,42.03798548418507
kospi,growth_q5,20,True,10,161.58514196168548,-44.24106466376171,22.111319146607357,54.34313607004844,38.793724204670795
kospi,growth_q5,20,True,11,167.39762609918412,-44.32639172655548,21.90624983498917,56.396373181589944,40.25065506269099
kospi,growth_q5,20,True,12,161.988126592931,-44.143498132719714,18.175556890582833,51.55354204853757,46.280979876684846
kospi,growth_q5,20,True,13,179.99680558407536,-44.56842190884741,21.627787477975268,59.0435575996957,44.745205851876804
kospi,growth_q5,20,True,14,177.91480183065426,-44.54402459147852,17.512598178854844,61.51448119528424,46.425185464661546
kospi,growth_q5,20,True,15,203.36264541436177,-44.12022657101653,18.851077077522426,70.26939944071006,49.907160097928546
kospi,growth_q5,20,True,16,239.75702145797771,-43.72975419076125,30.39847427022524,72.47139878930594,51.07021423771761
kospi,growth_q5,20,True,17,223.07148859653668,-44.37127024822496,37.48768093673702,59.066845843133905,47.725400707247424
kospi,growth_q5,20,True,18,222.60970538223685,-30.254898039211177,36.544376268725884,66.87949523164274,41.579584403588
kospi,growth_q5,20,True,19,231.13827852968888,-43.225537540760186,30.641295337412778,69.7238147456407,49.343430931979285
kospi,low_impact_q1_rsi_gt80,5,False,0,20.631791301885084,-18.364041039992763,0.050286684978351204,21.71496111071236,-0.9397374306534201
kospi,low_impact_q1_rsi_gt80,5,False,1,22.915946797663224,-13.857795631596348,-3.7511012254169973,18.00087316723833,8.224911806993319
kospi,low_impact_q1_rsi_gt80,5,False,2,-4.30721135418456,-25.950711146366768,-8.607530006087105,23.281784767434964,-15.06828712157552
kospi,low_impact_q1_rsi_gt80,5,False,3,3.945870580739008,-21.574461526971955,0.6325090851286408,7.253415510055428,-3.693010226621418
kospi,low_impact_q1_rsi_gt80,5,False,4,48.65628116455527,-19.351163358318402,11.660581321160478,29.591925144694287,2.731927847922111
kospi,low_impact_q1_rsi_gt80,5,True,0,19.612458163826197,-18.364041039992753,-0.1229650632323609,20.895824091293314,-0.9397374306534534
kospi,low_impact_q1_rsi_gt80,5,True,1,27.112488986008,-13.857795631596426,0.5266950499173806,16.836779453516606,8.224911806993207
kospi,low_impact_q1_rsi_gt80,5,True,2,0.8936049525491541,-25.950711146366736,-0.4883923232674725,19.37682231337181,-15.068287121575441
kospi,low_impact_q1_rsi_gt80,5,True,3,4.74864811029414,-21.574461526972065,3.980850607637554,4.601341011411875,-3.693010226621596
kospi,low_impact_q1_rsi_gt80,5,True,4,41.88534486936955,-19.351163358318434,7.420835684717031,28.571163894630658,2.7319278479222886
kospi,low_impact_q1_rsi_gt80,10,False,0,24.344971197826148,-12.308448229875857,-2.5448758938056093,13.586451537864509,12.330324862279829
kospi,low_impact_q1_rsi_gt80,10,False,1,15.998416702803485,-17.18196533260211,-9.816936857351033,11.516050479708229,15.342590018420754
kospi,low_impact_q1_rsi_gt80,10,False,2,26.185828459816918,-23.61271406380353,-3.8378730986571186,22.858966513685463,6.806987325576874
kospi,low_impact_q1_rsi_gt80,10,False,3,40.49086771903754,-18.981382063064135,-0.11068676530701094,9.46763484869495,28.482308971438176
kospi,low_impact_q1_rsi_gt80,10,False,4,38.78577196483886,-25.336380962046533,8.406955834167329,8.26321960066947,18.25155433044805
kospi,low_impact_q1_rsi_gt80,10,False,5,17.18125336233749,-18.04017934861253,5.336358012467324,3.8396246097490483,7.1313877842522855
kospi,low_impact_q1_rsi_gt80,10,False,6,26.51560082552924,-16.67026556944371,5.457729960408297,9.716948358343247,9.343241358132492
kospi,low_impact_q1_rsi_gt80,10,False,7,-6.242999871668086,-25.108265492624938,-2.58174915037781,15.995126085156741,-17.029513943646712
kospi,low_impact_q1_rsi_gt80,10,False,8,12.29618071129368,-26.348824267986025,8.480803413265736,17.697658041578723,-12.048293258457566
kospi,low_impact_q1_rsi_gt80,10,False,9,49.92592318714553,-14.47310116415661,0.9659700281589911,34.67544283513775,10.258809101338894
kospi,low_impact_q1_rsi_gt80,10,True,0,24.86005145093042,-12.308448229875847,-0.26770264379920583,11.45271988747194,12.330324862279829
kospi,low_impact_q1_rsi_gt80,10,True,1,20.339804930077456,-17.18196533260209,-5.7873689600862255,10.741517798685862,15.342590018420754
kospi,low_impact_q1_rsi_gt80,10,True,2,30.700509741449643,-23.61271406380355,1.4814467071022852,20.58435544415287,6.806987325576763
kospi,low_impact_q1_rsi_gt80,10,True,3,37.39934140329109,-18.98138206306411,2.2049831816723486,4.633137262410036,28.48230897143811
kospi,low_impact_q1_rsi_gt80,10,True,4,30.407510398576896,-25.33638096204647,3.6521717702945544,6.394049711379934,18.251554330448162
kospi,low_impact_q1_rsi_gt80,10,True,5,13.720984769617273,-18.04017934861256,3.9946510623717346,2.073470008353384,7.13138778425233
kospi,low_impact_q1_rsi_gt80,10,True,6,23.96173386042357,-16.670265569443742,4.854107437469435,8.121048970486445,9.343241358132538
kospi,low_impact_q1_rsi_gt80,10,True,7,-5.746636534790395,-25.108265492624927,1.68751965057381,11.713476873388128,-17.029513943646723
kospi,low_impact_q1_rsi_gt80,10,True,8,13.80064477601961,-26.34882426798607,10.589011265103698,17.00070427321656,-12.048293258457598
kospi,low_impact_q1_rsi_gt80,10,True,9,60.68114064676659,-14.473101164156654,8.08990578630231,34.823771076382506,10.258809101338873
kospi,low_impact_q1_rsi_gt80,20,False,0,22.408282294889847,-16.742094371095085,-8.656903215764844,9.706249735813444,22.15287788189617
kospi,low_impact_q1_rsi_gt80,20,False,1,17.65240713214975,-16.979919822756717,-8.965011921886445,20.075242554120077,7.631403849696583
kospi,low_impact_q1_rsi_gt80,20,False,2,3.6130053075887236,-23.32597730740531,-2.8124192956065275,16.211402004606313,-8.260840126223867
kospi,low_impact_q1_rsi_gt80,20,False,3,14.702647928255153,-17.128521260711103,6.641445592113282,5.490239365432892,1.9612479630922497
kospi,low_impact_q1_rsi_gt80,20,False,4,13.529277048217537,-21.718741254589425,3.0330503994400626,-3.238251255027802,13.874794410072177
kospi,low_impact_q1_rsi_gt80,20,False,5,-7.7324803079523825,-21.232352622771366,5.053606314693315,-0.9841894985088251,-11.29801599979624
kospi,low_impact_q1_rsi_gt80,20,False,6,18.812151884057492,-19.25692607701608,8.190086431633148,8.526343643947198,1.19014600313192
kospi,low_impact_q1_rsi_gt80,20,False,7,31.72098499833218,-13.76052136402891,6.226330995391227,13.766965741610338,8.995009355881244
kospi,low_impact_q1_rsi_gt80,20,False,8,47.377275953485665,-20.342813294945593,10.87335322802392,19.994545034862554,10.775020514812383
kospi,low_impact_q1_rsi_gt80,20,False,9,67.8472013079972,-19.479099282028955,-0.048797448395210274,29.409349220623394,29.765853439445976
kospi,low_impact_q1_rsi_gt80,20,False,10,15.259568051347383,-13.601689609224266,2.8134771113915935,7.896573208752122,3.900895074492694
kospi,low_impact_q1_rsi_gt80,20,False,11,-0.5235950742067286,-13.474197390481457,-9.857460870155332,1.7023034940511828,8.507436879886265
kospi,low_impact_q1_rsi_gt80,20,False,12,23.324344136255082,-14.125796866435469,-9.120005196181346,24.508330768537068,8.98886005131725
kospi,low_impact_q1_rsi_gt80,20,False,13,49.34994607093777,-20.193443627987318,4.564134655344221,28.546271180652827,11.112479504244144
kospi,low_impact_q1_rsi_gt80,20,False,14,64.63931414610006,-18.515798766542357,8.132894715756978,27.36968697906117,19.539005258287688
kospi,low_impact_q1_rsi_gt80,20,False,15,53.20189122029688,-18.047885073645997,2.6737614257930975,33.884893539933756,11.448204563584842
kospi,low_impact_q1_rsi_gt80,20,False,16,46.16444477275834,-16.668969706068204,5.675622406639014,21.28093605959711,14.04451077870581
kospi,low_impact_q1_rsi_gt80,20,False,17,26.063014546019293,-20.545481658317787,5.568297166059821,18.233709869302928,0.9980188797264145
kospi,low_impact_q1_rsi_gt80,20,False,18,3.0995930565231866,-25.88557935656085,2.7781368348803515,9.104425622446378,-8.058021889852684
kospi,low_impact_q1_rsi_gt80,20,False,19,23.9065256916537,-22.27552368138792,5.223154268370966,13.520620061310717,3.7308910588199184
kospi,low_impact_q1_rsi_gt80,20,True,0,25.631065098539963,-16.742094371095074,-5.961344493415465,9.367158110154161,22.152877881896238
kospi,low_impact_q1_rsi_gt80,20,True,1,20.070153483872776,-16.979919822756727,-6.348167233572588,19.118654709414983,7.631403849696605
kospi,low_impact_q1_rsi_gt80,20,True,2,6.516476939000682,-23.325977307405342,-0.08900264860282059,16.211402004606292,-8.26084012622389
kospi,low_impact_q1_rsi_gt80,20,True,3,11.302702329982562,-17.12852126071115,6.8172222081652745,2.194914916767754,1.9612479630922497
kospi,low_impact_q1_rsi_gt80,20,True,4,12.933704536457146,-21.71874125458948,2.492540900778706,-3.2382512550278353,13.874794410072111
kospi,low_impact_q1_rsi_gt80,20,True,5,-7.901994029087245,-21.232352622771366,4.860602018225002,-0.9841894985088362,-11.29801599979624
kospi,low_impact_q1_rsi_gt80,20,True,6,17.51326207666908,-19.25692607701611,8.872746987021785,6.6668521407156955,1.1901460031318756
kospi,low_impact_q1_rsi_gt80,20,True,7,36.14198916469482,-13.760521364028932,11.204030087907203,12.322032153297414,8.995009355881178
kospi,low_impact_q1_rsi_gt80,20,True,8,43.90374957864211,-20.342813294945618,11.221261538964944,16.79989549471237,10.775020514812361
kospi,low_impact_q1_rsi_gt80,20,True,9,75.21389360414406,-19.479099282028955,4.337988557505512,29.409349220623394,29.765853439445976
kospi,low_impact_q1_rsi_gt80,20,True,10,16.405369571975204,-13.601689609224277,3.8355513773891126,7.8965732087521445,3.900895074492605
kospi,low_impact_q1_rsi_gt80,20,True,11,2.4725689583777744,-13.474197390481468,-7.142426749771125,1.7023034940511605,8.507436879886288
kospi,low_impact_q1_rsi_gt80,20,True,12,20.143107880360777,-14.125796866435469,-6.900948032066923,18.405395670953407,8.98886005131725
kospi,low_impact_q1_rsi_gt80,20,True,13,42.07269992913043,-20.193443627987318,4.564134655344221,22.282707780711597,11.11247950424412
kospi,low_impact_q1_rsi_gt80,20,True,14,51.66023778500788,-18.515798766542357,3.8412488871736983,22.177769507498503,19.539005258287713
kospi,low_impact_q1_rsi_gt80,20,True,15,39.88109799515374,-18.047885073645997,0.0,25.512204115721772,11.448204563584818
kospi,low_impact_q1_rsi_gt80,20,True,16,34.26802356185576,-16.668969706068182,0.0,17.732999725337063,14.044510778705854
kospi,low_impact_q1_rsi_gt80,20,True,17,12.252206449596237,-20.545481658317765,0.38372009299825205,10.718130825703742,0.99801887972637
kospi,low_impact_q1_rsi_gt80,20,True,18,5.122100389236239,-25.88557935656086,6.385475666269613,7.4726225646230215,-8.058021889852707
kospi,low_impact_q1_rsi_gt80,20,True,19,28.54917872718865,-22.2755236813879,10.146922958956894,12.509405151075836,3.7308910588199407
kosdaq,all,5,False,0,-69.11280707184346,-82.7423879149223,-55.49350346829558,-9.632736009255416,-23.20306305672094
kosdaq,all,5,False,1,-75.7735656129379,-85.80226026117323,-53.19923740483975,-33.25619824453783,-22.44217353286244
kosdaq,all,5,False,2,-79.43669465189296,-87.98831941557836,-58.86819953669812,-30.45295588027622,-28.115289544254274
kosdaq,all,5,False,3,-78.27209085537008,-87.85238901886797,-56.03093357676758,-33.327552876335545,-25.88189680840709
kosdaq,all,5,False,4,-76.76799448532175,-86.26516899098198,-60.373119926511734,-18.088247694198458,-28.426771965684093
kosdaq,all,5,True,0,5.93084291374677,-64.08320862849057,-24.875286198448478,-12.655243874960398,61.43688199987718
kosdaq,all,5,True,1,-31.827778172870037,-74.08867651636322,-34.91614514558543,-33.687459916564656,57.95686908442179
kosdaq,all,5,True,2,-30.657688404481075,-66.98588435950309,-35.379445284370014,-19.752635239633488,33.72014963476859
kosdaq,all,5,True,3,-33.36365819751204,-72.92743540859152,-41.21485475482485,-20.60030417650316,42.765974113485996
kosdaq,all,5,True,4,-7.0458586084555686,-63.3674610864819,-35.03675595844037,-1.9499411035631242,45.93288922778529
kosdaq,all,10,False,0,-56.92158333662479,-78.27653909562,-55.5181846398783,1.0842022367275606,-4.193727949176285
kosdaq,all,10,False,1,-63.84650686624654,-79.06310621972005,-56.234118245961426,-9.073444112614393,-9.150228124221604
kosdaq,all,10,False,2,-66.50868659818494,-81.1358387194153,-60.01503819400872,-6.743831200431316,-10.183128391623331
kosdaq,all,10,False,3,-68.10976934085745,-82.42079313439547,-51.43042007442037,-18.472280816305,-19.46437739672883
kosdaq,all,10,False,4,-71.00790516726045,-84.0386698918577,-53.74341544370489,-21.227334403710152,-20.43345649036562
kosdaq,all,10,False,5,-68.9880853654595,-84.56780166860507,-49.52199656669902,-7.129669112099135,-33.847019174134175
kosdaq,all,10,False,6,-56.80050974606128,-80.22412147849121,-37.944396689435855,-10.199644268691156,-22.478964907439302
kosdaq,all,10,False,7,-70.94586375960698,-85.77585131797889,-45.289010803118366,-19.86007926956679,-33.73495563010936
kosdaq,all,10,False,8,-68.76839803689063,-82.47106435571551,-50.07082546613728,-20.47367520367802,-21.344524209770743
kosdaq,all,10,False,9,-65.16396599131059,-79.51192643336296,-54.285048916021985,5.4022714439420305,-27.702966717458377
kosdaq,all,10,True,0,21.644060980068723,-61.68184884929775,-27.996253388321456,-0.7253400237584584,70.17564568807626
kosdaq,all,10,True,1,10.693338661199503,-59.299531025000576,-31.57628018463613,-6.968405672738632,73.89389777780784
kosdaq,all,10,True,2,14.700889587902077,-53.79393282687322,-25.401468114674696,-7.277751225359985,65.82597126038796
kosdaq,all,10,True,3,-8.324012615857901,-62.432115605550194,-25.700993463698218,-15.81358529377016,46.56510214712446
kosdaq,all,10,True,4,-11.113541036046993,-63.75003648166907,-30.694633241988413,-17.16442308719245,54.828832104498474
kosdaq,all,10,True,5,-2.787676656811955,-64.11961785203624,-22.95547268573579,-10.163008490029357,40.45083582433164
kosdaq,all,10,True,6,14.7803744598491,-63.00689863134359,-17.119681633791085,-9.63273037231227,53.25161714179543
kosdaq,all,10,True,7,-0.17934427578990553,-57.95878912224639,-17.732592179732865,-2.7666817126271503,24.7893429318323
kosdaq,all,10,True,8,19.173792104908017,-61.79342676816888,-33.90806864174197,-1.5456005520177896,83.14589471870626
kosdaq,all,10,True,9,19.296731678629552,-56.53159097229771,-30.71974098558041,24.139709461291027,38.71017458469994
kosdaq,all,20,False,0,-64.24173198858765,-78.6977319720993,-55.45534362065345,3.3735180688040822,-22.344617119662892
kosdaq,all,20,False,1,-70.42781648046683,-82.22664035592035,-49.820233339193344,-9.067535286048379,-35.190929550630464
kosdaq,all,20,False,2,-65.11989279090614,-80.33876419074393,-45.87475689701268,-6.78939572126599,-30.8626661724678
kosdaq,all,20,False,3,-66.19094321738139,-80.75389615826525,-45.382934623514274,-21.60309847335007,-21.040244478361746
kosdaq,all,20,False,4,-68.10618568278109,-82.34394998676298,-46.30783508277554,-23.84358085260211,-22.00100075848527
kosdaq,all,20,False,5,-63.030675875387374,-80.29080337536236,-37.72082945536162,-6.962935820320515,-36.196765854802656
kosdaq,all,20,False,6,-61.622276688851706,-80.45035954130164,-41.914888914649985,-6.043679073855324,-29.67845877633344
kosdaq,all,20,False,7,-61.838788306547656,-79.6892489518197,-42.253869250469954,3.4553693853267786,-36.12274713281075
kosdaq,all,20,False,8,-68.37579989405114,-82.8089189391691,-46.6557576738338,-7.15861517273193,-36.145664674416
kosdaq,all,20,False,9,-60.941361551867125,-77.19712440243197,-51.41306526028766,11.453895182328356,-27.87225613123909
kosdaq,all,20,False,10,-51.19475574725172,-72.4287308924946,-46.21271586854867,17.73899852492551,-22.93334007019826
kosdaq,all,20,False,11,-59.257145959192755,-77.39597038022886,-48.77974126125891,3.710360594921025,-23.301382495505607
kosdaq,all,20,False,12,-60.817733634874905,-79.70756738041663,-50.975797179065175,-2.6074563714300947,-17.9358824645936
kosdaq,all,20,False,13,-70.30670090164404,-84.23491335447588,-47.920589253077935,-11.860660783289411,-35.312167284135185
kosdaq,all,20,False,14,-76.62971640702018,-87.06733697889109,-60.01690378834166,-7.905580828375703,-36.53208267981618
kosdaq,all,20,False,15,-78.15369918108301,-87.49016072988817,-60.511047683486694,-11.406632596216692,-37.55450845845676
kosdaq,all,20,False,16,-72.79726286134525,-84.47129032459286,-53.94342604894772,-4.747979385466761,-37.99213490262904
kosdaq,all,20,False,17,-76.43957810934214,-85.6546164642553,-59.34102192106388,-5.234548944715001,-38.8528006981481
kosdaq,all,20,False,18,-75.82074859039535,-85.26054207837528,-53.5927655463791,-10.269273697469982,-41.934792864546026
kosdaq,all,20,False,19,-74.72508802394118,-85.07519191974977,-56.12858172969722,-0.7443836088391054,-41.95659432571488
kosdaq,all,20,True,0,-12.080741027478636,-54.63521092606016,-27.258296446512944,15.901405482153708,4.282599580912572
kosdaq,all,20,True,1,-27.719188493213988,-50.22870964046127,-19.643339284017046,2.139909429372011,-11.934527335939094
kosdaq,all,20,True,2,-20.061995636131414,-48.12642007083745,-12.376722720247457,3.7962542509686115,-12.107437150534395
kosdaq,all,20,True,3,-14.532155285210235,-50.43116909922053,-14.022845737957912,-4.291420291375325,3.864901699322121
kosdaq,all,20,True,4,4.2386243900510046,-56.903394641948665,-14.459129177542406,-18.313911784000357,49.17872989858321
kosdaq,all,20,True,5,10.796701095964734,-52.19319848048887,-3.4359672945583286,-11.742488396993123,30.004910548805896
kosdaq,all,20,True,6,6.33003960090095,-60.20813136938917,-14.210550912623997,-7.182631880463397,33.53430397004207
kosdaq,all,20,True,7,38.93839361664919,-39.86467790955671,-6.702068433113961,27.62348744037395,16.686241116606347
kosdaq,all,20,True,8,-19.51008247714864,-63.24009154395691,-19.6453431270198,-9.204305470806073,10.32277476509269
kosdaq,all,20,True,9,39.64474928062263,-47.459578306247266,-13.621657842611434,20.166622405446375,34.53518857095133
kosdaq,all,20,True,10,48.59298256615281,-51.147446926423136,-2.0904840550499904,9.817405647064392,38.198146031875304
kosdaq,all,20,True,11,20.302597900035856,-50.14019385808501,-17.35169373644284,0.6742326915128105,44.584827040416776
kosdaq,all,20,True,12,16.706803510978286,-45.68634676935962,-16.66528227627171,-4.457708757864365,46.57994470836091
kosdaq,all,20,True,13,-25.26485722738049,-59.743202199198954,-30.73649114463175,-6.973635094620956,15.988338890544318
kosdaq,all,20,True,14,-23.2644967880666,-49.93825233586347,-26.83888437556702,-5.055556308561937,10.470538729025192
kosdaq,all,20,True,15,-32.21732592730015,-59.336696103322886,-34.19770828527727,-13.001147877865836,18.403395332074666
kosdaq,all,20,True,16,-19.64185455564431,-56.92430460544584,-21.926103552934173,-11.875733905514663,16.79615285016267
kosdaq,all,20,True,17,-27.53931570222918,-57.40939016183306,-25.89692156797986,-9.205209770437161,7.697408087540647
kosdaq,all,20,True,18,2.0373490081259327,-48.88505588312198,-23.754801333183995,-0.6005790660600141,34.63649965719713
kosdaq,all,20,True,19,-38.99564487147206,-57.59161014181736,-25.570449053054013,0.838595575516754,-18.71907200253049
kosdaq,rsi_le20,5,False,0,13.563956253478393,-31.86383089278282,-1.8655155149150615,-8.988678729056387,27.152074163267926
kosdaq,rsi_le20,5,False,1,15.701670550606961,-23.81245223614493,1.2975630082305623,-2.975917601401523,17.722936881722283
kosdaq,rsi_le20,5,False,2,-24.799644613391592,-36.992173269634975,-15.915162080767631,-3.3910404203540634,-7.4269022645801925
kosdaq,rsi_le20,5,False,3,-2.327530852075488,-23.992300653462493,3.8490130948595658,6.649991958140022,-11.81210708790682
kosdaq,rsi_le20,5,False,4,-5.755261369277931,-29.82797037811844,14.73899016008977,-8.823410579814405,-9.912870641353111
kosdaq,rsi_le20,5,True,0,-5.9218519267121845,-20.14820398083379,3.4973864966763912,-6.954746401550571,-2.306616165895059
kosdaq,rsi_le20,5,True,1,-22.59904522903571,-24.010436824172142,-5.86613040416678,-14.196452741422128,-4.171395568972802
kosdaq,rsi_le20,5,True,2,-24.10039477471755,-24.865585219659014,-4.425836139113248,-7.614804220190319,-14.039956561596956
kosdaq,rsi_le20,5,True,3,-20.21749300830389,-20.24613625288022,-11.27230291672875,0.6768588755686089,-10.686149666305822
kosdaq,rsi_le20,5,True,4,-20.31778097764424,-24.91666844816429,2.2626696714800554,-6.668783542488876,-16.513286069248057
kosdaq,rsi_le20,10,False,0,-7.356451102839923,-29.211887906521184,13.28661287283348,-10.498583729524247,-8.629356521356746
kosdaq,rsi_le20,10,False,1,-1.8244606538128427,-29.72662391467651,17.342469869719103,-9.302960232521029,-7.752425021699638
kosdaq,rsi_le20,10,False,2,-26.18636340840674,-36.427388662716034,-0.3508144839685312,-14.097976256740541,-13.769788043923537
kosdaq,rsi_le20,10,False,3,-29.402787302055756,-36.808540191037494,-1.798603867307813,-9.885872391554962,-20.223126916242006
kosdaq,rsi_le20,10,False,4,23.610200480509967,-12.156905546517006,11.97804012001753,0.9279958640731056,9.372918066778224
kosdaq,rsi_le20,10,False,5,34.315629178700526,-21.364077874098886,12.842200512039703,-12.364568900645112,35.82361235511367
kosdaq,rsi_le20,10,False,6,25.26332613674245,-24.459468330637314,-2.738857747664014,-0.9170948358304898,29.982786190468502
kosdaq,rsi_le20,10,False,7,18.617362174401,-28.05636610946447,5.720972026329574,11.869134697879492,0.29443486641531624
kosdaq,rsi_le20,10,False,8,-15.679333848778377,-32.1673982241221,-14.433205855805475,10.206313703754555,-10.582547630628714
kosdaq,rsi_le20,10,False,9,-34.2025036046173,-41.84854514246458,-1.4827247526494558,-10.63706637366243,-25.262329065496715
kosdaq,rsi_le20,10,True,0,-5.886116210848735,-21.833440428049855,13.596674785094764,-12.634801962901165,-5.169157000702973
kosdaq,rsi_le20,10,True,1,-23.2236842732635,-23.580462673944957,-2.720092089200432,-15.260115345940871,-6.864285976966277
kosdaq,rsi_le20,10,True,2,-28.393587567868472,-30.15980538547375,-1.42587446229121,-15.973710656730999,-13.548248334867107
kosdaq,rsi_le20,10,True,3,-24.89961241455968,-26.687155279520702,-0.7909726735629397,-12.23370093508379,-13.749186236559552
kosdaq,rsi_le20,10,True,4,-1.6280625742571386,-10.59856474997659,-2.8288689657432142,1.3649394903058498,-0.12743552118311685
kosdaq,rsi_le20,10,True,5,-5.5741631202055775,-16.737178414385845,-1.1381410035146922,-8.654282495567623,4.561999252926885
kosdaq,rsi_le20,10,True,6,-19.647743611251666,-23.529203376115817,-6.50220886172308,-14.427377208632219,0.4296346108466853
kosdaq,rsi_le20,10,True,7,-12.033591307248692,-17.151602529335086,3.4458227566369404,-7.1198122868037945,-8.445263024335247
kosdaq,rsi_le20,10,True,8,-14.304885641641851,-19.646941330784394,-6.559290667404227,-7.497254688910148,-0.8562562815378594
kosdaq,rsi_le20,10,True,9,-26.62817653468291,-33.51677370538221,1.8266436015917042,-10.86316020080077,-19.16291380545013
kosdaq,rsi_le20,20,False,0,-15.218962843242911,-30.32981701023354,5.153263732525093,-9.791911303543454,-10.622029871813066
kosdaq,rsi_le20,20,False,1,-13.168620973274447,-19.027594983814367,-5.719817939963933,-8.476201811408357,0.6287901139817809
kosdaq,rsi_le20,20,False,2,-25.228223103320357,-30.53352337276325,-5.181003277453,-10.291582199364758,-12.09589658267529
kosdaq,rsi_le20,20,False,3,-30.82255873572469,-43.21047182122396,2.2722184032528236,-6.845568820069281,-27.38885258821504
kosdaq,rsi_le20,20,False,4,-2.8257220290492935,-23.499870216252962,8.273777704655473,-6.356274163085551,-4.159438843956098
kosdaq,rsi_le20,20,False,5,-12.605834961352457,-35.77857151154406,11.433903864318506,-15.097849059210311,-7.626712717754014
kosdaq,rsi_le20,20,False,6,9.061052818175842,-21.190250804842826,-6.2918131616214845,8.215960904486085,7.547626662889395
kosdaq,rsi_le20,20,False,7,-14.860740022096032,-26.277018257419016,-3.1552103281365707,0.6251552326851373,-12.633075606697563
kosdaq,rsi_le20,20,False,8,-2.3654798253507137,-21.318606354006842,-12.757973845022086,15.568419981256287,-3.163635343153637
kosdaq,rsi_le20,20,False,9,11.657201094240065,-24.40037739252151,9.156907440817342,-4.957619455057993,7.6262500100541475
kosdaq,rsi_le20,20,False,10,11.249797326341593,-25.279126063438895,31.053128554204857,-8.917222535906388,-6.80007348142373
kosdaq,rsi_le20,20,False,11,7.792607564555354,-29.080393738611676,30.054525582883752,-10.315577081634187,-7.584143958221146
kosdaq,rsi_le20,20,False,12,-13.518475330109968,-28.86271528219292,4.5471791242508,-9.989126267069892,-8.099887934589379
kosdaq,rsi_le20,20,False,13,-6.73362400623676,-17.6953466106052,2.2673624611858623,-2.824527870745719,-6.1506244644447765
kosdaq,rsi_le20,20,False,14,-0.6499378645852816,-20.428287201005656,6.857707785915257,-1.417995748805867,-5.688501413523827
kosdaq,rsi_le20,20,False,15,2.370677161770973,-15.46362789269413,11.820519886579417,-4.846031312161303,-3.788460841447483
kosdaq,rsi_le20,20,False,16,9.389848366365738,-23.009057474522233,-0.2445933700260916,8.936679235402046,0.6622062394748607
kosdaq,rsi_le20,20,False,17,11.141769328954787,-20.063531377053813,16.84906876201877,4.582175176071357,-9.051743001954115
kosdaq,rsi_le20,20,False,18,-20.019945096105786,-35.33651945370183,6.489905063521073,1.7819798400464881,-26.209175381063645
kosdaq,rsi_le20,20,False,19,-40.473230182954666,-48.77955621116882,0.8132994386180536,-9.820580812869162,-34.523259149903595
kosdaq,rsi_le20,20,True,0,-14.643079013512638,-21.20771894877248,3.4965415190640448,-12.875349142005788,-5.338833370093576
kosdaq,rsi_le20,20,True,1,-22.206329107797195,-22.872884095135483,-5.925568478427568,-15.297529312466152,-2.3715073099609407
kosdaq,rsi_le20,20,True,2,-28.916209523507717,-29.63284878798592,-4.192255756823393,-14.268994161833582,-13.456980447321376
kosdaq,rsi_le20,20,True,3,-30.68983429135471,-35.142225190568766,-5.686094993151403,-12.422680311649803,-16.086939551066216
kosdaq,rsi_le20,20,True,4,-6.308825499242654,-18.273463681880976,-2.110451551278525,-12.04414323682238,8.817212011313046
kosdaq,rsi_le20,20,True,5,-11.990589972586385,-25.00532999327416,3.498976562596323,-15.097849059210343,0.15539806972950654
kosdaq,rsi_le20,20,True,6,-11.279833724328059,-21.76959653942314,-10.78730269581597,-10.281683280865838,10.844604974785788
kosdaq,rsi_le20,20,True,7,-3.7849425035313744,-15.143338148502206,-0.20102427838373238,-9.063665472595462,6.017977542287878
kosdaq,rsi_le20,20,True,8,-15.502589258420475,-23.274603656357407,-9.17122776971956,-5.693033449900431,-1.3547491212084872
kosdaq,rsi_le20,20,True,9,-2.0312909457622985,-15.209903014069159,10.715832982545104,-11.478232479878702,-0.039694086644215254
kosdaq,rsi_le20,20,True,10,14.7110081021278,-14.272320261261573,28.940273870623635,-8.917222535906344,-2.3257145725342765
kosdaq,rsi_le20,20,True,11,-15.536636769242307,-17.561446029023063,-0.7621736016531155,-10.315577081634174,-5.0982744251108265
kosdaq,rsi_le20,20,True,12,-19.230002857758844,-20.97010487307942,-3.19594139893451,-9.989126267069881,-7.303886821206018
kosdaq,rsi_le20,20,True,13,-11.34472135937915,-17.589468518125894,-3.272718890309545,-2.4888592168278545,-6.0057295479377775
kosdaq,rsi_le20,20,True,14,-7.522231871249319,-13.034933321170284,-2.8176226271170557,-0.6320927746457428,-4.235691380275086
kosdaq,rsi_le20,20,True,15,-8.465220066651181,-11.196380872982758,-1.2460469938980978,-3.6639500767168376,-3.7849925376212012
kosdaq,rsi_le20,20,True,16,7.1681025219488825,-9.35370876129278,-3.47918772325736,10.300664424556816,0.6622062394748385
kosdaq,rsi_le20,20,True,17,-2.993099105517605,-15.469735625362645,4.296568202603535,3.588795827460811,-10.211683839551021
kosdaq,rsi_le20,20,True,18,3.0627961062707154,-13.512288528725646,7.1026138960909035,-2.165990094511272,-1.641477493606136
kosdaq,rsi_le20,20,True,19,-30.074156322981928,-39.276127670395866,6.46419401371352,-11.460088760452757,-25.818593726958404
kosdaq,rsi_20_30,5,False,0,-23.693467924173063,-48.02822137523673,0.13465063302668945,-15.303958883764201,-10.026582108460069
kosdaq,rsi_20_30,5,False,1,-46.59954231517644,-60.38647676087494,-30.80150287333615,8.913153182796062,-29.14541066843067
kosdaq,rsi_20_30,5,False,2,-42.864938534148564,-61.8790432286118,-14.989268627556097,-10.953282682162557,-24.523625201055456
kosdaq,rsi_20_30,5,False,3,-67.6716302486348,-75.64748875037421,-47.75994091144917,-16.241749600292177,-26.115634471906823
kosdaq,rsi_20_30,5,False,4,-49.6805261708246,-59.583880314583105,-34.34874429056003,-8.07367171384744,-16.621680030767592
kosdaq,rsi_20_30,5,True,0,-31.536829070133642,-34.131479276067886,-9.131844457887839,-21.722133140215394,-3.748764039162922
kosdaq,rsi_20_30,5,True,1,-36.87260316452412,-36.87260316452412,-21.587248155432516,-5.336342028572583,-14.95517279843318
kosdaq,rsi_20_30,5,True,2,-28.065188258792382,-37.140980003715384,-10.13169802390319,-11.32537425637773,-9.732126582250567
kosdaq,rsi_20_30,5,True,3,-52.574830841009415,-54.5737494787923,-21.392697023240647,-25.51781558316494,-18.998401834846522
kosdaq,rsi_20_30,5,True,4,-31.672118908868885,-42.51240163219917,-17.789575789467726,-14.34290626346283,-2.9696207707279765
kosdaq,rsi_20_30,10,False,0,-30.155814267101412,-49.903357604673104,-0.15425741747386867,-5.60796212980923,-25.891956989293842
kosdaq,rsi_20_30,10,False,1,-14.08059346824151,-49.08860913781735,7.428793941047074,1.2291606875334038,-20.993116237169595
kosdaq,rsi_20_30,10,False,2,-31.04519183891967,-58.90528072186139,-10.621887556394338,-12.156830551838082,-12.1735398501578
kosdaq,rsi_20_30,10,False,3,-51.15627950693544,-62.60997109216091,-34.526225326689655,-18.418098156462403,-8.557617594242773
kosdaq,rsi_20_30,10,False,4,-8.628645767863674,-41.0246885018929,-29.02951337982913,-0.04925900200806188,28.809015387380164
kosdaq,rsi_20_30,10,False,5,-16.447645479991092,-50.995556293441446,-19.96527157039043,-2.446730092952676,7.013455074598007
kosdaq,rsi_20_30,10,False,6,-53.587632327911216,-66.08143076467421,-48.44125320595527,-0.47478534743976564,-9.55214989349229
kosdaq,rsi_20_30,10,False,7,-66.78255369635934,-73.51520143052205,-50.997335084665366,-14.972877065632472,-20.276004013768134
kosdaq,rsi_20_30,10,False,8,-61.47830063529568,-73.81234645726849,-40.13465877407797,-8.414368324835287,-29.740892260525786
kosdaq,rsi_20_30,10,False,9,-19.14345184694174,-43.015692890527234,-13.162116786437483,0.009045182428657483,-6.896354217423206
kosdaq,rsi_20_30,10,True,0,-39.692505298688616,-41.50948517513776,-6.756824740658618,-15.533058122749665,-23.42844581298762
kosdaq,rsi_20_30,10,True,1,-29.287417628333067,-38.78158821543833,-3.176825874422151,-8.037602193357095,-20.584167053204872
kosdaq,rsi_20_30,10,True,2,-31.935535779375577,-39.27679435044792,-7.695358946006903,-20.150786645681997,-7.6522644782198395
kosdaq,rsi_20_30,10,True,3,-42.48080941012255,-47.04933316939144,-17.1300258069249,-25.558932641147113,-6.759848420605641
kosdaq,rsi_20_30,10,True,4,17.755777833498488,-25.363491109968418,-12.948926384833436,-2.403934396121532,38.604006282259704
kosdaq,rsi_20_30,10,True,5,-6.1358031924613865,-22.848887922737894,-3.253356371221394,-12.694403663758624,11.127610958660794
kosdaq,rsi_20_30,10,True,6,-33.33313702944957,-45.64218318194283,-33.37267875689602,-8.833182712012489,9.754130497885471
kosdaq,rsi_20_30,10,True,7,-26.18609013903397,-39.31936994943359,-19.81615920925285,-13.908858045854867,6.928355231020977
kosdaq,rsi_20_30,10,True,8,-46.32177106589673,-48.277970764818534,-21.40786997357438,-14.337144064508268,-20.26911778077347
kosdaq,rsi_20_30,10,True,9,-31.862067141583374,-33.228102634076386,-20.418215572152064,-3.5036996569475454,-11.271197917374664
kosdaq,rsi_20_30,20,False,0,-35.18431797325683,-52.037457861365425,-3.3828074192503554,-3.9910490936311493,-30.126265213242466
kosdaq,rsi_20_30,20,False,1,-17.291709811025147,-53.4469644080372,-2.8427346175907364,-2.9574375499710315,-12.27739810578351
kosdaq,rsi_20_30,20,False,2,-27.290677591265144,-56.07986470603743,-8.077029479164654,-6.828001091312396,-15.10528900858703
kosdaq,rsi_20_30,20,False,3,-59.46499149111344,-68.21487081901039,-24.398132099841142,-23.621125688901312,-29.80204032902587
kosdaq,rsi_20_30,20,False,4,-25.310943528079623,-44.56445055384698,-24.162505081343333,-4.0243372182002135,2.6152421605367904
kosdaq,rsi_20_30,20,False,5,-29.46156216057708,-54.01129073034387,-26.56872310676889,-5.455856023338157,1.603840311497895
kosdaq,rsi_20_30,20,False,6,-50.55873224484115,-62.46512790593355,-37.593907017884085,-5.8144804049996335,-15.8840282640903
kosdaq,rsi_20_30,20,False,7,-40.167691928351864,-53.897378315853295,-24.361088845332645,-3.4521250031108397,-18.069091901074906
kosdaq,rsi_20_30,20,False,8,-32.61245238194657,-54.76664232750535,-15.96155807057823,2.180972280292992,-21.524944968860904
kosdaq,rsi_20_30,20,False,9,-47.97164513929256,-57.125021255555495,-16.638576417339223,-13.80617124071496,-27.589958150487814
kosdaq,rsi_20_30,20,False,10,-18.370098177673377,-54.178062905757706,16.619362251075366,-3.5501257065467806,-27.426687521633074
kosdaq,rsi_20_30,20,False,11,-20.91304079647507,-52.42280857246865,16.75764047494401,-6.37382003604997,-27.652710679082038
kosdaq,rsi_20_30,20,False,12,-46.005082128307976,-63.95921186850357,-15.879434858172747,-15.81484710416884,-23.75432769398339
kosdaq,rsi_20_30,20,False,13,-52.46754786400527,-66.57420615600809,-21.655715234174867,-27.048479277774607,-16.833476046111294
kosdaq,rsi_20_30,20,False,14,-39.53686905403637,-62.9451243980134,-15.152631168768593,-25.283923841741938,-4.624199262117779
kosdaq,rsi_20_30,20,False,15,-39.009513628145356,-66.83360323785699,-7.174425924212802,-27.5355184989431,-9.32882081205867
kosdaq,rsi_20_30,20,False,16,-36.453118656518576,-58.42525159985276,-17.71485263235619,-18.47763341736105,-5.268151488983685
kosdaq,rsi_20_30,20,False,17,-47.178543673350745,-62.817985971990666,-27.91785820938202,-26.612372416731787,-0.14729369959955996
kosdaq,rsi_20_30,20,False,18,-61.69512391286138,-70.37888688487763,-34.243843766614226,-36.31255420867252,-8.53313133456599
kosdaq,rsi_20_30,20,False,19,1.3164420858650105,-38.33035318985082,11.690082591313256,-7.783975552310418,-1.6308490357193506
kosdaq,rsi_20_30,20,True,0,-49.50282137118571,-52.41976455965154,-11.248671705371937,-17.454122371821544,-31.07181180964608
kosdaq,rsi_20_30,20,True,1,-35.13943407470573,-40.37088102314522,-5.012969491249675,-8.055203779100651,-25.734130836234225
kosdaq,rsi_20_30,20,True,2,-39.15948616487099,-40.050431531436004,-14.092181460384712,-11.826486354141386,-19.680307944880703
kosdaq,rsi_20_30,20,True,3,-47.87915895998726,-54.317003064704764,-11.680614941406587,-27.167907203144704,-18.972472090329408
kosdaq,rsi_20_30,20,True,4,-5.428899010032628,-23.682762471873954,-4.9932277659406,-12.52660897118919,13.796241587885461
kosdaq,rsi_20_30,20,True,5,-28.896819723193467,-33.11737520532246,-6.7767193555303695,-27.869681378515875,5.741822969038135
kosdaq,rsi_20_30,20,True,6,-53.82050353051457,-53.998298557657,-31.91704172402108,-32.34101015946072,0.25020415367935644
kosdaq,rsi_20_30,20,True,7,-33.76250716489828,-37.71086719929776,-23.745427607887414,-4.846527698401893,-8.712071021490697
kosdaq,rsi_20_30,20,True,8,-43.64226611652114,-51.618586594080654,-6.453635042269868,-16.584334120166112,-27.77642450408022
kosdaq,rsi_20_30,20,True,9,-44.71370310640421,-46.70854427848617,-7.97724708562324,-21.48575959823865,-23.480196352865303
kosdaq,rsi_20_30,20,True,10,-28.524688965385934,-41.10901205374723,14.442722073084258,-18.358718796620476,-23.500593949528138
kosdaq,rsi_20_30,20,True,11,-27.13201407780329,-35.59195471341767,-4.0614520662727855,-6.458269011419182,-18.80332925233511
kosdaq,rsi_20_30,20,True,12,-25.049803728785637,-34.04032758909551,2.7184844863731517,-16.579289724055958,-12.531780119255231
kosdaq,rsi_20_30,20,True,13,-42.579497662900955,-45.102587233047764,-10.355352989480071,-27.975264752505048,-11.0674069266813
kosdaq,rsi_20_30,20,True,14,-30.696809256321288,-34.592927074118954,-2.6926105848376847,-27.785696547263772,-1.3756435835991065
kosdaq,rsi_20_30,20,True,15,-18.719992757611827,-39.4249966481586,14.91265443840275,-31.528072465357937,3.3007139473027136
kosdaq,rsi_20_30,20,True,16,-26.563782628292376,-32.49806980691516,-8.038684664134642,-17.02105733329712,-3.7640744284900163
kosdaq,rsi_20_30,20,True,17,-26.262347638435347,-38.5351277621237,-1.476750057331222,-26.08916821246452,1.261064236669296
kosdaq,rsi_20_30,20,True,18,-47.11320993557144,-58.104981786247286,-7.445950318663385,-39.949420080379994,-4.844350759800664
kosdaq,rsi_20_30,20,True,19,-21.62247958014114,-30.55403702414261,-3.719048818293591,-14.968882483768608,-4.264444645643772
kosdaq,rsi_gt80,5,False,0,-69.02995914918594,-72.88956365969163,-58.12100825114969,-17.167479592832912,-10.721952299952608
kosdaq,rsi_gt80,5,False,1,-50.644393699810706,-66.1158574313297,-27.27773197718406,-23.92545720921795,-10.786675106513666
kosdaq,rsi_gt80,5,False,2,-49.511756633912626,-52.69673107841337,-23.779475885105803,-6.345133526398506,-29.272553187491678
kosdaq,rsi_gt80,5,False,3,-66.83823243801288,-80.78835948037766,-59.28324926580284,-22.421065193410385,4.983426986332962
kosdaq,rsi_gt80,5,False,4,-67.56817178529171,-78.83656155544801,-54.00515361228213,-24.426525096039487,-6.6975889745312545
kosdaq,rsi_gt80,5,True,0,-27.37990411933423,-41.73007457689618,-19.713156868087868,-7.1331603472353455,-2.6016118489217144
kosdaq,rsi_gt80,5,True,1,-15.604122692795785,-45.66345403851929,-9.579927294196233,-2.9515166679149663,-3.823796946811886
kosdaq,rsi_gt80,5,True,2,-52.09720411352674,-53.33847602820503,-18.59290352526839,-20.289275764977276,-26.178673991556245
kosdaq,rsi_gt80,5,True,3,-10.890227391639796,-49.182265185492135,-20.9366606810928,7.594703967526617,4.751267623712718
kosdaq,rsi_gt80,5,True,4,-45.028735548709406,-60.10404952092059,-19.60946231263243,-17.423856746872957,-17.19125587887127
kosdaq,rsi_gt80,10,False,0,-60.535717643104334,-64.65501867187513,-53.239851329004885,-3.1760207940096707,-12.834344711883528
kosdaq,rsi_gt80,10,False,1,-14.147586809249313,-46.35359832208047,-9.393116325293448,21.291300110166954,-21.88010295394971
kosdaq,rsi_gt80,10,False,2,-51.92403170515513,-57.06994751194785,-36.210436964102065,0.23265456190360023,-24.808425232962595
kosdaq,rsi_gt80,10,False,3,-62.33696144900468,-77.4522086955185,-49.095133468328065,-14.751225668642265,-13.210355776752735
kosdaq,rsi_gt80,10,False,4,-60.36053834835266,-75.6462006509004,-56.62119641864239,-5.678997560358479,-3.118295685488992
kosdaq,rsi_gt80,10,False,5,-53.51294318674347,-71.16927794924358,-52.439385544988724,-2.699212568321341,0.4542323654506797
kosdaq,rsi_gt80,10,False,6,-37.32730897283609,-69.92788730963557,-30.64581883430676,-7.673617345915851,-2.123174778389536
kosdaq,rsi_gt80,10,False,7,-36.29894358796592,-51.14911997906548,-35.817519465202274,5.675492450276387,-6.080481673376625
kosdaq,rsi_gt80,10,False,8,9.598209848480765,-51.32959018314214,-40.142172794949325,57.308184484026256,16.39416082161107
kosdaq,rsi_gt80,10,False,9,-31.434507821439126,-45.847807276521976,-34.890006408584505,17.685922131732944,-10.518463957066848
kosdaq,rsi_gt80,10,True,0,-46.46867173658386,-53.90921450533526,-33.97056843160836,-10.58557155977824,-9.330158557497159
kosdaq,rsi_gt80,10,True,1,2.6386434011542947,-41.33654449961739,2.528561346575353,21.72161769533181,-17.757117343440765
kosdaq,rsi_gt80,10,True,2,-40.98370226425423,-45.64217561374082,-19.932879439043393,-8.896522504968797,-19.093615059834846
kosdaq,rsi_gt80,10,True,3,-24.84057671771397,-59.98908451084321,-18.139091870010414,-3.084830141113637,-5.263983471566435
kosdaq,rsi_gt80,10,True,4,-46.98228289493319,-62.84516810652222,-28.017550523874736,-13.282263484103785,-15.065043462713945
kosdaq,rsi_gt80,10,True,5,1.4599885622963882,-42.1601225551129,-9.750920258452457,1.6330794273557325,10.615743353231633
kosdaq,rsi_gt80,10,True,6,20.043156421905305,-49.585527278927486,-6.286448398771594,14.547960395254034,11.827250827944757
kosdaq,rsi_gt80,10,True,7,-22.467346726343717,-42.061625403914086,-11.280876230798743,-9.329623689717048,-3.6166572579722334
kosdaq,rsi_gt80,10,True,8,36.95931240682886,-37.309554218846806,-27.839136399594466,68.06967113136805,12.927703042889306
kosdaq,rsi_gt80,10,True,9,-12.976938822780182,-32.239361892471194,-11.597832730114266,1.3336816000856233,-2.8556330659438633
kosdaq,rsi_gt80,20,False,0,-34.3872574682108,-48.162652118567614,-25.99871683526389,-3.320921035962976,-8.290054279466375
kosdaq,rsi_gt80,20,False,1,-13.339614465553195,-42.78821947936701,25.433662843975636,-11.785433736417495,-21.681166708011578
kosdaq,rsi_gt80,20,False,2,-50.45492390654183,-59.98085044368218,-31.24122088188759,-26.860622814372203,-1.4807526791740466
kosdaq,rsi_gt80,20,False,3,-45.378586355003094,-65.50310829999042,-45.41927087787205,-11.795139125674703,13.456944543449033
kosdaq,rsi_gt80,20,False,4,-60.394737194372716,-65.42697598297738,-41.49533029180127,-11.404354187447208,-23.59003700692366
kosdaq,rsi_gt80,20,False,5,-38.17099845059907,-51.28041813020066,-29.68602658205539,17.993648899534207,-25.4767200213171
kosdaq,rsi_gt80,20,False,6,21.201468897200158,-42.65598089802908,-7.586103173281311,29.528282100969495,1.252555721134807
kosdaq,rsi_gt80,20,False,7,-47.07555924585781,-53.50397574242947,-31.35094883068389,-16.552831500778574,-7.613155560719987
kosdaq,rsi_gt80,20,False,8,-11.175857449020988,-54.16856411488471,-33.28414173408654,41.807838894767,-6.1138116089826
kosdaq,rsi_gt80,20,False,9,-25.87406618541943,-61.574705654152694,-44.26208437788589,60.05672034008587,-16.910615849794752
kosdaq,rsi_gt80,20,False,10,-51.86650428362714,-71.00549841953855,-56.43544434359795,39.5381708802649,-20.818980519185036
kosdaq,rsi_gt80,20,False,11,-35.96240884632091,-67.05321548592427,-43.811763424349884,34.39687330791361,-15.19910817453367
kosdaq,rsi_gt80,20,False,12,-34.82645543035039,-60.33860867856753,-37.54453234767746,16.767747719612004,-10.632836550205283
kosdaq,rsi_gt80,20,False,13,-55.45503741103459,-74.73321584739243,-55.30264262834355,10.920387679400868,-10.152629283997893
kosdaq,rsi_gt80,20,False,14,-31.449536129594392,-66.29663986905261,-43.569178192241495,4.460795186090394,16.289551473903074
kosdaq,rsi_gt80,20,False,15,-30.220458324720557,-68.42073285018074,-56.830575969843835,20.70082593359348,33.91882074747239
kosdaq,rsi_gt80,20,False,16,-54.67503486986172,-73.11960454304223,-46.545380510196054,-22.85142916462375,9.90674626692487
kosdaq,rsi_gt80,20,False,17,-58.95572121617503,-59.42713401858979,-44.73442771931339,-10.923561437397932,-16.62514100890157
kosdaq,rsi_gt80,20,False,18,-32.823404818610705,-47.71361319564132,-40.31725025171167,5.684873170815186,6.501649306484802
kosdaq,rsi_gt80,20,False,19,-49.04393331338923,-51.71471474328493,-32.25384307938997,-17.553226297685654,-8.770022446475034
kosdaq,rsi_gt80,20,True,0,-18.405322646688006,-39.182629454835485,-9.217374115628395,-3.913507157204965,-6.460133234356247
kosdaq,rsi_gt80,20,True,1,-2.5548681357609015,-39.72657468947656,25.247849454262926,1.3913079279422425,-23.265769095977284
kosdaq,rsi_gt80,20,True,2,-34.15592866187045,-45.211978524807314,-13.086834866772989,-20.78423682166992,-4.364419102509465
kosdaq,rsi_gt80,20,True,3,-10.655878463876867,-44.55756879709859,-16.22896781838793,-7.636520208003605,15.470708312564053
kosdaq,rsi_gt80,20,True,4,-54.97793416864839,-60.441490288315336,-22.596384251266453,-26.068564860191156,-21.32531121474539
kosdaq,rsi_gt80,20,True,5,-27.068916000568933,-46.23851333262036,-17.903513826310146,11.505917818809097,-20.330850175285654
kosdaq,rsi_gt80,20,True,6,49.65296990245967,-36.88109735496921,0.5840245446171899,34.474213256344676,10.641312575053718
kosdaq,rsi_gt80,20,True,7,-24.648457078169763,-40.54235879202237,-6.814168273449306,-10.363849921042368,-9.789089004808371
kosdaq,rsi_gt80,20,True,8,34.15842847230017,-52.763898165436274,-7.447276746701714,50.900941377398645,-3.9412764441838832
kosdaq,rsi_gt80,20,True,9,14.340025235459741,-47.20533401923825,4.334730397590403,28.763251585200365,-14.890615370916072
kosdaq,rsi_gt80,20,True,10,-8.21244706299411,-52.7310184458978,-8.137516970828006,19.453381989499952,-16.353617904957098
kosdaq,rsi_gt80,20,True,11,-10.631734460490726,-47.90252655680229,-18.51880102410299,22.362937364185754,-10.365329882856
kosdaq,rsi_gt80,20,True,12,-11.720090881035738,-42.142420642732404,-22.878342739256585,17.19086512782857,-2.3231234497361974
kosdaq,rsi_gt80,20,True,13,-21.31903938138998,-57.77907838259875,-41.21065423633148,38.49691389246848,-3.365783400968636
kosdaq,rsi_gt80,20,True,14,-11.366471674211475,-53.16090136021667,-30.489426235540982,11.238593953556952,14.628253097209075
kosdaq,rsi_gt80,20,True,15,11.126434691217991,-49.07145753015997,-29.785793810161344,15.853904333146062,36.609756228584175
kosdaq,rsi_gt80,20,True,16,-36.51247774088454,-64.1163292302891,-31.605922385456076,-20.99116972964635,17.488199719037432
kosdaq,rsi_gt80,20,True,17,-49.11607233357651,-53.528945717561285,-22.97221100728256,-25.79585654444524,-10.976423455855144
kosdaq,rsi_gt80,20,True,18,-13.382459043707717,-35.75205117799565,-19.123359712504406,-5.105067531168739,12.859917163742107
kosdaq,rsi_gt80,20,True,19,-32.67122014012014,-41.09815507500686,-12.42513702750112,-23.342881710484043,0.2925765468925645
kosdaq,size_q5,5,False,0,-50.291874072441004,-74.58393945074113,-45.174941267177026,20.335881392783328,-24.655224877277682
kosdaq,size_q5,5,False,1,-52.23862205509937,-75.37476894118029,-44.36330090572641,11.885267154791833,-23.27399439118113
kosdaq,size_q5,5,False,2,-60.959269813227856,-78.96487839240453,-50.532619175260216,13.793791842222515,-30.64457356292459
kosdaq,size_q5,5,False,3,-39.80623743556071,-69.2902283898407,-42.90014959973977,31.497724262354044,-19.832510499863087
kosdaq,size_q5,5,False,4,-49.01086189903078,-73.52592633850819,-47.48380805087109,18.155215386359338,-17.826544941691147
kosdaq,size_q5,5,True,0,85.04008370182758,-45.40331247902715,-11.12888398883175,30.07184863809016,60.07439519913505
kosdaq,size_q5,5,True,1,9.80614032149476,-58.2077168605744,-36.59983550874154,11.650861290601755,55.12227453173759
kosdaq,size_q5,5,True,2,5.477476974163009,-49.85659353475703,-34.41942556969544,23.75505327759264,29.963552779805468
kosdaq,size_q5,5,True,3,52.535403732160255,-48.554971428677376,-29.952721841269614,43.290495301910425,51.97145011334345
kosdaq,size_q5,5,True,4,75.70949194788193,-42.39137258870761,-23.141108993551008,39.17762798722275,64.25994714438066
kosdaq,size_q5,10,False,0,-22.84080785358945,-69.48476618943886,-46.19365283535449,43.427877740533496,-0.018283112436567883
kosdaq,size_q5,10,False,1,-34.0339563655464,-69.44531822444888,-42.96468822022066,20.424413460600775,-3.9578047874963107
kosdaq,size_q5,10,False,2,-38.78229933793871,-69.12350154595647,-39.242459936531496,8.310228114060902,-6.973354448466229
kosdaq,size_q5,10,False,3,-34.21531272724051,-68.91706632097765,-38.44452921133728,19.87016444590324,-10.844722495541514
kosdaq,size_q5,10,False,4,-46.715934295509285,-72.37664656531557,-42.65260704700683,5.989172183003855,-12.335819842915253
kosdaq,size_q5,10,False,5,-44.66041362236225,-73.85698117091147,-34.23390995909719,19.670588590922613,-29.685246440420677
kosdaq,size_q5,10,False,6,-27.126458009680366,-70.24259785361424,-32.467021624410606,28.3726608251909,-15.941539450802743
kosdaq,size_q5,10,False,7,-52.511124484469995,-76.67178163243737,-46.4849878884255,28.018558641780732,-30.682430766378477
kosdaq,size_q5,10,False,8,-29.259156433680268,-70.85182163133787,-39.77851051502008,43.00963757654528,-17.86023889534598
kosdaq,size_q5,10,False,9,-38.188683062322106,-70.51670214130627,-47.7819590839156,45.31284842970014,-18.540187418787625
kosdaq,size_q5,10,True,0,102.34958232595713,-46.57214166865982,-21.264633455696668,45.17331348176137,77.02951079804987
kosdaq,size_q5,10,True,1,34.46627632470669,-53.030926036317126,-32.1629694509071,10.244304142636773,79.80029035400807
kosdaq,size_q5,10,True,2,34.55078780056322,-46.2548315175775,-21.405929207153342,1.1490814439268027,69.25227618868838
kosdaq,size_q5,10,True,3,47.19478954995142,-47.26107798392566,-19.06952267930242,14.77286049619584,58.46783675123612
kosdaq,size_q5,10,True,4,53.97575678826043,-43.45312894422085,-22.058576441516486,17.198142681262052,68.5634007183844
kosdaq,size_q5,10,True,5,59.71603207434954,-42.71581721717027,-9.802286608337829,23.413923335823196,43.479160047147914
kosdaq,size_q5,10,True,6,82.01181332961703,-47.60785861199002,-14.132557835869575,31.474622683067842,61.22378661284928
kosdaq,size_q5,10,True,7,66.64181865500083,-40.541568692803786,-16.60071861222685,52.14122314425455,31.333278161271984
kosdaq,size_q5,10,True,8,134.07495190770922,-45.0157148957439,-24.247583768460746,60.611507596661426,92.3896897647426
kosdaq,size_q5,10,True,9,95.79845436622199,-44.93657823199704,-25.97744900630625,71.31380658742313,54.401973184965826
kosdaq,size_q5,20,False,0,-26.06612648218961,-67.97102204204528,-44.17133081285473,65.31169095097036,-19.89075910274335
kosdaq,size_q5,20,False,1,-46.35258297160449,-70.70316948867253,-41.957691148026285,31.162755501984574,-29.531730746455352
kosdaq,size_q5,20,False,2,-26.4106115704135,-69.10741070991885,-21.700287364275738,27.343926073582338,-26.196528493453208
kosdaq,size_q5,20,False,3,-30.173079112047684,-69.63794394065077,-36.65519040686159,25.89044040739772,-12.43730823254825
kosdaq,size_q5,20,False,4,-14.616668362769891,-71.38684077374728,-31.942640377165944,34.66874334745271,-6.8396324582467365
kosdaq,size_q5,20,False,5,-15.933901522276306,-73.15686210989554,-20.116752017472116,49.87160345455477,-29.782425481696595
kosdaq,size_q5,20,False,6,-13.764074479669908,-70.93405813752314,-24.67884259021138,43.84861546275061,-20.40870744308856
kosdaq,size_q5,20,False,7,-30.608255080378534,-72.22303282186485,-34.11709561969051,49.852400981628776,-29.713589233196647
kosdaq,size_q5,20,False,8,-32.75820707389522,-72.41230669112386,-30.539152533615276,44.52948206192471,-33.02036741811649
kosdaq,size_q5,20,False,9,-20.365590744150097,-71.48065857499873,-29.153450945374725,41.93502715161026,-20.805963940781623
kosdaq,size_q5,20,False,10,-6.537522854598277,-71.601303010206,-20.511582265475383,40.37332942738667,-16.23765361236691
kosdaq,size_q5,20,False,11,-9.853651719094692,-70.84482042471707,-28.456420912430623,50.22321982788034,-16.12347878744259
kosdaq,size_q5,20,False,12,-22.629295344460676,-67.42808145927921,-30.830711412246803,24.133018021016618,-9.889390164334344
kosdaq,size_q5,20,False,13,-37.820584423240675,-68.4848702390062,-35.83286312507289,35.180876503609795,-28.31658017868336
kosdaq,size_q5,20,False,14,-60.01532786782708,-78.19393370871734,-44.18969184552219,11.415568744095882,-35.69670355197668
kosdaq,size_q5,20,False,15,-55.025782793045394,-74.61540345469777,-46.44964115832732,30.226951348108532,-35.508815457150774
kosdaq,size_q5,20,False,16,-49.51010325491046,-70.81318148079059,-42.95356954642639,38.235462701404984,-35.973975369927146
kosdaq,size_q5,20,False,17,-56.97526641418774,-73.72112918901833,-52.02069215466911,38.825850389906535,-35.405748689058356
kosdaq,size_q5,20,False,18,-50.428004150803694,-72.35042154942202,-47.361072938636426,49.80544690659385,-37.13603471480255
kosdaq,size_q5,20,False,19,-47.14942509271438,-69.84943247291716,-48.5509648460392,62.911711271798175,-36.94490627030629
kosdaq,size_q5,20,True,0,48.76023761585646,-40.20634508939842,-24.999400550482797,80.06968663791729,10.14924381984641
kosdaq,size_q5,20,True,1,9.394115297376949,-38.14718218077513,-18.490835333938126,40.47846841890714,-4.461646073373082
kosdaq,size_q5,20,True,2,15.71458965955883,-44.38575631685031,-10.631012175537025,38.60570602014977,-6.584235785561732
kosdaq,size_q5,20,True,3,45.32109357758609,-45.71419959272184,-15.705134558325984,51.62691992065851,13.697580419629318
kosdaq,size_q5,20,True,4,122.68495753644895,-37.57041302306434,-8.87545142618842,39.07628376395367,75.71240131880445
kosdaq,size_q5,20,True,5,99.2352988283634,-37.05479766830359,8.399256152161904,35.672745337028466,35.47132248860465
kosdaq,size_q5,20,True,6,100.2826786890874,-45.33250984646854,-3.1595414034128466,42.41642780459933,45.220011084215386
kosdaq,size_q5,20,True,7,131.54428042554954,-30.33349140883782,-2.5311383072728177,85.13472871929564,28.315839434870284
kosdaq,size_q5,20,True,8,55.763244077748354,-51.91499885350746,-7.588327830234576,45.024825400461225,16.223996097119354
kosdaq,size_q5,20,True,9,174.4781327297831,-32.36501891416872,15.078252878278375,64.67737631060879,44.837343828730816
kosdaq,size_q5,20,True,10,175.24509435178462,-39.948342095843806,26.559311533671483,48.03639433297337,46.91190325593748
kosdaq,size_q5,20,True,11,86.14430872132337,-40.86499478981141,-14.473637771287606,41.578793324756205,53.72749688390401
kosdaq,size_q5,20,True,12,56.90364238941847,-46.07856392874026,-15.994793736793,18.025687646587762,58.25239215664371
kosdaq,size_q5,20,True,13,8.98428871272785,-55.85802399823439,-30.249501500447007,23.18028776600689,26.845587409128434
kosdaq,size_q5,20,True,14,13.446472725753056,-35.29477783523976,-20.26420120666119,27.11950298935777,11.92457702415095
kosdaq,size_q5,20,True,15,21.082398404104374,-43.310822538623675,-24.91288338873928,31.871870273753757,22.282250173028896
kosdaq,size_q5,20,True,16,35.394904984641194,-38.59319470615328,-18.559998626381713,37.85618425242192,20.597497548731525
kosdaq,size_q5,20,True,17,17.097869530132968,-42.29920307045002,-24.157857956087003,35.711250693635456,13.768635734277424
kosdaq,size_q5,20,True,18,84.75256900340953,-37.67560950126312,-19.98518704146465,58.40594894336246,45.763438350031095
kosdaq,size_q5,20,True,19,1.45243796066028,-46.86292620586324,-26.996450872546152,57.38472198496929,-11.70096802938766
kosdaq,size_q5_high_q5,5,False,0,-39.21149845952275,-67.99569292328229,-56.47278909033753,45.63407512321793,-4.104639503663554
kosdaq,size_q5_high_q5,5,False,1,-25.25893044661933,-69.49469577678977,-43.68665528209972,64.78303616998859,-19.455575114154257
kosdaq,size_q5_high_q5,5,False,2,-36.738638523241704,-67.93968292584731,-61.037102618241626,76.40608792762436,-7.96061232039984
kosdaq,size_q5_high_q5,5,False,3,-49.955640673622604,-70.11326632806562,-53.51535789812198,31.500791464268673,-18.131416647719366
kosdaq,size_q5_high_q5,5,False,4,-45.03560917877852,-66.80794134010858,-51.4247840538175,31.0522133326397,-13.657957338889782
kosdaq,size_q5_high_q5,5,True,0,75.2265189746527,-53.58267068974525,-21.252008517493838,22.075410968745146,82.27711777019775
kosdaq,size_q5_high_q5,5,True,1,61.077207849970904,-55.21827068217065,-25.930112734910928,54.1682499782504,41.05791708331266
kosdaq,size_q5_high_q5,5,True,2,69.30509044716777,-51.070806084610524,-36.30101210191876,59.9748198928656,66.14445606844848
kosdaq,size_q5_high_q5,5,True,3,41.64455294649188,-51.88754465859318,-27.634671243506848,31.730719365755178,48.587499798608725
kosdaq,size_q5_high_q5,5,True,4,84.05722492545296,-45.35308642281741,-17.72805589738112,30.879261595490103,70.93471562005308
kosdaq,size_q5_high_q5,10,False,0,21.012103585040066,-67.43498800835208,-38.78486163733774,63.805464488159224,20.681747279794394
kosdaq,size_q5_high_q5,10,False,1,6.94586036060727,-69.63704398209813,-33.79109351389273,60.822329240738625,0.43873071362106053
kosdaq,size_q5_high_q5,10,False,2,-3.9894618269183058,-70.2012860116073,-39.05310476833835,95.93724649178479,-19.601061125722097
kosdaq,size_q5_high_q5,10,False,3,-3.140159472596804,-66.65908595230037,-37.650111143268326,65.80120839257926,-6.304145871026945
kosdaq,size_q5_high_q5,10,False,4,-28.382970129131422,-66.31335876769614,-48.4477264526505,67.02839137837027,-16.827800981326902
kosdaq,size_q5_high_q5,10,False,5,-23.810296847093703,-66.4510038619112,-44.60244954193033,58.064529599327265,-12.989573677631006
kosdaq,size_q5_high_q5,10,False,6,-5.537845185051937,-67.04719770508139,-20.676759192063898,41.288757987656496,-15.71509697341995
kosdaq,size_q5_high_q5,10,False,7,-16.932311767644048,-69.03683885209428,-53.48956366199419,77.34223962409618,0.7092870748233171
kosdaq,size_q5_high_q5,10,False,8,-19.616930683319445,-68.59896081172917,-44.44943606689371,46.30234489645133,-1.093501762225546
kosdaq,size_q5_high_q5,10,False,9,42.461990255340744,-65.56205441727427,-27.672362178506038,66.93387202447826,17.991374104112445
kosdaq,size_q5_high_q5,10,True,0,111.65317012959028,-48.25474574998453,-21.14224011740281,34.28814774154982,99.86771999209694
kosdaq,size_q5_high_q5,10,True,1,97.16517229479544,-47.54420865021443,-24.476495628541073,41.704110682535855,84.23223480442554
kosdaq,size_q5_high_q5,10,True,2,102.32955350456248,-44.536972202183065,-18.162303910229483,49.941764308641304,64.88582132190601
kosdaq,size_q5_high_q5,10,True,3,83.0431945801426,-42.79366263911576,-11.89015286277061,28.120541296763555,62.147543697156785
kosdaq,size_q5_high_q5,10,True,4,52.304560932427655,-46.38748250153056,-29.34088688238766,31.873848735599086,63.45042180226543
kosdaq,size_q5_high_q5,10,True,5,76.71612527047648,-49.70112153054897,-25.191417025739284,44.59068477646477,63.374562487521246
kosdaq,size_q5_high_q5,10,True,6,84.1694651608811,-46.16287801076327,-13.068582472417244,40.76903871684263,50.499036844343514
kosdaq,size_q5_high_q5,10,True,7,120.01582110517543,-40.38222979994875,-29.30965172257406,80.01187334467672,72.89906261295422
kosdaq,size_q5_high_q5,10,True,8,135.33575243987715,-44.24358664981958,-28.85618103140164,53.30777600664689,115.76775998775895
kosdaq,size_q5_high_q5,10,True,9,214.22917757330308,-33.45054029255886,-12.574910606216216,80.10391056783779,99.56633469853271
kosdaq,size_q5_high_q5,20,False,0,4.5734899333092605,-64.30899233302225,-37.02044385727613,48.9672404876929,11.463129806515514
kosdaq,size_q5_high_q5,20,False,1,-5.826471427191748,-66.98623781571543,-30.106199894976104,44.17208649011586,-6.543608986294069
kosdaq,size_q5_high_q5,20,False,2,1.1863270560473538,-63.6248010766587,-41.88768994293842,57.95433467174904,10.235669376560864
kosdaq,size_q5_high_q5,20,False,3,-36.03531941484791,-67.3957887249859,-51.6756376729649,45.84103314736336,-9.240024208031894
kosdaq,size_q5_high_q5,20,False,4,-14.397247255416634,-67.39018410988089,-37.8752806693191,73.58372541403372,-20.61941665997408
kosdaq,size_q5_high_q5,20,False,5,-32.50854038973539,-64.41566446338281,-38.955227892062695,42.03303190372942,-22.15853767178082
kosdaq,size_q5_high_q5,20,False,6,-33.568418927262414,-68.31988477933864,-30.94487282718903,44.30594417210234,-33.335528774277556
kosdaq,size_q5_high_q5,20,False,7,30.293117697482373,-63.07538145428639,-33.961474570264286,120.14258508691947,-10.376882456251169
kosdaq,size_q5_high_q5,20,False,8,52.86150240213621,-62.948197474600406,-21.008660499517074,82.89146058672736,5.809635191787477
kosdaq,size_q5_high_q5,20,False,9,51.80463347890034,-63.431629484827525,-26.01811208467414,60.480974239460885,27.860402041720533
kosdaq,size_q5_high_q5,20,False,10,14.503611547404226,-63.683366176644405,-30.25447040649194,58.057612590944665,3.8693444908759034
kosdaq,size_q5_high_q5,20,False,11,-15.778300042056227,-67.78390024381818,-26.925545849488262,28.627265673332936,-10.396415082616539
kosdaq,size_q5_high_q5,20,False,12,-12.560753795806857,-69.94554184022522,-35.023857457772856,62.20648302577456,-17.037033609192342
kosdaq,size_q5_high_q5,20,False,13,-9.120749067790058,-64.21400418907173,-41.14019414948906,48.77287654656659,3.7820280655265215
kosdaq,size_q5_high_q5,20,False,14,-28.66078533742803,-69.87451895777255,-44.803388511394814,37.07370487127648,-5.710842406864025
kosdaq,size_q5_high_q5,20,False,15,2.4433222222644657,-66.91525708910655,-41.65851003755724,71.48437238364428,2.3956694266279444
kosdaq,size_q5_high_q5,20,False,16,-1.643085264325106,-69.37786896261171,-24.528896639718468,49.10375362477173,-12.595131999529674
kosdaq,size_q5_high_q5,20,False,17,-27.34817558771352,-72.31305507595174,-41.281629016223754,38.0325429482429,-10.36223134007086
kosdaq,size_q5_high_q5,20,False,18,-35.66594694207625,-70.30251113974064,-34.91788723400968,30.024379974828364,-23.975341433952124
kosdaq,size_q5_high_q5,20,False,19,-24.408198642824775,-67.14469324764354,-37.78442866646062,56.55229855912924,-22.390273566359063
kosdaq,size_q5_high_q5,20,True,0,86.35428369235274,-39.66657948775568,-20.820364192522835,53.02374274356876,53.80379815557688
kosdaq,size_q5_high_q5,20,True,1,77.47402789759828,-39.31091597867821,-10.841454012656836,62.06973990454448,22.82022638996328
kosdaq,size_q5_high_q5,20,True,2,64.8155562380705,-43.107887319644945,-22.557969506217155,56.675598055692575,35.837633818357915
kosdaq,size_q5_high_q5,20,True,3,12.03145678679174,-46.80992758947114,-31.054655094647153,37.53216378665252,18.149192834300475
kosdaq,size_q5_high_q5,20,True,4,38.85618110853688,-46.04705039220656,-21.900832850356643,29.920465199936743,36.84887998781983
kosdaq,size_q5_high_q5,20,True,5,38.718378768213,-46.40713802045803,-9.032789188928913,10.836716503478439,37.583221491065565
kosdaq,size_q5_high_q5,20,True,6,11.019800471945395,-56.37644962247731,-24.509981965785144,29.842486786261336,13.264572121813266
kosdaq,size_q5_high_q5,20,True,7,161.79588569133497,-37.98610894611885,-18.51337090062719,129.79361753284294,39.8100858694429
kosdaq,size_q5_high_q5,20,True,8,173.5094112364177,-41.9514715782648,3.898452037121247,65.57355504056605,58.99088392821512
kosdaq,size_q5_high_q5,20,True,9,328.8251002378262,-26.04093933504784,24.41990031050598,74.72596164220523,97.25722053705424
kosdaq,size_q5_high_q5,20,True,10,179.08643333916422,-35.0986783363765,20.95066142655373,36.50747653005739,69.03398863070973
kosdaq,size_q5_high_q5,20,True,11,59.013687069672585,-43.19027120191359,-12.93041945329504,9.50718998412814,66.77287690705671
kosdaq,size_q5_high_q5,20,True,12,86.61380401550778,-45.08283314165915,-16.404282250572845,28.97971816859033,73.07658250210241
kosdaq,size_q5_high_q5,20,True,13,67.59261107392227,-48.381357706324046,-19.543018700546444,11.403583878916868,86.97862889708985
kosdaq,size_q5_high_q5,20,True,14,63.91160479022666,-39.08119568270965,-23.036624582615485,17.245662421020636,81.64724321101586
kosdaq,size_q5_high_q5,20,True,15,97.55065153356048,-38.62518172992269,-32.18518471506068,58.88857355721115,83.3416844348589
kosdaq,size_q5_high_q5,20,True,16,89.48675843279841,-28.52966309004564,-10.63182368298079,36.67058146489923,55.138978866657865
kosdaq,size_q5_high_q5,20,True,17,47.00767873261833,-34.89153714576635,-17.531163346207435,18.42943500525589,50.518712378543775
kosdaq,size_q5_high_q5,20,True,18,70.92024933059153,-28.423530497869866,-10.936634536870205,18.258801375708632,62.278484381898025
kosdaq,size_q5_high_q5,20,True,19,27.60199987069356,-38.69291137846326,-19.62668143441878,46.63764960574337,8.267993869149159
kosdaq,roe_q5_growth_q5,5,False,0,-55.97940554309577,-71.70718811877204,-38.61430827292578,-17.275776554775412,-13.312585531151843
kosdaq,roe_q5_growth_q5,5,False,1,-55.91619124475044,-71.07855925187178,-35.323373132818034,-13.128925051618111,-21.538509782753113
kosdaq,roe_q5_growth_q5,5,False,2,-65.44241925179274,-76.75948815102637,-38.245784168789555,-27.225504686283386,-23.105103300580854
kosdaq,roe_q5_growth_q5,5,False,3,-64.23058950301937,-75.80258620740653,-42.39232743314045,-26.689157774179318,-15.303932848252932
kosdaq,roe_q5_growth_q5,5,False,4,-68.30564056864515,-78.97381183865716,-40.964668826744834,-28.826044177765496,-24.56917278231988
kosdaq,roe_q5_growth_q5,5,True,0,-6.109845400910407,-33.42532030543527,-3.625828348569149,-15.176737181732092,14.853549615105411
kosdaq,roe_q5_growth_q5,5,True,1,-1.8005894293562807,-36.90353845117775,-1.1612837499205941,-16.260148918745276,18.645043735198662
kosdaq,roe_q5_growth_q5,5,True,2,-10.403199709794675,-39.73490304059525,4.0785898664538855,-23.07198826945378,11.904253112988128
kosdaq,roe_q5_growth_q5,5,True,3,-10.946498872253386,-39.83574464022486,-11.705085024770401,-20.257620716117753,26.48124039943469
kosdaq,roe_q5_growth_q5,5,True,4,-13.357726468762898,-32.93245496958468,-6.382651696370223,-17.55772854400204,12.259616747585111
kosdaq,roe_q5_growth_q5,10,False,0,-39.86054971658768,-60.887709425851774,-31.01042763230858,-7.9257266689071955,-5.324479583122111
kosdaq,roe_q5_growth_q5,10,False,1,-36.1929218736249,-62.824171207970366,-26.22183931313158,-7.790835987279953,-6.207751120838645
kosdaq,roe_q5_growth_q5,10,False,2,-43.49043391674932,-63.211323205584556,-24.869173118157363,-16.170458110950648,-10.276395772480784
kosdaq,roe_q5_growth_q5,10,False,3,-36.46154168650552,-63.19760847220897,-23.76177012081675,-16.755023602969242,0.11654050558980167
kosdaq,roe_q5_growth_q5,10,False,4,-40.220416795820626,-61.93725437752151,-27.436848694376113,-20.889503559023982,4.136418621018745
kosdaq,roe_q5_growth_q5,10,False,5,-26.957992455608426,-58.772731958020906,-29.86410771403911,-4.978706389704857,9.600222561811211
kosdaq,roe_q5_growth_q5,10,False,6,-37.58758256592487,-62.310274324464565,-31.722243521950965,1.0283863035477125,-9.520884572429866
kosdaq,roe_q5_growth_q5,10,False,7,-46.11675659480758,-64.33366751507268,-30.488827481117873,-8.458099857870005,-15.32032310142174
kosdaq,roe_q5_growth_q5,10,False,8,-41.43350506431823,-61.202588163923075,-38.74909691032953,5.182131646447119,-9.09353524959322
kosdaq,roe_q5_growth_q5,10,False,9,-51.124154352492745,-68.52399294484064,-32.1300644015958,-10.150567621320128,-19.850372237264256
kosdaq,roe_q5_growth_q5,10,True,0,-5.1427520413867,-41.18821718997552,-12.179911884131345,-15.834715837204117,28.334569465011427
kosdaq,roe_q5_growth_q5,10,True,1,19.79536792959049,-29.65605580495392,9.89843513782185,-15.901133022299396,29.615927659207088
kosdaq,roe_q5_growth_q5,10,True,2,11.098635394676748,-34.496602256743124,10.391094466636597,-22.402401383691117,29.69594680568899
kosdaq,roe_q5_growth_q5,10,True,3,22.181632131484964,-37.21848227771887,3.6153213203519163,-19.401003450871034,46.30268927392698
kosdaq,roe_q5_growth_q5,10,True,4,33.85477574205713,-30.03294183286158,8.47884618851371,-14.909633569842573,45.013494978763966
kosdaq,roe_q5_growth_q5,10,True,5,48.228038395065774,-26.479145164994065,7.406208052466057,-3.465245428208652,42.960902228047225
kosdaq,roe_q5_growth_q5,10,True,6,21.368462629090512,-30.34729195170286,-5.774573981801312,-1.769694555384893,31.127036635033754
kosdaq,roe_q5_growth_q5,10,True,7,25.629672528758697,-27.76082132481461,10.5904868922172,-4.8926971808019415,19.442969532462318
kosdaq,roe_q5_growth_q5,10,True,8,62.2317610985603,-21.423235987507983,-7.341863992882591,10.010717106887391,59.15391554863927
kosdaq,roe_q5_growth_q5,10,True,9,3.6404950713405437,-32.56519716887111,-5.5292341622306225,-6.19409893871945,16.95044627100053
kosdaq,roe_q5_growth_q5,20,False,0,-10.032444972972565,-58.52501399302077,-19.611988443110405,-6.120142742595114,19.21261410140389
kosdaq,roe_q5_growth_q5,20,False,1,-6.314094487999822,-58.49862553100223,-13.836410559673384,-4.441884415712094,13.784445977942749
kosdaq,roe_q5_growth_q5,20,False,2,-16.35186757625022,-57.58918365775955,-17.19320803230736,-9.500431989824165,11.620453599480896
kosdaq,roe_q5_growth_q5,20,False,3,-3.841745541289987,-59.61806821782344,-8.550364398133613,-9.093702658087476,15.667306561999773
kosdaq,roe_q5_growth_q5,20,False,4,-7.3836177155854,-60.03119787206101,-16.144363510740366,-3.6589578688909996,14.642121261341256
kosdaq,roe_q5_growth_q5,20,False,5,-20.557529400443396,-58.74752058331906,-26.565901483350473,-1.6144156386585173,9.95715757080109
kosdaq,roe_q5_growth_q5,20,False,6,-26.486780633706232,-61.03526176147612,-19.134755811587155,-2.9386262714347855,-6.3393631990842465
kosdaq,roe_q5_growth_q5,20,False,7,-21.306817153817804,-61.766394510844734,-22.506030391865927,6.458334103040686,-4.6129237430236785
kosdaq,roe_q5_growth_q5,20,False,8,-20.27975674599809,-60.54494395736014,-31.009483511075707,7.229259176961422,7.7620670859534835
kosdaq,roe_q5_growth_q5,20,False,9,-25.337289258336693,-62.20551321727265,-20.653926071588646,-7.850904499618105,2.1144574698428675
kosdaq,roe_q5_growth_q5,20,False,10,-12.154457450916967,-60.29718808351466,-16.33296968390443,2.1238923562991507,2.8106289324135947
kosdaq,roe_q5_growth_q5,20,False,11,-6.508241747083366,-59.38313375276667,-19.633974458774972,9.097371646786655,6.6317529078092186
kosdaq,roe_q5_growth_q5,20,False,12,-10.687856420571695,-60.79010142355759,-13.766880228938671,-8.556520884966545,13.261855834002102
kosdaq,roe_q5_growth_q5,20,False,13,-14.903113459146766,-61.04199146339817,-18.782269735537106,-3.067563241005622,8.092034669576108
kosdaq,roe_q5_growth_q5,20,False,14,-18.258965211492338,-58.79379951991018,-21.851984290808414,-4.488699694667786,9.513439348898277
kosdaq,roe_q5_growth_q5,20,False,15,1.3526245122459146,-55.04302201768325,-18.853982870813958,1.6045480698943404,22.92908311543842
kosdaq,roe_q5_growth_q5,20,False,16,-8.127304389468492,-59.19953806752112,-24.57434337851686,4.791163330640114,16.23654639192109
kosdaq,roe_q5_growth_q5,20,False,17,-21.448700395784968,-61.15093460870654,-27.266518974722807,3.5119001918506143,4.334687638827361
kosdaq,roe_q5_growth_q5,20,False,18,-17.045446199318416,-62.197073403717226,-30.660176185036004,11.281249026646334,7.506693865620062
kosdaq,roe_q5_growth_q5,20,False,19,-33.06511413016635,-63.15208730524539,-26.927722083388804,-4.505052443583491,-4.077721419807901
kosdaq,roe_q5_growth_q5,20,True,0,30.803097731456262,-30.81563775641586,1.9747226985423083,-9.36751504167015,41.527752045306165
kosdaq,roe_q5_growth_q5,20,True,1,44.152855995946624,-30.966442377257806,17.89555293799141,-8.325806924242695,33.37632029898487
kosdaq,roe_q5_growth_q5,20,True,2,22.47496948132046,-32.77193191384663,12.124065370304727,-14.011393248062532,27.030378384120922
kosdaq,roe_q5_growth_q5,20,True,3,42.843522006678356,-34.2072849649538,12.528784091756219,-10.128579072320454,41.2457260370219
kosdaq,roe_q5_growth_q5,20,True,4,56.57735662419681,-29.366693428518786,8.189411201696451,-10.96718117126586,62.55265829052477
kosdaq,roe_q5_growth_q5,20,True,5,15.637127838902941,-40.11837491340906,-5.220302011635647,-18.458619867954894,49.6249154149252
kosdaq,roe_q5_growth_q5,20,True,6,1.1424261561382876,-48.165217260101,-15.928415183919542,-16.79651604998901,44.59145269281819
kosdaq,roe_q5_growth_q5,20,True,7,21.91237266275985,-35.15038178794136,-9.631117485543006,2.620148271077416,31.460788815607053
kosdaq,roe_q5_growth_q5,20,True,8,6.131181279551012,-40.820779676559184,-14.95246465861575,-5.4627487062701485,32.0013263034256
kosdaq,roe_q5_growth_q5,20,True,9,40.35919732790902,-31.77759078046034,1.9549893498109094,-5.775635685890979,46.106378511849755
kosdaq,roe_q5_growth_q5,20,True,10,40.04126071018184,-32.07806583770013,6.440514994347413,-6.0490193231057425,40.03858922940835
kosdaq,roe_q5_growth_q5,20,True,11,38.335406157305925,-30.304084215282078,-6.5273021462002205,0.519622028425748,47.230478972830994
kosdaq,roe_q5_growth_q5,20,True,12,41.907616138219694,-31.524531601143934,-2.573992301828709,-8.79173939848057,59.696951006623024
kosdaq,roe_q5_growth_q5,20,True,13,47.133709439241976,-32.03858329281516,-0.4168636841535567,-4.557365837569738,54.80463763560428
kosdaq,roe_q5_growth_q5,20,True,14,32.19666560090326,-31.114549625810728,-8.783023792586441,-5.004372304754135,52.56018715098374
kosdaq,roe_q5_growth_q5,20,True,15,61.750974127822204,-28.067783673565884,8.66927698010478,-8.758296012691446,63.134846990246494
kosdaq,roe_q5_growth_q5,20,True,16,32.42682542854052,-30.161657336046453,-3.0135111572040296,-8.309922808704606,48.91635336225952
kosdaq,roe_q5_growth_q5,20,True,17,37.041978633565485,-31.14379122114661,17.035489649776036,-12.07934634207689,33.18187834010553
kosdaq,roe_q5_growth_q5,20,True,18,134.8653580036294,-25.2401940517343,17.06767355172314,2.670687212748768,95.4049258887091
kosdaq,roe_q5_growth_q5,20,True,19,22.314287275957835,-37.83169692693933,20.196083300557,-10.88580351855395,14.19313012577883
kosdaq,lowvol_q1_high_q5,5,False,0,-30.773151965342038,-47.81165108655598,-41.47365653618004,24.903165684505502,-5.300056300698852
kosdaq,lowvol_q1_high_q5,5,False,1,-33.66595820177698,-45.88142343319215,-30.9436021093771,12.621598328961658,-14.707498357270254
kosdaq,lowvol_q1_high_q5,5,False,2,-34.638872093102954,-47.58842844159113,-26.127054285747462,7.281290762155179,-17.52731555713415
kosdaq,lowvol_q1_high_q5,5,False,3,-47.64900524698955,-53.60078811941976,-25.41264086664279,-2.0403996727418328,-28.350576031334096
kosdaq,lowvol_q1_high_q5,5,False,4,-26.591760833734746,-49.618286876616914,-18.01230666026449,11.145048777095168,-19.442492944813484
kosdaq,lowvol_q1_high_q5,5,True,0,28.181634220916287,-23.528254415024918,-9.548658734314087,19.697600469133203,18.392815498408233
kosdaq,lowvol_q1_high_q5,5,True,1,10.277391441683914,-23.690367101918074,-1.3072649250882362,5.665717273376325,5.746790324196338
kosdaq,lowvol_q1_high_q5,5,True,2,-4.1650883157034135,-25.998799163578244,-0.8510620931719948,1.9248627560655374,-5.167861260383988
kosdaq,lowvol_q1_high_q5,5,True,3,-18.87502817691422,-27.931902415726185,-6.73809554672652,-6.388362445138885,-7.077596027041921
kosdaq,lowvol_q1_high_q5,5,True,4,-1.3894310124382248,-26.984986153947244,-8.85711740565136,4.501015424662436,3.533332759673158
kosdaq,lowvol_q1_high_q5,10,False,0,-5.136097241734849,-43.61299458164216,-14.860612409283124,24.29670475811392,-10.358141764603012
kosdaq,lowvol_q1_high_q5,10,False,1,10.699534237689722,-40.17771211015955,-18.75390235704294,40.426332406979924,-2.972524939285659
kosdaq,lowvol_q1_high_q5,10,False,2,-18.55265192611153,-36.48486380088436,-19.96653212094205,7.415661895757442,-5.259056837372333
kosdaq,lowvol_q1_high_q5,10,False,3,-1.7300618358770836,-34.64318746180568,-18.7667107829663,20.502491891128606,0.39003746647880977
kosdaq,lowvol_q1_high_q5,10,False,4,4.119580844949877,-37.35102749287679,-16.45796081427282,23.105708614240417,1.239303101766831
kosdaq,lowvol_q1_high_q5,10,False,5,-7.255185491332283,-38.82346998309869,-18.887729428824606,28.340205841999587,-10.907663914883525
kosdaq,lowvol_q1_high_q5,10,False,6,8.51353542687814,-40.842877649959,-9.609885433220844,34.636954489948394,-10.834120606351904
kosdaq,lowvol_q1_high_q5,10,False,7,-5.668631260837575,-42.70341932191203,-13.194579377658966,26.312008596209637,-13.96708284899666
kosdaq,lowvol_q1_high_q5,10,False,8,4.621487398025903,-46.97751129555028,2.4682915975267505,27.727246854421004,-20.063000345746197
kosdaq,lowvol_q1_high_q5,10,False,9,9.71140954011982,-44.21784125605682,3.8139483061414348,21.058139917018526,-12.702443150314213
kosdaq,lowvol_q1_high_q5,10,True,0,10.126363123947035,-30.47995683900655,5.288632523163672,2.898950231716513,1.6480069707462741
kosdaq,lowvol_q1_high_q5,10,True,1,37.704032003960776,-25.361649550683808,6.615807695398868,15.167842678839062,12.148591510921358
kosdaq,lowvol_q1_high_q5,10,True,2,6.3363011133998,-28.994950213356606,4.849234482879461,-3.2520470819450753,4.82732434568498
kosdaq,lowvol_q1_high_q5,10,True,3,18.81955578553214,-25.656766000452834,-4.407486264419314,6.815410609465444,16.36707766347014
kosdaq,lowvol_q1_high_q5,10,True,4,21.863173526186475,-17.96003289945829,-4.157510133586861,5.326986600460604,20.718751960204784
kosdaq,lowvol_q1_high_q5,10,True,5,19.821266281558202,-21.198744113665768,-3.9993873037617034,16.814373774965063,6.8473154643718726
kosdaq,lowvol_q1_high_q5,10,True,6,13.634952378401156,-24.98861809909887,-5.113647827409684,17.47659275917208,1.9428665610213391
kosdaq,lowvol_q1_high_q5,10,True,7,10.159693029334548,-27.54393641549503,4.497221480613778,13.75934532172276,-7.331765279508251
kosdaq,lowvol_q1_high_q5,10,True,8,23.812969915632376,-22.323239840726238,1.1831371551547676,14.93453449503166,6.465147357595713
kosdaq,lowvol_q1_high_q5,10,True,9,16.99584838289927,-31.99222233742215,7.611181403802347,10.405326446716568,-1.5256720718100802
kosdaq,lowvol_q1_high_q5,20,False,0,-9.469350415169941,-39.53735110541917,-25.39234742883174,40.57395356774436,-13.680801019734734
kosdaq,lowvol_q1_high_q5,20,False,1,-14.178864418129432,-43.26329311632078,-27.700574200004592,43.282304623046144,-17.15489545216895
kosdaq,lowvol_q1_high_q5,20,False,2,-13.57122338461073,-37.091910940418195,-21.432055163521436,24.63703345308843,-11.739604549372473
kosdaq,lowvol_q1_high_q5,20,False,3,-5.843165504518355,-41.113984801928126,-19.456187274015523,34.943925613912285,-13.370396769625659
kosdaq,lowvol_q1_high_q5,20,False,4,31.82110799882809,-39.723449532564445,-10.894080955968843,40.40952598552509,5.361472267949208
kosdaq,lowvol_q1_high_q5,20,False,5,47.708463378802655,-34.30539418156692,-5.809031968814304,50.3947699765849,4.270963373905912
kosdaq,lowvol_q1_high_q5,20,False,6,50.272388816167535,-38.57426653857038,-6.5464709584577285,59.723441383176,0.6734206753327809
kosdaq,lowvol_q1_high_q5,20,False,7,19.137286297613887,-42.1292422574592,-7.564019880125771,55.57849888000354,-17.156759924711686
kosdaq,lowvol_q1_high_q5,20,False,8,24.112011114578102,-40.947185450099845,0.5590767907070138,30.06233377457026,-5.105510683701942
kosdaq,lowvol_q1_high_q5,20,False,9,48.94380504824083,-38.21164916166562,7.72464310597023,24.271721312271445,11.258978105056471
kosdaq,lowvol_q1_high_q5,20,False,10,33.41878752912337,-40.11897303851324,-3.816864536895981,36.889437946919365,1.3323509986973514
kosdaq,lowvol_q1_high_q5,20,False,11,13.176413220703331,-35.35236904207911,-11.87228577785583,32.850343465874985,-3.3324439923449023
kosdaq,lowvol_q1_high_q5,20,False,12,9.238491536936477,-32.962302210502294,-8.390503430011442,18.085089111397924,0.9811090625329033
kosdaq,lowvol_q1_high_q5,20,False,13,-4.042929510684767,-33.20410553274189,-20.425574844914905,17.76620436389993,2.3959531407858448
kosdaq,lowvol_q1_high_q5,20,False,14,-3.021106288997555,-32.16268581153994,-24.262387490786818,9.223236060481321,17.233188021055646
kosdaq,lowvol_q1_high_q5,20,False,15,15.0737524017039,-32.64610204797239,-16.07051337664336,24.789087128949404,9.871511899685558
kosdaq,lowvol_q1_high_q5,20,False,16,4.47857711331987,-33.408227171340535,-21.255759858835056,24.116883455014836,6.899971835124963
kosdaq,lowvol_q1_high_q5,20,False,17,-3.154349380976895,-33.801044875314815,-27.885978912273824,24.460280767021956,7.902034202917485
kosdaq,lowvol_q1_high_q5,20,False,18,-9.186332603080128,-36.20266945894447,-26.06865139092941,31.733765642632793,-6.755015808786691
kosdaq,lowvol_q1_high_q5,20,False,19,-10.098599332924696,-41.26764781839988,-29.61449992206345,33.84592051639119,-4.571495323261043
kosdaq,lowvol_q1_high_q5,20,True,0,1.8043150030002675,-33.19113539430404,-4.258237056560443,22.35138045783045,-13.092773126652013
kosdaq,lowvol_q1_high_q5,20,True,1,1.1426676914232603,-33.572838702482585,1.9384354515397106,19.087557759705497,-16.68368532830141
kosdaq,lowvol_q1_high_q5,20,True,2,0.37404061081820483,-31.478613390689205,1.1838905970908975,12.791319952991941,-12.050301731841328
kosdaq,lowvol_q1_high_q5,20,True,3,18.305781580747936,-31.873871982686087,1.233518699605396,23.047723006587173,-5.025272731671682
kosdaq,lowvol_q1_high_q5,20,True,4,34.315243457582746,-21.789627091146336,-3.4125464183724974,13.240016798337638,22.80178001410269
kosdaq,lowvol_q1_high_q5,20,True,5,30.692912135846218,-20.896184292391474,-1.8047440456607,16.910329794008504,13.843605852252704
kosdaq,lowvol_q1_high_q5,20,True,6,16.50024305882305,-27.461402768914112,-15.295308954822062,26.214740416616024,8.970586984630247
kosdaq,lowvol_q1_high_q5,20,True,7,0.06881553346280711,-27.128142917226782,-12.643600007201739,29.01407701193104,-11.209412139090869
kosdaq,lowvol_q1_high_q5,20,True,8,-0.11508752995427196,-31.017003297111266,-10.523252084461642,15.44379631477466,-3.3016413520627896
kosdaq,lowvol_q1_high_q5,20,True,9,32.54929087317584,-28.01016797506507,4.275848277833982,5.292416156709301,20.724825281640346
kosdaq,lowvol_q1_high_q5,20,True,10,48.604706876771345,-28.517767520915903,11.98906080623372,19.55654676616043,10.98993585958199
kosdaq,lowvol_q1_high_q5,20,True,11,21.30091213278533,-23.69674914569737,-2.981273536562312,17.520245693901117,6.388774532497288
kosdaq,lowvol_q1_high_q5,20,True,12,8.5739880092909,-25.08774843669752,-4.233109323211837,4.489488683134901,8.502013853847789
kosdaq,lowvol_q1_high_q5,20,True,13,4.9611674750646095,-24.330547069977104,-6.614305154354083,0.7713976474831963,11.534960059399202
kosdaq,lowvol_q1_high_q5,20,True,14,15.689110319697175,-24.364887206024644,-5.8671614984504235,-5.078176916141153,29.474802075502726
kosdaq,lowvol_q1_high_q5,20,True,15,35.511990016147045,-25.36205698955657,-2.9354647049941396,14.033219944785635,22.429409757720897
kosdaq,lowvol_q1_high_q5,20,True,16,25.928934982425723,-25.654285796574815,-3.687940015532476,13.243417494099429,15.460089903936968
kosdaq,lowvol_q1_high_q5,20,True,17,24.378727577597402,-23.791325972575493,3.326271932071889,13.174645938530105,6.361928951243412
kosdaq,lowvol_q1_high_q5,20,True,18,33.83584073195001,-14.526618485581732,-0.9597880039487361,16.588156116322207,15.906138255824942
kosdaq,lowvol_q1_high_q5,20,True,19,14.08584655014813,-32.551463160247806,4.841123552212667,18.61426808758624,-8.259063431648206
kosdaq,amount_q5_rsi_le30,5,False,0,23.09570202360809,-24.56113823984826,-7.40243146530335,-1.93811542435961,35.563593077368694
kosdaq,amount_q5_rsi_le30,5,False,1,6.673321945195587,-31.550184465223374,4.835769683612079,4.013674287795732,-2.1736401415638373
kosdaq,amount_q5_rsi_le30,5,False,2,-23.472271098313126,-40.22909648934372,-9.042494330299643,-9.052086608408283,-7.490242326812879
kosdaq,amount_q5_rsi_le30,5,False,3,-12.331131008913276,-26.47115819887147,-12.579160697844893,0.8113562491748549,-0.5233905070002653
kosdaq,amount_q5_rsi_le30,5,False,4,-7.060196433443233,-25.12201189095179,-6.2488501928310125,2.462371550484521,-3.2478234458263366
kosdaq,amount_q5_rsi_le30,5,True,0,4.451906160246222,-13.40169957970556,-4.025892691558419,-1.5755996233960512,10.575652547154268
kosdaq,amount_q5_rsi_le30,5,True,1,-9.195962522868195,-15.931559493025416,-5.660112175006637,-5.078020854563126,1.4011823533387036
kosdaq,amount_q5_rsi_le30,5,True,2,-15.361887590298128,-23.144967069736555,-7.656494399403302,-13.960126165998199,6.527036842373657
kosdaq,amount_q5_rsi_le30,5,True,3,-12.19549057560384,-16.117424331178253,-6.090599968338273,-7.2331206917605755,0.7893879042168761
kosdaq,amount_q5_rsi_le30,5,True,4,-3.214755472739983,-11.015552169980891,-6.860326376432269,2.731054808353117,1.1515850438811537
kosdaq,amount_q5_rsi_le30,10,False,0,-11.252191393204825,-34.27803752596341,2.1342791745964096,-8.31567797588093,-5.225602528770268
kosdaq,amount_q5_rsi_le30,10,False,1,27.983164685490138,-29.48992410818455,46.638924113845405,-0.9911226179408983,-11.848553509781489
kosdaq,amount_q5_rsi_le30,10,False,2,-6.628438771584966,-39.4952228073005,4.4339221686146235,-2.609235496184936,-8.197341795004466
kosdaq,amount_q5_rsi_le30,10,False,3,-27.99835800407027,-37.80411685677348,-17.230840968389003,-1.3128598948214054,-11.851831239984156
kosdaq,amount_q5_rsi_le30,10,False,4,-9.157016145515096,-30.687907128969172,-7.121822330178085,-2.4105880381961153,0.22475515463122875
kosdaq,amount_q5_rsi_le30,10,False,5,16.20679023413556,-31.34172183689635,-8.36513569377788,-5.485334135117537,34.1749867994025
kosdaq,amount_q5_rsi_le30,10,False,6,-12.584956678611125,-35.27013389104806,-26.96253142292552,6.826958819549533,12.036517188737728
kosdaq,amount_q5_rsi_le30,10,False,7,-41.975140886508555,-49.2266107819209,-30.03966524522028,-13.266951147720828,-4.373644848621638
kosdaq,amount_q5_rsi_le30,10,False,8,-29.59372490113168,-45.117433013827416,-23.717467048388873,-1.6370006688598782,-6.167238040181866
kosdaq,amount_q5_rsi_le30,10,False,9,-5.8023321608428935,-34.23762123966374,1.3933265524158633,7.424834494714605,-13.517928132720636
kosdaq,amount_q5_rsi_le30,10,True,0,-14.746175175642362,-19.724415698001387,1.6822041163270685,-12.119119819718804,-4.5942559986518745
kosdaq,amount_q5_rsi_le30,10,True,1,-8.187026535871556,-14.670771308932839,-2.8907421971112957,-5.229154065731412,-0.23719291038869494
kosdaq,amount_q5_rsi_le30,10,True,2,-11.853366580643188,-14.021932848541718,-6.449005860915269,-7.857652103604784,2.2581775831047812
kosdaq,amount_q5_rsi_le30,10,True,3,-9.144857685183204,-12.951814483660018,-2.2024583706443,-5.270550685479424,-1.9299125807042627
kosdaq,amount_q5_rsi_le30,10,True,4,-5.6256554629773525,-10.709282955970478,-1.9077842424738534,-2.7499808542782778,-1.069612968601985
kosdaq,amount_q5_rsi_le30,10,True,5,3.2377728356916213,-11.564200267510572,-3.0280192741909073,-4.6447357353085135,11.647161548170736
kosdaq,amount_q5_rsi_le30,10,True,6,-10.46830134691108,-16.707042636130755,-6.792179018566403,-2.620322006641651,-1.3593023895145717
kosdaq,amount_q5_rsi_le30,10,True,7,-16.528602899179546,-20.51066099075407,-3.9373551202066093,-12.483193657343994,-0.7131615889703014
kosdaq,amount_q5_rsi_le30,10,True,8,-14.076795887521465,-19.069253421360955,-6.8625570392948365,-8.495483235312085,0.8192869155492
kosdaq,amount_q5_rsi_le30,10,True,9,-0.9567110593654338,-8.468002497016125,-5.881311386442545,7.950518212408353,-2.5179946456759694
kosdaq,amount_q5_rsi_le30,20,False,0,-5.009418211874883,-25.729479582048477,-8.733153773962998,7.645803791561345,-3.3124848477894653
kosdaq,amount_q5_rsi_le30,20,False,1,12.485344193584957,-33.15783904022636,10.119924985175398,3.4003677654928843,-1.211145129058333
kosdaq,amount_q5_rsi_le30,20,False,2,-4.343754557631629,-34.0903806006453,0.9884962098328121,1.1509656319008688,-6.357846600825345
kosdaq,amount_q5_rsi_le30,20,False,3,-32.72960196293133,-38.756601939036386,-13.496567808678916,-0.35802555968279526,-21.954416221809815
kosdaq,amount_q5_rsi_le30,20,False,4,-18.790894306132145,-35.50606772961243,-12.828276034607267,-0.8440038438228159,-6.047117056298779
kosdaq,amount_q5_rsi_le30,20,False,5,2.3607488373569963,-33.96561491154869,-6.765234983193313,-5.426344119381399,16.08748331925294
kosdaq,amount_q5_rsi_le30,20,False,6,5.958640877492627,-24.951603941250234,-7.258304510197322,18.05268462707943,-3.220030728866785
kosdaq,amount_q5_rsi_le30,20,False,7,-22.245269157938186,-34.18373196420078,-12.60291429408893,-9.158011719489412,-2.0638020298880955
kosdaq,amount_q5_rsi_le30,20,False,8,-10.559225859714939,-28.565790098009604,-13.952799899682855,1.1167423530153098,2.7958865856744453
kosdaq,amount_q5_rsi_le30,20,False,9,-6.222257210539029,-28.32726240676655,-0.8097108907633377,0.3503009493455167,-5.786759931697882
kosdaq,amount_q5_rsi_le30,20,False,10,-6.8442866096525945,-31.588331500644216,0.3844629224718066,-5.960059519959859,-1.3196569290675808
kosdaq,amount_q5_rsi_le30,20,False,11,20.163754356202123,-34.14012742039194,25.52716342547199,0.11639717319640308,-4.384002251120722
kosdaq,amount_q5_rsi_le30,20,False,12,-9.037026719040874,-40.66895211500875,-12.161545211365809,2.110785074337307,1.4164361482743804
kosdaq,amount_q5_rsi_le30,20,False,13,-12.56719616619726,-22.96719095076767,-14.159019820739227,5.088064406529957,-3.0771123253373722
kosdaq,amount_q5_rsi_le30,20,False,14,16.96950347312045,-21.34863833275079,0.20540441066327908,0.07308861941175415,16.644481606728423
kosdaq,amount_q5_rsi_le30,20,False,15,-6.729666049968275,-41.502640318088226,-9.02431545474165,-6.105062764150615,9.188279717045633
kosdaq,amount_q5_rsi_le30,20,False,16,-21.95578084690123,-26.55327259024409,-19.83376840596438,2.4754871900071196,-4.998758885581466
kosdaq,amount_q5_rsi_le30,20,False,17,-20.03539164841044,-28.739349092716182,-22.790524171938763,1.516785967739409,2.020947104870441
kosdaq,amount_q5_rsi_le30,20,False,18,-19.949045134913966,-35.32655060606758,-23.451114630584325,5.119273041666639,-0.5178193359350214
kosdaq,amount_q5_rsi_le30,20,False,19,-12.125159285060217,-32.592053209491986,-15.132758848598415,10.794481716435467,-6.544183509008161
kosdaq,amount_q5_rsi_le30,20,True,0,-2.916614937819628,-11.502648675070603,-0.9677097292355663,2.7226692196110625,-4.566293399635379
kosdaq,amount_q5_rsi_le30,20,True,1,-0.6669935618761613,-8.25827795319265,-1.459091120493805,0.4124087265808152,0.38980977795013416
kosdaq,amount_q5_rsi_le30,20,True,2,-9.362141357134401,-12.591541004196415,-2.6607980087700933,-3.01591339293803,-3.98891554279881
kosdaq,amount_q5_rsi_le30,20,True,3,-4.980269777053337,-10.877906364163191,-2.554248671300241,-1.396547752506161,-1.1085456030463736
kosdaq,amount_q5_rsi_le30,20,True,4,-1.6954919111484723,-8.665361041081843,0.08490908996225954,-1.7788905613236872,0.0
kosdaq,amount_q5_rsi_le30,20,True,5,-12.327349504051188,-16.78805809057652,-0.1985781993550706,-9.789692448252929,-2.61966945812937
kosdaq,amount_q5_rsi_le30,20,True,6,-14.247719423084648,-22.44807098796017,-6.808732050175381,-7.982494000311824,0.0
kosdaq,amount_q5_rsi_le30,20,True,7,-10.540067132224584,-14.009460296148358,-2.7327651575875356,-8.02665151043519,0.0
kosdaq,amount_q5_rsi_le30,20,True,8,-13.344428096635552,-17.433329063366166,-2.412763312436572,-11.201941109571468,0.0
kosdaq,amount_q5_rsi_le30,20,True,9,-6.719355115027426,-11.008269790257819,-3.1941545105368285,-4.791735029076028,1.2081081081080969
kosdaq,amount_q5_rsi_le30,20,True,10,-7.782326023114782,-15.98355586936393,3.3773449737422467,-10.795083777486813,0.0
kosdaq,amount_q5_rsi_le30,20,True,11,-4.009118570031756,-12.032910854201806,-3.5556854692884388,-0.4701501617277004,0.0
kosdaq,amount_q5_rsi_le30,20,True,12,5.262658349093474,-12.511889179148428,-3.9901042332660897,2.713783871164699,6.740591966173359
kosdaq,amount_q5_rsi_le30,20,True,13,-2.1105450160273986,-9.566277160153092,-2.392432393194177,3.088402149071112,-2.7157327586206703
kosdaq,amount_q5_rsi_le30,20,True,14,-5.218180330615329,-11.31613161210614,-1.6294109621100006,-1.5702787788748673,-2.1110849028474044
kosdaq,amount_q5_rsi_le30,20,True,15,-3.141666546125599,-11.305608767314846,0.6217200497824704,-4.132683428910944,0.40947218145486186
kosdaq,amount_q5_rsi_le30,20,True,16,-0.7650746282384491,-9.899846240747866,0.49155620125160837,2.4649279503496047,-3.626032850970129
kosdaq,amount_q5_rsi_le30,20,True,17,2.3616836888626924,-15.04593721271188,0.19574751003530455,0.7470926664902899,1.4041219371995206
kosdaq,amount_q5_rsi_le30,20,True,18,8.58582917804207,-9.498627481237342,0.25037674727299564,4.03448818309704,4.114160996959049
kosdaq,amount_q5_rsi_le30,20,True,19,5.868885102440569,-7.937400370554792,0.9679961885375343,8.458242498943026,-3.323250590343896
kosdaq,per_0_5,5,False,0,-50.6840081336276,-58.50768307498376,-50.47263944287963,9.633479377239219,-9.176258016580775
kosdaq,per_0_5,5,False,1,-40.68384200873981,-60.16423125274228,-52.724812616949855,24.252960363033992,0.9794520270741458
kosdaq,per_0_5,5,False,2,-55.54109685223687,-63.38714824832952,-49.07795856935786,8.22203867130209,-19.325324502033723
kosdaq,per_0_5,5,False,3,-64.73528807210518,-70.24231448022454,-49.98430283208107,0.4137851240821222,-29.783257872709147
kosdaq,per_0_5,5,False,4,-47.112518937396864,-56.23235595632895,-48.73032520607381,6.79670091575213,-3.4094846670022827
kosdaq,per_0_5,5,True,0,-8.52739207050388,-31.24661392646788,-14.89127472165659,7.424698840793176,0.049018040474124724
kosdaq,per_0_5,5,True,1,9.393913820497435,-28.59335615225309,-15.443124014204312,16.440992720645077,11.106209602308148
kosdaq,per_0_5,5,True,2,-18.60063465359707,-31.27675014609156,-9.838307862619589,-2.9513633296317288,-6.972890683946886
kosdaq,per_0_5,5,True,3,-35.680321223637335,-35.91724681836595,-15.129994850085238,-8.580648436382488,-17.10057814735776
kosdaq,per_0_5,5,True,4,-6.973110820573858,-24.897540761061244,-12.918764639935498,3.464579737129103,3.2505131875175453
kosdaq,per_0_5,10,False,0,-48.22391158398431,-56.83060163930742,-43.919711479767834,7.734709028552178,-14.303446731963055
kosdaq,per_0_5,10,False,1,-48.79725257006492,-58.73768646789293,-45.9939695509624,10.450571693818622,-14.161318166548531
kosdaq,per_0_5,10,False,2,-50.36343500236388,-60.616656020102845,-43.79274935483396,2.8283091491843937,-14.119081158350788
kosdaq,per_0_5,10,False,3,-50.35149606884081,-59.59053576613474,-44.48836555072664,9.925321257154017,-18.637476833054833
kosdaq,per_0_5,10,False,4,-40.077598581023935,-53.64813568537736,-45.70908968859513,10.574419508676414,-0.18233235785144464
kosdaq,per_0_5,10,False,5,-33.3569461331989,-53.98989289483107,-45.98093820400153,27.61941147215299,-3.330134247694394
kosdaq,per_0_5,10,False,6,-28.691159402667544,-52.90141427246077,-43.193784376761215,24.97155469599075,0.4468552908051704
kosdaq,per_0_5,10,False,7,-32.93140237440648,-49.4703945177836,-39.08336671670014,21.997672754905295,-9.753205187736713
kosdaq,per_0_5,10,False,8,-47.85792474701167,-57.07358871857353,-40.92719909244923,12.360151146651921,-21.442358900283654
kosdaq,per_0_5,10,False,9,-44.62086961535184,-54.30756605535684,-42.99614689107783,19.992873091901565,-19.03702326546588
kosdaq,per_0_5,10,True,0,-31.234794946691114,-38.66263875283188,-16.977653769472344,-2.52711377189061,-15.02524640298053
kosdaq,per_0_5,10,True,1,-19.87188156546541,-35.95622242348764,-12.136203845167238,-3.107416768145299,-5.8794520117797955
kosdaq,per_0_5,10,True,2,-20.4529038280553,-34.488416732703875,-9.566245880574552,-5.768096331818917,-6.653979932659492
kosdaq,per_0_5,10,True,3,-19.186336528374206,-34.57800387185112,-11.7943850378164,2.804052442909377,-10.879353537615977
kosdaq,per_0_5,10,True,4,1.3161527112246052,-23.684165195532426,-13.264429548340683,8.175783867708407,7.98200816795529
kosdaq,per_0_5,10,True,5,9.033115605826115,-26.603407026372004,-12.803430933603666,24.862297582410186,0.14463846746832765
kosdaq,per_0_5,10,True,6,-2.925884447710081,-31.409052433195694,-20.770800332044303,15.704214230723657,5.8934252025859335
kosdaq,per_0_5,10,True,7,-5.326956146476258,-31.317219099722628,-10.004617317423536,7.547995230230642,-2.1853752507878688
kosdaq,per_0_5,10,True,8,-17.175873251212725,-31.99031733934169,-21.240624994658596,2.036356885757229,3.0622596914928524
kosdaq,per_0_5,10,True,9,-22.84985678874183,-38.74845884802207,-16.110369349482724,12.921914362605191,-18.557663967550862
kosdaq,per_0_5,20,False,0,-51.28546583396659,-58.407820037982304,-41.776054722732766,8.732214261142722,-23.051759863645806
kosdaq,per_0_5,20,False,1,-36.62998794850937,-49.80529689586818,-37.67234325082129,16.546745917067685,-12.762575000849063
kosdaq,per_0_5,20,False,2,-43.202536781839186,-53.254133839377445,-40.591194929426656,2.7895568123819547,-6.990110544877259
kosdaq,per_0_5,20,False,3,-42.709891122483654,-53.77731676165898,-40.680331197716626,2.5946805026992648,-5.8639249509607305
kosdaq,per_0_5,20,False,4,-38.522067894268474,-51.467158634460034,-39.64842662483373,2.430946776838172,-0.5512182613022665
kosdaq,per_0_5,20,False,5,-29.58401022605376,-48.96720019496195,-39.80736144598119,17.89744795590531,-0.774452772834533
kosdaq,per_0_5,20,False,6,-31.579861742164272,-48.54036659370621,-37.80341280283188,12.422158108328585,-2.1489535717232555
kosdaq,per_0_5,20,False,7,-30.21584692567263,-48.73060550470548,-39.57923049979911,19.938017403375596,-3.7027922343242037
kosdaq,per_0_5,20,False,8,-38.62722688743499,-50.39441523847685,-40.74059745679094,10.934953195957098,-6.642314952059525
kosdaq,per_0_5,20,False,9,-43.934041125328726,-54.000745434358734,-47.52001769951334,8.467580977853162,-1.5069424688060384
kosdaq,per_0_5,20,False,10,-31.127836216558958,-52.19866604120684,-42.88355645002917,8.061651072948894,11.586324105219958
kosdaq,per_0_5,20,False,11,-43.30868062559392,-55.39777231586559,-45.08972107699076,3.932559985305506,-0.6629428224462441
kosdaq,per_0_5,20,False,12,-46.91591993268089,-58.20893640141844,-41.20384217020222,-2.0688007886271675,-7.807779387301917
kosdaq,per_0_5,20,False,13,-32.706559547591475,-50.08011589686072,-39.47359743326074,16.210556153803957,-4.328564363120668
kosdaq,per_0_5,20,False,14,-18.745565414188224,-50.38133970144938,-40.291212814423105,15.755112763726542,17.56245330557409
kosdaq,per_0_5,20,False,15,-23.155487176754274,-51.505438394381244,-40.55096762460505,24.52945981953136,3.7996686556297288
kosdaq,per_0_5,20,False,16,-21.2722636419173,-51.67278012902254,-40.68789605600944,32.86322193111864,-0.09674123628151676
kosdaq,per_0_5,20,False,17,-22.531907369200756,-50.133967675489345,-40.394381047020126,25.13402701909293,3.8628510741053335
kosdaq,per_0_5,20,False,18,-35.64433540054197,-48.00079237363886,-33.03828606849534,8.103680579413886,-11.096320049969698
kosdaq,per_0_5,20,False,19,-39.44111619710778,-49.9283298957628,-30.99121101450467,11.270404055037119,-21.13327794945056
kosdaq,per_0_5,20,True,0,-30.80644906658012,-43.55497274297423,-8.94707598023301,0.07754272079765201,-24.06620798979485
kosdaq,per_0_5,20,True,1,-12.20372808407456,-42.890665586177604,-4.730478741640864,9.567402863416707,-15.891337935686046
kosdaq,per_0_5,20,True,2,-22.7635457656853,-42.40215799897897,-6.474537457631014,-2.9766666287308063,-14.883007117685331
kosdaq,per_0_5,20,True,3,-16.071707078489894,-42.7199767758755,-9.657407025569963,0.8087346732020162,-7.845260710665225
kosdaq,per_0_5,20,True,4,-14.173315320124368,-28.230270846588546,-13.680180550177356,-7.408205076283936,7.383934053917551
kosdaq,per_0_5,20,True,5,-19.818897690673055,-33.033002628649974,-15.623846335331882,-0.5874851040305162,-4.410269308299775
kosdaq,per_0_5,20,True,6,-32.683240934736965,-48.077459783118535,-31.05636277579459,-5.802433712046973,3.6547777944438753
kosdaq,per_0_5,20,True,7,-19.998793322743623,-37.6959232932808,-26.4213567736591,9.57917491617053,-0.7759987252688116
kosdaq,per_0_5,20,True,8,-36.3616819857532,-46.27763406593135,-30.712807087151628,-2.723838032602044,-5.581021275198927
kosdaq,per_0_5,20,True,9,-15.141794597703196,-31.97495542535713,-24.468209455065594,4.822860193025891,7.178594402488936
kosdaq,per_0_5,20,True,10,-0.3888768356100081,-34.311446174518835,-15.889780720936109,0.9992094100166549,17.257626088694032
kosdaq,per_0_5,20,True,11,-14.418620715242803,-34.41791852601693,-16.229965362341957,-4.264493810324666,6.713053896644583
kosdaq,per_0_5,20,True,12,-11.063832051468637,-34.28251846052339,-9.15965255856499,-2.5725001363761546,0.4888944162928288
kosdaq,per_0_5,20,True,13,-4.700978159363734,-34.72432511901522,-14.037276906429918,6.29780509858151,4.2927169575364355
kosdaq,per_0_5,20,True,14,27.66559803562705,-30.871749287764626,-6.5912982729207314,12.219902340445499,21.791410904775923
kosdaq,per_0_5,20,True,15,37.19435216504918,-31.268417033486053,-4.101081476447166,27.31028620028928,12.372237724155589
kosdaq,per_0_5,20,True,16,28.290231664413,-32.340390910759254,-7.076619164252174,32.635657104997364,4.089828668414608
kosdaq,per_0_5,20,True,17,33.11998682616326,-31.799136641980475,2.727003696447605,22.588579522264162,5.708188935739056
kosdaq,per_0_5,20,True,18,15.433630840040479,-21.732087105279618,-2.041554506584531,4.727855350762034,12.519621206413456
kosdaq,per_0_5,20,True,19,-25.94226261274869,-41.02891353838884,-5.172960685971006,3.7674541058366984,-24.73776925884955
kosdaq,growth_q5,5,False,0,-64.93134201844073,-73.86094443737308,-43.02296975835635,-32.66700876541644,-8.590479861558487
kosdaq,growth_q5,5,False,1,-58.5470527551735,-74.04091639725809,-21.04429748369363,-38.2789497866212,-14.937409531489898
kosdaq,growth_q5,5,False,2,-68.32696156324798,-77.49459168217685,-41.210904224259814,-33.461637798205224,-19.03061500552439
kosdaq,growth_q5,5,False,3,-72.84899601850454,-79.63406626011333,-44.919922757002894,-33.104470476828126,-26.312426270665867
kosdaq,growth_q5,5,False,4,-72.00080996752463,-78.6500307997235,-47.0278241053961,-31.34439073681635,-23.01224950368862
kosdaq,growth_q5,5,True,0,1.842785518404133,-48.91011073935574,-3.0969315360726224,-26.224480705347975,42.455907869439024
kosdaq,growth_q5,5,True,1,-5.720331216392827,-54.52091780537085,0.811602796011357,-35.768497409427724,45.59935355827807
kosdaq,growth_q5,5,True,2,-13.429033059859952,-48.549204517099675,-9.528182281226194,-28.348744173380037,33.54731031674534
kosdaq,growth_q5,5,True,3,-22.827014025146365,-54.963721149649345,-16.42880662541577,-30.121367314523205,32.14912805014778
kosdaq,growth_q5,5,True,4,-11.309870066650852,-46.32599283375845,-17.54541578706663,-19.070838032623215,32.90932178335757
kosdaq,growth_q5,10,False,0,-46.58303935922265,-62.190597378017706,-32.01515882675984,-6.723548649946764,-15.764516878977663
kosdaq,growth_q5,10,False,1,-50.33811832005025,-64.7813488627865,-29.812352831033195,-15.615934056360114,-16.150198439730968
kosdaq,growth_q5,10,False,2,-62.327401861977116,-73.13890374696471,-34.8554483469393,-31.098883415668276,-16.06922883724805
kosdaq,growth_q5,10,False,3,-56.45019475661167,-70.43279644186427,-31.029504003917495,-25.65584610588213,-15.06708207134244
kosdaq,growth_q5,10,False,4,-57.10618347169848,-70.84640185683885,-34.62892772087045,-31.85468885515923,-3.711792432486738
kosdaq,growth_q5,10,False,5,-54.712209028878235,-68.01282528221427,-39.502167566098635,-26.169873765012152,1.392938979450431
kosdaq,growth_q5,10,False,6,-52.21791099907512,-68.80907922566637,-25.736940424286313,-30.496962490729185,-7.426110725146473
kosdaq,growth_q5,10,False,7,-56.15215553389255,-69.3669093346315,-37.47152364276671,-17.507499432782126,-14.992756465570666
kosdaq,growth_q5,10,False,8,-57.88923432225319,-67.27720943428581,-41.94506781687848,-11.13262566556048,-18.377166465141116
kosdaq,growth_q5,10,False,9,-50.9822234541504,-63.8223167680519,-36.3716100605728,-5.877719709732632,-18.151592569254426
kosdaq,growth_q5,10,True,0,-6.231178471316234,-46.473989456278694,-10.345313828612902,-17.47130833171896,26.73031167285389
kosdaq,growth_q5,10,True,1,1.530575346717078,-45.38245182179724,-4.939709782301938,-17.739532942638427,29.839412092516326
kosdaq,growth_q5,10,True,2,-7.641091184128301,-48.882965435370416,-2.046600570097623,-32.727745832692065,40.15974553351636
kosdaq,growth_q5,10,True,3,-5.28793436123296,-51.0395545294227,-8.612437101460568,-30.194448689265375,48.46642508280618
kosdaq,growth_q5,10,True,4,10.135884181067922,-48.72942868649383,-4.69664267806812,-28.845064350960836,62.4110643040644
kosdaq,growth_q5,10,True,5,9.927846923156292,-46.8594234271654,-11.066268539990187,-19.93469845555148,54.382071315049444
kosdaq,growth_q5,10,True,6,12.644387602134909,-50.421721861411164,-7.302249315702158,-26.29454111235232,64.86964688002186
kosdaq,growth_q5,10,True,7,29.01858691865904,-34.9411141054048,-6.196772844702291,-3.1342728895567773,41.992157555908236
kosdaq,growth_q5,10,True,8,27.40485700251225,-44.1661913951641,-21.65099641208872,-2.192632692575913,66.25738217463358
kosdaq,growth_q5,10,True,9,16.53254909422559,-35.9914374260436,-11.487909691207177,-2.5252250082175576,35.067980977145076
kosdaq,growth_q5,20,False,0,-32.37554253389434,-58.75436778521972,-13.660368019933,-23.433182818412725,2.294670204014926
kosdaq,growth_q5,20,False,1,-30.268028563145577,-61.052054319522455,-9.97801076019761,-22.007664566283314,-0.6812115934824003
kosdaq,growth_q5,20,False,2,-37.66698004463599,-60.73194261885535,-15.600700247220967,-21.94517896303504,-5.380730078605489
kosdaq,growth_q5,20,False,3,-45.356326076128425,-66.5850786781365,-12.691927451467233,-34.11300156143556,-5.008276541549883
kosdaq,growth_q5,20,False,4,-47.91239732290515,-67.1450685715102,-19.745053615907114,-34.19218535909968,-1.375437037498617
kosdaq,growth_q5,20,False,5,-43.111888678630535,-64.38524914551374,-21.968855524920873,-27.331263726040987,0.3242521367953666
kosdaq,growth_q5,20,False,6,-50.19504629188306,-72.54243868108642,-13.507099678454537,-28.54893576664387,-19.40958751122668
kosdaq,growth_q5,20,False,7,-35.70580032514115,-63.48544138865569,-12.790430444840805,-11.333669583606953,-16.852553416703497
kosdaq,growth_q5,20,False,8,-39.06858698749275,-62.690903725017975,-22.165196740813464,-13.742121164255817,-9.245400746477884
kosdaq,growth_q5,20,False,9,-36.62765839959392,-63.247024935197025,-18.360661049565685,-18.839520904942773,-4.356453175524311
kosdaq,growth_q5,20,False,10,-38.80653326910108,-66.30266109706456,-11.949586211062835,-24.03678216965939,-8.510700379087266
kosdaq,growth_q5,20,False,11,-34.54014638371346,-62.969697921263254,-13.511791979038435,-12.224750660655248,-13.772447522071296
kosdaq,growth_q5,20,False,12,-35.1498744437991,-67.16287025929284,-11.87972832514732,-16.67599037351285,-11.678825961697047
kosdaq,growth_q5,20,False,13,-28.27520746239236,-62.040014888607395,-13.99033156288193,-15.544328421244312,-1.259980755168355
kosdaq,growth_q5,20,False,14,-31.025788296828537,-60.79735786603223,-27.80523440593359,-15.91200486814448,13.617973031781162
kosdaq,growth_q5,20,False,15,-43.87319688775941,-64.41405202742028,-39.276934686451185,-13.706383972756452,7.111956352777127
kosdaq,growth_q5,20,False,16,-47.61832080249864,-65.7568159653257,-34.84645600469874,-19.40798953017444,-0.24162121833964934
kosdaq,growth_q5,20,False,17,-47.370228381572446,-64.98254662317858,-37.92814672758812,-15.37876572766429,0.19762271274785803
kosdaq,growth_q5,20,False,18,-50.391855091952294,-64.89317218455044,-37.25047539674596,-18.26508433738937,-3.27584859446719
kosdaq,growth_q5,20,False,19,-37.88899253907246,-63.27276762798437,-15.620133722300034,-15.707078985290268,-12.67499138724536
kosdaq,growth_q5,20,True,0,-3.367775089128011,-37.74077535061885,1.9815940773209695,-26.082059486860032,28.188871644628154
kosdaq,growth_q5,20,True,1,9.16477517966583,-39.0904039323718,4.198572129223321,-16.332863040302247,25.217736517011957
kosdaq,growth_q5,20,True,2,-6.964075287585403,-39.539446807074285,2.621419236599598,-22.39528723700328,16.821980921053758
kosdaq,growth_q5,20,True,3,-4.512687661804826,-41.31791775338666,9.329693464228805,-32.00677650077106,28.452306792633266
kosdaq,growth_q5,20,True,4,22.86700239323789,-42.59353310941704,8.153260233159166,-29.17744801101825,60.407280277969
kosdaq,growth_q5,20,True,5,13.227858212939946,-44.29502016002495,-1.4261576314257285,-25.393959493086783,53.96344326656224
kosdaq,growth_q5,20,True,6,3.7068042119588807,-46.702092139892926,-4.596172511482077,-23.452829004478936,42.00783558397247
kosdaq,growth_q5,20,True,7,40.87900588690905,-34.04559281340591,7.844463664155099,-4.82694367590919,37.2569699394204
kosdaq,growth_q5,20,True,8,26.528204877154348,-41.015782556318946,3.4155044946306834,-10.900339968135608,37.31742303275993
kosdaq,growth_q5,20,True,9,66.01771718841265,-33.81701978732228,22.207512265931516,-14.306446845383103,58.52887725858975
kosdaq,growth_q5,20,True,10,42.871988284321304,-37.42888873358452,29.39823685168035,-20.449919770350334,38.79636996764197
kosdaq,growth_q5,20,True,11,9.607950608578907,-38.73066402436769,-14.605166363412303,-5.248093878139493,35.46356644787998
kosdaq,growth_q5,20,True,12,11.689886473799094,-40.6702915138301,-9.639762131829933,-14.279342926692085,44.195262714289015
kosdaq,growth_q5,20,True,13,21.41675620125372,-39.46863844513913,-13.799052287776625,-13.992321919345763,63.768119458041305
kosdaq,growth_q5,20,True,14,25.598447213795716,-41.87078594161403,-14.610403390130433,-15.653240676692427,74.38571527940377
kosdaq,growth_q5,20,True,15,4.106900454221307,-50.385418398105664,-17.590640263694645,-21.33392734209766,60.58889422013307
kosdaq,growth_q5,20,True,16,-8.537203535002424,-52.623447411919386,-13.077515361942304,-29.5865553318831,49.43652263599419
kosdaq,growth_q5,20,True,17,-3.1010637795131357,-47.11013736126639,-10.840129226138329,-24.50442033882738,43.95543126221162
kosdaq,growth_q5,20,True,18,29.547597348109456,-43.59137830542572,-8.255463682087216,-18.902487973426496,74.11717887769511
kosdaq,growth_q5,20,True,19,-3.927165217659845,-41.63138980608514,11.388756713176384,-22.479984915215802,11.26162545133842
kosdaq,low_impact_q1_rsi_gt80,5,False,0,27.916904242087814,-23.611948005811357,15.360443837221682,12.776498923402158,-1.6776128796111012
kosdaq,low_impact_q1_rsi_gt80,5,False,1,37.112169304135925,-15.49029123351724,11.227221400488553,28.94020931884349,-4.395894378738419
kosdaq,low_impact_q1_rsi_gt80,5,False,2,3.7666746321582067,-21.339201531165685,3.717810736638305,14.182302740896002,-12.37949319113778
kosdaq,low_impact_q1_rsi_gt80,5,False,3,4.964427771500812,-17.432560272074447,-7.847868739183561,19.808749345386566,-4.928964561445815
kosdaq,low_impact_q1_rsi_gt80,5,False,4,21.839888705251486,-16.278424730908768,6.439051071693713,10.815574519508807,3.2969972546224913
kosdaq,low_impact_q1_rsi_gt80,5,True,0,14.988945209074256,-23.611948005811424,5.486457436999848,10.86819284610019,-1.6776128796111789
kosdaq,low_impact_q1_rsi_gt80,5,True,1,37.84670559795691,-14.010578223305814,10.068253765328695,27.84126284874069,-2.036732376673789
kosdaq,low_impact_q1_rsi_gt80,5,True,2,-3.559825874466682,-21.339201531165653,-2.58635534383469,12.988028946372253,-12.379493191137737
kosdaq,low_impact_q1_rsi_gt80,5,True,3,6.477076086484734,-17.432560272074415,-7.310214703186901,18.721062341357086,-3.2398648261038443
kosdaq,low_impact_q1_rsi_gt80,5,True,4,12.445116890988906,-16.278424730908693,4.450405204733721,6.997401675611226,0.6137276948406489
kosdaq,low_impact_q1_rsi_gt80,10,False,0,35.78498533855821,-14.815979293157211,5.013067087718803,19.072945972575184,8.591368969948942
kosdaq,low_impact_q1_rsi_gt80,10,False,1,37.25206797773011,-13.228879012617057,8.969686893258434,19.65775662263698,5.262174488709759
kosdaq,low_impact_q1_rsi_gt80,10,False,2,56.54899648970408,-13.664007097478548,25.58602875458833,34.46902947474329,-7.298515232366842
kosdaq,low_impact_q1_rsi_gt80,10,False,3,6.03698428133288,-17.511763377781055,-9.294347073662035,19.220809848636677,-1.9447285405325254
kosdaq,low_impact_q1_rsi_gt80,10,False,4,-1.080591827370403,-21.195541818901653,-1.9998447083139137,-6.927916432637426,8.451436551737324
kosdaq,low_impact_q1_rsi_gt80,10,False,5,22.604721813308657,-16.1230094053646,9.768705716676118,3.72856078834205,7.6788232037667825
kosdaq,low_impact_q1_rsi_gt80,10,False,6,44.64336691523303,-17.045504396406873,8.370032305212295,24.66962226050713,7.06035424168272
kosdaq,low_impact_q1_rsi_gt80,10,False,7,3.170376075552328,-17.94735079281098,-6.154451334317734,8.62767762177139,1.2047371215366365
kosdaq,low_impact_q1_rsi_gt80,10,False,8,67.37816007070873,-17.701757804484064,11.793114701202079,33.13183682371421,12.460965877407016
kosdaq,low_impact_q1_rsi_gt80,10,False,9,85.10929600049168,-15.38665532927217,17.70140490751757,42.67581469126471,10.229089808262891
kosdaq,low_impact_q1_rsi_gt80,10,True,0,18.0877859174438,-18.585023881087192,-6.3822524417149085,16.158630728391877,8.591368969948942
kosdaq,low_impact_q1_rsi_gt80,10,True,1,22.207261580624515,-13.327378286886216,-1.671839655624796,18.071956928531876,5.262174488709848
kosdaq,low_impact_q1_rsi_gt80,10,True,2,19.635301346701862,-13.664007097478581,4.843293711765551,23.09261602364634,-7.2985152323669205
kosdaq,low_impact_q1_rsi_gt80,10,True,3,6.596246262721195,-17.07670258302868,-5.950617521584178,15.58860350521658,-1.9447285405326031
kosdaq,low_impact_q1_rsi_gt80,10,True,4,-3.0353210103344352,-21.095272799783615,-1.4068681017492812,-8.539888017208352,7.531368439665265
kosdaq,low_impact_q1_rsi_gt80,10,True,5,8.696736099696034,-16.123009405364574,2.8206401559098593,-1.8238720885965232,7.678823203766805
kosdaq,low_impact_q1_rsi_gt80,10,True,6,47.7763902920088,-17.045504396406862,7.645931708610476,24.89915663920148,9.912712793732936
kosdaq,low_impact_q1_rsi_gt80,10,True,7,-2.7080641897172963,-17.947350792810933,-5.4020559328324165,1.623536818066973,1.2047371215366809
kosdaq,low_impact_q1_rsi_gt80,10,True,8,55.16770925884582,-17.701757804484064,2.071637204297949,32.55291785005481,14.685094217838458
kosdaq,low_impact_q1_rsi_gt80,10,True,9,64.49960843201899,-15.386655329272191,11.084757475230012,34.34273202795208,10.229089808262826
kosdaq,low_impact_q1_rsi_gt80,20,False,0,30.222792516376895,-13.557555161752543,12.26441739249906,2.230031429941759,13.466166679054847
kosdaq,low_impact_q1_rsi_gt80,20,False,1,26.942119850784962,-13.146958366410477,11.109322396051047,4.180721250652009,9.66496078772423
kosdaq,low_impact_q1_rsi_gt80,20,False,2,21.36200543701787,-14.559512230013782,12.170918875731829,2.10978474785235,5.958330317802774
kosdaq,low_impact_q1_rsi_gt80,20,False,3,11.241357877679725,-18.186087064571687,-3.618907015524231,13.571725816762381,1.625854240451563
kosdaq,low_impact_q1_rsi_gt80,20,False,4,-9.34462633413583,-28.720661413668537,7.41810022873417,-2.3718839867359565,-13.55474166522772
kosdaq,low_impact_q1_rsi_gt80,20,False,5,21.38189440411051,-21.307644909707022,0.9874650569410726,21.70677983047673,-1.2421404617389165
kosdaq,low_impact_q1_rsi_gt80,20,False,6,67.26413487337739,-22.347028398030645,13.886494489062962,22.439011982914316,19.952909651339446
kosdaq,low_impact_q1_rsi_gt80,20,False,7,15.381131576339824,-14.872515330926174,-0.5275367149037646,-1.337528823707168,17.565510018783968
kosdaq,low_impact_q1_rsi_gt80,20,False,8,51.26752036489819,-16.090269204477725,7.5500593939129335,14.249652849069205,23.106261875100074
kosdaq,low_impact_q1_rsi_gt80,20,False,9,67.23655036863477,-14.823127921130197,16.84806562882175,18.007285539515937,21.28325745092865
kosdaq,low_impact_q1_rsi_gt80,20,False,10,30.753100264167664,-14.90813796010787,11.625774513184584,8.898726104771937,7.563446804881191
kosdaq,low_impact_q1_rsi_gt80,20,False,11,52.342872640559456,-17.213640263058004,22.641665799595213,24.243205402563774,-0.020386759455259806
kosdaq,low_impact_q1_rsi_gt80,20,False,12,89.71866389367973,-21.12272313312724,32.76158064774148,35.195765989663094,5.699894115989657
kosdaq,low_impact_q1_rsi_gt80,20,False,13,10.386376847764067,-20.878138004284818,-7.541747344735372,19.3075254181744,0.06955289731904735
kosdaq,low_impact_q1_rsi_gt80,20,False,14,38.370084288916416,-15.396446737337454,3.7003429136846178,6.238953387823454,25.59670021465237
kosdaq,low_impact_q1_rsi_gt80,20,False,15,58.46725700133331,-15.35820701255044,1.4212166456723185,22.14517684439432,27.918807430100003
kosdaq,low_impact_q1_rsi_gt80,20,False,16,0.9814825338926525,-20.13814169605603,-0.9912056728391572,9.281061540372448,-6.6696132694677
kosdaq,low_impact_q1_rsi_gt80,20,False,17,0.020981495497562896,-20.0578109008248,-8.346507486585464,11.142872588785524,-1.8115338141380555
kosdaq,low_impact_q1_rsi_gt80,20,False,18,22.346485909999036,-25.170132502186238,-0.38307552979588433,15.95345173297007,5.919199320065105
kosdaq,low_impact_q1_rsi_gt80,20,False,19,24.175068706269663,-19.308161058726768,2.4183086752473937,18.65826845048786,2.178330585947297
kosdaq,low_impact_q1_rsi_gt80,20,True,0,19.137516780978014,-13.557555161752521,1.5306051306952062,3.4153928619095053,13.466166679054869
kosdaq,low_impact_q1_rsi_gt80,20,True,1,25.35002130005022,-13.146958366410477,5.01994203740348,8.83905194796859,9.66496078772423
kosdaq,low_impact_q1_rsi_gt80,20,True,2,13.213885771789746,-14.559512230013794,2.527446667472777,4.213612015857593,5.958330317802729
kosdaq,low_impact_q1_rsi_gt80,20,True,3,15.151904586848474,-18.186087064571698,-1.4195532191561444,14.941307795035087,1.6258542404515852
kosdaq,low_impact_q1_rsi_gt80,20,True,4,-14.300358184242345,-26.45433639713489,3.0517334764742277,-6.285841165282513,-11.26019015010642
kosdaq,low_impact_q1_rsi_gt80,20,True,5,5.767228219606002,-21.307644909707047,-5.635909508372028,13.493946070962703,-1.242140461738972
kosdaq,low_impact_q1_rsi_gt80,20,True,6,62.02688201405577,-22.347028398030623,6.7772944307076255,21.063159181757165,25.34186706862105
kosdaq,low_impact_q1_rsi_gt80,20,True,7,15.76216222912812,-14.872515330926161,1.3518996122765303,-2.8473156361377705,17.565510018783993
kosdaq,low_impact_q1_rsi_gt80,20,True,8,43.1021445325602,-16.090269204477703,7.5500593939129335,8.082490513252448,23.106261875100053
kosdaq,low_impact_q1_rsi_gt80,20,True,9,60.94659787798058,-14.823127921130174,19.687678277738808,10.874456907581841,21.283257450928716
kosdaq,low_impact_q1_rsi_gt80,20,True,10,29.995960276647615,-15.40087160200947,12.234280153396092,7.681134018114877,7.563446804881124
kosdaq,low_impact_q1_rsi_gt80,20,True,11,24.125881850014185,-17.213641757982977,2.1709349295617297,21.513219332417588,-0.0203867594552265
kosdaq,low_impact_q1_rsi_gt80,20,True,12,40.641717470697714,-21.122723133127263,2.7937979540543,29.44124951637239,5.699894115989679
kosdaq,low_impact_q1_rsi_gt80,20,True,13,7.789799422739208,-21.525426964030636,-9.716608214867872,19.30752541817442,0.06955289731900294
kosdaq,low_impact_q1_rsi_gt80,20,True,14,27.55378940539257,-15.396446737337467,-6.625502716872744,8.764422753542345,25.59670021465237
kosdaq,low_impact_q1_rsi_gt80,20,True,15,43.45108747344793,-15.358207012550473,-3.9423772810218805,16.7448169897362,27.918807430100046
kosdaq,low_impact_q1_rsi_gt80,20,True,16,-5.983381842784863,-20.13814169605603,-6.1660752076038605,7.354852089040365,-6.669613269467667
kosdaq,low_impact_q1_rsi_gt80,20,True,17,-4.35602060233129,-20.057810900824823,-7.275061721990539,5.0511009916843985,-1.8115338141380777
kosdaq,low_impact_q1_rsi_gt80,20,True,18,12.884560364004006,-25.170132502186238,-6.872008578338685,15.953451732970091,4.537143408788036
kosdaq,low_impact_q1_rsi_gt80,20,True,19,12.47484589191632,-19.308161058726736,-5.091502835569484,15.98224407341573,2.178330585947341
