ticker,name,sector,price,RSI,Stoch_K,BB_pct,drawdown_52w_high_%,distance_to_52w_low_%,return_1w_%,return_1m_%,return_3m_%,vs_SMA20_%,vs_SMA50_%,vs_SMA200_%,volume_vs_avg,52w_high,52w_low,acc_score,acc_signal_vol,acc_signal_return,acc_signal_candle,avg_volume_1w,avg_volume_1m,amt_today_억,amt_avg_1w_억,amt_avg_1m_억,vol_1w_vs_1m_ratio,trend_score,falling_knife,reversal_above_sma5,reversal_rebound_3pct,reversal_vol_up_candle,trend_details,oversold_score,foreign_5d_억,inst_5d_억,foreign_20d_억,inst_20d_억,supply_fetched,supply_score,market_regime,regime_score,regime_kospi_score,regime_fx_score,regime_flow_score,kospi_vs_sma200_%,kospi_return_1m_%,usdkrw,usdkrw_vs_sma20_%,usdkrw_return_1m_%,foreign_kospi_5d_억,foreign_kospi_5d_raw_억,foreign_kospi_5d_adjusted_억,foreign_proxy_success,foreign_proxy_total,foreign_proxy_coverage,stock_score_stage1,composite_score,stock_code,corp_code,danger_count,warning_count,fp_avoided_count,soft_downgraded_count,danger_details,warning_details,fp_avoided_details,soft_downgraded_details,danger_urls,warning_urls,fp_avoided_urls,soft_downgraded_urls,danger_rcept_nos,warning_rcept_nos,risk_level
001620,케이비아이동국실업,,2510,15.7,0.7,1.3,-47.9,11.8,-5.3,-21.8,-22.7,-17.1,-19.8,-8.1,1.9,4820,2245,10,True,True,False,70762,37905,1.9,1.9,1.0,1.87,0,False,False,False,False,-,89.0,-0.4,0.1,-1.1,0.6,True,8,강세,-4,0,-1,-3,74.0,27.1,1496.93,,1.69,-43023.0,-43023.0,-43023.0,10,10,1.0,107.0,103.0,001620,00114765,0,1,0,0,,[20260310] 주식병합결정               (20260310800693),,,,https://dart.fss.or.kr/dsaf001/main.do?rcpNo=20260310800693,,,,20260310800693,주의
095720,웅진씽크빅,,1699,5.9,12.1,15.6,-65.1,5.2,-2.6,-26.5,-26.7,-18.7,-22.9,-37.5,1.63,4864,1615,15,True,True,True,108050,62932,1.8,1.8,1.2,1.72,3,False,True,False,False,5일선회복,84.6,-1.2,-0.1,-5.7,-1.4,True,0,강세,-4,0,-1,-3,74.0,27.1,1496.93,,1.69,-43023.0,-43023.0,-43023.0,10,10,1.0,102.6,98.6,095720,00628189,0,1,0,0,,[20260311] 주식병합결정               (20260311802526),,,,https://dart.fss.or.kr/dsaf001/main.do?rcpNo=20260311802526,,,,20260311802526,주의
013360,일성건설,,1424,25.7,10.2,9.9,-49.7,19.5,-6.6,-29.0,-27.9,-16.0,-23.2,-16.7,0.76,2830,1192,0,False,False,False,211935,426734,4.7,3.1,7.6,0.5,0,False,False,False,False,-,85.4,0.2,0.1,-4.3,0.2,True,15,강세,-4,0,-1,-3,74.0,27.1,1496.93,,1.69,-43023.0,-43023.0,-43023.0,10,10,1.0,100.4,96.4,013360,00146232,0,0,0,0,,,,,,,,,,,안전
000890,보해양조,,1421,2.6,5.5,-6.3,-49.5,2.9,-32.7,-33.8,-44.8,-28.0,-31.7,-34.6,4.53,2815,1381,0,False,False,False,363503,99858,5.9,5.7,1.6,3.64,0,False,False,False,False,-,99.8,-2.5,-1.6,-2.5,-1.6,True,0,강세,-4,0,-1,-3,74.0,27.1,1496.93,,1.69,-43023.0,-43023.0,-43023.0,10,10,1.0,99.8,95.8,000890,00123541,0,1,0,0,,[20260305] 주식병합결정               (20260305801205),,,,https://dart.fss.or.kr/dsaf001/main.do?rcpNo=20260305801205,,,,20260305801205,주의
016590,신대양제지,,10080,20.6,3.6,7.9,-44.5,28.9,-5.1,-21.9,-35.3,-13.7,-19.2,-19.3,2.25,18150,7820,5,False,True,False,31897,30731,6.9,3.3,3.6,1.04,0,False,False,False,False,-,86.8,0.9,-1.5,-4.3,-1.9,True,8,강세,-4,0,-1,-3,74.0,27.1,1496.93,,1.69,-43023.0,-43023.0,-43023.0,10,10,1.0,99.8,95.8,016590,00135777,0,2,0,0,,[20251106] 최대주주변경               (20251106800769) || [20251106] 최대주주등소유주식변동신고서(최대주주변경시)               (20251106800729),,,,https://dart.fss.or.kr/dsaf001/main.do?rcpNo=20251106800769 || https://dart.fss.or.kr/dsaf001/main.do?rcpNo=20251106800729,,,,20251106800769 || 20251106800729,주의
011090,에넥스,,1467,0.0,3.5,-5.6,-64.8,1.9,-31.4,-31.4,-41.6,-26.9,-29.9,-43.4,2.93,4170,1440,0,False,False,False,212046,50487,2.3,3.6,0.8,4.2,0,False,False,False,False,-,99.7,-1.2,-0.7,-1.2,-0.7,True,0,강세,-4,0,-1,-3,74.0,27.1,1496.93,,1.69,-43023.0,-43023.0,-43023.0,10,10,1.0,99.7,95.7,011090,00139764,0,1,0,0,,[20260305] 주식병합결정               (20260305801188),,,,https://dart.fss.or.kr/dsaf001/main.do?rcpNo=20260305801188,,,,20260305801188,주의
011930,신성이엔지,,26500,21.0,5.3,6.0,-46.7,93.9,-5.7,-33.7,26.8,-26.7,-22.8,21.7,1.64,49700,13670,10,True,True,False,1153280,667891,305.4,329.4,219.8,1.73,0,False,False,False,False,-,89.5,-52.7,-13.1,-10.9,-51.5,True,0,강세,-4,0,-1,-3,74.0,27.1,1496.93,,1.69,-43023.0,-43023.0,-43023.0,10,10,1.0,99.5,95.5,011930,00136271,0,3,0,0,,[20260225] [기재정정]주식병합결정               (20260225802016) || [20260220] [기재정정]주식병합결정               (20260220800510) || [20260220] 주식병합결정               (20260220800309),,,,https://dart.fss.or.kr/dsaf001/main.do?rcpNo=20260225802016 || https://dart.fss.or.kr/dsaf001/main.do?rcpNo=20260220800510 || https://dart.fss.or.kr/dsaf001/main.do?rcpNo=20260220800309,,,,20260225802016 || 20260220800510 || 20260220800309,주의
336370,솔루스첨단소재,,9500,26.7,2.2,12.0,-43.8,38.1,-10.5,-38.7,7.0,-22.9,-13.2,5.8,1.34,16900,6880,0,False,False,False,480481,822490,96.3,49.2,109.0,0.58,0,False,False,False,False,-,84.4,8.5,4.4,20.7,-45.3,True,15,강세,-4,0,-1,-3,74.0,27.1,1496.93,,1.69,-43023.0,-43023.0,-43023.0,10,10,1.0,99.4,95.4,336370,01412822,0,4,0,0,,[20260429] 유상증자결정(종속회사의주요경영사항)               (20260429801024) || [20260428] 유상증자결정(종속회사의주요경영사항)               (20260428800851) || [20260123] 유상증자결정(종속회사의주요경영사항)               (20260123800533),,,,https://dart.fss.or.kr/dsaf001/main.do?rcpNo=20260429801024 || https://dart.fss.or.kr/dsaf001/main.do?rcpNo=20260428800851 || https://dart.fss.or.kr/dsaf001/main.do?rcpNo=20260123800533,,,,20260429801024 || 20260428800851 || 20260123800533,주의
000390,SP삼화,,7270,17.9,3.7,17.0,-49.2,30.5,-4.0,-23.1,-25.5,-13.4,-20.0,-0.5,0.59,14300,5570,5,False,True,False,197537,414726,17.8,14.9,36.9,0.48,0,False,False,False,False,-,79.4,2.0,0.4,21.9,-1.4,True,15,강세,-4,0,-1,-3,74.0,27.1,1496.93,,1.69,-43023.0,-43023.0,-43023.0,10,10,1.0,99.4,95.4,000390,00129387,0,3,0,0,,[20260102] 최대주주변경               (20260102800376) || [20260102] 최대주주등소유주식변동신고서(최대주주변경시)               (20260102800268) || [20251208] 유상증자또는주식관련사채등의발행결과(자율공시)               (20251208800364),,,,https://dart.fss.or.kr/dsaf001/main.do?rcpNo=20260102800376 || https://dart.fss.or.kr/dsaf001/main.do?rcpNo=20260102800268 || https://dart.fss.or.kr/dsaf001/main.do?rcpNo=20251208800364,,,,20260102800376 || 20260102800268 || 20251208800364,주의
004310,현대약품,,7190,29.5,15.1,18.6,-54.9,118.9,-3.1,-16.0,-46.0,-9.3,-15.0,3.3,0.76,15960,3285,10,False,True,True,323850,487856,26.8,23.7,39.6,0.66,0,False,False,False,False,-,74.3,2.9,0.7,-26.4,2.7,True,15,강세,-4,0,-1,-3,74.0,27.1,1496.93,,1.69,-43023.0,-43023.0,-43023.0,10,10,1.0,99.3,95.3,004310,00164706,0,0,0,0,,,,,,,,,,,안전
004440,삼일씨엔에스,,5600,5.2,12.0,14.4,-49.4,40.4,-7.9,-29.5,-3.4,-18.5,-25.8,-1.6,2.47,11070,3990,0,False,False,False,80530,83793,11.0,4.7,5.9,0.96,0,False,False,False,False,-,90.6,0.4,-0.5,-2.1,-0.1,True,8,강세,-4,0,-1,-3,74.0,27.1,1496.93,,1.69,-43023.0,-43023.0,-43023.0,10,10,1.0,98.6,94.6,004440,00109806,0,0,0,0,,,,,,,,,,,안전
010820,퍼스텍,,10310,17.5,6.0,7.0,-45.0,189.2,-8.2,-32.7,41.8,-17.1,-4.8,66.5,0.92,18730,3565,5,False,True,False,1480291,1821593,163.5,160.7,233.7,0.81,0,False,False,False,False,-,85.2,83.7,-42.5,219.1,-87.5,True,8,강세,-4,0,-1,-3,74.0,27.1,1496.93,,1.69,-43023.0,-43023.0,-43023.0,10,10,1.0,98.2,94.2,010820,00148522,0,0,0,0,,,,,,,,,,,안전
009810,플레이그램,,2130,27.5,35.2,11.8,-50.7,7.8,-3.2,-8.5,-8.9,-7.1,-3.9,-21.9,3.63,4317,1975,15,True,True,True,43612,18197,1.2,0.9,0.4,2.4,3,False,True,False,False,5일선회복,79.5,-0.1,-0.8,-0.4,-0.9,True,0,강세,-4,0,-1,-3,74.0,27.1,1496.93,,1.69,-43023.0,-43023.0,-43023.0,10,10,1.0,97.5,93.5,009810,00103130,0,3,0,0,,[20260311] 주식병합결정               (20260311801931) || [20251126] 주식병합결정               (20251126800734) || [20250715] [첨부정정]주요사항보고서(전환사채권발행결정) (20250715000028),,,,https://dart.fss.or.kr/dsaf001/main.do?rcpNo=20260311801931 || https://dart.fss.or.kr/dsaf001/main.do?rcpNo=20251126800734 || https://dart.fss.or.kr/dsaf001/main.do?rcpNo=20250715000028,,,,20260311801931 || 20251126800734 || 20250715000028,주의
092220,KEC,,5210,16.3,0.3,-7.0,-50.1,56.7,-43.3,-34.9,31.7,-38.1,-34.7,4.4,1.46,10450,3325,5,True,False,False,4417350,3125408,137.7,273.7,258.0,1.41,0,False,False,False,False,-,92.3,-56.4,-1.9,-90.2,-1.8,True,0,강세,-4,0,-1,-3,74.0,27.1,1496.93,,1.69,-43023.0,-43023.0,-43023.0,10,10,1.0,97.3,93.3,092220,00589127,0,1,0,0,,[20260304] 주식병합결정               (20260304801566),,,,https://dart.fss.or.kr/dsaf001/main.do?rcpNo=20260304801566,,,,20260304801566,주의
003280,흥아해운,,2255,23.3,1.4,-1.6,-53.0,46.4,-11.9,-28.5,14.8,-16.6,-27.0,9.3,0.3,4795,1540,0,False,False,False,8936047,27333998,189.2,215.8,753.1,0.33,0,False,False,False,False,-,89.2,71.6,-0.6,65.1,-1.0,True,8,강세,-4,0,-1,-3,74.0,27.1,1496.93,,1.69,-43023.0,-43023.0,-43023.0,10,10,1.0,97.2,93.2,003280,00167208,0,0,0,0,,,,,,,,,,,안전
006200,한국전자홀딩스,,2930,16.5,6.9,2.0,-47.6,2.8,-26.8,-28.8,-14.1,-22.1,-26.9,-19.3,1.88,5590,2850,5,True,False,False,230391,83473,4.0,7.0,2.8,2.76,0,False,False,False,False,-,92.0,-1.9,-0.7,-1.6,0.3,True,0,강세,-4,0,-1,-3,74.0,27.1,1496.93,,1.69,-43023.0,-43023.0,-43023.0,10,10,1.0,97.0,93.0,006200,00159254,0,2,0,0,,[20260304] 주식병합결정               (20260304801670) || [20260213] 유상증자또는주식관련사채등의발행결과(자율공시)               (20260213801923),,,,https://dart.fss.or.kr/dsaf001/main.do?rcpNo=20260304801670 || https://dart.fss.or.kr/dsaf001/main.do?rcpNo=20260213801923,,,,20260304801670 || 20260213801923,주의
009460,한창제지,,2080,9.5,11.1,-1.8,-47.5,4.0,-11.9,-19.2,-15.1,-18.7,-21.9,-25.6,2.58,3965,2000,5,True,False,False,54613,31575,1.4,1.2,0.7,1.73,0,False,False,False,False,-,91.2,-0.6,-0.0,-1.1,-0.9,True,0,강세,-4,0,-1,-3,74.0,27.1,1496.93,,1.69,-43023.0,-43023.0,-43023.0,10,10,1.0,96.2,92.2,009460,00163761,0,3,0,0,,[20260224] 주식병합결정               (20260224800300) || [20250813] 유상증자또는주식관련사채등의발행결과(자율공시)               (20250813800352) || [20250805] 주요사항보고서(전환사채권발행결정) (20250805000155),,,,https://dart.fss.or.kr/dsaf001/main.do?rcpNo=20260224800300 || https://dart.fss.or.kr/dsaf001/main.do?rcpNo=20250813800352 || https://dart.fss.or.kr/dsaf001/main.do?rcpNo=20250805000155,,,,20260224800300 || 20250813800352 || 20250805000155,주의
003000,부광약품,,5090,22.7,8.3,14.6,-48.5,59.1,-6.3,-29.0,-5.2,-13.7,-26.4,9.5,0.53,9890,3200,5,False,True,False,738765,1454650,34.1,38.6,93.0,0.51,0,False,False,False,False,-,83.1,3.1,-3.7,141.2,-226.2,True,8,강세,-4,0,-1,-3,74.0,27.1,1496.93,,1.69,-43023.0,-43023.0,-43023.0,10,10,1.0,96.1,92.1,003000,00123718,0,10,0,0,,[20250716] 유상증자또는주식관련사채등의발행결과(자율공시)               (20250716800139) || [20250715] [기재정정]특수관계인의유상증자참여 (20250715000306) || [20250715] 유상증자또는주식관련사채등의청약결과(자율공시)               (20250715800243),,,,https://dart.fss.or.kr/dsaf001/main.do?rcpNo=20250716800139 || https://dart.fss.or.kr/dsaf001/main.do?rcpNo=20250715000306 || https://dart.fss.or.kr/dsaf001/main.do?rcpNo=20250715800243,,,,20250716800139 || 20250715000306 || 20250715800243,주의
023810,인팩,,6390,17.7,14.2,17.6,-52.9,14.1,-0.2,-25.9,-25.1,-18.3,-20.0,-16.1,1.02,13560,5600,5,False,True,False,65448,92139,6.0,4.2,7.3,0.71,3,False,True,False,False,5일선회복,80.0,2.5,-0.1,-2.3,-0.1,True,8,강세,-4,0,-1,-3,74.0,27.1,1496.93,,1.69,-43023.0,-43023.0,-43023.0,10,10,1.0,96.0,92.0,023810,00180795,0,0,0,0,,,,,,,,,,,안전
001460,BYC,,40100,19.9,1.6,5.1,-43.9,25.3,-9.1,-20.3,-29.0,-14.0,-15.7,-7.5,0.59,71500,32000,0,False,False,False,5325,5242,1.3,2.2,2.4,1.02,0,False,False,False,False,-,80.7,0.1,0.5,-0.8,4.5,True,15,강세,-4,0,-1,-3,74.0,27.1,1496.93,,1.69,-43023.0,-43023.0,-43023.0,10,10,1.0,95.7,91.7,001460,00122579,0,0,0,0,,,,,,,,,,,안전
130660,한전산업,,14480,12.6,1.2,17.5,-47.9,42.7,-5.2,-30.9,-43.5,-17.6,-22.8,-1.7,0.81,27800,10150,5,False,True,False,262901,448445,49.6,39.3,83.0,0.59,0,False,False,False,False,-,82.2,17.5,-7.1,11.0,-4.8,True,8,강세,-4,0,-1,-3,74.0,27.1,1496.93,,1.69,-43023.0,-43023.0,-43023.0,10,10,1.0,95.2,91.2,130660,00194947,1,0,0,0,[20251125] 횡령ㆍ배임사실확인               (20251125800599),,,,https://dart.fss.or.kr/dsaf001/main.do?rcpNo=20251125800599,,,,20251125800599,,위험
049800,우진플라임,,2100,11.6,8.4,10.0,-43.2,13.5,-5.4,-27.7,-25.8,-16.3,-19.3,-6.8,0.82,3700,1850,5,False,True,False,67701,111046,1.9,1.5,2.9,0.61,0,False,False,False,False,-,82.1,0.6,-0.0,1.5,-0.1,True,8,강세,-4,0,-1,-3,74.0,27.1,1496.93,,1.69,-43023.0,-43023.0,-43023.0,10,10,1.0,95.1,91.1,049800,00303217,0,0,0,0,,,,,,,,,,,안전
044380,주연테크,,1720,26.4,10.6,9.3,-42.1,12.4,0.3,-21.6,-7.5,-15.0,-13.3,-22.0,0.42,2970,1530,5,False,True,False,171785,472315,3.5,3.0,8.8,0.36,3,False,False,True,False,+3%반등,78.8,0.9,0.0,-1.4,-0.9,True,8,강세,-4,0,-1,-3,74.0,27.1,1496.93,,1.69,-43023.0,-43023.0,-43023.0,10,10,1.0,94.8,90.8,044380,00269241,0,1,0,0,,[20260227] 주식병합결정               (20260227800224),,,,https://dart.fss.or.kr/dsaf001/main.do?rcpNo=20260227800224,,,,20260227800224,주의
008970,KBI동양철관,,1509,23.2,10.1,21.1,-62.7,6.3,-1.6,-20.5,-17.6,-11.7,-15.3,-27.8,0.33,4041,1420,10,False,True,True,837850,2752382,14.3,12.9,51.6,0.3,0,False,False,False,False,-,76.8,0.2,-0.0,-21.9,-0.1,True,8,강세,-4,0,-1,-3,74.0,27.1,1496.93,,1.69,-43023.0,-43023.0,-43023.0,10,10,1.0,94.8,90.8,008970,00117629,0,10,0,0,,[20251211] 유상증자또는주식관련사채등의발행결과(자율공시)               (20251211800162) || [20251210] 유상증자또는주식관련사채등의청약결과(자율공시)               (20251210800140) || [20251205] 유상증자또는주식관련사채등의청약결과(자율공시)               (20251205800078),,,,https://dart.fss.or.kr/dsaf001/main.do?rcpNo=20251211800162 || https://dart.fss.or.kr/dsaf001/main.do?rcpNo=20251210800140 || https://dart.fss.or.kr/dsaf001/main.do?rcpNo=20251205800078,,,,20251211800162 || 20251210800140 || 20251205800078,주의
016880,웅진,,2165,23.7,2.6,10.6,-58.4,34.4,-5.0,-21.6,-13.2,-16.2,-19.0,-30.2,0.4,5200,1611,5,False,True,False,380968,731950,6.4,8.8,20.0,0.52,0,False,False,False,False,-,81.6,-12.7,9.8,-18.9,10.2,True,8,강세,-4,0,-1,-3,74.0,27.1,1496.93,,1.69,-43023.0,-43023.0,-43023.0,10,10,1.0,94.6,90.6,016880,00143651,0,2,0,0,,[20250612] 유상증자결정(종속회사의주요경영사항)               (20250612800397) || [20250528] 유상증자결정(종속회사의주요경영사항)               (20250528800404),,,,https://dart.fss.or.kr/dsaf001/main.do?rcpNo=20250612800397 || https://dart.fss.or.kr/dsaf001/main.do?rcpNo=20250528800404,,,,20250612800397 || 20250528800404,주의
008350,남선알미늄,,1545,21.3,0.1,8.6,-55.7,54.5,-11.2,-31.8,23.0,-19.6,-21.1,13.7,0.35,3485,1000,0,False,False,False,4033943,9880941,54.2,66.2,197.5,0.41,0,False,False,False,False,-,86.6,28.2,-0.1,26.0,0.7,True,8,강세,-4,0,-1,-3,74.0,27.1,1496.93,,1.69,-43023.0,-43023.0,-43023.0,10,10,1.0,94.6,90.6,008350,00107224,0,0,0,0,,,,,,,,,,,안전
007110,일신석재,,1199,18.6,3.1,9.5,-60.2,1.4,-10.1,-27.9,-35.9,-19.4,-22.4,-32.5,0.84,3010,1182,0,False,False,False,666538,727434,7.5,8.3,10.8,0.92,0,False,False,False,False,-,85.2,0.7,-0.0,-14.5,-0.1,True,8,강세,-4,0,-1,-3,74.0,27.1,1496.93,,1.69,-43023.0,-43023.0,-43023.0,10,10,1.0,93.2,89.2,007110,00146296,0,0,0,0,,,,,,,,,,,안전
009240,한샘,,30200,18.4,3.8,12.6,-44.9,1.3,-7.5,-22.1,-38.6,-18.1,-22.8,-30.8,1.19,54800,29800,5,False,True,False,110159,106638,39.6,34.7,39.5,1.03,0,False,False,False,False,-,79.9,35.6,-66.2,76.3,-197.2,True,8,강세,-4,0,-1,-3,74.0,27.1,1496.93,,1.69,-43023.0,-43023.0,-43023.0,10,10,1.0,92.9,88.9,009240,00161693,0,0,0,0,,,,,,,,,,,안전
484870,엠앤씨솔루션,,78500,17.5,1.1,10.9,-65.9,0.5,-8.7,-33.6,-46.4,-21.5,-26.8,-47.1,1.37,230000,78100,5,False,True,False,21274,21332,23.0,17.5,21.6,1.0,0,False,False,False,False,-,87.5,-9.1,-7.2,-6.0,-49.9,True,0,강세,-4,0,-1,-3,74.0,27.1,1496.93,,1.69,-43023.0,-43023.0,-43023.0,10,10,1.0,92.5,88.5,484870,01519790,0,0,0,0,,,,,,,,,,,안전
285130,SK케미칼,,43800,20.5,5.5,17.4,-46.5,2.0,-3.6,-25.0,-31.7,-15.5,-19.3,-30.3,1.04,81800,42950,5,False,True,False,91119,86854,40.4,40.7,45.0,1.05,0,False,False,False,False,-,79.3,6.6,-59.4,-105.1,-202.7,True,8,강세,-4,0,-1,-3,74.0,27.1,1496.93,,1.69,-43023.0,-43023.0,-43023.0,10,10,1.0,92.3,88.3,285130,01267170,0,0,0,0,,,,,,,,,,,안전
018470,조일알미늄,,1325,14.8,0.8,13.3,-40.7,21.0,-6.4,-26.3,3.1,-15.8,-13.8,-4.7,0.22,2235,1095,5,False,True,False,1639031,8407062,24.2,22.8,148.2,0.19,0,False,False,False,False,-,79.1,7.6,-0.4,10.1,-0.5,True,8,강세,-4,0,-1,-3,74.0,27.1,1496.93,,1.69,-43023.0,-43023.0,-43023.0,10,10,1.0,92.1,88.1,018470,00149239,0,0,0,0,,,,,,,,,,,안전
008250,이건산업,,3310,24.8,8.2,14.6,-44.0,1.5,-3.6,-19.5,-26.5,-10.3,-14.0,-25.8,1.48,5910,3260,5,False,True,False,30756,30478,1.5,1.0,1.1,1.01,0,False,False,False,False,-,78.9,0.1,-0.0,-1.4,-0.3,True,8,강세,-4,0,-1,-3,74.0,27.1,1496.93,,1.69,-43023.0,-43023.0,-43023.0,10,10,1.0,91.9,87.9,008250,00145446,0,0,0,0,,,,,,,,,,,안전
035510,신세계 I&C,,15370,17.5,2.8,6.0,-47.5,31.9,-11.1,-23.1,-17.4,-19.1,-21.6,-9.9,1.01,29300,11650,0,False,False,False,273766,323932,51.4,43.9,62.6,0.85,0,False,False,False,False,-,83.2,19.6,-35.1,30.3,-55.5,True,8,강세,-4,0,-1,-3,74.0,27.1,1496.93,,1.69,-43023.0,-43023.0,-43023.0,10,10,1.0,91.2,87.2,035510,00219486,0,0,0,0,,,,,,,,,,,안전
214420,토니모리,,6240,30.1,3.7,7.5,-54.2,1.5,-4.1,-12.8,-31.0,-12.0,-10.6,-28.3,0.84,13610,6150,5,False,True,False,138851,280636,11.8,9.0,20.6,0.49,0,False,False,False,False,-,78.2,-0.1,0.4,-13.9,-1.2,True,8,강세,-4,0,-1,-3,74.0,27.1,1496.93,,1.69,-43023.0,-43023.0,-43023.0,10,10,1.0,91.2,87.2,214420,00816544,0,0,0,0,,,,,,,,,,,안전
192650,드림텍,,5060,20.9,3.4,2.3,-44.5,1.2,-7.8,-23.9,-37.5,-18.2,-22.3,-25.5,1.45,9120,5000,5,False,True,False,436705,433343,32.2,23.2,26.3,1.01,0,False,False,False,False,-,86.1,-15.3,-8.0,-36.9,-12.7,True,0,강세,-4,0,-1,-3,74.0,27.1,1496.93,,1.69,-43023.0,-43023.0,-43023.0,10,10,1.0,91.1,87.1,192650,00415646,0,0,0,0,,,,,,,,,,,안전
021820,세원정공,,12170,25.6,0.0,0.6,-31.7,43.7,-8.4,-18.8,-19.8,-15.2,-17.8,-3.8,1.25,17820,8470,5,True,False,False,29164,20282,3.2,3.8,2.8,1.44,0,False,False,False,False,-,78.1,2.7,-1.8,9.6,-3.2,True,8,강세,-4,0,-1,-3,74.0,27.1,1496.93,,1.69,-43023.0,-43023.0,-43023.0,10,10,1.0,91.1,87.1,021820,00134316,0,0,0,0,,,,,,,,,,,안전
008500,일정실업,,1929,28.8,9.4,9.7,-72.9,inf,-12.3,-31.6,-37.5,-17.9,-25.0,-35.3,0.76,7130,0,5,True,False,False,100364,56984,0.9,2.0,1.3,1.76,0,False,False,False,False,-,86.1,-0.3,0.0,-1.1,-0.0,True,0,강세,-4,0,-1,-3,74.0,27.1,1496.93,,1.69,-43023.0,-43023.0,-43023.0,10,10,1.0,91.1,87.1,008500,00146542,0,0,0,0,,,,,,,,,,,안전
011390,부산산업,,54200,14.2,6.8,11.0,-56.5,3.2,-7.7,-29.2,-36.2,-19.3,-24.4,-31.8,1.12,124700,52500,5,False,True,False,9139,8663,5.4,5.1,5.7,1.05,0,False,False,False,False,-,85.8,-0.2,-0.0,-0.8,-0.1,True,0,강세,-4,0,-1,-3,74.0,27.1,1496.93,,1.69,-43023.0,-43023.0,-43023.0,10,10,1.0,90.8,86.8,011390,00124027,0,0,0,0,,,,,,,,,,,안전
019680,대교,,1158,16.9,11.6,17.6,-54.9,3.8,-4.5,-26.3,-31.6,-13.6,-22.2,-37.0,0.8,2570,1116,10,False,True,True,81553,132463,1.3,1.0,1.8,0.62,0,False,False,False,False,-,80.7,-0.4,0.0,0.2,-0.5,True,0,강세,-4,0,-1,-3,74.0,27.1,1496.93,,1.69,-43023.0,-43023.0,-43023.0,10,10,1.0,90.7,86.7,019680,00108913,0,1,0,0,,[20251002] 유상증자또는주식관련사채등의발행결과(자율공시)               (20251002800405),,,,https://dart.fss.or.kr/dsaf001/main.do?rcpNo=20251002800405,,,,20251002800405,주의
036580,팜스코,,2545,17.9,5.3,3.2,-47.7,14.1,-11.3,-28.2,-36.4,-19.6,-22.4,-12.4,1.74,4865,2230,0,False,False,False,166885,146870,6.6,4.5,4.6,1.14,0,False,False,False,False,-,90.6,-2.2,-0.7,-3.3,-0.9,True,0,강세,-4,0,-1,-3,74.0,27.1,1496.93,,1.69,-43023.0,-43023.0,-43023.0,10,10,1.0,90.6,86.6,036580,00260408,0,0,0,0,,,,,,,,,,,안전
001130,대한제분,,11720,9.1,3.2,-0.0,-32.1,1.1,-12.6,-25.1,-27.0,-20.0,-20.9,-19.8,1.96,17270,11590,5,True,False,False,46434,20019,4.8,5.8,2.6,2.32,0,False,False,False,False,-,85.2,-3.5,-0.3,-11.0,-6.9,True,0,강세,-4,0,-1,-3,74.0,27.1,1496.93,,1.69,-43023.0,-43023.0,-43023.0,10,10,1.0,90.2,86.2,001130,00113243,0,0,0,0,,,,,,,,,,,안전
013570,디와이,,4245,18.7,7.1,7.3,-24.7,7.2,-4.8,-17.3,-22.0,-12.4,-13.6,-9.1,2.29,5640,3960,5,False,True,False,135828,153585,15.2,5.9,7.5,0.88,0,False,False,False,False,-,77.1,1.8,-0.3,-0.1,-0.6,True,8,강세,-4,0,-1,-3,74.0,27.1,1496.93,,1.69,-43023.0,-43023.0,-43023.0,10,10,1.0,90.1,86.1,013570,00117179,0,0,0,0,,,,,,,,,,,안전
103140,풍산,,83800,22.2,10.1,14.6,-51.3,47.0,-3.3,-15.9,-26.0,-9.6,-12.9,-24.6,0.81,172200,57000,5,False,True,False,126055,181106,124.2,108.1,170.1,0.7,0,False,False,False,False,-,77.1,100.5,-66.5,66.7,-129.6,True,8,강세,-4,0,-1,-3,74.0,27.1,1496.93,,1.69,-43023.0,-43023.0,-43023.0,10,10,1.0,90.1,86.1,103140,00684714,0,0,0,0,,,,,,,,,,,안전
475150,SK이터닉스,,41050,28.0,4.0,14.0,-40.8,138.5,-5.5,-22.8,38.7,-16.7,-21.9,37.6,0.45,69300,17210,5,False,True,False,374554,911987,167.3,158.8,481.2,0.41,0,False,False,False,False,-,77.1,114.9,-85.3,229.7,-66.4,True,8,강세,-4,0,-1,-3,74.0,27.1,1496.93,,1.69,-43023.0,-43023.0,-43023.0,10,10,1.0,90.1,86.1,475150,01817081,0,0,0,0,,,,,,,,,,,안전
003200,일신방직,,10630,21.2,7.2,10.2,-40.3,16.2,-4.0,-16.0,-26.2,-12.2,-12.8,-10.6,1.34,17800,9150,5,False,True,False,31419,31306,4.5,3.4,3.8,1.0,0,False,False,False,False,-,76.7,0.4,-1.1,-0.0,-3.5,True,8,강세,-4,0,-1,-3,74.0,27.1,1496.93,,1.69,-43023.0,-43023.0,-43023.0,10,10,1.0,89.7,85.7,003200,00146269,0,0,0,0,,,,,,,,,,,안전
037270,YG PLUS,,4005,24.0,3.2,10.8,-64.9,1.4,-9.5,-21.8,-46.3,-13.3,-20.9,-41.0,0.66,11400,3950,0,False,False,False,907087,1016473,27.6,37.4,45.8,0.89,0,False,False,False,False,-,81.6,23.4,-0.6,-14.1,-3.8,True,8,강세,-4,0,-1,-3,74.0,27.1,1496.93,,1.69,-43023.0,-43023.0,-43023.0,10,10,1.0,89.6,85.6,037270,00249247,0,0,0,0,,,,,,,,,,,안전
006060,화승인더,,2860,28.6,2.9,0.6,-46.1,0.7,-7.4,-16.5,-19.1,-12.6,-13.3,-22.6,1.0,5310,2840,0,False,False,False,142523,206691,6.2,4.2,6.8,0.69,0,False,False,False,False,-,81.5,-4.2,0.8,-18.2,14.5,True,8,강세,-4,0,-1,-3,74.0,27.1,1496.93,,1.69,-43023.0,-43023.0,-43023.0,10,10,1.0,89.5,85.5,006060,00166227,0,0,0,0,,,,,,,,,,,안전
308170,씨티알모빌리티,,4260,28.5,0.8,3.9,-58.2,0.2,-6.5,-20.2,-32.1,-14.1,-16.6,-22.4,1.19,10200,4250,5,False,True,False,21488,23746,1.2,1.0,1.2,0.9,0,False,False,False,False,-,84.5,-0.6,0.0,-0.9,-0.0,True,0,강세,-4,0,-1,-3,74.0,27.1,1496.93,,1.69,-43023.0,-43023.0,-43023.0,10,10,1.0,89.5,85.5,308170,00450010,0,0,0,0,,,,,,,,,,,안전
004960,한신공영,,12230,16.2,10.8,10.1,-37.3,68.0,-5.8,-17.4,-14.1,-14.0,-17.7,12.6,0.97,19510,7280,0,False,False,False,80671,128455,15.6,10.1,18.9,0.63,0,False,False,False,False,-,74.4,2.3,6.0,-5.2,36.0,True,15,강세,-4,0,-1,-3,74.0,27.1,1496.93,,1.69,-43023.0,-43023.0,-43023.0,10,10,1.0,89.4,85.4,004960,00162063,0,0,0,0,,,,,,,,,,,안전
007120,미래아이앤지,,1361,18.5,4.7,14.0,-54.5,74.5,-7.2,-32.1,8.2,-19.4,-28.0,12.8,0.96,2990,780,5,False,True,False,109503,168009,2.2,1.5,2.9,0.65,0,False,False,False,False,-,84.4,-0.1,-0.0,4.2,0.0,True,0,강세,-4,0,-1,-3,74.0,27.1,1496.93,,1.69,-43023.0,-43023.0,-43023.0,10,10,1.0,89.4,85.4,007120,00104786,0,2,0,0,,[20260327] 최대주주등소유주식변동신고서(최대주주변경시)               (20260327802756) || [20260327] 최대주주변경               (20260327802500),,,,https://dart.fss.or.kr/dsaf001/main.do?rcpNo=20260327802756 || https://dart.fss.or.kr/dsaf001/main.do?rcpNo=20260327802500,,,,20260327802756 || 20260327802500,주의
480370,씨케이솔루션,,1880,7.8,2.4,5.8,-62.3,1.3,-9.8,-22.5,-51.6,-20.5,-19.0,-36.0,0.66,4991,1856,5,False,True,False,259870,539061,6.8,5.1,13.5,0.48,0,False,False,False,False,-,83.9,-1.9,-0.0,-4.0,-0.7,True,0,강세,-4,0,-1,-3,74.0,27.1,1496.93,,1.69,-43023.0,-43023.0,-43023.0,10,10,1.0,88.9,84.9,480370,01210677,0,0,1,0,,,[20260212] 매매거래정지및정지해제(중요내용공시)               (20260212800129),,,,https://dart.fss.or.kr/dsaf001/main.do?rcpNo=20260212800129,,,,안전
004060,SG세계물산,,3165,22.5,10.7,22.3,-65.0,7.7,-7.0,-35.3,-58.8,-18.6,-30.9,-17.7,0.5,9030,2940,0,False,False,False,219564,433721,7.2,7.0,16.3,0.51,0,False,False,False,False,-,80.9,2.4,-0.5,-7.9,-3.7,True,8,강세,-4,0,-1,-3,74.0,27.1,1496.93,,1.69,-43023.0,-43023.0,-43023.0,10,10,1.0,88.9,84.9,004060,00133511,0,2,0,0,,[20260313] [기재정정]주식병합결정               (20260313801372) || [20260309] 주식병합결정               (20260309800626),,,,https://dart.fss.or.kr/dsaf001/main.do?rcpNo=20260313801372 || https://dart.fss.or.kr/dsaf001/main.do?rcpNo=20260309800626,,,,20260313801372 || 20260309800626,주의
105630,한세실업,,9090,21.0,6.6,12.7,-41.5,1.9,-6.4,-21.8,-35.3,-13.6,-18.9,-23.3,1.27,15540,8920,10,True,True,False,150769,105406,12.6,14.0,10.8,1.43,0,False,False,False,False,-,78.8,-7.0,-27.8,-28.0,-65.0,True,0,강세,-4,0,-1,-3,74.0,27.1,1496.93,,1.69,-43023.0,-43023.0,-43023.0,10,10,1.0,88.8,84.8,105630,00728638,0,0,0,0,,,,,,,,,,,안전
101140,인바이오젠,,6220,14.7,6.3,15.0,-58.5,2.3,-3.3,-29.3,-43.9,-15.6,-26.0,-42.2,0.9,14990,6080,5,False,True,False,8034,10638,0.6,0.5,0.8,0.76,0,False,False,False,False,-,83.7,-0.1,-0.0,-1.5,-0.0,True,0,강세,-4,0,-1,-3,74.0,27.1,1496.93,,1.69,-43023.0,-43023.0,-43023.0,10,10,1.0,88.7,84.7,101140,00652423,0,0,0,0,,,,,,,,,,,안전
100090,SK오션플랜트,,18060,22.4,10.6,18.6,-42.8,20.4,-1.5,-22.2,-3.8,-13.6,-22.2,-15.2,0.72,31600,15000,5,False,True,False,450758,747594,86.6,82.5,162.0,0.6,0,False,False,False,False,-,75.6,21.4,-74.8,-49.7,-186.1,True,8,강세,-4,0,-1,-3,74.0,27.1,1496.93,,1.69,-43023.0,-43023.0,-43023.0,10,10,1.0,88.6,84.6,100090,00480367,0,0,0,0,,,,,,,,,,,안전
004090,한국석유,,13030,14.6,4.0,9.7,-61.2,8.8,-5.9,-18.6,-31.5,-10.7,-18.1,-13.6,0.43,33575,11980,0,False,False,False,163072,429507,24.4,21.8,64.1,0.38,0,False,False,False,False,-,80.4,13.7,-1.0,-2.3,-0.4,True,8,강세,-4,0,-1,-3,74.0,27.1,1496.93,,1.69,-43023.0,-43023.0,-43023.0,10,10,1.0,88.4,84.4,004090,00157991,0,3,0,0,,[20250908] 유상증자또는주식관련사채등의발행결과(자율공시)               (20250908800438) || [20250905] [기재정정]주요사항보고서(전환사채권발행결정) (20250905000042) || [20250829] 주요사항보고서(전환사채권발행결정) (20250829001769),,,,https://dart.fss.or.kr/dsaf001/main.do?rcpNo=20250908800438 || https://dart.fss.or.kr/dsaf001/main.do?rcpNo=20250905000042 || https://dart.fss.or.kr/dsaf001/main.do?rcpNo=20250829001769,,,,20250908800438 || 20250905000042 || 20250829001769,주의
033250,체시스,,4145,20.1,21.3,28.5,-50.7,7.4,0.2,-17.0,-22.2,-7.5,-12.0,-19.6,0.56,8410,3860,5,False,True,False,47786,35904,0.9,1.9,1.5,1.33,6,False,True,True,False,5일선회복/+3%반등,69.3,1.7,-0.0,0.9,-1.0,True,8,강세,-4,0,-1,-3,74.0,27.1,1496.93,,1.69,-43023.0,-43023.0,-43023.0,10,10,1.0,88.3,84.3,033250,00125576,0,2,0,0,,[20260316] [기재정정]주식병합결정               (20260316802756) || [20260316] 주식병합결정               (20260316801249),,,,https://dart.fss.or.kr/dsaf001/main.do?rcpNo=20260316802756 || https://dart.fss.or.kr/dsaf001/main.do?rcpNo=20260316801249,,,,20260316802756 || 20260316801249,주의
027740,마니커,,1428,15.7,11.6,-19.2,-46.3,2.0,-10.1,-13.0,-20.6,-10.8,-11.9,-11.7,1.71,2658,1400,5,True,False,False,170694,84501,2.2,2.6,1.3,2.02,0,False,False,False,False,-,83.2,-0.7,-0.0,-3.6,-1.9,True,0,강세,-4,0,-1,-3,74.0,27.1,1496.93,,1.69,-43023.0,-43023.0,-43023.0,10,10,1.0,88.2,84.2,027740,00204208,0,1,0,0,,[20260306] 주식병합결정               (20260306801041),,,,https://dart.fss.or.kr/dsaf001/main.do?rcpNo=20260306801041,,,,20260306801041,주의
016800,퍼시스,,29150,16.3,1.5,19.4,-42.6,0.3,-2.2,-21.5,-31.2,-10.5,-18.4,-31.3,0.55,50800,29050,5,False,True,False,1305,1598,0.3,0.4,0.5,0.82,0,False,False,False,False,-,75.0,0.3,-0.6,0.5,-3.0,True,8,강세,-4,0,-1,-3,74.0,27.1,1496.93,,1.69,-43023.0,-43023.0,-43023.0,10,10,1.0,88.0,84.0,016800,00161709,0,2,0,0,,[20250527] 최대주주변경               (20250527800347) || [20250527] 최대주주등소유주식변동신고서(최대주주변경시)               (20250527800335),,,,https://dart.fss.or.kr/dsaf001/main.do?rcpNo=20250527800347 || https://dart.fss.or.kr/dsaf001/main.do?rcpNo=20250527800335,,,,20250527800347 || 20250527800335,주의
001550,조비,,11760,15.6,1.9,9.6,-43.9,12.3,-7.6,-22.6,-22.8,-14.1,-21.0,-9.4,0.24,20950,10470,0,False,False,False,45754,248418,7.3,5.6,37.8,0.18,0,False,False,False,False,-,80.0,1.6,-0.0,-2.5,-0.1,True,8,강세,-4,0,-1,-3,74.0,27.1,1496.93,,1.69,-43023.0,-43023.0,-43023.0,10,10,1.0,88.0,84.0,001550,00148948,0,0,0,0,,,,,,,,,,,안전
377300,카카오페이,,46750,31.2,10.2,16.6,-59.0,inf,-1.1,-16.7,-29.7,-12.5,-13.4,-15.3,0.5,114000,0,5,False,True,False,266293,568774,135.8,126.4,320.3,0.47,0,False,False,False,False,-,74.9,56.9,-48.9,-80.0,-103.6,True,8,강세,-4,0,-1,-3,74.0,27.1,1496.93,,1.69,-43023.0,-43023.0,-43023.0,10,10,1.0,87.9,83.9,377300,01244601,0,1,0,0,,[20250901] 유상증자결정(종속회사의주요경영사항)               (20250901800733),,,,https://dart.fss.or.kr/dsaf001/main.do?rcpNo=20250901800733,,,,20250901800733,주의
112610,씨에스윈드,,49900,15.2,8.1,22.7,-37.2,27.9,-2.9,-27.5,2.7,-16.0,-20.3,2.7,0.98,79400,39000,5,False,True,False,290956,437496,199.1,147.5,269.5,0.67,0,False,False,False,False,-,74.6,135.5,-211.8,366.4,-493.2,True,8,강세,-4,0,-1,-3,74.0,27.1,1496.93,,1.69,-43023.0,-43023.0,-43023.0,10,10,1.0,87.6,83.6,112610,00670340,0,0,0,0,,,,,,,,,,,안전
012170,아센디오,,1021,22.5,3.0,15.4,-79.4,0.9,-6.9,-23.8,-36.9,-14.0,-19.7,-43.4,2.38,4955,1012,0,False,False,False,63778,48901,1.2,0.7,0.6,1.3,0,False,False,False,False,-,87.6,-0.2,-0.0,-0.2,-0.0,True,0,강세,-4,0,-1,-3,74.0,27.1,1496.93,,1.69,-43023.0,-43023.0,-43023.0,10,10,1.0,87.6,83.6,012170,00145437,0,33,0,0,,[20260518] 유상증자또는주식관련사채등의발행결과(자율공시)               (20260518800626) || [20260508] 주요사항보고서(유상증자결정) (20260508000720) || [20260226] [기재정정]주요사항보고서(전환사채권발행결정) (20260226005407),,,,https://dart.fss.or.kr/dsaf001/main.do?rcpNo=20260518800626 || https://dart.fss.or.kr/dsaf001/main.do?rcpNo=20260508000720 || https://dart.fss.or.kr/dsaf001/main.do?rcpNo=20260226005407,,,,20260518800626 || 20260508000720 || 20260226005407,주의
361610,SK아이이테크놀로지,,19190,23.6,2.1,15.5,-45.3,0.9,-5.5,-28.7,-26.9,-18.3,-17.1,-28.1,1.2,35100,19020,5,False,True,False,247846,245536,56.6,49.0,57.5,1.01,0,False,False,False,False,-,82.3,-24.8,-52.7,-67.0,-165.2,True,0,강세,-4,0,-1,-3,74.0,27.1,1496.93,,1.69,-43023.0,-43023.0,-43023.0,10,10,1.0,87.3,83.3,361610,01386916,0,4,0,0,,[20260429] 유상증자결정(종속회사의주요경영사항)               (20260429800839) || [20251029] 유상증자결정(종속회사의주요경영사항)               (20251029800758) || [20250807] 유상증자또는주식관련사채등의발행결과(자율공시)               (20250807800509),,,,https://dart.fss.or.kr/dsaf001/main.do?rcpNo=20260429800839 || https://dart.fss.or.kr/dsaf001/main.do?rcpNo=20251029800758 || https://dart.fss.or.kr/dsaf001/main.do?rcpNo=20250807800509,,,,20260429800839 || 20251029800758 || 20250807800509,주의
025860,남해화학,,7390,9.7,4.9,16.9,-42.4,19.2,-7.3,-17.9,-3.3,-17.9,-14.8,0.4,0.23,12820,6200,5,False,True,False,709028,4661105,81.0,54.4,502.2,0.15,0,False,False,False,False,-,74.2,8.0,-0.5,106.3,-11.0,True,8,강세,-4,0,-1,-3,74.0,27.1,1496.93,,1.69,-43023.0,-43023.0,-43023.0,10,10,1.0,87.2,83.2,025860,00107987,0,0,0,0,,,,,,,,,,,안전
005870,휴니드,,6610,7.8,0.9,14.0,-44.2,0.3,-8.6,-35.6,-25.1,-19.1,-23.5,-20.8,0.68,11850,6590,5,False,True,False,152671,266215,11.7,10.5,22.4,0.57,0,False,False,False,False,-,82.1,-0.7,0.0,-7.2,-0.5,True,0,강세,-4,0,-1,-3,74.0,27.1,1496.93,,1.69,-43023.0,-43023.0,-43023.0,10,10,1.0,87.1,83.1,005870,00111421,0,1,0,0,,[20251209] 유상증자또는주식관련사채등의발행결과(자율공시)               (20251209800627),,,,https://dart.fss.or.kr/dsaf001/main.do?rcpNo=20251209800627,,,,20251209800627,주의
011300,우성머티리얼스,,2395,35.2,10.1,20.5,-59.3,4.1,-1.6,-32.3,-45.1,-15.7,-23.0,-35.5,0.52,5880,2300,10,False,True,True,42719,84780,1.1,1.1,2.4,0.5,3,False,False,True,False,+3%반등,74.0,-0.3,-0.0,-3.2,-0.6,True,0,강세,-4,0,-1,-3,74.0,27.1,1496.93,,1.69,-43023.0,-43023.0,-43023.0,10,10,1.0,87.0,83.0,011300,00132868,0,25,0,0,,[20260429] [기재정정]주요사항보고서(신주인수권부사채권발행결정) (20260429000942) || [20260429] [기재정정]주요사항보고서(유상증자결정) (20260429000917) || [20260429] [기재정정]주요사항보고서(유상증자결정) (20260429000911),,,,https://dart.fss.or.kr/dsaf001/main.do?rcpNo=20260429000942 || https://dart.fss.or.kr/dsaf001/main.do?rcpNo=20260429000917 || https://dart.fss.or.kr/dsaf001/main.do?rcpNo=20260429000911,,,,20260429000942 || 20260429000917 || 20260429000911,주의
070960,모나용평,,2720,15.7,8.8,7.7,-52.3,1.5,-3.5,-11.8,-20.0,-7.9,-9.5,-21.5,1.24,5700,2680,0,False,False,False,104048,90179,3.1,2.9,2.7,1.15,0,False,False,False,False,-,79.0,-0.3,0.1,-0.3,-0.2,True,8,강세,-4,0,-1,-3,74.0,27.1,1496.93,,1.69,-43023.0,-43023.0,-43023.0,10,10,1.0,87.0,83.0,070960,00365989,0,1,0,0,,[20250627] 유상증자또는주식관련사채등의발행결과(자율공시)               (20250627800730),,,,https://dart.fss.or.kr/dsaf001/main.do?rcpNo=20250627800730,,,,20250627800730,주의
068290,삼성출판사,,6760,16.5,3.6,8.5,-71.8,0.9,-10.5,-25.1,-35.0,-15.6,-21.9,-45.6,1.56,24000,6700,0,False,False,False,24356,26184,2.8,1.7,2.1,0.93,0,False,False,False,False,-,86.9,-0.5,-0.0,-1.7,-0.8,True,0,강세,-4,0,-1,-3,74.0,27.1,1496.93,,1.69,-43023.0,-43023.0,-43023.0,10,10,1.0,86.9,82.9,068290,00423690,0,0,0,0,,,,,,,,,,,안전
053690,한미글로벌,,21800,27.8,11.9,16.8,-37.3,41.3,-1.8,-22.3,7.1,-13.7,-19.6,1.7,0.6,34750,15430,5,False,True,False,177352,296739,37.6,39.7,77.5,0.6,0,False,False,False,False,-,73.9,-29.2,10.1,7.6,-36.1,True,8,강세,-4,0,-1,-3,74.0,27.1,1496.93,,1.69,-43023.0,-43023.0,-43023.0,10,10,1.0,86.9,82.9,053690,00413523,0,0,0,0,,,,,,,,,,,안전
005960,동부건설,,7080,17.8,9.2,14.4,-33.3,78.8,-5.0,-22.5,-24.8,-16.5,-18.3,5.5,0.87,10610,3960,5,False,True,False,114234,150752,9.1,8.4,13.2,0.76,0,False,False,False,False,-,73.8,6.5,-4.6,19.0,-12.5,True,8,강세,-4,0,-1,-3,74.0,27.1,1496.93,,1.69,-43023.0,-43023.0,-43023.0,10,10,1.0,86.8,82.8,005960,00115612,0,3,0,0,,[20260424] 유상증자또는주식관련사채등의발행결과(자율공시)               (20260424800694) || [20260416] 주요사항보고서(전환사채권발행결정) (20260416000470) || [20250529] [첨부정정]주요사항보고서(자기전환사채만기전취득결정) (20250529000408),,,,https://dart.fss.or.kr/dsaf001/main.do?rcpNo=20260424800694 || https://dart.fss.or.kr/dsaf001/main.do?rcpNo=20260416000470 || https://dart.fss.or.kr/dsaf001/main.do?rcpNo=20250529000408,,,,20260424800694 || 20260416000470 || 20250529000408,주의
013870,지엠비코리아,,4145,29.0,3.7,9.4,-41.9,12.3,-4.9,-17.3,-29.7,-9.1,-14.7,-6.4,1.37,7140,3690,0,False,False,False,48881,51222,2.9,2.1,2.3,0.95,0,False,False,False,False,-,78.5,0.6,0.0,2.2,-0.2,True,8,강세,-4,0,-1,-3,74.0,27.1,1496.93,,1.69,-43023.0,-43023.0,-43023.0,10,10,1.0,86.5,82.5,013870,00156354,0,0,0,0,,,,,,,,,,,안전
363280,티와이홀딩스,,2235,12.9,6.0,-4.9,-51.6,3.5,-11.7,-20.2,-27.6,-15.2,-17.6,-20.4,1.26,4620,2160,0,False,False,False,118388,89033,2.5,2.8,2.3,1.33,0,False,False,False,False,-,86.4,-0.2,-2.5,-3.1,-2.4,True,0,강세,-4,0,-1,-3,74.0,27.1,1496.93,,1.69,-43023.0,-43023.0,-43023.0,10,10,1.0,86.4,82.4,363280,01497869,0,3,0,0,,[20260226] 주요사항보고서(감자결정) (20260226005057) || [20251028] 주요사항보고서(유상증자결정)(자회사의 주요경영사항)               (20251028800654) || [20250828] 주요사항보고서(유상증자결정)(자회사의 주요경영사항)               (20250828800540),,,,https://dart.fss.or.kr/dsaf001/main.do?rcpNo=20260226005057 || https://dart.fss.or.kr/dsaf001/main.do?rcpNo=20251028800654 || https://dart.fss.or.kr/dsaf001/main.do?rcpNo=20250828800540,,,,20260226005057 || 20251028800654 || 20250828800540,주의
009770,삼정펄프,,28350,11.5,11.0,18.9,-22.2,8.4,-1.4,-10.0,-20.7,-5.4,-9.1,-7.3,1.65,36450,26150,10,False,True,True,1649,1430,0.7,0.5,0.4,1.15,4,False,False,False,True,거래량동반양봉,64.3,0.9,-0.1,0.1,-0.2,True,8,강세,-4,0,-1,-3,74.0,27.1,1496.93,,1.69,-43023.0,-43023.0,-43023.0,10,10,1.0,86.3,82.3,009770,00128227,0,0,0,0,,,,,,,,,,,안전
001040,CJ,,169300,29.3,11.6,15.6,-28.0,45.1,-3.0,-21.3,-23.7,-16.0,-15.9,-8.8,0.57,235000,116700,5,False,True,False,132217,183028,182.8,225.4,352.7,0.72,3,False,False,True,False,+3%반등,70.2,220.0,-291.6,463.7,-897.5,True,8,강세,-4,0,-1,-3,74.0,27.1,1496.93,,1.69,-43023.0,-43023.0,-43023.0,10,10,1.0,86.2,82.2,001040,00148540,0,1,0,0,,[20260422] 주요사항보고서(자기전환사채만기전취득결정)(자회사의 주요경영사항)               (20260422800817),,,,https://dart.fss.or.kr/dsaf001/main.do?rcpNo=20260422800817,,,,20260422800817,주의
249420,일동제약,,21900,35.0,30.9,31.2,-51.4,93.1,2.8,-20.1,-42.5,-7.2,-18.3,-25.2,0.84,45050,11340,5,False,True,False,196488,261954,49.3,43.1,61.4,0.75,6,False,True,True,False,5일선회복/+3%반등,60.1,21.8,0.2,93.0,-90.3,True,15,강세,-4,0,-1,-3,74.0,27.1,1496.93,,1.69,-43023.0,-43023.0,-43023.0,10,10,1.0,86.1,82.1,249420,01168383,0,0,0,0,,,,,,,,,,,안전
024890,대원화성,,3580,0.0,16.4,-11.8,-29.9,5.9,-21.0,-21.0,-10.7,-18.2,-13.6,-13.3,4.01,5105,3380,0,False,False,False,61955,14751,2.2,2.4,0.6,4.2,0,False,False,False,False,-,85.9,-1.1,-0.9,-1.1,-0.9,True,0,강세,-4,0,-1,-3,74.0,27.1,1496.93,,1.69,-43023.0,-43023.0,-43023.0,10,10,1.0,85.9,81.9,024890,00112022,0,2,0,0,,[20260311] [기재정정]주식병합결정               (20260311801002) || [20260310] 주식병합결정               (20260310801209),,,,https://dart.fss.or.kr/dsaf001/main.do?rcpNo=20260311801002 || https://dart.fss.or.kr/dsaf001/main.do?rcpNo=20260310801209,,,,20260311801002 || 20260310801209,주의
007570,일양약품,,9310,19.5,6.3,15.4,-46.3,1.0,-6.0,-19.6,-36.2,-9.3,-20.4,-32.7,1.11,17329,9220,0,False,False,False,87747,95563,9.9,8.4,9.8,0.92,0,False,False,False,False,-,77.7,1.7,-0.0,-16.1,-0.5,True,8,강세,-4,0,-1,-3,74.0,27.1,1496.93,,1.69,-43023.0,-43023.0,-43023.0,10,10,1.0,85.7,81.7,007570,00146454,0,0,1,0,,,[20250910] 매매거래정지및정지해제(풍문등조회공시)               (20250910800517),,,,https://dart.fss.or.kr/dsaf001/main.do?rcpNo=20250910800517,,,,안전
009580,무림P&P,,2100,4.7,3.0,11.1,-52.5,1.2,-11.0,-35.7,-17.5,-19.4,-23.9,-19.3,0.86,4420,2075,0,False,False,False,623831,780285,12.1,13.7,21.3,0.8,0,False,False,False,False,-,85.6,-9.6,-0.3,9.9,-2.4,True,0,강세,-4,0,-1,-3,74.0,27.1,1496.93,,1.69,-43023.0,-43023.0,-43023.0,10,10,1.0,85.6,81.6,009580,00119007,0,0,0,0,,,,,,,,,,,안전
084010,대한제강,,9650,9.4,2.7,12.1,-37.8,1.6,-6.5,-14.4,-27.1,-15.2,-14.9,-13.0,0.47,15503,9502,5,False,True,False,47614,139823,6.6,4.7,17.3,0.34,0,False,False,False,False,-,72.5,-4.2,0.9,-17.0,10.3,True,8,강세,-4,0,-1,-3,74.0,27.1,1496.93,,1.69,-43023.0,-43023.0,-43023.0,10,10,1.0,85.5,81.5,084010,00113225,0,0,1,0,,,[20251222] 매매거래정지및정지해제(중요내용공시)               (20251222800283),,,,https://dart.fss.or.kr/dsaf001/main.do?rcpNo=20251222800283,,,,안전
002030,아세아,,212000,18.5,5.1,16.5,-47.3,1.4,-6.2,-20.0,-27.8,-12.1,-18.7,-32.9,0.88,402000,209000,0,False,False,False,2327,2649,5.0,5.2,6.4,0.88,0,False,False,False,False,-,77.3,-5.0,1.1,-12.9,-7.5,True,8,강세,-4,0,-1,-3,74.0,27.1,1496.93,,1.69,-43023.0,-43023.0,-43023.0,10,10,1.0,85.3,81.3,002030,00138701,0,0,0,0,,,,,,,,,,,안전
241590,화승엔터프라이즈,,3640,20.1,2.6,1.9,-57.9,0.8,-12.8,-20.3,-37.2,-17.5,-19.8,-32.7,1.19,8650,3610,0,False,False,False,206005,169251,7.5,7.9,7.4,1.22,0,False,False,False,False,-,85.3,-0.7,-1.8,-5.5,-4.7,True,0,강세,-4,0,-1,-3,74.0,27.1,1496.93,,1.69,-43023.0,-43023.0,-43023.0,10,10,1.0,85.3,81.3,241590,01128613,0,0,0,0,,,,,,,,,,,안전
011700,한신기계,,3395,9.3,0.6,11.0,-42.6,17.5,-9.0,-25.4,-36.1,-19.9,-23.3,-11.5,0.46,5910,2890,5,False,True,False,368171,1215886,19.3,13.1,57.2,0.3,0,False,False,False,False,-,80.3,-4.2,-0.0,-16.5,-0.2,True,0,강세,-4,0,-1,-3,74.0,27.1,1496.93,,1.69,-43023.0,-43023.0,-43023.0,10,10,1.0,85.3,81.3,011700,00162072,0,0,0,0,,,,,,,,,,,안전
011690,와이투솔루션,,5600,18.3,1.2,13.3,-43.4,118.8,-5.2,-26.3,-36.1,-24.5,-17.1,16.1,0.54,9900,2560,5,False,True,False,564899,1501400,45.4,33.4,119.8,0.38,0,False,False,False,False,-,80.2,-8.2,-0.0,-3.8,0.0,True,0,강세,-4,0,-1,-3,74.0,27.1,1496.93,,1.69,-43023.0,-43023.0,-43023.0,10,10,1.0,85.2,81.2,011690,00144720,0,3,0,0,,[20250703] 유상증자또는주식관련사채등의발행결과(자율공시)               (20250703800417) || [20250702] [기재정정]주요사항보고서(전환사채권발행결정) (20250702000476) || [20250604] 주요사항보고서(전환사채권발행결정) (20250604000167),,,,https://dart.fss.or.kr/dsaf001/main.do?rcpNo=20250703800417 || https://dart.fss.or.kr/dsaf001/main.do?rcpNo=20250702000476 || https://dart.fss.or.kr/dsaf001/main.do?rcpNo=20250604000167,,,,20250703800417 || 20250702000476 || 20250604000167,주의
194370,제이에스코퍼레이션,,11700,24.2,7.4,13.9,-27.3,42.0,-3.0,-16.5,-20.4,-13.5,-8.3,-0.5,1.7,16090,8240,5,False,True,False,132645,150711,30.5,15.7,20.8,0.88,0,False,False,False,False,-,72.1,0.3,-1.5,-6.0,43.1,True,8,강세,-4,0,-1,-3,74.0,27.1,1496.93,,1.69,-43023.0,-43023.0,-43023.0,10,10,1.0,85.1,81.1,194370,00332927,0,6,0,0,,[20260304] [기재정정]주요사항보고서(자기전환사채만기전취득결정) (20260304001679) || [20260304] [기재정정]주요사항보고서(제3자의전환사채매수선택권행사) (20260304001646) || [20260304] [기재정정]주요사항보고서(전환사채매수선택권행사자지정) (20260304001640),,,,https://dart.fss.or.kr/dsaf001/main.do?rcpNo=20260304001679 || https://dart.fss.or.kr/dsaf001/main.do?rcpNo=20260304001646 || https://dart.fss.or.kr/dsaf001/main.do?rcpNo=20260304001640,,,,20260304001679 || 20260304001646 || 20260304001640,주의
475560,더본코리아,,17630,13.7,1.0,8.8,-41.3,0.2,-4.7,-16.2,-26.5,-9.7,-14.1,-26.0,1.16,30050,17600,0,False,False,False,18407,16872,3.5,3.3,3.3,1.09,0,False,False,False,False,-,76.9,1.0,-1.6,-3.5,-2.8,True,8,강세,-4,0,-1,-3,74.0,27.1,1496.93,,1.69,-43023.0,-43023.0,-43023.0,10,10,1.0,84.9,80.9,475560,00968607,0,0,0,0,,,,,,,,,,,안전
133820,화인베스틸,,1188,16.9,1.9,19.6,-59.7,51.9,-5.2,-24.5,-20.9,-16.3,-15.0,-29.8,0.79,2950,782,5,False,True,False,152543,287851,2.7,1.9,4.4,0.53,0,False,False,False,False,-,79.4,-1.5,0.0,-9.3,-0.0,True,0,강세,-4,0,-1,-3,74.0,27.1,1496.93,,1.69,-43023.0,-43023.0,-43023.0,10,10,1.0,84.4,80.4,133820,00661847,0,11,0,0,,[20251104] 주요사항보고서(자기전환사채매도결정) (20251104000309) || [20250919] [기재정정]자기전환사채만기전취득결정               (20250919800128) || [20250911] [기재정정]자기전환사채만기전취득결정               (20250911800443),,,,https://dart.fss.or.kr/dsaf001/main.do?rcpNo=20251104000309 || https://dart.fss.or.kr/dsaf001/main.do?rcpNo=20250919800128 || https://dart.fss.or.kr/dsaf001/main.do?rcpNo=20250911800443,,,,20251104000309 || 20250919800128 || 20250911800443,주의
450080,에코프로머티,,64100,26.2,23.8,25.6,-27.8,57.9,4.7,-17.7,-2.1,-12.2,-10.8,3.8,0.57,88800,40600,5,False,True,False,631607,1174106,410.0,410.5,905.6,0.54,3,False,False,True,False,+3%반등,61.3,31.9,5.3,-820.4,-242.4,True,15,강세,-4,0,-1,-3,74.0,27.1,1496.93,,1.69,-43023.0,-43023.0,-43023.0,10,10,1.0,84.3,80.3,450080,01311408,0,0,0,0,,,,,,,,,,,안전
009200,무림페이퍼,,1620,11.3,3.9,1.3,-39.7,0.9,-7.7,-23.2,-24.8,-13.7,-19.1,-19.5,1.46,2685,1605,0,False,False,False,241479,321590,6.8,4.1,6.1,0.75,0,False,False,False,False,-,84.3,-1.7,0.0,-3.9,0.0,True,0,강세,-4,0,-1,-3,74.0,27.1,1496.93,,1.69,-43023.0,-43023.0,-43023.0,10,10,1.0,84.3,80.3,009200,00136086,0,0,0,0,,,,,,,,,,,안전
000520,삼일제약,,7450,25.2,21.6,12.0,-44.0,8.4,-7.0,-22.6,-35.2,-12.5,-20.0,-25.3,0.56,13300,6870,0,False,False,False,383761,284472,12.1,28.8,24.1,1.35,0,False,False,False,False,-,76.2,12.1,-12.0,-20.9,-7.0,True,8,강세,-4,0,-1,-3,74.0,27.1,1496.93,,1.69,-43023.0,-43023.0,-43023.0,10,10,1.0,84.2,80.2,000520,00128032,0,0,0,0,,,,,,,,,,,안전
004140,동방,,2135,5.7,4.5,9.6,-48.2,1.7,-10.1,-27.4,-21.5,-17.5,-22.0,-23.4,0.96,4120,2100,0,False,False,False,543953,893186,17.7,12.1,24.2,0.61,0,False,False,False,False,-,84.1,-3.5,-0.1,2.4,-1.1,True,0,강세,-4,0,-1,-3,74.0,27.1,1496.93,,1.69,-43023.0,-43023.0,-43023.0,10,10,1.0,84.1,80.1,004140,00115287,0,0,0,0,,,,,,,,,,,안전
129260,인터지스,,2105,15.6,10.3,9.5,-47.4,1.9,-5.8,-14.1,-19.3,-9.9,-12.5,-17.5,2.4,4005,2065,0,False,False,False,105685,105398,5.4,2.3,2.5,1.0,0,False,False,False,False,-,84.1,-1.0,-0.0,-4.3,-0.1,True,0,강세,-4,0,-1,-3,74.0,27.1,1496.93,,1.69,-43023.0,-43023.0,-43023.0,10,10,1.0,84.1,80.1,129260,00151368,0,0,0,0,,,,,,,,,,,안전
004830,덕성,,4130,27.2,32.3,32.0,-41.7,6.4,2.6,-15.9,-17.9,-5.8,-8.5,-17.0,2.44,7090,3880,5,False,True,False,143045,145249,14.9,5.8,6.4,0.98,10,False,True,True,True,5일선회복/+3%반등/거래량동반양봉,69.0,-4.4,-0.1,-13.8,-0.2,True,0,강세,-4,0,-1,-3,74.0,27.1,1496.93,,1.69,-43023.0,-43023.0,-43023.0,10,10,1.0,84.0,80.0,004830,00114093,0,1,0,0,,[20250930] 유상증자또는주식관련사채등의발행결과(자율공시)               (20250930800828),,,,https://dart.fss.or.kr/dsaf001/main.do?rcpNo=20250930800828,,,,20250930800828,주의
011280,태림포장,,1790,24.1,1.3,16.6,-36.7,4.8,-3.8,-16.0,-20.4,-7.5,-12.3,-9.4,0.67,2830,1708,5,False,False,True,108426,185188,2.2,2.0,3.7,0.59,0,False,False,False,False,-,71.0,-0.3,0.2,-5.9,-0.3,True,8,강세,-4,0,-1,-3,74.0,27.1,1496.93,,1.69,-43023.0,-43023.0,-43023.0,10,10,1.0,84.0,80.0,011280,00153524,0,0,0,0,,,,,,,,,,,안전
052690,한전기술,,141800,20.9,16.4,23.2,-28.4,141.2,1.3,-25.1,-12.3,-13.6,-15.4,15.6,0.53,198000,58800,5,False,True,False,139334,205401,149.4,196.9,345.0,0.68,3,False,False,True,False,+3%반등,68.0,95.8,-162.3,9.0,-950.1,True,8,강세,-4,0,-1,-3,74.0,27.1,1496.93,,1.69,-43023.0,-43023.0,-43023.0,10,10,1.0,84.0,80.0,052690,00159209,0,0,0,0,,,,,,,,,,,안전
029530,신도리코,,43300,30.3,21.7,21.6,-40.8,4.8,-2.3,-16.9,-26.9,-7.7,-13.7,-10.6,1.02,73200,41300,5,False,True,False,21011,15973,7.1,9.0,7.4,1.32,3,False,True,False,False,5일선회복,67.9,-5.8,1.8,-18.9,13.6,True,8,강세,-4,0,-1,-3,74.0,27.1,1496.93,,1.69,-43023.0,-43023.0,-43023.0,10,10,1.0,83.9,79.9,029530,00135795,0,1,0,0,,[20250812] 유상증자결정(종속회사의주요경영사항)               (20250812800535),,,,https://dart.fss.or.kr/dsaf001/main.do?rcpNo=20250812800535,,,,20250812800535,주의
097230,HJ중공업,,21650,20.5,14.0,19.8,-37.0,211.5,-0.2,-33.7,-15.4,-15.4,-17.1,-9.4,0.72,34350,6950,5,False,True,False,894205,1516719,223.8,196.2,405.7,0.59,3,False,False,True,False,+3%반등,75.9,-91.4,-30.2,-444.4,-289.9,True,0,강세,-4,0,-1,-3,74.0,27.1,1496.93,,1.69,-43023.0,-43023.0,-43023.0,10,10,1.0,83.9,79.9,097230,00633835,0,3,0,0,,[20251001] 유상증자또는주식관련사채등의발행결과(자율공시)               (20251001800236) || [20250929] [기재정정]주요사항보고서(유상증자결정) (20250929000335) || [20250912] 주요사항보고서(유상증자결정) (20250912000327),,,,https://dart.fss.or.kr/dsaf001/main.do?rcpNo=20251001800236 || https://dart.fss.or.kr/dsaf001/main.do?rcpNo=20250929000335 || https://dart.fss.or.kr/dsaf001/main.do?rcpNo=20250912000327,,,,20251001800236 || 20250929000335 || 20250912000327,주의
010640,진양폴리,,2015,23.9,4.2,5.4,-55.1,0.8,-6.1,-13.9,-32.5,-10.0,-13.3,-34.8,1.8,4484,2000,0,False,False,False,66961,71119,2.6,1.4,1.6,0.94,0,False,False,False,False,-,83.8,-0.8,-0.0,-4.5,-0.1,True,0,강세,-4,0,-1,-3,74.0,27.1,1496.93,,1.69,-43023.0,-43023.0,-43023.0,10,10,1.0,83.8,79.8,010640,00160375,0,7,0,0,,[20260324] 유상증자또는주식관련사채등의발행결과(자율공시)               (20260324800441) || [20260318] 유상증자또는주식관련사채등의청약결과(자율공시)               (20260318800958) || [20260312] 유상증자신주발행가액(안내공시)               (20260312800332),,,,https://dart.fss.or.kr/dsaf001/main.do?rcpNo=20260324800441 || https://dart.fss.or.kr/dsaf001/main.do?rcpNo=20260318800958 || https://dart.fss.or.kr/dsaf001/main.do?rcpNo=20260312800332,,,,20260324800441 || 20260318800958 || 20260312800332,주의
000950,전방,,27100,13.8,13.6,15.9,-45.4,16.6,-4.7,-19.6,-39.2,-11.6,-18.0,-23.1,0.96,49600,23250,0,False,False,False,1516,1792,0.5,0.4,0.5,0.85,0,False,False,False,False,-,75.7,0.1,-0.1,0.2,-0.1,True,8,강세,-4,0,-1,-3,74.0,27.1,1496.93,,1.69,-43023.0,-43023.0,-43023.0,10,10,1.0,83.7,79.7,000950,00147222,0,0,0,0,,,,,,,,,,,안전
008730,율촌화학,,20250,25.1,3.7,10.4,-48.3,1.0,-5.6,-23.4,-27.0,-14.1,-17.6,-29.1,1.34,39200,20050,0,False,False,False,87368,86261,23.5,18.3,20.3,1.01,0,False,False,False,False,-,83.6,-2.4,-13.0,-21.4,-43.9,True,0,강세,-4,0,-1,-3,74.0,27.1,1496.93,,1.69,-43023.0,-43023.0,-43023.0,10,10,1.0,83.6,79.6,008730,00145260,0,0,0,0,,,,,,,,,,,안전
047400,유니온머티리얼,,1381,25.6,1.3,3.9,-48.5,8.7,-12.8,-21.3,-10.5,-19.5,-18.1,-11.6,0.29,2680,1270,0,False,False,False,431061,1482126,6.0,6.3,27.1,0.29,0,False,False,False,False,-,83.5,-0.2,-0.1,-6.7,0.1,True,0,강세,-4,0,-1,-3,74.0,27.1,1496.93,,1.69,-43023.0,-43023.0,-43023.0,10,10,1.0,83.5,79.5,047400,00369833,0,0,0,0,,,,,,,,,,,안전
372910,한컴라이프케어,,2160,22.0,2.4,10.5,-42.9,0.5,-5.3,-17.7,-28.1,-9.7,-10.9,-20.4,1.31,3780,2150,5,True,False,False,335466,186246,5.3,7.6,4.5,1.8,0,False,False,False,False,-,78.4,-0.7,-0.0,-3.1,-1.2,True,0,강세,-4,0,-1,-3,74.0,27.1,1496.93,,1.69,-43023.0,-43023.0,-43023.0,10,10,1.0,83.4,79.4,372910,00534598,0,0,0,0,,,,,,,,,,,안전
008700,아남전자,,1213,16.3,3.3,10.5,-37.4,8.8,-4.9,-19.1,-9.1,-11.3,-16.7,-10.4,0.8,1938,1115,0,False,False,False,390456,555949,5.3,4.9,7.8,0.7,0,False,False,False,False,-,75.3,-1.3,0.9,2.7,1.8,True,8,강세,-4,0,-1,-3,74.0,27.1,1496.93,,1.69,-43023.0,-43023.0,-43023.0,10,10,1.0,83.3,79.3,008700,00138516,0,0,0,0,,,,,,,,,,,안전
006880,신송홀딩스,,5840,15.3,6.0,9.7,-33.9,1.2,-5.8,-17.6,-17.4,-10.9,-15.4,-15.6,1.32,8830,5770,0,False,False,False,59288,80991,6.4,3.6,5.4,0.73,0,False,False,False,False,-,75.1,-2.3,1.2,-13.2,1.7,True,8,강세,-4,0,-1,-3,74.0,27.1,1496.93,,1.69,-43023.0,-43023.0,-43023.0,10,10,1.0,83.1,79.1,006880,00136402,0,0,0,0,,,,,,,,,,,안전
013580,계룡건설,,21550,12.2,5.1,11.2,-35.3,31.9,-7.1,-25.3,-26.6,-17.3,-18.9,-2.8,1.16,33300,16340,5,False,True,False,100461,108620,26.9,22.3,28.7,0.92,0,False,False,False,False,-,78.1,-14.5,-1.7,-0.1,1.6,True,0,강세,-4,0,-1,-3,74.0,27.1,1496.93,,1.69,-43023.0,-43023.0,-43023.0,10,10,1.0,83.1,79.1,013580,00102432,0,0,0,0,,,,,,,,,,,안전
0120G0,삼양바이오팜,,61600,29.4,22.7,22.5,-59.2,164.9,-0.6,-24.6,-40.3,-10.5,-27.2,,0.88,150900,23250,5,False,True,False,35651,39881,21.3,22.2,28.0,0.89,3,False,False,True,False,+3%반등,75.1,-8.1,-1.8,-9.1,-12.0,True,0,강세,-4,0,-1,-3,74.0,27.1,1496.93,,1.69,-43023.0,-43023.0,-43023.0,10,10,1.0,83.1,79.1,0120G0,01965333,0,0,0,0,,,,,,,,,,,안전
075580,세진중공업,,16310,29.9,26.1,26.7,-40.5,80.2,4.7,-20.8,-17.3,-10.5,-9.1,-12.1,0.62,27400,9050,10,False,True,True,177795,302615,27.6,28.7,57.7,0.59,6,False,True,True,False,5일선회복/+3%반등,66.9,-16.8,-8.0,-32.5,-34.9,True,0,강세,-4,0,-1,-3,74.0,27.1,1496.93,,1.69,-43023.0,-43023.0,-43023.0,10,10,1.0,82.9,78.9,075580,00415628,0,0,0,0,,,,,,,,,,,안전
003580,HLB글로벌,,1764,17.1,8.1,18.9,-45.4,3.8,-3.1,-20.9,-13.3,-11.2,-14.3,-18.5,1.37,3230,1700,5,False,True,False,170645,149530,3.7,3.0,3.0,1.14,0,False,False,False,False,-,77.9,-1.6,0.0,-0.8,0.1,True,0,강세,-4,0,-1,-3,74.0,27.1,1496.93,,1.69,-43023.0,-43023.0,-43023.0,10,10,1.0,82.9,78.9,003580,00169048,0,9,1,0,,[20251230] 주요사항보고서(자기전환사채매도결정) (20251230000628) || [20251218] 유상증자또는주식관련사채등의발행결과(자율공시)               (20251218800420) || [20251203] 주요사항보고서(자기전환사채만기전취득결정) (20251203000211),[20250620] 매매거래정지및정지해제(중요내용공시)               (20250620800402),,,https://dart.fss.or.kr/dsaf001/main.do?rcpNo=20251230000628 || https://dart.fss.or.kr/dsaf001/main.do?rcpNo=20251218800420 || https://dart.fss.or.kr/dsaf001/main.do?rcpNo=20251203000211,https://dart.fss.or.kr/dsaf001/main.do?rcpNo=20250620800402,,,20251230000628 || 20251218800420 || 20251203000211,주의
317450,명인제약,,48850,30.6,10.0,14.7,-63.7,1.3,-2.5,-13.2,-21.3,-7.2,-11.2,,0.88,134500,48200,0,False,False,False,23612,23469,9.9,11.7,12.4,1.01,0,False,False,False,False,-,74.8,6.3,-7.8,-9.2,-37.5,True,8,강세,-4,0,-1,-3,74.0,27.1,1496.93,,1.69,-43023.0,-43023.0,-43023.0,10,10,1.0,82.8,78.8,317450,00179489,0,0,0,0,,,,,,,,,,,안전
017370,우신시스템,,4900,18.1,17.0,12.2,-46.7,5.4,-1.4,-21.6,-28.5,-13.0,-15.1,-23.8,0.77,9200,4650,5,False,True,False,50888,63223,2.4,2.5,3.5,0.8,0,False,False,False,False,-,77.8,-1.0,-0.0,1.4,-7.2,True,0,강세,-4,0,-1,-3,74.0,27.1,1496.93,,1.69,-43023.0,-43023.0,-43023.0,10,10,1.0,82.8,78.8,017370,00142883,0,0,0,0,,,,,,,,,,,안전
003520,영진약품,,1380,11.0,2.9,9.2,-44.7,0.7,-9.3,-22.8,-33.5,-13.7,-19.0,-27.9,1.44,2495,1370,0,False,False,False,429848,446540,9.0,6.1,7.1,0.96,0,False,False,False,False,-,82.8,-0.9,-0.4,-10.5,-0.7,True,0,강세,-4,0,-1,-3,74.0,27.1,1496.93,,1.69,-43023.0,-43023.0,-43023.0,10,10,1.0,82.8,78.8,003520,00141149,0,2,0,0,,[20251128] 유상증자또는주식관련사채등의발행결과(자율공시)               (20251128800672) || [20251120] 주요사항보고서(전환사채권발행결정) (20251120000602),,,,https://dart.fss.or.kr/dsaf001/main.do?rcpNo=20251128800672 || https://dart.fss.or.kr/dsaf001/main.do?rcpNo=20251120000602,,,,20251128800672 || 20251120000602,주의
000700,유수홀딩스,,5460,23.1,5.8,3.1,-24.2,1.1,-4.5,-12.6,-16.1,-7.8,-12.5,-8.4,2.01,7200,5400,0,False,False,False,49847,44325,4.9,2.8,2.6,1.12,0,False,False,False,False,-,74.8,0.8,-1.1,2.6,-1.5,True,8,강세,-4,0,-1,-3,74.0,27.1,1496.93,,1.69,-43023.0,-43023.0,-43023.0,10,10,1.0,82.8,78.8,000700,00163691,0,0,0,0,,,,,,,,,,,안전
489790,한화비전,,68100,24.0,13.4,17.4,-30.4,91.0,1.0,-14.8,10.0,-12.9,-13.4,12.6,0.67,97900,35650,5,False,True,False,380388,883856,408.3,265.7,717.3,0.43,3,False,False,True,False,+3%반등,66.8,33.0,-273.9,305.7,-318.7,True,8,강세,-4,0,-1,-3,74.0,27.1,1496.93,,1.69,-43023.0,-43023.0,-43023.0,10,10,1.0,82.8,78.8,489790,01867758,0,1,0,0,,[20260429] 유상증자결정(종속회사의주요경영사항)               (20260429800532),,,,https://dart.fss.or.kr/dsaf001/main.do?rcpNo=20260429800532,,,,20260429800532,주의
001250,GS글로벌,,3465,12.5,1.8,19.1,-39.1,57.5,-5.8,-13.4,33.0,-18.2,-2.5,26.6,0.26,5690,2200,5,False,True,False,1054996,3827587,33.2,37.6,178.2,0.28,0,False,False,False,False,-,69.7,3.9,-0.6,69.8,1.8,True,8,강세,-4,0,-1,-3,74.0,27.1,1496.93,,1.69,-43023.0,-43023.0,-43023.0,10,10,1.0,82.7,78.7,001250,00138190,0,0,0,0,,,,,,,,,,,안전
003240,태광산업,,1001000,26.3,24.1,23.0,-38.7,41.4,0.7,-17.7,-13.9,-8.3,-12.7,5.1,0.7,1634000,708000,5,False,True,False,2169,2589,18.3,21.7,28.2,0.84,3,False,False,True,False,+3%반등,66.6,4.3,-1.3,40.5,-32.3,True,8,강세,-4,0,-1,-3,74.0,27.1,1496.93,,1.69,-43023.0,-43023.0,-43023.0,10,10,1.0,82.6,78.6,003240,00153393,1,1,0,0,[20260513] 횡령ㆍ배임혐의발생               (20260513801189),[20250730] 유상증자결정(자율공시)(종속회사의주요경영사항)               (20250730800554),,,https://dart.fss.or.kr/dsaf001/main.do?rcpNo=20260513801189,https://dart.fss.or.kr/dsaf001/main.do?rcpNo=20250730800554,,,20260513801189,20250730800554,위험
017960,한국카본,,34800,8.9,5.9,17.0,-35.7,76.5,-4.0,-32.4,-14.9,-18.8,-22.8,-4.4,0.82,54100,19720,5,False,True,False,546872,589694,163.6,196.1,256.0,0.93,0,False,False,False,False,-,77.5,-103.7,-154.2,224.3,-1162.5,True,0,강세,-4,0,-1,-3,74.0,27.1,1496.93,,1.69,-43023.0,-43023.0,-43023.0,10,10,1.0,82.5,78.5,017960,00159795,0,5,0,0,,[20260513] [기재정정]주요사항보고서(감자결정) (20260513000861) || [20260413] 유상증자결정(종속회사의주요경영사항)               (20260413800116) || [20260319] 주요사항보고서(제3자의전환사채매수선택권행사) (20260319000731),,,,https://dart.fss.or.kr/dsaf001/main.do?rcpNo=20260513000861 || https://dart.fss.or.kr/dsaf001/main.do?rcpNo=20260413800116 || https://dart.fss.or.kr/dsaf001/main.do?rcpNo=20260319000731,,,,20260513000861 || 20260413800116 || 20260319000731,주의
900140,엘브이엠씨홀딩스,,1430,30.9,3.4,-6.1,-32.5,10.9,-9.6,-15.7,-5.5,-12.6,-12.0,-12.6,0.95,2120,1290,0,False,False,False,732086,953555,13.2,10.9,15.8,0.77,0,False,False,False,False,-,74.5,-10.7,0.1,0.3,-0.0,True,8,강세,-4,0,-1,-3,74.0,27.1,1496.93,,1.69,-43023.0,-43023.0,-43023.0,10,10,1.0,82.5,78.5,900140,00838500,0,2,0,0,,[20251030] [기재정정]주요사항보고서(전환사채권발행결정) (20251030000227) || [20251029] 주요사항보고서(전환사채권발행결정) (20251029000370),,,,https://dart.fss.or.kr/dsaf001/main.do?rcpNo=20251030000227 || https://dart.fss.or.kr/dsaf001/main.do?rcpNo=20251029000370,,,,20251030000227 || 20251029000370,주의
034120,SBS,,13970,21.2,17.5,20.1,-53.0,2.9,0.6,-8.8,-25.1,-6.6,-9.9,-24.3,0.56,29700,13570,10,False,True,True,26310,30358,2.4,3.7,4.5,0.87,3,False,True,False,False,5일선회복,69.5,0.0,-2.8,2.3,-16.5,True,0,강세,-4,0,-1,-3,74.0,27.1,1496.93,,1.69,-43023.0,-43023.0,-43023.0,10,10,1.0,82.5,78.5,034120,00130772,0,0,0,0,,,,,,,,,,,안전
001380,SG글로벌,,1791,29.8,18.3,27.1,-55.1,6.4,-4.0,-18.6,-47.7,-9.2,-21.3,-41.9,0.4,3989,1684,0,False,False,False,82524,158296,1.2,1.5,2.9,0.52,3,False,False,True,False,+3%반등,71.4,0.7,-0.2,-2.4,-0.3,True,8,강세,-4,0,-1,-3,74.0,27.1,1496.93,,1.69,-43023.0,-43023.0,-43023.0,10,10,1.0,82.4,78.4,001380,00152039,0,1,0,0,,[20260310] 주식병합결정               (20260310800561),,,,https://dart.fss.or.kr/dsaf001/main.do?rcpNo=20260310800561,,,,20260310800561,주의
012320,경동인베스트,,53400,14.5,6.4,14.6,-48.5,7.2,-3.6,-17.6,-42.4,-13.1,-13.0,-11.4,0.91,103700,49800,5,False,True,False,12415,19594,8.7,6.8,12.5,0.63,0,False,False,False,False,-,77.4,-2.4,-0.0,5.2,0.6,True,0,강세,-4,0,-1,-3,74.0,27.1,1496.93,,1.69,-43023.0,-43023.0,-43023.0,10,10,1.0,82.4,78.4,012320,00143527,0,0,0,0,,,,,,,,,,,안전
026890,스틱인베스트먼트,,8220,26.4,3.9,9.6,-38.6,0.9,-6.4,-15.3,-36.8,-11.1,-12.8,-19.5,0.53,13390,8150,0,False,False,False,78143,108942,4.8,6.7,10.3,0.72,0,False,False,False,False,-,74.2,1.5,-1.8,18.1,-3.4,True,8,강세,-4,0,-1,-3,74.0,27.1,1496.93,,1.69,-43023.0,-43023.0,-43023.0,10,10,1.0,82.2,78.2,026890,00117498,0,2,0,0,,[20260304] 최대주주등소유주식변동신고서(최대주주변경시)               (20260304800710) || [20260304] 최대주주변경               (20260304800680),,,,https://dart.fss.or.kr/dsaf001/main.do?rcpNo=20260304800710 || https://dart.fss.or.kr/dsaf001/main.do?rcpNo=20260304800680,,,,20260304800710 || 20260304800680,주의
006650,대한유화,,130100,19.9,11.8,19.8,-35.8,69.6,-3.8,-16.3,-26.3,-15.2,-11.7,-5.4,0.74,202500,76700,5,False,True,False,58814,72484,70.7,78.0,115.7,0.81,0,False,False,False,False,-,69.1,108.3,-182.2,336.1,-452.9,True,8,강세,-4,0,-1,-3,74.0,27.1,1496.93,,1.69,-43023.0,-43023.0,-43023.0,10,10,1.0,82.1,78.1,006650,00260383,0,0,0,0,,,,,,,,,,,안전
012630,HDC,,22050,17.1,8.4,16.8,-28.1,39.1,-3.1,-18.5,-8.3,-13.1,-16.6,3.8,1.06,30650,15850,5,False,True,False,114673,137514,32.6,25.7,34.7,0.83,0,False,False,False,False,-,69.1,7.0,-11.5,59.2,-36.9,True,8,강세,-4,0,-1,-3,74.0,27.1,1496.93,,1.69,-43023.0,-43023.0,-43023.0,10,10,1.0,82.1,78.1,012630,00164636,3,0,0,0,[20260518] 회생절차개시결정(자회사의 주요경영사항)               (20260518800889) || [20260417] [기재정정]회생절차개시신청(자회사의 주요경영사항)               (20260417800663) || [20260416] 회생절차개시신청(자회사의 주요경영사항)               (20260416800594),,,,https://dart.fss.or.kr/dsaf001/main.do?rcpNo=20260518800889 || https://dart.fss.or.kr/dsaf001/main.do?rcpNo=20260417800663 || https://dart.fss.or.kr/dsaf001/main.do?rcpNo=20260416800594,,,,20260518800889 || 20260417800663 || 20260416800594,,위험
100840,SNT에너지,,41050,11.9,3.1,15.0,-39.5,20.4,-6.2,-24.4,-14.0,-19.6,-20.6,-14.2,0.89,67900,34100,5,False,True,False,188236,299400,103.9,80.1,161.0,0.63,0,False,False,False,False,-,77.0,-26.2,-45.3,-6.0,-185.9,True,0,강세,-4,0,-1,-3,74.0,27.1,1496.93,,1.69,-43023.0,-43023.0,-43023.0,10,10,1.0,82.0,78.0,100840,00648721,0,0,0,0,,,,,,,,,,,안전
009410,태영건설,,1673,33.9,1.0,8.8,-49.2,10.8,-5.5,-17.4,-8.9,-10.2,-12.0,-5.7,0.93,3295,1510,0,False,False,False,512811,767087,12.0,8.9,14.7,0.67,0,False,False,False,False,-,74.0,-8.3,0.4,-43.2,-1.4,True,8,강세,-4,0,-1,-3,74.0,27.1,1496.93,,1.69,-43023.0,-43023.0,-43023.0,10,10,1.0,82.0,78.0,009410,00153861,0,4,0,0,,[20251105] 유상증자또는주식관련사채등의발행결과(자율공시)               (20251105800540) || [20251028] 주요사항보고서(유상증자결정) (20251028000370) || [20250905] 유상증자또는주식관련사채등의발행결과(자율공시)               (20250905800500),,,,https://dart.fss.or.kr/dsaf001/main.do?rcpNo=20251105800540 || https://dart.fss.or.kr/dsaf001/main.do?rcpNo=20251028000370 || https://dart.fss.or.kr/dsaf001/main.do?rcpNo=20250905800500,,,,20251105800540 || 20251028000370 || 20250905800500,주의
007160,사조산업,,46150,26.1,0.0,3.4,-36.7,23.4,-4.0,-14.4,-29.0,-9.1,-11.5,-12.6,1.27,72900,37400,5,False,True,False,5610,7512,4.5,2.6,3.8,0.75,0,False,False,False,False,-,76.9,-1.3,-2.0,-9.0,-5.2,True,0,강세,-4,0,-1,-3,74.0,27.1,1496.93,,1.69,-43023.0,-43023.0,-43023.0,10,10,1.0,81.9,77.9,007160,00124799,0,0,0,0,,,,,,,,,,,안전
950210,프레스티지바이오파마,,7390,31.7,24.6,24.1,-63.0,4.2,-1.5,-19.5,-36.0,-7.9,-17.7,-37.6,0.86,20000,7090,5,False,True,False,83826,103308,6.7,6.3,8.3,0.81,0,False,False,False,False,-,68.9,4.0,0.0,4.8,0.0,True,8,강세,-4,0,-1,-3,74.0,27.1,1496.93,,1.69,-43023.0,-43023.0,-43023.0,10,10,1.0,81.9,77.9,950210,01510489,0,0,0,0,,,,,,,,,,,안전
000910,유니온,,3710,19.2,1.0,7.3,-39.7,0.3,-5.4,-17.7,-17.6,-12.6,-14.7,-16.5,0.77,6150,3700,5,False,True,False,106871,169162,5.0,4.1,7.3,0.63,0,False,False,False,False,-,76.8,-2.6,-0.1,-13.5,0.2,True,0,강세,-4,0,-1,-3,74.0,27.1,1496.93,,1.69,-43023.0,-43023.0,-43023.0,10,10,1.0,81.8,77.8,000910,00144252,0,2,0,0,,[20260303] 최대주주변경               (20260303800931) || [20260303] 최대주주등소유주식변동신고서(최대주주변경시)               (20260303800798),,,,https://dart.fss.or.kr/dsaf001/main.do?rcpNo=20260303800931 || https://dart.fss.or.kr/dsaf001/main.do?rcpNo=20260303800798,,,,20260303800931 || 20260303800798,주의
298020,효성티앤씨,,382000,24.9,6.7,12.1,-31.4,92.0,-5.3,-27.9,-0.7,-16.8,-13.7,25.5,0.99,557000,199000,5,False,True,False,36878,39403,148.4,147.3,184.0,0.94,0,False,False,False,False,-,76.7,-13.2,-98.5,423.3,-373.1,True,0,강세,-4,0,-1,-3,74.0,27.1,1496.93,,1.69,-43023.0,-43023.0,-43023.0,10,10,1.0,81.7,77.7,298020,01316227,0,0,0,0,,,,,,,,,,,안전
000120,CJ대한통운,,85800,20.9,7.6,10.9,-44.3,10.9,-3.2,-16.0,-38.0,-9.8,-16.0,-11.5,1.06,154000,77400,5,False,True,False,79529,78635,71.7,69.7,74.8,1.01,0,False,False,False,False,-,76.7,-14.4,-70.0,-30.3,-307.3,True,0,강세,-4,0,-1,-3,74.0,27.1,1496.93,,1.69,-43023.0,-43023.0,-43023.0,10,10,1.0,81.7,77.7,000120,00113410,0,0,0,0,,,,,,,,,,,안전
073240,금호타이어,,4780,31.4,12.0,21.5,-37.5,15.2,-1.2,-19.5,-32.6,-10.1,-17.0,-14.0,0.82,7650,4150,5,False,True,False,727395,1004640,40.1,35.2,53.8,0.72,0,False,False,False,False,-,68.6,11.5,-25.4,-150.5,-104.2,True,8,강세,-4,0,-1,-3,74.0,27.1,1496.93,,1.69,-43023.0,-43023.0,-43023.0,10,10,1.0,81.6,77.6,073240,00481454,0,3,0,0,,[20260514] 유상증자결정(종속회사의주요경영사항)               (20260514801419) || [20251203] [기재정정]유상증자결정(종속회사의주요경영사항)               (20251203800541) || [20251202] 유상증자결정(종속회사의주요경영사항)               (20251202800080),,,,https://dart.fss.or.kr/dsaf001/main.do?rcpNo=20260514801419 || https://dart.fss.or.kr/dsaf001/main.do?rcpNo=20251203800541 || https://dart.fss.or.kr/dsaf001/main.do?rcpNo=20251202800080,,,,20260514801419 || 20251203800541 || 20251202800080,주의
036530,SNT홀딩스,,52000,25.4,17.7,24.2,-41.6,40.7,0.4,-16.7,-23.2,-8.1,-12.6,-14.8,0.83,89000,36950,5,False,True,False,20625,21405,9.5,10.7,11.9,0.96,0,False,False,False,False,-,68.4,-4.2,4.5,-47.8,17.7,True,8,강세,-4,0,-1,-3,74.0,27.1,1496.93,,1.69,-43023.0,-43023.0,-43023.0,10,10,1.0,81.4,77.4,036530,00225159,0,6,0,0,,[20260116] 유상증자또는주식관련사채등의발행결과(자율공시)               (20260116800777) || [20260116] 유상증자또는주식관련사채등의발행결과(자율공시)               (20260116800774) || [20260109] 유상증자또는주식관련사채등의발행결과(자율공시)               (20260109800420),,,,https://dart.fss.or.kr/dsaf001/main.do?rcpNo=20260116800777 || https://dart.fss.or.kr/dsaf001/main.do?rcpNo=20260116800774 || https://dart.fss.or.kr/dsaf001/main.do?rcpNo=20260109800420,,,,20260116800777 || 20260116800774 || 20260109800420,주의
067830,세이브존I&C,,2655,28.6,3.3,10.0,-35.8,16.7,-4.8,-16.2,-22.7,-10.9,-12.6,-7.1,0.61,4135,2275,0,False,False,False,54293,89785,1.5,1.5,2.7,0.6,0,False,False,False,False,-,73.4,-2.7,0.1,-2.1,-0.4,True,8,강세,-4,0,-1,-3,74.0,27.1,1496.93,,1.69,-43023.0,-43023.0,-43023.0,10,10,1.0,81.4,77.4,067830,00422895,0,0,0,0,,,,,,,,,,,안전
078000,텔코웨어,,14390,24.2,8.8,15.6,-47.6,51.0,-2.6,-15.6,-28.2,-9.0,-13.8,-9.6,1.16,27450,9530,5,False,False,True,11978,11623,2.0,1.8,1.8,1.03,0,False,False,False,False,-,76.4,-0.7,0.0,-1.4,-0.6,True,0,강세,-4,0,-1,-3,74.0,27.1,1496.93,,1.69,-43023.0,-43023.0,-43023.0,10,10,1.0,81.4,77.4,078000,00361488,0,0,0,0,,,,,,,,,,,안전
003010,혜인,,5640,33.8,3.8,13.4,-35.8,15.6,-4.1,-20.0,-1.9,-14.4,-9.0,1.4,0.29,8780,4880,5,False,True,False,280658,837042,13.7,16.4,61.7,0.34,0,False,False,False,False,-,68.3,-11.7,0.5,-2.1,1.6,True,8,강세,-4,0,-1,-3,74.0,27.1,1496.93,,1.69,-43023.0,-43023.0,-43023.0,10,10,1.0,81.3,77.3,003010,00165343,0,0,0,0,,,,,,,,,,,안전
010130,고려아연,,1396000,22.2,21.9,23.8,-36.2,94.4,1.6,-16.6,-19.0,-7.6,-10.1,5.6,0.45,2188000,718000,5,False,True,False,23127,41329,264.4,321.6,641.4,0.56,3,False,False,True,False,+3%반등,65.3,29.8,-79.7,-1875.7,-466.9,True,8,강세,-4,0,-1,-3,74.0,27.1,1496.93,,1.69,-43023.0,-43023.0,-43023.0,10,10,1.0,81.3,77.3,010130,00102858,0,9,0,0,,[20260219] [기재정정]주요사항보고서(유상증자결정) (20260219002746) || [20260219] [기재정정]주요사항보고서(유상증자결정) (20260219002382) || [20251231] [기재정정]주요사항보고서(유상증자결정) (20251231000232),,,,https://dart.fss.or.kr/dsaf001/main.do?rcpNo=20260219002746 || https://dart.fss.or.kr/dsaf001/main.do?rcpNo=20260219002382 || https://dart.fss.or.kr/dsaf001/main.do?rcpNo=20251231000232,,,,20260219002746 || 20260219002382 || 20251231000232,주의
439260,대한조선,,67500,16.8,13.3,23.2,-41.8,17.8,0.3,-29.0,-25.2,-13.3,-20.9,,0.6,116000,57300,5,False,True,False,86515,140812,56.7,59.1,113.8,0.61,0,False,False,False,False,-,76.1,-66.1,-10.4,-165.9,-271.3,True,0,강세,-4,0,-1,-3,74.0,27.1,1496.93,,1.69,-43023.0,-43023.0,-43023.0,10,10,1.0,81.1,77.1,439260,00182696,0,0,0,0,,,,,,,,,,,안전
058730,다스코,,2795,17.1,4.9,10.6,-45.0,16.2,-7.6,-24.3,-25.4,-16.7,-21.6,-13.7,0.94,5080,2405,0,False,False,False,112263,171663,4.6,3.3,6.0,0.65,0,False,False,False,False,-,80.9,-2.0,-0.0,-3.9,0.1,True,0,강세,-4,0,-1,-3,74.0,27.1,1496.93,,1.69,-43023.0,-43023.0,-43023.0,10,10,1.0,80.9,76.9,058730,00353878,0,0,0,0,,,,,,,,,,,안전
003030,세아제강지주,,169300,24.5,11.8,23.2,-34.9,51.2,-2.9,-17.2,15.8,-14.8,-17.6,3.1,0.45,260000,112000,5,False,True,False,25826,45257,34.1,44.5,94.6,0.57,0,False,False,False,False,-,67.8,16.4,-13.4,-5.4,-11.6,True,8,강세,-4,0,-1,-3,74.0,27.1,1496.93,,1.69,-43023.0,-43023.0,-43023.0,10,10,1.0,80.8,76.8,003030,00124197,0,2,0,0,,[20260226] 유상증자결정(종속회사의주요경영사항)               (20260226801449) || [20251017] 유상증자또는주식관련사채등의발행결과(자율공시)               (20251017800288),,,,https://dart.fss.or.kr/dsaf001/main.do?rcpNo=20260226801449 || https://dart.fss.or.kr/dsaf001/main.do?rcpNo=20251017800288,,,,20260226801449 || 20251017800288,주의
023800,인지컨트롤스,,6680,14.7,3.4,-1.6,-21.0,23.7,-7.5,-12.7,-9.5,-13.6,-9.0,1.8,1.58,8460,5400,0,False,False,False,117894,115923,12.6,8.2,9.0,1.02,0,False,False,False,False,-,72.7,0.1,-0.9,7.1,-0.1,True,8,강세,-4,0,-1,-3,74.0,27.1,1496.93,,1.69,-43023.0,-43023.0,-43023.0,10,10,1.0,80.7,76.7,023800,00103510,0,2,0,0,,[20260318] 최대주주변경               (20260318800142) || [20260318] 최대주주등소유주식변동신고서(최대주주변경시)               (20260318800138),,,,https://dart.fss.or.kr/dsaf001/main.do?rcpNo=20260318800142 || https://dart.fss.or.kr/dsaf001/main.do?rcpNo=20260318800138,,,,20260318800142 || 20260318800138,주의
025750,한솔홈데코,,2215,26.2,7.3,5.8,-46.8,1.4,-8.7,-17.8,-29.1,-11.2,-15.9,-28.7,0.85,4165,2185,0,False,False,False,62895,82176,1.6,1.4,2.1,0.77,0,False,False,False,False,-,80.3,-0.0,-0.0,-3.0,-1.7,True,0,강세,-4,0,-1,-3,74.0,27.1,1496.93,,1.69,-43023.0,-43023.0,-43023.0,10,10,1.0,80.3,76.3,025750,00203582,0,3,0,0,,[20260423] [기재정정]주식병합결정               (20260423800976) || [20260422] [기재정정]주식병합결정               (20260422800885) || [20260303] 주식병합결정               (20260303800657),,,,https://dart.fss.or.kr/dsaf001/main.do?rcpNo=20260423800976 || https://dart.fss.or.kr/dsaf001/main.do?rcpNo=20260422800885 || https://dart.fss.or.kr/dsaf001/main.do?rcpNo=20260303800657,,,,20260423800976 || 20260422800885 || 20260303800657,주의
014790,HL D&I,,2835,31.9,21.4,25.1,-31.2,26.3,2.2,-19.2,-19.3,-10.2,-14.3,-0.1,0.81,4120,2245,5,False,True,False,166203,144055,3.4,4.8,4.6,1.15,6,False,True,True,False,5일선회복/+3%반등,61.3,-1.3,1.0,-3.7,3.0,True,8,강세,-4,0,-1,-3,74.0,27.1,1496.93,,1.69,-43023.0,-43023.0,-43023.0,10,10,1.0,80.3,76.3,014790,00161116,0,0,0,0,,,,,,,,,,,안전
003570,SNT다이내믹스,,46500,27.4,18.6,20.8,-39.1,45.8,-6.2,-18.3,-20.8,-10.2,-10.4,-14.0,0.88,76400,31900,0,False,False,False,94451,121131,50.0,44.2,64.4,0.78,3,False,False,True,False,+3%반등,69.3,18.6,-27.2,223.5,-203.8,True,8,강세,-4,0,-1,-3,74.0,27.1,1496.93,,1.69,-43023.0,-43023.0,-43023.0,10,10,1.0,80.3,76.3,003570,00134477,0,1,0,0,,[20250714] 유상증자또는주식관련사채등의발행결과(자율공시)               (20250714800388),,,,https://dart.fss.or.kr/dsaf001/main.do?rcpNo=20250714800388,,,,20250714800388,주의
000230,일동홀딩스,,7990,23.3,13.1,23.3,-53.5,35.7,-2.0,-20.6,-34.3,-9.6,-17.2,-25.8,0.81,17170,5890,5,False,True,False,29089,36129,2.3,2.4,3.2,0.81,0,False,False,False,False,-,75.2,-0.4,-0.0,1.3,0.3,True,0,강세,-4,0,-1,-3,74.0,27.1,1496.93,,1.69,-43023.0,-43023.0,-43023.0,10,10,1.0,80.2,76.2,000230,00146083,0,0,0,0,,,,,,,,,,,안전
090370,메타랩스,,1256,33.5,0.6,10.5,-52.2,2.5,-4.8,-12.8,-26.8,-7.9,-10.7,-16.3,0.88,2630,1225,0,False,False,False,40417,47649,0.5,0.5,0.7,0.85,0,False,False,False,False,-,72.0,-0.1,0.1,-1.4,-0.3,True,8,강세,-4,0,-1,-3,74.0,27.1,1496.93,,1.69,-43023.0,-43023.0,-43023.0,10,10,1.0,80.0,76.0,090370,00442835,0,2,0,0,,[20260306] 감자결정(종속회사의주요경영사항)               (20260306801124) || [20250925] 주요사항보고서(자기전환사채만기전취득결정) (20250925000583),,,,https://dart.fss.or.kr/dsaf001/main.do?rcpNo=20260306801124 || https://dart.fss.or.kr/dsaf001/main.do?rcpNo=20250925000583,,,,20260306801124 || 20250925000583,주의
002820,SUN&L,,2225,24.6,0.0,-3.7,-28.2,8.0,-3.1,-11.5,-6.1,-4.5,-6.1,-11.0,0.39,3100,2060,0,False,False,False,18026,28763,0.2,0.4,0.7,0.63,0,False,False,False,False,-,72.0,-0.1,0.3,-0.9,2.3,True,8,강세,-4,0,-1,-3,74.0,27.1,1496.93,,1.69,-43023.0,-43023.0,-43023.0,10,10,1.0,80.0,76.0,002820,00132211,0,0,0,0,,,,,,,,,,,안전
323410,카카오뱅크,,21850,30.2,5.4,17.9,-43.6,4.3,-1.6,-12.9,-23.1,-6.1,-9.2,-8.2,1.1,38750,20950,0,False,False,False,940793,1025557,252.7,209.4,239.4,0.92,0,False,False,False,False,-,71.9,92.8,-63.1,-194.3,-153.7,True,8,강세,-4,0,-1,-3,74.0,27.1,1496.93,,1.69,-43023.0,-43023.0,-43023.0,10,10,1.0,79.9,75.9,323410,01133217,0,0,0,0,,,,,,,,,,,안전
009270,신원,,1101,14.7,7.0,12.7,-49.3,2.4,-6.1,-20.6,-29.4,-13.7,-17.0,-27.2,0.98,2170,1075,0,False,False,False,563715,686732,7.6,6.4,8.8,0.82,0,False,False,False,False,-,79.9,-2.5,-0.1,-10.1,-0.2,True,0,강세,-4,0,-1,-3,74.0,27.1,1496.93,,1.69,-43023.0,-43023.0,-43023.0,10,10,1.0,79.9,75.9,009270,00136864,0,2,0,0,,[20250909] 주요사항보고서(제3자의전환사채매수선택권행사) (20250909000245) || [20250808] 주요사항보고서(전환사채매수선택권행사자지정) (20250808000478),,,,https://dart.fss.or.kr/dsaf001/main.do?rcpNo=20250909000245 || https://dart.fss.or.kr/dsaf001/main.do?rcpNo=20250808000478,,,,20250909000245 || 20250808000478,주의
317400,자이에스앤디,,3765,25.2,1.7,11.9,-26.9,23.4,-7.0,-21.5,-19.8,-13.9,-14.3,-5.4,0.84,5150,3050,0,False,False,False,174065,205869,6.4,6.8,9.2,0.85,0,False,False,False,False,-,71.8,-3.6,1.6,-13.0,13.5,True,8,강세,-4,0,-1,-3,74.0,27.1,1496.93,,1.69,-43023.0,-43023.0,-43023.0,10,10,1.0,79.8,75.8,317400,00367844,0,0,0,0,,,,,,,,,,,안전
005360,모나미,,1459,8.6,1.3,14.2,-54.3,0.2,-3.9,-17.3,-23.0,-8.9,-12.5,-23.4,1.36,3190,1456,0,False,False,False,45304,56435,1.1,0.7,0.9,0.8,0,False,False,False,False,-,79.8,-0.4,-0.0,-1.9,-0.0,True,0,강세,-4,0,-1,-3,74.0,27.1,1496.93,,1.69,-43023.0,-43023.0,-43023.0,10,10,1.0,79.8,75.8,005360,00121288,0,0,0,0,,,,,,,,,,,안전
077970,STX엔진,,44250,28.6,22.2,22.9,-34.6,122.3,3.1,-14.1,24.8,-15.1,2.7,17.9,0.53,67700,19910,5,False,True,False,939417,805723,180.1,430.9,436.9,1.17,3,False,False,True,False,+3%반등,63.7,-340.9,105.9,-39.6,-176.0,True,8,강세,-4,0,-1,-3,74.0,27.1,1496.93,,1.69,-43023.0,-43023.0,-43023.0,10,10,1.0,79.7,75.7,077970,00480455,0,0,0,0,,,,,,,,,,,안전
011500,한농화성,,19010,21.6,14.4,20.0,-35.4,38.8,0.1,-23.0,-19.3,-12.4,-12.0,3.7,0.86,29450,13700,5,False,True,False,179042,269410,42.0,34.8,60.9,0.66,3,False,False,True,False,+3%반등,71.6,-16.5,-0.2,0.3,-4.0,True,0,강세,-4,0,-1,-3,74.0,27.1,1496.93,,1.69,-43023.0,-43023.0,-43023.0,10,10,1.0,79.6,75.6,011500,00160861,0,0,0,0,,,,,,,,,,,안전
120110,코오롱인더,,74800,22.6,22.9,19.7,-28.7,152.7,0.3,-16.2,22.2,-13.0,-9.8,39.0,0.61,104900,29600,5,False,True,False,334076,453329,209.4,248.0,397.4,0.74,3,False,False,True,False,+3%반등,63.5,333.8,-237.8,1015.8,-348.6,True,8,강세,-4,0,-1,-3,74.0,27.1,1496.93,,1.69,-43023.0,-43023.0,-43023.0,10,10,1.0,79.5,75.5,120110,00795135,0,0,0,0,,,,,,,,,,,안전
004980,성신양회,,9050,13.9,2.7,15.1,-40.9,9.4,-3.5,-17.9,-13.7,-13.3,-11.9,-9.9,0.6,15310,8270,5,False,True,False,173398,253652,14.0,16.0,27.3,0.68,0,False,False,False,False,-,74.3,-9.7,-0.2,14.2,-0.4,True,0,강세,-4,0,-1,-3,74.0,27.1,1496.93,,1.69,-43023.0,-43023.0,-43023.0,10,10,1.0,79.3,75.3,004980,00132804,0,0,0,0,,,,,,,,,,,안전
000320,노루홀딩스,,18870,23.2,15.4,16.9,-49.2,27.2,-2.7,-15.4,-34.0,-9.0,-12.1,-21.0,0.72,37150,14840,5,False,True,False,15213,20208,2.8,2.9,4.2,0.75,0,False,False,False,False,-,74.3,-1.8,-1.2,-0.8,-3.5,True,0,강세,-4,0,-1,-3,74.0,27.1,1496.93,,1.69,-43023.0,-43023.0,-43023.0,10,10,1.0,79.3,75.3,000320,00113508,0,0,0,0,,,,,,,,,,,안전
004910,조광페인트,,3850,19.6,9.2,14.3,-42.2,1.9,-7.1,-21.7,-29.7,-11.5,-17.7,-24.9,1.43,6660,3780,0,False,False,False,42325,60242,3.4,1.7,2.6,0.7,0,False,False,False,False,-,79.2,0.0,0.0,-2.9,0.1,True,0,강세,-4,0,-1,-3,74.0,27.1,1496.93,,1.69,-43023.0,-43023.0,-43023.0,10,10,1.0,79.2,75.2,004910,00148920,0,1,0,0,,[20251223] 유상증자또는주식관련사채등의발행결과(자율공시)               (20251223800682),,,,https://dart.fss.or.kr/dsaf001/main.do?rcpNo=20251223800682,,,,20251223800682,주의
002990,금호건설,,4055,21.6,0.3,16.7,-32.3,46.9,-4.3,-26.0,-23.1,-15.8,-18.7,-4.8,0.82,5990,2760,5,False,True,False,125776,184014,6.2,5.3,9.1,0.68,0,False,False,False,False,-,74.2,-1.4,-0.5,-15.9,-8.0,True,0,강세,-4,0,-1,-3,74.0,27.1,1496.93,,1.69,-43023.0,-43023.0,-43023.0,10,10,1.0,79.2,75.2,002990,00106313,0,2,0,0,,[20260417] [기재정정]주요사항보고서(유상증자결정) (20260417000439) || [20260326] 주요사항보고서(유상증자결정) (20260326001295),,,,https://dart.fss.or.kr/dsaf001/main.do?rcpNo=20260417000439 || https://dart.fss.or.kr/dsaf001/main.do?rcpNo=20260326001295,,,,20260417000439 || 20260326001295,주의
000670,영풍,,52100,14.6,1.0,8.2,-27.4,58.0,-7.1,-23.0,-14.3,-15.9,-14.6,-1.5,0.83,71797,32980,5,False,True,False,25042,31431,13.7,13.4,19.7,0.8,0,False,False,False,False,-,74.2,-0.7,-10.8,27.4,-19.1,True,0,강세,-4,0,-1,-3,74.0,27.1,1496.93,,1.69,-43023.0,-43023.0,-43023.0,10,10,1.0,79.2,75.2,000670,00141307,0,0,0,0,,,,,,,,,,,안전
001940,KISCO홀딩스,,22900,18.1,9.1,18.5,-22.2,9.3,-4.6,-16.6,-10.5,-7.9,-10.3,-10.3,2.26,29450,20950,0,False,False,False,9650,7840,4.2,2.2,1.9,1.23,0,False,False,False,False,-,71.1,0.6,-2.0,2.6,-5.3,True,8,강세,-4,0,-1,-3,74.0,27.1,1496.93,,1.69,-43023.0,-43023.0,-43023.0,10,10,1.0,79.1,75.1,001940,00159740,0,0,0,0,,,,,,,,,,,안전
457190,이수스페셜티케미컬,,95600,27.8,18.6,20.2,-27.5,151.9,0.5,-20.7,-0.8,-12.4,-7.4,29.9,0.85,131800,37950,5,False,True,False,217274,296611,233.6,211.4,331.1,0.73,0,False,False,False,False,-,66.1,-87.4,17.4,-154.8,62.6,True,8,강세,-4,0,-1,-3,74.0,27.1,1496.93,,1.69,-43023.0,-43023.0,-43023.0,10,10,1.0,79.1,75.1,457190,01762569,0,0,0,0,,,,,,,,,,,안전
017810,풀무원,,10350,26.5,8.9,9.3,-44.0,1.2,-6.8,-14.7,-24.0,-8.3,-12.1,-21.5,1.58,18490,10230,0,False,False,False,64626,68145,11.3,6.9,7.7,0.95,0,False,False,False,False,-,79.1,-0.2,-6.4,-14.9,-3.8,True,0,강세,-4,0,-1,-3,74.0,27.1,1496.93,,1.69,-43023.0,-43023.0,-43023.0,10,10,1.0,79.1,75.1,017810,00155355,0,0,0,0,,,,,,,,,,,안전
035000,HS애드,,7200,18.8,8.0,16.8,-24.1,3.3,-1.4,-16.4,-17.4,-11.8,-13.8,-16.1,0.64,9480,6970,5,False,True,False,84279,65980,3.1,6.2,5.1,1.28,0,False,False,False,False,-,66.1,-11.5,2.5,-30.5,1.7,True,8,강세,-4,0,-1,-3,74.0,27.1,1496.93,,1.69,-43023.0,-43023.0,-43023.0,10,10,1.0,79.1,75.1,035000,00140168,0,0,0,0,,,,,,,,,,,안전
014830,유니드,,70500,17.4,0.6,16.0,-30.6,11.7,-4.5,-26.3,-13.6,-14.0,-15.3,-7.4,0.66,101600,63100,5,False,True,False,25536,46981,19.2,18.4,40.5,0.54,0,False,False,False,False,-,74.0,-1.2,-18.5,5.3,-59.5,True,0,강세,-4,0,-1,-3,74.0,27.1,1496.93,,1.69,-43023.0,-43023.0,-43023.0,10,10,1.0,79.0,75.0,014830,00159786,0,0,0,0,,,,,,,,,,,안전
003680,한성기업,,4735,28.7,0.0,-1.2,-38.8,0.0,-1.8,-6.6,-12.2,-5.4,-6.1,-11.6,2.0,7740,4735,0,False,False,False,25023,27100,2.6,1.2,1.4,0.92,0,False,False,False,False,-,78.8,-0.7,-0.0,-2.5,-0.0,True,0,강세,-4,0,-1,-3,74.0,27.1,1496.93,,1.69,-43023.0,-43023.0,-43023.0,10,10,1.0,78.8,74.8,003680,00161860,0,0,0,0,,,,,,,,,,,안전
000490,대동,,8840,29.4,5.1,2.1,-35.2,1.3,-3.9,-10.5,-22.4,-11.1,-10.7,-11.3,1.05,13640,8730,5,False,True,False,324468,439420,42.0,29.5,44.1,0.74,0,False,False,False,False,-,73.7,-29.9,-1.1,-46.2,-1.3,True,0,강세,-4,0,-1,-3,74.0,27.1,1496.93,,1.69,-43023.0,-43023.0,-43023.0,10,10,1.0,78.7,74.7,000490,00109286,0,4,0,0,,[20251229] 유상증자또는주식관련사채등의발행결과(자율공시)               (20251229800507) || [20251219] 주요사항보고서(자기전환사채매도결정) (20251218000501) || [20251126] 주요사항보고서(유상증자결정) (20251126000696),,,,https://dart.fss.or.kr/dsaf001/main.do?rcpNo=20251229800507 || https://dart.fss.or.kr/dsaf001/main.do?rcpNo=20251218000501 || https://dart.fss.or.kr/dsaf001/main.do?rcpNo=20251126000696,,,,20251229800507 || 20251218000501 || 20251126000696,주의
035720,카카오,,40500,32.6,9.1,14.7,-43.4,11.6,-2.6,-16.3,-30.3,-8.8,-13.4,-28.6,0.8,71600,36300,0,False,False,False,1665304,2024425,669.2,684.2,901.3,0.82,0,False,False,False,False,-,70.7,306.5,-420.7,-836.5,-1093.1,True,8,강세,-4,0,-1,-3,74.0,27.1,1496.93,,1.69,-43023.0,-43023.0,-43023.0,10,10,1.0,78.7,74.7,035720,00258801,0,2,0,0,,[20260211] 주요사항보고서(감자결정) (20260211001067) || [20250527] [기재정정]주요사항보고서(전환사채권발행결정) (20250527000422),,,,https://dart.fss.or.kr/dsaf001/main.do?rcpNo=20260211001067 || https://dart.fss.or.kr/dsaf001/main.do?rcpNo=20250527000422,,,,20260211001067 || 20250527000422,주의
105840,우진,,21250,23.8,14.4,23.9,-33.0,178.9,1.4,-26.2,-23.1,-13.5,-15.0,10.3,0.5,31700,7620,5,False,True,False,297675,616418,64.3,63.9,159.2,0.48,3,False,False,True,False,+3%반등,70.6,-1.7,-15.8,-130.3,-15.9,True,0,강세,-4,0,-1,-3,74.0,27.1,1496.93,,1.69,-43023.0,-43023.0,-43023.0,10,10,1.0,78.6,74.6,105840,00173944,0,0,0,0,,,,,,,,,,,안전
161000,애경케미칼,,13350,38.3,20.5,17.6,-33.1,58.4,0.1,-22.5,25.2,-9.4,-1.5,19.3,0.73,19960,8430,10,False,True,True,716512,680758,63.8,104.2,103.4,1.05,3,False,False,True,False,+3%반등,57.4,-4.9,3.3,-46.9,7.7,True,8,강세,-4,0,-1,-3,74.0,27.1,1496.93,,1.69,-43023.0,-43023.0,-43023.0,10,10,1.0,78.4,74.4,161000,00936787,0,2,0,0,,[20260427] 유상증자결정(종속회사의주요경영사항)               (20260427800970) || [20250725] 감자결정(종속회사의주요경영사항)               (20250725800318),,,,https://dart.fss.or.kr/dsaf001/main.do?rcpNo=20260427800970 || https://dart.fss.or.kr/dsaf001/main.do?rcpNo=20250725800318,,,,20260427800970 || 20250725800318,주의
035150,백산,,10770,33.6,9.6,9.9,-31.7,1.4,-4.1,-14.6,-25.4,-7.7,-13.3,-19.0,1.95,15760,10620,0,False,False,False,53541,52161,11.2,5.9,6.0,1.03,0,False,False,False,False,-,70.4,1.7,-7.0,1.8,-12.1,True,8,강세,-4,0,-1,-3,74.0,27.1,1496.93,,1.69,-43023.0,-43023.0,-43023.0,10,10,1.0,78.4,74.4,035150,00122551,0,0,0,0,,,,,,,,,,,안전
462870,시프트업,,28200,26.0,0.0,16.0,-54.1,2.5,-4.6,-18.8,-16.7,-9.3,-11.5,-22.0,1.06,61400,27500,0,False,False,False,69480,78045,22.6,20.0,24.3,0.89,0,False,False,False,False,-,78.3,-14.3,-6.8,-41.0,-43.4,True,0,강세,-4,0,-1,-3,74.0,27.1,1496.93,,1.69,-43023.0,-43023.0,-43023.0,10,10,1.0,78.3,74.3,462870,01384787,0,0,0,0,,,,,,,,,,,안전
010950,S-Oil,,108100,26.6,12.2,25.0,-39.0,116.2,-1.8,-10.5,-5.6,-6.9,-5.6,21.2,0.67,177100,50000,5,False,False,True,364522,539609,394.9,397.1,643.0,0.68,0,False,False,False,False,-,65.3,395.2,-371.9,1242.9,-380.2,True,8,강세,-4,0,-1,-3,74.0,27.1,1496.93,,1.69,-43023.0,-43023.0,-43023.0,10,10,1.0,78.3,74.3,010950,00138279,0,0,0,0,,,,,,,,,,,안전
017860,DS단석,,18340,21.5,23.0,25.6,-36.7,18.4,0.2,-28.1,-2.0,-12.5,-10.4,-9.5,0.62,28966,15490,5,False,True,False,207458,318968,32.4,37.5,72.1,0.65,3,False,True,False,False,5일선회복,70.2,-4.3,-0.2,23.4,-0.8,True,0,강세,-4,0,-1,-3,74.0,27.1,1496.93,,1.69,-43023.0,-43023.0,-43023.0,10,10,1.0,78.2,74.2,017860,00108612,0,1,0,0,,[20260520] 주요사항보고서(전환사채권발행결정) (20260520000164),,,,https://dart.fss.or.kr/dsaf001/main.do?rcpNo=20260520000164,,,,20260520000164,주의
117580,대성에너지,,7620,18.7,1.4,10.7,-52.8,1.6,-5.0,-14.8,-11.5,-9.1,-17.2,-11.3,0.71,16150,7500,0,False,False,False,163067,253068,13.8,12.8,21.5,0.64,0,False,False,False,False,-,78.1,-4.9,-1.0,-13.8,-2.8,True,0,강세,-4,0,-1,-3,74.0,27.1,1496.93,,1.69,-43023.0,-43023.0,-43023.0,10,10,1.0,78.1,74.1,117580,00787376,0,0,0,0,,,,,,,,,,,안전
003090,대웅,,19800,33.6,12.1,13.3,-35.3,4.9,-2.2,-13.2,-32.5,-7.4,-12.2,-14.4,1.08,30600,18870,5,False,True,False,70382,70790,15.2,14.1,15.1,0.99,0,False,False,False,False,-,64.9,-8.7,5.8,-55.7,9.7,True,8,강세,-4,0,-1,-3,74.0,27.1,1496.93,,1.69,-43023.0,-43023.0,-43023.0,10,10,1.0,77.9,73.9,003090,00111810,0,0,0,0,,,,,,,,,,,안전
024900,디와이덕양,,1898,28.1,4.7,11.0,-32.7,1.3,-3.7,-18.0,-12.3,-11.3,-10.1,-14.2,1.01,2820,1873,5,False,True,False,152397,149081,2.9,3.0,3.2,1.02,0,False,False,False,False,-,72.7,-2.9,0.0,-3.7,1.1,True,0,강세,-4,0,-1,-3,74.0,27.1,1496.93,,1.69,-43023.0,-43023.0,-43023.0,10,10,1.0,77.7,73.7,024900,00114154,0,0,0,0,,,,,,,,,,,안전
271980,제일약품,,12030,32.5,12.8,-10.1,-37.6,2.9,-13.3,-13.1,-19.6,-11.0,-12.4,-16.5,1.1,19290,11690,5,True,False,False,75272,50189,6.9,9.5,6.7,1.5,0,False,False,False,False,-,72.6,-7.6,-2.3,-5.4,-1.3,True,0,강세,-4,0,-1,-3,74.0,27.1,1496.93,,1.69,-43023.0,-43023.0,-43023.0,10,10,1.0,77.6,73.6,271980,01236897,0,0,0,0,,,,,,,,,,,안전
047050,포스코인터내셔널,,65600,18.8,1.1,13.7,-28.1,43.2,-7.1,-17.7,-10.4,-13.6,-13.6,8.4,0.87,91200,45800,0,False,False,False,578597,714303,410.3,391.6,555.3,0.81,0,False,False,False,False,-,69.6,158.2,-539.7,436.2,-629.0,True,8,강세,-4,0,-1,-3,74.0,27.1,1496.93,,1.69,-43023.0,-43023.0,-43023.0,10,10,1.0,77.6,73.6,047050,00124504,1,2,0,0,[20250527] 횡령ㆍ배임사실확인               (20250527800588),[20260223] [기재정정]유상증자결정(종속회사의주요경영사항)               (20260223801257) || [20251120] 유상증자결정(종속회사의주요경영사항)               (20251120800002),,,https://dart.fss.or.kr/dsaf001/main.do?rcpNo=20250527800588,https://dart.fss.or.kr/dsaf001/main.do?rcpNo=20260223801257 || https://dart.fss.or.kr/dsaf001/main.do?rcpNo=20251120800002,,,20250527800588,20260223801257 || 20251120800002,위험
089470,HDC현대EP,,4290,20.0,5.2,14.3,-35.0,17.7,-4.0,-18.4,-29.3,-14.5,-16.0,-6.0,0.87,6600,3645,5,False,True,False,107708,144264,5.6,4.7,7.3,0.75,0,False,False,False,False,-,72.5,-4.4,-0.1,3.3,-0.5,True,0,강세,-4,0,-1,-3,74.0,27.1,1496.93,,1.69,-43023.0,-43023.0,-43023.0,10,10,1.0,77.5,73.5,089470,00357935,0,0,0,0,,,,,,,,,,,안전
005090,SGC에너지,,50200,38.4,25.1,25.5,-29.0,149.1,1.9,-26.8,14.0,-8.9,-10.8,48.8,0.5,70700,20150,10,False,True,True,99409,142525,34.3,49.6,80.8,0.7,6,False,True,True,False,5일선회복/+3%반등,53.4,39.6,-12.7,93.6,-121.9,True,8,강세,-4,0,-1,-3,74.0,27.1,1496.93,,1.69,-43023.0,-43023.0,-43023.0,10,10,1.0,77.4,73.4,005090,00125150,0,0,0,0,,,,,,,,,,,안전
279570,케이뱅크,,5530,33.1,36.4,32.8,-44.0,6.1,1.1,-13.1,,-4.3,-9.4,,0.64,9880,5210,0,False,False,False,1604938,2264440,78.0,87.8,132.6,0.71,6,False,True,True,False,5일선회복/+3%반등,56.4,6.2,82.0,-191.3,155.3,True,15,강세,-4,0,-1,-3,74.0,27.1,1496.93,,1.69,-43023.0,-43023.0,-43023.0,10,10,1.0,77.4,73.4,279570,01203312,0,2,0,0,,[20260212] [기재정정]주요사항보고서(유상증자결정) (20260212001549) || [20260113] 주요사항보고서(유상증자결정) (20260113000721),,,,https://dart.fss.or.kr/dsaf001/main.do?rcpNo=20260212001549 || https://dart.fss.or.kr/dsaf001/main.do?rcpNo=20260113000721,,,,20260212001549 || 20260113000721,주의
003920,남양유업,,47100,34.9,21.0,11.5,-42.8,4.7,-0.9,-8.5,-8.2,-5.9,-8.2,-10.7,1.13,82400,45000,5,False,True,False,14742,12455,6.7,7.1,6.2,1.18,0,False,False,False,False,-,62.3,0.5,7.1,-14.8,29.9,True,10,강세,-4,0,-1,-3,74.0,27.1,1496.93,,1.69,-43023.0,-43023.0,-43023.0,10,10,1.0,77.3,73.3,003920,00107598,3,0,0,0,[20260331] [기재정정]횡령ㆍ배임혐의발생               (20260331804030) || [20260130] [기재정정]횡령ㆍ배임사실확인               (20260130801451) || [20260129] 횡령ㆍ배임사실확인               (20260129801107),,,,https://dart.fss.or.kr/dsaf001/main.do?rcpNo=20260331804030 || https://dart.fss.or.kr/dsaf001/main.do?rcpNo=20260130801451 || https://dart.fss.or.kr/dsaf001/main.do?rcpNo=20260129801107,,,,20260331804030 || 20260130801451 || 20260129801107,,위험
011420,갤럭시아에스엠,,1613,21.0,6.9,7.8,-44.9,1.8,-3.9,-12.8,-16.3,-8.7,-9.7,-18.5,1.19,2930,1585,0,False,False,False,88505,97613,1.9,1.5,1.7,0.91,0,False,False,False,False,-,77.2,-1.0,-0.1,-0.4,0.2,True,0,강세,-4,0,-1,-3,74.0,27.1,1496.93,,1.69,-43023.0,-43023.0,-43023.0,10,10,1.0,77.2,73.2,011420,00129554,0,0,0,0,,,,,,,,,,,안전
007280,한국특강,,2590,29.3,25.9,37.4,-31.9,9.3,5.9,-15.1,-6.8,-4.8,-8.9,-12.6,1.17,3802,2370,10,False,True,True,35839,46412,1.5,0.9,1.2,0.77,10,False,True,True,True,5일선회복/+3%반등/거래량동반양봉,57.2,-0.1,-0.3,-1.4,-3.3,True,0,강세,-4,0,-1,-3,74.0,27.1,1496.93,,1.69,-43023.0,-43023.0,-43023.0,10,10,1.0,77.2,73.2,007280,00124090,0,1,0,0,,[20260316] 주식병합결정               (20260316801638),,,,https://dart.fss.or.kr/dsaf001/main.do?rcpNo=20260316801638,,,,20260316801638,주의
009290,광동제약,,7100,31.2,8.7,14.1,-44.5,32.7,-3.4,-13.7,-35.9,-9.0,-13.9,4.7,0.92,12800,5350,5,False,True,False,212258,265033,17.5,15.4,20.9,0.8,0,False,False,False,False,-,72.2,-3.0,-0.5,2.4,-0.4,True,0,강세,-4,0,-1,-3,74.0,27.1,1496.93,,1.69,-43023.0,-43023.0,-43023.0,10,10,1.0,77.2,73.2,009290,00103592,0,0,0,0,,,,,,,,,,,안전
017800,현대엘리베이터,,81200,22.4,8.5,11.6,-28.4,15.2,-2.4,-16.3,-27.3,-11.7,-11.1,-7.0,1.45,113400,70500,5,False,True,False,320261,266909,316.4,264.9,242.0,1.2,0,False,False,False,False,-,72.1,-80.0,-361.7,490.6,-1033.7,True,0,강세,-4,0,-1,-3,74.0,27.1,1496.93,,1.69,-43023.0,-43023.0,-43023.0,10,10,1.0,77.1,73.1,017800,00164724,0,0,0,0,,,,,,,,,,,안전
064350,현대로템,,207000,23.0,30.2,33.9,-26.6,100.4,5.8,-12.1,-6.5,-7.4,-1.7,0.6,0.86,282000,103300,10,False,True,True,619791,885332,1472.9,1263.0,2057.0,0.7,6,False,True,True,False,5일선회복/+3%반등,53.1,873.4,-697.8,1848.8,-549.2,True,8,강세,-4,0,-1,-3,74.0,27.1,1496.93,,1.69,-43023.0,-43023.0,-43023.0,10,10,1.0,77.1,73.1,064350,00302926,0,0,0,0,,,,,,,,,,,안전
014530,극동유화,,3385,10.1,6.3,11.7,-47.7,8.7,-4.6,-15.4,-8.6,-8.4,-10.7,-4.3,0.82,6470,3115,0,False,False,False,178806,277163,7.6,6.2,10.4,0.65,0,False,False,False,False,-,77.1,-5.7,-0.0,-7.5,-1.6,True,0,강세,-4,0,-1,-3,74.0,27.1,1496.93,,1.69,-43023.0,-43023.0,-43023.0,10,10,1.0,77.1,73.1,014530,00105156,0,2,0,0,,[20251124] 최대주주변경               (20251124800312) || [20251124] 최대주주등소유주식변동신고서(최대주주변경시)               (20251124800311),,,,https://dart.fss.or.kr/dsaf001/main.do?rcpNo=20251124800312 || https://dart.fss.or.kr/dsaf001/main.do?rcpNo=20251124800311,,,,20251124800312 || 20251124800311,주의
005300,롯데칠성,,110400,28.9,6.3,7.4,-28.7,10.2,-3.9,-10.2,-25.5,-6.3,-6.5,-10.8,1.08,154800,100200,0,False,False,False,30872,28414,34.7,34.8,33.4,1.09,0,False,False,False,False,-,69.0,2.2,-57.2,18.4,-143.2,True,8,강세,-4,0,-1,-3,74.0,27.1,1496.93,,1.69,-43023.0,-43023.0,-43023.0,10,10,1.0,77.0,73.0,005300,00120571,0,0,0,0,,,,,,,,,,,안전
003220,대원제약,,9010,22.8,7.1,11.2,-38.7,1.1,-3.4,-16.0,-24.5,-9.5,-12.1,-24.2,1.57,14700,8910,0,False,False,False,42228,37105,5.3,3.9,3.7,1.14,0,False,False,False,False,-,76.8,-0.3,-0.3,-5.6,-0.5,True,0,강세,-4,0,-1,-3,74.0,27.1,1496.93,,1.69,-43023.0,-43023.0,-43023.0,10,10,1.0,76.8,72.8,003220,00111999,0,3,0,0,,[20250909] 유상증자또는주식관련사채등의발행결과(자율공시)               (20250909800375) || [20250819] [기재정정]감자결정(종속회사의주요경영사항)               (20250819800434) || [20250812] 감자결정(종속회사의주요경영사항)               (20250812800658),,,,https://dart.fss.or.kr/dsaf001/main.do?rcpNo=20250909800375 || https://dart.fss.or.kr/dsaf001/main.do?rcpNo=20250819800434 || https://dart.fss.or.kr/dsaf001/main.do?rcpNo=20250812800658,,,,20250909800375 || 20250819800434 || 20250812800658,주의
465770,STX그린로지스,,3175,34.9,4.6,14.8,-74.4,inf,-10.7,-35.9,-53.5,-18.9,-40.7,-51.0,0.31,12400,0,0,False,False,False,68798,272692,2.6,2.3,11.0,0.25,0,False,False,False,False,-,76.7,0.0,-0.0,6.7,-0.0,True,0,강세,-4,0,-1,-3,74.0,27.1,1496.93,,1.69,-43023.0,-43023.0,-43023.0,10,10,1.0,76.7,72.7,465770,01784394,0,0,2,0,,,[20250703] 매매거래정지및정지해제(풍문등조회공시)               (20250703800629) || [20250702] 매매거래정지및정지해제(풍문등조회공시)               (20250702800680),,,,https://dart.fss.or.kr/dsaf001/main.do?rcpNo=20250703800629 || https://dart.fss.or.kr/dsaf001/main.do?rcpNo=20250702800680,,,,안전
066970,엘앤에프,,149700,15.0,6.5,18.3,-33.5,218.5,-4.6,-20.8,31.2,-16.7,-10.4,25.1,0.77,225000,47000,5,False,True,False,527009,653331,737.9,812.6,1192.5,0.81,0,False,False,False,False,-,71.5,-204.6,-448.0,92.3,-1591.7,True,0,강세,-4,0,-1,-3,74.0,27.1,1496.93,,1.69,-43023.0,-43023.0,-43023.0,10,10,1.0,76.5,72.5,066970,00398701,0,8,0,0,,[20250909] 유상증자또는주식관련사채등의발행결과(자율공시)               (20250909800395) || [20250908] 유상증자또는주식관련사채등의청약결과(자율공시)               (20250908800205) || [20250903] 유상증자또는주식관련사채등의청약결과(자율공시)               (20250903800170),,,,https://dart.fss.or.kr/dsaf001/main.do?rcpNo=20250909800395 || https://dart.fss.or.kr/dsaf001/main.do?rcpNo=20250908800205 || https://dart.fss.or.kr/dsaf001/main.do?rcpNo=20250903800170,,,,20250909800395 || 20250908800205 || 20250903800170,주의
008930,한미사이언스,,32350,34.6,22.1,16.6,-41.7,4.7,-3.3,-16.6,-24.3,-8.6,-12.8,-17.5,0.9,55500,30900,5,False,True,False,128508,125963,37.4,41.5,44.4,1.02,0,False,False,False,False,-,63.4,14.1,-8.3,-85.4,-90.3,True,8,강세,-4,0,-1,-3,74.0,27.1,1496.93,,1.69,-43023.0,-43023.0,-43023.0,10,10,1.0,76.4,72.4,008930,00161426,1,0,0,0,[20260310] 횡령ㆍ배임사실확인(자회사의 주요경영사항)               (20260310802030),,,,https://dart.fss.or.kr/dsaf001/main.do?rcpNo=20260310802030,,,,20260310802030,,위험
024070,WISCOM,,1945,18.4,5.9,16.4,-39.2,14.4,-3.5,-14.3,0.2,-14.6,-8.6,-1.3,0.28,3200,1700,5,False,True,False,45420,247698,1.3,0.9,6.3,0.18,0,False,False,False,False,-,71.3,-0.7,-0.1,1.4,-0.3,True,0,강세,-4,0,-1,-3,74.0,27.1,1496.93,,1.69,-43023.0,-43023.0,-43023.0,10,10,1.0,76.3,72.3,024070,00142865,0,2,0,0,,[20250530] 최대주주등소유주식변동신고서(최대주주변경시)               (20250530800732) || [20250530] 최대주주변경               (20250530800702),,,,https://dart.fss.or.kr/dsaf001/main.do?rcpNo=20250530800732 || https://dart.fss.or.kr/dsaf001/main.do?rcpNo=20250530800702,,,,20250530800732 || 20250530800702,주의
004360,세방,,13750,12.2,5.3,12.4,-19.6,12.2,-3.4,-10.7,-17.6,-9.1,-9.3,-4.6,0.93,17110,12260,5,False,True,False,59350,69703,8.9,8.3,10.5,0.85,0,False,False,False,False,-,63.2,0.8,-1.3,6.6,9.0,True,8,강세,-4,0,-1,-3,74.0,27.1,1496.93,,1.69,-43023.0,-43023.0,-43023.0,10,10,1.0,76.2,72.2,004360,00133812,0,0,0,0,,,,,,,,,,,안전
192400,쿠쿠홀딩스,,24800,19.7,4.6,-0.4,-30.9,1.0,-6.2,-13.7,-15.6,-11.1,-11.8,-15.3,1.39,35900,24550,0,False,False,False,36202,38172,13.5,9.3,10.6,0.95,0,False,False,False,False,-,76.2,-17.9,-5.4,-42.1,13.9,True,0,강세,-4,0,-1,-3,74.0,27.1,1496.93,,1.69,-43023.0,-43023.0,-43023.0,10,10,1.0,76.2,72.2,192400,00132354,0,2,0,0,,[20250922] [기재정정]유상증자또는주식관련사채등의발행결과(자율공시)               (20250922800525) || [20250922] 유상증자또는주식관련사채등의발행결과(자율공시)               (20250922800388),,,,https://dart.fss.or.kr/dsaf001/main.do?rcpNo=20250922800525 || https://dart.fss.or.kr/dsaf001/main.do?rcpNo=20250922800388,,,,20250922800525 || 20250922800388,주의
030200,KT,,53400,31.9,11.4,-0.7,-23.1,11.0,-5.0,-13.9,-21.1,-8.5,-11.0,-3.4,1.04,69400,48100,0,False,False,False,550356,471437,265.5,302.0,274.8,1.17,0,False,False,False,False,-,68.2,4.2,-455.0,8.3,-1048.6,True,8,강세,-4,0,-1,-3,74.0,27.1,1496.93,,1.69,-43023.0,-43023.0,-43023.0,10,10,1.0,76.2,72.2,030200,00190321,1,0,0,0,[20250613] 횡령ㆍ배임사실확인               (20250613800730),,,,https://dart.fss.or.kr/dsaf001/main.do?rcpNo=20250613800730,,,,20250613800730,,위험
006890,태경케미컬,,7380,20.9,2.3,8.1,-38.2,5.9,-6.2,-15.0,-8.9,-10.1,-14.6,-14.3,1.31,11950,6970,0,False,False,False,65522,93248,9.2,5.0,7.8,0.7,0,False,False,False,False,-,76.1,-2.6,0.0,-3.6,-0.1,True,0,강세,-4,0,-1,-3,74.0,27.1,1496.93,,1.69,-43023.0,-43023.0,-43023.0,10,10,1.0,76.1,72.1,006890,00109161,0,0,0,0,,,,,,,,,,,안전
051630,진양화학,,1780,40.1,8.4,10.6,-49.4,2.4,-9.6,-17.6,-29.2,-11.0,-16.9,-24.7,1.76,3515,1739,0,False,False,False,228406,214254,6.9,4.3,4.3,1.07,0,False,False,False,False,-,68.0,1.4,0.0,-2.1,-0.0,True,8,강세,-4,0,-1,-3,74.0,27.1,1496.93,,1.69,-43023.0,-43023.0,-43023.0,10,10,1.0,76.0,72.0,051630,00347734,0,0,0,0,,,,,,,,,,,안전
033920,무학,,7790,17.9,1.8,4.4,-25.7,9.3,-3.2,-12.3,-25.1,-8.4,-10.9,-9.0,1.25,10490,7130,5,False,True,False,56958,72322,7.2,4.5,6.1,0.79,0,False,False,False,False,-,70.9,-2.4,-1.4,-0.5,-3.4,True,0,강세,-4,0,-1,-3,74.0,27.1,1496.93,,1.69,-43023.0,-43023.0,-43023.0,10,10,1.0,75.9,71.9,033920,00121543,0,1,0,0,,[20251028] 유상증자또는주식관련사채등의발행결과(자율공시)               (20251028800517),,,,https://dart.fss.or.kr/dsaf001/main.do?rcpNo=20251028800517,,,,20251028800517,주의
014130,한익스프레스,,2370,30.9,8.5,2.0,-37.5,1.3,-6.7,-16.1,-17.0,-9.4,-10.9,-21.5,0.74,3790,2340,0,False,False,False,14965,30122,0.5,0.4,0.8,0.5,0,False,False,False,False,-,75.9,-0.2,-0.0,0.4,-0.0,True,0,강세,-4,0,-1,-3,74.0,27.1,1496.93,,1.69,-43023.0,-43023.0,-43023.0,10,10,1.0,75.9,71.9,014130,00129509,0,0,0,0,,,,,,,,,,,안전
071970,HD현대마린엔진,,76800,18.9,15.5,24.6,-35.0,101.0,2.8,-20.3,-16.2,-15.1,-9.9,-10.7,0.74,118200,38200,5,False,True,False,315064,446150,214.9,245.3,435.8,0.71,3,False,False,True,False,+3%반등,67.9,-317.1,-37.3,-732.5,-575.3,True,0,강세,-4,0,-1,-3,74.0,27.1,1496.93,,1.69,-43023.0,-43023.0,-43023.0,10,10,1.0,75.9,71.9,071970,00406046,0,0,0,0,,,,,,,,,,,안전
499790,GS피앤엘,,43450,31.9,6.7,9.7,-35.1,102.1,-9.7,-11.1,-27.8,-15.2,-10.3,-8.7,0.49,67000,21500,0,False,False,False,112852,180039,38.5,50.9,94.4,0.63,0,False,False,False,False,-,67.9,9.9,-58.9,-41.2,-20.1,True,8,강세,-4,0,-1,-3,74.0,27.1,1496.93,,1.69,-43023.0,-43023.0,-43023.0,10,10,1.0,75.9,71.9,499790,01882845,0,0,0,0,,,,,,,,,,,안전
002700,신일전자,,1262,24.3,1.1,-5.2,-28.8,1.6,-8.8,-13.7,-11.4,-9.7,-10.1,-6.5,1.48,1773,1242,0,False,False,False,717421,690905,13.1,9.4,9.6,1.04,0,False,False,False,False,-,75.8,-7.0,0.0,-8.4,-1.2,True,0,강세,-4,0,-1,-3,74.0,27.1,1496.93,,1.69,-43023.0,-43023.0,-43023.0,10,10,1.0,75.8,71.8,002700,00173698,0,0,0,0,,,,,,,,,,,안전
005320,온타이드,,1092,31.2,29.5,0.4,-36.6,34.8,-7.1,4.8,4.4,-5.7,0.6,6.1,1.99,1722,810,5,True,False,False,332755,187313,3.9,3.7,2.1,1.78,0,False,False,False,False,-,67.8,0.3,-0.8,-1.4,-0.3,True,3,강세,-4,0,-1,-3,74.0,27.1,1496.93,,1.69,-43023.0,-43023.0,-43023.0,10,10,1.0,75.8,71.8,005320,00168331,0,8,0,0,,[20260311] 주식병합결정               (20260311801027) || [20260304] 최대주주변경               (20260304801646) || [20260304] 투자판단관련주요경영사항              (최대주주 변경을 수반하는 주식 양수도 계약 체결) (20260304801635),,,,https://dart.fss.or.kr/dsaf001/main.do?rcpNo=20260311801027 || https://dart.fss.or.kr/dsaf001/main.do?rcpNo=20260304801646 || https://dart.fss.or.kr/dsaf001/main.do?rcpNo=20260304801635,,,,20260311801027 || 20260304801646 || 20260304801635,주의
092440,기신정기,,2125,27.6,32.9,27.9,-26.3,5.7,0.0,-7.0,-10.3,-4.7,-5.6,-9.9,1.56,2885,2010,10,False,True,True,62163,58273,1.9,1.3,1.3,1.07,7,False,True,False,True,5일선회복/거래량동반양봉,55.7,0.0,0.1,-0.9,-0.4,True,3,강세,-4,0,-1,-3,74.0,27.1,1496.93,,1.69,-43023.0,-43023.0,-43023.0,10,10,1.0,75.7,71.7,092440,00106614,0,0,0,0,,,,,,,,,,,안전
083420,그린케미칼,,5080,19.5,1.0,16.0,-45.0,0.2,-3.6,-18.1,-18.3,-10.7,-12.2,-22.0,0.71,9230,5070,0,False,False,False,55308,107905,3.9,2.9,6.1,0.51,0,False,False,False,False,-,75.7,-3.1,0.0,-12.7,-0.0,True,0,강세,-4,0,-1,-3,74.0,27.1,1496.93,,1.69,-43023.0,-43023.0,-43023.0,10,10,1.0,75.7,71.7,083420,00454946,0,0,0,0,,,,,,,,,,,안전
002140,고려산업,,2235,6.7,6.4,7.0,-32.7,1.6,-7.6,-20.5,-15.2,-13.1,-17.0,-14.4,1.01,3320,2200,0,False,False,False,166256,229837,5.3,3.9,6.0,0.72,0,False,False,False,False,-,75.6,-6.2,-0.0,-9.2,0.1,True,0,강세,-4,0,-1,-3,74.0,27.1,1496.93,,1.69,-43023.0,-43023.0,-43023.0,10,10,1.0,75.6,71.6,002140,00102751,0,0,0,0,,,,,,,,,,,안전
381970,케이카,,9410,30.6,2.0,6.4,-45.3,0.2,-4.8,-11.1,-38.2,-8.0,-16.5,-35.0,1.05,17210,9390,0,False,False,False,153555,189221,18.2,14.9,19.5,0.81,0,False,False,False,False,-,75.5,-1.5,-28.4,-31.3,-36.7,True,0,강세,-4,0,-1,-3,74.0,27.1,1496.93,,1.69,-43023.0,-43023.0,-43023.0,10,10,1.0,75.5,71.5,381970,01323032,0,0,0,0,,,,,,,,,,,안전
002350,넥센타이어,,6460,33.0,4.7,16.5,-36.1,14.9,-2.6,-15.3,-30.2,-8.0,-10.6,-9.3,1.3,10110,5620,0,False,False,False,180969,206534,17.8,11.9,14.6,0.88,0,False,False,False,False,-,67.5,3.3,-17.1,-36.5,-33.2,True,8,강세,-4,0,-1,-3,74.0,27.1,1496.93,,1.69,-43023.0,-43023.0,-43023.0,10,10,1.0,75.5,71.5,002350,00173874,0,0,0,0,,,,,,,,,,,안전
004690,삼천리,,124700,14.4,10.6,14.9,-29.5,30.4,-2.0,-10.7,-20.7,-9.5,-10.6,-6.6,1.87,176800,95600,5,False,True,False,17121,16924,38.0,21.4,23.4,1.01,0,False,False,False,False,-,70.4,-37.6,-15.7,-20.3,-14.0,True,0,강세,-4,0,-1,-3,74.0,27.1,1496.93,,1.69,-43023.0,-43023.0,-43023.0,10,10,1.0,75.4,71.4,004690,00128555,0,0,1,0,,,[20260305] 매매거래정지및정지해제(중요내용공시)               (20260305801230),,,,https://dart.fss.or.kr/dsaf001/main.do?rcpNo=20260305801230,,,,안전
011150,CJ씨푸드,,2245,13.6,21.2,2.2,-33.0,5.2,-7.4,-17.5,-25.7,-11.4,-14.7,-19.0,1.42,3350,2135,0,False,False,False,160338,169530,5.5,3.7,4.3,0.95,0,False,False,False,False,-,75.4,-1.5,-0.0,-11.7,-0.2,True,0,강세,-4,0,-1,-3,74.0,27.1,1496.93,,1.69,-43023.0,-43023.0,-43023.0,10,10,1.0,75.4,71.4,011150,00129013,0,0,0,0,,,,,,,,,,,안전
373220,LG에너지솔루션,,383500,19.1,1.4,11.9,-27.2,44.2,-4.1,-17.8,-3.2,-12.4,-8.7,-5.3,1.05,527000,266000,5,False,True,False,386688,441557,1777.4,1517.7,1944.9,0.88,0,False,False,False,False,-,70.3,-138.2,-1139.9,555.2,-1651.3,True,0,강세,-4,0,-1,-3,74.0,27.1,1496.93,,1.69,-43023.0,-43023.0,-43023.0,10,10,1.0,75.3,71.3,373220,01515323,0,2,0,0,,[20260225] [기재정정]유상증자결정(종속회사의주요경영사항)               (20260225800568) || [20250828] [기재정정]유상증자결정(종속회사의주요경영사항)               (20250828800452),,,,https://dart.fss.or.kr/dsaf001/main.do?rcpNo=20260225800568 || https://dart.fss.or.kr/dsaf001/main.do?rcpNo=20250828800452,,,,20260225800568 || 20250828800452,주의
446070,유니드비티플러스,,2575,25.7,10.7,14.3,-43.4,2.2,-3.4,-17.5,-22.1,-10.2,-13.5,-23.8,0.88,4550,2520,0,False,False,False,28584,41957,1.0,0.8,1.2,0.68,0,False,False,False,False,-,75.2,-0.7,-0.2,-1.9,-0.2,True,0,강세,-4,0,-1,-3,74.0,27.1,1496.93,,1.69,-43023.0,-43023.0,-43023.0,10,10,1.0,75.2,71.2,446070,01702017,0,0,0,0,,,,,,,,,,,안전
011170,롯데케미칼,,81200,31.3,12.9,24.5,-32.1,46.6,-1.0,-13.7,-5.8,-12.7,-8.0,6.5,0.4,119500,55400,5,False,True,False,201271,390279,127.6,164.3,385.9,0.52,0,False,False,False,False,-,62.2,141.0,-266.5,-257.1,-417.5,True,8,강세,-4,0,-1,-3,74.0,27.1,1496.93,,1.69,-43023.0,-43023.0,-43023.0,10,10,1.0,75.2,71.2,011170,00165413,0,0,0,0,,,,,,,,,,,안전
000070,삼양홀딩스,,57500,21.2,4.1,15.0,-23.8,38.1,-4.2,-17.0,-21.2,-9.3,-13.5,-9.6,1.02,75500,41639,0,False,False,False,15084,15097,9.0,8.8,9.5,1.0,0,False,False,False,False,-,67.1,-5.1,1.7,-5.0,-19.9,True,8,강세,-4,0,-1,-3,74.0,27.1,1496.93,,1.69,-43023.0,-43023.0,-43023.0,10,10,1.0,75.1,71.1,000070,00126937,1,0,1,0,[20250623] 투자유의안내              (삼양홀딩스1우선주 관리종목지정 우려예고) (20250623800459),,[20250530] 매매거래정지및정지해제(중요내용공시)               (20250530800970),,https://dart.fss.or.kr/dsaf001/main.do?rcpNo=20250623800459,,https://dart.fss.or.kr/dsaf001/main.do?rcpNo=20250530800970,,20250623800459,,위험
000760,이화산업,,14470,21.4,7.7,3.9,-42.7,35.1,-3.7,-9.2,-14.4,-5.9,-6.3,1.3,0.75,25250,10710,0,False,False,False,1699,2052,0.2,0.3,0.3,0.83,0,False,False,False,False,-,75.1,-0.2,0.0,-0.4,-0.0,True,0,강세,-4,0,-1,-3,74.0,27.1,1496.93,,1.69,-43023.0,-43023.0,-43023.0,10,10,1.0,75.1,71.1,000760,00145686,0,0,0,0,,,,,,,,,,,안전
002360,SH에너지화학,,2360,0.0,1.6,-25.8,-61.0,0.9,-34.1,-35.3,-40.9,-31.4,-38.7,-40.6,4.16,6050,2340,5,True,False,False,210684,69817,6.2,5.7,2.1,3.02,-30,True,False,False,False,⚠️떨어지는칼날,100.0,-3.3,-0.8,-2.1,-0.3,True,0,강세,-4,0,-1,-3,74.0,27.1,1496.93,,1.69,-43023.0,-43023.0,-43023.0,10,10,1.0,75.0,71.0,002360,00136457,0,1,0,0,,[20260227] 주식병합결정               (20260227801434),,,,https://dart.fss.or.kr/dsaf001/main.do?rcpNo=20260227801434,,,,20260227801434,주의
001120,LX인터내셔널,,43000,26.1,7.1,21.3,-25.5,59.9,-2.9,-20.4,-9.8,-10.3,-11.1,15.3,0.6,57700,26900,0,False,False,False,129680,170936,44.3,57.3,82.9,0.76,0,False,False,False,False,-,66.9,12.9,-17.7,183.7,-197.1,True,8,강세,-4,0,-1,-3,74.0,27.1,1496.93,,1.69,-43023.0,-43023.0,-43023.0,10,10,1.0,74.9,70.9,001120,00120076,0,0,0,0,,,,,,,,,,,안전
213500,한솔제지,,6670,17.5,6.0,13.2,-29.0,1.4,-5.8,-23.5,-25.6,-12.1,-18.6,-20.4,1.33,9390,6580,0,False,False,False,184589,184776,15.5,12.6,14.2,1.0,0,False,False,False,False,-,74.7,-10.5,-10.1,-31.9,-19.1,True,0,강세,-4,0,-1,-3,74.0,27.1,1496.93,,1.69,-43023.0,-43023.0,-43023.0,10,10,1.0,74.7,70.7,213500,01060744,0,0,0,0,,,,,,,,,,,안전
001340,PKC,,5910,25.5,21.0,28.0,-27.3,14.3,3.9,-23.3,-14.1,-9.6,-12.8,-4.7,0.71,8130,5170,5,False,True,False,229620,372762,15.4,13.5,25.0,0.62,6,False,True,True,False,5일선회복/+3%반등,63.6,-14.9,-1.3,-45.7,-6.8,True,0,강세,-4,0,-1,-3,74.0,27.1,1496.93,,1.69,-43023.0,-43023.0,-43023.0,10,10,1.0,74.6,70.6,001340,00122472,0,0,0,0,,,,,,,,,,,안전
023960,에쓰씨엔지니어링,,1100,38.6,4.9,13.1,-43.8,1.9,-4.0,-21.4,-31.6,-11.3,-18.0,-17.2,1.28,1958,1080,0,False,False,False,360667,340586,5.0,4.1,4.3,1.06,0,False,False,False,False,-,66.5,0.9,0.0,-0.3,-0.0,True,8,강세,-4,0,-1,-3,74.0,27.1,1496.93,,1.69,-43023.0,-43023.0,-43023.0,10,10,1.0,74.5,70.5,023960,00121969,0,14,0,0,,[20260205] 최대주주등소유주식변동신고서(최대주주변경시)               (20260205800701) || [20260205] 최대주주변경               (20260205800582) || [20251224] 유상증자또는주식관련사채등의발행결과(자율공시)               (20251224800348),,,,https://dart.fss.or.kr/dsaf001/main.do?rcpNo=20260205800701 || https://dart.fss.or.kr/dsaf001/main.do?rcpNo=20260205800582 || https://dart.fss.or.kr/dsaf001/main.do?rcpNo=20251224800348,,,,20260205800701 || 20260205800582 || 20251224800348,주의
051910,LG화학,,331000,19.7,4.5,9.0,-24.3,82.4,-5.6,-15.5,-0.5,-13.9,-6.4,-1.9,1.11,437500,181500,5,False,True,False,383380,399529,1479.8,1308.1,1539.1,0.96,0,False,False,False,False,-,69.4,-784.5,-247.4,-43.7,-302.5,True,0,강세,-4,0,-1,-3,74.0,27.1,1496.93,,1.69,-43023.0,-43023.0,-43023.0,10,10,1.0,74.4,70.4,051910,00356361,0,2,0,0,,[20260225] [기재정정]유상증자결정(종속회사의주요경영사항)               (20260225801777) || [20250828] [기재정정]유상증자결정(종속회사의주요경영사항)               (20250828800490),,,,https://dart.fss.or.kr/dsaf001/main.do?rcpNo=20260225801777 || https://dart.fss.or.kr/dsaf001/main.do?rcpNo=20250828800490,,,,20260225801777 || 20250828800490,주의
014820,동원시스템즈,,22050,26.2,1.8,9.4,-33.0,0.5,-6.0,-18.6,-22.4,-13.2,-13.8,-18.8,1.14,32900,21950,0,False,False,False,45052,57200,14.4,10.3,14.7,0.79,0,False,False,False,False,-,74.4,-0.9,-12.0,-14.1,-35.9,True,0,강세,-4,0,-1,-3,74.0,27.1,1496.93,,1.69,-43023.0,-43023.0,-43023.0,10,10,1.0,74.4,70.4,014820,00132637,0,0,0,0,,,,,,,,,,,안전
039130,하나투어,,37650,29.1,7.6,15.5,-35.8,1.2,-2.3,-10.5,-24.9,-6.5,-8.3,-19.5,1.21,58600,37200,5,False,True,False,58229,68765,32.0,22.0,27.8,0.85,0,False,False,False,False,-,69.4,-31.4,-23.7,-125.8,-65.2,True,0,강세,-4,0,-1,-3,74.0,27.1,1496.93,,1.69,-43023.0,-43023.0,-43023.0,10,10,1.0,74.4,70.4,039130,00269940,0,0,0,0,,,,,,,,,,,안전
007540,샘표,,45100,31.0,1.5,4.1,-38.3,10.1,-5.8,-14.3,-22.1,-8.5,-13.6,-10.9,0.89,73100,40950,0,False,False,False,6433,7088,2.9,3.0,3.5,0.91,0,False,False,False,False,-,74.3,-4.0,-0.2,-7.2,-2.6,True,0,강세,-4,0,-1,-3,74.0,27.1,1496.93,,1.69,-43023.0,-43023.0,-43023.0,10,10,1.0,74.3,70.3,007540,00130091,0,0,0,0,,,,,,,,,,,안전
001360,삼성제약,,1620,22.0,18.5,24.8,-30.2,21.1,-0.6,-22.5,-22.5,-10.6,-11.8,-3.9,0.66,2320,1338,5,False,True,False,845080,1727369,15.2,13.6,33.8,0.49,3,False,True,False,False,5일선회복,66.3,-5.5,-0.1,-41.1,0.7,True,0,강세,-4,0,-1,-3,74.0,27.1,1496.93,,1.69,-43023.0,-43023.0,-43023.0,10,10,1.0,74.3,70.3,001360,00126414,0,4,0,0,,[20260116] 주요사항보고서(전환사채매수선택권행사자지정) (20260116000431) || [20250821] 유상증자또는주식관련사채등의발행결과(자율공시)               (20250821800471) || [20250820] [기재정정]주요사항보고서(전환사채권발행결정) (20250820000220),,,,https://dart.fss.or.kr/dsaf001/main.do?rcpNo=20260116000431 || https://dart.fss.or.kr/dsaf001/main.do?rcpNo=20250821800471 || https://dart.fss.or.kr/dsaf001/main.do?rcpNo=20250820000220,,,,20260116000431 || 20250821800471 || 20250820000220,주의
009070,KCTC,,5030,29.7,3.1,13.3,-40.0,31.8,-5.6,-17.3,-33.3,-9.3,-14.7,-15.1,0.93,8390,3815,0,False,False,False,172781,254304,11.9,8.9,14.3,0.68,0,False,False,False,False,-,74.3,-0.6,-0.1,-7.9,-3.1,True,0,강세,-4,0,-1,-3,74.0,27.1,1496.93,,1.69,-43023.0,-43023.0,-43023.0,10,10,1.0,74.3,70.3,009070,00103042,0,2,0,0,,[20250530] 최대주주등소유주식변동신고서(최대주주변경시)               (20250530800802) || [20250530] 최대주주변경               (20250530800750),,,,https://dart.fss.or.kr/dsaf001/main.do?rcpNo=20250530800802 || https://dart.fss.or.kr/dsaf001/main.do?rcpNo=20250530800750,,,,20250530800802 || 20250530800750,주의
134380,미원화학,,10450,20.2,0.0,-11.0,-32.1,35.7,-11.4,-12.9,-7.0,-14.7,-13.5,5.3,0.59,15400,7700,0,False,False,False,12170,15047,0.9,1.3,1.9,0.81,0,False,False,False,False,-,74.3,-0.0,-0.1,-0.7,-0.4,True,0,강세,-4,0,-1,-3,74.0,27.1,1496.93,,1.69,-43023.0,-43023.0,-43023.0,10,10,1.0,74.3,70.3,134380,00855163,0,0,0,0,,,,,,,,,,,안전
192820,코스맥스,,176200,31.7,11.5,19.9,-38.6,13.5,-0.5,-19.4,-7.2,-11.0,-10.4,-9.6,0.69,287000,155200,5,False,True,False,58112,92661,110.7,103.3,185.3,0.63,0,False,False,False,False,-,69.3,-12.1,-10.4,-380.5,-116.1,True,0,강세,-4,0,-1,-3,74.0,27.1,1496.93,,1.69,-43023.0,-43023.0,-43023.0,10,10,1.0,74.3,70.3,192820,01009789,0,0,0,0,,,,,,,,,,,안전
004250,NPC,,3220,14.5,3.2,8.1,-31.5,0.6,-6.5,-17.8,-19.0,-10.8,-15.0,-18.2,1.18,4700,3200,0,False,False,False,51727,71129,2.7,1.7,2.6,0.73,0,False,False,False,False,-,74.2,-2.3,-0.0,-6.9,-1.2,True,0,강세,-4,0,-1,-3,74.0,27.1,1496.93,,1.69,-43023.0,-43023.0,-43023.0,10,10,1.0,74.2,70.2,004250,00108038,0,0,0,0,,,,,,,,,,,안전
005420,코스모화학,,14220,27.4,17.6,18.5,-34.3,15.4,-0.1,-19.6,-17.8,-13.1,-10.9,-13.4,0.81,21650,12320,5,False,True,False,216747,286105,32.8,31.4,48.0,0.76,0,False,False,False,False,-,69.2,-9.6,-1.7,-35.4,-27.1,True,0,강세,-4,0,-1,-3,74.0,27.1,1496.93,,1.69,-43023.0,-43023.0,-43023.0,10,10,1.0,74.2,70.2,005420,00160302,0,1,0,0,,[20260313] 유상증자결정(종속회사의주요경영사항)               (20260313801167),,,,https://dart.fss.or.kr/dsaf001/main.do?rcpNo=20260313801167,,,,20260313801167,주의
003620,KG모빌리티,,3455,18.9,7.0,10.3,-26.0,9.3,-4.3,-15.1,-16.0,-13.3,-9.5,-4.1,1.07,4670,3160,5,False,True,False,1341702,1540047,56.5,47.8,62.1,0.87,0,False,False,False,False,-,69.2,-20.2,-34.3,19.7,-64.6,True,0,강세,-4,0,-1,-3,74.0,27.1,1496.93,,1.69,-43023.0,-43023.0,-43023.0,10,10,1.0,74.2,70.2,003620,00138242,0,1,0,0,,[20250818] 주요사항보고서(자기전환사채만기전취득결정) (20250818000099),,,,https://dart.fss.or.kr/dsaf001/main.do?rcpNo=20250818000099,,,,20250818000099,주의
487570,HS효성,,55300,21.7,8.0,18.5,-45.1,44.8,-1.6,-0.9,-17.7,-9.3,-4.0,-7.9,0.43,100800,38200,5,False,True,False,14805,36348,9.0,8.3,23.1,0.41,0,False,False,False,False,-,66.1,-8.6,0.3,3.1,5.1,True,3,강세,-4,0,-1,-3,74.0,27.1,1496.93,,1.69,-43023.0,-43023.0,-43023.0,10,10,1.0,74.1,70.1,487570,01854763,0,0,0,0,,,,,,,,,,,안전
017940,E1,,86900,27.6,1.7,4.5,-24.1,33.9,-4.1,-12.6,-18.4,-12.0,-11.9,-0.4,0.65,114500,64900,5,False,True,False,14267,18911,10.7,12.8,18.9,0.75,0,False,False,False,False,-,69.1,-14.3,-4.5,-9.6,17.4,True,0,강세,-4,0,-1,-3,74.0,27.1,1496.93,,1.69,-43023.0,-43023.0,-43023.0,10,10,1.0,74.1,70.1,017940,00165583,0,0,0,0,,,,,,,,,,,안전
123690,한국화장품,,7690,28.0,16.2,13.2,-41.2,19.0,-2.9,-8.2,-22.6,-8.5,-7.4,-20.6,0.54,13080,6460,5,False,True,False,85027,390376,8.7,6.6,34.5,0.22,0,False,False,False,False,-,68.8,-0.4,-0.0,-4.0,-0.4,True,0,강세,-4,0,-1,-3,74.0,27.1,1496.93,,1.69,-43023.0,-43023.0,-43023.0,10,10,1.0,73.8,69.8,123690,00823429,0,0,0,0,,,,,,,,,,,안전
002790,아모레퍼시픽홀딩스,,23000,27.8,3.0,12.0,-36.0,4.1,-5.9,-17.0,-32.4,-12.3,-15.3,-16.9,1.15,35950,22100,0,False,False,False,160581,176611,45.3,38.3,47.3,0.91,0,False,False,False,False,-,73.8,-4.1,-32.0,-141.0,-75.5,True,0,강세,-4,0,-1,-3,74.0,27.1,1496.93,,1.69,-43023.0,-43023.0,-43023.0,10,10,1.0,73.8,69.8,002790,00154462,0,0,0,0,,,,,,,,,,,안전
028100,동아지질,,15180,26.3,2.4,13.9,-21.1,13.3,-4.6,-15.6,-16.5,-9.6,-12.7,-8.0,0.78,19240,13400,0,False,False,False,52957,55173,6.6,8.2,9.3,0.96,0,False,False,False,False,-,65.7,-7.4,15.4,-21.4,45.3,True,8,강세,-4,0,-1,-3,74.0,27.1,1496.93,,1.69,-43023.0,-43023.0,-43023.0,10,10,1.0,73.7,69.7,028100,00178754,0,0,0,0,,,,,,,,,,,안전
063160,종근당바이오,,17800,28.2,12.8,20.0,-35.6,1.6,-0.2,-10.1,-16.4,-4.9,-6.6,-15.3,0.85,27650,17520,5,False,True,False,11968,14887,2.3,2.1,2.8,0.8,3,False,True,False,False,5일선회복,65.6,-0.2,-0.0,-4.4,-0.3,True,0,강세,-4,0,-1,-3,74.0,27.1,1496.93,,1.69,-43023.0,-43023.0,-43023.0,10,10,1.0,73.6,69.6,063160,00390055,0,0,0,0,,,,,,,,,,,안전
004490,세방전지,,56300,24.7,7.7,10.2,-27.5,1.4,-3.4,-11.8,-21.4,-9.3,-8.4,-11.1,1.13,77700,55500,5,False,True,False,60374,60665,39.3,34.7,37.5,1.0,0,False,False,False,False,-,68.5,-8.7,-38.5,-52.1,-46.3,True,0,강세,-4,0,-1,-3,74.0,27.1,1496.93,,1.69,-43023.0,-43023.0,-43023.0,10,10,1.0,73.5,69.5,004490,00133858,0,0,0,0,,,,,,,,,,,안전
271940,일진하이솔루스,,14550,19.2,8.5,16.1,-31.4,21.1,-3.3,-14.3,-0.1,-12.4,-11.7,-10.4,0.69,21200,12010,5,False,True,False,56976,98777,9.8,8.4,17.1,0.58,0,False,False,False,False,-,68.3,-1.7,-1.7,7.2,-2.0,True,0,강세,-4,0,-1,-3,74.0,27.1,1496.93,,1.69,-43023.0,-43023.0,-43023.0,10,10,1.0,73.3,69.3,271940,00972503,0,0,0,0,,,,,,,,,,,안전
037710,광주신세계,,35200,32.4,15.2,4.3,-13.7,28.2,-6.3,-7.7,-13.2,-5.8,-6.3,5.9,1.11,40800,27450,5,True,False,False,32876,18436,7.5,11.8,6.8,1.78,0,False,False,False,False,-,58.3,2.3,6.9,-1.3,8.0,True,10,강세,-4,0,-1,-3,74.0,27.1,1496.93,,1.69,-43023.0,-43023.0,-43023.0,10,10,1.0,73.3,69.3,037710,00220561,0,1,0,0,,[20260225] 주요사항보고서(감자결정) (20260225005661),,,,https://dart.fss.or.kr/dsaf001/main.do?rcpNo=20260225005661,,,,20260225005661,주의
300720,한일시멘트,,14680,27.3,6.1,5.4,-33.0,1.0,-6.1,-13.2,-20.4,-9.9,-11.7,-18.4,1.12,21900,14530,0,False,False,False,125140,127643,21.2,18.8,20.9,0.98,0,False,False,False,False,-,73.2,-3.4,-24.4,-30.7,-45.5,True,0,강세,-4,0,-1,-3,74.0,27.1,1496.93,,1.69,-43023.0,-43023.0,-43023.0,10,10,1.0,73.2,69.2,300720,01319808,0,0,0,0,,,,,,,,,,,안전
005610,삼립,,42650,24.8,1.6,3.3,-28.4,0.2,-6.9,-14.4,-18.1,-8.8,-12.7,-17.3,1.2,59600,42550,0,False,False,False,7070,7719,4.1,3.1,3.6,0.92,0,False,False,False,False,-,73.2,-2.9,-0.8,-20.6,-3.5,True,0,강세,-4,0,-1,-3,74.0,27.1,1496.93,,1.69,-43023.0,-43023.0,-43023.0,10,10,1.0,73.2,69.2,005610,00125530,0,0,0,0,,,,,,,,,,,안전
007690,국도화학,,34000,26.6,0.7,11.5,-23.5,10.4,-4.6,-16.6,-14.5,-11.4,-10.6,-5.4,0.44,44450,30800,5,False,True,False,11258,24997,3.8,3.9,9.8,0.45,0,False,False,False,False,-,68.1,-2.6,-2.5,-7.5,7.5,True,0,강세,-4,0,-1,-3,74.0,27.1,1496.93,,1.69,-43023.0,-43023.0,-43023.0,10,10,1.0,73.1,69.1,007690,00104388,0,1,0,0,,[20250904] 유상증자또는주식관련사채등의발행결과(자율공시)               (20250904800342),,,,https://dart.fss.or.kr/dsaf001/main.do?rcpNo=20250904800342,,,,20250904800342,주의
017180,명문제약,,1520,23.2,9.3,3.7,-26.0,1.5,-6.2,-14.6,-21.4,-9.1,-13.9,-13.1,1.38,2055,1498,0,False,False,False,97770,98883,2.1,1.5,1.7,0.99,0,False,False,False,False,-,73.1,-0.4,-0.0,-2.2,-0.1,True,0,강세,-4,0,-1,-3,74.0,27.1,1496.93,,1.69,-43023.0,-43023.0,-43023.0,10,10,1.0,73.1,69.1,017180,00121039,0,0,0,0,,,,,,,,,,,안전
000140,하이트진로홀딩스,,8510,32.3,0.0,10.5,-33.8,0.1,-1.7,-7.2,-14.3,-4.3,-5.6,-12.0,1.13,12850,8500,5,False,False,True,25238,26450,2.6,2.2,2.4,0.95,0,False,False,False,False,-,65.1,-1.4,0.3,-5.6,0.6,True,3,강세,-4,0,-1,-3,74.0,27.1,1496.93,,1.69,-43023.0,-43023.0,-43023.0,10,10,1.0,73.1,69.1,000140,00148993,0,0,0,0,,,,,,,,,,,안전
002390,한독,,8660,18.6,14.6,7.8,-35.7,3.1,-5.3,-16.1,-26.2,-10.3,-14.9,-22.5,0.74,13460,8400,0,False,False,False,25131,32506,2.1,2.2,3.2,0.77,0,False,False,False,False,-,73.1,-0.8,-0.0,-6.9,-0.7,True,0,강세,-4,0,-1,-3,74.0,27.1,1496.93,,1.69,-43023.0,-43023.0,-43023.0,10,10,1.0,73.1,69.1,002390,00161046,0,0,0,0,,,,,,,,,,,안전
014280,금강공업,,4865,26.4,13.8,15.9,-42.6,19.2,-1.8,-6.6,-19.2,-8.2,-5.9,-11.1,0.33,8470,4080,5,False,True,False,166784,487093,8.1,8.3,27.2,0.34,0,False,False,False,False,-,68.0,-3.0,-0.1,-32.0,-1.6,True,0,강세,-4,0,-1,-3,74.0,27.1,1496.93,,1.69,-43023.0,-43023.0,-43023.0,10,10,1.0,73.0,69.0,014280,00105299,0,0,0,0,,,,,,,,,,,안전
004720,팜젠사이언스,,3540,24.7,6.7,13.9,-35.5,3.8,-2.2,-7.9,-15.4,-7.9,-6.8,-13.8,1.06,5490,3410,5,False,True,False,79613,118179,4.6,2.9,4.6,0.67,0,False,False,False,False,-,67.9,-2.7,-0.0,-2.5,0.6,True,0,강세,-4,0,-1,-3,74.0,27.1,1496.93,,1.69,-43023.0,-43023.0,-43023.0,10,10,1.0,72.9,68.9,004720,00135050,0,2,0,0,,[20251212] 최대주주등소유주식변동신고서(최대주주변경시)               (20251212801286) || [20251212] 최대주주변경               (20251212801241),,,,https://dart.fss.or.kr/dsaf001/main.do?rcpNo=20251212801286 || https://dart.fss.or.kr/dsaf001/main.do?rcpNo=20251212801241,,,,20251212801286 || 20251212801241,주의
375500,DL이앤씨,,78400,34.8,19.4,22.7,-26.5,103.9,0.5,-19.7,53.4,-10.9,-5.0,47.8,0.51,106600,38450,5,False,True,False,473854,915407,357.1,376.7,840.4,0.52,3,False,False,True,False,+3%반등,56.8,70.6,-184.2,826.1,-674.7,True,8,강세,-4,0,-1,-3,74.0,27.1,1496.93,,1.69,-43023.0,-43023.0,-43023.0,10,10,1.0,72.8,68.8,375500,01524093,0,0,0,0,,,,,,,,,,,안전
044450,KSS해운,,10360,17.8,4.2,12.5,-28.1,21.3,-5.2,-23.0,-5.9,-11.1,-10.4,2.9,0.38,14400,8540,0,False,False,False,75904,193676,7.6,8.1,23.5,0.39,0,False,False,False,False,-,72.7,-5.8,-1.8,-6.0,9.1,True,0,강세,-4,0,-1,-3,74.0,27.1,1496.93,,1.69,-43023.0,-43023.0,-43023.0,10,10,1.0,72.7,68.7,044450,00160232,0,2,0,0,,[20260423] 최대주주변경               (20260423800623) || [20260423] 최대주주등소유주식변동신고서(최대주주변경시)               (20260423800653),,,,https://dart.fss.or.kr/dsaf001/main.do?rcpNo=20260423800623 || https://dart.fss.or.kr/dsaf001/main.do?rcpNo=20260423800653,,,,20260423800623 || 20260423800653,주의
093050,LF,,22550,34.5,22.6,-3.6,-14.7,51.0,-5.6,-10.9,-4.9,-7.8,-7.0,11.8,1.25,26450,14930,0,False,False,False,54924,46687,13.4,12.8,11.3,1.18,0,False,False,False,False,-,57.7,2.5,1.3,3.1,2.7,True,15,강세,-4,0,-1,-3,74.0,27.1,1496.93,,1.69,-43023.0,-43023.0,-43023.0,10,10,1.0,72.7,68.7,093050,00593032,0,0,0,0,,,,,,,,,,,안전
100220,비상교육,,5640,22.9,4.7,5.5,-28.8,21.9,-13.2,-16.7,-1.1,-14.8,-9.5,0.8,0.67,7920,4625,0,False,False,False,86194,99002,3.7,5.1,6.6,0.87,0,False,False,False,False,-,72.7,-0.4,-0.0,4.3,1.7,True,0,강세,-4,0,-1,-3,74.0,27.1,1496.93,,1.69,-43023.0,-43023.0,-43023.0,10,10,1.0,72.7,68.7,100220,00520887,0,0,0,0,,,,,,,,,,,안전
015860,일진홀딩스,,9530,25.1,1.3,14.3,-38.2,144.7,-15.7,4.2,2.0,-20.0,2.3,28.2,0.65,15430,3895,5,False,True,False,375738,708559,44.9,38.8,88.9,0.53,0,False,False,False,False,-,64.6,17.5,-2.9,70.4,9.6,True,3,강세,-4,0,-1,-3,74.0,27.1,1496.93,,1.69,-43023.0,-43023.0,-43023.0,10,10,1.0,72.6,68.6,015860,00146649,0,1,0,0,,[20251020] 유상증자또는주식관련사채등의발행결과(자율공시)               (20251020800341),,,,https://dart.fss.or.kr/dsaf001/main.do?rcpNo=20251020800341,,,,20251020800341,주의
183190,아세아시멘트,,10000,20.9,3.0,12.3,-36.3,0.5,-4.5,-14.4,-25.8,-9.5,-11.5,-18.8,1.13,15700,9950,0,False,False,False,71684,78258,8.9,7.3,8.7,0.92,0,False,False,False,False,-,72.5,-8.1,-7.7,-12.8,-32.3,True,0,강세,-4,0,-1,-3,74.0,27.1,1496.93,,1.69,-43023.0,-43023.0,-43023.0,10,10,1.0,72.5,68.5,183190,00990165,0,0,0,0,,,,,,,,,,,안전
000180,성창기업지주,,5840,25.1,1.7,17.6,-37.4,0.3,-4.3,-18.9,-32.2,-10.3,-16.4,-23.4,0.59,9330,5820,0,False,False,False,13785,31568,1.1,0.8,2.1,0.44,0,False,False,False,False,-,72.4,-0.7,-0.0,-4.8,-2.3,True,0,강세,-4,0,-1,-3,74.0,27.1,1496.93,,1.69,-43023.0,-43023.0,-43023.0,10,10,1.0,72.4,68.4,000180,00133335,0,1,0,0,,[20260311] 주식병합결정               (20260311801627),,,,https://dart.fss.or.kr/dsaf001/main.do?rcpNo=20260311801627,,,,20260311801627,주의
079430,현대리바트,,6720,21.5,7.9,22.5,-27.7,12.4,-0.3,-14.6,-11.6,-8.0,-7.0,-3.5,0.24,9300,5980,5,False,True,False,74091,339393,5.5,4.9,26.2,0.22,3,False,True,False,False,5일선회복,64.4,-5.6,-0.1,-8.1,-0.1,True,0,강세,-4,0,-1,-3,74.0,27.1,1496.93,,1.69,-43023.0,-43023.0,-43023.0,10,10,1.0,72.4,68.4,079430,00300548,0,0,0,0,,,,,,,,,,,안전
267270,HD건설기계,,160900,28.9,20.7,22.6,-26.0,138.7,-0.3,-13.2,13.3,-8.8,0.5,35.6,1.18,217500,67400,5,False,True,False,331049,388652,743.2,533.6,698.2,0.85,6,False,True,True,False,5일선회복/+3%반등,61.2,-310.2,-281.6,437.9,-1258.8,True,0,강세,-4,0,-1,-3,74.0,27.1,1496.93,,1.69,-43023.0,-43023.0,-43023.0,10,10,1.0,72.2,68.2,267270,01205842,0,2,1,0,,[20260319] [첨부정정]주요사항보고서(감자결정) (20260319000350) || [20260224] 주요사항보고서(감자결정) (20260224002613),[20250701] 매매거래정지및정지해제(중요내용공시)               (20250701800423),,,https://dart.fss.or.kr/dsaf001/main.do?rcpNo=20260319000350 || https://dart.fss.or.kr/dsaf001/main.do?rcpNo=20260224002613,https://dart.fss.or.kr/dsaf001/main.do?rcpNo=20250701800423,,,20260319000350 || 20260224002613,주의
071090,하이스틸,,3695,22.1,10.8,18.9,-40.9,18.2,-3.5,-17.2,-4.8,-12.7,-8.6,-7.9,0.15,6250,3125,0,False,False,False,265956,1778811,10.1,10.1,87.7,0.15,0,False,False,False,False,-,72.2,-0.4,-0.0,10.8,0.3,True,0,강세,-4,0,-1,-3,74.0,27.1,1496.93,,1.69,-43023.0,-43023.0,-43023.0,10,10,1.0,72.2,68.2,071090,00435312,0,2,0,0,,[20250901] 최대주주변경               (20250901800888) || [20250901] 최대주주등소유주식변동신고서(최대주주변경시)               (20250901800781),,,,https://dart.fss.or.kr/dsaf001/main.do?rcpNo=20250901800888 || https://dart.fss.or.kr/dsaf001/main.do?rcpNo=20250901800781,,,,20250901800888 || 20250901800781,주의
051600,한전KPS,,52300,23.6,5.2,14.7,-24.2,31.7,-3.0,-16.6,-17.1,-9.4,-11.1,-3.9,0.95,69000,39700,5,False,True,False,150183,199225,98.5,80.1,116.0,0.75,0,False,False,False,False,-,67.1,-22.4,-76.0,-185.2,-238.4,True,0,강세,-4,0,-1,-3,74.0,27.1,1496.93,,1.69,-43023.0,-43023.0,-43023.0,10,10,1.0,72.1,68.1,051600,00159218,0,0,0,0,,,,,,,,,,,안전
214330,금호에이치티,,3140,42.1,17.1,16.4,-59.3,4.7,-5.8,-21.1,-39.4,-11.2,-20.0,-39.5,0.71,7710,3000,5,False,True,False,95811,89125,2.1,3.1,3.1,1.08,0,False,False,False,False,-,59.1,0.8,-0.1,-1.2,-1.8,True,8,강세,-4,0,-1,-3,74.0,27.1,1496.93,,1.69,-43023.0,-43023.0,-43023.0,10,10,1.0,72.1,68.1,214330,00105606,0,4,1,0,,[20260306] 주요사항보고서(감자결정) (20260306000773) || [20260306] [기재정정]주요사항보고서(감자결정) (20260306000763) || [20260306] 주식병합결정               (20260306801215),[20260306] 매매거래정지및정지해제(중요내용공시)               (20260306801318),,,https://dart.fss.or.kr/dsaf001/main.do?rcpNo=20260306000773 || https://dart.fss.or.kr/dsaf001/main.do?rcpNo=20260306000763 || https://dart.fss.or.kr/dsaf001/main.do?rcpNo=20260306801215,https://dart.fss.or.kr/dsaf001/main.do?rcpNo=20260306801318,,,20260306000773 || 20260306000763 || 20260306801215,주의
001770,SHD,,15050,27.4,21.4,9.3,-24.1,4.4,-2.1,-11.7,-13.3,-7.1,-9.7,-13.8,0.74,19840,14410,5,False,True,False,1411,2091,0.2,0.2,0.3,0.67,3,False,False,True,False,+3%반등,63.9,-0.1,0.0,-0.1,-0.0,True,0,강세,-4,0,-1,-3,74.0,27.1,1496.93,,1.69,-43023.0,-43023.0,-43023.0,10,10,1.0,71.9,67.9,001770,00137809,0,0,0,0,,,,,,,,,,,안전
023150,MH에탄올,,3855,22.3,6.5,18.8,-38.1,1.2,-3.9,-18.3,-11.9,-8.3,-12.6,-19.3,0.52,6230,3810,0,False,False,False,16230,30675,0.6,0.6,1.3,0.53,0,False,False,False,False,-,71.9,-0.0,0.0,0.0,-0.0,True,0,강세,-4,0,-1,-3,74.0,27.1,1496.93,,1.69,-43023.0,-43023.0,-43023.0,10,10,1.0,71.9,67.9,023150,00121534,0,0,0,0,,,,,,,,,,,안전
016710,대성홀딩스,,7520,32.4,3.2,-4.4,-33.2,0.7,-5.9,-11.8,-18.4,-8.8,-11.1,-12.8,1.22,11260,7470,0,False,False,False,30932,30289,2.8,2.4,2.5,1.02,0,False,False,False,False,-,71.7,-0.2,-0.0,-5.1,-1.2,True,0,강세,-4,0,-1,-3,74.0,27.1,1496.93,,1.69,-43023.0,-43023.0,-43023.0,10,10,1.0,71.7,67.7,016710,00108940,0,0,0,0,,,,,,,,,,,안전
003120,일성아이에스,,19500,12.5,0.0,16.2,-38.0,15.4,-3.0,-15.9,-31.1,-8.2,-12.9,-15.6,0.78,31450,16900,0,False,False,False,5072,5572,0.9,1.0,1.2,0.91,0,False,False,False,False,-,71.7,-0.4,-0.1,-1.1,-2.2,True,0,강세,-4,0,-1,-3,74.0,27.1,1496.93,,1.69,-43023.0,-43023.0,-43023.0,10,10,1.0,71.7,67.7,003120,00146214,0,0,0,0,,,,,,,,,,,안전
007210,벽산,,1729,24.8,12.3,19.4,-29.0,9.1,-0.7,-16.7,-11.9,-10.7,-10.8,-9.3,0.38,2435,1585,5,False,True,False,318083,545589,3.6,5.6,10.9,0.58,0,False,False,False,False,-,66.6,-0.9,-0.1,-11.6,-2.3,True,0,강세,-4,0,-1,-3,74.0,27.1,1496.93,,1.69,-43023.0,-43023.0,-43023.0,10,10,1.0,71.6,67.6,007210,00122898,0,0,0,0,,,,,,,,,,,안전
026940,부국철강,,2200,9.1,0.5,18.1,-36.1,22.2,-5.8,-18.5,3.0,-15.1,-8.8,-1.4,0.13,3445,1801,0,False,False,False,197463,2160742,6.6,4.5,66.6,0.09,0,False,False,False,False,-,71.5,-1.1,-0.0,2.8,-0.1,True,0,강세,-4,0,-1,-3,74.0,27.1,1496.93,,1.69,-43023.0,-43023.0,-43023.0,10,10,1.0,71.5,67.5,026940,00123781,0,0,0,0,,,,,,,,,,,안전
002150,도화엔지니어링,,5810,28.7,0.6,16.1,-24.1,0.2,-3.6,-16.5,-14.8,-10.5,-12.5,-9.6,0.62,7650,5800,5,False,True,False,79361,140704,5.2,4.7,9.4,0.56,0,False,False,False,False,-,66.5,-9.0,-0.4,-15.5,-2.3,True,0,강세,-4,0,-1,-3,74.0,27.1,1496.93,,1.69,-43023.0,-43023.0,-43023.0,10,10,1.0,71.5,67.5,002150,00114552,0,0,0,0,,,,,,,,,,,안전
139990,아주스틸,,2940,23.7,3.3,18.3,-35.3,3.3,-3.4,-9.1,-10.0,-14.1,-9.2,-13.1,0.23,4545,2845,5,False,True,False,79872,409282,3.0,2.4,15.7,0.2,0,False,False,False,False,-,66.3,-0.2,-0.3,-5.5,-3.7,True,0,강세,-4,0,-1,-3,74.0,27.1,1496.93,,1.69,-43023.0,-43023.0,-43023.0,10,10,1.0,71.3,67.3,139990,00486705,0,2,0,0,,[20260409] 주요사항보고서(자기신주인수권부사채만기전취득결정) (20260409002112) || [20260209] 유상증자또는주식관련사채등의발행결과(자율공시)               (20260209800068),,,,https://dart.fss.or.kr/dsaf001/main.do?rcpNo=20260409002112 || https://dart.fss.or.kr/dsaf001/main.do?rcpNo=20260209800068,,,,20260409002112 || 20260209800068,주의
002460,HS화성,,11510,16.5,0.4,-4.9,-27.1,20.1,-9.7,-10.9,-22.1,-12.0,-10.0,-2.5,0.72,15780,9580,0,False,False,False,12151,20092,1.7,1.5,2.7,0.6,0,False,False,False,False,-,71.3,-2.5,-0.1,-4.6,-2.4,True,0,강세,-4,0,-1,-3,74.0,27.1,1496.93,,1.69,-43023.0,-43023.0,-43023.0,10,10,1.0,71.3,67.3,002460,00174527,0,0,0,0,,,,,,,,,,,안전
004540,깨끗한나라,,1769,21.6,0.0,5.7,-27.9,0.0,-4.4,-11.6,-5.8,-6.9,-10.4,-10.3,1.33,2455,1769,0,False,False,False,79533,111810,2.6,1.4,2.1,0.71,0,False,False,False,False,-,71.3,-0.3,-0.0,-4.6,0.1,True,0,강세,-4,0,-1,-3,74.0,27.1,1496.93,,1.69,-43023.0,-43023.0,-43023.0,10,10,1.0,71.3,67.3,004540,00113492,0,2,0,0,,[20250729] 유상증자또는주식관련사채등의발행결과(자율공시)               (20250729800529) || [20250721] 주요사항보고서(전환사채권발행결정) (20250721000243),,,,https://dart.fss.or.kr/dsaf001/main.do?rcpNo=20250729800529 || https://dart.fss.or.kr/dsaf001/main.do?rcpNo=20250721000243,,,,20250729800529 || 20250721000243,주의
460860,동국제강,,11460,27.5,10.6,14.2,-35.3,47.7,-3.5,5.7,28.8,-15.0,1.4,20.8,0.61,17710,7760,5,False,True,False,446415,1024767,71.1,52.1,144.8,0.44,0,False,False,False,False,-,63.3,84.1,-101.0,226.5,-164.9,True,3,강세,-4,0,-1,-3,74.0,27.1,1496.93,,1.69,-43023.0,-43023.0,-43023.0,10,10,1.0,71.3,67.3,460860,01765265,0,0,0,0,,,,,,,,,,,안전
001070,대한방직,,5940,33.0,11.4,9.7,-37.2,15.8,-2.3,-10.0,-32.5,-8.1,-10.6,-9.4,0.81,9460,5130,5,False,True,False,21173,21419,1.1,1.3,1.4,0.99,0,False,False,False,False,-,66.2,-0.2,-0.1,-0.7,-0.0,True,0,강세,-4,0,-1,-3,74.0,27.1,1496.93,,1.69,-43023.0,-43023.0,-43023.0,10,10,1.0,71.2,67.2,001070,00112970,0,0,0,0,,,,,,,,,,,안전
248170,샘표식품,,24300,24.3,0.0,2.7,-30.1,0.0,-5.8,-10.0,-20.8,-7.0,-10.3,-12.6,1.05,34750,24300,0,False,False,False,15344,16566,4.1,3.8,4.3,0.93,0,False,False,False,False,-,71.2,-1.2,-0.1,-6.9,-3.3,True,0,강세,-4,0,-1,-3,74.0,27.1,1496.93,,1.69,-43023.0,-43023.0,-43023.0,10,10,1.0,71.2,67.2,248170,01167056,0,0,0,0,,,,,,,,,,,안전
006980,우성,,19320,12.9,8.2,2.4,-24.1,21.4,-8.4,-14.9,-15.8,-13.8,-12.8,4.5,0.58,25450,15920,0,False,False,False,5648,9431,1.0,1.2,2.2,0.6,0,False,False,False,False,-,71.1,-1.3,-0.0,0.5,-0.8,True,0,강세,-4,0,-1,-3,74.0,27.1,1496.93,,1.69,-43023.0,-43023.0,-43023.0,10,10,1.0,71.1,67.1,006980,00142661,0,0,0,0,,,,,,,,,,,안전
002720,국제약품,,3875,23.3,5.4,12.5,-29.2,1.0,-4.9,-18.8,-19.2,-10.6,-17.0,-14.7,0.91,5470,3835,0,False,False,False,107063,143475,5.1,4.2,6.3,0.75,0,False,False,False,False,-,71.1,-1.2,-0.0,-4.9,-0.4,True,0,강세,-4,0,-1,-3,74.0,27.1,1496.93,,1.69,-43023.0,-43023.0,-43023.0,10,10,1.0,71.1,67.1,002720,00104722,0,0,0,0,,,,,,,,,,,안전
018250,애경산업,,12500,21.8,4.4,17.6,-35.0,2.0,-3.5,-18.0,-21.8,-9.6,-13.2,-13.6,0.89,19230,12250,0,False,False,False,32833,49664,5.3,4.2,7.0,0.66,0,False,False,False,False,-,71.0,-0.5,-0.5,-11.3,-4.4,True,0,강세,-4,0,-1,-3,74.0,27.1,1496.93,,1.69,-43023.0,-43023.0,-43023.0,10,10,1.0,71.0,67.0,018250,00139454,0,2,0,0,,[20260326] 최대주주등소유주식변동신고서(최대주주변경시)               (20260326803252) || [20260326] 최대주주변경               (20260326802354),,,,https://dart.fss.or.kr/dsaf001/main.do?rcpNo=20260326803252 || https://dart.fss.or.kr/dsaf001/main.do?rcpNo=20260326802354,,,,20260326803252 || 20260326802354,주의
096770,SK이노베이션,,115400,18.8,2.9,15.2,-25.7,42.8,-3.5,-13.4,-10.1,-11.3,-6.6,0.3,0.82,155400,80800,5,False,True,False,538572,865703,837.4,638.7,1166.4,0.62,0,False,False,False,False,-,65.9,-105.7,-366.1,1752.7,-421.8,True,0,강세,-4,0,-1,-3,74.0,27.1,1496.93,,1.69,-43023.0,-43023.0,-43023.0,10,10,1.0,70.9,66.9,096770,00631518,0,18,0,0,,[20260521] [기재정정]감자결정(종속회사의주요경영사항)               (20260521800673) || [20260331] [기재정정]감자결정(종속회사의주요경영사항)               (20260331802520) || [20251224] [기재정정]감자결정(종속회사의주요경영사항)               (20251224800600),,,,https://dart.fss.or.kr/dsaf001/main.do?rcpNo=20260521800673 || https://dart.fss.or.kr/dsaf001/main.do?rcpNo=20260331802520 || https://dart.fss.or.kr/dsaf001/main.do?rcpNo=20251224800600,,,,20260521800673 || 20260331802520 || 20251224800600,주의
003780,진양산업,,5110,35.5,3.0,-2.7,-36.8,1.2,-5.4,-9.2,-22.5,-7.4,-8.3,-19.1,1.94,8090,5050,0,False,False,False,177316,139719,14.0,9.4,7.7,1.27,0,False,False,False,False,-,70.8,-8.6,-0.0,-10.8,-0.1,True,0,강세,-4,0,-1,-3,74.0,27.1,1496.93,,1.69,-43023.0,-43023.0,-43023.0,10,10,1.0,70.8,66.8,003780,00150439,0,0,0,0,,,,,,,,,,,안전
251270,넷마블,,41250,27.1,3.2,23.9,-40.2,0.6,-4.1,-16.9,-27.4,-8.3,-15.0,-23.1,1.09,69000,41000,0,False,False,False,225328,274690,126.4,94.6,123.3,0.82,0,False,False,False,False,-,70.4,-7.7,-19.6,-251.4,-76.8,True,0,강세,-4,0,-1,-3,74.0,27.1,1496.93,,1.69,-43023.0,-43023.0,-43023.0,10,10,1.0,70.4,66.4,251270,00904672,0,3,0,0,,[20260325] 특수관계인의유상증자참여 (20260325001161) || [20260205] 주요사항보고서(감자결정) (20260205000371) || [20251119] 유상증자또는주식관련사채등의발행결과(자율공시)               (20251119800298),,,,https://dart.fss.or.kr/dsaf001/main.do?rcpNo=20260325001161 || https://dart.fss.or.kr/dsaf001/main.do?rcpNo=20260205000371 || https://dart.fss.or.kr/dsaf001/main.do?rcpNo=20251119800298,,,,20260325001161 || 20260205000371 || 20251119800298,주의
002310,아세아제지,,7950,32.2,23.6,12.9,-30.1,15.9,-2.6,-14.4,-26.3,-6.7,-10.3,-3.6,0.96,11380,6860,0,False,False,False,195038,195086,15.2,15.8,16.7,1.0,0,False,False,False,False,-,62.4,-0.0,1.6,5.1,1.8,True,8,강세,-4,0,-1,-3,74.0,27.1,1496.93,,1.69,-43023.0,-43023.0,-43023.0,10,10,1.0,70.4,66.4,002310,00138729,0,0,0,0,,,,,,,,,,,안전
023590,다우기술,,41050,23.9,17.4,10.0,-34.1,79.3,-3.8,-14.9,-33.3,-9.5,-12.1,-1.1,1.01,62300,22900,0,False,False,False,63202,77513,32.8,26.8,35.4,0.82,0,False,False,False,False,-,70.3,-2.3,-25.6,-49.2,-112.7,True,0,강세,-4,0,-1,-3,74.0,27.1,1496.93,,1.69,-43023.0,-43023.0,-43023.0,10,10,1.0,70.3,66.3,023590,00176914,0,0,0,0,,,,,,,,,,,안전
272210,한화시스템,,109600,38.8,47.4,37.0,-40.4,163.8,5.3,-15.8,-1.5,-3.2,-11.7,31.9,0.72,184000,41550,10,False,True,True,685271,894817,711.5,743.7,1023.1,0.77,6,False,True,True,False,5일선회복/+3%반등,46.1,424.9,-23.8,-136.4,-753.7,True,8,강세,-4,0,-1,-3,74.0,27.1,1496.93,,1.69,-43023.0,-43023.0,-43023.0,10,10,1.0,70.1,66.1,272210,00339391,0,7,0,0,,[20251223] [기재정정]유상증자결정(종속회사의주요경영사항)               (20251223800565) || [20251223] [기재정정]유상증자결정(종속회사의주요경영사항)               (20251223800004) || [20251222] [기재정정]유상증자결정(종속회사의주요경영사항)               (20251222800284),,,,https://dart.fss.or.kr/dsaf001/main.do?rcpNo=20251223800565 || https://dart.fss.or.kr/dsaf001/main.do?rcpNo=20251223800004 || https://dart.fss.or.kr/dsaf001/main.do?rcpNo=20251222800284,,,,20251223800565 || 20251223800004 || 20251222800284,주의
006570,대림통상,,1913,34.3,19.0,6.3,-47.4,1.3,-3.6,-4.8,-7.8,-3.4,-4.5,-18.2,0.28,3640,1889,5,True,False,False,183001,57088,0.3,3.6,1.1,3.21,0,False,False,False,False,-,65.1,-0.2,0.0,-0.3,0.0,True,0,강세,-4,0,-1,-3,74.0,27.1,1496.93,,1.69,-43023.0,-43023.0,-43023.0,10,10,1.0,70.1,66.1,006570,00109824,0,0,0,0,,,,,,,,,,,안전
272550,삼양패키징,,10010,26.4,11.7,22.4,-42.9,1.6,-1.9,-14.5,-21.4,-7.3,-14.1,-23.0,0.65,17540,9850,0,False,False,False,45524,75430,5.0,4.6,8.2,0.6,0,False,False,False,False,-,70.0,-1.1,-1.2,-2.8,-3.7,True,0,강세,-4,0,-1,-3,74.0,27.1,1496.93,,1.69,-43023.0,-43023.0,-43023.0,10,10,1.0,70.0,66.0,272550,01060814,0,0,0,0,,,,,,,,,,,안전
013520,화승코퍼레이션,,2740,23.6,10.1,-2.0,-31.5,50.4,-9.1,-4.9,2.8,-12.6,-7.3,13.7,0.69,4000,1822,0,False,False,False,193072,306552,6.0,5.5,9.8,0.63,0,False,False,False,False,-,70.0,-3.1,-0.1,6.1,-0.2,True,0,강세,-4,0,-1,-3,74.0,27.1,1496.93,,1.69,-43023.0,-43023.0,-43023.0,10,10,1.0,70.0,66.0,013520,00166272,0,0,0,0,,,,,,,,,,,안전
004410,서울식품,,1120,0.0,1.0,-21.5,-60.4,0.4,-29.1,-30.0,-49.8,-26.2,-33.3,-30.5,3.74,2830,1115,0,False,False,False,1133914,370443,11.9,14.6,5.1,3.06,-30,True,False,False,False,⚠️떨어지는칼날,100.0,-1.7,-1.7,-1.7,-1.7,True,0,강세,-4,0,-1,-3,74.0,27.1,1496.93,,1.69,-43023.0,-43023.0,-43023.0,10,10,1.0,70.0,66.0,004410,00130879,0,5,0,0,,[20260320] [기재정정]주식병합결정               (20260320800114) || [20260312] 주식병합결정               (20260312800073) || [20260130] 유상증자또는주식관련사채등의발행결과(자율공시)               (20260130801408),,,,https://dart.fss.or.kr/dsaf001/main.do?rcpNo=20260320800114 || https://dart.fss.or.kr/dsaf001/main.do?rcpNo=20260312800073 || https://dart.fss.or.kr/dsaf001/main.do?rcpNo=20260130801408,,,,20260320800114 || 20260312800073 || 20260130801408,주의
217590,티엠씨,,25200,35.5,19.3,20.1,-34.9,117.2,-16.1,-17.2,55.0,-11.7,-3.1,,0.43,38700,11600,0,False,False,False,589342,592302,66.3,155.9,175.5,1.0,3,False,False,True,False,+3%반등,58.9,-3.4,6.8,6.5,10.1,True,8,강세,-4,0,-1,-3,74.0,27.1,1496.93,,1.69,-43023.0,-43023.0,-43023.0,10,10,1.0,69.9,65.9,217590,00949161,0,0,0,0,,,,,,,,,,,안전
008420,문배철강,,2210,12.0,1.2,17.5,-38.3,13.4,-5.6,-7.1,0.5,-14.3,-9.1,-1.1,0.16,3580,1949,0,False,False,False,176176,1442078,5.2,4.0,42.5,0.12,0,False,False,False,False,-,66.9,-2.4,0.5,1.6,0.9,True,3,강세,-4,0,-1,-3,74.0,27.1,1496.93,,1.69,-43023.0,-43023.0,-43023.0,10,10,1.0,69.9,65.9,008420,00121570,0,0,0,0,,,,,,,,,,,안전
003960,사조대림,,28400,32.1,5.6,10.7,-38.7,0.7,-5.0,-13.7,-27.3,-7.8,-10.9,-22.7,0.76,46350,28200,0,False,False,False,9636,10324,2.3,2.8,3.2,0.93,0,False,False,False,False,-,69.9,-0.9,-0.1,-8.0,-0.6,True,0,강세,-4,0,-1,-3,74.0,27.1,1496.93,,1.69,-43023.0,-43023.0,-43023.0,10,10,1.0,69.9,65.9,003960,00109718,0,0,0,0,,,,,,,,,,,안전
015760,한국전력,,39500,32.3,30.0,30.7,-43.2,51.1,0.9,-14.5,-37.0,-5.2,-9.3,-14.4,0.89,69500,26150,5,False,True,False,2268707,2485139,883.9,883.3,1034.3,0.91,6,False,True,True,False,5일선회복/+3%반등,58.8,-786.1,-73.3,-1812.6,-1295.7,True,0,강세,-4,0,-1,-3,74.0,27.1,1496.93,,1.69,-43023.0,-43023.0,-43023.0,10,10,1.0,69.8,65.8,015760,00159193,0,0,0,0,,,,,,,,,,,안전
008260,NI스틸,,3285,14.4,1.1,7.9,-29.4,1.4,-8.5,-12.4,-12.6,-11.9,-10.7,-8.3,0.27,4650,3240,0,False,False,False,150129,482326,4.4,5.1,19.1,0.31,0,False,False,False,False,-,69.8,-3.4,-0.0,-12.8,-0.0,True,0,강세,-4,0,-1,-3,74.0,27.1,1496.93,,1.69,-43023.0,-43023.0,-43023.0,10,10,1.0,69.8,65.8,008260,00116301,0,0,0,0,,,,,,,,,,,안전
005440,현대지에프홀딩스,,13250,34.2,6.2,-4.8,-33.0,120.1,-5.0,-9.6,-15.1,-8.7,-7.9,26.9,0.82,19790,6020,0,False,False,False,222114,348886,38.1,30.7,51.3,0.64,0,False,False,False,False,-,66.7,-29.9,23.0,-105.1,136.1,True,3,강세,-4,0,-1,-3,74.0,27.1,1496.93,,1.69,-43023.0,-43023.0,-43023.0,10,10,1.0,69.7,65.7,005440,00105280,0,4,1,0,,[20260522] [기재정정]주요사항보고서(감자결정)(자회사의 주요경영사항)               (20260522800430) || [20260225] 주요사항보고서(감자결정)(자회사의 주요경영사항)               (20260225801014) || [20260220] 주요사항보고서(감자결정)(자회사의 주요경영사항)               (20260220800700),[20260211] 매매거래정지및정지해제(중요내용공시)               (20260211800399),,,https://dart.fss.or.kr/dsaf001/main.do?rcpNo=20260522800430 || https://dart.fss.or.kr/dsaf001/main.do?rcpNo=20260225801014 || https://dart.fss.or.kr/dsaf001/main.do?rcpNo=20260220800700,https://dart.fss.or.kr/dsaf001/main.do?rcpNo=20260211800399,,,20260522800430 || 20260225801014 || 20260220800700,주의
018500,동원금속,,1620,25.5,8.1,3.0,-17.6,32.9,-3.5,-7.6,-2.3,-8.3,-4.6,8.5,0.89,1967,1219,5,False,True,False,251941,385897,5.7,4.2,6.9,0.65,0,False,False,False,False,-,64.6,-1.2,0.0,0.4,-0.2,True,0,강세,-4,0,-1,-3,74.0,27.1,1496.93,,1.69,-43023.0,-43023.0,-43023.0,10,10,1.0,69.6,65.6,018500,00118008,0,0,0,0,,,,,,,,,,,안전
001390,KG케미칼,,4940,15.8,5.8,16.1,-33.2,32.4,-6.1,-15.3,-15.6,-13.9,-11.3,-6.2,0.52,7400,3730,0,False,False,False,376774,1017785,26.0,19.1,64.2,0.37,0,False,False,False,False,-,69.5,-2.4,-0.3,-7.6,4.8,True,0,강세,-4,0,-1,-3,74.0,27.1,1496.93,,1.69,-43023.0,-43023.0,-43023.0,10,10,1.0,69.5,65.5,001390,00101220,0,0,0,0,,,,,,,,,,,안전
058430,포스코스틸리온,,6260,31.6,7.4,18.3,-40.4,75.8,-3.5,23.0,29.2,-15.3,8.3,41.8,0.12,10500,3560,5,False,True,False,604174,4803657,35.4,38.5,389.8,0.13,0,False,False,False,False,-,61.4,18.5,-0.2,2.1,0.6,True,3,강세,-4,0,-1,-3,74.0,27.1,1496.93,,1.69,-43023.0,-43023.0,-43023.0,10,10,1.0,69.4,65.4,058430,00155258,0,0,0,0,,,,,,,,,,,안전
081000,일진다이아,,11970,20.5,6.4,16.2,-30.4,9.4,-3.6,-17.3,-21.8,-10.8,-11.4,-8.3,0.85,17190,10940,0,False,False,False,33278,50125,5.1,4.0,6.8,0.66,0,False,False,False,False,-,69.3,-4.8,-0.0,0.5,-1.2,True,0,강세,-4,0,-1,-3,74.0,27.1,1496.93,,1.69,-43023.0,-43023.0,-43023.0,10,10,1.0,69.3,65.3,081000,00508274,0,0,0,0,,,,,,,,,,,안전
024090,디씨엠,,11270,20.0,0.0,0.2,-23.8,0.7,-4.7,-9.8,-7.9,-7.6,-8.3,-7.8,0.7,14790,11190,0,False,False,False,9575,12733,1.0,1.1,1.6,0.75,0,False,False,False,False,-,69.3,-0.4,-0.1,4.1,-0.5,True,0,강세,-4,0,-1,-3,74.0,27.1,1496.93,,1.69,-43023.0,-43023.0,-43023.0,10,10,1.0,69.3,65.3,024090,00177199,0,0,0,0,,,,,,,,,,,안전
002240,고려제강,,20800,17.7,8.3,20.5,-26.5,25.6,-1.9,-13.9,-13.0,-10.6,-8.3,3.2,0.45,28300,16560,5,False,True,False,25052,77615,7.4,5.3,18.4,0.32,0,False,False,False,False,-,64.3,-2.1,-0.5,-1.8,-2.1,True,0,강세,-4,0,-1,-3,74.0,27.1,1496.93,,1.69,-43023.0,-43023.0,-43023.0,10,10,1.0,69.3,65.3,002240,00103006,0,0,0,0,,,,,,,,,,,안전
001560,제일연마,,9980,23.6,6.0,10.2,-22.6,13.4,-4.3,-14.9,-8.8,-9.9,-10.8,-2.2,1.34,12900,8800,0,False,False,False,4114,7863,1.0,0.4,0.9,0.52,0,False,False,False,False,-,69.1,-0.3,-0.2,-0.6,-0.3,True,0,강세,-4,0,-1,-3,74.0,27.1,1496.93,,1.69,-43023.0,-43023.0,-43023.0,10,10,1.0,69.1,65.1,001560,00148461,0,0,1,0,,,[20260303] 매매거래정지및정지해제(중요내용공시)               (20260303800285),,,,https://dart.fss.or.kr/dsaf001/main.do?rcpNo=20260303800285,,,,안전
020000,한섬,,22550,38.2,6.8,-6.3,-21.6,59.0,-15.2,-10.3,5.6,-11.8,-9.4,21.1,1.13,28750,14180,0,False,False,False,135958,175806,46.0,32.0,45.0,0.77,4,False,False,False,True,거래량동반양봉,57.1,32.8,-21.3,-11.2,108.1,True,8,강세,-4,0,-1,-3,74.0,27.1,1496.93,,1.69,-43023.0,-43023.0,-43023.0,10,10,1.0,69.1,65.1,020000,00188089,0,1,0,0,,[20260223] 주요사항보고서(감자결정) (20260223002937),,,,https://dart.fss.or.kr/dsaf001/main.do?rcpNo=20260223002937,,,,20260223002937,주의
020150,롯데에너지머티리얼즈,,58200,25.3,23.4,24.2,-30.0,199.1,3.2,-8.2,32.0,-11.8,8.1,54.7,0.93,83100,19460,5,False,True,False,303802,447067,231.3,174.0,304.9,0.68,6,False,True,True,False,5일선회복/+3%반등,58.1,-19.3,-27.0,178.8,39.3,True,0,강세,-4,0,-1,-3,74.0,27.1,1496.93,,1.69,-43023.0,-43023.0,-43023.0,10,10,1.0,69.1,65.1,020150,00113997,0,0,0,0,,,,,,,,,,,안전
006360,GS건설,,29600,37.4,13.0,18.2,-34.0,66.4,-1.2,-28.8,28.4,-15.0,-11.0,29.7,0.66,44850,17790,5,False,True,False,1187328,2030392,396.5,364.1,746.0,0.58,0,False,False,False,False,-,63.9,-117.0,-179.2,-376.2,-713.9,True,0,강세,-4,0,-1,-3,74.0,27.1,1496.93,,1.69,-43023.0,-43023.0,-43023.0,10,10,1.0,68.9,64.9,006360,00120030,0,0,0,0,,,,,,,,,,,안전
001780,알루코,,2360,27.4,4.1,12.9,-32.5,24.2,-7.3,-6.2,0.6,-15.2,-8.0,4.9,0.21,3495,1900,0,False,False,False,1218827,6633198,33.4,30.1,207.4,0.18,0,False,False,False,False,-,65.9,-0.0,0.7,116.9,3.1,True,3,강세,-4,0,-1,-3,74.0,27.1,1496.93,,1.69,-43023.0,-43023.0,-43023.0,10,10,1.0,68.9,64.9,001780,00117027,0,0,0,0,,,,,,,,,,,안전
001260,남광토건,,8410,35.5,19.0,25.1,-31.3,20.8,0.8,-11.6,-6.5,-7.7,-8.8,-1.8,0.94,12240,6960,10,False,True,True,21387,41750,3.4,1.8,4.0,0.51,6,False,True,True,False,5일선회복/+3%반등,52.8,-0.7,-0.0,-5.4,0.0,True,0,강세,-4,0,-1,-3,74.0,27.1,1496.93,,1.69,-43023.0,-43023.0,-43023.0,10,10,1.0,68.8,64.8,001260,00107066,0,0,0,0,,,,,,,,,,,안전
009900,명신산업,,10450,26.1,15.9,20.5,-30.1,40.8,0.3,-12.9,11.1,-13.1,-4.4,9.7,0.33,14940,7420,5,False,True,False,249175,917102,31.5,26.2,121.7,0.27,0,False,False,False,False,-,63.8,-1.2,-4.8,29.5,-3.6,True,0,강세,-4,0,-1,-3,74.0,27.1,1496.93,,1.69,-43023.0,-43023.0,-43023.0,10,10,1.0,68.8,64.8,009900,00173078,0,0,0,0,,,,,,,,,,,안전
004800,효성,,202500,30.6,9.9,19.7,-36.3,284.3,-0.2,23.6,17.5,-12.1,12.2,49.9,0.58,318000,52700,5,False,True,False,57561,106146,128.0,120.1,248.0,0.54,0,False,False,False,False,-,60.7,56.2,-36.5,-340.2,61.7,True,3,강세,-4,0,-1,-3,74.0,27.1,1496.93,,1.69,-43023.0,-43023.0,-43023.0,10,10,1.0,68.7,64.7,004800,00117188,1,0,0,0,[20251016] 횡령ㆍ배임사실확인               (20251016800403),,,,https://dart.fss.or.kr/dsaf001/main.do?rcpNo=20251016800403,,,,20251016800403,,위험
000050,경방,,8890,37.4,5.7,-11.5,-41.6,43.4,-12.8,-10.1,-17.8,-10.1,-7.7,5.1,1.62,15210,6200,0,False,False,False,106923,112884,16.7,10.1,11.2,0.95,0,False,False,False,False,-,68.7,-6.1,-0.4,-0.1,2.7,True,0,강세,-4,0,-1,-3,74.0,27.1,1496.93,,1.69,-43023.0,-43023.0,-43023.0,10,10,1.0,68.7,64.7,000050,00101628,0,0,0,0,,,,,,,,,,,안전
005690,파미셀,,16050,23.2,22.5,21.2,-24.1,54.9,2.4,-9.4,-14.9,-10.3,-6.4,6.5,0.67,21150,10360,5,False,True,False,696038,1279788,140.5,111.2,236.7,0.54,6,False,True,True,False,5일선회복/+3%반등,57.7,-16.3,-50.0,-48.9,-53.6,True,0,강세,-4,0,-1,-3,74.0,27.1,1496.93,,1.69,-43023.0,-43023.0,-43023.0,10,10,1.0,68.7,64.7,005690,00145163,0,1,0,0,,[20260224] 주요사항보고서(감자결정) (20260224000422),,,,https://dart.fss.or.kr/dsaf001/main.do?rcpNo=20260224000422,,,,20260224000422,주의
021050,서원,,1440,29.2,13.2,22.4,-27.6,43.3,-0.8,-2.5,11.1,-7.9,2.7,17.3,0.25,1990,1005,5,False,True,False,564657,2314678,8.6,8.4,38.9,0.24,3,False,False,True,False,+3%반등,57.5,3.5,-0.0,5.5,0.6,True,3,강세,-4,0,-1,-3,74.0,27.1,1496.93,,1.69,-43023.0,-43023.0,-43023.0,10,10,1.0,68.5,64.5,021050,00131197,0,0,0,0,,,,,,,,,,,안전
017390,서울가스,,58800,28.7,1.9,5.1,-30.2,13.5,-3.3,-6.5,-15.4,-5.3,-7.1,-8.0,0.92,84200,51800,0,False,False,False,6980,9136,4.9,4.2,5.7,0.76,0,False,False,False,False,-,68.3,-0.6,-2.6,4.6,-3.3,True,0,강세,-4,0,-1,-3,74.0,27.1,1496.93,,1.69,-43023.0,-43023.0,-43023.0,10,10,1.0,68.3,64.3,017390,00130684,0,0,0,0,,,,,,,,,,,안전
002710,TCC스틸,,16230,28.8,25.4,26.3,-29.3,36.3,2.1,-9.9,4.2,-10.5,-0.5,-1.2,0.37,22950,11910,5,False,True,False,164677,435314,26.7,26.6,88.2,0.38,6,False,True,True,False,5일선회복/+3%반등,57.3,-0.1,-1.6,-21.9,-9.4,True,0,강세,-4,0,-1,-3,74.0,27.1,1496.93,,1.69,-43023.0,-43023.0,-43023.0,10,10,1.0,68.3,64.3,002710,00117300,0,3,0,0,,[20260520] 유상증자또는주식관련사채등의발행결과(자율공시)               (20260520800401) || [20260514] [첨부정정]주요사항보고서(전환사채권발행결정) (20260514000667) || [20260512] 주요사항보고서(전환사채권발행결정) (20260512000554),,,,https://dart.fss.or.kr/dsaf001/main.do?rcpNo=20260520800401 || https://dart.fss.or.kr/dsaf001/main.do?rcpNo=20260514000667 || https://dart.fss.or.kr/dsaf001/main.do?rcpNo=20260512000554,,,,20260520800401 || 20260514000667 || 20260512000554,주의
006120,SK디스커버리,,51000,16.0,8.3,19.6,-25.3,20.4,-1.4,-11.6,-19.0,-7.7,-10.1,-10.5,0.32,68300,42350,5,False,True,False,15064,34248,5.8,7.7,19.5,0.44,0,False,False,False,False,-,63.1,-14.4,-2.4,-26.4,-2.7,True,0,강세,-4,0,-1,-3,74.0,27.1,1496.93,,1.69,-43023.0,-43023.0,-43023.0,10,10,1.0,68.1,64.1,006120,00131832,0,0,0,0,,,,,,,,,,,안전
007980,TP,,1828,27.6,4.4,6.7,-20.9,39.3,-5.1,-14.6,-15.0,-10.0,-6.9,-1.4,1.03,2310,1312,0,False,False,False,312118,442701,8.4,5.8,9.1,0.71,0,False,False,False,False,-,68.1,-7.6,-0.3,-8.9,-0.8,True,0,강세,-4,0,-1,-3,74.0,27.1,1496.93,,1.69,-43023.0,-43023.0,-43023.0,10,10,1.0,68.1,64.1,007980,00154329,0,0,0,0,,,,,,,,,,,안전
036420,콘텐트리중앙,,5120,42.3,8.0,5.8,-62.7,2.4,-14.2,-13.2,-31.2,-10.5,-13.8,-38.5,1.43,13730,5000,5,True,False,False,258066,134425,10.1,14.6,7.7,1.92,0,False,False,False,False,-,63.0,-2.9,-1.3,-4.7,-2.6,True,0,강세,-4,0,-1,-3,74.0,27.1,1496.93,,1.69,-43023.0,-43023.0,-43023.0,10,10,1.0,68.0,64.0,036420,00203315,0,10,0,0,,[20260430] [기재정정]자기전환사채만기전취득결정               (20260430801763) || [20260430] [기재정정]주요사항보고서(전환사채권발행결정) (20260430001854) || [20260227] [기재정정]자기전환사채만기전취득결정               (20260227801728),,,,https://dart.fss.or.kr/dsaf001/main.do?rcpNo=20260430801763 || https://dart.fss.or.kr/dsaf001/main.do?rcpNo=20260430001854 || https://dart.fss.or.kr/dsaf001/main.do?rcpNo=20260227801728,,,,20260430801763 || 20260430001854 || 20260227801728,주의
004450,삼화왕관,,26750,11.5,4.4,19.7,-35.9,0.4,-1.8,-6.8,-12.9,-3.8,-4.0,-13.4,0.58,41700,26650,0,False,False,False,561,997,0.2,0.2,0.3,0.56,0,False,False,False,False,-,64.9,-0.0,0.1,0.7,0.1,True,3,강세,-4,0,-1,-3,74.0,27.1,1496.93,,1.69,-43023.0,-43023.0,-43023.0,10,10,1.0,67.9,63.900000000000006,004450,00129235,0,0,0,0,,,,,,,,,,,안전
025540,한국단자,,79700,35.9,16.3,3.7,-15.2,38.9,-3.4,-7.3,1.3,-7.5,-1.7,13.7,0.67,94000,57400,5,False,True,False,20403,31738,16.5,16.7,27.5,0.64,0,False,False,False,False,-,52.8,10.4,2.8,76.3,-9.6,True,10,강세,-4,0,-1,-3,74.0,27.1,1496.93,,1.69,-43023.0,-43023.0,-43023.0,10,10,1.0,67.8,63.8,025540,00157070,0,0,0,0,,,,,,,,,,,안전
120030,조선선재,,92700,35.3,24.5,24.5,-34.6,3.0,0.2,-8.3,-17.0,-4.1,-6.0,-8.4,1.63,141800,90000,10,False,True,True,1981,1868,2.8,1.8,1.8,1.06,0,False,False,False,False,-,54.8,-0.6,0.2,-2.1,1.2,True,3,강세,-4,0,-1,-3,74.0,27.1,1496.93,,1.69,-43023.0,-43023.0,-43023.0,10,10,1.0,67.8,63.8,120030,00796994,0,0,0,0,,,,,,,,,,,안전
001440,대한전선,,49550,27.8,0.2,23.1,-34.7,312.2,-6.9,21.3,44.7,-15.2,15.2,79.5,0.42,75900,12020,5,False,True,False,4489177,12922263,2618.6,2378.1,7497.8,0.35,0,False,False,False,False,-,59.6,-933.4,107.6,1045.6,1237.2,True,3,강세,-4,0,-1,-3,74.0,27.1,1496.93,,1.69,-43023.0,-43023.0,-43023.0,10,10,1.0,67.6,63.6,001440,00113207,0,0,0,0,,,,,,,,,,,안전
008770,호텔신라,,54700,32.6,5.3,5.9,-22.2,37.8,-5.4,-3.5,12.6,-12.0,2.4,11.6,0.67,70300,39700,5,False,True,False,316186,624460,201.8,178.4,396.3,0.51,0,False,False,False,False,-,59.4,102.2,-93.4,971.8,161.8,True,3,강세,-4,0,-1,-3,74.0,27.1,1496.93,,1.69,-43023.0,-43023.0,-43023.0,10,10,1.0,67.4,63.400000000000006,008770,00165680,0,0,1,0,,,[20250918] 매매거래정지및정지해제(중요내용공시)               (20250918800404),,,,https://dart.fss.or.kr/dsaf001/main.do?rcpNo=20250918800404,,,,안전
002320,한진,,17290,23.7,0.0,9.7,-27.5,0.0,-3.1,-10.4,-24.5,-6.5,-8.7,-13.3,0.6,23850,17290,0,False,False,False,34657,33483,3.5,6.1,6.2,1.04,0,False,False,False,False,-,67.3,-3.7,-0.6,-20.8,-3.3,True,0,강세,-4,0,-1,-3,74.0,27.1,1496.93,,1.69,-43023.0,-43023.0,-43023.0,10,10,1.0,67.3,63.3,002320,00163512,0,2,0,0,,[20250903] 주요사항보고서(자기전환사채만기전취득결정) (20250903000231) || [20250710] 주요사항보고서(제3자의전환사채매수선택권행사) (20250710000563),,,,https://dart.fss.or.kr/dsaf001/main.do?rcpNo=20250903000231 || https://dart.fss.or.kr/dsaf001/main.do?rcpNo=20250710000563,,,,20250903000231 || 20250710000563,주의
109070,주성코퍼레이션,,1413,42.2,5.3,9.5,-50.4,101.3,-2.2,-18.8,75.3,-13.7,-7.0,36.2,0.34,2850,702,5,False,True,False,552795,1105599,5.5,8.2,18.9,0.5,0,False,False,False,False,-,62.3,-3.3,-0.0,0.5,-0.1,True,0,강세,-4,0,-1,-3,74.0,27.1,1496.93,,1.69,-43023.0,-43023.0,-43023.0,10,10,1.0,67.3,63.3,109070,00753643,0,0,0,0,,,,,,,,,,,안전
019170,신풍제약,,10510,40.9,7.5,12.2,-48.7,42.8,-2.3,-7.6,-16.6,-6.1,-5.2,-17.1,0.64,20500,7360,0,False,False,False,264785,337431,23.3,28.3,37.9,0.78,0,False,False,False,False,-,57.1,6.0,0.5,-21.4,0.1,True,10,강세,-4,0,-1,-3,74.0,27.1,1496.93,,1.69,-43023.0,-43023.0,-43023.0,10,10,1.0,67.1,63.1,019170,00137359,0,1,0,0,,[20251203] 유상증자또는주식관련사채등의발행결과(자율공시)               (20251203800448),,,,https://dart.fss.or.kr/dsaf001/main.do?rcpNo=20251203800448,,,,20251203800448,주의
456040,OCI,,119600,36.5,34.3,23.0,-26.7,131.3,0.6,-12.8,40.7,-8.8,7.4,58.5,0.65,163200,51700,5,False,True,False,57344,137194,79.0,68.2,189.1,0.42,6,False,True,True,False,5일선회복/+3%반등,48.1,49.7,-32.6,256.2,146.6,True,8,강세,-4,0,-1,-3,74.0,27.1,1496.93,,1.69,-43023.0,-43023.0,-43023.0,10,10,1.0,67.1,63.1,456040,01760738,0,0,0,0,,,,,,,,,,,안전
103590,일진전기,,99700,18.9,6.3,15.2,-32.6,268.6,-5.0,8.6,21.1,-18.7,2.6,54.1,0.55,147900,27050,5,False,True,False,478095,855761,459.3,500.0,1048.4,0.56,0,False,False,False,False,-,62.0,-78.1,-386.4,-628.0,151.1,True,0,강세,-4,0,-1,-3,74.0,27.1,1496.93,,1.69,-43023.0,-43023.0,-43023.0,10,10,1.0,67.0,63.0,103590,00683469,0,0,0,0,,,,,,,,,,,안전
003670,포스코퓨처엠,,229000,26.7,19.9,23.5,-23.5,139.8,2.2,-6.9,1.6,-9.5,-0.6,15.0,0.64,299500,95477,5,False,True,False,263326,424372,629.6,609.8,1099.5,0.62,3,False,False,True,False,+3%반등,56.0,-236.3,106.3,249.8,368.3,True,3,강세,-4,0,-1,-3,74.0,27.1,1496.93,,1.69,-43023.0,-43023.0,-43023.0,10,10,1.0,67.0,63.0,003670,00155276,0,7,0,0,,[20250729] 유상증자또는주식관련사채등의발행결과(자율공시)               (20250729800118) || [20250728] 유상증자또는주식관련사채등의청약결과(자율공시)               (20250728800052) || [20250723] 유상증자또는주식관련사채등의청약결과(자율공시)               (20250723800061),,,,https://dart.fss.or.kr/dsaf001/main.do?rcpNo=20250729800118 || https://dart.fss.or.kr/dsaf001/main.do?rcpNo=20250728800052 || https://dart.fss.or.kr/dsaf001/main.do?rcpNo=20250723800061,,,,20250729800118 || 20250728800052 || 20250723800061,주의
090430,아모레퍼시픽,,116600,33.5,6.4,22.8,-31.0,1.0,-2.8,-11.8,-25.5,-8.6,-11.3,-9.1,0.56,169000,115500,0,False,False,False,240855,342405,213.7,283.6,451.3,0.7,0,False,False,False,False,-,58.9,60.7,-382.4,-1046.6,-805.6,True,8,강세,-4,0,-1,-3,74.0,27.1,1496.93,,1.69,-43023.0,-43023.0,-43023.0,10,10,1.0,66.9,62.900000000000006,090430,00583424,0,0,0,0,,,,,,,,,,,안전
000220,유유제약,,3810,30.1,4.1,12.1,-25.3,0.4,-3.2,-11.0,-19.6,-6.1,-8.6,-11.5,1.23,5100,3795,0,False,False,False,55546,62634,2.9,2.1,2.5,0.89,0,False,False,False,False,-,66.8,-0.6,-0.1,-7.8,0.1,True,0,강세,-4,0,-1,-3,74.0,27.1,1496.93,,1.69,-43023.0,-43023.0,-43023.0,10,10,1.0,66.8,62.8,000220,00144818,0,0,0,0,,,,,,,,,,,안전
267260,HD현대일렉트릭,,1094000,24.2,14.9,15.8,-23.5,216.6,-0.1,-3.1,2.5,-11.9,0.8,30.7,1.07,1430000,345500,5,False,True,False,166733,196014,2248.7,1864.4,2446.6,0.85,3,False,False,True,False,+3%반등,58.8,-1084.7,-115.0,-6559.6,1978.6,True,0,강세,-4,0,-1,-3,74.0,27.1,1496.93,,1.69,-43023.0,-43023.0,-43023.0,10,10,1.0,66.8,62.8,267260,01205851,0,0,0,0,,,,,,,,,,,안전
000210,DL,,56200,36.2,29.7,21.5,-27.7,65.8,2.2,-15.1,12.0,-10.9,-9.3,23.2,0.66,77700,33900,5,False,True,False,116595,165700,59.9,66.7,107.6,0.7,3,False,False,True,False,+3%반등,50.8,45.5,-44.5,268.4,-66.3,True,8,강세,-4,0,-1,-3,74.0,27.1,1496.93,,1.69,-43023.0,-43023.0,-43023.0,10,10,1.0,66.8,62.8,000210,00109693,0,1,0,0,,[20250811] 유상증자결정(종속회사의주요경영사항)               (20250811800470),,,,https://dart.fss.or.kr/dsaf001/main.do?rcpNo=20250811800470,,,,20250811800470,주의
004990,롯데지주,,25550,33.8,2.9,4.5,-35.5,8.7,-6.8,-10.0,-33.8,-10.1,-11.5,-13.1,0.94,39600,23500,0,False,False,False,271399,336957,83.2,71.5,96.5,0.81,0,False,False,False,False,-,66.7,-44.0,-52.4,-83.1,-151.3,True,0,강세,-4,0,-1,-3,74.0,27.1,1496.93,,1.69,-43023.0,-43023.0,-43023.0,10,10,1.0,66.7,62.7,004990,00120562,0,4,0,0,,[20260428] [기재정정]주요사항보고서(감자결정)(자회사의 주요경영사항)               (20260428801146) || [20260304] 주요사항보고서(감자결정)(자회사의 주요경영사항)               (20260304800850) || [20251226] [기재정정]유상증자결정(종속회사의주요경영사항)               (20251226800768),,,,https://dart.fss.or.kr/dsaf001/main.do?rcpNo=20260428801146 || https://dart.fss.or.kr/dsaf001/main.do?rcpNo=20260304800850 || https://dart.fss.or.kr/dsaf001/main.do?rcpNo=20251226800768,,,,20260428801146 || 20260304800850 || 20251226800768,주의
034310,NICE,,12440,22.4,3.0,3.1,-19.4,11.1,-6.3,-8.2,-19.4,-8.8,-9.1,-8.6,1.22,15430,11200,0,False,False,False,65172,58676,9.1,8.4,8.0,1.11,0,False,False,False,False,-,66.7,-5.8,-3.8,-13.8,2.2,True,0,강세,-4,0,-1,-3,74.0,27.1,1496.93,,1.69,-43023.0,-43023.0,-43023.0,10,10,1.0,66.7,62.7,034310,00158316,0,4,0,0,,[20260327] [기재정정]유상증자결정(종속회사의주요경영사항)               (20260327802178) || [20260324] 유상증자결정(종속회사의주요경영사항)               (20260324801403) || [20251216] [기재정정]유상증자결정(종속회사의주요경영사항)               (20251216801975),,,,https://dart.fss.or.kr/dsaf001/main.do?rcpNo=20260327802178 || https://dart.fss.or.kr/dsaf001/main.do?rcpNo=20260324801403 || https://dart.fss.or.kr/dsaf001/main.do?rcpNo=20251216801975,,,,20260327802178 || 20260324801403 || 20251216801975,주의
005070,코스모신소재,,53000,33.5,38.7,31.3,-20.2,79.7,8.3,-13.5,-7.5,-7.1,-3.6,6.2,1.08,66400,29500,5,False,True,False,272664,280802,158.8,145.2,163.2,0.97,6,False,True,True,False,5일선회복/+3%반등,47.5,-116.6,4.7,-128.6,-21.4,True,8,강세,-4,0,-1,-3,74.0,27.1,1496.93,,1.69,-43023.0,-43023.0,-43023.0,10,10,1.0,66.5,62.5,005070,00129989,0,4,0,0,,[20260313] 주요사항보고서(유상증자결정) (20260313000741) || [20260130] 유상증자또는주식관련사채등의발행결과(자율공시)               (20260130801250) || [20260116] [기재정정]주요사항보고서(전환사채권발행결정) (20260116000490),,,,https://dart.fss.or.kr/dsaf001/main.do?rcpNo=20260313000741 || https://dart.fss.or.kr/dsaf001/main.do?rcpNo=20260130801250 || https://dart.fss.or.kr/dsaf001/main.do?rcpNo=20260116000490,,,,20260313000741 || 20260130801250 || 20260116000490,주의
104700,한국철강,,9200,17.7,11.6,21.7,-21.5,9.1,-2.0,-8.0,-5.4,-6.9,-5.5,-6.1,0.39,11720,8430,5,False,True,False,40112,97628,3.6,3.7,10.4,0.41,0,False,False,False,False,-,58.5,-6.0,1.5,-10.8,1.7,True,3,강세,-4,0,-1,-3,74.0,27.1,1496.93,,1.69,-43023.0,-43023.0,-43023.0,10,10,1.0,66.5,62.5,104700,00687711,0,0,0,0,,,,,,,,,,,안전
005820,원림,,14900,21.7,11.8,19.3,-16.8,14.2,-0.1,-9.8,-6.1,-7.0,-5.7,-0.6,0.6,17900,13050,5,False,True,False,3654,4334,0.4,0.5,0.7,0.84,0,False,False,False,False,-,58.4,0.1,0.0,1.1,-0.0,True,3,강세,-4,0,-1,-3,74.0,27.1,1496.93,,1.69,-43023.0,-43023.0,-43023.0,10,10,1.0,66.4,62.400000000000006,005820,00143794,0,0,0,0,,,,,,,,,,,안전
114090,GKL,,10890,37.8,4.5,0.6,-39.4,0.8,-8.3,-8.0,-18.7,-7.6,-8.0,-22.7,1.71,17970,10800,0,False,False,False,368233,424571,80.6,41.4,50.1,0.87,0,False,False,False,False,-,66.4,-4.8,-6.3,-32.3,2.0,True,0,강세,-4,0,-1,-3,74.0,27.1,1496.93,,1.69,-43023.0,-43023.0,-43023.0,10,10,1.0,66.4,62.400000000000006,114090,00557508,0,0,0,0,,,,,,,,,,,안전
010960,삼호개발,,3375,20.8,10.7,11.7,-21.8,3.5,-4.5,-14.7,-20.5,-9.6,-12.8,-8.1,1.01,4315,3260,0,False,False,False,53337,57608,2.0,1.8,2.1,0.93,0,False,False,False,False,-,66.3,-2.8,-0.4,-4.6,2.4,True,0,강세,-4,0,-1,-3,74.0,27.1,1496.93,,1.69,-43023.0,-43023.0,-43023.0,10,10,1.0,66.3,62.3,010960,00128980,0,1,0,0,,[20250922] 유상증자또는주식관련사채등의발행결과(자율공시)               (20250922800268),,,,https://dart.fss.or.kr/dsaf001/main.do?rcpNo=20250922800268,,,,20250922800268,주의
009180,한솔로지스틱스,,2910,19.8,0.7,14.7,-22.4,34.1,-3.2,-6.1,-5.7,-8.1,-5.8,0.3,0.55,3750,2170,5,False,True,False,126362,219298,3.5,3.7,7.1,0.58,0,False,False,False,False,-,61.1,-3.2,-0.7,-8.7,-4.0,True,0,강세,-4,0,-1,-3,74.0,27.1,1496.93,,1.69,-43023.0,-43023.0,-43023.0,10,10,1.0,66.1,62.1,009180,00140946,0,0,0,0,,,,,,,,,,,안전
001530,DI동일,,25300,37.5,6.8,4.8,-39.7,68.9,-10.1,-16.8,4.8,-12.1,-0.4,2.9,0.91,41953,14981,0,False,False,False,94208,125002,27.1,26.0,36.8,0.75,0,False,False,False,False,-,66.1,-26.1,-9.8,-35.9,31.7,True,0,강세,-4,0,-1,-3,74.0,27.1,1496.93,,1.69,-43023.0,-43023.0,-43023.0,10,10,1.0,66.1,62.1,001530,00118345,0,0,0,0,,,,,,,,,,,안전
145990,삼양사,,43100,32.0,4.8,14.3,-27.7,0.5,-2.4,-8.2,-19.4,-5.6,-6.5,-12.0,1.27,59600,42900,0,False,False,False,9730,9220,5.0,4.2,4.2,1.06,0,False,False,False,False,-,62.8,-4.7,4.0,-12.2,5.0,True,3,강세,-4,0,-1,-3,74.0,27.1,1496.93,,1.69,-43023.0,-43023.0,-43023.0,10,10,1.0,65.8,61.8,145990,00896285,0,0,0,0,,,,,,,,,,,안전
000720,현대건설,,143600,38.7,29.9,18.2,-27.6,235.9,3.1,-18.1,6.1,-8.6,-11.3,42.8,0.7,198400,42750,5,False,True,False,834673,1094913,1114.4,1209.6,1739.1,0.76,3,False,False,True,False,+3%반등,49.8,324.6,-3.5,2026.8,-2486.4,True,8,강세,-4,0,-1,-3,74.0,27.1,1496.93,,1.69,-43023.0,-43023.0,-43023.0,10,10,1.0,65.8,61.8,000720,00164478,0,0,0,0,,,,,,,,,,,안전
009160,SIMPAC,,5280,31.0,4.7,6.8,-23.5,27.8,-7.2,-1.3,0.8,-12.5,-4.0,5.0,0.5,6900,4130,5,False,True,False,162153,342664,8.7,8.9,21.0,0.47,0,False,False,False,False,-,60.8,-5.7,-3.1,-17.9,-1.7,True,0,강세,-4,0,-1,-3,74.0,27.1,1496.93,,1.69,-43023.0,-43023.0,-43023.0,10,10,1.0,65.8,61.8,009160,00138260,0,3,1,0,,[20251215] 최대주주변경               (20251215801703) || [20251215] 최대주주등소유주식변동신고서(최대주주변경시)               (20251215801495) || [20251002] 주요사항보고서(감자결정) (20251002000370),[20251002] 매매거래정지및정지해제(중요내용공시)               (20251002800382),,,https://dart.fss.or.kr/dsaf001/main.do?rcpNo=20251215801703 || https://dart.fss.or.kr/dsaf001/main.do?rcpNo=20251215801495 || https://dart.fss.or.kr/dsaf001/main.do?rcpNo=20251002000370,https://dart.fss.or.kr/dsaf001/main.do?rcpNo=20251002800382,,,20251215801703 || 20251215801495 || 20251002000370,주의
016090,대현,,1620,26.2,2.4,1.2,-17.8,1.1,-5.2,-8.1,-6.5,-6.8,-6.0,-7.0,0.52,1972,1602,0,False,False,False,165708,311661,2.7,2.7,5.5,0.53,0,False,False,False,False,-,65.7,-1.1,-1.1,-1.3,2.9,True,0,강세,-4,0,-1,-3,74.0,27.1,1496.93,,1.69,-43023.0,-43023.0,-43023.0,10,10,1.0,65.7,61.7,016090,00113614,0,0,0,0,,,,,,,,,,,안전
007700,F&F홀딩스,,17680,32.0,10.2,15.9,-29.1,44.7,-2.3,-7.0,-21.6,-6.8,-6.0,-7.9,0.57,24950,12220,5,False,True,False,15656,18520,1.9,2.8,3.5,0.85,0,False,False,False,False,-,60.7,-1.7,-0.6,-2.7,-0.7,True,0,강세,-4,0,-1,-3,74.0,27.1,1496.93,,1.69,-43023.0,-43023.0,-43023.0,10,10,1.0,65.7,61.7,007700,00126487,0,0,0,0,,,,,,,,,,,안전
027410,BGF,,4540,28.7,5.3,8.7,-16.2,26.3,-4.6,-9.2,5.0,-7.9,-5.6,8.3,0.75,5420,3595,0,False,False,False,262774,289472,10.0,12.2,14.3,0.91,0,False,False,False,False,-,62.6,0.6,-3.6,14.7,1.9,True,3,강세,-4,0,-1,-3,74.0,27.1,1496.93,,1.69,-43023.0,-43023.0,-43023.0,10,10,1.0,65.6,61.6,027410,00219097,0,0,0,0,,,,,,,,,,,안전
004000,롯데정밀화학,,52500,20.3,10.4,20.2,-26.9,49.4,-3.5,-5.9,4.8,-11.9,-4.5,9.0,0.73,71800,35150,5,False,True,False,68937,133925,46.7,36.5,83.2,0.51,0,False,False,False,False,-,60.5,-8.3,-31.1,78.5,-142.0,True,0,강세,-4,0,-1,-3,74.0,27.1,1496.93,,1.69,-43023.0,-43023.0,-43023.0,10,10,1.0,65.5,61.5,004000,00157681,0,0,0,0,,,,,,,,,,,안전
047040,대우건설,,26750,37.6,9.7,16.0,-33.7,705.7,-1.1,-19.5,256.7,-13.9,6.0,175.7,0.65,40350,3320,5,False,True,False,12820088,17423897,3022.2,3612.5,5672.5,0.74,0,False,False,False,False,-,60.4,-169.2,-331.2,263.5,-574.6,True,0,강세,-4,0,-1,-3,74.0,27.1,1496.93,,1.69,-43023.0,-43023.0,-43023.0,10,10,1.0,65.4,61.400000000000006,047040,00124540,0,0,1,0,,,[20251216] 매매거래정지및정지해제(중요내용공시)               (20251216801928),,,,https://dart.fss.or.kr/dsaf001/main.do?rcpNo=20251216801928,,,,안전
071840,롯데하이마트,,6870,25.1,5.6,24.1,-32.1,0.9,-1.9,-14.4,-22.6,-6.6,-10.8,-12.9,0.44,10120,6810,0,False,False,False,24558,55320,1.7,1.7,4.0,0.44,0,False,False,False,False,-,65.4,-1.1,0.0,-7.5,-2.2,True,0,강세,-4,0,-1,-3,74.0,27.1,1496.93,,1.69,-43023.0,-43023.0,-43023.0,10,10,1.0,65.4,61.400000000000006,071840,00158307,0,0,0,0,,,,,,,,,,,안전
006370,대구백화점,,5080,38.2,23.4,23.9,-35.5,21.7,-1.7,-16.7,-0.6,-6.3,-6.9,-11.9,0.66,7880,4175,10,False,True,True,34707,53726,1.8,1.8,2.9,0.65,3,False,False,True,False,+3%반등,52.3,-1.4,0.0,-0.8,-0.3,True,0,강세,-4,0,-1,-3,74.0,27.1,1496.93,,1.69,-43023.0,-43023.0,-43023.0,10,10,1.0,65.3,61.3,006370,00108977,0,0,0,0,,,,,,,,,,,안전
000860,강남제비스코,,14010,32.5,3.2,13.5,-25.8,26.1,-6.5,-15.0,-23.3,-10.0,-7.3,0.7,1.31,18880,11110,0,False,False,False,35296,29849,5.2,5.2,4.7,1.18,0,False,False,False,False,-,65.2,-0.7,-0.4,-7.2,-1.7,True,0,강세,-4,0,-1,-3,74.0,27.1,1496.93,,1.69,-43023.0,-43023.0,-43023.0,10,10,1.0,65.2,61.2,000860,00100939,0,2,0,0,,[20251229] 최대주주변경               (20251229800695) || [20251229] 최대주주등소유주식변동신고서(최대주주변경시)               (20251229800732),,,,https://dart.fss.or.kr/dsaf001/main.do?rcpNo=20251229800695 || https://dart.fss.or.kr/dsaf001/main.do?rcpNo=20251229800732,,,,20251229800695 || 20251229800732,주의
023450,동남합성,,28950,20.3,35.0,-7.0,-17.8,5.1,-3.7,-4.5,-9.1,-4.2,-4.7,-8.4,1.47,35200,27550,0,False,False,False,2482,2400,1.1,0.7,0.7,1.03,0,False,False,False,False,-,61.7,0.1,-0.5,0.9,0.4,True,3,강세,-4,0,-1,-3,74.0,27.1,1496.93,,1.69,-43023.0,-43023.0,-43023.0,10,10,1.0,64.7,60.7,023450,00115065,0,0,0,0,,,,,,,,,,,안전
003080,SB성보,,2380,18.6,4.1,23.4,-20.3,0.4,-1.2,-11.7,-12.8,-5.3,-8.0,-13.2,0.83,2985,2370,5,False,True,False,16669,31885,0.7,0.4,0.8,0.52,0,False,False,False,False,-,59.6,-0.1,-0.2,-0.3,-0.1,True,0,강세,-4,0,-1,-3,74.0,27.1,1496.93,,1.69,-43023.0,-43023.0,-43023.0,10,10,1.0,64.6,60.6,003080,00132725,0,0,0,0,,,,,,,,,,,안전
001420,태원물산,,2830,36.1,17.8,4.3,-37.8,7.6,-3.1,-8.4,-8.0,-5.6,-3.3,-12.5,0.14,4550,2630,0,False,False,False,15543,12385,0.0,0.4,0.4,1.25,0,False,False,False,False,-,61.5,0.1,0.0,0.3,-0.0,True,3,강세,-4,0,-1,-3,74.0,27.1,1496.93,,1.69,-43023.0,-43023.0,-43023.0,10,10,1.0,64.5,60.5,001420,00154055,0,0,0,0,,,,,,,,,,,안전
002100,경농,,9120,22.2,2.2,10.4,-23.4,6.7,-3.8,-8.3,-6.5,-7.5,-6.8,-4.5,0.47,11900,8550,0,False,False,False,59669,138782,6.2,5.5,14.1,0.43,0,False,False,False,False,-,64.3,-4.8,-0.6,-19.8,17.8,True,0,강세,-4,0,-1,-3,74.0,27.1,1496.93,,1.69,-43023.0,-43023.0,-43023.0,10,10,1.0,64.3,60.3,002100,00101433,0,0,0,0,,,,,,,,,,,안전
014440,영보화학,,4520,28.6,15.6,-12.6,-16.5,7.6,-3.4,-4.2,-9.6,-4.0,-3.6,-2.5,1.39,5410,4200,0,False,False,False,53874,52172,3.4,2.5,2.5,1.03,0,False,False,False,False,-,64.2,-1.3,-0.0,-6.4,-0.1,True,0,강세,-4,0,-1,-3,74.0,27.1,1496.93,,1.69,-43023.0,-43023.0,-43023.0,10,10,1.0,64.2,60.2,014440,00140779,0,0,0,0,,,,,,,,,,,안전
014580,태경비케이,,4385,27.2,16.3,15.0,-33.3,8.0,-1.7,-7.0,-8.9,-4.9,-4.1,-7.6,0.79,6570,4060,0,False,False,False,136278,197609,6.6,6.0,9.2,0.69,0,False,False,False,False,-,64.2,-4.5,-0.0,-6.1,-0.3,True,0,강세,-4,0,-1,-3,74.0,27.1,1496.93,,1.69,-43023.0,-43023.0,-43023.0,10,10,1.0,64.2,60.2,014580,00122481,0,0,0,0,,,,,,,,,,,안전
022100,포스코DX,,31150,39.6,25.5,13.5,-31.7,55.8,0.5,-9.8,-17.4,-8.1,-4.8,6.0,0.67,45600,20000,5,False,True,False,415013,643086,138.0,130.7,219.3,0.65,0,False,False,False,False,-,48.9,65.6,5.7,18.1,-9.2,True,10,강세,-4,0,-1,-3,74.0,27.1,1496.93,,1.69,-43023.0,-43023.0,-43023.0,10,10,1.0,63.9,59.9,022100,00155212,0,0,0,0,,,,,,,,,,,안전
107590,미원홀딩스,,57100,13.2,0.0,20.6,-27.7,0.0,-1.9,-12.0,-17.5,-4.9,-9.1,-15.7,0.59,79000,57100,0,False,False,False,526,669,0.2,0.3,0.4,0.79,0,False,False,False,False,-,63.8,0.0,-0.1,0.1,-0.6,True,0,강세,-4,0,-1,-3,74.0,27.1,1496.93,,1.69,-43023.0,-43023.0,-43023.0,10,10,1.0,63.8,59.8,107590,00706715,0,0,0,0,,,,,,,,,,,안전
139480,이마트,,88100,39.8,4.7,8.5,-35.4,25.3,-5.9,-14.8,-21.6,-14.1,-11.3,0.6,1.06,136400,70300,5,False,True,False,298435,282164,268.6,271.0,290.7,1.06,0,False,False,False,False,-,58.8,-144.0,-52.9,29.2,147.6,True,0,강세,-4,0,-1,-3,74.0,27.1,1496.93,,1.69,-43023.0,-43023.0,-43023.0,10,10,1.0,63.8,59.8,139480,00872984,1,1,0,0,[20251118] 횡령ㆍ배임혐의발생               (20251118800493),[20260514] 유상증자결정(종속회사의주요경영사항)               (20260514801027),,,https://dart.fss.or.kr/dsaf001/main.do?rcpNo=20251118800493,https://dart.fss.or.kr/dsaf001/main.do?rcpNo=20260514801027,,,20251118800493,20260514801027,위험
126720,수산인더스트리,,27700,25.8,5.0,14.4,-23.9,42.6,-4.6,-9.6,-4.6,-11.9,-6.7,12.4,0.76,36400,19420,0,False,False,False,51516,88849,16.6,14.6,28.7,0.58,0,False,False,False,False,-,63.6,-0.6,-2.7,-22.7,7.2,True,0,강세,-4,0,-1,-3,74.0,27.1,1496.93,,1.69,-43023.0,-43023.0,-43023.0,10,10,1.0,63.6,59.6,126720,00193328,0,0,0,0,,,,,,,,,,,안전
094800,맵스리얼티,,5770,43.3,40.4,37.6,-29.5,35.1,3.8,-25.5,-11.9,-6.7,-13.8,2.1,0.39,8190,4270,10,False,True,True,109976,172153,3.8,6.3,11.2,0.64,6,False,True,True,False,5일선회복/+3%반등,39.6,-5.1,10.2,0.8,44.3,True,8,강세,-4,0,-1,-3,74.0,27.1,1496.93,,1.69,-43023.0,-43023.0,-43023.0,10,10,1.0,63.6,59.6,094800,00600013,0,0,0,0,,,,,,,,,,,안전
002600,조흥,,140800,23.8,19.1,-0.3,-14.4,0.9,-2.2,-4.1,-12.1,-2.9,-3.0,-7.8,1.62,164400,139500,0,False,False,False,193,261,0.5,0.3,0.4,0.74,0,False,False,False,False,-,63.6,0.0,-0.0,0.1,-0.3,True,0,강세,-4,0,-1,-3,74.0,27.1,1496.93,,1.69,-43023.0,-43023.0,-43023.0,10,10,1.0,63.6,59.6,002600,00149345,0,0,0,0,,,,,,,,,,,안전
013890,지누스,,9740,12.4,1.7,-3.6,-56.0,0.5,-15.7,-22.5,-25.4,-16.7,-15.6,-28.1,2.46,22150,9690,0,False,False,False,58573,42789,10.6,6.1,4.9,1.37,-30,True,False,False,False,⚠️떨어지는칼날,93.5,-9.8,-3.0,-17.0,-8.2,True,0,강세,-4,0,-1,-3,74.0,27.1,1496.93,,1.69,-43023.0,-43023.0,-43023.0,10,10,1.0,63.5,59.5,013890,00150633,0,1,0,0,,[20260220] 주요사항보고서(감자결정) (20260220001622),,,,https://dart.fss.or.kr/dsaf001/main.do?rcpNo=20260220001622,,,,20260220001622,주의
025890,한국주강,,1963,28.6,28.1,23.0,-16.1,31.4,-0.8,-5.6,14.3,-5.9,-0.5,6.0,0.51,2340,1494,10,False,True,True,38709,59883,0.6,0.7,1.3,0.65,3,False,True,False,False,5일선회복,50.5,-0.0,-0.0,-1.2,-0.0,True,0,강세,-4,0,-1,-3,74.0,27.1,1496.93,,1.69,-43023.0,-43023.0,-43023.0,10,10,1.0,63.5,59.5,025890,00159564,0,0,0,0,,,,,,,,,,,안전
015230,대창단조,,6360,29.2,9.6,11.9,-15.1,25.4,-2.8,-8.2,-9.9,-6.9,-6.3,-2.2,0.96,7490,5070,0,False,False,False,62639,111985,6.9,4.0,7.8,0.56,0,False,False,False,False,-,60.4,-5.5,0.3,-5.2,11.5,True,3,강세,-4,0,-1,-3,74.0,27.1,1496.93,,1.69,-43023.0,-43023.0,-43023.0,10,10,1.0,63.4,59.4,015230,00112679,0,0,0,0,,,,,,,,,,,안전
031440,신세계푸드,,43900,41.1,4.2,5.4,-25.3,33.4,-3.8,-14.1,-8.5,-13.5,-11.9,-1.1,0.9,58800,32900,10,True,True,False,45916,21032,8.6,21.3,10.4,2.18,0,False,False,False,False,-,53.4,-4.9,-32.9,-13.6,-13.8,True,0,강세,-4,0,-1,-3,74.0,27.1,1496.93,,1.69,-43023.0,-43023.0,-43023.0,10,10,1.0,63.4,59.4,031440,00274933,0,0,2,0,,,[20260310] 매매거래정지및정지해제(중요내용공시)               (20260310801616) || [20250828] 매매거래정지및정지해제(중요내용공시)               (20250828800503),,,,https://dart.fss.or.kr/dsaf001/main.do?rcpNo=20260310801616 || https://dart.fss.or.kr/dsaf001/main.do?rcpNo=20250828800503,,,,안전
128820,대성산업,,6130,43.0,1.4,15.2,-53.3,inf,-5.7,-11.7,-35.7,-10.2,-12.1,0.1,0.38,13140,0,0,False,False,False,506755,1479266,36.3,31.8,110.5,0.34,0,False,False,False,False,-,55.3,5.9,0.0,-38.5,-0.0,True,8,강세,-4,0,-1,-3,74.0,27.1,1496.93,,1.69,-43023.0,-43023.0,-43023.0,10,10,1.0,63.3,59.3,128820,00828789,0,0,0,0,,,,,,,,,,,안전
003480,한진중공업홀딩스,,5270,24.8,4.8,9.4,-22.4,24.0,-6.6,-5.7,-0.8,-10.6,-1.7,4.9,0.54,6790,4250,0,False,False,False,72673,145785,3.8,4.0,8.8,0.5,0,False,False,False,False,-,63.1,-4.0,-0.0,-7.2,0.2,True,0,강세,-4,0,-1,-3,74.0,27.1,1496.93,,1.69,-43023.0,-43023.0,-43023.0,10,10,1.0,63.1,59.1,003480,00163673,0,1,0,0,,[20250724] [기재정정]유상증자결정(자회사의 주요경영사항)               (20250724800612),,,,https://dart.fss.or.kr/dsaf001/main.do?rcpNo=20250724800612,,,,20250724800612,주의
126560,현대퓨처넷,,2970,22.1,4.1,17.9,-20.8,0.5,-2.1,-13.4,-15.5,-6.7,-9.2,-8.7,0.42,3750,2955,0,False,False,False,101635,129641,1.7,3.0,4.1,0.78,0,False,False,False,False,-,62.9,-0.7,-0.6,-2.7,-3.5,True,0,강세,-4,0,-1,-3,74.0,27.1,1496.93,,1.69,-43023.0,-43023.0,-43023.0,10,10,1.0,62.9,58.9,126560,00403632,0,1,0,0,,[20260225] 주요사항보고서(감자결정) (20260225001808),,,,https://dart.fss.or.kr/dsaf001/main.do?rcpNo=20260225001808,,,,20260225001808,주의
004430,송원산업,,11190,12.9,4.6,21.2,-33.1,32.1,-5.2,5.2,16.0,-13.5,3.7,13.2,0.19,16730,8470,0,False,False,False,203399,960490,20.8,23.5,136.4,0.21,0,False,False,False,False,-,59.8,-7.0,2.4,59.3,21.4,True,3,강세,-4,0,-1,-3,74.0,27.1,1496.93,,1.69,-43023.0,-43023.0,-43023.0,10,10,1.0,62.8,58.8,004430,00134963,0,0,0,0,,,,,,,,,,,안전
005810,풍산홀딩스,,40300,33.0,29.3,21.7,-33.8,40.9,0.6,-8.6,-2.4,-6.2,-4.7,0.2,0.53,60900,28600,5,False,True,False,44395,87045,18.7,18.0,38.3,0.51,0,False,False,False,False,-,54.8,-2.8,2.1,1.0,3.8,True,3,강세,-4,0,-1,-3,74.0,27.1,1496.93,,1.69,-43023.0,-43023.0,-43023.0,10,10,1.0,62.8,58.8,005810,00155531,0,0,0,0,,,,,,,,,,,안전
025530,SJM홀딩스,,3595,33.3,7.8,6.5,-10.2,9.3,-1.5,-4.5,-7.6,-4.2,-2.5,-2.3,1.14,4005,3290,5,False,False,True,33392,27806,1.2,1.2,1.0,1.2,0,False,False,False,False,-,54.5,0.3,0.0,1.2,-0.0,True,3,강세,-4,0,-1,-3,74.0,27.1,1496.93,,1.69,-43023.0,-43023.0,-43023.0,10,10,1.0,62.5,58.5,025530,00181943,1,0,0,0,[20260226] 자본잠식50%이상또는매출액50억원미만사실발생(자회사의 주요경영사항)               (20260226801038),,,,https://dart.fss.or.kr/dsaf001/main.do?rcpNo=20260226801038,,,,20260226801038,,위험
012750,에스원,,68900,39.6,13.1,25.9,-33.1,7.2,-3.4,-21.8,-25.7,-8.1,-16.9,-13.7,1.16,103000,64300,0,False,False,False,83952,81270,67.3,58.3,60.1,1.03,0,False,False,False,False,-,54.4,3.3,-37.2,-102.6,-107.1,True,8,강세,-4,0,-1,-3,74.0,27.1,1496.93,,1.69,-43023.0,-43023.0,-43023.0,10,10,1.0,62.4,58.4,012750,00158501,0,0,0,0,,,,,,,,,,,안전
030720,동원수산,,6070,18.3,12.8,22.5,-24.6,15.0,-0.3,-4.1,-1.3,-8.8,-3.7,-1.2,0.53,8050,5280,5,False,True,False,41859,85798,2.9,2.6,6.0,0.49,0,False,False,False,False,-,57.2,-1.8,-0.0,7.0,-0.0,True,0,강세,-4,0,-1,-3,74.0,27.1,1496.93,,1.69,-43023.0,-43023.0,-43023.0,10,10,1.0,62.2,58.2,030720,00118044,0,0,0,0,,,,,,,,,,,안전
214390,경보제약,,6060,37.3,27.8,24.6,-34.8,27.4,0.0,-11.1,1.0,-4.6,-11.8,0.9,0.97,9300,4755,5,False,True,False,82241,96980,5.8,5.0,6.2,0.85,0,False,False,False,False,-,49.2,1.8,-0.0,8.6,1.0,True,8,강세,-4,0,-1,-3,74.0,27.1,1496.93,,1.69,-43023.0,-43023.0,-43023.0,10,10,1.0,62.2,58.2,214390,00101664,0,0,1,0,,,[20250612] 매매거래정지및정지해제(중요내용공시)               (20250612800436),,,,https://dart.fss.or.kr/dsaf001/main.do?rcpNo=20250612800436,,,,안전
001630,종근당홀딩스,,45400,29.6,9.1,20.4,-23.4,3.3,-1.1,-10.1,-14.8,-4.3,-5.7,-5.8,1.19,59300,43950,0,False,False,False,5742,5414,3.0,2.6,2.6,1.06,0,False,False,False,False,-,62.2,-1.6,-0.1,-6.9,-3.0,True,0,강세,-4,0,-1,-3,74.0,27.1,1496.93,,1.69,-43023.0,-43023.0,-43023.0,10,10,1.0,62.2,58.2,001630,00149354,0,1,0,0,,[20251023] 유상증자또는주식관련사채등의발행결과(자율공시)               (20251023800522),,,,https://dart.fss.or.kr/dsaf001/main.do?rcpNo=20251023800522,,,,20251023800522,주의
298040,효성중공업,,3681000,24.6,14.3,21.8,-22.4,558.5,2.8,12.6,34.1,-8.5,11.5,65.5,0.98,4742000,559000,5,False,True,False,59865,66022,2336.6,2268.4,2654.4,0.91,3,False,False,True,False,+3%반등,54.2,-1010.9,-446.4,-5493.9,-640.7,True,0,강세,-4,0,-1,-3,74.0,27.1,1496.93,,1.69,-43023.0,-43023.0,-43023.0,10,10,1.0,62.2,58.2,298040,01316245,0,0,0,0,,,,,,,,,,,안전
298050,HS효성첨단소재,,216500,30.7,19.2,20.1,-23.2,23.2,-1.4,-8.1,-14.6,-10.0,-5.0,3.8,0.83,282000,175700,5,False,True,False,19532,26927,50.0,42.9,67.0,0.73,0,False,False,False,False,-,56.9,-37.5,-14.3,12.5,5.6,True,0,강세,-4,0,-1,-3,74.0,27.1,1496.93,,1.69,-43023.0,-43023.0,-43023.0,10,10,1.0,61.9,57.9,298050,01316254,0,2,0,0,,[20250530] 유상증자결정(종속회사의주요경영사항)               (20250530801330) || [20250530] 유상증자결정(종속회사의주요경영사항)               (20250530801315),,,,https://dart.fss.or.kr/dsaf001/main.do?rcpNo=20250530801330 || https://dart.fss.or.kr/dsaf001/main.do?rcpNo=20250530801315,,,,20250530801330 || 20250530801315,주의
072130,유엔젤,,4795,29.4,25.4,25.7,-28.4,15.3,-0.3,-13.0,3.2,-3.8,-9.0,-6.3,0.96,6700,4160,0,False,False,False,94546,129358,6.0,4.5,6.5,0.73,3,False,False,True,False,+3%반등,58.7,-5.7,-0.1,-20.0,-0.4,True,0,강세,-4,0,-1,-3,74.0,27.1,1496.93,,1.69,-43023.0,-43023.0,-43023.0,10,10,1.0,61.7,57.7,072130,00416654,0,0,0,0,,,,,,,,,,,안전
210540,디와이파워,,13470,29.3,6.5,15.8,-17.8,14.6,-2.7,-11.6,-11.1,-8.2,-6.8,-0.4,0.81,16390,11750,0,False,False,False,59244,92873,10.1,8.1,13.9,0.64,0,False,False,False,False,-,61.6,-1.9,-2.6,-3.4,-2.2,True,0,강세,-4,0,-1,-3,74.0,27.1,1496.93,,1.69,-43023.0,-43023.0,-43023.0,10,10,1.0,61.6,57.6,210540,01059605,0,0,0,0,,,,,,,,,,,안전
023000,삼원강재,,2265,24.6,16.7,19.0,-13.7,3.0,-0.9,-4.4,-7.4,-3.7,-3.0,-5.9,0.69,2625,2200,5,False,True,False,26878,52412,0.8,0.6,1.3,0.51,3,False,True,False,False,5일선회복,53.4,-0.0,0.0,-1.0,-0.2,True,0,강세,-4,0,-1,-3,74.0,27.1,1496.93,,1.69,-43023.0,-43023.0,-43023.0,10,10,1.0,61.4,57.4,023000,00191588,0,0,0,0,,,,,,,,,,,안전
259960,크래프톤,,255000,38.1,7.8,1.4,-34.8,22.3,-7.6,-4.3,-1.7,-7.3,-0.9,-5.6,0.71,391000,208500,0,False,False,False,149655,195863,356.3,391.5,540.7,0.76,0,False,False,False,False,-,58.4,261.0,-301.1,1367.0,-987.2,True,3,강세,-4,0,-1,-3,74.0,27.1,1496.93,,1.69,-43023.0,-43023.0,-43023.0,10,10,1.0,61.4,57.4,259960,00760971,0,0,0,0,,,,,,,,,,,안전
002200,한국수출포장,,2695,39.4,70.2,45.8,-28.8,12.3,4.5,-5.4,-15.9,-0.6,-5.0,-9.8,2.92,3785,2400,10,False,True,True,209590,199008,13.4,5.5,5.4,1.05,10,False,True,True,True,5일선회복/+3%반등/거래량동반양봉,41.4,-2.8,0.0,-9.7,-0.4,True,0,강세,-4,0,-1,-3,74.0,27.1,1496.93,,1.69,-43023.0,-43023.0,-43023.0,10,10,1.0,61.4,57.4,002200,00158112,0,0,1,0,,,[20260421] 매매거래정지및정지해제(중요내용공시)               (20260421800468),,,,https://dart.fss.or.kr/dsaf001/main.do?rcpNo=20260421800468,,,,안전
069620,대웅제약,,134700,41.0,37.7,24.1,-32.4,6.1,0.4,-10.1,-29.8,-4.7,-10.3,-13.3,1.09,199400,126900,5,False,True,False,39050,34291,51.2,52.4,48.4,1.14,6,False,True,True,False,5일선회복/+3%반등,42.3,-48.4,6.2,-191.0,7.9,True,8,강세,-4,0,-1,-3,74.0,27.1,1496.93,,1.69,-43023.0,-43023.0,-43023.0,10,10,1.0,61.3,57.3,069620,00427483,0,0,0,0,,,,,,,,,,,안전
003350,한국화장품제조,,8920,38.7,4.2,6.7,-37.4,5.3,-6.1,-8.2,-17.6,-8.3,-5.1,-14.4,0.7,14260,8470,0,False,False,False,131604,310592,16.4,12.0,31.0,0.42,0,False,False,False,False,-,58.3,-5.1,0.6,0.4,15.4,True,3,강세,-4,0,-1,-3,74.0,27.1,1496.93,,1.69,-43023.0,-43023.0,-43023.0,10,10,1.0,61.3,57.3,003350,00160621,0,1,0,0,,[20251014] 유상증자또는주식관련사채등의발행결과(자율공시)               (20251014800573),,,,https://dart.fss.or.kr/dsaf001/main.do?rcpNo=20251014800573,,,,20251014800573,주의
000640,동아쏘시오홀딩스,,90600,36.1,25.3,20.2,-25.7,2.7,-1.3,-6.8,-22.6,-4.4,-5.9,-13.6,1.31,121887,88200,5,False,False,True,18160,17738,21.0,16.4,16.8,1.02,7,False,True,False,True,5일선회복/거래량동반양봉,49.2,-6.0,-0.4,-28.1,-4.4,True,0,강세,-4,0,-1,-3,74.0,27.1,1496.93,,1.69,-43023.0,-43023.0,-43023.0,10,10,1.0,61.2,57.2,000640,00116824,0,1,0,0,,[20251211] [첨부정정]주요사항보고서(전환사채권발행결정)(자회사의 주요경영사항)               (20251211800606),,,,https://dart.fss.or.kr/dsaf001/main.do?rcpNo=20251211800606,,,,20251211800606,주의
012450,한화에어로스페이스,,1244000,27.2,20.7,26.8,-24.8,63.7,-3.3,-12.7,0.6,-5.7,-9.7,10.7,1.07,1655000,760000,0,False,False,False,199703,225604,2970.3,2497.6,3002.5,0.89,3,False,False,True,False,+3%반등,58.2,-102.8,-457.4,-723.2,-2270.2,True,0,강세,-4,0,-1,-3,74.0,27.1,1496.93,,1.69,-43023.0,-43023.0,-43023.0,10,10,1.0,61.2,57.2,012450,00126566,0,12,0,0,,[20260304] [기재정정]유상증자결정(종속회사의주요경영사항)               (20260304801517) || [20251223] [기재정정]유상증자결정(종속회사의주요경영사항)               (20251223800520) || [20251222] [기재정정]유상증자결정(종속회사의주요경영사항)               (20251222800718),,,,https://dart.fss.or.kr/dsaf001/main.do?rcpNo=20260304801517 || https://dart.fss.or.kr/dsaf001/main.do?rcpNo=20251223800520 || https://dart.fss.or.kr/dsaf001/main.do?rcpNo=20251222800718,,,,20260304801517 || 20251223800520 || 20251222800718,주의
136490,선진,,9960,36.5,3.9,3.8,-34.3,36.4,-8.0,-7.3,-24.1,-7.8,-5.8,-7.7,0.99,15150,7300,0,False,False,False,151773,180497,18.3,15.7,19.8,0.84,0,False,False,False,False,-,61.1,-17.0,-0.9,-13.7,-1.9,True,0,강세,-4,0,-1,-3,74.0,27.1,1496.93,,1.69,-43023.0,-43023.0,-43023.0,10,10,1.0,61.1,57.1,136490,00855093,0,0,0,0,,,,,,,,,,,안전
037560,LG헬로비전,,2145,38.5,19.1,25.4,-39.3,3.1,1.2,-8.9,-14.9,-4.1,-5.8,-13.5,0.95,3535,2080,5,False,False,True,171200,217550,4.6,3.7,4.9,0.79,3,False,False,True,False,+3%반등,50.0,0.3,-0.1,-11.9,-0.2,True,3,강세,-4,0,-1,-3,74.0,27.1,1496.93,,1.69,-43023.0,-43023.0,-43023.0,10,10,1.0,61.0,57.0,037560,00222532,0,0,0,0,,,,,,,,,,,안전
034020,두산에너빌리티,,108500,35.2,22.3,22.0,-22.1,248.9,2.4,-11.5,6.4,-9.4,-1.6,25.3,0.8,139200,31100,5,False,True,False,3243296,4167268,3553.8,3498.9,5046.1,0.78,6,False,True,True,False,5일선회복/+3%반등,49.9,-822.0,-873.5,-4659.7,-4066.9,True,0,강세,-4,0,-1,-3,74.0,27.1,1496.93,,1.69,-43023.0,-43023.0,-43023.0,10,10,1.0,60.9,56.9,034020,00159616,0,0,0,0,,,,,,,,,,,안전
005740,크라운해태홀딩스,,6440,36.4,15.6,5.9,-38.6,7.2,-2.9,-7.5,-13.2,-7.7,-6.3,-7.6,1.02,10490,6010,0,False,False,False,35834,42585,2.9,2.3,3.0,0.84,0,False,False,False,False,-,60.9,-1.1,-0.0,2.2,-0.0,True,0,강세,-4,0,-1,-3,74.0,27.1,1496.93,,1.69,-43023.0,-43023.0,-43023.0,10,10,1.0,60.9,56.9,005740,00153126,0,0,0,0,,,,,,,,,,,안전
306200,세아제강,,147400,26.3,9.7,14.9,-22.0,31.6,-5.3,1.4,8.1,-10.1,-2.5,10.8,0.5,189000,112000,0,False,False,False,15827,27368,20.0,24.0,46.5,0.58,0,False,False,False,False,-,57.8,36.7,-32.4,2.5,-54.5,True,3,강세,-4,0,-1,-3,74.0,27.1,1496.93,,1.69,-43023.0,-43023.0,-43023.0,10,10,1.0,60.8,56.8,306200,01325979,0,0,0,0,,,,,,,,,,,안전
035250,강원랜드,,15330,31.6,8.9,17.3,-25.9,0.8,-2.6,-8.8,-21.4,-5.3,-9.1,-13.4,1.04,20700,15210,0,False,False,False,589996,716154,115.7,91.1,116.1,0.82,0,False,False,False,False,-,60.6,-31.6,-49.7,-387.9,-75.9,True,0,강세,-4,0,-1,-3,74.0,27.1,1496.93,,1.69,-43023.0,-43023.0,-43023.0,10,10,1.0,60.6,56.6,035250,00255619,0,0,0,0,,,,,,,,,,,안전
005490,POSCO홀딩스,,423500,31.0,10.2,16.8,-21.9,84.1,-3.9,3.2,9.1,-9.7,4.9,25.1,0.74,542000,230000,5,False,True,False,475925,670009,2168.0,2053.2,3164.8,0.71,0,False,False,False,False,-,55.5,-536.9,-447.7,2690.4,496.7,True,0,강세,-4,0,-1,-3,74.0,27.1,1496.93,,1.69,-43023.0,-43023.0,-43023.0,10,10,1.0,60.5,56.5,005490,00155319,0,0,0,0,,,,,,,,,,,안전
006340,대원전선,,13060,31.3,2.6,30.2,-35.7,372.3,-7.2,60.4,140.1,-11.9,37.6,155.4,0.2,20300,2765,5,False,True,False,8302183,28119346,609.2,1207.4,3765.9,0.3,0,False,False,False,False,-,55.2,-120.9,-7.4,-117.2,88.5,True,0,강세,-4,0,-1,-3,74.0,27.1,1496.93,,1.69,-43023.0,-43023.0,-43023.0,10,10,1.0,60.2,56.2,006340,00260392,0,3,0,0,,[20251217] 유상증자결정(자율공시)(종속회사의주요경영사항)               (20251217800528) || [20251217] 감자결정(종속회사의주요경영사항)               (20251217800523) || [20251217] 유상증자결정(종속회사의주요경영사항)               (20251217800519),,,,https://dart.fss.or.kr/dsaf001/main.do?rcpNo=20251217800528 || https://dart.fss.or.kr/dsaf001/main.do?rcpNo=20251217800523 || https://dart.fss.or.kr/dsaf001/main.do?rcpNo=20251217800519,,,,20251217800528 || 20251217800523 || 20251217800519,주의
0126Z0,삼성에피스홀딩스,,484000,41.7,31.7,22.8,-37.4,47.1,1.0,-17.5,-26.1,-6.1,-8.5,,1.03,773000,329000,5,False,True,False,47641,54907,270.0,230.9,284.6,0.87,0,False,False,False,False,-,47.2,110.5,-21.6,-224.7,-499.1,True,8,강세,-4,0,-1,-3,74.0,27.1,1496.93,,1.69,-43023.0,-43023.0,-43023.0,10,10,1.0,60.2,56.2,0126Z0,01965324,0,0,0,0,,,,,,,,,,,안전
023350,한국종합기술,,4750,36.5,0.0,-1.7,-23.9,14.2,-5.6,-10.4,-1.0,-7.3,-4.2,-1.0,0.44,6240,4160,0,False,False,False,35136,118965,2.6,1.7,6.3,0.3,0,False,False,False,False,-,60.0,-1.8,-0.0,-2.1,0.5,True,0,강세,-4,0,-1,-3,74.0,27.1,1496.93,,1.69,-43023.0,-43023.0,-43023.0,10,10,1.0,60.0,56.0,023350,00159500,0,0,0,0,,,,,,,,,,,안전
025620,차AI헬스케어,,7600,40.6,61.8,43.2,-61.6,16.0,11.1,-14.3,-30.0,-2.3,-12.2,-25.9,0.89,19780,6550,10,False,True,True,16812,19722,1.3,1.2,1.6,0.85,6,False,True,True,False,5일선회복/+3%반등,44.0,-0.4,-0.0,-2.4,0.1,True,0,강세,-4,0,-1,-3,74.0,27.1,1496.93,,1.69,-43023.0,-43023.0,-43023.0,10,10,1.0,60.0,56.0,025620,00136776,0,42,0,0,,[20251218] [기재정정]주요사항보고서(전환사채권발행결정) (20251218000373) || [20251218] [기재정정]주요사항보고서(전환사채권발행결정) (20251218000333) || [20251218] [기재정정]주요사항보고서(전환사채권발행결정) (20251218000325),,,,https://dart.fss.or.kr/dsaf001/main.do?rcpNo=20251218000373 || https://dart.fss.or.kr/dsaf001/main.do?rcpNo=20251218000333 || https://dart.fss.or.kr/dsaf001/main.do?rcpNo=20251218000325,,,,20251218000373 || 20251218000333 || 20251218000325,주의
344820,KCC글라스,,25700,32.2,10.8,19.0,-25.8,5.1,-1.3,-10.0,-15.9,-6.0,-4.3,-6.7,1.15,34650,24450,0,False,False,False,23048,26865,8.0,6.0,7.3,0.86,0,False,False,False,False,-,60.0,-8.4,-2.6,-15.8,-10.7,True,0,강세,-4,0,-1,-3,74.0,27.1,1496.93,,1.69,-43023.0,-43023.0,-43023.0,10,10,1.0,60.0,56.0,344820,01428203,0,0,0,0,,,,,,,,,,,안전
123700,SJM,,3570,30.6,5.7,4.4,-15.0,16.1,-3.5,-3.4,-8.8,-4.7,-2.8,-2.6,0.84,4200,3075,0,False,False,False,35696,46309,1.4,1.3,1.7,0.77,0,False,False,False,False,-,60.0,-0.6,-0.1,0.7,-0.2,True,0,강세,-4,0,-1,-3,74.0,27.1,1496.93,,1.69,-43023.0,-43023.0,-43023.0,10,10,1.0,60.0,56.0,123700,00815369,0,0,0,0,,,,,,,,,,,안전
009830,한화솔루션,,42350,40.4,36.9,29.3,-28.6,64.8,2.5,-9.5,-17.3,-6.5,-3.3,21.6,0.43,59300,25700,5,False,True,False,1660342,3968260,714.7,704.2,1874.0,0.42,6,False,True,True,False,5일선회복/+3%반등,38.9,218.3,142.5,502.6,-78.5,True,10,강세,-4,0,-1,-3,74.0,27.1,1496.93,,1.69,-43023.0,-43023.0,-43023.0,10,10,1.0,59.9,55.9,009830,00162461,0,10,0,0,,[20260526] [기재정정]주요사항보고서(유상증자결정) (20260526000307) || [20260514] [기재정정]주요사항보고서(유상증자결정) (20260514000815) || [20260512] [기재정정]주요사항보고서(유상증자결정) (20260512000249),,,,https://dart.fss.or.kr/dsaf001/main.do?rcpNo=20260526000307 || https://dart.fss.or.kr/dsaf001/main.do?rcpNo=20260514000815 || https://dart.fss.or.kr/dsaf001/main.do?rcpNo=20260512000249,,,,20260526000307 || 20260514000815 || 20260512000249,주의
009680,모토닉,,10180,22.9,25.2,9.1,-15.0,9.1,-2.4,-6.6,-11.1,-4.9,-5.4,-4.1,0.86,11980,9330,0,False,False,False,34363,31936,2.9,3.5,3.4,1.08,0,False,False,False,False,-,56.9,0.1,-2.7,2.0,-6.4,True,3,강세,-4,0,-1,-3,74.0,27.1,1496.93,,1.69,-43023.0,-43023.0,-43023.0,10,10,1.0,59.9,55.9,009680,00151128,0,0,1,0,,,[20260311] 매매거래정지및정지해제(중요내용공시)               (20260311800324),,,,https://dart.fss.or.kr/dsaf001/main.do?rcpNo=20260311800324,,,,안전
009470,삼화전기,,41000,38.8,51.9,46.4,-31.1,71.9,23.1,-12.3,-19.3,-1.8,2.6,13.9,1.41,59500,23850,15,True,True,True,747673,418222,246.2,318.4,183.3,1.79,6,False,True,True,False,5일선회복/+3%반등,38.9,-20.7,-5.9,-8.9,-136.6,True,0,강세,-4,0,-1,-3,74.0,27.1,1496.93,,1.69,-43023.0,-43023.0,-43023.0,10,10,1.0,59.9,55.9,009470,00129271,0,0,0,0,,,,,,,,,,,안전
029460,케이씨,,34750,35.3,33.7,20.9,-19.2,83.1,3.6,-8.9,6.9,-7.6,-0.4,20.8,0.89,43000,18980,5,False,True,False,36636,43802,13.5,12.6,16.5,0.84,6,False,True,True,False,5일선회복/+3%반등,45.8,8.3,-11.2,20.5,-32.7,True,3,강세,-4,0,-1,-3,74.0,27.1,1496.93,,1.69,-43023.0,-43023.0,-43023.0,10,10,1.0,59.8,55.8,029460,00209780,0,0,1,0,,,[20260324] 매매거래정지및정지해제(중요내용공시)               (20260324801539),,,,https://dart.fss.or.kr/dsaf001/main.do?rcpNo=20260324801539,,,,안전
108670,LX하우시스,,34550,30.1,12.7,25.9,-19.7,28.0,-1.6,8.0,9.2,-7.3,5.5,14.3,0.71,43000,27000,5,False,True,False,56263,82550,21.1,20.4,31.6,0.68,0,False,False,False,False,-,51.7,9.1,-8.8,97.8,7.6,True,3,강세,-4,0,-1,-3,74.0,27.1,1496.93,,1.69,-43023.0,-43023.0,-43023.0,10,10,1.0,59.7,55.7,108670,00759513,0,0,0,0,,,,,,,,,,,안전
102260,동성케미컬,,3990,32.2,4.6,8.4,-16.4,5.3,-2.6,-8.2,-13.9,-5.6,-5.6,-5.6,1.11,4773,3790,0,False,False,False,173955,196324,8.7,7.1,8.3,0.89,0,False,False,False,False,-,59.5,-5.0,-0.4,-21.2,-2.4,True,0,강세,-4,0,-1,-3,74.0,27.1,1496.93,,1.69,-43023.0,-43023.0,-43023.0,10,10,1.0,59.5,55.5,102260,00679314,0,0,0,0,,,,,,,,,,,안전
284740,쿠쿠홈시스,,22350,38.1,9.7,2.5,-29.4,1.6,-3.7,-9.0,-14.5,-6.2,-7.1,-10.5,1.25,31650,22000,0,False,False,False,26218,22170,6.3,6.0,5.3,1.18,0,False,False,False,False,-,59.4,-5.9,-3.4,-18.1,2.5,True,0,강세,-4,0,-1,-3,74.0,27.1,1496.93,,1.69,-43023.0,-43023.0,-43023.0,10,10,1.0,59.4,55.4,284740,01267684,0,0,0,0,,,,,,,,,,,안전
082740,한화엔진,,72000,34.8,36.1,27.1,-23.7,192.1,8.6,2.7,27.7,-8.3,17.0,43.7,1.39,94400,24650,10,False,True,True,1173573,1426379,1346.0,855.7,1138.5,0.82,3,False,False,True,False,+3%반등,43.4,-917.8,157.8,124.2,-196.7,True,3,강세,-4,0,-1,-3,74.0,27.1,1496.93,,1.69,-43023.0,-43023.0,-43023.0,10,10,1.0,59.4,55.4,082740,00361008,0,1,0,0,,[20251219] 유상증자결정(종속회사의주요경영사항)               (20251219800471),,,,https://dart.fss.or.kr/dsaf001/main.do?rcpNo=20251219800471,,,,20251219800471,주의
004770,써니전자,,1612,35.4,7.3,8.4,-21.2,13.7,-6.2,-8.8,-0.5,-7.0,-5.4,-1.0,0.91,2045,1418,0,False,False,False,213680,331198,4.8,3.5,5.8,0.65,0,False,False,False,False,-,56.4,-2.9,0.3,-0.2,1.3,True,3,강세,-4,0,-1,-3,74.0,27.1,1496.93,,1.69,-43023.0,-43023.0,-43023.0,10,10,1.0,59.4,55.4,004770,00138057,0,0,0,0,,,,,,,,,,,안전
053210,스카이라이프,,4415,26.0,9.4,21.7,-19.9,2.3,-1.9,-10.0,-15.7,-5.0,-8.3,-12.4,0.76,5510,4315,0,False,False,False,73603,68182,2.3,3.3,3.2,1.08,0,False,False,False,False,-,59.3,-1.0,-0.2,-3.0,-3.6,True,0,강세,-4,0,-1,-3,74.0,27.1,1496.93,,1.69,-43023.0,-43023.0,-43023.0,10,10,1.0,59.3,55.3,053210,00349097,0,0,0,0,,,,,,,,,,,안전
097950,CJ제일제당,,206500,34.4,6.2,12.6,-23.5,11.0,-4.4,-13.1,-7.0,-8.0,-8.0,-7.5,0.83,270000,186100,0,False,False,False,56723,71852,125.5,119.9,162.4,0.79,0,False,False,False,False,-,59.3,-129.2,-88.5,8.4,-198.0,True,0,강세,-4,0,-1,-3,74.0,27.1,1496.93,,1.69,-43023.0,-43023.0,-43023.0,10,10,1.0,59.3,55.3,097950,00635134,0,0,0,0,,,,,,,,,,,안전
007660,이수페타시스,,132300,37.4,41.7,37.6,-19.5,248.2,9.4,-11.9,23.4,-3.9,4.0,23.3,1.47,164400,38000,5,False,True,False,1507464,1297771,2524.3,1978.6,1794.2,1.16,6,False,True,True,False,5일선회복/+3%반등,40.0,-1493.7,460.8,-3903.1,29.7,True,8,강세,-4,0,-1,-3,74.0,27.1,1496.93,,1.69,-43023.0,-43023.0,-43023.0,10,10,1.0,59.0,55.0,007660,00107613,0,0,0,0,,,,,,,,,,,안전
093370,후성,,12260,40.1,42.1,31.2,-20.5,216.4,3.2,-10.6,50.1,-5.1,12.9,50.4,0.81,15420,3875,5,False,True,False,1787659,2297238,225.5,223.0,303.3,0.78,3,False,False,True,False,+3%반등,35.9,93.4,4.7,197.1,-33.6,True,15,강세,-4,0,-1,-3,74.0,27.1,1496.93,,1.69,-43023.0,-43023.0,-43023.0,10,10,1.0,58.9,54.9,093370,00595191,0,4,0,0,,[20251226] 유상증자결정(종속회사의주요경영사항)               (20251226800712) || [20251223] 유상증자또는주식관련사채등의발행결과(자율공시)               (20251223800728) || [20251105] 유상증자또는주식관련사채등의발행결과(자율공시)               (20251105800612),,,,https://dart.fss.or.kr/dsaf001/main.do?rcpNo=20251226800712 || https://dart.fss.or.kr/dsaf001/main.do?rcpNo=20251223800728 || https://dart.fss.or.kr/dsaf001/main.do?rcpNo=20251105800612,,,,20251226800712 || 20251223800728 || 20251105800612,주의
057050,현대홈쇼핑,,79800,35.7,10.1,-4.6,-17.1,60.9,-4.3,-5.1,-5.0,-5.9,-3.2,24.4,0.79,96300,49600,0,False,False,False,13162,21920,13.9,10.8,18.7,0.6,0,False,False,False,False,-,55.8,-4.7,4.0,-42.4,92.9,True,3,강세,-4,0,-1,-3,74.0,27.1,1496.93,,1.69,-43023.0,-43023.0,-43023.0,10,10,1.0,58.8,54.8,057050,00412597,0,4,1,0,,[20260522] [기재정정]주요사항보고서(감자결정) (20260522000258) || [20260225] 주요사항보고서(감자결정)(자회사의 주요경영사항)               (20260225800358) || [20260223] 주요사항보고서(감자결정)(자회사의 주요경영사항)               (20260223800657),[20260211] 매매거래정지및정지해제(중요내용공시)               (20260211800405),,,https://dart.fss.or.kr/dsaf001/main.do?rcpNo=20260522000258 || https://dart.fss.or.kr/dsaf001/main.do?rcpNo=20260225800358 || https://dart.fss.or.kr/dsaf001/main.do?rcpNo=20260223800657,https://dart.fss.or.kr/dsaf001/main.do?rcpNo=20260211800405,,,20260522000258 || 20260225800358 || 20260223800657,주의
145720,덴티움,,48200,42.3,26.4,17.5,-34.3,11.8,1.4,-9.1,-8.2,-5.8,-7.1,-8.9,0.83,73400,43100,5,False,True,False,38279,45072,18.2,18.7,23.2,0.85,0,False,False,False,False,-,43.7,0.9,7.6,-20.3,-15.8,True,10,강세,-4,0,-1,-3,74.0,27.1,1496.93,,1.69,-43023.0,-43023.0,-43023.0,10,10,1.0,58.7,54.7,145720,00526599,0,0,1,0,,,[20260304] 매매거래정지및정지해제(중요내용공시)               (20260304801011),,,,https://dart.fss.or.kr/dsaf001/main.do?rcpNo=20260304801011,,,,안전
294870,IPARK현대산업개발,,20850,43.2,19.7,10.0,-25.1,14.9,-1.7,-13.7,-12.8,-6.9,-6.5,-1.4,0.81,27850,18150,5,False,True,False,216907,308554,51.7,45.8,70.1,0.7,0,False,False,False,False,-,45.7,-25.3,10.1,-126.8,92.6,True,8,강세,-4,0,-1,-3,74.0,27.1,1496.93,,1.69,-43023.0,-43023.0,-43023.0,10,10,1.0,58.7,54.7,294870,01310269,0,0,0,0,,,,,,,,,,,안전
178920,PI첨단소재,,25700,31.4,18.7,21.4,-20.1,72.7,-3.7,-0.8,29.9,-7.8,2.3,33.0,0.66,32150,14880,5,False,True,False,123294,248345,43.3,32.5,71.0,0.5,0,False,False,False,False,-,50.6,6.5,-2.3,147.1,-24.1,True,3,강세,-4,0,-1,-3,74.0,27.1,1496.93,,1.69,-43023.0,-43023.0,-43023.0,10,10,1.0,58.6,54.6,178920,00767460,0,0,0,0,,,,,,,,,,,안전
036460,한국가스공사,,36350,39.9,19.1,3.4,-26.3,6.8,-4.6,-2.9,-18.7,-3.9,-1.1,-8.2,0.88,49350,34050,0,False,False,False,247303,319006,100.9,91.8,121.0,0.78,0,False,False,False,False,-,48.5,16.9,4.4,358.1,-39.8,True,10,강세,-4,0,-1,-3,74.0,27.1,1496.93,,1.69,-43023.0,-43023.0,-43023.0,10,10,1.0,58.5,54.5,036460,00261285,0,0,0,0,,,,,,,,,,,안전
017550,수산세보틱스,,2700,42.2,12.1,24.4,-33.3,65.6,0.9,-21.5,35.0,-10.7,-0.0,33.4,0.21,4045,1630,5,False,True,False,1614137,5046638,29.2,44.8,177.6,0.32,3,False,False,True,False,+3%반등,50.5,-16.5,-0.0,9.6,-0.4,True,0,강세,-4,0,-1,-3,74.0,27.1,1496.93,,1.69,-43023.0,-43023.0,-43023.0,10,10,1.0,58.5,54.5,017550,00135111,0,0,0,0,,,,,,,,,,,안전
003070,코오롱글로벌,,9600,36.6,0.8,16.9,-29.3,12.1,-3.7,-16.8,-8.1,-9.5,-12.7,-0.9,0.73,13570,8560,0,False,False,False,40566,83862,6.0,4.0,9.0,0.48,0,False,False,False,False,-,58.5,-2.0,-1.4,-7.4,-3.3,True,0,강세,-4,0,-1,-3,74.0,27.1,1496.93,,1.69,-43023.0,-43023.0,-43023.0,10,10,1.0,58.5,54.5,003070,00152880,0,0,1,0,,,[20250701] 매매거래정지및정지해제(중요내용공시)               (20250701800476),,,,https://dart.fss.or.kr/dsaf001/main.do?rcpNo=20250701800476,,,,안전
039570,HDC랩스,,7790,30.2,15.5,18.3,-25.2,1.3,-1.4,-3.7,-9.2,-3.5,-5.0,-6.9,1.05,10410,7690,0,False,False,False,20230,30668,2.3,1.6,2.5,0.66,0,False,False,False,False,-,58.2,-0.2,-0.6,-4.1,-2.1,True,0,강세,-4,0,-1,-3,74.0,27.1,1496.93,,1.69,-43023.0,-43023.0,-43023.0,10,10,1.0,58.2,54.2,039570,00350312,0,0,0,0,,,,,,,,,,,안전
005880,대한해운,,2400,41.4,14.4,11.7,-29.1,60.0,-4.0,-8.9,6.2,-5.4,-4.5,18.4,0.66,3385,1500,0,False,False,False,5609120,11193217,157.2,138.8,288.5,0.5,0,False,False,False,False,-,48.2,36.6,2.7,98.5,6.7,True,10,강세,-4,0,-1,-3,74.0,27.1,1496.93,,1.69,-43023.0,-43023.0,-43023.0,10,10,1.0,58.2,54.2,005880,00113535,0,1,0,0,,[20250604] [첨부정정]주요사항보고서(유상증자결정) (20250604000273),,,,https://dart.fss.or.kr/dsaf001/main.do?rcpNo=20250604000273,,,,20250604000273,주의
207940,삼성바이오로직스,,1384000,36.6,45.2,23.4,-30.3,6.5,2.8,-8.6,-19.4,-3.6,-8.8,-15.0,0.67,1987000,1300000,5,False,True,False,57638,67843,632.3,798.8,978.3,0.85,3,False,False,True,False,+3%반등,47.2,332.0,-669.4,-1667.2,-3066.4,True,3,강세,-4,0,-1,-3,74.0,27.1,1496.93,,1.69,-43023.0,-43023.0,-43023.0,10,10,1.0,58.2,54.2,207940,00877059,0,1,0,0,,[20260320] 유상증자결정(종속회사의주요경영사항)               (20260320801902),,,,https://dart.fss.or.kr/dsaf001/main.do?rcpNo=20260320801902,,,,20260320801902,주의
001430,세아베스틸지주,,61100,40.4,8.4,2.8,-33.9,237.0,-14.4,-12.5,-13.3,-12.5,-11.2,24.9,0.72,92500,18130,0,False,False,False,397567,374502,170.1,250.2,261.7,1.06,0,False,False,False,False,-,58.1,-54.9,-36.6,-83.8,-78.9,True,0,강세,-4,0,-1,-3,74.0,27.1,1496.93,,1.69,-43023.0,-43023.0,-43023.0,10,10,1.0,58.1,54.1,001430,00106669,0,0,0,0,,,,,,,,,,,안전
005010,휴스틸,,5350,30.1,7.9,18.5,-26.7,41.5,-7.8,6.4,19.3,-10.9,-4.5,18.4,0.19,7300,3780,0,False,False,False,857183,4079034,41.5,47.3,265.7,0.21,0,False,False,False,False,-,58.1,-9.0,-10.4,38.0,22.0,True,0,강세,-4,0,-1,-3,74.0,27.1,1496.93,,1.69,-43023.0,-43023.0,-43023.0,10,10,1.0,58.1,54.1,005010,00156488,0,0,0,0,,,,,,,,,,,안전
002170,SYTS,,55000,36.5,15.1,8.0,-12.3,14.3,-2.7,-8.9,-9.7,-5.9,-7.0,-2.3,0.79,62700,48100,5,False,True,False,2589,4415,2.0,1.4,2.6,0.59,0,False,False,False,False,-,50.1,0.8,-0.7,1.2,-2.8,True,3,강세,-4,0,-1,-3,74.0,27.1,1496.93,,1.69,-43023.0,-43023.0,-43023.0,10,10,1.0,58.1,54.1,002170,00127042,0,0,0,0,,,,,,,,,,,안전
034230,파라다이스,,14050,38.6,5.5,11.5,-41.5,13.2,-2.8,-8.1,-31.5,-7.6,-11.2,-21.9,0.96,24000,12410,0,False,False,False,624152,695543,92.6,89.2,106.2,0.9,0,False,False,False,False,-,58.1,-32.8,-11.3,-199.9,-6.5,True,0,강세,-4,0,-1,-3,74.0,27.1,1496.93,,1.69,-43023.0,-43023.0,-43023.0,10,10,1.0,58.1,54.1,034230,00171265,0,0,0,0,,,,,,,,,,,안전
000590,CS홀딩스,,77100,38.7,55.1,35.1,-24.5,10.3,-1.4,-2.3,-14.3,-1.2,-1.2,-4.2,2.22,102100,69900,5,False,False,True,1250,1006,1.8,1.0,0.8,1.24,10,False,True,True,True,5일선회복/+3%반등/거래량동반양봉,40.0,1.6,-0.0,5.4,-0.1,True,3,강세,-4,0,-1,-3,74.0,27.1,1496.93,,1.69,-43023.0,-43023.0,-43023.0,10,10,1.0,58.0,54.0,000590,00149026,0,0,0,0,,,,,,,,,,,안전
100250,진양홀딩스,,2965,32.3,0.0,3.2,-15.4,2.7,-1.7,-2.9,-7.9,-2.5,-2.2,-4.1,0.81,3503,2886,0,False,False,False,63723,106205,2.6,1.9,3.2,0.6,0,False,False,False,False,-,57.9,-2.6,-0.1,-8.5,-5.5,True,0,강세,-4,0,-1,-3,74.0,27.1,1496.93,,1.69,-43023.0,-43023.0,-43023.0,10,10,1.0,57.9,53.9,100250,00646732,0,9,0,0,,[20260312] 유상증자또는주식관련사채등의발행결과(자율공시)               (20260312801103) || [20260309] [기재정정]유상증자또는주식관련사채등의청약결과(자율공시)               (20260309800485) || [20260306] 유상증자또는주식관련사채등의청약결과(자율공시)               (20260306800377),,,,https://dart.fss.or.kr/dsaf001/main.do?rcpNo=20260312801103 || https://dart.fss.or.kr/dsaf001/main.do?rcpNo=20260309800485 || https://dart.fss.or.kr/dsaf001/main.do?rcpNo=20260306800377,,,,20260312801103 || 20260309800485 || 20260306800377,주의
227840,현대코퍼레이션홀딩스,,12610,21.6,6.8,18.0,-14.3,14.8,-0.9,-2.8,-10.1,-5.0,-1.1,1.2,0.64,14720,10980,0,False,False,False,20915,31589,2.5,2.7,4.2,0.66,0,False,False,False,False,-,54.9,-2.6,0.4,3.8,7.0,True,3,강세,-4,0,-1,-3,74.0,27.1,1496.93,,1.69,-43023.0,-43023.0,-43023.0,10,10,1.0,57.9,53.9,227840,01108099,0,0,0,0,,,,,,,,,,,안전
010140,삼성중공업,,29450,42.6,27.6,28.8,-16.7,109.9,3.2,-13.4,0.7,-5.2,0.4,13.2,0.76,35350,14030,10,False,True,True,4838684,7349999,1609.1,1411.6,2326.0,0.66,6,False,True,True,False,5일선회복/+3%반등,33.6,-903.4,301.1,-6597.4,-2824.4,True,8,강세,-4,0,-1,-3,74.0,27.1,1496.93,,1.69,-43023.0,-43023.0,-43023.0,10,10,1.0,57.6,53.6,010140,00126478,0,0,0,0,,,,,,,,,,,안전
210980,SK디앤디,,12150,12.5,18.8,14.7,-12.0,45.7,-1.4,-5.7,-10.3,-3.0,-5.2,-0.1,0.9,13810,8340,0,False,False,False,26727,32909,3.7,3.3,4.1,0.81,0,False,False,False,False,-,54.6,-3.2,3.7,-6.0,19.2,True,3,강세,-4,0,-1,-3,74.0,27.1,1496.93,,1.69,-43023.0,-43023.0,-43023.0,10,10,1.0,57.6,53.6,210980,00508344,0,2,0,0,,[20251031] 최대주주변경               (20251031800945) || [20251031] 최대주주등소유주식변동신고서(최대주주변경시)               (20251031800949),,,,https://dart.fss.or.kr/dsaf001/main.do?rcpNo=20251031800945 || https://dart.fss.or.kr/dsaf001/main.do?rcpNo=20251031800949,,,,20251031800945 || 20251031800949,주의
003160,디아이,,30200,35.3,34.4,27.6,-27.6,142.0,5.2,-5.3,-14.1,-6.2,-6.8,19.3,1.31,41700,12480,5,False,True,False,408674,413594,153.7,129.1,134.1,0.99,3,False,False,True,False,+3%반등,46.2,79.4,-39.8,62.1,-48.3,True,3,강세,-4,0,-1,-3,74.0,27.1,1496.93,,1.69,-43023.0,-43023.0,-43023.0,10,10,1.0,57.2,53.2,003160,00118275,0,1,0,0,,[20251121] 유상증자또는주식관련사채등의발행결과(자율공시)               (20251121800663),,,,https://dart.fss.or.kr/dsaf001/main.do?rcpNo=20251121800663,,,,20251121800663,주의
004700,조광피혁,,61600,34.7,28.1,26.9,-29.7,19.4,1.5,-9.1,-23.1,-4.8,-7.9,-8.0,0.76,87600,51600,5,False,True,False,3104,2466,1.2,1.9,1.6,1.26,3,False,False,True,False,+3%반등,49.1,-0.6,-0.1,-1.4,-2.4,True,0,강세,-4,0,-1,-3,74.0,27.1,1496.93,,1.69,-43023.0,-43023.0,-43023.0,10,10,1.0,57.1,53.1,004700,00148939,0,0,0,0,,,,,,,,,,,안전
010660,화천기계,,4260,42.4,14.4,23.0,-37.0,8.0,-2.6,-15.8,-30.2,-9.3,-18.4,-15.6,0.67,6760,3945,5,False,True,False,556934,601390,17.8,24.4,29.4,0.93,3,False,False,True,False,+3%반등,48.8,-11.9,-0.0,-16.6,-0.0,True,0,강세,-4,0,-1,-3,74.0,27.1,1496.93,,1.69,-43023.0,-43023.0,-43023.0,10,10,1.0,56.8,52.8,010660,00166500,0,0,0,0,,,,,,,,,,,안전
000480,CR홀딩스,,4785,29.6,22.1,23.5,-15.6,3.6,0.3,-4.9,-5.8,-2.6,-3.1,-2.8,0.87,5670,4620,5,False,False,True,25223,30627,1.3,1.2,1.5,0.82,0,False,False,False,False,-,51.3,-0.9,-0.1,-3.5,-2.5,True,0,강세,-4,0,-1,-3,74.0,27.1,1496.93,,1.69,-43023.0,-43023.0,-43023.0,10,10,1.0,56.3,52.3,000480,00148984,0,0,0,0,,,,,,,,,,,안전
268280,미원에스씨,,100700,14.1,3.5,4.4,-40.8,0.7,-9.4,-16.6,-29.8,-11.1,-15.5,-24.6,0.99,170000,100000,0,False,False,False,2750,2772,2.7,2.9,3.1,0.99,-30,True,False,False,False,⚠️떨어지는칼날,77.9,-1.3,0.1,-2.4,-3.7,True,8,강세,-4,0,-1,-3,74.0,27.1,1496.93,,1.69,-43023.0,-43023.0,-43023.0,10,10,1.0,55.900000000000006,51.900000000000006,268280,01234297,0,0,0,0,,,,,,,,,,,안전
002900,TYM,,7300,36.4,7.1,0.1,-26.3,52.1,-10.4,1.7,-6.3,-10.9,-1.6,11.0,1.01,9900,4800,0,False,False,False,494347,610718,46.4,38.2,50.9,0.81,0,False,False,False,False,-,55.9,-9.0,-4.5,39.9,2.7,True,0,강세,-4,0,-1,-3,74.0,27.1,1496.93,,1.69,-43023.0,-43023.0,-43023.0,10,10,1.0,55.9,51.9,002900,00117230,0,0,0,0,,,,,,,,,,,안전
001790,대한제당,,2630,36.4,2.8,12.7,-22.9,0.6,-3.8,-12.9,-10.8,-5.6,-9.1,-8.6,0.77,3410,2615,0,False,False,False,314099,455423,9.4,8.4,12.8,0.69,0,False,False,False,False,-,55.9,-12.5,-0.3,-25.1,-4.4,True,0,강세,-4,0,-1,-3,74.0,27.1,1496.93,,1.69,-43023.0,-43023.0,-43023.0,10,10,1.0,55.9,51.9,001790,00113234,0,0,0,0,,,,,,,,,,,안전
016580,환인제약,,10540,33.5,3.2,5.2,-20.2,5.5,-5.4,-0.1,-6.6,-6.4,-2.2,-4.0,0.45,13210,9990,0,False,False,False,36963,83077,4.1,4.0,9.5,0.44,0,False,False,False,False,-,55.8,-3.4,0.0,3.6,1.0,True,0,강세,-4,0,-1,-3,74.0,27.1,1496.93,,1.69,-43023.0,-43023.0,-43023.0,10,10,1.0,55.8,51.8,016580,00166573,0,2,0,0,,[20251030] 최대주주변경               (20251030800491) || [20251030] 최대주주등소유주식변동신고서(최대주주변경시)               (20251030800448),,,,https://dart.fss.or.kr/dsaf001/main.do?rcpNo=20251030800491 || https://dart.fss.or.kr/dsaf001/main.do?rcpNo=20251030800448,,,,20251030800491 || 20251030800448,주의
163560,동일고무벨트,,6720,37.7,0.8,10.4,-22.8,6.7,-3.7,-11.6,-7.2,-7.0,-6.8,-3.7,1.32,8700,6300,0,False,False,False,49169,68290,6.2,3.4,4.9,0.72,0,False,False,False,False,-,55.8,-1.1,-0.0,5.2,-0.1,True,0,강세,-4,0,-1,-3,74.0,27.1,1496.93,,1.69,-43023.0,-43023.0,-43023.0,10,10,1.0,55.8,51.8,163560,00939687,0,0,0,0,,,,,,,,,,,안전
111110,호전실업,,7100,34.3,9.8,11.1,-22.7,5.0,-1.8,-5.1,-13.7,-5.8,-5.0,-8.2,0.72,9190,6760,0,False,False,False,17310,32732,1.4,1.2,2.5,0.53,0,False,False,False,False,-,55.7,-1.6,-0.1,-5.4,4.3,True,0,강세,-4,0,-1,-3,74.0,27.1,1496.93,,1.69,-43023.0,-43023.0,-43023.0,10,10,1.0,55.7,51.7,111110,00226316,0,1,0,0,,[20260123] 주요사항보고서(자기전환사채만기전취득결정) (20260123000220),,,,https://dart.fss.or.kr/dsaf001/main.do?rcpNo=20260123000220,,,,20260123000220,주의
058860,KTis,,2690,35.1,9.3,10.5,-16.2,3.7,-1.8,-5.1,-14.9,-4.0,-4.4,-4.3,1.06,3210,2595,0,False,False,False,141696,146159,4.3,3.8,4.1,0.97,0,False,False,False,False,-,52.5,-5.0,0.6,-8.2,4.7,True,3,강세,-4,0,-1,-3,74.0,27.1,1496.93,,1.69,-43023.0,-43023.0,-43023.0,10,10,1.0,55.5,51.5,058860,00372873,0,0,0,0,,,,,,,,,,,안전
025000,KPX케미칼,,50700,33.3,8.7,11.9,-11.1,22.3,-1.9,-2.1,-7.5,-3.5,-1.3,3.6,1.32,57000,41457,0,False,False,False,4541,6197,4.2,2.3,3.3,0.73,0,False,False,False,False,-,52.4,-0.7,1.1,-2.1,5.5,True,3,강세,-4,0,-1,-3,74.0,27.1,1496.93,,1.69,-43023.0,-43023.0,-43023.0,10,10,1.0,55.4,51.4,025000,00191472,0,0,1,0,,,[20250828] 매매거래정지및정지해제(중요내용공시)               (20250828800404),,,,https://dart.fss.or.kr/dsaf001/main.do?rcpNo=20250828800404,,,,안전
003300,한일홀딩스,,16460,42.8,3.7,11.0,-30.8,17.7,-3.5,-6.0,-4.8,-5.1,-5.9,-3.6,0.99,23800,13990,5,False,True,False,20757,27741,4.6,3.4,4.8,0.75,0,False,False,False,False,-,46.7,-3.4,0.7,1.6,-2.1,True,3,강세,-4,0,-1,-3,74.0,27.1,1496.93,,1.69,-43023.0,-43023.0,-43023.0,10,10,1.0,54.7,50.7,003300,00162993,1,0,0,0,[20251223] 횡령ㆍ배임사실확인               (20251223800674),,,,https://dart.fss.or.kr/dsaf001/main.do?rcpNo=20251223800674,,,,20251223800674,,위험
042700,한미반도체,,319000,35.8,28.2,23.8,-25.1,307.9,10.8,8.7,56.4,-11.0,1.6,71.1,1.18,426000,78200,5,False,True,False,1211744,1519747,5911.2,3847.5,5436.2,0.8,6,False,True,True,False,5일선회복/+3%반등,43.2,-1169.5,-2427.7,-208.2,3247.9,True,0,강세,-4,0,-1,-3,74.0,27.1,1496.93,,1.69,-43023.0,-43023.0,-43023.0,10,10,1.0,54.2,50.2,042700,00161383,0,0,0,0,,,,,,,,,,,안전
079980,휴비스,,2315,3.3,0.0,7.8,-43.1,0.0,-11.0,-33.1,-20.3,-21.6,-22.7,-19.2,0.61,4070,2315,0,False,False,False,227044,358547,4.8,5.5,11.1,0.63,-30,True,False,False,False,⚠️떨어지는칼날,84.1,-2.7,-4.2,2.5,-3.7,True,0,강세,-4,0,-1,-3,74.0,27.1,1496.93,,1.69,-43023.0,-43023.0,-43023.0,10,10,1.0,54.1,50.1,079980,00362238,0,1,0,0,,[20251029] 유상증자결정(종속회사의주요경영사항)               (20251029800262),,,,https://dart.fss.or.kr/dsaf001/main.do?rcpNo=20251029800262,,,,20251029800262,주의
090350,노루페인트,,7950,35.8,7.4,19.0,-24.8,3.2,-4.8,-10.6,-13.1,-5.1,-7.0,-8.2,1.02,10570,7700,0,False,False,False,109283,124944,9.8,8.8,10.5,0.87,0,False,False,False,False,-,54.0,-9.5,-3.8,-22.2,-5.1,True,0,강세,-4,0,-1,-3,74.0,27.1,1496.93,,1.69,-43023.0,-43023.0,-43023.0,10,10,1.0,54.0,50.0,090350,00583442,0,0,0,0,,,,,,,,,,,안전
003720,삼영,,11100,40.5,34.7,34.1,-20.6,199.6,6.8,4.5,35.5,-6.0,17.1,65.0,2.2,13980,3705,10,True,True,False,3196857,1882913,456.1,384.8,225.9,1.7,6,False,True,True,False,5일선회복/+3%반등,34.9,-69.1,15.1,-9.8,-10.6,True,3,강세,-4,0,-1,-3,74.0,27.1,1496.93,,1.69,-43023.0,-43023.0,-43023.0,10,10,1.0,53.9,49.9,003720,00127255,0,0,0,0,,,,,,,,,,,안전
122900,아이마켓코리아,,7330,45.1,22.5,29.1,-29.0,2.5,0.7,-2.9,-10.1,-1.7,-2.0,-6.7,8.68,10330,7150,10,True,True,False,356105,164787,108.1,26.1,12.2,2.16,3,False,True,False,False,5일선회복,40.6,-16.4,-7.4,-31.4,-10.6,True,0,강세,-4,0,-1,-3,74.0,27.1,1496.93,,1.69,-43023.0,-43023.0,-43023.0,10,10,1.0,53.6,49.6,122900,00360142,0,0,0,0,,,,,,,,,,,안전
096760,JW홀딩스,,3805,32.9,11.0,18.6,-15.4,23.9,-3.3,-9.0,-14.9,-5.9,-8.0,2.3,0.7,4495,3070,0,False,False,False,71896,117237,3.1,2.8,4.8,0.61,0,False,False,False,False,-,53.6,-3.2,-0.4,-1.5,-1.3,True,0,강세,-4,0,-1,-3,74.0,27.1,1496.93,,1.69,-43023.0,-43023.0,-43023.0,10,10,1.0,53.6,49.6,096760,00632304,0,0,0,0,,,,,,,,,,,안전
079550,LIG디펜스앤에어로스페이스,,875000,38.0,37.0,39.7,-21.7,143.1,1.5,-9.4,78.8,-2.3,3.6,51.0,0.64,1118000,360000,5,False,True,False,201015,293921,1643.0,1777.4,2640.7,0.68,3,False,False,True,False,+3%반등,35.5,624.7,907.1,-347.1,587.8,True,10,강세,-4,0,-1,-3,74.0,27.1,1496.93,,1.69,-43023.0,-43023.0,-43023.0,10,10,1.0,53.5,49.5,079550,00503668,0,0,0,0,,,,,,,,,,,안전
079160,CJ CGV,,4570,41.7,3.2,-9.5,-31.4,3.9,-6.0,-6.3,-23.6,-5.8,-5.4,-12.9,1.05,6660,4400,0,False,False,False,553628,532070,26.1,25.9,25.9,1.04,0,False,False,False,False,-,53.4,-34.0,-8.6,-64.8,-3.9,True,0,강세,-4,0,-1,-3,74.0,27.1,1496.93,,1.69,-43023.0,-43023.0,-43023.0,10,10,1.0,53.4,49.4,079160,00303873,0,4,0,0,,[20260422] 주요사항보고서(자기전환사채만기전취득결정) (20260422000660) || [20260324] 유상증자결정(종속회사의주요경영사항)               (20260324801517) || [20251229] 유상증자결정(종속회사의주요경영사항)               (20251229800962),,,,https://dart.fss.or.kr/dsaf001/main.do?rcpNo=20260422000660 || https://dart.fss.or.kr/dsaf001/main.do?rcpNo=20260324801517 || https://dart.fss.or.kr/dsaf001/main.do?rcpNo=20251229800962,,,,20260422000660 || 20260324801517 || 20251229800962,주의
016450,한세예스24홀딩스,,4310,33.3,26.9,27.4,-17.1,15.4,0.9,-7.2,-1.8,-2.6,-4.8,0.7,0.56,5200,3735,5,False,True,False,26307,38052,0.9,1.1,1.7,0.69,3,False,True,False,False,5일선회복,45.3,-0.6,-0.1,-1.3,-0.2,True,0,강세,-4,0,-1,-3,74.0,27.1,1496.93,,1.69,-43023.0,-43023.0,-43023.0,10,10,1.0,53.3,49.3,016450,00161976,0,1,0,0,,[20250623] [기재정정]주요사항보고서(유상증자결정)(자회사의 주요경영사항)               (20250623800126),,,,https://dart.fss.or.kr/dsaf001/main.do?rcpNo=20250623800126,,,,20250623800126,주의
101530,해태제과식품,,6110,43.6,2.5,-4.6,-31.3,1.7,-4.2,-4.7,-15.1,-5.2,-5.5,-8.3,1.16,8900,6010,0,False,False,False,67095,82859,5.9,4.2,5.4,0.81,0,False,False,False,False,-,50.3,-4.9,3.8,-7.1,12.8,True,3,강세,-4,0,-1,-3,74.0,27.1,1496.93,,1.69,-43023.0,-43023.0,-43023.0,10,10,1.0,53.3,49.3,101530,00428321,0,0,0,0,,,,,,,,,,,안전
064960,SNT모티브,,31750,40.7,38.9,27.3,-22.2,13.6,4.3,-10.6,-13.5,-5.0,-5.5,-7.0,1.0,40800,27950,5,False,True,False,112393,109303,35.1,36.4,36.6,1.03,3,False,False,True,False,+3%반등,37.2,20.7,-32.9,-66.0,-14.1,True,8,강세,-4,0,-1,-3,74.0,27.1,1496.93,,1.69,-43023.0,-43023.0,-43023.0,10,10,1.0,53.2,49.2,064960,00398792,0,0,0,0,,,,,,,,,,,안전
010040,한국내화,,1682,14.6,4.6,6.0,-32.4,0.8,-6.3,-14.9,-19.3,-9.5,-12.4,-19.2,1.29,2490,1668,0,False,False,False,44795,46427,1.0,0.8,0.9,0.96,-30,True,False,False,False,⚠️떨어지는칼날,74.5,0.2,-0.1,-0.2,-0.4,True,8,강세,-4,0,-1,-3,74.0,27.1,1496.93,,1.69,-43023.0,-43023.0,-43023.0,10,10,1.0,52.5,48.5,010040,00160205,0,0,0,0,,,,,,,,,,,안전
005720,넥센,,6610,39.5,11.4,4.0,-18.3,33.1,-3.9,-6.0,-17.9,-5.7,-3.3,6.2,1.08,8090,4965,0,False,False,False,48238,53830,3.8,3.3,3.8,0.9,0,False,False,False,False,-,49.5,-1.6,1.8,1.6,4.2,True,3,강세,-4,0,-1,-3,74.0,27.1,1496.93,,1.69,-43023.0,-43023.0,-43023.0,10,10,1.0,52.5,48.5,005720,00167192,0,1,0,0,,[20250930] 유상증자또는주식관련사채등의발행결과(자율공시)               (20250930800630),,,,https://dart.fss.or.kr/dsaf001/main.do?rcpNo=20250930800630,,,,20250930800630,주의
004840,DRB동일,,4795,37.9,18.1,23.0,-25.9,15.5,1.2,-10.0,-22.3,-5.2,-8.5,-6.4,0.66,6470,4150,5,False,True,False,22061,41583,1.3,1.1,2.1,0.53,0,False,False,False,False,-,47.3,-0.5,-0.0,-2.2,-0.3,True,0,강세,-4,0,-1,-3,74.0,27.1,1496.93,,1.69,-43023.0,-43023.0,-43023.0,10,10,1.0,52.3,48.3,004840,00118266,0,0,0,0,,,,,,,,,,,안전
004100,태양금속,,2910,37.2,45.8,42.4,-23.2,49.2,7.0,-19.2,-5.1,-2.7,-6.4,15.4,0.78,3790,1951,5,False,True,False,1247802,967511,22.5,36.8,29.4,1.29,6,False,True,True,False,5일선회복/+3%반등,41.1,-11.5,-0.9,-26.3,-2.1,True,0,강세,-4,0,-1,-3,74.0,27.1,1496.93,,1.69,-43023.0,-43023.0,-43023.0,10,10,1.0,52.1,48.1,004100,00153755,0,2,0,0,,[20250930] [기재정정]최대주주변경               (20250930800721) || [20250930] 최대주주변경               (20250930800521),,,,https://dart.fss.or.kr/dsaf001/main.do?rcpNo=20250930800721 || https://dart.fss.or.kr/dsaf001/main.do?rcpNo=20250930800521,,,,20250930800721 || 20250930800521,주의
094280,효성ITX,,12200,36.1,20.8,10.5,-26.1,6.9,-1.9,-5.4,-5.6,-3.8,-3.0,-4.2,0.77,16500,11410,0,False,False,False,18430,31942,2.8,2.3,4.1,0.58,0,False,False,False,False,-,52.1,-1.8,-0.4,-6.7,-0.7,True,0,강세,-4,0,-1,-3,74.0,27.1,1496.93,,1.69,-43023.0,-43023.0,-43023.0,10,10,1.0,52.1,48.1,094280,00414850,0,0,0,0,,,,,,,,,,,안전
302440,SK바이오사이언스,,41000,38.5,36.8,28.5,-33.1,4.1,0.2,-7.1,-18.0,-2.6,-3.6,-14.1,1.24,61300,39400,5,False,True,False,200615,153046,80.6,82.2,64.3,1.31,0,False,False,False,False,-,43.8,-25.6,0.2,-136.9,-29.5,True,3,강세,-4,0,-1,-3,74.0,27.1,1496.93,,1.69,-43023.0,-43023.0,-43023.0,10,10,1.0,51.8,47.8,302440,01319899,0,0,0,0,,,,,,,,,,,안전
248070,솔루엠,,20700,32.9,42.7,47.1,-15.0,43.4,5.7,4.3,13.4,-0.7,8.7,18.2,0.66,24350,14440,10,False,True,True,587788,600937,84.6,119.5,128.1,0.98,6,False,True,True,False,5일선회복/+3%반등,32.8,75.2,-68.1,35.5,106.0,True,3,강세,-4,0,-1,-3,74.0,27.1,1496.93,,1.69,-43023.0,-43023.0,-43023.0,10,10,1.0,51.8,47.8,248070,01159233,0,4,0,0,,[20250704] 유상증자또는주식관련사채등의발행결과(자율공시)               (20250704800710) || [20250704] 유상증자또는주식관련사채등의발행결과(자율공시)               (20250704800701) || [20250626] 주요사항보고서(유상증자결정) (20250626000631),,,,https://dart.fss.or.kr/dsaf001/main.do?rcpNo=20250704800710 || https://dart.fss.or.kr/dsaf001/main.do?rcpNo=20250704800701 || https://dart.fss.or.kr/dsaf001/main.do?rcpNo=20250626000631,,,,20250704800710 || 20250704800701 || 20250626000631,주의
033270,유나이티드제약,,18910,37.9,4.0,10.8,-15.8,4.6,-2.8,-6.8,-10.2,-3.8,-5.7,-4.2,0.87,22450,18080,0,False,False,False,39069,34343,5.8,7.5,6.7,1.14,0,False,False,False,False,-,48.6,5.6,-2.7,9.4,-5.1,True,3,강세,-4,0,-1,-3,74.0,27.1,1496.93,,1.69,-43023.0,-43023.0,-43023.0,10,10,1.0,51.6,47.6,033270,00158963,0,0,0,0,,,,,,,,,,,안전
084870,TBH글로벌,,1949,35.2,14.5,18.5,-20.8,81.6,-3.0,-3.0,11.3,-4.9,-6.2,25.5,1.01,2460,1073,0,False,False,False,45441,60578,1.2,0.9,1.3,0.75,0,False,False,False,False,-,48.5,-0.3,0.7,-0.3,1.4,True,3,강세,-4,0,-1,-3,74.0,27.1,1496.93,,1.69,-43023.0,-43023.0,-43023.0,10,10,1.0,51.5,47.5,084870,00409672,0,0,0,0,,,,,,,,,,,안전
352820,하이브,,233000,41.1,33.3,27.6,-42.5,5.0,-1.3,-5.5,-42.0,-3.6,-12.9,-22.9,1.08,405500,222000,0,False,False,False,235236,291986,746.9,545.0,711.2,0.81,6,False,True,True,False,5일선회복/+3%반등,42.5,350.9,-273.3,-1585.4,-435.2,True,3,강세,-4,0,-1,-3,74.0,27.1,1496.93,,1.69,-43023.0,-43023.0,-43023.0,10,10,1.0,51.5,47.5,352820,01204056,0,2,0,0,,[20260401] [기재정정]유상증자결정(종속회사의주요경영사항)               (20260401801038) || [20260401] 유상증자결정(종속회사의주요경영사항)               (20260401800894),,,,https://dart.fss.or.kr/dsaf001/main.do?rcpNo=20260401801038 || https://dart.fss.or.kr/dsaf001/main.do?rcpNo=20260401800894,,,,20260401801038 || 20260401800894,주의
088980,맥쿼리인프라,,11030,34.7,10.0,11.1,-8.6,0.8,-0.7,-3.1,-5.7,-1.6,-2.4,-3.3,0.9,12070,10940,0,False,False,False,1764429,1898259,193.6,195.2,212.8,0.93,0,False,False,False,False,-,48.5,-217.3,22.2,-672.8,-139.2,True,3,강세,-4,0,-1,-3,74.0,27.1,1496.93,,1.69,-43023.0,-43023.0,-43023.0,10,10,1.0,51.5,47.5,088980,00435297,0,0,0,0,,,,,,,,,,,안전
185750,종근당,,78800,36.1,13.3,23.1,-26.2,1.0,-1.6,-10.4,-16.7,-4.2,-8.4,-7.2,0.95,106800,78000,0,False,False,False,30498,30093,22.9,24.1,24.8,1.01,0,False,False,False,False,-,51.5,-11.8,-4.9,-90.6,-39.1,True,0,강세,-4,0,-1,-3,74.0,27.1,1496.93,,1.69,-43023.0,-43023.0,-43023.0,10,10,1.0,51.5,47.5,185750,00992871,0,1,0,0,,[20251015] 유상증자또는주식관련사채등의발행결과(자율공시)               (20251015800511),,,,https://dart.fss.or.kr/dsaf001/main.do?rcpNo=20251015800511,,,,20251015800511,주의
000100,유한양행,,85200,45.2,49.5,36.8,-37.5,6.5,4.8,-10.0,-24.7,-2.3,-7.9,-21.6,0.77,136400,80000,5,False,True,False,308880,304943,204.7,262.9,265.9,1.01,6,False,True,True,False,5일선회복/+3%반등,32.5,145.3,-99.6,-418.2,-312.2,True,8,강세,-4,0,-1,-3,74.0,27.1,1496.93,,1.69,-43023.0,-43023.0,-43023.0,10,10,1.0,51.5,47.5,000100,00145109,0,4,0,0,,[20260511] [기재정정]유상증자결정(종속회사의주요경영사항)               (20260511800857) || [20260402] [기재정정]유상증자결정(종속회사의주요경영사항)               (20260402800831) || [20260304] [기재정정]유상증자결정(종속회사의주요경영사항)               (20260304801500),,,,https://dart.fss.or.kr/dsaf001/main.do?rcpNo=20260511800857 || https://dart.fss.or.kr/dsaf001/main.do?rcpNo=20260402800831 || https://dart.fss.or.kr/dsaf001/main.do?rcpNo=20260304801500,,,,20260511800857 || 20260402800831 || 20260304801500,주의
034590,인천도시가스,,26200,33.3,0.0,7.0,-7.4,6.3,-0.9,-2.4,-3.3,-1.5,-2.1,-0.3,0.64,28300,24650,0,False,False,False,3282,2717,0.5,0.9,0.7,1.21,0,False,False,False,False,-,51.4,-0.2,-0.0,-2.7,-0.7,True,0,강세,-4,0,-1,-3,74.0,27.1,1496.93,,1.69,-43023.0,-43023.0,-43023.0,10,10,1.0,51.4,47.4,034590,00145862,0,0,0,0,,,,,,,,,,,안전
004560,현대비앤지스틸,,15600,40.3,23.2,12.3,-38.8,49.3,-1.0,-2.8,-28.4,-7.7,-4.1,14.5,0.58,25500,10450,0,False,False,False,178951,291005,26.6,29.0,50.1,0.61,0,False,False,False,False,-,48.3,14.5,-2.0,-22.5,21.2,True,3,강세,-4,0,-1,-3,74.0,27.1,1496.93,,1.69,-43023.0,-43023.0,-43023.0,10,10,1.0,51.3,47.3,004560,00125743,0,0,0,0,,,,,,,,,,,안전
229640,LS에코에너지,,76400,39.2,14.1,22.6,-30.4,145.7,-6.3,21.7,68.8,-9.4,22.4,68.1,0.37,109800,31100,5,False,True,False,251863,498200,146.0,208.6,426.1,0.51,3,False,False,True,False,+3%반등,43.3,-32.3,0.0,-67.1,434.1,True,0,강세,-4,0,-1,-3,74.0,27.1,1496.93,,1.69,-43023.0,-43023.0,-43023.0,10,10,1.0,51.3,47.3,229640,01093007,0,0,0,0,,,,,,,,,,,안전
092230,KPX홀딩스,,85000,27.0,46.2,26.8,-7.8,40.7,0.6,-1.8,-2.5,-2.7,0.2,13.2,0.62,92200,60400,5,False,True,False,2326,2315,1.2,2.0,2.0,1.0,3,False,False,True,False,+3%반등,43.3,-1.6,-0.3,-4.3,-0.7,True,0,강세,-4,0,-1,-3,74.0,27.1,1496.93,,1.69,-43023.0,-43023.0,-43023.0,10,10,1.0,51.3,47.3,092230,00587466,0,4,0,0,,[20260227] [기재정정]주요사항보고서(유상증자결정)(자회사의 주요경영사항)               (20260227800997) || [20260115] [기재정정]주요사항보고서(유상증자결정)(자회사의 주요경영사항)               (20260115800208) || [20251219] [기재정정]주요사항보고서(유상증자결정)(자회사의 주요경영사항)               (20251219800352),,,,https://dart.fss.or.kr/dsaf001/main.do?rcpNo=20260227800997 || https://dart.fss.or.kr/dsaf001/main.do?rcpNo=20260115800208 || https://dart.fss.or.kr/dsaf001/main.do?rcpNo=20251219800352,,,,20260227800997 || 20260115800208 || 20251219800352,주의
460850,동국씨엠,,5850,31.8,17.7,23.3,-24.9,17.1,-1.8,2.8,-1.2,-7.0,-0.8,5.0,0.23,7790,4995,0,False,False,False,110191,650371,8.5,6.5,43.4,0.17,0,False,False,False,False,-,51.0,-3.4,-1.4,-8.4,0.8,True,0,강세,-4,0,-1,-3,74.0,27.1,1496.93,,1.69,-43023.0,-43023.0,-43023.0,10,10,1.0,51.0,47.0,460850,01765256,0,0,0,0,,,,,,,,,,,안전
041650,상신브레이크,,2520,37.5,9.2,14.1,-19.7,5.0,-1.4,-9.7,-8.4,-5.6,-5.8,-7.6,0.65,3140,2400,0,False,False,False,31230,53466,0.9,0.8,1.4,0.58,0,False,False,False,False,-,50.8,-0.2,-0.0,0.6,-0.6,True,0,강세,-4,0,-1,-3,74.0,27.1,1496.93,,1.69,-43023.0,-43023.0,-43023.0,10,10,1.0,50.8,46.8,041650,00129642,0,0,0,0,,,,,,,,,,,안전
007310,오뚜기,,340500,39.6,12.3,10.7,-27.6,1.2,-3.3,-6.8,-17.7,-4.0,-5.5,-11.3,1.13,470000,336500,0,False,False,False,5460,5697,22.5,18.7,20.2,0.96,0,False,False,False,False,-,50.8,-14.4,-12.2,-25.3,-28.8,True,0,강세,-4,0,-1,-3,74.0,27.1,1496.93,,1.69,-43023.0,-43023.0,-43023.0,10,10,1.0,50.8,46.8,007310,00141529,0,0,0,0,,,,,,,,,,,안전
286940,롯데이노베이트,,20350,40.8,18.8,19.7,-28.5,12.0,-1.2,-10.4,-15.7,-6.4,-6.5,-4.3,1.05,28450,18170,5,False,True,False,42400,49947,11.0,8.7,10.9,0.85,0,False,False,False,False,-,45.6,-0.9,-1.5,20.6,-4.0,True,0,강세,-4,0,-1,-3,74.0,27.1,1496.93,,1.69,-43023.0,-43023.0,-43023.0,10,10,1.0,50.6,46.6,286940,01262032,0,0,0,0,,,,,,,,,,,안전
271560,오리온,,133300,39.8,15.5,2.4,-11.2,34.6,-3.1,-8.4,-2.0,-4.4,-1.8,14.2,1.19,150100,99000,0,False,False,False,123626,104334,163.6,167.8,145.3,1.18,0,False,False,False,False,-,47.6,193.7,-188.2,316.8,-249.0,True,3,강세,-4,0,-1,-3,74.0,27.1,1496.93,,1.69,-43023.0,-43023.0,-43023.0,10,10,1.0,50.6,46.6,271560,01238169,0,0,0,0,,,,,,,,,,,안전
010120,LS ELECTRIC,,261500,32.4,29.0,32.2,-21.9,472.2,7.4,20.5,81.1,-5.9,22.3,116.9,0.76,335000,45700,5,False,True,False,1078356,1507721,2976.5,2895.3,4156.0,0.72,3,False,False,True,False,+3%반등,42.5,-583.3,-0.6,-10812.8,-322.6,True,0,강세,-4,0,-1,-3,74.0,27.1,1496.93,,1.69,-43023.0,-43023.0,-43023.0,10,10,1.0,50.5,46.5,010120,00105855,0,0,0,0,,,,,,,,,,,안전
002840,미원상사,,115500,19.7,1.0,-3.6,-39.2,0.3,-11.4,-18.6,-24.6,-16.0,-15.6,-21.4,1.08,190000,115200,0,False,False,False,5889,5600,6.8,7.3,7.7,1.05,-30,True,False,False,False,⚠️떨어지는칼날,80.4,-2.7,-2.4,-1.9,-6.2,True,0,강세,-4,0,-1,-3,74.0,27.1,1496.93,,1.69,-43023.0,-43023.0,-43023.0,10,10,1.0,50.400000000000006,46.400000000000006,002840,00121932,0,0,0,0,,,,,,,,,,,안전
062040,산일전기,,270000,33.1,38.1,43.1,-20.8,338.3,10.0,27.7,63.9,-3.6,28.3,75.7,0.47,341000,61600,5,False,True,False,368272,639031,815.1,991.8,1810.9,0.58,6,False,True,True,False,5일선회복/+3%반등,36.4,-540.8,319.2,-102.6,278.2,True,3,강세,-4,0,-1,-3,74.0,27.1,1496.93,,1.69,-43023.0,-43023.0,-43023.0,10,10,1.0,50.4,46.4,062040,00366438,0,0,0,0,,,,,,,,,,,안전
047810,한국항공우주,,165700,40.7,55.0,41.0,-23.1,101.5,2.4,-9.2,-5.6,-1.1,-7.3,21.6,0.71,215500,82250,10,False,True,True,505765,832245,870.8,837.6,1412.4,0.61,6,False,True,True,False,5일선회복/+3%반등,31.4,-219.2,633.4,-1785.2,934.1,True,3,강세,-4,0,-1,-3,74.0,27.1,1496.93,,1.69,-43023.0,-43023.0,-43023.0,10,10,1.0,50.4,46.4,047810,00309503,0,2,0,0,,[20260304] 유상증자또는주식관련사채등의발행결과(자율공시)               (20260304801410) || [20260205] 주요사항보고서(전환사채권발행결정) (20260205000384),,,,https://dart.fss.or.kr/dsaf001/main.do?rcpNo=20260304801410 || https://dart.fss.or.kr/dsaf001/main.do?rcpNo=20260205000384,,,,20260304801410 || 20260205000384,주의
002070,비비안,,8610,20.1,8.2,56.4,-38.5,inf,-6.2,2325.4,1379.4,14.7,167.1,560.5,0.64,14000,0,0,False,False,False,13790,18785,1.1,1.2,2.0,0.73,0,False,False,False,False,-,50.4,-0.1,-0.0,-2.9,-0.0,True,0,강세,-4,0,-1,-3,74.0,27.1,1496.93,,1.69,-43023.0,-43023.0,-43023.0,10,10,1.0,50.4,46.4,002070,00107677,0,24,1,0,,[20260520] 주요사항보고서(전환사채권발행결정) (20260520000247) || [20260320] [기재정정]주요사항보고서(전환사채권발행결정) (20260320000784) || [20260313] 주요사항보고서(감자결정) (20260313001188),[20260313] 매매거래정지및정지해제(중요내용공시)               (20260313801831),,,https://dart.fss.or.kr/dsaf001/main.do?rcpNo=20260520000247 || https://dart.fss.or.kr/dsaf001/main.do?rcpNo=20260320000784 || https://dart.fss.or.kr/dsaf001/main.do?rcpNo=20260313001188,https://dart.fss.or.kr/dsaf001/main.do?rcpNo=20260313801831,,,20260520000247 || 20260320000784 || 20260313001188,주의
001680,대상,,19130,41.3,2.0,3.6,-23.0,0.2,-3.5,-8.9,-20.3,-5.1,-6.2,-10.9,0.8,24850,19090,0,False,False,False,112416,111043,17.2,21.8,22.4,1.01,0,False,False,False,False,-,50.3,-8.6,-15.0,0.8,-40.1,True,0,강세,-4,0,-1,-3,74.0,27.1,1496.93,,1.69,-43023.0,-43023.0,-43023.0,10,10,1.0,50.3,46.3,001680,00121941,0,0,0,0,,,,,,,,,,,안전
226320,잇츠한불,,11360,38.4,2.7,14.9,-23.7,19.6,-4.5,9.4,-5.1,-5.6,3.5,-2.3,0.37,14880,9500,0,False,False,False,37331,100318,3.9,4.4,12.4,0.37,0,False,False,False,False,-,45.9,-0.2,0.2,-7.5,-0.8,True,3,강세,-4,0,-1,-3,74.0,27.1,1496.93,,1.69,-43023.0,-43023.0,-43023.0,10,10,1.0,48.9,44.9,226320,00911955,0,0,0,0,,,,,,,,,,,안전
084680,이월드,,1436,9.4,1.2,1.8,-31.6,14.1,-12.7,-23.6,-14.0,-18.3,-17.3,-7.5,0.8,2100,1259,0,False,False,False,553269,675018,7.9,8.4,12.0,0.82,-30,True,False,False,False,⚠️떨어지는칼날,78.7,-3.3,-0.1,-7.7,-1.0,True,0,강세,-4,0,-1,-3,74.0,27.1,1496.93,,1.69,-43023.0,-43023.0,-43023.0,10,10,1.0,48.7,44.7,084680,00540605,0,0,0,0,,,,,,,,,,,안전
010690,화신,,11720,47.3,17.4,26.5,-28.4,56.3,3.0,-5.4,-10.6,-8.7,-2.7,19.6,0.55,16380,7500,5,False,True,False,445516,803400,53.8,53.8,109.7,0.55,3,False,False,True,False,+3%반등,30.7,9.3,2.4,-16.2,-11.7,True,10,강세,-4,0,-1,-3,74.0,27.1,1496.93,,1.69,-43023.0,-43023.0,-43023.0,10,10,1.0,48.7,44.7,010690,00166315,0,0,0,0,,,,,,,,,,,안전
010580,에스엠벡셀,,2300,67.0,43.7,117.1,-34.2,90.6,11.9,10.6,7.2,8.4,10.9,10.5,13.34,3495,1207,15,True,True,True,1903521,609903,194.9,43.5,13.7,3.12,10,False,True,True,True,5일선회복/+3%반등/거래량동반양봉,23.7,,,,,False,0,강세,-4,0,-1,-3,74.0,27.1,1496.93,,1.69,-43023.0,-43023.0,-43023.0,10,10,1.0,48.7,44.7,010580,00147860,0,0,0,0,,,,,,,,,,,안전
014710,사조씨푸드,,7450,40.2,35.9,29.5,-31.0,39.5,-0.1,-4.2,-21.7,-3.2,-1.0,-11.9,0.54,10800,5340,5,False,True,False,14887,20563,0.9,1.1,1.6,0.72,3,False,False,True,False,+3%반등,37.4,-0.9,0.2,-4.1,-0.2,True,3,강세,-4,0,-1,-3,74.0,27.1,1496.93,,1.69,-43023.0,-43023.0,-43023.0,10,10,1.0,48.4,44.4,014710,00124780,0,0,0,0,,,,,,,,,,,안전
000680,LS네트웍스,,3685,37.8,21.0,25.0,-25.8,29.3,-3.3,-2.5,1.1,-7.3,3.8,3.4,0.32,4965,2850,0,False,False,False,603972,1342331,16.0,23.0,55.6,0.45,3,False,False,True,False,+3%반등,42.1,0.8,-0.2,-0.1,0.2,True,3,강세,-4,0,-1,-3,74.0,27.1,1496.93,,1.69,-43023.0,-43023.0,-43023.0,10,10,1.0,48.1,44.1,000680,00104698,0,0,0,0,,,,,,,,,,,안전
079900,전진건설로봇,,58800,43.8,31.9,27.9,-20.9,46.3,6.7,-11.0,1.2,-5.8,-3.9,11.6,0.42,74350,40200,5,False,True,False,64707,135567,34.2,38.4,88.2,0.48,3,False,False,True,False,+3%반등,32.0,1.2,-7.4,-17.4,-17.8,True,8,강세,-4,0,-1,-3,74.0,27.1,1496.93,,1.69,-43023.0,-43023.0,-43023.0,10,10,1.0,48.0,44.0,079900,00372129,0,2,0,0,,[20250716] 최대주주변경               (20250716800272) || [20250716] 최대주주등소유주식변동신고서(최대주주변경시)               (20250716800276),,,,https://dart.fss.or.kr/dsaf001/main.do?rcpNo=20250716800272 || https://dart.fss.or.kr/dsaf001/main.do?rcpNo=20250716800276,,,,20250716800272 || 20250716800276,주의
483650,달바글로벌,,207000,45.6,2.9,16.6,-24.6,97.9,-5.0,-9.8,21.7,-8.6,7.2,24.5,0.67,274500,104600,5,False,True,False,169893,230505,315.4,362.2,535.6,0.74,0,False,False,False,False,-,39.7,310.2,-114.7,862.3,44.7,True,3,강세,-4,0,-1,-3,74.0,27.1,1496.93,,1.69,-43023.0,-43023.0,-43023.0,10,10,1.0,47.7,43.7,483650,01649204,0,0,0,0,,,,,,,,,,,안전
058850,KTcs,,2545,40.2,2.5,6.8,-20.3,2.8,-1.5,-5.0,-15.2,-3.2,-3.1,-8.9,0.86,3195,2475,0,False,False,False,171839,218087,4.9,4.4,5.8,0.79,0,False,False,False,False,-,47.6,-0.9,-0.0,-6.9,-0.4,True,0,강세,-4,0,-1,-3,74.0,27.1,1496.93,,1.69,-43023.0,-43023.0,-43023.0,10,10,1.0,47.6,43.6,058850,00372882,0,0,0,0,,,,,,,,,,,안전
097520,엠씨넥스,,21650,44.3,28.4,17.4,-33.4,6.9,0.9,-8.5,-23.2,-5.4,-5.0,-20.7,0.9,32500,20250,5,False,True,False,89482,79511,15.9,19.6,18.2,1.13,0,False,False,False,False,-,39.6,9.7,-14.1,-52.5,-10.1,True,3,강세,-4,0,-1,-3,74.0,27.1,1496.93,,1.69,-43023.0,-43023.0,-43023.0,10,10,1.0,47.6,43.6,097520,00564562,0,0,0,0,,,,,,,,,,,안전
278470,에이피알,,385000,39.4,11.1,16.2,-18.6,257.8,-3.1,-11.7,29.4,-7.3,-0.2,37.6,0.87,473000,107600,0,False,False,False,255291,313215,1070.0,997.3,1305.7,0.82,0,False,False,False,False,-,47.4,-110.3,-108.4,474.8,-1168.3,True,0,강세,-4,0,-1,-3,74.0,27.1,1496.93,,1.69,-43023.0,-43023.0,-43023.0,10,10,1.0,47.4,43.4,278470,01190568,0,0,0,0,,,,,,,,,,,안전
006040,동원산업,,35700,42.8,17.6,11.0,-35.6,2.7,-2.1,-7.2,-22.4,-4.9,-6.9,-16.1,0.52,55400,34750,0,False,False,False,58028,84922,15.8,20.9,32.1,0.68,0,False,False,False,False,-,47.3,-15.1,-7.6,-61.9,13.7,True,0,강세,-4,0,-1,-3,74.0,27.1,1496.93,,1.69,-43023.0,-43023.0,-43023.0,10,10,1.0,47.3,43.3,006040,00118026,0,2,0,0,,[20260311] [기재정정]주요사항보고서(감자결정) (20260311004192) || [20260211] 주요사항보고서(감자결정) (20260211000681),,,,https://dart.fss.or.kr/dsaf001/main.do?rcpNo=20260311004192 || https://dart.fss.or.kr/dsaf001/main.do?rcpNo=20260211000681,,,,20260311004192 || 20260211000681,주의
024720,콜마홀딩스,,9410,47.4,24.5,22.7,-53.3,11.0,-0.9,0.5,-10.4,-3.5,0.4,-12.5,0.73,20150,8480,5,False,True,False,59741,103974,6.9,5.6,10.3,0.57,3,False,False,True,False,+3%반등,36.2,4.0,-0.7,-10.6,0.2,True,3,강세,-4,0,-1,-3,74.0,27.1,1496.93,,1.69,-43023.0,-43023.0,-43023.0,10,10,1.0,47.2,43.2,024720,00203290,0,0,0,0,,,,,,,,,,,안전
000850,화천기공,,36250,41.8,47.4,44.2,-19.2,26.5,3.6,-3.2,-16.2,-1.1,-1.4,3.0,1.41,44850,28650,15,True,True,True,21225,14668,7.8,7.8,5.4,1.45,6,False,True,True,False,5일선회복/+3%반등,26.0,,,,,False,0,강세,-4,0,-1,-3,74.0,27.1,1496.93,,1.69,-43023.0,-43023.0,-43023.0,10,10,1.0,47.0,43.0,000850,00166519,0,0,0,0,,,,,,,,,,,안전
241560,두산밥캣,,68100,40.9,34.1,28.3,-14.6,50.8,1.3,-7.7,4.1,-4.4,1.1,12.4,1.18,79700,45150,5,False,True,False,239445,313092,250.2,160.5,225.1,0.76,6,False,True,True,False,5일선회복/+3%반등,32.9,67.1,-71.3,170.4,-97.4,True,3,강세,-4,0,-1,-3,74.0,27.1,1496.93,,1.69,-43023.0,-43023.0,-43023.0,10,10,1.0,46.9,42.9,241560,01032486,0,0,0,0,,,,,,,,,,,안전
075180,새론오토모티브,,2905,38.7,17.9,17.8,-22.5,1.2,-2.8,-3.8,-10.1,-2.5,-3.6,-8.2,0.92,3750,2870,0,False,False,False,11009,10247,0.3,0.3,0.3,1.07,0,False,False,False,False,-,43.8,-0.0,0.2,0.0,-0.7,True,3,강세,-4,0,-1,-3,74.0,27.1,1496.93,,1.69,-43023.0,-43023.0,-43023.0,10,10,1.0,46.8,42.8,075180,00305668,0,0,0,0,,,,,,,,,,,안전
006090,사조오양,,8170,39.0,20.5,18.7,-27.1,2.6,-0.7,-3.0,-8.2,-1.5,-1.4,-9.9,0.44,11200,7960,0,False,False,False,8433,9048,0.3,0.7,0.7,0.93,0,False,False,False,False,-,43.7,0.1,-0.0,0.1,-0.1,True,3,강세,-4,0,-1,-3,74.0,27.1,1496.93,,1.69,-43023.0,-43023.0,-43023.0,10,10,1.0,46.7,42.7,006090,00141875,0,0,0,0,,,,,,,,,,,안전
170900,동아에스티,,41000,39.0,46.7,26.5,-27.4,7.3,0.0,-9.5,-19.2,-3.6,-6.2,-12.2,0.86,56460,38200,5,False,True,False,20237,21469,7.7,8.3,9.2,0.94,0,False,False,False,False,-,41.6,-0.5,-5.1,-28.8,-1.7,True,0,강세,-4,0,-1,-3,74.0,27.1,1496.93,,1.69,-43023.0,-43023.0,-43023.0,10,10,1.0,46.6,42.6,170900,00956930,0,0,0,0,,,,,,,,,,,안전
032350,롯데관광개발,,18820,38.5,35.2,29.1,-32.1,75.9,-2.4,-3.8,-25.9,-5.0,-2.1,-5.2,1.01,27700,10700,0,False,False,False,616747,671740,126.4,115.9,133.2,0.92,3,False,False,True,False,+3%반등,40.4,-76.3,62.4,-337.5,168.0,True,3,강세,-4,0,-1,-3,74.0,27.1,1496.93,,1.69,-43023.0,-43023.0,-43023.0,10,10,1.0,46.4,42.4,032350,00231372,0,2,0,0,,[20251022] [기재정정]주요사항보고서(전환사채권발행결정) (20251022000296) || [20251020] [기재정정]주요사항보고서(전환사채권발행결정) (20251020000141),,,,https://dart.fss.or.kr/dsaf001/main.do?rcpNo=20251022000296 || https://dart.fss.or.kr/dsaf001/main.do?rcpNo=20251020000141,,,,20251022000296 || 20251020000141,주의
005800,신영와코루,,14120,39.1,26.4,22.3,-37.1,31.5,-1.4,-6.4,-19.7,-3.3,-6.5,-5.9,0.83,22450,10740,0,False,False,False,6875,7527,0.9,1.0,1.1,0.91,0,False,False,False,False,-,46.4,-1.0,-0.1,-3.2,-0.8,True,0,강세,-4,0,-1,-3,74.0,27.1,1496.93,,1.69,-43023.0,-43023.0,-43023.0,10,10,1.0,46.4,42.4,005800,00136624,0,2,0,0,,[20250731] 최대주주변경               (20250731800569) || [20250731] 최대주주등소유주식변동신고서(최대주주변경시)               (20250731800584),,,,https://dart.fss.or.kr/dsaf001/main.do?rcpNo=20250731800569 || https://dart.fss.or.kr/dsaf001/main.do?rcpNo=20250731800584,,,,20250731800569 || 20250731800584,주의
181710,NHN,,37450,37.8,25.7,22.6,-15.2,102.0,-3.5,-9.3,-6.4,-4.4,-4.1,15.1,1.41,44150,18540,0,False,False,False,102371,85724,46.7,39.0,33.2,1.19,3,False,False,True,False,+3%반등,43.1,-44.8,-12.6,-71.8,-62.8,True,0,강세,-4,0,-1,-3,74.0,27.1,1496.93,,1.69,-43023.0,-43023.0,-43023.0,10,10,1.0,46.1,42.1,181710,00983271,0,0,0,0,,,,,,,,,,,안전
000080,하이트진로,,16230,43.6,5.4,4.7,-26.9,1.4,-3.8,-5.1,-10.6,-3.5,-3.8,-10.8,0.85,22200,16000,0,False,False,False,182455,172905,24.6,30.2,29.1,1.06,0,False,False,False,False,-,46.0,-15.6,-9.3,2.9,-15.7,True,0,강세,-4,0,-1,-3,74.0,27.1,1496.93,,1.69,-43023.0,-43023.0,-43023.0,10,10,1.0,46.0,42.0,000080,00150244,0,0,0,0,,,,,,,,,,,안전
339770,교촌에프앤비,,4115,39.2,28.2,25.9,-33.3,2.7,-1.8,-6.5,-16.3,-3.4,-3.2,-7.3,0.9,6170,4005,0,False,False,False,142740,136413,5.1,5.9,5.8,1.05,0,False,False,False,False,-,42.9,0.3,-0.1,-3.7,-1.0,True,3,강세,-4,0,-1,-3,74.0,27.1,1496.93,,1.69,-43023.0,-43023.0,-43023.0,10,10,1.0,45.9,41.9,339770,00453284,0,0,0,0,,,,,,,,,,,안전
004080,신흥,,13850,40.5,61.5,36.2,-6.2,4.1,-0.2,-1.6,-1.0,-0.3,-0.5,0.2,2.17,14760,13310,10,True,False,True,15009,8157,2.5,2.1,1.1,1.84,7,False,True,False,True,5일선회복/거래량동반양봉,28.9,,,,,False,0,강세,-4,0,-1,-3,74.0,27.1,1496.93,,1.69,-43023.0,-43023.0,-43023.0,10,10,1.0,45.9,41.9,004080,00173795,0,0,0,0,,,,,,,,,,,안전
009970,영원무역홀딩스,,196400,44.9,26.3,21.5,-25.0,86.9,-0.7,-9.5,-14.8,-3.4,-7.2,8.7,0.96,262000,105100,5,False,False,True,17949,23924,45.8,35.3,48.7,0.75,3,False,False,True,False,+3%반등,34.7,-7.0,21.4,83.6,-40.1,True,3,강세,-4,0,-1,-3,74.0,27.1,1496.93,,1.69,-43023.0,-43023.0,-43023.0,10,10,1.0,45.7,41.7,009970,00140964,0,0,0,0,,,,,,,,,,,안전
095570,AJ네트웍스,,4635,38.4,30.3,27.0,-16.8,29.8,-3.5,-9.5,-14.3,-4.8,-7.5,-1.1,1.33,5570,3570,0,False,False,False,338030,335287,21.0,15.9,16.3,1.01,3,False,False,True,False,+3%반등,39.7,6.6,-15.5,0.9,-18.5,True,3,강세,-4,0,-1,-3,74.0,27.1,1496.93,,1.69,-43023.0,-43023.0,-43023.0,10,10,1.0,45.7,41.7,095570,00365387,0,2,0,0,,[20250623] 최대주주변경               (20250623800412) || [20250623] 최대주주등소유주식변동신고서(최대주주변경시)               (20250623800405),,,,https://dart.fss.or.kr/dsaf001/main.do?rcpNo=20250623800412 || https://dart.fss.or.kr/dsaf001/main.do?rcpNo=20250623800405,,,,20250623800412 || 20250623800405,주의
035420,NAVER,,198800,43.4,28.4,25.2,-32.6,9.8,0.4,-8.6,-22.2,-3.7,-4.7,-15.8,0.97,295000,181100,5,False,True,False,821179,916589,1813.9,1626.9,1895.8,0.9,3,False,True,False,False,5일선회복,37.6,-8.5,-168.1,-3109.1,-2265.0,True,0,강세,-4,0,-1,-3,74.0,27.1,1496.93,,1.69,-43023.0,-43023.0,-43023.0,10,10,1.0,45.6,41.6,035420,00266961,0,2,0,0,,[20260202] [기재정정]유상증자결정(종속회사의주요경영사항)               (20260202801571) || [20251216] 유상증자결정(종속회사의주요경영사항)               (20251216801826),,,,https://dart.fss.or.kr/dsaf001/main.do?rcpNo=20260202801571 || https://dart.fss.or.kr/dsaf001/main.do?rcpNo=20251216801826,,,,20260202801571 || 20251216801826,주의
002920,유성기업,,1785,40.2,9.4,24.1,-31.1,0.7,-0.8,-5.6,-21.9,-3.3,-5.3,-13.6,1.04,2590,1773,0,False,False,False,48107,69994,1.2,0.9,1.3,0.69,0,False,False,False,False,-,45.5,-0.0,-0.0,-2.2,-0.3,True,0,강세,-4,0,-1,-3,74.0,27.1,1496.93,,1.69,-43023.0,-43023.0,-43023.0,10,10,1.0,45.5,41.5,002920,00174004,0,0,0,0,,,,,,,,,,,안전
326030,SK바이오팜,,94700,44.4,27.7,23.0,-34.3,7.7,1.8,-8.1,-19.2,-3.7,-4.0,-14.2,0.97,144100,87900,5,False,True,False,268371,237337,222.1,255.3,233.4,1.13,0,False,False,False,False,-,37.5,94.1,-14.1,-108.7,-143.1,True,3,강세,-4,0,-1,-3,74.0,27.1,1496.93,,1.69,-43023.0,-43023.0,-43023.0,10,10,1.0,45.5,41.5,326030,00878696,0,2,0,0,,[20260309] 유상증자결정(종속회사의주요경영사항)               (20260309801187) || [20260306] 유상증자결정(종속회사의주요경영사항)               (20260306800785),,,,https://dart.fss.or.kr/dsaf001/main.do?rcpNo=20260309801187 || https://dart.fss.or.kr/dsaf001/main.do?rcpNo=20260306800785,,,,20260309801187 || 20260306800785,주의
018670,SK가스,,244500,42.8,19.0,18.8,-19.0,19.6,1.2,-1.6,-1.4,-7.1,-3.8,0.3,0.7,302000,204500,5,False,True,False,23085,32864,56.2,57.2,87.2,0.7,3,False,False,True,False,+3%반등,34.4,35.5,-29.1,-44.1,65.4,True,3,강세,-4,0,-1,-3,74.0,27.1,1496.93,,1.69,-43023.0,-43023.0,-43023.0,10,10,1.0,45.4,41.4,018670,00144164,0,5,0,0,,[20260401] [기재정정]유상증자결정(종속회사의주요경영사항)               (20260401801394) || [20260401] [기재정정]유상증자결정(종속회사의주요경영사항)               (20260401800017) || [20260401] [기재정정]유상증자결정(종속회사의주요경영사항)               (20260401800016),,,,https://dart.fss.or.kr/dsaf001/main.do?rcpNo=20260401801394 || https://dart.fss.or.kr/dsaf001/main.do?rcpNo=20260401800017 || https://dart.fss.or.kr/dsaf001/main.do?rcpNo=20260401800016,,,,20260401801394 || 20260401800017 || 20260401800016,주의
031820,아이티센씨티에스,,7110,44.3,10.3,18.7,-28.8,41.4,-5.6,-5.6,-13.2,-8.6,-5.1,9.5,0.64,9980,5030,5,False,True,False,87313,188065,8.9,6.4,15.6,0.46,0,False,False,False,False,-,40.3,-2.1,-0.9,-13.0,-2.5,True,0,강세,-4,0,-1,-3,74.0,27.1,1496.93,,1.69,-43023.0,-43023.0,-43023.0,10,10,1.0,45.3,41.3,031820,00186559,0,1,0,0,,[20260303] 주식병합결정               (20260303801271),,,,https://dart.fss.or.kr/dsaf001/main.do?rcpNo=20260303801271,,,,20260303801271,주의
016380,KG스틸,,6450,40.5,3.3,10.9,-18.4,28.0,-8.3,7.0,5.4,-6.1,5.2,14.0,0.47,7900,5040,0,False,False,False,591439,1298418,39.8,39.3,90.3,0.46,0,False,False,False,False,-,42.2,-3.0,4.5,-26.5,159.3,True,3,강세,-4,0,-1,-3,74.0,27.1,1496.93,,1.69,-43023.0,-43023.0,-43023.0,10,10,1.0,45.2,41.2,016380,00115676,0,0,0,0,,,,,,,,,,,안전
089590,제주항공,,4990,43.8,28.5,31.1,-33.5,5.4,1.6,-7.1,-24.2,-2.8,-3.6,-13.1,0.68,7500,4735,5,False,True,False,351651,347310,12.0,17.4,17.8,1.01,3,False,True,False,False,5일선회복,34.2,2.6,-0.1,-29.8,-21.1,True,3,강세,-4,0,-1,-3,74.0,27.1,1496.93,,1.69,-43023.0,-43023.0,-43023.0,10,10,1.0,45.2,41.2,089590,00555874,0,0,0,0,,,,,,,,,,,안전
003830,대한화섬,,115000,39.1,37.7,9.0,-23.8,6.8,-3.5,-5.5,-11.5,-3.5,-5.2,-4.1,0.49,151000,107700,0,False,False,False,765,655,0.4,0.9,0.8,1.17,0,False,False,False,False,-,45.0,-0.3,-1.1,0.5,-6.1,True,0,강세,-4,0,-1,-3,74.0,27.1,1496.93,,1.69,-43023.0,-43023.0,-43023.0,10,10,1.0,45.0,41.0,003830,00113544,0,0,0,0,,,,,,,,,,,안전
010770,평화홀딩스,,4870,74.0,66.7,92.4,-57.2,40.3,14.6,24.2,23.6,14.3,20.8,21.9,1.79,11390,3470,15,True,True,True,434234,169130,15.4,21.3,7.8,2.57,6,False,True,True,False,5일선회복/+3%반등,23.9,,,,,False,0,강세,-4,0,-1,-3,74.0,27.1,1496.93,,1.69,-43023.0,-43023.0,-43023.0,10,10,1.0,44.9,40.9,010770,00155124,0,0,0,0,,,,,,,,,,,안전
007610,선도전기,,9070,40.5,6.7,43.8,-45.3,inf,-6.5,202.3,202.3,-7.6,58.4,146.4,0.18,16590,0,5,False,True,False,2579027,6430492,107.3,260.2,770.4,0.4,0,False,False,False,False,-,39.9,-11.1,-0.1,-92.4,-5.0,True,0,강세,-4,0,-1,-3,74.0,27.1,1496.93,,1.69,-43023.0,-43023.0,-43023.0,10,10,1.0,44.9,40.9,007610,00131939,0,0,0,0,,,,,,,,,,,안전
004270,남성,,7020,46.4,31.3,23.2,-43.4,3.1,-2.0,-6.8,-11.5,-2.9,-5.4,-18.8,0.78,12400,6810,5,False,False,True,4568,7420,0.4,0.3,0.5,0.62,3,False,False,True,False,+3%반등,36.9,-0.1,-0.0,-0.1,-0.5,True,0,강세,-4,0,-1,-3,74.0,27.1,1496.93,,1.69,-43023.0,-43023.0,-43023.0,10,10,1.0,44.9,40.9,004270,00172185,0,3,0,0,,[20260413] 최대주주변경               (20260413800449) || [20260303] 주식병합결정               (20260303800838) || [20251229] 유상증자또는주식관련사채등의발행결과(자율공시)               (20251229800739),,,,https://dart.fss.or.kr/dsaf001/main.do?rcpNo=20260413800449 || https://dart.fss.or.kr/dsaf001/main.do?rcpNo=20260303800838 || https://dart.fss.or.kr/dsaf001/main.do?rcpNo=20251229800739,,,,20260413800449 || 20260303800838 || 20251229800739,주의
322000,HD현대에너지솔루션,,187700,43.9,14.6,25.0,-26.7,385.0,-2.5,4.5,131.2,-7.9,8.5,115.2,0.38,256000,38700,5,False,True,False,349899,886215,603.0,672.7,1856.6,0.39,3,False,False,True,False,+3%반등,33.7,10.4,-64.9,450.6,255.9,True,3,강세,-4,0,-1,-3,74.0,27.1,1496.93,,1.69,-43023.0,-43023.0,-43023.0,10,10,1.0,44.7,40.7,322000,01199550,0,0,0,0,,,,,,,,,,,안전
069640,한세엠케이,,1265,46.7,5.7,27.2,-68.3,29.3,-6.1,-5.0,6.5,-5.1,-1.2,-9.8,0.36,3990,978,0,False,False,False,120701,182519,0.9,1.6,2.6,0.66,0,False,False,False,False,-,41.6,2.1,0.0,1.9,-0.5,True,3,강세,-4,0,-1,-3,74.0,27.1,1496.93,,1.69,-43023.0,-43023.0,-43023.0,10,10,1.0,44.6,40.6,069640,00357360,0,6,0,0,,[20260225] 주식병합결정               (20260225801857) || [20250703] 유상증자또는주식관련사채등의발행결과(자율공시)               (20250703800283) || [20250702] 유상증자또는주식관련사채등의청약결과(자율공시)               (20250702800025),,,,https://dart.fss.or.kr/dsaf001/main.do?rcpNo=20260225801857 || https://dart.fss.or.kr/dsaf001/main.do?rcpNo=20250703800283 || https://dart.fss.or.kr/dsaf001/main.do?rcpNo=20250702800025,,,,20260225801857 || 20250703800283 || 20250702800025,주의
006400,삼성SDI,,630000,36.3,54.7,37.8,-12.9,299.5,7.3,0.0,60.9,-3.1,16.8,79.4,1.01,723000,157700,5,False,True,False,628638,791323,5039.5,3896.7,5167.0,0.79,6,False,True,True,False,5일선회복/+3%반등,30.6,856.6,-129.3,5677.7,-1931.3,True,3,강세,-4,0,-1,-3,74.0,27.1,1496.93,,1.69,-43023.0,-43023.0,-43023.0,10,10,1.0,44.6,40.6,006400,00126362,0,2,0,0,,[20250530] 유상증자또는주식관련사채등의발행결과(자율공시)               (20250530800569) || [20250529] 유상증자또는주식관련사채등의청약결과(자율공시)               (20250529800027),,,,https://dart.fss.or.kr/dsaf001/main.do?rcpNo=20250530800569 || https://dart.fss.or.kr/dsaf001/main.do?rcpNo=20250529800027,,,,20250530800569 || 20250529800027,주의
078520,에이블씨엔씨,,12870,45.3,4.9,10.7,-23.3,91.5,-6.1,-9.0,8.7,-9.4,-2.6,13.1,0.5,16790,6720,0,False,False,False,85907,163440,10.1,11.3,23.7,0.53,0,False,False,False,False,-,41.6,-3.9,5.6,24.4,-25.6,True,3,강세,-4,0,-1,-3,74.0,27.1,1496.93,,1.69,-43023.0,-43023.0,-43023.0,10,10,1.0,44.6,40.6,078520,00400857,0,0,1,0,,,[20251211] 매매거래정지및정지해제(중요내용공시)               (20251211800767),,,,https://dart.fss.or.kr/dsaf001/main.do?rcpNo=20251211800767,,,,안전
002020,코오롱,,64300,42.2,7.7,27.8,-27.1,201.2,-3.3,9.5,-1.4,-7.7,0.3,21.7,0.45,88200,21350,5,False,True,False,86317,128668,38.3,56.3,92.6,0.67,0,False,False,False,False,-,36.4,-52.3,33.6,-43.5,161.7,True,3,강세,-4,0,-1,-3,74.0,27.1,1496.93,,1.69,-43023.0,-43023.0,-43023.0,10,10,1.0,44.4,40.4,002020,00152862,0,5,0,0,,[20260406] [기재정정]유상증자또는주식관련사채등의발행결과(자율공시)               (20260406801050) || [20260406] [기재정정]유상증자또는주식관련사채등의발행결과(자율공시)               (20260406801026) || [20260406] 유상증자또는주식관련사채등의발행결과(자율공시)               (20260406800965),,,,https://dart.fss.or.kr/dsaf001/main.do?rcpNo=20260406801050 || https://dart.fss.or.kr/dsaf001/main.do?rcpNo=20260406801026 || https://dart.fss.or.kr/dsaf001/main.do?rcpNo=20260406800965,,,,20260406801050 || 20260406801026 || 20260406800965,주의
003610,방림,,5200,42.5,23.9,22.5,-17.2,33.8,0.0,2.0,-12.8,-4.2,-2.4,-1.4,1.92,6280,3885,5,False,True,False,157678,174567,17.4,8.2,9.5,0.9,4,False,False,False,True,거래량동반양봉,35.3,-4.9,-0.3,-16.9,-4.8,True,0,강세,-4,0,-1,-3,74.0,27.1,1496.93,,1.69,-43023.0,-43023.0,-43023.0,10,10,1.0,44.3,40.3,003610,00122348,0,0,1,0,,,[20260506] 매매거래정지및정지해제(중요내용공시)               (20260506800274),,,,https://dart.fss.or.kr/dsaf001/main.do?rcpNo=20260506800274,,,,안전
011200,HMM,,19740,39.9,26.5,19.5,-24.8,5.8,-0.4,-4.9,-14.0,-2.8,-3.6,-5.7,1.13,26250,18660,0,False,False,False,1369515,1391605,309.4,274.9,282.8,0.98,0,False,False,False,False,-,41.2,211.3,-93.6,46.2,-440.5,True,3,강세,-4,0,-1,-3,74.0,27.1,1496.93,,1.69,-43023.0,-43023.0,-43023.0,10,10,1.0,44.2,40.2,011200,00164645,0,0,0,0,,,,,,,,,,,안전
008870,금비,,44150,41.0,42.9,26.6,-30.5,2.4,-0.1,-2.1,-11.9,-0.9,-1.8,-14.8,0.94,63500,43100,5,False,False,True,844,1120,0.5,0.4,0.5,0.75,0,False,False,False,False,-,36.1,0.2,-0.0,-0.2,-0.3,True,3,강세,-4,0,-1,-3,74.0,27.1,1496.93,,1.69,-43023.0,-43023.0,-43023.0,10,10,1.0,44.1,40.1,008870,00168401,0,0,0,0,,,,,,,,,,,안전
011230,삼화전자,,3610,81.7,63.7,120.8,-43.6,79.6,66.0,41.0,25.8,47.0,42.6,15.8,15.25,6400,2010,10,True,True,False,4153472,1051493,606.6,144.5,35.9,3.95,6,False,True,True,False,5일선회복/+3%반등,27.4,,,,,False,0,강세,-4,0,-1,-3,74.0,27.1,1496.93,,1.69,-43023.0,-43023.0,-43023.0,10,10,1.0,43.4,39.4,011230,00129280,0,3,0,0,,[20251027] 유상증자또는주식관련사채등의발행결과(자율공시)               (20251027800274) || [20251013] 유상증자결정(종속회사의주요경영사항)               (20251013800445) || [20251001] 주요사항보고서(유상증자결정) (20251001000578),,,,https://dart.fss.or.kr/dsaf001/main.do?rcpNo=20251027800274 || https://dart.fss.or.kr/dsaf001/main.do?rcpNo=20251013800445 || https://dart.fss.or.kr/dsaf001/main.do?rcpNo=20251001000578,,,,20251027800274 || 20251013800445 || 20251001000578,주의
272450,진에어,,6150,49.5,33.0,38.8,-36.9,6.6,1.3,-4.7,-16.9,-1.4,-2.9,-14.2,0.56,9740,5770,15,True,True,True,585181,289475,10.3,34.5,17.7,2.02,6,False,True,True,False,5일선회복/+3%반등,22.3,,,,,False,0,강세,-4,0,-1,-3,74.0,27.1,1496.93,,1.69,-43023.0,-43023.0,-43023.0,10,10,1.0,43.3,39.3,272450,00653024,0,0,0,0,,,,,,,,,,,안전
267850,아시아나IDT,,10170,42.6,14.9,26.9,-21.0,6.8,0.5,-5.5,-8.5,-2.9,-3.0,-8.6,0.39,12880,9520,5,False,True,False,25094,45264,1.9,2.5,4.8,0.55,3,False,True,False,False,5일선회복,35.3,-1.2,-0.7,-1.7,-2.1,True,0,강세,-4,0,-1,-3,74.0,27.1,1496.93,,1.69,-43023.0,-43023.0,-43023.0,10,10,1.0,43.3,39.3,267850,00458234,1,0,0,0,[20250919] 횡령ㆍ배임사실확인               (20250919800623),,,,https://dart.fss.or.kr/dsaf001/main.do?rcpNo=20250919800623,,,,20250919800623,,위험
011760,현대코퍼레이션,,27950,42.2,43.0,36.0,-14.9,39.4,7.7,-5.7,-1.1,-3.5,1.1,16.6,1.19,32850,20050,10,False,True,True,76199,73908,23.2,21.2,21.8,1.03,6,False,True,True,False,5일선회복/+3%반등,27.1,,,,,False,0,강세,-4,0,-1,-3,74.0,27.1,1496.93,,1.69,-43023.0,-43023.0,-43023.0,10,10,1.0,43.1,39.1,011760,00164812,0,0,0,0,,,,,,,,,,,안전
001060,JW중외제약,,29250,45.7,37.2,30.5,-25.5,41.3,0.3,-3.3,-23.0,-3.1,-4.3,7.6,0.88,39250,20700,10,False,True,True,58125,74186,18.0,16.9,22.5,0.78,6,False,True,True,False,5일선회복/+3%반등,26.1,,,,,False,0,강세,-4,0,-1,-3,74.0,27.1,1496.93,,1.69,-43023.0,-43023.0,-43023.0,10,10,1.0,42.1,38.1,001060,00149947,0,0,1,0,,,[20260430] 매매거래정지및정지해제(중요내용공시)               (20260430801653),,,,https://dart.fss.or.kr/dsaf001/main.do?rcpNo=20260430801653,,,,안전
072710,농심홀딩스,,92500,44.9,14.9,13.7,-35.5,30.5,-1.4,-3.8,-8.9,-3.1,-2.8,-0.2,0.88,143500,70900,0,False,False,False,6070,7614,6.3,5.7,7.3,0.8,0,False,False,False,False,-,42.0,-3.6,-0.5,7.8,-0.3,True,0,강세,-4,0,-1,-3,74.0,27.1,1496.93,,1.69,-43023.0,-43023.0,-43023.0,10,10,1.0,42.0,38.0,072710,00459871,0,0,0,0,,,,,,,,,,,안전
002220,한일철강,,5180,41.1,52.1,62.0,-13.5,166.7,11.4,9.7,21.9,3.8,15.4,24.6,2.65,5990,1942,5,False,True,False,271055,277163,35.8,13.3,14.2,0.98,10,False,True,True,True,5일선회복/+3%반등/거래량동반양봉,27.0,,,,,False,0,강세,-4,0,-1,-3,74.0,27.1,1496.93,,1.69,-43023.0,-43023.0,-43023.0,10,10,1.0,42.0,38.0,002220,00163196,0,0,0,0,,,,,,,,,,,안전
002620,제일파마홀딩스,,8320,40.1,36.7,7.2,-16.1,11.8,-3.6,-7.0,1.3,-4.2,-3.9,-1.3,0.75,9920,7440,0,False,False,False,16092,13608,0.9,1.4,1.2,1.18,0,False,False,False,False,-,41.9,-0.3,-0.6,-0.7,-0.4,True,0,강세,-4,0,-1,-3,74.0,27.1,1496.93,,1.69,-43023.0,-43023.0,-43023.0,10,10,1.0,41.9,37.9,002620,00148443,0,0,0,0,,,,,,,,,,,안전
298690,에어부산,,1876,43.1,29.3,18.5,-17.9,14.9,-3.4,-9.6,-9.2,-4.4,-4.0,-0.8,0.58,2285,1633,0,False,False,False,230884,251974,2.8,4.4,4.9,0.92,3,False,False,True,False,+3%반등,35.1,-1.8,0.1,-6.1,-2.1,True,3,강세,-4,0,-1,-3,74.0,27.1,1496.93,,1.69,-43023.0,-43023.0,-43023.0,10,10,1.0,41.1,37.1,298690,00651901,1,0,0,0,[20250919] 횡령ㆍ배임사실확인               (20250919800579),,,,https://dart.fss.or.kr/dsaf001/main.do?rcpNo=20250919800579,,,,20250919800579,,위험
003850,보령,,9300,41.4,16.9,15.9,-13.9,15.1,-3.0,-5.2,-8.8,-3.7,-3.2,2.6,0.89,10800,8080,0,False,False,False,145298,165525,13.4,13.7,16.1,0.88,0,False,False,False,False,-,38.0,5.8,-0.7,-9.2,-0.2,True,3,강세,-4,0,-1,-3,74.0,27.1,1496.93,,1.69,-43023.0,-43023.0,-43023.0,10,10,1.0,41.0,37.0,003850,00123143,0,0,0,0,,,,,,,,,,,안전
015360,INVENI,,15580,43.3,0.0,1.5,-14.3,55.2,-5.7,-0.8,-8.8,-5.4,-3.3,11.3,0.94,18190,10040,0,False,False,False,56720,70652,10.6,9.1,11.8,0.8,0,False,False,False,False,-,40.6,-14.4,-0.9,-17.5,6.2,True,0,강세,-4,0,-1,-3,74.0,27.1,1496.93,,1.69,-43023.0,-43023.0,-43023.0,10,10,1.0,40.6,36.6,015360,00105101,0,1,0,0,,[20250912] 유상증자또는주식관련사채등의발행결과(자율공시)               (20250912800340),,,,https://dart.fss.or.kr/dsaf001/main.do?rcpNo=20250912800340,,,,20250912800340,주의
006840,AK홀딩스,,7570,31.6,0.0,12.9,-43.9,0.3,-4.9,-10.8,-14.7,-6.1,-7.1,-17.5,0.76,13500,7550,0,False,False,False,9933,13316,0.8,0.8,1.1,0.75,-30,True,False,False,False,⚠️떨어지는칼날,70.4,-0.1,-0.1,-1.9,-0.3,True,0,강세,-4,0,-1,-3,74.0,27.1,1496.93,,1.69,-43023.0,-43023.0,-43023.0,10,10,1.0,40.400000000000006,36.400000000000006,006840,00125080,1,2,0,0,[20260209] 자본잠식50%이상또는매출액50억원미만사실발생(자회사의 주요경영사항)               (20260209801091),[20260427] 유상증자결정(종속회사의주요경영사항)               (20260427800975) || [20250725] 감자결정(종속회사의주요경영사항)               (20250725800395),,,https://dart.fss.or.kr/dsaf001/main.do?rcpNo=20260209801091,https://dart.fss.or.kr/dsaf001/main.do?rcpNo=20260427800975 || https://dart.fss.or.kr/dsaf001/main.do?rcpNo=20250725800395,,,20260209801091,20260427800975 || 20250725800395,위험
001820,삼화콘덴서,,125900,82.6,65.4,111.7,-22.9,431.2,97.0,102.7,120.9,67.5,92.2,206.4,3.74,163400,23700,15,True,True,True,2364173,771345,3780.4,2475.1,727.9,3.06,6,False,True,True,False,5일선회복/+3%반등,19.2,,,,,False,0,강세,-4,0,-1,-3,74.0,27.1,1496.93,,1.69,-43023.0,-43023.0,-43023.0,10,10,1.0,40.2,36.2,001820,00129350,0,0,0,0,,,,,,,,,,,안전
012690,모나리자,,1965,20.7,0.0,14.5,-32.7,1.4,-4.4,-15.1,-10.7,-9.7,-10.8,-13.5,0.35,2920,1938,0,False,False,False,172883,342750,2.4,3.4,7.7,0.5,-30,True,False,False,False,⚠️떨어지는칼날,69.8,-1.3,-0.0,-7.7,-0.1,True,0,강세,-4,0,-1,-3,74.0,27.1,1496.93,,1.69,-43023.0,-43023.0,-43023.0,10,10,1.0,39.8,35.8,012690,00173102,0,0,0,0,,,,,,,,,,,안전
010400,우진아이엔에스,,3905,42.4,62.2,45.8,-20.3,63.0,8.2,-4.8,0.1,-0.8,-0.1,10.1,0.59,4900,2395,10,False,True,True,26082,31540,0.8,1.0,1.2,0.83,6,False,True,True,False,5일선회복/+3%반등,23.6,,,,,False,0,강세,-4,0,-1,-3,74.0,27.1,1496.93,,1.69,-43023.0,-43023.0,-43023.0,10,10,1.0,39.6,35.6,010400,00143262,0,0,0,0,,,,,,,,,,,안전
025820,이구산업,,5750,41.3,23.7,35.3,-19.8,39.1,2.5,7.7,1.4,-3.6,5.5,10.8,0.24,7170,4135,5,False,True,False,693596,2348006,33.7,39.9,147.6,0.3,6,False,True,True,False,5일선회복/+3%반등,28.4,,,,,False,0,강세,-4,0,-1,-3,74.0,27.1,1496.93,,1.69,-43023.0,-43023.0,-43023.0,10,10,1.0,39.4,35.4,025820,00145464,0,0,0,0,,,,,,,,,,,안전
002780,진흥기업,,1034,23.4,0.8,14.1,-37.1,66.5,-7.2,1.0,24.4,-16.3,-4.8,27.6,0.52,1645,621,5,False,True,False,2808569,11294417,63.8,29.8,151.4,0.25,-30,True,False,False,False,⚠️떨어지는칼날,64.2,-5.1,-0.3,-37.2,-0.6,True,0,강세,-4,0,-1,-3,74.0,27.1,1496.93,,1.69,-43023.0,-43023.0,-43023.0,10,10,1.0,39.2,35.2,002780,00150828,0,0,0,0,,,,,,,,,,,안전
111380,동인기연,,13410,43.8,19.9,21.2,-24.8,4.3,-4.1,-6.2,-19.4,-3.4,-4.6,-5.0,1.54,17840,12860,0,False,False,False,14787,14971,3.2,2.0,2.1,0.99,0,False,False,False,False,-,39.1,-2.3,-0.0,-0.1,-0.2,True,0,강세,-4,0,-1,-3,74.0,27.1,1496.93,,1.69,-43023.0,-43023.0,-43023.0,10,10,1.0,39.1,35.1,111380,00367710,0,0,0,0,,,,,,,,,,,안전
155660,DSR,,4215,39.2,25.2,19.5,-10.3,16.1,-3.0,-4.0,2.7,-3.8,-2.4,6.3,1.05,4700,3630,0,False,False,False,44663,51808,2.4,1.9,2.3,0.86,3,False,False,True,False,+3%반등,36.0,-0.3,-0.1,-0.8,-0.1,True,0,강세,-4,0,-1,-3,74.0,27.1,1496.93,,1.69,-43023.0,-43023.0,-43023.0,10,10,1.0,39.0,35.0,155660,00110608,0,0,0,0,,,,,,,,,,,안전
007590,동방아그로,,6000,34.8,52.4,35.2,-5.8,5.3,-0.2,0.0,0.5,-0.4,0.5,-0.8,0.56,6370,5700,5,False,False,True,5790,10418,0.4,0.3,0.6,0.56,3,False,True,False,False,5일선회복,31.0,-0.0,-0.1,0.2,-0.1,True,0,강세,-4,0,-1,-3,74.0,27.1,1496.93,,1.69,-43023.0,-43023.0,-43023.0,10,10,1.0,39.0,35.0,007590,00115384,0,3,0,0,,[20260408] 최대주주변경               (20260408800949) || [20260408] 최대주주등소유주식변동신고서(최대주주변경시)               (20260408800954) || [20250819] 유상증자또는주식관련사채등의발행결과(자율공시)               (20250819800241),,,,https://dart.fss.or.kr/dsaf001/main.do?rcpNo=20260408800949 || https://dart.fss.or.kr/dsaf001/main.do?rcpNo=20260408800954 || https://dart.fss.or.kr/dsaf001/main.do?rcpNo=20250819800241,,,,20260408800949 || 20260408800954 || 20250819800241,주의
004970,신라교역,,9180,39.5,26.2,26.4,-15.3,4.2,-0.6,-5.0,-11.8,-2.5,-3.7,-2.1,1.16,10840,8810,0,False,False,False,16889,17491,1.8,1.5,1.7,0.97,3,False,True,False,False,5일선회복,35.6,-0.1,-0.9,-1.7,-3.8,True,0,강세,-4,0,-1,-3,74.0,27.1,1496.93,,1.69,-43023.0,-43023.0,-43023.0,10,10,1.0,38.6,34.6,004970,00135962,0,0,1,0,,,[20251219] 매매거래정지및정지해제(중요내용공시)               (20251219800310),,,,https://dart.fss.or.kr/dsaf001/main.do?rcpNo=20251219800310,,,,안전
001740,SK네트웍스,,11380,79.7,67.4,111.4,-18.5,190.7,38.8,107.7,106.5,53.1,84.1,124.5,3.93,13960,3915,15,True,True,True,34081022,17328482,8097.6,3590.1,1587.2,1.97,6,False,True,True,False,5일선회복/+3%반등,17.4,,,,,False,0,강세,-4,0,-1,-3,74.0,27.1,1496.93,,1.69,-43023.0,-43023.0,-43023.0,10,10,1.0,38.4,34.4,001740,00131780,0,0,0,0,,,,,,,,,,,안전
051900,LG생활건강,,252500,43.4,14.1,25.1,-29.0,12.2,-2.9,2.2,-7.2,-3.8,-0.4,-7.4,0.79,355500,225000,0,False,False,False,58164,82861,167.8,147.9,220.8,0.7,0,False,False,False,False,-,35.4,44.3,-38.5,72.4,345.9,True,3,강세,-4,0,-1,-3,74.0,27.1,1496.93,,1.69,-43023.0,-43023.0,-43023.0,10,10,1.0,38.4,34.4,051900,00356370,0,1,0,0,,[20260223] 주요사항보고서(감자결정) (20260223004088),,,,https://dart.fss.or.kr/dsaf001/main.do?rcpNo=20260223004088,,,,20260223004088,주의
006280,녹십자,,150200,63.7,68.0,113.9,-18.3,25.1,14.9,5.6,-13.2,8.9,5.5,4.2,3.64,183800,120100,15,True,True,True,116028,81529,457.8,167.0,114.2,1.42,6,False,True,True,False,5일선회복/+3%반등,17.3,,,,,False,0,강세,-4,0,-1,-3,74.0,27.1,1496.93,,1.69,-43023.0,-43023.0,-43023.0,10,10,1.0,38.3,34.3,006280,00129679,0,0,0,0,,,,,,,,,,,안전
002380,KCC,,567000,40.0,51.5,54.4,-18.1,124.1,13.5,1.1,-5.3,1.1,5.6,23.3,0.77,692000,253000,10,False,True,True,40495,42804,191.4,220.5,243.0,0.95,6,False,True,True,False,5일선회복/+3%반등,22.2,,,,,False,0,강세,-4,0,-1,-3,74.0,27.1,1496.93,,1.69,-43023.0,-43023.0,-43023.0,10,10,1.0,38.2,34.2,002380,00105271,0,4,0,0,,[20250729] [기재정정]유상증자결정(종속회사의주요경영사항)               (20250729800088) || [20250711] 유상증자또는주식관련사채등의발행결과(자율공시)               (20250711800078) || [20250704] [기재정정]유상증자결정(종속회사의주요경영사항)               (20250704800333),,,,https://dart.fss.or.kr/dsaf001/main.do?rcpNo=20250729800088 || https://dart.fss.or.kr/dsaf001/main.do?rcpNo=20250711800078 || https://dart.fss.or.kr/dsaf001/main.do?rcpNo=20250704800333,,,,20250729800088 || 20250711800078 || 20250704800333,주의
081660,미스토홀딩스,,38000,45.7,35.7,29.4,-31.9,16.2,-5.7,-9.0,-29.2,-3.0,-7.8,-10.1,0.8,55800,32700,0,False,False,False,144264,176649,54.3,56.1,69.2,0.82,3,False,False,True,False,+3%반등,31.9,47.0,-55.8,-38.8,-16.5,True,3,강세,-4,0,-1,-3,74.0,27.1,1496.93,,1.69,-43023.0,-43023.0,-43023.0,10,10,1.0,37.9,33.9,081660,00195229,0,0,1,0,,,[20251216] 매매거래정지및정지해제(중요내용공시)               (20251216801369),,,,https://dart.fss.or.kr/dsaf001/main.do?rcpNo=20251216801369,,,,안전
009190,대양금속,,2080,70.0,83.7,129.0,-7.1,90.1,55.2,40.4,63.0,38.3,47.2,46.3,6.69,2240,1094,15,True,True,True,2811527,1080309,156.4,53.9,19.0,2.6,10,False,True,True,True,5일선회복/+3%반등/거래량동반양봉,12.8,,,,,False,0,강세,-4,0,-1,-3,74.0,27.1,1496.93,,1.69,-43023.0,-43023.0,-43023.0,10,10,1.0,37.8,33.8,009190,00111111,0,34,0,0,,[20260515] 유상증자또는주식관련사채등의발행결과(자율공시)               (20260515802149) || [20260514] 유상증자또는주식관련사채등의청약결과(자율공시)               (20260514801543) || [20260511] [기재정정]주요사항보고서(유상증자결정) (20260511000560),,,,https://dart.fss.or.kr/dsaf001/main.do?rcpNo=20260515802149 || https://dart.fss.or.kr/dsaf001/main.do?rcpNo=20260514801543 || https://dart.fss.or.kr/dsaf001/main.do?rcpNo=20260511000560,,,,20260515802149 || 20260514801543 || 20260511000560,주의
000970,한국주철관,,6840,38.9,25.9,26.7,-13.2,8.6,0.0,-4.5,-4.5,-2.8,-1.8,-1.7,0.77,7880,6300,0,False,False,False,47150,78349,4.1,3.2,5.6,0.6,3,False,True,False,False,5일선회복,34.5,-3.8,-0.1,-5.4,-0.2,True,0,강세,-4,0,-1,-3,74.0,27.1,1496.93,,1.69,-43023.0,-43023.0,-43023.0,10,10,1.0,37.5,33.5,000970,00159573,0,0,0,0,,,,,,,,,,,안전
032560,황금에스티,,5870,39.9,19.0,22.6,-10.8,9.9,-1.0,-4.6,-9.7,-3.8,-2.9,-0.9,1.34,6580,5340,0,False,False,False,60856,60854,5.0,3.6,3.7,1.0,0,False,False,False,False,-,37.2,-2.1,-0.0,0.9,-0.2,True,0,강세,-4,0,-1,-3,74.0,27.1,1496.93,,1.69,-43023.0,-43023.0,-43023.0,10,10,1.0,37.2,33.2,032560,00218575,0,0,0,0,,,,,,,,,,,안전
032640,LG유플러스,,15140,47.3,6.4,17.5,-18.2,20.3,-2.7,-9.6,-12.5,-3.7,-5.5,-1.9,0.71,18500,12580,0,False,False,False,1080402,1100805,120.6,167.3,173.1,0.98,0,False,False,False,False,-,34.1,86.5,-131.2,157.4,-315.9,True,3,강세,-4,0,-1,-3,74.0,27.1,1496.93,,1.69,-43023.0,-43023.0,-43023.0,10,10,1.0,37.1,33.1,032640,00231363,0,0,0,0,,,,,,,,,,,안전
031430,신세계인터내셔날,,13770,47.0,6.1,15.8,-19.6,44.2,-5.0,-6.1,7.6,-7.7,0.9,18.8,0.84,17130,9550,0,False,False,False,188237,211403,25.2,26.8,32.5,0.89,0,False,False,False,False,-,34.1,32.4,-29.3,61.1,11.3,True,3,강세,-4,0,-1,-3,74.0,27.1,1496.93,,1.69,-43023.0,-43023.0,-43023.0,10,10,1.0,37.1,33.1,031430,00234412,0,0,1,0,,,[20251028] 매매거래정지및정지해제(중요내용공시)               (20251028800542),,,,https://dart.fss.or.kr/dsaf001/main.do?rcpNo=20251028800542,,,,안전
011070,LG이노텍,,1044000,83.9,64.3,104.5,-19.4,660.9,31.7,108.8,285.2,43.8,108.9,251.7,2.64,1295000,137200,15,True,True,True,538765,383679,10416.3,5181.5,2909.3,1.4,6,False,True,True,False,5일선회복/+3%반등,16.0,,,,,False,0,강세,-4,0,-1,-3,74.0,27.1,1496.93,,1.69,-43023.0,-43023.0,-43023.0,10,10,1.0,37.0,33.0,011070,00105961,0,0,0,0,,,,,,,,,,,안전
267290,경동도시가스,,22150,41.0,42.9,25.1,-8.8,23.7,-2.4,-3.3,-6.7,-1.8,-1.1,3.7,2.05,24300,17900,0,False,False,False,13441,13039,6.1,3.0,2.9,1.03,0,False,False,False,False,-,33.9,2.9,-0.0,5.4,-0.6,True,3,강세,-4,0,-1,-3,74.0,27.1,1496.93,,1.69,-43023.0,-43023.0,-43023.0,10,10,1.0,36.9,32.9,267290,01208885,0,0,0,0,,,,,,,,,,,안전
009450,경동나비엔,,71700,45.7,50.0,39.5,-24.6,35.3,6.2,1.0,4.4,-1.8,4.8,6.1,0.9,95100,53000,10,False,True,True,92772,109809,72.1,65.8,80.6,0.84,6,False,True,True,False,5일선회복/+3%반등,20.5,,,,,False,0,강세,-4,0,-1,-3,74.0,27.1,1496.93,,1.69,-43023.0,-43023.0,-43023.0,10,10,1.0,36.5,32.5,009450,00101488,0,5,0,0,,[20260408] [기재정정]유상증자결정(종속회사의주요경영사항)               (20260408801385) || [20260331] [기재정정]유상증자결정(종속회사의주요경영사항)               (20260331804277) || [20260327] [기재정정]유상증자결정(종속회사의주요경영사항)               (20260327803232),,,,https://dart.fss.or.kr/dsaf001/main.do?rcpNo=20260408801385 || https://dart.fss.or.kr/dsaf001/main.do?rcpNo=20260331804277 || https://dart.fss.or.kr/dsaf001/main.do?rcpNo=20260327803232,,,,20260408801385 || 20260331804277 || 20260327803232,주의
200880,서연이화,,13580,45.8,39.1,26.7,-25.8,27.4,2.8,-5.0,-17.2,-3.2,-1.5,3.0,0.81,18310,10660,5,False,True,False,117294,131204,14.6,16.4,18.5,0.89,3,False,False,True,False,+3%반등,28.4,,,,,False,0,강세,-4,0,-1,-3,74.0,27.1,1496.93,,1.69,-43023.0,-43023.0,-43023.0,10,10,1.0,36.4,32.4,200880,01036446,0,0,0,0,,,,,,,,,,,안전
009420,한올바이오파마,,70700,77.2,93.4,127.2,-3.2,194.6,71.6,40.3,15.7,45.9,39.4,60.1,4.11,73000,24000,15,True,True,True,1100115,536451,1587.3,672.9,287.0,2.05,10,False,True,True,True,5일선회복/+3%반등/거래량동반양봉,11.3,,,,,False,0,강세,-4,0,-1,-3,74.0,27.1,1496.93,,1.69,-43023.0,-43023.0,-43023.0,10,10,1.0,36.3,32.3,009420,00162586,0,0,0,0,,,,,,,,,,,안전
282330,BGF리테일,,126400,47.2,15.2,8.0,-14.5,28.3,-5.6,-5.2,-8.4,-5.5,-4.3,7.0,0.7,147800,98500,0,False,False,False,61340,71075,64.6,80.2,95.6,0.86,0,False,False,False,False,-,33.1,61.1,-41.3,288.5,-62.7,True,3,강세,-4,0,-1,-3,74.0,27.1,1496.93,,1.69,-43023.0,-43023.0,-43023.0,10,10,1.0,36.1,32.1,282330,01263022,0,0,0,0,,,,,,,,,,,안전
010100,한국무브넥스,,4495,50.7,18.6,32.3,-43.5,27.3,1.8,-1.6,-16.8,-4.1,-2.1,-1.2,0.38,7950,3530,5,False,True,False,464651,1220102,21.9,21.3,61.3,0.38,3,False,False,True,False,+3%반등,28.1,,,,,False,0,강세,-4,0,-1,-3,74.0,27.1,1496.93,,1.69,-43023.0,-43023.0,-43023.0,10,10,1.0,36.1,32.1,010100,00160418,0,0,0,0,,,,,,,,,,,안전
092780,DYP,,5070,51.0,59.2,62.0,-50.5,67.1,2.9,2.0,-0.4,0.9,6.8,18.3,0.58,10250,3035,10,False,True,True,51069,67044,2.0,2.5,3.4,0.76,6,False,True,True,False,5일선회복/+3%반등,20.0,,,,,False,0,강세,-4,0,-1,-3,74.0,27.1,1496.93,,1.69,-43023.0,-43023.0,-43023.0,10,10,1.0,36.0,32.0,092780,00117726,0,2,0,0,,[20251031] 유상증자또는주식관련사채등의발행결과(자율공시)               (20251031800476) || [20251023] 주요사항보고서(전환사채권발행결정) (20251023000207),,,,https://dart.fss.or.kr/dsaf001/main.do?rcpNo=20251031800476 || https://dart.fss.or.kr/dsaf001/main.do?rcpNo=20251023000207,,,,20251031800476 || 20251023000207,주의
017900,광전자,,12400,56.9,52.8,67.1,-44.8,inf,29.4,18.2,518.5,7.3,39.6,240.9,0.42,22450,0,15,True,True,True,15614227,8765672,457.6,2081.2,1079.7,1.78,3,False,False,True,False,+3%반등,17.9,,,,,False,0,강세,-4,0,-1,-3,74.0,27.1,1496.93,,1.69,-43023.0,-43023.0,-43023.0,10,10,1.0,35.9,31.9,017900,00152729,0,0,0,0,,,,,,,,,,,안전
011790,SKC,,144500,42.5,37.8,57.5,-21.6,79.0,13.1,29.5,39.4,3.3,26.1,38.8,0.81,184400,80740,10,False,True,True,766076,1022692,1238.7,1099.7,1504.2,0.75,6,False,True,True,False,5일선회복/+3%반등,19.9,,,,,False,0,강세,-4,0,-1,-3,74.0,27.1,1496.93,,1.69,-43023.0,-43023.0,-43023.0,10,10,1.0,35.9,31.9,011790,00139889,0,11,0,0,,[20260522] 유상증자또는주식관련사채등의발행결과(자율공시)               (20260522800375) || [20260521] 유상증자또는주식관련사채등의청약결과(자율공시)               (20260521800506) || [20260518] 유상증자또는주식관련사채등의청약결과(자율공시)               (20260518800398),,,,https://dart.fss.or.kr/dsaf001/main.do?rcpNo=20260522800375 || https://dart.fss.or.kr/dsaf001/main.do?rcpNo=20260521800506 || https://dart.fss.or.kr/dsaf001/main.do?rcpNo=20260518800398,,,,20260522800375 || 20260521800506 || 20260518800398,주의
005750,대림바스,,4860,32.0,3.2,9.8,-24.7,24.6,-7.3,-15.0,-11.8,-8.4,-12.7,-1.9,0.91,6450,3900,0,False,False,False,38597,52634,2.3,1.9,2.8,0.73,-30,True,False,False,False,⚠️떨어지는칼날,65.5,-1.0,-0.1,-5.8,-0.9,True,0,강세,-4,0,-1,-3,74.0,27.1,1496.93,,1.69,-43023.0,-43023.0,-43023.0,10,10,1.0,35.5,31.5,005750,00109754,0,0,0,0,,,,,,,,,,,안전
007860,서연,,9070,45.5,54.8,39.6,-27.3,25.1,3.3,-4.6,-18.1,-1.3,-3.1,-5.5,0.8,12470,7250,5,False,True,False,94879,123871,9.3,8.6,11.4,0.77,6,False,True,True,False,5일선회복/+3%반등,24.1,,,,,False,0,강세,-4,0,-1,-3,74.0,27.1,1496.93,,1.69,-43023.0,-43023.0,-43023.0,10,10,1.0,35.1,31.1,007860,00163114,0,0,0,0,,,,,,,,,,,안전
134790,시디즈,,18980,44.7,64.7,43.0,-52.6,6.0,-0.8,-2.8,-10.0,-0.5,-1.5,-14.5,0.65,40000,17900,0,False,False,False,1106,1780,0.2,0.2,0.3,0.62,3,False,False,True,False,+3%반등,32.1,-0.1,-0.0,-0.5,-0.0,True,0,강세,-4,0,-1,-3,74.0,27.1,1496.93,,1.69,-43023.0,-43023.0,-43023.0,10,10,1.0,35.1,31.1,134790,00852087,0,0,0,0,,,,,,,,,,,안전
018260,삼성에스디에스,,261500,81.4,100.0,144.5,0.0,105.7,52.9,46.6,48.9,44.0,54.1,55.7,4.81,261500,127100,15,True,True,True,1056636,648242,8185.7,2451.2,1290.7,1.63,10,False,True,True,True,5일선회복/+3%반등/거래량동반양봉,10.0,,,,,False,0,강세,-4,0,-1,-3,74.0,27.1,1496.93,,1.69,-43023.0,-43023.0,-43023.0,10,10,1.0,35.0,31.0,018260,00126186,0,2,0,0,,[20260430] 유상증자또는주식관련사채등의발행결과(자율공시)               (20260430801433) || [20260415] 주요사항보고서(전환사채권발행결정) (20260415000014),,,,https://dart.fss.or.kr/dsaf001/main.do?rcpNo=20260430801433 || https://dart.fss.or.kr/dsaf001/main.do?rcpNo=20260415000014,,,,20260430801433 || 20260415000014,주의
001080,만호제강,,5000,48.1,10.1,29.6,-19.9,116.9,0.9,-1.8,-8.1,-4.6,-3.0,12.1,0.47,6240,2305,10,False,True,True,42345,81598,2.0,2.2,4.5,0.52,0,False,False,False,False,-,24.8,,,,,False,0,강세,-4,0,-1,-3,74.0,27.1,1496.93,,1.69,-43023.0,-43023.0,-43023.0,10,10,1.0,34.8,30.8,001080,00120872,0,4,0,0,,[20260327] 유상증자또는주식관련사채등의발행결과(자율공시)               (20260327802372) || [20260130] 최대주주등소유주식변동신고서(최대주주변경시)               (20260130801357) || [20260130] 최대주주변경               (20260130801106),,,,https://dart.fss.or.kr/dsaf001/main.do?rcpNo=20260327802372 || https://dart.fss.or.kr/dsaf001/main.do?rcpNo=20260130801357 || https://dart.fss.or.kr/dsaf001/main.do?rcpNo=20260130801106,,,,20260327802372 || 20260130801357 || 20260130801106,주의
000240,한국앤컴퍼니,,24000,48.5,45.8,36.6,-34.2,47.2,2.1,-4.8,-29.0,-1.7,-3.6,-5.4,0.81,36450,16300,5,False,True,False,127353,150291,30.0,30.0,36.8,0.85,6,False,True,True,False,5일선회복/+3%반등,23.7,,,,,False,0,강세,-4,0,-1,-3,74.0,27.1,1496.93,,1.69,-43023.0,-43023.0,-43023.0,10,10,1.0,34.7,30.700000000000003,000240,00160047,6,0,0,0,[20260508] 횡령ㆍ배임사실확인(자회사의 주요경영사항)               (20260508801104) || [20260508] 횡령ㆍ배임사실확인               (20260508801038) || [20251223] 횡령ㆍ배임사실확인               (20251223800705),,,,https://dart.fss.or.kr/dsaf001/main.do?rcpNo=20260508801104 || https://dart.fss.or.kr/dsaf001/main.do?rcpNo=20260508801038 || https://dart.fss.or.kr/dsaf001/main.do?rcpNo=20251223800705,,,,20260508801104 || 20260508801038 || 20251223800705,,위험
443060,HD현대마린솔루션,,241000,43.8,54.0,42.9,-16.0,62.9,10.6,5.7,30.7,-2.4,13.9,18.5,0.73,287000,147900,10,False,True,True,222473,334383,561.3,533.4,836.4,0.67,6,False,True,True,False,5일선회복/+3%반등,18.5,,,,,False,0,강세,-4,0,-1,-3,74.0,27.1,1496.93,,1.69,-43023.0,-43023.0,-43023.0,10,10,1.0,34.5,30.5,443060,01194689,0,0,0,0,,,,,,,,,,,안전
026960,동서,,24550,46.4,19.1,18.1,-23.8,2.5,-4.3,-8.2,-19.0,-3.7,-6.9,-9.4,0.93,32200,23950,0,False,False,False,115047,113830,26.5,29.1,29.0,1.01,0,False,False,False,False,-,34.5,-14.0,-2.5,-66.2,38.9,True,0,강세,-4,0,-1,-3,74.0,27.1,1496.93,,1.69,-43023.0,-43023.0,-43023.0,10,10,1.0,34.5,30.5,026960,00144395,0,0,0,0,,,,,,,,,,,안전
000020,동화약품,,5860,47.2,14.3,21.8,-17.9,5.4,-3.0,-1.8,-12.1,-2.2,-1.7,-5.3,1.38,7140,5560,5,True,False,False,179262,128390,10.5,10.8,7.7,1.4,0,False,False,False,False,-,29.4,,,,,False,0,강세,-4,0,-1,-3,74.0,27.1,1496.93,,1.69,-43023.0,-43023.0,-43023.0,10,10,1.0,34.4,30.4,000020,00119195,0,0,0,0,,,,,,,,,,,안전
128940,한미약품,,489000,61.5,81.5,88.4,-24.4,82.8,11.3,-0.2,-20.6,8.0,-0.3,12.5,1.89,647000,267500,10,False,True,True,134383,123848,1170.2,617.3,564.2,1.09,10,False,True,True,True,5일선회복/+3%반등/거래량동반양봉,14.3,,,,,False,0,강세,-4,0,-1,-3,74.0,27.1,1496.93,,1.69,-43023.0,-43023.0,-43023.0,10,10,1.0,34.3,30.3,128940,00828497,1,0,0,0,[20260310] 횡령ㆍ배임사실확인               (20260310802029),,,,https://dart.fss.or.kr/dsaf001/main.do?rcpNo=20260310802029,,,,20260310802029,,위험
007340,DN오토모티브,,45450,40.3,20.8,37.7,-16.1,122.8,-1.3,14.5,44.7,-3.3,9.0,54.5,0.7,54200,20400,0,False,False,False,184503,315846,100.6,83.7,150.1,0.58,6,False,True,True,False,5일선회복/+3%반등,28.2,,,,,False,0,강세,-4,0,-1,-3,74.0,27.1,1496.93,,1.69,-43023.0,-43023.0,-43023.0,10,10,1.0,34.2,30.200000000000003,007340,00116949,0,0,0,0,,,,,,,,,,,안전
006660,삼성공조,,15520,55.1,100.0,113.9,-10.0,43.8,32.6,23.8,11.0,20.4,26.2,14.9,3.0,17250,10790,10,False,True,True,332941,448741,218.7,49.7,63.4,0.74,10,False,True,True,True,5일선회복/+3%반등/거래량동반양봉,14.0,,,,,False,0,강세,-4,0,-1,-3,74.0,27.1,1496.93,,1.69,-43023.0,-43023.0,-43023.0,10,10,1.0,34.0,30.0,006660,00126201,0,0,0,0,,,,,,,,,,,안전
