universe,base,label,h,regime,n,ic_base,diff,lo,hi,pos
전체,lv60,+lv20,5,전체,644,0.11489659605208835,0.003466184081065028,0.00043372394841039585,0.006289754798494105,0.5574534161490683
전체,lv60,+lv20,5,강세,297,0.11499991947488704,0.0016008620285752704,-0.002763737187905767,0.00573134345273559,0.5353535353535354
전체,lv60,+lv20,5,조정,56,0.1346701252346241,0.0004165958640005227,-0.005508249739284537,0.006004218038251094,0.4107142857142857
전체,lv60,+lv20,5,반등,60,0.12139212157492692,0.00414319415626182,-0.0018891766346033464,0.01049974820891895,0.6333333333333333
전체,lv60,+lv20,5,약세,231,0.10828301933276567,0.006427902631858376,0.001653027302877694,0.011382725330892735,0.6017316017316018
전체,lv60,+rv21,5,전체,644,0.11489659605208835,0.0034369997546259546,0.0005287414904071142,0.006181116975610526,0.5652173913043478
전체,lv60,+rv21,5,강세,297,0.11499991947488704,0.0015734669760564578,-0.0027457013145929434,0.005639290820308316,0.5454545454545454
전체,lv60,+rv21,5,조정,56,0.1346701252346241,0.0008811505945306763,-0.004747144105536784,0.006079289012154916,0.44642857142857145
전체,lv60,+rv21,5,반등,60,0.12139212157492692,0.00409934728433955,-0.0015560165236609689,0.010168294324218853,0.6666666666666666
전체,lv60,+rv21,5,약세,231,0.10828301933276567,0.0062805319469101985,0.0014681028117359714,0.010949713316718457,0.5930735930735931
전체,lv60,+to20,5,전체,644,0.11489659605208835,0.009120504450893572,0.00452788963524582,0.013478569032557265,0.6086956521739131
전체,lv60,+to20,5,강세,297,0.11499991947488704,0.0054380944451896274,-0.0007631745164371848,0.012412191294260027,0.5589225589225589
전체,lv60,+to20,5,조정,56,0.1346701252346241,0.01247541343261577,-0.0034423450033274324,0.023285416556410563,0.625
전체,lv60,+to20,5,반등,60,0.12139212157492692,0.009205349055383144,-0.0005116720638236115,0.02111180769555901,0.5833333333333334
전체,lv60,+to20,5,약세,231,0.10828301933276567,0.013019682773180389,0.0047850490911168315,0.02068444268514982,0.6753246753246753
전체,lv60,+nh252,5,전체,644,0.11489659605208835,-0.018009962248983574,-0.02898592677240389,-0.007582936686740574,0.42701863354037267
전체,lv60,+nh252,5,강세,297,0.11499991947488704,-0.005700115924241503,-0.021968670659840386,0.010775947264247332,0.4713804713804714
전체,lv60,+nh252,5,조정,56,0.1346701252346241,-0.022318254420590832,-0.05167486946056043,0.005915863754457716,0.48214285714285715
전체,lv60,+nh252,5,반등,60,0.12139212157492692,-0.00825326173893647,-0.03388421583377095,0.011561299915467255,0.45
전체,lv60,+nh252,5,약세,231,0.10828301933276567,-0.03532668098249533,-0.05576688890940519,-0.014086702478864328,0.35064935064935066
전체,lv60,+dlow252,5,전체,644,0.11489659605208835,-0.018126937923393163,-0.025770000248192315,-0.0101880669333142,0.3385093167701863
전체,lv60,+dlow252,5,강세,297,0.11499991947488704,-0.027819938583830285,-0.03855138057647908,-0.017919971698844683,0.26936026936026936
전체,lv60,+dlow252,5,조정,56,0.1346701252346241,-0.018025141853926674,-0.029585317871254613,-0.0036078560310852047,0.2857142857142857
전체,lv60,+dlow252,5,반등,60,0.12139212157492692,-0.025871981635438305,-0.03975467582146687,-0.013807519052779299,0.26666666666666666
전체,lv60,+dlow252,5,약세,231,0.10828301933276567,-0.003677486672387057,-0.017986260974646437,0.011049403685936075,0.4588744588744589
전체,lv60,+mom12_1,5,전체,644,0.11489659605208835,-0.013319848206121457,-0.026685749449891938,-2.8859053610954576e-05,0.35093167701863354
전체,lv60,+mom12_1,5,강세,297,0.11499991947488704,-0.0072833512335945625,-0.024465213633315306,0.010085702591800966,0.37373737373737376
전체,lv60,+mom12_1,5,조정,56,0.1346701252346241,-0.012483711806141459,-0.045608104307417956,0.016769160562571685,0.3392857142857143
전체,lv60,+mom12_1,5,반등,60,0.12139212157492692,-0.005857639340318398,-0.03594678790143405,0.023089320081548643,0.3333333333333333
전체,lv60,+mom12_1,5,약세,231,0.10828301933276567,-0.023221994401738565,-0.05057653151588265,0.0012056722749036444,0.329004329004329
전체,lv60,+mom21,5,전체,644,0.11489659605208835,-0.05207378528860139,-0.06395834715023925,-0.04185293068068151,0.2391304347826087
전체,lv60,+mom21,5,강세,297,0.11499991947488704,-0.04192548498960643,-0.0570629520584827,-0.026522982848128582,0.2727272727272727
전체,lv60,+mom21,5,조정,56,0.1346701252346241,-0.06405904601856813,-0.10763792096642985,-0.02675598766014085,0.16071428571428573
전체,lv60,+mom21,5,반등,60,0.12139212157492692,-0.057169115193573664,-0.08119307548741438,-0.043305167318645685,0.16666666666666666
전체,lv60,+mom21,5,약세,231,0.10828301933276567,-0.06089261989303877,-0.08063580330472374,-0.04043100488213515,0.23376623376623376
전체,lv60,+mom63,5,전체,644,0.11489659605208835,-0.04456722447364094,-0.05846752656241301,-0.030751660891205422,0.35714285714285715
전체,lv60,+mom63,5,강세,297,0.11499991947488704,-0.028219017792866008,-0.04849095005606417,-0.006985773429876893,0.4107744107744108
전체,lv60,+mom63,5,조정,56,0.1346701252346241,-0.061994379055776476,-0.1139513152587384,-0.00438043109648936,0.4107142857142857
전체,lv60,+mom63,5,반등,60,0.12139212157492692,-0.02733563787202747,-0.059956710370717405,-0.0031056241768113685,0.4166666666666667
전체,lv60,+mom63,5,약세,231,0.10828301933276567,-0.06583731938137848,-0.08781314600424321,-0.041516063883862094,0.2597402597402597
전체,lv60,+ret5,5,전체,644,0.11489659605208835,-0.023426532125647933,-0.036507509209705205,-0.009826327975710826,0.34937888198757766
전체,lv60,+ret5,5,강세,297,0.11499991947488704,-0.03266271440247973,-0.04680107334967278,-0.01967697780261079,0.27946127946127947
전체,lv60,+ret5,5,조정,56,0.1346701252346241,-0.017234401060014105,-0.0378930936410678,0.006278561331000713,0.375
전체,lv60,+ret5,5,반등,60,0.12139212157492692,-0.021173235972041717,-0.040114390366917475,0.001922113778867752,0.35
전체,lv60,+ret5,5,약세,231,0.10828301933276567,-0.013637835037651484,-0.038244045322559,0.018280740354550705,0.4329004329004329
전체,lv60,+upratio63,5,전체,644,0.11489659605208835,-0.022332731472178322,-0.0333509518371944,-0.011366079813397321,0.4161490683229814
전체,lv60,+upratio63,5,강세,297,0.11499991947488704,-0.0075243719187823325,-0.02361538649129619,0.008189180265108436,0.5084175084175084
전체,lv60,+upratio63,5,조정,56,0.1346701252346241,-0.03514920304865295,-0.07078703580830825,0.007068589444737529,0.4107142857142857
전체,lv60,+upratio63,5,반등,60,0.12139212157492692,-0.007119233859430409,-0.031235778961417694,0.013072522971183312,0.43333333333333335
전체,lv60,+upratio63,5,약세,231,0.10828301933276567,-0.04221658530698743,-0.05880608659281834,-0.024679347914591896,0.2943722943722944
전체,lv60,+on60,5,전체,644,0.11489659605208835,-0.019659498314017695,-0.026445178385535666,-0.013396007427106196,0.2857142857142857
전체,lv60,+on60,5,강세,297,0.11499991947488704,-0.027270894915998187,-0.035075493063179704,-0.020104760380838405,0.2255892255892256
전체,lv60,+on60,5,조정,56,0.1346701252346241,-0.024545129433419514,-0.03636746459270475,-0.01324973772610372,0.21428571428571427
전체,lv60,+on60,5,반등,60,0.12139212157492692,-0.0309053942454841,-0.04866006406236193,-0.01695497789995697,0.25
전체,lv60,+on60,5,약세,231,0.10828301933276567,-0.005768009615477905,-0.017923510797108223,0.006555527326439352,0.38961038961038963
전체,lv60,cut:on60,5,전체,644,0.11489659605208835,-0.009596926281225151,-0.012747239599624916,-0.006934764550552685,0.34316770186335405
전체,lv60,cut:on60,5,강세,297,0.11499991947488704,-0.00960220467665054,-0.013262246371321574,-0.006103413308547356,0.3501683501683502
전체,lv60,cut:on60,5,조정,56,0.1346701252346241,-0.006978452087266153,-0.012208451188374464,-0.0005455513967751477,0.32142857142857145
전체,lv60,cut:on60,5,반등,60,0.12139212157492692,-0.007708267569516536,-0.014727210225104247,-0.002984316409314252,0.26666666666666666
전체,lv60,cut:on60,5,약세,231,0.10828301933276567,-0.010715482099938924,-0.016039897505789547,-0.004808335095595319,0.3593073593073593
전체,lv60,+size,5,전체,644,0.11489659605208835,0.003752162248511351,-0.005772778693278419,0.013966768008515922,0.5419254658385093
전체,lv60,+size,5,강세,297,0.11499991947488704,0.01360097493159409,0.0004103370185898953,0.02719617437124421,0.5858585858585859
전체,lv60,+size,5,조정,56,0.1346701252346241,0.004269533115271401,-0.028439575792963,0.028876212997285218,0.5
전체,lv60,+size,5,반등,60,0.12139212157492692,0.013994857051441741,0.0021809662925372183,0.029712319667369022,0.6666666666666666
전체,lv60,+size,5,약세,231,0.10828301933276567,-0.0116964603644322,-0.028323014742903378,0.003713734128695162,0.46320346320346323
전체,lv60,+amt20,5,전체,644,0.11489659605208835,-0.02735075673135342,-0.0354958946782169,-0.020948158005271597,0.2608695652173913
전체,lv60,+amt20,5,강세,297,0.11499991947488704,-0.04097579653605387,-0.050085703095571386,-0.03368803195327981,0.1717171717171717
전체,lv60,+amt20,5,조정,56,0.1346701252346241,-0.03260162496892405,-0.04228271380741418,-0.01647441837112149,0.19642857142857142
전체,lv60,+amt20,5,반등,60,0.12139212157492692,-0.037666575302330405,-0.05285387366191706,-0.02806204452775242,0.13333333333333333
전체,lv60,+amt20,5,약세,231,0.10828301933276567,-0.005880477261402734,-0.017993679394420464,0.007297140813177142,0.42424242424242425
전체,lv60,+max5_21,5,전체,644,0.11489659605208835,0.001972099031168836,-0.0020871652188642295,0.006362883535115377,0.5108695652173914
전체,lv60,+max5_21,5,강세,297,0.11499991947488704,-0.0007739397938904002,-0.007025893369056258,0.004566558385708489,0.4511784511784512
전체,lv60,+max5_21,5,조정,56,0.1346701252346241,-0.0005441676786197108,-0.009948017147751181,0.008943869315955056,0.42857142857142855
전체,lv60,+max5_21,5,반등,60,0.12139212157492692,0.003502253816880205,-0.00437245600289025,0.011948556670750876,0.6
전체,lv60,+max5_21,5,약세,231,0.10828301933276567,0.005715281627047927,-0.0021053591137951415,0.013089401369533196,0.5844155844155844
전체,lv60,+bbw20,5,전체,644,0.11489659605208835,-0.004370544016262149,-0.008345183941704965,-0.0006747024516794018,0.4472049689440994
전체,lv60,+bbw20,5,강세,297,0.11499991947488704,-0.005835520283487894,-0.012601576946290318,-0.00031318320767884154,0.4175084175084175
전체,lv60,+bbw20,5,조정,56,0.1346701252346241,-0.007600598154722857,-0.01678319522960173,0.003217352187580307,0.4107142857142857
전체,lv60,+bbw20,5,반등,60,0.12139212157492692,-0.007063692719280905,-0.01554048828747611,0.002677702526726024,0.43333333333333335
전체,lv60,+bbw20,5,약세,231,0.10828301933276567,-0.0010044405301107592,-0.0067061653554150395,0.005428897131863624,0.49783549783549785
전체,lv60,+sma20gap,5,전체,644,0.11489659605208835,-0.051194462709071346,-0.061342351483686275,-0.04155833012062399,0.25
전체,lv60,+sma20gap,5,강세,297,0.11499991947488704,-0.04145023554336246,-0.05622740269833481,-0.02844688429220139,0.3164983164983165
전체,lv60,+sma20gap,5,조정,56,0.1346701252346241,-0.06327091400568888,-0.09959616002410816,-0.02865595981868604,0.125
전체,lv60,+sma20gap,5,반등,60,0.12139212157492692,-0.05979248195459307,-0.09148996498541562,-0.04534805381441364,0.2
전체,lv60,+sma20gap,5,약세,231,0.10828301933276567,-0.058561878470429124,-0.07711437287392846,-0.040763682243148545,0.2077922077922078
전체,lv60,+rsi14,5,전체,644,0.11489659605208835,-0.01403231521236654,-0.026058195655990987,0.0011119660948367255,0.42080745341614906
전체,lv60,+rsi14,5,강세,297,0.11499991947488704,-0.02957488376450964,-0.046266806479926315,-0.014447620333140627,0.3602693602693603
전체,lv60,+rsi14,5,조정,56,0.1346701252346241,-0.011952408244270211,-0.03834175073639591,0.013122134035829151,0.39285714285714285
전체,lv60,+rsi14,5,반등,60,0.12139212157492692,-0.019221055870605776,-0.04079466081825484,0.00879317433745721,0.4166666666666667
전체,lv60,+rsi14,5,약세,231,0.10828301933276567,0.006794492187059696,-0.020392770435465307,0.03658429905524593,0.5064935064935064
전체,lv60,+dd52,5,전체,644,0.11489659605208835,-0.018009962248983574,-0.02898592677240389,-0.007582936686740574,0.42701863354037267
전체,lv60,+dd52,5,강세,297,0.11499991947488704,-0.005700115924241503,-0.021968670659840386,0.010775947264247332,0.4713804713804714
전체,lv60,+dd52,5,조정,56,0.1346701252346241,-0.022318254420590832,-0.05167486946056043,0.005915863754457716,0.48214285714285715
전체,lv60,+dd52,5,반등,60,0.12139212157492692,-0.00825326173893647,-0.03388421583377095,0.011561299915467255,0.45
전체,lv60,+dd52,5,약세,231,0.10828301933276567,-0.03532668098249533,-0.05576688890940519,-0.014086702478864328,0.35064935064935066
전체,lv60,+ev_buyback60,5,전체,644,0.11489659605208835,-0.0021658624185508504,-0.003514614747354455,-0.0007441335897951883,0.40372670807453415
전체,lv60,+ev_buyback60,5,강세,297,0.11499991947488704,-0.0017047375069372318,-0.003420331964317548,-5.525166347243651e-05,0.40404040404040403
전체,lv60,+ev_buyback60,5,조정,56,0.1346701252346241,-0.0014874197641795825,-0.005266581407918345,0.0014441777326928472,0.4642857142857143
전체,lv60,+ev_buyback60,5,반등,60,0.12139212157492692,-0.00563501847157624,-0.009959121845507844,-0.002282420093275205,0.35
전체,lv60,+ev_buyback60,5,약세,231,0.10828301933276567,-0.002022128757133155,-0.004427559757543853,0.0006872898013745362,0.4025974025974026
전체,lv60,+ev_dilution60,5,전체,644,0.11489659605208835,-0.0005131154642188839,-0.002278071879760487,0.001206934002744389,0.4767080745341615
전체,lv60,+ev_dilution60,5,강세,297,0.11499991947488704,-0.0006432962149787635,-0.0029691314904459437,0.001550900616736312,0.47474747474747475
전체,lv60,+ev_dilution60,5,조정,56,0.1346701252346241,-0.0017625006368560542,-0.00782896204083071,0.004113633100090396,0.44642857142857145
전체,lv60,+ev_dilution60,5,반등,60,0.12139212157492692,0.0005597019732268292,-0.003677594074671077,0.003969381918838093,0.48333333333333334
전체,lv60,+ev_dilution60,5,약세,231,0.10828301933276567,-0.00032151283912527863,-0.003519795357412514,0.0023104898454583233,0.48484848484848486
전체,lv60,cut:ev_dilution60,5,전체,644,0.11489659605208835,-0.0025845693629737397,-0.005178634428769962,2.159206249657808e-05,0.43478260869565216
전체,lv60,cut:ev_dilution60,5,강세,297,0.11499991947488704,-0.003937727255584179,-0.00684067927396675,-0.0005308751241151878,0.4107744107744108
전체,lv60,cut:ev_dilution60,5,조정,56,0.1346701252346241,-0.003797574193073835,-0.010994397054533445,0.0029148362204595465,0.44642857142857145
전체,lv60,cut:ev_dilution60,5,반등,60,0.12139212157492692,0.0016038341635603787,-0.0025359937082371936,0.0079915977107699,0.5166666666666667
전체,lv60,cut:ev_dilution60,5,약세,231,0.10828301933276567,-0.0016386301725024902,-0.007007006651833646,0.0035005897275242354,0.44155844155844154
전체,lv60,+downvol60,5,전체,644,0.11489659605208835,-0.007749329224018243,-0.010554657582788235,-0.005185233675146722,0.36801242236024845
전체,lv60,+downvol60,5,강세,297,0.11499991947488704,-0.005454294048090475,-0.00862114186324529,-0.002114362418516822,0.40404040404040403
전체,lv60,+downvol60,5,조정,56,0.1346701252346241,-0.00887695179747769,-0.015032218210616321,-0.00270849943054778,0.32142857142857145
전체,lv60,+downvol60,5,반등,60,0.12139212157492692,-0.005334317514790091,-0.010627742007009132,-0.000549730548350941,0.3333333333333333
전체,lv60,+downvol60,5,약세,231,0.10828301933276567,-0.011054001456444683,-0.016509319893752254,-0.005884559838063067,0.341991341991342
전체,lv60,+hl_range20,5,전체,644,0.11489659605208835,0.008879701089834135,0.005757916570198961,0.01173137105832299,0.65527950310559
전체,lv60,+hl_range20,5,강세,297,0.11499991947488704,0.00744964524227636,0.003494662953602646,0.011517561765460642,0.632996632996633
전체,lv60,+hl_range20,5,조정,56,0.1346701252346241,0.00911067907625326,-0.0006146993890299061,0.016920061770616068,0.5892857142857143
전체,lv60,+hl_range20,5,반등,60,0.12139212157492692,0.009342581336040162,0.003351948365170537,0.01657234883068653,0.7
전체,lv60,+hl_range20,5,약세,231,0.10828301933276567,0.010542121023655895,0.005400879278428601,0.015074064912721433,0.6883116883116883
전체,lv60,+volvol20,5,전체,644,0.11489659605208835,0.007334973514307912,-0.0022555732235342543,0.01593700595513975,0.5605590062111802
전체,lv60,+volvol20,5,강세,297,0.11499991947488704,0.010363088635463147,-0.0003790006581328624,0.020238508642458675,0.5723905723905723
전체,lv60,+volvol20,5,조정,56,0.1346701252346241,0.004149532670500648,-0.02263715848103282,0.030144856447201655,0.48214285714285715
전체,lv60,+volvol20,5,반등,60,0.12139212157492692,0.0036894562461232397,-0.011609442566001224,0.02158462987865805,0.6166666666666667
전체,lv60,+volvol20,5,약세,231,0.10828301933276567,0.005160798329724286,-0.012942025191663743,0.023334399854328506,0.5497835497835498
전체,lv60,+gapfreq60,5,전체,644,0.11489659605208835,-0.009001142242557134,-0.01304244209861495,-0.0054053558136783995,0.40372670807453415
전체,lv60,+gapfreq60,5,강세,297,0.11499991947488704,-0.011712389295166012,-0.01718226910947519,-0.005820853248587296,0.3333333333333333
전체,lv60,+gapfreq60,5,조정,56,0.1346701252346241,-0.01164587942739936,-0.024591593822640038,0.0012850247009036388,0.42857142857142855
전체,lv60,+gapfreq60,5,반등,60,0.12139212157492692,-0.007131828068823553,-0.01764305865430102,0.00042208821158274177,0.48333333333333334
전체,lv60,+gapfreq60,5,약세,231,0.10828301933276567,-0.005359640915492256,-0.01320158729462905,0.002239484738109523,0.4675324675324675
전체,lv60,+amihud20,5,전체,644,0.11489659605208835,-0.059986948310907916,-0.07191207660014655,-0.050130521137216104,0.18788819875776397
전체,lv60,+amihud20,5,강세,297,0.11499991947488704,-0.07520824071735208,-0.0874146138677987,-0.06431274169554002,0.1111111111111111
전체,lv60,+amihud20,5,조정,56,0.1346701252346241,-0.06697114848997161,-0.08528140205102444,-0.03919471741955471,0.10714285714285714
전체,lv60,+amihud20,5,반등,60,0.12139212157492692,-0.07511924250423836,-0.09959599788131905,-0.062411973103887124,0.08333333333333333
전체,lv60,+amihud20,5,약세,231,0.10828301933276567,-0.03479310975531782,-0.05447166150445587,-0.015658671917964963,0.3333333333333333
전체,lv60,+beta60,5,전체,644,0.11489659605208835,-0.028999339956404153,-0.040157408933974084,-0.01992434194569831,0.33695652173913043
전체,lv60,+beta60,5,강세,297,0.11499991947488704,-0.03118433251028853,-0.04432944831351839,-0.01913081196434435,0.3063973063973064
전체,lv60,+beta60,5,조정,56,0.1346701252346241,-0.02916287937244719,-0.05462758235085878,-0.003972109125400828,0.32142857142857145
전체,lv60,+beta60,5,반등,60,0.12139212157492692,-0.019362937233617268,-0.04473673103228133,7.998793952021594e-05,0.43333333333333335
전체,lv60,+beta60,5,약세,231,0.10828301933276567,-0.028653379642833356,-0.04936479073721669,-0.008101518260595485,0.354978354978355
전체,lv60,+skew60,5,전체,644,0.11489659605208835,-0.008585108272665579,-0.015127035076383216,-0.0017858604182495407,0.40993788819875776
전체,lv60,+skew60,5,강세,297,0.11499991947488704,-0.00783737903646876,-0.016100841545242214,-0.0010546385593222368,0.38047138047138046
전체,lv60,+skew60,5,조정,56,0.1346701252346241,-0.01196633903610012,-0.025793817895588413,0.0063083902537933575,0.35714285714285715
전체,lv60,+skew60,5,반등,60,0.12139212157492692,-0.01333373391307212,-0.029461674340495358,0.003753218994046142,0.4166666666666667
전체,lv60,+skew60,5,약세,231,0.10828301933276567,-0.0074933728699544426,-0.021424976987406523,0.006794798719456219,0.4588744588744589
전체,lv60,+price_lvl,5,전체,644,0.11489659605208835,-0.005337081245046916,-0.016347667167176935,0.00586924633870801,0.5077639751552795
전체,lv60,+price_lvl,5,강세,297,0.11499991947488704,0.0047408785262528,-0.009568193987031015,0.018093727929074536,0.5589225589225589
전체,lv60,+price_lvl,5,조정,56,0.1346701252346241,-0.007963254846237035,-0.046916467663303214,0.0257613590488329,0.4642857142857143
전체,lv60,+price_lvl,5,반등,60,0.12139212157492692,0.003964463633933869,-0.010805692851937316,0.02199447026253364,0.6
전체,lv60,+price_lvl,5,약세,231,0.10828301933276567,-0.020073795630969924,-0.038602097674718616,-0.001268137845466581,0.42857142857142855
전체,lv60,+lv20,20,전체,629,0.16095488006390932,0.005499885430642887,0.0022661652083027185,0.008445137747823255,0.6311605723370429
전체,lv60,+lv20,20,강세,297,0.16752212055057067,0.0016151042380413204,-0.002597465505568905,0.006144671722923658,0.5757575757575758
전체,lv60,+lv20,20,조정,56,0.12257112768464216,0.0011724943139682677,-0.006924887954179645,0.0087999549488937,0.5
전체,lv60,+lv20,20,반등,48,0.168499537948714,0.006750299966925696,0.001998704886389869,0.012961873806387764,0.625
전체,lv60,+lv20,20,약세,228,0.1602394244947423,0.01135994691746249,0.006817644948251375,0.01581701129890133,0.7368421052631579
전체,lv60,+rv21,20,전체,629,0.16095488006390932,0.005562198161968803,0.0023862392981288294,0.00846029596379269,0.6359300476947536
전체,lv60,+rv21,20,강세,297,0.16752212055057067,0.0019331176261793215,-0.0020356872871709238,0.0063328690970757065,0.5791245791245792
전체,lv60,+rv21,20,조정,56,0.12257112768464216,0.0017497165025673136,-0.005561015564668413,0.008977014590551884,0.5
전체,lv60,+rv21,20,반등,48,0.168499537948714,0.006041325448491124,0.0014560835087800955,0.012090704493510917,0.6458333333333334
전체,lv60,+rv21,20,약세,228,0.1602394244947423,0.011125083172069188,0.006682324357709479,0.015519788514169772,0.7412280701754386
전체,lv60,+to20,20,전체,629,0.16095488006390932,0.016420295588619464,0.01161060322553098,0.02126654732886408,0.6788553259141494
전체,lv60,+to20,20,강세,297,0.16752212055057067,0.017723234668890284,0.011277136046969906,0.02417728473375291,0.6936026936026936
전체,lv60,+to20,20,조정,56,0.12257112768464216,0.01320339918607662,-0.005119569103293198,0.026019344500258543,0.625
전체,lv60,+to20,20,반등,48,0.168499537948714,0.008821526750934514,-0.004294235338773046,0.024322041021402726,0.6041666666666666
전체,lv60,+to20,20,약세,228,0.1602394244947423,0.017112901711035446,0.010095255353683238,0.02499188096114826,0.6885964912280702
전체,lv60,+nh252,20,전체,629,0.16095488006390932,-0.020097136973088053,-0.029904976959262565,-0.008484345786002274,0.3688394276629571
전체,lv60,+nh252,20,강세,297,0.16752212055057067,-0.009377671590064966,-0.025667598325915895,0.005952775329468023,0.4276094276094276
전체,lv60,+nh252,20,조정,56,0.12257112768464216,0.010388221349220576,-0.010519505065178243,0.037991787892861006,0.6071428571428571
전체,lv60,+nh252,20,반등,48,0.168499537948714,-0.020576118386543146,-0.047856234880510974,0.0012547688702804652,0.3541666666666667
전체,lv60,+nh252,20,약세,228,0.1602394244947423,-0.04144744476677795,-0.05924403015795829,-0.02455937638900847,0.23684210526315788
전체,lv60,+dlow252,20,전체,629,0.16095488006390932,-0.03047051378975397,-0.03949828970924124,-0.022378770398690094,0.24165341812400637
전체,lv60,+dlow252,20,강세,297,0.16752212055057067,-0.03866543546503815,-0.05067312036532345,-0.02665740605934562,0.2255892255892256
전체,lv60,+dlow252,20,조정,56,0.12257112768464216,-0.03688953678757093,-0.053637571060523616,-0.020058304866434413,0.16071428571428573
전체,lv60,+dlow252,20,반등,48,0.168499537948714,-0.03943852024779133,-0.052974671476432846,-0.02552121742482516,0.125
전체,lv60,+dlow252,20,약세,228,0.1602394244947423,-0.01633094652912703,-0.030984783608398632,-0.001889419471575978,0.30701754385964913
전체,lv60,+mom12_1,20,전체,629,0.16095488006390932,-0.014837204512761316,-0.030272292569536643,3.2677421573808535e-05,0.32114467408585057
전체,lv60,+mom12_1,20,강세,297,0.16752212055057067,-0.00685438429290496,-0.02539821515803837,0.011572034274521397,0.31986531986531985
전체,lv60,+mom12_1,20,조정,56,0.12257112768464216,0.011430862586975775,-0.010947886174235432,0.040867052113196765,0.39285714285714285
전체,lv60,+mom12_1,20,반등,48,0.168499537948714,-0.009760613219345496,-0.02503731394798432,0.004988039269851604,0.25
전체,lv60,+mom12_1,20,약세,228,0.1602394244947423,-0.0327564402362989,-0.07063305205232957,-0.007101709461745099,0.3201754385964912
전체,lv60,+mom21,20,전체,629,0.16095488006390932,-0.06831330932219332,-0.07851446020056346,-0.05710469419048897,0.16057233704292528
전체,lv60,+mom21,20,강세,297,0.16752212055057067,-0.0621744746678516,-0.07767392208592058,-0.04577656145947588,0.19865319865319866
전체,lv60,+mom21,20,조정,56,0.12257112768464216,-0.04398871497675401,-0.07729033007081337,-0.0055861273945825105,0.32142857142857145
전체,lv60,+mom21,20,반등,48,0.168499537948714,-0.07519843533726615,-0.10766944662994853,-0.046607291395832015,0.14583333333333334
전체,lv60,+mom21,20,약세,228,0.1602394244947423,-0.08083491075623103,-0.09699566516439664,-0.0668874958094814,0.07456140350877193
전체,lv60,+mom63,20,전체,629,0.16095488006390932,-0.052980926049465804,-0.06440269599240052,-0.0399078355208556,0.27821939586645467
전체,lv60,+mom63,20,강세,297,0.16752212055057067,-0.040246590407659426,-0.05816011689934828,-0.020498998040668168,0.32996632996632996
전체,lv60,+mom63,20,조정,56,0.12257112768464216,-0.032804061028800034,-0.06301577987085921,0.008608818154311373,0.4107142857142857
전체,lv60,+mom63,20,반등,48,0.168499537948714,-0.036794349888658144,-0.06802796625544134,-0.008748337122853273,0.2916666666666667
전체,lv60,+mom63,20,약세,228,0.1602394244947423,-0.07793249527092434,-0.09708679082642793,-0.0612003253055982,0.17543859649122806
전체,lv60,+ret5,20,전체,629,0.16095488006390932,-0.04516736513711563,-0.05924435860529735,-0.03129726472598267,0.2702702702702703
전체,lv60,+ret5,20,강세,297,0.16752212055057067,-0.05109856510856215,-0.06417131383452686,-0.03790020195654187,0.2053872053872054
전체,lv60,+ret5,20,조정,56,0.12257112768464216,-0.021156493603436962,-0.04507424345348102,0.0063805758254441135,0.375
전체,lv60,+ret5,20,반등,48,0.168499537948714,-0.07312133054856906,-0.1060950441130041,-0.05320200420008543,0.14583333333333334
전체,lv60,+ret5,20,약세,228,0.1602394244947423,-0.03745355844683766,-0.07042469411403406,-0.011884706460632936,0.35526315789473684
전체,lv60,+upratio63,20,전체,629,0.16095488006390932,-0.025061344631744423,-0.03711635247824156,-0.013241209765694754,0.35771065182829886
전체,lv60,+upratio63,20,강세,297,0.16752212055057067,-0.00961364131781605,-0.025373724758657012,0.007324733704927658,0.4377104377104377
전체,lv60,+upratio63,20,조정,56,0.12257112768464216,-0.017732963571230605,-0.048164215362210015,0.022642989102455737,0.48214285714285715
전체,lv60,+upratio63,20,반등,48,0.168499537948714,-0.00518782698851698,-0.033069532056735906,0.015324394918734923,0.4583333333333333
전체,lv60,+upratio63,20,약세,228,0.1602394244947423,-0.05116786248481643,-0.07212953860859751,-0.034284727591292107,0.20175438596491227
전체,lv60,+on60,20,전체,629,0.16095488006390932,-0.033275968904505494,-0.03940199004726454,-0.027389206120241715,0.1589825119236884
전체,lv60,+on60,20,강세,297,0.16752212055057067,-0.04769203171436245,-0.054801012076256095,-0.040792840784572744,0.05387205387205387
전체,lv60,+on60,20,조정,56,0.12257112768464216,-0.03480829490352298,-0.05595631616727183,-0.01610387076855009,0.17857142857142858
전체,lv60,+on60,20,반등,48,0.168499537948714,-0.03289499776754143,-0.05413589137938492,-0.011652722230691803,0.2708333333333333
전체,lv60,+on60,20,약세,228,0.1602394244947423,-0.014200993922495752,-0.024218142311708168,-0.005425229193902369,0.2675438596491228
전체,lv60,cut:on60,20,전체,629,0.16095488006390932,-0.012294565790570056,-0.014760372224007291,-0.009354100958470099,0.28298887122416533
전체,lv60,cut:on60,20,강세,297,0.16752212055057067,-0.012003505007375629,-0.015785730826431144,-0.008355143523951385,0.2558922558922559
전체,lv60,cut:on60,20,조정,56,0.12257112768464216,-0.006336903199539929,-0.012066661878562921,1.0157469865315852e-06,0.32142857142857145
전체,lv60,cut:on60,20,반등,48,0.168499537948714,-0.018343115572656252,-0.02773340558606763,-0.010871284996460258,0.14583333333333334
전체,lv60,cut:on60,20,약세,228,0.1602394244947423,-0.012863617405334513,-0.01880274646994927,-0.007347273460162948,0.33771929824561403
전체,lv60,+size,20,전체,629,0.16095488006390932,0.013100890440302876,-0.0007090801699163158,0.028113535755810284,0.5659777424483307
전체,lv60,+size,20,강세,297,0.16752212055057067,0.0362399993711378,0.019814864174610883,0.05396457249559204,0.6397306397306397
전체,lv60,+size,20,조정,56,0.12257112768464216,0.003835750411862082,-0.04166762240022432,0.04332234550633268,0.625
전체,lv60,+size,20,반등,48,0.168499537948714,0.008933697252928266,-0.025955036479541508,0.03437276822666323,0.625
전체,lv60,+size,20,약세,228,0.1602394244947423,-0.01388789130474671,-0.04075039679960629,0.0064611708693125035,0.44298245614035087
전체,lv60,+amt20,20,전체,629,0.16095488006390932,-0.04266821949757563,-0.051732996428436685,-0.03349757298084944,0.178060413354531
전체,lv60,+amt20,20,강세,297,0.16752212055057067,-0.06518625182663122,-0.07785189220481309,-0.052783785003568645,0.10437710437710437
전체,lv60,+amt20,20,조정,56,0.12257112768464216,-0.02470864437312974,-0.0397569719024001,0.0024321131423711774,0.17857142857142858
전체,lv60,+amt20,20,반등,48,0.168499537948714,-0.04818763418861385,-0.06702695924227324,-0.029863552981875898,0.020833333333333332
전체,lv60,+amt20,20,약세,228,0.1602394244947423,-0.01658466116454765,-0.029849266408475943,-0.002477760902614164,0.30701754385964913
전체,lv60,+max5_21,20,전체,629,0.16095488006390932,0.002479207978670456,-0.0018004481784453308,0.007130908358118033,0.519872813990461
전체,lv60,+max5_21,20,강세,297,0.16752212055057067,-0.0015409676522899589,-0.006851689654300294,0.00427400279521683,0.49158249158249157
전체,lv60,+max5_21,20,조정,56,0.12257112768464216,-0.002210473996306071,-0.013995144934549368,0.009142405817856603,0.375
전체,lv60,+max5_21,20,반등,48,0.168499537948714,0.005706178630332504,-0.00213911169339617,0.015752547616136175,0.5833333333333334
전체,lv60,+max5_21,20,약세,228,0.1602394244947423,0.008188505179171118,0.0017533265117526888,0.015306559262906513,0.5789473684210527
전체,lv60,+bbw20,20,전체,629,0.16095488006390932,-0.004231989409403525,-0.008373710440431961,-0.0002391512345111454,0.4451510333863275
전체,lv60,+bbw20,20,강세,297,0.16752212055057067,-0.009074476636272415,-0.016199592085906156,-0.002012395069611131,0.37037037037037035
전체,lv60,+bbw20,20,조정,56,0.12257112768464216,0.005227187861934262,-0.0010843690203353397,0.013832222213333148,0.5892857142857143
전체,lv60,+bbw20,20,반등,48,0.168499537948714,-0.0013423157732217275,-0.014731059876073984,0.010907318350950811,0.625
전체,lv60,+bbw20,20,약세,228,0.1602394244947423,-0.0008556716697174837,-0.005383127858876542,0.0045891197216830935,0.4692982456140351
전체,lv60,+sma20gap,20,전체,629,0.16095488006390932,-0.060763424117703135,-0.07068567671609595,-0.04963458291171455,0.17011128775834658
전체,lv60,+sma20gap,20,강세,297,0.16752212055057067,-0.05653553924294247,-0.07200494515553896,-0.04085680828200271,0.2222222222222222
전체,lv60,+sma20gap,20,조정,56,0.12257112768464216,-0.03952939761771558,-0.0683973086870438,-0.012675268148059488,0.2857142857142857
전체,lv60,+sma20gap,20,반등,48,0.168499537948714,-0.05506347670708019,-0.08299067965439397,-0.03438087486722262,0.14583333333333334
전체,lv60,+sma20gap,20,약세,228,0.1602394244947423,-0.07268616432609401,-0.08844008623572393,-0.05843030476826434,0.07894736842105263
전체,lv60,+rsi14,20,전체,629,0.16095488006390932,-0.02716761847481408,-0.04342071132791523,-0.012149004606270788,0.356120826709062
전체,lv60,+rsi14,20,강세,297,0.16752212055057067,-0.04419492655375047,-0.061728190950797596,-0.029357556696693415,0.2895622895622896
전체,lv60,+rsi14,20,조정,56,0.12257112768464216,-0.02697104702696838,-0.05756170205208779,0.0007850834101670786,0.30357142857142855
전체,lv60,+rsi14,20,반등,48,0.168499537948714,-0.0472374822409774,-0.08805683867011399,-0.011106169599448858,0.1875
전체,lv60,+rsi14,20,약세,228,0.1602394244947423,-0.0008103554961273103,-0.028517620898655706,0.026333780712791993,0.49122807017543857
전체,lv60,+dd52,20,전체,629,0.16095488006390932,-0.020097136973088053,-0.029904976959262565,-0.008484345786002274,0.3688394276629571
전체,lv60,+dd52,20,강세,297,0.16752212055057067,-0.009377671590064966,-0.025667598325915895,0.005952775329468023,0.4276094276094276
전체,lv60,+dd52,20,조정,56,0.12257112768464216,0.010388221349220576,-0.010519505065178243,0.037991787892861006,0.6071428571428571
전체,lv60,+dd52,20,반등,48,0.168499537948714,-0.020576118386543146,-0.047856234880510974,0.0012547688702804652,0.3541666666666667
전체,lv60,+dd52,20,약세,228,0.1602394244947423,-0.04144744476677795,-0.05924403015795829,-0.02455937638900847,0.23684210526315788
전체,lv60,+ev_buyback60,20,전체,629,0.16095488006390932,-0.0020556279198136406,-0.0035435140679474456,-0.0006176927702573878,0.43720190779014306
전체,lv60,+ev_buyback60,20,강세,297,0.16752212055057067,-0.00039393355107601,-0.0019880389254824846,0.001169454405671658,0.48484848484848486
전체,lv60,+ev_buyback60,20,조정,56,0.12257112768464216,0.00019048538990270266,-0.00301555872978037,0.003173796340267124,0.5357142857142857
전체,lv60,+ev_buyback60,20,반등,48,0.168499537948714,-0.007576118032506345,-0.013496630684950491,-0.0038827952101281437,0.25
전체,lv60,+ev_buyback60,20,약세,228,0.1602394244947423,-0.0036096719875765427,-0.006221944157169716,-0.0012239743323598793,0.39035087719298245
전체,lv60,+ev_dilution60,20,전체,629,0.16095488006390932,0.001404361161560399,-0.000458528465303996,0.0034932213187487114,0.5007949125596184
전체,lv60,+ev_dilution60,20,강세,297,0.16752212055057067,0.0011318871136683044,-0.0012964755660271204,0.0037332149517172093,0.47474747474747475
전체,lv60,+ev_dilution60,20,조정,56,0.12257112768464216,0.004618049744279139,-0.0012732499098122433,0.011665588154792914,0.42857142857142855
전체,lv60,+ev_dilution60,20,반등,48,0.168499537948714,0.0018305120109147635,-0.002960199130411198,0.004890697781816164,0.625
전체,lv60,+ev_dilution60,20,약세,228,0.1602394244947423,0.0008802514721862453,-0.002366130051008634,0.0036650205987589705,0.5263157894736842
전체,lv60,cut:ev_dilution60,20,전체,629,0.16095488006390932,-0.0041902804109470665,-0.006801409988573239,-0.0015669472578814932,0.40381558028616854
전체,lv60,cut:ev_dilution60,20,강세,297,0.16752212055057067,-0.005890887347491645,-0.009653853487522627,-0.0026267130104562133,0.36363636363636365
전체,lv60,cut:ev_dilution60,20,조정,56,0.12257112768464216,-0.0076211514341974415,-0.017480979970998702,2.877013432532955e-05,0.375
전체,lv60,cut:ev_dilution60,20,반등,48,0.168499537948714,0.0005962120791662797,-0.007965191277377315,0.00864737397475691,0.5416666666666666
전체,lv60,cut:ev_dilution60,20,약세,228,0.1602394244947423,-0.002140028665638644,-0.006496630704474894,0.002681848946885974,0.4342105263157895
전체,lv60,+downvol60,20,전체,629,0.16095488006390932,-0.009447803649525442,-0.011667139493673553,-0.007056464072239382,0.2591414944356121
전체,lv60,+downvol60,20,강세,297,0.16752212055057067,-0.00879707247573648,-0.011803891457186941,-0.0059304661603961474,0.26936026936026936
전체,lv60,+downvol60,20,조정,56,0.12257112768464216,-0.0072727048781839115,-0.015195257105160356,-0.0006849674930739249,0.3392857142857143
전체,lv60,+downvol60,20,반등,48,0.168499537948714,-0.008190873219952986,-0.01406935697180858,-0.0037897773941039945,0.20833333333333334
전체,lv60,+downvol60,20,약세,228,0.1602394244947423,-0.011094318344393535,-0.015486432736940399,-0.006755115446139212,0.23684210526315788
전체,lv60,+hl_range20,20,전체,629,0.16095488006390932,0.015354009492967205,0.012076679702647645,0.01871160504062908,0.7583465818759937
전체,lv60,+hl_range20,20,강세,297,0.16752212055057067,0.014766539150555539,0.010225353721053262,0.01911521363208957,0.7508417508417509
전체,lv60,+hl_range20,20,조정,56,0.12257112768464216,0.015493731588439284,0.0030319008305188964,0.02526191398461861,0.6785714285714286
전체,lv60,+hl_range20,20,반등,48,0.168499537948714,0.012767893400586858,0.006511493698606008,0.019868574121787025,0.75
전체,lv60,+hl_range20,20,약세,228,0.1602394244947423,0.016629394698160552,0.011450960335792654,0.022164441987980617,0.7894736842105263
전체,lv60,+volvol20,20,전체,629,0.16095488006390932,0.013958114690715085,0.0027656619352294616,0.026114410134430853,0.5818759936406995
전체,lv60,+volvol20,20,강세,297,0.16752212055057067,0.02276572731981505,0.012675395217884787,0.034251659430899285,0.6161616161616161
전체,lv60,+volvol20,20,조정,56,0.12257112768464216,0.01659364358261401,-0.01779408231037982,0.05441817390613697,0.625
전체,lv60,+volvol20,20,반등,48,0.168499537948714,0.00017450288652254924,-0.027094357064076643,0.0267061545806312,0.5
전체,lv60,+volvol20,20,약세,228,0.1602394244947423,0.0047395304705932055,-0.018760291884818082,0.024742915907156642,0.543859649122807
전체,lv60,+gapfreq60,20,전체,629,0.16095488006390932,-0.0150694346741774,-0.021253148731678287,-0.009200416728116485,0.3990461049284579
전체,lv60,+gapfreq60,20,강세,297,0.16752212055057067,-0.022413207306395993,-0.029373615777626916,-0.014104357060166028,0.3265993265993266
전체,lv60,+gapfreq60,20,조정,56,0.12257112768464216,-0.01897935102638602,-0.035379038287063076,-0.003972295653248577,0.30357142857142855
전체,lv60,+gapfreq60,20,반등,48,0.168499537948714,-0.007605047870194234,-0.018462590722971777,0.003343389804106508,0.3958333333333333
전체,lv60,+gapfreq60,20,약세,228,0.1602394244947423,-0.006114324056188754,-0.016619161935922663,0.0031323579087965355,0.5175438596491229
전체,lv60,+amihud20,20,전체,629,0.16095488006390932,-0.09105092808447277,-0.1036718801995314,-0.07909874703482832,0.10174880763116058
전체,lv60,+amihud20,20,강세,297,0.16752212055057067,-0.11878199963134625,-0.13561693022568233,-0.10183192033262835,0.04377104377104377
전체,lv60,+amihud20,20,조정,56,0.12257112768464216,-0.05990119491886092,-0.08560608497623495,-0.019460483448956817,0.16071428571428573
전체,lv60,+amihud20,20,반등,48,0.168499537948714,-0.09815640170791258,-0.12455926357927481,-0.07652754859077508,0.0
전체,lv60,+amihud20,20,약세,228,0.1602394244947423,-0.06108248104029608,-0.08088258826018485,-0.040986984644710754,0.18421052631578946
전체,lv60,+beta60,20,전체,629,0.16095488006390932,-0.04307839597360396,-0.054500627407158206,-0.0318707038935925,0.26073131955484896
전체,lv60,+beta60,20,강세,297,0.16752212055057067,-0.05473042956021439,-0.06809246972911048,-0.041301818043696856,0.16498316498316498
전체,lv60,+beta60,20,조정,56,0.12257112768464216,-0.03867545234901439,-0.09394959276760542,0.013863531174781377,0.30357142857142855
전체,lv60,+beta60,20,반등,48,0.168499537948714,-0.033612992363417915,-0.06391807768065688,0.0012995434123357404,0.3958333333333333
전체,lv60,+beta60,20,약세,228,0.1602394244947423,-0.03097423036414188,-0.05193448246469266,-0.012713104107749649,0.34649122807017546
전체,lv60,+skew60,20,전체,629,0.16095488006390932,-0.013072612009920402,-0.02131228084243439,-0.004816552507550625,0.3751987281399046
전체,lv60,+skew60,20,강세,297,0.16752212055057067,-0.010010335214690077,-0.017760048703566546,-0.002527483819071967,0.3367003367003367
전체,lv60,+skew60,20,조정,56,0.12257112768464216,-0.010577148278361755,-0.02587804469734236,0.010064562942811639,0.3392857142857143
전체,lv60,+skew60,20,반등,48,0.168499537948714,-0.008050125616731699,-0.026521672363839243,0.009016017354363725,0.375
전체,lv60,+skew60,20,약세,228,0.1602394244947423,-0.018731916939849127,-0.03658475173945642,-0.005168844216781585,0.4342105263157895
전체,lv60,+price_lvl,20,전체,629,0.16095488006390932,-0.0023246959925362193,-0.01674581987512781,0.014006723744822895,0.5262321144674086
전체,lv60,+price_lvl,20,강세,297,0.16752212055057067,0.019294590706557067,0.0032745151105097814,0.03770087707640117,0.5993265993265994
전체,lv60,+price_lvl,20,조정,56,0.12257112768464216,-0.004769660946409418,-0.05220040078422926,0.0459925612708855,0.5714285714285714
전체,lv60,+price_lvl,20,반등,48,0.168499537948714,-0.013177552149542688,-0.06273711375316689,0.02171254812520455,0.5625
전체,lv60,+price_lvl,20,약세,228,0.1602394244947423,-0.027601332030595414,-0.055228961782796085,-0.005073762341341574,0.41228070175438597
전체,lv60,+lv20,60,전체,589,0.20917945722038678,-0.00010078989349945723,-0.003000700010180934,0.002567518182517876,0.48217317487266553
전체,lv60,+lv20,60,강세,297,0.18863419409917703,-0.002121555867289773,-0.006031401583622631,0.0020788014433842975,0.46464646464646464
전체,lv60,+lv20,60,조정,56,0.2388926661351481,-0.002512778903278598,-0.008306557501268122,0.0018122280692690871,0.39285714285714285
전체,lv60,+lv20,60,반등,48,0.23841582854190188,0.006125082344319847,0.0003554255401908006,0.013527584372268654,0.625
전체,lv60,+lv20,60,약세,188,0.22532125309453546,0.0022204708051602735,-0.0023279256315650414,0.007207971114203112,0.5
전체,lv60,+rv21,60,전체,589,0.20917945722038678,1.6429294169601464e-05,-0.002894764250867945,0.0025587341507437933,0.4923599320882852
전체,lv60,+rv21,60,강세,297,0.18863419409917703,-0.0019469070780309397,-0.00582379360760779,0.001892377555889107,0.46464646464646464
전체,lv60,+rv21,60,조정,56,0.2388926661351481,-0.002396388028918352,-0.00784639512400004,0.0018960496800989612,0.42857142857142855
전체,lv60,+rv21,60,반등,48,0.23841582854190188,0.005916827842182917,-6.286223577258668e-05,0.013376695756274006,0.5833333333333334
전체,lv60,+rv21,60,약세,188,0.22532125309453546,0.0023303098384879375,-0.0020462224117317037,0.007039483562090665,0.5319148936170213
전체,lv60,+to20,60,전체,589,0.20917945722038678,0.02208940126492813,0.016884572051137248,0.02741001056296619,0.769100169779287
전체,lv60,+to20,60,강세,297,0.18863419409917703,0.021608595538868697,0.015703628412212817,0.02681825039710303,0.7946127946127947
전체,lv60,+to20,60,조정,56,0.2388926661351481,0.03704926055608034,0.02534121773989464,0.048555754178711594,0.8928571428571429
전체,lv60,+to20,60,반등,48,0.23841582854190188,0.02223607071283594,0.00381745912892579,0.03790627821257174,0.6875
전체,lv60,+to20,60,약세,188,0.22532125309453546,0.018355396194904467,0.00781903817503828,0.02862779567736273,0.7127659574468085
전체,lv60,+nh252,60,전체,589,0.20917945722038678,-0.006989334344466767,-0.018588096643758604,0.00438633193140877,0.42105263157894735
전체,lv60,+nh252,60,강세,297,0.18863419409917703,0.011222300509198034,-0.005418728597628353,0.02845911617353518,0.5185185185185185
전체,lv60,+nh252,60,조정,56,0.2388926661351481,0.007169459825520308,-0.012956837140669645,0.038008626253190805,0.5714285714285714
전체,lv60,+nh252,60,반등,48,0.23841582854190188,-0.03354650521586399,-0.06756410869573283,-0.013350208697546372,0.22916666666666666
전체,lv60,+nh252,60,약세,188,0.22532125309453546,-0.03319680148931068,-0.050557850685207656,-0.017077008691990362,0.2712765957446808
전체,lv60,+dlow252,60,전체,589,0.20917945722038678,-0.055856307109762394,-0.06296575252152933,-0.04937016474719906,0.0865874363327674
전체,lv60,+dlow252,60,강세,297,0.18863419409917703,-0.06048752823576494,-0.06983037132153848,-0.05114692650533572,0.05723905723905724
전체,lv60,+dlow252,60,조정,56,0.2388926661351481,-0.07470622027182852,-0.0913849773923904,-0.06312044446637305,0.0
전체,lv60,+dlow252,60,반등,48,0.23841582854190188,-0.038689622159505006,-0.053898095776333456,-0.01645447863017664,0.22916666666666666
전체,lv60,+dlow252,60,약세,188,0.22532125309453546,-0.04730807873802778,-0.05969730243897052,-0.035275760380077785,0.12234042553191489
전체,lv60,+mom12_1,60,전체,589,0.20917945722038678,-0.003782360924472411,-0.014160735690230622,0.00809443478364084,0.3701188455008489
전체,lv60,+mom12_1,60,강세,297,0.18863419409917703,0.0029783528306790608,-0.017647950807122326,0.020999980843069924,0.4511784511784512
전체,lv60,+mom12_1,60,조정,56,0.2388926661351481,0.00047081589258680945,-0.022556752260143937,0.036321644059747374,0.30357142857142855
전체,lv60,+mom12_1,60,반등,48,0.23841582854190188,-0.017910182431923008,-0.030734596326779353,-0.003745706820364315,0.08333333333333333
전체,lv60,+mom12_1,60,약세,188,0.22532125309453546,-0.01212265057701323,-0.025485555245144346,0.003139053378239302,0.3351063829787234
전체,lv60,+mom21,60,전체,589,0.20917945722038678,-0.07378886733506075,-0.08706642478411872,-0.060680663104971264,0.1460101867572156
전체,lv60,+mom21,60,강세,297,0.18863419409917703,-0.06137688308216212,-0.08047886272931769,-0.04133670033020241,0.22895622895622897
전체,lv60,+mom21,60,조정,56,0.2388926661351481,-0.07535087097170881,-0.1058122434474562,-0.041684061883856954,0.07142857142857142
전체,lv60,+mom21,60,반등,48,0.23841582854190188,-0.09640431630704797,-0.12603365318085213,-0.07405984019617426,0.0
전체,lv60,+mom21,60,약세,188,0.22532125309453546,-0.08715772674358852,-0.10507374265176474,-0.07005726801452969,0.07446808510638298
전체,lv60,+mom63,60,전체,589,0.20917945722038678,-0.04209935334534823,-0.056970713916300694,-0.026713631872873216,0.31918505942275044
전체,lv60,+mom63,60,강세,297,0.18863419409917703,-0.02401834420988072,-0.04623019459202852,-0.0018444956359555495,0.4377104377104377
전체,lv60,+mom63,60,조정,56,0.2388926661351481,-0.03476129971507348,-0.07545954001336483,0.022058009752708475,0.375
전체,lv60,+mom63,60,반등,48,0.23841582854190188,-0.06971454193814784,-0.10597816678572362,-0.04780758104201168,0.1875
전체,lv60,+mom63,60,약세,188,0.22532125309453546,-0.06579861751595917,-0.08159446429099187,-0.04677626884026819,0.14893617021276595
전체,lv60,+ret5,60,전체,589,0.20917945722038678,-0.0658869765214414,-0.07540622896388158,-0.05500416371839481,0.15110356536502548
전체,lv60,+ret5,60,강세,297,0.18863419409917703,-0.06467321894361587,-0.07514360089274957,-0.05179478902941532,0.12457912457912458
전체,lv60,+ret5,60,조정,56,0.2388926661351481,-0.05931747562243751,-0.07836930240735734,-0.0431128163538543,0.16071428571428573
전체,lv60,+ret5,60,반등,48,0.23841582854190188,-0.08633583367249593,-0.11152078998779046,-0.053211806565165456,0.10416666666666667
전체,lv60,+ret5,60,약세,188,0.22532125309453546,-0.06454034305180197,-0.08805787213647827,-0.03933475950666941,0.20212765957446807
전체,lv60,+upratio63,60,전체,589,0.20917945722038678,-0.010923830695459756,-0.02439245492762266,0.003199003648554656,0.39728353140916806
전체,lv60,+upratio63,60,강세,297,0.18863419409917703,0.007427920870385826,-0.01113873173988067,0.02763353549193288,0.5454545454545454
전체,lv60,+upratio63,60,조정,56,0.2388926661351481,-0.01877197137599503,-0.0518067921191831,0.03532749275216379,0.48214285714285715
전체,lv60,+upratio63,60,반등,48,0.23841582854190188,-0.027911824533087423,-0.05160958296727888,-0.01068230998570483,0.2916666666666667
전체,lv60,+upratio63,60,약세,188,0.22532125309453546,-0.03324058938024719,-0.045122935494109076,-0.01709249851341227,0.16489361702127658
전체,lv60,+on60,60,전체,589,0.20917945722038678,-0.052704343445873936,-0.059659496641556675,-0.044744622242975124,0.08828522920203735
전체,lv60,+on60,60,강세,297,0.18863419409917703,-0.06538164880448834,-0.0732997492763966,-0.05721998722197015,0.010101010101010102
전체,lv60,+on60,60,조정,56,0.2388926661351481,-0.06380042480296101,-0.08736396225671375,-0.04421095129171982,0.07142857142857142
전체,lv60,+on60,60,반등,48,0.23841582854190188,-0.033964449534793786,-0.054210915210476704,-0.00919634814228217,0.20833333333333334
전체,lv60,+on60,60,약세,188,0.22532125309453546,-0.034156336319419105,-0.04690920041296173,-0.02269540076905117,0.18617021276595744
전체,lv60,cut:on60,60,전체,589,0.20917945722038678,-0.016629858923251358,-0.019090405335191366,-0.014178956660650046,0.12903225806451613
전체,lv60,cut:on60,60,강세,297,0.18863419409917703,-0.01775078232196463,-0.02186162519553302,-0.014127946333475227,0.13131313131313133
전체,lv60,cut:on60,60,조정,56,0.2388926661351481,-0.013028304178590756,-0.017649532070640416,-0.005621725697171003,0.10714285714285714
전체,lv60,cut:on60,60,반등,48,0.23841582854190188,-0.01446698565704708,-0.01958516288578497,-0.010564355876117105,0.14583333333333334
전체,lv60,cut:on60,60,약세,188,0.22532125309453546,-0.016484064950171337,-0.02088844135965378,-0.01219014357621828,0.1276595744680851
전체,lv60,+size,60,전체,589,0.20917945722038678,0.03653154455439781,0.02414336132554865,0.050620863663750355,0.6553480475382003
전체,lv60,+size,60,강세,297,0.18863419409917703,0.05302259781481946,0.03535227996497063,0.07217802208586362,0.7138047138047138
전체,lv60,+size,60,조정,56,0.2388926661351481,0.06350662018737649,0.03188861945812731,0.10706526052824378,0.7678571428571429
전체,lv60,+size,60,반등,48,0.23841582854190188,0.013419850127317891,-0.02220333309183532,0.03994483904864824,0.5208333333333334
전체,lv60,+size,60,약세,188,0.22532125309453546,0.00834491837731165,-0.005477825501719156,0.027411333578500775,0.5638297872340425
전체,lv60,+amt20,60,전체,589,0.20917945722038678,-0.07494172302397067,-0.08263798335182308,-0.06699786108639137,0.03395585738539898
전체,lv60,+amt20,60,강세,297,0.18863419409917703,-0.08210812972659488,-0.09319063626049359,-0.07205429540668312,0.05723905723905724
전체,lv60,+amt20,60,조정,56,0.2388926661351481,-0.0940840498930646,-0.11260753775242661,-0.07808505858877052,0.0
전체,lv60,+amt20,60,반등,48,0.23841582854190188,-0.0690462719036688,-0.0888228018633238,-0.045298131314908376,0.020833333333333332
전체,lv60,+amt20,60,약세,188,0.22532125309453546,-0.0594235770581507,-0.0704627022103687,-0.05101248446775256,0.010638297872340425
전체,lv60,+max5_21,60,전체,589,0.20917945722038678,-0.004994800493680893,-0.008318117392899508,-0.0015747444339843136,0.39728353140916806
전체,lv60,+max5_21,60,강세,297,0.18863419409917703,-0.0071659298824709936,-0.011944736913711061,-0.0018096441431218714,0.32996632996632996
전체,lv60,+max5_21,60,조정,56,0.2388926661351481,-0.00984462383756598,-0.01633332353755268,-0.002854261681489788,0.2857142857142857
전체,lv60,+max5_21,60,반등,48,0.23841582854190188,-0.00204555732482911,-0.010619786940795498,0.010559139869703013,0.4583333333333333
전체,lv60,+max5_21,60,약세,188,0.22532125309453546,-0.0008732480275993011,-0.006029249530026889,0.005135572822419801,0.5212765957446809
전체,lv60,+bbw20,60,전체,589,0.20917945722038678,-0.004001137929315273,-0.00746169682999227,-0.00013824737880047323,0.44821731748726656
전체,lv60,+bbw20,60,강세,297,0.18863419409917703,-0.0038511621548182355,-0.009478691107156203,0.001858927624843242,0.43097643097643096
전체,lv60,+bbw20,60,조정,56,0.2388926661351481,-0.0006555820677528083,-0.0036897333826812363,0.003959705295012956,0.5
전체,lv60,+bbw20,60,반등,48,0.23841582854190188,-0.0034613742453052216,-0.015079161331420243,0.011934982338872925,0.4166666666666667
전체,lv60,+bbw20,60,약세,188,0.22532125309453546,-0.005372428302217405,-0.01091305022684431,-0.0008368439946320278,0.46808510638297873
전체,lv60,+sma20gap,60,전체,589,0.20917945722038678,-0.07104782297694054,-0.08339216495009927,-0.058789562626406694,0.15789473684210525
전체,lv60,+sma20gap,60,강세,297,0.18863419409917703,-0.060803984202167226,-0.08013067078182406,-0.042003613234565175,0.23905723905723905
전체,lv60,+sma20gap,60,조정,56,0.2388926661351481,-0.07129398609198845,-0.0939382697876881,-0.04257229274933528,0.07142857142857142
전체,lv60,+sma20gap,60,반등,48,0.23841582854190188,-0.08427360028587545,-0.11537983585124964,-0.06308094617884931,0.0
전체,lv60,+sma20gap,60,약세,188,0.22532125309453546,-0.08378078931117519,-0.10285212371785844,-0.06742864889808432,0.09574468085106383
전체,lv60,+rsi14,60,전체,589,0.20917945722038678,-0.05700531238726095,-0.06654998990712298,-0.04649810277826589,0.1697792869269949
전체,lv60,+rsi14,60,강세,297,0.18863419409917703,-0.0627329989938883,-0.07350678887154438,-0.0494705295656933,0.1414141414141414
전체,lv60,+rsi14,60,조정,56,0.2388926661351481,-0.07435182298113625,-0.0909477220613293,-0.060485463073403516,0.07142857142857142
전체,lv60,+rsi14,60,반등,48,0.23841582854190188,-0.05697958699246831,-0.09122856625551098,-0.009005353211081328,0.3125
전체,lv60,+rsi14,60,약세,188,0.22532125309453546,-0.04279630868260515,-0.06132266304651628,-0.02169041167251554,0.2074468085106383
전체,lv60,+dd52,60,전체,589,0.20917945722038678,-0.006989334344466767,-0.018588096643758604,0.00438633193140877,0.42105263157894735
전체,lv60,+dd52,60,강세,297,0.18863419409917703,0.011222300509198034,-0.005418728597628353,0.02845911617353518,0.5185185185185185
전체,lv60,+dd52,60,조정,56,0.2388926661351481,0.007169459825520308,-0.012956837140669645,0.038008626253190805,0.5714285714285714
전체,lv60,+dd52,60,반등,48,0.23841582854190188,-0.03354650521586399,-0.06756410869573283,-0.013350208697546372,0.22916666666666666
전체,lv60,+dd52,60,약세,188,0.22532125309453546,-0.03319680148931068,-0.050557850685207656,-0.017077008691990362,0.2712765957446808
전체,lv60,+ev_buyback60,60,전체,589,0.20917945722038678,-0.0005305971569513851,-0.002049954107016233,0.001143351097383095,0.47198641765704585
전체,lv60,+ev_buyback60,60,강세,297,0.18863419409917703,0.0006163852405731778,-0.0006654214979447282,0.001847488490084331,0.5084175084175084
전체,lv60,+ev_buyback60,60,조정,56,0.2388926661351481,-0.0015528965492739425,-0.005514211362336747,0.0022393245435095954,0.4107142857142857
전체,lv60,+ev_buyback60,60,반등,48,0.23841582854190188,-0.00438469576959824,-0.012205736494114057,0.004698527846380608,0.4166666666666667
전체,lv60,+ev_buyback60,60,약세,188,0.22532125309453546,-0.0010540454159284223,-0.005471025380963716,0.0030247682155568555,0.44680851063829785
전체,lv60,+ev_dilution60,60,전체,589,0.20917945722038678,0.0036487976530951106,0.0016805176508652743,0.005829986448675508,0.5959252971137521
전체,lv60,+ev_dilution60,60,강세,297,0.18863419409917703,0.004500179757348702,0.0017259913957586605,0.008022507567042975,0.5791245791245792
전체,lv60,+ev_dilution60,60,조정,56,0.2388926661351481,0.004147472797231784,-0.00040392489906076974,0.009982985569153183,0.6428571428571429
전체,lv60,+ev_dilution60,60,반등,48,0.23841582854190188,0.005439356204568432,0.0010384648814783738,0.01018537852530779,0.7708333333333334
전체,lv60,+ev_dilution60,60,약세,188,0.22532125309453546,0.001698089655724424,-0.002119227905795959,0.005535445162878208,0.5638297872340425
전체,lv60,cut:ev_dilution60,60,전체,589,0.20917945722038678,-0.006353901133587964,-0.009622369967559583,-0.003821225117359198,0.3904923599320883
전체,lv60,cut:ev_dilution60,60,강세,297,0.18863419409917703,-0.009309786730478418,-0.01286590097121974,-0.005883265863363919,0.2828282828282828
전체,lv60,cut:ev_dilution60,60,조정,56,0.2388926661351481,-0.0020785390175179835,-0.009089046844955864,0.003944935014521223,0.5
전체,lv60,cut:ev_dilution60,60,반등,48,0.23841582854190188,-0.0012902386302036382,-0.012533702309606242,0.007731213526785133,0.4583333333333333
전체,lv60,cut:ev_dilution60,60,약세,188,0.22532125309453546,-0.004250592922874683,-0.010677733393305217,0.001732127350198954,0.5106382978723404
전체,lv60,+downvol60,60,전체,589,0.20917945722038678,-0.009156878178453816,-0.011633269116716432,-0.006788410702709124,0.2903225806451613
전체,lv60,+downvol60,60,강세,297,0.18863419409917703,-0.008096344492305233,-0.01146204858952147,-0.004912881768638514,0.3164983164983165
전체,lv60,+downvol60,60,조정,56,0.2388926661351481,-0.0047768988373627225,-0.01155165190954863,0.0015584870520962454,0.42857142857142855
전체,lv60,+downvol60,60,반등,48,0.23841582854190188,-0.015648997072600538,-0.028084975253445003,-0.007906569094054645,0.125
전체,lv60,+downvol60,60,약세,188,0.22532125309453546,-0.010479408183603746,-0.01542002398703935,-0.006441441480184331,0.25
전체,lv60,+hl_range20,60,전체,589,0.20917945722038678,0.01605432095710321,0.013043291263396534,0.018859124361240834,0.8285229202037352
전체,lv60,+hl_range20,60,강세,297,0.18863419409917703,0.014434586338282086,0.01089113458793487,0.01769695231760367,0.8484848484848485
전체,lv60,+hl_range20,60,조정,56,0.2388926661351481,0.024814602311246485,0.01759257897904941,0.03155149357082517,0.9107142857142857
전체,lv60,+hl_range20,60,반등,48,0.23841582854190188,0.0207240847404294,0.01583807110358737,0.025198267931806986,0.9583333333333334
전체,lv60,+hl_range20,60,약세,188,0.22532125309453546,0.014811431405816986,0.008837356895232096,0.02076022889579926,0.7393617021276596
전체,lv60,+volvol20,60,전체,589,0.20917945722038678,0.018331277400333607,0.01064226779757701,0.026886079159335333,0.6281833616298812
전체,lv60,+volvol20,60,강세,297,0.18863419409917703,0.03076014038241368,0.02085700667413113,0.0407168351777952,0.7474747474747475
전체,lv60,+volvol20,60,조정,56,0.2388926661351481,0.026532247113412583,0.0021650975746224706,0.057088616390363174,0.6607142857142857
전체,lv60,+volvol20,60,반등,48,0.23841582854190188,-0.00344315561735468,-0.02722752144655575,0.02077809593751313,0.375
전체,lv60,+volvol20,60,약세,188,0.22532125309453546,0.0018129059920295324,-0.011092591875368301,0.017146989777615113,0.4946808510638298
전체,lv60,+gapfreq60,60,전체,589,0.20917945722038678,-0.023027089942282506,-0.028270055351331504,-0.017943713944247344,0.30390492359932086
전체,lv60,+gapfreq60,60,강세,297,0.18863419409917703,-0.02987296965234085,-0.036514285910176705,-0.022952265861093016,0.21885521885521886
전체,lv60,+gapfreq60,60,조정,56,0.2388926661351481,-0.03164514256473643,-0.05173315238711659,-0.014310479660698759,0.17857142857142858
전체,lv60,+gapfreq60,60,반등,48,0.23841582854190188,-0.01183693512068971,-0.023279774435584884,-0.0011530254394037387,0.5
전체,lv60,+gapfreq60,60,약세,188,0.22532125309453546,-0.012502037871493718,-0.02289470319676361,-0.004755689388677041,0.425531914893617
전체,lv60,+amihud20,60,전체,589,0.20917945722038678,-0.1356500263452334,-0.14723022595777302,-0.12528147010657262,0.0
전체,lv60,+amihud20,60,강세,297,0.18863419409917703,-0.143902679202218,-0.15621651561733346,-0.1321726360860697,0.0
전체,lv60,+amihud20,60,조정,56,0.2388926661351481,-0.16214548788298527,-0.18917672732038462,-0.13859332377972425,0.0
전체,lv60,+amihud20,60,반등,48,0.23841582854190188,-0.12965564173429509,-0.15858748148624818,-0.09471779114561688,0.0
전체,lv60,+amihud20,60,약세,188,0.22532125309453546,-0.11625080675314035,-0.13681523576971752,-0.09994007501165586,0.0
전체,lv60,+beta60,60,전체,589,0.20917945722038678,-0.05542289082394036,-0.07157925391553596,-0.04173832296864228,0.3599320882852292
전체,lv60,+beta60,60,강세,297,0.18863419409917703,-0.07470304548605429,-0.09514811681481894,-0.054852107112611466,0.30303030303030304
전체,lv60,+beta60,60,조정,56,0.2388926661351481,-0.05507524557671706,-0.11113386289034088,-0.015099665862954413,0.30357142857142855
전체,lv60,+beta60,60,반등,48,0.23841582854190188,-0.035386653966791214,-0.07255615370459272,0.005112847995604004,0.4583333333333333
전체,lv60,+beta60,60,약세,188,0.22532125309453546,-0.03018353746404584,-0.051697800386907744,-0.011604582233888537,0.44148936170212766
전체,lv60,+skew60,60,전체,589,0.20917945722038678,-0.013810891574316048,-0.019163743479214578,-0.0077048088470526715,0.37181663837011886
전체,lv60,+skew60,60,강세,297,0.18863419409917703,-0.00889852908831463,-0.01650764797012144,-0.0017564469252961802,0.44107744107744107
전체,lv60,+skew60,60,조정,56,0.2388926661351481,-0.02577851999115097,-0.03984373769402897,-0.009063660154026513,0.25
전체,lv60,+skew60,60,반등,48,0.23841582854190188,-0.009713181881243042,-0.02768818147079174,0.011733265670587559,0.2708333333333333
전체,lv60,+skew60,60,약세,188,0.22532125309453546,-0.01905277738424781,-0.02926404490114829,-0.006610143911743516,0.324468085106383
전체,lv60,+price_lvl,60,전체,589,0.20917945722038678,0.011182556813780935,-0.002268686344615793,0.025759463336041805,0.5415959252971138
전체,lv60,+price_lvl,60,강세,297,0.18863419409917703,0.03131946591148291,0.015471751031950105,0.05019195205015425,0.632996632996633
전체,lv60,+price_lvl,60,조정,56,0.2388926661351481,0.033511882761956345,-0.0004912970131046178,0.08683732372921472,0.6428571428571429
전체,lv60,+price_lvl,60,반등,48,0.23841582854190188,-0.020844251928172117,-0.06058191421205318,0.013985341564778956,0.3541666666666667
전체,lv60,+price_lvl,60,약세,188,0.22532125309453546,-0.019103706141014618,-0.037687403314763876,0.001884753674871544,0.4148936170212766
전체,lv60+to20,+lv20,5,전체,644,0.12401710050298191,0.0002570295659289692,-0.0017292130673649576,0.002044485238522328,0.5201863354037267
전체,lv60+to20,+lv20,5,강세,297,0.12043801392007668,0.0002573860600552622,-0.0024691075695724304,0.0030487693601526232,0.5218855218855218
전체,lv60+to20,+lv20,5,조정,56,0.14714553866723987,-0.003231754117300083,-0.005600863582153877,0.0005924683844830434,0.48214285714285715
전체,lv60+to20,+lv20,5,반등,60,0.13059747063031005,0.0006911945086018037,-0.0023049046533484513,0.004569919904053965,0.5166666666666667
전체,lv60+to20,+lv20,5,약세,231,0.12130270210594608,0.0009895668427469255,-0.0022413298221862794,0.004482224142352008,0.5281385281385281
전체,lv60+to20,+rv21,5,전체,644,0.12401710050298191,0.00022037028381429152,-0.0017971212928816272,0.0020489112719684626,0.5248447204968945
전체,lv60+to20,+rv21,5,강세,297,0.12043801392007668,0.000251090961563391,-0.002354958821395263,0.0030013222968318064,0.5252525252525253
전체,lv60+to20,+rv21,5,조정,56,0.14714553866723987,-0.0029983545976580983,-0.005296331540428855,0.0010222828021224505,0.48214285714285715
전체,lv60+to20,+rv21,5,반등,60,0.13059747063031005,0.0006495181846735441,-0.0023872130597968706,0.004249273431175137,0.48333333333333334
전체,lv60+to20,+rv21,5,약세,231,0.12130270210594608,0.0008497022232922827,-0.0022656741217962607,0.004180670124267239,0.5454545454545454
전체,lv60+to20,+nh252,5,전체,644,0.12401710050298191,-0.005039880190258297,-0.012576795201820498,0.0020294145735977585,0.4767080745341615
전체,lv60+to20,+nh252,5,강세,297,0.12043801392007668,0.0049557957839558835,-0.0064976336044573505,0.01558925564984092,0.5252525252525253
전체,lv60+to20,+nh252,5,조정,56,0.14714553866723987,-0.007099684831641015,-0.02728090564697292,0.009316782926107409,0.5357142857142857
전체,lv60+to20,+nh252,5,반등,60,0.13059747063031005,0.0014375398842641006,-0.015172342753518914,0.014001187303369005,0.48333333333333334
전체,lv60+to20,+nh252,5,약세,231,0.12130270210594608,-0.0190745637785506,-0.032908054743476856,-0.004716487122636709,0.39826839826839827
전체,lv60+to20,+dlow252,5,전체,644,0.12401710050298191,-0.010754949727238275,-0.015704677088644547,-0.006138706925195644,0.37422360248447206
전체,lv60+to20,+dlow252,5,강세,297,0.12043801392007668,-0.016586212167517288,-0.02405299986858657,-0.010244681644113228,0.3063973063973064
전체,lv60+to20,+dlow252,5,조정,56,0.14714553866723987,-0.011867003383132698,-0.020988002309112602,0.00046349653338034405,0.35714285714285715
전체,lv60+to20,+dlow252,5,반등,60,0.13059747063031005,-0.01571573232113422,-0.024021761958838685,-0.007693766027552345,0.36666666666666664
전체,lv60+to20,+dlow252,5,약세,231,0.12130270210594608,-0.00169950857950359,-0.010874356947251725,0.007659296107035895,0.4675324675324675
전체,lv60+to20,+mom12_1,5,전체,644,0.12401710050298191,-0.002380815775058916,-0.009296721438085598,0.005047651932125589,0.39596273291925466
전체,lv60+to20,+mom12_1,5,강세,297,0.12043801392007668,0.0006796243493027068,-0.009223136462023343,0.010213399167810696,0.43097643097643096
전체,lv60+to20,+mom12_1,5,조정,56,0.14714553866723987,-0.0029253691127232575,-0.01934049249968215,0.012159310495661204,0.35714285714285715
전체,lv60+to20,+mom12_1,5,반등,60,0.13059747063031005,0.003580850318725617,-0.012505039072983335,0.020666872091090346,0.38333333333333336
전체,lv60+to20,+mom12_1,5,약세,231,0.12130270210594608,-0.0077321391328652855,-0.021221452753765607,0.005375204959473433,0.36363636363636365
전체,lv60+to20,+mom21,5,전체,644,0.12401710050298191,-0.021437407808404363,-0.028667622554348588,-0.01494867972022791,0.34316770186335405
전체,lv60+to20,+mom21,5,강세,297,0.12043801392007668,-0.011871305849444532,-0.020542381448588613,-0.0023584504279651137,0.4208754208754209
전체,lv60+to20,+mom21,5,조정,56,0.14714553866723987,-0.024920826682912574,-0.047477662331966236,-0.004351052650007492,0.23214285714285715
전체,lv60+to20,+mom21,5,반등,60,0.13059747063031005,-0.02381693377896223,-0.03857295098781337,-0.015913819903202002,0.23333333333333334
전체,lv60+to20,+mom21,5,약세,231,0.12130270210594608,-0.032274157880288076,-0.04502329663310716,-0.018085842000220672,0.2987012987012987
전체,lv60+to20,+mom63,5,전체,644,0.12401710050298191,-0.014140535578911487,-0.02205730768499684,-0.006262261426725402,0.43478260869565216
전체,lv60+to20,+mom63,5,강세,297,0.12043801392007668,-0.0010190387005073382,-0.012449062873467576,0.010674453347623174,0.5117845117845118
전체,lv60+to20,+mom63,5,조정,56,0.14714553866723987,-0.01808333082141492,-0.04470937207577272,0.00818573166074004,0.44642857142857145
전체,lv60+to20,+mom63,5,반등,60,0.13059747063031005,-0.005367780351574983,-0.023817019588247435,0.009995444665283178,0.48333333333333334
전체,lv60+to20,+mom63,5,약세,231,0.12130270210594608,-0.032333840137119416,-0.046401445523056396,-0.01799497030371913,0.3203463203463203
전체,lv60+to20,+ret5,5,전체,644,0.12401710050298191,-0.007705060920026542,-0.013824004899298345,-0.00100359732932896,0.40372670807453415
전체,lv60+to20,+ret5,5,강세,297,0.12043801392007668,-0.013598496655095422,-0.02095670571483527,-0.005742743060035801,0.3367003367003367
전체,lv60+to20,+ret5,5,조정,56,0.14714553866723987,-0.005070799216919634,-0.0175439677088589,0.007733730934604359,0.44642857142857145
전체,lv60+to20,+ret5,5,반등,60,0.13059747063031005,-0.006078694724888029,-0.01525738577380893,0.005920384745522836,0.45
전체,lv60+to20,+ret5,5,약세,231,0.12130270210594608,-0.001188828079190349,-0.012841847684499955,0.013518862717521035,0.4675324675324675
전체,lv60+to20,+upratio63,5,전체,644,0.12401710050298191,-0.006774024675072149,-0.013232606542241907,-0.0006492627447261642,0.468944099378882
전체,lv60+to20,+upratio63,5,강세,297,0.12043801392007668,0.0038737342306165478,-0.005771363985083995,0.013736879473889636,0.5488215488215489
전체,lv60+to20,+upratio63,5,조정,56,0.14714553866723987,-0.012287254338914755,-0.03155035793612016,0.009095735541506354,0.5
전체,lv60+to20,+upratio63,5,반등,60,0.13059747063031005,0.002048387054242304,-0.011910320360547743,0.012782960684996778,0.5166666666666667
전체,lv60+to20,+upratio63,5,약세,231,0.12130270210594608,-0.02141899540049736,-0.03043056400364135,-0.01170495229772323,0.3463203463203463
전체,lv60+to20,+on60,5,전체,644,0.12401710050298191,-0.00960722283363687,-0.013695484025984967,-0.005788442240322953,0.3447204968944099
전체,lv60+to20,+on60,5,강세,297,0.12043801392007668,-0.014719608003706823,-0.020143429157979766,-0.009433394036344321,0.26262626262626265
전체,lv60+to20,+on60,5,조정,56,0.14714553866723987,-0.01358108610094312,-0.02253759405588006,-0.003750632865949947,0.30357142857142855
전체,lv60+to20,+on60,5,반등,60,0.13059747063031005,-0.015962149975401154,-0.02411998681516276,-0.009577711919162263,0.18333333333333332
전체,lv60+to20,+on60,5,약세,231,0.12130270210594608,-0.00042016496789754894,-0.006572144805738815,0.005697420367233528,0.5021645021645021
전체,lv60+to20,cut:on60,5,전체,644,0.12401710050298191,-0.008955399914686813,-0.011995393130227511,-0.006313946790164878,0.358695652173913
전체,lv60+to20,cut:on60,5,강세,297,0.12043801392007668,-0.008517910992572273,-0.012191242107510155,-0.004737408279807256,0.3771043771043771
전체,lv60+to20,cut:on60,5,조정,56,0.14714553866723987,-0.005837202001272676,-0.011156976277156012,-0.00011571638176079229,0.3392857142857143
전체,lv60+to20,cut:on60,5,반등,60,0.13059747063031005,-0.008991549970648412,-0.015382691163885076,-0.0046427172835213195,0.3
전체,lv60+to20,cut:on60,5,약세,231,0.12130270210594608,-0.010264422813654406,-0.01533740100866185,-0.004185939511894735,0.354978354978355
전체,lv60+to20,+size,5,전체,644,0.12401710050298191,1.104253236503966e-05,-0.005729798362469161,0.0058209960634726865,0.5341614906832298
전체,lv60+to20,+size,5,강세,297,0.12043801392007668,0.007124568153572904,-0.0006424801096268155,0.014757055829248354,0.6026936026936027
전체,lv60+to20,+size,5,조정,56,0.14714553866723987,-0.001522862963583451,-0.021006354424874384,0.015197713474890058,0.5
전체,lv60+to20,+size,5,반등,60,0.13059747063031005,0.006657929043706909,-0.0003183131991310169,0.015126857700415537,0.7
전체,lv60+to20,+size,5,약세,231,0.12130270210594608,-0.01048952713173077,-0.01956469224236996,-0.001720608857383368,0.41125541125541126
전체,lv60+to20,+amt20,5,전체,644,0.12401710050298191,-0.018508241609949728,-0.024045726020444823,-0.014123370896548134,0.2732919254658385
전체,lv60+to20,+amt20,5,강세,297,0.12043801392007668,-0.026883821391697767,-0.03317586910309644,-0.0215010646767305,0.19865319865319866
전체,lv60+to20,+amt20,5,조정,56,0.14714553866723987,-0.022574341771477102,-0.03032744969187891,-0.011100372201675422,0.25
전체,lv60+to20,+amt20,5,반등,60,0.13059747063031005,-0.02557202274083194,-0.03396418422649304,-0.021711294004973392,0.11666666666666667
전체,lv60+to20,+amt20,5,약세,231,0.12130270210594608,-0.00491916943645348,-0.012807481072859067,0.0032047448687120665,0.4155844155844156
전체,lv60+to20,+max5_21,5,전체,644,0.12401710050298191,-0.0006033627072278518,-0.0029909141079626483,0.001643786405800547,0.4937888198757764
전체,lv60+to20,+max5_21,5,강세,297,0.12043801392007668,-0.0012419922782408274,-0.004583024200259224,0.0016559704246463579,0.48484848484848486
전체,lv60+to20,+max5_21,5,조정,56,0.14714553866723987,-0.0041387566804982874,-0.007785721252487084,0.000605412339143725,0.44642857142857145
전체,lv60+to20,+max5_21,5,반등,60,0.13059747063031005,0.0002492147742406605,-0.0038582648309347964,0.005093932538077333,0.48333333333333334
전체,lv60+to20,+max5_21,5,약세,231,0.12130270210594608,0.0008533489646591066,-0.003594779993628664,0.005369008869395704,0.5194805194805194
전체,lv60+to20,+bbw20,5,전체,644,0.12401710050298191,-0.003924183790242051,-0.0068946133705176296,-0.0013835891484773773,0.4332298136645963
전체,lv60+to20,+bbw20,5,강세,297,0.12043801392007668,-0.0036292784496731404,-0.007779407205511587,6.453629964354882e-05,0.42424242424242425
전체,lv60+to20,+bbw20,5,조정,56,0.14714553866723987,-0.006378721011258433,-0.012787819096996155,-0.00031223383676405234,0.3392857142857143
전체,lv60+to20,+bbw20,5,반등,60,0.13059747063031005,-0.006043971276497031,-0.012469813586992595,0.0003742874961242758,0.3333333333333333
전체,lv60+to20,+bbw20,5,약세,231,0.12130270210594608,-0.0031577143209639124,-0.007203812954074521,0.0016362275873416535,0.4935064935064935
전체,lv60+to20,+sma20gap,5,전체,644,0.12401710050298191,-0.023647360107063524,-0.03049937590613748,-0.017805315962551697,0.33229813664596275
전체,lv60+to20,+sma20gap,5,강세,297,0.12043801392007668,-0.014967886613623305,-0.023859889396350684,-0.006281437090971651,0.39730639730639733
전체,lv60+to20,+sma20gap,5,조정,56,0.14714553866723987,-0.02982676875412992,-0.05064111123177076,-0.012152599071899509,0.2857142857142857
전체,lv60+to20,+sma20gap,5,반등,60,0.13059747063031005,-0.026684186061709175,-0.04177429003201575,-0.01947168020317147,0.23333333333333334
전체,lv60+to20,+sma20gap,5,약세,231,0.12130270210594608,-0.03251985874791758,-0.04402963604480725,-0.020167530317133642,0.2857142857142857
전체,lv60+to20,+rsi14,5,전체,644,0.12401710050298191,-0.006327003706289609,-0.013597765216884026,0.001790444301989928,0.41770186335403725
전체,lv60+to20,+rsi14,5,강세,297,0.12043801392007668,-0.015397743492611726,-0.025139786350810253,-0.007067348233664913,0.3400673400673401
전체,lv60+to20,+rsi14,5,조정,56,0.14714553866723987,-0.006580811137871764,-0.018957214984273538,0.006619028854721843,0.4107142857142857
전체,lv60+to20,+rsi14,5,반등,60,0.13059747063031005,-0.008791572022336916,-0.019656112014176972,0.00582414499330874,0.4166666666666667
전체,lv60+to20,+rsi14,5,약세,231,0.12130270210594608,0.00603705270786237,-0.008630483249931065,0.022209091443193132,0.5194805194805194
전체,lv60+to20,+dd52,5,전체,644,0.12401710050298191,-0.005039880190258297,-0.012576795201820498,0.0020294145735977585,0.4767080745341615
전체,lv60+to20,+dd52,5,강세,297,0.12043801392007668,0.0049557957839558835,-0.0064976336044573505,0.01558925564984092,0.5252525252525253
전체,lv60+to20,+dd52,5,조정,56,0.14714553866723987,-0.007099684831641015,-0.02728090564697292,0.009316782926107409,0.5357142857142857
전체,lv60+to20,+dd52,5,반등,60,0.13059747063031005,0.0014375398842641006,-0.015172342753518914,0.014001187303369005,0.48333333333333334
전체,lv60+to20,+dd52,5,약세,231,0.12130270210594608,-0.0190745637785506,-0.032908054743476856,-0.004716487122636709,0.39826839826839827
전체,lv60+to20,+ev_buyback60,5,전체,644,0.12401710050298191,-0.0007230409990972783,-0.001489387304925855,8.967391453150312e-05,0.42391304347826086
전체,lv60+to20,+ev_buyback60,5,강세,297,0.12043801392007668,-0.0004866210536572586,-0.0015470902663300506,0.0004596183537286382,0.4511784511784512
전체,lv60+to20,+ev_buyback60,5,조정,56,0.14714553866723987,-0.0002714284970208621,-0.001975679161502233,0.0012465831198539986,0.4642857142857143
전체,lv60+to20,+ev_buyback60,5,반등,60,0.13059747063031005,-0.0023435487832067143,-0.005002005238332231,-0.0004997341600367013,0.3333333333333333
전체,lv60+to20,+ev_buyback60,5,약세,231,0.12130270210594608,-0.0007155802063067975,-0.002135219785684554,0.0007561349576042903,0.4025974025974026
전체,lv60+to20,+ev_dilution60,5,전체,644,0.12401710050298191,0.0010209438832080068,-0.0002653747368069718,0.002146316174436122,0.5636645962732919
전체,lv60+to20,+ev_dilution60,5,강세,297,0.12043801392007668,0.0015155676694082786,-0.0003390997953869855,0.003373545916439242,0.5959595959595959
전체,lv60+to20,+ev_dilution60,5,조정,56,0.14714553866723987,0.0002471485472643691,-0.003323845202786346,0.0038341281872245536,0.5
전체,lv60+to20,+ev_dilution60,5,반등,60,0.13059747063031005,0.0011737564460270896,-0.0023514362096024623,0.0036988334962006555,0.5833333333333334
전체,lv60+to20,+ev_dilution60,5,약세,231,0.12130270210594608,0.0005328941885855741,-0.0018065046932689284,0.002305554190432152,0.5324675324675324
전체,lv60+to20,cut:ev_dilution60,5,전체,644,0.12401710050298191,-0.0015199564719845628,-0.0038171226553889628,0.0007247394926004976,0.4518633540372671
전체,lv60+to20,cut:ev_dilution60,5,강세,297,0.12043801392007668,-0.0026900694059386544,-0.00536625831060337,0.0002700680047038128,0.4107744107744108
전체,lv60+to20,cut:ev_dilution60,5,조정,56,0.14714553866723987,-0.0023504004694360234,-0.009389966504336449,0.004127618383328154,0.4642857142857143
전체,lv60+to20,cut:ev_dilution60,5,반등,60,0.13059747063031005,0.002109623203337814,-0.0014851552225535523,0.007879342090435662,0.5833333333333334
전체,lv60+to20,cut:ev_dilution60,5,약세,231,0.12130270210594608,-0.0007569537675590025,-0.005881098283642187,0.003921231650749624,0.4675324675324675
전체,lv60+to20,+downvol60,5,전체,644,0.12401710050298191,-0.004845816659430923,-0.007909161710650037,-0.0020423803071811463,0.4440993788819876
전체,lv60+to20,+downvol60,5,강세,297,0.12043801392007668,-0.0018503020277549384,-0.0057259490704581065,0.0023016473379405137,0.5117845117845118
전체,lv60+to20,+downvol60,5,조정,56,0.14714553866723987,-0.005843109046112958,-0.012909259976257234,0.0034415526317626527,0.375
전체,lv60+to20,+downvol60,5,반등,60,0.13059747063031005,-0.002749938640755571,-0.009274910049128608,0.00191698415209349,0.43333333333333335
전체,lv60+to20,+downvol60,5,약세,231,0.12130270210594608,-0.008999808664080686,-0.014338130627421194,-0.003687972769836339,0.37662337662337664
전체,lv60+to20,+hl_range20,5,전체,644,0.12401710050298191,0.0031927402167591513,0.0016360234279700443,0.0046405663772075695,0.5978260869565217
전체,lv60+to20,+hl_range20,5,강세,297,0.12043801392007668,0.003539897360533155,0.0016176937266318382,0.005715436151170358,0.6026936026936027
전체,lv60+to20,+hl_range20,5,조정,56,0.14714553866723987,0.0018327092111253232,-0.0007091344641374092,0.004811525865335626,0.5535714285714286
전체,lv60+to20,+hl_range20,5,반등,60,0.13059747063031005,0.0035421670403836666,0.0005156909835131418,0.006847620909648972,0.6666666666666666
전체,lv60+to20,+hl_range20,5,약세,231,0.12130270210594608,0.0029853395899069645,0.00021204540125845155,0.005180076372217548,0.5844155844155844
전체,lv60+to20,+volvol20,5,전체,644,0.12401710050298191,0.0006562378452360717,-0.004669357759016669,0.005844311627857536,0.5108695652173914
전체,lv60+to20,+volvol20,5,강세,297,0.12043801392007668,0.0034039542228280276,-0.002632840316750319,0.008379317405734672,0.5555555555555556
전체,lv60+to20,+volvol20,5,조정,56,0.14714553866723987,-0.003901135562313542,-0.019276715195716044,0.013600083537851578,0.4107142857142857
전체,lv60+to20,+volvol20,5,반등,60,0.13059747063031005,-0.001767409660499532,-0.010749012337994442,0.007582152506514285,0.5166666666666667
전체,lv60+to20,+volvol20,5,약세,231,0.12130270210594608,-0.0011422037260968114,-0.011426361934372346,0.010115901600667282,0.47619047619047616
전체,lv60+to20,+gapfreq60,5,전체,644,0.12401710050298191,-0.0059201913334072185,-0.009542454457902234,-0.0022972614552912575,0.4409937888198758
전체,lv60+to20,+gapfreq60,5,강세,297,0.12043801392007668,-0.0067704282570131315,-0.011757528363614322,-0.0017372562162300857,0.4107744107744108
전체,lv60+to20,+gapfreq60,5,조정,56,0.14714553866723987,-0.008808936088528785,-0.019975875946174882,0.0038211773922872897,0.48214285714285715
전체,lv60+to20,+gapfreq60,5,반등,60,0.13059747063031005,-0.004255368530829604,-0.01286723371728201,0.0016003105082111806,0.43333333333333335
전체,lv60+to20,+gapfreq60,5,약세,231,0.12130270210594608,-0.004559149322830998,-0.011141289598953276,0.002105978217850511,0.47186147186147187
전체,lv60+to20,+amihud20,5,전체,644,0.12401710050298191,-0.031342187156338464,-0.03859395686204334,-0.02543880629729768,0.24378881987577639
전체,lv60+to20,+amihud20,5,강세,297,0.12043801392007668,-0.04114418951217951,-0.05000094437037092,-0.03332821938470791,0.1717171717171717
전체,lv60+to20,+amihud20,5,조정,56,0.14714553866723987,-0.03535391200319914,-0.046650402800044656,-0.020164068504607818,0.23214285714285715
전체,lv60+to20,+amihud20,5,반등,60,0.13059747063031005,-0.03984555634026598,-0.05207055942316174,-0.03449739562054877,0.11666666666666667
전체,lv60+to20,+amihud20,5,약세,231,0.12130270210594608,-0.015558406021513174,-0.025619587005731533,-0.004414283364230815,0.3722943722943723
전체,lv60+to20,+beta60,5,전체,644,0.12401710050298191,-0.015584521275837659,-0.023528353450906772,-0.008074921547309918,0.39285714285714285
전체,lv60+to20,+beta60,5,강세,297,0.12043801392007668,-0.016216417353084118,-0.02518755719518389,-0.005965380054990151,0.37037037037037035
전체,lv60+to20,+beta60,5,조정,56,0.14714553866723987,-0.016052455431500513,-0.03668626502290743,0.006024196012330493,0.35714285714285715
전체,lv60+to20,+beta60,5,반등,60,0.13059747063031005,-0.00846669721112978,-0.026949219983780786,0.005114221712198006,0.4666666666666667
전체,lv60+to20,+beta60,5,약세,231,0.12130270210594608,-0.016507430350396764,-0.032397066241924975,-0.0011511405932792367,0.41125541125541126
전체,lv60+to20,+skew60,5,전체,644,0.12401710050298191,-0.005034219549570416,-0.008646057194123731,-0.0013646186946602728,0.42701863354037267
전체,lv60+to20,+skew60,5,강세,297,0.12043801392007668,-0.0035312538881339785,-0.007967370778637751,0.0006044740797216416,0.41414141414141414
전체,lv60+to20,+skew60,5,조정,56,0.14714553866723987,-0.007919717705229397,-0.015790796007398834,0.0023994680250357223,0.35714285714285715
전체,lv60+to20,+skew60,5,반등,60,0.13059747063031005,-0.008398216783395609,-0.018621016136358186,0.001726954575339815,0.4166666666666667
전체,lv60+to20,+skew60,5,약세,231,0.12130270210594608,-0.005393323751735815,-0.012691353422398766,0.002370940599134869,0.46320346320346323
전체,lv60+to20,+price_lvl,5,전체,644,0.12401710050298191,-0.0030834929515855054,-0.009207937480893677,0.003614608048911987,0.5201863354037267
전체,lv60+to20,+price_lvl,5,강세,297,0.12043801392007668,0.00425280718759294,-0.004456649577941082,0.012719006566751198,0.5791245791245792
전체,lv60+to20,+price_lvl,5,조정,56,0.14714553866723987,-0.006070044693440185,-0.030132099773342164,0.01509505454134347,0.48214285714285715
전체,lv60+to20,+price_lvl,5,반등,60,0.13059747063031005,0.0025360013193953257,-0.006721947079099852,0.013131173387735139,0.6333333333333333
전체,lv60+to20,+price_lvl,5,약세,231,0.12130270210594608,-0.013251475202888472,-0.023475595058963426,-0.0024276789503552307,0.42424242424242425
전체,lv60+to20,+lv20,20,전체,629,0.17737517565252878,-0.0006800518495481268,-0.0030971713978678868,0.0017974828877477466,0.44038155802861684
전체,lv60+to20,+lv20,20,강세,297,0.18524535521946095,-0.003641485610683129,-0.006367416841840614,-0.00018930202658242772,0.3939393939393939
전체,lv60+to20,+lv20,20,조정,56,0.13577452687071878,-0.0032830314241452515,-0.009371429144587133,0.002816483089806009,0.39285714285714285
전체,lv60+to20,+lv20,20,반등,48,0.1773210646996485,0.0024551464761408833,-0.002904155189312275,0.009387701689449296,0.4791666666666667
전체,lv60+to20,+lv20,20,약세,228,0.17735232620577773,0.003156891850458286,-0.0004065305684440136,0.007309749897122696,0.5043859649122807
전체,lv60+to20,+rv21,20,전체,629,0.17737517565252878,-0.0006802855785459128,-0.003006496105405448,0.001752988480416585,0.4546899841017488
전체,lv60+to20,+rv21,20,강세,297,0.18524535521946095,-0.0034559079440816373,-0.006134506299264317,-0.00010488805752237073,0.40404040404040403
전체,lv60+to20,+rv21,20,조정,56,0.13577452687071878,-0.002952195322323831,-0.008718093849228396,0.0029974104514472323,0.42857142857142855
전체,lv60+to20,+rv21,20,반등,48,0.1773210646996485,0.0018857361530823658,-0.003936469638026918,0.009096517481972221,0.4791666666666667
전체,lv60+to20,+rv21,20,약세,228,0.17735232620577773,0.002953125584162493,-0.0005429171342577912,0.007007735428810742,0.5219298245614035
전체,lv60+to20,+nh252,20,전체,629,0.17737517565252878,-0.004044849525557011,-0.010638534105641662,0.003375769547116747,0.505564387917329
전체,lv60+to20,+nh252,20,강세,297,0.18524535521946095,0.004766355954446554,-0.005832642333195258,0.014540703820820337,0.5757575757575758
전체,lv60+to20,+nh252,20,조정,56,0.13577452687071878,0.01524664797202474,-0.0006040284367819693,0.03495222663638305,0.75
전체,lv60+to20,+nh252,20,반등,48,0.1773210646996485,-0.002570785278925325,-0.020071214967713465,0.011523873257353646,0.6041666666666666
전체,lv60+to20,+nh252,20,약세,228,0.17735232620577773,-0.020571195890749808,-0.03201963317941632,-0.009326721166927678,0.3333333333333333
전체,lv60+to20,+dlow252,20,전체,629,0.17737517565252878,-0.019611865696206307,-0.026203087662346452,-0.013487918583534356,0.302066772655008
전체,lv60+to20,+dlow252,20,강세,297,0.18524535521946095,-0.025876650574387275,-0.03510315736350904,-0.017130665962148937,0.26262626262626265
전체,lv60+to20,+dlow252,20,조정,56,0.13577452687071878,-0.02519305038849094,-0.0396665553787544,-0.012693084468623652,0.21428571428571427
전체,lv60+to20,+dlow252,20,반등,48,0.1773210646996485,-0.023531464958176776,-0.033088081022369244,-0.01162651608392416,0.1875
전체,lv60+to20,+dlow252,20,약세,228,0.17735232620577773,-0.009255162993740223,-0.019553805088948453,0.0004782085558465957,0.3991228070175439
전체,lv60+to20,+mom12_1,20,전체,629,0.17737517565252878,-0.0016365169310298155,-0.009377573875717155,0.006491823215624403,0.3958664546899841
전체,lv60+to20,+mom12_1,20,강세,297,0.18524535521946095,0.001298553302562704,-0.009623112221156195,0.012292739580132394,0.40404040404040403
전체,lv60+to20,+mom12_1,20,조정,56,0.13577452687071878,0.013057820125348132,-0.000634478319383292,0.02919108380147046,0.48214285714285715
전체,lv60+to20,+mom12_1,20,반등,48,0.1773210646996485,0.0016353930877329155,-0.005891275869986332,0.009347852363373642,0.375
전체,lv60+to20,+mom12_1,20,약세,228,0.17735232620577773,-0.009757790682936633,-0.023849718375113745,0.002817834024640293,0.3684210526315789
전체,lv60+to20,+mom21,20,전체,629,0.17737517565252878,-0.026436647984045707,-0.0330071471626822,-0.01884740928246718,0.3179650238473768
전체,lv60+to20,+mom21,20,강세,297,0.18524535521946095,-0.017047949921848677,-0.025732533787851935,-0.008173106213270293,0.36363636363636365
전체,lv60+to20,+mom21,20,조정,56,0.13577452687071878,-0.014310829109744393,-0.0367619289152681,0.009880690137418541,0.5178571428571429
전체,lv60+to20,+mom21,20,반등,48,0.1773210646996485,-0.027704786741396852,-0.04716784238804004,-0.011700161205800669,0.3125
전체,lv60+to20,+mom21,20,약세,228,0.17735232620577773,-0.0413779572870305,-0.05231807381810842,-0.03171318778490816,0.21052631578947367
전체,lv60+to20,+mom63,20,전체,629,0.17737517565252878,-0.01303895202173965,-0.020133857644630573,-0.005193949143790794,0.41971383147853736
전체,lv60+to20,+mom63,20,강세,297,0.18524535521946095,0.00014548449403976185,-0.011515741292656648,0.01051058896964592,0.5353535353535354
전체,lv60+to20,+mom63,20,조정,56,0.13577452687071878,-0.00261627345592766,-0.0226137545737723,0.018913753515842197,0.5892857142857143
전체,lv60+to20,+mom63,20,반등,48,0.1773210646996485,-0.003955666534960611,-0.024338067133020044,0.012735279790449125,0.4583333333333333
전체,lv60+to20,+mom63,20,약세,228,0.17735232620577773,-0.034685642145587676,-0.04626829176085644,-0.024158257902239556,0.21929824561403508
전체,lv60+to20,+ret5,20,전체,629,0.17737517565252878,-0.01746897812430614,-0.024357942290624046,-0.01112437725711605,0.3275039745627981
전체,lv60+to20,+ret5,20,강세,297,0.18524535521946095,-0.022201533091994338,-0.029156163521509793,-0.015019746545347356,0.28619528619528617
전체,lv60+to20,+ret5,20,조정,56,0.13577452687071878,-0.007886096674890994,-0.02381829996340303,0.007749793454344745,0.42857142857142855
전체,lv60+to20,+ret5,20,반등,48,0.1773210646996485,-0.03262872236280964,-0.04748435200060585,-0.021391513577681293,0.125
전체,lv60+to20,+ret5,20,약세,228,0.17735232620577773,-0.010466367652006524,-0.02664794392973464,0.0009617235528834693,0.3991228070175439
전체,lv60+to20,+upratio63,20,전체,629,0.17737517565252878,-0.0057270343218581,-0.012660343845024843,0.000832884630107425,0.43243243243243246
전체,lv60+to20,+upratio63,20,강세,297,0.18524535521946095,0.005365483476175278,-0.004507076280383014,0.015445061235564881,0.5117845117845118
전체,lv60+to20,+upratio63,20,조정,56,0.13577452687071878,-0.0031066376136855947,-0.022072576004232593,0.01903261397720651,0.5178571428571429
전체,lv60+to20,+upratio63,20,반등,48,0.1773210646996485,0.007868655258492169,-0.008395746543361091,0.02029959724560572,0.5833333333333334
전체,lv60+to20,+upratio63,20,약세,228,0.17735232620577773,-0.023682354942605403,-0.035033544187504505,-0.014005361228947317,0.27631578947368424
전체,lv60+to20,+on60,20,전체,629,0.17737517565252878,-0.018636798370815864,-0.023244341463819023,-0.014515383767663172,0.21303656597774245
전체,lv60+to20,+on60,20,강세,297,0.18524535521946095,-0.02922732679615584,-0.0346151356014986,-0.02452571057186693,0.08080808080808081
전체,lv60+to20,+on60,20,조정,56,0.13577452687071878,-0.022333676231749835,-0.03910813443213739,-0.007318154402941071,0.23214285714285715
전체,lv60+to20,+on60,20,반등,48,0.1773210646996485,-0.015510711589504136,-0.02537295705041245,-0.0032682220084290594,0.2708333333333333
전체,lv60+to20,+on60,20,약세,228,0.17735232620577773,-0.00459136005048555,-0.010840021240773951,0.0013017404132121167,0.3684210526315789
전체,lv60+to20,cut:on60,20,전체,629,0.17737517565252878,-0.010518668539437273,-0.013591186161525045,-0.007290335538747978,0.31160572337042924
전체,lv60+to20,cut:on60,20,강세,297,0.18524535521946095,-0.009324322207124529,-0.013279554684816711,-0.005484910433101245,0.30976430976430974
전체,lv60+to20,cut:on60,20,조정,56,0.13577452687071878,-0.005161917460182234,-0.010011651932501841,-0.0002012968809980069,0.3392857142857143
전체,lv60+to20,cut:on60,20,반등,48,0.1773210646996485,-0.01977362679386741,-0.02802751089504986,-0.012797980246695475,0.125
전체,lv60+to20,cut:on60,20,약세,228,0.17735232620577773,-0.011441742771553593,-0.017472555180514823,-0.006154106326740236,0.34649122807017546
전체,lv60+to20,+size,20,전체,629,0.17737517565252878,0.00425534669260542,-0.0038248605653936215,0.013339518287519992,0.5437201907790143
전체,lv60+to20,+size,20,강세,297,0.18524535521946095,0.018676822903718537,0.009287750031876074,0.028849903947084095,0.6498316498316499
전체,lv60+to20,+size,20,조정,56,0.13577452687071878,-0.000937374019798443,-0.028168579964044135,0.023547641179534215,0.5892857142857143
전체,lv60+to20,+size,20,반등,48,0.1773210646996485,0.0025384144115308937,-0.021100099635889637,0.02026290838850493,0.5833333333333334
전체,lv60+to20,+size,20,약세,228,0.17735232620577773,-0.01289365912017704,-0.027792517645024495,-0.000856879532597381,0.38596491228070173
전체,lv60+to20,+amt20,20,전체,629,0.17737517565252878,-0.030131327887064265,-0.03680704721457715,-0.023540580392797016,0.18441971383147854
전체,lv60+to20,+amt20,20,강세,297,0.18524535521946095,-0.04554239847469251,-0.05419811786687607,-0.036804123521241225,0.1111111111111111
전체,lv60+to20,+amt20,20,조정,56,0.13577452687071878,-0.017877279147951255,-0.03223199679071608,0.003983759838262403,0.21428571428571427
전체,lv60+to20,+amt20,20,반등,48,0.1773210646996485,-0.03320415142333182,-0.045259925181781076,-0.021818425607745162,0.0
전체,lv60+to20,+amt20,20,약세,228,0.17735232620577773,-0.01241923681304628,-0.022317377513489604,-0.0031390696988419166,0.31140350877192985
전체,lv60+to20,+max5_21,20,전체,629,0.17737517565252878,-0.0023554991002128585,-0.0052750390587977675,0.0004583083185076069,0.4419713831478537
전체,lv60+to20,+max5_21,20,강세,297,0.18524535521946095,-0.005442386165567911,-0.008792321165167372,-0.0013178201902894172,0.3771043771043771
전체,lv60+to20,+max5_21,20,조정,56,0.13577452687071878,-0.005378799555863976,-0.010967136875138204,0.00034648610017519005,0.4107142857142857
전체,lv60+to20,+max5_21,20,반등,48,0.1773210646996485,0.0017259765721612964,-0.00648729231089271,0.010940649318538926,0.5
전체,lv60+to20,+max5_21,20,약세,228,0.17735232620577773,0.001548884459668516,-0.0027461747069571826,0.006386701621039188,0.5219298245614035
전체,lv60+to20,+bbw20,20,전체,629,0.17737517565252878,-0.005264140951517683,-0.008260421854439476,-0.002213199369611402,0.3942766295707472
전체,lv60+to20,+bbw20,20,강세,297,0.18524535521946095,-0.00867716806449522,-0.013521858687964457,-0.003828531792088538,0.3333333333333333
전체,lv60+to20,+bbw20,20,조정,56,0.13577452687071878,0.001999054671579507,-0.004134950812610463,0.010037556933737085,0.5535714285714286
전체,lv60+to20,+bbw20,20,반등,48,0.1773210646996485,-0.0012332065841598077,-0.011097349060004468,0.0072177450899773244,0.5625
전체,lv60+to20,+bbw20,20,약세,228,0.17735232620577773,-0.0034507846005189633,-0.006871954774216106,0.0002939667891477673,0.3991228070175439
전체,lv60+to20,+sma20gap,20,전체,629,0.17737517565252878,-0.026602161179039314,-0.03230874807748224,-0.01991155444028205,0.2988871224165342
전체,lv60+to20,+sma20gap,20,강세,297,0.18524535521946095,-0.02012584005174018,-0.029099774506613288,-0.011914296055640492,0.36363636363636365
전체,lv60+to20,+sma20gap,20,조정,56,0.13577452687071878,-0.015376475295738934,-0.03411821558828059,0.0023727280819802656,0.5357142857142857
전체,lv60+to20,+sma20gap,20,반등,48,0.1773210646996485,-0.022974413377151903,-0.03983129781171217,-0.009505411601580086,0.2708333333333333
전체,lv60+to20,+sma20gap,20,약세,228,0.17735232620577773,-0.038559343980632564,-0.0482718850116917,-0.02858533632804984,0.16228070175438597
전체,lv60+to20,+rsi14,20,전체,629,0.17737517565252878,-0.014179093500739568,-0.023752995335714188,-0.005785088971846049,0.3640699523052464
전체,lv60+to20,+rsi14,20,강세,297,0.18524535521946095,-0.024877318191920825,-0.0346635120966007,-0.015812060870761743,0.2996632996632997
전체,lv60+to20,+rsi14,20,조정,56,0.13577452687071878,-0.0161486922957948,-0.03299236723615954,-0.0007645195998696067,0.30357142857142855
전체,lv60+to20,+rsi14,20,반등,48,0.1773210646996485,-0.02518781106287485,-0.0475220968479958,-0.0031939173216142145,0.22916666666666666
전체,lv60+to20,+rsi14,20,약세,228,0.17735232620577773,0.0025581376781482396,-0.011991881898728839,0.016640870722123755,0.49122807017543857
전체,lv60+to20,+dd52,20,전체,629,0.17737517565252878,-0.004044849525557011,-0.010638534105641662,0.003375769547116747,0.505564387917329
전체,lv60+to20,+dd52,20,강세,297,0.18524535521946095,0.004766355954446554,-0.005832642333195258,0.014540703820820337,0.5757575757575758
전체,lv60+to20,+dd52,20,조정,56,0.13577452687071878,0.01524664797202474,-0.0006040284367819693,0.03495222663638305,0.75
전체,lv60+to20,+dd52,20,반등,48,0.1773210646996485,-0.002570785278925325,-0.020071214967713465,0.011523873257353646,0.6041666666666666
전체,lv60+to20,+dd52,20,약세,228,0.17735232620577773,-0.020571195890749808,-0.03201963317941632,-0.009326721166927678,0.3333333333333333
전체,lv60+to20,+ev_buyback60,20,전체,629,0.17737517565252878,-0.0005026458987672419,-0.0013853052781610694,0.00033717771321131604,0.5103338632750397
전체,lv60+to20,+ev_buyback60,20,강세,297,0.18524535521946095,0.0002060188105643661,-0.000860478766638008,0.0013239341921477605,0.5218855218855218
전체,lv60+to20,+ev_buyback60,20,조정,56,0.13577452687071878,0.001034135115156483,-0.00047142082624566993,0.0024316241995534036,0.6785714285714286
전체,lv60+to20,+ev_buyback60,20,반등,48,0.1773210646996485,-0.0034845431423226416,-0.0070773212377194875,-0.0006590145921081448,0.4583333333333333
전체,lv60+to20,+ev_buyback60,20,약세,228,0.17735232620577773,-0.0011754620731556499,-0.002695982620298186,0.00038241335147375544,0.4649122807017544
전체,lv60+to20,+ev_dilution60,20,전체,629,0.17737517565252878,0.0029889222349558414,0.0017246735211546925,0.004364037480597021,0.6470588235294118
전체,lv60+to20,+ev_dilution60,20,강세,297,0.18524535521946095,0.003319386438236898,0.0016705962796589333,0.005151684739151828,0.6835016835016835
전체,lv60+to20,+ev_dilution60,20,조정,56,0.13577452687071878,0.004841927906471963,0.0007825588426039397,0.00963121953607162,0.6071428571428571
전체,lv60+to20,+ev_dilution60,20,반등,48,0.1773210646996485,0.0028337391693079076,-0.0012660782122739694,0.0065259516226005765,0.6875
전체,lv60+to20,+ev_dilution60,20,약세,228,0.17735232620577773,0.002135995047112525,-7.856745616232593e-05,0.003988015990977269,0.6008771929824561
전체,lv60+to20,cut:ev_dilution60,20,전체,629,0.17737517565252878,-0.0022845179067413936,-0.004658475309122788,0.0001366322713518777,0.4467408585055644
전체,lv60+to20,cut:ev_dilution60,20,강세,297,0.18524535521946095,-0.003197138020230307,-0.00651774463685789,-0.0001547059479355223,0.4208754208754209
전체,lv60+to20,cut:ev_dilution60,20,조정,56,0.13577452687071878,-0.0062175396305361175,-0.015904188889610052,0.0006487742523059028,0.42857142857142855
전체,lv60+to20,cut:ev_dilution60,20,반등,48,0.1773210646996485,0.0004785776195681457,-0.005331694885502129,0.0060462276438412,0.5625
전체,lv60+to20,cut:ev_dilution60,20,약세,228,0.17735232620577773,-0.0007114091129876473,-0.004690129232350161,0.0037881165949747984,0.4605263157894737
전체,lv60+to20,+downvol60,20,전체,629,0.17737517565252878,-0.006882252086555774,-0.009654379802461232,-0.003987711924068182,0.3863275039745628
전체,lv60+to20,+downvol60,20,강세,297,0.18524535521946095,-0.006251575405174273,-0.009969758297247812,-0.002861558885420021,0.4107744107744108
전체,lv60+to20,+downvol60,20,조정,56,0.13577452687071878,-0.005307698122441915,-0.015716085568464884,0.004228928266448594,0.44642857142857145
전체,lv60+to20,+downvol60,20,반등,48,0.1773210646996485,-0.002788791624298056,-0.007042241053629078,0.0009481376750508135,0.4375
전체,lv60+to20,+downvol60,20,약세,228,0.17735232620577773,-0.008952305150367412,-0.013685219812153739,-0.00403471547958057,0.32894736842105265
전체,lv60+to20,+hl_range20,20,전체,629,0.17737517565252878,0.00522544601977229,0.00327292480595774,0.007217511224652363,0.6581875993640699
전체,lv60+to20,+hl_range20,20,강세,297,0.18524535521946095,0.004415957240270054,0.00205138213460966,0.006833881493930582,0.6498316498316499
전체,lv60+to20,+hl_range20,20,조정,56,0.13577452687071878,0.006301462703205816,0.0016258772456203244,0.009963880352971714,0.8035714285714286
전체,lv60+to20,+hl_range20,20,반등,48,0.1773210646996485,0.005596031466919813,-0.0014803888750983959,0.013486033022819711,0.5625
전체,lv60+to20,+hl_range20,20,약세,228,0.17735232620577773,0.00593760887844249,0.002948656101394038,0.008972420715709235,0.6535087719298246
전체,lv60+to20,+volvol20,20,전체,629,0.17737517565252878,0.00213721109558122,-0.004528421168742672,0.00946727394646281,0.5294117647058824
전체,lv60+to20,+volvol20,20,강세,297,0.18524535521946095,0.0071733354831415705,0.0019396301168315248,0.013585121476564908,0.5488215488215489
전체,lv60+to20,+volvol20,20,조정,56,0.13577452687071878,0.004734101453640556,-0.013090439009984247,0.027091050212792477,0.625
전체,lv60+to20,+volvol20,20,반등,48,0.1773210646996485,-0.005538609771391502,-0.024840101598134625,0.013048217462256512,0.4375
전체,lv60+to20,+volvol20,20,약세,228,0.17735232620577773,-0.003444873998901486,-0.017957596282582984,0.008398522466496479,0.5
전체,lv60+to20,+gapfreq60,20,전체,629,0.17737517565252878,-0.010924516786482914,-0.01608944528502128,-0.005918410759132707,0.42130365659777425
전체,lv60+to20,+gapfreq60,20,강세,297,0.18524535521946095,-0.01639309366606939,-0.0223459060519802,-0.010205456928222919,0.367003367003367
전체,lv60+to20,+gapfreq60,20,조정,56,0.13577452687071878,-0.013937885290381898,-0.03029117811618188,-0.0008171906100255393,0.375
전체,lv60+to20,+gapfreq60,20,반등,48,0.1773210646996485,-0.0034440429126341814,-0.008458494920671359,0.0016931261402229059,0.4583333333333333
전체,lv60+to20,+gapfreq60,20,약세,228,0.17735232620577773,-0.004635686858804022,-0.013225883682418943,0.004542429290378987,0.4956140350877193
전체,lv60+to20,+amihud20,20,전체,629,0.17737517565252878,-0.04958495022193999,-0.058271903576772116,-0.041531141131492345,0.1478537360890302
전체,lv60+to20,+amihud20,20,강세,297,0.18524535521946095,-0.06788420253568082,-0.07945965581208274,-0.0568029133987917,0.05723905723905724
전체,lv60+to20,+amihud20,20,조정,56,0.13577452687071878,-0.03293678921665466,-0.05211197223185175,-0.003378845405056571,0.19642857142857142
전체,lv60+to20,+amihud20,20,반등,48,0.1773210646996485,-0.051894169811138764,-0.06830188578068064,-0.036318291020081245,0.0
전체,lv60+to20,+amihud20,20,약세,228,0.17735232620577773,-0.02935063679577073,-0.04163319294972062,-0.01729677579636174,0.2850877192982456
전체,lv60+to20,+beta60,20,전체,629,0.17737517565252878,-0.02474496913970082,-0.03314105656087743,-0.01636979706366058,0.32432432432432434
전체,lv60+to20,+beta60,20,강세,297,0.18524535521946095,-0.03250977879606895,-0.04173652902386402,-0.023298150984662886,0.23232323232323232
전체,lv60+to20,+beta60,20,조정,56,0.13577452687071878,-0.02371735226789589,-0.06450777874133845,0.016227623572722286,0.35714285714285715
전체,lv60+to20,+beta60,20,반등,48,0.1773210646996485,-0.014212489782661273,-0.03283982125211067,0.010284562627780379,0.4583333333333333
전체,lv60+to20,+beta60,20,약세,228,0.17735232620577773,-0.01710004407837467,-0.032879740779003734,-0.0017180266783962132,0.40789473684210525
전체,lv60+to20,+skew60,20,전체,629,0.17737517565252878,-0.008763352116709807,-0.013278869289668219,-0.004275519730638128,0.3497615262321145
전체,lv60+to20,+skew60,20,강세,297,0.18524535521946095,-0.007014191715497348,-0.011420843953720486,-0.002396202701344118,0.2996632996632997
전체,lv60+to20,+skew60,20,조정,56,0.13577452687071878,-0.007686991594734479,-0.015448651149949193,0.0033436734433966455,0.3392857142857143
전체,lv60+to20,+skew60,20,반등,48,0.1773210646996485,-0.003757456978822869,-0.017518576980472905,0.008592146948987115,0.3541666666666667
전체,lv60+to20,+skew60,20,약세,228,0.17735232620577773,-0.012360105603592667,-0.02192008671342946,-0.004554959439131921,0.4166666666666667
전체,lv60+to20,+price_lvl,20,전체,629,0.17737517565252878,-0.001868921162734441,-0.010325945778360329,0.007917517364060014,0.5166931637519873
전체,lv60+to20,+price_lvl,20,강세,297,0.18524535521946095,0.01190089240576014,0.0026878851934995923,0.022588064720691872,0.5959595959595959
전체,lv60+to20,+price_lvl,20,조정,56,0.13577452687071878,-0.004085960916983933,-0.033450563260411764,0.027591956365029008,0.5178571428571429
전체,lv60+to20,+price_lvl,20,반등,48,0.1773210646996485,-0.008247731032220455,-0.04017015661540959,0.01524831256134603,0.5625
전체,lv60+to20,+price_lvl,20,약세,228,0.17735232620577773,-0.017918471732337914,-0.03381619079916267,-0.004865663355041962,0.40350877192982454
전체,lv60+to20,+lv20,60,전체,589,0.23126885848531487,-0.006578705798777012,-0.009146340381876039,-0.004273210573842531,0.300509337860781
전체,lv60+to20,+lv20,60,강세,297,0.2102427896380457,-0.008119351409004334,-0.011506373199621686,-0.004419963068950584,0.24579124579124578
전체,lv60+to20,+lv20,60,조정,56,0.27594192669122847,-0.012946589201497336,-0.01939839827396025,-0.007869355342191832,0.08928571428571429
전체,lv60+to20,+lv20,60,반등,48,0.2606518992547378,-0.0020156589570759055,-0.009799671750850985,0.007810491392413938,0.4166666666666667
전체,lv60+to20,+lv20,60,약세,188,0.2436766492894399,-0.003413030435009987,-0.007132789870250553,0.0004815657267135188,0.42021276595744683
전체,lv60+to20,+rv21,60,전체,589,0.23126885848531487,-0.006525690360982573,-0.009057045283328614,-0.004271320443319996,0.300509337860781
전체,lv60+to20,+rv21,60,강세,297,0.2102427896380457,-0.00803431878535189,-0.011422351695244234,-0.004456794741022826,0.2558922558922559
전체,lv60+to20,+rv21,60,조정,56,0.27594192669122847,-0.012992866589358934,-0.019610806028446774,-0.0077381654212052104,0.08928571428571429
전체,lv60+to20,+rv21,60,반등,48,0.2606518992547378,-0.0021479883335647557,-0.00976424487975443,0.007748817594090008,0.4166666666666667
전체,lv60+to20,+rv21,60,약세,188,0.2436766492894399,-0.003333696672095829,-0.006877787146909522,0.00035502878099355375,0.40425531914893614
전체,lv60+to20,+nh252,60,전체,589,0.23126885848531487,0.008497268063776625,0.0009521074404400666,0.01605628109747554,0.5534804753820034
전체,lv60+to20,+nh252,60,강세,297,0.2102427896380457,0.020543440255353766,0.009763427438192697,0.03115718645408495,0.6464646464646465
전체,lv60+to20,+nh252,60,조정,56,0.27594192669122847,0.018975418188791036,0.005653704922107066,0.03790860035657751,0.7321428571428571
전체,lv60+to20,+nh252,60,반등,48,0.2606518992547378,-0.00968802090527332,-0.03152988324119239,0.004004349151124961,0.3958333333333333
전체,lv60+to20,+nh252,60,약세,188,0.2436766492894399,-0.009011219581887307,-0.019218154731475402,0.0005990915436902619,0.39361702127659576
전체,lv60+to20,+dlow252,60,전체,589,0.23126885848531487,-0.037282912672529624,-0.04269804895397094,-0.03241517079831137,0.1307300509337861
전체,lv60+to20,+dlow252,60,강세,297,0.2102427896380457,-0.04129153554325054,-0.048251075696840104,-0.03448396937345683,0.09427609427609428
전체,lv60+to20,+dlow252,60,조정,56,0.27594192669122847,-0.053420815766238174,-0.06681431666478874,-0.045860324765707554,0.017857142857142856
전체,lv60+to20,+dlow252,60,반등,48,0.2606518992547378,-0.024426831395789505,-0.036257677862473685,-0.006288813889007634,0.2708333333333333
전체,lv60+to20,+dlow252,60,약세,188,0.2436766492894399,-0.029425510201421826,-0.03968233194351963,-0.019770251407198226,0.18617021276595744
전체,lv60+to20,+mom12_1,60,전체,589,0.23126885848531487,0.0056833532559891434,-0.0005945264268838083,0.01243797602299397,0.466893039049236
전체,lv60+to20,+mom12_1,60,강세,297,0.2102427896380457,0.007986286312123071,-0.003915305735826646,0.018678595152191575,0.47474747474747475
전체,lv60+to20,+mom12_1,60,조정,56,0.27594192669122847,0.008461906925826155,-0.006383695257139134,0.02909993673733577,0.4107142857142857
전체,lv60+to20,+mom12_1,60,반등,48,0.2606518992547378,-0.002004757233511923,-0.00786507093018893,0.005991156546331857,0.3541666666666667
전체,lv60+to20,+mom12_1,60,약세,188,0.2436766492894399,0.003180476555528516,-0.003705325109922885,0.010562149716890503,0.5
전체,lv60+to20,+mom21,60,전체,589,0.23126885848531487,-0.022241154276090993,-0.029294023439005445,-0.015208339104039936,0.2937181663837012
전체,lv60+to20,+mom21,60,강세,297,0.2102427896380457,-0.013593682350091008,-0.023712409432108353,-0.003253363061652563,0.3939393939393939
전체,lv60+to20,+mom21,60,조정,56,0.27594192669122847,-0.01908096847107962,-0.03361531388580429,-0.0018536563645054885,0.25
전체,lv60+to20,+mom21,60,반등,48,0.2606518992547378,-0.03316016608947839,-0.05423368933566321,-0.018996328533571687,0.22916666666666666
전체,lv60+to20,+mom21,60,약세,188,0.2436766492894399,-0.03405581917002736,-0.04410161720718462,-0.02472893830576308,0.16489361702127658
전체,lv60+to20,+mom63,60,전체,589,0.23126885848531487,0.001965480552292484,-0.0061874378447856985,0.010650282829829627,0.4617996604414261
전체,lv60+to20,+mom63,60,강세,297,0.2102427896380457,0.013137149784334343,-1.700820471546149e-05,0.02439234793777352,0.5454545454545454
전체,lv60+to20,+mom63,60,조정,56,0.27594192669122847,0.015412419635690839,-0.004010305535630972,0.04334891331574254,0.625
전체,lv60+to20,+mom63,60,반등,48,0.2606518992547378,-0.0164340454049737,-0.042940457323471085,0.0001391731037774009,0.2708333333333333
전체,lv60+to20,+mom63,60,약세,188,0.2436766492894399,-0.014991099791526465,-0.02489951467549287,-0.003565085341991226,0.32978723404255317
전체,lv60+to20,+ret5,60,전체,589,0.23126885848531487,-0.027741697244419123,-0.03339022376671954,-0.02193771734663819,0.22241086587436332
전체,lv60+to20,+ret5,60,강세,297,0.2102427896380457,-0.029700404231651656,-0.03631848321073151,-0.02191507460926509,0.1919191919191919
전체,lv60+to20,+ret5,60,조정,56,0.27594192669122847,-0.02671245475837835,-0.03932123114850149,-0.01684237115710752,0.21428571428571427
전체,lv60+to20,+ret5,60,반등,48,0.2606518992547378,-0.036890195091217826,-0.05210570692807164,-0.015655372203725017,0.14583333333333334
전체,lv60+to20,+ret5,60,약세,188,0.2436766492894399,-0.02261815313465254,-0.03525175427646695,-0.00933496162362171,0.2925531914893617
전체,lv60+to20,+upratio63,60,전체,589,0.23126885848531487,0.006051033786871391,-0.0015340439076050245,0.013650533226494283,0.5212224108658744
전체,lv60+to20,+upratio63,60,강세,297,0.2102427896380457,0.016644192318923175,0.005773002409235025,0.028250268878183778,0.5791245791245792
전체,lv60+to20,+upratio63,60,조정,56,0.27594192669122847,0.0018973463854289109,-0.01597303645822554,0.03127460830523016,0.5892857142857143
전체,lv60+to20,+upratio63,60,반등,48,0.2606518992547378,-0.003656347151720867,-0.01717671033678098,0.005575218053809177,0.4583333333333333
전체,lv60+to20,+upratio63,60,약세,188,0.2436766492894399,-0.006968154002948668,-0.013147428731279304,0.0017906835392381645,0.425531914893617
전체,lv60+to20,+on60,60,전체,589,0.23126885848531487,-0.030848932845580674,-0.03651031199602401,-0.025587414769031185,0.13921901528013583
전체,lv60+to20,+on60,60,강세,297,0.2102427896380457,-0.04105980314374533,-0.047147850405252364,-0.03487155825803225,0.020202020202020204
전체,lv60+to20,+on60,60,조정,56,0.27594192669122847,-0.041471781298073766,-0.0601838819223312,-0.02711417621966737,0.08928571428571429
전체,lv60+to20,+on60,60,반등,48,0.2606518992547378,-0.01565613866430246,-0.02951623609108485,0.0021929968127916795,0.3333333333333333
전체,lv60+to20,+on60,60,약세,188,0.2436766492894399,-0.015432688849872353,-0.024700634340451395,-0.007659044589614417,0.2925531914893617
전체,lv60+to20,cut:on60,60,전체,589,0.23126885848531487,-0.012208436228752775,-0.015112805293245114,-0.009463877245448348,0.23089983022071306
전체,lv60+to20,cut:on60,60,강세,297,0.2102427896380457,-0.013004268729063228,-0.0180936194497194,-0.00931117012508482,0.24242424242424243
전체,lv60+to20,cut:on60,60,조정,56,0.27594192669122847,-0.005185846041954665,-0.010113148856609822,0.0019983078566829945,0.30357142857142855
전체,lv60+to20,cut:on60,60,반등,48,0.2606518992547378,-0.012907072126138086,-0.018912791447079795,-0.008966490109682434,0.16666666666666666
전체,lv60+to20,cut:on60,60,약세,188,0.2436766492894399,-0.012864650456380406,-0.018053569081346123,-0.008069262646768294,0.2074468085106383
전체,lv60+to20,+size,60,전체,589,0.23126885848531487,0.017166838219617616,0.0088412823590555,0.0256300557753386,0.6230899830220713
전체,lv60+to20,+size,60,강세,297,0.2102427896380457,0.02848792476198862,0.017987662634064795,0.04080148312011337,0.7070707070707071
전체,lv60+to20,+size,60,조정,56,0.27594192669122847,0.029236984032801717,0.012222539403837123,0.05463178078447346,0.7142857142857143
전체,lv60+to20,+size,60,반등,48,0.2606518992547378,-6.989496701071314e-05,-0.020631355817680972,0.018477589192340205,0.4583333333333333
전체,lv60+to20,+size,60,약세,188,0.2436766492894399,8.743568948816374e-05,-0.007887947425115333,0.01035649403516134,0.5053191489361702
전체,lv60+to20,+amt20,60,전체,589,0.23126885848531487,-0.053060350724837925,-0.059547307053944204,-0.047071536132176,0.044142614601018676
전체,lv60+to20,+amt20,60,강세,297,0.2102427896380457,-0.05854337067898381,-0.06684038130799032,-0.05069103572743595,0.0707070707070707
전체,lv60+to20,+amt20,60,조정,56,0.27594192669122847,-0.06938306482589898,-0.08753105919894519,-0.054701485642174585,0.0
전체,lv60+to20,+amt20,60,반등,48,0.2606518992547378,-0.049124938697127,-0.06288907706489692,-0.030596660781000488,0.020833333333333332
전체,lv60+to20,+amt20,60,약세,188,0.2436766492894399,-0.04054104679552612,-0.04919639076123466,-0.03343445013637949,0.02127659574468085
전체,lv60+to20,+max5_21,60,전체,589,0.23126885848531487,-0.009475216994116565,-0.012495865255842118,-0.0067011955210385474,0.29541595925297115
전체,lv60+to20,+max5_21,60,강세,297,0.2102427896380457,-0.011060850249282508,-0.014750714572274842,-0.0069067264309232955,0.23232323232323232
전체,lv60+to20,+max5_21,60,조정,56,0.27594192669122847,-0.01781137820457495,-0.022155875772211488,-0.013923032543702751,0.017857142857142856
전체,lv60+to20,+max5_21,60,반등,48,0.2606518992547378,-0.007116625333807342,-0.017423116748666607,0.0069110563353861195,0.3958333333333333
전체,lv60+to20,+max5_21,60,약세,188,0.2436766492894399,-0.0050893355852064,-0.009768519776446674,0.0008194514976611677,0.4521276595744681
전체,lv60+to20,+bbw20,60,전체,589,0.23126885848531487,-0.006362173207159351,-0.009085199541576357,-0.0034667724355200327,0.3310696095076401
전체,lv60+to20,+bbw20,60,강세,297,0.2102427896380457,-0.006601004032454118,-0.010988353663836688,-0.0023021246996794897,0.3333333333333333
전체,lv60+to20,+bbw20,60,조정,56,0.27594192669122847,-0.007854432874510691,-0.011736213156146882,-0.002731008462846451,0.25
전체,lv60+to20,+bbw20,60,반등,48,0.2606518992547378,-0.005991674823423156,-0.017398799418556793,0.007976362629342346,0.3958333333333333
전체,lv60+to20,+bbw20,60,약세,188,0.2436766492894399,-0.005634963770644012,-0.009218972186812242,-0.0022753430446936884,0.3351063829787234
전체,lv60+to20,+sma20gap,60,전체,589,0.23126885848531487,-0.027372944407751374,-0.034457229162482846,-0.020863447765984484,0.2614601018675722
전체,lv60+to20,+sma20gap,60,강세,297,0.2102427896380457,-0.02037667330408606,-0.030597760428227976,-0.009645068234322303,0.35353535353535354
전체,lv60+to20,+sma20gap,60,조정,56,0.27594192669122847,-0.024518938395212058,-0.03501117123157863,-0.011195447885319523,0.23214285714285715
전체,lv60+to20,+sma20gap,60,반등,48,0.2606518992547378,-0.035104766449835755,-0.05350580844118109,-0.0236429512538259,0.16666666666666666
전체,lv60+to20,+sma20gap,60,약세,188,0.2436766492894399,-0.03730161141025538,-0.04839301652052069,-0.02763068184694529,0.14893617021276595
전체,lv60+to20,+rsi14,60,전체,589,0.23126885848531487,-0.03350104423819388,-0.039986302998736914,-0.027113001850630154,0.17826825127334464
전체,lv60+to20,+rsi14,60,강세,297,0.2102427896380457,-0.037703596446585164,-0.04534596682629526,-0.02913260140884545,0.15151515151515152
전체,lv60+to20,+rsi14,60,조정,56,0.27594192669122847,-0.04826131770757013,-0.058647566859036486,-0.04076829548173048,0.017857142857142856
전체,lv60+to20,+rsi14,60,반등,48,0.2606518992547378,-0.030724945365481936,-0.0527737053397444,0.0013088704921943653,0.3541666666666667
전체,lv60+to20,+rsi14,60,약세,188,0.2436766492894399,-0.023174019906879454,-0.035809826073635434,-0.010013070028078006,0.22340425531914893
전체,lv60+to20,+dd52,60,전체,589,0.23126885848531487,0.008497268063776625,0.0009521074404400666,0.01605628109747554,0.5534804753820034
전체,lv60+to20,+dd52,60,강세,297,0.2102427896380457,0.020543440255353766,0.009763427438192697,0.03115718645408495,0.6464646464646465
전체,lv60+to20,+dd52,60,조정,56,0.27594192669122847,0.018975418188791036,0.005653704922107066,0.03790860035657751,0.7321428571428571
전체,lv60+to20,+dd52,60,반등,48,0.2606518992547378,-0.00968802090527332,-0.03152988324119239,0.004004349151124961,0.3958333333333333
전체,lv60+to20,+dd52,60,약세,188,0.2436766492894399,-0.009011219581887307,-0.019218154731475402,0.0005990915436902619,0.39361702127659576
전체,lv60+to20,+ev_buyback60,60,전체,589,0.23126885848531487,0.0006402122167546094,-0.0004046592659937784,0.0016825039299702114,0.5297113752122241
전체,lv60+to20,+ev_buyback60,60,강세,297,0.2102427896380457,0.0007633714502981975,-0.0001542674951977829,0.0016915657358669157,0.5858585858585859
전체,lv60+to20,+ev_buyback60,60,조정,56,0.27594192669122847,-0.0007821182365915091,-0.002821658030177457,0.0010753559686210632,0.4642857142857143
전체,lv60+to20,+ev_buyback60,60,반등,48,0.2606518992547378,-0.0006731770388215269,-0.005779592484176398,0.005864619147279485,0.3958333333333333
전체,lv60+to20,+ev_buyback60,60,약세,188,0.2436766492894399,0.0012046531598003086,-0.0014696290520351122,0.00391002427720586,0.4946808510638298
전체,lv60+to20,+ev_dilution60,60,전체,589,0.23126885848531487,0.00552064540243003,0.004182967851124362,0.00684334406373014,0.7232597623089984
전체,lv60+to20,+ev_dilution60,60,강세,297,0.2102427896380457,0.006349236994767625,0.0046573514471082225,0.008400864075792986,0.7845117845117845
전체,lv60+to20,+ev_dilution60,60,조정,56,0.27594192669122847,0.0045240455495040525,0.001930980335494041,0.0084418605720738,0.6964285714285714
전체,lv60+to20,+ev_dilution60,60,반등,48,0.2606518992547378,0.006274707388621507,0.0028411561851358286,0.010700363435038607,0.7708333333333334
전체,lv60+to20,+ev_dilution60,60,약세,188,0.2436766492894399,0.004315980048719382,0.0014115271966066761,0.00725615621828438,0.6223404255319149
전체,lv60+to20,cut:ev_dilution60,60,전체,589,0.23126885848531487,-0.0030302009841649525,-0.005836168692842977,-0.0007338577336961114,0.44142614601018676
전체,lv60+to20,cut:ev_dilution60,60,강세,297,0.2102427896380457,-0.005583037909536633,-0.00893859704091934,-0.0024371824305512604,0.3400673400673401
전체,lv60+to20,cut:ev_dilution60,60,조정,56,0.27594192669122847,0.0019158630595727932,-0.004259929747228991,0.0066796558678433255,0.6071428571428571
전체,lv60+to20,cut:ev_dilution60,60,반등,48,0.2606518992547378,0.0014685799874445335,-0.009234289418626166,0.009489610193361506,0.5833333333333334
전체,lv60+to20,cut:ev_dilution60,60,약세,188,0.2436766492894399,-0.001619182400394634,-0.00699303785439684,0.0034195865603641154,0.5159574468085106
전체,lv60+to20,+downvol60,60,전체,589,0.23126885848531487,-0.006255695499074562,-0.008538776122700204,-0.003690609508342428,0.32597623089983024
전체,lv60+to20,+downvol60,60,강세,297,0.2102427896380457,-0.005927935942680631,-0.009259025981860758,-0.0029256941461222523,0.3501683501683502
전체,lv60+to20,+downvol60,60,조정,56,0.27594192669122847,-0.006523877498626753,-0.013576302009717137,0.0013265261616654436,0.30357142857142855
전체,lv60+to20,+downvol60,60,반등,48,0.2606518992547378,-0.009799021411289046,-0.015132584977363943,-0.005406656766813955,0.20833333333333334
전체,lv60+to20,+downvol60,60,약세,188,0.2436766492894399,-0.005788922905924456,-0.009589310373078822,-0.002588463484739246,0.324468085106383
전체,lv60+to20,+hl_range20,60,전체,589,0.23126885848531487,0.003429930262185189,0.0017724847358092607,0.004897407987116717,0.634974533106961
전체,lv60+to20,+hl_range20,60,강세,297,0.2102427896380457,0.0025077664098324876,0.0006234401371510876,0.004499310211956714,0.632996632996633
전체,lv60+to20,+hl_range20,60,조정,56,0.27594192669122847,0.004099472528644187,0.0005867512504323593,0.006700219954120616,0.7678571428571429
전체,lv60+to20,+hl_range20,60,반등,48,0.2606518992547378,0.006402273234725304,0.0007068178652914364,0.014019930126074687,0.625
전체,lv60+to20,+hl_range20,60,약세,188,0.2436766492894399,0.003928418743808183,0.0005744102393460585,0.00690471249752759,0.601063829787234
전체,lv60+to20,+volvol20,60,전체,589,0.23126885848531487,0.0019586881622728385,-0.0028136808264508694,0.007691628977735852,0.5772495755517827
전체,lv60+to20,+volvol20,60,강세,297,0.2102427896380457,0.010734614273785841,0.004288820399357026,0.01719718972116808,0.7037037037037037
전체,lv60+to20,+volvol20,60,조정,56,0.27594192669122847,0.001846004123252181,-0.010622362080776139,0.01961150369322245,0.5535714285714286
전체,lv60+to20,+volvol20,60,반등,48,0.2606518992547378,-0.013472034213550423,-0.03168518095635048,0.006146505910291386,0.375
전체,lv60+to20,+volvol20,60,약세,188,0.2436766492894399,-0.007932083512698909,-0.017018136608467276,0.002033283603684428,0.43617021276595747
전체,lv60+to20,+gapfreq60,60,전체,589,0.23126885848531487,-0.016174763879740487,-0.02034686502266051,-0.012451997344675392,0.3157894736842105
전체,lv60+to20,+gapfreq60,60,강세,297,0.2102427896380457,-0.02114641424433669,-0.026105148388203755,-0.015380743941086152,0.24915824915824916
전체,lv60+to20,+gapfreq60,60,조정,56,0.27594192669122847,-0.025125490872110034,-0.039071742868500986,-0.013606093936331812,0.19642857142857142
전체,lv60+to20,+gapfreq60,60,반등,48,0.2606518992547378,-0.00907241226770905,-0.016897791005758667,-0.0009240282248218394,0.3125
전체,lv60+to20,+gapfreq60,60,약세,188,0.2436766492894399,-0.007467806472930608,-0.015242876476604706,-0.0018779132276772023,0.4574468085106383
전체,lv60+to20,+amihud20,60,전체,589,0.23126885848531487,-0.07698521375292375,-0.08531014011304243,-0.06978808328928411,0.01697792869269949
전체,lv60+to20,+amihud20,60,강세,297,0.2102427896380457,-0.08488984047738721,-0.09425097639837939,-0.07569693093879988,0.02356902356902357
전체,lv60+to20,+amihud20,60,조정,56,0.27594192669122847,-0.0973131815570378,-0.12216720553882955,-0.07720756128313462,0.0
전체,lv60+to20,+amihud20,60,반등,48,0.2606518992547378,-0.06911253178321629,-0.08813895937379021,-0.047145740725046334,0.0
전체,lv60+to20,+amihud20,60,약세,188,0.2436766492894399,-0.06045249247818927,-0.0726745888251588,-0.0502887211342924,0.015957446808510637
전체,lv60+to20,+beta60,60,전체,589,0.23126885848531487,-0.031035215173443948,-0.04183075718072968,-0.02158400699016116,0.39558573853989815
전체,lv60+to20,+beta60,60,강세,297,0.2102427896380457,-0.044921370483280605,-0.05981783466647702,-0.03094772279157218,0.3164983164983165
전체,lv60+to20,+beta60,60,조정,56,0.27594192669122847,-0.0335733957929334,-0.0743106597442927,-0.003695383083512205,0.35714285714285715
전체,lv60+to20,+beta60,60,반등,48,0.2606518992547378,-0.014263577421758475,-0.03802672632368384,0.012301288239154058,0.5
전체,lv60+to20,+beta60,60,약세,188,0.2436766492894399,-0.01262411076050782,-0.027430220448287714,0.0005754267848055709,0.5053191489361702
전체,lv60+to20,+skew60,60,전체,589,0.23126885848531487,-0.009833805079278425,-0.013508300594737297,-0.005629988649544698,0.34465195246179964
전체,lv60+to20,+skew60,60,강세,297,0.2102427896380457,-0.007050046595476534,-0.011906190952468379,-0.002031847038246044,0.41414141414141414
전체,lv60+to20,+skew60,60,조정,56,0.27594192669122847,-0.021518018151348062,-0.028345239344512597,-0.012155055379182433,0.19642857142857142
전체,lv60+to20,+skew60,60,반등,48,0.2606518992547378,-0.006041255111770792,-0.019329150719968238,0.011854547562951094,0.2916666666666667
전체,lv60+to20,+skew60,60,약세,188,0.2436766492894399,-0.011719457930840282,-0.018752898057027432,-0.002809080949551333,0.2925531914893617
전체,lv60+to20,+price_lvl,60,전체,589,0.23126885848531487,0.0056814199858634985,-0.0025754146028476384,0.014812736801910233,0.5415959252971138
전체,lv60+to20,+price_lvl,60,강세,297,0.2102427896380457,0.0189398855030172,0.008480526647280533,0.030659825042325357,0.6430976430976431
전체,lv60+to20,+price_lvl,60,조정,56,0.27594192669122847,0.0159511922005336,-0.0030271976500817243,0.04777393879616831,0.5714285714285714
전체,lv60+to20,+price_lvl,60,반등,48,0.2606518992547378,-0.016150076288096102,-0.04212533576727737,0.006196381755731967,0.3541666666666667
전체,lv60+to20,+price_lvl,60,약세,188,0.2436766492894399,-0.012749216617679669,-0.024527528090154276,0.0005567173245072533,0.42021276595744683
과매도프록시,lv60,+lv20,5,전체,644,0.0973742330232053,0.0012093368676454807,-0.0029921260087133372,0.004524218882923428,0.5341614906832298
과매도프록시,lv60,+lv20,5,강세,297,0.10685989461620264,0.0016206691951022266,-0.003769597015663797,0.006737372544696177,0.5218855218855218
과매도프록시,lv60,+lv20,5,조정,56,0.11959993681817584,-0.00624231191599471,-0.014612103883986175,0.0042238767188286465,0.5
과매도프록시,lv60,+lv20,5,반등,60,0.09034931710241215,0.002068130396331151,-0.004449660755960361,0.00856774622554214,0.5166666666666667
과매도프록시,lv60,+lv20,5,약세,231,0.08161498648471624,0.002263878075039666,-0.0030917969082771657,0.00764244872924816,0.5627705627705628
과매도프록시,lv60,+rv21,5,전체,644,0.0973742330232053,0.0013044650249881054,-0.0026563356825089943,0.004519756110362102,0.5388198757763976
과매도프록시,lv60,+rv21,5,강세,297,0.10685989461620264,0.0013120508303597115,-0.0038092268628177758,0.006316514617874938,0.5252525252525253
과매도프록시,lv60,+rv21,5,조정,56,0.11959993681817584,-0.004848346546749161,-0.01282314813782121,0.005470497181676762,0.5535714285714286
과매도프록시,lv60,+rv21,5,반등,60,0.09034931710241215,0.0020023387872631325,-0.003882196045513977,0.008352896261929699,0.5666666666666667
과매도프록시,lv60,+rv21,5,약세,231,0.08161498648471624,0.0026050366184314747,-0.002707210460876462,0.007806316537445076,0.5454545454545454
과매도프록시,lv60,+to20,5,전체,644,0.0973742330232053,0.004608318060788991,-0.0009938035962699435,0.010486666870571254,0.5698757763975155
과매도프록시,lv60,+to20,5,강세,297,0.10685989461620264,0.006107440886301744,-0.0013610852216169368,0.014037324497289123,0.5656565656565656
과매도프록시,lv60,+to20,5,조정,56,0.11959993681817584,-0.001501906406306456,-0.01672070661434679,0.010066245912483769,0.5
과매도프록시,lv60,+to20,5,반등,60,0.09034931710241215,-5.743074641185337e-05,-0.013744274991115153,0.015573406466852107,0.5333333333333333
과매도프록시,lv60,+to20,5,약세,231,0.08161498648471624,0.00537402377252972,-0.005197353495451418,0.014679659919770912,0.6017316017316018
과매도프록시,lv60,+nh252,5,전체,644,0.0973742330232053,0.0013602645213303466,-0.009053035006005107,0.01257693472784114,0.5124223602484472
과매도프록시,lv60,+nh252,5,강세,297,0.10685989461620264,0.01571215202925515,0.0010747017463754803,0.030270574734759585,0.5858585858585859
과매도프록시,lv60,+nh252,5,조정,56,0.11959993681817584,-0.006425812257431283,-0.026182509476385174,0.01769463352754573,0.4642857142857143
과매도프록시,lv60,+nh252,5,반등,60,0.09034931710241215,0.004583571977529478,-0.0169871670822351,0.02747535699507191,0.5333333333333333
과매도프록시,lv60,+nh252,5,약세,231,0.08161498648471624,-0.016041851225920577,-0.036842453907761426,0.005032307600057243,0.42424242424242425
과매도프록시,lv60,+dlow252,5,전체,644,0.0973742330232053,-0.022963592538787648,-0.02955743236464432,-0.016914704342649807,0.3167701863354037
과매도프록시,lv60,+dlow252,5,강세,297,0.10685989461620264,-0.034835823591590154,-0.04607406304573366,-0.0226840769581559,0.25252525252525254
과매도프록시,lv60,+dlow252,5,조정,56,0.11959993681817584,-0.023595774643619536,-0.035594419336244784,-0.007034209735054279,0.30357142857142855
과매도프록시,lv60,+dlow252,5,반등,60,0.09034931710241215,-0.017572521843462308,-0.031388456984976026,-0.008030799698599949,0.35
과매도프록시,lv60,+dlow252,5,약세,231,0.08161498648471624,-0.00894631730574257,-0.01727988782935532,0.0010199799296793926,0.3939393939393939
과매도프록시,lv60,+mom12_1,5,전체,644,0.0973742330232053,-0.01956575343590955,-0.035299218265903834,-0.004904932859359077,0.34316770186335405
과매도프록시,lv60,+mom12_1,5,강세,297,0.10685989461620264,-0.012071442944405097,-0.03129287336162877,0.006717327168051226,0.38047138047138046
과매도프록시,lv60,+mom12_1,5,조정,56,0.11959993681817584,-0.025355747534949704,-0.05272950999668174,0.0005645830445737759,0.2857142857142857
과매도프록시,lv60,+mom12_1,5,반등,60,0.09034931710241215,-0.011560903251615327,-0.05019939808726177,0.028296468424257485,0.35
과매도프록시,lv60,+mom12_1,5,약세,231,0.08161498648471624,-0.029876842429365086,-0.06076982223784831,-0.003288800947206348,0.30735930735930733
과매도프록시,lv60,+mom21,5,전체,644,0.0973742330232053,-0.018282064844046337,-0.025801954995829122,-0.011410687878880325,0.36180124223602483
과매도프록시,lv60,+mom21,5,강세,297,0.10685989461620264,-0.01403791145846589,-0.024389437646593792,-0.005024858954213556,0.37373737373737376
과매도프록시,lv60,+mom21,5,조정,56,0.11959993681817584,-0.027812291234705903,-0.05255703055665929,-0.0047362313775110125,0.32142857142857145
과매도프록시,lv60,+mom21,5,반등,60,0.09034931710241215,-0.02359790491054822,-0.04590962885037605,-0.006887895653829768,0.3333333333333333
과매도프록시,lv60,+mom21,5,약세,231,0.08161498648471624,-0.020047737890151716,-0.03247234084594674,-0.007537664474634657,0.36363636363636365
과매도프록시,lv60,+mom63,5,전체,644,0.0973742330232053,-0.01654521502347273,-0.031952316117278334,-0.0024565403645542584,0.4192546583850932
과매도프록시,lv60,+mom63,5,강세,297,0.10685989461620264,-7.674387834856312e-05,-0.01989580176254242,0.01829779233590218,0.47474747474747475
과매도프록시,lv60,+mom63,5,조정,56,0.11959993681817584,-0.025129658986029615,-0.06631463641586575,0.02876795947340334,0.39285714285714285
과매도프록시,lv60,+mom63,5,반등,60,0.09034931710241215,-0.0021562713861329923,-0.030158194485336614,0.022409799644358682,0.45
과매도프록시,lv60,+mom63,5,약세,231,0.08161498648471624,-0.03937527427212674,-0.06048717490812481,-0.017029444797182196,0.3463203463203463
과매도프록시,lv60,+ret5,5,전체,644,0.0973742330232053,-0.03642786339996329,-0.05106333044420152,-0.023430802555062594,0.36024844720496896
과매도프록시,lv60,+ret5,5,강세,297,0.10685989461620264,-0.04515527005879193,-0.0617537180426487,-0.02891126099286704,0.3265993265993266
과매도프록시,lv60,+ret5,5,조정,56,0.11959993681817584,-0.0246050408099299,-0.05030050034518045,0.007959954203182776,0.39285714285714285
과매도프록시,lv60,+ret5,5,반등,60,0.09034931710241215,-0.026787036467484395,-0.05922911638282171,0.00231350022240488,0.38333333333333336
과매도프록시,lv60,+ret5,5,약세,231,0.08161498648471624,-0.030577161682727345,-0.054593388131954856,0.00137116788964526,0.38961038961038963
과매도프록시,lv60,+upratio63,5,전체,644,0.0973742330232053,-0.01296974808390589,-0.024956430348356585,-0.0010158369272061005,0.4394409937888199
과매도프록시,lv60,+upratio63,5,강세,297,0.10685989461620264,0.0030440151662235204,-0.014231541541951371,0.018727110493272688,0.5218855218855218
과매도프록시,lv60,+upratio63,5,조정,56,0.11959993681817584,-0.0293697119986629,-0.06440596564921683,0.012422664632603397,0.39285714285714285
과매도프록시,lv60,+upratio63,5,반등,60,0.09034931710241215,0.00812563019906663,-0.020848589406922285,0.03304440366254351,0.48333333333333334
과매도프록시,lv60,+upratio63,5,약세,231,0.08161498648471624,-0.03506244246936213,-0.05399081007442295,-0.01557811408389382,0.3333333333333333
과매도프록시,lv60,+on60,5,전체,644,0.0973742330232053,-0.020622456219452037,-0.02824715832204135,-0.013197706613404086,0.33695652173913043
과매도프록시,lv60,+on60,5,강세,297,0.10685989461620264,-0.03427977715357597,-0.04435695525381264,-0.025002779430578985,0.24579124579124578
과매도프록시,lv60,+on60,5,조정,56,0.11959993681817584,-0.024054490606623322,-0.03761663509784621,-0.007232842227058234,0.30357142857142855
과매도프록시,lv60,+on60,5,반등,60,0.09034931710241215,-0.021592130360836632,-0.0402195764708586,-0.0011272884389980703,0.35
과매도프록시,lv60,+on60,5,약세,231,0.08161498648471624,-0.0019791718402335234,-0.013758908035752417,0.008680729082349384,0.4588744588744589
과매도프록시,lv60,cut:on60,5,전체,644,0.0973742330232053,-0.0029419365429927563,-0.006480479522178164,0.00035149179539153866,0.4549689440993789
과매도프록시,lv60,cut:on60,5,강세,297,0.10685989461620264,0.0005894001617057264,-0.0053198095351730595,0.006297890987463951,0.5084175084175084
과매도프록시,lv60,cut:on60,5,조정,56,0.11959993681817584,-0.005340575847850095,-0.011530588017726088,0.0022222392570621073,0.42857142857142855
과매도프록시,lv60,cut:on60,5,반등,60,0.09034931710241215,-0.0026025916133179676,-0.012142853083152286,0.004153680121227166,0.48333333333333334
과매도프록시,lv60,cut:on60,5,약세,231,0.08161498648471624,-0.006988879815737025,-0.01191507027101843,-0.0017307414939495532,0.3852813852813853
과매도프록시,lv60,+size,5,전체,644,0.0973742330232053,0.0012996619196539091,-0.00987293388149589,0.01426364127279049,0.5170807453416149
과매도프록시,lv60,+size,5,강세,297,0.10685989461620264,0.018360802642153683,0.0034443367271696644,0.03378952652389234,0.5589225589225589
과매도프록시,lv60,+size,5,조정,56,0.11959993681817584,-0.014889412986832782,-0.0573751261088982,0.014714427477501719,0.5
과매도프록시,lv60,+size,5,반등,60,0.09034931710241215,0.00645008326378402,-0.007350270382826021,0.0316889462289274,0.55
과매도프록시,lv60,+size,5,약세,231,0.08161498648471624,-0.018049237995787587,-0.03875337336671652,0.0005587865237674097,0.4588744588744589
과매도프록시,lv60,+amt20,5,전체,644,0.0973742330232053,-0.028141106522830785,-0.037130708815509915,-0.020404326495836147,0.33695652173913043
과매도프록시,lv60,+amt20,5,강세,297,0.10685989461620264,-0.04691206657814077,-0.05938586147344243,-0.03622816170445973,0.2053872053872054
과매도프록시,lv60,+amt20,5,조정,56,0.11959993681817584,-0.033072345304447866,-0.04984670698521184,-0.00982393756658439,0.2857142857142857
과매도프록시,lv60,+amt20,5,반등,60,0.09034931710241215,-0.027862056559966826,-0.0479057980604624,-0.015875485765995432,0.38333333333333336
과매도프록시,lv60,+amt20,5,약세,231,0.08161498648471624,-0.0028840437071347537,-0.016687367193110075,0.009957480780419883,0.5064935064935064
과매도프록시,lv60,+max5_21,5,전체,644,0.0973742330232053,-0.0022106549777118315,-0.006785282412458139,0.0016429677453758192,0.47360248447204967
과매도프록시,lv60,+max5_21,5,강세,297,0.10685989461620264,-0.0021490738034183206,-0.008537943988357468,0.004199439183812514,0.4983164983164983
과매도프록시,lv60,+max5_21,5,조정,56,0.11959993681817584,-0.01018905339740857,-0.018581335969115865,0.0018039107508120624,0.3392857142857143
과매도프록시,lv60,+max5_21,5,반등,60,0.09034931710241215,0.0010569003159884424,-0.008943390079895632,0.010960860508100008,0.43333333333333335
과매도프록시,lv60,+max5_21,5,약세,231,0.08161498648471624,-0.001204389241279676,-0.00798050324590926,0.005125808799066304,0.48484848484848486
과매도프록시,lv60,+bbw20,5,전체,644,0.0973742330232053,-0.005947541425179915,-0.010768868008697023,-0.0012541674792824612,0.43167701863354035
과매도프록시,lv60,+bbw20,5,강세,297,0.10685989461620264,-0.005332060142021347,-0.010626244001987006,-0.0010996585095031247,0.4175084175084175
과매도프록시,lv60,+bbw20,5,조정,56,0.11959993681817584,-0.011481389861400763,-0.028307227707060456,0.004050376560218588,0.42857142857142855
과매도프록시,lv60,+bbw20,5,반등,60,0.09034931710241215,-0.00889886171862689,-0.017185445162437404,0.001104911582828355,0.38333333333333336
과매도프록시,lv60,+bbw20,5,약세,231,0.08161498648471624,-0.004630758789088615,-0.012845451747596921,0.005295196833489753,0.46320346320346323
과매도프록시,lv60,+sma20gap,5,전체,644,0.0973742330232053,-0.016092685528247976,-0.022048927457826644,-0.00982036230739884,0.34627329192546585
과매도프록시,lv60,+sma20gap,5,강세,297,0.10685989461620264,-0.015041445240041024,-0.022651813684289777,-0.009270043920322484,0.3468013468013468
과매도프록시,lv60,+sma20gap,5,조정,56,0.11959993681817584,-0.027259789048753456,-0.04401712789164461,-0.011059389006619721,0.26785714285714285
과매도프록시,lv60,+sma20gap,5,반등,60,0.09034931710241215,-0.020056486962152065,-0.0420289656983819,-0.002205846787798723,0.38333333333333336
과매도프록시,lv60,+sma20gap,5,약세,231,0.08161498648471624,-0.013707544759481358,-0.025180164941509854,-0.003873403686107158,0.354978354978355
과매도프록시,lv60,+rsi14,5,전체,644,0.0973742330232053,-0.025058077714986637,-0.035017859042893576,-0.015975895841752644,0.33540372670807456
과매도프록시,lv60,+rsi14,5,강세,297,0.10685989461620264,-0.03993032914108681,-0.05045303867788629,-0.02820501484089464,0.24242424242424243
과매도프록시,lv60,+rsi14,5,조정,56,0.11959993681817584,-0.025702259759365714,-0.04558563179048517,-0.00437329510944678,0.30357142857142855
과매도프록시,lv60,+rsi14,5,반등,60,0.09034931710241215,-0.020746453628324567,-0.04501984831748348,0.0056746188557092415,0.36666666666666664
과매도프록시,lv60,+rsi14,5,약세,231,0.08161498648471624,-0.006900348611795058,-0.027591766936836907,0.016467745000466178,0.45454545454545453
과매도프록시,lv60,+dd52,5,전체,644,0.0973742330232053,0.0013602645213303466,-0.009053035006005107,0.01257693472784114,0.5124223602484472
과매도프록시,lv60,+dd52,5,강세,297,0.10685989461620264,0.01571215202925515,0.0010747017463754803,0.030270574734759585,0.5858585858585859
과매도프록시,lv60,+dd52,5,조정,56,0.11959993681817584,-0.006425812257431283,-0.026182509476385174,0.01769463352754573,0.4642857142857143
과매도프록시,lv60,+dd52,5,반등,60,0.09034931710241215,0.004583571977529478,-0.0169871670822351,0.02747535699507191,0.5333333333333333
과매도프록시,lv60,+dd52,5,약세,231,0.08161498648471624,-0.016041851225920577,-0.036842453907761426,0.005032307600057243,0.42424242424242425
과매도프록시,lv60,+ev_buyback60,5,전체,644,0.0973742330232053,0.00029901268527734683,-0.0014876180983511963,0.002142817303385185,0.5046583850931677
과매도프록시,lv60,+ev_buyback60,5,강세,297,0.10685989461620264,0.0002339369853773792,-0.0023124212433502894,0.002546323744782446,0.5016835016835017
과매도프록시,lv60,+ev_buyback60,5,조정,56,0.11959993681817584,-0.00021889927105861833,-0.004632595266203688,0.0034228919495407485,0.5
과매도프록시,lv60,+ev_buyback60,5,반등,60,0.09034931710241215,1.2591327347004355e-05,-0.0069457824664475734,0.008087608604841208,0.4666666666666667
과매도프록시,lv60,+ev_buyback60,5,약세,231,0.08161498648471624,0.0005826310138527798,-0.0018828769347626645,0.003393131966651024,0.5194805194805194
과매도프록시,lv60,+ev_dilution60,5,전체,644,0.0973742330232053,0.0025839762725688013,-0.0007057260157823433,0.00549390625867584,0.5372670807453416
과매도프록시,lv60,+ev_dilution60,5,강세,297,0.10685989461620264,0.0022363815435049545,-0.002859959863131641,0.007069858397084609,0.5151515151515151
과매도프록시,lv60,+ev_dilution60,5,조정,56,0.11959993681817584,0.004165440873531854,-0.005264102634971078,0.012274394615887588,0.5357142857142857
과매도프록시,lv60,+ev_dilution60,5,반등,60,0.09034931710241215,0.0016234988982707563,-0.005830422497107872,0.007933968333580082,0.5666666666666667
과매도프록시,lv60,+ev_dilution60,5,약세,231,0.08161498648471624,0.0028969730662307663,-0.0011988780848643664,0.005761755423129474,0.5584415584415584
과매도프록시,lv60,cut:ev_dilution60,5,전체,644,0.0973742330232053,-0.002916534614337372,-0.006728653527059222,0.00036661482537794234,0.46273291925465837
과매도프록시,lv60,cut:ev_dilution60,5,강세,297,0.10685989461620264,-0.006038022662860204,-0.011369032164911566,-6.99089581863571e-05,0.43097643097643096
과매도프록시,lv60,cut:ev_dilution60,5,조정,56,0.11959993681817584,-0.007598708713025224,-0.0178069043337854,0.0023761350948444913,0.39285714285714285
과매도프록시,lv60,cut:ev_dilution60,5,반등,60,0.09034931710241215,0.009105680796319345,-0.0006190411290002516,0.02337802215551669,0.5166666666666667
과매도프록시,lv60,cut:ev_dilution60,5,약세,231,0.08161498648471624,-0.0008907736823096756,-0.006353387631692106,0.004724460500135369,0.5064935064935064
과매도프록시,lv60,+downvol60,5,전체,644,0.0973742330232053,-0.0012894242120376088,-0.004086618213297302,0.00104762885294728,0.4953416149068323
과매도프록시,lv60,+downvol60,5,강세,297,0.10685989461620264,0.001006535377708226,-0.0017822586625978942,0.004029929542910892,0.5488215488215489
과매도프록시,lv60,+downvol60,5,조정,56,0.11959993681817584,-0.0006334770050007637,-0.006414947980865442,0.005073780279984505,0.42857142857142855
과매도프록시,lv60,+downvol60,5,반등,60,0.09034931710241215,-0.0028444198610878546,-0.00745920931425746,0.0017998017846345491,0.4166666666666667
과매도프록시,lv60,+downvol60,5,약세,231,0.08161498648471624,-0.003996494786953459,-0.008481059113179857,0.00048524939241820984,0.46320346320346323
과매도프록시,lv60,+hl_range20,5,전체,644,0.0973742330232053,0.010411094380101094,0.006588264587677722,0.014127264120492287,0.6521739130434783
과매도프록시,lv60,+hl_range20,5,강세,297,0.10685989461620264,0.013051035974866463,0.007455107644484107,0.018537649871276946,0.6666666666666666
과매도프록시,lv60,+hl_range20,5,조정,56,0.11959993681817584,0.00843669057181635,-0.000520245023821737,0.01703690036319923,0.6428571428571429
과매도프록시,lv60,+hl_range20,5,반등,60,0.09034931710241215,0.00765945665755508,0.0014499069577441036,0.016421189225827512,0.6
과매도프록시,lv60,+hl_range20,5,약세,231,0.08161498648471624,0.008210238202488073,0.0028372865780316938,0.012760234456267745,0.6493506493506493
과매도프록시,lv60,+volvol20,5,전체,644,0.0973742330232053,-0.004932985366223984,-0.015362999938149902,0.005559282927615051,0.4720496894409938
과매도프록시,lv60,+volvol20,5,강세,297,0.10685989461620264,0.00039249297601822656,-0.01233276505798481,0.012125737356707831,0.494949494949495
과매도프록시,lv60,+volvol20,5,조정,56,0.11959993681817584,-0.015469163795941232,-0.040547796073865834,0.015185912670335618,0.39285714285714285
과매도프록시,lv60,+volvol20,5,반등,60,0.09034931710241215,-0.010006231193926081,-0.025324184769698208,0.009354152736353706,0.4
과매도프록시,lv60,+volvol20,5,약세,231,0.08161498648471624,-0.007908077686222446,-0.028349942352451186,0.011443378689200878,0.4805194805194805
과매도프록시,lv60,+gapfreq60,5,전체,644,0.0973742330232053,-0.005365420607066896,-0.010367380808877702,-0.00046956166122159426,0.4984472049689441
과매도프록시,lv60,+gapfreq60,5,강세,297,0.10685989461620264,-0.008992727698940627,-0.016479168706198356,-0.0020921125600526446,0.4444444444444444
과매도프록시,lv60,+gapfreq60,5,조정,56,0.11959993681817584,-0.006950387700942745,-0.016601128020499914,0.004813423731591737,0.44642857142857145
과매도프록시,lv60,+gapfreq60,5,반등,60,0.09034931710241215,-0.001507233770580379,-0.014616170703160273,0.011465790313631463,0.5833333333333334
과매도프록시,lv60,+gapfreq60,5,약세,231,0.08161498648471624,-0.0013196320644073547,-0.009310318973762912,0.00672651207399649,0.5584415584415584
과매도프록시,lv60,+amihud20,5,전체,644,0.0973742330232053,-0.049559322589668386,-0.06304819599282202,-0.03915797607592639,0.265527950310559
과매도프록시,lv60,+amihud20,5,강세,297,0.10685989461620264,-0.07480763305781692,-0.0915965435082453,-0.060528843251178126,0.15151515151515152
과매도프록시,lv60,+amihud20,5,조정,56,0.11959993681817584,-0.04983737527138542,-0.07237305440517744,-0.019429234887301753,0.21428571428571427
과매도프록시,lv60,+amihud20,5,반등,60,0.09034931710241215,-0.05229935586958367,-0.08703354848878614,-0.03496404007334382,0.3
과매도프록시,lv60,+amihud20,5,약세,231,0.08161498648471624,-0.016318105464078837,-0.03641320027862897,0.0025361463310098926,0.4155844155844156
과매도프록시,lv60,+beta60,5,전체,644,0.0973742330232053,-0.018110143634455296,-0.02969712541328592,-0.0069352882747270965,0.4301242236024845
과매도프록시,lv60,+beta60,5,강세,297,0.10685989461620264,-0.024190329818242245,-0.03939569480380572,-0.007633533539949606,0.4208754208754209
과매도프록시,lv60,+beta60,5,조정,56,0.11959993681817584,-0.021998748534443145,-0.05158085293207338,0.0056609562659130225,0.375
과매도프록시,lv60,+beta60,5,반등,60,0.09034931710241215,-0.00930509599509663,-0.03702001906242802,0.01548933665316233,0.4666666666666667
과매도프록시,lv60,+beta60,5,약세,231,0.08161498648471624,-0.011637094662063419,-0.034967724921344964,0.011808695119984404,0.4458874458874459
과매도프록시,lv60,+skew60,5,전체,644,0.0973742330232053,-0.018169982853711696,-0.02491002346478219,-0.01119437924449185,0.35248447204968947
과매도프록시,lv60,+skew60,5,강세,297,0.10685989461620264,-0.01905875500676827,-0.027550665546541772,-0.01243148424363945,0.31986531986531985
과매도프록시,lv60,+skew60,5,조정,56,0.11959993681817584,-0.027748500974430507,-0.04006252628328193,-0.013448552945451867,0.25
과매도프록시,lv60,+skew60,5,반등,60,0.09034931710241215,-0.014803817123470278,-0.037394989709114326,0.004713292691927981,0.4166666666666667
과매도프록시,lv60,+skew60,5,약세,231,0.08161498648471624,-0.015579539561921348,-0.02866594982072718,-0.0012689675290061915,0.4025974025974026
과매도프록시,lv60,+price_lvl,5,전체,644,0.0973742330232053,-0.008942767999822673,-0.02154148901304986,0.006159540182391938,0.4720496894409938
과매도프록시,lv60,+price_lvl,5,강세,297,0.10685989461620264,0.00364854017255177,-0.013879958688308845,0.020101810596473774,0.5050505050505051
과매도프록시,lv60,+price_lvl,5,조정,56,0.11959993681817584,-0.021307746030095078,-0.06634254548155329,0.01806662676429866,0.3392857142857143
과매도프록시,lv60,+price_lvl,5,반등,60,0.09034931710241215,-0.00237467017007049,-0.01872613322855812,0.026765661024597997,0.48333333333333334
과매도프록시,lv60,+price_lvl,5,약세,231,0.08161498648471624,-0.02384002179759361,-0.046873755399339495,-0.0021204078761022263,0.4588744588744589
과매도프록시,lv60,+lv20,20,전체,629,0.1348209462635672,0.004734985988387542,0.0005939530990008377,0.009370405030235979,0.5802861685214626
과매도프록시,lv60,+lv20,20,강세,297,0.15899264035615587,0.0023720525205136126,-0.004057667848475864,0.009680612672130922,0.5387205387205387
과매도프록시,lv60,+lv20,20,조정,56,0.09502359066412858,0.0035156525618779506,-0.007241583502650036,0.012005045206486093,0.5535714285714286
과매도프록시,lv60,+lv20,20,반등,48,0.11655914246910352,0.0047471721675355905,-0.002837061801834541,0.0150768948415648,0.5
과매도프록시,lv60,+lv20,20,약세,228,0.11695351358902328,0.008109937634194504,0.002618049460793331,0.013167518365482401,0.6578947368421053
과매도프록시,lv60,+rv21,20,전체,629,0.1348209462635672,0.005044416994213235,0.0008590365484817113,0.00978050234282472,0.5850556438791733
과매도프록시,lv60,+rv21,20,강세,297,0.15899264035615587,0.002947882780033556,-0.003307780520627048,0.010079060713274805,0.5521885521885522
과매도프록시,lv60,+rv21,20,조정,56,0.09502359066412858,0.004036194776920881,-0.005880221456046416,0.012299246922634071,0.5535714285714286
과매도프록시,lv60,+rv21,20,반등,48,0.11655914246910352,0.004204730570798892,-0.003703124721362119,0.013895960832845495,0.5
과매도프록시,lv60,+rv21,20,약세,228,0.11695351358902328,0.008199838284141414,0.0029999078894214796,0.013240428004599625,0.6535087719298246
과매도프록시,lv60,+to20,20,전체,629,0.1348209462635672,0.014947501663355815,0.00885957360374245,0.022190736495563988,0.6724960254372019
과매도프록시,lv60,+to20,20,강세,297,0.15899264035615587,0.02903275478421359,0.020918467785876464,0.03743249804334988,0.7744107744107744
과매도프록시,lv60,+to20,20,조정,56,0.09502359066412858,0.006498590594204434,-0.013055076380285522,0.021475519254433455,0.6607142857142857
과매도프록시,lv60,+to20,20,반등,48,0.11655914246910352,-0.009566561146126357,-0.03298151518269999,0.00922417314910698,0.5416666666666666
과매도프록시,lv60,+to20,20,약세,228,0.11695351358902328,0.0038356326187631105,-0.006137992200898217,0.013553250569758722,0.5701754385964912
과매도프록시,lv60,+nh252,20,전체,629,0.1348209462635672,-0.002467478482778336,-0.011875064826990116,0.006367879465659919,0.4594594594594595
과매도프록시,lv60,+nh252,20,강세,297,0.15899264035615587,0.005240316399809331,-0.008495192494509696,0.01817453386688184,0.5286195286195287
과매도프록시,lv60,+nh252,20,조정,56,0.09502359066412858,0.022533662424302908,0.0012694514301719508,0.05383610331198156,0.5892857142857143
과매도프록시,lv60,+nh252,20,반등,48,0.11655914246910352,-0.008619405369149772,-0.027904725187445547,0.010867866174899259,0.3958333333333333
과매도프록시,lv60,+nh252,20,약세,228,0.11695351358902328,-0.017353384098476834,-0.033054321132088844,-0.0012956294764329477,0.3508771929824561
과매도프록시,lv60,+dlow252,20,전체,629,0.1348209462635672,-0.03271558160112264,-0.041806556211217344,-0.02403715273359007,0.2702702702702703
과매도프록시,lv60,+dlow252,20,강세,297,0.15899264035615587,-0.04475723323990054,-0.05927988980645178,-0.030200115161097274,0.23232323232323232
과매도프록시,lv60,+dlow252,20,조정,56,0.09502359066412858,-0.03699838471858046,-0.05823429006348302,-0.0168592628153506,0.19642857142857142
과매도프록시,lv60,+dlow252,20,반등,48,0.11655914246910352,-0.032006176401071305,-0.05094113060473063,-0.015255995656761874,0.20833333333333334
과매도프록시,lv60,+dlow252,20,약세,228,0.11695351358902328,-0.016127177821770852,-0.02831474498170376,-0.005260955880589138,0.3508771929824561
과매도프록시,lv60,+mom12_1,20,전체,629,0.1348209462635672,-0.027142576588517695,-0.045153979069726215,-0.008630178159491924,0.3179650238473768
과매도프록시,lv60,+mom12_1,20,강세,297,0.15899264035615587,-0.028166540052231896,-0.0512837029320475,-0.0024437000554087913,0.2962962962962963
과매도프록시,lv60,+mom12_1,20,조정,56,0.09502359066412858,0.0031642858693310136,-0.023613590971678047,0.04003123608014016,0.39285714285714285
과매도프록시,lv60,+mom12_1,20,반등,48,0.11655914246910352,-0.023507749335272218,-0.04750822261636996,0.0014435455076178406,0.25
과매도프록시,lv60,+mom12_1,20,약세,228,0.11695351358902328,-0.034017747014272924,-0.07138364352188305,-0.007262552610542655,0.34210526315789475
과매도프록시,lv60,+mom21,20,전체,629,0.1348209462635672,-0.03077693628911666,-0.03840705089475836,-0.023975300904358513,0.2527821939586645
과매도프록시,lv60,+mom21,20,강세,297,0.15899264035615587,-0.030687895427035403,-0.03953487942713939,-0.02243822492989513,0.25925925925925924
과매도프록시,lv60,+mom21,20,조정,56,0.09502359066412858,-0.010163104614880446,-0.03144265594167784,0.019669671745548522,0.5
과매도프록시,lv60,+mom21,20,반등,48,0.11655914246910352,-0.03877539436360591,-0.061689522354505,-0.019119280176481707,0.2708333333333333
과매도프록시,lv60,+mom21,20,약세,228,0.11695351358902328,-0.03427208419358981,-0.043382913780682146,-0.025458805846337224,0.17982456140350878
과매도프록시,lv60,+mom63,20,전체,629,0.1348209462635672,-0.01812232351753591,-0.028798704673389654,-0.006268507133569303,0.397456279809221
과매도프록시,lv60,+mom63,20,강세,297,0.15899264035615587,-0.0032078796715396237,-0.01709784915443922,0.010973171057576206,0.48148148148148145
과매도프록시,lv60,+mom63,20,조정,56,0.09502359066412858,-0.007354082446170496,-0.0344172041912902,0.03258047733688027,0.4642857142857143
과매도프록시,lv60,+mom63,20,반등,48,0.11655914246910352,-0.0019204534797296335,-0.026588317839703494,0.018173016973469406,0.3958333333333333
과매도프록시,lv60,+mom63,20,약세,228,0.11695351358902328,-0.043606100202062494,-0.062477528181064126,-0.02624808482021213,0.2719298245614035
과매도프록시,lv60,+ret5,20,전체,629,0.1348209462635672,-0.062295114852802314,-0.07964696516548087,-0.045446696957559936,0.2766295707472178
과매도프록시,lv60,+ret5,20,강세,297,0.15899264035615587,-0.07347177684941263,-0.09042784586916092,-0.05744974605376383,0.2053872053872054
과매도프록시,lv60,+ret5,20,조정,56,0.09502359066412858,-0.01450409842620123,-0.04075475638183504,0.019327463119487846,0.375
과매도프록시,lv60,+ret5,20,반등,48,0.11655914246910352,-0.07490405787469058,-0.12049496757786894,-0.04178091219734415,0.2916666666666667
과매도프록시,lv60,+ret5,20,약세,228,0.11695351358902328,-0.05681967205388021,-0.09333881239214149,-0.03156666444978399,0.34210526315789475
과매도프록시,lv60,+upratio63,20,전체,629,0.1348209462635672,-0.018781491275086604,-0.03200367224919117,-0.005546858480169467,0.3783783783783784
과매도프록시,lv60,+upratio63,20,강세,297,0.15899264035615587,-0.00010983661687700504,-0.015277554545621757,0.016954632762792517,0.4208754208754209
과매도프록시,lv60,+upratio63,20,조정,56,0.09502359066412858,-0.029089311647443803,-0.060613644998476546,0.014185440143876802,0.39285714285714285
과매도프록시,lv60,+upratio63,20,반등,48,0.11655914246910352,0.012982751579390118,-0.018352568885125393,0.03642122489239799,0.5625
과매도프록시,lv60,+upratio63,20,약세,228,0.11695351358902328,-0.047259241931451215,-0.0699759636385389,-0.027444991219834406,0.2807017543859649
과매도프록시,lv60,+on60,20,전체,629,0.1348209462635672,-0.03205995078225431,-0.041958869507084134,-0.023381733512475966,0.2559618441971383
과매도프록시,lv60,+on60,20,강세,297,0.15899264035615587,-0.055323015949051965,-0.06790949843859731,-0.04350285555587823,0.12121212121212122
과매도프록시,lv60,+on60,20,조정,56,0.09502359066412858,-0.03956816911262779,-0.07051469386787902,-0.011595916063590611,0.25
과매도프록시,lv60,+on60,20,반등,48,0.11655914246910352,-0.0053900289701710275,-0.03908201898643471,0.031242256462107012,0.4166666666666667
과매도프록시,lv60,+on60,20,약세,228,0.11695351358902328,-0.005527344053921762,-0.017173870644952346,0.006223209685652444,0.3991228070175439
과매도프록시,lv60,cut:on60,20,전체,629,0.1348209462635672,-0.004390787430340413,-0.008059995087331424,-0.000452151721648749,0.4276629570747218
과매도프록시,lv60,cut:on60,20,강세,297,0.15899264035615587,-0.0032378722112827367,-0.00887200518334616,0.002440833625831069,0.4175084175084175
과매도프록시,lv60,cut:on60,20,조정,56,0.09502359066412858,-0.002659182366381536,-0.009841091784977746,0.0037207142192935186,0.5
과매도프록시,lv60,cut:on60,20,반등,48,0.11655914246910352,-0.010349206262901384,-0.0219460854502888,0.0016821173467985893,0.3541666666666667
과매도프록시,lv60,cut:on60,20,약세,228,0.11695351358902328,-0.005063513744721555,-0.009930906615273278,-0.00016221241835734273,0.43859649122807015
과매도프록시,lv60,+size,20,전체,629,0.1348209462635672,0.008347766954955945,-0.006435895053377493,0.024364041319581024,0.5453100158982512
과매도프록시,lv60,+size,20,강세,297,0.15899264035615587,0.04565592318152202,0.028424527176922277,0.06610665340237026,0.6801346801346801
과매도프록시,lv60,+size,20,조정,56,0.09502359066412858,-0.021499848594342817,-0.07978004785991458,0.024018680403328666,0.5178571428571429
과매도프록시,lv60,+size,20,반등,48,0.11655914246910352,-0.013329028070965329,-0.04867800568379169,0.015447460525639493,0.4583333333333333
과매도프록시,lv60,+size,20,약세,228,0.11695351358902328,-0.0283564864103299,-0.054521484962497216,-0.006951235512445539,0.39473684210526316
과매도프록시,lv60,+amt20,20,전체,629,0.1348209462635672,-0.03827790158857286,-0.048409555098926,-0.028678171944956615,0.27821939586645467
과매도프록시,lv60,+amt20,20,강세,297,0.15899264035615587,-0.0699840313764789,-0.0869737130077443,-0.05741367870596817,0.13468013468013468
과매도프록시,lv60,+amt20,20,조정,56,0.09502359066412858,-0.00961272587689799,-0.028607379604998085,0.021705008067990642,0.35714285714285715
과매도프록시,lv60,+amt20,20,반등,48,0.11655914246910352,-0.028573769358267196,-0.05311817711220385,-0.006958331122457123,0.3125
과매도프록시,lv60,+amt20,20,약세,228,0.11695351358902328,-0.006060040360065698,-0.019443305489874753,0.00643736911592697,0.43859649122807015
과매도프록시,lv60,+max5_21,20,전체,629,0.1348209462635672,-0.00044876902033460223,-0.005094917832355093,0.00497071053811329,0.505564387917329
과매도프록시,lv60,+max5_21,20,강세,297,0.15899264035615587,-0.00172049929425209,-0.008878582140268362,0.00599610900718131,0.494949494949495
과매도프록시,lv60,+max5_21,20,조정,56,0.09502359066412858,-0.008055107944801113,-0.02295817777326646,0.0018141957787891937,0.375
과매도프록시,lv60,+max5_21,20,반등,48,0.11655914246910352,0.004208012624769494,-0.005876158343431343,0.01578007314829302,0.5625
과매도프록시,lv60,+max5_21,20,약세,228,0.11695351358902328,0.0020956755066768975,-0.0036880873141663336,0.008120334147240449,0.5394736842105263
과매도프록시,lv60,+bbw20,20,전체,629,0.1348209462635672,-0.0015828897560276355,-0.006789312842876024,0.0032912544943493076,0.5087440381558028
과매도프록시,lv60,+bbw20,20,강세,297,0.15899264035615587,-0.0015394345101016954,-0.008245246235031199,0.005792623474060419,0.5151515151515151
과매도프록시,lv60,+bbw20,20,조정,56,0.09502359066412858,0.009568319552841561,-0.0034442905976672105,0.026112855823208013,0.6607142857142857
과매도프록시,lv60,+bbw20,20,반등,48,0.11655914246910352,-0.0032941259540782883,-0.021523785042932165,0.012764242615760861,0.5416666666666666
과매도프록시,lv60,+bbw20,20,약세,228,0.11695351358902328,-0.0040181291938795995,-0.010092059766806367,0.0018798833790912984,0.45614035087719296
과매도프록시,lv60,+sma20gap,20,전체,629,0.1348209462635672,-0.014702531846139606,-0.020812509580813418,-0.009184079666732254,0.35930047694753575
과매도프록시,lv60,+sma20gap,20,강세,297,0.15899264035615587,-0.015098035935579736,-0.023532017463609337,-0.007543014236414034,0.39057239057239057
과매도프록시,lv60,+sma20gap,20,조정,56,0.09502359066412858,-0.005896788358035319,-0.022115517670323166,0.01457838154870547,0.5535714285714286
과매도프록시,lv60,+sma20gap,20,반등,48,0.11655914246910352,-0.014386700701456421,-0.028522789733156802,-0.003794541798115721,0.3541666666666667
과매도프록시,lv60,+sma20gap,20,약세,228,0.11695351358902328,-0.016416640686994482,-0.025341061484962173,-0.006287506144839861,0.2719298245614035
과매도프록시,lv60,+rsi14,20,전체,629,0.1348209462635672,-0.03304009702395571,-0.04455668776700186,-0.02097162459718894,0.2845786963434022
과매도프록시,lv60,+rsi14,20,강세,297,0.15899264035615587,-0.054010980361508046,-0.06579052207029741,-0.04066947025049295,0.16835016835016836
과매도프록시,lv60,+rsi14,20,조정,56,0.09502359066412858,-0.028796415568168112,-0.05648297217528648,0.002112972877787255,0.30357142857142855
과매도프록시,lv60,+rsi14,20,반등,48,0.11655914246910352,-0.0258268321051725,-0.046838158852442836,-0.006351671496423716,0.3333333333333333
과매도프록시,lv60,+rsi14,20,약세,228,0.11695351358902328,-0.008283651964186659,-0.032149445619942596,0.012678506875350205,0.42105263157894735
과매도프록시,lv60,+dd52,20,전체,629,0.1348209462635672,-0.002467478482778336,-0.011875064826990116,0.006367879465659919,0.4594594594594595
과매도프록시,lv60,+dd52,20,강세,297,0.15899264035615587,0.005240316399809331,-0.008495192494509696,0.01817453386688184,0.5286195286195287
과매도프록시,lv60,+dd52,20,조정,56,0.09502359066412858,0.022533662424302908,0.0012694514301719508,0.05383610331198156,0.5892857142857143
과매도프록시,lv60,+dd52,20,반등,48,0.11655914246910352,-0.008619405369149772,-0.027904725187445547,0.010867866174899259,0.3958333333333333
과매도프록시,lv60,+dd52,20,약세,228,0.11695351358902328,-0.017353384098476834,-0.033054321132088844,-0.0012956294764329477,0.3508771929824561
과매도프록시,lv60,+ev_buyback60,20,전체,629,0.1348209462635672,-0.0009595639565009131,-0.0029638201583278016,0.000890754838817251,0.4626391096979332
과매도프록시,lv60,+ev_buyback60,20,강세,297,0.15899264035615587,0.0006180513616095524,-0.002309292809455629,0.0034892160496674224,0.5050505050505051
과매도프록시,lv60,+ev_buyback60,20,조정,56,0.09502359066412858,2.9190945210611288e-05,-0.004855108400680578,0.003262301013056296,0.5178571428571429
과매도프록시,lv60,+ev_buyback60,20,반등,48,0.11655914246910352,-0.002558785750346629,-0.007627932759971296,0.0013452498587990518,0.4375
과매도프록시,lv60,+ev_buyback60,20,약세,228,0.11695351358902328,-0.002920789298036261,-0.005952559909000261,-3.549774519478314e-05,0.3991228070175439
과매도프록시,lv60,+ev_dilution60,20,전체,629,0.1348209462635672,0.005051335338759253,0.0016015306969456374,0.008853091415557493,0.5850556438791733
과매도프록시,lv60,+ev_dilution60,20,강세,297,0.15899264035615587,0.003812221705174752,-0.0013699248035704788,0.009624449655558653,0.5488215488215489
과매도프록시,lv60,+ev_dilution60,20,조정,56,0.09502359066412858,0.010007491757611857,-0.0009703799887217659,0.021010812187446604,0.625
과매도프록시,lv60,+ev_dilution60,20,반등,48,0.11655914246910352,-0.00122632965943706,-0.008883340543058397,0.006296020431702133,0.5
과매도프록시,lv60,+ev_dilution60,20,약세,228,0.11695351358902328,0.006769755995041156,0.002787585578146596,0.010372118392423685,0.6403508771929824
과매도프록시,lv60,cut:ev_dilution60,20,전체,629,0.1348209462635672,-0.0013958147156466806,-0.0053505430874567226,0.0032558210953532386,0.47217806041335453
과매도프록시,lv60,cut:ev_dilution60,20,강세,297,0.15899264035615587,-0.0005955552340554565,-0.007610601467183379,0.006061641193143855,0.49158249158249157
과매도프록시,lv60,cut:ev_dilution60,20,조정,56,0.09502359066412858,-0.004825237199760761,-0.01406507427876151,0.0025510948203840457,0.44642857142857145
과매도프록시,lv60,cut:ev_dilution60,20,반등,48,0.11655914246910352,0.0101426907172612,-0.004690416610567356,0.02522873713633867,0.5833333333333334
과매도프록시,lv60,cut:ev_dilution60,20,약세,228,0.11695351358902328,-0.0040251027318825745,-0.008889442176367078,0.0009953591684413008,0.4298245614035088
과매도프록시,lv60,+downvol60,20,전체,629,0.1348209462635672,-0.0004385422447129465,-0.0028037311850119106,0.0022794087348402734,0.48330683624801274
과매도프록시,lv60,+downvol60,20,강세,297,0.15899264035615587,7.625529770536354e-05,-0.0036254431111175447,0.004237866228627674,0.48148148148148145
과매도프록시,lv60,+downvol60,20,조정,56,0.09502359066412858,0.002968982449617556,-0.0009334537519522088,0.005982135029849722,0.625
과매도프록시,lv60,+downvol60,20,반등,48,0.11655914246910352,-0.005189266748694036,-0.011397314834017675,-0.00045470347183748384,0.375
과매도프록시,lv60,+downvol60,20,약세,228,0.11695351358902328,-0.000945917142913184,-0.004766580676863353,0.0025763576015991607,0.47368421052631576
과매도프록시,lv60,+hl_range20,20,전체,629,0.1348209462635672,0.018263426167435825,0.01441663806832879,0.022791732207276323,0.7631160572337043
과매도프록시,lv60,+hl_range20,20,강세,297,0.15899264035615587,0.022488813169434973,0.016493339559092705,0.028127458404564678,0.8047138047138047
과매도프록시,lv60,+hl_range20,20,조정,56,0.09502359066412858,0.016146513768302225,0.00351750446217209,0.024748463049194865,0.7857142857142857
과매도프록시,lv60,+hl_range20,20,반등,48,0.11655914246910352,0.012041934633866574,0.0025799605986830607,0.022954251655792894,0.7083333333333334
과매도프록시,lv60,+hl_range20,20,약세,228,0.11695351358902328,0.014589034712914147,0.008238704094292428,0.020757727709080145,0.7149122807017544
과매도프록시,lv60,+volvol20,20,전체,629,0.1348209462635672,0.0011826954803428396,-0.01110561804254044,0.014627964292485703,0.5230524642289348
과매도프록시,lv60,+volvol20,20,강세,297,0.15899264035615587,0.01893988804516503,0.006020398827764837,0.0337093822588625,0.5993265993265994
과매도프록시,lv60,+volvol20,20,조정,56,0.09502359066412858,-0.003311515418411289,-0.04013454417444395,0.03856213479078278,0.48214285714285715
과매도프록시,lv60,+volvol20,20,반등,48,0.11655914246910352,-0.025499356812855766,-0.060078831397769955,-0.002636326265521142,0.375
과매도프록시,lv60,+volvol20,20,약세,228,0.11695351358902328,-0.015227268867676568,-0.04009836431667868,0.004551529996182198,0.4649122807017544
과매도프록시,lv60,+gapfreq60,20,전체,629,0.1348209462635672,-0.008715746772102276,-0.015295178917772732,-0.002561603258551037,0.48330683624801274
과매도프록시,lv60,+gapfreq60,20,강세,297,0.15899264035615587,-0.01720124518128021,-0.02796042998862121,-0.0069771120845966645,0.4074074074074074
과매도프록시,lv60,+gapfreq60,20,조정,56,0.09502359066412858,-0.012673749805810259,-0.023085519731119126,-0.0011136962247059543,0.35714285714285715
과매도프록시,lv60,+gapfreq60,20,반등,48,0.11655914246910352,0.006363163099777631,-0.008613642864107006,0.02008111042307017,0.6041666666666666
과매도프록시,lv60,+gapfreq60,20,약세,228,0.11695351358902328,0.00013536517335061102,-0.009440414295148298,0.009862346888338496,0.5877192982456141
과매도프록시,lv60,+amihud20,20,전체,629,0.1348209462635672,-0.07357182705874493,-0.08772217307862773,-0.05961149450079165,0.18441971383147854
과매도프록시,lv60,+amihud20,20,강세,297,0.15899264035615587,-0.11990263060820751,-0.14264742891552676,-0.10265090891070767,0.06397306397306397
과매도프록시,lv60,+amihud20,20,조정,56,0.09502359066412858,-0.03245778295853079,-0.05872436227483447,0.007581704295950166,0.3392857142857143
과매도프록시,lv60,+amihud20,20,반등,48,0.11655914246910352,-0.05411667499333193,-0.08507822513619964,-0.024537484151131987,0.125
과매도프록시,lv60,+amihud20,20,약세,228,0.11695351358902328,-0.02741386703489158,-0.04464058568513662,-0.009711094426132107,0.3157894736842105
과매도프록시,lv60,+beta60,20,전체,629,0.1348209462635672,-0.0303715540133929,-0.04263595508396101,-0.01818713910791322,0.3688394276629571
과매도프록시,lv60,+beta60,20,강세,297,0.15899264035615587,-0.05287825075514807,-0.07149890798384084,-0.035427660145065175,0.23232323232323232
과매도프록시,lv60,+beta60,20,조정,56,0.09502359066412858,-0.03148418645439836,-0.08726613858572596,0.02218251722312342,0.35714285714285715
과매도프록시,lv60,+beta60,20,반등,48,0.11655914246910352,-0.013285152488095593,-0.043678752143690915,0.022940405989261652,0.5208333333333334
과매도프록시,lv60,+beta60,20,약세,228,0.11695351358902328,-0.004377479119606412,-0.022492740042933827,0.015171279576827543,0.5175438596491229
과매도프록시,lv60,+skew60,20,전체,629,0.1348209462635672,-0.02376209871309176,-0.03197348164592223,-0.016258992664718863,0.29411764705882354
과매도프록시,lv60,+skew60,20,강세,297,0.15899264035615587,-0.022934889052186408,-0.03193818626796632,-0.014526272644960994,0.26262626262626265
과매도프록시,lv60,+skew60,20,조정,56,0.09502359066412858,-0.031414766949760024,-0.04165734990193282,-0.016072729209448054,0.17857142857142858
과매도프록시,lv60,+skew60,20,반등,48,0.11655914246910352,-0.00046092596279861866,-0.015404848429494106,0.015820197001135784,0.4375
과매도프록시,lv60,+skew60,20,약세,228,0.11695351358902328,-0.02786555546769499,-0.04452793068200685,-0.013738820301359733,0.3333333333333333
과매도프록시,lv60,+price_lvl,20,전체,629,0.1348209462635672,-0.008286733878572297,-0.02367274398625319,0.009415970829231015,0.5023847376788553
과매도프록시,lv60,+price_lvl,20,강세,297,0.15899264035615587,0.02074935726364292,0.004277758754661986,0.03965587208581201,0.5892255892255892
과매도프록시,lv60,+price_lvl,20,조정,56,0.09502359066412858,-0.018917732015016127,-0.07124290196850992,0.028892954655750005,0.5714285714285714
과매도프록시,lv60,+price_lvl,20,반등,48,0.11655914246910352,-0.035498393352076024,-0.08522407772090068,0.00522981281380936,0.4166666666666667
과매도프록시,lv60,+price_lvl,20,약세,228,0.11695351358902328,-0.03777017036483934,-0.06739007088184636,-0.01484421151305615,0.39035087719298245
과매도프록시,lv60,+lv20,60,전체,589,0.17574514059472596,-3.3959407275242324e-05,-0.005047326029562737,0.0038686926318226666,0.5059422750424448
과매도프록시,lv60,+lv20,60,강세,297,0.17272637805653715,0.001650052066153802,-0.004957962076206411,0.008145643623901938,0.5353535353535354
과매도프록시,lv60,+lv20,60,조정,56,0.2052845381020397,0.003518243682331282,-0.0055029682938229334,0.014001870003483732,0.5535714285714286
과매도프록시,lv60,+lv20,60,반등,48,0.18393533039729437,-0.0032118276517271636,-0.016285515829419468,0.010054446170055882,0.4166666666666667
과매도프록시,lv60,+lv20,60,약세,188,0.16962406135488137,-0.0029410716673427934,-0.009503682102898018,0.0028496747420268392,0.46808510638297873
과매도프록시,lv60,+rv21,60,전체,589,0.17574514059472596,6.690919699943046e-05,-0.004828968079522108,0.0038227515991914505,0.5059422750424448
과매도프록시,lv60,+rv21,60,강세,297,0.17272637805653715,0.001790228296101902,-0.00455766912869124,0.007979201425992183,0.5454545454545454
과매도프록시,lv60,+rv21,60,조정,56,0.2052845381020397,0.003114417421285407,-0.005181557793920998,0.01321650378523582,0.5357142857142857
과매도프록시,lv60,+rv21,60,반등,48,0.18393533039729437,-0.003544566295925153,-0.01572997885475572,0.0083492981249892,0.4166666666666667
과매도프록시,lv60,+rv21,60,약세,188,0.16962406135488137,-0.002641257873921145,-0.00941447380140347,0.003279187366310049,0.4574468085106383
과매도프록시,lv60,+to20,60,전체,589,0.17574514059472596,0.02009549710926776,0.013214317705433017,0.027394863175581003,0.6910016977928692
과매도프록시,lv60,+to20,60,강세,297,0.17272637805653715,0.030221392334340322,0.020789036018304678,0.03980373282181414,0.7744107744107744
과매도프록시,lv60,+to20,60,조정,56,0.2052845381020397,0.028871733244106166,0.012759018663311712,0.04915453021899095,0.7678571428571429
과매도프록시,lv60,+to20,60,반등,48,0.18393533039729437,0.007782018222471027,-0.020165560247654653,0.029909000023288227,0.625
과매도프록시,lv60,+to20,60,약세,188,0.16962406135488137,0.00462840605165468,-0.00865980349010579,0.015579162834021732,0.5531914893617021
과매도프록시,lv60,+nh252,60,전체,589,0.17574514059472596,0.0018099401788238183,-0.010916457516694922,0.016426924504328377,0.499151103565365
과매도프록시,lv60,+nh252,60,강세,297,0.17272637805653715,0.015269150366008687,-0.004618235382291665,0.03504999572034502,0.5555555555555556
과매도프록시,lv60,+nh252,60,조정,56,0.2052845381020397,0.024646539259824234,-0.0020676149569361026,0.061444493363861284,0.5892857142857143
과매도프록시,lv60,+nh252,60,반등,48,0.18393533039729437,-0.03840516722076831,-0.07093998349436494,-0.013621336209834415,0.3125
과매도프록시,lv60,+nh252,60,약세,188,0.16962406135488137,-0.01598745247516293,-0.031554229692737114,0.0007168654234857401,0.4308510638297872
과매도프록시,lv60,+dlow252,60,전체,589,0.17574514059472596,-0.049771065618484094,-0.058164131118794545,-0.04151365227255256,0.14431239388794567
과매도프록시,lv60,+dlow252,60,강세,297,0.17272637805653715,-0.058921900051732326,-0.07173917439497597,-0.04763820802283047,0.1414141414141414
과매도프록시,lv60,+dlow252,60,조정,56,0.2052845381020397,-0.06428860327356745,-0.0831840795897298,-0.05126540294206008,0.05357142857142857
과매도프록시,lv60,+dlow252,60,반등,48,0.18393533039729437,-0.024402271262941377,-0.044181672243090386,-0.004213864447489554,0.20833333333333334
과매도프록시,lv60,+dlow252,60,약세,188,0.16962406135488137,-0.03746746026585993,-0.04913469823409764,-0.02638835822514257,0.1595744680851064
과매도프록시,lv60,+mom12_1,60,전체,589,0.17574514059472596,-0.025138729544149183,-0.042936697280180694,-0.00594378200821987,0.30560271646859083
과매도프록시,lv60,+mom12_1,60,강세,297,0.17272637805653715,-0.02493758721468991,-0.057250073663113306,0.007607508294281552,0.367003367003367
과매도프록시,lv60,+mom12_1,60,조정,56,0.2052845381020397,-0.025680538801037007,-0.06592360020968793,0.02068579439292191,0.26785714285714285
과매도프록시,lv60,+mom12_1,60,반등,48,0.18393533039729437,-0.048467400278370654,-0.09668562232985213,0.0024208973609707272,0.1875
과매도프록시,lv60,+mom12_1,60,약세,188,0.16962406135488137,-0.019338845279367557,-0.03427498357999479,-0.003957990411977078,0.25
과매도프록시,lv60,+mom21,60,전체,589,0.17574514059472596,-0.03136402531143076,-0.03995807356836164,-0.023798521129399813,0.23769100169779286
과매도프록시,lv60,+mom21,60,강세,297,0.17272637805653715,-0.02862192117868362,-0.037708652729578636,-0.018809319175092685,0.25925925925925924
과매도프록시,lv60,+mom21,60,조정,56,0.2052845381020397,-0.031206499602094605,-0.04643378294671218,-0.007820202300726045,0.26785714285714285
과매도프록시,lv60,+mom21,60,반등,48,0.18393533039729437,-0.04367937789539034,-0.0724861800880123,-0.03016827009738542,0.10416666666666667
과매도프록시,lv60,+mom21,60,약세,188,0.16962406135488137,-0.03259854362589174,-0.04311055137121305,-0.022502111922356172,0.22872340425531915
과매도프록시,lv60,+mom63,60,전체,589,0.17574514059472596,-0.012686863204743833,-0.026061450518922898,0.002121777519356286,0.40407470288624786
과매도프록시,lv60,+mom63,60,강세,297,0.17272637805653715,-0.0010716210568539632,-0.022133705327322957,0.017523530235251883,0.4444444444444444
과매도프록시,lv60,+mom63,60,조정,56,0.2052845381020397,-0.004357758011383578,-0.04003770771364914,0.04447912889298398,0.44642857142857145
과매도프록시,lv60,+mom63,60,반등,48,0.18393533039729437,-0.04733593310701539,-0.07340442130815943,-0.02556803450160424,0.22916666666666666
과매도프록시,lv60,+mom63,60,약세,188,0.16962406135488137,-0.024670913489012077,-0.041426283088857936,-0.007066506014211425,0.3723404255319149
과매도프록시,lv60,+ret5,60,전체,589,0.17574514059472596,-0.07898963466737809,-0.09238903259088531,-0.06486188535444132,0.1867572156196944
과매도프록시,lv60,+ret5,60,강세,297,0.17272637805653715,-0.08135716623805324,-0.09765637163811156,-0.062186000490619994,0.1717171717171717
과매도프록시,lv60,+ret5,60,조정,56,0.2052845381020397,-0.05768036630634484,-0.08164340829213158,-0.02551420587001546,0.21428571428571427
과매도프록시,lv60,+ret5,60,반등,48,0.18393533039729437,-0.10084467106186873,-0.12951772273681472,-0.07658738643274195,0.08333333333333333
과매도프록시,lv60,+ret5,60,약세,188,0.16962406135488137,-0.07601687086307912,-0.09951887984283826,-0.04872758503148631,0.22872340425531915
과매도프록시,lv60,+upratio63,60,전체,589,0.17574514059472596,-0.01388881954586686,-0.024755482600485712,0.001058561803045362,0.3361629881154499
과매도프록시,lv60,+upratio63,60,강세,297,0.17272637805653715,0.004024833685655664,-0.017054702261679013,0.024743980039524105,0.4006734006734007
과매도프록시,lv60,+upratio63,60,조정,56,0.2052845381020397,-0.04182397315366583,-0.07942686364527342,0.009626302433699338,0.32142857142857145
과매도프록시,lv60,+upratio63,60,반등,48,0.18393533039729437,-0.029573315497085886,-0.04870982673275632,-0.0026877055828403514,0.1875
과매도프록시,lv60,+upratio63,60,약세,188,0.16962406135488137,-0.02986291849303141,-0.04371587644056398,-0.012350413285089849,0.2765957446808511
과매도프록시,lv60,+on60,60,전체,589,0.17574514059472596,-0.050872004700497776,-0.06376089698850414,-0.038302764341463735,0.2037351443123939
과매도프록시,lv60,+on60,60,강세,297,0.17272637805653715,-0.07296184050049294,-0.09010182440222864,-0.05578451658464667,0.09427609427609428
과매도프록시,lv60,+on60,60,조정,56,0.2052845381020397,-0.06925996091712149,-0.10652825318376966,-0.033407744321191875,0.125
과매도프록시,lv60,+on60,60,반등,48,0.18393533039729437,-0.011118165956882912,-0.048455954440297995,0.029530506032128357,0.5
과매도프록시,lv60,+on60,60,약세,188,0.16962406135488137,-0.02064741682264683,-0.036481379195494754,-0.0032571062388626047,0.324468085106383
과매도프록시,lv60,cut:on60,60,전체,589,0.17574514059472596,-0.009799986110770192,-0.012903941663056983,-0.0067886902346459685,0.3225806451612903
과매도프록시,lv60,cut:on60,60,강세,297,0.17272637805653715,-0.010905033624378994,-0.015134347603751814,-0.00654065365695859,0.2996632996632997
과매도프록시,lv60,cut:on60,60,조정,56,0.2052845381020397,-0.008444304730459493,-0.016896732277328092,0.000445413009193359,0.39285714285714285
과매도프록시,lv60,cut:on60,60,반등,48,0.18393533039729437,-0.005449154604900443,-0.01331617539561079,0.0040785228249651,0.3958333333333333
과매도프록시,lv60,cut:on60,60,약세,188,0.16962406135488137,-0.009568916738628348,-0.015226813712275028,-0.0038368019569375886,0.3191489361702128
과매도프록시,lv60,+size,60,전체,589,0.17574514059472596,0.026859354786769103,0.013709933140063217,0.04223709706119006,0.5806451612903226
과매도프록시,lv60,+size,60,강세,297,0.17272637805653715,0.05154184758303931,0.0326786173139197,0.07213598902566666,0.7205387205387206
과매도프록시,lv60,+size,60,조정,56,0.2052845381020397,0.03753583762656006,-0.008685358905049421,0.09910512751599265,0.625
과매도프록시,lv60,+size,60,반등,48,0.18393533039729437,-0.00611108176817465,-0.03819152928659902,0.023073167081980248,0.2916666666666667
과매도프록시,lv60,+size,60,약세,188,0.16962406135488137,-0.00689597736686518,-0.02196064947119303,0.010533203627175433,0.42021276595744683
과매도프록시,lv60,+amt20,60,전체,589,0.17574514059472596,-0.0658056293999587,-0.076633139137971,-0.056159489163124396,0.12054329371816638
과매도프록시,lv60,+amt20,60,강세,297,0.17272637805653715,-0.07551346528763854,-0.08879651738418433,-0.06295876066346724,0.10774410774410774
과매도프록시,lv60,+amt20,60,조정,56,0.2052845381020397,-0.08416207783488092,-0.11280084345371413,-0.05936906526327044,0.08928571428571429
과매도프록시,lv60,+amt20,60,반등,48,0.18393533039729437,-0.05563914583853813,-0.0973118170009243,-0.018164895125992574,0.20833333333333334
과매도프록시,lv60,+amt20,60,약세,188,0.16962406135488137,-0.04759713386778648,-0.06402309320043012,-0.036311923474870715,0.1276595744680851
과매도프록시,lv60,+max5_21,60,전체,589,0.17574514059472596,-0.007439244122910734,-0.012990381437839694,-0.0023887272947863388,0.41256366723259763
과매도프록시,lv60,+max5_21,60,강세,297,0.17272637805653715,-0.007904559932826032,-0.016836747232675288,0.0013495332086333723,0.43097643097643096
과매도프록시,lv60,+max5_21,60,조정,56,0.2052845381020397,-0.006701305803951258,-0.014376617641954038,0.002364616151378556,0.48214285714285715
과매도프록시,lv60,+max5_21,60,반등,48,0.18393533039729437,-0.013829648913683422,-0.028757379926175195,0.0026063686614193784,0.3333333333333333
과매도프록시,lv60,+max5_21,60,약세,188,0.16962406135488137,-0.005292362848228806,-0.010303383971907224,-0.000532068060027993,0.3829787234042553
과매도프록시,lv60,+bbw20,60,전체,589,0.17574514059472596,-0.001972507816662511,-0.007102881467536395,0.002818781322760022,0.48896434634974534
과매도프록시,lv60,+bbw20,60,강세,297,0.17272637805653715,0.0030779989399506223,-0.0031947966038997685,0.009507334713247129,0.531986531986532
과매도프록시,lv60,+bbw20,60,조정,56,0.2052845381020397,-0.005442618625128104,-0.01698052277890895,0.00708520160973855,0.48214285714285715
과매도프록시,lv60,+bbw20,60,반등,48,0.18393533039729437,-0.002605957503015689,-0.017945905983514324,0.01237275577704651,0.4791666666666667
과매도프록시,lv60,+bbw20,60,약세,188,0.16962406135488137,-0.008755852053338443,-0.018421801219612566,-0.0007735669971902723,0.425531914893617
과매도프록시,lv60,+sma20gap,60,전체,589,0.17574514059472596,-0.021180725133837217,-0.026998841487033597,-0.01575557116390927,0.28183361629881154
과매도프록시,lv60,+sma20gap,60,강세,297,0.17272637805653715,-0.017960325020354887,-0.02710052723378034,-0.00989195865644211,0.32323232323232326
과매도프록시,lv60,+sma20gap,60,조정,56,0.2052845381020397,-0.029481767651199902,-0.03988744325187619,-0.019201281159863436,0.14285714285714285
과매도프록시,lv60,+sma20gap,60,반등,48,0.18393533039729437,-0.020185549277368268,-0.03110518769690615,-0.005931624216973596,0.22916666666666666
과매도프록시,lv60,+sma20gap,60,약세,188,0.16962406135488137,-0.024049708611722596,-0.036261587701725224,-0.01450833060622738,0.2712765957446808
과매도프록시,lv60,+rsi14,60,전체,589,0.17574514059472596,-0.058684459852225604,-0.0665223771930344,-0.0503278576113246,0.11375212224108659
과매도프록시,lv60,+rsi14,60,강세,297,0.17272637805653715,-0.06931651431027662,-0.07917769665899313,-0.05800735265814777,0.08417508417508418
과매도프록시,lv60,+rsi14,60,조정,56,0.2052845381020397,-0.06494525533424143,-0.0826824646743492,-0.04788596887297685,0.03571428571428571
과매도프록시,lv60,+rsi14,60,반등,48,0.18393533039729437,-0.046279261933672274,-0.06868298560956285,-0.023685863353811627,0.14583333333333334
과매도프록시,lv60,+rsi14,60,약세,188,0.16962406135488137,-0.043190442719547514,-0.05974684576807318,-0.02504846156672658,0.17553191489361702
과매도프록시,lv60,+dd52,60,전체,589,0.17574514059472596,0.0018099401788238183,-0.010916457516694922,0.016426924504328377,0.499151103565365
과매도프록시,lv60,+dd52,60,강세,297,0.17272637805653715,0.015269150366008687,-0.004618235382291665,0.03504999572034502,0.5555555555555556
과매도프록시,lv60,+dd52,60,조정,56,0.2052845381020397,0.024646539259824234,-0.0020676149569361026,0.061444493363861284,0.5892857142857143
과매도프록시,lv60,+dd52,60,반등,48,0.18393533039729437,-0.03840516722076831,-0.07093998349436494,-0.013621336209834415,0.3125
과매도프록시,lv60,+dd52,60,약세,188,0.16962406135488137,-0.01598745247516293,-0.031554229692737114,0.0007168654234857401,0.4308510638297872
과매도프록시,lv60,+ev_buyback60,60,전체,589,0.17574514059472596,-0.0005958887930731497,-0.002683215468701911,0.0016193840965159946,0.4397283531409168
과매도프록시,lv60,+ev_buyback60,60,강세,297,0.17272637805653715,-0.000815083489846484,-0.0030946333958854996,0.0010845384288877052,0.4444444444444444
과매도프록시,lv60,+ev_buyback60,60,조정,56,0.2052845381020397,-0.002952345311625598,-0.007379696885096217,0.0004862385825306338,0.39285714285714285
과매도프록시,lv60,+ev_buyback60,60,반등,48,0.18393533039729437,-0.0026684265257619945,-0.011853952419054695,0.008311931786970372,0.3333333333333333
과매도프록시,lv60,+ev_buyback60,60,약세,188,0.16962406135488137,0.0009814739789996258,-0.004226917793217776,0.006102002989467123,0.4734042553191489
과매도프록시,lv60,+ev_dilution60,60,전체,589,0.17574514059472596,0.006131933810207494,0.002080148978616245,0.010337292537180954,0.599320882852292
과매도프록시,lv60,+ev_dilution60,60,강세,297,0.17272637805653715,0.007408955204706271,0.0020184045549957105,0.012903195654592949,0.6127946127946128
과매도프록시,lv60,+ev_dilution60,60,조정,56,0.2052845381020397,0.005183507873161192,-0.004851950166419215,0.016802943342040064,0.5892857142857143
과매도프록시,lv60,+ev_dilution60,60,반등,48,0.18393533039729437,0.0003499720388695545,-0.01169287624821997,0.015384206372621419,0.5
과매도프록시,lv60,+ev_dilution60,60,약세,188,0.16962406135488137,0.005873267125806841,0.0007619981819667499,0.011287199897512298,0.6063829787234043
과매도프록시,lv60,cut:ev_dilution60,60,전체,589,0.17574514059472596,-0.0007314506464271917,-0.005204026375806079,0.0027726084354715934,0.5093378607809848
과매도프록시,lv60,cut:ev_dilution60,60,강세,297,0.17272637805653715,-0.0042586798781359785,-0.009970017731468571,0.0011871410637504035,0.468013468013468
과매도프록시,lv60,cut:ev_dilution60,60,조정,56,0.2052845381020397,0.004537100756138196,-0.005984540378223137,0.013540654721781887,0.625
과매도프록시,lv60,cut:ev_dilution60,60,반등,48,0.18393533039729437,0.011502475151266197,-0.005205218617835031,0.026632432445805217,0.5833333333333334
과매도프록시,lv60,cut:ev_dilution60,60,약세,188,0.16962406135488137,0.00014790980561836916,-0.00752921583025903,0.007211877057284152,0.5212765957446809
과매도프록시,lv60,+downvol60,60,전체,589,0.17574514059472596,-1.4976631449448541e-05,-0.002922937925651726,0.0030024632602023596,0.5144312393887945
과매도프록시,lv60,+downvol60,60,강세,297,0.17272637805653715,0.0018143009321220952,-0.0015561259895157944,0.0057569034353183455,0.5016835016835017
과매도프록시,lv60,+downvol60,60,조정,56,0.2052845381020397,0.006031612838666579,0.000595451425422921,0.0111808986994952,0.6964285714285714
과매도프록시,lv60,+downvol60,60,반등,48,0.18393533039729437,-0.012740107730678319,-0.02506825317436187,-0.004471212601054712,0.2916666666666667
과매도프록시,lv60,+downvol60,60,약세,188,0.16962406135488137,-0.0014569880885997664,-0.007917912159872057,0.003705968583950613,0.5372340425531915
과매도프록시,lv60,+hl_range20,60,전체,589,0.17574514059472596,0.01944594675947224,0.01522508545926005,0.023196006702300456,0.799660441426146
과매도프록시,lv60,+hl_range20,60,강세,297,0.17272637805653715,0.0212715406444678,0.014649226214698432,0.027672263503254416,0.8215488215488216
과매도프록시,lv60,+hl_range20,60,조정,56,0.2052845381020397,0.029054938678471847,0.020188622359655274,0.03842580772095581,0.875
과매도프록시,lv60,+hl_range20,60,반등,48,0.18393533039729437,0.018456953625425435,0.010955626264761908,0.02562481370733184,0.875
과매도프록시,lv60,+hl_range20,60,약세,188,0.16962406135488137,0.013952152818656216,0.0069790844978884,0.01970820383742692,0.723404255319149
과매도프록시,lv60,+volvol20,60,전체,589,0.17574514059472596,-0.0009987096295173063,-0.011376909020913553,0.01025649629917221,0.5008488964346349
과매도프록시,lv60,+volvol20,60,강세,297,0.17272637805653715,0.017318047990593142,0.003346793360883201,0.03119171605367383,0.6026936026936027
과매도프록시,lv60,+volvol20,60,조정,56,0.2052845381020397,-0.005189747365783281,-0.03617512501791411,0.03939756189348989,0.5714285714285714
과매도프록시,lv60,+volvol20,60,반등,48,0.18393533039729437,-0.02877379308624267,-0.04959183386465658,-0.009447302911759572,0.3125
과매도프록시,lv60,+volvol20,60,약세,188,0.16962406135488137,-0.02159538459770396,-0.03785400890447735,-0.004247553707418168,0.3670212765957447
과매도프록시,lv60,+gapfreq60,60,전체,589,0.17574514059472596,-0.014302525371100152,-0.020044747480615126,-0.00830438787332155,0.3853989813242784
과매도프록시,lv60,+gapfreq60,60,강세,297,0.17272637805653715,-0.02012633827772207,-0.0286531004771806,-0.011835273125963034,0.32323232323232326
과매도프록시,lv60,+gapfreq60,60,조정,56,0.2052845381020397,-0.021922371353156913,-0.03963899130080927,-0.007866600168411236,0.30357142857142855
과매도프록시,lv60,+gapfreq60,60,반등,48,0.18393533039729437,0.004089707209657715,-0.009840843943015723,0.01564215950982792,0.6041666666666666
과매도프록시,lv60,+gapfreq60,60,약세,188,0.16962406135488137,-0.007528287900964443,-0.01668725120092263,0.00026072689107186096,0.4521276595744681
과매도프록시,lv60,+amihud20,60,전체,589,0.17574514059472596,-0.10797153904349216,-0.12299585230480246,-0.09525308042559102,0.05602716468590832
과매도프록시,lv60,+amihud20,60,강세,297,0.17272637805653715,-0.12628931603167465,-0.14286336455334958,-0.11053472583454689,0.037037037037037035
과매도프록시,lv60,+amihud20,60,조정,56,0.2052845381020397,-0.1326895688457414,-0.1682283963357269,-0.09854735393200773,0.03571428571428571
과매도프록시,lv60,+amihud20,60,반등,48,0.18393533039729437,-0.08805977608299041,-0.1404346759092804,-0.03545324031246247,0.125
과매도프록시,lv60,+amihud20,60,약세,188,0.16962406135488137,-0.07675438578651307,-0.09789307934421826,-0.0594170350029692,0.07446808510638298
과매도프록시,lv60,+beta60,60,전체,589,0.17574514059472596,-0.048508283493885966,-0.06853798293696181,-0.029949756103083792,0.41256366723259763
과매도프록시,lv60,+beta60,60,강세,297,0.17272637805653715,-0.07823687999694968,-0.10627835291626454,-0.05137975409088102,0.3063973063973064
과매도프록시,lv60,+beta60,60,조정,56,0.2052845381020397,-0.041587029624575035,-0.10161319145166328,0.004687077922680095,0.3392857142857143
과매도프록시,lv60,+beta60,60,반등,48,0.18393533039729437,-0.02967596357661487,-0.08230929185741691,0.02746828501819703,0.5
과매도프록시,lv60,+beta60,60,약세,188,0.16962406135488137,-0.008413328234846073,-0.030974792485365134,0.01451466710174379,0.5797872340425532
과매도프록시,lv60,+skew60,60,전체,589,0.17574514059472596,-0.02400651762080195,-0.030354615562822335,-0.016455965516411916,0.31918505942275044
과매도프록시,lv60,+skew60,60,강세,297,0.17272637805653715,-0.02606484241466683,-0.03557266131814076,-0.017309817788533136,0.28619528619528617
과매도프록시,lv60,+skew60,60,조정,56,0.2052845381020397,-0.04246714079397069,-0.06034099275391916,-0.020519184292805002,0.23214285714285715
과매도프록시,lv60,+skew60,60,반등,48,0.18393533039729437,0.00341523718170752,-0.01632924151766934,0.029383810905461678,0.3958333333333333
과매도프록시,lv60,+skew60,60,약세,188,0.16962406135488137,-0.022257192456148427,-0.03554548382219354,-0.006085216634528937,0.3776595744680851
과매도프록시,lv60,+price_lvl,60,전체,589,0.17574514059472596,-0.0010168658138478713,-0.013990214725019616,0.015042475446532593,0.5161290322580645
과매도프록시,lv60,+price_lvl,60,강세,297,0.17272637805653715,0.02446128288111981,0.007237479170781068,0.0428280625298938,0.6397306397306397
과매도프록시,lv60,+price_lvl,60,조정,56,0.2052845381020397,0.005264454317428268,-0.040415825452500755,0.06700152108784352,0.5535714285714286
과매도프록시,lv60,+price_lvl,60,반등,48,0.18393533039729437,-0.04342255823224303,-0.08617119393534499,-0.001647561519189283,0.3541666666666667
과매도프록시,lv60,+price_lvl,60,약세,188,0.16962406135488137,-0.03231096609934732,-0.052734970406309783,-0.009547228937143994,0.35106382978723405
과매도프록시,lv60+to20,+lv20,5,전체,644,0.10198255108399429,0.0007778513346230396,-0.002611802873465998,0.0033334079925752638,0.5295031055900621
과매도프록시,lv60+to20,+lv20,5,강세,297,0.11296733550250437,0.0010262597930491939,-0.0032545697714962333,0.005208052740117229,0.5084175084175084
과매도프록시,lv60+to20,+lv20,5,조정,56,0.11809803041186938,-0.0023778713089869243,-0.008263643039464775,0.005249581054431226,0.5
과매도프록시,lv60+to20,+lv20,5,반등,60,0.0902918863560003,0.0018481129124757714,-0.0035882729531366547,0.007225806650165505,0.55
과매도프록시,lv60+to20,+lv20,5,약세,231,0.08698901025724597,0.0009455026818889543,-0.0036058234754805054,0.0057180330379225245,0.5584415584415584
과매도프록시,lv60+to20,+rv21,5,전체,644,0.10198255108399429,0.0008169583456284744,-0.002627196564971422,0.003294339531051461,0.5388198757763976
과매도프록시,lv60+to20,+rv21,5,강세,297,0.11296733550250437,0.0008152911429448006,-0.0032938468022448517,0.005073021338853059,0.5286195286195287
과매도프록시,lv60+to20,+rv21,5,조정,56,0.11809803041186938,-0.0015051844499036533,-0.007231706851615631,0.006544729560100359,0.5535714285714286
과매도프록시,lv60+to20,+rv21,5,반등,60,0.0902918863560003,0.0018944452203294552,-0.003431660706254464,0.007121299876372338,0.5666666666666667
과매도프록시,lv60+to20,+rv21,5,약세,231,0.08698901025724597,0.00110217887924229,-0.003366864932329794,0.00581602762357874,0.5411255411255411
과매도프록시,lv60+to20,+nh252,5,전체,644,0.10198255108399429,0.005787979747781108,-0.00144374524141665,0.013510452518700004,0.5652173913043478
과매도프록시,lv60+to20,+nh252,5,강세,297,0.11296733550250437,0.01632012836698893,0.006135693349468434,0.02582409007033766,0.632996632996633
과매도프록시,lv60+to20,+nh252,5,조정,56,0.11809803041186938,0.002492847392334736,-0.011290552819773078,0.017994090147654993,0.5178571428571429
과매도프록시,lv60+to20,+nh252,5,반등,60,0.0902918863560003,0.008622541607430926,-0.005726703840081223,0.025353535897253636,0.5833333333333334
과매도프록시,lv60+to20,+nh252,5,약세,231,0.08698901025724597,-0.00769078405991895,-0.02218598588946405,0.007530949091453594,0.48484848484848486
과매도프록시,lv60+to20,+dlow252,5,전체,644,0.10198255108399429,-0.013114046321139428,-0.01753187533099631,-0.008409935721957477,0.36645962732919257
과매도프록시,lv60+to20,+dlow252,5,강세,297,0.11296733550250437,-0.021051983607858225,-0.028698076565185124,-0.01351280439682001,0.31313131313131315
과매도프록시,lv60+to20,+dlow252,5,조정,56,0.11809803041186938,-0.0120031480443382,-0.022619269897847023,0.001282743531865655,0.39285714285714285
과매도프록시,lv60+to20,+dlow252,5,반등,60,0.0902918863560003,-0.009479819025598309,-0.02141775106897325,-0.0012539358784243214,0.35
과매도프록시,lv60+to20,+dlow252,5,약세,231,0.08698901025724597,-0.004121390767363901,-0.010133375504831755,0.0028806225559793674,0.4329004329004329
과매도프록시,lv60+to20,+mom12_1,5,전체,644,0.10198255108399429,-0.00441476272153326,-0.01252470746460171,0.003945756382853867,0.4658385093167702
과매도프록시,lv60+to20,+mom12_1,5,강세,297,0.11296733550250437,-0.0003318092750806851,-0.011324193745568705,0.01053912032854193,0.49158249158249157
과매도프록시,lv60+to20,+mom12_1,5,조정,56,0.11809803041186938,-0.008709729649795894,-0.022651053856973337,0.004430908183893688,0.4107142857142857
과매도프록시,lv60+to20,+mom12_1,5,반등,60,0.0902918863560003,0.003381155185805943,-0.018598151183857388,0.02854926011178859,0.5333333333333333
과매도프록시,lv60+to20,+mom12_1,5,약세,231,0.08698901025724597,-0.010647983933888498,-0.02525735977315661,0.0034979048159975022,0.42857142857142855
과매도프록시,lv60+to20,+mom21,5,전체,644,0.10198255108399429,-0.007305512092346883,-0.012351273089119569,-0.0025344100310407207,0.4192546583850932
과매도프록시,lv60+to20,+mom21,5,강세,297,0.11296733550250437,-0.003111854072710888,-0.009542105047504721,0.0025840190042807627,0.4612794612794613
과매도프록시,lv60+to20,+mom21,5,조정,56,0.11809803041186938,-0.009968643018368173,-0.025769512034906156,0.007544680874905913,0.375
과매도프록시,lv60+to20,+mom21,5,반등,60,0.0902918863560003,-0.011511914419725655,-0.02520677224268017,-0.0014942253987723071,0.31666666666666665
과매도프록시,lv60+to20,+mom21,5,약세,231,0.08698901025724597,-0.010959178587290484,-0.020368794654952525,-0.0010863449076625668,0.4025974025974026
과매도프록시,lv60+to20,+mom63,5,전체,644,0.10198255108399429,-0.0014673720438889244,-0.00993857288414376,0.007214716916098985,0.4798136645962733
과매도프록시,lv60+to20,+mom63,5,강세,297,0.11296733550250437,0.011872226358528597,0.0007786914073179762,0.02319934289583535,0.5656565656565656
과매도프록시,lv60+to20,+mom63,5,조정,56,0.11809803041186938,-0.0038148747482750537,-0.026927648001005965,0.02658508097129443,0.4107142857142857
과매도프록시,lv60+to20,+mom63,5,반등,60,0.0902918863560003,0.005889632569565846,-0.01195410407531784,0.02220039703436234,0.5
과매도프록시,lv60+to20,+mom63,5,약세,231,0.08698901025724597,-0.01996010300007796,-0.03325710609495039,-0.006367345167611212,0.38095238095238093
과매도프록시,lv60+to20,+ret5,5,전체,644,0.10198255108399429,-0.012022066058137337,-0.019162841337743312,-0.004785861711187302,0.4083850931677019
과매도프록시,lv60+to20,+ret5,5,강세,297,0.11296733550250437,-0.016573056350530635,-0.02588854434788583,-0.007400098608439145,0.37037037037037035
과매도프록시,lv60+to20,+ret5,5,조정,56,0.11809803041186938,-0.00429074918998774,-0.017928936957324813,0.012512769982370392,0.4642857142857143
과매도프록시,lv60+to20,+ret5,5,반등,60,0.0902918863560003,-0.005147950876267804,-0.02217570521875148,0.010284902363844762,0.4
과매도프록시,lv60+to20,+ret5,5,약세,231,0.08698901025724597,-0.009830535922586429,-0.021508270718481024,0.005952870339349386,0.4458874458874459
과매도프록시,lv60+to20,+upratio63,5,전체,644,0.10198255108399429,-0.0014479414500394654,-0.008215330894168845,0.005663353109390069,0.5
과매도프록시,lv60+to20,+upratio63,5,강세,297,0.11296733550250437,0.009309739607395973,-0.0008061873941920036,0.018259773908808303,0.5925925925925926
과매도프록시,lv60+to20,+upratio63,5,조정,56,0.11809803041186938,-0.007767472085794302,-0.026381140438946783,0.014712152749310856,0.44642857142857145
과매도프록시,lv60+to20,+upratio63,5,반등,60,0.0902918863560003,0.011777498634251655,-0.0052732717254903635,0.027118251856985142,0.5833333333333334
과매도프록시,lv60+to20,+upratio63,5,약세,231,0.08698901025724597,-0.017182417482565535,-0.02770952222446402,-0.0065672204583828685,0.3722943722943723
과매도프록시,lv60+to20,+on60,5,전체,644,0.10198255108399429,-0.00890097985240158,-0.01380335238754786,-0.003978752062068499,0.42391304347826086
과매도프록시,lv60+to20,+on60,5,강세,297,0.11296733550250437,-0.01754890551938548,-0.024836370521893206,-0.010771154828041765,0.32996632996632996
과매도프록시,lv60+to20,+on60,5,조정,56,0.11809803041186938,-0.010298512459870101,-0.021576502153113082,0.0026406585089933524,0.375
과매도프록시,lv60+to20,+on60,5,반등,60,0.0902918863560003,-0.009679243136339265,-0.018641137878056588,0.00120199552383749,0.36666666666666664
과매도프록시,lv60+to20,+on60,5,약세,231,0.08698901025724597,0.0027587238105798786,-0.0041098340812100636,0.008751344926231377,0.5714285714285714
과매도프록시,lv60+to20,cut:on60,5,전체,644,0.10198255108399429,-0.003417393469851506,-0.006728397192488296,-0.00018359932365052123,0.43167701863354035
과매도프록시,lv60+to20,cut:on60,5,강세,297,0.11296733550250437,0.0004498193260912371,-0.005108622378807469,0.005293954129429946,0.48148148148148145
과매도프록시,lv60+to20,cut:on60,5,조정,56,0.11809803041186938,-0.0065351828576017375,-0.012390289178348423,-0.00022265407858070133,0.39285714285714285
과매도프록시,lv60+to20,cut:on60,5,반등,60,0.0902918863560003,-0.006456685524980311,-0.01454389207494071,-0.0003268787166221494,0.45
과매도프록시,lv60+to20,cut:on60,5,약세,231,0.08698901025724597,-0.006844269969302819,-0.011330974977169084,-0.0021748644834017374,0.3722943722943723
과매도프록시,lv60+to20,+size,5,전체,644,0.10198255108399429,-0.0014082519906821757,-0.008109373462579946,0.00613102863406257,0.4906832298136646
과매도프록시,lv60+to20,+size,5,강세,297,0.11296733550250437,0.008840453203441482,8.24959369557109e-05,0.017455296820477625,0.5454545454545454
과매도프록시,lv60+to20,+size,5,조정,56,0.11809803041186938,-0.011154998745679203,-0.035600989343908644,0.006489269903002557,0.42857142857142855
과매도프록시,lv60+to20,+size,5,반등,60,0.0902918863560003,0.002932936684881973,-0.004625451400285093,0.01676309289577891,0.5166666666666667
과매도프록시,lv60+to20,+size,5,약세,231,0.08698901025724597,-0.013349892444832576,-0.02551771005952483,-0.0021851372598281227,0.42857142857142855
과매도프록시,lv60+to20,+amt20,5,전체,644,0.10198255108399429,-0.017476966276613222,-0.024127036274491045,-0.011741559881076481,0.35248447204968947
과매도프록시,lv60+to20,+amt20,5,강세,297,0.11296733550250437,-0.030069515201264923,-0.03915102764096737,-0.022095038115008507,0.23905723905723905
과매도프록시,lv60+to20,+amt20,5,조정,56,0.11809803041186938,-0.018784040667443293,-0.031247898395638917,-0.0019811590701252603,0.3392857142857143
과매도프록시,lv60+to20,+amt20,5,반등,60,0.0902918863560003,-0.01639933128442955,-0.029794527479585865,-0.009150748495385717,0.35
과매도프록시,lv60+to20,+amt20,5,약세,231,0.08698901025724597,-0.0012495849044183258,-0.00979648278576654,0.00824949060419253,0.5021645021645021
과매도프록시,lv60+to20,+max5_21,5,전체,644,0.10198255108399429,-0.0012492737214602513,-0.004709153732954625,0.0016760327271227407,0.4751552795031056
과매도프록시,lv60+to20,+max5_21,5,강세,297,0.11296733550250437,-0.0012950526929484327,-0.006250891510721935,0.003287992110721172,0.48484848484848486
과매도프록시,lv60+to20,+max5_21,5,조정,56,0.11809803041186938,-0.005443161861620914,-0.01010660244144635,0.0020922108519381317,0.35714285714285715
과매도프록시,lv60+to20,+max5_21,5,반등,60,0.0902918863560003,0.0018339246729977185,-0.0072908240885403135,0.010339510954010091,0.5333333333333333
과매도프록시,lv60+to20,+max5_21,5,약세,231,0.08698901025724597,-0.0009745456404493916,-0.005014622983399294,0.004133621173371778,0.47619047619047616
과매도프록시,lv60+to20,+bbw20,5,전체,644,0.10198255108399429,-0.0031019444365899458,-0.007071434139170932,0.0006932582512274419,0.44565217391304346
과매도프록시,lv60+to20,+bbw20,5,강세,297,0.11296733550250437,-0.0026204278660376893,-0.007104410509197014,0.0011197034365124131,0.43434343434343436
과매도프록시,lv60+to20,+bbw20,5,조정,56,0.11809803041186938,-0.0039504933901675495,-0.01487715448202035,0.00702658622016987,0.48214285714285715
과매도프록시,lv60+to20,+bbw20,5,반등,60,0.0902918863560003,-0.005340546902134539,-0.011189725161954002,0.001092889083546579,0.35
과매도프록시,lv60+to20,+bbw20,5,약세,231,0.08698901025724597,-0.0029338731470704587,-0.009313846461807548,0.004599780730788724,0.47619047619047616
과매도프록시,lv60+to20,+sma20gap,5,전체,644,0.10198255108399429,-0.008190954606250791,-0.01237830949909399,-0.0038781568634161916,0.40372670807453415
과매도프록시,lv60+to20,+sma20gap,5,강세,297,0.11296733550250437,-0.006808965149548182,-0.012003146816924107,-0.0027922330057934637,0.4074074074074074
과매도프록시,lv60+to20,+sma20gap,5,조정,56,0.11809803041186938,-0.014495252383819919,-0.02517953975851879,-0.0044952892845032885,0.2857142857142857
과매도프록시,lv60+to20,+sma20gap,5,반등,60,0.0902918863560003,-0.011265677817117802,-0.025314604378844637,0.0007144616467859927,0.4
과매도프록시,lv60+to20,+sma20gap,5,약세,231,0.08698901025724597,-0.0076408541752758284,-0.016324159579526053,9.898336836328775e-05,0.42857142857142855
과매도프록시,lv60+to20,+rsi14,5,전체,644,0.10198255108399429,-0.011764207220171005,-0.01752889884412779,-0.00636407414217665,0.37111801242236025
과매도프록시,lv60+to20,+rsi14,5,강세,297,0.11296733550250437,-0.021287405729623666,-0.02689783395403311,-0.014755243796363357,0.2895622895622896
과매도프록시,lv60+to20,+rsi14,5,조정,56,0.11809803041186938,-0.010822721854653288,-0.021697526201418148,0.0014502228250882147,0.3392857142857143
과매도프록시,lv60+to20,+rsi14,5,반등,60,0.0902918863560003,-0.007481769241780925,-0.01943165261978501,0.006140806521272751,0.4
과매도프록시,lv60+to20,+rsi14,5,약세,231,0.08698901025724597,-0.0008606552801924635,-0.011482441109787642,0.01216640843402673,0.47619047619047616
과매도프록시,lv60+to20,+dd52,5,전체,644,0.10198255108399429,0.005787979747781108,-0.00144374524141665,0.013510452518700004,0.5652173913043478
과매도프록시,lv60+to20,+dd52,5,강세,297,0.11296733550250437,0.01632012836698893,0.006135693349468434,0.02582409007033766,0.632996632996633
과매도프록시,lv60+to20,+dd52,5,조정,56,0.11809803041186938,0.002492847392334736,-0.011290552819773078,0.017994090147654993,0.5178571428571429
과매도프록시,lv60+to20,+dd52,5,반등,60,0.0902918863560003,0.008622541607430926,-0.005726703840081223,0.025353535897253636,0.5833333333333334
과매도프록시,lv60+to20,+dd52,5,약세,231,0.08698901025724597,-0.00769078405991895,-0.02218598588946405,0.007530949091453594,0.48484848484848486
과매도프록시,lv60+to20,+ev_buyback60,5,전체,644,0.10198255108399429,0.0010325752960537867,-8.982214427850122e-05,0.0021814293093473016,0.531055900621118
과매도프록시,lv60+to20,+ev_buyback60,5,강세,297,0.11296733550250437,0.0008392633818704653,-0.0007678952644784473,0.0022594648427782106,0.5117845117845118
과매도프록시,lv60+to20,+ev_buyback60,5,조정,56,0.11809803041186938,0.0007662787120190796,-0.0015595507251708947,0.002680997387682031,0.5535714285714286
과매도프록시,lv60+to20,+ev_buyback60,5,반등,60,0.0902918863560003,0.0017792920587225286,-0.001957221095332509,0.007195140032471135,0.5166666666666667
과매도프록시,lv60+to20,+ev_buyback60,5,약세,231,0.08698901025724597,0.0011517235274748493,-0.0004150906740464677,0.002908627895491733,0.5541125541125541
과매도프록시,lv60+to20,+ev_dilution60,5,전체,644,0.10198255108399429,0.003666973033417429,0.001278594312383127,0.0057043058792590725,0.5900621118012422
과매도프록시,lv60+to20,+ev_dilution60,5,강세,297,0.11296733550250437,0.004127074187030698,0.0002789345084579295,0.007777935280723931,0.5757575757575758
과매도프록시,lv60+to20,+ev_dilution60,5,조정,56,0.11809803041186938,0.0058587247274050685,-2.5732462906240327e-05,0.010845164878479065,0.6428571428571429
과매도프록시,lv60+to20,+ev_dilution60,5,반등,60,0.0902918863560003,0.0017209127627908886,-0.004136773113507207,0.005914818888802297,0.6166666666666667
과매도프록시,lv60+to20,+ev_dilution60,5,약세,231,0.08698901025724597,0.0030495508635089603,0.0004323901357486345,0.004785537421520982,0.5887445887445888
과매도프록시,lv60+to20,cut:ev_dilution60,5,전체,644,0.10198255108399429,-0.0012491791350433704,-0.005024498161391871,0.0018832077355479513,0.48757763975155277
과매도프록시,lv60+to20,cut:ev_dilution60,5,강세,297,0.11296733550250437,-0.003376861583236138,-0.008448497884878175,0.0026920470418497025,0.4511784511784512
과매도프록시,lv60+to20,cut:ev_dilution60,5,조정,56,0.11809803041186938,-0.00405198913231115,-0.015065220478103854,0.005551358409250576,0.4642857142857143
과매도프록시,lv60+to20,cut:ev_dilution60,5,반등,60,0.0902918863560003,0.007044663770639273,-0.0008141084003906292,0.018204599405667543,0.5833333333333334
과매도프록시,lv60+to20,cut:ev_dilution60,5,약세,231,0.08698901025724597,1.1636763741429822e-05,-0.0051309307567004745,0.0047760444322775195,0.5151515151515151
과매도프록시,lv60+to20,+downvol60,5,전체,644,0.10198255108399429,0.00036740649476974587,-0.00254406133240577,0.0032523353589131855,0.5232919254658385
과매도프록시,lv60+to20,+downvol60,5,강세,297,0.11296733550250437,0.002333202960190856,-0.001544681931085024,0.006383870187750113,0.5454545454545454
과매도프록시,lv60+to20,+downvol60,5,조정,56,0.11809803041186938,0.0034307507628642815,-0.0027852684764953753,0.010577350182802269,0.6071428571428571
과매도프록시,lv60+to20,+downvol60,5,반등,60,0.0902918863560003,9.004265749259823e-06,-0.006091416590957005,0.0057663808440120085,0.5166666666666667
과매도프록시,lv60+to20,+downvol60,5,약세,231,0.08698901025724597,-0.002809583529049018,-0.008105500890639078,0.002276584330621867,0.47619047619047616
과매도프록시,lv60+to20,+hl_range20,5,전체,644,0.10198255108399429,0.006159608163834747,0.003504867855891213,0.008374731976267296,0.6242236024844721
과매도프록시,lv60+to20,+hl_range20,5,강세,297,0.11296733550250437,0.007808809774557344,0.0037585705270479527,0.01179824685260897,0.6498316498316499
과매도프록시,lv60+to20,+hl_range20,5,조정,56,0.11809803041186938,0.006574563299286205,0.0031818489361619263,0.011517415933394753,0.7321428571428571
과매도프록시,lv60+to20,+hl_range20,5,반등,60,0.0902918863560003,0.005656158726064257,0.0016807659916867523,0.010746008138249134,0.6666666666666666
과매도프록시,lv60+to20,+hl_range20,5,약세,231,0.08698901025724597,0.004069376996286424,0.00028288975743174046,0.006620027478215698,0.5541125541125541
과매도프록시,lv60+to20,+volvol20,5,전체,644,0.10198255108399429,-0.005487233645145349,-0.011959990217510034,0.0003093163316817779,0.4472049689440994
과매도프록시,lv60+to20,+volvol20,5,강세,297,0.11296733550250437,-0.002833392893926585,-0.010326184837829273,0.0032530780186870575,0.4713804713804714
과매도프록시,lv60+to20,+volvol20,5,조정,56,0.11809803041186938,-0.0117844519970187,-0.02516590560921251,0.006429058746734229,0.39285714285714285
과매도프록시,lv60+to20,+volvol20,5,반등,60,0.0902918863560003,-0.007890630401030805,-0.016356064762754103,0.002289092793951788,0.4
과매도프록시,lv60+to20,+volvol20,5,약세,231,0.08698901025724597,-0.006748457325032527,-0.018866576111112913,0.004834018656621752,0.44155844155844154
과매도프록시,lv60+to20,+gapfreq60,5,전체,644,0.10198255108399429,-0.0022579597179529297,-0.006856401383675284,0.002047097242376178,0.5279503105590062
과매도프록시,lv60+to20,+gapfreq60,5,강세,297,0.11296733550250437,-0.004887440094505622,-0.01092929830054547,0.0009812650527136423,0.47474747474747475
과매도프록시,lv60+to20,+gapfreq60,5,조정,56,0.11809803041186938,-0.0008555120128190958,-0.009265349122144934,0.00913311904070251,0.5892857142857143
과매도프록시,lv60+to20,+gapfreq60,5,반등,60,0.0902918863560003,0.0014921344476573292,-0.0093959725638398,0.011014920770223029,0.6
과매도프록시,lv60+to20,+gapfreq60,5,약세,231,0.08698901025724597,-0.00019123698889648286,-0.007103495118578204,0.007579909983711428,0.5627705627705628
과매도프록시,lv60+to20,+amihud20,5,전체,644,0.10198255108399429,-0.02601692942469796,-0.03464765088162895,-0.019305514651621294,0.31832298136645965
과매도프록시,lv60+to20,+amihud20,5,강세,297,0.11296733550250437,-0.042069069270036875,-0.053418064757635754,-0.031863830242234596,0.21212121212121213
과매도프록시,lv60+to20,+amihud20,5,조정,56,0.11809803041186938,-0.023619106673516327,-0.03856059591419395,-0.0027567438468649153,0.32142857142857145
과매도프록시,lv60+to20,+amihud20,5,반등,60,0.0902918863560003,-0.026912946780146677,-0.04438759107256352,-0.018521313218621483,0.3
과매도프록시,lv60+to20,+amihud20,5,약세,231,0.08698901025724597,-0.005727022492548991,-0.01709470352816753,0.0058844513730200165,0.4588744588744589
과매도프록시,lv60+to20,+beta60,5,전체,644,0.10198255108399429,-0.006893033619518063,-0.01636094070402273,0.002084524731893147,0.4673913043478261
과매도프록시,lv60+to20,+beta60,5,강세,297,0.11296733550250437,-0.009713540369455178,-0.020361255041635582,0.0026474986701826644,0.46464646464646464
과매도프록시,lv60+to20,+beta60,5,조정,56,0.11809803041186938,-0.007622717609732988,-0.033258490348513574,0.015250363140976105,0.44642857142857145
과매도프록시,lv60+to20,+beta60,5,반등,60,0.0902918863560003,0.0006383036701135339,-0.019597816571255967,0.01964415782310055,0.5166666666666667
과매도프록시,lv60+to20,+beta60,5,약세,231,0.08698901025724597,-0.005045966213433809,-0.02236711299797418,0.012776753705859989,0.46320346320346323
과매도프록시,lv60+to20,+skew60,5,전체,644,0.10198255108399429,-0.009544264912406645,-0.013390854321796873,-0.005196738395371214,0.38354037267080743
과매도프록시,lv60+to20,+skew60,5,강세,297,0.11296733550250437,-0.010297903160201174,-0.015804202339124853,-0.005955154234746641,0.3400673400673401
과매도프록시,lv60+to20,+skew60,5,조정,56,0.11809803041186938,-0.012783108700193108,-0.02066724711707208,-0.003972368404887724,0.35714285714285715
과매도프록시,lv60+to20,+skew60,5,반등,60,0.0902918863560003,-0.00701705374783041,-0.021226426668121988,0.006050464954831487,0.5
과매도프록시,lv60+to20,+skew60,5,약세,231,0.08698901025724597,-0.008446545683677455,-0.016278512563384903,0.0005301471335548738,0.4155844155844156
과매도프록시,lv60+to20,+price_lvl,5,전체,644,0.10198255108399429,-0.004951506335060227,-0.01261329063816517,0.004119841003931894,0.47360248447204967
과매도프록시,lv60+to20,+price_lvl,5,강세,297,0.11296733550250437,0.0035469354201656316,-0.006899035868719633,0.013051278657475816,0.4983164983164983
과매도프록시,lv60+to20,+price_lvl,5,조정,56,0.11809803041186938,-0.010829043907682686,-0.03786666022207329,0.012184037904865866,0.39285714285714285
과매도프록시,lv60+to20,+price_lvl,5,반등,60,0.0902918863560003,-0.0014859655683596496,-0.012547445107925052,0.015433982874183218,0.5833333333333334
과매도프록시,lv60+to20,+price_lvl,5,약세,231,0.08698901025724597,-0.015353357171585149,-0.029355526076113275,-0.0026581350889947025,0.4329004329004329
과매도프록시,lv60+to20,+lv20,20,전체,629,0.149768447926923,-0.000358505380938196,-0.0034945577390882395,0.0033415985912966,0.4562798092209857
과매도프록시,lv60+to20,+lv20,20,강세,297,0.18802539514036948,-0.006169595782484968,-0.010573441129921235,-0.0013762853324148937,0.37373737373737376
과매도프록시,lv60+to20,+lv20,20,조정,56,0.10152218125833302,0.0009544679980517276,-0.009712119896227143,0.009995380388077481,0.5535714285714286
과매도프록시,lv60+to20,+lv20,20,반등,48,0.10699258132297713,0.007253291258377498,0.001340901596538131,0.016352311610325916,0.625
과매도프록시,lv60+to20,+lv20,20,약세,228,0.12078914620778637,0.005286236291644272,0.0013089654069034554,0.010597600129207024,0.5043859649122807
과매도프록시,lv60+to20,+rv21,20,전체,629,0.149768447926923,-0.00019436807676560504,-0.003314675725038913,0.0034086778564358052,0.4753577106518283
과매도프록시,lv60+to20,+rv21,20,강세,297,0.18802539514036948,-0.005835457052634413,-0.010178186747156823,-0.0012276855723350958,0.3939393939393939
과매도프록시,lv60+to20,+rv21,20,조정,56,0.10152218125833302,0.0012943937918351196,-0.009108738629723603,0.010310504276179931,0.5714285714285714
과매도프록시,lv60+to20,+rv21,20,반등,48,0.10699258132297713,0.006731256840511496,0.0005174902536415498,0.016132731897649206,0.5833333333333334
과매도프록시,lv60+to20,+rv21,20,약세,228,0.12078914620778637,0.00533020545464709,0.0016047675263083127,0.010473321402350282,0.5350877192982456
과매도프록시,lv60+to20,+nh252,20,전체,629,0.149768447926923,0.003731126849526785,-0.0018406515614950336,0.009585019877651873,0.5405405405405406
과매도프록시,lv60+to20,+nh252,20,강세,297,0.18802539514036948,0.008310640957250075,-0.00094389422032924,0.016624858777083522,0.5993265993265994
과매도프록시,lv60+to20,+nh252,20,조정,56,0.10152218125833302,0.019921181397229613,0.004285414500883682,0.041254319996440005,0.6607142857142857
과매도프록시,lv60+to20,+nh252,20,반등,48,0.10699258132297713,0.005333405365212232,-0.004583677539265319,0.015862968066334526,0.5416666666666666
과매도프록시,lv60+to20,+nh252,20,약세,228,0.12078914620778637,-0.006548119261956009,-0.017414930961984695,0.005019289378030812,0.4342105263157895
과매도프록시,lv60+to20,+dlow252,20,전체,629,0.149768447926923,-0.020964698183757458,-0.02720987374981952,-0.014752667831623581,0.29252782193958665
과매도프록시,lv60+to20,+dlow252,20,강세,297,0.18802539514036948,-0.03190068738180042,-0.041602058665948974,-0.021826936586941133,0.23232323232323232
과매도프록시,lv60+to20,+dlow252,20,조정,56,0.10152218125833302,-0.02395483512345329,-0.04165331246810811,-0.009179730036799186,0.26785714285714285
과매도프록시,lv60+to20,+dlow252,20,반등,48,0.10699258132297713,-0.015425402106817579,-0.028397856298117984,-0.001858817089285399,0.20833333333333334
과매도프록시,lv60+to20,+dlow252,20,약세,228,0.12078914620778637,-0.007150881303281089,-0.016019818632136185,0.0014948227722808224,0.39473684210526316
과매도프록시,lv60+to20,+mom12_1,20,전체,629,0.149768447926923,-0.006681985616827165,-0.01651745221523617,0.002961263588772488,0.4769475357710652
과매도프록시,lv60+to20,+mom12_1,20,강세,297,0.18802539514036948,-0.00840270185522432,-0.021767972401338247,0.005776100560064372,0.44107744107744107
과매도프록시,lv60+to20,+mom12_1,20,조정,56,0.10152218125833302,0.010270285144551654,-0.0051697717498736025,0.030777002503289165,0.5714285714285714
과매도프록시,lv60+to20,+mom12_1,20,반등,48,0.10699258132297713,-0.0016656252370282388,-0.012548397063210539,0.012452919115064586,0.5416666666666666
과매도프록시,lv60+to20,+mom12_1,20,약세,228,0.12078914620778637,-0.009660317801316667,-0.0266911491782702,0.0036364430791617827,0.4868421052631579
과매도프록시,lv60+to20,+mom21,20,전체,629,0.149768447926923,-0.01474533785497037,-0.019579072539771116,-0.010364166761572055,0.32273449920508746
과매도프록시,lv60+to20,+mom21,20,강세,297,0.18802539514036948,-0.014303817126747288,-0.020266813939333748,-0.009060093768794818,0.3367003367003367
과매도프록시,lv60+to20,+mom21,20,조정,56,0.10152218125833302,-0.0019849759990960337,-0.020143106909607383,0.019707180028086295,0.5357142857142857
과매도프록시,lv60+to20,+mom21,20,반등,48,0.10699258132297713,-0.01646967686043889,-0.02765051679976106,-0.005910706485794486,0.2916666666666667
과매도프록시,lv60+to20,+mom21,20,약세,228,0.12078914620778637,-0.018091581924920937,-0.024736051531275588,-0.01138511469241298,0.25877192982456143
과매도프록시,lv60+to20,+mom63,20,전체,629,0.149768447926923,0.0008618099614099294,-0.005441603272825981,0.0077054802620901775,0.5310015898251192
과매도프록시,lv60+to20,+mom63,20,강세,297,0.18802539514036948,0.01355025740614909,0.0050099797879622635,0.02179928380547853,0.6632996632996633
과매도프록시,lv60+to20,+mom63,20,조정,56,0.10152218125833302,0.005253535801772293,-0.013192533081203595,0.030409409913314134,0.5892857142857143
과매도프록시,lv60+to20,+mom63,20,반등,48,0.10699258132297713,0.011191753540191298,-0.0016008750416332917,0.021442760377055003,0.6666666666666666
과매도프록시,lv60+to20,+mom63,20,약세,228,0.12078914620778637,-0.018919956836525722,-0.029915303709105272,-0.007091533056480374,0.3157894736842105
과매도프록시,lv60+to20,+ret5,20,전체,629,0.149768447926923,-0.022205107467441774,-0.030597542955341554,-0.014478754131609461,0.35453100158982515
과매도프록시,lv60+to20,+ret5,20,강세,297,0.18802539514036948,-0.026333839632188334,-0.03484528941532352,-0.017404153507931817,0.31986531986531985
과매도프록시,lv60+to20,+ret5,20,조정,56,0.10152218125833302,-0.0012504283011376197,-0.0180088949198542,0.01564073210721484,0.4642857142857143
과매도프록시,lv60+to20,+ret5,20,반등,48,0.10699258132297713,-0.030198071888194854,-0.05875288568660656,-0.011306150494556728,0.3541666666666667
과매도프록시,lv60+to20,+ret5,20,약세,228,0.12078914620778637,-0.02029092452089422,-0.03606995068521827,-0.008537244329787889,0.37280701754385964
과매도프록시,lv60+to20,+upratio63,20,전체,629,0.149768447926923,-0.0043977843121257515,-0.012195301364023109,0.0034697949649969166,0.43243243243243246
과매도프록시,lv60+to20,+upratio63,20,강세,297,0.18802539514036948,0.007192304757928681,-0.0018616599087101864,0.016622235771179397,0.5117845117845118
과매도프록시,lv60+to20,+upratio63,20,조정,56,0.10152218125833302,-0.012370728833533046,-0.03185187496843393,0.012896157180467376,0.4107142857142857
과매도프록시,lv60+to20,+upratio63,20,반등,48,0.10699258132297713,0.0177839528026133,0.0018540737691959553,0.03066281921526341,0.625
과매도프록시,lv60+to20,+upratio63,20,약세,228,0.12078914620778637,-0.022206972654734668,-0.034246837326435554,-0.01088439497026502,0.29385964912280704
과매도프록시,lv60+to20,+on60,20,전체,629,0.149768447926923,-0.01676778411514627,-0.023635470564003787,-0.010314800185718849,0.3624801271860095
과매도프록시,lv60+to20,+on60,20,강세,297,0.18802539514036948,-0.033486458252364765,-0.04258829024281182,-0.025091070102976558,0.18181818181818182
과매도프록시,lv60+to20,+on60,20,조정,56,0.10152218125833302,-0.025386606629171988,-0.04817150291420624,-0.004152043826712719,0.26785714285714285
과매도프록시,lv60+to20,+on60,20,반등,48,0.10699258132297713,0.007024675473337225,-0.010682305716490184,0.02811038141053996,0.5833333333333334
과매도프록시,lv60+to20,+on60,20,약세,228,0.12078914620778637,0.0021184536887665652,-0.006209897386170162,0.011058069427231755,0.5745614035087719
과매도프록시,lv60+to20,cut:on60,20,전체,629,0.149768447926923,-0.004062935454036496,-0.007685758807064466,-0.0005542971958348765,0.41971383147853736
과매도프록시,lv60+to20,cut:on60,20,강세,297,0.18802539514036948,-0.002205910370726297,-0.007425687700269481,0.002893950791043186,0.4444444444444444
과매도프록시,lv60+to20,cut:on60,20,조정,56,0.10152218125833302,-0.003981258898069975,-0.01027591283433034,0.0013766272152086149,0.3392857142857143
과매도프록시,lv60+to20,cut:on60,20,반등,48,0.10699258132297713,-0.011056707971388446,-0.02008722615309307,-0.001411535527662501,0.3541666666666667
과매도프록시,lv60+to20,cut:on60,20,약세,228,0.12078914620778637,-0.005029642717388956,-0.009211636369760488,-0.0009518692951762616,0.42105263157894735
과매도프록시,lv60+to20,+size,20,전체,629,0.149768447926923,0.00039240569519566397,-0.008202492702488268,0.009618511065033995,0.5294117647058824
과매도프록시,lv60+to20,+size,20,강세,297,0.18802539514036948,0.020544059833774102,0.01026328171936004,0.03202966521057092,0.6565656565656566
과매도프록시,lv60+to20,+size,20,조정,56,0.10152218125833302,-0.01633861326891341,-0.04945039390215616,0.010283280401059042,0.5178571428571429
과매도프록시,lv60+to20,+size,20,반등,48,0.10699258132297713,-0.00826279157889477,-0.03159997173500819,0.011188905748769329,0.4791666666666667
과매도프록시,lv60+to20,+size,20,약세,228,0.12078914620778637,-0.019926255480292695,-0.035200055014576924,-0.007259790482547596,0.37719298245614036
과매도프록시,lv60+to20,+amt20,20,전체,629,0.149768447926923,-0.026331264719211205,-0.033894603259184426,-0.018977397345924192,0.287758346581876
과매도프록시,lv60+to20,+amt20,20,강세,297,0.18802539514036948,-0.05026963530994347,-0.06207004436113293,-0.0407786377703688,0.13468013468013468
과매도프록시,lv60+to20,+amt20,20,조정,56,0.10152218125833302,-0.004903311802196818,-0.02130018788750949,0.02087778964165372,0.39285714285714285
과매도프록시,lv60+to20,+amt20,20,반등,48,0.10699258132297713,-0.015800674135802977,-0.03261239447160498,-0.0016479037424372673,0.3333333333333333
과매도프록시,lv60+to20,+amt20,20,약세,228,0.12078914620778637,-0.0026283596574082227,-0.011722890558868429,0.005552437390548892,0.4517543859649123
과매도프록시,lv60+to20,+max5_21,20,전체,629,0.149768447926923,-0.0027333712734600715,-0.0061258178172796714,0.001277661327752023,0.4594594594594595
과매도프록시,lv60+to20,+max5_21,20,강세,297,0.18802539514036948,-0.007265169112217327,-0.011675560088126726,-0.0021276744166363166,0.39730639730639733
과매도프록시,lv60+to20,+max5_21,20,조정,56,0.10152218125833302,-0.005839012420236816,-0.017478102631739992,0.001618214875132906,0.44642857142857145
과매도프록시,lv60+to20,+max5_21,20,반등,48,0.10699258132297713,0.006911212221733465,-0.0030508099000793867,0.019893856923055446,0.6041666666666666
과매도프록시,lv60+to20,+max5_21,20,약세,228,0.12078914620778637,0.00190224212373779,-0.001964650791092205,0.006906737454483538,0.5131578947368421
과매도프록시,lv60+to20,+bbw20,20,전체,629,0.149768447926923,-0.002322985178493917,-0.006116355867209354,0.0016090977276988076,0.4848966613672496
과매도프록시,lv60+to20,+bbw20,20,강세,297,0.18802539514036948,-0.005805814070205066,-0.011141361505028917,-9.430512319895115e-05,0.4444444444444444
과매도프록시,lv60+to20,+bbw20,20,조정,56,0.10152218125833302,0.007539478420504127,-0.004524022576859353,0.0219638674177437,0.6964285714285714
과매도프록시,lv60+to20,+bbw20,20,반등,48,0.10699258132297713,0.0033121386704046784,-0.005853031540939733,0.01254958714706655,0.6041666666666666
과매도프록시,lv60+to20,+bbw20,20,약세,228,0.12078914620778637,-0.0013948436234623902,-0.00586162297933888,0.003866437334333467,0.4605263157894737
과매도프록시,lv60+to20,+sma20gap,20,전체,629,0.149768447926923,-0.008881850702364478,-0.013008678963807746,-0.004945980859877233,0.3942766295707472
과매도프록시,lv60+to20,+sma20gap,20,강세,297,0.18802539514036948,-0.011264834933038531,-0.017471830855642998,-0.005631564404831072,0.37373737373737376
과매도프록시,lv60+to20,+sma20gap,20,조정,56,0.10152218125833302,-0.0019271182919370236,-0.0145477251292241,0.012174821499337135,0.5535714285714286
과매도프록시,lv60+to20,+sma20gap,20,반등,48,0.10699258132297713,-0.0038064747938786245,-0.015052217616465788,0.00581366296209395,0.5208333333333334
과매도프록시,lv60+to20,+sma20gap,20,약세,228,0.12078914620778637,-0.008554380272895462,-0.014227382545181843,-0.001374277781697636,0.35526315789473684
과매도프록시,lv60+to20,+rsi14,20,전체,629,0.149768447926923,-0.01609797203754715,-0.022947040639876005,-0.009363226428975678,0.31160572337042924
과매도프록시,lv60+to20,+rsi14,20,강세,297,0.18802539514036948,-0.030357179631245974,-0.03680627989847732,-0.02317652409949254,0.18518518518518517
과매도프록시,lv60+to20,+rsi14,20,조정,56,0.10152218125833302,-0.014984463791047082,-0.03184445099024976,0.0037563470579851316,0.26785714285714285
과매도프록시,lv60+to20,+rsi14,20,반등,48,0.10699258132297713,-0.008694266307651808,-0.019321717092755715,0.0017492517500512644,0.4166666666666667
과매도프록시,lv60+to20,+rsi14,20,약세,228,0.12078914620778637,0.0006443539207404474,-0.011657663251610264,0.011459882819094257,0.4649122807017544
과매도프록시,lv60+to20,+dd52,20,전체,629,0.149768447926923,0.003731126849526785,-0.0018406515614950336,0.009585019877651873,0.5405405405405406
과매도프록시,lv60+to20,+dd52,20,강세,297,0.18802539514036948,0.008310640957250075,-0.00094389422032924,0.016624858777083522,0.5993265993265994
과매도프록시,lv60+to20,+dd52,20,조정,56,0.10152218125833302,0.019921181397229613,0.004285414500883682,0.041254319996440005,0.6607142857142857
과매도프록시,lv60+to20,+dd52,20,반등,48,0.10699258132297713,0.005333405365212232,-0.004583677539265319,0.015862968066334526,0.5416666666666666
과매도프록시,lv60+to20,+dd52,20,약세,228,0.12078914620778637,-0.006548119261956009,-0.017414930961984695,0.005019289378030812,0.4342105263157895
과매도프록시,lv60+to20,+ev_buyback60,20,전체,629,0.149768447926923,8.737318069858631e-05,-0.0011351539691522598,0.001230457898888112,0.5246422893481717
과매도프록시,lv60+to20,+ev_buyback60,20,강세,297,0.18802539514036948,0.0006495197889422815,-0.0013473793062042465,0.002588533664453481,0.531986531986532
과매도프록시,lv60+to20,+ev_buyback60,20,조정,56,0.10152218125833302,0.0002664698592228166,-0.0026125439697352935,0.0025593243261887557,0.6071428571428571
과매도프록시,lv60+to20,+ev_buyback60,20,반등,48,0.10699258132297713,-0.000353752781002639,-0.0030130779938065374,0.0023352403480704927,0.4791666666666667
과매도프록시,lv60+to20,+ev_buyback60,20,약세,228,0.12078914620778637,-0.000596016777564903,-0.002547468982733199,0.0013017391141048457,0.5043859649122807
과매도프록시,lv60+to20,+ev_dilution60,20,전체,629,0.149768447926923,0.00555723911303231,0.003123303605511598,0.008034024820777226,0.6581875993640699
과매도프록시,lv60+to20,+ev_dilution60,20,강세,297,0.18802539514036948,0.004721573866715921,0.0010151746411612508,0.008681412984428736,0.6195286195286195
과매도프록시,lv60+to20,+ev_dilution60,20,조정,56,0.10152218125833302,0.009345235997088003,0.0034424925509118566,0.015293371685037848,0.7678571428571429
과매도프록시,lv60+to20,+ev_dilution60,20,반등,48,0.10699258132297713,0.0016271851217652192,-0.004122101993199509,0.00829493186334014,0.4791666666666667
과매도프록시,lv60+to20,+ev_dilution60,20,약세,228,0.12078914620778637,0.006542797640355422,0.0040842311193459244,0.008788712672307136,0.7192982456140351
과매도프록시,lv60+to20,cut:ev_dilution60,20,전체,629,0.149768447926923,0.0015215076956672084,-0.002131351372643323,0.005762365844781357,0.5135135135135135
과매도프록시,lv60+to20,cut:ev_dilution60,20,강세,297,0.18802539514036948,0.004336238816920041,-0.001896565509795427,0.010288488034368253,0.5622895622895623
과매도프록시,lv60+to20,cut:ev_dilution60,20,조정,56,0.10152218125833302,-0.002046792809409678,-0.01283389207898024,0.005896768958148479,0.5357142857142857
과매도프록시,lv60+to20,cut:ev_dilution60,20,반등,48,0.10699258132297713,0.00943940344718408,-0.0030401197635904296,0.02175276211079329,0.6041666666666666
과매도프록시,lv60+to20,cut:ev_dilution60,20,약세,228,0.12078914620778637,-0.002935550685037158,-0.007862620463566717,0.0025689244336798474,0.42543859649122806
과매도프록시,lv60+to20,+downvol60,20,전체,629,0.149768447926923,-0.0015511842761393507,-0.004471766092339782,0.0015062542886323863,0.4960254372019078
과매도프록시,lv60+to20,+downvol60,20,강세,297,0.18802539514036948,-0.005186548124940311,-0.00937986851027178,-0.0008932952731425388,0.4074074074074074
과매도프록시,lv60+to20,+downvol60,20,조정,56,0.10152218125833302,0.0028642860574984324,-0.005320858771986301,0.010878395072770386,0.5892857142857143
과매도프록시,lv60+to20,+downvol60,20,반등,48,0.10699258132297713,0.0035433460397940922,-0.0017675875723450808,0.008759769286919263,0.6458333333333334
과매도프록시,lv60+to20,+downvol60,20,약세,228,0.12078914620778637,0.0010273212907262823,-0.0035188571713467773,0.005770342154904908,0.5570175438596491
과매도프록시,lv60+to20,+hl_range20,20,전체,629,0.149768447926923,0.008244384343188558,0.0057544152592065535,0.01103059772849305,0.724960254372019
과매도프록시,lv60+to20,+hl_range20,20,강세,297,0.18802539514036948,0.006880856111184374,0.0030765606330175528,0.010224900842367246,0.7138047138047138
과매도프록시,lv60+to20,+hl_range20,20,조정,56,0.10152218125833302,0.009427960887991835,0.002488865031168761,0.015167656007846265,0.6964285714285714
과매도프록시,lv60+to20,+hl_range20,20,반등,48,0.10699258132297713,0.01100537170875871,0.002409348549130404,0.019863114130755654,0.7708333333333334
과매도프록시,lv60+to20,+hl_range20,20,약세,228,0.12078914620778637,0.009148595767964398,0.005573659990010602,0.012802828605374293,0.7368421052631579
과매도프록시,lv60+to20,+volvol20,20,전체,629,0.149768447926923,-0.0051427503683172055,-0.012665299528337568,0.002429714795524057,0.45151033386327505
과매도프록시,lv60+to20,+volvol20,20,강세,297,0.18802539514036948,0.002400695281670528,-0.004779081884257387,0.010961574903331626,0.48484848484848486
과매도프록시,lv60+to20,+volvol20,20,조정,56,0.10152218125833302,-0.0052316514686387644,-0.025163169020611584,0.018673020398723962,0.4642857142857143
과매도프록시,lv60+to20,+volvol20,20,반등,48,0.10699258132297713,-0.01790081341599303,-0.04156264311526792,-0.00022906193339886985,0.3541666666666667
과매도프록시,lv60+to20,+volvol20,20,약세,228,0.12078914620778637,-0.012261337518053653,-0.028180361384849445,-0.00016274019480112668,0.42543859649122806
과매도프록시,lv60+to20,+gapfreq60,20,전체,629,0.149768447926923,-0.006253749014771665,-0.011778504364458998,-0.0008109602461190166,0.49761526232114467
과매도프록시,lv60+to20,+gapfreq60,20,강세,297,0.18802539514036948,-0.01545897268250427,-0.02306745980065578,-0.008055916917682013,0.39730639730639733
과매도프록시,lv60+to20,+gapfreq60,20,조정,56,0.10152218125833302,-0.007589997589654884,-0.01961294915547792,0.0017931286355064957,0.42857142857142855
과매도프록시,lv60+to20,+gapfreq60,20,반등,48,0.10699258132297713,0.010574865143594028,0.0028578388627896615,0.018039269590642937,0.7291666666666666
과매도프록시,lv60+to20,+gapfreq60,20,약세,228,0.12078914620778637,0.002522601291844521,-0.005899736388776392,0.012191644409345673,0.5964912280701754
과매도프록시,lv60+to20,+amihud20,20,전체,629,0.149768447926923,-0.03989904085137924,-0.049397865556442475,-0.030517659301381537,0.246422893481717
과매도프록시,lv60+to20,+amihud20,20,강세,297,0.18802539514036948,-0.06994934283257344,-0.08387071273941124,-0.05875805825026722,0.09427609427609428
과매도프록시,lv60+to20,+amihud20,20,조정,56,0.10152218125833302,-0.014608264757803153,-0.03515684008224844,0.016339325474726225,0.35714285714285715
과매도프록시,lv60+to20,+amihud20,20,반등,48,0.10699258132297713,-0.025065518637869714,-0.046361748101196594,-0.0038104864026656856,0.2708333333333333
과매도프록시,lv60+to20,+amihud20,20,약세,228,0.12078914620778637,-0.010089184882405745,-0.02077569984855632,0.0005480172552498957,0.41228070175438597
과매도프록시,lv60+to20,+beta60,20,전체,629,0.149768447926923,-0.013696521406054575,-0.023301590783982824,-0.004422559936554007,0.4117647058823529
과매도프록시,lv60+to20,+beta60,20,강세,297,0.18802539514036948,-0.027823236386616993,-0.04016420470717183,-0.01597536644474649,0.2895622895622896
과매도프록시,lv60+to20,+beta60,20,조정,56,0.10152218125833302,-0.016629548926774467,-0.05812444689101493,0.02433589127326323,0.375
과매도프록시,lv60+to20,+beta60,20,반등,48,0.10699258132297713,0.00393359941235764,-0.012598642406130622,0.025743233445230596,0.5625
과매도프록시,lv60+to20,+beta60,20,약세,228,0.12078914620778637,0.0017141719759786217,-0.012326712893322489,0.01813663075996764,0.5482456140350878
과매도프록시,lv60+to20,+skew60,20,전체,629,0.149768447926923,-0.01477691523673055,-0.02019331783988089,-0.009681752650932046,0.302066772655008
과매도프록시,lv60+to20,+skew60,20,강세,297,0.18802539514036948,-0.01684629604045285,-0.022226193411954694,-0.010950402395357134,0.25925925925925924
과매도프록시,lv60+to20,+skew60,20,조정,56,0.10152218125833302,-0.01930091206469402,-0.025017334020237945,-0.010412226010608587,0.14285714285714285
과매도프록시,lv60+to20,+skew60,20,반등,48,0.10699258132297713,0.0052115820846176985,-0.005775305388925784,0.01944725191241935,0.4791666666666667
과매도프록시,lv60+to20,+skew60,20,약세,228,0.12078914620778637,-0.015178222036525447,-0.02400304718858253,-0.006626933705842167,0.35964912280701755
과매도프록시,lv60+to20,+price_lvl,20,전체,629,0.149768447926923,-0.006388628002891572,-0.01579616711128173,0.0037793316148179664,0.4960254372019078
과매도프록시,lv60+to20,+price_lvl,20,강세,297,0.18802539514036948,0.010532392896414604,0.0012883987341543702,0.021163262337349924,0.5757575757575758
과매도프록시,lv60+to20,+price_lvl,20,조정,56,0.10152218125833302,-0.012098157992178334,-0.04436209560497066,0.018217287016101955,0.5714285714285714
과매도프록시,lv60+to20,+price_lvl,20,반등,48,0.10699258132297713,-0.022325989841330208,-0.05628212303147559,0.005678838291694249,0.4375
과매도프록시,lv60+to20,+price_lvl,20,약세,228,0.12078914620778637,-0.02367290940398289,-0.04162311678817526,-0.010026115485859279,0.38596491228070173
과매도프록시,lv60+to20,+lv20,60,전체,589,0.19584063770399368,-0.0052815894917263954,-0.009320734043026524,-0.002049797850095337,0.4091680814940577
과매도프록시,lv60+to20,+lv20,60,강세,297,0.20294777039087747,-0.007561241338265543,-0.012630613465829043,-0.0025241636297705897,0.3771043771043771
과매도프록시,lv60+to20,+lv20,60,조정,56,0.23415627134614586,-0.005555972850781946,-0.017986819599044003,0.006501351557811509,0.39285714285714285
과매도프록시,lv60+to20,+lv20,60,반등,48,0.19171734861976542,-0.003399482806382591,-0.014176390044275391,0.00836767142804729,0.4791666666666667
과매도프록시,lv60+to20,+lv20,60,약세,188,0.17425246740653605,-0.0020790312702756784,-0.006658384876610209,0.0020642408569461292,0.44680851063829785
과매도프록시,lv60+to20,+rv21,60,전체,589,0.19584063770399368,-0.005198508741182787,-0.00923405885059044,-0.0021409061048803042,0.41765704584040747
과매도프록시,lv60+to20,+rv21,60,강세,297,0.20294777039087747,-0.007484837092897343,-0.012477699853101015,-0.002689048213230927,0.3872053872053872
과매도프록시,lv60+to20,+rv21,60,조정,56,0.23415627134614586,-0.005976216839238285,-0.018398343334783924,0.006838615779811282,0.375
과매도프록시,lv60+to20,+rv21,60,반등,48,0.19171734861976542,-0.0036000682437286467,-0.01347670050160866,0.007758975983542214,0.4791666666666667
과매도프록시,lv60+to20,+rv21,60,약세,188,0.17425246740653605,-0.0017630511344139971,-0.006203215056035979,0.0023577056524690665,0.4627659574468085
과매도프록시,lv60+to20,+nh252,60,전체,589,0.19584063770399368,0.008090560307958093,-2.491362392075562e-05,0.016525712824253736,0.5551782682512734
과매도프록시,lv60+to20,+nh252,60,강세,297,0.20294777039087747,0.015568679717267518,0.0038884909716801006,0.026509212559053905,0.6026936026936027
과매도프록시,lv60+to20,+nh252,60,조정,56,0.23415627134614586,0.021595905786461877,0.003713927793604228,0.04374836978368475,0.6607142857142857
과매도프록시,lv60+to20,+nh252,60,반등,48,0.19171734861976542,-0.016240920634061396,-0.03573705355195731,-0.001191928664123617,0.3125
과매도프록시,lv60+to20,+nh252,60,약세,188,0.17425246740653605,-0.0015338531289790177,-0.01105881422774045,0.008437112309160921,0.5106382978723404
과매도프록시,lv60+to20,+dlow252,60,전체,589,0.19584063770399368,-0.033296779334288026,-0.040410437496686,-0.026681773745146405,0.200339558573854
과매도프록시,lv60+to20,+dlow252,60,강세,297,0.20294777039087747,-0.04205295115946458,-0.051833295353228497,-0.0330571765959069,0.15824915824915825
과매도프록시,lv60+to20,+dlow252,60,조정,56,0.23415627134614586,-0.04493431628423285,-0.062052686524894186,-0.03337927296874267,0.08928571428571429
과매도프록시,lv60+to20,+dlow252,60,반등,48,0.19171734861976542,-0.01170400393555382,-0.024638676803175257,0.0043829032628032475,0.2708333333333333
과매도프록시,lv60+to20,+dlow252,60,약세,188,0.17425246740653605,-0.02151043953569705,-0.031152448442055804,-0.012122004494653824,0.28191489361702127
과매도프록시,lv60+to20,+mom12_1,60,전체,589,0.19584063770399368,-0.0024833823232965945,-0.011777208610436117,0.008034678395840097,0.5297113752122241
과매도프록시,lv60+to20,+mom12_1,60,강세,297,0.20294777039087747,-0.002995620281236044,-0.02059209691573995,0.014574799939247247,0.4983164983164983
과매도프록시,lv60+to20,+mom12_1,60,조정,56,0.23415627134614586,-0.0012136451255125441,-0.019822188375999417,0.024169771438719616,0.5535714285714286
과매도프록시,lv60+to20,+mom12_1,60,반등,48,0.19171734861976542,-0.01261215559116062,-0.03345201384527061,0.011317701526278529,0.5
과매도프록시,lv60+to20,+mom12_1,60,약세,188,0.17425246740653605,0.0005336948431373592,-0.0058668041992577654,0.007991119838257099,0.5797872340425532
과매도프록시,lv60+to20,+mom21,60,전체,589,0.19584063770399368,-0.013119273276533061,-0.018523461598122452,-0.008011913162556452,0.3225806451612903
과매도프록시,lv60+to20,+mom21,60,강세,297,0.20294777039087747,-0.01291190433115658,-0.018781934957863473,-0.006388872118009936,0.3468013468013468
과매도프록시,lv60+to20,+mom21,60,조정,56,0.23415627134614586,-0.014385434856185441,-0.026667894795318628,0.001501197772303571,0.30357142857142855
과매도프록시,lv60+to20,+mom21,60,반등,48,0.19171734861976542,-0.019169948098188044,-0.035837293118029544,-0.010010379312308394,0.22916666666666666
과매도프록시,lv60+to20,+mom21,60,약세,188,0.17425246740653605,-0.011524864430133284,-0.01854076295398918,-0.004454432672902565,0.31382978723404253
과매도프록시,lv60+to20,+mom63,60,전체,589,0.19584063770399368,0.008114365492641057,0.000278302497308893,0.017430115195426383,0.5466893039049237
과매도프록시,lv60+to20,+mom63,60,강세,297,0.20294777039087747,0.015791140365492923,0.0033986534958307204,0.026824963117395267,0.5993265993265994
과매도프록시,lv60+to20,+mom63,60,조정,56,0.23415627134614586,0.01394124501651429,-0.006890786046143137,0.0418026429363801,0.48214285714285715
과매도프록시,lv60+to20,+mom63,60,반등,48,0.19171734861976542,-0.01494442302222822,-0.029767237551886136,-0.0035625749920150432,0.3333333333333333
과매도프록시,lv60+to20,+mom63,60,약세,188,0.17425246740653605,0.00013837856785287454,-0.011092552242154694,0.011910148631142935,0.5372340425531915
과매도프록시,lv60+to20,+ret5,60,전체,589,0.19584063770399368,-0.02921275197609197,-0.036424251953584834,-0.022613575792718478,0.2801358234295416
과매도프록시,lv60+to20,+ret5,60,강세,297,0.20294777039087747,-0.03134968756743783,-0.039444315517394975,-0.021749169486004614,0.27946127946127947
과매도프록시,lv60+to20,+ret5,60,조정,56,0.23415627134614586,-0.016962602751736333,-0.030483401126107038,0.0010359215864438915,0.30357142857142855
과매도프록시,lv60+to20,+ret5,60,반등,48,0.19171734861976542,-0.04207866173330019,-0.05800351565351881,-0.02652283961020519,0.14583333333333334
과매도프록시,lv60+to20,+ret5,60,약세,188,0.17425246740653605,-0.026200915899433457,-0.037819889485975124,-0.012892690553816631,0.30851063829787234
과매도프록시,lv60+to20,+upratio63,60,전체,589,0.19584063770399368,6.618217655338782e-05,-0.006965951388563009,0.00866509873567233,0.4533106960950764
과매도프록시,lv60+to20,+upratio63,60,강세,297,0.20294777039087747,0.009534108855158431,-0.002543850187480175,0.020732117401371906,0.494949494949495
과매도프록시,lv60+to20,+upratio63,60,조정,56,0.23415627134614586,-0.01878777442752984,-0.04143562820041139,0.010309647282357694,0.3392857142857143
과매도프록시,lv60+to20,+upratio63,60,반등,48,0.19171734861976542,-0.008530373604720446,-0.021291258874368262,0.009477798199463856,0.3125
과매도프록시,lv60+to20,+upratio63,60,약세,188,0.17425246740653605,-0.007080190037360938,-0.014809415148196324,0.0029806631040405008,0.4574468085106383
과매도프록시,lv60+to20,+on60,60,전체,589,0.19584063770399368,-0.027940300424791967,-0.036583922817093474,-0.01983165257306739,0.2767402376910017
과매도프록시,lv60+to20,+on60,60,강세,297,0.20294777039087747,-0.04453869366479141,-0.055827813290163404,-0.03346289732192127,0.13468013468013468
과매도프록시,lv60+to20,+on60,60,조정,56,0.23415627134614586,-0.04159669034510094,-0.0712654458862292,-0.016872697366401127,0.125
과매도프록시,lv60+to20,+on60,60,반등,48,0.19171734861976542,0.0022958782297680318,-0.016527486376240092,0.02569896468102424,0.5625
과매도프록시,lv60+to20,+on60,60,약세,188,0.17425246740653605,-0.005370385252460824,-0.01681174074196662,0.006485589792898359,0.4734042553191489
과매도프록시,lv60+to20,cut:on60,60,전체,589,0.19584063770399368,-0.006563733968336851,-0.009542934931212464,-0.003919769528769552,0.3616298811544992
과매도프록시,lv60+to20,cut:on60,60,강세,297,0.20294777039087747,-0.0072878262446277355,-0.011227383119708586,-0.0034507604883305372,0.3400673400673401
과매도프록시,lv60+to20,cut:on60,60,조정,56,0.23415627134614586,-0.0022520029357524607,-0.0105585746249122,0.007228801237730532,0.5178571428571429
과매도프록시,lv60+to20,cut:on60,60,반등,48,0.19171734861976542,-0.00684465483763952,-0.015658414552620833,0.0011088828490607194,0.3958333333333333
과매도프록시,lv60+to20,cut:on60,60,약세,188,0.17425246740653605,-0.00663244317067624,-0.011496083456760965,-0.0016268234022298667,0.3404255319148936
과매도프록시,lv60+to20,+size,60,전체,589,0.19584063770399368,0.009900128225715727,0.002638308818189229,0.019073875984823872,0.5585738539898133
과매도프록시,lv60+to20,+size,60,강세,297,0.20294777039087747,0.0233000876947237,0.01186608578827845,0.03533440516011797,0.6835016835016835
과매도프록시,lv60+to20,+size,60,조정,56,0.23415627134614586,0.013763849458715538,-0.013248076953353402,0.04865960174404346,0.625
과매도프록시,lv60+to20,+size,60,반등,48,0.19171734861976542,-0.010313640617451549,-0.028896026593315065,0.009731415965909016,0.3541666666666667
과매도프록시,lv60+to20,+size,60,약세,188,0.17425246740653605,-0.007258890108706241,-0.01635929081282439,0.0031181498879047807,0.39361702127659576
과매도프록시,lv60+to20,+amt20,60,전체,589,0.19584063770399368,-0.04626724773714711,-0.054520534633937266,-0.03871319607078588,0.15110356536502548
과매도프록시,lv60+to20,+amt20,60,강세,297,0.20294777039087747,-0.055220502543134896,-0.06468673606156429,-0.04618483419952623,0.12457912457912458
과매도프록시,lv60+to20,+amt20,60,조정,56,0.23415627134614586,-0.060329434434986395,-0.08494729722275327,-0.040394657523088545,0.10714285714285714
과매도프록시,lv60+to20,+amt20,60,반등,48,0.19171734861976542,-0.03689195567664199,-0.06099723156904466,-0.010963414238452991,0.22916666666666666
과매도프록시,lv60+to20,+amt20,60,약세,188,0.17425246740653605,-0.03032796521824748,-0.0413348379725977,-0.022153057014999825,0.18617021276595744
과매도프록시,lv60+to20,+max5_21,60,전체,589,0.19584063770399368,-0.008929786060065299,-0.01329455899389757,-0.004561777932539629,0.3769100169779287
과매도프록시,lv60+to20,+max5_21,60,강세,297,0.20294777039087747,-0.01247224286589813,-0.01837299651875103,-0.006207916590095929,0.32996632996632996
과매도프록시,lv60+to20,+max5_21,60,조정,56,0.23415627134614586,-0.011257796828639486,-0.020459928294576664,-0.002154698011900725,0.23214285714285715
과매도프록시,lv60+to20,+max5_21,60,반등,48,0.19171734861976542,-0.008968386422032083,-0.023035402132105462,0.005398494874249102,0.5
과매도프록시,lv60+to20,+max5_21,60,약세,188,0.17425246740653605,-0.0026301525933264077,-0.007090147942356361,0.0023317599406919346,0.4627659574468085
과매도프록시,lv60+to20,+bbw20,60,전체,589,0.19584063770399368,-0.003225776557538664,-0.007250000423112924,0.0006338351262610893,0.4465195246179966
과매도프록시,lv60+to20,+bbw20,60,강세,297,0.20294777039087747,-0.003077250763296595,-0.008089361885249547,0.002047167822573542,0.4444444444444444
과매도프록시,lv60+to20,+bbw20,60,조정,56,0.23415627134614586,-0.007221191135442744,-0.01846653740071523,0.004926380533812957,0.39285714285714285
과매도프록시,lv60+to20,+bbw20,60,반등,48,0.19171734861976542,-0.0007904635585557139,-0.011467226960096694,0.01106003599394865,0.4583333333333333
과매도프록시,lv60+to20,+bbw20,60,약세,188,0.17425246740653605,-0.0028920742622112585,-0.00868646825779497,0.0033357189835563853,0.4627659574468085
과매도프록시,lv60+to20,+sma20gap,60,전체,589,0.19584063770399368,-0.01305327389492546,-0.017067820898040435,-0.008970029559303018,0.300509337860781
과매도프록시,lv60+to20,+sma20gap,60,강세,297,0.20294777039087747,-0.013326290998409237,-0.019262498615558562,-0.00851437288184823,0.2962962962962963
과매도프록시,lv60+to20,+sma20gap,60,조정,56,0.23415627134614586,-0.01993639400483956,-0.02815240603974785,-0.011634987521671882,0.21428571428571427
과매도프록시,lv60+to20,+sma20gap,60,반등,48,0.19171734861976542,-0.01057329765621709,-0.0206374052205891,0.002934858683647055,0.3125
과매도프록시,lv60+to20,+sma20gap,60,약세,188,0.17425246740653605,-0.011204859286245301,-0.01939191646465597,-0.0037392941353140774,0.32978723404255317
과매도프록시,lv60+to20,+rsi14,60,전체,589,0.19584063770399368,-0.03264799726984562,-0.038328506168852645,-0.02776014819435598,0.1273344651952462
과매도프록시,lv60+to20,+rsi14,60,강세,297,0.20294777039087747,-0.04108394186219304,-0.046442174091727795,-0.034138060517924056,0.07744107744107744
과매도프록시,lv60+to20,+rsi14,60,조정,56,0.23415627134614586,-0.03690284921876924,-0.05260904202553385,-0.024347798311265823,0.10714285714285714
과매도프록시,lv60+to20,+rsi14,60,반등,48,0.19171734861976542,-0.020791062570800753,-0.03170898456592526,-0.007301477176546699,0.16666666666666666
과매도프록시,lv60+to20,+rsi14,60,약세,188,0.17425246740653605,-0.02108089946392674,-0.03184612516615676,-0.009199863089982841,0.20212765957446807
과매도프록시,lv60+to20,+dd52,60,전체,589,0.19584063770399368,0.008090560307958093,-2.491362392075562e-05,0.016525712824253736,0.5551782682512734
과매도프록시,lv60+to20,+dd52,60,강세,297,0.20294777039087747,0.015568679717267518,0.0038884909716801006,0.026509212559053905,0.6026936026936027
과매도프록시,lv60+to20,+dd52,60,조정,56,0.23415627134614586,0.021595905786461877,0.003713927793604228,0.04374836978368475,0.6607142857142857
과매도프록시,lv60+to20,+dd52,60,반등,48,0.19171734861976542,-0.016240920634061396,-0.03573705355195731,-0.001191928664123617,0.3125
과매도프록시,lv60+to20,+dd52,60,약세,188,0.17425246740653605,-0.0015338531289790177,-0.01105881422774045,0.008437112309160921,0.5106382978723404
과매도프록시,lv60+to20,+ev_buyback60,60,전체,589,0.19584063770399368,0.0005042930378361723,-0.0009151649803100635,0.0019271571848340245,0.4770797962648557
과매도프록시,lv60+to20,+ev_buyback60,60,강세,297,0.20294777039087747,-0.0005156632285800428,-0.0021132047213388984,0.0009242642014902202,0.4713804713804714
과매도프록시,lv60+to20,+ev_buyback60,60,조정,56,0.23415627134614586,-0.001283714264227456,-0.0038041004373777394,0.0004965728162836895,0.4107142857142857
과매도프록시,lv60+to20,+ev_buyback60,60,반등,48,0.19171734861976542,0.001075498406124751,-0.004791480380757947,0.008090230226375176,0.4166666666666667
과매도프록시,lv60+to20,+ev_buyback60,60,약세,188,0.17425246740653605,0.0025023651780666373,-0.0005238932993635071,0.0058511840982714974,0.5212765957446809
과매도프록시,lv60+to20,+ev_dilution60,60,전체,589,0.19584063770399368,0.007014191526019263,0.004270971724123078,0.009620878648319845,0.6757215619694398
과매도프록시,lv60+to20,+ev_dilution60,60,강세,297,0.20294777039087747,0.007825645825141177,0.004736729774890456,0.011408669485984041,0.7003367003367004
과매도프록시,lv60+to20,+ev_dilution60,60,조정,56,0.23415627134614586,0.00535225124290594,-0.0009719569518691584,0.012796013832331825,0.6785714285714286
과매도프록시,lv60+to20,+ev_dilution60,60,반등,48,0.19171734861976542,0.002795408329031657,-0.005692567066363099,0.015878533874825105,0.5208333333333334
과매도프록시,lv60+to20,+ev_dilution60,60,약세,188,0.17425246740653605,0.007304448560437046,0.0033548401102095633,0.011916956443675977,0.675531914893617
과매도프록시,lv60+to20,cut:ev_dilution60,60,전체,589,0.19584063770399368,0.005195336476581067,0.0010652857172540318,0.0086702311231901,0.5721561969439728
과매도프록시,lv60+to20,cut:ev_dilution60,60,강세,297,0.20294777039087747,0.00418097767976692,-0.0019396818241492052,0.009940751055946466,0.5555555555555556
과매도프록시,lv60+to20,cut:ev_dilution60,60,조정,56,0.23415627134614586,0.011047581810026645,0.002717615344950239,0.018972028371313447,0.7857142857142857
과매도프록시,lv60+to20,cut:ev_dilution60,60,반등,48,0.19171734861976542,0.01300304810633974,-0.0027666727830105466,0.026468313197597924,0.6666666666666666
과매도프록시,lv60+to20,cut:ev_dilution60,60,약세,188,0.17425246740653605,0.0030611272518599646,-0.003711901352397239,0.010294064678225972,0.5106382978723404
과매도프록시,lv60+to20,+downvol60,60,전체,589,0.19584063770399368,-0.0016365871465133992,-0.004434182169334471,0.0008834071353115806,0.41935483870967744
과매도프록시,lv60+to20,+downvol60,60,강세,297,0.20294777039087747,-0.004072270772406973,-0.008084028102715036,0.00027691643279442035,0.3501683501683502
과매도프록시,lv60+to20,+downvol60,60,조정,56,0.23415627134614586,0.00043552074240432725,-0.007499520393855282,0.007489226988299941,0.39285714285714285
과매도프록시,lv60+to20,+downvol60,60,반등,48,0.19171734861976542,-0.005988519964701194,-0.009737465349323125,-0.001358635810813671,0.20833333333333334
과매도프록시,lv60+to20,+downvol60,60,약세,188,0.17425246740653605,0.0027051829087207132,-0.001215975866669352,0.00662784649067242,0.5904255319148937
과매도프록시,lv60+to20,+hl_range20,60,전체,589,0.19584063770399368,0.006974943902950635,0.004235609369292183,0.009494344373424675,0.6757215619694398
과매도프록시,lv60+to20,+hl_range20,60,강세,297,0.20294777039087747,0.004995253759522344,0.0016807440670337723,0.008793233731195449,0.6363636363636364
과매도프록시,lv60+to20,+hl_range20,60,조정,56,0.23415627134614586,0.010614284048034366,0.005043712660380023,0.017423251080652555,0.7678571428571429
과매도프록시,lv60+to20,+hl_range20,60,반등,48,0.19171734861976542,0.009744621925323126,0.001661445824226899,0.019032568069181313,0.6666666666666666
과매도프록시,lv60+to20,+hl_range20,60,약세,188,0.17425246740653605,0.008311222516778478,0.004693655417179951,0.011880832726323766,0.7127659574468085
과매도프록시,lv60+to20,+volvol20,60,전체,589,0.19584063770399368,-0.009170760176791973,-0.014570813099677284,-0.0022463779946363263,0.3938879456706282
과매도프록시,lv60+to20,+volvol20,60,강세,297,0.20294777039087747,0.0003721197279342703,-0.007230998600173558,0.008390989639655648,0.49158249158249157
과매도프록시,lv60+to20,+volvol20,60,조정,56,0.23415627134614586,-0.01438203852183453,-0.031657935685292356,0.008740206752339172,0.44642857142857145
과매도프록시,lv60+to20,+volvol20,60,반등,48,0.19171734861976542,-0.02616105617715994,-0.0424797804039148,-0.00811035830996972,0.16666666666666666
과매도프록시,lv60+to20,+volvol20,60,약세,188,0.17425246740653605,-0.01835623643404543,-0.029436395180346027,-0.006515238562244605,0.28191489361702127
과매도프록시,lv60+to20,+gapfreq60,60,전체,589,0.19584063770399368,-0.010242052826073118,-0.015470530767313828,-0.005377788222070576,0.39728353140916806
과매도프록시,lv60+to20,+gapfreq60,60,강세,297,0.20294777039087747,-0.016983528435816908,-0.024606426410721645,-0.00985451897746344,0.31986531986531985
과매도프록시,lv60+to20,+gapfreq60,60,조정,56,0.23415627134614586,-0.01711986813012741,-0.033000771890066435,-0.005740392842351822,0.30357142857142855
과매도프록시,lv60+to20,+gapfreq60,60,반등,48,0.19171734861976542,0.005185958215094934,-0.006470055522809797,0.016836331332361783,0.5416666666666666
과매도프록시,lv60+to20,+gapfreq60,60,약세,188,0.17425246740653605,-0.0014823114263663184,-0.009402379638465762,0.0048575949310989165,0.5106382978723404
과매도프록시,lv60+to20,+amihud20,60,전체,589,0.19584063770399368,-0.0615805419522287,-0.07206039651358387,-0.05235150243406902,0.12903225806451613
과매도프록시,lv60+to20,+amihud20,60,강세,297,0.20294777039087747,-0.07471759381548244,-0.08564293316321021,-0.0637642226908587,0.09764309764309764
과매도프록시,lv60+to20,+amihud20,60,조정,56,0.23415627134614586,-0.07926047797391912,-0.1097426197673147,-0.052663893903763484,0.10714285714285714
과매도프록시,lv60+to20,+amihud20,60,반등,48,0.19171734861976542,-0.0461922849807504,-0.07709968533826976,-0.013851056732615772,0.1875
과매도프록시,lv60+to20,+amihud20,60,약세,188,0.17425246740653605,-0.039489347877919835,-0.05275074244881001,-0.028344217224956815,0.1702127659574468
과매도프록시,lv60+to20,+beta60,60,전체,589,0.19584063770399368,-0.02305371335792633,-0.03669186338396715,-0.011886974757208516,0.4533106960950764
과매도프록시,lv60+to20,+beta60,60,강세,297,0.20294777039087747,-0.04337119516842587,-0.06376584910524341,-0.025840871183689898,0.3367003367003367
과매도프록시,lv60+to20,+beta60,60,조정,56,0.23415627134614586,-0.02053117322257853,-0.0649809273880394,0.012450554362116933,0.3392857142857143
과매도프록시,lv60+to20,+beta60,60,반등,48,0.19171734861976542,-0.003948534863308634,-0.034011712725924625,0.027465601730398668,0.6041666666666666
과매도프록시,lv60+to20,+beta60,60,약세,188,0.17425246740653605,0.003414272186739835,-0.012723637039098729,0.01997881923775698,0.6329787234042553
과매도프록시,lv60+to20,+skew60,60,전체,589,0.19584063770399368,-0.014559182556107626,-0.019278853968606676,-0.009013059700091888,0.32767402376910015
과매도프록시,lv60+to20,+skew60,60,강세,297,0.20294777039087747,-0.018663153950538115,-0.02537764171365161,-0.013024169572374823,0.29292929292929293
과매도프록시,lv60+to20,+skew60,60,조정,56,0.23415627134614586,-0.02836933432457262,-0.04142287084794296,-0.012230663192079971,0.21428571428571427
과매도프록시,lv60+to20,+skew60,60,반등,48,0.19171734861976542,0.0075838326522039414,-0.009851604670848954,0.029886529117478692,0.4375
과매도프록시,lv60+to20,+skew60,60,약세,188,0.17425246740653605,-0.00961565450727285,-0.01907695607884962,0.00279119250479929,0.3882978723404255
과매도프록시,lv60+to20,+price_lvl,60,전체,589,0.19584063770399368,-0.003608681981426898,-0.011818273709397012,0.007086183049382023,0.5110356536502547
과매도프록시,lv60+to20,+price_lvl,60,강세,297,0.20294777039087747,0.011298039411551683,-0.00015958627528611308,0.022770167858419524,0.632996632996633
과매도프록시,lv60+to20,+price_lvl,60,조정,56,0.23415627134614586,-0.001221631725433306,-0.029246777575970898,0.03593101576248675,0.5178571428571429
과매도프록시,lv60+to20,+price_lvl,60,반등,48,0.19171734861976542,-0.03113259495267189,-0.061415342573319785,-0.000594605304343957,0.3333333333333333
과매도프록시,lv60+to20,+price_lvl,60,약세,188,0.17425246740653605,-0.020841784350738173,-0.035197324375260165,-0.00551011973222777,0.3617021276595745
