model,run,mkt,rank,k,ret,exc,상한가 경험(60봉),변동성 상위20%,회전율 상위20%,희석 공시(60일),price_flag,any_flag,basket,clean,clean_any,n_swapped,n_swapped_any
v30,20260623,kosdaq,1,1267.0,15.653846153846162,26.630463330363987,False,False,False,False,False,False,,,,,
v30,20260623,kosdaq,2,1222.0,0.934426229508201,11.911043406026026,False,False,False,False,False,False,,,,,
v30,20260623,kosdaq,3,1104.0,1.6558872305140975,12.632504407031924,False,False,False,False,False,False,,,,,
v30,20260623,kosdaq,4,980.0,11.6765601217656,22.653177298283424,False,False,False,False,False,False,,,,,
v30,20260623,kosdaq,5,890.0,14.072864321608048,25.04948149812587,False,False,False,False,False,False,,,,,
v30,20260623,kosdaq,6,522.0,6.271653543307087,17.248270719824912,False,False,False,False,False,False,,,,,
v30,20260623,kosdaq,7,1239.0,-4.837631887456039,6.138985289061786,False,False,False,False,False,False,,,,,
v30,20260623,kosdaq,8,2137.0,-4.044776119402981,6.931841057114844,False,False,False,False,False,False,,,,,
v30,20260623,kosdaq,9,1503.0,-3.7831737346101226,7.193443441907703,False,False,False,False,False,False,,,,,
v30,20260623,kosdaq,10,1414.0,-4.791044776119401,6.185572400398424,False,False,False,False,False,False,,,,,
v30,20260623,kospi,1,226.0,0.20175438596491446,4.853031288970185,False,False,False,False,False,False,,,,,
v30,20260623,kospi,2,561.0,3.083241455347297,7.734518358352568,False,False,False,False,False,False,,,,,
v30,20260623,kospi,3,96.0,0.08823529411764496,4.739512197122916,False,False,False,False,False,False,,,,,
v30,20260623,kospi,4,1847.0,-0.0975855130784682,4.553691389926803,False,False,False,False,False,False,,,,,
v30,20260623,kospi,5,397.0,0.4280742459396807,5.079351148944951,True,False,False,False,True,True,,,,,
v30,20260623,kospi,6,629.0,-2.909638554216864,1.7416383487884066,False,False,False,False,False,False,,,,,
v30,20260623,kospi,7,506.0,1.625340599455039,6.27661750246031,False,False,False,False,False,False,,,,,
v30,20260623,kospi,8,316.0,5.520942408376961,10.172219311382232,False,False,False,False,False,False,,,,,
v30,20260623,kospi,9,296.0,-1.4685230024213065,3.1827539005839642,False,False,False,False,False,False,,,,,
v30,20260623,kospi,10,429.0,-8.343137254901967,-3.691860351896696,False,False,False,False,False,False,,,,,
v30,20260624,kosdaq,1,619.0,-5.922993492407812,2.837662854937074,False,False,False,False,False,False,,,,,
v30,20260624,kosdaq,2,1334.0,-6.1569343065693385,2.6037220407755477,True,False,False,False,True,True,,,,,
v30,20260624,kosdaq,3,1222.0,1.244966442953011,10.005622790297897,False,False,False,False,False,False,,,,,
v30,20260624,kosdaq,4,1239.0,3.25757575757576,12.018232104920646,False,False,False,False,False,False,,,,,
v30,20260624,kosdaq,5,980.0,12.37878787878789,21.139444226132774,False,False,False,False,False,False,,,,,
v30,20260624,kosdaq,6,1104.0,1.6241830065359402,10.384839353880826,False,False,False,False,False,False,,,,,
v30,20260624,kosdaq,7,1575.0,-0.6934235976789211,8.067232749665965,False,False,False,False,False,False,,,,,
v30,20260624,kosdaq,8,1628.0,-6.183453237410074,2.5772031099348123,False,False,False,False,False,False,,,,,
v30,20260624,kosdaq,9,2045.0,-7.423076923076922,1.3375794242679646,False,False,False,False,False,False,,,,,
v30,20260624,kosdaq,10,890.0,16.058279139569777,24.81893548691466,False,False,False,False,False,False,,,,,
v30,20260624,kospi,1,760.0,8.794320137693623,10.992467607547933,False,False,False,False,False,False,,,,,
v30,20260624,kospi,2,304.0,1.3065887353878818,3.5047362052421915,True,False,False,False,True,True,,,,,
v30,20260624,kospi,3,2514.0,1.7296544035674382,3.927801873421748,False,False,False,False,False,False,,,,,
v30,20260624,kospi,4,82.0,6.195778748180503,8.393926218034814,False,False,False,False,False,False,,,,,
v30,20260624,kospi,5,316.0,5.513071895424837,7.711219365279147,False,False,False,False,False,False,,,,,
v30,20260624,kospi,6,1361.0,2.0991792065663377,4.2973266764206475,False,False,False,False,False,False,,,,,
v30,20260624,kospi,7,242.0,-0.673611111111116,1.5245363587431937,False,False,False,False,False,False,,,,,
v30,20260624,kospi,8,1610.0,-6.930155210643019,-4.732007740788709,False,False,False,False,False,False,,,,,
v30,20260624,kospi,9,720.0,16.42307692307693,18.62122439293124,False,False,False,False,False,False,,,,,
v30,20260624,kospi,10,561.0,15.779069767441866,17.977217237296177,False,False,False,False,False,False,,,,,
v30,20260625,kosdaq,1,619.0,-7.548458149779735,1.6415534681541306,False,False,True,False,True,True,,,,,
v30,20260625,kosdaq,2,1239.0,-0.2590361445783058,8.93097547335556,False,False,False,False,False,False,,,,,
v30,20260625,kosdaq,3,1334.0,-8.972998137802612,0.21701348013125354,True,False,False,False,True,True,,,,,
v30,20260625,kosdaq,4,1104.0,1.9999999999999911,11.190011617933857,False,False,False,False,False,False,,,,,
v30,20260625,kosdaq,5,1628.0,-6.91940085592011,2.2706107620137557,False,False,False,False,False,False,,,,,
v30,20260625,kosdaq,6,1343.0,0.4280742459396807,9.618085863873546,False,False,False,False,False,False,,,,,
v30,20260625,kosdaq,7,1685.0,7.9437086092715266,17.133720227205394,True,False,False,False,True,True,,,,,
v30,20260625,kosdaq,8,556.0,19.14285714285714,28.332868760791005,False,False,False,True,False,True,,,,,
v30,20260625,kosdaq,9,1787.0,26.24976030680729,35.43977192474115,False,False,False,False,False,False,,,,,
v30,20260625,kosdaq,10,1930.0,5.35106382978724,14.541075447721106,False,False,False,False,False,False,,,,,
v30,20260625,kospi,1,261.0,-0.37277353689567594,1.7328415301995785,True,False,False,False,True,True,,,,,
v30,20260625,kospi,2,760.0,9.411504424778771,11.517119491874025,False,False,False,False,False,False,,,,,
v30,20260625,kospi,3,2514.0,6.06851642129106,8.174131488386314,False,False,False,False,False,False,,,,,
v30,20260625,kospi,4,242.0,-0.23521624007060105,1.8703988270246534,False,False,False,False,False,False,,,,,
v30,20260625,kospi,5,316.0,7.232634338138933,9.338249405234187,False,False,False,False,False,False,,,,,
v30,20260625,kospi,6,1068.0,0.6261261261261257,2.73174119322138,False,False,False,False,False,False,,,,,
v30,20260625,kospi,7,506.0,-0.6587301587301582,1.4468849083650963,False,False,False,False,False,False,,,,,
v30,20260625,kospi,8,304.0,-0.12365591397850385,1.9819591531167506,True,False,False,False,True,True,,,,,
v30,20260625,kospi,9,79.0,15.201091519731314,17.306706586826568,False,False,False,False,False,False,,,,,
v30,20260625,kospi,10,82.0,4.2761194029850795,6.381734470080334,False,False,False,False,False,False,,,,,
v30,20260629,kosdaq,1,619.0,-11.513215859030835,6.410510595767592,False,False,True,False,True,True,,,,,
v30,20260629,kosdaq,2,1124.0,3.659445407279039,21.583171862077467,False,False,False,False,False,False,,,,,
v30,20260629,kosdaq,3,1334.0,-14.680478821362797,3.2432476334356295,True,False,False,False,True,True,,,,,
v30,20260629,kosdaq,4,2045.0,-4.244149765990634,13.679576688807792,False,False,False,False,False,False,,,,,
v30,20260629,kosdaq,5,715.0,-12.130218687872762,5.793507766925664,True,False,False,False,True,True,,,,,
v30,20260629,kosdaq,6,1239.0,-1.3567931456548328,16.566933309143593,False,False,False,False,False,False,,,,,
v30,20260629,kosdaq,7,1679.0,-11.814984709480125,6.1087417453183015,False,False,False,False,False,False,,,,,
v30,20260629,kosdaq,8,2009.0,-3.7586558044806475,14.16507065031778,False,False,False,False,False,False,,,,,
v30,20260629,kosdaq,9,1856.0,-3.7000000000000024,14.223726454798424,False,False,False,False,False,False,,,,,
v30,20260629,kosdaq,10,1104.0,3.5336134453781596,21.457339900176585,False,False,False,False,False,False,,,,,
v30,20260629,kospi,1,1610.0,-13.142369020501143,-2.4136189767918665,False,False,False,False,False,False,,,,,
v30,20260629,kospi,2,1833.0,-8.272925764192141,2.4558242795171346,False,False,False,False,False,False,,,,,
v30,20260629,kospi,3,1988.0,8.672259507829983,19.40100955153926,False,False,False,False,False,False,,,,,
v30,20260629,kospi,4,296.0,-2.668674698795181,8.060075344914095,False,False,False,False,False,False,,,,,
v30,20260629,kospi,5,1640.0,-9.305970149253728,1.422779894455548,False,False,False,False,False,False,,,,,
v30,20260629,kospi,6,1003.0,-21.285013380909902,-10.556263337200626,True,True,False,False,True,True,,,,,
v30,20260629,kospi,7,2107.0,9.729276895943572,20.458026939652846,False,False,False,False,False,False,,,,,
v30,20260629,kospi,8,385.0,17.043859649122815,27.77260969283209,False,False,False,False,False,False,,,,,
v30,20260629,kospi,9,82.0,-5.807262569832405,4.921487473876871,False,False,False,False,False,False,,,,,
v30,20260629,kospi,10,1481.0,-5.837078651685389,4.891671392023887,False,False,False,False,False,False,,,,,
v30,20260630,kosdaq,1,1124.0,-12.686978297161932,10.234192837600595,False,False,False,False,False,False,,,,,
v30,20260630,kosdaq,2,1239.0,-8.164233576642332,14.756937558120196,False,False,False,False,False,False,,,,,
v30,20260630,kosdaq,3,1334.0,-22.834558823529417,0.08661231123311097,True,False,False,False,True,True,,,,,
v30,20260630,kosdaq,4,1679.0,-15.636876006441225,7.284295128321302,False,False,False,False,False,False,,,,,
v30,20260630,kosdaq,5,984.0,-5.6219512195122,17.299219915250326,False,False,False,False,False,False,,,,,
v30,20260630,kosdaq,6,1856.0,-5.045454545454541,17.875716589307984,False,False,False,False,False,False,,,,,
v30,20260630,kosdaq,7,2045.0,-5.547318611987383,17.373852522775145,False,False,False,False,False,False,,,,,
v30,20260630,kosdaq,8,1770.0,-9.213136729222516,13.708034405540012,True,False,False,False,True,True,,,,,
v30,20260630,kosdaq,9,1210.0,-11.129921259842524,11.791249874920004,False,False,False,False,False,False,,,,,
v30,20260630,kosdaq,10,1685.0,-8.227272727272727,14.693898407489801,True,False,False,False,True,True,,,,,
v30,20260630,kospi,1,1961.0,-1.1818181818181834,13.06822990349254,False,False,False,False,False,False,,,,,
v30,20260630,kospi,2,1610.0,-16.978555304740407,-2.7285072194296838,False,False,False,False,False,False,,,,,
v30,20260630,kospi,3,2037.0,1.800242130750596,16.05029021606132,False,False,False,False,False,False,,,,,
v30,20260630,kospi,4,1898.0,-4.757641921397381,9.492406163913342,False,False,False,False,False,False,,,,,
v30,20260630,kospi,5,1640.0,-7.14605873261206,7.1039893526986635,False,False,False,False,False,False,,,,,
v30,20260630,kospi,6,1565.0,-26.26736672051696,-12.017318635206237,False,False,False,False,False,False,,,,,
v30,20260630,kospi,7,82.0,-11.785714285714288,2.464333799596435,False,False,False,False,False,False,,,,,
v30,20260630,kospi,8,208.0,-17.580291970802918,-3.3302438854921945,False,False,True,False,True,True,,,,,
v30,20260630,kospi,9,1464.0,-25.32758620689656,-11.077538121585835,False,False,False,False,False,False,,,,,
v30,20260630,kospi,10,1833.0,-11.55263157894737,2.6974165063633535,False,False,False,False,False,False,,,,,
v30,20260701,kosdaq,1,1239.0,-8.451807228915664,15.771925453976836,False,False,False,False,False,False,,,,,
v30,20260701,kosdaq,2,1334.0,-22.29023508137432,1.9334976015181802,True,False,False,False,True,True,,,,,
v30,20260701,kosdaq,3,1124.0,-10.015859766277124,14.207872916615376,False,False,False,False,False,False,,,,,
v30,20260701,kosdaq,4,1770.0,-11.369565217391308,12.854167465501192,True,False,False,False,True,True,,,,,
v30,20260701,kosdaq,5,2045.0,-10.121451104100942,14.102281578791558,False,False,False,False,False,False,,,,,
v30,20260701,kosdaq,6,619.0,-8.425407925407924,15.798324757484576,False,False,False,False,False,False,,,,,
v30,20260701,kosdaq,7,2334.0,33.20535714285714,57.42908982574964,False,False,False,False,False,False,,,,,
v30,20260701,kosdaq,8,1503.0,-7.948275862068965,16.275456820823536,False,False,False,False,False,False,,,,,
v30,20260701,kosdaq,9,1685.0,-0.01690821256038434,24.206824470332116,True,False,False,False,True,True,,,,,
v30,20260701,kosdaq,10,1679.0,-18.082417582417587,6.1413151004749125,False,False,False,False,False,False,,,,,
v30,20260701,kospi,1,1610.0,-10.750569476082006,2.8830562067939525,False,False,False,False,False,False,,,,,
v30,20260701,kospi,2,2037.0,3.8942992874109303,17.52792497028689,False,False,False,False,False,False,,,,,
v30,20260701,kospi,3,1961.0,2.0345622119815614,15.668187894857521,False,False,False,False,False,False,,,,,
v30,20260701,kospi,4,1640.0,-3.639717425431709,9.99390825744425,False,False,False,False,False,False,,,,,
v30,20260701,kospi,5,1565.0,-26.701923076923073,-13.068297394047114,False,False,False,False,False,False,,,,,
v30,20260701,kospi,6,82.0,-5.2761194029850795,8.35750627989088,False,False,False,False,False,False,,,,,
v30,20260701,kospi,7,1464.0,-23.6433506044905,-10.009724921614541,False,False,False,False,False,False,,,,,
v30,20260701,kospi,8,25.0,-8.64676616915423,4.986859513721729,False,False,False,False,False,False,,,,,
v30,20260701,kospi,9,20.0,-10.008716323296351,3.6249093595796076,False,False,False,False,False,False,,,,,
v30,20260701,kospi,10,136.0,20.86986301369863,34.50348869657459,False,False,False,False,False,False,,,,,
v30,20260703,kosdaq,1,1770.0,-2.6650879566982417,9.61525870155651,True,False,False,False,True,True,,,,,
v30,20260703,kosdaq,2,619.0,-3.0229357798165153,9.257410878438236,False,False,False,False,False,False,,,,,
v30,20260703,kosdaq,3,1239.0,0.8126491646778148,13.092995822932567,False,False,False,False,False,False,,,,,
v30,20260703,kosdaq,4,1124.0,6.5175438596491215,18.797890517903873,False,False,False,False,False,False,,,,,
v30,20260703,kosdaq,5,2334.0,35.605032822757124,47.885379481011874,False,False,False,False,False,False,,,,,
v30,20260703,kosdaq,6,1104.0,-1.29617834394905,10.984168314305702,False,False,False,False,False,False,,,,,
v30,20260703,kosdaq,7,1685.0,3.398050974512746,15.678397632767497,True,False,False,False,True,True,,,,,
v30,20260703,kosdaq,8,1222.0,-3.011566424322542,9.26878023393221,False,False,False,False,False,False,,,,,
v30,20260703,kosdaq,9,1334.0,-2.0594541910331383,10.220892467221613,True,False,False,False,True,True,,,,,
v30,20260703,kosdaq,10,1628.0,-7.050522648083623,5.229824010171129,False,False,False,False,False,False,,,,,
v30,20260703,kospi,1,20.0,-3.948275862068961,5.401951522285724,False,False,False,False,False,False,,,,,
v30,20260703,kospi,2,1068.0,-2.4955654101995512,6.854661974155134,False,False,False,False,False,False,,,,,
v30,20260703,kospi,3,304.0,-3.456989247311825,5.893238137042861,True,False,False,False,True,True,,,,,
v30,20260703,kospi,4,546.0,-0.8367003367003353,8.51352704765435,False,False,False,False,False,False,,,,,
v30,20260703,kospi,5,1565.0,-18.73529411764706,-9.385066733292376,False,False,False,False,False,False,,,,,
v30,20260703,kospi,6,2635.0,-1.2863695937090465,8.063857790645638,False,False,False,False,False,False,,,,,
v30,20260703,kospi,7,444.0,-2.2948717948717996,7.055355589482886,False,False,False,False,False,False,,,,,
v30,20260703,kospi,8,2037.0,2.28422273781902,11.634450122173705,False,False,False,False,False,False,,,,,
v30,20260703,kospi,9,760.0,2.0559105431310014,11.406137927485688,False,False,False,False,False,False,,,,,
v30,20260703,kospi,10,136.0,21.632253711201088,30.982481095555773,False,False,False,False,False,False,,,,,
v30,20260706,kosdaq,1,1628.0,-5.778174037089866,-0.9167303042456547,False,False,False,False,False,False,,,,,
v30,20260706,kosdaq,2,1104.0,0.773885350318471,5.6353290831626826,False,False,False,False,False,False,,,,,
v30,20260706,kosdaq,3,1130.0,14.004504504504512,18.865948237348725,True,False,False,False,True,True,,,,,
v30,20260706,kosdaq,4,1693.0,0.35178875638840523,5.213232489232617,False,False,False,False,False,False,,,,,
v30,20260706,kosdaq,5,1448.0,-1.2645259938837912,3.5969177389604203,False,False,False,False,False,False,,,,,
v30,20260706,kosdaq,6,288.0,2.81125827814569,7.672702010989902,False,False,False,False,False,False,,,,,
v30,20260706,kosdaq,7,1334.0,4.878486055776888,9.7399297886211,True,False,False,False,True,True,,,,,
v30,20260706,kosdaq,8,836.0,-1.9067995310668269,2.9546442017773846,False,False,False,False,False,False,,,,,
v30,20260706,kosdaq,9,1091.0,-2.038461538461533,2.8229821943826785,False,False,False,False,False,False,,,,,
v30,20260706,kosdaq,10,619.0,7.047169811320753,11.908613544164965,False,False,False,False,False,False,,,,,
v30,20260706,kospi,1,20.0,0.13391442155309452,5.6145692739041655,False,False,False,False,False,False,,,,,
v30,20260706,kospi,2,1068.0,-2.707505518763797,2.773149333587274,False,False,False,False,False,False,,,,,
v30,20260706,kospi,3,350.0,-3.897734843437705,1.5829200089133661,False,False,False,False,False,False,,,,,
v30,20260706,kospi,4,82.0,21.204180064308677,26.684834916659746,False,False,False,False,False,False,,,,,
v30,20260706,kospi,5,274.0,0.6822660098522064,6.162920862203277,False,False,False,False,False,False,,,,,
v30,20260706,kospi,6,1481.0,1.040616246498594,6.521271098849665,False,False,False,False,False,False,,,,,
v30,20260706,kospi,7,25.0,-7.907407407407407,-2.4267525550563365,False,False,False,False,False,False,,,,,
v30,20260706,kospi,8,787.0,3.2509976057461984,8.731652458097269,False,False,False,False,False,False,,,,,
v30,20260706,kospi,9,1804.0,0.570472792149868,6.051127644500939,False,False,False,False,False,False,,,,,
v30,20260706,kospi,10,557.0,1.5740740740740726,7.054728926425144,False,False,False,False,False,False,,,,,
v30,20260707,kosdaq,1,1628.0,-3.0936599423631135,-4.810781738770411,False,False,False,False,False,False,,,,,
v30,20260707,kosdaq,2,1685.0,19.148562300319483,17.431440503912185,True,False,False,False,True,True,,,,,
v30,20260707,kosdaq,3,1104.0,1.579999999999993,-0.13712179640730437,False,False,False,False,False,False,,,,,
v30,20260707,kosdaq,4,984.0,11.059139784946225,9.342017988538927,False,False,False,False,False,False,,,,,
v30,20260707,kosdaq,5,836.0,-1.7514220705347023,-3.4685438669419995,False,False,False,False,False,False,,,,,
v30,20260707,kosdaq,6,1231.0,-0.18944099378882484,-1.9065627901961222,False,False,False,False,False,False,,,,,
v30,20260707,kosdaq,7,924.0,-4.254940711462451,-5.972062507869748,False,False,False,False,False,False,,,,,
v30,20260707,kosdaq,8,2538.0,2.2878787878787836,0.5707569914714863,False,False,False,False,False,False,,,,,
v30,20260707,kosdaq,9,1091.0,-0.30694980694979623,-2.0240716033570934,False,False,False,False,False,False,,,,,
v30,20260707,kosdaq,10,1693.0,7.336456558773429,5.619334762366132,False,False,False,False,False,False,,,,,
v30,20260707,kospi,1,20.0,3.9045676998368593,5.828082765936137,False,False,False,False,False,False,,,,,
v30,20260707,kospi,2,97.0,-6.277777777777782,-4.354262711678504,False,False,False,False,False,False,,,,,
v30,20260707,kospi,3,787.0,3.9943820224719215,5.917897088571199,False,False,False,False,False,False,,,,,
v30,20260707,kospi,4,1565.0,-9.158743633276744,-7.235228567177466,False,False,False,False,False,False,,,,,
v30,20260707,kospi,5,25.0,1.4108280254777066,3.3343430915769847,False,False,False,False,False,False,,,,,
v30,20260707,kospi,6,1068.0,-1.1681514476614692,0.7553636184378087,False,False,False,False,False,False,,,,,
v30,20260707,kospi,7,1804.0,12.023364485981302,13.94687955208058,False,False,False,False,False,False,,,,,
v30,20260707,kospi,8,760.0,11.876237623762387,13.799752689861664,False,False,False,False,False,False,,,,,
v30,20260707,kospi,9,82.0,33.05155482815058,34.975069894249856,False,False,False,False,False,False,,,,,
v30,20260707,kospi,10,2067.0,5.902793946449359,7.826309012548637,False,False,False,False,False,False,,,,,
v30,20260708,kosdaq,1,1770.0,8.852517985611518,3.8008168043952004,True,False,False,False,True,True,,,,,
v30,20260708,kosdaq,2,924.0,-5.151162790697671,-10.202863971913988,False,False,False,False,False,False,,,,,
v30,20260708,kosdaq,3,1628.0,-5.6048951048951015,-10.65659628611142,False,False,False,False,False,False,,,,,
v30,20260708,kosdaq,4,1448.0,0.3941877794336861,-4.657513401782632,False,False,False,False,False,False,,,,,
v30,20260708,kosdaq,5,1803.0,-0.656494522691708,-5.708195703908026,False,False,False,False,False,False,,,,,
v30,20260708,kosdaq,6,2009.0,9.848468848996827,4.796767667780509,False,False,False,False,False,False,,,,,
v30,20260708,kosdaq,7,984.0,9.36842105263157,4.316719871415252,False,False,False,False,False,False,,,,,
v30,20260708,kosdaq,8,1104.0,4.450495049504955,-0.6012061317113631,False,False,False,False,False,False,,,,,
v30,20260708,kosdaq,9,2060.0,-3.3600612870275817,-8.4117624682439,False,False,False,False,False,False,,,,,
v30,20260708,kosdaq,10,1231.0,-3.681272509003596,-8.732973690219914,False,False,False,False,False,False,,,,,
v30,20260708,kospi,1,397.0,-5.1052631578947345,-6.065817055526921,True,False,False,False,True,True,,,,,
v30,20260708,kospi,2,25.0,-1.6830635118306398,-2.643617409462826,False,False,False,False,False,False,,,,,
v30,20260708,kospi,3,97.0,-6.135359116022098,-7.095913013654284,False,False,False,False,False,False,,,,,
v30,20260708,kospi,4,20.0,5.62582781456954,4.665273916937354,False,False,False,False,False,False,,,,,
v30,20260708,kospi,5,629.0,-4.922604422604426,-5.883158320236612,False,False,False,False,False,False,,,,,
v30,20260708,kospi,6,350.0,-0.22714870395633646,-1.1877026015885226,False,False,False,False,False,False,,,,,
v30,20260708,kospi,7,1068.0,0.17873303167420573,-0.7818208659579804,False,False,False,False,False,False,,,,,
v30,20260708,kospi,8,2067.0,8.515910430170893,7.555356532538706,False,False,False,False,False,False,,,,,
v30,20260708,kospi,9,760.0,16.08119658119659,15.120642683564403,False,False,False,False,False,False,,,,,
v30,20260708,kospi,10,1804.0,13.401760889712689,12.441206992080502,False,False,False,False,False,False,,,,,
v30,20260709,kosdaq,1,1334.0,10.70000000000001,7.768743762342313,True,False,False,False,True,True,,,,,
v30,20260709,kosdaq,2,1448.0,6.031881804043538,3.100625566385841,False,False,False,False,False,False,,,,,
v30,20260709,kosdaq,3,1770.0,5.432203389830515,2.500947152172818,True,False,False,False,True,True,,,,,
v30,20260709,kosdaq,4,1628.0,3.2205770690964317,0.28932083143873477,False,False,False,False,False,False,,,,,
v30,20260709,kosdaq,5,1104.0,6.078947368421062,3.147691130763365,False,False,False,False,False,False,,,,,
v30,20260709,kosdaq,6,512.0,40.87426900584795,37.94301276819025,False,False,False,False,False,False,,,,,
v30,20260709,kosdaq,7,1685.0,24.62647554806071,21.695219310403015,True,False,False,False,True,True,,,,,
v30,20260709,kosdaq,8,2009.0,8.062367864693442,5.131111627035745,False,False,False,False,False,False,,,,,
v30,20260709,kosdaq,9,984.0,9.76315789473684,6.831901657079143,False,False,False,False,False,False,,,,,
v30,20260709,kosdaq,10,1803.0,-6.248865355521937,-9.180121593179633,False,False,False,False,False,False,,,,,
v30,20260709,kospi,1,20.0,3.926229508196711,2.0466801841811435,False,False,False,False,False,False,,,,,
v30,20260709,kospi,2,1565.0,7.022935779816509,5.143386455800941,False,False,False,False,False,False,,,,,
v30,20260709,kospi,3,760.0,15.029010238907848,13.14946091489228,False,False,False,False,False,False,,,,,
v30,20260709,kospi,4,1610.0,2.7727272727272716,0.8931779487117038,False,False,False,False,False,False,,,,,
v30,20260709,kospi,5,1068.0,1.0801354401805856,-0.7994138838349822,False,False,False,False,False,False,,,,,
v30,20260709,kospi,6,629.0,-5.0121951219512235,-6.891744445966792,False,False,False,False,False,False,,,,,
v30,20260709,kospi,7,787.0,5.105199025182772,3.225649701167204,False,False,False,False,False,False,,,,,
v30,20260709,kospi,8,25.0,-1.1785934608266486,-3.0581427848422162,False,False,False,False,False,False,,,,,
v30,20260709,kospi,9,97.0,-4.72691879866518,-6.606468122680748,False,False,False,False,False,False,,,,,
v30,20260709,kospi,10,82.0,36.5675453047776,34.68799598076203,False,False,False,False,False,False,,,,,
v30,20260710,kosdaq,1,2009.0,6.948979591836723,4.222830375257373,False,False,False,False,False,False,,,,,
v30,20260710,kosdaq,2,1334.0,4.4056603773584895,1.679511160779139,True,False,False,False,True,True,,,,,
v30,20260710,kosdaq,3,1683.0,-13.393401015228424,-16.119550231807775,False,True,True,False,True,True,,,,,
v30,20260710,kosdaq,4,1770.0,9.186221009549788,6.460071792970438,True,False,False,False,True,True,,,,,
v30,20260710,kosdaq,5,1231.0,-3.628689492325853,-6.354838708905204,False,False,False,False,False,False,,,,,
v30,20260710,kosdaq,6,1874.0,-0.3589562764456984,-3.0851054930250488,False,False,False,False,False,False,,,,,
v30,20260710,kosdaq,7,1503.0,28.150904033379685,25.424754816800334,False,False,False,False,False,False,,,,,
v30,20260710,kosdaq,8,1140.0,-0.10681520314547123,-2.8329644197248216,True,False,False,False,True,True,,,,,
v30,20260710,kosdaq,9,1242.0,-0.25728155339804726,-2.9834307699773976,True,False,True,False,True,True,,,,,
v30,20260710,kosdaq,10,795.0,-8.326086956521738,-11.05223617310109,False,False,True,False,True,True,,,,,
v30,20260710,kospi,1,82.0,35.51895734597156,35.05882062251556,False,False,False,False,False,False,,,,,
v30,20260710,kospi,2,1610.0,1.116628175519641,0.6564914520636445,False,False,False,False,False,False,,,,,
v30,20260710,kospi,3,1565.0,4.330053667262968,3.869916943806971,False,False,False,False,False,False,,,,,
v30,20260710,kospi,4,787.0,2.8742331288343586,2.414096405378362,False,False,False,False,False,False,,,,,
v30,20260710,kospi,5,1464.0,7.3947368421052655,6.934600118649269,False,False,False,False,False,False,,,,,
v30,20260710,kospi,6,242.0,8.09649122807018,7.636354504614183,False,False,False,False,False,False,,,,,
v30,20260710,kospi,7,493.0,6.820540156361055,6.360403432905058,False,False,False,False,False,False,,,,,
v30,20260710,kospi,8,2067.0,11.862159024956476,11.40202230150048,False,False,False,False,False,False,,,,,
v30,20260710,kospi,9,1048.0,3.682225541448848,3.2220888179928515,False,False,False,False,False,False,,,,,
v30,20260710,kospi,10,1235.0,1.8931623931623847,1.4330256697063881,False,False,False,False,False,False,,,,,
v30,20260713,kosdaq,1,1683.0,-3.463776070252466,-13.86272200692761,False,True,True,False,True,True,,,,,
v30,20260713,kosdaq,2,1334.0,11.850597609561742,1.451651672886598,True,False,False,False,True,True,,,,,
v30,20260713,kosdaq,3,1628.0,12.259415833973863,1.860469897298719,False,False,False,False,False,False,,,,,
v30,20260713,kosdaq,4,984.0,10.372483221476514,-0.02646271519862964,False,False,False,False,False,False,,,,,
v30,20260713,kosdaq,5,1343.0,4.976190476190479,-5.422755460484665,False,False,False,False,False,False,,,,,
v30,20260713,kosdaq,6,924.0,11.945414847161572,1.5464689104864284,False,False,False,False,False,False,,,,,
v30,20260713,kosdaq,7,2009.0,13.200107874865152,2.801161938190008,False,False,False,False,False,False,,,,,
v30,20260713,kosdaq,8,1770.0,16.021739130434774,5.62279319375963,True,False,False,False,True,True,,,,,
v30,20260713,kosdaq,9,1874.0,1.6582733812949728,-8.740672555380172,False,False,False,False,False,False,,,,,
v30,20260713,kosdaq,10,977.0,-1.3187134502923965,-11.71765938696754,False,False,False,False,False,False,,,,,
v30,20260713,kospi,1,1565.0,5.294392523364489,0.7603595411053359,False,False,False,False,False,False,,,,,
v30,20260713,kospi,2,1610.0,5.951612903225801,1.4175799209666478,False,False,False,False,False,False,,,,,
v30,20260713,kospi,3,787.0,9.174796747967473,4.6407637657083205,False,False,False,False,False,False,,,,,
v30,20260713,kospi,4,1464.0,8.869024856596564,4.334991874337411,False,False,False,False,False,False,,,,,
v30,20260713,kospi,5,376.0,8.759259259259256,4.225226277000103,False,False,False,False,False,False,,,,,
v30,20260713,kospi,6,104.0,-2.860248447204971,-7.394281429464124,True,False,True,False,True,True,,,,,
v30,20260713,kospi,7,82.0,35.8036303630363,31.269597380777146,False,False,False,False,False,False,,,,,
v30,20260713,kospi,8,493.0,14.937262357414449,10.403229375155295,False,False,False,False,False,False,,,,,
v30,20260713,kospi,9,242.0,14.643120960295485,10.109087978036332,False,False,False,False,False,False,,,,,
v30,20260713,kospi,10,285.0,5.334683954619124,0.8006509723599713,False,False,False,False,False,False,,,,,
v30,20260714,kosdaq,1,1334.0,16.166666666666675,6.1637144239114825,True,False,False,False,True,True,,,,,
v30,20260714,kosdaq,2,1628.0,7.446026986506748,-2.5569252562484444,False,False,False,False,False,False,,,,,
v30,20260714,kosdaq,3,619.0,11.415887850467287,1.412935607712095,False,False,False,False,False,False,,,,,
v30,20260714,kosdaq,4,1316.0,4.370129870129869,-5.6328223726253235,False,False,False,False,False,False,,,,,
v30,20260714,kosdaq,5,1343.0,4.523923444976086,-5.479028797779106,False,False,False,False,False,False,,,,,
v30,20260714,kosdaq,6,1770.0,16.580291970802918,6.5773397280477255,True,False,False,False,True,True,,,,,
v30,20260714,kosdaq,7,924.0,8.213692946058082,-1.7892592966971108,False,False,False,False,False,False,,,,,
v30,20260714,kosdaq,8,1717.0,16.540951122853375,6.537998880098183,False,False,False,False,False,False,,,,,
v30,20260714,kosdaq,9,977.0,-1.98544266191325,-11.988394904668443,False,False,False,False,False,False,,,,,
v30,20260714,kosdaq,10,838.0,8.685441941074512,-1.3175103016806808,False,False,False,False,False,False,,,,,
v30,20260714,kospi,1,787.0,8.821340964840562,4.198690739046254,False,False,False,False,False,False,,,,,
v30,20260714,kospi,2,1565.0,8.254863813229562,3.6322135874352535,False,False,False,False,False,False,,,,,
v30,20260714,kospi,3,82.0,32.83333333333333,28.21068310753902,False,False,False,False,False,False,,,,,
v30,20260714,kospi,4,1610.0,6.06136087484811,1.4387106490538013,False,False,False,False,False,False,,,,,
v30,20260714,kospi,5,335.0,-16.110217596972564,-20.732867822766874,False,False,False,False,False,False,,,,,
v30,20260714,kospi,6,242.0,12.845521023766004,8.222870797971694,False,False,False,False,False,False,,,,,
v30,20260714,kospi,7,558.0,-6.194444444444446,-10.817094670238756,False,False,False,False,False,False,,,,,
v30,20260714,kospi,8,104.0,-1.1127450980392135,-5.735395323833522,True,False,True,False,True,True,,,,,
v30,20260714,kospi,9,376.0,7.081967213114748,2.459316987320439,False,False,False,False,False,False,,,,,
v30,20260714,kospi,10,285.0,4.677993527508096,0.055343301713786985,False,False,False,False,False,False,,,,,
v30,20260715,kosdaq,1,1449.0,4.333333333333334,-2.5888026961561783,False,False,False,False,False,False,,,,,
v30,20260715,kosdaq,2,1628.0,10.893379522709779,3.9712434932202667,False,False,False,False,False,False,,,,,
v30,20260715,kosdaq,3,1140.0,4.332214765100673,-2.589921264388839,False,False,False,False,False,False,,,,,
v30,20260715,kosdaq,4,570.0,14.074314574314572,7.15217854482506,False,False,False,False,False,False,,,,,
v30,20260715,kosdaq,5,1225.0,10.228346456692917,3.3062104272034043,False,False,False,False,False,False,,,,,
v30,20260715,kosdaq,6,1874.0,3.9927536231884173,-2.929382406301095,False,False,False,False,False,False,,,,,
v30,20260715,kosdaq,7,1683.0,-4.1496350364963455,-11.071771065985857,False,True,True,False,True,True,,,,,
v30,20260715,kosdaq,8,2530.0,2.6304347826087042,-4.291701246880808,False,False,False,False,False,False,,,,,
v30,20260715,kosdaq,9,883.0,5.388538380651953,-1.5335976488375591,False,False,False,False,False,False,,,,,
v30,20260715,kosdaq,10,2045.0,-4.025641025641024,-10.947777055130537,False,False,False,False,False,False,,,,,
v30,20260715,kospi,1,1565.0,6.0009560229445595,1.8001604604410728,False,False,False,False,False,False,,,,,
v30,20260715,kospi,2,1610.0,3.062945368171011,-1.1378501943324757,False,False,False,False,False,False,,,,,
v30,20260715,kospi,3,1464.0,10.026315789473694,5.825520226970207,False,False,False,False,False,False,,,,,
v30,20260715,kospi,4,82.0,31.87082066869301,27.670025106189524,False,False,False,False,False,False,,,,,
v30,20260715,kospi,5,468.0,9.065916398713824,4.8651208362103375,False,False,False,False,False,False,,,,,
v30,20260715,kospi,6,335.0,-16.534155597722965,-20.73495116022645,False,False,False,False,False,False,,,,,
v30,20260715,kospi,7,104.0,-0.5,-4.700795562503487,True,False,True,False,True,True,,,,,
v30,20260715,kospi,8,1962.0,6.910021171489056,2.7092256089855695,False,False,False,False,False,False,,,,,
v30,20260715,kospi,9,2018.0,-2.9844720496894457,-7.185267612192932,False,False,False,False,False,False,,,,,
v30,20260715,kospi,10,1458.0,-0.39785495403473714,-4.598650516538224,False,False,False,False,False,False,,,,,
v30,20260716,kosdaq,1,1628.0,9.19196093163036,-3.2056703487989164,False,False,False,False,False,False,,,,,
v30,20260716,kosdaq,2,1140.0,11.281609195402298,-1.1160220850269784,False,False,False,False,False,False,,,,,
v30,20260716,kosdaq,3,570.0,20.618012422360245,8.220381141930968,False,False,False,False,False,False,,,,,
v30,20260716,kosdaq,4,1449.0,11.112903225806459,-1.2847280546228177,False,False,False,False,False,False,,,,,
v30,20260716,kosdaq,5,1225.0,13.455823293172687,1.05819201274341,False,False,False,False,False,False,,,,,
v30,20260716,kosdaq,6,1874.0,6.4868995633187705,-5.910731717110506,False,False,False,False,False,False,,,,,
v30,20260716,kosdaq,7,2530.0,-0.5,-12.897631280429277,False,False,False,False,False,False,,,,,
v30,20260716,kosdaq,8,883.0,5.369797225186768,-7.027834055242509,False,False,False,False,False,False,,,,,
v30,20260716,kosdaq,9,2045.0,-0.33249581239530546,-12.730127092824581,False,False,False,False,False,False,,,,,
v30,20260716,kosdaq,10,1683.0,8.074739281575905,-4.322891998853372,False,False,True,False,True,True,,,,,
v30,20260716,kospi,1,335.0,-14.110586011342152,-21.875830457868954,False,False,False,False,False,False,,,,,
v30,20260716,kospi,2,82.0,38.60355486862442,30.83831042209762,False,False,False,False,False,False,,,,,
v30,20260716,kospi,3,1565.0,4.433586337760909,-3.3316581087658923,False,False,False,False,False,False,,,,,
v30,20260716,kospi,4,1458.0,5.0102040816326525,-2.755040364894149,False,False,False,False,False,False,,,,,
v30,20260716,kospi,5,104.0,-3.0673940949935803,-10.832638541520382,True,False,True,False,True,True,,,,,
v30,20260716,kospi,6,478.0,-0.5,-8.2652444465268,False,False,False,False,False,False,,,,,
v30,20260716,kospi,7,397.0,5.690476190476191,-2.0747682560506107,True,False,False,False,True,True,,,,,
v30,20260716,kospi,8,558.0,-4.4548022598870025,-12.220046706413804,False,False,False,False,False,False,,,,,
v30,20260716,kospi,9,1610.0,7.475460122699385,-0.2897843238274165,False,False,False,False,False,False,,,,,
v30,20260716,kospi,10,1962.0,9.247292418772568,1.4820479722457671,False,False,False,False,False,False,,,,,
v30,20260720,kosdaq,1,1448.0,15.172913117546837,2.8331916985758845,False,False,False,False,False,False,,,,,
v30,20260720,kosdaq,2,1334.0,13.33647798742138,0.9967565684504276,True,False,False,False,True,True,,,,,
v30,20260720,kosdaq,3,2060.0,7.833333333333325,-4.506388085637628,False,False,False,False,False,False,,,,,
v30,20260720,kosdaq,4,2480.0,15.967065868263475,3.627344449292522,False,False,False,False,False,False,,,,,
v30,20260720,kosdaq,5,2231.0,17.67215727948991,5.332435860518956,False,False,False,False,False,False,,,,,
v30,20260720,kosdaq,6,1717.0,18.028995756718537,5.689274337747584,False,False,False,False,False,False,,,,,
v30,20260720,kosdaq,7,1575.0,8.608910891089117,-3.730810527881836,False,False,False,False,False,False,,,,,
v30,20260720,kosdaq,8,516.0,8.742957746478874,-3.596763672492079,False,False,False,False,False,False,,,,,
v30,20260720,kosdaq,9,2159.0,-6.360805860805863,-18.700527279776814,False,False,False,False,False,False,,,,,
v30,20260720,kosdaq,10,957.0,23.91471571906355,11.574994300092598,False,False,False,False,False,False,,,,,
v30,20260720,kospi,1,1565.0,12.74570273003034,3.620630254463798,False,False,False,False,False,False,,,,,
v30,20260720,kospi,2,1458.0,2.289256198347112,-6.83581627721943,False,False,False,False,False,False,,,,,
v30,20260720,kospi,3,104.0,0.1775067750677488,-8.947565700498792,True,False,True,False,True,True,,,,,
v30,20260720,kospi,4,20.0,5.60169491525423,-3.523377560312312,False,False,False,False,False,False,,,,,
v30,20260720,kospi,5,82.0,39.66260162601626,30.53752915044972,False,False,False,False,False,False,,,,,
v30,20260720,kospi,6,633.0,-18.753968253968257,-27.8790407295348,False,False,False,False,False,False,,,,,
v30,20260720,kospi,7,397.0,0.45011876484560887,-8.674953710720933,True,False,False,False,True,True,,,,,
v30,20260720,kospi,8,285.0,8.210217755443894,-0.9148547201226478,False,False,False,False,False,False,,,,,
v30,20260720,kospi,9,226.0,2.8043478260869508,-6.320724649479591,False,False,False,False,False,False,,,,,
v30,20260720,kospi,10,429.0,19.293103448275872,10.16803097270933,False,False,False,False,False,False,,,,,
v30,20260721,kosdaq,1,1448.0,11.738325281803553,5.412322561537346,False,False,False,False,False,False,,,,,
v30,20260721,kosdaq,2,1334.0,4.090818363273463,-2.235184356992743,True,False,False,False,True,True,,,,,
v30,20260721,kosdaq,3,1628.0,9.296533534287866,2.970530814021659,False,False,False,False,False,False,,,,,
v30,20260721,kosdaq,4,1770.0,8.138360175695459,1.812357455429252,False,False,False,False,False,False,,,,,
v30,20260721,kosdaq,5,516.0,8.5669014084507,2.240898688184494,False,False,False,False,False,False,,,,,
v30,20260721,kosdaq,6,1414.0,1.3975332068311257,-4.928469513435081,False,False,False,False,False,False,,,,,
v30,20260721,kosdaq,7,2060.0,5.325242718446599,-1.0007600018196072,False,False,False,False,False,False,,,,,
v30,20260721,kosdaq,8,2538.0,10.068031704095104,3.742028983828897,False,False,False,False,False,False,,,,,
v30,20260721,kosdaq,9,1117.0,-20.071428571428573,-26.39743129169478,False,False,False,False,False,False,,,,,
v30,20260721,kosdaq,10,2571.0,9.333422890918863,3.007420170652656,False,False,False,False,False,False,,,,,
v30,20260721,kospi,1,1565.0,7.207509881422924,3.0774093360184827,False,False,False,False,False,False,,,,,
v30,20260721,kospi,2,1458.0,7.1086956521739015,2.9785951067694603,False,False,False,False,False,False,,,,,
v30,20260721,kospi,3,82.0,34.200315457413254,30.07021491200881,False,False,False,False,False,False,,,,,
v30,20260721,kospi,4,787.0,5.948979591836745,1.8188790464323041,False,False,False,False,False,False,,,,,
v30,20260721,kospi,5,20.0,1.4933554817275656,-2.6367450636768757,False,False,False,False,False,False,,,,,
v30,20260721,kospi,6,1769.0,-4.493344425956735,-8.623444971361177,False,False,False,False,False,False,,,,,
v30,20260721,kospi,7,633.0,-26.88362395754359,-31.013724502948033,False,False,False,False,False,False,,,,,
v30,20260721,kospi,8,397.0,-2.11290322580645,-6.2430037712108915,True,False,False,False,True,True,,,,,
v30,20260721,kospi,9,226.0,2.592783505154628,-1.537317040249813,False,False,False,False,False,False,,,,,
v30,20260721,kospi,10,167.0,164.2058823529412,160.07578180753674,False,False,False,False,False,False,,,,,
v30,20260722,kosdaq,1,1448.0,15.903785488958999,7.179072723603188,False,False,False,False,False,False,,,,,
v30,20260722,kosdaq,2,1334.0,8.300000000000008,-0.42471276535580316,True,False,False,False,True,True,,,,,
v30,20260722,kosdaq,3,1222.0,3.6863605671843334,-5.038352198171477,False,False,False,False,False,False,,,,,
v30,20260722,kosdaq,4,1628.0,10.12215477996966,1.3974420146138495,False,False,False,False,False,False,,,,,
v30,20260722,kosdaq,5,516.0,8.025754884547077,-0.6989578808087344,False,False,False,False,False,False,,,,,
v30,20260722,kosdaq,6,1140.0,4.350213980028539,-4.374498785327272,False,False,False,False,False,False,,,,,
v30,20260722,kosdaq,7,1770.0,11.702380952380953,2.9776681870251416,False,False,False,False,False,False,,,,,
v30,20260722,kosdaq,8,2137.0,15.076923076923066,6.352210311567255,False,False,False,False,False,False,,,,,
v30,20260722,kosdaq,9,2004.0,12.171232876712324,3.446520111356513,False,False,False,False,False,False,,,,,
v30,20260722,kosdaq,10,2538.0,12.09946949602122,3.3747567306654087,False,False,False,False,False,False,,,,,
v30,20260722,kospi,1,1458.0,2.9663865546218586,-2.432231960324507,False,False,False,False,False,False,,,,,
v30,20260722,kospi,2,1565.0,6.1536203522505,0.7550018373041345,False,False,False,False,False,False,,,,,
v30,20260722,kospi,3,1804.0,15.931924882629101,10.533306367682735,False,False,False,False,False,False,,,,,
v30,20260722,kospi,4,1481.0,4.839105339105332,-0.5595131758410332,False,False,False,False,False,False,,,,,
v30,20260722,kospi,5,1610.0,1.8631840796019876,-3.535434435344378,False,False,False,False,False,False,,,,,
v30,20260722,kospi,6,506.0,20.936114044350575,15.53749552940421,False,True,True,False,True,True,,,,,
v30,20260722,kospi,7,452.0,-12.494002998500752,-17.892621513447118,False,False,True,False,True,True,,,,,
v30,20260722,kospi,8,597.0,-2.4538188277087087,-7.852437342655074,True,False,False,False,True,True,,,,,
v30,20260722,kospi,9,987.0,2.1255707762557146,-3.273047738690651,True,False,False,False,True,True,,,,,
v30,20260722,kospi,10,1960.0,-7.250173973556018,-12.648792488502384,False,False,False,False,False,False,,,,,
v30,20260723,kosdaq,1,1448.0,19.8852327447833,18.06716766903487,False,False,False,False,False,False,,,,,
v30,20260723,kosdaq,2,2538.0,9.604986876640409,7.78692180089198,False,False,False,False,False,False,,,,,
v30,20260723,kosdaq,3,1628.0,10.443396226415091,8.625331150666662,False,False,False,False,False,False,,,,,
v30,20260723,kosdaq,4,1874.0,-3.7258064516129,-5.543871527361329,False,False,False,False,False,False,,,,,
v30,20260723,kosdaq,5,2045.0,11.797734627831725,9.979669552083296,False,False,False,False,False,False,,,,,
v30,20260723,kosdaq,6,2060.0,-1.244680851063828,-3.0627459268122568,False,False,False,False,False,False,,,,,
v30,20260723,kosdaq,7,1683.0,-10.921052631578942,-12.73911770732737,False,False,False,False,False,False,,,,,
v30,20260723,kosdaq,8,1117.0,-23.504694835680752,-25.32275991142918,False,False,False,False,False,False,,,,,
v30,20260723,kosdaq,9,838.0,10.119469026548666,8.301403950800237,False,False,False,False,False,False,,,,,
v30,20260723,kosdaq,10,2530.0,9.82608695652173,8.0080218807733,False,False,False,False,False,False,,,,,
v30,20260723,kospi,1,633.0,-23.75396825396825,-23.300220810684404,False,False,False,False,False,False,,,,,
v30,20260723,kospi,2,1769.0,-1.5000000000000009,-1.046252556716157,False,False,False,False,False,False,,,,,
v30,20260723,kospi,3,104.0,-16.839066339066346,-16.3853188957825,True,False,True,False,True,True,,,,,
v30,20260723,kospi,4,768.0,0.6034482758620623,1.0571957191459063,False,False,False,False,False,False,,,,,
v30,20260723,kospi,5,261.0,-2.3773466833541974,-1.9235992400703534,False,True,True,False,True,True,,,,,
v30,20260723,kospi,6,1003.0,-5.681347150259064,-5.227599706975219,True,False,False,False,True,True,,,,,
v30,20260723,kospi,7,506.0,15.730366492146597,16.184113935430442,False,True,True,False,True,True,,,,,
v30,20260723,kospi,8,1111.0,4.794117647058827,5.247865090342671,True,False,True,False,True,True,,,,,
v30,20260723,kospi,9,1962.0,-4.000000000000003,-3.5462525567161585,False,False,False,False,False,False,,,,,
v30,20260723,kospi,10,452.0,-18.041229385307346,-17.5874819420235,False,False,True,False,True,True,,,,,
v30,20260724,kosdaq,1,1628.0,11.25132676269901,7.188022611202665,False,False,False,False,False,False,,,,,
v30,20260724,kosdaq,2,1448.0,24.77999999999999,20.716695848503644,False,False,False,False,False,False,,,,,
v30,20260724,kosdaq,3,1414.0,5.109284332688591,1.0459801811922453,False,False,False,False,False,False,,,,,
v30,20260724,kosdaq,4,838.0,10.03097345132743,5.967669299831084,False,False,False,False,False,False,,,,,
v30,20260724,kosdaq,5,2538.0,9.746433203631655,5.6831290521353095,False,False,False,False,False,False,,,,,
v30,20260724,kosdaq,6,2159.0,-13.584112149532713,-17.647416301029057,False,False,False,False,False,False,,,,,
v30,20260724,kosdaq,7,2480.0,5.214285714285716,1.1509815627893705,False,False,False,False,False,False,,,,,
v30,20260724,kosdaq,8,1316.0,-5.640961857379766,-9.704266008876111,False,False,False,False,False,False,,,,,
v30,20260724,kosdaq,9,2629.0,-13.67157712305026,-17.734881274546606,False,False,False,False,False,False,,,,,
v30,20260724,kosdaq,10,1874.0,-2.124815361890697,-6.188119513387043,False,False,False,False,False,False,,,,,
v30,20260724,kospi,1,1565.0,-7.866482504604056,-9.257352782169146,False,False,False,False,False,False,,,,,
v30,20260724,kospi,2,1610.0,-3.294653705953831,-4.685523983518921,False,False,False,False,False,False,,,,,
v30,20260724,kospi,3,633.0,-24.81156569630213,-26.20243597386722,False,False,False,False,False,False,,,,,
v30,20260724,kospi,4,597.0,-8.890410958904106,-10.281281236469196,True,False,False,False,True,True,,,,,
v30,20260724,kospi,5,768.0,0.32872928176795924,-1.0621409957971315,False,False,False,False,False,False,,,,,
v30,20260724,kospi,6,543.0,-13.121359223300978,-14.512229500866068,False,False,False,False,False,False,,,,,
v30,20260724,kospi,7,506.0,16.555084745762716,15.164214468197626,False,True,True,False,True,True,,,,,
v30,20260724,kospi,8,104.0,-14.893939393939393,-16.284809671504483,True,False,True,False,True,True,,,,,
v30,20260724,kospi,9,2454.0,-4.353754940711462,-5.7446252182765525,False,False,False,False,False,False,,,,,
v30,20260724,kospi,10,1237.0,5.453338696701538,4.062468419136447,False,False,False,False,False,False,,,,,
v30,20260727,kosdaq,1,1628.0,15.503062787136301,5.995937035229522,False,False,False,False,False,False,,,,,
v30,20260727,kosdaq,2,1448.0,16.71958925750395,7.212463505597173,False,False,False,False,False,False,,,,,
v30,20260727,kosdaq,3,977.0,-3.687721369539553,-13.194847121446331,False,False,False,False,False,False,,,,,
v30,20260727,kosdaq,4,1222.0,3.4189189189189126,-6.088206832987867,False,False,False,False,False,False,,,,,
v30,20260727,kosdaq,5,838.0,11.84567901234569,2.3385532604389105,False,False,False,False,False,False,,,,,
v30,20260727,kosdaq,6,2629.0,-12.56896551724138,-22.076091269148158,False,False,False,False,False,False,,,,,
v30,20260727,kosdaq,7,2480.0,11.652269399707171,2.145143647800392,False,False,False,False,False,False,,,,,
v30,20260727,kosdaq,8,1414.0,10.150887573964507,0.6437618220577281,False,False,False,False,False,False,,,,,
v30,20260727,kosdaq,9,2060.0,8.450276243093924,-1.0568495088128547,False,False,False,False,False,False,,,,,
v30,20260727,kosdaq,10,1316.0,-0.15576592082616703,-9.662891672732947,False,False,False,False,False,False,,,,,
v30,20260727,kospi,1,633.0,-21.25320512820513,-28.0069775910099,False,False,False,False,False,False,,,,,
v30,20260727,kospi,2,1610.0,3.4240506329113916,-3.329721829893375,False,False,False,False,False,False,,,,,
v30,20260727,kospi,3,104.0,-9.155126498002664,-15.90889896080743,True,False,True,False,True,True,,,,,
v30,20260727,kospi,4,506.0,18.446248004257594,11.692475541452827,False,True,True,False,True,True,,,,,
v30,20260727,kospi,5,543.0,-8.774894810659184,-15.52866727346395,False,False,False,False,False,False,,,,,
v30,20260727,kospi,6,261.0,5.9350064350064295,-0.8187660277983371,False,True,True,False,True,True,,,,,
v30,20260727,kospi,7,1003.0,14.786624203821653,8.032851741016886,True,False,False,False,True,True,,,,,
v30,20260727,kospi,8,851.0,3.377221324717284,-3.3765511380874824,False,False,False,False,False,False,,,,,
v30,20260727,kospi,9,96.0,8.636546184738958,1.882773721934191,False,False,False,False,False,False,,,,,
v30,20260727,kospi,10,1782.0,8.169354838709674,1.4155823759049078,False,True,True,False,True,True,,,,,
v30,20260728,kosdaq,1,1628.0,11.981426448736999,-2.5208993961758335,False,False,False,False,False,False,,,,,
v30,20260728,kosdaq,2,1448.0,26.144182124789207,11.641856279876375,False,False,False,False,False,False,,,,,
v30,20260728,kosdaq,3,1316.0,8.81098696461825,-5.691338880294582,False,False,False,False,False,False,,,,,
v30,20260728,kosdaq,4,1222.0,5.853591160220984,-8.64873468469185,False,False,False,False,False,False,,,,,
v30,20260728,kosdaq,5,1575.0,11.491869918699182,-3.01045592621365,False,False,False,False,False,False,,,,,
v30,20260728,kosdaq,6,1722.0,0.5000000000000009,-14.002325844912832,False,False,False,False,False,False,,,,,
v30,20260728,kosdaq,7,436.0,1.9667931688804545,-12.535532676032378,False,False,False,False,False,False,,,,,
v30,20260728,kosdaq,8,2324.0,18.099999999999994,3.5976741550871623,False,False,False,False,False,False,,,,,
v30,20260728,kosdaq,9,1343.0,-1.452380952380949,-15.954706797293781,False,False,False,False,False,False,,,,,
v30,20260728,kosdaq,10,2538.0,12.83333333333333,-1.6689925115795017,False,False,False,False,False,False,,,,,
v30,20260728,kospi,1,1565.0,2.6372549019607954,-9.6262612912581,False,False,False,False,False,False,,,,,
v30,20260728,kospi,2,633.0,-15.052845528455283,-27.316361721674177,False,False,False,False,False,False,,,,,
v30,20260728,kospi,3,1068.0,1.0909090909090873,-11.172607102309808,False,False,False,False,False,False,,,,,
v30,20260728,kospi,4,1610.0,7.192307692307686,-5.07120850091121,False,False,False,False,False,False,,,,,
v30,20260728,kospi,5,1769.0,-2.3333333333333313,-14.596849526552226,False,False,False,False,False,False,,,,,
v30,20260728,kospi,6,546.0,2.0623268698060864,-10.201189323412809,False,False,False,False,False,False,,,,,
v30,20260728,kospi,7,167.0,174.17608951707894,161.91257332386004,False,False,False,False,False,False,,,,,
v30,20260728,kospi,8,1481.0,9.885756676557856,-2.3777595166610404,False,False,False,False,False,False,,,,,
v30,20260728,kospi,9,96.0,14.279874213836486,2.0163580206175897,False,False,False,False,False,False,,,,,
v30,20260728,kospi,10,526.0,11.50000000000001,-0.7635161932188854,False,False,False,False,False,False,,,,,
v30,20260729,kosdaq,1,1448.0,23.81561996779388,-6.705326601395825,False,False,False,False,False,False,,,,,
v30,20260729,kosdaq,2,1628.0,21.595857026807476,-8.925089542382228,False,False,False,False,False,False,,,,,
v30,20260729,kosdaq,3,1316.0,29.763157894736835,-0.7577886744528683,False,False,False,False,False,False,,,,,
v30,20260729,kosdaq,4,1222.0,7.273851590106018,-23.247094979083684,False,False,False,False,False,False,,,,,
v30,20260729,kosdaq,5,1722.0,7.2908217716115225,-23.23012479757818,False,False,False,False,False,False,,,,,
v30,20260729,kosdaq,6,1575.0,20.833333333333336,-9.687613235856368,False,False,False,False,False,False,,,,,
v30,20260729,kosdaq,7,1171.0,-3.9210526315789465,-34.44199920076865,False,False,False,False,False,False,,,,,
v30,20260729,kosdaq,8,1343.0,2.2295285359801413,-28.291418033209563,False,False,False,False,False,False,,,,,
v30,20260729,kosdaq,9,522.0,6.555214723926383,-23.96573184526332,False,False,False,False,False,False,,,,,
v30,20260729,kosdaq,10,922.0,1.3957345971563955,-29.12521197203331,False,False,False,False,False,False,,,,,
v30,20260729,kospi,1,97.0,6.550528789659216,-15.104647752758416,False,False,False,False,False,False,,,,,
v30,20260729,kospi,2,367.0,7.109531129900082,-14.54564541251755,False,False,False,False,False,False,,,,,
v30,20260729,kospi,3,546.0,1.033101045296159,-20.62207549712147,False,False,False,False,False,False,,,,,
v30,20260729,kospi,4,1610.0,14.84170153417016,-6.813475008247472,False,False,False,False,False,False,,,,,
v30,20260729,kospi,5,104.0,7.361635220125795,-14.293541322291837,True,False,False,False,True,True,,,,,
v30,20260729,kospi,6,167.0,212.23644388398486,190.58126734156724,False,False,False,False,False,False,,,,,
v30,20260729,kospi,7,1565.0,14.717391304347826,-6.9377852380698055,False,False,False,False,False,False,,,,,
v30,20260729,kospi,8,730.0,12.89999999999999,-8.755176542417642,False,False,False,False,False,False,,,,,
v30,20260729,kospi,9,633.0,-13.387029288702934,-35.04220583112057,False,False,False,False,False,False,,,,,
v30,20260729,kospi,10,1769.0,-3.714890016920468,-25.3700665593381,False,False,False,False,False,False,,,,,
v30,20260730,kosdaq,1,1628.0,15.534082106893877,-7.197743005821923,False,False,False,False,False,False,,,,,
v30,20260730,kosdaq,2,1575.0,8.500000000000007,-14.231825112715793,False,False,False,False,False,False,,,,,
v30,20260730,kosdaq,3,1448.0,26.62418300653594,3.89235789382014,False,False,False,False,False,False,,,,,
v30,20260730,kosdaq,4,922.0,-0.9662004662004616,-23.698025578916262,False,False,False,False,False,False,,,,,
v30,20260730,kosdaq,5,1722.0,4.96875,-17.7630751127158,False,False,False,False,False,False,,,,,
v30,20260730,kosdaq,6,439.0,5.4085841694537455,-17.323240943262054,False,False,False,False,False,False,,,,,
v30,20260730,kosdaq,7,2324.0,23.91613588110403,1.1843107683882295,False,False,False,False,False,False,,,,,
v30,20260730,kosdaq,8,836.0,9.836239103362388,-12.895586009353412,False,False,False,False,False,False,,,,,
v30,20260730,kosdaq,9,1938.0,20.18273092369477,-2.54909418902103,False,False,False,False,False,False,,,,,
v30,20260730,kosdaq,10,1316.0,17.147058823529417,-5.584766289186383,False,False,False,False,False,False,,,,,
v30,20260730,kospi,1,1565.0,21.136167922497318,6.254524278194811,False,False,False,False,False,False,,,,,
v30,20260730,kospi,2,1068.0,2.972222222222232,-11.909421422080275,False,False,False,False,False,False,,,,,
v30,20260730,kospi,3,104.0,-1.8274336283185861,-16.709077272621094,True,False,False,False,True,True,,,,,
v30,20260730,kospi,4,226.0,6.642857142857139,-8.238786501445368,False,False,False,False,False,False,,,,,
v30,20260730,kospi,5,597.0,2.695488721804507,-12.186154922498,True,False,False,False,True,True,,,,,
v30,20260730,kospi,6,20.0,13.932989690721643,-0.9486539535808642,False,False,False,False,False,False,,,,,
v30,20260730,kospi,7,189.0,6.377113866967299,-8.504529777335208,False,False,False,False,False,False,,,,,
v30,20260730,kospi,8,633.0,-12.48275862068966,-27.364402264992165,False,False,False,False,False,False,,,,,
v30,20260730,kospi,9,730.0,13.190476190476186,-1.6911674538263206,False,False,False,False,False,False,,,,,
v30,20260730,kospi,10,97.0,7.882526564344749,-6.999117079957758,False,False,False,False,False,False,,,,,
v30,20260731,kosdaq,1,1722.0,1.2587939698492372,-14.266444137708604,False,False,False,False,False,False,,,,,
v30,20260731,kosdaq,2,1603.0,77.00439367311073,61.47915556555289,True,False,False,False,True,True,,,,,
v30,20260731,kosdaq,3,1938.0,11.906015037593976,-3.619223069963864,False,False,False,False,False,False,,,,,
v30,20260731,kosdaq,4,922.0,1.3957345971563955,-14.129503510401445,False,False,False,False,False,False,,,,,
v30,20260731,kosdaq,5,977.0,4.344720496894417,-11.180517610663422,False,False,False,False,False,False,,,,,
v30,20260731,kosdaq,6,1825.0,5.75,-9.77523810755784,False,False,False,False,False,False,,,,,
v30,20260731,kosdaq,7,1575.0,4.53875968992249,-10.98647841763535,False,False,False,False,False,False,,,,,
v30,20260731,kosdaq,8,1316.0,10.918047882136273,-4.607190225421567,False,False,False,False,False,False,,,,,
v30,20260731,kosdaq,9,516.0,12.235849056603765,-3.2893890509540746,False,False,False,False,False,False,,,,,
v30,20260731,kosdaq,10,288.0,5.166666666666664,-10.358571440891176,False,False,False,False,False,False,,,,,
v30,20260731,kospi,1,1565.0,33.509009009009006,21.172126982949003,False,False,False,False,False,False,,,,,
v30,20260731,kospi,2,104.0,-10.004132231404961,-22.341014257464966,True,False,False,False,True,True,,,,,
v30,20260731,kospi,3,350.0,2.056818181818188,-10.280063844241816,False,False,False,False,False,False,,,,,
v30,20260731,kospi,4,226.0,7.206093189964157,-5.130788836095848,False,False,False,False,False,False,,,,,
v30,20260731,kospi,5,633.0,-7.166666666666666,-19.50354869272667,False,False,False,False,False,False,,,,,
v30,20260731,kospi,6,506.0,17.066830332787784,4.729948306727779,False,False,True,False,True,True,,,,,
v30,20260731,kospi,7,50.0,15.23926868044515,2.902386654385145,False,True,True,False,True,True,,,,,
v30,20260731,kospi,8,397.0,12.750000000000005,0.4131179739400004,True,False,False,False,True,True,,,,,
v30,20260731,kospi,9,237.0,14.859828141783026,2.5229461157230215,False,False,False,False,False,False,,,,,
v30,20260731,kospi,10,261.0,16.166666666666675,3.82978464060667,False,False,True,False,True,True,,,,,
v30,20260803,kosdaq,1,922.0,1.5979020979021046,-8.792307918679075,False,False,False,False,False,False,,,,,
v30,20260803,kosdaq,2,1222.0,2.974114441416898,-7.416095575164283,False,False,False,False,False,False,,,,,
v30,20260803,kosdaq,3,1938.0,9.55586592178771,-0.8343440947934706,False,False,False,False,False,False,,,,,
v30,20260803,kosdaq,4,1316.0,5.299648506151134,-5.090561510430047,False,False,False,False,False,False,,,,,
v30,20260803,kosdaq,5,2060.0,15.522099447513805,5.131889430932624,False,False,False,False,False,False,,,,,
v30,20260803,kosdaq,6,358.0,0.6176857330703394,-9.77252428351084,False,False,False,False,False,False,,,,,
v30,20260803,kosdaq,7,1575.0,6.246031746031744,-4.144178270549436,False,False,False,False,False,False,,,,,
v30,20260803,kosdaq,8,1928.0,-5.937665782493372,-16.327875799074555,False,False,False,False,False,False,,,,,
v30,20260803,kosdaq,9,1171.0,-1.1622516556291425,-11.552461672210324,False,False,False,False,False,False,,,,,
v30,20260803,kosdaq,10,977.0,3.6079092581238545,-6.7823007584573265,False,False,False,False,False,False,,,,,
v30,20260803,kospi,1,1565.0,21.699170124481338,10.60096014983193,False,False,False,False,False,False,,,,,
v30,20260803,kospi,2,350.0,2.6316725978647764,-8.46653737678463,False,False,False,False,False,False,,,,,
v30,20260803,kospi,3,104.0,-8.78729281767956,-19.885502792328968,True,False,False,False,True,True,,,,,
v30,20260803,kospi,4,1610.0,3.5404040404040447,-7.557805934245362,False,False,False,False,False,False,,,,,
v30,20260803,kospi,5,96.0,16.94186046511629,5.843650490466882,False,False,False,False,False,False,,,,,
v30,20260803,kospi,6,397.0,11.628712871287139,0.5305028966377314,True,False,False,False,True,True,,,,,
v30,20260803,kospi,7,77.0,11.47411003236246,0.37590005771305357,True,False,False,False,True,True,,,,,
v30,20260803,kospi,8,506.0,16.148411829134723,5.050201854485316,False,False,True,False,True,True,,,,,
v30,20260803,kospi,9,261.0,13.215046604527291,2.1168366298778842,False,False,True,False,True,True,,,,,
v30,20260803,kospi,10,416.0,-0.5,-11.598209974649407,True,True,False,False,True,True,,,,,
v30,20260804,kosdaq,1,977.0,1.4891500904159143,0.8046591399762996,False,False,False,False,False,False,,,,,
v30,20260804,kosdaq,2,358.0,1.3300653594771177,0.645574409037503,False,False,False,False,False,False,,,,,
v30,20260804,kosdaq,3,1085.0,35.08394160583942,34.399450655399804,False,False,False,False,False,False,,,,,
v30,20260804,kosdaq,4,922.0,3.547619047619056,2.863128097179441,False,False,False,False,False,False,,,,,
v30,20260804,kosdaq,5,2192.0,-1.047195622435026,-1.731686572874641,True,False,False,False,True,True,,,,,
v30,20260804,kosdaq,6,1117.0,-14.056531284302965,-14.74102223474258,False,False,False,False,False,False,,,,,
v30,20260804,kosdaq,7,1171.0,-3.2308192457737297,-3.9153101962133445,False,False,False,False,False,False,,,,,
v30,20260804,kosdaq,8,763.0,32.34023668639053,31.65574573595092,False,True,False,False,True,True,,,,,
v30,20260804,kosdaq,9,2629.0,-16.465909090909093,-17.150400041348707,False,False,False,False,False,False,,,,,
v30,20260804,kosdaq,10,825.0,-6.725165562913904,-7.409656513353519,False,False,False,False,False,False,,,,,
v30,20260804,kospi,1,2499.0,4.593833780160861,1.323001368665492,False,False,False,False,False,False,,,,,
v30,20260804,kospi,2,96.0,13.742424242424233,10.471591830928864,False,False,False,False,False,False,,,,,
v30,20260804,kospi,3,1782.0,-4.604477611940293,-7.875310023435663,False,True,True,False,True,True,,,,,
v30,20260804,kospi,4,364.0,30.036130536130536,26.765298124635166,False,True,True,False,True,True,,,,,
v30,20260804,kospi,5,261.0,5.210659898477166,1.9398274869817969,False,False,False,False,False,False,,,,,
v30,20260804,kospi,6,1305.0,1.655172413793105,-1.6156599977022643,True,False,True,False,True,True,,,,,
v30,20260804,kospi,7,97.0,2.7992036405005587,-0.4716287709948106,False,False,False,False,False,False,,,,,
v30,20260804,kospi,8,77.0,1.2329255861366022,-2.037906825358767,True,False,False,False,True,True,,,,,
v30,20260804,kospi,9,1110.0,-14.1938202247191,-17.46465263621447,False,True,False,False,True,True,,,,,
v30,20260804,kospi,10,25.0,6.221623335447058,2.9507909239516885,False,False,False,False,False,False,,,,,
v30,20260805,kosdaq,1,358.0,1.4783024888321732,3.25322568229766,False,False,False,False,False,False,,,,,
v30,20260805,kosdaq,2,922.0,-2.3823529411764683,-0.6074297477109813,False,False,False,False,False,False,,,,,
v30,20260805,kosdaq,3,977.0,4.159717964439003,5.93464115790449,False,False,False,False,False,False,,,,,
v30,20260805,kosdaq,4,1117.0,-10.098603839441534,-8.323680645976047,False,False,False,False,False,False,,,,,
v30,20260805,kosdaq,5,937.0,-1.8513513513513487,-0.07642815788586166,False,False,True,False,True,True,,,,,
v30,20260805,kosdaq,6,1008.0,-15.980427046263346,-14.20550385279786,False,False,False,False,False,False,,,,,
v30,20260805,kosdaq,7,1915.0,24.5,26.274923193465487,False,False,False,False,False,False,,,,,
v30,20260805,kosdaq,8,825.0,-8.767716535433067,-6.99279334196758,False,False,False,False,False,False,,,,,
v30,20260805,kosdaq,9,908.0,-6.923473433782712,-5.148550240317226,False,False,False,False,False,False,,,,,
v30,20260805,kosdaq,10,996.0,0.7593016599885543,2.5342248534540412,False,False,False,False,False,False,,,,,
v30,20260805,kospi,1,261.0,6.61562897077509,3.730357194402603,False,False,False,False,False,False,,,,,
v30,20260805,kospi,2,2499.0,3.5417209908735434,0.6564492145010568,False,False,False,False,False,False,,,,,
v30,20260805,kospi,3,237.0,9.873443983402497,6.9881722070300105,False,False,False,False,False,False,,,,,
v30,20260805,kospi,4,96.0,14.235772357723587,11.350500581351099,False,False,False,False,False,False,,,,,
v30,20260805,kospi,5,1110.0,-13.627147766323022,-16.512419542695508,False,True,False,False,True,True,,,,,
v30,20260805,kospi,6,364.0,26.903846153846146,24.01857437747366,False,True,True,False,True,True,,,,,
v30,20260805,kospi,7,209.0,0.02424639580603837,-2.8610253805664483,False,False,True,False,True,True,,,,,
v30,20260805,kospi,8,51.0,1.7745735174654724,-1.1106982589070142,False,False,False,False,False,False,,,,,
v30,20260805,kospi,9,145.0,0.112244897959191,-2.7730268784132956,False,False,False,False,False,False,,,,,
v30,20260805,kospi,10,225.0,-11.415492957746476,-14.300764734118964,False,False,True,False,True,True,,,,,
v30,20260806,kosdaq,1,358.0,-1.9981273408239737,-2.433380021998675,False,False,False,False,False,False,,,,,
v30,20260806,kosdaq,2,977.0,4.034313725490202,3.599061044315501,False,False,False,False,False,False,,,,,
v30,20260806,kosdaq,3,1117.0,-1.8172966781214157,-2.252549359296117,False,False,False,False,False,False,,,,,
v30,20260806,kosdaq,4,937.0,-2.5270270270270285,-2.96227970820173,False,False,False,False,False,False,,,,,
v30,20260806,kosdaq,5,369.0,27.937500000000004,27.5022473188253,False,False,False,False,False,False,,,,,
v30,20260806,kosdaq,6,922.0,-0.9662004662004616,-1.4014531473751628,False,False,False,False,False,False,,,,,
v30,20260806,kosdaq,7,2592.0,2.8898305084745672,2.454577827299866,False,False,False,False,False,False,,,,,
v30,20260806,kosdaq,8,2122.0,44.099999999999994,43.66474731882529,False,False,False,False,False,False,,,,,
v30,20260806,kosdaq,9,825.0,-6.560606060606055,-6.995858741780756,False,False,False,False,False,False,,,,,
v30,20260806,kosdaq,10,2434.0,-11.100706713780916,-11.535959394955617,False,False,False,False,False,False,,,,,
v30,20260806,kospi,1,2499.0,-1.2509386733416723,-3.8329478282116365,False,False,False,False,False,False,,,,,
v30,20260806,kospi,2,237.0,11.558212058212048,8.976202903342084,False,False,False,False,False,False,,,,,
v30,20260806,kospi,3,1110.0,-17.024028966425277,-19.606038121295242,False,True,False,False,True,True,,,,,
v30,20260806,kospi,4,209.0,2.2667984189723382,-0.31521073589762594,False,False,True,False,True,True,,,,,
v30,20260806,kospi,5,2340.0,8.624087591240881,6.042078436370917,False,False,False,False,False,False,,,,,
v30,20260806,kospi,6,1509.0,18.665085388994306,16.08307623412434,False,False,False,False,False,False,,,,,
v30,20260806,kospi,7,2265.0,-1.8875123885034646,-4.469521543373428,True,True,True,False,True,True,,,,,
v30,20260806,kospi,8,377.0,15.917910447761196,13.335901292891233,False,False,False,False,False,False,,,,,
v30,20260806,kospi,9,53.0,1.7545454545454646,-0.8274637003244996,True,False,True,False,True,True,,,,,
v30,20260806,kospi,10,0.0,3.700000000000004,1.11799084513004,False,False,True,False,True,True,,,,,
v30,20260807,kosdaq,1,358.0,-2.455835962145114,-4.0597374438931375,False,False,False,False,False,False,,,,,
v30,20260807,kosdaq,2,1117.0,-1.9705882352941124,-3.574489717042136,False,False,False,False,False,False,,,,,
v30,20260807,kosdaq,3,22.0,-3.993191237418591,-5.597092719166614,True,True,False,False,True,True,,,,,
v30,20260807,kosdaq,4,908.0,-8.93000773395205,-10.533909215700072,False,False,False,False,False,False,,,,,
v30,20260807,kosdaq,5,302.0,-2.348049281314168,-3.9519507630621917,False,False,True,False,True,True,,,,,
v30,20260807,kosdaq,6,1907.0,76.50205338809035,74.89815190634232,True,False,True,False,True,True,,,,,
v30,20260807,kosdaq,7,1929.0,-8.63492063492064,-10.238822116668663,False,False,False,False,False,False,,,,,
v30,20260807,kosdaq,8,1138.0,13.828358208955216,12.224456727207192,False,False,True,False,True,True,,,,,
v30,20260807,kosdaq,9,2434.0,-7.954545454545459,-9.558446936293482,False,False,False,False,False,False,,,,,
v30,20260807,kosdaq,10,1623.0,14.201378254211338,12.597476772463315,False,False,False,False,False,False,,,,,
v30,20260807,kospi,1,377.0,23.383495145631063,20.342029580815687,False,False,False,False,False,False,,,,,
v30,20260807,kospi,2,1066.0,11.16666666666667,8.125201101851292,True,True,True,False,True,True,,,,,
v30,20260807,kospi,3,96.0,11.68529707955689,8.643831514741514,False,False,False,False,False,False,,,,,
v30,20260807,kospi,4,53.0,2.2516292541636567,-0.7898363106517197,True,False,True,False,True,True,,,,,
v30,20260807,kospi,5,493.0,3.3274182324286703,0.28595266761329396,True,True,True,False,True,True,,,,,
v30,20260807,kospi,6,225.0,-7.095995288574796,-10.137460853390174,False,False,True,False,True,True,,,,,
v30,20260807,kospi,7,336.0,15.783348666053366,12.741883101237988,True,True,True,False,True,True,,,,,
v30,20260807,kospi,8,656.0,-37.29144385026738,-40.33290941508275,True,False,False,False,True,True,,,,,
v30,20260807,kospi,9,206.0,-22.11500815660685,-25.156473721422227,True,True,True,False,True,True,,,,,
v30,20260807,kospi,10,629.0,4.225415070242667,1.1839495054272904,False,False,False,False,False,False,,,,,
v30,20260811,kosdaq,1,1117.0,-4.093145384190155,0.0014419622758552464,False,False,False,False,False,False,,,,,
v30,20260811,kosdaq,2,922.0,-0.9716981132075527,3.1228892332584577,False,False,False,False,False,False,,,,,
v30,20260811,kosdaq,3,2317.0,-2.9311183144246407,1.1634690320413696,False,False,False,False,False,False,,,,,
v30,20260811,kosdaq,4,1532.0,-5.8254437869822535,-1.7308564405162432,True,False,False,False,True,True,,,,,
v30,20260811,kosdaq,5,358.0,-1.8350286077558837,2.2595587387101266,False,False,False,False,False,False,,,,,
v30,20260811,kosdaq,6,2434.0,-18.88983050847458,-14.795243162008571,False,False,False,False,False,False,,,,,
v30,20260811,kosdaq,7,644.0,11.444444444444446,15.539031790910457,False,False,True,False,True,True,,,,,
v30,20260811,kosdaq,8,31.0,-1.9388489208633115,2.155738425602699,False,False,False,False,False,False,,,,,
v30,20260811,kosdaq,9,1320.0,-1.8443640124095158,2.2502233340564946,False,False,False,False,False,False,,,,,
v30,20260811,kosdaq,10,1646.0,-15.550505050505048,-11.455917704039038,True,True,False,False,True,True,,,,,
v30,20260811,kospi,1,2350.0,-3.783582089552239,-3.7400159482632196,False,False,False,False,False,False,,,,,
v30,20260811,kospi,2,206.0,-26.69414483821263,-26.65057869692361,True,True,True,False,True,True,,,,,
v30,20260811,kospi,3,774.0,13.084905660377355,13.128471801666375,False,True,False,True,True,True,,,,,
v30,20260811,kospi,4,2056.0,-5.913105413105412,-5.869539271816392,False,True,True,False,True,True,,,,,
v30,20260811,kospi,5,656.0,-36.79629629629629,-36.75273015500727,True,False,False,False,True,True,,,,,
v30,20260811,kospi,6,336.0,17.057932263814614,17.101498405103634,True,True,True,False,True,True,,,,,
v30,20260811,kospi,7,1066.0,-5.026748971193417,-4.983182829904397,True,True,True,False,True,True,,,,,
v30,20260811,kospi,8,34.0,64.20223325062034,64.24579939190936,True,True,False,False,True,True,,,,,
v30,20260811,kospi,9,209.0,-1.3894536213468918,-1.3458874800578722,False,False,True,False,True,True,,,,,
v30,20260811,kospi,10,225.0,-12.522471910112365,-12.478905768823346,False,False,True,False,True,True,,,,,
v30,20260812,kosdaq,1,1117.0,-1.764431006047284,2.57099880084524,False,False,False,False,False,False,,,,,
v30,20260812,kosdaq,2,922.0,-0.26076555023922765,4.074664256653296,False,False,False,False,False,False,,,,,
v30,20260812,kosdaq,3,908.0,-9.576923076923084,-5.24149327003056,False,False,False,False,False,False,,,,,
v30,20260812,kosdaq,4,358.0,-2.923469387755106,1.4119604191374178,False,False,False,False,False,False,,,,,
v30,20260812,kosdaq,5,2317.0,-1.9802631578947345,2.3551666489977894,False,False,False,False,False,False,,,,,
v30,20260812,kosdaq,6,2434.0,-18.206576728499158,-13.871146921606634,False,False,False,False,False,False,,,,,
v30,20260812,kosdaq,7,644.0,33.727567067530074,38.062996874422595,False,False,True,False,True,True,,,,,
v30,20260812,kosdaq,8,2652.0,6.882550335570469,11.217980142462993,False,False,False,False,False,False,,,,,
v30,20260812,kosdaq,9,1281.0,-7.506726457399104,-3.17129665050658,False,False,False,False,False,False,,,,,
v30,20260812,kosdaq,10,2180.0,-4.05292376017765,0.28250604671487345,False,True,False,False,True,True,,,,,
v30,20260812,kospi,1,96.0,7.683632734530931,8.46829727079085,False,False,False,False,False,False,,,,,
v30,20260812,kospi,2,1509.0,16.57317073170731,17.357835267967232,False,False,False,False,False,False,,,,,
v30,20260812,kospi,3,2499.0,-1.2398273736128225,-0.45516283735290297,False,False,False,False,False,False,,,,,
v30,20260812,kospi,4,206.0,-26.89751552795031,-26.11285099169039,True,True,True,False,True,True,,,,,
v30,20260812,kospi,6,1066.0,-13.0,-12.21533546374008,True,True,True,False,True,True,,,,,
v30,20260812,kospi,7,34.0,44.34356894553883,45.128233481798745,True,True,False,False,True,True,,,,,
v30,20260812,kospi,8,2350.0,-2.0105740181268867,-1.2259094818669674,False,False,False,False,False,False,,,,,
v30,20260812,kospi,9,1110.0,-16.55691056910569,-15.77224603284577,False,False,False,False,False,False,,,,,
v30,20260812,kospi,10,220.0,16.919354838709666,17.704019374969587,False,False,True,False,True,True,,,,,
v30,20260814,kosdaq,1,922.0,-0.5,5.752139266722987,False,False,False,False,False,False,,,,,
v30,20260814,kosdaq,2,1774.0,1.7184300341296925,7.97056930085268,False,False,False,False,False,False,,,,,
v30,20260814,kosdaq,3,358.0,-3.2325959661678607,3.0195433005551267,False,False,False,False,False,False,,,,,
v30,20260814,kosdaq,4,2045.0,2.867003367003374,9.119142633726362,False,False,False,False,False,False,,,,,
v30,20260814,kosdaq,5,2425.0,-3.6472081218274157,2.6049311448955716,False,False,False,False,False,False,,,,,
v30,20260814,kosdaq,6,2652.0,4.2109207708779355,10.463060037600922,False,False,False,False,False,False,,,,,
v30,20260814,kosdaq,7,1715.0,-3.8674963396778885,2.384642927045099,False,False,False,False,False,False,,,,,
v30,20260814,kosdaq,8,908.0,-3.5819140308191435,2.670225235903844,False,False,False,False,False,False,,,,,
v30,20260814,kosdaq,9,1105.0,-7.817073170731703,-1.5649339040087158,False,False,False,False,False,False,,,,,
v30,20260814,kosdaq,10,2317.0,0.6965811965811923,6.94872046330418,False,False,False,False,False,False,,,,,
v30,20260814,kospi,1,633.0,12.865384615384611,15.840977869282966,False,False,False,False,False,False,,,,,
v30,20260814,kospi,2,2523.0,-7.534082668600439,-4.558489414702083,False,False,False,False,False,False,,,,,
v30,20260814,kospi,3,206.0,-19.38701517706577,-16.411421923167413,True,True,True,False,True,True,,,,,
v30,20260814,kospi,4,608.0,-6.113178767541182,-3.1375855136428266,False,False,False,False,False,False,,,,,
v30,20260814,kospi,5,445.0,-8.867952522255196,-5.892359268356841,False,False,False,False,False,False,,,,,
v30,20260814,kospi,6,335.0,13.864640883977907,16.840234137876262,False,False,False,False,False,False,,,,,
v30,20260814,kospi,7,225.0,-15.551311288483472,-12.575718034585115,False,False,True,False,True,True,,,,,
v30,20260814,kospi,8,656.0,-19.483050847457626,-16.50745759355927,True,False,False,False,True,True,,,,,
v30,20260814,kospi,9,146.0,-5.280487804878053,-2.3048945509796974,False,False,True,False,True,True,,,,,
v30,20260818,kosdaq,1,864.0,-14.902332361516034,-16.436746487269595,False,False,False,False,False,False,,,,,
v30,20260818,kosdaq,2,358.0,0.09016393442623548,-1.444250191327324,False,False,False,False,False,False,,,,,
v30,20260818,kosdaq,3,1006.0,5.931273644388402,4.396859518634843,False,False,False,False,False,False,,,,,
v30,20260818,kosdaq,4,2652.0,29.176674364896073,27.642260239142512,False,False,False,False,False,False,,,,,
v30,20260818,kosdaq,5,832.0,3.101694915254239,1.5672807895006793,False,False,False,False,False,False,,,,,
v30,20260818,kosdaq,6,1928.0,-5.228789986091797,-6.763204111845356,False,False,False,False,False,False,,,,,
v30,20260818,kosdaq,7,2408.0,30.191642651296824,28.657228525543264,True,True,True,False,True,True,,,,,
v30,20260818,kosdaq,8,1901.0,-9.885474860335197,-11.419888986088758,False,False,False,False,False,False,,,,,
v30,20260818,kosdaq,9,2228.0,-3.833333333333332,-5.367747459086892,False,False,False,False,False,False,,,,,
v30,20260818,kosdaq,10,1091.0,-2.1286644951140072,-3.6630786208675667,False,False,False,False,False,False,,,,,
v30,20260818,kospi,1,656.0,-19.6747572815534,-21.203536666504483,True,False,False,False,True,True,,,,,
v30,20260818,kospi,2,633.0,15.93286573146292,14.40408634651184,False,False,False,False,False,False,,,,,
v30,20260818,kospi,3,206.0,-16.147482014388494,-17.676261399339577,True,False,True,False,True,True,,,,,
v30,20260818,kospi,4,1633.0,5.518269747447613,3.9894903624965323,False,False,False,False,False,False,,,,,
v30,20260818,kospi,5,2350.0,3.874999999999996,2.3462206150489147,False,False,False,False,False,False,,,,,
v30,20260818,kospi,6,1533.0,-9.234177215189876,-10.762956600140956,False,False,False,False,False,False,,,,,
v30,20260818,kospi,7,445.0,-1.3322663252240736,-2.861045710175155,False,False,False,False,False,False,,,,,
v30,20260818,kospi,8,2523.0,-4.186982693754703,-5.715762078705784,False,False,False,False,False,False,,,,,
v30,20260818,kospi,9,608.0,0.12578222778473247,-1.4029971571663487,False,False,False,False,False,False,,,,,
v30,20260818,kospi,10,225.0,-10.256097560975608,-11.784876945926689,False,False,True,False,True,True,,,,,
v30,20260819,kosdaq,1,864.0,-15.62605042016807,-15.46467125967053,False,False,False,False,False,False,,,,,
v30,20260819,kosdaq,2,358.0,-0.5,-0.3386208395024599,False,False,False,False,False,False,,,,,
v30,20260819,kosdaq,3,1006.0,6.807692307692303,6.969071468189843,False,False,False,False,False,False,,,,,
v30,20260819,kosdaq,4,2408.0,34.760115606936424,34.92149476743396,True,True,True,False,True,True,,,,,
v30,20260819,kosdaq,5,2652.0,31.7503008423586,31.91168000285614,False,False,False,False,False,False,,,,,
v30,20260819,kosdaq,6,1724.0,25.271324863883848,25.432704024381387,False,False,False,False,False,False,,,,,
v30,20260819,kosdaq,7,1091.0,-0.8260869565217429,-0.6647077960242028,False,False,False,False,False,False,,,,,
v30,20260819,kosdaq,8,2228.0,-3.7258064516129,-3.56442729111536,False,False,False,False,False,False,,,,,
v30,20260819,kosdaq,9,2425.0,0.34925690021231404,0.5106360607098541,False,False,False,False,False,False,,,,,
v30,20260819,kosdaq,10,2159.0,-12.188311688311693,-12.026932527814152,False,False,False,False,False,False,,,,,
v30,20260819,kospi,1,633.0,21.744897959183675,21.63228219709797,False,False,False,False,False,False,,,,,
v30,20260819,kospi,2,206.0,-16.478456014362653,-16.591071776448356,True,False,True,False,True,True,,,,,
v30,20260819,kospi,3,1533.0,-7.542253521126763,-7.654869283212464,False,False,False,False,False,False,,,,,
v30,20260819,kospi,4,1530.0,-2.026717557251911,-2.1393333193376125,False,False,False,True,False,True,,,,,
v30,20260819,kospi,5,445.0,4.435767410412439,4.323151648326738,False,False,False,False,False,False,,,,,
v30,20260819,kospi,7,1988.0,-8.40067720090294,-8.513292962988642,False,False,False,False,False,False,,,,,
v30,20260819,kospi,8,126.0,-0.15870307167234987,-0.2713188337580514,False,True,True,False,True,True,,,,,
v30,20260819,kospi,9,51.0,9.077221742881802,8.964605980796101,False,False,False,False,False,False,,,,,
v30,20260819,kospi,10,274.0,-1.8443640124095158,-1.9569797744952173,False,False,False,False,False,False,,,,,
v30,20260821,kosdaq,1,1774.0,5.951612903225801,-0.2280081083000054,False,False,False,False,False,False,,,,,
v30,20260821,kosdaq,2,2158.0,5.403398926654746,-0.7762220848710601,False,False,False,False,False,False,,,,,
v30,20260821,kosdaq,3,1124.0,14.087332053742808,7.907711042217001,False,False,False,False,False,False,,,,,
v30,20260821,kosdaq,4,1882.0,7.448442534908695,1.268821523382889,False,False,False,False,False,False,,,,,
v30,20260821,kosdaq,5,1171.0,5.988011283497874,-0.19160972802793186,False,False,False,False,False,False,,,,,
v30,20260821,kosdaq,6,864.0,-16.698347107438018,-22.877968118963825,False,False,False,False,False,False,,,,,
v30,20260821,kosdaq,7,1117.0,10.963414634146352,4.7837936226205455,False,False,False,False,False,False,,,,,
v30,20260821,kosdaq,8,2081.0,33.569400630914835,27.389779619389028,False,False,False,False,False,False,,,,,
v30,20260821,kosdaq,9,1030.0,-0.5,-6.679621011525806,False,False,False,False,False,False,,,,,
v30,20260821,kosdaq,10,2317.0,7.716783216783208,1.5371622052574017,False,False,False,False,False,False,,,,,
v30,20260821,kospi,1,633.0,18.230489073881373,14.918184640258463,False,False,False,False,False,False,,,,,
v30,20260821,kospi,2,236.0,4.653707052441225,1.3414026188183152,False,False,False,False,False,False,,,,,
v30,20260821,kospi,3,206.0,-7.6984435797665345,-11.010748013389446,True,False,True,False,True,True,,,,,
v30,20260821,kospi,4,333.0,0.3376963350785305,-2.9746080985443797,False,False,True,False,True,True,,,,,
v30,20260821,kospi,5,608.0,15.306662312214236,11.994357878591327,False,False,False,False,False,False,,,,,
v30,20260821,kospi,6,558.0,28.185897435897445,24.873593002274536,False,False,False,False,False,False,,,,,
v30,20260821,kospi,7,53.0,2.8613445378151363,-0.45095989580777385,True,False,True,False,True,True,,,,,
v30,20260821,kospi,8,225.0,-9.15746549560853,-12.46976992923144,False,False,True,False,True,True,,,,,
v30,20260821,kospi,9,1533.0,-3.318791946308729,-6.631096379931639,False,False,False,False,False,False,,,,,
v30,20260821,kospi,10,656.0,-10.873880989994733,-14.186185423617644,True,False,False,False,True,True,,,,,
v30,20260824,kosdaq,1,1968.0,0.16225165562914245,-7.268905057309772,False,False,False,False,False,False,,,,,
v30,20260824,kosdaq,2,1117.0,12.893393393393382,5.462236680454467,False,False,False,False,False,False,,,,,
v30,20260824,kosdaq,3,864.0,-5.841757610568642,-13.272914323507557,False,False,False,False,False,False,,,,,
v30,20260824,kosdaq,4,1720.0,-1.6428571428571455,-9.07401385579606,False,False,False,False,False,False,,,,,
v30,20260824,kosdaq,5,2408.0,32.783132530120476,25.35197581718156,True,True,True,False,True,True,,,,,
v30,20260824,kosdaq,6,2081.0,34.753600500939264,27.32244378800035,False,False,False,False,False,False,,,,,
v30,20260824,kosdaq,7,1882.0,1.9572649572649485,-5.473891755673966,False,False,False,False,False,False,,,,,
v30,20260824,kosdaq,8,1124.0,16.61538461538462,9.184227902445706,False,False,False,False,False,False,,,,,
v30,20260824,kosdaq,9,1730.0,-3.122950819672132,-10.554107532611047,True,False,False,False,True,True,,,,,
v30,20260824,kosdaq,10,637.0,19.32758620689655,11.896429493957637,False,False,False,False,False,False,,,,,
v30,20260824,kospi,1,333.0,7.869565217391294,5.45031686852988,False,False,True,False,True,True,,,,,
v30,20260824,kospi,2,633.0,13.578674948240154,11.15942659937874,False,False,False,False,False,False,,,,,
v30,20260824,kospi,3,2056.0,24.658227848101266,22.23897949923985,False,True,True,False,True,True,,,,,
v30,20260824,kospi,4,206.0,-8.452286282306165,-10.87153463116758,True,False,True,False,True,True,,,,,
v30,20260824,kospi,5,656.0,-8.619891008174385,-11.039139357035799,True,False,False,False,True,True,,,,,
v30,20260824,kospi,6,225.0,-9.945843828715361,-12.365092177576775,False,False,True,False,True,True,,,,,
v30,20260824,kospi,7,126.0,3.4285714285714373,1.0093230797100228,False,True,True,False,True,True,,,,,
v30,20260824,kospi,8,629.0,1.4230769230769162,-0.9961714257844982,False,False,False,False,False,False,,,,,
v30,20260824,kospi,9,254.0,-6.882978723404253,-9.302227072265667,False,False,False,False,False,False,,,,,
v30,20260824,kospi,10,445.0,-4.2735849056603765,-6.692833254521791,False,False,False,False,False,False,,,,,
v30,20260825,kosdaq,1,1091.0,-7.546632124352337,-11.411690470843762,False,False,False,False,False,False,,,,,
v30,20260825,kosdaq,2,358.0,21.520202020202028,17.6551436737106,False,False,False,False,False,False,,,,,
v30,20260825,kosdaq,3,1130.0,5.357740585774063,1.492682239282637,False,False,False,False,False,False,,,,,
v30,20260825,kosdaq,4,2126.0,10.726611226611215,6.86155288011979,False,False,False,False,False,False,,,,,
v30,20260825,kosdaq,5,1124.0,11.906015037593976,8.04095669110255,False,False,False,False,False,False,,,,,
v30,20260825,kosdaq,6,908.0,-1.353970964987194,-5.21902931147862,False,False,False,False,False,False,,,,,
v30,20260825,kosdaq,7,1030.0,-4.219912472647701,-8.084970819139127,False,False,False,False,False,False,,,,,
v30,20260825,kosdaq,8,312.0,2.2592768791627087,-1.605781467328717,False,False,False,False,False,False,,,,,
v30,20260825,kosdaq,9,1264.0,-10.54273504273504,-14.407793389226466,False,False,False,False,False,False,,,,,
v30,20260825,kosdaq,10,2346.0,-6.127198124267296,-9.992256470758722,False,False,False,False,False,False,,,,,
v30,20260825,kospi,1,633.0,9.712335692618812,10.005666133107887,False,False,False,False,False,False,,,,,
v30,20260825,kospi,2,104.0,-10.68922852983989,-10.395898089350814,True,False,False,False,True,True,,,,,
v30,20260825,kospi,3,206.0,-9.099999999999998,-8.806669559510922,True,False,True,False,True,True,,,,,
v30,20260825,kospi,4,225.0,-11.347880299251866,-11.05454985876279,False,False,True,False,True,True,,,,,
v30,20260825,kospi,5,335.0,15.321256038647347,15.614586479136422,False,False,False,False,False,False,,,,,
v30,20260825,kospi,6,274.0,-3.7686414708886664,-3.4753110303995904,False,False,False,False,False,False,,,,,
v30,20260825,kospi,7,543.0,-7.985029940119759,-7.6916994996306824,False,False,False,False,False,False,,,,,
v30,20260825,kospi,8,402.0,-27.296116504854375,-27.0027860643653,False,False,False,True,False,True,,,,,
v30,20260825,kospi,9,126.0,1.224137931034475,1.5174683715235513,False,True,True,False,True,True,,,,,
v30,20260825,kospi,10,608.0,26.877153797064445,27.17048423755352,False,False,False,False,False,False,,,,,
v30,20260826,kosdaq,1,1091.0,-9.402691511387163,-13.872054743728743,False,False,False,False,False,False,,,,,
v30,20260826,kosdaq,2,1414.0,-5.167863554757634,-9.637226787099213,False,False,False,False,False,False,,,,,
v30,20260826,kosdaq,3,1130.0,2.945378151260514,-1.5239850810810651,False,False,False,False,False,False,,,,,
v30,20260826,kosdaq,4,908.0,-2.7881355932203418,-7.257498825561921,False,False,False,False,False,False,,,,,
v30,20260826,kosdaq,5,1124.0,8.759259259259256,4.289896026917677,False,False,False,False,False,False,,,,,
v30,20260826,kosdaq,6,2003.0,3.033026113671278,-1.4363371186703011,False,False,False,False,False,False,,,,,
v30,20260826,kosdaq,7,2346.0,-3.391566265060241,-7.86092949740182,False,False,False,False,False,False,,,,,
v30,20260826,kosdaq,8,2425.0,-4.005154639175256,-8.474517871516834,False,False,False,False,False,False,,,,,
v30,20260826,kosdaq,9,1264.0,-10.499999999999998,-14.969363232341578,False,False,False,False,False,False,,,,,
v30,20260826,kosdaq,10,2629.0,10.667512690355318,6.198149458013739,False,False,False,False,False,False,,,,,
v30,20260826,kospi,1,633.0,-0.9752851711026574,1.2654018003363712,False,False,False,False,False,False,,,,,
v30,20260826,kospi,2,445.0,-6.84723086496577,-4.606543893526741,False,False,False,False,False,False,,,,,
v30,20260826,kospi,3,146.0,-8.734126984126988,-6.493440012687959,False,False,True,False,True,True,,,,,
v30,20260826,kospi,4,434.0,-2.6531100478468845,-0.412423076407856,False,False,False,False,False,False,,,,,
v30,20260826,kospi,5,1207.0,-8.379924953095685,-6.139237981656656,False,False,False,False,False,False,,,,,
v30,20260826,kospi,6,1942.0,-10.83333333333334,-8.59264636189431,False,False,False,False,False,False,,,,,
v30,20260826,kospi,7,1533.0,-8.789473684210524,-6.548786712771495,False,False,False,False,False,False,,,,,
v30,20260826,kospi,8,523.0,-1.28125,0.9594369714390285,False,False,False,False,False,False,,,,,
v30,20260826,kospi,9,104.0,-12.927745664739888,-10.687058693300859,True,False,False,False,True,True,,,,,
v30,20260826,kospi,10,208.0,-1.4202453987730008,0.8204415726660277,False,True,True,False,True,True,,,,,
v30,20260827,kosdaq,1,983.0,-7.212672521957342,-11.500227265252992,False,False,False,False,False,False,,,,,
v30,20260827,kosdaq,2,1343.0,-4.740963855421686,-9.028518598717335,False,False,False,False,False,False,,,,,
v30,20260827,kosdaq,3,1130.0,3.6322314049586866,-0.6553233383369625,False,False,False,False,False,False,,,,,
v30,20260827,kosdaq,4,2346.0,-3.333031946955999,-7.620586690251648,False,False,False,False,False,False,,,,,
v30,20260827,kosdaq,5,1091.0,-8.248691099476435,-12.536245842772084,False,False,False,False,False,False,,,,,
v30,20260827,kosdaq,6,1116.0,-3.047770700636942,-7.335325443932591,False,False,False,False,False,False,,,,,
v30,20260827,kosdaq,7,1789.0,-1.6792452830188704,-5.96680002631452,False,False,False,False,False,False,,,,,
v30,20260827,kosdaq,8,2425.0,-0.9149377593360982,-5.202492502631747,False,False,False,False,False,False,,,,,
v30,20260827,kosdaq,9,1124.0,5.705673758865249,1.4181190155695997,False,False,False,False,False,False,,,,,
v30,20260827,kosdaq,10,2629.0,13.66666666666666,9.379111923371012,False,False,False,False,False,False,,,,,
v30,20260827,kospi,1,1942.0,-7.065656565656564,-5.984860400762784,False,False,False,False,False,False,,,,,
v30,20260827,kospi,2,633.0,-0.8898635477582847,0.19093261713549536,False,False,False,False,False,False,,,,,
v30,20260827,kospi,3,712.0,-10.95871559633027,-9.87791943143649,False,False,False,False,False,False,,,,,
v30,20260827,kospi,4,1769.0,2.8509700176366897,3.9317661825304695,False,False,False,False,False,False,,,,,
v30,20260827,kospi,5,104.0,-10.733918128654974,-9.653121963761194,True,False,False,False,True,True,,,,,
v30,20260827,kospi,6,2602.0,-19.482300884955748,-18.40150472006197,False,False,True,False,True,True,,,,,
v30,20260827,kospi,7,445.0,-7.518633540372677,-6.437837375478897,False,False,False,False,False,False,,,,,
v30,20260827,kospi,8,2199.0,-7.195005313496283,-6.114209148602503,False,False,False,False,False,False,,,,,
v30,20260827,kospi,9,2350.0,10.237179487179493,11.317975652073272,False,True,False,False,True,True,,,,,
v30,20260827,kospi,10,523.0,-0.7617801047120394,0.31901606018174067,False,False,False,False,False,False,,,,,
v30,20260828,kosdaq,1,1116.0,-3.3387096774193594,-9.113359300089908,False,False,False,False,False,False,,,,,
v30,20260828,kosdaq,2,1091.0,-8.15199161425576,-13.926641236926308,False,False,False,False,False,False,,,,,
v30,20260828,kosdaq,3,1130.0,5.2613168724279795,-0.5133327502425686,False,False,False,False,False,False,,,,,
v30,20260828,kosdaq,4,2629.0,12.441176470588234,6.666526847917686,False,False,False,False,False,False,,,,,
v30,20260828,kosdaq,5,983.0,-8.941961514587216,-14.716611137257765,False,False,False,False,False,False,,,,,
v30,20260828,kosdaq,6,2346.0,-3.530303030303027,-9.304952652973576,False,False,False,False,False,False,,,,,
v30,20260828,kosdaq,7,2003.0,2.4968454258675115,-3.2778041968030367,False,False,False,False,False,False,,,,,
v30,20260828,kosdaq,8,1124.0,4.004504504504503,-1.7701451181660453,False,False,False,False,False,False,,,,,
v30,20260828,kosdaq,9,1789.0,-3.076112412177989,-8.850762034848536,False,False,False,False,False,False,,,,,
v30,20260828,kosdaq,10,1264.0,-10.671306209850107,-16.445955832520653,False,False,False,False,False,False,,,,,
v30,20260828,kospi,1,445.0,-9.201056556867615,-6.965173550378727,False,False,False,False,False,False,,,,,
v30,20260828,kospi,2,2.0,-4.25757575757576,-2.0216927510868716,False,False,False,False,False,False,,,,,
v30,20260828,kospi,4,254.0,-5.976190476190479,-3.740307469701591,False,False,False,False,False,False,,,,,
v30,20260828,kospi,5,543.0,-6.4374999999999964,-4.2016169935111085,False,False,False,False,False,False,,,,,
v30,20260828,kospi,6,2344.0,-0.5,1.735883006488888,False,False,False,False,False,False,,,,,
v30,20260828,kospi,7,1942.0,-11.574380165289256,-9.338497158800369,False,False,False,False,False,False,,,,,
v30,20260828,kospi,8,428.0,-3.2647058823529354,-1.0288228758640474,False,False,False,False,False,False,,,,,
v30,20260828,kospi,9,656.0,-0.7304147465437834,1.5054682599451046,True,False,False,False,True,True,,,,,
v30,20260828,kospi,10,523.0,-3.59677419354839,-1.3608911870595022,False,False,False,False,False,False,,,,,
v30,20260831,kosdaq,1,1343.0,-6.241626794258369,-10.637351957028933,False,False,False,False,False,False,,,,,
v30,20260831,kosdaq,2,2346.0,-2.940512507626602,-7.336237670397165,False,False,False,False,False,False,,,,,
v30,20260831,kosdaq,3,2629.0,4.056962025316458,-0.33876313745410513,False,False,False,False,False,False,,,,,
v30,20260831,kosdaq,4,1130.0,7.0896580483736376,2.6939328856030746,False,False,False,False,False,False,,,,,
v30,20260831,kosdaq,5,1171.0,3.2483266398929076,-1.1473985228776553,False,False,False,False,False,False,,,,,
v30,20260831,kosdaq,6,1091.0,-7.059139784946233,-11.454864947716796,False,False,False,False,False,False,,,,,
v30,20260831,kosdaq,7,95.0,-9.648550724637683,-14.044275887408247,False,False,False,False,False,False,,,,,
v30,20260831,kosdaq,8,1789.0,-5.0662100456621,-9.461935208432664,False,False,False,False,False,False,,,,,
v30,20260831,kosdaq,9,980.0,27.842245989304814,23.44652082653425,False,False,False,False,False,False,,,,,
v30,20260831,kosdaq,10,358.0,11.523653088042051,7.127927925271488,False,False,False,False,False,False,,,,,
v30,20260831,kospi,1,236.0,-1.2922535211267623,1.1128863975173622,False,False,False,False,False,False,,,,,
v30,20260831,kospi,2,445.0,-9.932799013563498,-7.527659094919374,False,False,False,False,False,False,,,,,
v30,20260831,kospi,3,1610.0,-2.7946859903381633,-0.3895460716940389,False,False,False,False,False,False,,,,,
v30,20260831,kospi,4,656.0,-5.110951008645536,-2.7058110900014114,True,False,False,False,True,True,,,,,
v30,20260831,kospi,5,712.0,-7.656862745098037,-5.251722826453912,False,False,False,False,False,False,,,,,
v30,20260831,kospi,6,434.0,-4.885542168674694,-2.4804022500305694,False,False,False,False,False,False,,,,,
v30,20260831,kospi,7,523.0,-4.56607369758577,-2.1609337789416454,False,False,False,False,False,False,,,,,
v30,20260831,kospi,8,428.0,-3.1378896882493947,-0.7327497696052703,False,False,False,False,False,False,,,,,
v30,20260831,kospi,9,1341.0,22.873493975903624,25.27863389454775,False,False,False,False,False,False,,,,,
v30,20260831,kospi,10,2.0,-4.7424242424242475,-2.337284323780123,False,False,False,False,False,False,,,,,
v30,20260901,kosdaq,1,1343.0,-6.591127098321348,-17.03629766289645,False,False,False,False,False,False,,,,,
v30,20260901,kosdaq,2,1130.0,6.9539363484087175,-3.4912342161663883,False,False,False,False,False,False,,,,,
v30,20260901,kosdaq,3,641.0,-2.402173913043481,-12.847344477618588,False,False,False,False,False,False,,,,,
v30,20260901,kosdaq,4,2346.0,-2.0197568389057725,-12.464927403480878,False,False,False,False,False,False,,,,,
v30,20260901,kosdaq,5,980.0,25.62903225806451,15.183861693489403,False,False,False,False,False,False,,,,,
v30,20260901,kosdaq,6,1575.0,-4.589219330855021,-15.034389895430127,False,False,False,False,False,False,,,,,
v30,20260901,kosdaq,7,2629.0,19.56688963210703,9.121719067531926,False,False,False,False,False,False,,,,,
v30,20260901,kosdaq,8,1162.0,-8.915841584158413,-19.36101214873352,True,False,False,False,True,True,,,,,
v30,20260901,kosdaq,9,947.0,8.708400646203563,-1.736769918371543,False,False,False,False,False,False,,,,,
v30,20260901,kosdaq,10,1264.0,-8.719923788786065,-19.16509435336117,False,False,False,False,False,False,,,,,
v30,20260901,kospi,1,2067.0,-7.346361185983829,-6.912690472444138,False,False,False,False,False,False,,,,,
v30,20260901,kospi,2,1610.0,-1.1038647342995196,-0.6701940207598283,False,False,False,False,False,False,,,,,
v30,20260901,kospi,3,38.0,5.684012066365008,6.117682779904699,False,False,False,False,False,False,,,,,
v30,20260901,kospi,4,428.0,-1.5384850335980467,-1.1048143200583553,False,False,False,False,False,False,,,,,
v30,20260901,kospi,5,712.0,-13.344036697247708,-12.910365983708017,False,False,False,False,False,False,,,,,
v30,20260901,kospi,6,206.0,-6.852459016393442,-6.41878830285375,True,False,True,False,True,True,,,,,
v30,20260901,kospi,7,254.0,-5.838078291814951,-5.40440757827526,False,False,False,False,False,False,,,,,
v30,20260901,kospi,8,1533.0,-6.085831062670299,-5.652160349130607,False,False,False,False,False,False,,,,,
v30,20260901,kospi,9,404.0,1.865308804205002,2.2989795177446934,False,False,False,False,False,False,,,,,
v30,20260901,kospi,10,791.0,-6.645251396648044,-6.211580683108353,False,False,False,False,False,False,,,,,
lv_b,20260629,kosdaq,1,1983.0,11.980739599383671,29.904466054182098,False,False,False,False,False,False,,,,,
lv_b,20260629,kosdaq,2,1027.0,-1.2490636704119868,16.67466278438644,False,False,False,False,False,False,,,,,
lv_b,20260629,kosdaq,3,614.0,-1.9577259475218707,15.966000507276556,True,False,False,False,True,True,,,,,
lv_b,20260629,kosdaq,4,1780.0,-0.2626582278481111,17.661068226950317,False,False,False,False,False,False,,,,,
lv_b,20260629,kosdaq,5,670.0,1.5297699594046037,19.45349641420303,True,False,False,False,True,True,,,,,
lv_b,20260629,kosdaq,6,1298.0,-14.018197573656844,3.905528881141583,False,False,False,False,False,False,,,,,
lv_b,20260629,kosdaq,7,1841.0,-7.813642756680728,10.110083698117698,False,False,False,False,False,False,,,,,
lv_b,20260629,kosdaq,8,1401.0,6.538288288288296,24.462014743086723,False,False,False,False,False,False,,,,,
lv_b,20260629,kosdaq,9,500.0,-4.400156006240252,13.523570448558175,False,False,False,False,False,False,,,,,
lv_b,20260629,kosdaq,10,1583.0,-5.900372439478584,12.023354015319843,False,False,False,False,False,False,,,,,
lv_b,20260629,kospi,1,1844.0,4.544345898004443,15.27309594171372,False,False,False,False,False,False,,,,,
lv_b,20260629,kospi,2,2227.0,-7.113756613756617,3.6149934299526594,False,False,False,False,False,False,,,,,
lv_b,20260629,kospi,3,1833.0,-8.272925764192141,2.4558242795171346,False,False,False,False,False,False,,,,,
lv_b,20260629,kospi,4,1554.0,-0.94642857142857,9.782321472280707,False,False,False,False,False,False,,,,,
lv_b,20260629,kospi,5,1769.0,-6.299373040752354,4.429377002956922,False,False,False,False,False,False,,,,,
lv_b,20260629,kospi,6,1602.0,-5.294520547945202,5.4342294957640735,False,False,False,False,False,False,,,,,
lv_b,20260629,kospi,7,2352.0,3.28378378378379,14.012533827493066,False,False,False,False,False,False,,,,,
lv_b,20260629,kospi,8,2454.0,-15.140883977900554,-4.412133934191278,False,False,False,False,False,False,,,,,
lv_b,20260629,kospi,9,1538.0,-15.073785517873507,-4.345035474164231,False,False,False,False,False,False,,,,,
lv_b,20260629,kospi,10,1501.0,8.263505402160865,18.992255445870143,False,False,False,False,False,False,,,,,
lv_b,20260630,kosdaq,1,1983.0,7.794209702660416,30.71538083742294,False,False,False,False,False,False,,,,,
lv_b,20260630,kosdaq,2,1268.0,-2.9418604651162745,19.979310669646253,False,False,False,False,False,False,,,,,
lv_b,20260630,kosdaq,3,1027.0,-1.452380952380949,21.46879018238158,False,False,False,False,False,False,,,,,
lv_b,20260630,kosdaq,4,1780.0,1.7417934347477964,24.662964569510322,False,False,False,False,False,False,,,,,
lv_b,20260630,kosdaq,5,1401.0,1.9970963995354145,24.918267534297943,False,False,False,False,False,False,,,,,
lv_b,20260630,kosdaq,6,1987.0,-26.91148325358852,-3.990312118825994,False,False,False,False,False,False,,,,,
lv_b,20260630,kosdaq,7,1841.0,-10.889610389610393,12.031560745152134,False,False,False,False,False,False,,,,,
lv_b,20260630,kosdaq,8,1298.0,-16.09471365638766,6.826457478374866,False,False,False,False,False,False,,,,,
lv_b,20260630,kosdaq,9,1636.0,-3.4850746268656687,19.43609650789686,False,False,False,False,False,False,,,,,
lv_b,20260630,kosdaq,10,1583.0,-10.630111524163565,12.291059610598962,False,False,False,False,False,False,,,,,
lv_b,20260630,kospi,1,1776.0,16.250948166877365,30.500996252188088,False,False,False,False,False,False,,,,,
lv_b,20260630,kospi,2,1844.0,5.431263858093128,19.681311943403852,False,False,False,False,False,False,,,,,
lv_b,20260630,kospi,3,2227.0,-5.6490514905149,8.600996594795824,False,False,False,False,False,False,,,,,
lv_b,20260630,kospi,4,2166.0,-3.9897713598074582,10.260276725503266,False,False,False,False,False,False,,,,,
lv_b,20260630,kospi,5,1833.0,-11.55263157894737,2.6974165063633535,False,False,False,False,False,False,,,,,
lv_b,20260630,kospi,6,2344.0,-14.597968936678619,-0.3479208513678955,False,False,False,False,False,False,,,,,
lv_b,20260630,kospi,7,1554.0,-1.2598784194528863,12.990169665857838,False,False,False,False,False,False,,,,,
lv_b,20260630,kospi,8,2057.0,5.262711864406778,19.512759949717502,False,False,False,False,False,False,,,,,
lv_b,20260630,kospi,9,1602.0,-10.454128440366972,3.7959196449437513,False,False,False,False,False,False,,,,,
lv_b,20260630,kospi,10,1750.0,-3.314814814814814,10.93523327049591,False,False,False,False,False,False,,,,,
lv_b,20260701,kosdaq,1,1268.0,-0.6175088131609825,23.60622386973152,False,False,False,False,False,False,,,,,
lv_b,20260701,kosdaq,2,1027.0,-0.6886792452830188,23.53505343760948,False,False,False,False,False,False,,,,,
lv_b,20260701,kosdaq,3,1298.0,-14.216814159292035,10.006918523600465,False,False,False,False,False,False,,,,,
lv_b,20260701,kosdaq,4,1841.0,-7.257728253055351,16.96600442983715,False,False,False,False,False,False,,,,,
lv_b,20260701,kosdaq,5,1780.0,-1.9285714285714235,22.295161254321076,False,False,False,False,False,False,,,,,
lv_b,20260701,kosdaq,6,1987.0,-23.348664688427302,0.8750679944651978,False,False,False,False,False,False,,,,,
lv_b,20260701,kosdaq,7,1583.0,-7.844632768361581,16.37909991453092,False,False,False,False,False,False,,,,,
lv_b,20260701,kosdaq,8,1401.0,3.805949008498589,28.02968169139109,False,False,False,False,False,False,,,,,
lv_b,20260701,kosdaq,9,1019.0,-11.15022421524664,13.07350846764586,False,False,False,False,False,False,,,,,
lv_b,20260701,kosdaq,10,875.0,-17.148992576882293,7.074740106010207,False,False,False,False,False,False,,,,,
lv_b,20260701,kospi,1,1844.0,5.2490326147042525,18.88265829758021,False,False,False,False,False,False,,,,,
lv_b,20260701,kospi,2,2227.0,-2.5215633423180557,11.112062340557904,False,False,False,False,False,False,,,,,
lv_b,20260701,kospi,3,1554.0,-2.2725258493353047,11.361099833540655,False,False,False,False,False,False,,,,,
lv_b,20260701,kospi,4,1578.0,-2.7068965517241357,10.926729131151824,False,False,False,False,False,False,,,,,
lv_b,20260701,kospi,5,1769.0,-9.175799086757996,4.457826596117963,False,False,False,False,False,False,,,,,
lv_b,20260701,kospi,6,2057.0,8.842560553633227,22.476186236509186,False,False,False,False,False,False,,,,,
lv_b,20260701,kospi,7,2454.0,-9.328996282527878,4.30462940034808,False,False,False,False,False,False,,,,,
lv_b,20260701,kospi,8,2193.0,1.8474178403755763,15.481043523251536,False,False,False,False,False,False,,,,,
lv_b,20260701,kospi,9,2054.0,8.217948717948708,21.851574400824667,False,False,False,False,False,False,,,,,
lv_b,20260701,kospi,10,1962.0,-24.196969696969695,-10.563344014093737,False,False,False,False,False,False,,,,,
lv_b,20260703,kosdaq,1,1268.0,4.560240963855422,16.840587622110174,False,False,False,False,False,False,,,,,
lv_b,20260703,kosdaq,2,1027.0,-0.1303142329020286,12.150032425352723,False,False,False,False,False,False,,,,,
lv_b,20260703,kosdaq,3,2232.0,-45.918691588785045,-33.638344930530295,False,False,False,False,False,False,,,,,
lv_b,20260703,kosdaq,4,1298.0,-8.553097345132743,3.727249313122009,False,False,False,False,False,False,,,,,
lv_b,20260703,kosdaq,5,1841.0,0.5181818181818292,12.79852847643658,False,False,False,False,False,False,,,,,
lv_b,20260703,kosdaq,6,1401.0,21.68370883882148,33.96405549707623,False,False,False,False,False,False,,,,,
lv_b,20260703,kosdaq,7,1583.0,-1.054528650646946,11.225818007607806,False,False,False,False,False,False,,,,,
lv_b,20260703,kosdaq,8,2009.0,-4.039823008849563,8.240523649405189,False,False,False,False,False,False,,,,,
lv_b,20260703,kosdaq,9,500.0,-4.110675039246469,8.169671619008284,False,False,False,False,False,False,,,,,
lv_b,20260703,kosdaq,10,1116.0,-13.346068660022148,-1.065722001767396,False,False,False,False,False,False,,,,,
lv_b,20260703,kospi,1,1202.0,-7.663742690058484,1.686484694296201,False,False,False,False,False,False,,,,,
lv_b,20260703,kospi,2,574.0,-7.505494505494504,1.8447328788601816,False,False,False,False,False,False,,,,,
lv_b,20260703,kospi,3,851.0,-8.719178082191782,0.6310493021629036,False,False,False,False,False,False,,,,,
lv_b,20260703,kospi,4,2227.0,-3.542328042328046,5.807899342026639,False,False,False,False,False,False,,,,,
lv_b,20260703,kospi,5,1844.0,-0.5,8.850227384354685,False,False,False,False,False,False,,,,,
lv_b,20260703,kospi,6,209.0,-20.949678800856532,-11.599451416501847,False,False,True,False,True,True,,,,,
lv_b,20260703,kospi,7,354.0,5.595979247730221,14.946206632084905,False,False,False,False,False,False,,,,,
lv_b,20260703,kospi,8,2344.0,-15.401047729918515,-6.05082034556383,False,False,False,False,False,False,,,,,
lv_b,20260703,kospi,9,286.0,-4.99134199134199,4.358885393012695,True,False,False,False,True,True,,,,,
lv_b,20260703,kospi,10,1833.0,-7.667832167832167,1.6823952165225187,False,False,False,False,False,False,,,,,
lv_b,20260706,kosdaq,1,1268.0,5.2485029940119725,10.109946726856183,False,False,False,False,False,False,,,,,
lv_b,20260706,kosdaq,2,1027.0,3.759259259259252,8.620702992103464,False,False,False,False,False,False,,,,,
lv_b,20260706,kosdaq,3,1987.0,-10.881978452497554,-6.020534719653343,False,False,False,False,False,False,,,,,
lv_b,20260706,kosdaq,4,1298.0,-3.0408348457350294,1.8206088871091821,False,False,False,False,False,False,,,,,
lv_b,20260706,kosdaq,5,1841.0,2.651862464183375,7.513306197027586,False,False,False,False,False,False,,,,,
lv_b,20260706,kosdaq,6,1780.0,15.158914728682172,20.020358461526385,False,False,False,False,False,False,,,,,
lv_b,20260706,kosdaq,7,1401.0,33.09234907352062,37.95379280636483,False,False,False,False,False,False,,,,,
lv_b,20260706,kosdaq,8,2009.0,1.8255813953488413,6.687025128193053,False,False,False,False,False,False,,,,,
lv_b,20260706,kosdaq,9,500.0,2.8653846153846256,7.726828348228837,False,False,False,False,False,False,,,,,
lv_b,20260706,kosdaq,10,1116.0,-4.055045871559637,0.8063978612845748,False,False,False,False,False,False,,,,,
lv_b,20260706,kospi,1,574.0,-3.1722925457102638,2.308362306640807,False,False,False,False,False,False,,,,,
lv_b,20260706,kospi,2,851.0,-5.868098159509205,-0.3874433071581338,False,False,False,False,False,False,,,,,
lv_b,20260706,kospi,3,704.0,-1.0838641188959715,4.3967907334550995,False,False,False,False,False,False,,,,,
lv_b,20260706,kospi,4,2227.0,-1.9608233731739695,3.5198314791771015,False,False,False,False,False,False,,,,,
lv_b,20260706,kospi,5,1844.0,-0.3946259220231836,5.086028930327887,False,False,False,False,False,False,,,,,
lv_b,20260706,kospi,6,354.0,14.843203230148038,20.323858082499108,False,False,False,False,False,False,,,,,
lv_b,20260706,kospi,7,2344.0,-10.188995215311003,-4.708340362959932,False,False,False,False,False,False,,,,,
lv_b,20260706,kospi,8,209.0,-20.31032665964173,-14.82967180729066,False,False,False,False,False,False,,,,,
lv_b,20260706,kospi,9,1435.0,-3.269230769230768,2.211424083120303,False,False,False,False,False,False,,,,,
lv_b,20260706,kospi,10,472.0,10.229613733905573,15.710268586256644,False,False,False,False,False,False,,,,,
lv_b,20260707,kosdaq,1,2519.0,2.0293028994447964,0.312181103037499,False,False,False,False,False,False,,,,,
lv_b,20260707,kosdaq,2,1027.0,4.129629629629628,2.412507833222331,False,False,False,False,False,False,,,,,
lv_b,20260707,kosdaq,3,1136.0,-1.1772009029345383,-2.894322699341836,False,False,False,False,False,False,,,,,
lv_b,20260707,kosdaq,4,1987.0,-6.4059059059059065,-8.123027702313204,False,False,False,False,False,False,,,,,
lv_b,20260707,kosdaq,5,1298.0,4.642857142857138,2.925735346449841,False,False,False,False,False,False,,,,,
lv_b,20260707,kosdaq,6,1841.0,10.47560975609757,8.758487959690273,False,False,False,False,False,False,,,,,
lv_b,20260707,kosdaq,7,829.0,7.331325301204828,5.614203504797531,True,False,False,False,True,True,,,,,
lv_b,20260707,kosdaq,8,500.0,9.300664451827235,7.583542655419937,False,False,False,False,False,False,,,,,
lv_b,20260707,kosdaq,9,1801.0,8.12068965517242,6.403567858765123,False,False,False,False,False,False,,,,,
lv_b,20260707,kosdaq,10,875.0,0.8114754098360714,-0.905646386571226,False,False,False,False,False,False,,,,,
lv_b,20260707,kospi,1,574.0,-0.5,1.423515066099278,False,False,False,False,False,False,,,,,
lv_b,20260707,kospi,2,851.0,-2.216068642745705,-0.2925535766464271,False,False,False,False,False,False,,,,,
lv_b,20260707,kospi,3,181.0,-3.2151935297515912,-1.2916784636523133,False,False,True,False,True,True,,,,,
lv_b,20260707,kospi,4,2227.0,-1.42592592592593,0.4975891401733479,False,False,False,False,False,False,,,,,
lv_b,20260707,kospi,5,209.0,-18.759023354564754,-16.835508288465476,False,False,False,False,False,False,,,,,
lv_b,20260707,kospi,6,354.0,28.388888888888896,30.312403954988174,False,False,False,False,False,False,,,,,
lv_b,20260707,kospi,7,1435.0,1.976290832455219,3.899805898554497,False,False,False,False,False,False,,,,,
lv_b,20260707,kospi,8,2344.0,-6.556860321384428,-4.63334525528515,False,False,False,False,False,False,,,,,
lv_b,20260707,kospi,9,1538.0,-12.214285714285712,-10.290770648186434,False,False,False,False,False,False,,,,,
lv_b,20260707,kospi,10,286.0,1.3983807928531604,3.3218958589524386,True,False,False,False,True,True,,,,,
lv_b,20260708,kosdaq,1,1027.0,8.455223880597018,3.4035226993806997,False,False,False,False,False,False,,,,,
lv_b,20260708,kosdaq,2,1136.0,1.588167053364276,-3.463534127852042,False,False,False,False,False,False,,,,,
lv_b,20260708,kosdaq,3,2232.0,-38.0968992248062,-43.14860040602252,False,False,False,False,False,False,,,,,
lv_b,20260708,kosdaq,4,1841.0,11.237804878048784,6.1861036968324665,False,False,False,False,False,False,,,,,
lv_b,20260708,kosdaq,5,500.0,10.177966101694913,5.1262649204785955,False,False,False,False,False,False,,,,,
lv_b,20260708,kosdaq,6,1401.0,39.824519230769226,34.77281804955291,False,False,False,False,False,False,,,,,
lv_b,20260708,kosdaq,7,1583.0,4.6001821493624755,-0.45151903185384246,False,False,False,False,False,False,,,,,
lv_b,20260708,kosdaq,8,1493.0,3.590909090909101,-1.460792090307217,False,False,False,False,False,False,,,,,
lv_b,20260708,kosdaq,9,1456.0,6.447368421052635,1.3956672398363175,False,False,False,False,False,False,,,,,
lv_b,20260708,kosdaq,10,811.0,5.015587529976029,-0.03611365124028865,False,False,False,False,False,False,,,,,
lv_b,20260708,kospi,1,574.0,3.973304473304474,3.012750575672288,False,False,False,False,False,False,,,,,
lv_b,20260708,kospi,2,851.0,0.773885350318471,-0.18666854731371507,False,False,False,False,False,False,,,,,
lv_b,20260708,kospi,3,209.0,-19.583155650319828,-20.543709547952012,False,False,False,False,False,False,,,,,
lv_b,20260708,kospi,4,2227.0,-0.09459459459458765,-1.0551484922267738,False,False,False,False,False,False,,,,,
lv_b,20260708,kospi,5,472.0,15.369565217391312,14.409011319759125,False,False,False,False,False,False,,,,,
lv_b,20260708,kospi,6,1538.0,-9.404109589041099,-10.364663486673285,False,False,False,False,False,False,,,,,
lv_b,20260708,kospi,7,286.0,2.210333145115751,1.2497792474835647,True,False,False,False,True,True,,,,,
lv_b,20260708,kospi,8,354.0,34.71923620933522,33.75868231170303,False,False,False,False,False,False,,,,,
lv_b,20260708,kospi,9,597.0,4.872616984402079,3.9120630867698925,True,False,False,False,True,True,,,,,
lv_b,20260708,kospi,10,1833.0,1.4909502262443368,0.5303963286121507,False,False,False,False,False,False,,,,,
lv_b,20260709,kosdaq,1,2267.0,4.851170568561869,1.9199143309041724,False,False,False,False,False,False,,,,,
lv_b,20260709,kosdaq,2,2519.0,14.076702737110114,11.145446499452417,False,False,False,False,False,False,,,,,
lv_b,20260709,kosdaq,3,1724.0,-4.551863857374394,-7.48312009503209,False,False,False,False,False,False,,,,,
lv_b,20260709,kosdaq,4,2232.0,-35.34251968503938,-38.27377592269708,False,False,False,False,False,False,,,,,
lv_b,20260709,kosdaq,5,155.0,2.1128266033254244,-0.8184296343322726,False,False,False,False,False,False,,,,,
lv_b,20260709,kosdaq,6,1841.0,10.050458715596323,7.119202477938625,False,False,False,False,False,False,,,,,
lv_b,20260709,kosdaq,7,829.0,3.8478260869565193,0.9165698492988223,True,False,False,False,True,True,,,,,
lv_b,20260709,kosdaq,8,500.0,9.781923714759532,6.850667477101835,False,False,False,False,False,False,,,,,
lv_b,20260709,kosdaq,9,1401.0,43.707317073170735,40.776060835513036,False,False,False,False,False,False,,,,,
lv_b,20260709,kosdaq,10,1801.0,3.1964980544747177,0.26524181681702075,False,False,False,False,False,False,,,,,
lv_b,20260709,kospi,1,574.0,3.6666666666666745,1.7871173426511067,False,False,False,False,False,False,,,,,
lv_b,20260709,kospi,2,851.0,0.1389776357827559,-1.740571688232812,False,False,False,False,False,False,,,,,
lv_b,20260709,kospi,3,209.0,-20.771682340647857,-22.651231664663424,False,False,False,False,False,False,,,,,
lv_b,20260709,kospi,4,181.0,4.093420235878343,2.2138709118627746,False,False,True,False,True,True,,,,,
lv_b,20260709,kospi,5,620.0,9.500000000000009,7.620450675984441,False,False,False,False,False,False,,,,,
lv_b,20260709,kospi,6,2227.0,2.217391304347827,0.3378419803322592,False,False,False,False,False,False,,,,,
lv_b,20260709,kospi,7,806.0,-1.5288065843621408,-3.4083559083777084,False,False,False,False,False,False,,,,,
lv_b,20260709,kospi,8,1538.0,-8.623791102514511,-10.503340426530078,False,False,False,False,False,False,,,,,
lv_b,20260709,kospi,9,1844.0,5.124661979448353,3.245112655432785,False,False,False,False,False,False,,,,,
lv_b,20260709,kospi,10,286.0,1.449860724233976,-0.4296885997815918,True,False,False,False,True,True,,,,,
lv_b,20260710,kosdaq,1,1136.0,0.3055235903337232,-2.420625626245627,False,False,False,False,False,False,,,,,
lv_b,20260710,kosdaq,2,2519.0,15.704287515762926,12.978138299183577,False,False,False,False,False,False,,,,,
lv_b,20260710,kosdaq,3,1724.0,-5.9140127388535015,-8.640161955432852,False,False,False,False,False,False,,,,,
lv_b,20260710,kosdaq,4,1987.0,1.8762376237623783,-0.849911592816972,False,False,False,False,False,False,,,,,
lv_b,20260710,kosdaq,5,2009.0,6.948979591836723,4.222830375257373,False,False,False,False,False,False,,,,,
lv_b,20260710,kosdaq,6,1298.0,-0.040863177226812666,-2.767012393806163,False,False,False,False,False,False,,,,,
lv_b,20260710,kosdaq,7,829.0,4.9016620498615,2.1755128332821494,True,False,False,False,True,True,,,,,
lv_b,20260710,kosdaq,8,1019.0,5.936781609195408,3.2106323926160574,False,False,False,False,False,False,,,,,
lv_b,20260710,kosdaq,9,1079.0,9.027498063516648,6.301348846937297,False,False,False,False,False,False,,,,,
lv_b,20260710,kosdaq,10,2064.0,2.6986531986532007,-0.02749601792614964,False,False,False,False,False,False,,,,,
lv_b,20260710,kospi,1,574.0,5.111510791366903,4.651374067910906,False,False,False,False,False,False,,,,,
lv_b,20260710,kospi,2,851.0,-0.9702194357366741,-1.4303561591926708,False,False,False,False,False,False,,,,,
lv_b,20260710,kospi,3,2195.0,7.145631067961167,6.68549434450517,False,False,False,False,False,False,,,,,
lv_b,20260710,kospi,4,597.0,4.65806988352745,4.197933160071453,True,False,False,False,True,True,,,,,
lv_b,20260710,kospi,5,1538.0,-11.419540229885062,-11.879676953341058,False,False,False,False,False,False,,,,,
lv_b,20260710,kospi,6,354.0,34.83519553072626,34.375058807270264,False,False,False,False,False,False,,,,,
lv_b,20260710,kospi,7,2461.0,2.2122049221496747,1.7520681986936781,False,False,False,False,False,False,,,,,
lv_b,20260710,kospi,8,665.0,-5.1337817638266054,-5.593918487282602,False,False,False,False,False,False,,,,,
lv_b,20260710,kospi,9,543.0,-1.8812154696132617,-2.341352193069258,False,False,False,False,False,False,,,,,
lv_b,20260710,kospi,10,752.0,-3.027075812274371,-3.487212535730367,False,False,False,False,False,False,,,,,
lv_b,20260713,kosdaq,1,1724.0,-0.8327787021630614,-11.231724638838205,False,False,False,False,False,False,,,,,
lv_b,20260713,kosdaq,2,1987.0,4.992227979274622,-5.406717957400522,False,False,False,False,False,False,,,,,
lv_b,20260713,kosdaq,3,1721.0,30.78491620111731,20.385970264442165,False,False,False,False,False,False,,,,,
lv_b,20260713,kosdaq,4,2009.0,13.200107874865152,2.801161938190008,False,False,False,False,False,False,,,,,
lv_b,20260713,kosdaq,5,1298.0,8.564327485380108,-1.8346184512950359,False,False,False,False,False,False,,,,,
lv_b,20260713,kosdaq,6,1841.0,15.238678544914618,4.8397326082394745,False,False,False,False,False,False,,,,,
lv_b,20260713,kosdaq,7,1019.0,14.970297029702973,4.571351093027829,False,False,False,False,False,False,,,,,
lv_b,20260713,kosdaq,8,1116.0,6.0088757396449815,-4.3900701970301625,False,False,False,False,False,False,,,,,
lv_b,20260713,kosdaq,9,811.0,16.33291770573565,5.933971769060506,False,False,False,False,False,False,,,,,
lv_b,20260713,kosdaq,10,829.0,14.326021180030246,3.9270752433551017,True,False,False,False,True,True,,,,,
lv_b,20260713,kospi,1,574.0,1.6582733812949728,-2.87575960096418,False,False,False,False,False,False,,,,,
lv_b,20260713,kospi,2,851.0,1.7508038585209,-2.783229123738253,False,False,False,False,False,False,,,,,
lv_b,20260713,kospi,3,2461.0,1.022842639593902,-3.511190342665251,False,False,False,False,False,False,,,,,
lv_b,20260713,kospi,4,2195.0,14.639949109414763,10.10591612715561,False,False,False,False,False,False,,,,,
lv_b,20260713,kospi,5,1538.0,-9.573543457497614,-14.107576439756766,False,False,False,False,False,False,,,,,
lv_b,20260713,kospi,6,597.0,10.963844797178124,6.429811814918971,True,False,False,False,True,True,,,,,
lv_b,20260713,kospi,7,1435.0,15.033443891652853,10.4994109093937,False,False,False,False,False,False,,,,,
lv_b,20260713,kospi,8,62.0,9.562893081761004,5.028860099501851,False,False,False,False,False,False,,,,,
lv_b,20260713,kospi,9,665.0,-1.571975497702915,-6.1060084799620675,False,False,False,False,False,False,,,,,
lv_b,20260713,kospi,10,17.0,6.622905027932957,2.0888720456738037,False,False,False,False,False,False,,,,,
lv_b,20260714,kosdaq,1,1136.0,4.91176470588236,-5.091187536872832,False,False,False,False,False,False,,,,,
lv_b,20260714,kosdaq,2,2519.0,13.039651837524168,3.036699594768976,False,False,False,False,False,False,,,,,
lv_b,20260714,kosdaq,3,1724.0,-1.170016750418756,-11.17296899317395,False,False,False,False,False,False,,,,,
lv_b,20260714,kosdaq,4,2232.0,-36.005836575875485,-46.00878881863068,False,False,False,False,False,False,,,,,
lv_b,20260714,kosdaq,5,1987.0,7.770676691729317,-2.232275551025875,False,False,False,False,False,False,,,,,
lv_b,20260714,kosdaq,6,2009.0,12.05364806866952,2.050695825914328,False,False,False,False,False,False,,,,,
lv_b,20260714,kosdaq,7,1801.0,7.4303675048355995,-2.572584737919593,False,False,False,False,False,False,,,,,
lv_b,20260714,kosdaq,8,1079.0,17.170364500792402,7.16741225803721,False,False,False,False,False,False,,,,,
lv_b,20260714,kosdaq,9,500.0,8.738249594813608,-1.2647026479415846,False,False,False,False,False,False,,,,,
lv_b,20260714,kosdaq,10,1019.0,11.759615384615374,1.756663141860182,False,False,False,False,False,False,,,,,
lv_b,20260714,kospi,1,574.0,0.9306151645207431,-3.6920350612735655,False,False,False,False,False,False,,,,,
lv_b,20260714,kospi,2,851.0,3.7345276872964193,-0.8881225384978895,False,False,False,False,False,False,,,,,
lv_b,20260714,kospi,3,1769.0,1.8102310231023049,-2.812419202692004,False,False,False,False,False,False,,,,,
lv_b,20260714,kospi,4,1538.0,-6.889157792836398,-11.511808018630706,False,False,False,False,False,False,,,,,
lv_b,20260714,kospi,5,597.0,8.794320137693623,4.171669911899314,True,False,False,False,True,True,,,,,
lv_b,20260714,kospi,6,2461.0,1.281170483460559,-3.3414797423337497,False,False,False,False,False,False,,,,,
lv_b,20260714,kospi,7,17.0,4.748618784530379,0.12596855873607016,False,False,False,False,False,False,,,,,
lv_b,20260714,kospi,8,665.0,-1.7158054711246202,-6.338455696918929,False,False,False,False,False,False,,,,,
lv_b,20260714,kospi,9,785.0,14.127659574468076,9.505009348673767,False,False,False,False,False,False,,,,,
lv_b,20260714,kospi,10,1435.0,13.438053097345126,8.815402871550816,False,False,False,False,False,False,,,,,
lv_b,20260715,kosdaq,1,1136.0,3.1257309941520437,-3.7964050353374685,False,False,False,False,False,False,,,,,
lv_b,20260715,kosdaq,2,1822.0,6.496381182147159,-0.42575484734235314,False,False,False,False,False,False,,,,,
lv_b,20260715,kosdaq,3,1987.0,2.689300411522633,-4.232835617966879,False,False,False,False,False,False,,,,,
lv_b,20260715,kosdaq,4,926.0,3.100000000000003,-3.822136029489509,False,False,False,False,False,False,,,,,
lv_b,20260715,kosdaq,5,1298.0,10.741446725317683,3.819310695828171,False,False,False,False,False,False,,,,,
lv_b,20260715,kosdaq,6,2064.0,5.171902268760909,-1.7502337607286034,False,False,False,False,False,False,,,,,
lv_b,20260715,kosdaq,7,1116.0,1.0837104072398134,-5.838425622249699,False,False,False,False,False,False,,,,,
lv_b,20260715,kosdaq,8,852.0,24.663398692810457,17.741262663320946,False,False,False,False,False,False,,,,,
lv_b,20260715,kosdaq,9,1721.0,26.87226277372262,19.95012674423311,False,False,False,False,False,False,,,,,
lv_b,20260715,kosdaq,10,2394.0,15.01551551551551,8.093379486025999,False,False,False,False,False,False,,,,,
lv_b,20260715,kospi,1,2461.0,-1.9742014742014753,-6.174997036704962,False,False,False,False,False,False,,,,,
lv_b,20260715,kospi,2,2195.0,11.66389244558258,7.463096883079093,False,False,False,False,False,False,,,,,
lv_b,20260715,kospi,3,2018.0,-2.9844720496894457,-7.185267612192932,False,False,False,False,False,False,,,,,
lv_b,20260715,kospi,4,2602.0,17.205735660847875,13.004940098344388,False,False,True,False,True,True,,,,,
lv_b,20260715,kospi,5,2052.0,-1.8816925734024155,-6.082488135905902,False,False,False,False,False,False,,,,,
lv_b,20260715,kospi,6,1486.0,33.900000000000006,29.69920443749652,False,False,False,False,False,False,,,,,
lv_b,20260715,kospi,7,2100.0,25.076036866359452,20.875241303855965,False,False,False,False,False,False,,,,,
lv_b,20260715,kospi,8,1464.0,10.026315789473694,5.825520226970207,False,False,False,False,False,False,,,,,
lv_b,20260715,kospi,9,1967.0,8.629213483146058,4.428417920642572,False,False,False,False,False,False,,,,,
lv_b,20260715,kospi,10,1960.0,1.9275118004045915,-2.2732837620988953,False,False,False,False,False,False,,,,,
lv_b,20260716,kosdaq,1,1136.0,3.593567251461994,-8.804064028967282,False,False,False,False,False,False,,,,,
lv_b,20260716,kosdaq,2,1822.0,14.923514538558791,2.5258832581295145,False,False,False,False,False,False,,,,,
lv_b,20260716,kosdaq,3,1987.0,7.69148936170213,-4.7061419187271465,False,False,False,False,False,False,,,,,
lv_b,20260716,kosdaq,4,926.0,4.045454545454541,-8.352176734974735,False,False,False,False,False,False,,,,,
lv_b,20260716,kosdaq,5,1298.0,15.420398009950242,3.0227667295209653,False,False,False,False,False,False,,,,,
lv_b,20260716,kosdaq,6,2064.0,10.409090909090912,-1.988540371338365,False,False,False,False,False,False,,,,,
lv_b,20260716,kosdaq,7,1116.0,-11.266045548654247,-23.663676829083524,False,False,False,False,False,False,,,,,
lv_b,20260716,kosdaq,8,1721.0,24.268946395563773,11.871315115134497,False,False,False,False,False,False,,,,,
lv_b,20260716,kosdaq,9,852.0,23.752491694352152,11.354860413922875,False,False,False,False,False,False,,,,,
lv_b,20260716,kosdaq,10,542.0,9.693321616871698,-2.704309663557579,False,False,False,False,False,False,,,,,
lv_b,20260716,kospi,1,574.0,4.8779069767441845,-2.887337469782617,False,False,False,False,False,False,,,,,
lv_b,20260716,kospi,2,851.0,9.231543624161064,1.466299177634263,False,False,False,False,False,False,,,,,
lv_b,20260716,kospi,3,2461.0,-4.733576642335768,-12.49882108886257,False,False,False,False,False,False,,,,,
lv_b,20260716,kospi,4,2195.0,9.588272383354346,1.8230279368275442,False,False,False,False,False,False,,,,,
lv_b,20260716,kospi,5,417.0,6.722222222222218,-1.0430222243045835,False,False,False,False,False,False,,,,,
lv_b,20260716,kospi,6,665.0,-0.8105590062111753,-8.575803452737977,False,False,False,False,False,False,,,,,
lv_b,20260716,kospi,7,179.0,19.424457034938612,11.659212588411812,False,False,False,False,False,False,,,,,
lv_b,20260716,kospi,8,301.0,13.99814126394051,6.232896817413709,False,False,False,False,False,False,,,,,
lv_b,20260716,kospi,9,1435.0,17.84654586636466,10.08130141983786,False,False,False,False,False,False,,,,,
lv_b,20260716,kospi,10,298.0,19.408814589665646,11.643570143138845,False,False,False,False,False,False,,,,,
lv_b,20260720,kosdaq,1,2519.0,12.850615683732991,0.5108942647620385,False,False,False,False,False,False,,,,,
lv_b,20260720,kosdaq,2,1814.0,10.660220994475134,-1.679500424495819,False,False,False,False,False,False,,,,,
lv_b,20260720,kosdaq,3,1027.0,10.35271317829457,-1.9870082406763832,False,False,False,False,False,False,,,,,
lv_b,20260720,kosdaq,4,2232.0,-39.122754491017965,-51.46247590998892,False,False,False,False,False,False,,,,,
lv_b,20260720,kosdaq,5,1855.0,-4.366666666666663,-16.706388085637617,False,False,False,False,False,False,,,,,
lv_b,20260720,kosdaq,6,811.0,0.9267185473411103,-11.413002871629843,False,False,False,False,False,False,,,,,
lv_b,20260720,kosdaq,7,2009.0,18.454248366013072,6.114526947042119,False,False,False,False,False,False,,,,,
lv_b,20260720,kosdaq,8,1841.0,10.423076923076923,-1.9166444958940296,False,False,False,False,False,False,,,,,
lv_b,20260720,kosdaq,9,1323.0,6.603825136612029,-5.735896282358924,False,False,False,False,False,False,,,,,
lv_b,20260720,kosdaq,10,500.0,3.9776119402984986,-8.362109478672455,False,False,False,False,False,False,,,,,
lv_b,20260720,kospi,1,1202.0,14.297507788162001,5.172435312595459,False,False,False,False,False,False,,,,,
lv_b,20260720,kospi,2,1769.0,-0.6697792869269965,-9.794851762493538,False,False,False,False,False,False,,,,,
lv_b,20260720,kospi,3,1778.0,13.78571428571428,4.660641810147737,False,False,False,True,False,True,,,,,
lv_b,20260720,kospi,4,987.0,5.389281507656063,-3.7357909679104786,True,False,False,False,True,True,,,,,
lv_b,20260720,kospi,5,634.0,11.081920903954801,1.956848428388259,False,False,False,False,False,False,,,,,
lv_b,20260720,kospi,6,2030.0,-1.3716323296354966,-10.49670480520204,False,False,False,False,False,False,,,,,
lv_b,20260720,kospi,7,472.0,21.898190045248878,12.773117569682336,False,False,False,False,False,False,,,,,
lv_b,20260720,kospi,8,2166.0,10.638310893512848,1.5132384179463063,False,False,False,False,False,False,,,,,
lv_b,20260720,kospi,9,1750.0,0.40771558245084094,-8.717356893115701,False,False,False,False,False,False,,,,,
lv_b,20260720,kospi,10,1833.0,11.125708884688102,2.00063640912156,False,False,False,False,False,False,,,,,
lv_b,20260721,kosdaq,1,1136.0,5.6224489795918435,-0.703553740674363,False,False,False,False,False,False,,,,,
lv_b,20260721,kosdaq,2,2519.0,10.876858435681969,4.5508557154157625,False,False,False,False,False,False,,,,,
lv_b,20260721,kosdaq,3,1814.0,7.907079646017701,1.5810769257514945,False,False,False,False,False,False,,,,,
lv_b,20260721,kosdaq,4,811.0,0.018806744487676486,-6.30719597577853,False,False,False,False,False,False,,,,,
lv_b,20260721,kosdaq,5,1801.0,2.5241935483870996,-3.801809171879107,False,False,False,False,False,False,,,,,
lv_b,20260721,kosdaq,6,1323.0,6.932897453544385,0.6068947332781782,False,False,False,False,False,False,,,,,
lv_b,20260721,kosdaq,7,2009.0,13.527630180658868,7.201627460392661,False,False,False,False,False,False,,,,,
lv_b,20260721,kosdaq,8,1668.0,6.426406926406935,0.10040420614072865,False,False,False,False,False,False,,,,,
lv_b,20260721,kosdaq,9,1019.0,5.524096385542177,-0.8019063347240296,False,False,False,False,False,False,,,,,
lv_b,20260721,kosdaq,10,619.0,0.4411764705882453,-5.884826249677961,False,False,False,False,False,False,,,,,
lv_b,20260721,kospi,1,574.0,9.589020771513345,5.458920226108904,False,False,False,False,False,False,,,,,
lv_b,20260721,kospi,2,1202.0,13.384555382215291,9.25445483681085,False,False,False,False,False,False,,,,,
lv_b,20260721,kospi,3,851.0,3.136363636363638,-0.9937369090408033,False,False,False,False,False,False,,,,,
lv_b,20260721,kospi,4,1769.0,-4.493344425956735,-8.623444971361177,False,False,False,False,False,False,,,,,
lv_b,20260721,kospi,5,543.0,-10.030791788856309,-14.160892334260751,False,False,False,False,False,False,,,,,
lv_b,20260721,kospi,6,286.0,-2.405829596412556,-6.535930141816998,True,False,False,False,True,True,,,,,
lv_b,20260721,kospi,7,754.0,4.270215241419429,0.1401146960149875,False,False,False,False,False,False,,,,,
lv_b,20260721,kospi,8,783.0,0.1338028169014187,-3.9962977285030226,False,False,False,False,False,False,,,,,
lv_b,20260721,kospi,9,987.0,4.848837209302326,0.7187366638978849,True,False,False,False,True,True,,,,,
lv_b,20260721,kospi,10,2166.0,9.332134292565952,5.202033747161511,False,False,False,False,False,False,,,,,
lv_b,20260722,kosdaq,1,1136.0,6.504830917874404,-2.219881847481407,False,False,False,False,False,False,,,,,
lv_b,20260722,kosdaq,2,1855.0,-8.591024020227556,-17.31573678558337,False,False,False,False,False,False,,,,,
lv_b,20260722,kosdaq,3,2232.0,-41.66504854368932,-50.389761309045134,False,False,False,False,False,False,,,,,
lv_b,20260722,kosdaq,4,1323.0,5.458023019634395,-3.2666897457214157,False,False,False,False,False,False,,,,,
lv_b,20260722,kosdaq,5,1298.0,13.600000000000001,4.8752872346441904,False,False,False,False,False,False,,,,,
lv_b,20260722,kosdaq,6,500.0,0.9827018121911005,-7.74201095316471,False,False,False,False,False,False,,,,,
lv_b,20260722,kosdaq,7,788.0,7.923326133909281,-0.8013866314465297,False,False,False,False,False,False,,,,,
lv_b,20260722,kosdaq,8,1079.0,23.11809045226131,14.393377686905499,False,False,False,False,False,False,,,,,
lv_b,20260722,kosdaq,9,534.0,3.481264637002347,-5.243448128353464,False,False,False,False,False,False,,,,,
lv_b,20260722,kosdaq,10,619.0,3.795942720763724,-4.928770044592087,False,False,False,False,False,False,,,,,
lv_b,20260722,kospi,1,574.0,6.2647058823529385,0.866087367406573,False,False,False,False,False,False,,,,,
lv_b,20260722,kospi,2,1202.0,13.228549141965685,7.829930627019319,False,False,False,False,False,False,,,,,
lv_b,20260722,kospi,3,851.0,4.82445923460898,-0.5741592803373852,False,False,False,False,False,False,,,,,
lv_b,20260722,kospi,4,1769.0,-6.2046979865771785,-11.603316501523544,False,False,False,False,False,False,,,,,
lv_b,20260722,kospi,5,543.0,-7.517543859649123,-12.916162374595489,False,False,False,False,False,False,,,,,
lv_b,20260722,kospi,6,472.0,19.54504504504505,14.146426530098685,False,False,False,False,False,False,,,,,
lv_b,20260722,kospi,7,286.0,0.22666294019005928,-5.171955574756306,True,False,False,False,True,True,,,,,
lv_b,20260722,kospi,8,597.0,-2.4538188277087087,-7.852437342655074,True,False,False,False,True,True,,,,,
lv_b,20260722,kospi,9,754.0,6.512374779021812,1.1137562640754464,False,False,False,False,False,False,,,,,
lv_b,20260722,kospi,10,39.0,17.941558441558435,12.54293992661207,False,False,False,False,False,False,,,,,
lv_b,20260724,kosdaq,1,1814.0,11.804250559284124,7.740946407787779,False,False,False,False,False,False,,,,,
lv_b,20260724,kosdaq,2,1822.0,13.677215189873426,9.61391103837708,False,False,False,False,False,False,,,,,
lv_b,20260724,kosdaq,3,1813.0,13.5625,9.499195848503653,False,False,False,False,False,False,,,,,
lv_b,20260724,kosdaq,4,1987.0,-1.7931034482758674,-5.856407599772213,False,False,False,False,False,False,,,,,
lv_b,20260724,kosdaq,5,852.0,20.16246056782335,16.099156416327002,False,False,False,False,False,False,,,,,
lv_b,20260724,kosdaq,6,926.0,17.099999999999994,13.036695848503648,False,False,False,False,False,False,,,,,
lv_b,20260724,kosdaq,7,1801.0,0.5080645161290258,-3.55523963536732,False,False,False,False,False,False,,,,,
lv_b,20260724,kosdaq,8,1298.0,8.408045977011492,4.344741825515146,False,False,False,False,False,False,,,,,
lv_b,20260724,kosdaq,9,1668.0,4.311715481171541,0.24841132967519552,False,False,False,False,False,False,,,,,
lv_b,20260724,kosdaq,10,542.0,2.425989672977636,-1.63731447851871,False,False,False,False,False,False,,,,,
lv_b,20260724,kospi,1,851.0,5.092105263157898,3.7012349855928077,False,False,False,False,False,False,,,,,
lv_b,20260724,kospi,2,597.0,-8.890410958904106,-10.281281236469196,True,False,False,False,True,True,,,,,
lv_b,20260724,kospi,3,2525.0,3.762295081967205,2.371424804402114,False,False,False,False,False,False,,,,,
lv_b,20260724,kospi,4,543.0,-13.121359223300978,-14.512229500866068,False,False,False,False,False,False,,,,,
lv_b,20260724,kospi,5,1769.0,-4.264320785597386,-5.655191063162476,False,False,False,False,False,False,,,,,
lv_b,20260724,kospi,6,2050.0,14.36676016830295,12.975889890737859,False,False,False,False,False,False,,,,,
lv_b,20260724,kospi,7,2454.0,-4.353754940711462,-5.7446252182765525,False,False,False,False,False,False,,,,,
lv_b,20260724,kospi,8,2199.0,-7.635575942915396,-9.026446220480487,False,False,False,False,False,False,,,,,
lv_b,20260724,kospi,9,301.0,-2.872262773722633,-4.263133051287724,False,False,False,False,False,False,,,,,
lv_b,20260724,kospi,10,1538.0,-4.454214360041619,-5.84508463760671,False,False,False,False,False,False,,,,,
lv_b,20260727,kosdaq,1,1814.0,17.214285714285705,7.707159962378926,False,False,False,False,False,False,,,,,
lv_b,20260727,kosdaq,2,1801.0,2.785420944558526,-6.721704807348253,False,False,False,False,False,False,,,,,
lv_b,20260727,kosdaq,3,1987.0,2.1696329254727535,-7.337492826434025,False,False,False,False,False,False,,,,,
lv_b,20260727,kosdaq,4,926.0,26.139344262295083,16.632218510388306,False,False,False,False,False,False,,,,,
lv_b,20260727,kosdaq,5,2221.0,-5.700000000000005,-15.207125751906784,False,False,False,True,False,True,,,,,
lv_b,20260727,kosdaq,6,1169.0,2.1890756302520913,-7.318050121654688,False,False,False,False,False,False,,,,,
lv_b,20260727,kosdaq,7,1450.0,-4.660887656033285,-14.168013407940064,False,False,False,False,False,False,,,,,
lv_b,20260727,kosdaq,8,716.0,-16.458549222797924,-25.965674974704704,True,False,False,False,True,True,,,,,
lv_b,20260727,kosdaq,9,709.0,6.52604482132041,-2.9810809305863692,False,False,False,False,False,False,,,,,
lv_b,20260727,kosdaq,10,534.0,3.889086595492287,-5.618039156414492,False,False,True,False,True,True,,,,,
lv_b,20260727,kospi,1,2344.0,-18.248344370860924,-25.00211683366569,False,False,False,False,False,False,,,,,
lv_b,20260727,kospi,2,851.0,3.377221324717284,-3.3765511380874824,False,False,False,False,False,False,,,,,
lv_b,20260727,kospi,3,2525.0,6.155574043261225,-0.5981984195435412,False,False,False,False,False,False,,,,,
lv_b,20260727,kospi,4,543.0,-8.774894810659184,-15.52866727346395,False,False,False,False,False,False,,,,,
lv_b,20260727,kospi,5,2050.0,24.82005689900427,18.066284436199503,False,False,False,False,False,False,,,,,
lv_b,20260727,kospi,6,779.0,7.131160572337036,0.3773881095322693,False,False,False,False,False,False,,,,,
lv_b,20260727,kospi,7,2199.0,-2.9159663865546244,-9.66973884935939,False,False,False,False,False,False,,,,,
lv_b,20260727,kospi,8,1538.0,-3.533472803347281,-10.287245266152048,False,False,False,False,False,False,,,,,
lv_b,20260727,kospi,9,665.0,-9.693548387096772,-16.447320849901537,False,False,False,False,False,False,,,,,
lv_b,20260727,kospi,10,30.0,17.502812939521796,10.74904047671703,True,False,False,False,True,True,,,,,
lv_b,20260728,kosdaq,1,1822.0,12.423462986198242,-2.07886285871459,False,False,False,False,False,False,,,,,
lv_b,20260728,kosdaq,2,1801.0,5.904958677685957,-8.597367167226874,False,False,False,False,False,False,,,,,
lv_b,20260728,kosdaq,3,1780.0,-9.697194076383475,-24.199519921296307,False,False,False,False,False,False,,,,,
lv_b,20260728,kosdaq,4,1636.0,2.3790786948176494,-12.123247150095182,False,False,False,False,False,False,,,,,
lv_b,20260728,kosdaq,5,1991.0,29.264453961456105,14.762128116543273,False,False,False,False,False,False,,,,,
lv_b,20260728,kosdaq,6,852.0,17.012274959083474,2.5099491141706416,False,False,False,False,False,False,,,,,
lv_b,20260728,kosdaq,7,1298.0,11.803149606299213,-2.699176238613619,False,False,False,False,False,False,,,,,
lv_b,20260728,kosdaq,8,1841.0,9.19924812030074,-5.303077724612091,False,False,False,False,False,False,,,,,
lv_b,20260728,kosdaq,9,788.0,8.51287553648069,-5.989450308432142,False,False,False,False,False,False,,,,,
lv_b,20260728,kosdaq,10,619.0,10.83004926108374,-3.672276583829092,False,False,False,False,False,False,,,,,
lv_b,20260728,kospi,1,574.0,8.590909090909083,-3.6726071023098132,False,False,False,False,False,False,,,,,
lv_b,20260728,kospi,2,851.0,12.565326633165819,0.301810439946923,False,False,False,False,False,False,,,,,
lv_b,20260728,kospi,3,1769.0,-2.3333333333333313,-14.596849526552226,False,False,False,False,False,False,,,,,
lv_b,20260728,kospi,4,2525.0,8.440397350993367,-3.8231188422255293,False,False,False,False,False,False,,,,,
lv_b,20260728,kospi,5,286.0,5.3789954337899575,-6.884520759428939,True,False,False,False,True,True,,,,,
lv_b,20260728,kospi,6,783.0,0.2570543702684063,-12.00646182295049,False,False,False,False,False,False,,,,,
lv_b,20260728,kospi,7,414.0,3.5387722132471775,-8.724743979971718,False,False,False,False,False,False,,,,,
lv_b,20260728,kospi,8,543.0,2.4585798816567976,-9.804936311562098,False,False,False,False,False,False,,,,,
lv_b,20260728,kospi,9,806.0,-3.6120331950207465,-15.875549388239643,False,False,False,False,False,False,,,,,
lv_b,20260728,kospi,10,2166.0,9.46441281138789,-2.7991033818310065,False,False,False,False,False,False,,,,,
lv_b,20260729,kosdaq,1,968.0,-0.5,-31.020946569189704,False,False,True,False,True,True,,,,,
lv_b,20260729,kosdaq,2,1813.0,17.281690140845075,-13.239256428344628,False,False,False,False,False,False,,,,,
lv_b,20260729,kosdaq,3,1822.0,26.55035971223022,-3.970586856959482,False,False,False,False,False,False,,,,,
lv_b,20260729,kosdaq,4,1027.0,9.985436893203891,-20.535509675985814,False,False,False,False,False,False,,,,,
lv_b,20260729,kosdaq,5,1636.0,3.6176470588235374,-26.903299510366168,False,False,False,False,False,False,,,,,
lv_b,20260729,kosdaq,6,1991.0,23.04166666666666,-7.479279902523043,False,False,False,False,False,False,,,,,
lv_b,20260729,kosdaq,7,1780.0,-10.36687548942835,-40.887822058618056,False,False,False,False,False,False,,,,,
lv_b,20260729,kosdaq,8,852.0,23.570796460177,-6.950150109012704,False,False,False,False,False,False,,,,,
lv_b,20260729,kosdaq,9,670.0,9.887811634349031,-20.633134934840673,False,False,False,False,False,False,,,,,
lv_b,20260729,kosdaq,10,788.0,12.168161434977575,-18.352785134212127,False,False,False,False,False,False,,,,,
lv_b,20260729,kospi,1,574.0,18.024332810047106,-3.6308437323705256,False,False,False,False,False,False,,,,,
lv_b,20260729,kospi,2,1769.0,-3.714890016920468,-25.3700665593381,False,False,False,False,False,False,,,,,
lv_b,20260729,kospi,3,1637.0,14.840909090909083,-6.814267451508549,False,False,False,False,False,False,,,,,
lv_b,20260729,kospi,4,2525.0,9.972972972972983,-11.682203569444649,False,False,False,False,False,False,,,,,
lv_b,20260729,kospi,5,286.0,10.054885404101322,-11.60029113831631,True,False,False,False,True,True,,,,,
lv_b,20260729,kospi,6,543.0,3.9615384615384728,-17.693638080879158,False,False,False,False,False,False,,,,,
lv_b,20260729,kospi,7,414.0,7.761617900172125,-13.893558642245507,False,False,False,False,False,False,,,,,
lv_b,20260729,kospi,8,806.0,-2.198513800424628,-23.85369034284226,False,False,False,False,False,False,,,,,
lv_b,20260729,kospi,9,472.0,11.02173913043477,-10.633437411982861,False,False,False,False,False,False,,,,,
lv_b,20260729,kospi,10,2352.0,13.307531380753145,-8.347645161664486,False,False,False,False,False,False,,,,,
lv_b,20260730,kosdaq,1,968.0,0.4803921568627416,-22.25143295585306,False,False,True,False,True,True,,,,,
lv_b,20260730,kosdaq,2,1822.0,24.631578947368414,1.8997538346526142,False,False,False,False,False,False,,,,,
lv_b,20260730,kosdaq,3,1636.0,1.781368821292773,-20.950456291423027,False,False,False,False,False,False,,,,,
lv_b,20260730,kosdaq,4,1991.0,28.46405919661733,5.732234083901531,False,False,False,False,False,False,,,,,
lv_b,20260730,kosdaq,5,1801.0,12.403225806451623,-10.328599306264177,False,False,False,False,False,False,,,,,
lv_b,20260730,kosdaq,6,852.0,24.456369982547997,1.7245448698321972,False,False,False,False,False,False,,,,,
lv_b,20260730,kosdaq,7,1264.0,-3.732426885582351,-26.464251998298153,False,False,False,False,False,False,,,,,
lv_b,20260730,kosdaq,8,585.0,20.500893655049158,-2.2309314576666424,False,False,False,False,False,False,,,,,
lv_b,20260730,kosdaq,9,1323.0,18.144067796610162,-4.5877573161056375,False,False,False,False,False,False,,,,,
lv_b,20260730,kosdaq,10,1298.0,17.08793969849246,-5.643885414223341,False,False,False,False,False,False,,,,,
lv_b,20260730,kospi,1,574.0,9.864963503649637,-5.01668014065287,False,False,False,False,False,False,,,,,
lv_b,20260730,kospi,2,2525.0,5.629032258064515,-9.25261138623799,False,False,False,False,False,False,,,,,
lv_b,20260730,kospi,3,286.0,6.588901801278324,-8.292741843024183,True,False,False,False,True,True,,,,,
lv_b,20260730,kospi,4,62.0,19.939560439560434,5.057916795257928,False,False,False,False,False,False,,,,,
lv_b,20260730,kospi,5,543.0,-4.764705882352937,-19.64634952665544,False,False,False,False,False,False,,,,,
lv_b,20260730,kospi,6,706.0,2.7196969696969724,-12.161946674605534,False,False,False,False,False,False,,,,,
lv_b,20260730,kospi,7,597.0,2.695488721804507,-12.186154922498,True,False,False,False,True,True,,,,,
lv_b,20260730,kospi,8,809.0,-2.886117136659438,-17.767760780961943,False,False,False,False,False,False,,,,,
lv_b,20260730,kospi,9,1183.0,10.543360433604343,-4.3382832106981635,False,False,False,False,False,False,,,,,
lv_b,20260730,kospi,10,1554.0,3.398050974512746,-11.483592669789761,False,False,False,False,False,False,,,,,
lv_b,20260731,kosdaq,1,968.0,-0.608695652173918,-16.133933759731757,False,False,True,False,True,True,,,,,
lv_b,20260731,kosdaq,2,1801.0,8.458333333333334,-7.066904774224506,False,False,False,False,False,False,,,,,
lv_b,20260731,kosdaq,3,1636.0,1.012287334593565,-14.512950772964274,False,False,False,False,False,False,,,,,
lv_b,20260731,kosdaq,4,1983.0,58.91176470588236,43.38652659832452,False,False,False,False,False,False,,,,,
lv_b,20260731,kosdaq,5,926.0,30.35106382978724,14.8258257222294,False,False,False,False,False,False,,,,,
lv_b,20260731,kosdaq,6,2221.0,3.3026721479958785,-12.222565959561962,False,False,False,True,False,True,,,,,
lv_b,20260731,kosdaq,7,1987.0,7.051487414187651,-8.473750693370189,False,False,False,False,False,False,,,,,
lv_b,20260731,kosdaq,8,534.0,0.40909090909090384,-15.116147198466937,False,False,True,False,True,True,,,,,
lv_b,20260731,kosdaq,9,1116.0,-2.1414141414141437,-17.666652248971985,False,False,False,False,False,False,,,,,
lv_b,20260731,kosdaq,10,1450.0,-2.4886363636363646,-18.013874471194203,False,False,False,False,False,False,,,,,
lv_b,20260731,kospi,1,2344.0,-14.766487213997303,-27.103369240057308,False,False,False,False,False,False,,,,,
lv_b,20260731,kospi,2,2525.0,3.480891719745228,-8.855990306314776,False,False,False,False,False,False,,,,,
lv_b,20260731,kospi,3,1538.0,2.372340425531905,-9.9645416005281,False,False,False,False,False,False,,,,,
lv_b,20260731,kospi,4,706.0,3.3910505836575964,-8.945831442402408,False,False,False,False,False,False,,,,,
lv_b,20260731,kospi,5,1750.0,3.9274809160305355,-8.409401110029469,False,False,False,False,False,False,,,,,
lv_b,20260731,kospi,6,2461.0,14.140883977900554,1.804001951840549,False,False,False,False,False,False,,,,,
lv_b,20260731,kospi,7,665.0,-11.249185667752448,-23.586067693812453,False,False,False,False,False,False,,,,,
lv_b,20260731,kospi,8,1554.0,2.793413173652704,-9.543468852407301,False,False,False,False,False,False,,,,,
lv_b,20260731,kospi,9,823.0,1.077287066246047,-11.259594959813958,False,False,False,False,False,False,,,,,
lv_b,20260731,kospi,10,1435.0,14.969613259668513,2.6327312336085082,False,False,False,False,False,False,,,,,
lv_b,20260803,kosdaq,1,968.0,0.4890109890109855,-9.901199027570195,False,False,True,False,True,True,,,,,
lv_b,20260803,kosdaq,2,1991.0,17.345828933474127,6.955618916892947,False,False,False,False,False,False,,,,,
lv_b,20260803,kosdaq,3,1983.0,47.574179743223965,37.183969726642786,False,False,False,False,False,False,,,,,
lv_b,20260803,kosdaq,4,1801.0,8.516393442622949,-1.8738165739582318,False,False,False,False,False,False,,,,,
lv_b,20260803,kosdaq,5,1636.0,1.2110266159695797,-9.1791834006116,False,False,False,False,False,False,,,,,
lv_b,20260803,kosdaq,6,2221.0,3.0823950870010224,-7.307814929580158,False,False,False,True,False,True,,,,,
lv_b,20260803,kosdaq,7,1582.0,53.66666666666667,43.27645665008549,False,False,True,False,True,True,,,,,
lv_b,20260803,kosdaq,8,926.0,46.59543568464731,36.205225668066134,False,False,False,False,False,False,,,,,
lv_b,20260803,kosdaq,9,1987.0,7.3677309007981755,-3.022479115783005,False,False,False,False,False,False,,,,,
lv_b,20260803,kosdaq,10,1116.0,-4.245318352059923,-14.635528368641104,False,False,False,False,False,False,,,,,
lv_b,20260803,kospi,1,2344.0,-13.017006802721088,-24.115216777370495,False,False,False,False,False,False,,,,,
lv_b,20260803,kospi,2,2525.0,5.091054313099031,-6.007155661550376,False,False,False,False,False,False,,,,,
lv_b,20260803,kospi,3,173.0,10.3411214953271,-0.7570884793223076,False,False,False,False,False,False,,,,,
lv_b,20260803,kospi,4,1202.0,18.52515723270439,7.426947258054984,False,False,False,False,False,False,,,,,
lv_b,20260803,kospi,5,2050.0,28.604477611940304,17.506267637290897,False,False,False,False,False,False,,,,,
lv_b,20260803,kospi,6,1750.0,4.698776758409784,-6.399433216239623,False,False,False,False,False,False,,,,,
lv_b,20260803,kospi,7,1538.0,3.729934924078083,-7.368275050571324,False,False,False,False,False,False,,,,,
lv_b,20260803,kospi,8,2461.0,11.161166116611653,0.06295614196224619,False,False,False,False,False,False,,,,,
lv_b,20260803,kospi,9,806.0,-4.8887147335423204,-15.986924708191728,False,False,False,False,False,False,,,,,
lv_b,20260803,kospi,10,665.0,-8.764462809917351,-19.862672784566758,False,False,False,False,False,False,,,,,
lv_b,20260811,kosdaq,1,2431.0,-33.40322580645161,-29.3086384599856,False,False,False,False,False,False,,,,,
lv_b,20260811,kosdaq,2,1532.0,-5.8254437869822535,-1.7308564405162432,True,False,False,False,True,True,,,,,
lv_b,20260811,kosdaq,3,2652.0,5.290645879732748,9.385233226198757,False,False,False,False,False,False,,,,,
lv_b,20260811,kosdaq,4,2434.0,-18.88983050847458,-14.795243162008571,False,False,False,False,False,False,,,,,
lv_b,20260811,kosdaq,5,1790.0,53.71597633136095,57.81056367782696,True,False,True,False,True,True,,,,,
lv_b,20260811,kosdaq,6,2180.0,0.6511895625479607,4.745776909013971,False,True,False,False,True,True,,,,,
lv_b,20260811,kosdaq,7,1646.0,-15.550505050505048,-11.455917704039038,True,True,False,False,True,True,,,,,
lv_b,20260811,kosdaq,8,2282.0,-11.003597122302155,-6.909009775836145,False,False,True,True,True,True,,,,,
lv_b,20260811,kosdaq,9,1574.0,7.800907911802845,11.895495258268856,True,False,True,False,True,True,,,,,
lv_b,20260811,kosdaq,10,2203.0,-15.789982425307558,-11.695395078841548,False,True,False,False,True,True,,,,,
lv_b,20260811,kospi,1,2411.0,1.3590998043052753,1.402665945594295,False,False,False,False,False,False,,,,,
lv_b,20260811,kospi,2,2350.0,-3.783582089552239,-3.7400159482632196,False,False,False,False,False,False,,,,,
lv_b,20260811,kospi,3,2052.0,3.449730700179544,3.4932968414685632,False,False,False,False,False,False,,,,,
lv_b,20260811,kospi,4,2607.0,6.034422403733964,6.077988545022984,True,True,False,False,True,True,,,,,
lv_b,20260811,kospi,5,2390.0,15.385947046843185,15.429513188132205,True,True,False,False,True,True,,,,,
lv_b,20260811,kospi,6,2056.0,-5.913105413105412,-5.869539271816392,False,True,True,False,True,True,,,,,
lv_b,20260811,kospi,7,2261.0,-4.043743078626804,-4.000176937337784,False,False,False,False,False,False,,,,,
lv_b,20260811,kospi,8,1845.0,15.346994535519121,15.39056067680814,True,False,True,False,True,True,,,,,
lv_b,20260811,kospi,9,1834.0,-24.665824064711828,-24.622257923422808,True,True,True,True,True,True,,,,,
lv_b,20260811,kospi,10,2536.0,15.23770491803279,15.28127105932181,True,True,True,False,True,True,,,,,
lv_b,20260812,kosdaq,1,1855.0,-8.140750670241292,-3.8053208633487685,False,False,False,False,False,False,,,,,
lv_b,20260812,kosdaq,2,2431.0,-29.791338582677163,-25.45590877578464,False,False,False,False,False,False,,,,,
lv_b,20260812,kosdaq,3,1852.0,-4.0230352303523,0.31239457654022385,False,False,False,False,False,False,,,,,
lv_b,20260812,kosdaq,4,2652.0,6.882550335570469,11.217980142462993,False,False,False,False,False,False,,,,,
lv_b,20260812,kosdaq,5,2434.0,-18.206576728499158,-13.871146921606634,False,False,False,False,False,False,,,,,
lv_b,20260812,kosdaq,6,2003.0,15.71187800963082,20.047307816523343,False,False,False,False,False,False,,,,,
lv_b,20260812,kosdaq,7,2180.0,-4.05292376017765,0.28250604671487345,False,True,False,False,True,True,,,,,
lv_b,20260812,kosdaq,8,2377.0,-15.268683274021356,-10.933253467128832,False,False,False,False,False,False,,,,,
lv_b,20260812,kosdaq,9,2282.0,-12.538369304556351,-8.202939497663827,False,False,True,True,True,True,,,,,
lv_b,20260812,kosdaq,10,1574.0,9.927461139896366,14.26289094678889,True,False,True,False,True,True,,,,,
lv_b,20260812,kospi,1,2350.0,-2.0105740181268867,-1.2259094818669674,False,False,False,False,False,False,,,,,
lv_b,20260812,kospi,2,2607.0,-2.238185768604017,-1.4535212323440976,True,True,False,False,True,True,,,,,
lv_b,20260812,kospi,3,2052.0,0.567615658362997,1.3522801946229164,False,False,False,False,False,False,,,,,
lv_b,20260812,kospi,4,2390.0,2.5881017257039067,3.372766261963826,True,True,False,False,True,True,,,,,
lv_b,20260812,kospi,5,2056.0,-2.2711171662125325,-1.486452629952613,False,True,True,False,True,True,,,,,
lv_b,20260812,kospi,6,2261.0,-5.386174347584671,-4.6015098113247515,False,False,False,False,False,False,,,,,
lv_b,20260812,kospi,7,2565.0,-4.574074074074074,-3.789409537814155,True,True,True,False,True,True,,,,,
lv_b,20260812,kospi,8,1455.0,-10.611576011157597,-9.826911474897678,False,True,True,False,True,True,,,,,
lv_b,20260812,kospi,9,2499.0,-1.2398273736128225,-0.45516283735290297,False,False,False,False,False,False,,,,,
lv_b,20260812,kospi,10,2186.0,12.203583061889256,12.988247598149176,True,True,True,False,True,True,,,,,
lv_b,20260818,kosdaq,1,1901.0,-9.885474860335197,-11.419888986088758,False,False,False,False,False,False,,,,,
lv_b,20260818,kosdaq,2,1780.0,-15.794117647058826,-17.328531772812386,False,False,False,False,False,False,,,,,
lv_b,20260818,kosdaq,3,2325.0,-3.0474254742547386,-4.581839600008298,False,False,False,False,False,False,,,,,
lv_b,20260818,kosdaq,4,2652.0,29.176674364896073,27.642260239142512,False,False,False,False,False,False,,,,,
lv_b,20260818,kosdaq,5,2408.0,30.191642651296824,28.657228525543264,True,True,True,False,True,True,,,,,
lv_b,20260818,kosdaq,6,2003.0,17.44019933554818,15.905785209794619,False,False,False,False,False,False,,,,,
lv_b,20260818,kosdaq,7,2376.0,-10.837078651685395,-12.371492777438956,False,False,False,False,False,False,,,,,
lv_b,20260818,kosdaq,8,2421.0,8.604258443465495,7.069844317711936,True,True,True,False,True,True,,,,,
lv_b,20260818,kosdaq,9,1925.0,15.125,13.59058587424644,True,True,False,False,True,True,,,,,
lv_b,20260818,kosdaq,10,2326.0,-4.364734299516903,-5.899148425270463,True,True,False,False,True,True,,,,,
lv_b,20260819,kosdaq,1,1855.0,-3.568340306834027,-3.4069611463364873,False,False,False,False,False,False,,,,,
lv_b,20260819,kosdaq,2,2325.0,-8.580808080808078,-8.419428920310537,False,False,False,False,False,False,,,,,
lv_b,20260819,kosdaq,3,1780.0,-11.981156879929888,-11.819777719432347,False,False,False,False,False,False,,,,,
lv_b,20260819,kosdaq,4,2652.0,31.7503008423586,31.91168000285614,False,False,False,False,False,False,,,,,
lv_b,20260819,kosdaq,5,2003.0,11.777867528271402,11.939246688768943,False,False,False,False,False,False,,,,,
lv_b,20260819,kosdaq,6,2576.0,-14.830218068535828,-14.668838908038287,False,False,False,False,False,False,,,,,
lv_b,20260819,kosdaq,7,2408.0,34.760115606936424,34.92149476743396,True,True,True,False,True,True,,,,,
lv_b,20260819,kosdaq,8,1755.0,70.3491761723701,70.51055533286764,False,False,False,False,False,False,,,,,
lv_b,20260819,kosdaq,9,2282.0,-4.817323259579064,-4.655944099081524,False,False,False,True,False,True,,,,,
lv_b,20260819,kosdaq,10,2456.0,-24.957994579945797,-24.79661541944826,True,False,False,False,True,True,,,,,
lv_b,20260821,kosdaq,1,1855.0,-2.6008403361344574,-8.780461347660264,False,False,False,False,False,False,,,,,
lv_b,20260821,kosdaq,2,2221.0,6.325568797399772,0.1459477858739655,False,False,False,False,False,False,,,,,
lv_b,20260821,kosdaq,3,1420.0,-0.6122334455667784,-6.791854457092585,False,False,False,False,False,False,,,,,
lv_b,20260821,kosdaq,4,1264.0,-10.179116254602839,-16.358737266128646,False,False,False,False,False,False,,,,,
lv_b,20260821,kosdaq,5,1396.0,0.3631319358816336,-5.8164890756441725,False,False,False,False,False,False,,,,,
lv_b,20260821,kosdaq,6,811.0,-2.458224543080944,-8.63784555460675,False,False,False,False,False,False,,,,,
lv_b,20260821,kosdaq,7,600.0,-9.297127468581689,-15.476748480107496,False,False,False,False,False,False,,,,,
lv_b,20260821,kosdaq,8,886.0,-7.302721088435371,-13.482342099961176,False,False,False,False,False,False,,,,,
lv_b,20260821,kosdaq,9,1450.0,-0.6481481481481528,-6.827769159673959,False,False,False,False,False,False,,,,,
lv_b,20260821,kosdaq,10,1765.0,27.17295597484276,20.993334963316954,False,False,False,False,False,False,,,,,
lv_b,20260821,kospi,1,1538.0,-1.3781558726673966,-4.690460306290307,False,False,False,False,False,False,,,,,
lv_b,20260821,kospi,2,1280.0,-8.192307692307688,-11.5046121259306,False,False,False,False,False,False,,,,,
lv_b,20260821,kospi,3,2030.0,-11.21428571428571,-14.526590147908621,False,False,False,False,False,False,,,,,
lv_b,20260821,kospi,4,2193.0,-4.471962616822433,-7.784267050445343,False,False,False,False,False,False,,,,,
lv_b,20260821,kospi,5,543.0,-3.1771653543307123,-6.489469787953622,False,False,False,False,False,False,,,,,
lv_b,20260821,kospi,6,771.0,4.153679653679643,0.841375220056733,False,False,False,False,False,False,,,,,
lv_b,20260821,kospi,7,1344.0,2.228226652675758,-1.084077780947152,False,False,False,False,False,False,,,,,
lv_b,20260821,kospi,8,987.0,7.042857142857139,3.730552709234229,True,False,False,False,True,True,,,,,
lv_b,20260821,kospi,9,1988.0,-7.966063348416286,-11.278367782039197,False,False,False,False,False,False,,,,,
lv_b,20260821,kospi,10,284.0,8.818377911993103,5.506073478370193,False,False,False,False,False,False,,,,,
lv_b,20260824,kosdaq,1,1171.0,3.1935704514363903,-4.237586261502525,False,False,False,False,False,False,,,,,
lv_b,20260824,kosdaq,2,1855.0,-1.4602194787380003,-8.891376191676915,False,False,False,False,False,False,,,,,
lv_b,20260824,kosdaq,3,1852.0,1.648997134670494,-5.782159578268421,False,False,False,False,False,False,,,,,
lv_b,20260824,kosdaq,4,1371.0,-2.763779527559051,-10.194936240497967,False,False,False,False,False,False,,,,,
lv_b,20260824,kosdaq,5,1821.0,-9.608527131782951,-17.039683844721864,False,False,False,False,False,False,,,,,
lv_b,20260824,kosdaq,6,1450.0,-1.9880952380952328,-9.419251951034148,False,False,False,False,False,False,,,,,
lv_b,20260824,kosdaq,7,1328.0,0.5432190760059523,-6.887937636932962,False,False,False,False,False,False,,,,,
lv_b,20260824,kosdaq,8,1264.0,-10.222222222222221,-17.653378935161136,False,False,False,False,False,False,,,,,
lv_b,20260824,kosdaq,9,888.0,-1.5826771653543288,-9.013833878293244,False,False,False,False,False,False,,,,,
lv_b,20260824,kosdaq,10,2291.0,-9.51639344262295,-16.947550155561864,False,False,False,False,False,False,,,,,
lv_b,20260824,kospi,1,2411.0,0.4803921568627416,-1.9388561919986729,False,False,False,False,False,False,,,,,
lv_b,20260824,kospi,2,1533.0,-4.997354497354499,-7.416602846215914,False,False,False,False,False,False,,,,,
lv_b,20260824,kospi,3,1988.0,-10.387640449438207,-12.806888798299621,False,False,False,False,False,False,,,,,
lv_b,20260824,kospi,4,1672.0,1.2615176151761558,-1.1577307336852587,False,False,False,False,False,False,,,,,
lv_b,20260824,kospi,5,1960.0,-0.02718676122931375,-2.4464351100907282,False,False,False,False,False,False,,,,,
lv_b,20260824,kospi,6,2199.0,-0.3892580287929155,-2.80850637765433,False,False,False,False,False,False,,,,,
lv_b,20260824,kospi,7,2106.0,-15.834420880913536,-18.25366922977495,True,False,True,False,True,True,,,,,
lv_b,20260824,kospi,8,1504.0,23.024522028262673,20.605273679401257,False,True,False,False,True,True,,,,,
lv_b,20260824,kospi,9,2607.0,20.56312292358803,18.143874574726613,True,True,False,False,True,True,,,,,
lv_b,20260824,kospi,10,1455.0,-9.341940532081383,-11.761188880942797,False,True,True,False,True,True,,,,,
lv_b,20260825,kosdaq,1,1855.0,-1.0494505494505475,-4.914508895941973,False,False,False,False,False,False,,,,,
lv_b,20260825,kosdaq,2,1371.0,-5.344961240310075,-9.2100195868015,False,False,False,False,False,False,,,,,
lv_b,20260825,kosdaq,3,1264.0,-10.54273504273504,-14.407793389226466,False,False,False,False,False,False,,,,,
lv_b,20260825,kosdaq,4,2149.0,-27.16666666666667,-31.0317250131581,False,False,False,False,False,False,,,,,
lv_b,20260825,kosdaq,5,1420.0,-1.6660188784008874,-5.531077224892313,False,False,False,False,False,False,,,,,
lv_b,20260825,kosdaq,6,1821.0,-9.511627906976749,-13.376686253468174,False,False,False,False,False,False,,,,,
lv_b,20260825,kosdaq,7,2221.0,3.2974683544303782,-0.5675899920610474,False,False,False,False,False,False,,,,,
lv_b,20260825,kosdaq,8,1901.0,-5.108294930875578,-8.973353277367003,False,False,False,False,False,False,,,,,
lv_b,20260825,kosdaq,9,1450.0,-5.687319884726227,-9.552378231217652,False,False,False,False,False,False,,,,,
lv_b,20260825,kosdaq,10,811.0,-7.696969696969703,-11.562028043461128,False,False,False,False,False,False,,,,,
lv_b,20260825,kospi,1,1769.0,0.36058519793459354,0.6539156384236697,False,False,False,False,False,False,,,,,
lv_b,20260825,kospi,2,1280.0,-11.020094562647753,-10.726764122158677,False,False,False,False,False,False,,,,,
lv_b,20260825,kospi,3,1533.0,-6.520942408376962,-6.227611967887886,False,False,False,False,False,False,,,,,
lv_b,20260825,kospi,4,543.0,-7.985029940119759,-7.6916994996306824,False,False,False,False,False,False,,,,,
lv_b,20260825,kospi,5,428.0,-4.767589388696657,-4.474258948207581,False,False,False,False,False,False,,,,,
lv_b,20260825,kospi,6,1988.0,-10.32142857142857,-10.028098130939494,False,False,False,False,False,False,,,,,
lv_b,20260825,kospi,7,8.0,-4.158536585365857,-3.865206144876781,False,False,False,False,False,False,,,,,
lv_b,20260825,kospi,8,791.0,-5.624653739612183,-5.331323299123107,False,False,False,False,False,False,,,,,
lv_b,20260825,kospi,9,1967.0,-8.192307692307688,-7.898977251818612,False,False,False,False,False,False,,,,,
lv_b,20260825,kospi,10,434.0,0.47560975609756184,0.768940196586638,False,False,False,False,False,False,,,,,
lv_b,20260826,kosdaq,1,1855.0,-0.5,-4.969363232341579,False,False,False,False,False,False,,,,,
lv_b,20260826,kosdaq,2,1371.0,-4.577669902912617,-9.047033135254196,False,False,False,False,False,False,,,,,
lv_b,20260826,kosdaq,3,811.0,-5.390604890604888,-9.859968122946468,False,False,False,False,False,False,,,,,
lv_b,20260826,kosdaq,4,2614.0,-11.763318112633181,-16.23268134497476,False,False,False,False,False,False,,,,,
lv_b,20260826,kosdaq,5,1801.0,-13.761648745519716,-18.231011977861296,False,False,False,False,False,False,,,,,
lv_b,20260826,kosdaq,6,1264.0,-10.499999999999998,-14.969363232341578,False,False,False,False,False,False,,,,,
lv_b,20260826,kosdaq,7,886.0,3.83763188745604,-0.6317313448855395,False,False,False,False,False,False,,,,,
lv_b,20260826,kosdaq,8,1901.0,-10.343400447427298,-14.812763679768878,False,False,False,False,False,False,,,,,
lv_b,20260826,kosdaq,9,1420.0,-2.0469613259668558,-6.516324558308435,False,False,False,False,False,False,,,,,
lv_b,20260826,kosdaq,10,1821.0,-10.596153846153843,-15.065517078495422,False,False,False,False,False,False,,,,,
lv_b,20260827,kosdaq,1,1855.0,3.2974683544303782,-0.9900863888652709,False,False,False,False,False,False,,,,,
lv_b,20260827,kosdaq,2,1371.0,-0.6000000000000001,-4.887554743295649,False,False,False,False,False,False,,,,,
lv_b,20260827,kosdaq,3,1668.0,-24.549079754601234,-28.83663449789688,False,False,False,False,False,False,,,,,
lv_b,20260827,kosdaq,4,811.0,-3.806878306878302,-8.09443305017395,False,False,False,False,False,False,,,,,
lv_b,20260827,kosdaq,5,2614.0,-8.050077041602465,-12.337631784898115,False,False,False,False,False,False,,,,,
lv_b,20260827,kosdaq,6,1264.0,-9.448787061994611,-13.73634180529026,False,False,False,False,False,False,,,,,
lv_b,20260827,kosdaq,7,1420.0,-1.3888888888888835,-5.676443632184533,False,False,False,False,False,False,,,,,
lv_b,20260827,kosdaq,8,886.0,7.741439349970991,3.4538846066753415,False,False,False,False,False,False,,,,,
lv_b,20260827,kosdaq,9,1821.0,-7.440371456500494,-11.727926199796144,False,False,False,False,False,False,,,,,
lv_b,20260827,kosdaq,10,585.0,-5.168304668304668,-9.455859411600317,False,False,False,False,False,False,,,,,
lv_b,20260827,kospi,1,1769.0,2.8509700176366897,3.9317661825304695,False,False,False,False,False,False,,,,,
lv_b,20260827,kospi,2,2033.0,-0.20238095238095344,0.8784152125128266,False,False,False,False,False,False,,,,,
lv_b,20260827,kospi,3,1844.0,-2.8542001070090968,-1.7734039421153167,False,False,False,False,False,False,,,,,
lv_b,20260827,kospi,4,1533.0,-2.835164835164838,-1.754368670271058,False,False,False,False,False,False,,,,,
lv_b,20260827,kospi,5,2030.0,-11.646496815286621,-10.565700650392841,False,False,False,False,False,False,,,,,
lv_b,20260827,kospi,6,2199.0,-7.195005313496283,-6.114209148602503,False,False,False,False,False,False,,,,,
lv_b,20260827,kospi,7,2106.0,-10.786677908937603,-9.705881744043824,True,True,True,False,True,True,,,,,
lv_b,20260827,kospi,8,2602.0,-19.482300884955748,-18.40150472006197,False,False,True,False,True,True,,,,,
lv_b,20260827,kospi,9,2350.0,10.237179487179493,11.317975652073272,False,True,False,False,True,True,,,,,
lv_b,20260827,kospi,10,1988.0,-8.73798627002288,-7.6571901051291,False,False,False,False,False,False,,,,,
lv_b,20260828,kosdaq,1,1855.0,1.0341701534170138,-4.740479469253534,False,False,False,False,False,False,,,,,
lv_b,20260828,kosdaq,2,2614.0,-11.018292682926834,-16.792942305597382,False,False,False,False,False,False,,,,,
lv_b,20260828,kosdaq,3,1264.0,-10.671306209850107,-16.445955832520653,False,False,False,False,False,False,,,,,
lv_b,20260828,kosdaq,4,1901.0,-9.695402298850574,-15.470051921521122,False,False,False,False,False,False,,,,,
lv_b,20260828,kosdaq,5,1450.0,-3.1162790697674465,-8.890928692437996,False,False,False,False,False,False,,,,,
lv_b,20260828,kosdaq,6,1926.0,-0.14157706093190736,-5.9162266836024555,False,False,False,False,False,False,,,,,
lv_b,20260828,kosdaq,7,1127.0,7.043859649122808,1.26921002645226,False,False,False,False,False,False,,,,,
lv_b,20260828,kosdaq,8,1377.0,-4.360294117647056,-10.134943740317604,False,False,False,False,False,False,,,,,
lv_b,20260828,kosdaq,9,1117.0,27.17257177764202,21.39792215497147,False,False,False,False,False,False,,,,,
lv_b,20260828,kosdaq,10,1646.0,-9.696740395809078,-15.471390018479626,True,False,False,False,True,True,,,,,
lv_b,20260828,kospi,1,1824.0,-7.769074949358545,-5.533191942869657,False,False,False,True,False,True,,,,,
lv_b,20260828,kospi,2,1280.0,-7.772727272727275,-5.536844266238387,False,False,False,False,False,False,,,,,
lv_b,20260828,kospi,3,428.0,-3.2647058823529354,-1.0288228758640474,False,False,False,False,False,False,,,,,
lv_b,20260828,kospi,4,806.0,0.6904761904761862,2.926359196965074,False,False,False,False,False,False,,,,,
lv_b,20260828,kospi,5,543.0,-6.4374999999999964,-4.2016169935111085,False,False,False,False,False,False,,,,,
lv_b,20260828,kospi,6,1533.0,-4.818488529014841,-2.582605522525953,False,False,False,False,False,False,,,,,
lv_b,20260828,kospi,7,809.0,-6.7360801781737205,-4.500197171684833,False,False,False,False,False,False,,,,,
lv_b,20260828,kospi,8,23.0,-9.44819466248038,-7.212311655991493,False,False,False,False,False,False,,,,,
lv_b,20260828,kospi,9,8.0,-5.614401076716013,-3.378518070227125,False,False,False,False,False,False,,,,,
lv_b,20260828,kospi,10,1118.0,4.151162790697683,6.387045797186571,False,False,False,False,False,False,,,,,
lv_b,20260831,kosdaq,1,1855.0,2.285515320334264,-2.1102098424362987,False,False,False,False,False,False,,,,,
lv_b,20260831,kosdaq,2,811.0,-1.0354752342704105,-5.431200397040973,False,False,False,False,False,False,,,,,
lv_b,20260831,kosdaq,3,2614.0,-9.661490683229811,-14.057215846000375,False,False,False,False,False,False,,,,,
lv_b,20260831,kosdaq,4,886.0,11.50000000000001,7.104274837229448,False,False,False,False,False,False,,,,,
lv_b,20260831,kosdaq,5,1668.0,-28.51603206412826,-32.91175722689882,False,False,False,False,False,False,,,,,
lv_b,20260831,kosdaq,6,852.0,1.2069701280227667,-3.188755034747796,False,False,False,False,False,False,,,,,
lv_b,20260831,kosdaq,7,1901.0,-8.227272727272727,-12.62299789004329,False,False,False,False,False,False,,,,,
lv_b,20260831,kosdaq,8,1116.0,-0.36979166666667407,-4.765516829437237,False,False,False,False,False,False,,,,,
lv_b,20260831,kosdaq,9,1987.0,1.627659574468077,-2.768065588302486,False,False,False,False,False,False,,,,,
lv_b,20260831,kosdaq,10,1420.0,-1.614827201783719,-6.010552364554282,False,False,False,False,False,False,,,,,
lv_b,20260831,kospi,1,1280.0,-9.437198067632846,-7.032058148988721,False,False,False,False,False,False,,,,,
lv_b,20260831,kospi,2,806.0,0.9176663031624902,3.322806221806615,False,False,False,False,False,False,,,,,
lv_b,20260831,kospi,3,434.0,-4.885542168674694,-2.4804022500305694,False,False,False,False,False,False,,,,,
lv_b,20260831,kospi,4,543.0,-6.446791862284817,-4.041651943640693,False,False,False,False,False,False,,,,,
lv_b,20260831,kospi,5,428.0,-3.1378896882493947,-0.7327497696052703,False,False,False,False,False,False,,,,,
lv_b,20260831,kospi,6,1118.0,-0.876647834274957,1.5284920843691676,False,False,False,False,False,False,,,,,
lv_b,20260831,kospi,7,809.0,-4.1036036036036,-1.6984636849594752,False,False,False,False,False,False,,,,,
lv_b,20260831,kospi,8,8.0,-4.330369357045149,-1.9252294384010247,False,False,False,False,False,False,,,,,
lv_b,20260831,kospi,9,2454.0,-3.8826638477801314,-1.477523929136007,False,False,False,False,False,False,,,,,
lv_b,20260831,kospi,10,1709.0,-4.870629370629375,-2.465489451985251,False,False,False,False,False,False,,,,,
lv_b,20260901,kosdaq,1,1371.0,-1.8013013013013053,-12.246471865876412,False,False,False,False,False,False,,,,,
lv_b,20260901,kosdaq,2,1855.0,3.5502793296089306,-6.894891234966176,False,False,False,False,False,False,,,,,
lv_b,20260901,kosdaq,3,2614.0,-10.082689335394123,-20.52785989996923,False,False,False,False,False,False,,,,,
lv_b,20260901,kosdaq,4,886.0,29.90828762949421,19.463117064919103,False,False,False,False,False,False,,,,,
lv_b,20260901,kosdaq,5,1117.0,30.002169869807805,19.5569993052327,False,False,False,False,False,False,,,,,
lv_b,20260901,kosdaq,6,1668.0,-25.871900826446282,-36.317071391021386,False,False,False,False,False,False,,,,,
lv_b,20260901,kosdaq,7,1901.0,-6.529579067121727,-16.97474963169683,False,False,False,False,False,False,,,,,
lv_b,20260901,kosdaq,8,1116.0,4.261904761904767,-6.183265802670339,False,False,False,False,False,False,,,,,
lv_b,20260901,kosdaq,9,1420.0,0.33705357142858094,-10.108116993146524,False,False,False,False,False,False,,,,,
lv_b,20260901,kosdaq,10,1178.0,-5.2215496368038785,-15.666720201378984,False,False,False,False,False,False,,,,,
lv_b,20260901,kospi,1,163.0,2.07936507936507,2.5130357929047618,False,False,False,False,False,False,,,,,
lv_b,20260901,kospi,2,2166.0,-1.4966777408637828,-1.0630070273240915,False,False,False,False,False,False,,,,,
lv_b,20260901,kospi,3,404.0,1.865308804205002,2.2989795177446934,False,False,False,False,False,False,,,,,
lv_b,20260901,kospi,4,543.0,-5.555292259083732,-5.12162154554404,False,False,False,False,False,False,,,,,
lv_b,20260901,kospi,5,823.0,-2.711690363349128,-2.2780196498094365,False,False,False,False,False,False,,,,,
lv_b,20260901,kospi,6,8.0,-4.4889958734525495,-4.055325159912858,False,False,False,False,False,False,,,,,
lv_b,20260901,kospi,7,428.0,-1.5384850335980467,-1.1048143200583553,False,False,False,False,False,False,,,,,
lv_b,20260901,kospi,8,1175.0,-1.525917926565878,-1.0922472130261867,False,False,False,False,False,False,,,,,
lv_b,20260901,kospi,9,111.0,-9.555118110236215,-9.121447396696524,False,False,False,False,False,False,,,,,
lv_b,20260901,kospi,10,809.0,3.798642533936659,4.23231324747635,False,False,False,False,False,False,,,,,
px_a,20260810,kosdaq,1,788.0,0.5923535253227312,4.239856401664369,False,False,False,False,False,False,,,,,
px_a,20260810,kosdaq,2,1636.0,-3.247252747252748,0.40025012908889,False,False,False,False,False,False,,,,,
px_a,20260810,kosdaq,3,962.0,6.889162561576356,10.536665437917994,False,False,False,False,False,False,,,,,
px_a,20260810,kosdaq,4,1813.0,-5.205882352941182,-1.5583794765995438,False,False,False,False,False,False,,,,,
px_a,20260810,kosdaq,5,2267.0,-6.981481481481477,-3.3339786051398392,False,False,False,False,False,False,,,,,
px_a,20260810,kosdaq,6,1855.0,-10.999359795134446,-7.351856918792807,False,False,False,False,False,False,,,,,
px_a,20260810,kosdaq,7,789.0,-1.8374485596707841,1.810054316670854,False,False,False,False,False,False,,,,,
px_a,20260810,kosdaq,8,1686.0,-6.302047781569964,-2.654544905228326,False,False,False,False,False,False,,,,,
px_a,20260810,kosdaq,9,1047.0,-6.899999999999995,-3.252497123658357,False,False,False,False,False,False,,,,,
px_a,20260810,kosdaq,10,900.0,-9.323529411764708,-5.67602653542307,False,False,False,False,False,False,,,,,
px_a,20260810,kospi,1,2411.0,-1.5496183206106902,-1.9949313988670296,False,False,False,False,False,False,,,,,
px_a,20260810,kospi,2,2492.0,-2.8084994753410304,-3.2538125535973697,False,False,False,False,False,False,,,,,
px_a,20260810,kospi,3,2095.0,2.1666666666666616,1.7213535884103222,False,False,False,False,False,False,,,,,
px_a,20260810,kospi,4,204.0,-13.900000000000002,-14.345313078256341,False,False,False,False,False,False,,,,,
px_a,20260810,kospi,5,1844.0,-5.152351738241311,-5.597664816497651,False,False,False,False,False,False,,,,,
px_a,20260810,kospi,6,684.0,-4.4548022598870025,-4.900115338143342,False,False,False,False,False,False,,,,,
px_a,20260810,kospi,7,705.0,4.048408057179998,3.603094978923658,False,False,False,False,False,False,,,,,
px_a,20260810,kospi,8,754.0,-1.1525285481239762,-1.5978416263803157,False,False,False,False,False,False,,,,,
px_a,20260810,kospi,9,3.0,-0.6652892561983421,-1.1106023344546816,False,False,False,False,False,False,,,,,
px_a,20260810,kospi,10,2201.0,2.6454783748361637,2.200165296579824,False,False,False,False,False,False,,,,,
px_a,20260811,kosdaq,1,788.0,-1.6594202898550732,2.435167056610937,False,False,False,False,False,False,,,,,
px_a,20260811,kosdaq,2,1636.0,-2.6897810218978075,1.4048063245682028,False,False,False,False,False,False,,,,,
px_a,20260811,kosdaq,3,962.0,12.467581047381538,16.56216839384755,False,False,False,False,False,False,,,,,
px_a,20260811,kosdaq,4,1813.0,-2.457831325301207,1.6367560211648033,False,False,False,False,False,False,,,,,
px_a,20260811,kosdaq,5,2267.0,-6.83693972179289,-2.7423523753268793,False,False,False,False,False,False,,,,,
px_a,20260811,kosdaq,6,789.0,1.9615384615384706,6.056125808004481,False,False,False,False,False,False,,,,,
px_a,20260811,kosdaq,7,1855.0,-12.807692307692308,-8.713104961226298,False,False,False,False,False,False,,,,,
px_a,20260811,kosdaq,8,1686.0,-7.558823529411763,-3.4642361829457524,False,False,False,False,False,False,,,,,
px_a,20260811,kosdaq,9,936.0,-0.38109393579072126,3.713493410675289,False,False,False,False,False,False,,,,,
px_a,20260811,kosdaq,10,1821.0,-17.094641313742443,-13.000053967276433,False,False,False,False,False,False,,,,,
px_a,20260811,kospi,1,2411.0,1.3590998043052753,1.402665945594295,False,False,False,False,False,False,,,,,
px_a,20260811,kospi,2,2492.0,-2.198513800424628,-2.1549476591356087,False,False,False,False,False,False,,,,,
px_a,20260811,kospi,3,2095.0,-0.6865671641791078,-0.6430010228900883,False,False,False,False,False,False,,,,,
px_a,20260811,kospi,4,204.0,-14.169542136695423,-14.125975995406403,False,False,False,False,False,False,,,,,
px_a,20260811,kospi,5,684.0,-4.078154425612056,-4.0345882843230365,False,False,False,False,False,False,,,,,
px_a,20260811,kospi,6,1844.0,-4.926145136387027,-4.882578995098007,False,False,False,False,False,False,,,,,
px_a,20260811,kospi,7,705.0,0.7787723785166349,0.8223385198056544,False,False,False,False,False,False,,,,,
px_a,20260811,kospi,8,754.0,-0.9312668463611892,-0.8877007050721697,False,False,False,False,False,False,,,,,
px_a,20260811,kospi,9,207.0,-2.8728813559321993,-2.82931521464318,False,False,False,False,False,False,,,,,
px_a,20260811,kospi,10,2201.0,-1.0115089514066473,-0.9679428101176278,False,False,False,False,False,False,,,,,
px_a,20260812,kosdaq,1,788.0,-0.9882812500000001,3.347148556892524,False,False,False,False,False,False,,,,,
px_a,20260812,kosdaq,2,1636.0,-1.4225092250922495,2.9129205818002744,False,False,False,False,False,False,,,,,
px_a,20260812,kosdaq,3,962.0,16.366866866866868,20.702296673759392,False,False,False,False,False,False,,,,,
px_a,20260812,kosdaq,4,2267.0,-6.236434108527133,-1.9010043016346092,False,False,False,False,False,False,,,,,
px_a,20260812,kosdaq,5,1813.0,-3.064102564102566,1.2713272427899578,False,False,False,False,False,False,,,,,
px_a,20260812,kosdaq,6,1686.0,-6.352842809364545,-2.017413002472021,False,False,False,False,False,False,,,,,
px_a,20260812,kosdaq,7,936.0,-0.5,3.835429806892524,False,False,False,False,False,False,,,,,
px_a,20260812,kosdaq,8,1821.0,-16.549382716049386,-12.213952909156863,False,False,False,False,False,False,,,,,
px_a,20260812,kosdaq,9,2652.0,6.882550335570469,11.217980142462993,False,False,False,False,False,False,,,,,
px_a,20260812,kosdaq,10,1047.0,-5.612474437627812,-1.277044630735288,False,False,False,False,False,False,,,,,
px_a,20260812,kospi,1,2411.0,-0.9725897920604961,-0.18792525580057662,False,False,False,False,False,False,,,,,
px_a,20260812,kospi,2,2492.0,0.20844686648501298,0.9931114027449325,False,False,False,False,False,False,,,,,
px_a,20260812,kospi,3,2095.0,-0.12049335863376599,0.6641711776261535,False,False,False,False,False,False,,,,,
px_a,20260812,kospi,4,163.0,-1.2782101167315147,-0.49354558047159525,False,False,False,False,False,False,,,,,
px_a,20260812,kospi,5,705.0,3.5618955512572446,4.346560087517164,False,False,False,False,False,False,,,,,
px_a,20260812,kospi,6,1844.0,-4.73553719008265,-3.9508726538227306,False,False,False,False,False,False,,,,,
px_a,20260812,kospi,7,754.0,-0.5543773790103286,0.23028715724959092,False,False,False,False,False,False,,,,,
px_a,20260812,kospi,8,684.0,-2.8076923076923106,-2.023027771432391,False,False,False,False,False,False,,,,,
px_a,20260812,kospi,9,207.0,-0.016574585635364524,0.768089950624555,False,False,False,False,False,False,,,,,
px_a,20260812,kospi,10,772.0,-4.096021423106355,-3.3113568868464354,False,False,False,False,False,False,,,,,
px_a,20260814,kosdaq,1,788.0,-0.9921259842519677,5.26001328247102,False,False,False,False,False,False,,,,,
px_a,20260814,kosdaq,2,1636.0,-1.6070110701106972,4.645128196612291,False,False,False,False,False,False,,,,,
px_a,20260814,kosdaq,3,1813.0,-5.529585798816571,0.7225534679064163,False,False,False,False,False,False,,,,,
px_a,20260814,kosdaq,4,962.0,0.6547344110854452,6.9068736778084325,False,False,False,False,False,False,,,,,
px_a,20260814,kosdaq,5,2267.0,-5.49219968798752,0.7599395787354677,False,False,False,False,False,False,,,,,
px_a,20260814,kosdaq,6,1686.0,-4.929301533219765,1.3228377335032224,False,False,False,False,False,False,,,,,
px_a,20260814,kosdaq,7,936.0,0.34235860409145324,6.594497870814441,False,False,False,False,False,False,,,,,
px_a,20260814,kosdaq,8,1821.0,-16.16371681415929,-9.911577547436302,False,False,False,False,False,False,,,,,
px_a,20260814,kosdaq,9,2652.0,4.2109207708779355,10.463060037600922,False,False,False,False,False,False,,,,,
px_a,20260814,kosdaq,10,1027.0,3.398305084745757,9.650444351468744,False,False,False,False,False,False,,,,,
px_a,20260814,kospi,1,2411.0,1.3304431599229343,4.30603641382129,False,False,False,False,False,False,,,,,
px_a,20260814,kospi,2,2492.0,0.6266094420600892,3.602202695958445,False,False,False,False,False,False,,,,,
px_a,20260814,kospi,3,2095.0,1.9667931688804545,4.94238642277881,False,False,False,False,False,False,,,,,
px_a,20260814,kospi,4,163.0,-0.6964636542239662,2.2791295996743894,False,False,False,False,False,False,,,,,
px_a,20260814,kospi,5,684.0,-0.6919385796545159,2.2836546742438397,False,False,False,False,False,False,,,,,
px_a,20260814,kospi,6,1395.0,-4.464757709251098,-1.4891644553527428,False,False,False,False,False,False,,,,,
px_a,20260814,kospi,7,1844.0,-4.7938437661665825,-1.8182505122682269,False,False,False,False,False,False,,,,,
px_a,20260814,kospi,8,705.0,0.8199245757385291,3.7955178296368848,False,False,False,False,False,False,,,,,
px_a,20260814,kospi,9,207.0,-1.937908496732021,1.0376847571663346,False,False,False,False,False,False,,,,,
px_a,20260814,kospi,10,2201.0,-0.37389659520806706,2.6016966586902885,False,False,False,False,False,False,,,,,
px_a,20260818,kosdaq,1,788.0,1.7267206477732726,0.1923065220197131,False,False,False,False,False,False,,,,,
px_a,20260818,kosdaq,2,1636.0,0.0639097744360999,-1.4705043513174596,False,False,False,False,False,False,,,,,
px_a,20260818,kosdaq,3,1813.0,-4.541916167664672,-6.0763302934182315,False,False,False,False,False,False,,,,,
px_a,20260818,kosdaq,4,962.0,10.448905109489049,8.91449098373549,False,False,False,False,False,False,,,,,
px_a,20260818,kosdaq,5,2267.0,-5.420634920634925,-6.955049046388485,False,False,False,False,False,False,,,,,
px_a,20260818,kosdaq,6,1396.0,-4.8728423475258955,-6.407256473279455,False,False,False,False,False,False,,,,,
px_a,20260818,kosdaq,7,1686.0,2.9545454545454435,1.420131328791884,False,False,False,False,False,False,,,,,
px_a,20260818,kosdaq,8,1047.0,-3.6315240083507274,-5.165938134104287,False,False,False,False,False,False,,,,,
px_a,20260818,kosdaq,9,936.0,1.0970515970515908,-0.4373625287019687,False,False,False,False,False,False,,,,,
px_a,20260818,kosdaq,10,1821.0,-13.06880733944954,-14.603221465203099,False,False,False,False,False,False,,,,,
px_a,20260818,kospi,1,2411.0,3.3834951456310667,1.8547157606799856,False,False,False,False,False,False,,,,,
px_a,20260818,kospi,2,2095.0,2.9482758620689724,1.4194964771178913,False,False,False,False,False,False,,,,,
px_a,20260818,kospi,3,2492.0,5.760296540362442,4.231517155411361,False,False,False,False,False,False,,,,,
px_a,20260818,kospi,4,163.0,-1.482318271119842,-3.0110976560709233,False,False,False,False,False,False,,,,,
px_a,20260818,kospi,5,1844.0,-3.3977871443624843,-4.926566529313566,False,False,False,False,False,False,,,,,
px_a,20260818,kospi,6,684.0,-0.30314960629921295,-1.831928991250294,False,False,False,False,False,False,,,,,
px_a,20260818,kospi,7,1772.0,-1.9545454545454528,-3.483324839496534,False,False,False,False,False,False,,,,,
px_a,20260818,kospi,8,754.0,-0.6663893510815306,-2.1951687360326115,False,False,False,False,False,False,,,,,
px_a,20260818,kospi,9,1395.0,0.18181818181818343,-1.3469612031328977,False,False,False,False,False,False,,,,,
px_a,20260818,kospi,10,772.0,-4.174745895230647,-5.7035252801817276,False,False,False,False,False,False,,,,,
px_a,20260819,kosdaq,1,788.0,-1.0970149253731294,-0.9356357648755893,False,False,False,False,False,False,,,,,
px_a,20260819,kosdaq,2,1636.0,-0.12121212121211046,0.0401670392854296,False,False,False,False,False,False,,,,,
px_a,20260819,kosdaq,3,1813.0,-9.995548961424328,-9.834169800926787,False,False,False,False,False,False,,,,,
px_a,20260819,kosdaq,4,962.0,8.590909090909083,8.752288251406624,False,False,False,False,False,False,,,,,
px_a,20260819,kosdaq,5,2267.0,-2.2515923566879033,-2.0902131961903634,False,False,False,False,False,False,,,,,
px_a,20260819,kosdaq,6,1396.0,-1.5830324909747335,-1.4216533304771934,False,False,False,False,False,False,,,,,
px_a,20260819,kosdaq,7,1027.0,10.804347826086957,10.965726986584498,False,False,False,False,False,False,,,,,
px_a,20260819,kosdaq,8,1047.0,-3.8472803347280307,-3.685901174230491,False,False,False,False,False,False,,,,,
px_a,20260819,kosdaq,9,936.0,2.737858032378571,2.899237192876111,False,False,False,False,False,False,,,,,
px_a,20260819,kosdaq,10,1686.0,2.2272727272727337,2.3886518877702736,False,False,False,False,False,False,,,,,
px_a,20260819,kospi,1,2411.0,3.583665338645415,3.4710495765597136,False,False,False,False,False,False,,,,,
px_a,20260819,kospi,2,163.0,-1.474658869395717,-1.5872746314814186,False,False,False,False,False,False,,,,,
px_a,20260819,kospi,3,2492.0,5.944565811032232,5.831950048946531,False,False,False,False,False,False,,,,,
px_a,20260819,kospi,4,2095.0,3.530710172744723,3.4180944106590214,False,False,False,False,False,False,,,,,
px_a,20260819,kospi,5,684.0,-1.088235294117645,-1.2008510562033465,False,False,False,False,False,False,,,,,
px_a,20260819,kospi,6,1844.0,-4.751968503937009,-4.86458426602271,False,False,False,False,False,False,,,,,
px_a,20260819,kospi,7,1395.0,0.3968609865470878,0.2842452244613863,False,False,False,False,False,False,,,,,
px_a,20260819,kospi,8,1772.0,-2.3248175182481785,-2.43743328033388,False,False,False,False,False,False,,,,,
px_a,20260819,kospi,9,754.0,-1.4879253567508184,-1.60054111883652,False,False,False,False,False,False,,,,,
px_a,20260819,kospi,10,772.0,-8.514981273408239,-8.62759703549394,False,False,False,False,False,False,,,,,
px_a,20260821,kosdaq,1,788.0,-1.2960199004975133,-7.475640912023319,False,False,False,False,False,False,,,,,
px_a,20260821,kosdaq,2,1636.0,1.2274472168905985,-4.952173794635208,False,False,False,False,False,False,,,,,
px_a,20260821,kosdaq,3,1813.0,-6.346153846153846,-12.525774857679652,False,False,False,False,False,False,,,,,
px_a,20260821,kosdaq,4,962.0,11.93781094527363,5.758189933747825,False,False,False,False,False,False,,,,,
px_a,20260821,kosdaq,5,2267.0,2.259740259740262,-3.919880751785544,False,False,False,False,False,False,,,,,
px_a,20260821,kosdaq,6,1027.0,19.2508896797153,13.071268668189493,False,False,False,False,False,False,,,,,
px_a,20260821,kosdaq,7,1686.0,1.876599634369292,-4.303021377156514,False,False,False,False,False,False,,,,,
px_a,20260821,kosdaq,8,936.0,1.3726591760299671,-4.806961835495839,False,False,False,False,False,False,,,,,
px_a,20260821,kosdaq,9,1047.0,-3.015723270440251,-9.195344281966058,False,False,False,False,False,False,,,,,
px_a,20260821,kosdaq,10,1396.0,0.3631319358816336,-5.8164890756441725,False,False,False,False,False,False,,,,,
px_a,20260821,kospi,1,2411.0,-0.20873786407767891,-3.521042297700589,False,False,False,False,False,False,,,,,
px_a,20260821,kospi,2,2095.0,6.204980842911867,2.892676409288957,False,False,False,False,False,False,,,,,
px_a,20260821,kospi,3,2492.0,1.875690607734815,-1.4366138258880952,False,False,False,False,False,False,,,,,
px_a,20260821,kospi,4,163.0,0.29365079365079083,-3.0186536399721193,False,False,False,False,False,False,,,,,
px_a,20260821,kospi,5,684.0,-1.083657587548636,-4.395962021171546,False,False,False,False,False,False,,,,,
px_a,20260821,kospi,6,1772.0,-3.557553956834535,-6.869858390457445,False,False,False,False,False,False,,,,,
px_a,20260821,kospi,7,1395.0,-4.055555555555556,-7.367859989178466,False,False,False,False,False,False,,,,,
px_a,20260821,kospi,8,1844.0,-4.2253858435337905,-7.537690277156701,False,False,False,False,False,False,,,,,
px_a,20260821,kospi,9,2201.0,3.3265306122448943,0.014226178621984165,False,False,False,False,False,False,,,,,
px_a,20260821,kospi,10,754.0,-0.44419642857141906,-3.756500862194329,False,False,False,False,False,False,,,,,
px_a,20260824,kosdaq,1,788.0,-1.4970089730807596,-8.928165686019675,False,False,False,False,False,False,,,,,
px_a,20260824,kosdaq,2,1636.0,-0.3109640831758016,-7.742120796114716,False,False,False,False,False,False,,,,,
px_a,20260824,kosdaq,3,1813.0,-10.393455098934556,-17.82461181187347,False,False,False,False,False,False,,,,,
px_a,20260824,kosdaq,4,962.0,14.922885572139311,7.491728859200396,False,False,False,False,False,False,,,,,
px_a,20260824,kosdaq,5,2267.0,-1.2911392405063333,-8.722295953445247,False,False,False,False,False,False,,,,,
px_a,20260824,kosdaq,6,1027.0,21.269911504424776,13.838754791485862,False,False,False,False,False,False,,,,,
px_a,20260824,kosdaq,7,1686.0,0.7844036697247762,-6.646753043214138,False,False,False,False,False,False,,,,,
px_a,20260824,kosdaq,8,936.0,-0.12871287128713949,-7.559869584226054,False,False,False,False,False,False,,,,,
px_a,20260824,kosdaq,9,1047.0,-5.054865424430643,-12.486022137369558,False,False,False,False,False,False,,,,,
px_a,20260824,kosdaq,10,1396.0,-1.10606060606061,-8.537217318999524,False,False,False,False,False,False,,,,,
px_a,20260824,kospi,1,2411.0,0.4803921568627416,-1.9388561919986729,False,False,False,False,False,False,,,,,
px_a,20260824,kospi,2,163.0,-0.6972386587771213,-3.116487007638536,False,False,False,False,False,False,,,,,
px_a,20260824,kospi,3,2095.0,2.473977695167296,0.05472934630588133,False,False,False,False,False,False,,,,,
px_a,20260824,kospi,4,115.0,-2.1605166051660514,-4.579764954027466,False,False,False,False,False,False,,,,,
px_a,20260824,kospi,5,684.0,-3.5418250950570376,-5.961073443918452,False,False,False,False,False,False,,,,,
px_a,20260824,kospi,6,1395.0,-8.192307692307688,-10.611556041169102,False,False,False,False,False,False,,,,,
px_a,20260824,kospi,7,1772.0,-4.770462633451954,-7.189710982313368,False,False,False,False,False,False,,,,,
px_a,20260824,kospi,8,1844.0,-3.5949839914621076,-6.014232340323522,False,False,False,False,False,False,,,,,
px_a,20260824,kospi,9,2492.0,-0.13427377220481773,-2.553522121066232,False,False,False,False,False,False,,,,,
px_a,20260824,kospi,10,2201.0,1.9050632911392311,-0.5141850577221834,False,False,False,False,False,False,,,,,
px_a,20260825,kosdaq,1,788.0,-2.562868369351667,-6.427926715843093,False,False,False,False,False,False,,,,,
px_a,20260825,kosdaq,2,1636.0,-1.6235955056179803,-5.488653852109406,False,False,False,False,False,False,,,,,
px_a,20260825,kosdaq,3,1813.0,-9.088957055214719,-12.954015401706144,False,False,False,False,False,False,,,,,
px_a,20260825,kosdaq,4,962.0,9.332134292565952,5.467075946074527,False,False,False,False,False,False,,,,,
px_a,20260825,kosdaq,5,2267.0,-3.450310559006208,-7.315368905497634,False,False,False,False,False,False,,,,,
px_a,20260825,kosdaq,6,1027.0,26.355123674911653,22.490065328420226,False,False,False,False,False,False,,,,,
px_a,20260825,kosdaq,7,1686.0,-1.7567324955116699,-5.6217908420030955,False,False,False,False,False,False,,,,,
px_a,20260825,kosdaq,8,936.0,-2.1949152542372836,-6.059973600728709,False,False,False,False,False,False,,,,,
px_a,20260825,kosdaq,9,1396.0,-2.1786570743405282,-6.043715420831954,False,False,False,False,False,False,,,,,
px_a,20260825,kosdaq,10,1855.0,-1.0494505494505475,-4.914508895941973,False,False,False,False,False,False,,,,,
px_a,20260825,kospi,1,2411.0,-0.7892960462873685,-0.49596560579829235,False,False,False,False,False,False,,,,,
px_a,20260825,kospi,2,2095.0,2.8519553072625774,3.1452857477516534,False,False,False,False,False,False,,,,,
px_a,20260825,kospi,3,163.0,-0.5,-0.20666955951092386,False,False,False,False,False,False,,,,,
px_a,20260825,kospi,4,684.0,-3.368068833652004,-3.074738393162928,False,False,False,False,False,False,,,,,
px_a,20260825,kospi,5,115.0,-6.163716814159292,-5.8703863736702155,False,False,False,False,False,False,,,,,
px_a,20260825,kospi,6,1844.0,-4.732804232804233,-4.439473792315156,False,False,False,False,False,False,,,,,
px_a,20260825,kospi,7,1395.0,-8.225321888412019,-7.931991447922942,False,False,False,False,False,False,,,,,
px_a,20260825,kospi,8,1772.0,-4.948398576512457,-4.655068136023381,False,False,False,False,False,False,,,,,
px_a,20260825,kospi,9,2492.0,0.8970983342289188,1.190428774717995,False,False,False,False,False,False,,,,,
px_a,20260825,kospi,10,2352.0,-2.0815085158150888,-1.7881780753260126,False,False,False,False,False,False,,,,,
px_a,20260826,kosdaq,1,788.0,-2.9557956777996104,-7.42515891014119,False,False,False,False,False,False,,,,,
px_a,20260826,kosdaq,2,1636.0,-1.6194029850746245,-6.088766217416204,False,False,False,False,False,False,,,,,
px_a,20260826,kosdaq,3,1813.0,-11.890532544378695,-16.359895776720276,False,False,False,False,False,False,,,,,
px_a,20260826,kosdaq,4,962.0,10.611111111111116,6.141747878769537,False,False,False,False,False,False,,,,,
px_a,20260826,kosdaq,5,2267.0,-5.276579352850541,-9.74594258519212,False,False,False,False,False,False,,,,,
px_a,20260826,kosdaq,6,1027.0,27.946771378708547,23.47740814636697,False,False,False,False,False,False,,,,,
px_a,20260826,kosdaq,7,936.0,-3.374251497005986,-7.843614729347565,False,False,False,False,False,False,,,,,
px_a,20260826,kosdaq,8,1686.0,-3.1833631484794225,-7.652726380821002,False,False,False,False,False,False,,,,,
px_a,20260826,kosdaq,9,793.0,0.16518847006651338,-4.304174762275066,False,False,False,False,False,False,,,,,
px_a,20260826,kosdaq,10,1396.0,-6.251173708920188,-10.720536941261766,False,False,False,False,False,False,,,,,
px_a,20260826,kospi,1,2411.0,-1.946480231436842,0.2942067400021866,False,False,False,False,False,False,,,,,
px_a,20260826,kospi,2,2095.0,3.3961038961038867,5.636790867542915,False,False,False,False,False,False,,,,,
px_a,20260826,kospi,3,684.0,-4.823308270676695,-2.5826212992376667,False,False,False,False,False,False,,,,,
px_a,20260826,kospi,4,163.0,1.0968063872255467,3.337493358664575,False,False,False,False,False,False,,,,,
px_a,20260826,kospi,5,115.0,-7.2137809187279185,-4.9730939472888895,False,False,False,False,False,False,,,,,
px_a,20260826,kospi,6,1395.0,-8.745243128964065,-6.504556157525036,False,False,False,False,False,False,,,,,
px_a,20260826,kospi,7,1844.0,-4.797082228116711,-2.5563952566776824,False,False,False,False,False,False,,,,,
px_a,20260826,kospi,8,1772.0,-4.210247349823326,-1.9695603783842972,False,False,False,False,False,False,,,,,
px_a,20260826,kospi,9,2352.0,-2.909638554216864,-0.6689515827778356,False,False,False,False,False,False,,,,,
px_a,20260826,kospi,10,3.0,-2.848993288590606,-0.6083063171515777,False,False,False,False,False,False,,,,,
px_a,20260827,kosdaq,1,788.0,-2.766009852216744,-7.053564595512393,False,False,False,False,False,False,,,,,
px_a,20260827,kosdaq,2,1636.0,0.6342155009451904,-3.6533392423504587,False,False,False,False,False,False,,,,,
px_a,20260827,kosdaq,3,1813.0,-11.56060606060606,-15.84816080390171,False,False,False,False,False,False,,,,,
px_a,20260827,kosdaq,4,2267.0,-3.79153605015674,-8.079090793452389,False,False,False,False,False,False,,,,,
px_a,20260827,kosdaq,5,968.0,-1.3676789587852451,-5.655233702080894,False,False,False,False,False,False,,,,,
px_a,20260827,kosdaq,6,962.0,11.322660098522174,7.035105355226525,False,False,False,False,False,False,,,,,
px_a,20260827,kosdaq,7,1027.0,27.287307032590046,22.9997522892944,False,False,False,False,False,False,,,,,
px_a,20260827,kosdaq,8,793.0,-3.3199566160520657,-7.607511359347715,False,False,False,False,False,False,,,,,
px_a,20260827,kosdaq,9,936.0,-2.900960384153661,-7.18851512744931,False,False,False,False,False,False,,,,,
px_a,20260827,kosdaq,10,1396.0,0.45351609058402786,-3.8340386527116213,False,False,False,False,False,False,,,,,
px_a,20260827,kospi,1,2411.0,-4.047459252157236,-2.9666630872634565,False,False,False,False,False,False,,,,,
px_a,20260827,kospi,2,2095.0,3.5816326530612295,4.66242881795501,False,False,False,False,False,False,,,,,
px_a,20260827,kospi,3,163.0,2.8730158730158832,3.953812037909663,False,False,False,False,False,False,,,,,
px_a,20260827,kospi,4,684.0,-1.0825242718446644,-0.0017281069508843228,False,False,False,False,False,False,,,,,
px_a,20260827,kospi,5,1772.0,-2.11290322580645,-1.0321070609126701,False,False,False,False,False,False,,,,,
px_a,20260827,kospi,6,115.0,-6.640350877192979,-5.5595547122991995,False,False,False,False,False,False,,,,,
px_a,20260827,kospi,7,1844.0,-2.8542001070090968,-1.7734039421153167,False,False,False,False,False,False,,,,,
px_a,20260827,kospi,8,2352.0,-0.009202453987732905,1.0715937109060472,False,False,False,False,False,False,,,,,
px_a,20260827,kospi,9,2201.0,3.958598726114649,5.039394891008429,False,False,False,False,False,False,,,,,
px_a,20260827,kospi,10,207.0,1.7758620689655062,2.856658233859286,False,False,False,False,False,False,,,,,
px_a,20260828,kosdaq,1,788.0,-7.091337099811678,-12.865986722482226,False,False,False,False,False,False,,,,,
px_a,20260828,kosdaq,2,1636.0,-1.615241635687736,-7.3898912583582845,False,False,False,False,False,False,,,,,
px_a,20260828,kosdaq,3,1813.0,-12.943778110944526,-18.718427733615073,False,False,False,False,False,False,,,,,
px_a,20260828,kosdaq,4,968.0,-2.006996770721203,-7.7816463933917515,False,False,False,False,False,False,,,,,
px_a,20260828,kosdaq,5,2267.0,-7.044901065449016,-12.819550688119564,False,False,False,False,False,False,,,,,
px_a,20260828,kosdaq,6,962.0,6.880952380952376,1.106302758281828,False,False,False,False,False,False,,,,,
px_a,20260828,kosdaq,7,1027.0,28.70203735144313,22.927387728772583,False,False,False,False,False,False,,,,,
px_a,20260828,kosdaq,8,936.0,-5.205882352941182,-10.98053197561173,False,False,False,False,False,False,,,,,
px_a,20260828,kosdaq,9,793.0,-3.7894736842105305,-9.56412330688108,False,False,False,False,False,False,,,,,
px_a,20260828,kosdaq,10,1396.0,-2.275147928994081,-8.049797551664629,False,False,False,False,False,False,,,,,
px_a,20260828,kospi,1,2411.0,-2.631782945736438,-0.39589993924754996,False,False,False,False,False,False,,,,,
px_a,20260828,kospi,2,2095.0,3.19685767097967,5.4327406774685585,False,False,False,False,False,False,,,,,
px_a,20260828,kospi,3,163.0,2.0742574257425765,4.3101404322314645,False,False,False,False,False,False,,,,,
px_a,20260828,kospi,4,684.0,-2.4120458891013437,-0.17616288261245572,False,False,False,False,False,False,,,,,
px_a,20260828,kospi,5,1772.0,-3.3318584070796455,-1.0959754005907576,False,False,False,False,False,False,,,,,
px_a,20260828,kospi,6,1844.0,-4.769899841855562,-2.534016835366674,False,False,False,False,False,False,,,,,
px_a,20260828,kospi,7,2352.0,-1.1105006105006083,1.1253823959882796,False,False,False,False,False,False,,,,,
px_a,20260828,kospi,8,207.0,2.3590878148400334,4.594970821328921,False,False,False,False,False,False,,,,,
px_a,20260828,kospi,9,2201.0,6.864341085271308,9.100224091760197,False,False,False,False,False,False,,,,,
px_a,20260828,kospi,10,1395.0,-7.506369426751592,-5.270486420262704,False,False,False,False,False,False,,,,,
px_a,20260831,kosdaq,1,788.0,-8.402163687676389,-12.797888850446952,False,False,False,False,False,False,,,,,
px_a,20260831,kosdaq,2,1636.0,-0.8731343283582046,-5.268859491128768,False,False,False,False,False,False,,,,,
px_a,20260831,kosdaq,3,1813.0,-13.092592592592588,-17.488317755363152,False,False,False,False,False,False,,,,,
px_a,20260831,kosdaq,4,2267.0,-12.049707602339177,-16.44543276510974,False,False,False,False,False,False,,,,,
px_a,20260831,kosdaq,5,962.0,6.230769230769229,1.8350440679986662,False,False,False,False,False,False,,,,,
px_a,20260831,kosdaq,6,793.0,-6.3064516129032295,-10.702176775673792,False,False,False,False,False,False,,,,,
px_a,20260831,kosdaq,7,936.0,-4.775534441805228,-9.171259604575791,False,False,False,False,False,False,,,,,
px_a,20260831,kosdaq,8,1027.0,27.14505119453924,22.749326031768675,False,False,False,False,False,False,,,,,
px_a,20260831,kosdaq,9,1396.0,-4.797328687572588,-9.193053850343151,False,False,False,False,False,False,,,,,
px_a,20260831,kosdaq,10,1377.0,-5.279411764705888,-9.675136927476451,False,False,False,False,False,False,,,,,
px_a,20260831,kospi,1,2411.0,-5.414933837429114,-3.0097939187849896,False,False,False,False,False,False,,,,,
px_a,20260831,kospi,2,2095.0,0.4057971014492683,2.8109370200933927,False,False,False,False,False,False,,,,,
px_a,20260831,kospi,3,163.0,2.6809145129224614,5.086054431566586,False,False,False,False,False,False,,,,,
px_a,20260831,kospi,4,684.0,-1.0859375,1.3192024186441245,False,False,False,False,False,False,,,,,
px_a,20260831,kospi,5,115.0,-9.333922261484096,-6.9287823428399715,False,False,False,False,False,False,,,,,
px_a,20260831,kospi,6,1844.0,-5.549453409682458,-3.144313491038334,False,False,False,False,False,False,,,,,
px_a,20260831,kospi,7,1772.0,-5.278761061946901,-2.8736211433027767,False,False,False,False,False,False,,,,,
px_a,20260831,kospi,8,2352.0,-1.7195121951219523,0.6856277235221722,False,False,False,False,False,False,,,,,
px_a,20260831,kospi,9,1395.0,-0.9347826086956498,1.4703573099484748,False,False,False,False,False,False,,,,,
px_a,20260831,kospi,10,804.0,-6.295148247978433,-3.890008329334308,False,False,False,False,False,False,,,,,
px_a,20260901,kosdaq,1,788.0,-7.185768863419295,-17.6309394279944,False,False,False,False,False,False,,,,,
px_a,20260901,kosdaq,2,1636.0,-0.8745318352059935,-11.3197023997811,False,False,False,False,False,False,,,,,
px_a,20260901,kosdaq,3,1813.0,-9.8167701863354,-20.261940750910505,False,False,False,False,False,False,,,,,
px_a,20260901,kosdaq,4,962.0,5.990384615384626,-4.45478594919048,False,False,False,False,False,False,,,,,
px_a,20260901,kosdaq,5,2267.0,-9.248114630467574,-19.69328519504268,False,False,False,False,False,False,,,,,
px_a,20260901,kosdaq,6,936.0,-5.250593824228033,-15.695764388803138,False,False,False,False,False,False,,,,,
px_a,20260901,kosdaq,7,1027.0,33.234939759036145,22.789769194461037,False,False,False,False,False,False,,,,,
px_a,20260901,kosdaq,8,793.0,-2.5044543429844075,-12.949624907559514,False,False,False,False,False,False,,,,,
px_a,20260901,kosdaq,9,1377.0,-5.6001821493624755,-16.045352713937582,False,False,False,False,False,False,,,,,
px_a,20260901,kosdaq,10,1855.0,3.5502793296089306,-6.894891234966176,False,False,False,False,False,False,,,,,
px_a,20260901,kospi,1,2411.0,-6.426622765757295,-5.992952052217603,False,False,False,False,False,False,,,,,
px_a,20260901,kospi,2,2095.0,2.8149171270718147,3.2485878406115063,False,False,False,False,False,False,,,,,
px_a,20260901,kospi,3,163.0,2.07936507936507,2.5130357929047618,False,False,False,False,False,False,,,,,
px_a,20260901,kospi,4,2352.0,-3.0454545454545507,-2.611783831914859,False,False,False,False,False,False,,,,,
px_a,20260901,kospi,5,1844.0,-4.655707522356655,-4.222036808816964,False,False,False,False,False,False,,,,,
px_a,20260901,kospi,6,684.0,2.446954813359537,2.8806255268992285,False,False,False,False,False,False,,,,,
px_a,20260901,kospi,7,1772.0,-4.077817531305905,-3.644146817766213,False,False,False,False,False,False,,,,,
px_a,20260901,kospi,8,115.0,-8.59352517985612,-8.15985446631643,False,False,False,False,False,False,,,,,
px_a,20260901,kospi,9,579.0,-9.347736625514402,-8.914065911974712,False,False,False,False,False,False,,,,,
px_a,20260901,kospi,10,1395.0,2.114379084967311,2.5480497985070025,False,False,False,False,False,False,,,,,
sv_a,20260715,kosdaq,1,1027.0,10.71323529411764,3.7910992646281274,False,False,False,False,False,False,,,,,
sv_a,20260715,kosdaq,2,2557.0,2.243362831858409,-4.678773197631103,False,False,False,False,False,False,,,,,
sv_a,20260715,kosdaq,3,1839.0,11.920382165605103,4.998246136115591,False,False,False,False,False,False,,,,,
sv_a,20260715,kosdaq,4,662.0,17.82061068702291,10.898474657533399,False,False,False,False,False,False,,,,,
sv_a,20260715,kosdaq,5,1534.0,5.253262158956107,-1.668873870533405,True,True,False,False,True,True,,,,,
sv_a,20260715,kosdaq,6,2627.0,21.980620155038753,15.058484125549242,False,False,False,False,False,False,,,,,
sv_a,20260715,kosdaq,7,2460.0,31.3840579710145,24.461921941524988,False,True,False,True,True,True,,,,,
sv_a,20260715,kosdaq,8,2055.0,4.7422557585385166,-2.1798802709509957,False,False,False,True,False,True,,,,,
sv_a,20260715,kosdaq,9,2118.0,16.975728155339798,10.053592125850287,True,True,False,False,True,True,,,,,
sv_a,20260715,kosdaq,10,885.0,21.175531914893618,14.253395885404107,False,False,False,False,False,False,,,,,
sv_a,20260715,kospi,1,495.0,8.883753501400571,4.682957938897085,False,False,False,False,False,False,,,,,
sv_a,20260715,kospi,2,251.0,10.91891891891893,6.718123356415443,False,False,False,False,False,False,,,,,
sv_a,20260715,kospi,3,6.0,18.205035971223015,14.004240408719529,False,False,False,False,False,False,,,,,
sv_a,20260715,kospi,4,324.0,5.6475409836065475,1.4467454211030608,False,False,False,False,False,False,,,,,
sv_a,20260715,kospi,5,352.0,5.506493506493515,1.3056979439900287,False,False,False,False,False,False,,,,,
sv_a,20260715,kospi,6,946.0,1.8004059539918797,-2.400389608511607,False,False,False,False,False,False,,,,,
sv_a,20260715,kospi,7,1118.0,4.843511450381677,0.6427158878781905,False,False,False,False,False,False,,,,,
sv_a,20260715,kospi,8,1183.0,3.5155440414507697,-0.685251521052717,False,False,False,False,False,False,,,,,
sv_a,20260715,kospi,9,704.0,0.14550833781602535,-4.055287224687461,False,False,False,False,False,False,,,,,
sv_a,20260715,kospi,10,2289.0,9.017241379310336,4.81644581680685,False,True,False,False,True,True,,,,,
sv_a,20260720,kosdaq,1,1027.0,10.35271317829457,-1.9870082406763832,False,False,False,False,False,False,,,,,
sv_a,20260720,kosdaq,2,1534.0,2.2131782945736482,-10.126543124397305,True,True,False,False,True,True,,,,,
sv_a,20260720,kosdaq,3,2180.0,-23.216627634660426,-35.55634905363138,False,True,True,False,True,True,,,,,
sv_a,20260720,kosdaq,4,2083.0,-17.74137931034483,-30.081100729315782,False,False,False,False,False,False,,,,,
sv_a,20260720,kosdaq,5,698.0,34.76645768025078,22.426736261279828,True,True,False,False,True,True,,,,,
sv_a,20260720,kosdaq,6,728.0,13.428571428571423,1.0888500096004705,False,False,False,False,False,False,,,,,
sv_a,20260720,kosdaq,7,662.0,12.457746478873243,0.11802505990229051,False,False,False,False,False,False,,,,,
sv_a,20260720,kosdaq,8,2557.0,12.726452905811614,0.3867314868406613,False,False,False,False,False,False,,,,,
sv_a,20260720,kosdaq,9,2627.0,10.658798283261806,-1.680923135709147,False,False,False,False,False,False,,,,,
sv_a,20260720,kosdaq,10,1417.0,22.639277818717762,10.299556399746809,False,False,False,False,False,False,,,,,
sv_a,20260720,kospi,1,946.0,-1.2092198581560294,-10.334292333722571,False,False,False,False,False,False,,,,,
sv_a,20260720,kospi,2,352.0,6.560755336617408,-2.564317138949134,False,False,False,False,False,False,,,,,
sv_a,20260720,kospi,3,364.0,21.275147928994087,12.150075453427545,False,True,True,False,True,True,,,,,
sv_a,20260720,kospi,4,806.0,-10.783018867924532,-19.908091343491073,False,False,False,False,False,False,,,,,
sv_a,20260720,kospi,5,2352.0,9.353528628495333,0.22845615292879096,False,False,False,False,False,False,,,,,
sv_a,20260720,kospi,6,324.0,3.1595744680851143,-5.965498007481427,False,False,False,False,False,False,,,,,
sv_a,20260720,kospi,7,987.0,5.389281507656063,-3.7357909679104786,True,False,False,False,True,True,,,,,
sv_a,20260720,kospi,8,1118.0,13.062753036437236,3.937680560870694,False,False,False,False,False,False,,,,,
sv_a,20260720,kospi,9,495.0,10.056348074179732,0.9312755986131904,False,False,False,False,False,False,,,,,
sv_a,20260720,kospi,10,704.0,1.1172506738544534,-8.007821801712089,False,False,False,False,False,False,,,,,
sv_a,20260721,kosdaq,1,2083.0,-22.838830584707647,-29.164833304973854,False,False,False,False,False,False,,,,,
sv_a,20260721,kosdaq,2,2460.0,1.3678160919540332,-4.958186628312173,False,False,False,True,False,True,,,,,
sv_a,20260721,kosdaq,3,1534.0,2.7237266279819377,-3.602276092284269,True,True,False,False,True,True,,,,,
sv_a,20260721,kosdaq,4,1027.0,6.642857142857139,0.3168544225909322,False,False,False,False,False,False,,,,,
sv_a,20260721,kosdaq,5,728.0,4.017453798767956,-2.30854892149825,False,False,False,False,False,False,,,,,
sv_a,20260721,kosdaq,6,1328.0,-1.7987012987012991,-8.124704018967506,False,False,False,False,False,False,,,,,
sv_a,20260721,kosdaq,7,2180.0,-27.56214689265537,-33.88814961292158,False,True,True,False,True,True,,,,,
sv_a,20260721,kosdaq,8,698.0,38.443894389438945,32.117891669172735,True,True,False,False,True,True,,,,,
sv_a,20260721,kosdaq,9,1846.0,-4.924778761061942,-11.250781481328149,False,False,False,False,False,False,,,,,
sv_a,20260721,kosdaq,10,1839.0,7.028641571194772,0.7026388509285653,False,False,False,False,False,False,,,,,
sv_a,20260721,kospi,1,946.0,-6.913793103448274,-11.043893648852716,False,False,False,False,False,False,,,,,
sv_a,20260721,kospi,2,352.0,3.7345276872964193,-0.395572858108022,False,False,False,False,False,False,,,,,
sv_a,20260721,kospi,3,364.0,12.364864864864867,8.234764319460425,False,True,True,False,True,True,,,,,
sv_a,20260721,kospi,4,251.0,8.55432595573441,4.424225410329968,False,False,False,False,False,False,,,,,
sv_a,20260721,kospi,5,987.0,4.848837209302326,0.7187366638978849,True,False,False,False,True,True,,,,,
sv_a,20260721,kospi,6,524.0,-14.512738853503182,-18.642839398907622,False,False,False,False,False,False,,,,,
sv_a,20260721,kospi,7,940.0,-5.019774011299438,-9.149874556703878,False,False,False,False,False,False,,,,,
sv_a,20260721,kospi,8,2352.0,4.5913838120104415,0.4612832666060003,False,False,False,False,False,False,,,,,
sv_a,20260721,kospi,9,2193.0,-4.303131991051456,-8.433232536455897,False,False,False,False,False,False,,,,,
sv_a,20260721,kospi,10,111.0,-0.10474308300395486,-4.234843628408396,False,False,False,False,False,False,,,,,
sv_a,20260722,kosdaq,1,2460.0,4.514749262536866,-4.209963502818945,False,False,False,True,False,True,,,,,
sv_a,20260722,kosdaq,2,1534.0,5.008196721311465,-3.7165160440443463,True,True,False,False,True,True,,,,,
sv_a,20260722,kosdaq,3,2083.0,-13.265957446808507,-21.990670212164318,False,False,False,False,False,False,,,,,
sv_a,20260722,kosdaq,4,728.0,1.4736842105263053,-7.251028554829506,False,False,False,False,False,False,,,,,
sv_a,20260722,kosdaq,5,1328.0,1.365136298421799,-7.359576466934012,False,False,False,False,False,False,,,,,
sv_a,20260722,kosdaq,6,698.0,39.99295774647887,31.26824498112306,True,True,False,False,True,True,,,,,
sv_a,20260722,kosdaq,7,2180.0,-18.210309930423783,-26.935022695779594,False,True,True,False,True,True,,,,,
sv_a,20260722,kosdaq,8,709.0,8.658878504672895,-0.06583426068291587,False,False,False,False,False,False,,,,,
sv_a,20260722,kosdaq,9,885.0,37.46033994334278,28.73562717798697,False,False,False,False,False,False,,,,,
sv_a,20260722,kosdaq,10,852.0,31.194915254237287,22.470202488881476,False,False,False,False,False,False,,,,,
sv_a,20260722,kospi,1,625.0,3.783528811830695,-1.6150897031156703,False,False,False,False,False,False,,,,,
sv_a,20260722,kospi,2,946.0,-10.27896851975888,-15.677587034705246,False,False,False,False,False,False,,,,,
sv_a,20260722,kospi,3,987.0,2.1255707762557146,-3.273047738690651,True,False,False,False,True,True,,,,,
sv_a,20260722,kospi,4,524.0,-10.477827050997778,-15.876445565944143,False,False,False,False,False,False,,,,,
sv_a,20260722,kospi,5,251.0,5.359117840684669,-0.03950067426169657,False,False,False,False,False,False,,,,,
sv_a,20260722,kospi,6,404.0,3.6493775933610038,-1.7492409215853617,False,False,False,False,False,False,,,,,
sv_a,20260722,kospi,7,940.0,-0.6908396946564861,-6.089458209602851,False,False,False,False,False,False,,,,,
sv_a,20260722,kospi,8,2193.0,-1.6655011655011704,-7.064119680447536,False,False,False,False,False,False,,,,,
sv_a,20260722,kospi,9,352.0,4.023424878836835,-1.3751936361095307,False,False,False,False,False,False,,,,,
sv_a,20260722,kospi,10,111.0,1.0936254980079667,-4.304993016938399,False,False,False,False,False,False,,,,,
sv_a,20260723,kosdaq,1,2460.0,0.37976539589442737,-1.4382996798540015,False,False,False,True,False,True,,,,,
sv_a,20260723,kosdaq,2,2083.0,-17.030278232405895,-18.848343308154323,False,False,False,False,False,False,,,,,
sv_a,20260723,kosdaq,3,852.0,18.655844155844147,16.837779080095718,False,False,False,False,False,False,,,,,
sv_a,20260723,kosdaq,4,698.0,14.35884101040118,12.540775934652752,True,True,False,False,True,True,,,,,
sv_a,20260723,kosdaq,5,356.0,0.779317697228155,-1.0387473785202739,True,True,False,True,True,True,,,,,
sv_a,20260723,kosdaq,6,1534.0,-4.435040599625239,-6.253105675373668,True,True,False,False,True,True,,,,,
sv_a,20260723,kosdaq,7,728.0,-9.530303030303033,-11.348368106051462,False,False,False,False,False,False,,,,,
sv_a,20260723,kosdaq,8,1331.0,67.83176248821866,66.01369741247022,False,True,False,False,True,True,,,,,
sv_a,20260723,kosdaq,9,1315.0,-7.090909090909092,-8.90897416665752,False,False,False,False,False,False,,,,,
sv_a,20260723,kosdaq,10,1328.0,-4.488603988603989,-6.306669064352418,False,False,False,False,False,False,,,,,
sv_a,20260723,kospi,1,625.0,-1.5649087221095366,-1.1111612788256926,False,False,False,False,False,False,,,,,
sv_a,20260723,kospi,2,524.0,-13.108695652173918,-12.654948208890074,False,False,False,False,False,False,,,,,
sv_a,20260723,kospi,3,946.0,-20.302590993214064,-19.84884354993022,False,False,False,False,False,False,,,,,
sv_a,20260723,kospi,4,987.0,-5.2826086956521685,-4.828861252368324,True,False,False,False,True,True,,,,,
sv_a,20260723,kospi,5,251.0,-1.3900190718372558,-0.9362716285534118,False,False,False,False,False,False,,,,,
sv_a,20260723,kospi,6,940.0,-10.624333925399643,-10.1705864821158,False,False,False,False,False,False,,,,,
sv_a,20260723,kospi,7,274.0,-2.229399796541198,-1.7756523532573538,False,False,False,False,False,False,,,,,
sv_a,20260723,kospi,8,111.0,0.8916500994035851,1.3453975426874292,False,False,False,False,False,False,,,,,
sv_a,20260723,kospi,9,404.0,2.0606469002695365,2.5143943435533807,False,False,False,False,False,False,,,,,
sv_a,20260723,kospi,10,324.0,1.250000000000007,1.703747443283851,False,False,False,False,False,False,,,,,
sv_a,20260724,kosdaq,1,2460.0,-4.915954415954415,-8.97925856745076,False,False,False,True,False,True,,,,,
sv_a,20260724,kosdaq,2,852.0,20.16246056782335,16.099156416327002,False,False,False,False,False,False,,,,,
sv_a,20260724,kosdaq,3,356.0,-3.778688524590167,-7.841992676086512,True,True,False,True,True,True,,,,,
sv_a,20260724,kosdaq,4,698.0,21.204180064308677,17.14087591281233,True,True,False,False,True,True,,,,,
sv_a,20260724,kosdaq,5,1315.0,-11.671960569550933,-15.73526472104728,False,False,False,False,False,False,,,,,
sv_a,20260724,kosdaq,6,1331.0,44.65873015873015,40.595426007233804,False,True,False,False,True,True,,,,,
sv_a,20260724,kosdaq,7,2384.0,-22.303921568627448,-26.367225720123795,False,False,False,True,False,True,,,,,
sv_a,20260724,kosdaq,8,1304.0,-3.6595576619273253,-7.7228618134236715,True,False,False,True,True,True,,,,,
sv_a,20260724,kosdaq,9,2180.0,-14.442307692307688,-18.505611843804033,False,True,True,False,True,True,,,,,
sv_a,20260724,kosdaq,10,709.0,0.8529411764705789,-3.2103629750257667,False,False,False,False,False,False,,,,,
sv_a,20260724,kospi,1,946.0,-19.31987577639752,-20.710746053962612,False,False,False,False,False,False,,,,,
sv_a,20260724,kospi,2,524.0,-10.587719298245613,-11.978589575810703,False,False,False,False,False,False,,,,,
sv_a,20260724,kospi,3,625.0,5.4125964010282805,4.02172612346319,False,False,False,False,False,False,,,,,
sv_a,20260724,kospi,4,987.0,-6.862672322375396,-8.253542599940486,True,False,False,False,True,True,,,,,
sv_a,20260724,kospi,5,324.0,5.434959349593494,4.044089072028403,False,False,False,False,False,False,,,,,
sv_a,20260724,kospi,6,111.0,-1.8461538461538414,-3.237024123718932,False,False,False,False,False,False,,,,,
sv_a,20260724,kospi,7,704.0,-0.7088772845952991,-2.09974756216039,False,False,False,False,False,False,,,,,
sv_a,20260724,kospi,8,2054.0,26.799412915851274,25.408542638286182,False,False,False,False,False,False,,,,,
sv_a,20260724,kospi,9,1729.0,-0.31617647058822484,-1.7070467481533156,False,False,False,False,False,False,,,,,
sv_a,20260724,kospi,10,251.0,-3.015723270440251,-4.4065935480053415,False,False,False,False,False,False,,,,,
sv_a,20260727,kosdaq,1,2460.0,3.2481259370314883,-6.25899981487529,False,False,False,True,False,True,,,,,
sv_a,20260727,kosdaq,2,1331.0,46.29487179487178,36.787746042965004,False,True,False,False,True,True,,,,,
sv_a,20260727,kosdaq,3,2083.0,-6.940071556350624,-16.4471973082574,False,False,False,False,False,False,,,,,
sv_a,20260727,kosdaq,4,356.0,5.696581196581197,-3.810544555325582,True,True,False,True,True,True,,,,,
sv_a,20260727,kosdaq,5,852.0,19.24317817014446,9.736052418237682,False,False,False,False,False,False,,,,,
sv_a,20260727,kosdaq,6,2384.0,-20.70491803278689,-30.21204378469367,False,False,False,True,False,True,,,,,
sv_a,20260727,kosdaq,7,1315.0,-6.243243243243246,-15.750368995150025,False,False,False,False,False,False,,,,,
sv_a,20260727,kosdaq,8,1968.0,-1.6363636363636354,-11.143489388270414,False,False,False,False,False,False,,,,,
sv_a,20260727,kosdaq,9,698.0,23.048387096774203,13.541261344867424,True,True,False,False,True,True,,,,,
sv_a,20260727,kosdaq,10,850.0,38.668110918544194,29.160985166637417,False,False,False,False,False,False,,,,,
sv_a,20260727,kospi,1,524.0,-5.151162790697671,-11.904935253502437,False,False,False,False,False,False,,,,,
sv_a,20260727,kospi,2,324.0,3.3651315789473677,-3.388640883857399,False,False,False,False,False,False,,,,,
sv_a,20260727,kospi,3,946.0,-7.53125,-14.285022462804767,False,False,False,False,False,False,,,,,
sv_a,20260727,kospi,4,896.0,13.613326337880382,6.8595538750756155,True,True,True,False,True,True,,,,,
sv_a,20260727,kospi,5,987.0,0.043478260869556515,-6.71029420193521,True,False,False,False,True,True,,,,,
sv_a,20260727,kospi,6,625.0,10.08201058201058,3.328238119205814,False,False,False,False,False,False,,,,,
sv_a,20260727,kospi,7,704.0,-0.5,-7.253772462804767,False,False,False,False,False,False,,,,,
sv_a,20260727,kospi,8,770.0,1.2039403620873195,-5.549832100717447,False,False,False,False,False,False,,,,,
sv_a,20260727,kospi,9,2120.0,12.512729844413018,5.758957381608251,False,False,False,False,False,False,,,,,
sv_a,20260727,kospi,10,1118.0,-1.2490636704119868,-8.002836133216753,False,False,False,False,False,False,,,,,
sv_a,20260728,kosdaq,1,2083.0,-7.501893939393945,-22.004219784306777,False,False,False,False,False,False,,,,,
sv_a,20260728,kosdaq,2,356.0,4.8879310344827624,-9.61439481043007,True,True,False,True,True,True,,,,,
sv_a,20260728,kosdaq,3,2460.0,10.289049919484706,-4.2132759254281265,False,False,False,True,False,True,,,,,
sv_a,20260728,kosdaq,4,1315.0,-4.7873696407879525,-19.289695485700783,False,False,False,False,False,False,,,,,
sv_a,20260728,kosdaq,5,1331.0,28.870629370629374,14.368303525716541,False,True,False,False,True,True,,,,,
sv_a,20260728,kosdaq,6,2576.0,-0.5,-15.002325844912832,False,False,False,False,False,False,,,,,
sv_a,20260728,kosdaq,7,2557.0,12.647792706333972,-1.8545331385788604,False,False,False,True,False,True,,,,,
sv_a,20260728,kosdaq,8,728.0,-1.2560137457044647,-15.758339590617297,False,False,False,False,False,False,,,,,
sv_a,20260728,kosdaq,9,1968.0,2.8678756476683835,-11.634450197244448,False,False,False,False,False,False,,,,,
sv_a,20260728,kosdaq,10,2361.0,9.878912685337726,-4.623413159575106,False,False,False,False,False,False,,,,,
sv_a,20260728,kospi,1,946.0,-7.471830985915496,-19.735347179134394,False,False,False,False,False,False,,,,,
sv_a,20260728,kospi,2,896.0,21.71603563474388,9.452519441524982,True,True,True,False,True,True,,,,,
sv_a,20260728,kospi,3,770.0,4.0154185022026505,-8.248097691016245,False,False,False,False,False,False,,,,,
sv_a,20260728,kospi,4,524.0,1.1056196688409408,-11.157896524377955,False,False,False,False,False,False,,,,,
sv_a,20260728,kospi,5,324.0,8.431552587646085,-3.8319636055728115,False,False,False,False,False,False,,,,,
sv_a,20260728,kospi,6,987.0,5.8687150837988815,-6.394801109420015,True,False,False,False,True,True,,,,,
sv_a,20260728,kospi,7,1118.0,2.435420743639927,-9.828095449578969,False,False,False,False,False,False,,,,,
sv_a,20260728,kospi,8,6.0,22.47872340425533,10.215207211036434,False,False,False,False,False,False,,,,,
sv_a,20260728,kospi,9,2120.0,15.02217453505007,2.7586583418311736,False,False,False,False,False,False,,,,,
sv_a,20260728,kospi,10,704.0,0.9767932489451406,-11.286722944273755,False,False,False,False,False,False,,,,,
sv_a,20260729,kosdaq,1,2557.0,34.28260869565217,3.7616621264624683,False,False,False,True,False,True,,,,,
sv_a,20260729,kosdaq,2,2460.0,35.2983193277311,4.7773727585413965,False,False,False,True,False,True,,,,,
sv_a,20260729,kosdaq,3,1315.0,-1.7195121951219523,-32.240458764311654,False,False,False,False,False,False,,,,,
sv_a,20260729,kosdaq,4,2361.0,19.289842381786336,-11.231104187403368,False,False,False,False,False,False,,,,,
sv_a,20260729,kosdaq,5,356.0,14.69823788546255,-15.822708683727154,True,True,False,True,True,True,,,,,
sv_a,20260729,kosdaq,6,1331.0,40.05265123226288,9.531704663073178,False,True,False,False,True,True,,,,,
sv_a,20260729,kosdaq,7,2283.0,15.06195965417868,-15.458986915011023,False,False,False,False,False,False,,,,,
sv_a,20260729,kosdaq,8,2047.0,12.17942583732058,-18.341520731869124,False,False,False,False,False,False,,,,,
sv_a,20260729,kosdaq,9,1298.0,24.088364434687147,-6.432582134502557,False,False,False,False,False,False,,,,,
sv_a,20260729,kosdaq,10,2576.0,5.160377358490565,-25.36056921069914,False,False,False,False,False,False,,,,,
sv_a,20260729,kospi,1,770.0,17.60344827586208,-4.051728266555553,False,False,False,False,False,False,,,,,
sv_a,20260729,kospi,2,896.0,38.07677902621723,16.4216024837996,True,True,True,False,True,True,,,,,
sv_a,20260729,kospi,3,946.0,24.590909090909097,2.9357325484914654,False,True,False,False,True,True,,,,,
sv_a,20260729,kospi,4,704.0,0.5101010101010166,-21.145075532316614,False,False,False,False,False,False,,,,,
sv_a,20260729,kospi,5,1118.0,6.139004149377592,-15.51617239304004,False,False,False,False,False,False,,,,,
sv_a,20260729,kospi,6,6.0,17.64285714285715,-4.012319399560482,False,False,False,False,False,False,,,,,
sv_a,20260729,kospi,7,524.0,11.395708853883757,-10.259467688533874,False,False,False,False,False,False,,,,,
sv_a,20260729,kospi,8,324.0,16.534990791896874,-5.120185750520758,False,False,False,False,False,False,,,,,
sv_a,20260729,kospi,9,2120.0,19.5735294117647,-2.0816471306529323,False,False,False,False,False,False,,,,,
sv_a,20260729,kospi,10,2461.0,21.39740761169332,-0.2577689307243105,False,False,False,False,False,False,,,,,
sv_a,20260730,kosdaq,1,2557.0,23.726804123711343,0.994979010995543,False,False,False,True,False,True,,,,,
sv_a,20260730,kosdaq,2,2460.0,29.341269841269845,6.609444728554045,False,False,False,True,False,True,,,,,
sv_a,20260730,kosdaq,3,2361.0,13.44557823129252,-9.28624688142328,False,False,False,False,False,False,,,,,
sv_a,20260730,kosdaq,4,1331.0,54.53626107977437,31.80443596705857,False,True,False,False,True,True,,,,,
sv_a,20260730,kosdaq,5,1298.0,17.08793969849246,-5.643885414223341,False,False,False,False,False,False,,,,,
sv_a,20260730,kosdaq,6,2283.0,14.742165242165239,-7.989659870550561,False,False,False,False,False,False,,,,,
sv_a,20260730,kosdaq,7,2047.0,13.21571072319202,-9.51611438952378,False,False,False,False,False,False,,,,,
sv_a,20260730,kosdaq,8,356.0,10.245614035087714,-12.486211077628086,True,True,False,True,True,True,,,,,
sv_a,20260730,kosdaq,9,1315.0,-1.4708737864077666,-24.20269889912357,False,False,False,False,False,False,,,,,
sv_a,20260730,kosdaq,10,453.0,-20.009803921568626,-42.74162903428443,True,False,False,False,True,True,,,,,
sv_a,20260730,kospi,1,946.0,7.0990299110751724,-7.782613733227334,False,True,False,False,True,True,,,,,
sv_a,20260730,kospi,2,770.0,5.214285714285716,-9.667357930016792,False,False,False,False,False,False,,,,,
sv_a,20260730,kospi,3,896.0,11.71881390593047,-3.1628297383720376,True,True,True,False,True,True,,,,,
sv_a,20260730,kospi,4,94.0,16.864016736401666,1.9823730920991594,False,False,False,False,False,False,,,,,
sv_a,20260730,kospi,5,2289.0,25.577097505668934,10.695453861366428,False,False,False,False,False,False,,,,,
sv_a,20260730,kospi,6,2120.0,21.706200432588318,6.824556788285811,False,False,False,False,False,False,,,,,
sv_a,20260730,kospi,7,684.0,0.6605415860735047,-14.221102058229002,False,False,False,False,False,False,,,,,
sv_a,20260730,kospi,8,987.0,4.993273542600896,-9.88837010170161,True,False,False,False,True,True,,,,,
sv_a,20260730,kospi,9,625.0,18.059556786703602,3.1779131424010956,False,False,False,False,False,False,,,,,
sv_a,20260730,kospi,10,2461.0,19.283197831978327,4.401554187675821,False,False,False,False,False,False,,,,,
sv_a,20260731,kosdaq,1,2361.0,5.570287539936103,-9.954950567621736,False,False,False,False,False,False,,,,,
sv_a,20260731,kosdaq,2,1331.0,39.24065598779557,23.71541788023773,False,True,False,False,True,True,,,,,
sv_a,20260731,kosdaq,3,2283.0,16.024216524216516,0.4989784166586766,False,False,False,False,False,False,,,,,
sv_a,20260731,kosdaq,4,2460.0,13.78571428571428,-1.7395238218435605,False,False,False,True,False,True,,,,,
sv_a,20260731,kosdaq,5,2557.0,13.509661835748787,-2.015576271809053,False,False,False,True,False,True,,,,,
sv_a,20260731,kosdaq,6,1298.0,13.577669902912614,-1.9475682046452256,False,False,False,False,False,False,,,,,
sv_a,20260731,kosdaq,7,1556.0,3.7096902303415455,-11.815547877216295,False,False,False,False,False,False,,,,,
sv_a,20260731,kosdaq,8,698.0,19.365319865319876,3.840081757762036,True,True,False,False,True,True,,,,,
sv_a,20260731,kosdaq,9,356.0,20.712121212121215,5.186883104563375,True,True,False,True,True,True,,,,,
sv_a,20260731,kosdaq,10,1134.0,21.852941176470598,6.327703068912758,False,False,False,False,False,False,,,,,
sv_a,20260731,kospi,1,770.0,4.85714285714286,-7.479739168917145,False,False,False,False,False,False,,,,,
sv_a,20260731,kospi,2,94.0,15.157620041753662,2.8207380156936566,False,False,False,False,False,False,,,,,
sv_a,20260731,kospi,3,946.0,3.7163882259347756,-8.62049380012523,False,False,False,False,False,False,,,,,
sv_a,20260731,kospi,4,896.0,4.750596658711215,-7.58628536734879,True,True,True,False,True,True,,,,,
sv_a,20260731,kospi,5,987.0,3.0028248587570587,-9.334057167302946,True,False,False,False,True,True,,,,,
sv_a,20260731,kospi,6,2300.0,-5.225609756097559,-17.562491782157565,False,False,False,False,False,False,,,,,
sv_a,20260731,kospi,7,428.0,-9.418918918918918,-21.755800944978922,False,False,False,False,False,False,,,,,
sv_a,20260731,kospi,8,2120.0,22.315884476534286,9.979002450474281,False,False,False,False,False,False,,,,,
sv_a,20260731,kospi,9,684.0,2.283300198807148,-10.053581827252856,False,False,False,False,False,False,,,,,
sv_a,20260731,kospi,10,2201.0,8.352005532503448,-3.9848764935565573,False,False,False,False,False,False,,,,,
sv_a,20260803,kosdaq,1,2361.0,-2.3045112781954864,-12.694721294776667,False,False,False,False,False,False,,,,,
sv_a,20260803,kosdaq,2,1331.0,1.913366336633671,-8.47684367994751,True,True,False,False,True,True,,,,,
sv_a,20260803,kosdaq,3,698.0,8.9855305466238,-1.4046794699573812,True,True,False,False,True,True,,,,,
sv_a,20260803,kosdaq,4,2460.0,8.911764705882364,-1.4784453106988167,False,False,False,True,False,True,,,,,
sv_a,20260803,kosdaq,5,2047.0,-1.4911894273127775,-11.881399443893958,False,False,False,False,False,False,,,,,
sv_a,20260803,kosdaq,6,2249.0,-5.185235871840288,-15.575445888421468,False,False,False,False,False,False,,,,,
sv_a,20260803,kosdaq,7,2283.0,3.5897097625329786,-6.8005002540482025,False,False,False,False,False,False,,,,,
sv_a,20260803,kosdaq,8,1134.0,20.22892938496582,9.83871936838464,False,False,False,False,False,False,,,,,
sv_a,20260803,kosdaq,9,1298.0,11.197027804410354,0.8068177878291731,False,False,False,False,False,False,,,,,
sv_a,20260803,kosdaq,10,2557.0,9.586455331412102,-0.8037546851690784,False,False,False,True,False,True,,,,,
sv_a,20260803,kospi,1,770.0,0.8100436681222626,-10.288166306527145,False,False,False,False,False,False,,,,,
sv_a,20260803,kospi,2,94.0,16.8728813559322,5.7746713812827934,False,False,False,False,False,False,,,,,
sv_a,20260803,kospi,3,946.0,2.8306255077172997,-8.267584466932107,False,False,False,False,False,False,,,,,
sv_a,20260803,kospi,4,684.0,1.89520958083832,-9.203000393811088,False,False,False,False,False,False,,,,,
sv_a,20260803,kospi,5,2300.0,-3.833333333333332,-14.93154330798274,False,False,False,False,False,False,,,,,
sv_a,20260803,kospi,6,896.0,2.6175059952038398,-8.480703979445568,True,True,True,False,True,True,,,,,
sv_a,20260803,kospi,7,704.0,1.52127659574467,-9.576933378904737,False,False,False,False,False,False,,,,,
sv_a,20260803,kospi,8,2320.0,14.547021943573657,3.4488119689242502,False,False,False,False,False,False,,,,,
sv_a,20260803,kospi,9,987.0,1.7547914317925688,-9.343418542856838,True,False,False,False,True,True,,,,,
sv_a,20260803,kospi,10,394.0,28.332630098452892,17.234420123803485,False,False,False,False,False,False,,,,,
sv_a,20260804,kosdaq,1,698.0,-3.833333333333332,-4.5178242837729465,True,True,False,False,True,True,,,,,
sv_a,20260804,kosdaq,2,1331.0,-8.823632130384173,-9.508123080823788,True,True,False,False,True,True,,,,,
sv_a,20260804,kosdaq,3,2249.0,-27.809417040358742,-28.493907990798355,False,False,False,False,False,False,,,,,
sv_a,20260804,kosdaq,4,1417.0,14.160390047074644,13.475899096635029,False,False,False,False,False,False,,,,,
sv_a,20260804,kosdaq,5,728.0,-22.123093681917215,-22.80758463235683,False,False,False,False,False,False,,,,,
sv_a,20260804,kosdaq,6,2361.0,-9.82568149210904,-10.510172442548654,False,False,False,False,False,False,,,,,
sv_a,20260804,kosdaq,7,1134.0,13.914414414414422,13.229923463974806,False,False,False,False,False,False,,,,,
sv_a,20260804,kosdaq,8,1839.0,1.8400936037441422,1.1556026533045274,False,False,False,False,False,False,,,,,
sv_a,20260804,kosdaq,9,2460.0,-5.2852760736196265,-5.969767024059241,False,False,False,True,False,True,,,,,
sv_a,20260804,kosdaq,10,1298.0,5.344155844155852,4.659664893716237,False,False,False,False,False,False,,,,,
sv_a,20260804,kospi,1,946.0,-11.65942028985507,-14.93025270135044,False,True,False,False,True,True,,,,,
sv_a,20260804,kospi,2,94.0,12.604838709677423,9.334006298182054,False,False,False,False,False,False,,,,,
sv_a,20260804,kospi,3,770.0,-8.841810783316383,-12.112643194811753,False,False,False,False,False,False,,,,,
sv_a,20260804,kospi,4,896.0,-1.885681293302543,-5.156513704797913,True,True,True,False,True,True,,,,,
sv_a,20260804,kospi,5,987.0,-5.123655913978497,-8.394488325473866,True,False,False,False,True,True,,,,,
sv_a,20260804,kospi,6,684.0,0.8916500994035851,-2.379182312091784,False,False,False,False,False,False,,,,,
sv_a,20260804,kospi,7,2300.0,-3.000000000000002,-6.2708324114953715,False,False,False,False,False,False,,,,,
sv_a,20260804,kospi,8,2320.0,2.9226190476190466,-0.34821336387632273,False,False,False,False,False,False,,,,,
sv_a,20260804,kospi,9,394.0,22.53732303732304,19.26649062582767,False,False,False,False,False,False,,,,,
sv_a,20260804,kospi,10,475.0,2.329028290282909,-0.9418041212124604,False,True,False,False,True,True,,,,,
sv_a,20260805,kosdaq,1,1417.0,25.195461200585655,26.97038439405114,False,False,False,False,False,False,,,,,
sv_a,20260805,kosdaq,2,728.0,-16.154761904761905,-14.379838711296419,False,False,False,False,False,False,,,,,
sv_a,20260805,kosdaq,3,1839.0,-1.2987220447284393,0.47620114873704766,False,False,False,False,False,False,,,,,
sv_a,20260805,kosdaq,4,698.0,-6.651645207439194,-4.876722013973707,True,True,False,True,True,True,,,,,
sv_a,20260805,kosdaq,5,2361.0,-16.38156123822342,-14.606638044757933,False,False,False,False,False,False,,,,,
sv_a,20260805,kosdaq,6,1302.0,14.33757682177349,16.11250001523898,True,True,False,False,True,True,,,,,
sv_a,20260805,kosdaq,7,1134.0,0.3565310492505418,2.131454242716029,False,False,False,False,False,False,,,,,
sv_a,20260805,kosdaq,8,2460.0,9.65531660692952,11.430239800395007,False,False,False,True,False,True,,,,,
sv_a,20260805,kosdaq,9,1331.0,-17.628321085358955,-15.853397891893469,True,True,False,False,True,True,,,,,
sv_a,20260805,kosdaq,10,2557.0,1.983900643974235,3.758823837439722,False,False,False,True,False,True,,,,,
sv_a,20260805,kospi,1,946.0,-13.148497554157935,-16.033769330530422,False,True,False,False,True,True,,,,,
sv_a,20260805,kospi,2,896.0,2.433985330073341,-0.4512864462991457,True,True,True,False,True,True,,,,,
sv_a,20260805,kospi,3,94.0,12.315126050420167,9.429854274047681,False,False,False,False,False,False,,,,,
sv_a,20260805,kospi,4,987.0,-2.9757804090419833,-5.86105218541447,True,False,False,False,True,True,,,,,
sv_a,20260805,kospi,5,1513.0,1.0691868758915817,-1.816084900480905,False,False,False,False,False,False,,,,,
sv_a,20260805,kospi,6,770.0,-7.877049180327866,-10.762320956700353,False,False,False,False,False,False,,,,,
sv_a,20260805,kospi,7,2300.0,-1.7658227848101222,-4.6510945611826084,False,False,False,False,False,False,,,,,
sv_a,20260805,kospi,8,324.0,4.458677685950419,1.5734059095779322,False,False,False,False,False,False,,,,,
sv_a,20260805,kospi,9,21.0,-4.813725490196074,-7.69899726656856,False,False,False,False,False,False,,,,,
sv_a,20260805,kospi,10,2320.0,9.42481203007518,6.539540253702694,False,False,False,False,False,False,,,,,
sv_a,20260806,kosdaq,1,1417.0,31.097975415762836,30.662722734588133,False,False,False,False,False,False,,,,,
sv_a,20260806,kosdaq,2,1302.0,16.166666666666675,15.731413985491974,True,True,False,False,True,True,,,,,
sv_a,20260806,kosdaq,3,728.0,-12.985065710872167,-13.420318392046868,False,False,False,False,False,False,,,,,
sv_a,20260806,kosdaq,4,1705.0,-1.8384321223709361,-2.2736848035456374,False,False,False,False,False,False,,,,,
sv_a,20260806,kosdaq,5,1839.0,-7.560518731988475,-7.995771413163176,False,False,False,False,False,False,,,,,
sv_a,20260806,kosdaq,6,1780.0,-32.9516129032258,-33.3868655844005,False,False,False,False,False,False,,,,,
sv_a,20260806,kosdaq,7,2191.0,8.890243902439032,8.454991221264331,True,True,False,False,True,True,,,,,
sv_a,20260806,kosdaq,8,1123.0,-4.088143525741027,-4.523396206915729,False,False,False,False,False,False,,,,,
sv_a,20260806,kosdaq,9,1047.0,-5.987804878048785,-6.423057559223487,False,False,False,False,False,False,,,,,
sv_a,20260806,kosdaq,10,2576.0,-25.16487935656837,-25.600132037743073,False,False,False,False,False,False,,,,,
sv_a,20260806,kospi,1,946.0,-16.278961384820246,-18.86097053969021,False,False,False,False,False,False,,,,,
sv_a,20260806,kospi,2,1513.0,1.3284106891701901,-1.253598465699774,False,False,False,False,False,False,,,,,
sv_a,20260806,kospi,3,896.0,13.643920595533487,11.061911440663522,True,True,True,False,True,True,,,,,
sv_a,20260806,kospi,4,2300.0,-3.79153605015674,-6.373545205026704,False,False,False,False,False,False,,,,,
sv_a,20260806,kospi,5,987.0,-3.053191489361706,-5.63520064423167,True,False,False,False,True,True,,,,,
sv_a,20260806,kospi,6,770.0,-6.4732234809474765,-9.05523263581744,False,False,False,False,False,False,,,,,
sv_a,20260806,kospi,7,324.0,2.0723472668810254,-0.5096618879889387,False,False,False,False,False,False,,,,,
sv_a,20260806,kospi,8,2289.0,11.236444749485253,8.65443559461529,False,False,False,False,False,False,,,,,
sv_a,20260806,kospi,9,94.0,13.08024691358024,10.498237758710275,False,False,False,False,False,False,,,,,
sv_a,20260806,kospi,10,2320.0,2.8141210374639796,0.23211188259401538,False,False,False,False,False,False,,,,,
sv_a,20260807,kosdaq,1,1417.0,38.20246085011186,36.59855936836384,False,False,False,False,False,False,,,,,
sv_a,20260807,kosdaq,2,2191.0,11.14705882352941,9.543157341781386,True,True,False,False,True,True,,,,,
sv_a,20260807,kosdaq,3,1302.0,26.788888888888895,25.18498740714087,True,True,False,False,True,True,,,,,
sv_a,20260807,kosdaq,4,728.0,-15.108695652173909,-16.712597133921932,False,False,False,False,False,False,,,,,
sv_a,20260807,kosdaq,5,1705.0,30.359375,28.755473518251975,False,False,False,False,False,False,,,,,
sv_a,20260807,kosdaq,6,1780.0,-37.888193202146695,-39.49209468389472,False,False,False,False,False,False,,,,,
sv_a,20260807,kosdaq,7,1944.0,0.5738255033557076,-1.0300759783923161,False,False,False,False,False,False,,,,,
sv_a,20260807,kosdaq,8,2576.0,-25.599601593625497,-27.203503075373522,False,False,False,False,False,False,,,,,
sv_a,20260807,kosdaq,9,1047.0,-6.712424849699394,-8.316326331447417,False,False,False,False,False,False,,,,,
sv_a,20260807,kosdaq,10,1331.0,-13.952188006482979,-15.556089488231002,True,True,False,False,True,True,,,,,
sv_a,20260807,kospi,1,946.0,-17.231016731016734,-20.27248229583211,False,False,False,False,False,False,,,,,
sv_a,20260807,kospi,2,1513.0,-0.7728512960436524,-3.8143168608590288,False,False,False,False,False,False,,,,,
sv_a,20260807,kospi,3,896.0,22.266717713118933,19.225252148303557,True,True,True,False,True,True,,,,,
sv_a,20260807,kospi,4,987.0,-1.2337526205450695,-4.275218185360446,True,False,False,False,True,True,,,,,
sv_a,20260807,kospi,5,2300.0,-6.634969325153373,-9.67643488996875,False,False,False,False,False,False,,,,,
sv_a,20260807,kospi,6,770.0,-6.997461928934012,-10.038927493749387,False,False,False,False,False,False,,,,,
sv_a,20260807,kospi,7,251.0,6.183480453972268,3.1420148891568918,False,False,False,False,False,False,,,,,
sv_a,20260807,kospi,8,324.0,-1.741272304111718,-4.782737868927095,False,False,False,False,False,False,,,,,
sv_a,20260807,kospi,9,2193.0,-0.2727272727272796,-3.314192837542656,False,False,False,False,False,False,,,,,
sv_a,20260807,kospi,10,524.0,-8.890022675736963,-11.93148824055234,False,False,False,False,False,False,,,,,
sv_a,20260810,kosdaq,1,2191.0,-2.43965517241379,1.2078477039278481,True,True,False,False,True,True,,,,,
sv_a,20260810,kosdaq,2,1417.0,30.02781740370898,33.67532028005062,False,False,False,False,False,False,,,,,
sv_a,20260810,kosdaq,3,1302.0,14.654038301415484,18.301541177757123,True,True,False,False,True,True,,,,,
sv_a,20260810,kosdaq,4,1047.0,-6.899999999999995,-3.252497123658357,False,False,False,False,False,False,,,,,
sv_a,20260810,kosdaq,5,1944.0,14.425373134328357,18.072876010669994,False,False,False,False,False,False,,,,,
sv_a,20260810,kosdaq,6,1705.0,29.647058823529417,33.29456169987105,False,False,False,False,False,False,,,,,
sv_a,20260810,kosdaq,7,2361.0,-13.153061224489793,-9.505558348148154,False,False,False,False,False,False,,,,,
sv_a,20260810,kosdaq,8,1406.0,-1.2597340930674212,2.387768783274217,False,False,False,False,False,False,,,,,
sv_a,20260810,kosdaq,9,1331.0,-19.084070796460175,-15.436567920118536,True,True,False,False,True,True,,,,,
sv_a,20260810,kosdaq,10,728.0,-16.373925501432662,-12.726422625091024,False,False,False,False,False,False,,,,,
sv_a,20260810,kospi,1,946.0,-16.861256544502623,-17.306569622758964,False,False,False,False,False,False,,,,,
sv_a,20260810,kospi,2,896.0,20.240740740740748,19.795427662484407,True,True,True,False,True,True,,,,,
sv_a,20260810,kospi,3,1513.0,-12.43467336683417,-12.879986445090509,False,False,False,False,False,False,,,,,
sv_a,20260810,kospi,4,2300.0,-5.348484848484846,-5.793797926741186,False,False,False,False,False,False,,,,,
sv_a,20260810,kospi,5,987.0,5.170665212649939,4.725352134393599,True,False,False,False,True,True,,,,,
sv_a,20260810,kospi,6,770.0,-10.379032258064512,-10.824345336320851,False,False,False,False,False,False,,,,,
sv_a,20260810,kospi,7,2289.0,6.407894736842101,5.962581658585761,False,False,False,False,False,False,,,,,
sv_a,20260810,kospi,8,2525.0,-4.352080123266566,-4.7973932015229055,False,False,False,False,False,False,,,,,
sv_a,20260810,kospi,9,251.0,0.6550151975683987,0.20970211931205918,False,False,False,False,False,False,,,,,
sv_a,20260810,kospi,10,524.0,-14.413043478260867,-14.858356556517206,False,False,False,False,False,False,,,,,
sv_a,20260811,kosdaq,1,2361.0,-6.055555555555558,-1.9609682090895477,False,False,False,False,False,False,,,,,
sv_a,20260811,kosdaq,2,2191.0,-1.9477766287487093,2.146810717717301,True,True,False,False,True,True,,,,,
sv_a,20260811,kosdaq,3,1705.0,19.43067590987869,23.5252632563447,False,False,False,False,False,False,,,,,
sv_a,20260811,kosdaq,4,1406.0,-1.9705882352941124,2.123999111171898,False,False,False,False,False,False,,,,,
sv_a,20260811,kosdaq,5,1047.0,-5.540322580645162,-1.4457352341791516,False,False,False,False,False,False,,,,,
sv_a,20260811,kosdaq,6,1331.0,-19.650110375275943,-15.555523028809933,True,True,False,False,True,True,,,,,
sv_a,20260811,kosdaq,7,728.0,-10.576157000585829,-6.481569654119818,False,False,False,False,False,False,,,,,
sv_a,20260811,kosdaq,8,2047.0,-7.299163179916324,-3.2045758334503134,False,False,False,False,False,False,,,,,
sv_a,20260811,kosdaq,9,1071.0,13.45749569213096,17.55208303859697,False,False,False,False,False,False,,,,,
sv_a,20260811,kosdaq,10,1302.0,12.32051282051282,16.41510016697883,True,True,False,False,True,True,,,,,
sv_a,20260811,kospi,1,946.0,-6.403790087463557,-6.360223946174537,False,True,False,False,True,True,,,,,
sv_a,20260811,kospi,2,2300.0,-7.863770250368185,-7.820204109079166,False,False,False,False,False,False,,,,,
sv_a,20260811,kospi,3,896.0,16.83021077283372,16.87377691412274,True,True,True,False,True,True,,,,,
sv_a,20260811,kospi,4,770.0,-10.640562248995987,-10.596996107706968,False,False,False,False,False,False,,,,,
sv_a,20260811,kospi,5,158.0,2.2844073190135266,2.327973460302546,False,False,False,False,False,False,,,,,
sv_a,20260811,kospi,6,987.0,4.532822757111588,4.576388898400608,True,False,False,False,True,True,,,,,
sv_a,20260811,kospi,7,2525.0,-2.6909233176838794,-2.64735717639486,False,False,False,False,False,False,,,,,
sv_a,20260811,kospi,8,2199.0,-8.717821782178214,-8.674255640889195,False,False,False,False,False,False,,,,,
sv_a,20260811,kospi,9,2320.0,2.5555555555555447,2.599121696844564,False,False,False,False,False,False,,,,,
sv_a,20260811,kospi,10,2289.0,16.639090309822013,16.682656451111033,False,False,False,False,False,False,,,,,
sv_a,20260812,kosdaq,1,2361.0,-2.0193370165745845,2.3160927903179394,False,False,False,False,False,False,,,,,
sv_a,20260812,kosdaq,2,2047.0,-9.792929292929298,-5.457499486036774,False,False,False,False,False,False,,,,,
sv_a,20260812,kosdaq,3,2537.0,-17.788135593220346,-13.452705786327822,False,False,False,False,False,False,,,,,
sv_a,20260812,kosdaq,4,2283.0,-5.453917050691247,-1.1184872437987234,False,False,False,False,False,False,,,,,
sv_a,20260812,kosdaq,5,1406.0,-3.154867256637172,1.180562550255352,False,False,False,False,False,False,,,,,
sv_a,20260812,kosdaq,6,2191.0,-2.370078740157477,1.965351066735047,True,True,False,False,True,True,,,,,
sv_a,20260812,kosdaq,7,1071.0,-1.4718670076726332,2.8635627992198907,False,False,False,False,False,False,,,,,
sv_a,20260812,kosdaq,8,1345.0,-1.7658227848101222,2.5696070220824017,False,False,False,False,False,False,,,,,
sv_a,20260812,kosdaq,9,2575.0,-19.058282208588963,-14.72285240169644,False,False,False,False,False,False,,,,,
sv_a,20260812,kosdaq,10,1090.0,-7.872881355932204,-3.5374515490396803,False,False,True,False,True,True,,,,,
sv_a,20260812,kospi,1,946.0,-8.133587786259543,-7.348923249999624,False,True,False,False,True,True,,,,,
sv_a,20260812,kospi,2,251.0,-5.023809523809518,-4.239144987549599,False,False,False,False,False,False,,,,,
sv_a,20260812,kospi,3,2300.0,-4.9410413476263395,-4.15637681136642,False,False,False,False,False,False,,,,,
sv_a,20260812,kospi,4,2320.0,0.46818810511756226,1.2528526413774816,False,False,False,False,False,False,,,,,
sv_a,20260812,kospi,5,987.0,6.268558951965064,7.053223488224983,True,False,False,False,True,True,,,,,
sv_a,20260812,kospi,6,896.0,12.194877505567925,12.979542041827845,True,True,True,False,True,True,,,,,
sv_a,20260812,kospi,7,158.0,9.05518945634266,9.83985399260258,False,False,False,False,False,False,,,,,
sv_a,20260812,kospi,8,770.0,-12.987804878048781,-12.203140341788862,False,False,False,False,False,False,,,,,
sv_a,20260812,kospi,9,706.0,-2.2013232514177745,-1.4166587151578551,False,False,False,False,False,False,,,,,
sv_a,20260812,kospi,10,389.0,7.911214953271017,8.695879489530936,False,False,False,False,False,False,,,,,
sv_a,20260814,kosdaq,1,2537.0,-34.76470588235294,-28.512566615629954,False,False,True,False,True,True,,,,,
sv_a,20260814,kosdaq,2,2047.0,-19.74564796905223,-13.49350870232924,False,False,False,False,False,False,,,,,
sv_a,20260814,kosdaq,3,2361.0,-13.249003984063744,-6.996864717340757,False,False,False,False,False,False,,,,,
sv_a,20260814,kosdaq,4,1315.0,-17.201902748414376,-10.949763481691388,False,False,False,False,False,False,,,,,
sv_a,20260814,kosdaq,5,2003.0,8.78,15.032139266722986,False,False,False,False,False,False,,,,,
sv_a,20260814,kosdaq,6,2283.0,-5.218066743383198,1.0340725233397894,False,False,False,False,False,False,,,,,
sv_a,20260814,kosdaq,7,1534.0,-5.208652148322545,1.0434871184004422,True,False,False,False,True,True,,,,,
sv_a,20260814,kosdaq,8,2575.0,-25.954545454545453,-19.702406187822465,False,False,False,False,False,False,,,,,
sv_a,20260814,kosdaq,9,1668.0,-9.788537549407117,-3.5363982826841296,False,False,False,False,False,False,,,,,
sv_a,20260814,kosdaq,10,1328.0,-11.654345006485089,-5.402205739762102,False,False,False,False,False,False,,,,,
sv_a,20260814,kospi,1,946.0,-10.356262833675567,-7.380669579777211,False,True,False,False,True,True,,,,,
sv_a,20260814,kospi,2,706.0,-0.6879699248120259,2.2876233290863297,False,False,False,False,False,False,,,,,
sv_a,20260814,kospi,3,389.0,-4.399371069182389,-1.4237778152840335,False,False,False,False,False,False,,,,,
sv_a,20260814,kospi,4,2300.0,-2.9316109422492405,0.04398231164911515,False,False,False,False,False,False,,,,,
sv_a,20260814,kospi,5,987.0,1.8965141612200425,4.872107415118398,True,False,False,False,True,True,,,,,
sv_a,20260814,kospi,6,158.0,3.518547140649154,6.494140394547509,False,False,False,False,False,False,,,,,
sv_a,20260814,kospi,7,2320.0,-4.729195088676674,-1.7536018347783182,False,False,False,False,False,False,,,,,
sv_a,20260814,kospi,8,251.0,-9.427536231884059,-6.451942977985703,False,True,False,False,True,True,,,,,
sv_a,20260814,kospi,9,404.0,-2.6197007481296715,0.35589250576868414,False,False,False,False,False,False,,,,,
sv_a,20260814,kospi,10,2199.0,-7.614624505928857,-4.6390312520305015,False,False,False,False,False,False,,,,,
sv_a,20260818,kosdaq,1,1846.0,-23.969387755102044,-25.503801880855605,False,False,False,False,False,False,,,,,
sv_a,20260818,kosdaq,2,2361.0,1.846041055718473,0.3116269299649135,False,False,False,False,False,False,,,,,
sv_a,20260818,kosdaq,3,1315.0,-9.299999999999997,-10.834414125753558,False,False,False,False,False,False,,,,,
sv_a,20260818,kosdaq,4,2003.0,17.44019933554818,15.905785209794619,False,False,False,False,False,False,,,,,
sv_a,20260818,kosdaq,5,1328.0,-3.053191489361706,-4.587605615115265,False,False,False,False,False,False,,,,,
sv_a,20260818,kosdaq,6,1534.0,-2.0980331899201006,-3.63244731567366,True,False,False,False,True,True,,,,,
sv_a,20260818,kosdaq,7,1668.0,-2.1632016632016633,-3.697615788955223,False,False,False,False,False,False,,,,,
sv_a,20260818,kosdaq,8,1302.0,4.92510121457489,3.3906870888213305,True,False,False,False,True,True,,,,,
sv_a,20260818,kosdaq,9,2325.0,-3.0474254742547386,-4.581839600008298,False,False,False,False,False,False,,,,,
sv_a,20260818,kosdaq,10,2283.0,15.223270440251568,13.688856314498008,False,False,False,False,False,False,,,,,
sv_a,20260818,kospi,1,946.0,-7.811827956989248,-9.340607341940329,False,True,False,False,True,True,,,,,
sv_a,20260818,kospi,2,324.0,4.604602510460254,3.0758231255091735,False,False,False,False,False,False,,,,,
sv_a,20260818,kospi,3,706.0,-1.6235955056179803,-3.152374890569061,False,False,False,False,False,False,,,,,
sv_a,20260818,kospi,4,987.0,8.269931662870167,6.741152277919086,True,False,False,False,True,True,,,,,
sv_a,20260818,kospi,5,2320.0,5.015239477503631,3.4864600925525497,False,False,False,False,False,False,,,,,
sv_a,20260818,kospi,6,158.0,0.8046815042210279,-0.7240978807300532,False,False,False,False,False,False,,,,,
sv_a,20260818,kospi,7,2201.0,0.5126582278481067,-1.0161211571029745,False,False,False,False,False,False,,,,,
sv_a,20260818,kospi,8,2300.0,0.7698412698412653,-0.7589381151098158,False,False,False,False,False,False,,,,,
sv_a,20260818,kospi,9,495.0,8.829829172141912,7.301049787190831,False,False,False,False,False,False,,,,,
sv_a,20260818,kospi,10,205.0,22.045219638242898,20.516440253291815,False,False,False,False,False,False,,,,,
sv_a,20260819,kosdaq,1,2003.0,11.777867528271402,11.939246688768943,False,False,False,False,False,False,,,,,
sv_a,20260819,kosdaq,2,1534.0,-7.328057107386721,-7.166677946889181,True,False,False,False,True,True,,,,,
sv_a,20260819,kosdaq,3,1302.0,0.5218978102189746,0.6832769707165147,True,False,False,False,True,True,,,,,
sv_a,20260819,kosdaq,4,2361.0,-5.222222222222228,-5.060843061724688,False,False,False,False,False,False,,,,,
sv_a,20260819,kosdaq,5,1315.0,-12.902234636871512,-12.740855476373971,False,False,False,False,False,False,,,,,
sv_a,20260819,kosdaq,6,1846.0,-26.707513416815743,-26.546134256318204,False,False,False,False,False,False,,,,,
sv_a,20260819,kosdaq,7,2049.0,2.6944444444444553,2.855823604941995,False,False,False,False,False,False,,,,,
sv_a,20260819,kosdaq,8,1331.0,-23.77044025157232,-23.609061091074782,True,False,False,False,True,True,,,,,
sv_a,20260819,kosdaq,9,1896.0,26.115553121577218,26.276932282074757,False,False,False,False,False,False,,,,,
sv_a,20260819,kosdaq,10,662.0,-7.0270935960591085,-6.865714435561569,False,False,False,False,False,False,,,,,
sv_a,20260819,kospi,1,946.0,-7.852941176470585,-7.965556938556286,False,True,False,False,True,True,,,,,
sv_a,20260819,kospi,2,324.0,-8.440074906367045,-8.552690668452746,False,False,False,False,False,False,,,,,
sv_a,20260819,kospi,3,987.0,3.154485049833878,3.0418692877481766,True,False,False,False,True,True,,,,,
sv_a,20260819,kospi,4,2201.0,1.175257731958757,1.0626419698730554,False,False,False,False,False,False,,,,,
sv_a,20260819,kospi,5,158.0,3.753673627223509,3.6410578651378076,False,False,False,False,False,False,,,,,
sv_a,20260819,kospi,6,495.0,8.936435124508513,8.823819362422812,False,False,False,False,False,False,,,,,
sv_a,20260819,kospi,7,21.0,-0.0850622406639019,-0.19767800274960343,False,False,False,False,False,False,,,,,
sv_a,20260819,kospi,8,2320.0,1.8743016759776525,1.761685913891951,False,False,False,False,False,False,,,,,
sv_a,20260819,kospi,9,990.0,-0.8322259136212647,-0.9448416757069663,False,False,False,False,False,False,,,,,
sv_a,20260819,kospi,10,205.0,15.776202219482116,15.663586457396415,False,False,False,False,False,False,,,,,
sv_a,20260821,kosdaq,1,2049.0,7.058139534883711,0.8785185233579051,False,False,False,False,False,False,,,,,
sv_a,20260821,kosdaq,2,2361.0,2.7592592592592506,-3.4203617522665555,False,False,False,False,False,False,,,,,
sv_a,20260821,kosdaq,3,1534.0,-2.07583716349311,-8.255458175018916,True,False,False,False,True,True,,,,,
sv_a,20260821,kosdaq,4,2003.0,7.990566037735858,1.8109450262100522,False,False,False,False,False,False,,,,,
sv_a,20260821,kosdaq,5,2047.0,-4.5838852097130225,-10.763506221238828,False,False,False,False,False,False,,,,,
sv_a,20260821,kosdaq,6,1705.0,18.36792452830188,12.188303516776074,False,False,False,False,False,False,,,,,
sv_a,20260821,kosdaq,7,886.0,-7.302721088435371,-13.482342099961176,False,False,False,False,False,False,,,,,
sv_a,20260821,kosdaq,8,1846.0,-22.63592233009709,-28.8155433416229,False,False,False,False,False,False,,,,,
sv_a,20260821,kosdaq,9,698.0,-22.44805194805195,-28.627672959577758,True,False,False,True,True,True,,,,,
sv_a,20260821,kosdaq,10,1178.0,-6.509615384615386,-12.689236396141192,False,False,False,False,False,False,,,,,
sv_a,20260821,kospi,1,946.0,-0.5,-3.81230443362291,False,True,False,False,True,True,,,,,
sv_a,20260821,kospi,2,324.0,-2.7417934347477964,-6.0540978683707065,False,False,False,False,False,False,,,,,
sv_a,20260821,kospi,3,2201.0,3.3265306122448943,0.014226178621984165,False,False,False,False,False,False,,,,,
sv_a,20260821,kospi,4,987.0,7.042857142857139,3.730552709234229,True,False,False,False,True,True,,,,,
sv_a,20260821,kospi,5,6.0,-8.823281061519905,-12.135585495142816,False,False,False,False,False,False,,,,,
sv_a,20260821,kospi,6,21.0,5.951612903225801,2.6393084696028906,False,False,False,False,False,False,,,,,
sv_a,20260821,kospi,7,2320.0,4.255043227665712,0.9427387940428016,False,False,False,False,False,False,,,,,
sv_a,20260821,kospi,8,2289.0,13.233905579399153,9.921601145776243,False,False,False,False,False,False,,,,,
sv_a,20260821,kospi,9,205.0,15.512658227848098,12.200353794225187,False,False,False,False,False,False,,,,,
sv_a,20260821,kospi,10,1967.0,-6.070652173913048,-9.38295660753596,False,False,False,False,False,False,,,,,
sv_a,20260824,kosdaq,1,2049.0,2.508595988538687,-4.922560724400228,False,False,False,False,False,False,,,,,
sv_a,20260824,kosdaq,2,2047.0,-3.1578073089700944,-10.588964021909009,False,False,False,False,False,False,,,,,
sv_a,20260824,kosdaq,3,1705.0,28.519607843137262,21.088451130198347,False,False,False,False,False,False,,,,,
sv_a,20260824,kosdaq,4,886.0,-9.323529411764708,-16.754686124703625,False,False,False,False,False,False,,,,,
sv_a,20260824,kosdaq,5,698.0,-15.659574468085102,-23.09073118102402,True,False,False,True,True,True,,,,,
sv_a,20260824,kosdaq,6,2361.0,5.047226386806603,-2.3839303261323117,False,False,False,False,False,False,,,,,
sv_a,20260824,kosdaq,7,1539.0,-8.474137931034488,-15.905294643973402,False,False,False,False,False,False,,,,,
sv_a,20260824,kosdaq,8,958.0,2.91491178144564,-4.516244931493275,False,False,False,False,False,False,,,,,
sv_a,20260824,kosdaq,9,2251.0,13.53018446059252,6.099027747653606,False,True,False,False,True,True,,,,,
sv_a,20260824,kosdaq,10,1178.0,-6.241626794258369,-13.672783507197284,False,False,False,False,False,False,,,,,
sv_a,20260824,kospi,1,946.0,0.11919504643963562,-2.300053302421779,False,True,False,False,True,True,,,,,
sv_a,20260824,kospi,2,987.0,2.2716186252771724,-0.1476297235842421,True,False,False,False,True,True,,,,,
sv_a,20260824,kospi,3,205.0,6.03206650831355,3.6128181594521354,False,False,False,False,False,False,,,,,
sv_a,20260824,kospi,4,706.0,0.8307984790874582,-1.5884498697739562,False,False,False,False,False,False,,,,,
sv_a,20260824,kospi,5,324.0,-2.224137931034486,-4.643386279895901,False,False,False,False,False,False,,,,,
sv_a,20260824,kospi,6,896.0,17.233990147783253,14.814741798921839,True,True,False,False,True,True,,,,,
sv_a,20260824,kospi,7,21.0,2.6380753138075423,0.21882696494612786,False,False,False,False,False,False,,,,,
sv_a,20260824,kospi,8,1988.0,-10.387640449438207,-12.806888798299621,False,False,False,False,False,False,,,,,
sv_a,20260824,kospi,9,153.0,0.44876660341556285,-1.9704817454458516,False,False,False,False,False,False,,,,,
sv_a,20260824,kospi,10,352.0,-5.605105105105101,-8.024353453966516,False,False,False,False,False,False,,,,,
sv_a,20260825,kosdaq,1,2049.0,-4.805555555555551,-8.670613902046977,False,False,False,False,False,False,,,,,
sv_a,20260825,kosdaq,2,2047.0,-3.250275027502746,-7.115333373994172,False,False,False,False,False,False,,,,,
sv_a,20260825,kosdaq,3,1705.0,18.066176470588225,14.2011181240968,False,False,False,False,False,False,,,,,
sv_a,20260825,kosdaq,4,886.0,-9.76594464500602,-13.631002991497445,False,False,False,False,False,False,,,,,
sv_a,20260825,kosdaq,5,698.0,-18.74146981627297,-22.6065281627644,True,False,False,True,True,True,,,,,
sv_a,20260825,kosdaq,6,1539.0,-7.210671067106711,-11.075729413598136,False,False,False,False,False,False,,,,,
sv_a,20260825,kosdaq,7,1417.0,26.800613496932513,22.935555150441086,False,False,False,False,False,False,,,,,
sv_a,20260825,kosdaq,8,2361.0,3.119909502262453,-0.7451488442289729,False,False,False,False,False,False,,,,,
sv_a,20260825,kosdaq,9,1331.0,-22.517353579175705,-26.38241192566713,True,False,False,False,True,True,,,,,
sv_a,20260825,kosdaq,10,811.0,-7.696969696969703,-11.562028043461128,False,False,False,False,False,False,,,,,
sv_a,20260825,kospi,1,946.0,-1.9393939393939403,-1.6460634989048641,False,True,False,False,True,True,,,,,
sv_a,20260825,kospi,2,896.0,10.329493087557607,10.622823528046682,True,True,False,False,True,True,,,,,
sv_a,20260825,kospi,3,987.0,0.47087378640776656,0.7642042268968428,True,False,False,False,True,True,,,,,
sv_a,20260825,kospi,4,205.0,10.604477611940288,10.897808052429363,False,False,False,False,False,False,,,,,
sv_a,20260825,kospi,5,352.0,-5.651515151515151,-5.358184711026075,False,False,False,False,False,False,,,,,
sv_a,20260825,kospi,6,706.0,-0.12264150943396236,0.1706889310551138,False,False,False,False,False,False,,,,,
sv_a,20260825,kospi,7,1988.0,-10.32142857142857,-10.028098130939494,False,False,False,False,False,False,,,,,
sv_a,20260825,kospi,8,21.0,0.9462809917355378,1.239611432224614,False,False,False,False,False,False,,,,,
sv_a,20260825,kospi,9,103.0,-11.333333333333329,-11.040002892844253,False,False,False,False,False,False,,,,,
sv_a,20260825,kospi,10,389.0,-6.961932181701858,-6.668601741212782,False,False,False,False,False,False,,,,,
sv_a,20260826,kosdaq,1,2049.0,-5.281420765027322,-9.750783997368902,False,False,False,False,False,False,,,,,
sv_a,20260826,kosdaq,2,2047.0,-4.256906077348066,-8.726269309689645,False,False,False,False,False,False,,,,,
sv_a,20260826,kosdaq,3,1417.0,25.687648456057012,21.218285223715434,False,False,False,False,False,False,,,,,
sv_a,20260826,kosdaq,4,1705.0,17.009025270758126,12.539662038416548,False,False,False,False,False,False,,,,,
sv_a,20260826,kosdaq,5,886.0,3.83763188745604,-0.6317313448855395,False,False,False,False,False,False,,,,,
sv_a,20260826,kosdaq,6,728.0,32.42517006802722,27.955806835685642,False,False,False,False,False,False,,,,,
sv_a,20260826,kosdaq,7,698.0,-14.844827586206899,-19.31419081854848,True,False,False,True,True,True,,,,,
sv_a,20260826,kosdaq,8,1545.0,-11.742603550295861,-16.21196678263744,False,True,False,False,True,True,,,,,
sv_a,20260826,kosdaq,9,811.0,-5.390604890604888,-9.859968122946468,False,False,False,False,False,False,,,,,
sv_a,20260826,kosdaq,10,1331.0,-19.922863485016652,-24.39222671735823,True,False,False,False,True,True,,,,,
sv_a,20260826,kospi,1,946.0,-4.031179564237418,-1.79049259279839,False,True,False,False,True,True,,,,,
sv_a,20260826,kospi,2,896.0,6.548458149779746,8.789145121218775,True,True,False,False,True,True,,,,,
sv_a,20260826,kospi,3,987.0,-2.3104366347177825,-0.06974966327875398,True,False,False,False,True,True,,,,,
sv_a,20260826,kospi,4,1419.0,-5.177060133630284,-2.936373162191255,False,False,False,False,False,False,,,,,
sv_a,20260826,kospi,5,21.0,-0.296747967479682,1.9439390039593465,False,False,False,False,False,False,,,,,
sv_a,20260826,kospi,6,205.0,5.48591549295775,7.726602464396779,False,False,False,False,False,False,,,,,
sv_a,20260826,kospi,7,352.0,-8.747422680412376,-6.506735708973347,False,False,False,False,False,False,,,,,
sv_a,20260826,kospi,8,225.0,-17.79857819905213,-15.557891227613101,False,False,True,False,True,True,,,,,
sv_a,20260826,kospi,9,495.0,0.9778325123152801,3.2185194837543087,False,False,False,False,False,False,,,,,
sv_a,20260826,kospi,10,324.0,-6.319295558958649,-4.07860858751962,False,False,False,False,False,False,,,,,
sv_a,20260827,kosdaq,1,1417.0,20.775327771156128,16.487773027860477,False,False,False,False,False,False,,,,,
sv_a,20260827,kosdaq,2,1705.0,20.318505338078296,16.030950594782645,False,False,False,False,False,False,,,,,
sv_a,20260827,kosdaq,3,2047.0,-9.541980624327229,-13.829535367622878,False,False,False,False,False,False,,,,,
sv_a,20260827,kosdaq,4,2049.0,-13.0,-17.28755474329565,False,False,False,False,False,False,,,,,
sv_a,20260827,kosdaq,5,698.0,12.928571428571434,8.641016685275785,True,False,False,True,True,True,,,,,
sv_a,20260827,kosdaq,6,811.0,-3.806878306878302,-8.09443305017395,False,False,False,False,False,False,,,,,
sv_a,20260827,kosdaq,7,981.0,3.9854881266490847,-0.3020666166465644,False,False,False,False,False,False,,,,,
sv_a,20260827,kosdaq,8,807.0,84.68518518518519,80.39763044188955,False,False,False,False,False,False,,,,,
sv_a,20260827,kosdaq,9,728.0,20.993506493506498,16.70595175021085,False,False,False,False,False,False,,,,,
sv_a,20260827,kosdaq,10,1839.0,-10.422480620155039,-14.710035363450688,False,False,False,False,False,False,,,,,
sv_a,20260827,kospi,1,946.0,-5.941176470588238,-4.860380305694458,False,False,False,False,False,False,,,,,
sv_a,20260827,kospi,2,896.0,5.168934240362811,6.2497304052565905,True,True,False,False,True,True,,,,,
sv_a,20260827,kospi,3,987.0,-1.998929336188437,-0.918133171294657,True,False,False,False,True,True,,,,,
sv_a,20260827,kospi,4,1419.0,-2.98027057497181,-1.89947441007803,False,False,False,False,False,False,,,,,
sv_a,20260827,kospi,5,205.0,0.32827167310877137,1.4090678380025514,False,False,False,False,False,False,,,,,
sv_a,20260827,kospi,6,495.0,-2.1607354685646447,-1.0799393036708647,False,False,False,False,False,False,,,,,
sv_a,20260827,kospi,7,1704.0,-9.269230769230774,-8.188434604336994,False,False,False,False,False,False,,,,,
sv_a,20260827,kospi,8,282.0,-7.316143497757843,-6.235347332864063,False,False,False,False,False,False,,,,,
sv_a,20260827,kospi,9,389.0,-9.149657747355322,-8.068861582461542,False,False,False,False,False,False,,,,,
sv_a,20260827,kospi,10,472.0,-2.0564202334630295,-0.9756240685692494,False,False,False,False,False,False,,,,,
sv_a,20260828,kosdaq,1,1417.0,25.021765056648782,19.247115433978234,False,False,False,False,False,False,,,,,
sv_a,20260828,kosdaq,2,698.0,15.341584158415833,9.566934535745284,True,False,False,True,True,True,,,,,
sv_a,20260828,kosdaq,3,1705.0,44.528142589118204,38.75349296644765,False,False,False,False,False,False,,,,,
sv_a,20260828,kosdaq,4,1839.0,-7.135071090047395,-12.909720712717943,False,False,False,False,False,False,,,,,
sv_a,20260828,kosdaq,5,2047.0,-6.323068309070545,-12.097717931741094,False,False,False,False,False,False,,,,,
sv_a,20260828,kosdaq,6,1534.0,0.9735432016075077,-4.80110642106304,True,False,False,False,True,True,,,,,
sv_a,20260828,kosdaq,7,1852.0,-1.0464480874316946,-6.821097710102243,False,False,False,False,False,False,,,,,
sv_a,20260828,kosdaq,8,811.0,-2.497336884154466,-8.271986506825014,False,False,False,False,False,False,,,,,
sv_a,20260828,kosdaq,9,1980.0,37.36610878661087,31.591459163940325,False,False,False,False,False,False,,,,,
sv_a,20260828,kosdaq,10,2248.0,12.100969305331189,6.326319682660641,False,False,False,False,False,False,,,,,
sv_a,20260828,kospi,1,946.0,-4.650943396226414,-2.4150603897375262,False,False,False,False,False,False,,,,,
sv_a,20260828,kospi,2,896.0,18.93127962085307,21.167162627341956,True,True,False,False,True,True,,,,,
sv_a,20260828,kospi,3,472.0,-3.637254901960784,-1.401371895471896,False,False,False,False,False,False,,,,,
sv_a,20260828,kospi,4,495.0,-1.4569377990430672,0.7789452074458207,False,False,False,False,False,False,,,,,
sv_a,20260828,kospi,5,1704.0,-10.211684370257966,-7.9758013637690786,False,False,False,False,False,False,,,,,
sv_a,20260828,kospi,6,1419.0,-3.2149321266968336,-0.9790491202079457,False,False,False,False,False,False,,,,,
sv_a,20260828,kospi,7,324.0,-5.3875096974398735,-3.1516266909509856,False,False,False,False,False,False,,,,,
sv_a,20260828,kospi,8,990.0,-12.824492979719192,-10.588609973230305,False,False,False,False,False,False,,,,,
sv_a,20260828,kospi,9,1513.0,0.04794520547944979,2.2838282119683377,False,False,False,False,False,False,,,,,
sv_a,20260828,kospi,10,2057.0,-11.65618661257607,-9.420303606087181,False,False,False,False,False,False,,,,,
sv_a,20260831,kosdaq,1,1705.0,45.76865671641791,41.37293155364735,False,False,False,False,False,False,,,,,
sv_a,20260831,kosdaq,2,1839.0,-15.223032069970843,-19.618757232741405,False,False,False,False,False,False,,,,,
sv_a,20260831,kosdaq,3,1534.0,-0.9676018704074859,-5.363327033178049,True,False,False,False,True,True,,,,,
sv_a,20260831,kosdaq,4,2248.0,16.541800643086823,12.14607548031626,False,False,False,False,False,False,,,,,
sv_a,20260831,kosdaq,5,1852.0,-1.1915629322268302,-5.587288094997393,False,False,False,False,False,False,,,,,
sv_a,20260831,kosdaq,6,698.0,6.90259740259741,2.506872239826847,True,False,False,True,True,True,,,,,
sv_a,20260831,kosdaq,7,2467.0,13.109467455621305,8.713742292850743,True,True,False,False,True,True,,,,,
sv_a,20260831,kosdaq,8,1980.0,22.606060606060595,18.21033544329003,False,False,False,False,False,False,,,,,
sv_a,20260831,kosdaq,9,2047.0,-9.304347826086957,-13.70007298885752,False,False,False,False,False,False,,,,,
sv_a,20260831,kosdaq,10,728.0,27.34895482130816,22.953229658537595,False,False,False,False,False,False,,,,,
sv_a,20260831,kospi,1,946.0,-6.018269947800147,-3.6131300291560224,False,True,False,False,True,True,,,,,
sv_a,20260831,kospi,2,896.0,17.577803203661325,19.98294312230545,True,False,False,False,True,True,,,,,
sv_a,20260831,kospi,3,472.0,-4.196498054474706,-1.7913581358305812,False,False,False,False,False,False,,,,,
sv_a,20260831,kospi,4,1513.0,-0.9059539918809253,1.4991859267631993,False,False,False,False,False,False,,,,,
sv_a,20260831,kospi,5,495.0,1.2348203221809078,3.6399602408250322,False,False,False,False,False,False,,,,,
sv_a,20260831,kospi,6,2057.0,-12.004424778761058,-9.599284860116933,False,False,False,False,False,False,,,,,
sv_a,20260831,kospi,7,301.0,-7.172932330827065,-4.76779241218294,False,False,False,False,False,False,,,,,
sv_a,20260831,kospi,8,324.0,-4.252931978107898,-1.8477920594637736,False,False,False,False,False,False,,,,,
sv_a,20260831,kospi,9,266.0,4.572463768115942,6.977603686760067,False,False,False,False,False,False,,,,,
sv_a,20260831,kospi,10,282.0,-11.496563573883167,-9.091423655239042,False,False,False,False,False,False,,,,,
sv_a,20260901,kosdaq,1,1705.0,53.99330783938815,43.548137274813044,False,False,False,False,False,False,,,,,
sv_a,20260901,kosdaq,2,2248.0,26.92200328407225,16.476832719497146,False,False,False,False,False,False,,,,,
sv_a,20260901,kosdaq,3,1852.0,-0.5,-10.945170564575106,False,False,False,False,False,False,,,,,
sv_a,20260901,kosdaq,4,1534.0,2.998349834983494,-7.446820729591612,True,False,False,False,True,True,,,,,
sv_a,20260901,kosdaq,5,1839.0,-9.973684210526311,-20.418854775101416,False,False,False,False,False,False,,,,,
sv_a,20260901,kosdaq,6,2047.0,-1.5227272727272751,-11.967897837302381,False,False,False,False,False,False,,,,,
sv_a,20260901,kosdaq,7,2361.0,5.846749226006199,-4.598421338568907,False,False,False,False,False,False,,,,,
sv_a,20260901,kosdaq,8,1179.0,13.986638537271457,3.541467972696351,False,False,False,False,False,False,,,,,
sv_a,20260901,kosdaq,9,2003.0,8.237864077669899,-2.207306486905207,False,False,False,False,False,False,,,,,
sv_a,20260901,kosdaq,10,662.0,1.1774193548387162,-9.267751209736389,False,False,False,False,False,False,,,,,
sv_a,20260901,kospi,1,896.0,28.96859903381642,29.40226974735611,True,False,False,False,True,True,,,,,
sv_a,20260901,kospi,2,472.0,-2.2578125,-1.8241417864603087,False,False,False,False,False,False,,,,,
sv_a,20260901,kospi,3,946.0,0.8589128697042429,1.2925835832439343,False,True,False,False,True,True,,,,,
sv_a,20260901,kospi,4,495.0,3.370162297128599,3.8038330106682907,False,False,False,False,False,False,,,,,
sv_a,20260901,kospi,5,88.0,-3.121722846441943,-2.6880521329022513,False,False,False,False,False,False,,,,,
sv_a,20260901,kospi,6,301.0,-1.4596928982725572,-1.0260221847328659,False,False,False,False,False,False,,,,,
sv_a,20260901,kospi,7,2057.0,-14.40013495276653,-13.96646423922684,False,False,False,False,False,False,,,,,
sv_a,20260901,kospi,8,1501.0,-4.154485049833888,-3.720814336294197,False,False,False,False,False,False,,,,,
sv_a,20260901,kospi,9,324.0,0.1259780907668322,0.5596488043065235,False,False,False,False,False,False,,,,,
sv_a,20260901,kospi,10,195.0,-4.9943820224719095,-4.560711308932218,False,False,False,False,False,False,,,,,
le_a,20260715,kosdaq,1,2508.0,-23.42993630573248,-30.35207233522199,False,False,False,False,False,False,,,,,
le_a,20260715,kosdaq,2,1755.0,13.653132250580036,6.730996221090524,False,False,False,True,False,True,,,,,
le_a,20260715,kosdaq,3,1746.0,-71.96596858638743,-78.88810461587694,True,False,False,False,True,True,,,,,
le_a,20260715,kosdaq,4,2575.0,37.58049535603715,30.658359326547636,False,False,False,False,False,False,,,,,
le_a,20260715,kosdaq,5,2239.0,29.25000000000001,22.3278639705105,True,True,True,True,True,True,,,,,
le_a,20260715,kosdaq,6,1597.0,16.77828746177369,9.856151432284179,True,True,True,False,True,True,,,,,
le_a,20260715,kosdaq,7,903.0,8.81806350858928,1.8959274790997673,False,True,True,True,True,True,,,,,
le_a,20260715,kosdaq,8,1592.0,26.369158878504674,19.447022849015163,False,False,False,True,False,True,,,,,
le_a,20260715,kosdaq,9,1654.0,23.222627737226286,16.300491707736775,False,False,False,True,False,True,,,,,
le_a,20260715,kosdaq,10,2457.0,-18.46875,-25.39088602948951,False,True,False,False,True,True,,,,,
le_a,20260715,kospi,1,338.0,-7.12576687116564,-11.326562433669126,False,False,False,False,False,False,,,,,
le_a,20260715,kospi,2,2050.0,2.3314028314028405,-1.8693927311006462,False,False,False,False,False,False,,,,,
le_a,20260715,kospi,3,2108.0,7.481388690050117,3.2805931275466307,False,False,False,False,False,False,,,,,
le_a,20260715,kospi,4,11.0,-0.9731861198738142,-5.173981682377301,False,False,False,False,False,False,,,,,
le_a,20260715,kospi,5,45.0,13.886317907444667,9.68552234494118,False,False,False,True,False,True,,,,,
le_a,20260715,kospi,6,1153.0,8.417197452229297,4.216401889725811,False,True,False,False,True,True,,,,,
le_a,20260715,kospi,7,370.0,-10.648849797023008,-14.849645359526495,False,True,True,False,True,True,,,,,
le_a,20260715,kospi,8,2019.0,7.305255023183921,3.1044594606804345,False,False,False,False,False,False,,,,,
le_a,20260715,kospi,9,1258.0,12.151413189771187,7.9506176272677,False,True,False,True,True,True,,,,,
le_a,20260715,kospi,10,896.0,-14.568441064638781,-18.76923662714227,True,True,True,False,True,True,,,,,
le_a,20260720,kosdaq,1,2508.0,-22.0034965034965,-34.34321792246745,False,False,False,False,False,False,,,,,
le_a,20260720,kosdaq,2,1755.0,3.8422733077905566,-8.497448111180397,False,False,False,True,False,True,,,,,
le_a,20260720,kosdaq,3,938.0,12.367647058823527,0.027925639852574236,True,False,True,False,True,True,,,,,
le_a,20260720,kosdaq,4,22.0,-27.060636182902588,-39.40035760187354,True,True,False,False,True,True,,,,,
le_a,20260720,kosdaq,5,2239.0,45.72373651334468,33.38401509437373,True,True,True,True,True,True,,,,,
le_a,20260720,kosdaq,6,1597.0,20.15217391304348,7.812452494072527,True,True,False,False,True,True,,,,,
le_a,20260720,kosdaq,7,2575.0,58.57990314769975,46.2401817287288,False,False,False,False,False,False,,,,,
le_a,20260720,kosdaq,8,1654.0,26.415520628683698,14.075799209712745,False,False,False,True,False,True,,,,,
le_a,20260720,kosdaq,9,2081.0,-12.233966745843228,-24.57368816481418,False,False,False,False,False,False,,,,,
le_a,20260720,kosdaq,10,1417.0,22.639277818717762,10.299556399746809,False,False,False,False,False,False,,,,,
le_a,20260720,kospi,1,338.0,-0.910958904109593,-10.036031379676135,False,False,False,False,False,False,,,,,
le_a,20260720,kospi,2,45.0,21.83333333333334,12.708260857766797,False,False,False,True,False,True,,,,,
le_a,20260720,kospi,3,2050.0,8.130136986301373,-0.9949354892651687,False,False,False,False,False,False,,,,,
le_a,20260720,kospi,4,11.0,11.10714285714286,1.9820703815763174,False,True,False,False,True,True,,,,,
le_a,20260720,kospi,5,370.0,-3.033532041728759,-12.1586045172953,False,True,True,False,True,True,,,,,
le_a,20260720,kospi,6,2108.0,17.49130090945038,8.366228433883839,False,False,False,False,False,False,,,,,
le_a,20260720,kospi,7,896.0,2.1905829596412634,-6.934489515925279,True,True,True,False,True,True,,,,,
le_a,20260720,kospi,8,2019.0,12.348689771766697,3.223617296200155,False,False,False,False,False,False,,,,,
le_a,20260720,kospi,9,1153.0,26.030612244897966,16.905539769331426,False,True,False,False,True,True,,,,,
le_a,20260720,kospi,10,859.0,-7.243421052631582,-16.368493528198123,False,False,False,False,False,False,,,,,
le_a,20260721,kosdaq,1,2508.0,-19.641323792486588,-25.967326512752795,False,False,False,False,False,False,,,,,
le_a,20260721,kosdaq,2,1755.0,-8.1271186440678,-14.453121364334006,False,False,False,True,False,True,,,,,
le_a,20260721,kosdaq,3,739.0,16.267676767676765,9.941674047410558,True,False,False,False,True,True,,,,,
le_a,20260721,kosdaq,4,2239.0,34.44623655913978,28.12023383887357,True,True,True,True,True,True,,,,,
le_a,20260721,kosdaq,5,938.0,0.8636363636363668,-5.46236635662984,True,False,True,False,True,True,,,,,
le_a,20260721,kosdaq,6,1746.0,-69.9249649368864,-76.2509676571526,True,False,False,False,True,True,,,,,
le_a,20260721,kosdaq,7,1654.0,12.505272407732859,6.179269687466652,False,False,False,True,False,True,,,,,
le_a,20260721,kosdaq,8,2081.0,-22.994529540481402,-29.32053226074761,False,False,False,False,False,False,,,,,
le_a,20260721,kosdaq,9,1597.0,6.833333333333325,0.5073306130671185,True,True,False,False,True,True,,,,,
le_a,20260721,kosdaq,10,1871.0,-17.979674796747968,-24.305677517014175,True,True,True,False,True,True,,,,,
le_a,20260721,kospi,1,338.0,-9.662303664921467,-13.792404210325909,False,False,False,False,False,False,,,,,
le_a,20260721,kospi,2,45.0,20.225388601036276,16.095288055631833,False,False,False,True,False,True,,,,,
le_a,20260721,kospi,3,2050.0,3.148648648648645,-0.9814518967557961,False,False,False,False,False,False,,,,,
le_a,20260721,kospi,4,370.0,-15.24719101123596,-19.3772915566404,False,True,True,False,True,True,,,,,
le_a,20260721,kospi,5,11.0,-0.5837520938023473,-4.713852639206788,False,False,False,False,False,False,,,,,
le_a,20260721,kospi,6,2108.0,7.123982235381188,2.993881689976747,False,False,False,False,False,False,,,,,
le_a,20260721,kospi,7,896.0,-7.447368421052635,-11.577468966457076,True,True,True,False,True,True,,,,,
le_a,20260721,kospi,8,278.0,-0.37908101571947306,-4.509181561123914,False,False,False,False,False,False,,,,,
le_a,20260721,kospi,9,433.0,17.056468172484596,12.926367627080154,False,False,False,False,False,False,,,,,
le_a,20260721,kospi,10,2161.0,7.564516129032251,3.4344155836278096,False,False,False,False,False,False,,,,,
le_a,20260722,kosdaq,1,2508.0,-15.444649446494463,-24.169362211850274,False,False,False,False,False,False,,,,,
le_a,20260722,kosdaq,2,1755.0,-10.585054678007289,-19.3097674433631,False,False,False,True,False,True,,,,,
le_a,20260722,kosdaq,3,2239.0,44.98022598870056,36.25551322334475,True,True,True,True,True,True,,,,,
le_a,20260722,kosdaq,4,1746.0,-67.81634182908546,-76.54105459444128,True,False,False,False,True,True,,,,,
le_a,20260722,kosdaq,5,739.0,19.009803921568626,10.285091156212815,True,False,False,False,True,True,,,,,
le_a,20260722,kosdaq,6,2081.0,-28.770042194092827,-37.49475495944864,False,False,False,False,False,False,,,,,
le_a,20260722,kosdaq,7,1356.0,-0.5,-9.224712765355811,False,True,True,False,True,True,,,,,
le_a,20260722,kosdaq,8,1871.0,-16.896761133603245,-25.621473898959056,True,True,True,False,True,True,,,,,
le_a,20260722,kosdaq,9,2326.0,-39.822381930184804,-48.547094695540615,True,True,True,False,True,True,,,,,
le_a,20260722,kosdaq,10,1654.0,23.86647173489279,15.14175896953698,False,False,False,True,False,True,,,,,
le_a,20260722,kospi,1,338.0,-4.616865869853914,-10.01548438480028,False,False,False,False,False,False,,,,,
le_a,20260722,kospi,2,45.0,14.915821501014193,9.517202986067828,False,False,False,True,False,True,,,,,
le_a,20260722,kospi,3,2050.0,7.472027972027961,2.0734094570815955,False,False,False,False,False,False,,,,,
le_a,20260722,kospi,4,370.0,-5.291344667697062,-10.689963182643428,False,True,True,False,True,True,,,,,
le_a,20260722,kospi,5,1153.0,33.32899628252789,27.930377767581525,False,True,False,False,True,True,,,,,
le_a,20260722,kospi,6,11.0,-6.184547638110493,-11.583166153056858,False,True,False,False,True,True,,,,,
le_a,20260722,kospi,7,896.0,2.703661327231111,-2.6949571877152545,True,True,True,False,True,True,,,,,
le_a,20260722,kospi,8,2108.0,4.963270579549651,-0.4353479353967149,False,False,False,False,False,False,,,,,
le_a,20260722,kospi,9,278.0,-0.976758045292014,-6.375376560238379,False,False,False,False,False,False,,,,,
le_a,20260722,kospi,10,433.0,24.550505050505055,19.15188653555869,False,False,False,False,False,False,,,,,
le_a,20260723,kosdaq,1,2508.0,-25.320143884892087,-27.138208960640515,False,False,False,False,False,False,,,,,
le_a,20260723,kosdaq,2,739.0,11.988174077578051,10.170109001829623,True,False,False,False,True,True,,,,,
le_a,20260723,kosdaq,3,1755.0,-24.708144796380093,-26.526209872128522,False,False,False,True,False,True,,,,,
le_a,20260723,kosdaq,4,1356.0,-18.22388059701493,-20.041945672763358,False,True,True,False,True,True,,,,,
le_a,20260723,kosdaq,5,1746.0,-59.2183308494784,-61.03639592522683,True,False,False,False,True,True,,,,,
le_a,20260723,kosdaq,6,2239.0,26.25675675675675,24.438691681008322,True,True,True,True,True,True,,,,,
le_a,20260723,kosdaq,7,2081.0,-30.676211453744497,-32.49427652949293,False,False,False,False,False,False,,,,,
le_a,20260723,kosdaq,8,1871.0,-22.575471698113205,-24.393536773861634,True,True,True,False,True,True,,,,,
le_a,20260723,kosdaq,9,2326.0,-43.13157894736842,-44.949644023116846,True,True,True,False,True,True,,,,,
le_a,20260723,kosdaq,10,1624.0,-4.396103896103897,-6.214168971852326,False,False,False,True,False,True,,,,,
le_a,20260723,kospi,1,338.0,-12.264705882352944,-11.8109584390691,False,False,False,False,False,False,,,,,
le_a,20260723,kospi,2,45.0,-1.8084112149532756,-1.3546637716694316,False,False,False,True,False,True,,,,,
le_a,20260723,kospi,3,2050.0,4.691256830601088,5.145004273884932,False,False,False,False,False,False,,,,,
le_a,20260723,kospi,4,370.0,-14.515748031496067,-14.062000588212223,False,True,True,False,True,True,,,,,
le_a,20260723,kospi,5,11.0,-14.671974522292997,-14.218227079009154,False,True,False,False,True,True,,,,,
le_a,20260723,kospi,6,1153.0,20.729698375870075,21.18344581915392,False,True,False,False,True,True,,,,,
le_a,20260723,kospi,7,2019.0,-16.804347826086953,-16.35060038280311,False,False,False,False,False,False,,,,,
le_a,20260723,kospi,8,2108.0,-5.559316120027912,-5.105568676744068,False,False,False,False,False,False,,,,,
le_a,20260723,kospi,9,433.0,21.1322517207473,21.585999164031143,False,False,False,False,False,False,,,,,
le_a,20260723,kospi,10,896.0,-0.029411764705888476,0.42433567857795557,True,True,True,False,True,True,,,,,
le_a,20260724,kosdaq,1,2508.0,-26.11837455830389,-30.181678709800238,False,False,False,False,False,False,,,,,
le_a,20260724,kosdaq,2,1356.0,-7.959677419354838,-12.022981570851183,False,True,True,False,True,True,,,,,
le_a,20260724,kosdaq,3,1871.0,-9.792035398230093,-13.855339549726438,True,True,True,False,True,True,,,,,
le_a,20260724,kosdaq,4,1624.0,13.42111368909512,9.357809537598776,False,False,False,True,False,True,,,,,
le_a,20260724,kosdaq,5,1755.0,-26.421908893709322,-30.48521304520567,False,False,False,True,False,True,,,,,
le_a,20260724,kosdaq,6,2239.0,31.667431192660544,27.604127041164197,True,True,True,True,True,True,,,,,
le_a,20260724,kosdaq,7,739.0,14.285992217898825,10.22268806640248,True,False,False,False,True,True,,,,,
le_a,20260724,kosdaq,8,1597.0,-2.8112480739599373,-6.8745522254562825,True,True,True,False,True,True,,,,,
le_a,20260724,kosdaq,9,1654.0,19.537105751391458,15.473801599895111,False,False,False,True,False,True,,,,,
le_a,20260724,kosdaq,10,1746.0,-59.98963317384371,-64.05293732534005,True,False,False,False,True,True,,,,,
le_a,20260724,kospi,1,338.0,-7.833333333333337,-9.224203610898428,False,False,False,False,False,False,,,,,
le_a,20260724,kospi,2,45.0,-2.8126734505087843,-4.203543728073875,False,False,False,True,False,True,,,,,
le_a,20260724,kospi,3,2050.0,14.36676016830295,12.975889890737859,False,False,False,False,False,False,,,,,
le_a,20260724,kospi,4,370.0,-4.990500863557855,-6.381371141122946,False,True,True,False,True,True,,,,,
le_a,20260724,kospi,5,11.0,-13.351405622489965,-14.742275900055056,False,True,False,False,True,True,,,,,
le_a,20260724,kospi,6,1153.0,44.95454545454546,43.56367517698037,False,True,False,False,True,True,,,,,
le_a,20260724,kospi,7,2019.0,-7.590643274853804,-8.981513552418894,False,False,False,False,False,False,,,,,
le_a,20260724,kospi,8,433.0,24.05977757182577,22.668907294260677,False,False,False,False,False,False,,,,,
le_a,20260724,kospi,9,2035.0,2.2859237536656867,0.8950534761005959,False,True,False,False,True,True,,,,,
le_a,20260724,kospi,10,2536.0,-14.14205256570713,-15.532922843272221,True,True,True,False,True,True,,,,,
le_a,20260727,kosdaq,1,1356.0,10.66279069767443,1.1556649457676507,False,True,True,False,True,True,,,,,
le_a,20260727,kosdaq,2,2508.0,-21.215630885122415,-30.722756637029192,False,False,False,False,False,False,,,,,
le_a,20260727,kosdaq,3,1654.0,6.772727272727275,-2.7343984791795037,False,False,False,True,False,True,,,,,
le_a,20260727,kosdaq,4,2239.0,43.801470588235304,34.29434483632853,True,True,True,True,True,True,,,,,
le_a,20260727,kosdaq,5,1624.0,29.730125523012564,20.222999771105783,False,False,False,True,False,True,,,,,
le_a,20260727,kosdaq,6,2081.0,-22.66748768472906,-32.17461343663584,False,False,False,False,False,False,,,,,
le_a,20260727,kosdaq,7,1597.0,15.16901408450705,5.66188833260027,True,True,False,False,True,True,,,,,
le_a,20260727,kosdaq,8,1755.0,-26.94889357218124,-36.45601932408802,False,False,False,True,False,True,,,,,
le_a,20260727,kosdaq,9,739.0,24.754582484725052,15.247456732818273,True,False,False,False,True,True,,,,,
le_a,20260727,kosdaq,10,1417.0,27.144787644787638,17.637661892880857,False,False,False,False,False,False,,,,,
le_a,20260727,kospi,1,338.0,1.0602836879432536,-5.693488774861513,False,False,False,False,False,False,,,,,
le_a,20260727,kospi,2,45.0,21.778225806451623,15.024453343646856,False,False,False,True,False,True,,,,,
le_a,20260727,kospi,3,370.0,9.42366412213741,2.6698916593326434,False,True,True,False,True,True,,,,,
le_a,20260727,kospi,4,2050.0,24.82005689900427,18.066284436199503,False,False,False,False,False,False,,,,,
le_a,20260727,kospi,5,11.0,-2.9800708591674048,-9.733843321972172,False,True,False,False,True,True,,,,,
le_a,20260727,kospi,6,1258.0,5.088235294117649,-1.6655371686871172,False,True,False,True,True,True,,,,,
le_a,20260727,kospi,7,2019.0,2.322273073989323,-4.4314993888154435,False,False,False,False,False,False,,,,,
le_a,20260727,kospi,8,1434.0,9.171179883945834,2.4174074211410677,False,False,False,False,False,False,,,,,
le_a,20260727,kospi,9,2035.0,19.66528925619834,12.911516793393572,False,True,False,False,True,True,,,,,
le_a,20260727,kospi,10,433.0,41.208043694141004,34.454271231336236,False,False,False,False,False,False,,,,,
le_a,20260728,kosdaq,1,1356.0,34.184453565931236,19.682127721018404,False,True,True,False,True,True,,,,,
le_a,20260728,kosdaq,2,739.0,34.658817086527925,20.156491241615093,True,False,False,False,True,True,,,,,
le_a,20260728,kosdaq,3,2508.0,-17.95098039215687,-32.4533062370697,False,False,False,False,False,False,,,,,
le_a,20260728,kosdaq,4,1654.0,17.053191489361698,2.5508656444488658,False,False,False,True,False,True,,,,,
le_a,20260728,kosdaq,5,1624.0,41.59039548022599,27.08806963531316,False,True,False,True,True,True,,,,,
le_a,20260728,kosdaq,6,2239.0,54.80047265361242,40.298146808699585,True,True,True,True,True,True,,,,,
le_a,20260728,kosdaq,7,2081.0,-17.0337586390218,-31.536084483934633,False,False,False,False,False,False,,,,,
le_a,20260728,kosdaq,8,1755.0,-7.504830917874394,-22.007156762787226,False,False,False,True,False,True,,,,,
le_a,20260728,kosdaq,9,1331.0,28.870629370629374,14.368303525716541,False,True,False,False,True,True,,,,,
le_a,20260728,kosdaq,10,1597.0,21.66117216117217,7.158846316259339,True,True,False,False,True,True,,,,,
le_a,20260728,kospi,1,338.0,9.002262443438925,-3.2612537497799714,False,False,False,False,False,False,,,,,
le_a,20260728,kospi,2,1434.0,16.670329670329675,4.406813477110779,False,False,False,False,False,False,,,,,
le_a,20260728,kospi,3,45.0,37.05274261603376,24.789226422814863,False,False,False,True,False,True,,,,,
le_a,20260728,kospi,4,2050.0,33.84650455927051,21.58298836605161,False,False,False,False,False,False,,,,,
le_a,20260728,kospi,5,11.0,8.961966604823745,-3.301549588395151,False,True,False,False,True,True,,,,,
le_a,20260728,kospi,6,370.0,22.236842105263165,9.973325912044269,False,True,True,False,True,True,,,,,
le_a,20260728,kospi,7,2019.0,12.06038647342994,-0.2031297197889561,False,False,False,False,False,False,,,,,
le_a,20260728,kospi,8,1782.0,16.63665943600868,4.373143242789785,False,True,True,False,True,True,,,,,
le_a,20260728,kospi,9,2108.0,19.801075268817215,7.537559075598319,False,True,False,False,True,True,,,,,
le_a,20260728,kospi,10,2035.0,21.83333333333334,9.569817140114443,False,True,False,False,True,True,,,,,
le_a,20260729,kosdaq,1,1356.0,57.83333333333333,27.312386764143625,False,True,True,False,True,True,,,,,
le_a,20260729,kosdaq,2,2508.0,-0.9566210045662157,-31.47756757375592,False,False,False,False,False,False,,,,,
le_a,20260729,kosdaq,3,739.0,62.917890520694264,32.39694395150456,True,False,False,False,True,True,,,,,
le_a,20260729,kosdaq,4,1654.0,28.432038834951456,-2.088907734238248,False,False,False,True,False,True,,,,,
le_a,20260729,kosdaq,5,1624.0,58.8198992443325,28.298952675142793,False,True,False,True,True,True,,,,,
le_a,20260729,kosdaq,6,2239.0,79.37567987567988,48.854733306490175,True,True,True,True,True,True,,,,,
le_a,20260729,kosdaq,7,2081.0,3.806864064602967,-26.714082504586738,False,False,False,False,False,False,,,,,
le_a,20260729,kosdaq,8,1331.0,40.05265123226288,9.531704663073178,False,True,False,False,True,True,,,,,
le_a,20260729,kosdaq,9,1755.0,3.0110533159947943,-27.50989325319491,False,False,False,True,False,True,,,,,
le_a,20260729,kosdaq,10,1417.0,64.43256262042388,33.911616051234176,False,False,False,False,False,False,,,,,
le_a,20260729,kospi,1,338.0,21.872881355932204,0.2177048135145725,False,False,False,False,False,False,,,,,
le_a,20260729,kospi,2,2050.0,37.0,15.344823457582368,False,False,False,False,False,False,,,,,
le_a,20260729,kospi,3,1434.0,24.93859649122806,3.2834199488104296,False,False,False,False,False,False,,,,,
le_a,20260729,kospi,4,11.0,25.172877846790886,3.5177013043732543,False,True,False,False,True,True,,,,,
le_a,20260729,kospi,5,2019.0,19.465870307167233,-2.189306235250399,False,False,False,False,False,False,,,,,
le_a,20260729,kospi,6,370.0,55.45390524967989,33.798728707262256,False,True,True,False,True,True,,,,,
le_a,20260729,kospi,7,45.0,60.521170610211705,38.86599406779408,False,False,False,True,False,True,,,,,
le_a,20260729,kospi,8,2108.0,56.91308793456032,35.25791139214269,False,True,False,False,True,True,,,,,
le_a,20260729,kospi,9,1782.0,45.240498034076005,23.585321491658373,False,True,True,False,True,True,,,,,
le_a,20260729,kospi,10,432.0,37.8984867591425,16.24331021672487,False,True,False,False,True,True,,,,,
le_a,20260730,kosdaq,1,1356.0,26.733351380617222,4.001526267901422,False,True,True,False,True,True,,,,,
le_a,20260730,kosdaq,2,739.0,52.0609756097561,29.3291504970403,True,False,False,False,True,True,,,,,
le_a,20260730,kosdaq,3,2508.0,-5.241379310344828,-27.97320442306063,False,False,False,False,False,False,,,,,
le_a,20260730,kosdaq,4,1654.0,32.067049808429125,9.335224695713325,False,False,False,True,False,True,,,,,
le_a,20260730,kosdaq,5,1755.0,9.799869621903524,-12.931955490812276,False,False,False,False,False,False,,,,,
le_a,20260730,kosdaq,6,1624.0,30.543956043956044,7.812130931240244,False,True,False,True,True,True,,,,,
le_a,20260730,kosdaq,7,2239.0,62.862701908957405,40.13087679624161,True,False,True,True,True,True,,,,,
le_a,20260730,kosdaq,8,2081.0,-2.547344849648114,-25.279169962363913,False,False,False,False,False,False,,,,,
le_a,20260730,kosdaq,9,2457.0,9.395833333333325,-13.335991779382475,False,False,False,False,False,False,,,,,
le_a,20260730,kosdaq,10,1417.0,41.86453201970443,19.132706906988627,False,False,False,False,False,False,,,,,
le_a,20260730,kospi,1,338.0,12.116822429906538,-2.764821214395969,False,False,False,False,False,False,,,,,
le_a,20260730,kospi,2,2019.0,13.238551207327232,-1.6430924369752749,False,False,False,False,False,False,,,,,
le_a,20260730,kospi,3,2050.0,43.269470404984425,28.387826760681918,False,False,False,False,False,False,,,,,
le_a,20260730,kospi,4,2108.0,44.133027522935784,29.251383878633277,False,True,False,False,True,True,,,,,
le_a,20260730,kospi,5,11.0,15.200934579439263,0.3192909351367561,False,True,False,False,True,True,,,,,
le_a,20260730,kospi,6,370.0,37.660919540229884,22.779275895927377,False,True,True,False,True,True,,,,,
le_a,20260730,kospi,7,1434.0,15.760162601626016,0.878518957323509,False,False,False,False,False,False,,,,,
le_a,20260730,kospi,8,45.0,50.26023391812865,35.37859027382614,False,False,False,True,False,True,,,,,
le_a,20260730,kospi,9,432.0,28.95081472540736,14.069171081104852,False,True,False,False,True,True,,,,,
le_a,20260730,kospi,10,896.0,11.71881390593047,-3.1628297383720376,True,True,True,False,True,True,,,,,
le_a,20260731,kosdaq,1,1654.0,16.99174917491749,1.4665110673596509,False,False,False,True,False,True,,,,,
le_a,20260731,kosdaq,2,1356.0,21.00259067357514,5.477352566017299,False,True,True,False,True,True,,,,,
le_a,20260731,kosdaq,3,2508.0,-10.499999999999998,-26.02523810755784,False,False,False,False,False,False,,,,,
le_a,20260731,kosdaq,4,739.0,29.8370786516854,14.31184054412756,True,False,False,False,True,True,,,,,
le_a,20260731,kosdaq,5,1624.0,24.896825396825395,9.371587289267556,True,True,False,True,True,True,,,,,
le_a,20260731,kosdaq,6,1755.0,16.798578199052137,1.2733400914942976,False,False,False,False,False,False,,,,,
le_a,20260731,kosdaq,7,710.0,22.405759162303664,6.880521054745824,False,False,False,False,False,False,,,,,
le_a,20260731,kosdaq,8,2457.0,3.1277602523659307,-12.397477855191909,True,True,False,False,True,True,,,,,
le_a,20260731,kosdaq,9,2575.0,51.90328253223916,36.37804442468132,False,False,False,False,False,False,,,,,
le_a,20260731,kosdaq,10,1597.0,8.63884007029877,-6.88639803725907,True,True,False,False,True,True,,,,,
le_a,20260731,kospi,1,338.0,2.6203566121842385,-9.716525413875766,False,False,False,False,False,False,,,,,
le_a,20260731,kospi,2,1845.0,26.950980392156854,14.614098366096849,True,True,True,False,True,True,,,,,
le_a,20260731,kospi,3,2108.0,14.122823984526123,1.7859419584661183,False,True,False,False,True,True,,,,,
le_a,20260731,kospi,4,2050.0,38.571856287425156,26.234974261365153,False,False,False,False,False,False,,,,,
le_a,20260731,kospi,5,432.0,14.777777777777768,2.440895751717763,False,True,False,False,True,True,,,,,
le_a,20260731,kospi,6,2019.0,5.969648562300323,-6.367233463759682,False,False,False,False,False,False,,,,,
le_a,20260731,kospi,7,370.0,34.82008830022075,22.48320627416075,False,True,True,False,True,True,,,,,
le_a,20260731,kospi,8,1434.0,6.976038338658153,-5.360843687401852,False,False,False,False,False,False,,,,,
le_a,20260731,kospi,9,45.0,29.976190476190478,17.63930845013047,False,True,False,True,True,True,,,,,
le_a,20260731,kospi,10,1782.0,12.854363827549953,0.5174818014899483,False,True,True,False,True,True,,,,,
le_a,20260803,kosdaq,1,1654.0,2.1234567901234573,-8.266753226457723,False,False,False,True,False,True,,,,,
le_a,20260803,kosdaq,2,1356.0,7.338479809976251,-3.0517302066049297,False,True,True,False,True,True,,,,,
le_a,20260803,kosdaq,3,739.0,9.643442622950815,-0.7467673936303658,True,False,False,False,True,True,,,,,
le_a,20260803,kosdaq,4,2508.0,-14.257700205338807,-24.647910221919986,False,False,False,False,False,False,,,,,
le_a,20260803,kosdaq,5,1597.0,-3.6948881789137347,-14.085098195494915,True,True,False,False,True,True,,,,,
le_a,20260803,kosdaq,6,1331.0,1.913366336633671,-8.47684367994751,True,True,False,False,True,True,,,,,
le_a,20260803,kosdaq,7,1624.0,11.673038229376253,1.2828282127950725,True,True,False,True,True,True,,,,,
le_a,20260803,kosdaq,8,1755.0,21.529702970297027,11.139492953715846,False,False,False,False,False,False,,,,,
le_a,20260803,kosdaq,9,1711.0,-9.014492753623193,-19.404702770204374,False,False,False,False,False,False,,,,,
le_a,20260803,kosdaq,10,1592.0,43.49141630901286,33.101206292431684,False,False,False,False,False,False,,,,,
le_a,20260803,kospi,1,338.0,3.5238450074515657,-7.574364967197841,False,False,False,False,False,False,,,,,
le_a,20260803,kospi,2,1845.0,22.245098039215694,11.146888064566287,True,True,True,False,True,True,,,,,
le_a,20260803,kospi,3,2108.0,7.620133481646263,-3.478076493003144,False,True,False,False,True,True,,,,,
le_a,20260803,kospi,4,432.0,3.730377166156974,-7.367832808492434,False,True,False,False,True,True,,,,,
le_a,20260803,kospi,5,2019.0,1.9505928853755021,-9.147617089273904,False,False,False,False,False,False,,,,,
le_a,20260803,kospi,6,370.0,23.250000000000004,12.151790025350596,False,True,True,False,True,True,,,,,
le_a,20260803,kospi,7,1434.0,5.882978723404253,-5.215231251245154,False,False,False,False,False,False,,,,,
le_a,20260803,kospi,8,2050.0,28.604477611940304,17.506267637290897,False,False,False,False,False,False,,,,,
le_a,20260803,kospi,9,45.0,23.54933196300103,12.451121988351623,False,True,False,True,True,True,,,,,
le_a,20260803,kospi,10,330.0,41.92803504380475,30.82982506915534,False,False,False,False,False,False,,,,,
le_a,20260804,kosdaq,1,1356.0,-3.3953229398663733,-4.079813890305988,False,True,True,False,True,True,,,,,
le_a,20260804,kosdaq,2,2508.0,-28.94827586206896,-29.632766812508574,False,False,False,False,False,False,,,,,
le_a,20260804,kosdaq,3,739.0,-7.342105263157894,-8.026596213597509,True,False,False,False,True,True,,,,,
le_a,20260804,kosdaq,4,1654.0,16.69858156028369,16.014090609844075,False,False,False,True,False,True,,,,,
le_a,20260804,kosdaq,5,1597.0,-11.392586989409981,-12.077077939849596,True,True,False,False,True,True,,,,,
le_a,20260804,kosdaq,6,1755.0,15.881418092909538,15.196927142469923,False,False,False,False,False,False,,,,,
le_a,20260804,kosdaq,7,1624.0,12.0,11.315509049560385,True,True,False,True,True,True,,,,,
le_a,20260804,kosdaq,8,1331.0,-8.823632130384173,-9.508123080823788,True,True,False,False,True,True,,,,,
le_a,20260804,kosdaq,9,1234.0,0.7207527975584886,0.036261847118873924,True,True,False,False,True,True,,,,,
le_a,20260804,kosdaq,10,2580.0,-11.7,-12.384490950439615,False,True,False,False,True,True,,,,,
le_a,20260804,kospi,1,432.0,-6.186746987951807,-9.457579399447177,False,True,False,False,True,True,,,,,
le_a,20260804,kospi,2,338.0,-7.672995780590719,-10.94382819208609,False,False,False,False,False,False,,,,,
le_a,20260804,kospi,3,1845.0,13.059322033898313,9.788489622402944,True,True,True,False,True,True,,,,,
le_a,20260804,kospi,4,2108.0,-3.8216783216783226,-7.092510733173691,False,True,False,False,True,True,,,,,
le_a,20260804,kospi,5,370.0,6.80337078651686,3.5325383750214905,False,True,True,False,True,True,,,,,
le_a,20260804,kospi,6,1434.0,-6.852941176470583,-10.123773587965953,False,False,False,False,False,False,,,,,
le_a,20260804,kospi,7,1782.0,-4.604477611940293,-7.875310023435663,False,True,True,False,True,True,,,,,
le_a,20260804,kospi,8,2050.0,14.926997245179063,11.656164833683693,False,False,False,False,False,False,,,,,
le_a,20260804,kospi,9,896.0,-1.885681293302543,-5.156513704797913,True,True,True,False,True,True,,,,,
le_a,20260804,kospi,10,2017.0,-1.6792452830188704,-4.95007769451424,False,False,False,False,False,False,,,,,
le_a,20260805,kosdaq,1,1356.0,-2.1241299303944357,-0.34920673692894866,False,True,True,False,True,True,,,,,
le_a,20260805,kosdaq,2,2508.0,-24.536697247706417,-22.76177405424093,False,False,False,False,False,False,,,,,
le_a,20260805,kosdaq,3,1654.0,15.57142857142858,17.346351764894067,False,False,False,True,False,True,,,,,
le_a,20260805,kosdaq,4,1597.0,-20.3019801980198,-18.52705700455431,True,True,False,False,True,True,,,,,
le_a,20260805,kosdaq,5,1234.0,1.6052631578947434,3.3801863513602304,True,True,False,False,True,True,,,,,
le_a,20260805,kosdaq,6,739.0,-7.166666666666666,-5.3917434732011795,True,False,False,True,True,True,,,,,
le_a,20260805,kosdaq,7,1331.0,-17.628321085358955,-15.853397891893469,True,True,False,False,True,True,,,,,
le_a,20260805,kosdaq,8,1624.0,9.844827586206895,11.619750779672382,True,True,False,True,True,True,,,,,
le_a,20260805,kosdaq,9,2457.0,-4.40625,-2.631326806534513,True,True,False,False,True,True,,,,,
le_a,20260805,kosdaq,10,2239.0,-1.4066666666666667,0.36825652679882026,True,True,True,True,True,True,,,,,
le_a,20260805,kospi,1,338.0,-4.268115942028982,-7.1533877184014685,False,False,False,False,False,False,,,,,
le_a,20260805,kospi,2,432.0,-7.921686746987955,-10.806958523360443,False,True,False,False,True,True,,,,,
le_a,20260805,kospi,3,1845.0,11.354684512428303,8.469412736055816,True,True,True,False,True,True,,,,,
le_a,20260805,kospi,4,2108.0,-8.283417935702197,-11.168689712074684,False,True,False,False,True,True,,,,,
le_a,20260805,kospi,5,2050.0,10.428961748633869,7.543689972261382,False,False,False,False,False,False,,,,,
le_a,20260805,kospi,6,1098.0,11.043062200956932,8.157790424584444,False,True,False,False,True,True,,,,,
le_a,20260805,kospi,7,1488.0,11.235537190082646,8.350265413710158,False,True,False,False,True,True,,,,,
le_a,20260805,kospi,8,896.0,2.433985330073341,-0.4512864462991457,True,True,True,False,True,True,,,,,
le_a,20260805,kospi,9,1434.0,-7.0697674418604635,-9.955039218232951,False,False,False,False,False,False,,,,,
le_a,20260805,kospi,10,768.0,3.9854881266490847,1.100216350276598,False,False,False,False,False,False,,,,,
le_a,20260806,kosdaq,1,343.0,-0.20414201183432912,-0.6393946930090304,False,False,False,False,False,False,,,,,
le_a,20260806,kosdaq,2,2508.0,-12.820328542094462,-13.255581223269163,False,False,False,False,False,False,,,,,
le_a,20260806,kosdaq,3,1597.0,-13.27533039647577,-13.71058307765047,True,True,False,False,True,True,,,,,
le_a,20260806,kosdaq,4,1356.0,3.2383177570093467,2.8030650758346454,False,True,True,False,True,True,,,,,
le_a,20260806,kosdaq,5,1654.0,17.253623188405786,16.818370507231084,False,False,False,True,False,True,,,,,
le_a,20260806,kosdaq,6,1234.0,3.748704663212433,3.3134519820377317,True,True,False,False,True,True,,,,,
le_a,20260806,kosdaq,7,1755.0,45.0223880597015,44.587135378526796,False,False,False,False,False,False,,,,,
le_a,20260806,kosdaq,8,1331.0,-11.78031584884377,-12.215568530018471,True,True,False,False,True,True,,,,,
le_a,20260806,kosdaq,9,2081.0,-7.631011608623551,-8.066264289798251,False,False,False,False,False,False,,,,,
le_a,20260806,kosdaq,10,739.0,-6.011111111111111,-6.446363792285812,True,False,False,True,True,True,,,,,
le_a,20260806,kospi,1,338.0,-1.0772005772005762,-3.6592097320705403,False,False,False,False,False,False,,,,,
le_a,20260806,kospi,2,432.0,-5.694174757281555,-8.27618391215152,False,True,False,False,True,True,,,,,
le_a,20260806,kospi,3,2108.0,-4.302816901408446,-6.88482605627841,False,True,False,False,True,True,,,,,
le_a,20260806,kospi,4,83.0,-2.2921146953404965,-4.874123850210461,False,True,True,False,True,True,,,,,
le_a,20260806,kospi,5,1845.0,12.071428571428566,9.4894194165586,True,False,True,False,True,True,,,,,
le_a,20260806,kospi,6,896.0,13.643920595533487,11.061911440663522,True,True,True,False,True,True,,,,,
le_a,20260806,kospi,7,549.0,-9.609947643979055,-12.19195679884902,False,False,False,False,False,False,,,,,
le_a,20260806,kospi,8,1098.0,13.811270125223619,11.229260970353653,False,True,False,False,True,True,,,,,
le_a,20260806,kospi,9,2050.0,4.28723404255319,1.7052248876832259,False,False,False,False,False,False,,,,,
le_a,20260806,kospi,10,452.0,-2.930555555555558,-5.512564710425522,False,True,True,False,True,True,,,,,
le_a,20260807,kosdaq,1,343.0,6.978005865102633,5.374104383354609,False,False,False,False,False,False,,,,,
le_a,20260807,kosdaq,2,2508.0,-4.764392324093813,-6.368293805841837,False,False,False,False,False,False,,,,,
le_a,20260807,kosdaq,3,1597.0,-5.529585798816571,-7.133487280564594,True,True,False,False,True,True,,,,,
le_a,20260807,kosdaq,4,1356.0,11.79314420803782,10.189242726289796,False,True,True,False,True,True,,,,,
le_a,20260807,kosdaq,5,1654.0,16.66814159292035,15.064240111172326,False,False,False,True,False,True,,,,,
le_a,20260807,kosdaq,6,2081.0,-8.316091954022987,-9.91999343577101,False,False,False,False,False,False,,,,,
le_a,20260807,kosdaq,7,1234.0,5.500000000000005,3.8960985182519816,True,True,False,False,True,True,,,,,
le_a,20260807,kosdaq,8,1624.0,26.134382566585945,24.53048108483792,True,True,False,True,True,True,,,,,
le_a,20260807,kosdaq,9,1331.0,-13.952188006482979,-15.556089488231002,True,True,False,False,True,True,,,,,
le_a,20260807,kosdaq,10,1645.0,-22.397810218978098,-24.001711700726123,True,True,True,False,True,True,,,,,
le_a,20260807,kospi,1,432.0,-0.9807692307692292,-4.022234795584605,False,True,False,False,True,True,,,,,
le_a,20260807,kospi,2,338.0,0.6661807580174877,-2.3752848067978887,False,False,False,False,False,False,,,,,
le_a,20260807,kospi,3,2108.0,-0.059620596205955514,-3.101086161021332,False,True,False,False,True,True,,,,,
le_a,20260807,kospi,4,83.0,2.7432432432432323,-0.298222321572144,False,True,True,False,True,True,,,,,
le_a,20260807,kospi,5,45.0,14.445652173913038,11.40418660909766,False,True,False,True,True,True,,,,,
le_a,20260807,kospi,6,1098.0,16.775943396226424,13.734477831411048,False,True,False,False,True,True,,,,,
le_a,20260807,kospi,7,896.0,22.266717713118933,19.225252148303557,True,True,True,False,True,True,,,,,
le_a,20260807,kospi,8,452.0,4.895683453237421,1.8542178884220446,False,True,True,False,True,True,,,,,
le_a,20260807,kospi,9,768.0,10.066037735849054,7.024572171033678,False,False,False,False,False,False,,,,,
le_a,20260807,kospi,10,370.0,-9.24125874125874,-12.282724306074115,False,True,True,False,True,True,,,,,
le_a,20260810,kosdaq,1,343.0,3.5960451977401173,7.2435480740817555,False,False,False,False,False,False,,,,,
le_a,20260810,kosdaq,2,2508.0,-8.378787878787875,-4.731285002446237,False,False,False,False,False,False,,,,,
le_a,20260810,kosdaq,3,2081.0,-25.160974384731293,-21.513471508389657,False,False,False,False,False,False,,,,,
le_a,20260810,kosdaq,4,1654.0,13.36138613861385,17.00888901495549,False,False,False,True,False,True,,,,,
le_a,20260810,kosdaq,5,1597.0,-10.745310245310247,-7.097807368968608,True,True,False,False,True,True,,,,,
le_a,20260810,kosdaq,6,1356.0,-0.5,3.147502876341638,False,True,True,False,True,True,,,,,
le_a,20260810,kosdaq,7,1234.0,1.8983315954118956,5.545834471753533,True,False,False,False,True,True,,,,,
le_a,20260810,kosdaq,8,2457.0,17.049668874172173,20.69717175051381,True,True,False,False,True,True,,,,,
le_a,20260810,kosdaq,9,1592.0,12.339059674502717,15.986562550844356,False,False,False,False,False,False,,,,,
le_a,20260810,kosdaq,10,1624.0,12.027472527472527,15.674975403814166,True,True,False,True,True,True,,,,,
le_a,20260810,kospi,1,338.0,-4.995912806539515,-5.441225884795855,False,False,False,False,False,False,,,,,
le_a,20260810,kospi,2,432.0,-3.1699029126213576,-3.6152159908776973,False,True,False,False,True,True,,,,,
le_a,20260810,kospi,3,83.0,-0.32578397212542587,-0.7710970503817653,False,True,True,False,True,True,,,,,
le_a,20260810,kospi,4,2108.0,-1.7887495646116354,-2.2340626428679746,False,True,False,False,True,True,,,,,
le_a,20260810,kospi,5,1098.0,8.798531810766718,8.35321873251038,False,True,False,False,True,True,,,,,
le_a,20260810,kospi,6,278.0,-5.6724137931034475,-6.117726871359787,False,False,False,False,False,False,,,,,
le_a,20260810,kospi,7,1488.0,8.126198083067083,7.680885004810743,False,True,False,False,True,True,,,,,
le_a,20260810,kospi,8,896.0,20.240740740740748,19.795427662484407,True,True,True,False,True,True,,,,,
le_a,20260810,kospi,9,1782.0,-12.22291296625222,-12.66822604450856,False,True,True,False,True,True,,,,,
le_a,20260810,kospi,10,45.0,16.821428571428577,16.376115493172236,False,True,False,True,True,True,,,,,
le_a,20260811,kosdaq,1,343.0,5.75,9.84458734646601,False,False,False,False,False,False,,,,,
le_a,20260811,kosdaq,2,2508.0,-8.618811881188115,-4.524224534722105,False,False,False,False,False,False,,,,,
le_a,20260811,kosdaq,3,1654.0,16.960317460317466,21.054904806783476,False,False,False,True,False,True,,,,,
le_a,20260811,kosdaq,4,2457.0,18.53999999999999,22.634587346466,True,True,False,False,True,True,,,,,
le_a,20260811,kosdaq,5,2081.0,-25.40476190476191,-21.3101745582959,False,False,False,False,False,False,,,,,
le_a,20260811,kosdaq,6,1597.0,-1.0722460658083017,3.0223412806577086,True,True,False,False,True,True,,,,,
le_a,20260811,kosdaq,7,1356.0,4.950733752620551,9.04532109908656,False,True,False,False,True,True,,,,,
le_a,20260811,kosdaq,8,1234.0,7.508213552361386,11.602800898827397,True,False,False,False,True,True,,,,,
le_a,20260811,kosdaq,9,1711.0,-17.801587301587308,-13.706999955121297,False,False,False,True,False,True,,,,,
le_a,20260811,kosdaq,10,1592.0,16.015426497277684,20.110013843743694,False,False,False,False,False,False,,,,,
le_a,20260811,kospi,1,338.0,-3.0034770514603566,-2.9599109101713372,False,False,False,False,False,False,,,,,
le_a,20260811,kospi,2,432.0,-0.024940617577195578,0.018625523711823935,False,True,False,False,True,True,,,,,
le_a,20260811,kospi,3,83.0,6.741379310344831,6.784945451633851,False,True,True,False,True,True,,,,,
le_a,20260811,kospi,4,2108.0,-0.4658703071672372,-0.4223041658782177,False,True,False,False,True,True,,,,,
le_a,20260811,kospi,5,278.0,-4.222084367245659,-4.17851822595664,False,False,False,False,False,False,,,,,
le_a,20260811,kospi,6,1098.0,8.285529715762275,8.329095857051295,False,True,False,False,True,True,,,,,
le_a,20260811,kospi,7,896.0,16.83021077283372,16.87377691412274,True,True,True,False,True,True,,,,,
le_a,20260811,kospi,8,452.0,-2.9691358024691357,-2.9255696611801163,False,True,True,False,True,True,,,,,
le_a,20260811,kospi,9,2050.0,-4.909857328145261,-4.866291186856241,False,False,False,False,False,False,,,,,
le_a,20260811,kospi,10,45.0,15.876306620209057,15.919872761498077,False,True,False,True,True,True,,,,,
le_a,20260812,kosdaq,1,2508.0,-13.882899628252787,-9.547469821360263,False,False,False,False,False,False,,,,,
le_a,20260812,kosdaq,2,343.0,4.014363885088923,8.349793691981446,False,False,False,False,False,False,,,,,
le_a,20260812,kosdaq,3,1654.0,11.802839116719232,16.138268923611754,False,False,False,True,False,True,,,,,
le_a,20260812,kosdaq,4,2081.0,-21.4,-17.064570193107475,False,False,False,False,False,False,,,,,
le_a,20260812,kosdaq,5,1872.0,-8.714285714285719,-4.378855907393195,False,True,False,False,True,True,,,,,
le_a,20260812,kosdaq,6,1597.0,-16.831658291457284,-12.49622848456476,True,True,False,False,True,True,,,,,
le_a,20260812,kosdaq,7,2457.0,20.016717325227972,24.352147132120496,True,True,False,False,True,True,,,,,
le_a,20260812,kosdaq,8,1331.0,-18.10869565217391,-13.773265845281387,True,True,False,False,True,True,,,,,
le_a,20260812,kosdaq,9,739.0,25.47066436583262,29.806094172725142,True,False,False,True,True,True,,,,,
le_a,20260812,kosdaq,10,2369.0,-0.7547770700636942,3.5806527368288297,False,False,False,False,False,False,,,,,
le_a,20260812,kospi,1,338.0,-10.005208333333337,-9.220543797073418,False,False,False,False,False,False,,,,,
le_a,20260812,kospi,2,432.0,-4.6860465116279055,-3.901381975367986,False,True,False,False,True,True,,,,,
le_a,20260812,kospi,3,278.0,-7.770560190703224,-6.985895654443304,False,False,False,False,False,False,,,,,
le_a,20260812,kospi,4,83.0,-1.5000000000000009,-0.7153354637400814,False,True,True,False,True,True,,,,,
le_a,20260812,kospi,5,2108.0,-3.8110367892976607,-3.0263722530377413,False,True,False,False,True,True,,,,,
le_a,20260812,kospi,6,452.0,-11.237179487179482,-10.452514950919563,False,True,True,False,True,True,,,,,
le_a,20260812,kospi,7,1098.0,1.3162947586922717,2.100959294952191,False,True,False,False,True,True,,,,,
le_a,20260812,kospi,8,225.0,-5.197156983930784,-4.412492447670864,False,False,True,False,True,True,,,,,
le_a,20260812,kospi,9,896.0,12.194877505567925,12.979542041827845,True,True,True,False,True,True,,,,,
le_a,20260812,kospi,10,45.0,12.701035375323555,13.485699911583474,False,False,False,True,False,True,,,,,
le_a,20260814,kosdaq,1,2508.0,-2.587682672233826,3.6644565944891614,False,False,False,False,False,False,,,,,
le_a,20260814,kosdaq,2,1654.0,0.22886297376093534,6.481002240483923,False,False,False,True,False,True,,,,,
le_a,20260814,kosdaq,3,1711.0,-14.565180102915953,-8.313040836192965,False,False,False,True,False,True,,,,,
le_a,20260814,kosdaq,4,2081.0,-21.097014925373138,-14.84487565865015,False,False,False,False,False,False,,,,,
le_a,20260814,kosdaq,5,2457.0,-13.216763005780352,-6.964623739057365,True,True,False,False,True,True,,,,,
le_a,20260814,kosdaq,6,2369.0,-8.31990521327014,-2.0677659465471523,False,False,False,False,False,False,,,,,
le_a,20260814,kosdaq,7,1234.0,-3.308425275827486,2.9437139908955015,True,False,False,False,True,True,,,,,
le_a,20260814,kosdaq,8,1592.0,17.79944547134936,24.05158473807235,False,False,False,False,False,False,,,,,
le_a,20260814,kosdaq,9,1872.0,-9.240601503759393,-2.988462237036406,False,False,False,False,False,False,,,,,
le_a,20260814,kosdaq,10,1597.0,-13.277777777777777,-7.025638511054789,True,True,False,True,True,True,,,,,
le_a,20260814,kospi,1,278.0,-20.521762785636565,-17.546169531738208,False,False,False,False,False,False,,,,,
le_a,20260814,kospi,2,338.0,-14.23844121532365,-11.262847961425294,False,False,False,False,False,False,,,,,
le_a,20260814,kospi,3,83.0,-6.833333333333336,-3.85774007943498,False,True,True,False,True,True,,,,,
le_a,20260814,kospi,4,432.0,-6.898104265402849,-3.9225110115044934,False,True,False,False,True,True,,,,,
le_a,20260814,kospi,5,2108.0,-6.463611859838281,-3.488018605939925,False,True,False,False,True,True,,,,,
le_a,20260814,kospi,6,45.0,7.503442340791732,10.479035594690089,False,True,False,True,True,True,,,,,
le_a,20260814,kospi,7,452.0,-27.16666666666667,-24.191073412768315,False,True,True,False,True,True,,,,,
le_a,20260814,kospi,8,2186.0,1.995974235104681,4.971567489003037,True,True,True,False,True,True,,,,,
le_a,20260814,kospi,9,225.0,-15.551311288483472,-12.575718034585115,False,False,True,False,True,True,,,,,
le_a,20260814,kospi,10,896.0,-2.664502164502169,0.3110910893961867,True,True,False,False,True,True,,,,,
le_a,20260818,kosdaq,1,2508.0,7.509153318077811,5.974739192324251,False,False,False,False,False,False,,,,,
le_a,20260818,kosdaq,2,1711.0,-4.156307129798908,-5.690721255552467,False,False,False,True,False,True,,,,,
le_a,20260818,kosdaq,3,1654.0,14.618110236220472,13.083696110466914,False,False,False,True,False,True,,,,,
le_a,20260818,kosdaq,4,2081.0,-5.645046524356866,-7.179460650110426,False,False,False,False,False,False,,,,,
le_a,20260818,kosdaq,5,1234.0,9.033898305084753,7.499484179331193,True,False,False,False,True,True,,,,,
le_a,20260818,kosdaq,6,1592.0,22.860655737704917,21.326241611951357,False,False,False,False,False,False,,,,,
le_a,20260818,kosdaq,7,1734.0,-0.21830985915492995,-1.7527239849084895,False,False,False,False,False,False,,,,,
le_a,20260818,kosdaq,8,716.0,1.9707412223667014,0.43632709661314184,False,True,False,False,True,True,,,,,
le_a,20260818,kosdaq,9,1872.0,3.2383177570093467,1.7039036312557871,False,False,False,False,False,False,,,,,
le_a,20260818,kosdaq,10,2369.0,9.500000000000009,7.965585874246449,False,False,False,False,False,False,,,,,
le_a,20260818,kospi,1,278.0,-11.677884615384615,-13.206664000335696,False,False,False,False,False,False,,,,,
le_a,20260818,kospi,2,338.0,-6.876811594202903,-8.405590979153985,False,False,False,False,False,False,,,,,
le_a,20260818,kospi,3,83.0,2.9798534798534897,1.4510740949024086,False,True,True,False,True,True,,,,,
le_a,20260818,kospi,4,225.0,-10.256097560975608,-11.784876945926689,False,False,True,False,True,True,,,,,
le_a,20260818,kospi,5,432.0,-1.9529058116232507,-3.4816851965743316,False,True,False,False,True,True,,,,,
le_a,20260818,kospi,6,452.0,-14.426174496644295,-15.954953881595376,False,True,True,False,True,True,,,,,
le_a,20260818,kospi,7,45.0,21.93346007604563,20.404680691094548,False,True,False,True,True,True,,,,,
le_a,20260818,kospi,8,2108.0,-4.210247349823326,-5.739026734774407,False,True,False,False,True,True,,,,,
le_a,20260818,kospi,9,1098.0,11.623004139562399,10.094224754611318,False,True,False,False,True,True,,,,,
le_a,20260818,kospi,10,896.0,4.395104895104896,2.866325510153815,True,True,False,False,True,True,,,,,
le_a,20260819,kosdaq,1,1463.0,5.280346820809257,5.441725981306797,False,False,False,False,False,False,,,,,
le_a,20260819,kosdaq,2,1711.0,-6.045617173524153,-5.884238013026613,False,False,False,True,False,True,,,,,
le_a,20260819,kosdaq,3,1734.0,-6.344155844155841,-6.182776683658301,False,False,False,False,False,False,,,,,
le_a,20260819,kosdaq,4,2508.0,-1.5729613733905574,-1.4115822128930173,False,False,False,False,False,False,,,,,
le_a,20260819,kosdaq,5,1654.0,7.43413173652695,7.59551089702449,False,False,False,True,False,True,,,,,
le_a,20260819,kosdaq,6,687.0,-6.641522029372493,-6.480142868874953,True,True,True,False,True,True,,,,,
le_a,20260819,kosdaq,7,2081.0,-5.863128491620117,-5.701749331122577,False,False,False,False,False,False,,,,,
le_a,20260819,kosdaq,8,716.0,-0.24683544303797333,-0.08545628254043328,False,True,False,False,True,True,,,,,
le_a,20260819,kosdaq,9,1234.0,7.9693877551020424,8.130766915599583,True,False,False,False,True,True,,,,,
le_a,20260819,kosdaq,10,1592.0,-0.8454231433506095,-0.6840439828530694,False,False,False,False,False,False,,,,,
le_a,20260819,kospi,1,338.0,-9.875,-9.987615762085701,False,False,False,False,False,False,,,,,
le_a,20260819,kospi,2,278.0,-13.56954436450839,-13.682160126594091,False,False,False,False,False,False,,,,,
le_a,20260819,kospi,3,83.0,-1.206713780918733,-1.3193295430044345,False,True,True,False,True,True,,,,,
le_a,20260819,kospi,4,452.0,-16.976345840130502,-17.088961602216205,False,True,True,False,True,True,,,,,
le_a,20260819,kospi,5,225.0,-11.42024539877301,-11.532861160858712,False,False,True,False,True,True,,,,,
le_a,20260819,kospi,6,432.0,-2.470443349753692,-2.5830591118393937,False,True,False,False,True,True,,,,,
le_a,20260819,kospi,7,2108.0,-5.2018739352640555,-5.314489697349757,False,True,False,False,True,True,,,,,
le_a,20260819,kospi,8,45.0,7.138888888888884,7.026273126803183,False,True,False,True,True,True,,,,,
le_a,20260819,kospi,9,2186.0,-7.361989205859675,-7.4746049679453765,True,True,True,False,True,True,,,,,
le_a,20260819,kospi,10,1098.0,10.059006211180133,9.946390449094432,False,True,False,False,True,True,,,,,
le_a,20260821,kosdaq,1,687.0,7.8798882681564315,1.7002672566306254,True,True,True,False,True,True,,,,,
le_a,20260821,kosdaq,2,1711.0,6.864341085271308,0.6847200737455017,False,False,False,True,False,True,,,,,
le_a,20260821,kosdaq,3,2457.0,-1.9539579967689842,-8.13357900829479,True,True,False,False,True,True,,,,,
le_a,20260821,kosdaq,4,2508.0,18.490384615384624,12.310763603858817,False,False,False,False,False,False,,,,,
le_a,20260821,kosdaq,5,1624.0,8.95945945945945,2.7798384479336447,True,True,False,True,True,True,,,,,
le_a,20260821,kosdaq,6,1654.0,19.085987261146485,12.906366249620678,False,False,False,False,False,False,,,,,
le_a,20260821,kosdaq,7,967.0,0.043478260869556515,-6.13614275065625,True,True,True,False,True,True,,,,,
le_a,20260821,kosdaq,8,1463.0,-0.8384094754653179,-7.018030486991124,False,False,False,False,False,False,,,,,
le_a,20260821,kosdaq,9,1234.0,21.07894736842105,14.899326356895244,True,False,False,False,True,True,,,,,
le_a,20260821,kosdaq,10,2081.0,33.569400630914835,27.389779619389028,False,False,False,False,False,False,,,,,
le_a,20260821,kospi,1,338.0,-9.038350217076696,-12.350654650699607,False,False,False,False,False,False,,,,,
le_a,20260821,kospi,2,278.0,-12.399038461538458,-15.71134289516137,False,False,False,False,False,False,,,,,
le_a,20260821,kospi,3,452.0,-3.954545454545454,-7.266849888168364,False,True,True,False,True,True,,,,,
le_a,20260821,kospi,4,225.0,-9.15746549560853,-12.46976992923144,False,False,True,False,True,True,,,,,
le_a,20260821,kospi,5,83.0,18.261726078799246,14.949421645176336,False,True,True,False,True,True,,,,,
le_a,20260821,kospi,6,432.0,10.64072494669509,7.328420513072181,False,True,False,False,True,True,,,,,
le_a,20260821,kospi,7,2108.0,3.7599277978339294,0.4476233642110192,False,True,False,False,True,True,,,,,
le_a,20260821,kospi,8,2265.0,-1.745210727969348,-5.057515161592258,True,True,True,False,True,True,,,,,
le_a,20260821,kospi,9,45.0,18.326868495742666,15.014564062119756,False,True,False,True,True,True,,,,,
le_a,20260821,kospi,10,1098.0,27.533980582524265,24.221676148901356,False,True,False,False,True,True,,,,,
le_a,20260824,kosdaq,1,687.0,23.273006134969332,15.841849422030418,True,True,True,False,True,True,,,,,
le_a,20260824,kosdaq,2,2457.0,7.407742998352552,-0.0234137145863631,True,True,False,False,True,True,,,,,
le_a,20260824,kosdaq,3,1711.0,15.459595959595951,8.028439246657037,False,False,False,True,False,True,,,,,
le_a,20260824,kosdaq,4,748.0,6.31159420289854,-1.1195625100403745,True,True,True,False,True,True,,,,,
le_a,20260824,kosdaq,5,1654.0,24.38188976377952,16.950733050840604,False,False,False,False,False,False,,,,,
le_a,20260824,kosdaq,6,1234.0,34.54366812227073,27.112511409331816,True,False,False,False,True,True,,,,,
le_a,20260824,kosdaq,7,967.0,4.999276410998544,-2.431880301940371,True,True,True,False,True,True,,,,,
le_a,20260824,kosdaq,8,2508.0,20.373786407766982,12.942629694828067,False,False,False,False,False,False,,,,,
le_a,20260824,kosdaq,9,1463.0,8.860877985797277,1.4297212728583624,False,False,False,False,False,False,,,,,
le_a,20260824,kosdaq,10,1734.0,-14.070487483530957,-21.501644196469872,False,False,False,True,False,True,,,,,
le_a,20260824,kospi,1,338.0,-6.795754026354317,-9.21500237521573,False,False,False,False,False,False,,,,,
le_a,20260824,kospi,2,278.0,-14.836492890995256,-17.255741239856672,False,False,False,False,False,False,,,,,
le_a,20260824,kospi,3,452.0,-6.582289803220032,-9.001538152081446,False,True,True,False,True,True,,,,,
le_a,20260824,kospi,4,225.0,-9.945843828715361,-12.365092177576775,False,False,True,False,True,True,,,,,
le_a,20260824,kospi,5,83.0,14.519011406844095,12.099763057982681,False,True,True,False,True,True,,,,,
le_a,20260824,kospi,6,432.0,11.199311805187929,8.780063456326515,False,True,False,False,True,True,,,,,
le_a,20260824,kospi,7,2108.0,7.3743068391866835,4.9550584903252695,False,True,False,False,True,True,,,,,
le_a,20260824,kospi,8,323.0,15.280141843971629,12.860893495110215,False,True,False,False,True,True,,,,,
le_a,20260824,kospi,9,45.0,15.584558823529415,13.165310474668,False,False,False,True,False,True,,,,,
le_a,20260824,kospi,10,486.0,-25.89840637450199,-28.317654723363407,False,False,False,False,False,False,,,,,
le_a,20260825,kosdaq,1,2457.0,11.59302325581396,7.7279649093225355,True,True,False,False,True,True,,,,,
le_a,20260825,kosdaq,2,687.0,15.505873715124807,11.640815368633382,True,True,True,False,True,True,,,,,
le_a,20260825,kosdaq,3,1711.0,4.279411764705888,0.4143534182144619,False,False,False,True,False,True,,,,,
le_a,20260825,kosdaq,4,1234.0,30.769035532994916,26.90397718650349,True,False,False,False,True,True,,,,,
le_a,20260825,kosdaq,5,1654.0,19.805343511450392,15.940285164958967,False,False,False,False,False,False,,,,,
le_a,20260825,kosdaq,6,967.0,-1.057880055788007,-4.922938402279433,True,True,True,False,True,True,,,,,
le_a,20260825,kosdaq,7,748.0,8.534482758620687,4.669424412129262,True,True,True,False,True,True,,,,,
le_a,20260825,kosdaq,8,731.0,59.85353535353536,55.98847700704393,False,True,True,False,True,True,,,,,
le_a,20260825,kosdaq,9,1734.0,-16.59498680738787,-20.460045153879296,False,False,False,True,False,True,,,,,
le_a,20260825,kosdaq,10,2508.0,20.116113744075836,16.25105539758441,False,False,False,False,False,False,,,,,
le_a,20260825,kospi,1,338.0,-9.250000000000004,-8.956669559510928,False,False,False,False,False,False,,,,,
le_a,20260825,kospi,2,278.0,-15.722482435597184,-15.429151995108109,False,False,False,False,False,False,,,,,
le_a,20260825,kospi,3,452.0,-9.283783783783782,-8.990453343294707,False,True,True,False,True,True,,,,,
le_a,20260825,kospi,4,225.0,-11.347880299251866,-11.05454985876279,False,False,True,False,True,True,,,,,
le_a,20260825,kospi,5,432.0,6.988537952114104,7.28186839260318,False,True,False,False,True,True,,,,,
le_a,20260825,kospi,6,2108.0,4.500000000000004,4.793330440489081,False,True,False,False,True,True,,,,,
le_a,20260825,kospi,7,83.0,14.870705244122961,15.164035684612037,False,True,True,False,True,True,,,,,
le_a,20260825,kospi,8,323.0,10.743611584327095,11.03694202481617,False,True,False,False,True,True,,,,,
le_a,20260825,kospi,9,1098.0,19.908163265306122,20.201493705795198,False,True,False,False,True,True,,,,,
le_a,20260825,kospi,10,2265.0,0.22137060414787513,0.5147010446369513,True,True,True,False,True,True,,,,,
le_a,20260826,kosdaq,1,687.0,20.240740740740748,15.77137750839917,True,True,True,False,True,True,,,,,
le_a,20260826,kosdaq,2,1711.0,9.183426443202968,4.714063210861389,False,False,False,True,False,True,,,,,
le_a,20260826,kosdaq,3,938.0,74.83333333333334,70.36397010099176,True,False,False,False,True,True,,,,,
le_a,20260826,kosdaq,4,1734.0,-15.599337748344366,-20.068700980685946,False,False,False,True,False,True,,,,,
le_a,20260826,kosdaq,5,1463.0,15.033980582524265,10.564617350182687,False,False,False,False,False,False,,,,,
le_a,20260826,kosdaq,6,1234.0,31.632132132132128,27.16276889979055,True,False,False,False,True,True,,,,,
le_a,20260826,kosdaq,7,2457.0,25.89751552795031,21.428152295608733,True,True,False,False,True,True,,,,,
le_a,20260826,kosdaq,8,1654.0,23.48190045248869,19.012537220147113,False,False,False,False,False,False,,,,,
le_a,20260826,kosdaq,9,748.0,12.161674608577256,7.6923113762356765,True,True,True,False,True,True,,,,,
le_a,20260826,kosdaq,10,716.0,-0.741837968561065,-5.211201200902645,False,True,False,False,True,True,,,,,
le_a,20260826,kospi,1,338.0,-13.067567567567572,-10.826880596128543,False,False,False,False,False,False,,,,,
le_a,20260826,kospi,2,452.0,-11.463455149501666,-9.222768178062637,False,True,True,False,True,True,,,,,
le_a,20260826,kospi,3,278.0,-13.638686131386857,-11.397999159947828,False,False,False,False,False,False,,,,,
le_a,20260826,kospi,4,432.0,-2.858490566037741,-0.6178035945987124,False,True,False,False,True,True,,,,,
le_a,20260826,kospi,5,225.0,-17.79857819905213,-15.557891227613101,False,False,True,False,True,True,,,,,
le_a,20260826,kospi,6,323.0,5.4113300492610765,7.6520170207001055,False,True,False,False,True,True,,,,,
le_a,20260826,kospi,7,2265.0,6.310035842293916,8.550722813732945,True,True,True,False,True,True,,,,,
le_a,20260826,kospi,8,83.0,7.047169811320753,9.287856782759782,False,False,False,False,False,False,,,,,
le_a,20260826,kospi,9,2108.0,-2.797297297297296,-0.5566103258582675,False,True,False,False,True,True,,,,,
le_a,20260826,kospi,10,1098.0,8.023028057173109,10.263715028612138,False,True,False,False,True,True,,,,,
le_a,20260827,kosdaq,1,959.0,11.941860465116283,7.654305721820634,True,True,True,False,True,True,,,,,
le_a,20260827,kosdaq,2,2457.0,23.53100775193798,19.243453008642334,True,True,False,False,True,True,,,,,
le_a,20260827,kosdaq,3,687.0,10.999272197962162,6.711717454666513,True,True,True,False,True,True,,,,,
le_a,20260827,kosdaq,4,1734.0,-11.310810810810812,-15.598365554106461,False,False,False,True,False,True,,,,,
le_a,20260827,kosdaq,5,1711.0,5.128517823639778,0.840963080344129,False,False,False,True,False,True,,,,,
le_a,20260827,kosdaq,6,938.0,57.83333333333333,53.54577859003768,True,False,False,False,True,True,,,,,
le_a,20260827,kosdaq,7,748.0,10.51108033240996,6.2235255891143115,True,True,True,False,True,True,,,,,
le_a,20260827,kosdaq,8,1463.0,7.014088916718853,2.726534173423204,False,False,False,False,False,False,,,,,
le_a,20260827,kosdaq,9,1234.0,26.24650698602794,21.958952242732288,True,False,False,False,True,True,,,,,
le_a,20260827,kosdaq,10,1654.0,17.996240601503764,13.708685858208115,False,False,False,False,False,False,,,,,
le_a,20260827,kospi,1,338.0,-12.092178770949724,-11.011382606055944,False,False,False,False,False,False,,,,,
le_a,20260827,kospi,2,278.0,-11.77819548872181,-10.69739932382803,False,False,False,False,False,False,,,,,
le_a,20260827,kospi,3,452.0,-3.8670033670033623,-2.7862072021095825,False,True,True,False,True,True,,,,,
le_a,20260827,kospi,4,225.0,-18.930439952437574,-17.849643787543794,False,False,True,False,True,True,,,,,
le_a,20260827,kospi,5,2141.0,-9.38077858880778,-8.299982423914,False,True,False,False,True,True,,,,,
le_a,20260827,kospi,6,432.0,-6.735565819861433,-5.654769654967653,False,True,False,False,True,True,,,,,
le_a,20260827,kospi,7,323.0,0.9634146341463427,2.0442107990401226,False,True,False,False,True,True,,,,,
le_a,20260827,kospi,8,486.0,-18.218715393133998,-17.137919228240218,False,False,False,False,False,False,,,,,
le_a,20260827,kospi,9,2265.0,9.337545126353797,10.418341291247577,True,True,True,False,True,True,,,,,
le_a,20260827,kospi,10,83.0,1.0306122448979664,2.1114084097917463,False,False,True,False,True,True,,,,,
le_a,20260828,kosdaq,1,1734.0,-4.1036036036036,-9.878253226274147,False,False,False,True,False,True,,,,,
le_a,20260828,kosdaq,2,2457.0,38.773927392739274,32.99927777006873,True,True,False,False,True,True,,,,,
le_a,20260828,kosdaq,3,687.0,16.621212121212114,10.846562498541566,True,True,True,False,True,True,,,,,
le_a,20260828,kosdaq,4,1711.0,16.4921875,10.717537877329452,False,False,False,True,False,True,,,,,
le_a,20260828,kosdaq,5,938.0,47.128458498023704,41.35380887535315,True,False,False,False,True,True,,,,,
le_a,20260828,kosdaq,6,959.0,17.872379778051794,12.097730155381246,True,True,True,False,True,True,,,,,
le_a,20260828,kosdaq,7,1331.0,-32.22126885075403,-37.99591847342458,True,False,False,False,True,True,,,,,
le_a,20260828,kosdaq,8,1234.0,46.1529351184346,40.37828549576405,True,False,False,False,True,True,,,,,
le_a,20260828,kosdaq,9,1463.0,10.200636942675157,4.425987320004609,False,False,False,False,False,False,,,,,
le_a,20260828,kosdaq,10,1654.0,7.080174927113692,1.3055253044431439,False,False,False,False,False,False,,,,,
le_a,20260828,kospi,1,452.0,-1.1745362563237767,1.0613467501651113,False,True,True,False,True,True,,,,,
le_a,20260828,kospi,2,338.0,-11.626961483594867,-9.391078477105978,False,False,False,False,False,False,,,,,
le_a,20260828,kospi,3,278.0,-10.97254150702427,-8.73665850053538,False,False,False,False,False,False,,,,,
le_a,20260828,kospi,4,225.0,-16.569221260815826,-14.33333825432694,False,False,False,False,False,False,,,,,
le_a,20260828,kospi,5,2265.0,26.10287081339714,28.338753819886026,True,True,True,False,True,True,,,,,
le_a,20260828,kospi,6,432.0,-1.2211538461538436,1.0147291603350443,False,True,False,False,True,True,,,,,
le_a,20260828,kospi,7,323.0,4.623966942148761,6.859849948637649,False,True,False,False,True,True,,,,,
le_a,20260828,kospi,8,2141.0,-8.211442786069655,-5.975559779580768,False,False,False,False,False,False,,,,,
le_a,20260828,kospi,9,486.0,-17.166666666666664,-14.930783660177777,False,False,False,False,False,False,,,,,
le_a,20260828,kospi,10,1153.0,-20.35454545454546,-18.118662448056572,False,True,True,False,True,True,,,,,
le_a,20260831,kosdaq,1,2457.0,26.857032457496143,22.46130729472558,True,False,False,False,True,True,,,,,
le_a,20260831,kosdaq,2,1734.0,-1.1393861892583175,-5.53511135202888,False,False,False,True,False,True,,,,,
le_a,20260831,kosdaq,3,687.0,10.809523809523814,6.413798646753251,True,True,True,False,True,True,,,,,
le_a,20260831,kosdaq,4,938.0,48.8467336683417,44.45100850557114,True,False,False,False,True,True,,,,,
le_a,20260831,kosdaq,5,1711.0,16.75490196078432,12.359176798013756,False,False,False,True,False,True,,,,,
le_a,20260831,kosdaq,6,1331.0,-27.414539400665927,-31.81026456343649,True,True,False,False,True,True,,,,,
le_a,20260831,kosdaq,7,2239.0,3.0377358490566113,-1.3579893137139516,True,True,False,False,True,True,,,,,
le_a,20260831,kosdaq,8,1357.0,12.543478260869556,8.147753098098992,False,False,False,False,False,False,,,,,
le_a,20260831,kosdaq,9,1654.0,2.3208744710860323,-2.0748506916845306,False,False,False,False,False,False,,,,,
le_a,20260831,kosdaq,10,1463.0,7.769230769230761,3.3735056064601983,False,False,False,False,False,False,,,,,
le_a,20260831,kospi,1,452.0,-11.259493670886078,-8.854353752241954,False,True,True,False,True,True,,,,,
le_a,20260831,kospi,2,2141.0,-12.111374407582943,-9.706234488938819,False,False,False,False,False,False,,,,,
le_a,20260831,kospi,3,278.0,-14.60891089108911,-12.203770972444985,False,False,False,False,False,False,,,,,
le_a,20260831,kospi,4,338.0,-11.59510086455331,-9.189960945909185,False,False,False,False,False,False,,,,,
le_a,20260831,kospi,5,2265.0,17.94225604297225,20.347395961616375,True,False,True,False,True,True,,,,,
le_a,20260831,kospi,6,225.0,-18.40499390986602,-15.999853991221894,False,False,False,False,False,False,,,,,
le_a,20260831,kospi,7,486.0,-16.087266739846328,-13.682126821202203,False,False,False,False,False,False,,,,,
le_a,20260831,kospi,8,398.0,4.638888888888893,7.044028807533017,True,True,True,False,True,True,,,,,
le_a,20260831,kospi,9,45.0,-3.7760032760032805,-1.370863357359156,False,True,False,True,True,True,,,,,
le_a,20260831,kospi,10,2108.0,-6.471659919028339,-4.066520000384214,False,True,False,False,True,True,,,,,
le_a,20260901,kosdaq,1,2457.0,45.2516339869281,34.80646342235299,True,False,False,False,True,True,,,,,
le_a,20260901,kosdaq,2,1734.0,13.302816901408454,2.857646336833348,False,False,False,True,False,True,,,,,
le_a,20260901,kosdaq,3,687.0,22.589171974522294,12.144001409947188,True,True,True,False,True,True,,,,,
le_a,20260901,kosdaq,4,938.0,48.79859719438878,38.353426629813676,True,False,False,False,True,True,,,,,
le_a,20260901,kosdaq,5,1357.0,35.810679611650485,25.365509047075378,False,False,False,False,False,False,,,,,
le_a,20260901,kosdaq,6,748.0,33.81654676258993,23.371376198014822,True,False,True,False,True,True,,,,,
le_a,20260901,kosdaq,7,710.0,64.49999999999999,54.05482943542488,True,False,False,False,True,True,,,,,
le_a,20260901,kosdaq,8,1711.0,28.947852760736204,18.502682196161096,False,False,False,True,False,True,,,,,
le_a,20260901,kosdaq,9,2239.0,17.252693689071307,6.807523124496202,True,True,False,False,True,True,,,,,
le_a,20260901,kosdaq,10,739.0,20.461538461538453,10.016367896963347,True,False,False,True,True,True,,,,,
le_a,20260901,kospi,1,452.0,1.4400352733686121,1.8737059869083035,False,True,True,False,True,True,,,,,
le_a,20260901,kospi,2,2141.0,-3.9571062740076814,-3.52343556046799,False,False,False,False,False,False,,,,,
le_a,20260901,kospi,3,278.0,-10.782776349614398,-10.349105636074707,False,False,False,False,False,False,,,,,
le_a,20260901,kospi,4,11.0,19.016407599309147,19.450078312848838,True,False,False,False,True,True,,,,,
le_a,20260901,kospi,5,338.0,-6.417159763313607,-5.983489049773915,False,False,False,False,False,False,,,,,
le_a,20260901,kospi,6,432.0,3.645601617795758,4.079272331335449,False,False,False,False,False,False,,,,,
le_a,20260901,kospi,7,2265.0,36.03136531365313,36.465036027192824,True,False,True,False,True,True,,,,,
le_a,20260901,kospi,8,225.0,-22.080188679245282,-21.64651796570559,False,False,False,False,False,False,,,,,
le_a,20260901,kospi,9,2108.0,0.32674335010783917,0.7604140636475305,False,True,False,False,True,True,,,,,
le_a,20260901,kospi,10,323.0,-1.1655574043261225,-0.7318866907864312,False,False,False,False,False,False,,,,,
qs_a,20260723,kosdaq,1,2652.0,-14.177811550151976,-15.995876625900404,False,False,False,False,False,False,,,,,
qs_a,20260723,kosdaq,2,962.0,3.25195414278271,1.4338890670342812,False,False,False,False,False,False,,,,,
qs_a,20260723,kosdaq,3,2267.0,-0.17426710097719855,-1.9923321767256275,False,False,False,False,False,False,,,,,
qs_a,20260723,kosdaq,4,788.0,6.337606837606835,4.519541761858406,False,False,False,False,False,False,,,,,
qs_a,20260723,kosdaq,5,817.0,17.572289156626507,15.754224080878078,False,False,False,False,False,False,,,,,
qs_a,20260723,kosdaq,6,1323.0,-1.616217990807622,-3.434283066556051,False,False,False,False,False,False,,,,,
qs_a,20260723,kosdaq,7,1136.0,1.9532710280373848,0.13520595228895593,False,False,False,False,False,False,,,,,
qs_a,20260723,kosdaq,8,1813.0,12.021440823327623,10.203375747579194,False,False,False,False,False,False,,,,,
qs_a,20260723,kosdaq,9,2519.0,10.94945188794153,9.131386812193101,False,False,False,False,False,False,,,,,
qs_a,20260723,kosdaq,10,1686.0,-2.503642987249543,-4.321708062997972,False,False,False,False,False,False,,,,,
qs_a,20260723,kospi,1,754.0,3.0260115606936315,3.4797590039774757,False,False,False,False,False,False,,,,,
qs_a,20260723,kospi,2,2523.0,-5.369186046511631,-4.915438603227787,False,False,False,False,False,False,,,,,
qs_a,20260723,kospi,3,1419.0,1.3779342723004744,1.8316817155843184,False,False,False,False,False,False,,,,,
qs_a,20260723,kospi,4,3.0,2.436096718480141,2.8898441617639854,False,False,False,False,False,False,,,,,
qs_a,20260723,kospi,5,1395.0,0.6235955056179803,1.0773429489018242,False,False,False,False,False,False,,,,,
qs_a,20260723,kospi,6,202.0,5.542884990253405,5.99663243353725,False,False,False,False,False,False,,,,,
qs_a,20260723,kospi,7,915.0,-2.8622047244094446,-2.4084572811256004,False,False,False,False,False,False,,,,,
qs_a,20260723,kospi,8,696.0,2.9939759036144658,3.44772334689831,False,False,False,False,False,False,,,,,
qs_a,20260723,kospi,9,991.0,8.9188376753507,9.372585118634543,False,False,False,False,False,False,,,,,
qs_a,20260723,kospi,10,1283.0,7.4842931937172725,7.938040637001117,False,False,False,False,False,False,,,,,
qs_a,20260724,kosdaq,1,2652.0,-14.072854291417169,-18.136158442913516,False,False,False,False,False,False,,,,,
qs_a,20260724,kosdaq,2,962.0,5.736786469344602,1.673482317848256,False,False,False,False,False,False,,,,,
qs_a,20260724,kosdaq,3,788.0,4.542016806722693,0.47871265522634765,False,False,False,False,False,False,,,,,
qs_a,20260724,kosdaq,4,817.0,24.076271186440678,20.01296703494433,False,False,False,False,False,False,,,,,
qs_a,20260724,kosdaq,5,1136.0,2.2090694935217874,-1.8542346579745583,False,False,False,False,False,False,,,,,
qs_a,20260724,kosdaq,6,900.0,10.611111111111116,6.54780695961477,False,False,False,False,False,False,,,,,
qs_a,20260724,kosdaq,7,1323.0,-2.255526657997397,-6.318830809493743,False,False,False,False,False,False,,,,,
qs_a,20260724,kosdaq,8,1813.0,13.5625,9.499195848503653,False,False,False,False,False,False,,,,,
qs_a,20260724,kosdaq,9,1636.0,-2.537037037037037,-6.600341188533383,False,False,False,False,False,False,,,,,
qs_a,20260724,kosdaq,10,1686.0,-1.2285974499089298,-5.291901601405275,False,False,False,False,False,False,,,,,
qs_a,20260724,kospi,1,2523.0,-7.285714285714285,-8.676584563279375,False,False,False,False,False,False,,,,,
qs_a,20260724,kospi,2,772.0,3.1191974822973982,1.7283272047323075,False,False,False,False,False,False,,,,,
qs_a,20260724,kospi,3,754.0,2.700000000000003,1.309129722434912,False,False,False,False,False,False,,,,,
qs_a,20260724,kospi,4,1395.0,3.7128603104212963,2.3219900328562053,False,False,False,False,False,False,,,,,
qs_a,20260724,kospi,5,1419.0,1.1355140186915973,-0.25535625887349345,False,False,False,False,False,False,,,,,
qs_a,20260724,kospi,6,202.0,1.35185185185186,-0.039018425713230664,False,False,False,False,False,False,,,,,
qs_a,20260724,kospi,7,3.0,2.253872633390708,0.8630023558256175,False,False,False,False,False,False,,,,,
qs_a,20260724,kospi,8,696.0,6.187116564417184,4.796246286852093,False,False,False,False,False,False,,,,,
qs_a,20260724,kospi,9,915.0,-0.40059642147117724,-1.791466699036268,False,False,False,False,False,False,,,,,
qs_a,20260724,kospi,10,1283.0,6.3652849740932655,4.974414696528175,False,False,False,False,False,False,,,,,
qs_a,20260727,kosdaq,1,962.0,11.592027822364892,2.0849020704581136,False,False,False,False,False,False,,,,,
qs_a,20260727,kosdaq,2,2652.0,-15.153465346534656,-24.660591098441436,False,False,False,False,False,False,,,,,
qs_a,20260727,kosdaq,3,788.0,6.907407407407417,-2.5997183444993617,False,False,False,False,False,False,,,,,
qs_a,20260727,kosdaq,4,817.0,28.559829059829067,19.052703307922286,False,False,False,False,False,False,,,,,
qs_a,20260727,kosdaq,5,1323.0,6.710884353741486,-2.796241398165293,False,False,False,False,False,False,,,,,
qs_a,20260727,kosdaq,6,1813.0,14.129948364888135,4.622822612981356,False,False,False,False,False,False,,,,,
qs_a,20260727,kosdaq,7,1410.0,-1.1875477463712754,-10.694673498278053,False,False,False,False,False,False,,,,,
qs_a,20260727,kosdaq,8,1169.0,2.1890756302520913,-7.318050121654688,False,False,False,False,False,False,,,,,
qs_a,20260727,kosdaq,9,1686.0,4.002814258911814,-5.504311492994965,False,False,False,False,False,False,,,,,
qs_a,20260727,kosdaq,10,1636.0,0.6363636363636465,-8.870762115543133,False,False,False,False,False,False,,,,,
qs_a,20260727,kospi,1,1395.0,4.1875,-2.5662724628047666,False,False,False,False,False,False,,,,,
qs_a,20260727,kospi,2,772.0,0.7461059190031154,-6.007666543801651,False,False,False,False,False,False,,,,,
qs_a,20260727,kospi,3,1419.0,3.481264637002347,-3.27250782580242,False,False,False,False,False,False,,,,,
qs_a,20260727,kospi,4,202.0,1.1666666666666607,-5.587105796138106,False,False,False,False,False,False,,,,,
qs_a,20260727,kospi,5,3.0,1.905498281786933,-4.848274181017834,False,False,False,False,False,False,,,,,
qs_a,20260727,kospi,6,696.0,5.502400960384158,-1.251371502420609,False,False,False,False,False,False,,,,,
qs_a,20260727,kospi,7,991.0,7.078740157480324,0.3249676946755571,False,False,False,False,False,False,,,,,
qs_a,20260727,kospi,8,1483.0,1.6428571428571352,-5.110915319947631,False,False,False,False,False,False,,,,,
qs_a,20260727,kospi,9,1440.0,-0.6600000000000046,-7.413772462804771,False,False,False,False,False,False,,,,,
qs_a,20260727,kospi,10,1283.0,0.3557457212713837,-6.398026741533383,False,False,False,False,False,False,,,,,
qs_a,20260728,kosdaq,1,962.0,8.229743857814952,-6.27258198709788,False,False,False,False,False,False,,,,,
qs_a,20260728,kosdaq,2,2652.0,-17.92125984251969,-32.42358568743252,False,False,False,False,False,False,,,,,
qs_a,20260728,kosdaq,3,788.0,8.51287553648069,-5.989450308432142,False,False,False,False,False,False,,,,,
qs_a,20260728,kosdaq,5,1410.0,0.03639846743294138,-14.465927377479892,False,False,False,False,False,False,,,,,
qs_a,20260728,kosdaq,6,1813.0,16.051724137931046,1.5493982930182142,False,False,False,False,False,False,,,,,
qs_a,20260728,kosdaq,7,1323.0,16.247404844290646,1.7450789993778137,False,False,False,False,False,False,,,,,
qs_a,20260728,kosdaq,8,1686.0,5.572106261859589,-8.930219583053244,False,False,False,False,False,False,,,,,
qs_a,20260728,kosdaq,9,1169.0,6.731040564373892,-7.77128528053894,False,False,False,False,False,False,,,,,
qs_a,20260728,kosdaq,10,1636.0,2.3790786948176494,-12.123247150095182,False,False,False,False,False,False,,,,,
qs_a,20260728,kospi,1,1395.0,5.500000000000005,-6.763516193218891,False,False,False,False,False,False,,,,,
qs_a,20260728,kospi,2,772.0,5.042359461599378,-7.221156731619518,False,False,False,False,False,False,,,,,
qs_a,20260728,kospi,3,202.0,2.1365348399246757,-10.12698135329422,False,False,False,False,False,False,,,,,
qs_a,20260728,kospi,4,3.0,3.5139616055846488,-8.749554587634247,False,False,False,False,False,False,,,,,
qs_a,20260728,kospi,5,1419.0,8.21670702179177,-4.046809171427126,False,False,False,False,False,False,,,,,
qs_a,20260728,kospi,6,696.0,6.08212560386473,-6.181390589354166,False,False,False,False,False,False,,,,,
qs_a,20260728,kospi,7,1483.0,1.5222446916076775,-10.74127150161122,False,False,False,False,False,False,,,,,
qs_a,20260728,kospi,8,991.0,8.43574297188755,-3.8277732213313467,False,False,False,False,False,False,,,,,
qs_a,20260728,kospi,9,1673.0,2.8860045146726803,-9.377511678546217,False,False,False,False,False,False,,,,,
qs_a,20260728,kospi,10,1440.0,1.5525451559934238,-10.710971037225473,False,False,False,False,False,False,,,,,
qs_a,20260729,kosdaq,1,962.0,8.229743857814952,-22.29120271137475,False,False,False,False,False,False,,,,,
qs_a,20260729,kosdaq,2,2652.0,-14.169064748201443,-44.690011317391146,False,False,False,False,False,False,,,,,
qs_a,20260729,kosdaq,3,1821.0,-4.309523809523807,-34.830470378713514,False,False,False,False,False,False,,,,,
qs_a,20260729,kosdaq,4,2267.0,11.60526315789473,-18.915683411294975,False,False,False,False,False,False,,,,,
qs_a,20260729,kosdaq,5,788.0,12.168161434977575,-18.352785134212127,False,False,False,False,False,False,,,,,
qs_a,20260729,kosdaq,6,1410.0,1.1253869969040213,-29.395559572285684,False,False,False,False,False,False,,,,,
qs_a,20260729,kosdaq,7,900.0,18.00467289719626,-12.516273671993442,False,False,False,False,False,False,,,,,
qs_a,20260729,kosdaq,8,1813.0,17.281690140845075,-13.239256428344628,False,False,False,False,False,False,,,,,
qs_a,20260729,kosdaq,9,1169.0,10.227272727272718,-20.293673841916984,False,False,False,False,False,False,,,,,
qs_a,20260729,kosdaq,10,1323.0,31.73076923076924,1.2098226615795369,False,False,False,False,False,False,,,,,
qs_a,20260729,kospi,1,156.0,-3.732758620689657,-25.38793516310729,False,False,False,False,False,False,,,,,
qs_a,20260729,kospi,2,204.0,0.5791366906474753,-21.076039851770155,False,False,False,False,False,False,,,,,
qs_a,20260729,kospi,3,754.0,4.352071005917158,-17.303105536500475,False,False,False,False,False,False,,,,,
qs_a,20260729,kospi,4,202.0,4.106525911708248,-17.548650630709382,False,False,False,False,False,False,,,,,
qs_a,20260729,kospi,5,772.0,6.797514033680841,-14.85766250873679,False,False,False,False,False,False,,,,,
qs_a,20260729,kospi,6,915.0,5.289473684210522,-16.365702858207108,False,False,False,False,False,False,,,,,
qs_a,20260729,kospi,7,3.0,8.457952468007301,-13.19722407441033,False,False,False,False,False,False,,,,,
qs_a,20260729,kospi,8,696.0,5.105786618444841,-16.54938992397279,False,False,False,False,False,False,,,,,
qs_a,20260729,kospi,9,1673.0,7.793269230769228,-13.861907311648404,False,False,False,False,False,False,,,,,
qs_a,20260729,kospi,10,1419.0,12.816261203585155,-8.838915338832477,False,False,False,False,False,False,,,,,
qs_a,20260730,kosdaq,1,2652.0,-5.02261306532663,-27.75443817804243,False,False,False,False,False,False,,,,,
qs_a,20260730,kosdaq,2,2267.0,8.848914858096835,-13.882910254618965,False,False,False,False,False,False,,,,,
qs_a,20260730,kosdaq,3,788.0,13.296791443850264,-9.435033668865536,False,False,False,False,False,False,,,,,
qs_a,20260730,kosdaq,4,1821.0,-8.648804251550047,-31.380629364265847,False,False,False,False,False,False,,,,,
qs_a,20260730,kosdaq,5,1813.0,11.384550084889645,-11.347275027826155,False,False,False,False,False,False,,,,,
qs_a,20260730,kosdaq,6,1169.0,8.623434704830057,-14.108390407885743,False,False,False,False,False,False,,,,,
qs_a,20260730,kosdaq,7,1410.0,-8.880281690140846,-31.612106802856644,False,False,False,False,False,False,,,,,
qs_a,20260730,kosdaq,8,900.0,9.121993127147777,-13.609831985568023,False,False,False,False,False,False,,,,,
qs_a,20260730,kosdaq,9,1323.0,18.144067796610162,-4.5877573161056375,False,False,False,False,False,False,,,,,
qs_a,20260730,kosdaq,10,1636.0,1.781368821292773,-20.950456291423027,False,False,False,False,False,False,,,,,
qs_a,20260730,kospi,1,204.0,3.2307973664959753,-11.650846277806531,False,False,False,False,False,False,,,,,
qs_a,20260730,kospi,2,156.0,-1.8303769401330379,-16.712020584435546,False,False,False,False,False,False,,,,,
qs_a,20260730,kospi,3,754.0,0.06306306306306285,-14.818580581239445,False,False,False,False,False,False,,,,,
qs_a,20260730,kospi,4,202.0,2.518867924528301,-12.362775719774206,False,False,False,False,False,False,,,,,
qs_a,20260730,kospi,5,915.0,1.631979695431463,-13.249663948871044,False,False,False,False,False,False,,,,,
qs_a,20260730,kospi,6,772.0,3.027607361963181,-11.854036282339326,False,False,False,False,False,False,,,,,
qs_a,20260730,kospi,7,3.0,7.287610619469021,-7.594033024833486,False,False,False,False,False,False,,,,,
qs_a,20260730,kospi,8,696.0,3.80170889805539,-11.079934746247117,False,False,False,False,False,False,,,,,
qs_a,20260730,kospi,9,1483.0,-0.5,-15.381643644302507,False,False,False,False,False,False,,,,,
qs_a,20260730,kospi,10,1840.0,2.929355281207136,-11.95228836309537,False,False,False,False,False,False,,,,,
qs_a,20260731,kosdaq,1,789.0,6.848242811501592,-8.676995296056248,False,False,False,False,False,False,,,,,
qs_a,20260731,kosdaq,2,962.0,6.061546286876907,-9.463691820680932,False,False,False,False,False,False,,,,,
qs_a,20260731,kosdaq,3,2652.0,0.5040160642570184,-15.02122204330082,False,False,False,False,False,False,,,,,
qs_a,20260731,kosdaq,4,788.0,8.97916666666666,-6.546071440891179,False,False,False,False,False,False,,,,,
qs_a,20260731,kosdaq,5,1047.0,0.5526315789473717,-14.972606528610468,False,False,False,False,False,False,,,,,
qs_a,20260731,kosdaq,6,1813.0,10.33743842364533,-5.187799683912511,False,False,False,False,False,False,,,,,
qs_a,20260731,kosdaq,7,1821.0,-13.397678417884784,-28.922916525442623,False,False,False,False,False,False,,,,,
qs_a,20260731,kosdaq,8,798.0,6.561197041022194,-8.964041066535646,False,False,False,False,False,False,,,,,
qs_a,20260731,kosdaq,9,1410.0,-12.354304635761594,-27.879542743319433,False,False,False,False,False,False,,,,,
qs_a,20260731,kosdaq,10,900.0,8.738814642649617,-6.786423464908223,False,False,False,False,False,False,,,,,
qs_a,20260731,kospi,1,204.0,-1.1502890173410436,-13.487171043401048,False,False,False,False,False,False,,,,,
qs_a,20260731,kospi,2,156.0,-0.7222222222222237,-13.059104248282228,False,False,False,False,False,False,,,,,
qs_a,20260731,kospi,3,754.0,-0.8363228699551525,-13.173204896015157,False,False,False,False,False,False,,,,,
qs_a,20260731,kospi,4,696.0,0.7643678160919603,-11.572514209968045,False,False,False,False,False,False,,,,,
qs_a,20260731,kospi,5,915.0,-1.0005005005005003,-13.337382526560505,False,False,False,False,False,False,,,,,
qs_a,20260731,kospi,6,202.0,5.076923076923079,-7.259958949136926,False,False,False,False,False,False,,,,,
qs_a,20260731,kospi,7,1673.0,3.9318181818181928,-8.405063844241813,False,False,False,False,False,False,,,,,
qs_a,20260731,kospi,8,3.0,5.279334500875666,-7.057547525184339,False,False,False,False,False,False,,,,,
qs_a,20260731,kospi,9,772.0,3.3552321007081063,-8.981649925351899,False,False,False,False,False,False,,,,,
qs_a,20260731,kospi,10,1483.0,0.0045408678102880524,-12.332341158249717,False,False,False,False,False,False,,,,,
qs_a,20260803,kosdaq,1,789.0,5.120360551431602,-5.269849465149578,False,False,False,False,False,False,,,,,
qs_a,20260803,kosdaq,2,962.0,4.869807497467072,-5.520402519114109,False,False,False,False,False,False,,,,,
qs_a,20260803,kosdaq,3,2652.0,-0.19604863221883662,-10.586258648800017,False,False,False,False,False,False,,,,,
qs_a,20260803,kosdaq,4,788.0,10.483263598326353,0.09305358174517231,False,False,False,False,False,False,,,,,
qs_a,20260803,kosdaq,5,1813.0,5.2784911717496,-5.1117188448315805,False,False,False,False,False,False,,,,,
qs_a,20260803,kosdaq,6,1047.0,1.623142250530785,-8.767067766050396,False,False,False,False,False,False,,,,,
qs_a,20260803,kosdaq,7,798.0,9.37821380243572,-1.0119962141454604,False,False,False,False,False,False,,,,,
qs_a,20260803,kosdaq,8,1821.0,-10.580285459411243,-20.970495475992422,False,False,False,False,False,False,,,,,
qs_a,20260803,kosdaq,9,1410.0,-13.182602921646748,-23.572812938227926,False,False,False,False,False,False,,,,,
qs_a,20260803,kosdaq,10,1686.0,4.73364485981308,-5.6565651567681,False,False,False,False,False,False,,,,,
qs_a,20260803,kospi,1,204.0,-4.242937853107342,-15.34114782775675,False,False,False,False,False,False,,,,,
qs_a,20260803,kospi,2,156.0,-0.050561797752812346,-11.14877177240222,False,False,False,False,False,False,,,,,
qs_a,20260803,kospi,3,754.0,2.098870056497171,-8.999339918152236,False,False,False,False,False,False,,,,,
qs_a,20260803,kospi,4,3.0,5.331903945111483,-5.766306029537924,False,False,False,False,False,False,,,,,
qs_a,20260803,kospi,5,696.0,1.814814814814814,-9.283395159834594,False,False,False,False,False,False,,,,,
qs_a,20260803,kospi,6,202.0,3.6666666666666745,-7.431543307982732,False,False,False,False,False,False,,,,,
qs_a,20260803,kospi,7,1673.0,9.1244131455399,-1.9737968291095065,False,False,False,False,False,False,,,,,
qs_a,20260803,kospi,8,915.0,0.616751269035543,-10.481458705613864,False,False,False,False,False,False,,,,,
qs_a,20260803,kospi,9,772.0,2.9348165495706517,-8.163393425078755,False,False,False,False,False,False,,,,,
qs_a,20260803,kospi,10,1483.0,0.4127789046653234,-10.685431069984084,False,False,False,False,False,False,,,,,
qs_a,20260804,kosdaq,1,789.0,2.625,1.9405090495603852,False,False,False,False,False,False,,,,,
qs_a,20260804,kosdaq,2,962.0,4.843511450381677,4.159020499942063,False,False,False,False,False,False,,,,,
qs_a,20260804,kosdaq,3,788.0,4.78992878942014,4.105437838980525,False,False,False,False,False,False,,,,,
qs_a,20260804,kosdaq,4,2652.0,-0.6037344398340245,-1.2882253902736394,False,False,False,False,False,False,,,,,
qs_a,20260804,kosdaq,5,1813.0,4.4679487179487225,3.7834577675091077,False,False,False,False,False,False,,,,,
qs_a,20260804,kosdaq,6,2267.0,5.421052631578938,4.736561681139324,False,False,False,False,False,False,,,,,
qs_a,20260804,kosdaq,7,1047.0,-0.2894736842105168,-0.9739646346501315,False,False,False,False,False,False,,,,,
qs_a,20260804,kosdaq,8,1821.0,-14.00877192982456,-14.693262880264175,False,False,False,False,False,False,,,,,
qs_a,20260804,kosdaq,9,1686.0,-3.19784172661871,-3.882332677058325,False,False,False,False,False,False,,,,,
qs_a,20260804,kosdaq,10,1410.0,-10.28635423845624,-10.970845188895856,False,False,False,False,False,False,,,,,
qs_a,20260804,kospi,1,204.0,-3.660919540229889,-6.931751951725259,False,False,False,False,False,False,,,,,
qs_a,20260804,kospi,2,202.0,1.3382352941176405,-1.9325971173777288,False,False,False,False,False,False,,,,,
qs_a,20260804,kospi,3,156.0,2.740740740740744,-0.5300916707546253,False,False,False,False,False,False,,,,,
qs_a,20260804,kospi,4,754.0,0.9444444444444481,-2.326387967050921,False,False,False,False,False,False,,,,,
qs_a,20260804,kospi,5,3.0,3.6025641025641106,0.33173169106874134,False,False,False,False,False,False,,,,,
qs_a,20260804,kospi,6,1673.0,6.561503416856496,3.2906710053611268,False,False,False,False,False,False,,,,,
qs_a,20260804,kospi,7,915.0,-2.184836471754214,-5.455668883249583,False,False,False,False,False,False,,,,,
qs_a,20260804,kospi,8,772.0,-1.9084507042253502,-5.17928311572072,False,False,False,False,False,False,,,,,
qs_a,20260804,kospi,9,1483.0,-0.5,-3.7708324114953693,False,False,False,False,False,False,,,,,
qs_a,20260804,kospi,10,1440.0,-3.530303030303027,-6.8011354417983965,False,False,False,False,False,False,,,,,
qs_a,20260805,kosdaq,1,789.0,1.0368852459016313,2.8118084393671183,False,False,False,False,False,False,,,,,
qs_a,20260805,kosdaq,2,962.0,4.999999999999994,6.774923193465481,False,False,False,False,False,False,,,,,
qs_a,20260805,kosdaq,3,2652.0,-1.5373443983402453,0.23757879512524172,False,False,False,False,False,False,,,,,
qs_a,20260805,kosdaq,4,1813.0,3.8548387096774115,5.6297619031428985,False,False,False,False,False,False,,,,,
qs_a,20260805,kosdaq,5,788.0,3.721105527638192,5.496028721103679,False,False,False,False,False,False,,,,,
qs_a,20260805,kosdaq,6,936.0,-0.26019184652278327,1.5147313469427037,False,False,False,False,False,False,,,,,
qs_a,20260805,kosdaq,7,2267.0,2.4459901800327426,4.220913373498229,False,False,False,False,False,False,,,,,
qs_a,20260805,kosdaq,8,1047.0,-2.3750000000000044,-0.6000768065345174,False,False,False,False,False,False,,,,,
qs_a,20260805,kosdaq,9,798.0,7.790488431876607,9.565411625342094,False,False,False,False,False,False,,,,,
qs_a,20260805,kosdaq,10,1686.0,0.573345259391778,2.348268452857265,False,False,False,False,False,False,,,,,
qs_a,20260805,kospi,1,204.0,-8.833333333333337,-11.718605109705823,False,False,False,False,False,False,,,,,
qs_a,20260805,kospi,2,202.0,-0.857142857142856,-3.7424146335153425,False,False,False,False,False,False,,,,,
qs_a,20260805,kospi,3,1673.0,5.778026905829592,2.8927551294571057,False,False,False,False,False,False,,,,,
qs_a,20260805,kospi,4,3.0,4.491394148020656,1.6061223716481692,False,False,False,False,False,False,,,,,
qs_a,20260805,kospi,5,754.0,3.380764904386958,0.4954931280144712,False,False,False,False,False,False,,,,,
qs_a,20260805,kospi,6,156.0,-3.5434782608695694,-6.428750037242056,False,False,False,False,False,False,,,,,
qs_a,20260805,kospi,7,696.0,-3.8388981636060073,-6.724169939978494,False,False,False,False,False,False,,,,,
qs_a,20260805,kospi,8,772.0,-2.858490566037741,-5.7437623424102275,False,False,False,False,False,False,,,,,
qs_a,20260805,kospi,9,1440.0,-3.5087094220110795,-6.393981198383566,False,False,False,False,False,False,,,,,
qs_a,20260805,kospi,10,1483.0,-1.0020080321285092,-3.887279808500996,False,False,False,False,False,False,,,,,
qs_a,20260806,kosdaq,1,789.0,3.1885245901639334,2.753271908989232,False,False,False,False,False,False,,,,,
qs_a,20260806,kosdaq,2,962.0,6.6599045346061985,6.224651853431498,False,False,False,False,False,False,,,,,
qs_a,20260806,kosdaq,3,788.0,3.399999999999993,2.9647473188252915,False,False,False,False,False,False,,,,,
qs_a,20260806,kosdaq,4,2652.0,-1.1342494714587699,-1.5695021526334711,False,False,False,False,False,False,,,,,
qs_a,20260806,kosdaq,5,2267.0,0.6200000000000099,0.1847473188253086,False,False,False,False,False,False,,,,,
qs_a,20260806,kosdaq,6,1047.0,-5.987804878048785,-6.423057559223487,False,False,False,False,False,False,,,,,
qs_a,20260806,kosdaq,7,936.0,0.8142174432497099,0.3789647620750086,False,False,False,False,False,False,,,,,
qs_a,20260806,kosdaq,8,1686.0,-1.0338078291814985,-1.4690605103561998,False,False,False,False,False,False,,,,,
qs_a,20260806,kosdaq,9,798.0,7.763933376040988,7.3286806948662875,False,False,False,False,False,False,,,,,
qs_a,20260806,kosdaq,10,1391.0,7.246478873239425,6.811226192064725,False,False,False,False,False,False,,,,,
qs_a,20260806,kospi,1,204.0,-9.807065217391308,-12.389074372261273,False,False,False,False,False,False,,,,,
qs_a,20260806,kospi,2,1673.0,3.6340782122905044,1.0520690574205402,False,False,False,False,False,False,,,,,
qs_a,20260806,kospi,3,754.0,1.9930747922437657,-0.5889343626261985,False,False,False,False,False,False,,,,,
qs_a,20260806,kospi,4,202.0,0.23260073260073,-2.349408422269234,False,False,False,False,False,False,,,,,
qs_a,20260806,kospi,5,696.0,-2.4911504424778736,-5.073159597347837,False,False,False,False,False,False,,,,,
qs_a,20260806,kospi,6,156.0,-3.7894736842105305,-6.371482839080494,False,False,False,False,False,False,,,,,
qs_a,20260806,kospi,7,1440.0,-4.689723320158101,-7.271732475028065,False,False,False,False,False,False,,,,,
qs_a,20260806,kospi,8,772.0,-1.8291634089132143,-4.411172563783179,False,False,False,False,False,False,,,,,
qs_a,20260806,kospi,9,1483.0,-0.39959839357429594,-2.98160754844426,False,False,False,False,False,False,,,,,
qs_a,20260806,kospi,10,2492.0,-2.6354166666666674,-5.217425821536631,False,False,False,False,False,False,,,,,
qs_a,20260807,kosdaq,1,789.0,-0.9153686396677015,-2.519270121415725,False,False,False,False,False,False,,,,,
qs_a,20260807,kosdaq,2,962.0,2.094339622641506,0.49043814089348237,False,False,False,False,False,False,,,,,
qs_a,20260807,kosdaq,3,788.0,1.3811881188118829,-0.22271336293614086,False,False,False,False,False,False,,,,,
qs_a,20260807,kosdaq,4,2267.0,-2.7222222222222254,-4.326123703970249,False,False,False,False,False,False,,,,,
qs_a,20260807,kosdaq,5,2652.0,7.427519818799555,5.823618337051531,False,False,False,False,False,False,,,,,
qs_a,20260807,kosdaq,6,936.0,0.45465393794749165,-1.149247543800532,False,False,False,False,False,False,,,,,
qs_a,20260807,kosdaq,7,1047.0,-6.712424849699394,-8.316326331447417,False,False,False,False,False,False,,,,,
qs_a,20260807,kosdaq,8,1686.0,-4.952054794520543,-6.555956276268567,False,False,False,False,False,False,,,,,
qs_a,20260807,kosdaq,9,798.0,7.532890575585071,5.928989093837048,False,False,False,False,False,False,,,,,
qs_a,20260807,kosdaq,10,891.0,-1.977272727272727,-3.581174209020751,False,False,False,False,False,False,,,,,
qs_a,20260807,kospi,1,204.0,-13.3,-16.341465564815376,False,False,False,False,False,False,,,,,
qs_a,20260807,kospi,2,1578.0,1.6249999999999991,-1.4164655648153772,False,False,False,False,False,False,,,,,
qs_a,20260807,kospi,3,202.0,-3.685840707964604,-6.72730627277998,False,False,False,False,False,False,,,,,
qs_a,20260807,kospi,4,754.0,-1.2621121393576513,-4.303577704173028,False,False,False,False,False,False,,,,,
qs_a,20260807,kospi,5,3.0,1.0025041736226985,-2.038961391192678,False,False,False,False,False,False,,,,,
qs_a,20260807,kospi,6,696.0,-0.9444444444444474,-3.9859100092598236,False,False,False,False,False,False,,,,,
qs_a,20260807,kospi,7,156.0,-7.418238993710691,-10.459704558526067,False,False,False,False,False,False,,,,,
qs_a,20260807,kospi,8,1483.0,-1.3973080757726848,-4.438773640588061,False,False,False,False,False,False,,,,,
qs_a,20260807,kospi,9,1440.0,-4.909448818897643,-7.95091438371302,False,False,False,False,False,False,,,,,
qs_a,20260807,kospi,10,772.0,-3.5911901081916544,-6.632655673007031,False,False,False,False,False,False,,,,,
qs_a,20260810,kosdaq,1,789.0,-1.8374485596707841,1.810054316670854,False,False,False,False,False,False,,,,,
qs_a,20260810,kosdaq,2,1813.0,-5.205882352941182,-1.5583794765995438,False,False,False,False,False,False,,,,,
qs_a,20260810,kosdaq,3,962.0,6.889162561576356,10.536665437917994,False,False,False,False,False,False,,,,,
qs_a,20260810,kosdaq,4,788.0,0.5923535253227312,4.239856401664369,False,False,False,False,False,False,,,,,
qs_a,20260810,kosdaq,5,2267.0,-6.981481481481477,-3.3339786051398392,False,False,False,False,False,False,,,,,
qs_a,20260810,kosdaq,6,2652.0,5.851039260969982,9.49854213731162,False,False,False,False,False,False,,,,,
qs_a,20260810,kosdaq,7,936.0,-0.1441281138789936,3.5033747624626446,False,False,False,False,False,False,,,,,
qs_a,20260810,kosdaq,8,1047.0,-6.899999999999995,-3.252497123658357,False,False,False,False,False,False,,,,,
qs_a,20260810,kosdaq,9,1686.0,-6.302047781569964,-2.654544905228326,False,False,False,False,False,False,,,,,
qs_a,20260810,kosdaq,10,891.0,-2.5431328036322416,1.1043700727093966,False,False,False,False,False,False,,,,,
qs_a,20260810,kospi,1,204.0,-13.900000000000002,-14.345313078256341,False,False,False,False,False,False,,,,,
qs_a,20260810,kospi,2,1578.0,0.4962640099626441,0.0509509317063046,False,False,False,False,False,False,,,,,
qs_a,20260810,kospi,3,754.0,-1.1525285481239762,-1.5978416263803157,False,False,False,False,False,False,,,,,
qs_a,20260810,kospi,4,202.0,-2.813167259786475,-3.2584803380428147,False,False,False,False,False,False,,,,,
qs_a,20260810,kospi,5,3.0,-0.6652892561983421,-1.1106023344546816,False,False,False,False,False,False,,,,,
qs_a,20260810,kospi,6,156.0,-7.718683651804669,-8.163996730061008,False,False,False,False,False,False,,,,,
qs_a,20260810,kospi,7,1483.0,-4.092233009708734,-4.537546087965073,False,False,False,False,False,False,,,,,
qs_a,20260810,kospi,8,1440.0,-5.370384917517678,-5.815697995774018,False,False,False,False,False,False,,,,,
qs_a,20260810,kospi,9,772.0,-0.4215686274509851,-0.8668817057073246,False,False,False,False,False,False,,,,,
qs_a,20260810,kospi,10,2201.0,2.6454783748361637,2.200165296579824,False,False,False,False,False,False,,,,,
qs_a,20260811,kosdaq,1,789.0,1.9615384615384706,6.056125808004481,False,False,False,False,False,False,,,,,
qs_a,20260811,kosdaq,2,1813.0,-2.457831325301207,1.6367560211648033,False,False,False,False,False,False,,,,,
qs_a,20260811,kosdaq,3,788.0,-1.6594202898550732,2.435167056610937,False,False,False,False,False,False,,,,,
qs_a,20260811,kosdaq,4,962.0,12.467581047381538,16.56216839384755,False,False,False,False,False,False,,,,,
qs_a,20260811,kosdaq,5,2652.0,5.290645879732748,9.385233226198757,False,False,False,False,False,False,,,,,
qs_a,20260811,kosdaq,6,2267.0,-6.83693972179289,-2.7423523753268793,False,False,False,False,False,False,,,,,
qs_a,20260811,kosdaq,7,891.0,-3.530303030303027,0.5642843161629831,False,False,False,False,False,False,,,,,
qs_a,20260811,kosdaq,8,1686.0,-7.558823529411763,-3.4642361829457524,False,False,False,False,False,False,,,,,
qs_a,20260811,kosdaq,9,936.0,-0.38109393579072126,3.713493410675289,False,False,False,False,False,False,,,,,
qs_a,20260811,kosdaq,10,798.0,2.8804548248309807,6.975042171296991,False,False,False,False,False,False,,,,,
qs_a,20260811,kospi,1,204.0,-14.169542136695423,-14.125975995406403,False,False,False,False,False,False,,,,,
qs_a,20260811,kospi,2,202.0,-0.14349376114081114,-0.09992761985179163,False,False,False,False,False,False,,,,,
qs_a,20260811,kospi,3,1578.0,-1.1180469715698411,-1.0744808302808215,False,False,False,False,False,False,,,,,
qs_a,20260811,kospi,4,754.0,-0.9312668463611892,-0.8877007050721697,False,False,False,False,False,False,,,,,
qs_a,20260811,kospi,5,696.0,-2.0495296070835662,-2.005963465794547,False,False,False,False,False,False,,,,,
qs_a,20260811,kospi,6,3.0,-1.158978583196046,-1.1154124419070264,False,False,False,False,False,False,,,,,
qs_a,20260811,kospi,7,156.0,-8.289473684210524,-8.245907542921504,False,False,False,False,False,False,,,,,
qs_a,20260811,kospi,8,1483.0,-4.342459173871282,-4.298893032582262,False,False,False,False,False,False,,,,,
qs_a,20260811,kospi,9,1440.0,-2.446472019464718,-2.4029058781756985,False,False,False,False,False,False,,,,,
qs_a,20260811,kospi,10,772.0,-1.6538461538461497,-1.6102800125571302,False,False,False,False,False,False,,,,,
qs_a,20260812,kosdaq,1,1813.0,-3.064102564102566,1.2713272427899578,False,False,False,False,False,False,,,,,
qs_a,20260812,kosdaq,2,788.0,-0.9882812500000001,3.347148556892524,False,False,False,False,False,False,,,,,
qs_a,20260812,kosdaq,3,962.0,16.366866866866868,20.702296673759392,False,False,False,False,False,False,,,,,
qs_a,20260812,kosdaq,4,2652.0,6.882550335570469,11.217980142462993,False,False,False,False,False,False,,,,,
qs_a,20260812,kosdaq,5,2267.0,-6.236434108527133,-1.9010043016346092,False,False,False,False,False,False,,,,,
qs_a,20260812,kosdaq,6,1686.0,-6.352842809364545,-2.017413002472021,False,False,False,False,False,False,,,,,
qs_a,20260812,kosdaq,7,936.0,-0.5,3.835429806892524,False,False,False,False,False,False,,,,,
qs_a,20260812,kosdaq,8,891.0,-3.2180067950169913,1.1174230118755326,False,False,False,False,False,False,,,,,
qs_a,20260812,kosdaq,9,798.0,2.5506406345332415,6.886070441425765,False,False,False,False,False,False,,,,,
qs_a,20260812,kosdaq,10,1047.0,-5.612474437627812,-1.277044630735288,False,False,False,False,False,False,,,,,
qs_a,20260812,kospi,1,754.0,-0.5543773790103286,0.23028715724959092,False,False,False,False,False,False,,,,,
qs_a,20260812,kospi,2,202.0,2.552064631956908,3.336729168216827,False,False,False,False,False,False,,,,,
qs_a,20260812,kospi,3,1578.0,1.744389027431426,2.5290535636913454,False,False,False,False,False,False,,,,,
qs_a,20260812,kospi,4,696.0,-1.8259668508287303,-1.041302314568811,False,False,False,False,False,False,,,,,
qs_a,20260812,kospi,5,1483.0,-0.40079365079365115,0.38387088546626835,False,False,False,False,False,False,,,,,
qs_a,20260812,kospi,6,156.0,-5.3140043763676195,-4.5293398401077,False,False,False,False,False,False,,,,,
qs_a,20260812,kospi,7,1440.0,-2.846278317152106,-2.061613780892187,False,False,False,False,False,False,,,,,
qs_a,20260812,kospi,8,2492.0,0.20844686648501298,0.9931114027449325,False,False,False,False,False,False,,,,,
qs_a,20260812,kospi,9,772.0,-4.096021423106355,-3.3113568868464354,False,False,False,False,False,False,,,,,
qs_a,20260812,kospi,10,2201.0,1.3276762402088753,2.1123407764687947,False,False,False,False,False,False,,,,,
qs_a,20260814,kosdaq,1,2652.0,4.2109207708779355,10.463060037600922,False,False,False,False,False,False,,,,,
qs_a,20260814,kosdaq,2,1813.0,-5.529585798816571,0.7225534679064163,False,False,False,False,False,False,,,,,
qs_a,20260814,kosdaq,3,962.0,0.6547344110854452,6.9068736778084325,False,False,False,False,False,False,,,,,
qs_a,20260814,kosdaq,4,788.0,-0.9921259842519677,5.26001328247102,False,False,False,False,False,False,,,,,
qs_a,20260814,kosdaq,5,936.0,0.34235860409145324,6.594497870814441,False,False,False,False,False,False,,,,,
qs_a,20260814,kosdaq,6,2267.0,-5.49219968798752,0.7599395787354677,False,False,False,False,False,False,,,,,
qs_a,20260814,kosdaq,7,1238.0,-3.978260869565219,2.2738783971577683,False,False,False,False,False,False,,,,,
qs_a,20260814,kosdaq,8,1636.0,-1.6070110701106972,4.645128196612291,False,False,False,False,False,False,,,,,
qs_a,20260814,kosdaq,9,1686.0,-4.929301533219765,1.3228377335032224,False,False,False,False,False,False,,,,,
qs_a,20260814,kosdaq,10,1047.0,-3.6055900621117956,2.646549204611192,False,False,False,False,False,False,,,,,
qs_a,20260814,kospi,1,1251.0,-3.6446540880503133,-0.6690608341519577,False,False,False,False,False,False,,,,,
qs_a,20260814,kospi,2,552.0,1.0825914935707175,4.058184747469073,False,False,False,False,False,False,,,,,
qs_a,20260814,kospi,3,754.0,-1.9673913043478315,1.0082019495505241,False,False,False,False,False,False,,,,,
qs_a,20260814,kospi,4,1578.0,2.009410288582181,4.985003542480537,False,False,False,False,False,False,,,,,
qs_a,20260814,kospi,5,1395.0,-4.464757709251098,-1.4891644553527428,False,False,False,False,False,False,,,,,
qs_a,20260814,kospi,6,539.0,2.9265734265734205,5.902166680471776,False,False,False,False,False,False,,,,,
qs_a,20260814,kospi,7,202.0,6.021739130434789,8.997332384333145,False,False,False,False,False,False,,,,,
qs_a,20260814,kospi,8,696.0,-0.5,2.4755932538983556,False,False,False,False,False,False,,,,,
qs_a,20260814,kospi,9,1440.0,-6.169291338582682,-3.1936980846843266,False,False,False,False,False,False,,,,,
qs_a,20260814,kospi,10,156.0,-7.506369426751592,-4.530776172853236,False,False,False,False,False,False,,,,,
qs_a,20260818,kosdaq,1,1396.0,-4.8728423475258955,-6.407256473279455,False,False,False,False,False,False,,,,,
qs_a,20260818,kosdaq,2,1813.0,-4.541916167664672,-6.0763302934182315,False,False,False,False,False,False,,,,,
qs_a,20260818,kosdaq,3,962.0,10.448905109489049,8.91449098373549,False,False,False,False,False,False,,,,,
qs_a,20260818,kosdaq,4,788.0,1.7267206477732726,0.1923065220197131,False,False,False,False,False,False,,,,,
qs_a,20260818,kosdaq,5,2652.0,29.176674364896073,27.642260239142512,False,False,False,False,False,False,,,,,
qs_a,20260818,kosdaq,6,690.0,6.782913165266102,5.248499039512542,False,False,False,False,False,False,,,,,
qs_a,20260818,kosdaq,7,936.0,1.0970515970515908,-0.4373625287019687,False,False,False,False,False,False,,,,,
qs_a,20260818,kosdaq,8,2267.0,-5.420634920634925,-6.955049046388485,False,False,False,False,False,False,,,,,
qs_a,20260818,kosdaq,9,1047.0,-3.6315240083507274,-5.165938134104287,False,False,False,False,False,False,,,,,
qs_a,20260818,kosdaq,10,1636.0,0.0639097744360999,-1.4705043513174596,False,False,False,False,False,False,,,,,
qs_a,20260818,kospi,1,1251.0,-5.328660436137066,-6.857439821088147,False,False,False,False,False,False,,,,,
qs_a,20260818,kospi,2,754.0,-0.6663893510815306,-2.1951687360326115,False,False,False,False,False,False,,,,,
qs_a,20260818,kospi,3,552.0,0.8944223107569708,-0.6343570741941104,False,False,False,False,False,False,,,,,
qs_a,20260818,kospi,4,1578.0,3.693138500635319,2.1643591156842374,False,False,False,False,False,False,,,,,
qs_a,20260818,kospi,5,202.0,3.651624548736455,2.1228451637853736,False,False,False,False,False,False,,,,,
qs_a,20260818,kospi,6,3.0,-1.4933774834437137,-3.022156868394795,False,False,False,False,False,False,,,,,
qs_a,20260818,kospi,7,1395.0,0.18181818181818343,-1.3469612031328977,False,False,False,False,False,False,,,,,
qs_a,20260818,kospi,8,539.0,4.428571428571438,2.899792043620357,False,False,False,False,False,False,,,,,
qs_a,20260818,kospi,9,1440.0,-4.370967741935482,-5.899747126886563,False,False,False,False,False,False,,,,,
qs_a,20260818,kospi,10,696.0,8.372352604464794,6.843573219513713,False,False,False,False,False,False,,,,,
qs_a,20260819,kosdaq,1,1396.0,-1.5830324909747335,-1.4216533304771934,False,False,False,False,False,False,,,,,
qs_a,20260819,kosdaq,2,1813.0,-9.995548961424328,-9.834169800926787,False,False,False,False,False,False,,,,,
qs_a,20260819,kosdaq,3,962.0,8.590909090909083,8.752288251406624,False,False,False,False,False,False,,,,,
qs_a,20260819,kosdaq,4,788.0,-1.0970149253731294,-0.9356357648755893,False,False,False,False,False,False,,,,,
qs_a,20260819,kosdaq,5,2652.0,31.7503008423586,31.91168000285614,False,False,False,False,False,False,,,,,
qs_a,20260819,kosdaq,6,936.0,2.737858032378571,2.899237192876111,False,False,False,False,False,False,,,,,
qs_a,20260819,kosdaq,7,1047.0,-3.8472803347280307,-3.685901174230491,False,False,False,False,False,False,,,,,
qs_a,20260819,kosdaq,8,2267.0,-2.2515923566879033,-2.0902131961903634,False,False,False,False,False,False,,,,,
qs_a,20260819,kosdaq,9,1636.0,-0.12121212121211046,0.0401670392854296,False,False,False,False,False,False,,,,,
qs_a,20260819,kosdaq,10,891.0,-0.9733727810650846,-0.8119936205675445,False,False,False,False,False,False,,,,,
qs_a,20260819,kospi,1,204.0,-8.570175438596495,-8.682791200682196,False,False,False,False,False,False,,,,,
qs_a,20260819,kospi,2,1251.0,-5.507824726134579,-5.6204404882202805,False,False,False,False,False,False,,,,,
qs_a,20260819,kospi,3,754.0,-1.4879253567508184,-1.60054111883652,False,False,False,False,False,False,,,,,
qs_a,20260819,kospi,4,1578.0,2.1415094339622636,2.028893671876562,False,False,False,False,False,False,,,,,
qs_a,20260819,kospi,5,552.0,0.0010020040080220734,-0.11161375807767945,False,False,False,False,False,False,,,,,
qs_a,20260819,kospi,6,202.0,3.346153846153855,3.2335380840681536,False,False,False,False,False,False,,,,,
qs_a,20260819,kospi,7,1395.0,0.3968609865470878,0.2842452244613863,False,False,False,False,False,False,,,,,
qs_a,20260819,kospi,8,3.0,-1.8114754098360604,-1.924091171921762,False,False,False,False,False,False,,,,,
qs_a,20260819,kospi,9,539.0,2.4829545454545414,2.37033878336884,False,False,False,False,False,False,,,,,
qs_a,20260819,kospi,10,696.0,13.279302458547749,13.166686696462047,False,False,False,False,False,False,,,,,
qs_a,20260821,kosdaq,1,1813.0,-6.346153846153846,-12.525774857679652,False,False,False,False,False,False,,,,,
qs_a,20260821,kosdaq,2,788.0,-1.2960199004975133,-7.475640912023319,False,False,False,False,False,False,,,,,
qs_a,20260821,kosdaq,3,1396.0,0.3631319358816336,-5.8164890756441725,False,False,False,False,False,False,,,,,
qs_a,20260821,kosdaq,4,962.0,11.93781094527363,5.758189933747825,False,False,False,False,False,False,,,,,
qs_a,20260821,kosdaq,5,1371.0,-0.5,-6.679621011525806,False,False,False,False,False,False,,,,,
qs_a,20260821,kosdaq,6,936.0,1.3726591760299671,-4.806961835495839,False,False,False,False,False,False,,,,,
qs_a,20260821,kosdaq,7,1636.0,1.2274472168905985,-4.952173794635208,False,False,False,False,False,False,,,,,
qs_a,20260821,kosdaq,8,891.0,-0.38235294117646657,-6.561973952702273,False,False,False,False,False,False,,,,,
qs_a,20260821,kosdaq,9,2267.0,2.259740259740262,-3.919880751785544,False,False,False,False,False,False,,,,,
qs_a,20260821,kosdaq,10,1047.0,-3.015723270440251,-9.195344281966058,False,False,False,False,False,False,,,,,
qs_a,20260821,kospi,1,1251.0,-5.074132492113569,-8.38643692573648,False,False,False,False,False,False,,,,,
qs_a,20260821,kospi,2,1430.0,8.613607990012484,5.301303556389574,False,False,False,False,False,False,,,,,
qs_a,20260821,kospi,3,754.0,-0.44419642857141906,-3.756500862194329,False,False,False,False,False,False,,,,,
qs_a,20260821,kospi,4,552.0,1.0197568389057725,-2.2925475947171376,False,False,False,False,False,False,,,,,
qs_a,20260821,kospi,5,1578.0,3.2500000000000093,-0.062304433622900834,False,False,False,False,False,False,,,,,
qs_a,20260821,kospi,6,1440.0,-12.493645750595716,-15.805950184218627,False,False,False,False,False,False,,,,,
qs_a,20260821,kospi,7,202.0,4.279411764705888,0.9671073310829774,False,False,False,False,False,False,,,,,
qs_a,20260821,kospi,8,378.0,-5.674825174825171,-8.98712960844808,False,False,False,False,False,False,,,,,
qs_a,20260821,kospi,9,539.0,3.084229390680993,-0.22807504294191716,False,False,False,False,False,False,,,,,
qs_a,20260821,kospi,10,1395.0,-4.055555555555556,-7.367859989178466,False,False,False,False,False,False,,,,,
qs_a,20260824,kosdaq,1,1813.0,-10.393455098934556,-17.82461181187347,False,False,False,False,False,False,,,,,
qs_a,20260824,kosdaq,2,1396.0,-1.10606060606061,-8.537217318999524,False,False,False,False,False,False,,,,,
qs_a,20260824,kosdaq,3,788.0,-1.4970089730807596,-8.928165686019675,False,False,False,False,False,False,,,,,
qs_a,20260824,kosdaq,4,962.0,14.922885572139311,7.491728859200396,False,False,False,False,False,False,,,,,
qs_a,20260824,kosdaq,5,1371.0,-2.763779527559051,-10.194936240497967,False,False,False,False,False,False,,,,,
qs_a,20260824,kosdaq,6,936.0,-0.12871287128713949,-7.559869584226054,False,False,False,False,False,False,,,,,
qs_a,20260824,kosdaq,7,891.0,-1.9018691588784993,-9.333025871817414,False,False,False,False,False,False,,,,,
qs_a,20260824,kosdaq,8,1636.0,-0.3109640831758016,-7.742120796114716,False,False,False,False,False,False,,,,,
qs_a,20260824,kosdaq,9,2267.0,-1.2911392405063333,-8.722295953445247,False,False,False,False,False,False,,,,,
qs_a,20260824,kosdaq,10,1047.0,-5.054865424430643,-12.486022137369558,False,False,False,False,False,False,,,,,
qs_a,20260824,kospi,1,115.0,-2.1605166051660514,-4.579764954027466,False,False,False,False,False,False,,,,,
qs_a,20260824,kospi,2,1430.0,8.33084577114428,5.911597422282865,False,False,False,False,False,False,,,,,
qs_a,20260824,kospi,3,552.0,-1.3973080757726848,-3.8165564246340993,False,False,False,False,False,False,,,,,
qs_a,20260824,kospi,4,754.0,-1.2198228128460715,-3.639071161707486,False,False,False,False,False,False,,,,,
qs_a,20260824,kospi,5,1578.0,3.4850560398505546,1.06580769098914,False,False,False,False,False,False,,,,,
qs_a,20260824,kospi,6,202.0,1.8636363636363678,-0.5556119852250467,False,False,False,False,False,False,,,,,
qs_a,20260824,kospi,7,1440.0,-11.619999999999997,-14.039248348861411,False,False,False,False,False,False,,,,,
qs_a,20260824,kospi,8,3.0,-0.32905982905982967,-2.748308177921244,False,False,False,False,False,False,,,,,
qs_a,20260824,kospi,9,539.0,2.8619456366237532,0.44269728776233874,False,False,False,False,False,False,,,,,
qs_a,20260824,kospi,10,1395.0,-8.192307692307688,-10.611556041169102,False,False,False,False,False,False,,,,,
qs_a,20260825,kosdaq,1,1352.0,-6.418057663125953,-10.283116009617379,False,False,False,False,False,False,,,,,
qs_a,20260825,kosdaq,2,1813.0,-9.088957055214719,-12.954015401706144,False,False,False,False,False,False,,,,,
qs_a,20260825,kosdaq,3,1396.0,-2.1786570743405282,-6.043715420831954,False,False,False,False,False,False,,,,,
qs_a,20260825,kosdaq,4,788.0,-2.562868369351667,-6.427926715843093,False,False,False,False,False,False,,,,,
qs_a,20260825,kosdaq,5,962.0,9.332134292565952,5.467075946074527,False,False,False,False,False,False,,,,,
qs_a,20260825,kosdaq,6,1371.0,-5.344961240310075,-9.2100195868015,False,False,False,False,False,False,,,,,
qs_a,20260825,kosdaq,7,891.0,-4.280068728522334,-8.14512707501376,False,False,False,False,False,False,,,,,
qs_a,20260825,kosdaq,8,936.0,-2.1949152542372836,-6.059973600728709,False,False,False,False,False,False,,,,,
qs_a,20260825,kosdaq,9,1636.0,-1.6235955056179803,-5.488653852109406,False,False,False,False,False,False,,,,,
qs_a,20260825,kosdaq,10,1910.0,3.9328552803128978,0.06779693382147212,False,False,False,False,False,False,,,,,
qs_a,20260825,kospi,1,1251.0,-7.374999999999998,-7.081669559510922,False,False,False,False,False,False,,,,,
qs_a,20260825,kospi,2,115.0,-6.163716814159292,-5.8703863736702155,False,False,False,False,False,False,,,,,
qs_a,20260825,kospi,3,1430.0,7.355361596009969,7.648692036499045,False,False,False,False,False,False,,,,,
qs_a,20260825,kospi,4,552.0,-1.2936507936507908,-1.0003203531617146,False,False,False,False,False,False,,,,,
qs_a,20260825,kospi,5,1440.0,-12.439102564102566,-12.14577212361349,False,False,False,False,False,False,,,,,
qs_a,20260825,kospi,6,202.0,3.1429872495446163,3.4363176900336923,False,False,False,False,False,False,,,,,
qs_a,20260825,kospi,7,754.0,-1.7297372833985465,-1.4364068429094703,False,False,False,False,False,False,,,,,
qs_a,20260825,kospi,8,3.0,-2.510050251256279,-2.216719810767203,False,False,False,False,False,False,,,,,
qs_a,20260825,kospi,9,539.0,2.9950071326676158,3.2883375731566917,False,False,False,False,False,False,,,,,
qs_a,20260825,kospi,10,156.0,-10.054140127388534,-9.760809686899458,False,False,False,False,False,False,,,,,
qs_a,20260826,kosdaq,1,1396.0,-6.251173708920188,-10.720536941261766,False,False,False,False,False,False,,,,,
qs_a,20260826,kosdaq,2,1813.0,-11.890532544378695,-16.359895776720276,False,False,False,False,False,False,,,,,
qs_a,20260826,kosdaq,3,1352.0,-8.157657657657658,-12.627020889999237,False,False,False,False,False,False,,,,,
qs_a,20260826,kosdaq,4,788.0,-2.9557956777996104,-7.42515891014119,False,False,False,False,False,False,,,,,
qs_a,20260826,kosdaq,5,962.0,10.611111111111116,6.141747878769537,False,False,False,False,False,False,,,,,
qs_a,20260826,kosdaq,6,1371.0,-4.577669902912617,-9.047033135254196,False,False,False,False,False,False,,,,,
qs_a,20260826,kosdaq,7,891.0,-6.018018018018022,-10.4873812503596,False,False,False,False,False,False,,,,,
qs_a,20260826,kosdaq,8,1636.0,-1.6194029850746245,-6.088766217416204,False,False,False,False,False,False,,,,,
qs_a,20260826,kosdaq,9,936.0,-3.374251497005986,-7.843614729347565,False,False,False,False,False,False,,,,,
qs_a,20260826,kosdaq,10,968.0,-1.3695652173912993,-5.838928449732879,False,False,False,False,False,False,,,,,
qs_a,20260826,kospi,1,204.0,-16.516150740242264,-14.275463768803235,False,False,False,False,False,False,,,,,
qs_a,20260826,kospi,2,1251.0,-9.742424242424242,-7.501737270985213,False,False,False,False,False,False,,,,,
qs_a,20260826,kospi,3,115.0,-7.2137809187279185,-4.9730939472888895,False,False,False,False,False,False,,,,,
qs_a,20260826,kospi,4,1430.0,5.742350061199509,7.983037032638537,False,False,False,False,False,False,,,,,
qs_a,20260826,kospi,5,552.0,-1.2881773399014746,0.9525096315375539,False,False,False,False,False,False,,,,,
qs_a,20260826,kospi,6,1440.0,-11.441271118262264,-9.200584146823235,False,False,False,False,False,False,,,,,
qs_a,20260826,kospi,7,754.0,-2.9930747922437657,-0.7523878208047372,False,False,False,False,False,False,,,,,
qs_a,20260826,kospi,8,202.0,3.704753199268741,5.945440170707769,False,False,False,False,False,False,,,,,
qs_a,20260826,kospi,9,3.0,-2.848993288590606,-0.6083063171515777,False,False,False,False,False,False,,,,,
qs_a,20260826,kospi,10,156.0,-8.725108225108224,-6.484421253669195,False,False,False,False,False,False,,,,,
qs_a,20260827,kosdaq,1,1396.0,0.45351609058402786,-3.8340386527116213,False,False,False,False,False,False,,,,,
qs_a,20260827,kosdaq,2,1813.0,-11.56060606060606,-15.84816080390171,False,False,False,False,False,False,,,,,
qs_a,20260827,kosdaq,3,788.0,-2.766009852216744,-7.053564595512393,False,False,False,False,False,False,,,,,
qs_a,20260827,kosdaq,4,1352.0,-6.915094339622641,-11.20264908291829,False,False,False,False,False,False,,,,,
qs_a,20260827,kosdaq,5,968.0,-1.3676789587852451,-5.655233702080894,False,False,False,False,False,False,,,,,
qs_a,20260827,kosdaq,6,962.0,11.322660098522174,7.035105355226525,False,False,False,False,False,False,,,,,
qs_a,20260827,kosdaq,7,936.0,-2.900960384153661,-7.18851512744931,False,False,False,False,False,False,,,,,
qs_a,20260827,kosdaq,8,1636.0,0.6342155009451904,-3.6533392423504587,False,False,False,False,False,False,,,,,
qs_a,20260827,kosdaq,9,1371.0,-0.6000000000000001,-4.887554743295649,False,False,False,False,False,False,,,,,
qs_a,20260827,kosdaq,10,2267.0,-3.79153605015674,-8.079090793452389,False,False,False,False,False,False,,,,,
qs_a,20260827,kospi,1,1251.0,-9.1687306501548,-8.08793448526102,False,False,False,False,False,False,,,,,
qs_a,20260827,kospi,2,115.0,-6.640350877192979,-5.5595547122991995,False,False,False,False,False,False,,,,,
qs_a,20260827,kospi,3,754.0,-1.790684624017957,-0.709888459124177,False,False,False,False,False,False,,,,,
qs_a,20260827,kospi,4,202.0,4.087155963302747,5.167952128196527,False,False,False,False,False,False,,,,,
qs_a,20260827,kospi,5,156.0,-3.8632286995515677,-2.7824325346577874,False,False,False,False,False,False,,,,,
qs_a,20260827,kospi,6,2201.0,3.958598726114649,5.039394891008429,False,False,False,False,False,False,,,,,
qs_a,20260827,kospi,7,1591.0,-3.833333333333332,-2.7525371684395523,False,False,False,False,False,False,,,,,
qs_a,20260827,kospi,8,378.0,-3.0110782865583436,-1.9302821216645636,False,False,False,False,False,False,,,,,
qs_a,20260827,kospi,9,1578.0,0.22551390568318386,1.306310070576964,False,False,False,False,False,False,,,,,
qs_a,20260827,kospi,10,2095.0,3.5816326530612295,4.66242881795501,False,False,False,False,False,False,,,,,
qs_a,20260828,kosdaq,1,1396.0,-2.275147928994081,-8.049797551664629,False,False,False,False,False,False,,,,,
qs_a,20260828,kosdaq,2,968.0,-2.006996770721203,-7.7816463933917515,False,False,False,False,False,False,,,,,
qs_a,20260828,kosdaq,3,1813.0,-12.943778110944526,-18.718427733615073,False,False,False,False,False,False,,,,,
qs_a,20260828,kosdaq,4,788.0,-7.091337099811678,-12.865986722482226,False,False,False,False,False,False,,,,,
qs_a,20260828,kosdaq,5,1352.0,-8.290262172284645,-14.064911794955194,False,False,False,False,False,False,,,,,
qs_a,20260828,kosdaq,6,962.0,6.880952380952376,1.106302758281828,False,False,False,False,False,False,,,,,
qs_a,20260828,kosdaq,7,936.0,-5.205882352941182,-10.98053197561173,False,False,False,False,False,False,,,,,
qs_a,20260828,kosdaq,8,1636.0,-1.615241635687736,-7.3898912583582845,False,False,False,False,False,False,,,,,
qs_a,20260828,kosdaq,9,1371.0,-3.2343749999999996,-9.009024622670548,False,False,False,False,False,False,,,,,
qs_a,20260828,kosdaq,10,2267.0,-7.044901065449016,-12.819550688119564,False,False,False,False,False,False,,,,,
qs_a,20260828,kospi,1,1251.0,-9.604704097116844,-7.368821090627956,False,False,False,False,False,False,,,,,
qs_a,20260828,kospi,2,156.0,-4.0955056179775235,-1.8596226114886356,False,False,False,False,False,False,,,,,
qs_a,20260828,kospi,3,249.0,2.246693794506605,4.482576800995493,False,False,False,False,False,False,,,,,
qs_a,20260828,kospi,4,202.0,-1.96520146520146,0.27068154128742794,False,False,False,False,False,False,,,,,
qs_a,20260828,kospi,5,2201.0,6.864341085271308,9.100224091760197,False,False,False,False,False,False,,,,,
qs_a,20260828,kospi,6,378.0,-8.1163610719323,-5.880478065443412,False,False,False,False,False,False,,,,,
qs_a,20260828,kospi,7,1591.0,-6.2915057915057915,-4.0556227850169035,False,False,False,False,False,False,,,,,
qs_a,20260828,kospi,8,2095.0,3.19685767097967,5.4327406774685585,False,False,False,False,False,False,,,,,
qs_a,20260828,kospi,9,109.0,-2.7298456260720356,-0.4939626195831477,False,False,False,False,False,False,,,,,
qs_a,20260828,kospi,10,1395.0,-7.506369426751592,-5.270486420262704,False,False,False,False,False,False,,,,,
qs_a,20260831,kosdaq,1,1396.0,-4.797328687572588,-9.193053850343151,False,False,False,False,False,False,,,,,
qs_a,20260831,kosdaq,2,1813.0,-13.092592592592588,-17.488317755363152,False,False,False,False,False,False,,,,,
qs_a,20260831,kosdaq,3,962.0,6.230769230769229,1.8350440679986662,False,False,False,False,False,False,,,,,
qs_a,20260831,kosdaq,4,788.0,-8.402163687676389,-12.797888850446952,False,False,False,False,False,False,,,,,
qs_a,20260831,kosdaq,5,1352.0,-8.38880540946657,-12.784530572237134,False,False,False,False,False,False,,,,,
qs_a,20260831,kosdaq,6,1371.0,-3.0742574257425765,-7.4699825885131395,False,False,False,False,False,False,,,,,
qs_a,20260831,kosdaq,7,1636.0,-0.8731343283582046,-5.268859491128768,False,False,False,False,False,False,,,,,
qs_a,20260831,kosdaq,8,936.0,-4.775534441805228,-9.171259604575791,False,False,False,False,False,False,,,,,
qs_a,20260831,kosdaq,9,2267.0,-12.049707602339177,-16.44543276510974,False,False,False,False,False,False,,,,,
qs_a,20260831,kosdaq,10,1462.0,-5.8830227743271175,-10.27874793709768,False,False,False,False,False,False,,,,,
qs_a,20260831,kospi,1,1251.0,-10.393455098934556,-7.9883151802904315,False,False,False,False,False,False,,,,,
qs_a,20260831,kospi,2,115.0,-9.333922261484096,-6.9287823428399715,False,False,False,False,False,False,,,,,
qs_a,20260831,kospi,3,156.0,-3.6180400890868594,-1.212900170442735,False,False,False,False,False,False,,,,,
qs_a,20260831,kospi,4,202.0,-2.305054151624552,0.10008576701957228,False,False,False,False,False,False,,,,,
qs_a,20260831,kospi,5,1840.0,-5.205882352941182,-2.8007424342970575,False,False,False,False,False,False,,,,,
qs_a,20260831,kospi,6,2095.0,0.4057971014492683,2.8109370200933927,False,False,False,False,False,False,,,,,
qs_a,20260831,kospi,7,1395.0,-0.9347826086956498,1.4703573099484748,False,False,False,False,False,False,,,,,
qs_a,20260831,kospi,8,109.0,-4.595563139931746,-2.190423221287621,False,False,False,False,False,False,,,,,
qs_a,20260831,kospi,9,2352.0,-1.7195121951219523,0.6856277235221722,False,False,False,False,False,False,,,,,
qs_a,20260831,kospi,10,378.0,-2.664502164502169,-0.25936224585804446,False,False,False,False,False,False,,,,,
qs_a,20260901,kosdaq,1,1813.0,-9.8167701863354,-20.261940750910505,False,False,False,False,False,False,,,,,
qs_a,20260901,kosdaq,2,962.0,5.990384615384626,-4.45478594919048,False,False,False,False,False,False,,,,,
qs_a,20260901,kosdaq,3,788.0,-7.185768863419295,-17.6309394279944,False,False,False,False,False,False,,,,,
qs_a,20260901,kosdaq,4,1352.0,-10.905904059040594,-21.351074623615702,False,False,False,False,False,False,,,,,
qs_a,20260901,kosdaq,5,1636.0,-0.8745318352059935,-11.3197023997811,False,False,False,False,False,False,,,,,
qs_a,20260901,kosdaq,6,936.0,-5.250593824228033,-15.695764388803138,False,False,False,False,False,False,,,,,
qs_a,20260901,kosdaq,7,1371.0,-1.8013013013013053,-12.246471865876412,False,False,False,False,False,False,,,,,
qs_a,20260901,kosdaq,8,2267.0,-9.248114630467574,-19.69328519504268,False,False,False,False,False,False,,,,,
qs_a,20260901,kosdaq,9,155.0,-6.01431601272534,-16.459486577300446,False,False,False,False,False,False,,,,,
qs_a,20260901,kosdaq,10,1502.0,30.027638190954764,19.58246762637966,False,False,False,False,False,False,,,,,
qs_a,20260901,kospi,1,115.0,-8.59352517985612,-8.15985446631643,False,False,False,False,False,False,,,,,
qs_a,20260901,kospi,2,1251.0,-10.0679012345679,-9.63423052102821,False,False,False,False,False,False,,,,,
qs_a,20260901,kospi,3,1430.0,5.055555555555558,5.48922626909525,False,False,False,False,False,False,,,,,
qs_a,20260901,kospi,4,156.0,-3.8632286995515677,-3.429557986011876,False,False,False,False,False,False,,,,,
qs_a,20260901,kospi,5,202.0,0.22727272727273196,0.6609434408124233,False,False,False,False,False,False,,,,,
qs_a,20260901,kospi,6,537.0,3.0256410256410353,3.459311739180727,False,False,False,False,False,False,,,,,
qs_a,20260901,kospi,7,199.0,-6.2182705718270554,-5.784599858287364,False,False,False,False,False,False,,,,,
qs_a,20260901,kospi,8,1419.0,-3.3441410693970433,-2.9104703558573517,False,False,False,False,False,False,,,,,
qs_a,20260901,kospi,9,1395.0,2.114379084967311,2.5480497985070025,False,False,False,False,False,False,,,,,
qs_a,20260901,kospi,10,2352.0,-3.0454545454545507,-2.611783831914859,False,False,False,False,False,False,,,,,
