market,method,period,n,n_dates,n_dates40,ret,ret_lo,ret_hi,hit,hit_lo,hit_hi,first,first_lo,first_hi,mae,mae_lo,mae_hi,joint,joint_lo,joint_hi,ex_ret,ex_ret_lo,ex_ret_hi,ex_hit,ex_hit_lo,ex_hit_hi,ex_joint,ex_joint_lo,ex_joint_hi,size_ex_ret,size_ex_ret_lo,size_ex_ret_hi,ret40,ret40_lo,ret40_hi,vs_amount_ret,vs_amount_ret_lo,vs_amount_ret_hi,vs_amount_hit,vs_amount_hit_lo,vs_amount_hit_hi,vs_amount_first,vs_amount_first_lo,vs_amount_first_hi,vs_amount_joint,vs_amount_joint_lo,vs_amount_joint_hi,unique_stocks,largest_stock_share,best_stock,without_best_stock_ret
kospi,learn_hit,all,4000,400,386,1.8804301023483276,-2.5709602653980257,6.021153151988978,16.174999237060547,12.624375009536744,20.5,43.900001525878906,41.224373531341556,45.79999923706055,-11.560476303100586,-14.955891251564026,-8.95886697769165,8.300000190734863,6.275000095367432,10.774999618530273,0.8800466060638428,-2.356659197807312,3.94912357330322,7.492563247680664,4.922879266738891,10.598614478111267,3.9872140884399414,2.4255466878414156,6.013649904727935,0.29263055324554443,-2.653303337097168,3.0007968187332144,4.813173538116347,-2.0080375446557266,11.14419437855528,-3.1697931,-6.11603045463562,-0.4714205943048004,-1.975,-7.600624907016754,2.700000047683716,-1.5,-3.674999952316284,0.8756249994039501,-0.875,-3.799999952316284,1.899999976158142,212,4.0,062040,1.5183834
kospi,learn_hit,2025,2420,242,242,3.040264129638672,-0.700969734787941,5.797920525074005,15.867768287658691,11.528925895690918,19.215909242629998,44.876033782958984,42.76859664916992,46.776859283447266,-8.861087799072266,-10.655460286140443,-7.223397266864778,7.97520637512207,5.578512191772461,10.0,1.3582431077957153,-2.169965809583664,3.932397985458372,8.082252502441406,4.38956264257431,10.907549023628231,4.115549564361572,2.02633558511734,5.945090806484221,0.936887264251709,-2.4821991503238676,3.681832712888715,7.116504977799197,1.366654657291679,11.973706795911548,-2.7476108,-5.511344051361084,0.9865584000945048,-0.8677686,-5.662190186977386,6.322314262390137,-0.8264463,-3.595041275024414,2.7272727489471436,-0.5371901,-3.1818182468414307,3.5537190437316895,127,5.041322314049586,062040,2.568679
kospi,learn_hit,2026,1580,158,144,0.10397609323263168,-9.531463027000427,8.04171307086944,16.64556884765625,9.556962013244629,23.860759735107422,42.40506362915039,36.772151947021484,45.69620132446289,-15.694981575012207,-22.551628017425536,-11.967824292182925,8.797468185424805,4.618670809268951,12.59493637084961,0.14761874079704285,-6.278991329669952,5.926808309555049,6.589369297027588,2.3701252818107603,11.503778791427612,3.7906486988067627,0.9205860272049904,6.760418999195098,-0.6941424012184143,-6.136311459541321,3.9237860083579994,0.9422970908715563,-12.947997549889156,13.300546002505648,-3.8164263,-9.818716979026794,0.13444603867828764,-3.670886,-13.60759449005127,2.3433543622493658,-2.5316455,-5.443037986755371,0.3164556920528412,-1.392405,-7.2784810066223145,1.898734211921692,136,5.5696202531645564,402340,-0.67291224
kospi,learn_hit,2025Q1,580,58,58,0.47236666083335876,-1.8294886022806167,4.052078258991241,12.586206436157227,8.788792872428894,19.314655065536474,45.17241287231445,42.24137878417969,47.75862121582031,-11.231809616088867,-12.501692056655884,-8.853127217292785,4.8275861740112305,1.7241379022598267,9.655172348022461,1.4140454530715942,0.4622930109500885,3.682634210586548,7.279292106628418,5.078597545623779,11.545334434509275,2.3692188262939453,0.6658774346113205,5.938114464282989,1.4098726511001587,0.2737042769789696,3.9267606258392336,1.940752908777213,-4.579206875668253,3.937479787313101,-0.67264676,-1.3319316297769546,3.3285467624664307,2.586207,2.7586207389831543,8.793103218078613,-4.137931,-6.724137783050537,-1.7198275595903632,-1.5517242,-1.5517241954803467,2.7586207389831543,52,9.655172413793103,457190,-0.6258606
kospi,learn_hit,2025Q2,600,60,60,7.960713863372803,5.861672031879425,9.012889885902405,23.0,18.33333396911621,25.66666603088379,46.33333206176758,45.5,48.66666793823242,-5.571427345275879,-5.783522999286651,-4.645197892189026,11.166666984558105,8.833333015441895,13.333333015441895,1.3469480276107788,-1.6753543198108674,2.77885844707489,9.510111808776855,2.686096429824829,12.19823486804962,3.84594988822937,0.5598306462168694,5.919634139537811,1.5454140901565552,-1.2664818733930587,3.1963648140430436,14.892429864221729,12.69841832889376,17.98054864566449,-2.6263397,-11.439152646064759,0.22281622365116685,2.1666667,-9.333333015441895,6.333333492279053,3.0,-2.6666667461395264,5.666666507720947,1.0,-4.833333492279053,2.8333332538604736,62,8.5,298040,6.766441
kospi,learn_hit,2025Q3,650,65,65,3.208954334259033,-0.5087695822119713,4.5542486071586605,14.307692527770996,6.153846263885498,16.769229888916016,45.53845977783203,42.0,50.46154022216797,-8.453120231628418,-9.61899800300598,-7.171054482460022,8.461538314819336,3.384615421295166,11.384614944458008,3.609050989151001,-1.244195207953453,6.510702276229858,9.076212882995605,0.7114761769771577,13.245848274230957,6.110686302185059,0.6079977542161942,9.830823802947997,2.4629440307617188,-2.0288450360298156,5.468790948390961,3.082202809720978,0.09573668461104812,6.759886270613017,-2.3887658,-9.621157121658324,3.2995903134346,-1.6923077,-18.311537742614746,13.384614944458008,-0.30769232,-6.615384578704834,6.153846263885498,0.15384616,-10.0,10.0,51,9.230769230769232,071970,1.236172
kospi,learn_hit,2025Q4,590,59,59,0.3749454915523529,-12.293996787071228,9.800768089294433,13.559322357177734,3.0508475303649902,18.98728857040403,42.37288284301758,37.45762634277344,45.93220520019531,-10.325424194335938,-16.376341533660888,-5.650210773944856,7.288135528564453,2.03389835357666,9.491525650024414,-1.164829969406128,-12.528182196617127,8.53716752529143,6.324504375457764,-2.5064639151096344,12.327746057510375,3.9084198474884033,-0.7071996495127678,6.80103141069412,-1.8281711339950562,-12.638403367996215,8.399185562133777,8.741382397172202,-6.024883448593707,22.91207932646067,-5.3060713,-7.38837616443634,0.7025188654661162,-6.440678,-15.254237174987793,4.576271057128906,-2.0338984,-4.576271057128906,4.576271057128906,-1.8644068,-4.75000010728836,3.3898305892944336,49,10.0,272210,-1.0425025
kospi,learn_hit,2026Q1,590,59,59,4.915370464324951,-0.32494411841034887,5.705026173591608,20.847457885742188,13.89830493927002,20.67796516418457,47.11864471435547,42.88135528564453,50.50847625732422,-11.783146858215332,-16.320049953460693,-10.306214332580566,10.677966117858887,5.254237174987793,12.03389835357666,0.6147271990776062,-4.280319702625275,3.5869242846965785,7.2382683753967285,0.801836919784546,9.717594289779658,3.8066112995147705,-0.15887948758900164,4.822036349773406,-0.29322385787963867,-5.349458110332489,3.2299345672130584,11.45527945857621,3.175435559045548,20.707152500076585,-3.3960502,-9.890797924995422,4.183206462860107,0.6779661,-8.309322452545166,8.305085182189941,0.16949153,-3.0508475303649902,5.423728942871094,1.5254238,-3.220339059829712,5.762712001800537,90,5.2542372881355925,402340,4.0915165
kospi,learn_hit,2026Q2,610,61,61,-4.3310546875,-16.34666328430176,4.912561547756177,15.409835815429688,5.733606398105621,22.13934412002559,41.803279876708984,37.04917907714844,46.22950744628906,-17.96364974975586,-23.082803964614868,-12.838644361495975,9.180327415466309,4.098360538482666,13.442623138427734,1.5909425020217896,-6.964516770839691,9.024693608283995,8.208213806152344,2.378490483760834,12.031170105934143,5.907670497894287,2.6213669300079347,8.452164864540089,-0.5227777361869812,-7.019109439849854,4.756522154808038,-11.162765022151913,-30.002458395340003,0.38922956203161274,-8.305496,-19.19330801963806,-4.740863430500031,-13.770492,-27.704917907714844,-5.405737924575828,-3.442623,-8.360655784606934,-1.4754098653793335,-6.885246,-16.557376861572266,-1.311475396156311,82,6.557377049180328,402340,-6.1147175
kospi,learn_hit,2026Q3,380,38,24,-0.24695627391338348,-4.668330192565918,9.117156982421875,12.105262756347656,8.947368621826172,20.526315689086914,36.05263137817383,27.105262756347656,38.421051025390625,-18.126815795898438,-26.920499801635742,-8.116600036621094,5.263157844543457,2.3684210777282715,9.736842155456543,-2.894542694091797,-8.229408264160156,4.254709243774414,2.9831972122192383,-1.0698467165231704,8.610696792602539,0.367488831281662,-2.589309352636337,2.378983497619629,-1.5917071104049683,-6.479289531707764,5.071392059326172,5.864914974198943,3.6494933952151007,29.423075471932837,2.737023,0.15223276615142822,5.854834079742432,5.7894735,2.3684210777282715,9.736842155456543,-5.263158,-8.1578950881958,-3.4210526943206787,2.8947368,0.7894737124443054,5.0,31,10.0,000500,-0.9280136
kospi,learn_first,all,4000,400,386,1.5041946172714233,-1.1460536122322083,3.8665271043777456,7.224999904632568,4.650000095367432,10.074999809265137,51.29999923706055,48.025001525878906,53.37562503814697,-6.587973594665527,-8.474126887321471,-5.1174265265464784,4.150000095367432,2.3499999046325684,6.175000190734863,0.5038111209869385,-0.7928673014044761,1.5500203430652615,-1.457436203956604,-3.283909249305725,0.007870711991562262,-0.16278599202632904,-1.3743646651506425,0.8447362944483746,-0.007008323445916176,-1.2212080538272858,1.0097546041011805,3.633913072915464,-0.11457931642634055,7.202621465211935,-3.5460284,-8.706999588012696,0.7633080229163168,-10.925,-18.549999237060547,-5.375,5.9,2.674999952316284,8.751250004768364,-5.025,-9.051875185966491,-1.9993750005960498,596,1.975,042660,1.369563
kospi,learn_first,2025,2420,242,242,2.5795469284057617,0.3412628129124642,4.809912669658659,6.735537052154541,4.21384311914444,9.215909218788141,51.3636360168457,48.59401006698609,54.50413131713867,-5.039856910705566,-6.253659546375275,-3.7957962930202482,3.6776859760284424,1.9008264541625977,5.702479362487793,0.8975261449813843,0.04642547992989421,2.1651055037975295,-1.0499788522720337,-2.4326065480709076,0.41222335994243614,-0.18197061121463776,-1.2144516944885253,0.8035332962870594,0.19421933591365814,-0.8176509156823158,1.3984521597623822,6.590786399580436,3.143557290377543,10.55802901563683,-3.2083278,-5.326316285133362,1.1018732666969273,-10.0,-14.134297823905944,-2.892561912536621,5.661157,2.892561912536621,9.711776947975153,-4.8347106,-6.654958701133728,-1.5702478885650635,492,2.644628099173554,042660,2.3570154
kospi,learn_first,2026,1580,158,144,-0.14286360144615173,-5.667253005504608,3.885254746675489,7.97468376159668,3.3544304370880127,13.102848172187796,51.20252990722656,45.631329441070555,55.31645584106445,-8.959136962890625,-12.418244767189027,-6.719299983978272,4.873417854309082,1.6455695629119873,8.544303894042969,-0.09922076016664505,-2.4946786403656005,1.8576045244932156,-2.0815165042877197,-5.334083163738251,1.2948889970779356,-0.13340184092521667,-2.2053887844085693,2.240481662750244,-0.31521761417388916,-2.7506347954273225,1.6257377922534928,-1.3352768232853907,-7.17919667085293,3.4225933447656094,-4.063266,-14.689698123931885,5.2017782330513,-12.341772,-26.77373423576355,-2.2768987298011867,6.265823,1.7088607549667358,11.645569801330566,-5.316456,-13.925632619857788,0.7594936490058899,374,4.367088607594936,017900,-0.4614735
kospi,learn_first,2025Q1,580,58,58,-0.5306459069252014,-4.851277148723602,3.3053635895252187,5.517241477966309,0.6896551847457886,11.206896781921387,53.620689392089844,49.655174255371094,57.58620834350586,-7.859379768371582,-9.409151029586791,-5.863421082496643,2.931034564971924,0.0,5.862069129943848,0.41103285551071167,-1.531855398416519,1.3265140086412421,0.21032658219337463,-3.4832310378551483,3.973789829015731,0.4726671874523163,-2.5885467529296875,2.9799988150596617,0.421152800321579,-1.5824486434459686,1.1903794735670084,1.6964772560150927,-2.9526011792181,2.396526943309709,-1.6756593,-1.8993143886327744,0.750052511692047,-4.4827585,-5.0,-0.8620689511299133,4.3103447,-2.7586207389831543,12.068965911865234,-3.4482758,-4.482758522033691,-1.3793103694915771,205,2.9310344827586206,042660,-1.478092
kospi,learn_first,2025Q2,600,60,60,7.655335426330566,5.985152781009674,9.949898934364318,11.166666984558105,8.5,15.666666984558105,54.83333206176758,51.0,59.83333206176758,-2.9782118797302246,-3.4750245928764345,-2.2360146224498756,7.0,4.666666507720947,12.5,1.0415691137313843,-0.6661133587360382,2.7956853032112106,-2.3232228755950928,-4.4399791836738585,-0.3202828586101532,-0.3207167685031891,-2.2094885051250457,2.9078155755996686,0.23609037697315216,-1.9060810178518295,2.255100381374359,14.283466188010447,8.65833648908519,20.63180360836663,-2.931718,-9.06568353176117,-0.7161410912871367,-9.666667,-17.0,-7.5,11.5,3.5,16.66666603088379,-3.1666667,-6.333333492279053,-1.5,270,4.5,316140,7.502611
kospi,learn_first,2025Q3,650,65,65,0.5088736414909363,-1.9306439518928526,3.0085876643657667,4.307692527770996,1.692307710647583,5.692307472229004,49.38461685180664,42.92307662963867,55.53845977783203,-5.246944427490234,-6.858157825469971,-3.152039170265199,2.461538553237915,0.7692307829856873,3.538461446762085,0.9089704751968384,0.38393970802426336,1.683520320057869,-0.9237876534461975,-1.7763622581958771,0.20345238931477005,0.11068649590015411,-0.8419721603393555,0.7262474626302716,-0.40875008702278137,-0.958239397406578,0.587129685282707,4.4001144145806705,2.0781522370272794,6.351296296141686,-5.0888467,-7.605418109893799,-1.0699515193700795,-11.692307,-19.846153259277344,-1.076923131942749,3.5384614,-1.2307692766189575,7.230769157409668,-5.8461537,-10.615385055541992,-0.3076923191547394,177,4.3076923076923075,032830,0.17656234
kospi,learn_first,2025Q4,590,59,59,2.7564568519592285,-0.2970092914998531,6.113683235645294,6.1016950607299805,2.8813560009002686,9.8305082321167,47.79661178588867,42.88135528564453,53.559322357177734,-4.136562824249268,-4.649583721160889,-3.537744069099426,2.3728814125061035,0.508474588394165,4.406779766082764,1.2166811227798462,-1.3384100466966629,5.829457271099088,-1.1331231594085693,-3.648000729084015,3.865554171800613,-1.0068340301513672,-2.061003589630127,1.4918983101844785,0.5928396582603455,-1.0114275068044662,4.889430367946623,5.992529146122367,2.934766769948865,8.165417950478528,-2.9245596,-12.647169399261475,11.268645453453063,-13.898305,-30.182202672958372,8.644067764282227,3.3898306,0.0,10.847457885742188,-6.779661,-12.881356239318848,3.728813648223877,177,4.406779661016949,111770,2.196455
kospi,learn_first,2026Q1,590,59,59,5.090484619140625,-2.0301437199115755,9.750048255920406,13.050847053527832,2.199152594804764,26.444914960861183,54.40678024291992,47.45762634277344,64.06779479980469,-5.727555274963379,-8.424294543266296,-3.8350406765937857,8.474575996398926,1.01694917678833,18.309321546554543,0.7898406982421875,0.5501587763428688,3.1097856104373864,-0.5583420395851135,-4.403475701808929,6.884377682209011,1.6032215356826782,-1.8764538913965225,7.4177403807640045,0.18230682611465454,0.00683796085650102,2.3006521046161628,3.98670529699867,2.6499814293926907,5.202111957995805,-3.2209368,-5.315302515029908,2.3135706901550246,-7.118644,-9.322033882141113,-0.8474576473236084,7.4576273,1.01694917678833,19.6610164642334,-0.6779661,-2.203389883041382,4.745762825012207,166,4.406779661016949,017900,4.1613135
kospi,learn_first,2026Q2,610,61,61,-7.792550086975098,-11.21412787437439,-6.747501850128175,2.622950792312622,0.8196721076965332,3.7704918384552,46.22950744628906,40.3278694152832,52.79098272323606,-12.908369064331055,-15.954725623130798,-11.953517723083497,1.4754098653793335,0.49180328845977783,1.9672131538391113,-1.8705520629882812,-4.816103768348694,2.3819870650768276,-4.578670978546143,-6.749204218387604,-1.3140189915895468,-1.7972482442855835,-3.284592777490616,-0.2738580331206337,-1.5798953771591187,-4.658142948150635,2.4090080618858334,-9.616026866637581,-14.442712662608077,-7.777717631009193,-11.766991,-29.140658044815062,3.693410497903818,-26.557377,-43.442623138427734,-9.995901632308982,0.9836066,-4.590163707733154,4.918032646179199,-14.590164,-24.918033599853516,-4.918032646179199,153,6.885245901639345,008060,-8.155391
kospi,learn_first,2026Q3,380,38,24,4.0114336013793945,4.6953020095825195,8.637037491798376,8.684210777282715,9.736842155456543,15.0,54.21052551269531,45.78289556503296,60.0,-7.6370415687561035,-10.86819839477539,-3.8206398487091064,4.736842155456543,3.9473683834075928,8.421052932739258,1.3638471364974976,1.1815884113311768,2.3303985595703125,-0.4378552734851837,-1.6716899871826172,2.061772584915161,-0.1588270217180252,-0.41766831278800964,1.2130969494581223,0.9424508810043335,0.7772600054740906,1.8447128534317017,6.628423491203116,6.563738848070779,10.359443258444578,6.9954143,2.8535633087158203,10.099637031555176,2.368421,-0.7894737124443054,5.0,12.894737,10.263157844543457,18.947368621826172,2.368421,2.3684210777282715,4.473684310913086,204,3.1578947368421053,001210,3.2428668
kospi,learn_joint,all,4000,400,386,1.9577902555465698,-2.4897039234638214,5.950043106079093,16.075000762939453,11.399374628067017,21.000624990463255,43.650001525878906,40.67499923706055,45.5,-11.256830215454102,-14.421555709838866,-8.96912341117859,7.949999809265137,5.44937481880188,10.60062537193298,0.9574066996574402,-2.0328375935554504,3.7956181466579424,7.392564296722412,3.738712120056152,11.061031866073606,3.637213706970215,1.68031185567379,5.743121600151062,-0.05368400737643242,-2.6914613127708433,2.375405901670451,5.670258910641058,-0.5446848846500035,11.331412994112695,-3.092433,-6.225247633457184,-0.48745488598942865,-2.075,-8.326249814033508,3.0006250023841825,-1.75,-4.5,0.850625023245808,-1.225,-4.525000095367432,1.7999999523162842,205,6.825,062040,1.525306
kospi,learn_joint,2025,2420,242,242,3.48451828956604,0.13137030601501465,5.964074444770813,17.272727966308594,11.775826239585877,21.943181276321404,45.28925704956055,43.30475301742554,47.43801498413086,-8.788612365722656,-10.492032670974732,-7.425738501548768,8.595041275024414,5.537189960479736,11.695247888565058,1.802497386932373,-0.8411358907818794,3.7289321362972236,9.487212181091309,5.511151206493378,12.854428219795226,4.735384464263916,2.5169508337974547,6.970689463615417,0.9102345108985901,-1.6054305255413055,2.9000128090381616,9.000169593002099,2.7250926261346753,14.738595727092187,-2.303357,-4.696586608886719,0.8528147995471912,0.5371901,-4.876032829284668,7.933884143829346,-0.41322315,-3.140495777130127,3.2231404781341553,0.08264463,-2.81095050573349,4.504132270812988,130,7.479338842975207,298040,2.619571
kospi,learn_joint,2026,1580,158,144,-0.38061484694480896,-9.940751075744629,8.277287411689754,14.240506172180176,5.50632905960083,24.240507125854492,41.13924026489258,35.31645584106445,44.49367141723633,-15.03726577758789,-21.419252490997316,-11.633728122711185,6.962025165557861,2.656645637750626,11.39240550994873,-0.33697250485420227,-6.323230051994324,5.9024809002876255,4.184306621551514,-1.3550817549228669,11.759577512741085,1.9552057981491089,-0.948940809071064,5.499154472351073,-1.530065655708313,-6.487951695919037,3.5554823040962185,0.07415901389542275,-10.741001367011393,8.833175316799826,-4.3010178,-10.481830668449401,-0.0703257437795403,-6.075949,-15.38132872581482,-0.12500000130386024,-3.7974684,-7.8481011390686035,-0.3164556920528412,-3.227848,-8.41772174835205,0.18987341225147247,127,5.822784810126582,402340,-1.1638242
kospi,learn_joint,2025Q1,580,58,58,-0.7647839784622192,-5.729481720924378,2.6326586067676536,10.17241382598877,3.620689630508423,16.89655113220215,44.82758712768555,43.10344696044922,47.068965911865234,-11.4558687210083,-13.883316826820373,-9.34793393611908,3.1034483909606934,0.517241358757019,5.689655303955078,0.17689496278762817,-1.3821206003427506,0.5618782058358187,4.865499019622803,0.7157855316996574,9.057316040992736,0.6450809240341187,-1.002514198422432,2.1985306322574614,0.1577613204717636,-1.2230762660503387,0.70630201101303,1.238637769124899,-7.533171754811052,5.25531504316469,-1.9097972,-2.6692497372627257,0.344929755479096,0.1724138,-0.3448275923728943,4.655172348022461,-4.4827585,-7.241379261016846,-0.8620689511299133,-3.275862,-3.4482758045196533,-1.2068965435028076,67,8.103448275862068,064350,-1.3141567
kospi,learn_joint,2025Q2,600,60,60,8.714266777038574,6.968507719039917,10.355659365653992,29.0,26.33333396911621,33.33333206176758,45.83333206176758,44.83333206176758,50.16666793823242,-6.37886381149292,-7.354141938686371,-4.341637134552002,15.333333015441895,14.166666984558105,19.0,2.1005003452301025,-0.4816510945558548,4.521418988704678,15.510111808776855,13.092248582839966,17.580765295028684,8.012617111206055,7.070578873157501,9.644514393806455,1.0182607173919678,-1.581613540649414,3.2410438239574417,20.882736849241237,17.90439859776454,26.59370739365651,-1.8727868,-9.30886447429657,0.8062486410140987,8.166667,1.3333333730697632,10.00416667461393,2.5,-3.1708334088325496,7.166666507720947,5.1666665,2.0,6.0,63,8.166666666666666,298040,6.7258472
kospi,learn_joint,2025Q3,650,65,65,4.478503704071045,0.6488053262233734,6.738176178932184,16.153846740722656,6.0,19.076923370361328,47.38461685180664,44.46154022216797,52.92307662963867,-8.20130443572998,-9.393365812301635,-6.421981132030488,9.230769157409668,3.076923131942749,12.15384578704834,4.87860107421875,0.3481297083199024,7.628638911247252,10.92236614227295,0.49443770125508313,15.368710851669311,6.879917621612549,0.35695401579141617,10.47192449569702,3.5854244232177734,-0.6757597461342811,6.585557579994199,4.569063811030635,0.4794145586300966,9.708135280963942,-1.1192157,-7.902936911582946,4.5255264878273,0.15384616,-19.076923370361328,15.234615302085855,1.5384616,-4.153846263885498,8.615385055541992,0.9230769,-10.615385055541992,10.307692527770996,45,9.846153846153847,071970,2.5689538
kospi,learn_joint,2025Q4,590,59,59,1.2483402490615845,-7.24650731086731,5.622915124893178,13.559322357177734,7.288135528564453,14.745762825012207,42.88135528564453,40.50847625732422,45.76271057128906,-9.26418685913086,-13.11961624622345,-6.785558700561523,6.440678119659424,3.5593221187591553,6.440678119659424,-0.2914353013038635,-7.514135694503784,4.592297255992884,6.324504375457764,1.8842792183160781,7.954131364822383,3.060962438583374,1.224936419725418,3.299273079633712,-1.4071462154388428,-7.895157814025879,3.663345772027969,9.427910037725397,-3.2577619183190274,19.388466221284286,-4.432677,-7.65664267539978,1.158151236176488,-6.440678,-18.983051300048828,7.796610355377197,-1.5254238,-3.728813648223877,6.2754236459731825,-2.7118645,-7.6271185874938965,4.406779766082764,46,9.830508474576272,307950,0.6972761
kospi,learn_joint,2026Q1,590,59,59,3.7490594387054443,-5.262729799747467,5.393387925624842,16.610170364379883,5.423728942871094,18.305084228515625,45.93220520019531,42.71186447143555,49.49152374267578,-11.174814224243164,-15.92212953567505,-9.110198950767519,6.94915246963501,1.5254237651824951,8.983051300048828,-0.551584005355835,-4.019418466091156,0.5273605182766874,3.0009799003601074,-3.5539183139801027,5.422562634944914,0.07779774069786072,-2.7146082758903503,0.9922181189060194,-1.6624020338058472,-5.276016962528229,-0.20751358978450463,7.97357542279724,1.7626698988351917,10.651119992517335,-4.5623612,-11.156532144546508,0.4514370061457051,-3.559322,-12.711864471435547,2.8813560009002686,-1.0169492,-3.5593221187591553,4.91525411605835,-2.20339,-5.423728942871094,1.6949152946472168,76,7.457627118644068,082740,3.401771
kospi,learn_joint,2026Q2,610,61,61,-4.051061630249023,-16.9953706741333,6.164364480972278,13.278688430786133,0.32786884903907776,22.95081901550293,37.86885070800781,30.1639347076416,42.954919242858864,-16.776046752929688,-21.671019315719604,-12.503823781013505,7.5409836769104,0.16393442451953888,13.442623138427734,1.8709359169006348,-7.548425889015197,9.57342159748077,6.077066898345947,-2.6824730157852175,12.907353258132934,4.268325328826904,-1.0461702585220336,8.435888051986684,-0.8414728045463562,-7.550940883159638,4.726068055629713,-9.402130008055522,-25.207398981727085,0.5179239379231714,-8.025504,-19.83726372718811,-4.71633433103562,-15.901639,-27.213115692138672,-10.491803169250488,-7.377049,-14.590164184570312,-5.573770523071289,-8.5245905,-15.573770523071289,-5.245901584625244,61,7.868852459016394,402340,-6.4972596
kospi,learn_joint,2026Q3,380,38,24,-0.9004477262496948,-4.6705002784729,8.271541595458984,12.105262756347656,8.421052932739258,21.578947067260742,38.94736862182617,29.473684310913086,42.105262756347656,-18.24302864074707,-26.960712432861328,-7.953691005706787,6.052631378173828,2.6315789222717285,11.315789222717285,-3.548034191131592,-8.255762100219727,3.314765691757202,2.9831972122192383,-1.656866431236267,9.588616371154785,1.1569623947143555,-2.3774508059024813,3.9579268515110018,-2.429969072341919,-6.86544942855835,3.9464457035064697,4.740328272803768,1.7482501420627201,31.13520024131585,2.0835323,0.09477648138999939,4.9299187660217285,5.7894735,1.5789474248886108,10.526315689086914,-2.368421,-6.315789699554443,0.5263158082962036,3.6842105,1.0526316165924072,6.5789475440979,28,10.0,000500,-1.4376879
kospi,learn_ret,all,4000,400,386,1.910119652748108,-2.06255784034729,5.984004807472223,14.024999618530273,9.675000190734863,19.375624990463255,43.974998474121094,40.87437496185303,46.025001525878906,-9.865483283996582,-12.676602745056153,-7.705791485309603,7.425000190734863,4.925000190734863,10.5,0.9097360372543335,-1.6759785026311875,3.724845987558364,5.342563629150391,2.191019171476364,9.18014314174652,3.1122140884399414,1.248472347855568,5.402749812602995,0.04773109406232834,-2.1396479964256288,2.2604848206043235,6.003015207926355,-0.052336538171788884,12.455849595562226,-3.1401038,-6.053706502914428,-0.579022845625878,-4.125,-9.524999618530273,0.824999988079071,-1.425,-4.325624811649322,1.2756249755620923,-1.75,-4.900625097751617,1.2506249994039502,262,3.025,402340,1.4997884
kospi,learn_ret,2025,2420,242,242,2.553631067276001,-1.2016932636499404,5.063758325576782,13.223140716552734,8.098140478134155,16.363636016845703,45.20661163330078,42.80991744995117,47.521693515777585,-8.014849662780762,-9.789125323295593,-6.6435126900672925,6.694214820861816,3.84297513961792,8.388429641723633,0.8716101050376892,-2.198932021856308,3.0409785032272336,5.437624454498291,0.8959968954324722,8.607314682006834,2.8345584869384766,0.3181553609669209,4.493324041366577,0.007399062626063824,-2.714164841175079,2.1281774401664726,8.618411485403293,1.2169631931971605,14.451805731364221,-3.234244,-5.92439374923706,-0.355456522852184,-3.5123968,-8.595041275024414,3.100206601619715,-0.49586776,-3.347107410430908,2.9752066135406494,-1.8181819,-4.876032829284668,1.9421488046646118,155,4.256198347107438,071970,2.0230355
kospi,learn_ret,2026,1580,158,144,0.9244890809059143,-7.728780126571655,7.752790141105648,15.253164291381836,6.962025165557861,22.91297450065612,42.08860778808594,35.94936752319336,45.18987274169922,-12.699999809265137,-18.764815616607667,-9.527270126342776,8.544303894042969,3.6693037629127505,12.468354225158691,0.9681317210197449,-4.028214597702027,5.088063085079193,5.196964740753174,0.6170986235141754,9.715822958946228,3.5374841690063477,0.6592352464795113,5.950673294067383,0.10950528085231781,-4.007429504394532,3.2011672973632788,1.6076964638331677,-7.872253760379217,9.892776217657,-2.9959133,-9.905807971954346,1.2570772320032102,-5.063291,-15.886075973510742,0.949367105960846,-2.8481014,-8.419304013252258,1.2674050480127248,-1.6455696,-8.41772174835205,2.026898753643027,179,4.556962025316456,402340,0.15688623
kospi,learn_ret,2025Q1,580,58,58,-3.0723679065704346,-7.372108602523804,0.23902788423001758,5.0,1.2068965435028076,10.0,44.31034469604492,40.0,48.27586364746094,-10.948659896850586,-12.70400869846344,-8.929685974121094,2.068965435028076,0.3448275923728943,3.620689630508423,-2.1306893825531006,-3.157988631725311,-1.4713526725769046,-0.3069147765636444,-1.6606261253356933,2.1317117094993585,-0.38940179347991943,-1.3960822433233262,0.2886119447648525,-2.0260143280029297,-3.358593738079071,-0.9574489787220961,-1.3607568811102597,-11.049202714261197,2.762986736386613,-4.2173815,-5.133973217010498,-1.3464535325765612,-5.0,-5.1724138259887695,-0.3448275923728943,-5.0,-6.728448128700256,-3.1034483909606934,-4.3103447,-5.517241477966309,-1.3793103694915771,70,7.586206896551724,361610,-3.4816492
kospi,learn_ret,2025Q2,600,60,60,7.178725242614746,5.293387377262116,8.439043831825252,19.0,14.166666984558105,21.0,49.0,48.5,52.33333206176758,-4.93720817565918,-5.37278790473938,-3.86091160774231,9.833333015441895,8.0,11.166666984558105,0.5649588704109192,-3.3853056490421296,2.489433199167249,5.5101094245910645,-3.5652539491653443,8.642331004142756,2.5126163959503174,-1.0544386237859726,3.8994049131870265,0.21747426688671112,-3.2100749790668486,1.853977271914475,10.61119322462363,7.856935872328003,13.764358453678234,-3.4083285,-13.213782358169556,-0.1267661772668377,-1.8333334,-17.33333396911621,2.8333332538604736,5.6666665,2.3333332538604736,7.833333492279053,-0.33333334,-8.0,2.0,74,5.666666666666666,298040,6.0078244
kospi,learn_ret,2025Q3,650,65,65,2.020707845687866,-0.49950531497597694,3.0956109523773185,12.615385055541992,5.384615421295166,14.465384483337381,45.07692337036133,43.230770111083984,49.69230651855469,-7.8759565353393555,-8.818869876861573,-6.316714954376221,6.92307710647583,2.4576923966407778,9.692307472229004,2.420804500579834,-0.8199768215417862,4.864308309555054,7.383904933929443,0.0535248498898,10.75918009281158,4.572225093841553,-0.30321584120392797,7.9986225008964515,1.2300481796264648,-2.1022666573524473,3.9056604623794553,4.136239508119162,2.0681356399873945,6.5291181773508145,-3.5770123,-9.144052648544312,1.2836776614189147,-3.3846154,-18.773076057434082,9.84615421295166,-0.7692308,-4.461538314819336,3.846153736114502,-1.3846154,-11.388461112976074,7.846153736114502,58,6.769230769230769,071970,0.061120357
kospi,learn_ret,2025Q4,590,59,59,3.967907428741455,-8.395743799209594,11.151877784729002,16.101694107055664,2.542372941970825,22.711864471435547,42.37288284301758,37.79661178588867,45.25423812866211,-8.413585662841797,-13.386419558525086,-5.627445590496064,7.796610355377197,1.01694917678833,10.0,2.428131580352783,-8.679031157493592,10.013232636451717,8.866877555847168,-3.1853307664394377,15.767191410064672,4.416894912719727,-1.7387728571891785,7.102617120742793,0.4457259774208069,-8.908744359016419,7.527116656303404,21.339869780793705,-1.985584071659115,40.99039947631107,-1.7131094,-3.4273771405220033,0.6661907419562338,-3.8983052,-11.355932235717773,3.3898305892944336,-2.0338984,-7.457627296447754,5.254237174987793,-1.3559322,-3.8983051776885986,1.8644068241119385,53,8.64406779661017,272210,2.7334077
kospi,learn_ret,2026Q1,590,59,59,6.79293155670166,-2.6680095553398133,10.100054764747618,22.20339012145996,9.152542114257812,28.81355857849121,47.45762634277344,41.186439514160156,53.394068813323955,-8.469647407531738,-13.60555100440979,-5.494319820404058,12.03389835357666,3.728813648223877,16.779661178588867,2.4922876358032227,0.02215591468848288,2.462822902202606,8.594200134277344,2.5494686543941496,10.076560020446777,5.162543773651123,0.6890896111726761,6.464633715152741,1.8167650699615479,-0.18175352923572063,1.6135754644870757,9.275170727704268,2.2820424162622985,10.469362053551373,-1.5184896,-7.644537425041198,2.165431505441664,2.0338984,-4.745762825012207,5.427966225147224,0.5084746,-5.088983166217804,8.813559532165527,2.881356,-0.33898305892944336,4.91525411605835,105,7.118644067796611,402340,6.3499136
kospi,learn_ret,2026Q2,610,61,61,-3.9451427459716797,-12.79838125705719,2.4035437703132576,11.147541046142578,1.8032786846160889,16.561475229263284,37.21311569213867,32.62295150756836,40.819671630859375,-13.754716873168945,-17.427142000198366,-10.647046637535098,6.557376861572266,0.9836065769195557,10.0,1.976854681968689,-3.2830010771751406,6.109780168533324,3.9459195137023926,-1.0647974193096161,6.621847045421597,3.284719467163086,-0.24791589118540286,5.1892521739006,-0.3749854266643524,-3.4284086525440216,1.5823478668928097,-7.9907398246176085,-19.620443796963695,-2.6067578968219904,-7.9195843,-20.248669147491455,-1.1368195921182647,-18.032787,-31.47541046142578,-9.016393661499023,-8.032787,-15.73770523071289,-4.25819687843325,-9.508197,-17.704917907714844,-4.590163707733154,93,5.081967213114754,402340,-6.064586
kospi,learn_ret,2026Q3,380,38,24,-0.37000057101249695,-5.19956111907959,10.230683326721191,11.052631378173828,7.6315789222717285,21.578947067260742,41.578948974609375,31.3157901763916,44.47368240356445,-17.57508659362793,-26.914642333984375,-7.400836944580078,6.315789699554443,3.6842105388641357,12.105262756347656,-3.017587423324585,-8.784822463989258,5.368237018585205,1.9305657148361206,-2.254044771194458,9.644098281860352,1.4201202392578125,-1.3383896350860596,4.916800022125244,-1.7635055780410767,-7.252603054046631,6.066236972808838,7.1545144649624355,3.185706358873972,35.89062554391419,2.613979,-0.42905083298683167,7.078965663909912,4.736842,0.7894737124443054,10.526315689086914,0.2631579,-3.6842105388641357,2.3684210777282715,3.9473684,2.1052632331848145,7.3684210777282715,31,10.0,000500,-1.4268719
kospi,learn_balanced,all,4000,400,386,1.6327471733093262,-2.0022625863552093,4.817963671684263,14.625,10.999375009536744,18.5,45.75,43.375,47.625,-10.601136207580566,-13.409141016006469,-8.571858739852907,7.175000190734863,5.149375092983246,9.199999809265137,0.6323635578155518,-1.5427971810102463,2.603200310468672,5.942563533782959,3.5388968765735624,8.334558415412902,2.8622140884399414,1.3596689522266387,4.270311200618742,-0.2181321084499359,-2.077747482061386,1.417428517341612,4.60844772986172,-0.6477336894045526,9.306896741686998,-3.4174762,-6.397113001346588,-1.0239357143640522,-3.525,-9.17562518119812,0.7749999761581421,0.35,-2.424999952316284,3.2756250917911496,-2.0,-5.17562518119812,0.44999998807907104,342,1.875,402340,1.2799466
kospi,learn_balanced,2025,2420,242,242,2.368748426437378,-1.0046690106391907,4.59418497085571,13.677685737609863,9.418388628959656,17.190082550048828,45.74380111694336,43.0578498840332,48.6363639831543,-8.674858093261719,-10.577290225028992,-7.331932520866394,7.231404781341553,4.792355310916901,9.33884334564209,0.6867275834083557,-1.4592673748731613,2.1841787219047535,5.89216947555542,3.2788987159729004,7.637761747837066,3.371748447418213,1.8050673872232437,4.498956501483915,0.12819644808769226,-1.916409543156624,1.7027128756046288,7.265038883808418,2.546361179336818,11.279102615862884,-3.4191265,-5.202858436107635,-0.7998128220438958,-3.0578513,-6.158057916164398,2.3966941833496094,0.041322313,-3.1415288388729095,4.173553943634033,-1.2809918,-2.9752066135406494,1.3223140239715576,251,2.809917355371901,064350,2.0918686
kospi,learn_balanced,2026,1580,158,144,0.5054541230201721,-7.165239858627319,6.721520102024076,16.07594871520996,9.428797578811645,23.35601339340209,45.75949478149414,41.327530765533446,48.6708869934082,-13.55151081085205,-19.220920944213866,-10.511556673049935,7.0886077880859375,3.2911391258239746,10.506329536437988,0.5490971803665161,-3.6716065406799316,4.549563407897948,6.019750118255615,1.6412263870239259,11.383491158485413,2.0817878246307373,-0.656357841193676,4.7002237796783435,-0.7485846877098083,-4.043629503250122,2.1862283229827866,0.1438987072568515,-9.579937272944756,8.950771358243086,-3.414948,-9.903603172302246,1.7000603586435294,-4.240506,-14.620253562927246,3.3560127139091405,0.8227848,-3.166139256954193,5.569620132446289,-3.101266,-9.558544301986695,1.898734211921692,212,2.5949367088607596,402340,-0.18016979
kospi,learn_balanced,2025Q1,580,58,58,-0.8954220414161682,-7.260951125621796,3.976287674903867,11.206896781921387,4.310344696044922,17.413793563842773,47.931034088134766,43.620689392089844,52.41379165649414,-11.298819541931152,-14.077487301826476,-8.427992010116578,5.862069129943848,2.2413792610168457,8.965517044067383,0.0462566576898098,-2.0989257216453554,1.3486790746450399,5.89998197555542,1.6782529145479201,9.54549388885498,3.4037013053894043,1.1484164208173753,5.294363963603972,-0.07112565636634827,-2.000653922557831,1.0579766601324074,1.8842206968146031,-5.828233617133217,4.517592649233926,-2.0404356,-3.5223071396350862,1.300656029582023,1.2068965,0.17241379618644714,6.034482955932617,-1.3793104,-4.8275861740112305,1.5517241954803467,-0.51724136,-1.3793103694915771,2.5862069129943848,89,5.862068965517241,457190,-1.260605
kospi,learn_balanced,2025Q2,600,60,60,6.771084785461426,5.743977558612824,8.188098645210266,22.16666603088379,20.83333396911621,27.33333396911621,46.0,43.66666793823242,53.16666793823242,-6.630724906921387,-7.012390434741974,-5.89504930973053,11.833333015441895,10.666666984558105,16.0,0.157318115234375,-1.4576348036527633,1.1968782514333716,8.676776885986328,7.412043559551239,10.42889494895935,4.512617111206055,3.857791727781296,6.445498371124266,0.0954960286617279,-1.8180488348007202,1.6485354840755446,13.129717853111783,11.572370265174706,16.281556867913558,-3.8159688,-11.133443808555603,-1.393820881843567,1.3333334,-5.0,4.0,2.6666667,-3.6666667461395264,10.333333015441895,1.6666666,-0.8333333134651184,2.3333332538604736,127,3.6666666666666665,064350,6.046821
kospi,learn_balanced,2025Q3,650,65,65,1.4572893381118774,-2.905171865224838,4.684736394882202,10.615385055541992,3.8423075854778292,12.769230842590332,43.07692337036133,41.230770111083984,49.69230651855469,-8.082777976989746,-9.683044075965881,-5.815983462333682,5.538461685180664,2.0,8.461538314819336,1.8573862314224243,-0.10418937113136052,3.2864252448081968,5.383903980255127,0.3810402564704418,7.278668177127837,3.1876096725463867,0.3566140376031399,5.77056120634079,0.3065345287322998,-1.4045122891664505,2.253946530818938,6.009602732595358,4.694053331734255,10.067822186271595,-4.140431,-6.817954814434051,-0.1466170392930508,-5.3846154,-15.080769515037536,2.3115384459495334,-2.7692308,-6.619230735301971,3.846153736114502,-2.7692308,-8.307692527770996,2.769230842590332,117,4.769230769230769,402340,1.0241257
kospi,learn_balanced,2025Q4,590,59,59,2.104792833328247,-5.427423596382141,9.264109563827503,10.847457885742188,4.576271057128906,16.610170364379883,46.27118682861328,45.084747314453125,49.49152374267578,-8.82644271850586,-13.298838710784912,-5.133839309215548,5.762712001800537,2.03389835357666,9.152542114257812,0.5650172829627991,-5.7473845958709715,8.307428979873654,3.6126396656036377,-1.6272474944591522,10.167788267135617,2.382996082305908,-0.8380082741379737,6.482047331333158,0.16092060506343842,-5.705029141902924,8.12744243144989,7.973684078999747,-4.65801074404883,21.1928514324291,-3.576224,-4.216987180709839,1.8370344161987304,-9.152542,-17.627119064331055,6.271186351776123,1.8644068,-0.33898305892944336,9.8305082321167,-3.3898306,-4.576271057128906,2.3728814125061035,102,5.423728813559322,272210,1.5013919
kospi,learn_balanced,2026Q1,590,59,59,3.0894205570220947,-5.365807104110718,4.3314828157424845,15.762711524963379,6.440678119659424,16.101694107055664,49.15254211425781,47.79661178588867,52.033897399902344,-10.307530403137207,-14.446605682373047,-8.902487850189209,6.610169410705566,1.5254237651824951,6.7838984608649975,-1.211222767829895,-4.5384714841842655,-0.651718637347222,2.153522491455078,-4.401114642620087,3.1794881284236896,-0.2611851096153259,-4.7623857140541075,0.8793801739811874,-2.3484888076782227,-5.59525717496872,-1.5420153886079802,6.046438231702502,0.8286181649859246,8.966657354653549,-5.2219996,-11.537925267219544,-0.4496796846389794,-4.40678,-14.576271057128906,2.038135641813255,2.20339,-0.16949152946472168,8.13559341430664,-2.542373,-7.796610355377197,2.03389835357666,105,4.745762711864407,082740,2.6758845
kospi,learn_balanced,2026Q2,610,61,61,-3.675422191619873,-11.293316984176636,3.229448598623259,15.409835815429688,7.704917907714844,21.31147575378418,40.98360824584961,36.3934440612793,46.721309661865234,-15.556241035461426,-19.733419275283815,-11.064343547821052,6.393442630767822,2.622950792312622,10.163934707641602,2.246575117111206,-2.2297587394714355,7.132651507854461,8.208213806152344,3.6108750104904175,11.21724259853362,3.1207849979400635,1.107102605700493,5.155622100830078,-0.28599247336387634,-2.8432376086711884,2.9354225695133183,-8.905495156946527,-22.38331952171222,0.5566954690223906,-7.6498647,-19.704847860336304,0.7097266644239387,-13.770492,-29.344263076782227,-2.131147623062134,-4.2622952,-10.163934707641602,0.8196721076965332,-9.672132,-18.360654830932617,-2.7868852615356445,119,4.754098360655737,402340,-5.348885
kospi,learn_balanced,2026Q3,380,38,24,3.204913377761841,2.2211642265319824,10.221443176269531,17.63157844543457,17.894737243652344,27.105262756347656,48.157894134521484,42.3684196472168,52.105262756347656,-15.370098114013672,-22.346538543701172,-7.0006256103515625,8.947368621826172,6.842105388641357,16.052631378173828,0.5573267936706543,-1.2866389751434326,4.888598918914795,8.509513854980469,8.39155101776123,14.059149742126465,4.051699161529541,2.1225240230560303,8.749920845031738,0.9928948283195496,-0.7803295254707336,5.119590401649472,8.634031781178217,8.376258861998139,25.10529537040577,6.1888924,5.632304894924164,8.35763931274414,11.315789,11.315789222717285,15.526315689086914,6.8421054,5.0,12.105262756347656,6.5789475,5.263157844543457,11.315789222717285,100,4.2105263157894735,001210,2.4616926
kospi,cluster_shape,all,4000,400,386,1.784182071685791,-1.6246631473302842,4.786250233650205,16.950000762939453,13.549375176429749,20.725000381469727,43.17499923706055,41.20000076293945,44.32562570571899,-11.68239974975586,-14.059868884086608,-9.91911246776581,8.475000381469727,6.399375092983246,10.875,0.7837985157966614,-1.4158837825059891,3.2834973990917202,8.267563819885254,6.074833881855011,10.861797165870666,4.162214279174805,2.5685044825077057,5.989234483242034,0.07420554012060165,-1.768804484605789,1.8734161317348477,2.9122689658704317,-3.1443556308973757,7.791826212777278,-3.2660413,-6.169292676448822,-0.7124847859144221,-1.2,-6.67562518119812,3.0762500464916163,-2.225,-4.0,-0.3993750058114563,-0.7,-3.3499999046325684,1.5,438,1.8499999999999999,009150,1.2646422
kospi,cluster_shape,2025,2420,242,242,1.9030475616455078,-0.981997212767601,4.293922066688536,15.578512191772461,11.445248365402222,19.586776733398438,43.88429641723633,41.94111700057984,45.785125732421875,-9.888888359069824,-11.193134951591492,-8.870101165771484,7.561983585357666,5.165289402008057,10.08264446258545,0.22102659940719604,-1.725837853550911,1.6589159548282622,7.792995929718018,4.6759746193885805,10.52832224369049,3.702327013015747,1.7360141843557357,5.43006465435028,-0.16756893694400787,-1.8986726701259613,1.0558557003736495,3.872089517671229,-0.5466790629302403,7.051487296173465,-3.8848271,-6.064972651004791,-0.5464846536517146,-1.1570247,-5.041322231292725,5.4132232666015625,-1.8181819,-3.5537190437316895,0.7851239442825317,-0.9504132,-2.768594980239868,2.3553719520568848,342,2.3140495867768593,034020,1.4667495
kospi,cluster_shape,2026,1580,158,144,1.6021232604980469,-6.623596060276031,7.241480183601378,19.05063247680664,12.784810066223145,23.987340927124023,42.08860778808594,38.73417663574219,43.417720794677734,-14.429423332214355,-19.420625400543212,-11.556548643112183,9.873417854309082,5.822784900665283,13.03797435760498,1.6457656621932983,-3.366197150945663,7.34780575037002,8.994433403015137,4.987715125083923,13.422172546386719,4.866598129272461,1.6617724269628524,7.95062469244003,0.4445182681083679,-3.6269207239151,4.325494170188902,1.2992372052052035,-11.149037522627648,10.709395109996752,-2.3182795,-7.836589229106903,1.970589587092399,-1.2658228,-11.268986988067626,4.558544290065757,-2.8481014,-5.50632905960083,0.37974682450294495,-0.3164557,-5.50632905960083,2.7215189933776855,264,2.4050632911392404,009150,0.29098684
kospi,cluster_shape,2025Q1,580,58,58,0.5313734412193298,-6.5473358035087585,4.607336306571959,13.448275566101074,5.689655303955078,20.34482765197754,44.31034469604492,42.41379165649414,46.72413635253906,-11.391844749450684,-14.481631231307983,-8.395643568038942,6.896551609039307,2.237068915367127,11.551724433898926,1.4730522632598877,-1.7724637657403945,2.1517521321773523,8.141361236572266,2.908486086130142,12.43287181854248,4.438183784484863,1.0384727448225022,7.886302196979522,1.248840570449829,-1.774646744132042,1.970207712054252,-2.167014338609176,-7.10696673375725,-0.7880525678455544,-0.61363995,-3.1555214166641234,2.1073348104953764,3.4482758,1.8965517282485962,8.793103218078613,-5.0,-8.448275566101074,-0.517241358757019,0.51724136,-0.517241358757019,4.482758522033691,144,4.310344827586207,042660,-0.8096334
kospi,cluster_shape,2025Q2,600,60,60,4.40516471862793,0.8784405037760735,10.761075377464294,18.83333396911621,13.166666984558105,30.83333396911621,44.66666793823242,42.66666793823242,49.16666793823242,-8.458867073059082,-10.491724228858947,-6.144300937652588,9.833333015441895,5.833333492279053,17.66666603088379,-2.208601474761963,-4.777611649036407,1.773457652330398,5.343443393707275,0.025666698301211002,13.22830593585968,2.5126163959503174,-1.6302200853824615,8.375683259963989,-2.600072145462036,-3.6197319090366364,-0.313506637513638,7.014402780953002,4.071403564898196,12.497186589364844,-6.181888,-10.752258920669556,-3.2883079051971436,-2.0,-7.833333492279053,2.1666667461395264,1.3333334,-2.0,5.833333492279053,-0.33333334,-4.166666507720947,3.0,131,6.166666666666667,034020,2.6303248
kospi,cluster_shape,2025Q3,650,65,65,0.9743180871009827,-2.445629322528839,3.3685621619224513,14.307692527770996,7.846153736114502,16.0,44.153846740722656,41.69230651855469,48.92307662963867,-10.26412296295166,-11.036247873306275,-8.790136289596559,7.538461685180664,3.692307710647583,9.076923370361328,1.3744150400161743,-1.7746307253837585,3.848879885673522,9.076211929321289,2.9658535003662108,11.14639549255371,5.1876091957092285,1.2264368176460265,6.863710105419157,0.2554432451725006,-2.227558594942093,3.1598190069198577,2.994861435937824,-0.6967258227647144,6.6395909603315095,-4.6234026,-9.121021366119384,1.4572021454572601,-1.6923077,-14.003846144676208,10.0,-1.6923077,-3.538461446762085,1.692307710647583,-0.7692308,-7.230769157409668,5.846153736114502,161,3.3846153846153846,097230,-0.12464248
kospi,cluster_shape,2025Q4,590,59,59,1.730123519897461,-1.9820133477449418,2.028570294380187,15.762711524963379,10.677966117858887,15.423728942871094,42.37288284301758,39.49152374267578,44.06779479980469,-9.452271461486816,-11.194733119010925,-9.16441056728363,5.93220329284668,3.220339059829712,5.762712001800537,0.19034798443317413,-2.5145507574081423,0.9113312095403668,8.527894020080566,5.3651812195777895,8.128137493133544,2.552487850189209,0.7822355508804322,2.5579942524433124,0.44773069024086,-1.8768753379583358,0.8254974797368048,7.5797005885191675,-1.8051791197502438,14.892434606709736,-3.9508932,-10.392220783233643,3.3434597194194793,-4.237288,-19.152542114257812,11.525424003601074,-2.0338984,-4.745762825012207,4.406779766082764,-3.220339,-9.322033882141113,4.406779766082764,143,2.8813559322033897,307950,0.7590096
kospi,cluster_shape,2026Q1,590,59,59,7.896886825561523,0.0971150103956461,9.789166498184205,22.033897399902344,12.372880935668945,23.898305892944336,42.033897399902344,39.15254211425781,43.38983154296875,-10.998095512390137,-15.106934809684754,-9.09449200630188,11.525424003601074,5.254237174987793,13.559322357177734,3.5962436199188232,0.8955161228775979,4.260333037376403,8.424708366394043,2.0562408745288847,8.71839296817779,4.654068946838379,-0.6889010712504386,5.299385344982145,3.2117767333984375,-0.5803864896297455,4.634855389595032,17.19712768259344,9.584367405107553,24.141881579228144,-0.41453364,-6.643374955654144,4.657766866683953,1.8644068,-8.644067764282227,7.96610164642334,-4.915254,-6.94915246963501,-1.8644068241119385,2.3728814,-4.06779670715332,6.1016950607299805,159,3.2203389830508473,047040,5.1089563
kospi,cluster_shape,2026Q2,610,61,61,-3.8764238357543945,-14.944671154022217,8.918316507339478,18.032787322998047,9.508196830749512,28.19672203063965,40.819671630859375,37.704917907714844,43.934425354003906,-18.20828628540039,-23.76528468132019,-12.6936101436615,10.0,4.098360538482666,18.19672203063965,2.045574188232422,-5.879851996898651,17.157339620590204,10.831165313720703,6.360520434379578,21.220582675933837,6.727342128753662,2.790191042423248,14.179476666450498,-0.823798656463623,-6.12416707277298,9.95424723625183,-15.14742691735713,-29.749882409187165,0.1479828545429004,-7.8508663,-12.740536737442017,-3.1907279968261717,-11.147541,-20.327869415283203,-1.4754098653793335,-4.4262295,-7.5409836769104,-3.4426229000091553,-6.0655737,-9.508196830749512,-1.4754098653793335,113,5.409836065573771,009150,-7.2016315
kospi,cluster_shape,2026Q3,380,38,24,0.6231812834739685,1.394415259361267,7.1826019287109375,16.052631378173828,17.105262756347656,24.210525512695312,44.21052551269531,37.3684196472168,48.16447305679318,-13.690940856933594,-16.953231811523438,-8.505727839469913,7.1052632331848145,6.842105388641357,11.315789222717285,-2.0244057178497314,-1.624522089958191,0.7979130744934082,6.930566310882568,7.602405071258545,11.037999153137207,2.209594249725342,1.5253627300262451,3.6056487560272217,-1.8160324096679688,-1.2743747234344482,0.9729158952832221,4.018861093138385,3.401817876688731,7.886288572102414,3.60716,0.8424793064594269,6.927140712738037,9.736842,9.210526466369629,12.631579399108887,2.8947368,1.5789474248886108,8.421052932739258,4.736842,4.210526466369629,7.3684210777282715,116,6.052631578947368,317400,-1.8678133
kospi,control_amount,all,4000,400,386,5.050222873687744,0.18427091091871262,9.815878558158873,18.149999618530273,12.14874963760376,25.85062537193298,45.400001525878906,42.875,47.20062570571899,-9.22030258178711,-12.545498585700988,-6.903874945640565,9.175000190734863,5.94937481880188,13.149999618530273,4.049839973449707,0.3197841353714466,8.230397129058838,9.46756362915039,4.540125381946564,16.029286956787107,4.8622145652771,2.1900887846946717,8.32356517314911,2.074859857559204,-0.5685101523995398,4.85193905830383,10.969494339228211,3.2734336646301125,17.954902324012803,0.0,0.0,0.0,0.0,0.0,0.0,0.0,0.0,0.0,0.0,0.0,0.0,52,10.0,000660,4.172781
kospi,control_amount,2025,2420,242,242,5.787875175476074,1.1471100568771362,8.79995481967926,16.735536575317383,8.63533091545105,21.32334637641906,45.70248031616211,42.60330581665039,47.81198358535765,-6.686527252197266,-8.411373066902161,-5.592896592617036,8.512396812438965,4.545454502105713,10.662189722061152,4.105854511260986,0.650080743432045,5.933500146865844,8.950021743774414,2.3330215513706207,12.5790323972702,4.652739524841309,1.2762801229953766,6.328189933300016,1.7830427885055542,-0.6064948827028275,3.0481960594654076,13.717042780794104,6.470283497515801,19.64331503975838,0.0,0.0,0.0,0.0,0.0,0.0,0.0,0.0,0.0,0.0,0.0,0.0,39,10.0,034020,5.0080004
kospi,control_amount,2026,1580,158,144,3.9204025268554688,-5.96229772567749,13.316892886161801,20.316455841064453,10.504747247695922,34.24050521850586,44.936710357666016,40.50632858276367,47.09019002914428,-13.101149559020996,-19.673504686355592,-9.372019314765934,10.189873695373535,4.303797245025635,17.659810209274283,3.964045763015747,-4.120342910289764,13.030677413940415,10.260255813598633,2.395798569917679,22.39234914779663,5.183053493499756,0.17171632125973707,12.375203299522399,2.521820306777954,-3.030001866817474,8.768543171882627,6.352086541596634,-8.825762044045133,19.19218716900736,0.0,0.0,0.0,0.0,0.0,0.0,0.0,0.0,0.0,0.0,0.0,0.0,30,10.0,000660,2.8143458
kospi,control_amount,2025Q1,580,58,58,1.145013451576233,-3.811814469099045,3.2608509898185685,10.0,3.4482758045196533,12.935344433784461,49.31034469604492,45.0,53.27586364746094,-8.981307029724121,-11.493765258789063,-6.694408452510834,6.379310131072998,2.4094827413558964,8.448275566101074,2.0866923332214355,-0.8475697636604309,2.313295525312423,4.693085193634033,0.5584818124771118,5.947366261482237,3.920942783355713,0.9140574485063553,5.242386734485626,2.2806546688079834,-0.369893454760313,2.315351009368896,3.6851146395165424,-5.710151326744427,5.505981176697576,0.0,0.0,0.0,0.0,0.0,0.0,0.0,0.0,0.0,0.0,0.0,0.0,24,10.0,042660,-0.78726685
kospi,control_amount,2025Q2,600,60,60,10.587053298950195,7.609763145446777,18.796524429321288,20.83333396911621,17.16666603088379,31.50416665077207,43.33333206176758,42.0,49.0,-5.014684200286865,-5.4046112418174745,-3.4861556112766268,10.166666984558105,8.666666984558105,16.50416665077207,3.9732871055603027,1.7745086878538132,9.884690237045287,7.343443870544434,4.561112403869629,13.848990726470946,2.84594988822937,1.849998739361763,6.99428550004959,0.24469761550426483,-1.63271461725235,4.0408252954483,22.442078842849075,14.46439229105374,33.32813347628969,0.0,0.0,0.0,0.0,0.0,0.0,0.0,0.0,0.0,0.0,0.0,0.0,23,10.0,034020,7.441935
kospi,control_amount,2025Q3,650,65,65,5.597720623016357,0.23258448876440527,9.0307231426239,16.0,3.0730769753456117,25.384614944458008,45.846153259277344,43.07692337036133,49.69230651855469,-6.018945217132568,-6.775743889808655,-4.162323606014255,8.307692527770996,1.2307692766189575,13.84615421295166,5.997817039489746,2.29267960190773,8.29770882129669,10.768521308898926,-0.4184759669005871,19.682415342330923,5.9568400382995605,-0.37032887488603594,11.242836189270019,3.118166923522949,0.5919620841741562,5.200247299671169,11.684810549920304,7.1850402981476735,22.685734165834045,0.0,0.0,0.0,0.0,0.0,0.0,0.0,0.0,0.0,0.0,0.0,0.0,18,10.0,000660,3.9676635
kospi,control_amount,2025Q4,590,59,59,5.681016445159912,-5.2026622772216795,12.306138467788688,20.0,0.16949152946472168,34.06779479980469,44.40678024291992,36.440677642822266,47.966102600097656,-6.866291522979736,-9.955228567123413,-5.6188451051712045,9.152542114257812,0.0,13.89830493927002,4.141241073608398,-5.616919708251953,11.34788103103637,12.765182495117188,-5.146346175670624,26.916533136367796,5.7728271484375,-2.4320763647556305,10.865071201324463,1.3873844146728516,-5.16601984500885,7.085081398487086,16.944920127872034,1.6639172036956225,29.543745383117656,0.0,0.0,0.0,0.0,0.0,0.0,0.0,0.0,0.0,0.0,0.0,0.0,22,10.0,005380,4.31064
kospi,control_amount,2026Q1,590,59,59,8.311420440673828,-2.1848388433456423,12.614629530906676,20.169490814208984,6.1016950607299805,27.966102600097656,46.949153900146484,42.20338821411133,48.98305130004883,-9.457470893859863,-14.788341212272645,-6.01024032831192,9.152542114257812,1.3559322357177734,13.389830589294434,4.010777473449707,-1.1772858023643493,8.04419684410095,6.560301780700684,-0.5442178085446358,11.439515113830566,2.2811877727508545,-1.6290665864944458,3.456491231918335,2.4907100200653076,-1.1626699030399321,6.887126612663265,18.632209936809804,10.286594066344593,20.593115969395953,0.0,0.0,0.0,0.0,0.0,0.0,0.0,0.0,0.0,0.0,0.0,0.0,22,10.0,042700,7.4382267
kospi,control_amount,2026Q2,610,61,61,3.9744420051574707,-11.467370891571045,19.743655061721796,29.180328369140625,10.983606338500977,47.04917907714844,45.24590301513672,42.95082092285156,49.83606719970703,-14.740978240966797,-20.42729377746582,-8.257662606239318,16.065574645996094,5.737704753875732,26.561475229263284,9.896440505981445,-2.2229822397232053,24.941497230529784,21.97870635986328,8.135023880004884,37.60619459152221,12.792915344238281,4.5057156682014465,22.076982355117796,6.535979270935059,-0.9081247374415397,16.321992778778075,-2.365937574488151,-26.821970988784706,18.720165191331514,0.0,0.0,0.0,0.0,0.0,0.0,0.0,0.0,0.0,0.0,0.0,0.0,19,10.0,009150,0.46131447
kospi,control_amount,2026Q3,380,38,24,-2.9839789867401123,-4.857624053955078,4.142226696014404,6.315789699554443,6.315789699554443,12.105262756347656,41.31578826904297,35.0,42.894737243652344,-16.12608528137207,-23.55980110168457,-7.5371856689453125,2.3684210777282715,1.5789474248886108,4.736842155456543,-5.631565570831299,-8.423927307128906,-1.5400029420852661,-2.806276321411133,-3.323437452316284,-0.8023977935314183,-2.527247667312622,-4.133113384246826,-2.3773534297943115,-3.8736588954925537,-6.230903148651123,-0.21046628057956696,-1.6782388432535795,-2.4327818296287775,10.422497947265779,0.0,0.0,0.0,0.0,0.0,0.0,0.0,0.0,0.0,0.0,0.0,0.0,15,10.0,066570,-4.075551
kospi,control_fundamental,all,4000,400,386,6.840338230133057,2.3366147696971895,11.411156845092773,22.25,16.074375724792482,29.325000762939453,45.54999923706055,42.849998474121094,48.0,-9.147989273071289,-12.066846776008607,-6.8996206641197215,11.0,7.974374902248383,14.60062537193298,5.839954853057861,2.7564129710197447,9.025339865684508,13.5675630569458,8.7039883852005,19.096118068695066,6.687213897705078,4.277252757549286,9.584548139572144,3.8815557956695557,1.6468624532222749,6.166411828994751,14.611816943214977,6.345011891356989,21.906465744493993,1.7901152,-0.5290141358971596,4.016748809814452,4.1,-0.4512499883770942,8.476250362396234,0.15,-1.725000023841858,2.1500000953674316,1.825,-0.42562501132488245,4.074999809265137,40,8.75,402340,5.782002
kospi,control_fundamental,2025,2420,242,242,9.19648265838623,4.0121083617210385,13.025990200042724,24.338842391967773,15.287189984321595,30.952478885650624,47.39669418334961,44.79338836669922,50.33161096572876,-6.623405933380127,-8.31872317790985,-5.167555022239686,12.02479362487793,7.933884143829346,15.578512191772461,7.514461517333984,3.6609641313552856,10.424465298652647,16.553327560424805,9.0938138961792,22.077491998672485,8.165136337280273,4.725845289230347,11.111850976943968,5.200767993927002,2.264418697357178,7.625235998630522,20.384350407783334,11.986333395408012,26.598840276805415,3.4086077,1.7631226539611817,5.965164721012115,7.603306,4.380165100097656,13.430785393714899,1.6942148,0.8677685856819153,3.8016529083251953,3.5123968,2.18904949426651,6.488636243343348,30,10.0,402340,8.315167
kospi,control_fundamental,2026,1580,158,144,3.231560707092285,-4.846307849884033,10.763262915611259,19.05063247680664,10.253164291381836,30.191455030441276,42.721519470214844,37.466771030426024,44.81012725830078,-13.014755249023438,-18.61481909751892,-9.9605272769928,9.430379867553711,4.430379867553711,14.558544301986686,3.2752037048339844,-1.8246068507432938,8.862344312667846,8.99443244934082,3.4109968841075897,17.458901453018182,4.42356014251709,0.9813832014799119,8.543273162841793,1.8609906435012817,-1.5115512669086457,5.496991598606108,4.910753759704266,-8.789823809144925,15.929478858943904,-0.6888418,-5.418833899497986,2.7475571036338797,-1.2658228,-9.240506172180176,3.5458861708640965,-2.21519,-6.267405164241791,0.2531645596027374,-0.75949365,-5.381329190731049,1.6455695629119873,25,10.0,402340,1.90209
kospi,control_fundamental,2025Q1,580,58,58,5.878576755523682,-1.1492578625679015,12.972280502319336,22.241378784179688,8.620689392089844,37.931034088134766,46.72413635253906,43.44396619796753,53.965518951416016,-9.403074264526367,-11.190320897102357,-7.218138813972473,10.344827651977539,4.823275828361512,18.275861740112305,6.820255756378174,3.9112346351146696,11.236565804481506,16.934465408325195,5.891452443599701,30.34952397346496,7.886460304260254,3.530792164802551,14.630660057067871,6.900768280029297,4.416173934936523,11.200957179069519,14.20549351640899,6.295559485268652,16.611676856045644,4.733563,2.2082868456840514,11.954720783233642,12.24138,4.655172348022461,28.275861740112305,-2.586207,-3.7931034564971924,1.5517241954803467,3.9655173,0.6896551847457886,12.413793563842773,23,10.0,012450,3.4131265
kospi,control_fundamental,2025Q2,600,60,60,14.062176704406738,10.765649914741516,21.804207801818848,30.16666603088379,25.495833349227905,44.0,46.33333206176758,45.83333206176758,50.33333206176758,-4.1638875007629395,-4.658970761299133,-2.3213901281356812,14.166666984558105,12.662500309944154,20.66666603088379,7.448409080505371,4.5724710583686825,13.037663006782532,16.676776885986328,12.848607993125915,26.09405531883239,6.845950603485107,5.8832526206970215,11.115989708900452,3.7465429306030273,1.0012062788009644,7.520939779281616,25.022255740962525,10.529016000015938,43.38549420698619,3.4751222,2.2500987350940704,5.67892929315567,9.333333,8.166666984558105,12.5,3.0,-0.3333333432674408,6.166666507720947,4.0,3.0,5.5,14,10.0,402340,12.61051
kospi,control_fundamental,2025Q3,650,65,65,8.246604919433594,-0.6532706588506698,14.29753975868225,19.538461685180664,4.150000107288361,28.0,49.38461685180664,46.153846740722656,54.0,-6.031578540802002,-7.737436687946319,-3.8231425583362606,10.15384578704834,2.153846263885498,15.692307472229004,8.646700859069824,2.2233180344104766,13.009277296066283,14.306981086730957,0.7677371621131897,22.252174377441403,7.8029937744140625,0.5380452930927277,13.023733496665953,5.865277290344238,0.31042982935905455,10.34986033439636,19.91897586484643,12.611754987110704,33.69542704966869,2.6488845,-1.1963920414447784,5.986736130714416,3.5384614,-0.9230769276618958,7.07692289352417,3.5384614,1.692307710647583,6.153846263885498,1.8461539,0.1538461595773697,3.384615421295166,15,10.0,000660,6.910868
kospi,control_fundamental,2025Q4,590,59,59,8.556467056274414,-2.731886863708496,14.167986798286433,25.762712478637695,5.762712001800537,34.24152669906614,46.949153900146484,39.49152374267578,51.52542495727539,-7.044071197509766,-10.581854915618896,-6.1196794509887695,13.559322357177734,3.5593221187591553,15.254237174987793,7.0166916847229,-3.732687473297119,13.199615168571466,18.527896881103516,0.6171440243721008,27.31543021202083,10.179606437683105,1.1036301851272583,12.265265107154837,4.2763671875,-2.2768930912017824,8.978453564643859,22.2546677806623,6.036110978464575,34.71635957480301,2.8754504,0.7035519674420356,4.695373892784117,5.762712,-0.508474588394165,12.372880935668945,2.542373,1.5254237651824951,5.08474588394165,4.40678,0.33898305892944336,7.796610355377197,12,10.0,402340,7.2575555
kospi,control_fundamental,2026Q1,590,59,59,8.474567413330078,-1.2557460486888885,11.347031092643737,23.220338821411133,8.474575996398926,27.11864471435547,46.440677642822266,41.52542495727539,48.13559341430664,-9.22087574005127,-13.980643129348755,-6.457049036026002,11.525424003601074,3.220339059829712,14.06779670715332,4.173923969268799,-0.6220435187220573,7.916314220428463,9.611148834228516,0.970484371483326,12.138432073593137,4.654069423675537,0.21533961184322833,4.6137029170989985,2.650195360183716,-1.1783079832792283,7.038999795913691,19.118951045774473,8.978719442012608,21.319106288896077,0.16314667,-1.454902708530426,1.233472719788551,3.0508475,-1.6949152946472168,3.3898305892944336,-0.5084746,-2.8813560009002686,1.8644068241119385,2.3728814,-0.16949152946472168,2.711864471435547,23,10.0,272210,7.2553473
kospi,control_fundamental,2026Q2,610,61,61,-0.09011321514844894,-9.426615023612976,8.601782870292658,19.180328369140625,6.557376861572266,28.68852424621582,40.819671630859375,32.295082092285156,44.59016418457031,-14.803916931152344,-18.502711963653564,-10.710248994827271,10.163934707641602,2.7868852615356445,16.065574645996094,5.831883430480957,-0.2704394534230231,12.588555097579949,11.978706359863281,3.3830659210681917,18.392276382446287,6.8912763595581055,1.6241720616817474,11.193219757080078,2.5749261379241943,-0.23769305534660817,6.201155066490172,-6.667697749822484,-23.485614131491893,5.545487796029886,-4.064555,-14.395202779769898,2.4616872906684817,-10.0,-21.967212677001953,-4.426229476928711,-4.4262295,-13.606557846069336,-1.8032786846160889,-5.9016395,-12.622950553894043,-2.7868852615356445,16,10.0,402340,-3.599039
kospi,control_fundamental,2026Q3,380,38,24,0.4232633113861084,-0.0860004648566246,9.560126304626465,12.368420600891113,11.578947067260742,23.421052932739258,40.0,32.894737243652344,43.94736862182617,-16.033178329467773,-22.357044219970703,-8.171897888183594,5.0,2.6315789222717285,9.473684310913086,-2.2243237495422363,-3.6697046756744385,3.524139404296875,3.246354818344116,1.6933236122131348,10.546302795410156,0.10433068126440048,-2.113945245742798,2.265728324651718,-0.510408878326416,-1.5337023735046387,4.968414783477783,-0.5891669818378148,-1.1555368157784132,11.046605467588488,3.407243,3.968722367286682,6.221868991851807,6.0526314,4.210526466369629,11.578947067260742,-1.3157895,-2.6315789222717285,2.6315789222717285,2.631579,1.0526316165924072,4.736842155456543,11,10.0,002990,-1.8508767
kospi,control_rsi,all,4000,400,386,-0.8629624843597412,-3.365466332435608,1.263858228921886,5.525000095367432,3.82437504529953,7.500625002384182,43.849998474121094,40.87437496185303,45.900001525878906,-8.343537330627441,-10.22879319190979,-6.8646830320358285,2.5999999046325684,1.6749999523162842,3.674999952316284,-1.8633462190628052,-3.5207111954689028,-0.3298844657838359,-3.1574361324310303,-5.169374132156372,-1.0224797219038022,-1.7127859592437744,-2.773228806257248,-0.6286985516548159,-1.5489718914031982,-3.068825936317444,-0.2260321829468022,-1.615725909574799,-5.372609714438901,1.9067259157816032,-5.913186,-10.906581735610962,-1.2503622651100161,-12.625,-20.026249647140503,-6.474999904632568,-1.55,-4.949999809265137,1.4500000476837158,-6.575,-10.375,-3.25,427,1.6500000000000001,001210,-1.2424197
kospi,control_rsi,2025,2420,242,242,-0.17341433465480804,-1.9480278193950653,1.419943755865097,4.421487808227539,2.5206611156463623,6.0754134535789435,43.34710693359375,40.040287780761716,46.28099060058594,-6.481716156005859,-7.5066492557525635,-5.786377584934235,2.107438087463379,1.1983470916748047,3.0578513145446777,-1.8554352521896362,-3.585467743873596,-0.32294361218810147,-3.364028215408325,-5.647852504253388,-1.0426446765661275,-1.7522187232971191,-2.9993876814842224,-0.5483566835522652,-1.3709015846252441,-2.8060816168785094,-0.034292914299296456,1.1306351177390228,-2.204402638446962,4.642939023750687,-5.9612894,-8.754859972000123,-1.6961377084255225,-12.31405,-17.272727966308594,-4.173553943634033,-2.355372,-5.78615688085556,1.6539256453514042,-6.4049587,-8.719008445739746,-2.3966941833496094,315,2.727272727272727,195870,-0.40383813
kospi,control_rsi,2026,1580,158,144,-1.9191056489944458,-7.956334376335144,1.5038518875837312,7.2151899337768555,3.7341771125793457,10.759493827819824,44.62025451660156,39.11234359741211,47.341773986816406,-11.195188522338867,-14.700771832466126,-9.449532914161683,3.3544304370880127,1.3924050331115723,5.253164768218994,-1.8754631280899048,-5.48410838842392,1.0615690290927868,-2.841010332107544,-6.17124662399292,1.2047802180051783,-1.6523891687393188,-3.467694860696793,0.3923349358141381,-1.8217118978500366,-5.1826635003089905,0.7122400671243614,-6.231138191588307,-13.187266745423432,-1.177827299776936,-5.8395076,-17.207518148422242,3.8146519958972926,-13.101266,-26.582279205322266,-2.3417720794677734,-0.3164557,-6.393987309932709,5.126582145690918,-6.835443,-14.242088460922242,-0.5063291192054749,233,2.911392405063291,001210,-2.8797574
kospi,control_rsi,2025Q1,580,58,58,-1.2603826522827148,-3.903346061706543,-0.4838736943900585,2.931034564971924,1.034482717514038,3.620689630508423,46.2068977355957,42.75431089401245,51.379310607910156,-6.883650302886963,-8.55218596458435,-4.718433368206024,1.5517241954803467,0.517241358757019,2.931034564971924,-0.31870365142822266,-3.5302255153656006,1.7833652615547175,-2.375880241394043,-5.897986030578613,0.014723529852923703,-0.906643271446228,-1.985421672463417,0.05403103372082073,-0.4326816499233246,-3.722186541557312,1.738967674970626,-2.567318835827597,-6.46814490245888,-1.7153867640258118,-2.405396,-4.705082201957703,0.7625271439552291,-7.0689654,-11.206896781921387,-1.2068965435028076,-3.1034484,-6.724137783050537,2.2413792610168457,-4.827586,-6.9008619546890255,-1.2068965435028076,121,4.655172413793104,008600,-2.070754
kospi,control_rsi,2025Q2,600,60,60,2.780789613723755,0.32837136909365655,4.6578485369682285,5.833333492279053,2.5,10.666666984558105,47.83333206176758,43.33333206176758,52.0,-5.153002738952637,-5.982731091976166,-4.7548767089843755,3.1666667461395264,1.3333333730697632,6.0,-3.8329761028289795,-6.016376733779907,-3.410516083240511,-7.656556606292725,-11.296316933631896,-5.798816215991975,-4.154049396514893,-6.2869553565979,-2.6022190570831305,-3.143321990966797,-4.732168865203858,-2.5506820619106296,7.345611274059889,3.709922565881564,11.372337557241421,-7.806264,-14.87626028060913,-6.063110339641571,-15.0,-22.16666603088379,-11.5,4.5,-0.5,5.333333492279053,-7.0,-11.166666984558105,-6.0,106,3.6666666666666665,195870,1.8514137
kospi,control_rsi,2025Q3,650,65,65,-3.1724064350128174,-4.6965414643287655,-1.8435590356588367,2.923076868057251,0.0,5.696153628826121,37.69230651855469,31.230770111083984,43.53845977783203,-7.68429708480835,-8.603730154037475,-6.057315421104431,1.2307692766189575,0.0,2.461538553237915,-2.7723095417022705,-5.1424909114837645,-0.07240159790963092,-2.3084030151367188,-5.818697810173035,1.9084689855575507,-1.1200827360153198,-2.844055247306824,0.5182416930794702,-1.9678418636322021,-4.332282876968383,0.5233391478657706,-3.63580430566459,-7.112024790256507,-1.5534103210227261,-8.770126,-13.362153100967408,-3.3031550645828265,-13.076923,-24.92692279815674,0.7692307829856873,-8.153846,-13.230769157409668,-4.0,-7.076923,-13.692307472229004,0.0,99,7.384615384615385,077970,-4.005135
kospi,control_rsi,2025Q4,590,59,59,1.1948297023773193,-0.6375279977917672,2.6390381038188933,6.1016950607299805,3.728813648223877,6.271186351776123,42.20338821411133,38.305084228515625,44.576271057128906,-6.112951278686523,-7.165167379379272,-4.986913478374482,2.542372941970825,1.3559322357177734,3.220339059829712,-0.3449456989765167,-1.107561045885086,0.8843326181173322,-1.1331229209899902,-2.5063009381294252,0.9604726865887642,-0.8373425006866455,-1.6747792184352874,0.7097913905978195,0.16688770055770874,-0.4564152047038078,0.8422081828117367,3.6967592270415106,0.4250698168659106,7.187449521458557,-4.486187,-10.77403383255005,5.823744499683378,-13.898305,-28.474576950073242,4.91525411605835,-2.20339,-8.13559341430664,6.610169410705566,-6.6101694,-11.186440467834473,2.3728814125061035,109,5.2542372881355925,071950,0.4948945
kospi,control_rsi,2026Q1,590,59,59,-1.6193370819091797,-11.92581820487976,3.1499679267406355,5.762712001800537,1.1864407062530518,6.440678119659424,46.949153900146484,42.033897399902344,50.3432189941406,-10.100747108459473,-16.655277013778687,-5.714926469326019,2.711864471435547,0.6779661178588867,3.220339059829712,-5.919981002807617,-9.207238841056824,-4.628293740749361,-7.846477508544922,-13.719431757926941,-3.707791137695314,-4.15949010848999,-7.713540184497833,-1.9891695708036423,-5.318374156951904,-8.978818988800048,-3.8204569876194037,-4.105333548308662,-10.028431983935308,-0.6204803278590151,-9.9307575,-16.366282844543456,-5.342842018604279,-14.406779,-23.389829635620117,-3.728813648223877,0.0,-4.237287998199463,5.93220329284668,-6.440678,-10.677966117858887,-0.33898305892944336,114,6.440677966101695,005090,-1.8881637
kospi,control_rsi,2026Q2,610,61,61,-6.920413494110107,-12.87707977294922,-5.160491156578064,5.245901584625244,1.6393442153930664,6.8852458000183105,39.344261169433594,30.491804122924805,43.11475372314453,-13.327679634094238,-17.424938249588013,-12.654762887954714,2.131147623062134,0.16393442451953888,3.4426229000091553,-0.9984158277511597,-4.936772882938385,3.723595291376114,-1.955720067024231,-4.422944891452789,1.6200075715780249,-1.1415104866027832,-2.187467414140701,-0.6363682299852378,-1.3128107786178589,-4.681915748119354,2.5724307000637046,-13.347391600100526,-21.35651935153463,-8.676303945228542,-10.894855,-29.624969959259033,6.037607514858243,-23.934425,-41.803279876708984,-6.721311569213867,-5.9016395,-15.901638984680176,-2.622950792312622,-13.934426,-24.098360061645508,-5.241803228855155,111,3.4426229508196724,001210,-8.427694
kospi,control_rsi,2026Q3,380,38,24,5.643878936767578,4.980653285980225,8.330198287963867,12.631579399108887,12.368420600891113,20.0,49.47368240356445,43.94736862182617,50.26315689086914,-9.471238136291504,-11.963122367858887,-8.417642593383789,6.315789699554443,6.315789699554443,10.526315689086914,2.9962921142578125,-0.16221272945404053,3.5841667652130127,3.5095126628875732,0.3032999634742737,8.159162521362305,1.4201204776763916,-0.8030954599380493,4.326116561889648,2.7903966903686523,-0.3280949592590332,3.3989100456237793,6.630069473651137,5.1012529660000485,12.778833505216493,8.627858,3.271738737821579,11.013440489768929,6.3157897,1.3157894611358643,10.789473533630371,8.157895,4.210526466369629,13.164474034309352,3.9473684,1.8421052694320679,7.8947367668151855,68,6.052631578947368,001210,4.0691743
kosdaq,learn_hit,all,4000,400,386,-1.4694017171859741,-5.566390097141266,2.3092554569244377,16.25,12.974375367164612,20.049999237060547,43.224998474121094,41.07500076293945,45.225623512268065,-14.79931354522705,-17.258122396469116,-12.757326650619508,7.925000190734863,6.074999809265137,9.925000190734863,-0.9690154790878296,-2.961738818883896,1.4448672920465462,5.121472358703613,3.0714750945568086,8.046001219749447,2.953418493270874,1.6791827112436295,4.628856396675109,-1.7735543251037598,-3.5784449219703673,0.4137301780283451,-2.3178091275812247,-10.459362370512121,5.716344775535507,-0.5372525,-4.660369074344635,4.408319973945614,-0.825,-5.750625002384186,4.22562490701675,1.975,-0.30000001192092896,4.301250183582299,0.425,-2.375,3.3006249547004667,326,2.9000000000000004,458870,-2.0739546
kosdaq,learn_hit,2025,2420,242,242,-0.5821247100830078,-4.792563021183014,3.16397451162338,16.033058166503906,11.527892827987671,20.786156892776482,43.80165100097656,41.776859283447266,46.033058166503906,-12.849772453308105,-14.634706377983093,-11.037411880493165,8.388429641723633,5.826446056365967,11.157024383544922,-1.309992790222168,-3.81999648809433,1.8913354516029353,6.1346516609191895,3.2741642773151396,10.248556518554686,3.8970494270324707,2.1581481397151947,6.290998589992519,-1.7901946306228638,-4.069407021999359,1.2858114629983892,2.462837999020596,-5.1686928609464315,9.486523272333732,-1.6709259,-5.701319563388824,4.496524214744567,-0.78512394,-6.405991780757904,6.820248103141774,1.8595041,-0.6611570119857788,5.620867955684656,0.9504132,-2.066115617752075,5.331611394882197,201,3.4710743801652892,458870,-1.5591607
kosdaq,learn_hit,2026,1580,158,144,-2.8283958435058594,-11.6121435880661,4.13255531787872,16.582279205322266,10.884493684768676,22.78481101989746,42.341773986816406,37.59493637084961,45.94936752319336,-17.785320281982422,-22.83326449394226,-14.556417298316958,7.2151899337768555,4.683544158935547,9.93829073905944,-0.44675928354263306,-3.8469723224639893,3.1606046676635735,3.5696403980255127,1.3161730766296387,7.4535822629928585,1.5081102848052979,0.6939349055290223,3.0636678040027605,-1.748067021369934,-4.2654143333435055,1.9315182000398632,-10.351952215342616,-26.690170790688583,0.45501549226824206,1.199133,-4.3451485395431515,9.793366098403931,-0.886076,-5.0,6.647152078151694,2.1518986,-0.8876582518219946,4.556962013244629,-0.37974682,-2.7848100662231445,3.7341771125793457,196,3.5443037974683547,347700,-3.5434983
kosdaq,learn_hit,2025Q1,580,58,58,-8.26845932006836,-15.168291139602662,-2.352038121223452,8.103447914123535,2.5862069129943848,11.556034779548622,42.24137878417969,38.965518951416016,45.0,-16.98651695251465,-19.58924880027771,-14.109118747711182,3.620689630508423,0.8620689511299133,5.862069129943848,-6.529139041900635,-9.029050397872926,-2.906004106998447,0.3424343168735504,-2.3143641114234925,2.5410892546176895,0.45839405059814453,-1.012084636092186,1.72206009030342,-6.306004524230957,-9.1864089012146,-2.377489572763446,-10.180393919566933,-17.614860835648916,-8.251142951499183,-2.9713612,-4.93859703540802,0.29493426978588094,-1.7241379,-4.137930870056152,1.8965517282485962,-1.2068965,-4.655172348022461,-1.3793103694915771,-1.2068965,-2.2413792610168457,1.034482717514038,66,9.482758620689655,042000,-9.547577
kosdaq,learn_hit,2025Q2,600,60,60,4.991486072540283,2.440352338552475,9.974542665481565,22.66666603088379,16.16666603088379,32.16666793823242,45.16666793823242,42.5,46.50416669845579,-9.835323333740234,-10.116723036766052,-9.11675341129303,11.666666984558105,7.666666507720947,16.83333396911621,2.3700082302093506,0.18484484292566777,7.6922589182853685,12.043965339660645,6.602542078495025,21.291371488571166,6.526679515838623,3.071725046634674,11.840780663490294,2.0238633155822754,-0.2469563778489828,6.691518664360043,8.833619265111555,-3.2645120405383175,24.5475249290695,10.780428,4.74448516368866,20.156710815429687,11.833333,2.5,22.83750061988828,5.6666665,2.8333332538604736,9.166666984558105,7.8333335,1.6666666269302368,14.5,67,10.0,082270,3.5179315
kosdaq,learn_hit,2025Q3,650,65,65,-3.303896903991699,-8.838322043418884,3.1473645210266086,14.923076629638672,9.230769157409668,24.0,41.69230651855469,39.846153259277344,47.230770111083984,-12.96827220916748,-17.075660228729248,-9.453399825096131,8.923076629638672,5.846153736114502,14.15384578704834,-4.049041271209717,-6.95542756319046,-1.525770857930184,4.975872039794922,2.597990256547928,9.755132126808164,4.4082770347595215,2.6540863692760466,7.4440670728683465,-4.513619422912598,-7.22067084312439,-2.354690992832184,-5.0805231057019355,-10.229506253394801,-0.21740906825985326,-7.0016336,-11.144882035255431,0.3707565478980539,-2.1538463,-7.538461685180664,9.230769157409668,3.3846154,1.8461538553237915,7.538461685180664,1.6923077,-1.076923131942749,7.538461685180664,68,7.538461538461538,458870,-5.7932787
kosdaq,learn_hit,2025Q4,590,59,59,4.304417133331299,-0.366343668103218,9.822650074958798,18.305084228515625,13.728813171386719,24.576271057128906,46.27118682861328,44.23728942871094,51.186439514160156,-11.718135833740234,-13.099207448959351,-10.198750996589661,9.152542114257812,6.271186351776123,13.89830493927002,3.0959157943725586,-1.7121712803840636,8.144182658195493,7.095844745635986,2.9096892178058624,14.144908905029297,4.040005207061768,1.0885410279035568,9.372087454795837,1.7707555294036865,-2.708968698978424,6.8526021361351,16.723499814606757,8.724648001280888,23.64042387207143,-7.1821117,-12.450108098983765,1.4822427004575682,-11.18644,-16.779661178588867,-1.5254237651824951,-0.6779661,-7.970338940620422,11.694914817810059,-4.745763,-10.677966117858887,3.5593221187591553,88,7.457627118644068,475830,2.2880805
kosdaq,learn_hit,2026Q1,590,59,59,1.2337411642074585,-4.343994438648224,5.14692553281784,17.966102600097656,14.406779289245605,22.20339012145996,47.966102600097656,44.23728942871094,51.694915771484375,-15.87102222442627,-18.432759857177736,-13.289733195304873,8.13559341430664,7.96610164642334,9.661017417907715,-2.9499027729034424,-7.508193838596344,5.770334231853485,1.2344536781311035,-2.0414605021476744,9.990046191215512,0.7941983342170715,-0.614717161655426,4.386605131626129,-4.738661766052246,-7.215709090232849,3.527011758089062,-1.5236762939034503,-7.464029562799573,5.931762969922621,-6.4472704,-9.861483025550843,1.6722757190465918,-7.6271186,-15.084745407104492,3.728813648223877,4.915254,2.8813560009002686,8.305085182189941,-3.7288136,-8.13559341430664,4.06779670715332,54,9.322033898305085,347700,-0.681279
kosdaq,learn_hit,2026Q2,610,61,61,-11.9457426071167,-22.76842656135559,-5.738402295112613,11.803278923034668,4.262295246124268,17.213115692138672,37.21311569213867,33.77049255371094,42.13114929199219,-22.271455764770508,-29.53257393836975,-18.289107036590586,4.754098415374756,1.4754098653793335,7.2131147384643555,0.4550437331199646,-2.992014229297638,2.56011722683906,4.558619976043701,1.6336912482976913,6.699653792381286,1.7104662656784058,0.5428150087594986,2.7493745803833005,-0.9429557919502258,-4.770889294147492,0.8332211896777143,-28.441134724427787,-46.72208216828121,-25.512388734647914,3.3201454,-8.175903916358948,12.710639715194688,-0.4918033,-7.381147336959839,4.098360538482666,-0.6557377,-2.622950792312622,4.262295246124268,-0.8196721,-2.7868852615356445,1.4754098653793335,132,5.245901639344262,065170,-12.805867
kosdaq,learn_hit,2026Q3,380,38,24,5.500347137451172,5.045107364654541,16.90273747444152,22.105262756347656,20.263158798217773,36.842105865478516,41.842105865478516,38.92763175964355,49.21052551269531,-13.556093215942383,-14.9562349319458,-9.714997291564941,9.736842155456543,9.736842155456543,15.789473533630371,1.9920692443847656,0.26274433732032776,7.634500277042374,5.607751369476318,1.8679715394973755,13.961337089538574,2.291718006134033,2.2886602878570557,4.984485626220703,1.6028106212615967,-0.004905198700726032,7.534811019897461,13.921875021710926,13.438141642120165,16.519060018418386,9.666397,3.6592090129852295,15.857106113433835,8.947369,3.940789437294007,16.3157901763916,2.368421,0.5197368606925015,5.263157844543457,5.5263157,5.526315689086914,9.210526466369629,71,8.68421052631579,900300,4.6083894
kosdaq,learn_first,all,4000,400,386,-0.16499920189380646,-3.2042832255363463,2.314739567041396,8.824999809265137,6.474374902248383,11.399999618530273,45.67499923706055,42.54999923706055,47.901251506805416,-8.97153377532959,-11.226972460746765,-7.093166923522949,4.375,2.825000047683716,6.025000095367432,0.33538684248924255,-0.47999323979020114,1.223334136605262,-2.30352783203125,-3.8103000640869142,-0.9384220406413097,-0.5965815186500549,-1.5011891365051269,0.26824312061071376,0.23577484488487244,-0.5583732709288597,1.060111919045448,-0.17056993650060273,-4.525414555809096,3.500627706471179,0.76714975,-4.291248869895935,5.741128110885618,-8.25,-13.876250004768371,-3.5999999046325684,4.425,1.375,6.85062490701675,-3.125,-5.75,-0.7493750005960499,1005,1.0,043260,-0.24952267
kosdaq,learn_first,2025,2420,242,242,0.7117977142333984,-1.2275923162698745,2.448184007406234,7.603305816650391,5.743801593780518,9.91735553741455,46.570247650146484,43.925621032714844,48.966941833496094,-7.134561061859131,-8.3092675447464,-5.971152365207672,3.3057851791381836,2.314049482345581,4.421487808227539,-0.016070405021309853,-0.7608277827501297,1.1381137669086454,-2.295100450515747,-3.5694557666778564,-0.2526891119778157,-1.1855952739715576,-1.7757061541080474,-0.12703447546809973,-0.04532522335648537,-0.7152856752276421,0.9792477220296854,2.82585653763682,-0.0930179548982836,5.508412763795446,-0.37700358,-5.365751957893371,6.026168549060817,-9.214876,-15.37190055847168,-1.734504112601286,4.628099,1.9834710359573364,8.513429856300348,-4.132231,-6.984503984451294,-0.3305785059928894,766,0.9504132231404958,043260,0.5635219
kosdaq,learn_first,2026,1580,158,144,-1.5079407691955566,-8.631869292259216,3.873191547393797,10.696202278137207,5.569620132446289,15.697784566879264,44.30379867553711,38.2879732131958,49.367088317871094,-11.785125732421875,-16.591486549377443,-8.776769638061532,6.01265811920166,2.5949366092681885,9.493670463562012,0.873694896697998,0.13814414031803607,2.348137068748474,-2.3164360523223877,-3.023876506090164,-0.261434970051053,0.30557870864868164,-0.7284473791718483,1.9253225237131117,0.6663204431533813,-0.2051192793995142,2.104321855306625,-5.206231094425993,-13.857316905264085,1.5724037814049565,2.5195868,-3.2076967537403105,10.84139742851257,-6.772152,-10.191455960273743,-0.18987341225147247,4.113924,-0.2531645596027374,7.7215189933776855,-1.5822785,-3.4810125827789307,1.8354430198669434,626,1.7088607594936709,131290,-1.6062279
kosdaq,learn_first,2025Q1,580,58,58,-0.07340496778488159,-3.856068903207779,1.3195061415433882,7.586206912994385,5.517241477966309,8.103447914123535,46.379310607910156,42.931034088134766,49.13793182373047,-9.556303977966309,-11.816145372390746,-6.746124744415283,3.965517282485962,3.1034483909606934,4.655172348022461,1.6659153699874878,0.5145594343543053,2.868909358978271,-0.1748071312904358,-2.321105194091797,2.3806556701660155,0.8032216429710388,-0.10822741948068142,2.2815679550170898,0.9609954953193665,0.34122307002544405,2.08453602194786,-0.6757367258982868,-3.3659130063901803,1.0266847762834672,5.223693,-0.28742084503173826,11.499856328964231,-2.2413793,-7.073275780677795,4.137930870056152,2.9310346,-1.5517241954803467,3.4482758045196533,-0.86206895,-3.275861978530884,2.7586207389831543,300,1.7241379310344827,065500,-0.608272
kosdaq,learn_first,2025Q2,600,60,60,2.8002395629882812,1.5897661596536636,3.724040633440017,8.833333015441895,7.166666507720947,11.5,47.66666793823242,42.66666793823242,52.0,-5.367753028869629,-6.591600072383881,-5.0462048888206485,4.333333492279053,3.0,5.833333492279053,0.17876170575618744,-0.7210458859801292,0.8159216836094847,-1.7893662452697754,-2.4923687636852265,-0.015574954194017268,-0.8066537976264954,-1.4779560834169387,0.23233555704355172,0.47948774695396423,-0.2927353747189045,1.2882882535457607,5.436073977802421,0.9079434849586301,8.92841888081463,8.589182,4.4149318695068365,13.072010827064513,-2.0,-5.833333492279053,2.1666667461395264,8.166667,4.5,12.333333015441895,0.5,-2.6666667461395264,4.0,364,1.5,294570,2.5714898
kosdaq,learn_first,2025Q3,650,65,65,1.475014567375183,-1.161913013458252,6.203585815429687,9.538461685180664,5.384615421295166,15.84615421295166,46.769229888916016,43.846153259277344,51.38846292495725,-6.023117542266846,-6.6156338334083555,-4.545410978794099,2.615384578704834,1.2307692766189575,5.384615421295166,0.7298697829246521,-0.6554289653897285,1.9628896236419677,-0.408743679523468,-2.7740314424037935,2.323566275835037,-1.899415373802185,-2.8528853714466096,-0.9432640448212626,1.0772960186004639,-0.18138747960329055,1.8971794098615635,1.807318628916153,-0.6089130586842737,7.809660712027959,-2.2227228,-7.82990026473999,5.003519463539123,-7.5384617,-14.15384578704834,2.923076868057251,8.461538,4.0,14.307692527770996,-4.6153846,-7.388461577892303,-0.4615384638309479,323,1.3846153846153846,043260,0.9153146
kosdaq,learn_first,2025Q4,590,59,59,-1.4809796810150146,-3.9597434222698213,0.9805462509393689,4.237287998199463,2.8771187126636506,5.254237174987793,45.423728942871094,40.50847625732422,53.8983039855957,-7.775089740753174,-9.520973682403564,-5.483862876892091,2.3728814125061035,1.3559322357177734,4.406779766082764,-2.689480781555176,-3.219993394613266,-0.5129510164260866,-6.971952438354492,-8.918892192840577,-3.9905058801174182,-2.7396554946899414,-3.2543911576271056,-0.9040209591388706,-2.805083751678467,-3.429379802942276,-0.520194694399834,4.7357603841104385,-0.04811535504914937,11.96370577078059,-12.967508,-14.326603317260743,-6.396228849887851,-25.254238,-32.37288284301758,-16.440677642822266,-1.5254238,-4.91525411605835,8.813559532165527,-11.525424,-14.915254592895508,-6.271186351776123,289,2.0338983050847457,032940,-1.8335607
kosdaq,learn_first,2026Q1,590,59,59,3.7084038257598877,-1.7208690106868745,5.781915891170496,12.372880935668945,6.610169410705566,18.13559341430664,49.3220329284668,44.40678024291992,55.76271057128906,-7.624633312225342,-11.574459648132324,-6.121545231342316,7.6271185874938965,3.0508475303649902,14.06779670715332,-0.47523990273475647,-1.0736846536397935,1.7445518136024463,-4.358766555786133,-4.711874103546142,0.3416539140045609,0.2857237458229065,-1.7277543872594834,4.6643946886062615,-0.6647711396217346,-1.6877615600824356,1.749868240952491,0.468335322527168,-3.428532963228739,2.860205609864672,-3.9726071,-9.821184253692627,5.319084513187402,-13.220339,-16.779661178588867,-4.237287998199463,6.2711864,2.707627183198929,12.03389835357666,-4.237288,-5.088983166217804,0.0,276,2.711864406779661,091700,3.4793408
kosdaq,learn_first,2026Q2,610,61,61,-9.997251510620117,-17.117683029174806,-6.394215881824495,6.065573692321777,0.49180328845977783,9.51229519844053,37.704917907714844,28.852458953857422,42.295082092285156,-16.812795639038086,-21.475019693374634,-13.990200781822205,2.950819730758667,0.16393442451953888,5.409836292266846,2.403536319732666,0.8500529482960701,3.970934736728668,-1.1790847778320312,-2.687845253944397,-0.6705018028616909,-0.09281227737665176,-1.3804976314306259,0.48026075735688195,2.109947919845581,1.0748075067996978,3.8202659845352174,-16.405890363273972,-26.319766189943916,-13.008269205548665,5.2686377,-9.29646713733673,18.367728853225703,-6.2295084,-14.098361015319824,0.0,-0.16393442,-8.196721076965332,4.590163707733154,-2.6229508,-6.065573692321777,0.0,342,1.639344262295082,187870,-10.195421
kosdaq,learn_first,2026Q3,380,38,24,4.020573139190674,4.964870929718018,11.13724136352539,15.526315689086914,16.578947067260742,25.0,47.105262756347656,43.68421173095703,55.26315689086914,-10.174099922180176,-12.771476745605469,-5.707479476928711,8.421052932739258,8.1578950881958,13.947368621826172,0.5122952461242676,-0.1913822889328003,1.7158530950546265,-0.9711963534355164,-2.1129612922668457,1.823208004236218,0.9759284853935242,0.9427146911621094,2.732012987136841,0.4156131148338318,-0.1607675403356552,1.682692527770996,9.309593772219422,8.296817868132807,17.27681836250505,8.186623,3.8380231857299805,10.916001319885254,2.368421,-0.2631579041481018,4.736842155456543,7.631579,4.736842155456543,11.052631378173828,4.2105265,4.210526466369629,7.1052632331848145,200,1.8421052631578945,405100,3.8279753
kosdaq,learn_joint,all,4000,400,386,0.30607467889785767,-3.5226323664188386,4.016227734088896,18.975000381469727,15.649374628067017,22.85062537193298,44.45000076293945,42.650001525878906,46.17562427520752,-13.926172256469727,-16.534460639953615,-11.924994993209841,9.0,7.25,10.824999809265137,0.8064608573913574,-1.5899253100156785,3.663261544704436,7.846472263336182,5.009506511688232,11.599810862541199,4.02841854095459,2.6242071986198425,5.7537722229957575,-0.0381040945649147,-2.2734308302402497,2.632744055986403,0.37045255490482076,-7.11203548431392,7.521477930320433,1.2382238,-3.0988408386707307,6.177117383480067,1.9,-3.55062495470047,7.5,3.2,1.1243750005960464,5.5,1.5,-1.2006250470876694,4.2762500882148675,367,4.025,458870,-0.12711918
kosdaq,learn_joint,2025,2420,242,242,2.4048633575439453,-1.4674067169427871,6.349973082542414,20.1652889251709,15.413223266601562,25.20661163330078,43.88429641723633,41.15599136352539,45.826446533203125,-11.494560241699219,-13.160831499099732,-9.746687722206117,9.752065658569336,7.478305590152741,12.066115379333496,1.6769951581954956,-1.2651182770729066,5.80232819318771,10.26688289642334,6.6414762258529665,15.407540798187254,5.260685920715332,3.4102327942848207,7.556278467178344,0.8433611989021301,-1.6862956255674362,4.672733020782469,5.889065656096782,-1.9511469180323986,13.112806161855428,1.3160617,-3.169383406639099,7.710578823089593,3.3471074,-3.016528844833374,10.827479577064508,1.9421488,-0.5785123705863953,4.918388593196863,2.3140495,-0.8264462947845459,6.239669322967529,211,4.297520661157025,458870,1.6853513
kosdaq,learn_joint,2026,1580,158,144,-2.9085254669189453,-10.613904213905334,3.9487084031105004,17.151899337768555,12.40506362915039,24.05063247680664,45.31645584106445,42.658226013183594,47.97468185424805,-17.65053939819336,-22.266659927368163,-14.635158562660218,7.8481011390686035,5.50632905960083,11.202531814575195,-0.5268892049789429,-4.208868730068207,4.11470181941986,4.139260768890381,1.3486474126577377,9.892921161651609,2.141021966934204,0.9642334401607514,4.427524995803832,-1.388196349143982,-4.11716058254242,3.0631559908390043,-8.903883351265003,-21.565618660476336,1.1913054977652806,1.1190026,-3.9338698387145996,9.717899727821349,-0.3164557,-4.558544290065766,8.481012344360352,5.126582,2.0886075496673584,8.545886158943167,0.25316456,-2.4050633907318115,5.064873349666587,225,4.6835443037974684,217730,-3.266479
kosdaq,learn_joint,2025Q1,580,58,58,-1.564307689666748,-4.266492652893066,1.4943243265151973,18.10344886779785,14.82758617401123,20.172412872314453,44.82758712768555,41.55172348022461,47.931034088134766,-14.071850776672363,-15.2943932056427,-11.564573764801027,9.137930870056152,7.068965435028076,10.862069129943848,0.17501281201839447,-0.23125576600432396,3.223991107940673,10.342434883117676,8.664976096153259,12.528670573234558,5.975636005401611,4.957346820831299,7.586868786811827,0.29792314767837524,-0.1198583601042628,3.441293060779571,-5.203722757421297,-9.655191050140983,-0.6865656952901004,3.7327902,-0.29804741293191905,11.710915970802304,8.275862,5.0,14.82758617401123,1.3793104,-3.620689630508423,2.5862069129943848,4.3103447,2.2413792610168457,8.448275566101074,90,8.103448275862068,950160,-3.4402876
kosdaq,learn_joint,2025Q2,600,60,60,4.852417945861816,2.9084023952484133,11.645590996742248,24.83333396911621,20.16666603088379,37.83333206176758,42.83333206176758,40.0,46.50416669845579,-10.623860359191895,-10.834404945373535,-8.813588213920594,11.5,9.666666984558105,17.5,2.2309393882751465,1.0842093229293823,9.021263551712035,14.21063232421875,10.578153586387634,27.154754734039308,6.360013008117676,4.904265618324279,12.749195075035095,1.8357592821121216,0.8166521474719048,8.022233510017395,8.937106096758527,-0.8143177442572505,24.2493408891774,10.64136,5.409497261047363,21.403756046295165,14.0,7.162499845027924,28.66666603088379,3.3333333,-0.0041666667908427735,10.166666984558105,7.6666665,4.0,15.5,89,8.666666666666668,257720,3.7174911
kosdaq,learn_joint,2025Q3,650,65,65,-1.666649580001831,-8.028025317192078,5.314416027069091,13.84615421295166,8.0,20.30769157409668,41.53845977783203,38.46154022216797,46.61538314819336,-12.113147735595703,-16.443138885498048,-8.428232121467591,7.07692289352417,3.692307710647583,10.0,-2.411794424057007,-6.061115515232086,0.5554058223962771,3.8989486694335938,1.4821595281362534,5.863552308082579,2.5621230602264404,0.9519115597009659,3.192032605409622,-3.27701735496521,-6.265865170955658,-0.82935255020857,-1.3018045669642184,-8.546579853495611,6.4686308299471165,-5.364387,-9.118669676780701,2.0358444213867184,-3.2307692,-8.77307698726654,5.538461685180664,3.2307692,0.9230769276618958,6.92307710647583,-0.15384616,-2.461538553237915,3.230769157409668,83,5.230769230769231,458870,-2.6753716
kosdaq,learn_joint,2025Q4,590,59,59,8.3032865524292,4.429306960105896,12.672915029525756,24.406780242919922,19.6610164642334,32.20338821411133,46.61016845703125,41.35593032836914,52.54237365722656,-9.1649169921875,-9.882890653610229,-7.792948484420776,11.525424003601074,9.491525650024414,15.593220710754395,7.094785690307617,0.7916956588625909,15.531132435798641,13.197538375854492,6.927608907222748,24.03030557632445,6.412886142730713,4.063509523868561,11.88295392990112,4.909735679626465,-0.5250604242086411,13.270047116279601,21.616283724627436,17.897657267536538,24.059261940463948,-3.183242,-9.976482844352722,9.558515882492065,-5.084746,-14.576271057128906,10.847457885742188,-0.33898306,-6.779661178588867,10.847457885742188,-2.3728814,-8.13559341430664,6.610169410705566,57,9.661016949152543,475830,5.475942
kosdaq,learn_joint,2026Q1,590,59,59,1.194578766822815,-3.4410176455974577,5.618376588821403,18.983051300048828,14.915254592895508,26.779661178588867,47.11864471435547,43.050846099853516,50.0,-15.567691802978516,-17.581857681274414,-13.575427508354192,8.13559341430664,7.96610164642334,9.8305082321167,-2.989065170288086,-7.184138858318329,7.384530949592588,2.2514026165008545,-2.1245286583900453,14.8770290851593,0.7941983342170715,-1.005265584588051,4.403998684883117,-4.443896293640137,-7.818130600452423,5.7364030241966235,-1.7470049068216058,-6.239768636545761,3.769105307405139,-6.486432,-11.250222563743591,3.5442528128623954,-6.6101694,-14.75000011920929,7.796610355377197,4.0677967,0.6779661178588867,7.796610355377197,-3.7288136,-8.478813290596008,3.8983051776885986,54,8.305084745762711,217730,0.23599106
kosdaq,learn_joint,2026Q2,610,61,61,-11.529339790344238,-20.393091773986818,-5.069360685348513,12.459016799926758,6.229508399963379,16.88524627685547,44.09836196899414,40.3278694152832,47.21311569213867,-21.834882736206055,-27.55782279968262,-17.470977210998537,5.737704753875732,2.622950792312622,8.196721076965332,0.8714484572410583,-1.9143338561058043,5.387918531894683,5.214357376098633,3.6054021060466765,7.596102058887481,2.694072723388672,1.5273221015930176,4.784417915344238,-0.08946768194437027,-1.7764735221862793,2.9289573132991777,-25.061230428261403,-36.59057861736005,-22.553695601811473,3.73655,-5.312205290794372,12.810304737091064,0.16393442,-5.245901584625244,5.901639461517334,6.2295084,0.9836065769195557,12.786885261535645,0.16393442,-1.6393442153930664,2.622950792312622,150,7.868852459016394,089970,-12.444155
kosdaq,learn_joint,2026Q3,380,38,24,4.55954122543335,3.5191221237182617,17.772642135620117,21.842105865478516,20.789474487304688,39.47368240356445,44.47368240356445,42.105262756347656,53.68421173095703,-14.167454719543457,-16.400997161865234,-9.137897491455078,10.789473533630371,10.789473533630371,19.473684310913086,1.0512630939483643,-1.3442054986953735,8.242703437805176,5.344593048095703,2.151395320892334,16.8560733795166,3.3443491458892822,2.984098196029663,8.50146484375,1.2713781595230103,-1.1436907052993774,8.491720199584961,14.568714293510808,13.53983542416933,25.092077069276222,8.725591,2.2678298950195312,16.390806198120117,8.684211,3.9473683834075928,19.210525512695312,5.0,1.5789474248886108,10.0,6.5789475,6.315789699554443,12.631579399108887,93,6.052631578947368,087010,3.6275487
kosdaq,learn_ret,all,4000,400,386,-0.8387966752052307,-5.093857157230377,2.903275567293167,14.050000190734863,10.824999809265137,17.649999618530273,41.54999923706055,39.54937429428101,43.67499923706055,-13.467450141906738,-16.50159845352173,-11.061931800842286,6.074999809265137,4.375,8.050625181198116,-0.33841049671173096,-1.87141155898571,1.383690515160558,2.9214720726013184,0.30165679827332503,5.633633935451506,1.1034184694290161,-0.39276920184493064,2.828445464372635,-1.027694582939148,-2.679762524366379,0.7264038652181618,-2.414946712881693,-9.776299847830831,3.973044200550218,0.09335228,-4.102484583854675,4.294447076320647,-3.025,-8.700624823570251,1.8756249994039502,0.3,-2.0250000953674316,2.7756250917911496,-1.425,-4.199999809265137,1.225000023841858,331,2.65,458870,-1.1969743
kosdaq,learn_ret,2025,2420,242,242,0.9918612837791443,-2.0666699051856994,3.3878911733627315,14.380165100097656,11.239669799804688,17.892562866210938,41.735538482666016,38.966941833496094,44.58677673339844,-11.368997573852539,-13.372695088386536,-9.401389718055729,6.52892541885376,4.421487808227539,9.04958724975586,0.26399320363998413,-1.6280249029397964,2.217056143283844,4.481759071350098,2.5021186590194704,7.2184260010719274,2.0375452041625977,0.6625782534480095,4.065369415283203,0.16522790491580963,-1.7840115755796433,1.7931054890155784,1.9792711997238062,-3.7752352549492314,6.672594470303107,-0.096939966,-3.4232192814350126,4.7046624541282585,-2.4380164,-7.852272737026214,4.133264303207392,-0.20661157,-3.016528844833374,3.8016529083251953,-0.90909094,-3.224173533916473,2.3553719520568848,194,4.380165289256198,458870,0.35810336
kosdaq,learn_ret,2026,1580,158,144,-3.642716407775879,-13.452197575569153,3.8907245814800193,13.544303894042969,7.1518988609313965,21.51898765563965,41.26582336425781,38.2911376953125,45.0,-16.68153953552246,-22.824030780792235,-13.13397331237793,5.379746913909912,2.5949366092681885,9.113924026489258,-1.26107919216156,-3.7855367243289946,1.744395443797111,0.5316653251647949,-3.022486186027527,6.330250346660613,-0.32733264565467834,-2.327219104766846,2.923951232433316,-2.8548290729522705,-5.365601646900177,0.47064965143799736,-9.7996740382326,-24.05135445735208,1.326574804571387,0.38481236,-5.698319160938263,8.521643114089965,-3.9240506,-9.87500011920929,5.318038117885581,1.0759493,-0.8243670612573623,4.113924026489258,-2.21519,-5.571202409267426,3.1661392569541844,187,3.0379746835443036,299660,-4.1207166
kosdaq,learn_ret,2025Q1,580,58,58,-3.953429937362671,-7.888741755485535,-2.024809116125111,12.413793563842773,10.517241477966309,13.103447914123535,41.89655303955078,38.7931022644043,42.41379165649414,-16.531835556030273,-18.7058358669281,-15.035366153717042,4.137930870056152,2.4137930870056152,5.862069129943848,-2.214109182357788,-2.922040694952011,-1.2287455886602405,4.652779579162598,1.628648316860199,8.703457570075988,0.9756355285644531,0.3757492184638977,2.227222776412962,-2.0657598972320557,-2.994968408346176,-1.4207588136196145,-8.73893418544735,-15.63574927765814,-6.183410471086301,1.3436681,-3.516514104604721,7.373965620994565,2.586207,-3.620689630508423,10.862069129943848,-1.5517242,-7.241379261016846,-0.8620689511299133,-0.6896552,-2.4137930870056152,3.275861978530884,54,8.793103448275861,377030,-5.33084
kosdaq,learn_ret,2025Q2,600,60,60,1.8884508609771729,-2.212464654445648,2.6309746563434593,14.833333015441895,9.833333015441895,16.33333396911621,41.5,35.83333206176758,48.16666793823242,-10.677835464477539,-14.335313296318054,-9.704372310638428,6.0,3.0,8.0,-0.7330271005630493,-6.0521953225135805,0.7840404823422424,4.210633754730225,-0.570960122346878,5.274824655055998,0.860012948513031,-2.303659421205521,2.4472628831863394,-0.458156943321228,-6.447520351409912,1.4958334952592838,6.571920759150723,-6.011586695301526,17.475794404080506,7.677393,0.4122982956469059,13.26983118057251,4.0,-3.8333332538604736,8.666666984558105,2.0,-2.3333332538604736,8.833333015441895,2.1666667,-2.6666667461395264,6.0,54,6.333333333333334,347860,-0.14804652
kosdaq,learn_ret,2025Q3,650,65,65,1.9915788173675537,-4.89165254831314,8.191928100585937,17.076923370361328,6.92307710647583,26.30769157409668,40.61538314819336,35.38461685180664,48.46154022216797,-9.011297225952148,-12.342242097854614,-5.930877530574799,8.923076629638672,2.615384578704834,14.769230842590332,1.2464338541030884,-2.9304041266441345,4.13397307395935,7.129717826843262,0.7954371705651283,12.111779284477233,4.4082770347595215,0.09560438692569734,8.133674025535582,0.8171575665473938,-3.0739309906959535,3.409634405374527,0.634161001908359,-4.572236433770394,8.018677064574542,-1.7061586,-4.211563122272492,4.4544922590255736,0.0,-2.153846263885498,8.0,2.3076923,-1.5384615659713745,8.307692527770996,1.6923077,0.0,5.230769157409668,79,8.923076923076923,187660,-0.13323745
kosdaq,learn_ret,2025Q4,590,59,59,3.840163469314575,0.13842216432094576,4.921607422828674,12.881356239318848,9.8305082321167,13.559322357177734,43.050846099853516,40.84745788574219,45.93220520019531,-9.594001770019531,-11.999672079086304,-7.925953388214111,6.779661178588867,5.593220233917236,8.13559341430664,2.6316628456115723,-0.5031253650784493,3.888751381635666,1.672115683555603,-1.4221966743469239,3.9513321101665464,1.667123794555664,0.26042793318629265,3.6105944573879243,2.274125099182129,-0.5862627074122428,3.019805663824081,9.327222074847809,-0.30952478409981177,17.03235041241413,-7.6463637,-11.235134053230286,-2.4579048871994043,-16.61017,-24.237287521362305,-8.813559532165527,-3.8983052,-9.152542114257812,4.06779670715332,-7.118644,-11.694914817810059,-1.3559322357177734,72,8.305084745762711,458870,1.2406825
kosdaq,learn_ret,2026Q1,590,59,59,1.3976753950119019,-3.7413440942764282,2.309090745449062,15.084745407104492,7.6271185874938965,19.830509185791016,45.084747314453125,42.033897399902344,49.15254211425781,-13.778301239013672,-18.09745454788208,-11.830308651924136,6.610169410705566,2.3728814125061035,10.173729038238502,-2.78596830368042,-6.33370623588562,-0.08218569643795541,-1.6469025611877441,-11.278586387634277,7.166854131221768,-0.7312254309654236,-7.107547986507416,4.998758459091184,-4.337011337280273,-8.189334940910339,-1.130065101385117,0.15706715029633167,-1.705017079259958,3.3007681631999994,-6.2833357,-16.702868270874024,5.617743229866026,-10.508474,-25.25423812866211,6.94915246963501,2.0338984,-1.8644068241119385,6.94915246963501,-5.254237,-14.745762825012207,5.423728942871094,71,7.966101694915253,142760,0.08229558
kosdaq,learn_ret,2026Q2,610,61,61,-14.137506484985352,-25.927372455596924,-7.609331738948833,8.196721076965332,0.6557376980781555,12.950819969177246,37.04917907714844,33.77049255371094,40.3278694152832,-22.69302749633789,-30.782406520843505,-18.53686561584473,3.1147541999816895,0.16393442451953888,5.737704753875732,-1.736719012260437,-6.9672898054122925,0.8617453753948203,0.9520629048347473,-2.3474987626075743,2.4937449455261222,0.07112208008766174,-0.9780963301658631,1.1108906447887414,-3.703706741333008,-8.298568677902221,-1.4065381258726146,-28.112602649317463,-43.58260374890064,-26.14001897424219,1.1283823,-9.927419114112855,7.953886961936947,-4.0983605,-11.971311044692992,-0.16393442451953888,-0.8196721,-3.6065573692321777,3.9344263076782227,-2.4590163,-5.081967353820801,-0.32786884903907776,88,5.409836065573771,027360,-15.059146
kosdaq,learn_ret,2026Q3,380,38,24,5.378316402435303,2.350280785560608,11.875900268554688,19.736841201782227,14.210526466369629,29.736841201782227,42.105262756347656,41.05263137817383,49.73684310913086,-11.53917407989502,-13.076676368713379,-8.905900955200195,7.1052632331848145,6.315789699554443,12.368420600891113,1.8700385093688965,-2.3616857528686523,4.185875415802002,3.2393300533294678,-4.447817325592041,9.31613109111783,-0.3398609459400177,-4.565509796142578,3.5735874295234673,0.8091266751289368,-3.5043157756328585,3.6970155239105225,12.268697426474466,6.268487265133513,14.920642940530836,9.544366,1.197386434674263,13.609367370605469,6.5789475,-2.3684210777282715,12.368420600891113,2.631579,-1.0526316165924072,6.842105388641357,2.8947368,-1.3157894611358643,7.8947367668151855,55,10.0,299660,3.3908417
kosdaq,learn_balanced,all,4000,400,386,0.5504200458526611,-3.0266593754291535,3.640202558040618,16.100000381469727,13.274999618530273,19.400624608993528,44.275001525878906,41.92499923706055,45.82500076293945,-13.190424919128418,-15.773887205123902,-11.357996797561647,8.100000381469727,6.599999904632568,9.675000190734863,1.0508060455322266,-0.6560733839869499,3.161599165201187,4.971472263336182,3.2875473618507387,7.3501211285591115,3.1284186840057373,2.278888612985611,4.267396974563598,0.45861518383026123,-1.0898802518844604,2.347585713863372,0.42068979208511764,-5.876934395573584,6.5164028040793225,1.4825686,-2.6336221575736998,5.902750313282011,-0.975,-6.05062518119812,3.950000047683716,3.025,0.25,5.199999809265137,0.6,-1.9756250232458115,3.2006250441074338,526,1.8499999999999999,347700,0.2424213
kosdaq,learn_balanced,2025,2420,242,242,0.7351482510566711,-1.8227268248796462,2.27499743103981,14.214876174926758,11.7355375289917,16.32231330871582,44.71074295043945,42.23140335083008,46.23966979980469,-11.16126823425293,-12.60996334552765,-10.05479476451874,7.892561912536621,6.363636493682861,9.297520637512207,0.007280018646270037,-1.5297546088695526,1.5264728456735586,4.316469669342041,2.575576883554459,6.649270355701445,3.40118145942688,2.2826813399791717,4.750770533084869,-0.4810248017311096,-1.7881965696811677,1.040396949648856,2.251121173803512,-3.4953779116350723,7.360768522407476,-0.35365283,-5.092585706710816,5.479739177227018,-2.6033058,-8.802685976028442,4.25929757356642,2.768595,-0.3305785059928894,5.909090995788574,0.45454547,-2.892561912536621,4.338842868804932,390,2.1487603305785123,458870,0.39406598
kosdaq,learn_balanced,2026,1580,158,144,0.2674817442893982,-7.879186475276947,6.965395462512962,18.987340927124023,13.544303894042969,25.696203231811523,43.60759353637695,39.55537881851196,47.40506362915039,-16.29837417602539,-21.40891590118408,-12.94759023189545,8.41772174835205,5.569620132446289,11.835443496704102,2.649118185043335,-0.6934630244970321,7.157610976696012,5.974703788757324,3.425389993190765,11.36752722263336,2.710642099380493,1.8414605289697648,4.795615518093109,1.8978105783462524,-0.39483022689819336,6.024203824996946,-2.655451835524962,-15.736650718594364,6.257302934865817,4.2950106,0.8092417418956758,11.496019434928881,1.5189873,-1.6455695629119873,9.43196213245391,3.4177215,0.06329113990068436,7.02531623840332,0.8227848,-0.7594936490058899,4.873417854309082,293,2.5316455696202533,347700,-0.45482278
kosdaq,learn_balanced,2025Q1,580,58,58,-0.6098347306251526,-5.368244004249573,2.826739180088043,13.275861740112305,10.689655303955078,15.521551823616004,46.55172348022461,41.55172348022461,48.27586364746094,-13.09898567199707,-16.114419603347777,-10.306368064880372,7.586206912994385,6.551723957061768,8.965517044067383,1.1294856071472168,0.35254480317234993,2.5144940614700317,5.514848232269287,5.019724810123444,7.564110887050629,4.4239115715026855,4.1011610388755795,5.673786735534667,1.0188347101211548,0.6396195694804192,2.054536181688308,-5.255952254070284,-7.950116958539259,-4.440102732800779,4.6872625,1.2898069828748704,9.789338350296019,3.4482758,0.517241358757019,9.655172348022461,3.1034484,-6.5560343027114865,5.689655303955078,2.7586207,0.517241358757019,6.724137783050537,151,4.482758620689655,160190,-1.4749215
kosdaq,learn_balanced,2025Q2,600,60,60,3.28597092628479,0.11668415758758784,6.8238734245300225,17.5,13.495833325386048,23.33333396911621,46.66666793823242,43.16666793823242,50.0,-9.48604679107666,-11.992961120605468,-7.745658671855927,9.833333015441895,7.166666507720947,13.666666984558105,0.6644929647445679,-2.939299690723419,5.093332409858703,6.87730073928833,3.5572838485240936,12.71251037120819,4.69334602355957,2.3408333361148834,8.907143545150756,0.2703891098499298,-3.3544692516326906,4.18586995601654,5.137540640914861,-4.0157024462424475,16.84271289431258,9.074912,2.216683006286621,17.76179666519165,6.6666665,-0.0041666667908427735,14.666666984558105,7.1666665,5.5,10.5,6.0,1.1666666269302368,11.666666984558105,182,3.3333333333333335,066910,2.4988496
kosdaq,learn_balanced,2025Q3,650,65,65,-2.0011563301086426,-5.051694285869599,2.490090131759643,11.692307472229004,8.615385055541992,16.923076629638672,42.30769348144531,37.380770683288574,46.61538314819336,-11.850366592407227,-13.62821559906006,-9.419889116287234,7.07692289352417,5.07692289352417,10.003846144676187,-2.7463011741638184,-4.115449237823486,-0.8315838128328331,1.7451026439666748,0.34904584661126137,3.9242032527923554,2.5621235370635986,1.2346580803394318,4.038408470153809,-2.7467801570892334,-4.266536784172058,-0.8762802422046668,-4.542593057151843,-6.343802491683737,0.7526119260479278,-5.698894,-10.608438754081726,1.524080792069435,-5.3846154,-11.080769515037536,4.926923251152018,4.0,0.4615384638309479,6.92307710647583,-0.15384616,-2.769230842590332,4.153846263885498,152,3.8461538461538463,458870,-2.9487853
kosdaq,learn_balanced,2025Q4,590,59,59,2.477851152420044,0.13288906551897525,2.9227262020111064,14.576271057128906,10.677966117858887,16.27118682861328,43.559322357177734,41.52542495727539,45.59321975708008,-10.20082950592041,-12.26719856262207,-9.151969242095948,7.1186442375183105,5.254237174987793,8.474575996398926,1.2693498134613037,-2.1170859813690184,4.3220939993858325,3.3670308589935303,-1.0031586706638336,8.409471273422241,2.0061073303222656,-0.11384070124477148,4.394044733047485,-0.2234416902065277,-3.2554991245269775,3.0428566217422466,14.18021466197465,4.0330805844998405,25.03785185801933,-9.0086775,-13.06507306098938,-2.204688155651102,-14.915255,-26.27118682861328,-4.063559418916725,-3.3898306,-9.661017417907715,4.06779670715332,-6.779661,-12.711864471435547,-0.33898305892944336,151,3.2203389830508473,174900,1.0714027
kosdaq,learn_balanced,2026Q1,590,59,59,6.2910027503967285,0.678781670331955,10.646290373802184,23.220338821411133,20.169490814208984,27.627119064331055,47.28813552856445,46.779659271240234,51.01694869995117,-13.653738975524902,-15.705639195442199,-11.573098182678223,10.338982582092285,9.487288355827332,13.220338821411133,2.1073591709136963,-1.8085880249738693,9.788806486129758,6.4886908531188965,4.5596052527427675,14.877030158042906,2.9975881576538086,2.7482791602611543,5.934667217731476,0.6493847370147705,-1.2822982996702195,7.492130815982816,5.71401481157046,-1.8297750901079421,14.36776882615191,-1.3900079,-4.491386663913727,5.728264343738554,-2.3728814,-8.305085182189941,8.983051300048828,4.237288,0.6779661178588867,9.8305082321167,-1.5254238,-4.745762825012207,4.91525411605835,117,5.423728813559322,347700,4.310076
kosdaq,learn_balanced,2026Q2,610,61,61,-9.3845796585083,-19.4247088432312,-0.3659885197877936,12.622950553894043,5.081967353820801,19.672130584716797,38.52458953857422,33.934425354003906,41.14754104614258,-20.815107345581055,-27.49862356185913,-14.943398571014406,5.737704753875732,1.963114792108536,9.180327415466309,3.016209125518799,-1.4813873052597046,11.011077237129209,5.378292560577393,2.536539489030838,10.905474662780762,2.694072723388672,0.9017609521746636,5.191144561767578,2.3326845169067383,-1.0407097429037093,8.836690735816955,-18.975213535902228,-31.45716482537805,-13.628370496659725,5.8813105,0.011927233240567164,13.372698950767516,0.32786885,-2.4590163230895996,6.065573692321777,0.6557377,-4.918032646179199,6.557376861572266,0.16393442,-0.8196721076965332,2.295081853866577,199,3.114754098360656,131290,-10.197139
kosdaq,learn_balanced,2026Q3,380,38,24,6.4092698097229,4.504820346832275,19.078140258789062,22.63157844543457,19.736841201782227,40.52631759643555,46.05263137817383,42.61842241287231,53.68421173095703,-13.15396785736084,-15.180119514465332,-8.760007071495059,9.736842155456543,9.736842155456543,18.421052932739258,2.9009926319122314,-0.3661705255508423,10.120628356933594,6.134067535400391,0.8356058597564697,17.90870475769043,2.291717767715454,2.651073920726776,7.542525267601012,3.1380696296691895,0.1496736854314804,10.088580131530762,18.249003645491,17.51265996384475,26.67675494900137,10.57532,3.092308282852173,18.80987401008603,9.473684,2.6315789222717285,20.263158798217773,6.5789475,5.0,9.210526466369629,5.5263157,6.052631378173828,11.578947067260742,118,3.9473684210526314,299660,5.612232
kosdaq,cluster_shape,all,4000,400,386,-3.824460029602051,-8.943705463409424,-0.0499533122405414,15.25,12.074999809265137,18.299999237060547,40.525001525878906,38.75,42.42499923706055,-17.717529296875,-21.348473930358885,-14.919153618812564,6.175000190734863,4.775000095367432,7.349999904632568,-3.3240737915039062,-5.691484153270721,-1.4254191517829908,4.121472358703613,2.5535966515541078,5.700152432918548,1.2034183740615845,0.28676153570413593,1.9178985953330976,-3.1779749393463135,-5.418322169780732,-1.3419410347938545,-5.683775995346026,-13.11427050661314,0.6502504271211346,-2.8923109,-6.387518310546875,0.23781253136694305,-1.825,-6.250625002384186,1.6749999523162842,-0.725,-2.9262499511241913,1.5499999523162842,-1.325,-3.67562495470047,0.550000011920929,690,0.9249999999999999,042520,-4.0473695
kosdaq,cluster_shape,2025,2420,242,242,-1.9894040822982788,-5.862237048149109,0.4531209543347318,14.008264541625977,10.825413465499878,16.363636016845703,40.0,37.89256286621094,41.984503936767574,-14.777985572814941,-17.079318809509278,-13.034643507003786,5.785123825073242,4.504132270812988,6.819215047359461,-2.7172718048095703,-5.862658822536469,-0.3310006231069573,4.10985803604126,2.0015146285295486,6.3611950278282166,1.29374361038208,0.15815516225993634,2.484260779619216,-2.8527228832244873,-6.074396681785584,-0.586382444202902,-3.071044003479688,-8.93869567136216,1.37979635083642,-3.0782049,-6.48875275850296,0.9536713987588875,-2.8099174,-7.315082776546478,2.1487603187561035,-1.9421488,-4.7117769598960875,1.5702478885650635,-1.6528926,-4.297520637512207,1.404958724975586,508,1.28099173553719,030530,-2.2828789
kosdaq,cluster_shape,2026,1580,158,144,-6.6351165771484375,-17.880982303619383,0.9343436643481251,17.151899337768555,10.249999737739563,22.721519470214844,41.3291130065918,37.71993713378906,44.36867055892944,-22.219867706298828,-29.27921643257141,-18.137402439117434,6.772151947021484,3.795886141061783,8.797468185424805,-4.25347900390625,-7.974392783641815,-1.8737943947315232,4.139260292053223,1.923829135298729,6.785715162754057,1.0650724172592163,-0.14723837971687315,1.8787926614284505,-3.676145553588867,-7.058513295650482,-1.4757058024406482,-10.074617259454731,-25.87900526457698,3.0448877869292725,-2.607587,-7.3524374127388,3.17158457636833,-0.3164557,-4.1155063033103945,5.76265838146208,1.1392405,-1.3291139602661133,3.797468423843384,-0.8227848,-2.849683654308319,1.9620252847671509,366,2.088607594936709,042520,-7.0662007
kosdaq,cluster_shape,2025Q1,580,58,58,0.29444068670272827,-9.094272589683532,2.9391811072826344,14.82758617401123,7.586206912994385,18.275861740112305,42.24137878417969,41.034481048583984,46.89655303955078,-14.529644012451172,-16.52541470527649,-12.500987863540649,6.551723957061768,3.275861978530884,7.931034564971924,2.0337610244750977,-3.158877372741699,3.0880809068679804,7.066572666168213,3.0171365082263946,9.081531023979187,3.3894286155700684,1.3836699604988099,4.063050699234007,2.0403029918670654,-2.982631427049637,3.0379742980003344,-4.872270185616399,-12.651086217014376,-3.626686123434151,5.5915384,0.2565884493291378,8.6664954662323,5.0,3.275861978530884,6.551723957061768,-1.2068965,-5.862069129943848,3.965517282485962,1.7241379,0.0,3.275861978530884,199,2.7586206896551726,160190,-0.7421505
kosdaq,cluster_shape,2025Q2,600,60,60,-7.295307636260986,-12.021604871749878,-2.6546854019165047,14.166666984558105,11.833333015441895,18.66666603088379,39.5,36.66666793823242,41.33333206176758,-20.043447494506836,-23.829987716674804,-16.875899267196658,6.333333492279053,4.5,9.666666984558105,-9.916784286499023,-13.792670440673827,-5.224521780014039,3.543966770172119,1.074245697259903,8.47454319000244,1.193346381187439,-0.8695033207535744,4.665913486480712,-9.938977241516113,-14.020709753036499,-5.2721379756927575,-12.9542597519878,-15.639416642289104,-8.472722649235704,-1.5063646,-2.407644259929657,1.6044055372476578,3.3333333,3.1666667461395264,5.666666507720947,0.0,-2.1666667461395264,3.1666667461395264,2.5,2.6666667461395264,3.5,156,4.333333333333334,389470,-8.031057
kosdaq,cluster_shape,2025Q3,650,65,65,-2.727973461151123,-7.067106246948242,0.483754853904247,10.769230842590332,6.0,14.0,41.07692337036133,37.53845977783203,44.92692279815672,-12.350493431091309,-13.722389554977417,-10.391657304763795,4.461538314819336,2.769230842590332,5.846153736114502,-3.473118543624878,-5.497843420505523,-2.466429948806763,0.8220254778862,-3.0434205710887907,1.8661526888608857,-0.05326145514845848,-2.7319972276687623,0.9567066267132757,-4.000414848327637,-6.176743853092193,-3.150825202465058,-3.2222722281504157,-5.9616296692759585,4.078921269540386,-6.425711,-10.03683910369873,-1.3436714589595795,-6.3076925,-11.080769515037536,2.0,2.7692308,-0.4615384638309479,5.384615421295166,-2.7692308,-6.92307710647583,1.692307710647583,224,2.6153846153846154,069920,-3.2182443
kosdaq,cluster_shape,2025Q4,590,59,59,1.9749726057052612,-1.842073854804039,5.4057798147201535,16.610170364379883,13.220338821411133,21.360169506072975,37.11864471435547,33.050846099853516,39.15254211425781,-12.341768264770508,-14.540120720863342,-10.608013892173767,5.93220329284668,4.745762825012207,7.96610164642334,0.7664714455604553,-1.1283581256866455,3.520309174060821,5.4009294509887695,4.426640033721924,9.725937008857727,0.8196665644645691,-0.2249606993049383,3.2938085138797746,0.8079493641853333,-0.9169202715158462,2.991230052709579,8.916988167334095,0.5709274219299326,17.280175423713853,-9.511556,-11.952314829826355,-2.88489557504654,-12.881356,-16.105931425094603,-5.593220233917236,-9.830508,-15.593220710754395,-4.06779670715332,-7.9661016,-12.03389835357666,-2.03389835357666,173,3.050847457627119,043260,0.9656089
kosdaq,cluster_shape,2026Q1,590,59,59,3.4870564937591553,-3.139270669221878,5.161252462863918,21.18644142150879,13.389830589294434,22.542373657226562,44.915252685546875,40.0,47.966102600097656,-14.52916431427002,-20.7347140789032,-12.78908319473267,8.644067764282227,3.728813648223877,11.186440467834473,-0.696587860584259,-4.335250639915467,0.4338035918772219,4.454792499542236,-0.006828771345317362,5.950919187068938,1.3026729822158813,-0.7780551254749298,1.7223503857851017,-0.08467380702495575,-3.430721455812454,0.6979250803589805,6.793210506550021,0.7994962311764966,12.145898418671056,-4.1939554,-11.789070105552673,2.554503124952313,-4.40678,-11.355932235717773,1.5254237651824951,1.8644068,-0.8474576473236084,4.237287998199463,-3.220339,-6.440678119659424,0.0,185,3.050847457627119,042520,2.3326263
kosdaq,cluster_shape,2026Q2,610,61,61,-20.96411895751953,-30.475828838348388,-12.498244285583501,9.836065292358398,2.7868852615356445,15.573770523071289,37.04917907714844,33.77049255371094,41.31147384643555,-30.680145263671875,-36.16100969314575,-26.207319068908696,4.098360538482666,0.9795082151889803,6.721311569213867,-8.563331604003906,-12.463025307655334,-3.352923077344896,2.5914065837860107,0.2685279339551926,5.622003877162933,1.0547285079956055,-0.39322712570428847,2.887747347354888,-7.938957214355469,-11.376336097717285,-3.5247490465641094,-34.75631952178713,-44.948146462411074,-32.6057571154197,-5.6982303,-13.920970916748047,2.7594621002674087,-2.4590163,-7.377048969268799,2.131147623062134,-0.8196721,-4.098360538482666,6.065573692321777,-1.4754099,-3.610655730962753,0.6557376980781555,157,4.2622950819672125,417840,-21.566038
kosdaq,cluster_shape,2026Q3,380,38,24,0.6507039666175842,0.24852073192596436,11.743633437156662,22.63157844543457,21.052631378173828,36.31578826904297,42.6315803527832,40.78947448730469,48.94736862182617,-20.579727172851562,-23.226652145385742,-15.737399101257324,8.1578950881958,7.3684210777282715,12.105262756347656,-2.8575737476348877,-4.565906524658203,2.5853734016418457,6.134067058563232,2.151395320892334,13.757950782775879,0.7127706408500671,-2.1425890624523163,2.1116092205047607,-2.4094419479370117,-4.186527252197266,2.9156601428985596,11.191299399211758,11.263000394549842,20.753949591891036,4.8167534,-1.1979334354400635,11.130866050720215,9.473684,3.9473683834075928,16.052631378173828,3.1578948,-0.5263158082962036,6.315789699554443,3.9473684,1.8421052694320679,6.315789699554443,132,3.9473684210526314,087010,-0.4376853
kosdaq,control_amount,all,4000,400,386,-0.9321489930152893,-7.45561146736145,4.74396650791168,17.075000762939453,12.100000381469727,22.825000762939453,41.25,38.82500076293945,43.45000076293945,-16.773168563842773,-20.937863683700563,-13.630716943740849,7.5,4.925000190734863,10.150624632835385,-0.43176284432411194,-4.750224149227142,3.981299549341198,5.94647216796875,2.2622837126255035,10.441913723945618,2.52841854095459,0.46253904402256013,4.700979077816008,-1.2812187671661377,-4.624335432052613,2.004553997516629,-2.0945204598312883,-11.050979263066223,6.534175303820578,0.0,0.0,0.0,0.0,0.0,0.0,0.0,0.0,0.0,0.0,0.0,0.0,107,6.35,108490,-1.4410902
kosdaq,control_amount,2025,2420,242,242,1.0888009071350098,-5.178012561798096,5.443142557144165,16.81818199157715,10.0,22.355371475219727,41.9421501159668,38.88429641723633,44.09090805053711,-13.659908294677734,-16.568532609939574,-11.440455055236818,7.438016414642334,3.965909016132355,10.08264446258545,0.3609329164028168,-5.118704712390899,4.746523654460907,6.919775009155273,1.0729372292757033,12.254177570343018,2.9466359615325928,-0.04853790299966926,5.442261648178097,-0.8735144734382629,-5.478710627555847,2.84898688793182,3.513055222610939,-6.1688549210861545,12.599164276310953,0.0,0.0,0.0,0.0,0.0,0.0,0.0,0.0,0.0,0.0,0.0,0.0,83,6.40495867768595,108490,0.0932143
kosdaq,control_amount,2026,1580,158,144,-4.027528285980225,-17.132915496826172,3.8402812063693923,17.468355178833008,8.734177589416504,23.291139602661133,40.18987274169922,36.39240646362305,43.16455841064453,-21.541574478149414,-29.818573474884033,-17.015817546844485,7.594936847686768,3.3544304370880127,10.632911682128906,-1.645891547203064,-9.028202271461486,3.9800059199333035,4.455716133117676,-0.8443192631006241,8.110432147979735,1.88785719871521,-1.2219631612300872,3.944258671998972,-1.905677080154419,-7.290770483016968,2.4824669837951614,-11.518362926157813,-27.215188385321817,-0.6724034161544983,0.0,0.0,0.0,0.0,0.0,0.0,0.0,0.0,0.0,0.0,0.0,0.0,43,7.848101265822785,010170,-6.310807
kosdaq,control_amount,2025Q1,580,58,58,-5.297098159790039,-15.018582558631897,1.382260799407959,9.82758617401123,2.068965435028076,14.310344696044922,43.44827651977539,41.2068977355957,48.44827651977539,-16.39836883544922,-21.617218208312988,-11.239470624923708,4.8275861740112305,0.6896551847457886,7.586206912994385,-3.5577774047851562,-8.791201782226562,0.8299228549003601,2.0665721893310547,-2.465018963813782,5.213350319862362,1.6652904748916626,-1.2267020225524903,3.642619556188583,-2.9730305671691895,-7.876948869228363,-0.05826254598796459,-11.325664109401707,-21.24246140064783,-8.325376896337259,0.0,0.0,0.0,0.0,0.0,0.0,0.0,0.0,0.0,0.0,0.0,0.0,34,10.0,065500,-6.011358
kosdaq,control_amount,2025Q2,600,60,60,-5.788942337036133,-11.11505982875824,-2.00653601884842,10.833333015441895,7.333333492279053,13.666666984558105,39.5,36.0,40.66666793823242,-16.996322631835938,-21.22703800201416,-14.505002808570866,3.8333332538604736,1.3333333730697632,6.333333492279053,-8.410419464111328,-12.734173655509949,-4.1941007733345055,0.21063359081745148,-3.412948852777481,4.022950053215026,-1.306653618812561,-3.8697733640670777,1.5506541222333905,-8.950804710388184,-13.424529600143433,-5.2080708026886,-10.64816273468176,-19.807293969152997,-3.6939422516183402,0.0,0.0,0.0,0.0,0.0,0.0,0.0,0.0,0.0,0.0,0.0,0.0,38,7.166666666666667,087010,-7.7588243
kosdaq,control_amount,2025Q3,650,65,65,3.697736978530884,-4.8062663793563845,9.753934240341186,17.076923370361328,4.769230842590332,24.61923117637632,38.30769348144531,35.38461685180664,41.53845977783203,-11.023327827453613,-13.255453372001648,-8.980289340019226,7.230769157409668,2.307692289352417,11.076923370361328,2.952592611312866,-3.2500016689300537,7.408471989631652,7.1297173500061035,-1.8204371511936188,12.117253351211547,2.7159695625305176,-0.7941315412521363,4.684914970397947,1.0382615327835083,-4.37307962179184,4.605350506305691,7.800565985325134,2.525647472334271,12.381982116751178,0.0,0.0,0.0,0.0,0.0,0.0,0.0,0.0,0.0,0.0,0.0,0.0,39,8.0,108490,0.6710679
kosdaq,control_amount,2025Q4,590,59,59,11.486528396606445,2.7347758412361145,14.97721138000488,29.491525650024414,19.6610164642334,37.11864471435547,46.949153900146484,39.3220329284668,53.050846099853516,-10.479606628417969,-15.092538166046143,-7.837555491924286,13.89830493927002,7.6271185874938965,18.644067764282227,10.278027534484863,5.829729831218719,11.219712018966675,18.282283782958984,12.11333770751953,25.235287189483635,8.785767555236816,4.62951146364212,12.942923617362974,7.298414707183838,2.919699823856354,9.552200317382812,27.77798063138844,22.69787433208321,34.85381137871457,0.0,0.0,0.0,0.0,0.0,0.0,0.0,0.0,0.0,0.0,0.0,0.0,24,10.0,347850,9.502223
kosdaq,control_amount,2026Q1,590,59,59,7.68101167678833,-4.597829878330231,14.698937726020803,25.593219757080078,12.542372703552246,33.38983154296875,43.050846099853516,39.15254211425781,46.779659271240234,-15.95369815826416,-22.00377950668335,-11.219886898994453,11.86440658569336,4.745762825012207,17.12288198471067,3.4973673820495605,-6.1408847093582155,10.650368833541869,8.861572265625,0.13915680442005407,14.273320102691645,4.523011207580566,-0.38222198113799094,7.961892545223236,1.3878494501113892,-3.285189712047577,5.819252455234524,6.372686057070522,-3.868315672074365,9.01389154226586,0.0,0.0,0.0,0.0,0.0,0.0,0.0,0.0,0.0,0.0,0.0,0.0,29,10.0,032820,3.6800299
kosdaq,control_amount,2026Q2,610,61,61,-15.265888214111328,-32.68554430007934,-0.49300410300493497,12.295082092285156,0.8196721076965332,21.639345169067383,37.86885070800781,31.31147575378418,43.118852138519266,-26.3107852935791,-36.08464117050171,-17.36284394264221,5.573770523071289,0.49180328845977783,9.672131538391113,-2.8651013374328613,-14.714115238189697,10.167764210700987,5.050423622131348,-1.6896855860948563,12.36114954948425,2.5301382541656494,-0.47584338113665575,5.403545510768891,-2.676957607269287,-13.151561164855957,7.729542124271385,-34.26153834184264,-46.25333103873806,-30.79127456153086,0.0,0.0,0.0,0.0,0.0,0.0,0.0,0.0,0.0,0.0,0.0,0.0,27,10.0,080220,-18.327091
kosdaq,control_amount,2026Q3,380,38,24,-4.166049957275391,-3.9727723598480225,3.1132607460021973,13.1578950881958,14.473684310913086,21.052631378173828,39.47368240356445,35.52631759643555,45.52631759643555,-22.561656951904297,-30.460988998413086,-12.208929061889648,4.210526466369629,3.1578948497772217,7.6315789222717285,-7.674328327178955,-9.579041481018066,-3.403472900390625,-3.3396172523498535,-3.206643581390381,-1.1027339696884155,-3.234597682952881,-4.876556396484375,-3.2734122276306152,-5.781202793121338,-8.133800506591797,-1.9624947309494019,2.3050458382714583,0.6188085533122646,23.00771525401881,0.0,0.0,0.0,0.0,0.0,0.0,0.0,0.0,0.0,0.0,0.0,0.0,20,10.0,010170,-6.944586
kosdaq,control_fundamental,all,4000,400,386,0.8505730628967285,-4.44100536108017,5.7144740343093785,17.875,13.049375176429749,23.375,40.0,37.54999923706055,41.55062427520752,-13.68835163116455,-17.215045070648195,-10.998805212974549,7.775000095367432,5.549375188350678,10.050000190734863,1.3509591817855835,-1.5956523358821868,4.43559163808822,6.746472358703613,3.8447439074516296,10.226237869262695,2.8034186363220215,1.517195251584053,4.283365261554717,0.6247473359107971,-1.8006645321846009,3.0776065111160267,2.6326368958604722,-5.516027556937914,10.785579174785715,1.7827221,-0.9186621338129044,4.0857056856155385,0.8,-3.299999952316284,4.47562490701675,-1.25,-3.424999952316284,0.2506250001490082,0.275,-1.5006249994039536,2.0,81,7.35,319400,0.08090485
kosdaq,control_fundamental,2025,2420,242,242,0.8917785882949829,-3.425663357973099,3.754476457834243,14.008264541625977,8.884297370910645,17.479339599609375,39.876033782958984,36.90082550048828,41.528926849365234,-10.980019569396973,-12.527399444580078,-9.56369984149933,6.694214820861816,4.173553943634033,8.472107172012324,0.1639106720685959,-2.464035040140152,2.2500092685222626,4.10985803604126,1.065065833926201,6.250941014289856,2.202834367752075,0.6097496002912521,3.429800152778624,-0.9668542146682739,-3.4760966181755064,1.1787360370159148,4.523476606255074,-3.652744930050105,12.550462658852469,-0.19702224,-3.8638292491436004,3.3683264672756192,-2.8099174,-7.604338872432709,2.0671486794948524,-2.0661156,-4.545454502105713,0.20661157369613647,-0.74380165,-2.8512396812438965,1.6539256453514042,56,10.0,319400,-0.61093307
kosdaq,control_fundamental,2026,1580,158,144,0.7874609231948853,-11.255049777030944,9.027137756347654,23.797468185424805,14.746835708618164,31.962024688720703,40.18987274169922,36.20252990722656,43.48259649276733,-17.836559295654297,-25.250981998443603,-13.3051600933075,9.430379867553711,5.379746913909912,13.544303894042969,3.1690971851348877,-2.862407010793686,8.013209223747252,10.784830093383789,6.0208365559577945,16.137856864929198,3.7233002185821533,1.6544353246688843,6.283138918876642,3.062516689300537,-1.4908305674791336,6.766381573677055,-0.5450242841082371,-17.162179793460695,10.661032851106661,4.814989,2.990927070379257,7.116891491413116,6.329114,4.935126650333404,10.064873814582816,0.0,-2.4683544635772705,2.090189826488486,1.835443,0.8860759735107422,4.683544158935547,42,6.70886075949367,080220,-0.92155206
kosdaq,control_fundamental,2025Q1,580,58,58,-2.7472803592681885,-9.041692614555359,1.384015679359436,9.482758522033691,0.8620689511299133,14.487068867683387,42.58620834350586,39.655174255371094,46.72413635253906,-13.38534927368164,-15.296818947792053,-10.447397899627687,4.655172348022461,0.6896551847457886,7.413793087005615,-1.0079602003097534,-2.9059644818305967,0.7844138950109456,1.7217446565628052,-3.599518084526062,5.345698213577266,1.4928768873214722,-1.192915666103363,3.224489402770996,-0.40090805292129517,-2.494222325086594,0.4983885772526249,-3.0784436230160614,-10.03610295419567,2.3951173596255466,2.5498173,-0.1590984869748354,6.073517429828643,-0.3448276,-3.620689630508423,0.8620689511299133,-0.86206895,-4.310344696044922,1.5517241954803467,-0.1724138,-1.034482717514038,0.517241358757019,34,10.0,113810,-3.5737104
kosdaq,control_fundamental,2025Q2,600,60,60,-0.5715652108192444,-4.765660274028778,1.1194557964801786,15.0,11.0,19.16666603088379,39.33333206176758,35.16666793823242,42.66666793823242,-11.488492012023926,-14.473242783546448,-9.696457958221437,7.166666507720947,5.333333492279053,9.166666984558105,-3.1930432319641113,-6.373255491256714,-1.8092218875885016,4.377301216125488,1.8529140383005143,7.592734742164612,2.026679754257202,0.7489786148071289,3.7991397500038135,-3.878098249435425,-7.865776991844177,-2.3938751280307784,-1.4099886720713697,-4.709559472441455,0.8407751541840485,5.217377,2.0503670632839204,7.615669250488281,4.1666665,-0.3333333432674408,8.0,-0.16666667,-2.3333332538604736,3.0,3.3333333,1.3333333730697632,5.166666507720947,20,10.0,257720,-2.909499
kosdaq,control_fundamental,2025Q3,650,65,65,1.0460095405578613,-5.250068283081054,7.030746626853941,13.692307472229004,4.461538314819336,23.538461685180664,36.92307662963867,32.61538314819336,40.153846740722656,-8.969908714294434,-11.00711669921875,-7.035291254520417,6.307692527770996,1.2307692766189575,11.84615421295166,0.3008648753166199,-3.2418046593666077,3.26488235592842,3.7451021671295166,-1.752208051085472,9.384570693969726,1.792892336845398,-1.8005571454763412,5.05314503908157,-1.6591862440109253,-3.934869784116745,0.11568953972309794,0.06850680527837799,-6.435360421836774,12.074472823376398,-2.6517277,-5.06982661485672,2.586556845903395,-3.3846154,-5.080769050121307,4.926923251152018,-1.3846154,-6.153846263885498,1.384615421295166,-0.9230769,-1.384615421295166,1.384615421295166,26,10.0,084370,-0.18484694
kosdaq,control_fundamental,2025Q4,590,59,59,5.787389755249023,-5.8855737209320065,14.730219101905822,17.79660987854004,10.0,22.20339012145996,41.01694869995117,36.1016960144043,41.694915771484375,-10.312897682189941,-14.642294454574586,-7.685547077655793,8.644067764282227,3.3898305892944336,11.694914817810059,4.578888416290283,-2.55196927189827,11.102562475204468,6.5873703956604,3.0429580390453337,10.0344712972641,3.5315308570861816,0.3309662058949471,5.75481731891632,2.200117349624634,-4.984098994731903,9.827177000045774,22.938600793726224,3.2355438341192815,44.69239434744819,-5.699139,-8.698983430862427,0.4263833448290804,-11.694915,-16.610170364379883,-8.305085182189941,-5.9322033,-13.050847053527832,-1.8644068241119385,-5.254237,-7.96610164642334,-3.8983051776885986,20,10.0,319400,0.28728804
kosdaq,control_fundamental,2026Q1,590,59,59,11.897989273071289,0.11105341296643019,19.56443681716917,32.033897399902344,16.610170364379883,42.033897399902344,43.8983039855957,42.033897399902344,48.13559341430664,-11.907801628112793,-15.358257794380188,-8.799689316749573,11.186440467834473,5.423728942871094,17.966102600097656,7.714345455169678,-1.2131517469882964,15.457737040519714,15.302249908447266,4.778503239154816,23.35288624763489,3.845045804977417,0.36448863148689276,9.482435083389278,6.078827381134033,1.4113772064447403,10.58013727664947,18.374305916298486,11.224708795827613,22.628224631464875,4.2169785,2.4698125243186952,6.408417117595667,6.440678,3.0508475303649902,12.542372703552246,0.84745765,-0.6779661178588867,4.745762825012207,-0.6779661,-2.03389835357666,4.237287998199463,29,8.983050847457626,095340,9.683329
kosdaq,control_fundamental,2026Q2,610,61,61,-10.857878684997559,-22.716294145584108,0.750994887948026,18.032787322998047,7.2131147384643555,26.889344644546487,36.3934440612793,32.62295150756836,40.0,-23.787397384643555,-30.60757827758789,-17.429615783691407,7.704917907714844,2.950819730758667,12.459016799926758,1.5429089069366455,-4.620856237411499,11.068398451805107,10.788127899169922,4.589149522781372,16.913981628417968,4.661285877227783,1.9218748271465302,7.98835562467575,1.9564814567565918,-3.2214666604995728,9.752081370353697,-21.213647237852697,-37.80463593375625,-11.466891671854238,4.4080105,-0.4031312853097916,10.068792343139647,5.7377048,3.7704918384552,7.2131147384643555,-1.4754099,-5.245901584625244,3.278688430786133,2.1311476,1.311475396156311,3.1147541999816895,22,10.0,080220,-15.479561
kosdaq,control_fundamental,2026Q3,380,38,24,2.230736494064331,2.191532850265503,10.927374839782715,20.263158798217773,22.36842155456543,35.0,40.52631759643555,33.67763271331787,48.421051025390625,-17.489072799682617,-24.124080657958984,-8.613229751586914,9.473684310913086,7.1052632331848145,17.105262756347656,-1.277541160583496,-3.3167943954467773,3.655362129211426,3.765645980834961,5.045883655548096,12.039569854736328,2.028559923171997,0.10804864019155502,6.189063549041748,0.1547742336988449,-2.596332550048828,4.997145175933838,5.477705647325744,4.17870084363216,25.309418682280633,6.396786,6.035059452056885,8.013008117675781,7.105263,7.3684210777282715,14.473684310913086,1.0526316,-2.6315789222717285,3.6842105388641357,5.263158,4.210526466369629,10.263157844543457,16,10.0,083650,0.12964402
kosdaq,control_rsi,all,4000,400,386,-2.3551692962646484,-5.911936557292938,1.0448394745588263,11.475000381469727,8.625,15.025624632835385,43.45000076293945,40.849998474121094,45.849998474121094,-12.748294830322266,-15.168780422210693,-10.558666157722476,4.925000190734863,3.5,6.800000190734863,-1.854783296585083,-3.7464065968990328,0.1903763063251963,0.34647202491760254,-2.0778832137584686,3.1142391502857163,-0.04658151790499687,-1.2133063286542893,1.46500586271286,-1.6796914339065552,-3.3094603657722472,0.20956196263432383,-4.399736391335639,-10.169441101017087,0.5561755670616846,-1.4230205,-7.120344042778015,4.6401133775711,-5.6,-11.326874804496764,-0.20000000298023224,2.2,-0.9750000238418579,5.199999809265137,-2.575,-5.650000095367432,0.6506249770522083,492,1.4000000000000001,042940,-2.6140845
kosdaq,control_rsi,2025,2420,242,242,-0.8781728148460388,-3.7702051639556884,1.7030696064233772,10.785123825073242,8.512396812438965,12.810950493812555,43.51239776611328,40.53718948364258,46.570247650146484,-10.802343368530273,-12.473088693618774,-8.9492910861969,4.049586772918701,3.140495777130127,5.619834899902344,-1.6060410737991333,-2.8673436760902407,0.09022534061223193,0.8867177367210388,-0.6460433825850487,3.178599447011947,-0.4417935907840729,-0.9589078798890114,0.9822837546467778,-1.2772542238235474,-2.665239143371582,0.41694055348634573,-1.3755377395057133,-5.137213153353692,3.486481399782388,-1.9669739,-6.26594398021698,4.44861726760864,-6.0330577,-11.074379920959473,0.4142562054097596,1.5702479,-1.8605371624231337,6.322314262390137,-3.3884296,-6.074380397796631,0.6611570119857788,336,2.190082644628099,042940,-1.3061317
kosdaq,control_rsi,2026,1580,158,144,-4.617404460906982,-12.530077457427979,2.6370261788368095,12.531645774841309,5.822784900665283,20.761075162887565,43.35443115234375,38.54272165298462,47.468353271484375,-15.728802680969238,-20.49258632659912,-12.748250484466556,6.265822887420654,2.8481013774871826,10.189873695373535,-2.2357685565948486,-5.676170599460602,2.696957141160964,-0.4809929430484772,-4.5639279842376705,6.020905268192287,0.5587431788444519,-1.7196177214384079,3.6250470578670484,-2.2960827350616455,-5.247333776950836,1.8705483138561239,-9.48207023677204,-20.357176695022563,1.063827925030257,-0.5898766,-9.250251388549804,11.194827055931079,-4.936709,-12.153480672836304,6.710443150997153,3.164557,-1.0126582384109497,7.026898527145377,-1.329114,-5.50632905960083,4.810126781463623,273,2.4683544303797467,142760,-5.0727506
kosdaq,control_rsi,2025Q1,580,58,58,-3.750833511352539,-8.467415809631348,-1.6676138043403643,10.344827651977539,8.103447914123535,11.896552085876465,41.55172348022461,38.10344696044922,43.965518951416016,-14.653632164001465,-17.72245306968689,-12.529388976097108,2.5862069129943848,1.8965517282485962,3.620689630508423,-2.0115132331848145,-3.081460678577423,-0.6179166868329063,2.5838136672973633,0.29919881969690326,6.9779128193855255,-0.5760887265205383,-2.0407684624195097,1.8757541179656982,-2.157771110534668,-3.4478452801704407,-0.5694492906332022,-3.3561975611772366,-8.68244610645904,-1.8700314537658023,1.5462644,-3.251190173625946,7.14481048583984,0.51724136,-4.655172348022461,9.310344696044922,-1.8965517,-7.413793087005615,-1.2068965435028076,-2.2413793,-5.5215518236160275,2.931034564971924,94,6.724137931034482,176750,-4.7569785
kosdaq,control_rsi,2025Q2,600,60,60,4.397240161895752,2.1772221088409425,4.567916667461394,13.833333015441895,10.333333015441895,13.666666984558105,48.83333206176758,44.0,54.16666793823242,-7.375838756561279,-8.634473133087159,-6.801036536693574,6.833333492279053,4.333333492279053,7.166666507720947,1.7757627964019775,-1.0849718511104585,2.6110084950923893,3.2106330394744873,-0.8772698193788528,4.5849920988082875,1.693346381187439,-0.5646230489015579,1.8939964771270752,2.120598793029785,-1.0072524815797805,3.064187228679657,4.806431835112346,-2.155114997460705,10.600460263527902,10.186184,5.334854423999786,14.351363468170163,3.0,-2.5,4.666666507720947,9.333333,5.166666507720947,14.833333015441895,3.0,-0.5,4.5,132,3.6666666666666665,203400,3.5716188
kosdaq,control_rsi,2025Q3,650,65,65,-2.532101631164551,-8.30087125301361,2.8619073927402483,9.538461685180664,2.923076868057251,14.615385055541992,42.0,37.53845977783203,49.38846292495725,-9.697818756103516,-11.823509454727173,-6.852402210235596,3.846153736114502,1.692307710647583,6.0,-3.2772464752197266,-6.56410779953003,-0.9229637458920524,-0.40874379873275757,-5.251011431217194,1.749305245280259,-0.6686460375785828,-2.081559270620346,-0.10685952752828634,-2.941901206970215,-6.773909962177276,-0.4701081626117261,-4.104803768971748,-7.499196735054328,4.068874662085106,-6.2298393,-9.177983522415161,-1.2251935362815862,-7.5384617,-11.076923370361328,-0.6153846383094788,3.6923077,0.4615384638309479,8.769230842590332,-3.3846154,-5.846153736114502,0.0,120,7.538461538461538,115610,-3.2861965
kosdaq,control_rsi,2025Q4,590,59,59,-1.596903681755066,-5.841168820858002,2.290656954050063,9.491525650024414,6.271186351776123,13.220338821411133,41.694915771484375,37.79661178588867,44.915252685546875,-11.71776294708252,-13.982310438156128,-9.900911402702333,2.8813560009002686,1.5254237651824951,4.91525411605835,-2.8054046630859375,-3.3282383382320404,-0.6314654260873809,-1.717714786529541,-2.98514364361763,1.8229525804519648,-2.2311809062957764,-2.8805358529090883,-0.49452363923192044,-2.033172130584717,-2.58532977104187,-0.18595543615520074,-2.7083786361979656,-7.135515965993947,7.6386282365440294,-13.083432,-13.393321990966797,-7.363726830482484,-20.0,-24.406780242919922,-12.711864471435547,-5.254237,-10.338982582092285,2.542372941970825,-11.016949,-14.237288475036621,-5.762712001800537,95,7.627118644067797,042940,-3.4597194
kosdaq,control_rsi,2026Q1,590,59,59,-1.1012314558029175,-10.240947723388672,3.0712028443813315,14.237288475036621,5.93220329284668,17.11864471435547,46.779659271240234,42.20338821411133,50.0,-12.857625007629395,-19.69576253890991,-10.61088380813599,6.94915246963501,2.203389883041382,9.152542114257812,-5.284875392913818,-10.885857605934143,1.2022360980510678,-2.4943602085113525,-9.132867741584779,4.844218337535857,-0.39224234223365784,-4.897977352142334,3.554598671197889,-4.97407341003418,-8.78758521080017,-1.156137853860857,-6.239309739419029,-10.058897616313528,-1.3570566536278332,-8.782243,-21.39895644187927,7.18497692346572,-11.355932,-22.542373657226562,4.406779766082764,3.7288136,-2.3728814125061035,7.796610355377197,-4.915254,-12.372880935668945,3.9025424659251935,124,4.576271186440678,142760,-2.3206317
kosdaq,control_rsi,2026Q2,610,61,61,-14.825779914855957,-22.10409140586853,-13.05090503692627,3.6065573692321777,0.6557376980781555,3.9344263076782227,38.03278732299805,30.655736923217773,42.78688430786133,-19.97722625732422,-25.36872296333313,-18.55626459121704,1.9672131538391113,0.49180328845977783,2.295081853866577,-2.4249911308288574,-7.694406187534332,3.2535469293594295,-3.638101577758789,-6.869870245456696,-0.6900073856115344,-1.0764189958572388,-2.8841322362422943,0.7243834480643263,-2.737652063369751,-7.0813328385353085,2.242127400636672,-22.165726711116015,-34.55666632298513,-12.528732738833652,0.4401103,-17.71102957725525,18.18637499809265,-8.688524,-18.532786273956297,0.8196721076965332,0.16393442,-8.852458953857422,9.016393661499023,-3.6065574,-7.8729509830474855,0.9836065769195557,117,4.426229508196721,160190,-15.006327
kosdaq,control_rsi,2026Q3,380,38,24,6.310400009155273,4.909949779510498,18.22105288505554,24.210525512695312,19.736841201782227,42.105262756347656,46.578948974609375,42.08552589416504,53.94736862182617,-13.366846084594727,-17.05121421813965,-7.510077953338623,12.105262756347656,12.368420600891113,20.789474487304688,2.8021223545074463,0.13534380495548248,8.733888959884643,7.713015079498291,1.0660109519958496,19.14348602294922,4.6601386070251465,4.322547912597656,9.760281443595884,2.570685386657715,-0.15755735337734222,8.669063448905943,14.783770412859406,14.276661441602746,18.761682422182663,10.476449,3.74821400642395,17.255064010620117,11.052631,3.1578948497772217,21.3157901763916,7.105263,5.526315689086914,8.947368621826172,7.894737,7.6315789222717285,13.947368621826172,76,8.157894736842106,299660,5.091604
