ticker,name,sector,price,RSI,Stoch_K,BB_pct,drawdown_52w_high_%,distance_to_52w_low_%,return_1w_%,return_1m_%,return_3m_%,vs_SMA20_%,vs_SMA50_%,vs_SMA200_%,volume_vs_avg,52w_high,52w_low,acc_score,acc_signal_vol,acc_signal_return,acc_signal_candle,avg_volume_1w,avg_volume_1m,amt_today_억,amt_avg_1w_억,amt_avg_1m_억,vol_1w_vs_1m_ratio,trend_score,falling_knife,reversal_above_sma5,reversal_rebound_3pct,reversal_vol_up_candle,trend_details,oversold_score,foreign_5d_억,inst_5d_억,foreign_20d_억,inst_20d_억,supply_fetched,supply_score,market_regime,regime_score,regime_kospi_score,regime_fx_score,regime_flow_score,kospi_vs_sma200_%,kospi_return_1m_%,usdkrw,usdkrw_vs_sma20_%,usdkrw_return_1m_%,foreign_kospi_5d_억,foreign_kospi_5d_raw_억,foreign_kospi_5d_adjusted_억,foreign_proxy_success,foreign_proxy_total,foreign_proxy_coverage,stock_score_stage1,composite_score
008500,일정실업,,2050,27.1,20.5,11.9,-71.2,inf,-12.8,-29.7,-31.7,-15.9,-21.2,-31.3,2.36,7130,0,5,True,False,False,102103,53336,2.6,2.1,1.2,1.91,4,False,False,False,True,거래량동반양봉,89.3,0.4,0.0,-1.0,0.0,True,8,강세,-6,0,-3,-3,67.7,22.8,1520.53,2.53,2.74,-120778.0,-120778.0,-120778.0,10,10,1.0,106.3,100.3
008350,남선알미늄,,1710,24.7,20.6,17.7,-50.9,71.0,-5.6,-29.0,32.5,-14.1,-12.3,26.2,0.46,3485,1000,5,False,True,False,4600050,12850964,82.2,78.4,271.8,0.36,3,False,True,False,False,5일선회복,79.8,41.8,0.2,20.5,0.7,True,15,강세,-6,0,-3,-3,67.7,22.8,1520.53,2.53,2.74,-120778.0,-120778.0,-120778.0,10,10,1.0,102.8,96.8
002360,SH에너지화학,,2955,0.0,8.1,-54.8,-51.2,1.9,-17.5,-25.2,-26.5,-16.9,-24.5,-26.0,7.91,6050,2900,5,True,False,False,84408,59661,12.5,2.5,2.0,1.41,0,False,False,False,False,-,97.6,-1.3,-0.8,-0.0,1.3,True,0,강세,-6,0,-3,-3,67.7,22.8,1520.53,2.53,2.74,-120778.0,-120778.0,-120778.0,10,10,1.0,102.6,96.6
013360,일성건설,,1543,25.2,13.7,20.4,-50.1,29.4,-4.8,-25.3,-23.8,-11.7,-17.3,-9.8,0.24,3090,1192,5,False,True,False,167785,439170,1.6,2.6,8.0,0.38,3,False,True,False,False,5일선회복,78.6,2.4,0.3,-3.4,0.2,True,15,강세,-6,0,-3,-3,67.7,22.8,1520.53,2.53,2.74,-120778.0,-120778.0,-120778.0,10,10,1.0,101.6,95.6
011090,에넥스,,1620,0.0,10.4,-16.8,-63.1,4.5,-24.3,-23.8,-35.1,-21.8,-23.7,-37.9,2.7,4390,1550,5,True,False,False,156271,42910,1.9,2.7,0.8,3.64,0,False,False,False,False,-,95.3,-0.9,-0.7,-1.1,0.1,True,0,강세,-6,0,-3,-3,67.7,22.8,1520.53,2.53,2.74,-120778.0,-120778.0,-120778.0,10,10,1.0,100.3,94.3
095720,웅진씽크빅,,1699,4.9,12.1,6.1,-65.1,5.2,-15.0,-26.2,-27.2,-21.0,-23.8,-38.1,2.63,4864,1615,5,True,False,False,121151,58166,2.6,2.1,1.1,2.08,0,False,False,False,False,-,93.3,-2.2,-0.0,-5.9,-0.1,True,0,강세,-6,0,-3,-3,67.7,22.8,1520.53,2.53,2.74,-120778.0,-120778.0,-120778.0,10,10,1.0,98.3,92.3
000890,보해양조,,1606,3.5,7.9,-10.1,-42.9,2.8,-23.9,-26.3,-34.0,-21.2,-23.9,-26.3,2.3,2815,1563,5,True,False,False,238483,80874,3.0,3.9,1.4,2.95,0,False,False,False,False,-,91.8,-1.6,-1.5,-2.1,0.4,True,0,강세,-6,0,-3,-3,67.7,22.8,1520.53,2.53,2.74,-120778.0,-120778.0,-120778.0,10,10,1.0,96.8,90.8
007120,미래아이앤지,,1470,19.1,19.0,18.6,-50.8,88.5,-5.1,-29.8,20.2,-16.1,-22.8,22.3,0.45,2990,780,5,False,True,False,105507,175509,1.1,1.5,3.1,0.6,3,False,True,False,False,5일선회복,80.2,1.0,-0.0,4.5,-0.0,True,8,강세,-6,0,-3,-3,67.7,22.8,1520.53,2.53,2.74,-120778.0,-120778.0,-120778.0,10,10,1.0,96.2,90.2
023810,인팩,,6570,18.7,16.9,13.8,-51.5,17.3,-18.2,-20.7,-19.7,-18.3,-18.4,-13.7,0.47,13560,5600,0,False,False,False,106446,124944,3.0,7.0,10.5,0.85,3,False,True,False,False,5일선회복,78.1,4.4,0.1,-3.6,0.0,True,15,강세,-6,0,-3,-3,67.7,22.8,1520.53,2.53,2.74,-120778.0,-120778.0,-120778.0,10,10,1.0,96.1,90.1
101140,인바이오젠,,6640,9.4,11.0,22.3,-55.7,4.7,-0.7,-27.7,-38.6,-12.6,-22.2,-38.5,0.26,14990,6340,5,False,True,False,6118,11987,0.2,0.4,1.0,0.51,3,False,True,False,False,5일선회복,79.7,0.4,-0.0,-1.6,-0.0,True,8,강세,-6,0,-3,-3,67.7,22.8,1520.53,2.53,2.74,-120778.0,-120778.0,-120778.0,10,10,1.0,95.7,89.7
033250,체시스,,4090,16.1,17.2,20.4,-51.4,6.0,-2.7,-18.1,-20.5,-10.4,-13.8,-20.9,0.8,8410,3860,10,True,True,False,52493,33110,1.1,2.1,1.4,1.59,3,False,True,False,False,5일선회복,74.1,1.3,-0.0,0.3,-1.0,True,8,강세,-6,0,-3,-3,67.7,22.8,1520.53,2.53,2.74,-120778.0,-120778.0,-120778.0,10,10,1.0,95.1,89.1
465770,STX그린로지스,,3520,33.3,17.8,24.2,-71.6,inf,-2.5,-41.2,-44.7,-13.9,-35.9,-46.1,0.15,12400,0,10,False,True,True,73397,356626,1.5,2.6,15.4,0.21,3,False,False,True,False,+3%반등,73.4,1.0,-0.0,9.0,-0.0,True,8,강세,-6,0,-3,-3,67.7,22.8,1520.53,2.53,2.74,-120778.0,-120778.0,-120778.0,10,10,1.0,94.4,88.4
019680,대교,,1220,16.5,26.5,23.0,-52.5,9.3,1.8,-23.1,-27.9,-11.5,-18.8,-34.1,0.47,2570,1116,10,False,True,True,99551,129322,0.8,1.2,1.8,0.77,3,False,True,False,False,5일선회복,73.2,1.0,-0.1,0.6,-0.8,True,8,강세,-6,0,-3,-3,67.7,22.8,1520.53,2.53,2.74,-120778.0,-120778.0,-120778.0,10,10,1.0,94.2,88.2
029530,신도리코,,43300,25.1,15.3,14.3,-40.8,4.8,-5.9,-15.9,-25.5,-9.4,-14.6,-10.7,1.94,73200,41300,5,True,False,False,21738,14803,12.6,9.5,7.0,1.47,4,False,False,False,True,거래량동반양봉,76.9,-11.7,8.0,-14.5,12.0,True,8,강세,-6,0,-3,-3,67.7,22.8,1520.53,2.53,2.74,-120778.0,-120778.0,-120778.0,10,10,1.0,93.9,87.9
000230,일동홀딩스,,8460,21.2,29.3,32.6,-50.7,43.6,3.5,-15.8,-28.8,-6.4,-13.3,-21.5,1.15,17170,5890,10,False,True,True,26119,36143,3.6,2.1,3.2,0.72,10,False,True,True,True,5일선회복/+3%반등/거래량동반양봉,65.8,1.0,-0.0,3.1,0.6,True,8,강세,-6,0,-3,-3,67.7,22.8,1520.53,2.53,2.74,-120778.0,-120778.0,-120778.0,10,10,1.0,93.8,87.8
011300,우성머티리얼스,,2505,29.4,21.6,23.0,-57.4,8.9,-5.8,-29.2,-28.8,-15.0,-20.3,-32.9,0.41,5880,2300,5,False,True,False,48692,80444,0.9,1.2,2.3,0.61,3,False,True,False,False,5일선회복,77.5,0.2,0.0,-3.0,-0.6,True,8,강세,-6,0,-3,-3,67.7,22.8,1520.53,2.53,2.74,-120778.0,-120778.0,-120778.0,10,10,1.0,93.5,87.5
004910,조광페인트,,4145,18.3,17.5,28.7,-38.1,4.4,0.2,-17.1,-24.5,-6.9,-12.0,-19.4,0.23,6700,3970,10,False,True,True,27333,55897,0.5,1.1,2.5,0.49,3,False,True,False,False,5일선회복,65.4,0.2,0.1,-3.0,-0.2,True,15,강세,-6,0,-3,-3,67.7,22.8,1520.53,2.53,2.74,-120778.0,-120778.0,-120778.0,10,10,1.0,93.4,87.4
004980,성신양회,,9540,18.6,15.2,20.1,-37.7,15.4,-3.2,-19.3,-9.2,-10.2,-7.2,-5.1,0.48,15310,8270,5,False,True,False,182879,307461,12.8,17.2,33.6,0.59,3,False,True,False,False,5일선회복,70.4,2.1,0.3,33.3,-0.4,True,15,강세,-6,0,-3,-3,67.7,22.8,1520.53,2.53,2.74,-120778.0,-120778.0,-120778.0,10,10,1.0,93.4,87.4
006200,한국전자홀딩스,,3215,20.1,31.6,4.8,-42.5,12.8,-19.7,-19.5,-1.8,-17.0,-20.3,-11.6,2.89,5590,2850,5,True,False,False,189044,225468,9.4,5.7,9.3,0.84,4,False,False,False,True,거래량동반양봉,84.3,-1.8,-0.8,-0.9,0.3,True,0,강세,-6,0,-3,-3,67.7,22.8,1520.53,2.53,2.74,-120778.0,-120778.0,-120778.0,10,10,1.0,93.3,87.3
012170,아센디오,,1075,22.3,17.3,19.4,-78.3,5.9,1.9,-25.6,-33.2,-11.8,-16.2,-41.0,1.27,4955,1015,5,False,True,False,49781,43583,0.6,0.5,0.5,1.14,0,False,False,False,False,-,79.6,0.1,-0.0,-0.2,-0.0,True,8,강세,-6,0,-3,-3,67.7,22.8,1520.53,2.53,2.74,-120778.0,-120778.0,-120778.0,10,10,1.0,92.6,86.6
058730,다스코,,3040,17.3,20.9,19.0,-40.2,26.4,-3.5,-21.1,-20.4,-11.6,-15.3,-6.2,0.41,5080,2405,10,False,True,True,98981,174649,2.2,3.0,6.2,0.57,3,False,True,False,False,5일선회복,71.3,1.3,-0.0,-1.9,0.0,True,8,강세,-6,0,-3,-3,67.7,22.8,1520.53,2.53,2.74,-120778.0,-120778.0,-120778.0,10,10,1.0,92.3,86.3
016880,웅진,,2290,22.6,14.5,13.8,-56.0,53.2,-9.3,-21.7,-2.3,-13.2,-14.2,-26.3,0.67,5200,1495,5,False,True,False,457689,789995,11.7,10.7,21.8,0.58,0,False,False,False,False,-,79.2,-11.2,5.5,-13.8,7.5,True,8,강세,-6,0,-3,-3,67.7,22.8,1520.53,2.53,2.74,-120778.0,-120778.0,-120778.0,10,10,1.0,92.2,86.2
014790,HL D&I,,2970,31.4,35.3,30.3,-27.9,32.3,0.8,-17.3,-12.3,-7.9,-10.6,4.8,2.89,4120,2245,5,False,True,False,189016,145595,12.7,5.4,4.7,1.3,7,False,True,False,True,5일선회복/거래량동반양봉,65.0,1.4,2.7,-0.9,1.6,True,15,강세,-6,0,-3,-3,67.7,22.8,1520.53,2.53,2.74,-120778.0,-120778.0,-120778.0,10,10,1.0,92.0,86.0
011390,부산산업,,60200,25.1,19.9,20.2,-51.7,8.1,-2.9,-22.6,-29.0,-13.1,-17.1,-24.6,0.58,124700,55700,5,False,True,False,7285,7757,2.8,4.2,5.3,0.94,3,False,True,False,False,5일선회복,75.7,3.1,-0.0,0.3,-0.1,True,8,강세,-6,0,-3,-3,67.7,22.8,1520.53,2.53,2.74,-120778.0,-120778.0,-120778.0,10,10,1.0,91.7,85.7
007110,일신석재,,1338,29.5,21.5,19.9,-55.5,9.6,-4.0,-22.4,-26.6,-12.6,-14.4,-25.0,0.5,3010,1221,5,False,True,False,626577,691009,4.7,8.1,10.5,0.91,3,False,True,False,False,5일선회복,75.4,0.9,-0.0,-15.2,-0.1,True,8,강세,-6,0,-3,-3,67.7,22.8,1520.53,2.53,2.74,-120778.0,-120778.0,-120778.0,10,10,1.0,91.4,85.4
000390,SP삼화,,7750,17.3,22.2,24.7,-45.8,39.1,-0.6,-18.8,-21.6,-9.8,-15.5,6.2,0.35,14300,5570,10,False,True,True,190610,444454,12.3,14.6,40.1,0.43,3,False,True,False,False,5일선회복,69.8,6.7,-0.0,21.8,-1.8,True,8,강세,-6,0,-3,-3,67.7,22.8,1520.53,2.53,2.74,-120778.0,-120778.0,-120778.0,10,10,1.0,90.8,84.8
004060,SG세계물산,,3245,16.2,2.0,19.3,-64.1,10.4,-11.2,-33.6,-28.7,-20.1,-30.5,-15.6,0.57,9030,2940,0,False,False,False,228854,412865,8.0,7.6,15.6,0.55,0,False,False,False,False,-,82.3,8.1,-0.3,-6.6,-3.4,True,8,강세,-6,0,-3,-3,67.7,22.8,1520.53,2.53,2.74,-120778.0,-120778.0,-120778.0,10,10,1.0,90.3,84.3
014160,대영포장,,1008,9.2,6.2,17.8,-51.4,7.7,-1.9,-18.1,-7.4,-9.2,-12.5,-9.2,0.44,2075,936,5,False,True,False,853781,1500059,6.4,8.7,17.1,0.57,0,False,False,False,False,-,76.9,5.7,-0.0,15.2,-0.4,True,8,강세,-6,0,-3,-3,67.7,22.8,1520.53,2.53,2.74,-120778.0,-120778.0,-120778.0,10,10,1.0,89.9,83.9
036580,팜스코,,2825,31.1,13.2,13.1,-41.9,30.8,-8.7,-21.5,-31.3,-13.1,-14.5,-2.8,0.65,4865,2160,0,False,False,False,141061,131083,2.5,4.0,4.3,1.08,0,False,False,False,False,-,74.8,0.9,0.1,-1.6,-1.4,True,15,강세,-6,0,-3,-3,67.7,22.8,1520.53,2.53,2.74,-120778.0,-120778.0,-120778.0,10,10,1.0,89.8,83.8
100090,SK오션플랜트,,18860,21.0,20.0,21.2,-40.3,25.7,-2.3,-16.7,0.5,-11.8,-18.9,-11.5,0.5,31600,15000,10,False,True,True,451897,799755,73.5,83.2,176.1,0.57,3,False,True,False,False,5일선회복,68.5,72.8,-60.3,18.7,-126.4,True,8,강세,-6,0,-3,-3,67.7,22.8,1520.53,2.53,2.74,-120778.0,-120778.0,-120778.0,10,10,1.0,89.5,83.5
003570,SNT다이내믹스,,47700,22.9,21.1,22.1,-37.6,49.5,1.3,-11.2,-15.3,-9.6,-8.5,-11.8,1.05,76400,31900,10,False,True,True,95574,123811,60.6,45.4,66.8,0.77,7,False,True,False,True,5일선회복/거래량동반양봉,64.3,47.6,-49.4,222.7,-194.0,True,8,강세,-6,0,-3,-3,67.7,22.8,1520.53,2.53,2.74,-120778.0,-120778.0,-120778.0,10,10,1.0,89.3,83.3
285130,SK케미칼,,46300,22.4,19.1,21.2,-43.4,7.8,-4.9,-19.9,-28.0,-12.9,-15.6,-26.6,1.32,81800,42950,5,False,True,False,93026,83782,52.7,42.0,44.2,1.11,3,False,True,False,False,5일선회복,73.2,12.1,-53.5,-93.5,-190.2,True,8,강세,-6,0,-3,-3,67.7,22.8,1520.53,2.53,2.74,-120778.0,-120778.0,-120778.0,10,10,1.0,89.2,83.2
011280,태림포장,,1826,18.5,10.2,19.5,-35.5,6.9,-4.4,-15.3,-18.5,-7.2,-10.6,-7.7,0.29,2830,1708,5,False,False,True,114965,198555,1.1,2.1,4.0,0.58,0,False,False,False,False,-,69.0,0.1,0.3,-5.4,-1.4,True,15,강세,-6,0,-3,-3,67.7,22.8,1520.53,2.53,2.74,-120778.0,-120778.0,-120778.0,10,10,1.0,89.0,83.0
005870,휴니드,,7050,7.1,12.5,17.3,-40.5,5.1,-4.6,-24.5,-18.8,-17.2,-19.0,-15.8,0.44,11850,6710,5,False,True,False,166739,439696,9.3,11.9,41.1,0.38,0,False,False,False,False,-,75.9,0.6,-0.0,-22.1,-2.1,True,8,강세,-6,0,-3,-3,67.7,22.8,1520.53,2.53,2.74,-120778.0,-120778.0,-120778.0,10,10,1.0,88.9,82.9
016590,신대양제지,,10750,20.2,16.0,17.6,-40.8,37.5,-5.8,-19.8,-30.5,-10.0,-14.6,-13.9,0.56,18150,7820,5,False,False,True,25831,31995,1.8,2.8,3.9,0.81,3,False,True,False,False,5일선회복,72.7,1.7,-0.1,-5.1,-0.5,True,8,강세,-6,0,-3,-3,67.7,22.8,1520.53,2.53,2.74,-120778.0,-120778.0,-120778.0,10,10,1.0,88.7,82.7
007570,일양약품,,9830,16.8,16.7,28.3,-43.3,3.0,-0.5,-15.9,-32.7,-6.3,-17.4,-29.2,0.6,17329,9540,10,False,True,True,76855,98467,5.8,7.5,10.4,0.78,3,False,True,False,False,5일선회복,67.3,4.5,-0.0,-14.5,-0.5,True,8,강세,-6,0,-3,-3,67.7,22.8,1520.53,2.53,2.74,-120778.0,-120778.0,-120778.0,10,10,1.0,88.3,82.3
004140,동방,,2320,12.6,8.0,17.2,-43.7,3.1,-4.5,-19.3,-13.1,-13.0,-15.8,-17.0,0.39,4120,2250,5,False,True,False,504051,923014,8.2,11.7,25.6,0.55,0,False,False,False,False,-,75.2,0.6,-0.0,5.0,-1.3,True,8,강세,-6,0,-3,-3,67.7,22.8,1520.53,2.53,2.74,-120778.0,-120778.0,-120778.0,10,10,1.0,88.2,82.2
001460,BYC,,43400,25.4,26.0,17.9,-39.3,43.5,-2.8,-17.3,-27.5,-8.8,-9.2,0.1,0.45,71500,30250,5,False,True,False,6780,5235,1.0,2.9,2.4,1.3,0,False,False,False,False,-,68.2,0.2,3.1,-0.2,4.8,True,15,강세,-6,0,-3,-3,67.7,22.8,1520.53,2.53,2.74,-120778.0,-120778.0,-120778.0,10,10,1.0,88.2,82.2
009270,신원,,1179,24.7,14.4,21.0,-45.7,4.5,-1.9,-16.7,-22.9,-9.5,-12.0,-22.2,0.62,2170,1128,5,False,True,False,533656,659327,4.9,6.2,8.6,0.81,3,False,True,False,False,5일선회복,72.1,0.5,-0.0,-8.0,-0.2,True,8,강세,-6,0,-3,-3,67.7,22.8,1520.53,2.53,2.74,-120778.0,-120778.0,-120778.0,10,10,1.0,88.1,82.1
079980,휴비스,,2560,3.5,7.3,13.7,-37.1,9.6,-9.5,-21.5,-11.9,-16.4,-14.7,-10.8,0.29,4070,2335,5,False,True,False,197292,378118,2.8,5.2,12.2,0.52,0,False,False,False,False,-,75.1,1.7,-1.6,1.9,4.7,True,8,강세,-6,0,-3,-3,67.7,22.8,1520.53,2.53,2.74,-120778.0,-120778.0,-120778.0,10,10,1.0,88.1,82.1
017370,우신시스템,,5120,20.9,26.9,15.6,-44.3,10.1,-7.2,-19.4,-24.3,-11.0,-12.0,-20.7,0.83,9200,4650,5,True,False,False,108682,64925,2.8,5.5,3.6,1.67,3,False,True,False,False,5일선회복,72.0,2.4,-6.2,1.8,-7.2,True,8,강세,-6,0,-3,-3,67.7,22.8,1520.53,2.53,2.74,-120778.0,-120778.0,-120778.0,10,10,1.0,88.0,82.0
130660,한전산업,,15600,20.1,16.8,22.8,-43.9,53.7,-0.4,-20.6,-31.3,-14.2,-18.1,6.1,0.31,27800,10150,5,False,True,False,248499,566150,28.3,37.9,109.2,0.44,3,False,True,False,False,5일선회복,72.0,32.4,-4.5,10.0,0.1,True,8,강세,-6,0,-3,-3,67.7,22.8,1520.53,2.53,2.74,-120778.0,-120778.0,-120778.0,10,10,1.0,88.0,82.0
044450,KSS해운,,10970,18.2,15.1,23.1,-23.8,28.5,-2.4,-11.7,-2.5,-8.0,-5.2,9.0,0.27,14400,8540,10,False,True,True,93684,244820,6.1,10.2,30.7,0.38,3,False,True,False,False,5일선회복,59.9,0.8,2.5,-6.7,9.7,True,15,강세,-6,0,-3,-3,67.7,22.8,1520.53,2.53,2.74,-120778.0,-120778.0,-120778.0,10,10,1.0,87.9,81.9
001620,케이비아이동국실업,,2780,21.3,31.2,14.8,-42.3,23.8,-13.4,-15.6,-12.7,-10.0,-11.8,1.8,1.62,4820,2245,5,True,False,False,129698,39789,1.7,3.6,1.1,3.26,3,False,True,False,False,5일선회복,71.9,-0.6,0.6,-0.7,0.6,True,8,강세,-6,0,-3,-3,67.7,22.8,1520.53,2.53,2.74,-120778.0,-120778.0,-120778.0,10,10,1.0,87.9,81.9
083420,그린케미칼,,5350,20.6,16.8,24.6,-42.0,5.1,-0.7,-12.2,-14.5,-7.6,-7.8,-18.2,0.29,9230,5090,10,False,True,True,57184,111149,1.8,3.0,6.4,0.51,3,False,True,False,False,5일선회복,66.4,0.3,0.0,-9.1,-0.0,True,8,강세,-6,0,-3,-3,67.7,22.8,1520.53,2.53,2.74,-120778.0,-120778.0,-120778.0,10,10,1.0,87.4,81.4
025620,차AI헬스케어,,7540,30.0,42.1,37.4,-61.9,15.1,4.1,-16.8,-31.0,-4.8,-13.6,-26.5,0.99,19780,6550,10,False,True,True,18644,20330,1.5,1.3,1.6,0.92,6,False,True,True,False,5일선회복/+3%반등,63.4,0.4,-0.0,-1.8,0.1,True,8,강세,-6,0,-3,-3,67.7,22.8,1520.53,2.53,2.74,-120778.0,-120778.0,-120778.0,10,10,1.0,87.4,81.4
005360,모나미,,1507,8.9,10.1,19.4,-52.8,1.8,-2.1,-14.1,-20.2,-7.6,-10.3,-21.2,0.39,3190,1480,5,False,True,False,43550,56063,0.3,0.7,0.9,0.78,0,False,False,False,False,-,74.3,0.1,-0.0,-1.5,-0.0,True,8,강세,-6,0,-3,-3,67.7,22.8,1520.53,2.53,2.74,-120778.0,-120778.0,-120778.0,10,10,1.0,87.3,81.3
010820,퍼스텍,,11500,30.8,25.5,23.0,-38.6,222.6,-1.7,-20.2,115.8,-10.8,7.4,87.5,0.62,18730,3565,10,False,True,True,1399363,3089661,137.4,158.2,448.9,0.45,3,False,True,False,False,5일선회복,66.3,61.2,-0.5,53.4,-54.8,True,8,강세,-6,0,-3,-3,67.7,22.8,1520.53,2.53,2.74,-120778.0,-120778.0,-120778.0,10,10,1.0,87.3,81.3
103140,풍산,,88000,28.3,26.9,25.1,-48.9,54.4,0.3,-11.9,-20.7,-6.5,-9.2,-21.3,0.51,172200,57000,10,False,True,True,135333,186880,83.2,116.5,177.9,0.72,3,False,True,False,False,5일선회복,66.2,100.1,-22.6,68.4,-100.6,True,8,강세,-6,0,-3,-3,67.7,22.8,1520.53,2.53,2.74,-120778.0,-120778.0,-120778.0,10,10,1.0,87.2,81.2
0120G0,삼양바이오팜,,63200,23.1,28.9,24.4,-58.1,171.8,-3.4,-20.5,-40.0,-10.4,-26.3,,0.84,150900,23250,5,False,True,False,29764,41656,21.8,18.2,30.1,0.71,3,False,True,False,False,5일선회복,70.8,18.7,-1.7,4.6,-13.3,True,8,강세,-6,0,-3,-3,67.7,22.8,1520.53,2.53,2.74,-120778.0,-120778.0,-120778.0,10,10,1.0,86.8,80.8
214330,금호에이치티,,3395,36.5,35.7,31.2,-56.0,13.2,-6.7,-14.7,-35.2,-6.1,-14.6,-35.0,2.31,7710,3000,0,False,False,False,92907,82960,6.8,3.1,2.9,1.12,10,False,True,True,True,5일선회복/+3%반등/거래량동반양봉,61.7,0.4,0.3,-1.5,-1.6,True,15,강세,-6,0,-3,-3,67.7,22.8,1520.53,2.53,2.74,-120778.0,-120778.0,-120778.0,10,10,1.0,86.7,80.7
009240,한샘,,32900,15.8,12.9,19.8,-40.0,5.8,-7.2,-16.3,-30.1,-12.8,-17.0,-24.8,1.04,54800,31100,5,False,True,False,110052,99771,35.1,35.8,37.7,1.1,3,False,True,False,False,5일선회복,70.7,47.5,-71.1,70.6,-167.8,True,8,강세,-6,0,-3,-3,67.7,22.8,1520.53,2.53,2.74,-120778.0,-120778.0,-120778.0,10,10,1.0,86.7,80.7
002030,아세아,,226000,24.1,24.0,25.9,-43.8,7.4,2.0,-14.1,-21.7,-8.2,-14.4,-28.7,0.48,402000,210500,10,False,True,True,2669,2655,3.0,6.1,6.5,1.01,3,False,False,True,False,+3%반등,65.7,-4.7,2.6,-10.7,-9.5,True,8,강세,-6,0,-3,-3,67.7,22.8,1520.53,2.53,2.74,-120778.0,-120778.0,-120778.0,10,10,1.0,86.7,80.7
004310,현대약품,,7660,30.5,28.4,32.2,-52.0,133.2,1.6,-7.7,-46.1,-5.0,-10.3,10.5,0.6,15960,3285,10,False,True,True,285833,491229,23.0,21.3,40.4,0.58,6,False,True,True,False,5일선회복/+3%반등,60.6,15.8,0.3,-15.2,2.1,True,10,강세,-6,0,-3,-3,67.7,22.8,1520.53,2.53,2.74,-120778.0,-120778.0,-120778.0,10,10,1.0,86.6,80.6
035510,신세계 I&C,,16430,18.1,9.5,7.5,-43.9,41.0,-16.4,-17.8,-10.0,-15.4,-16.3,-3.7,0.65,29300,11650,0,False,False,False,301661,312826,34.0,51.2,61.5,0.96,0,False,False,False,False,-,78.5,14.5,-33.9,25.5,-42.7,True,8,강세,-6,0,-3,-3,67.7,22.8,1520.53,2.53,2.74,-120778.0,-120778.0,-120778.0,10,10,1.0,86.5,80.5
009810,플레이그램,,2100,8.1,27.7,-3.5,-51.4,6.3,-11.0,-10.6,-14.2,-9.1,-5.1,-23.3,1.12,4317,1975,10,True,False,True,47282,21539,0.5,1.0,0.5,2.2,0,False,False,False,False,-,76.5,-0.5,-0.9,-0.6,0.1,True,0,강세,-6,0,-3,-3,67.7,22.8,1520.53,2.53,2.74,-120778.0,-120778.0,-120778.0,10,10,1.0,86.5,80.5
007280,한국특강,,2455,19.5,10.0,21.0,-35.4,3.6,-3.2,-19.5,-11.4,-11.3,-13.9,-17.3,0.31,3802,2370,5,False,True,False,30121,41426,0.3,0.7,1.1,0.73,3,False,True,False,False,5일선회복,70.5,0.3,-0.2,-1.3,-3.2,True,8,강세,-6,0,-3,-3,67.7,22.8,1520.53,2.53,2.74,-120778.0,-120778.0,-120778.0,10,10,1.0,86.5,80.5
279570,케이뱅크,,5530,28.8,25.2,29.6,-44.0,6.1,1.8,-12.8,,-5.7,-10.3,,0.75,9880,5210,5,False,True,False,1604438,2318003,96.2,87.0,137.1,0.69,3,False,True,False,False,5일선회복,63.4,9.4,97.3,-170.2,114.9,True,15,강세,-6,0,-3,-3,67.7,22.8,1520.53,2.53,2.74,-120778.0,-120778.0,-120778.0,10,10,1.0,86.4,80.4
272550,삼양패키징,,10270,23.4,19.5,25.7,-41.4,3.7,-0.8,-13.0,-18.6,-6.5,-12.4,-21.2,0.39,17540,9900,10,False,True,True,54839,79246,3.2,5.5,8.8,0.69,3,False,True,False,False,5일선회복,65.4,2.0,-1.5,-1.7,-3.3,True,8,강세,-6,0,-3,-3,67.7,22.8,1520.53,2.53,2.74,-120778.0,-120778.0,-120778.0,10,10,1.0,86.4,80.4
008250,이건산업,,3500,21.9,28.1,26.8,-40.8,7.4,-0.1,-16.5,-22.8,-6.8,-9.5,-21.8,1.4,5910,3260,5,False,True,False,27328,30547,1.5,0.9,1.2,0.89,7,False,True,False,True,5일선회복/거래량동반양봉,66.3,0.6,-0.0,-0.3,-0.4,True,8,강세,-6,0,-3,-3,67.7,22.8,1520.53,2.53,2.74,-120778.0,-120778.0,-120778.0,10,10,1.0,86.3,80.3
480370,씨케이솔루션,,2055,29.2,7.4,10.1,-58.8,8.5,-13.5,-14.4,-47.5,-15.1,-12.7,-30.4,0.24,4991,1894,0,False,False,False,284335,570431,2.8,5.9,14.4,0.5,0,False,False,False,False,-,78.2,3.6,-0.0,-1.0,-0.7,True,8,강세,-6,0,-3,-3,67.7,22.8,1520.53,2.53,2.74,-120778.0,-120778.0,-120778.0,10,10,1.0,86.2,80.2
003030,세아제강지주,,170600,15.6,10.3,19.8,-34.4,52.3,-11.8,-20.5,14.8,-15.8,-16.6,3.7,0.55,260000,112000,0,False,False,False,34543,45890,43.5,59.3,96.8,0.75,0,False,False,False,False,-,71.0,28.0,6.4,5.7,-10.3,True,15,강세,-6,0,-3,-3,67.7,22.8,1520.53,2.53,2.74,-120778.0,-120778.0,-120778.0,10,10,1.0,86.0,80.0
008970,KBI동양철관,,1577,20.4,24.3,26.1,-61.0,11.1,-0.4,-18.0,-15.4,-9.5,-11.8,-25.3,0.22,4041,1420,5,False,True,False,833821,2850430,10.1,12.8,53.7,0.29,3,False,True,False,False,5일선회복,70.0,1.7,-0.0,-20.3,-0.1,True,8,강세,-6,0,-3,-3,67.7,22.8,1520.53,2.53,2.74,-120778.0,-120778.0,-120778.0,10,10,1.0,86.0,80.0
117580,대성에너지,,8000,16.4,18.2,22.6,-50.5,6.7,-1.8,-12.2,-4.1,-6.0,-14.2,-7.0,0.45,16150,7500,5,False,True,False,148492,263706,9.4,11.8,22.7,0.56,3,False,True,False,False,5일선회복,70.0,0.5,-1.0,-6.5,-2.9,True,8,강세,-6,0,-3,-3,67.7,22.8,1520.53,2.53,2.74,-120778.0,-120778.0,-120778.0,10,10,1.0,86.0,80.0
025750,한솔홈데코,,2340,25.5,19.2,15.7,-51.8,4.5,-0.2,-13.2,-24.5,-7.8,-12.1,-25.0,0.52,4850,2240,5,False,True,False,74185,76805,1.0,1.8,2.0,0.97,0,False,False,False,False,-,73.0,0.7,0.0,-3.2,-1.7,True,8,강세,-6,0,-3,-3,67.7,22.8,1520.53,2.53,2.74,-120778.0,-120778.0,-120778.0,10,10,1.0,86.0,80.0
129260,인터지스,,2210,16.1,13.9,19.0,-44.8,2.6,-2.6,-11.1,-14.0,-6.8,-8.6,-13.7,0.49,4005,2155,5,False,True,False,92865,97989,1.1,2.1,2.3,0.95,3,False,True,False,False,5일선회복,69.9,0.3,-0.0,-4.2,-0.3,True,8,강세,-6,0,-3,-3,67.7,22.8,1520.53,2.53,2.74,-120778.0,-120778.0,-120778.0,10,10,1.0,85.9,79.9
000070,삼양홀딩스,,59500,19.2,10.2,19.7,-21.2,42.9,-2.6,-12.6,-16.8,-7.8,-11.2,-6.5,1.19,75500,41639,5,False,True,False,15080,15073,10.9,9.0,9.7,1.0,3,False,True,False,False,5일선회복,62.8,2.6,0.8,7.7,-29.8,True,15,강세,-6,0,-3,-3,67.7,22.8,1520.53,2.53,2.74,-120778.0,-120778.0,-120778.0,10,10,1.0,85.8,79.8
011500,한농화성,,20000,31.0,28.8,25.8,-32.1,46.0,1.9,-20.8,-20.9,-10.0,-7.9,9.4,0.6,29450,13700,10,False,True,True,156778,366259,36.4,30.3,86.7,0.43,6,False,True,True,False,5일선회복/+3%반등,61.7,11.2,-0.2,10.4,-4.1,True,8,강세,-6,0,-3,-3,67.7,22.8,1520.53,2.53,2.74,-120778.0,-120778.0,-120778.0,10,10,1.0,85.7,79.7
024890,대원화성,,3735,0.0,4.9,-41.8,-26.8,7.2,-17.5,-10.0,-6.9,-16.4,-10.1,-9.7,4.45,5105,3485,5,True,False,False,41315,37050,3.2,1.6,1.6,1.12,0,False,False,False,False,-,80.7,-0.8,-0.9,-1.4,0.0,True,0,강세,-6,0,-3,-3,67.7,22.8,1520.53,2.53,2.74,-120778.0,-120778.0,-120778.0,10,10,1.0,85.7,79.7
008700,아남전자,,1291,17.2,19.5,22.2,-33.4,15.8,-1.6,-10.8,-2.2,-7.4,-11.3,-4.7,0.52,1938,1115,5,False,True,False,372673,1113261,4.1,4.7,16.2,0.33,3,False,True,False,False,5일선회복,62.5,2.3,0.8,4.8,1.5,True,15,강세,-6,0,-3,-3,67.7,22.8,1520.53,2.53,2.74,-120778.0,-120778.0,-120778.0,10,10,1.0,85.5,79.5
003280,흥아해운,,2510,27.6,11.6,17.4,-47.7,63.0,-8.4,-21.1,34.9,-10.0,-18.7,22.0,0.29,4795,1540,0,False,False,False,22975044,32002742,237.9,593.1,906.7,0.72,0,False,False,False,False,-,77.3,57.9,-2.3,64.4,-1.0,True,8,강세,-6,0,-3,-3,67.7,22.8,1520.53,2.53,2.74,-120778.0,-120778.0,-120778.0,10,10,1.0,85.3,79.3
484870,엠앤씨솔루션,,87200,20.0,17.6,18.2,-62.1,8.2,-4.6,-22.8,-36.5,-15.9,-20.1,-41.6,0.51,230000,80600,5,False,True,False,13374,23076,9.3,11.4,24.9,0.58,3,False,True,False,False,5일선회복,77.2,-0.1,-1.5,-5.7,-49.8,True,0,강세,-6,0,-3,-3,67.7,22.8,1520.53,2.53,2.74,-120778.0,-120778.0,-120778.0,10,10,1.0,85.2,79.2
049800,우진플라임,,2270,13.4,14.6,18.1,-38.6,22.7,-4.6,-29.9,-32.4,-12.3,-13.3,0.8,0.15,3700,1850,5,False,True,False,59254,139999,0.4,1.3,3.8,0.42,3,False,True,False,False,5일선회복,77.0,-0.3,-0.0,0.2,-0.1,True,0,강세,-6,0,-3,-3,67.7,22.8,1520.53,2.53,2.74,-120778.0,-120778.0,-120778.0,10,10,1.0,85.0,79.0
094800,맵스리얼티,,5900,28.6,26.3,37.3,-28.0,38.8,6.5,-19.2,-6.1,-7.6,-12.6,4.6,0.76,8190,4250,10,False,True,True,88439,187331,8.3,5.0,12.5,0.47,10,False,True,True,True,5일선회복/+3%반등/거래량동반양봉,56.8,-2.3,5.5,0.8,60.7,True,8,강세,-6,0,-3,-3,67.7,22.8,1520.53,2.53,2.74,-120778.0,-120778.0,-120778.0,10,10,1.0,84.8,78.8
053690,한미글로벌,,23250,29.1,30.0,24.1,-33.1,50.7,-0.2,-20.1,12.3,-10.2,-14.0,8.7,0.53,34750,15430,10,False,True,True,158986,342912,39.4,35.7,91.6,0.46,3,False,True,False,False,5일선회복,63.7,-12.1,6.7,10.0,-64.7,True,8,강세,-6,0,-3,-3,67.7,22.8,1520.53,2.53,2.74,-120778.0,-120778.0,-120778.0,10,10,1.0,84.7,78.7
011930,신성이엔지,,31550,26.8,26.5,19.4,-36.5,130.8,-21.0,-19.8,34.0,-15.6,-7.6,45.7,1.19,49700,13670,5,True,False,False,1379527,1234289,358.1,410.9,464.1,1.12,3,False,True,False,False,5일선회복,68.6,83.6,-24.9,27.2,-47.9,True,8,강세,-6,0,-3,-3,67.7,22.8,1520.53,2.53,2.74,-120778.0,-120778.0,-120778.0,10,10,1.0,84.6,78.6
008730,율촌화학,,21750,29.4,21.9,20.5,-44.5,7.4,-5.4,-23.7,-22.9,-9.9,-12.1,-24.2,0.78,39200,20250,0,False,False,False,90170,94729,15.5,19.4,23.2,0.95,3,False,True,False,False,5일선회복,73.5,2.4,-8.6,-13.8,-37.9,True,8,강세,-6,0,-3,-3,67.7,22.8,1520.53,2.53,2.74,-120778.0,-120778.0,-120778.0,10,10,1.0,84.5,78.5
475150,SK이터닉스,,43850,27.6,19.9,19.0,-36.7,162.4,-1.3,-17.6,54.4,-13.1,-16.3,47.8,0.43,69300,16710,5,False,True,False,391640,994935,177.9,170.6,531.2,0.39,3,False,True,False,False,5일선회복,68.4,159.7,-11.0,154.6,65.9,True,8,강세,-6,0,-3,-3,67.7,22.8,1520.53,2.53,2.74,-120778.0,-120778.0,-120778.0,10,10,1.0,84.4,78.4
317400,자이에스앤디,,4040,23.9,18.1,21.4,-21.6,32.5,-4.2,-16.7,-15.7,-9.8,-8.5,1.6,0.61,5150,3050,5,False,True,False,195136,205561,5.1,7.8,9.3,0.95,3,False,True,False,False,5일선회복,61.4,0.6,5.0,-8.2,13.4,True,15,강세,-6,0,-3,-3,67.7,22.8,1520.53,2.53,2.74,-120778.0,-120778.0,-120778.0,10,10,1.0,84.4,78.4
023150,MH에탄올,,3995,24.4,24.0,25.9,-35.9,4.9,-0.4,-17.6,-10.8,-6.8,-9.7,-16.6,0.81,6230,3810,5,False,True,False,20543,34292,1.1,0.8,1.5,0.6,7,False,True,False,True,5일선회복/거래량동반양봉,64.3,0.2,0.0,0.1,-0.0,True,8,강세,-6,0,-3,-3,67.7,22.8,1520.53,2.53,2.74,-120778.0,-120778.0,-120778.0,10,10,1.0,84.3,78.3
001550,조비,,12900,16.4,26.1,25.8,-38.4,23.2,-1.6,-14.6,-14.8,-7.8,-14.4,-0.7,0.14,20950,10470,10,False,True,True,42428,252691,4.8,5.4,38.7,0.17,3,False,True,False,False,5일선회복,63.3,4.4,-0.0,-4.0,-0.1,True,8,강세,-6,0,-3,-3,67.7,22.8,1520.53,2.53,2.74,-120778.0,-120778.0,-120778.0,10,10,1.0,84.3,78.3
012320,경동인베스트,,56000,20.6,22.5,18.3,-46.0,12.4,-4.6,-10.7,-25.0,-10.6,-10.6,-7.2,0.22,103700,49800,5,False,True,False,12194,36730,2.8,6.8,24.6,0.33,3,False,True,False,False,5일선회복,68.3,4.0,0.0,8.8,0.9,True,8,강세,-6,0,-3,-3,67.7,22.8,1520.53,2.53,2.74,-120778.0,-120778.0,-120778.0,10,10,1.0,84.3,78.3
004920,씨아이테크,,1063,31.8,16.4,24.5,-40.9,11.0,-0.7,-11.8,-8.1,-7.3,-5.2,-8.5,0.34,1799,958,10,False,True,True,155670,367541,1.4,1.6,4.4,0.42,3,False,True,False,False,5일선회복,63.2,0.3,-0.0,0.0,-0.0,True,8,강세,-6,0,-3,-3,67.7,22.8,1520.53,2.53,2.74,-120778.0,-120778.0,-120778.0,10,10,1.0,84.2,78.2
081000,일진다이아,,12500,21.9,14.8,21.3,-27.3,14.3,-1.3,-13.2,-23.5,-8.5,-8.1,-4.3,0.4,17190,10940,10,False,True,True,46615,52512,2.6,5.8,7.3,0.89,3,False,True,False,False,5일선회복,62.8,0.9,0.0,5.2,-1.1,True,8,강세,-6,0,-3,-3,67.7,22.8,1520.53,2.53,2.74,-120778.0,-120778.0,-120778.0,10,10,1.0,83.8,77.8
021820,세원정공,,13100,30.1,14.6,8.2,-26.5,54.7,-7.9,-11.5,-14.8,-10.3,-12.5,3.7,1.81,17820,8470,5,True,False,False,34227,18695,4.5,4.6,2.7,1.83,0,False,False,False,False,-,70.8,6.0,-1.7,10.6,-2.3,True,8,강세,-6,0,-3,-3,67.7,22.8,1520.53,2.53,2.74,-120778.0,-120778.0,-120778.0,10,10,1.0,83.8,77.8
000120,CJ대한통운,,89600,23.7,28.0,19.1,-41.8,15.8,-3.0,-16.3,-36.0,-7.2,-13.2,-7.5,0.97,154000,77400,5,False,True,False,77145,83031,69.5,68.1,80.4,0.93,3,False,True,False,False,5일선회복,67.7,7.7,-64.9,-6.5,-353.2,True,8,강세,-6,0,-3,-3,67.7,22.8,1520.53,2.53,2.74,-120778.0,-120778.0,-120778.0,10,10,1.0,83.7,77.7
013580,계룡건설,,23000,13.9,16.3,14.6,-30.9,40.8,-6.9,-21.4,-16.5,-14.2,-13.9,3.9,0.59,33300,16340,5,False,True,False,102644,112525,14.7,23.6,30.6,0.91,0,False,False,False,False,-,70.6,4.8,-4.1,26.1,4.2,True,8,강세,-6,0,-3,-3,67.7,22.8,1520.53,2.53,2.74,-120778.0,-120778.0,-120778.0,10,10,1.0,83.6,77.6
249420,일동제약,,23050,32.5,44.2,38.9,-48.8,103.3,3.6,-18.3,-37.7,-4.6,-15.4,-21.2,0.95,45050,11340,10,False,True,True,191007,254594,57.3,41.3,60.4,0.75,6,False,True,True,False,5일선회복/+3%반등,59.4,59.1,-0.1,122.9,-98.3,True,8,강세,-6,0,-3,-3,67.7,22.8,1520.53,2.53,2.74,-120778.0,-120778.0,-120778.0,10,10,1.0,83.4,77.4
037710,광주신세계,,35550,30.2,9.4,-6.6,-12.9,29.5,-6.3,-6.9,-8.7,-5.6,-5.6,7.1,1.99,40800,27450,5,True,False,False,28602,16353,11.9,10.4,6.1,1.75,0,False,False,False,False,-,68.3,4.5,2.8,4.0,3.4,True,10,강세,-6,0,-3,-3,67.7,22.8,1520.53,2.53,2.74,-120778.0,-120778.0,-120778.0,10,10,1.0,83.3,77.3
003000,부광약품,,5420,25.0,26.4,24.2,-45.2,69.4,-4.9,-25.7,-1.1,-11.5,-22.0,17.1,0.44,9890,3200,0,False,False,False,729510,1545192,36.7,39.0,101.0,0.47,3,False,True,False,False,5일선회복,72.2,22.1,-4.1,191.7,-235.2,True,8,강세,-6,0,-3,-3,67.7,22.8,1520.53,2.53,2.74,-120778.0,-120778.0,-120778.0,10,10,1.0,83.2,77.2
026940,부국철강,,2325,10.3,7.1,23.2,-32.5,29.1,-3.3,-16.7,10.5,-11.7,-3.2,4.2,0.06,3445,1801,5,False,True,False,206427,2212688,3.3,4.8,68.1,0.09,3,False,True,False,False,5일선회복,67.1,2.8,-0.1,6.8,-0.1,True,8,강세,-6,0,-3,-3,67.7,22.8,1520.53,2.53,2.74,-120778.0,-120778.0,-120778.0,10,10,1.0,83.1,77.1
004090,한국석유,,13670,13.5,10.7,17.7,-59.3,14.1,-5.2,-14.6,-16.4,-8.2,-15.5,-9.3,0.31,33575,11980,0,False,False,False,164540,453167,19.5,22.6,68.3,0.36,0,False,False,False,False,-,75.0,18.1,-0.9,-3.1,-0.6,True,8,강세,-6,0,-3,-3,67.7,22.8,1520.53,2.53,2.74,-120778.0,-120778.0,-120778.0,10,10,1.0,83.0,77.0
100840,SNT에너지,,43900,32.0,13.1,18.2,-35.3,28.7,-4.8,-17.6,-9.7,-16.2,-15.2,-8.4,0.45,67900,34100,5,False,True,False,179768,306719,60.3,77.8,167.2,0.59,3,False,True,False,False,5일선회복,66.9,24.1,-24.8,73.8,-138.0,True,8,강세,-6,0,-3,-3,67.7,22.8,1520.53,2.53,2.74,-120778.0,-120778.0,-120778.0,10,10,1.0,82.9,76.9
003240,태광산업,,1024000,25.9,29.2,24.6,-37.3,44.6,1.3,-17.2,-7.8,-8.0,-11.0,7.6,0.67,1634000,708000,5,False,True,False,2196,2587,18.1,21.9,28.5,0.85,6,False,True,True,False,5일선회복/+3%반등,63.9,6.3,-0.3,46.9,-26.3,True,8,강세,-6,0,-3,-3,67.7,22.8,1520.53,2.53,2.74,-120778.0,-120778.0,-120778.0,10,10,1.0,82.9,76.9
025860,남해화학,,7950,8.4,6.7,23.1,-38.0,28.2,-4.3,-7.8,5.7,-13.1,-8.9,8.0,0.13,12820,6200,5,False,True,False,721159,4917629,50.8,57.1,526.3,0.15,3,False,True,False,False,5일선회복,64.9,15.4,2.8,78.1,-4.2,True,10,강세,-6,0,-3,-3,67.7,22.8,1520.53,2.53,2.74,-120778.0,-120778.0,-120778.0,10,10,1.0,82.9,76.9
133820,화인베스틸,,1220,7.0,5.7,18.1,-58.6,56.0,-6.2,-19.8,-21.1,-16.4,-13.0,-27.9,0.27,2950,782,5,False,True,False,147201,296332,1.0,1.8,4.6,0.5,0,False,False,False,False,-,77.7,-0.1,-0.0,-8.4,-0.0,True,0,강세,-6,0,-3,-3,67.7,22.8,1520.53,2.53,2.74,-120778.0,-120778.0,-120778.0,10,10,1.0,82.7,76.7
089470,HDC현대EP,,4495,30.5,17.0,17.2,-31.9,23.5,-6.7,-16.0,-25.2,-12.0,-12.7,-1.4,0.38,6600,3640,5,False,True,False,133250,136813,2.4,5.9,7.0,0.97,3,False,True,False,False,5일선회복,66.4,2.0,-0.4,7.7,-0.2,True,8,강세,-6,0,-3,-3,67.7,22.8,1520.53,2.53,2.74,-120778.0,-120778.0,-120778.0,10,10,1.0,82.4,76.4
475560,더본코리아,,18580,15.7,17.7,20.6,-38.2,2.9,-3.0,-11.9,-22.1,-6.4,-10.1,-22.3,1.06,30050,18050,5,False,True,False,17843,16031,3.2,3.3,3.2,1.11,3,False,True,False,False,5일선회복,66.4,2.6,-2.1,-1.9,-2.6,True,8,강세,-6,0,-3,-3,67.7,22.8,1520.53,2.53,2.74,-120778.0,-120778.0,-120778.0,10,10,1.0,82.4,76.4
001040,CJ,,174900,28.4,18.9,13.4,-25.6,49.9,-19.4,-17.1,-21.0,-15.1,-13.3,-5.7,0.42,235000,116700,5,True,False,False,353382,181072,134.6,605.9,353.4,1.95,3,False,True,False,False,5일선회복,66.2,84.0,-716.0,388.4,-704.4,True,8,강세,-6,0,-3,-3,67.7,22.8,1520.53,2.53,2.74,-120778.0,-120778.0,-120778.0,10,10,1.0,82.2,76.2
006650,대한유화,,134400,16.9,17.6,20.1,-33.6,75.2,-4.0,-15.4,-17.7,-13.8,-8.7,-2.0,0.75,202500,76700,5,False,True,False,53641,73346,74.5,71.8,118.2,0.73,3,False,True,False,False,5일선회복,66.2,104.9,-146.8,375.4,-413.9,True,8,강세,-6,0,-3,-3,67.7,22.8,1520.53,2.53,2.74,-120778.0,-120778.0,-120778.0,10,10,1.0,82.2,76.2
001380,SG글로벌,,1855,31.8,29.2,30.7,-53.5,10.2,1.1,-15.7,-44.8,-7.7,-20.0,-40.1,0.53,3989,1684,5,False,True,False,112233,151157,1.6,2.1,2.7,0.74,6,False,True,True,False,5일선회복/+3%반등,63.1,1.5,-0.1,-2.3,-0.3,True,8,강세,-6,0,-3,-3,67.7,22.8,1520.53,2.53,2.74,-120778.0,-120778.0,-120778.0,10,10,1.0,82.1,76.1
439260,대한조선,,70200,16.6,20.5,25.3,-39.5,22.5,1.2,-22.0,-8.6,-12.8,-18.9,,0.51,116000,57300,10,False,True,True,83599,160077,54.6,56.8,134.6,0.52,3,False,True,False,False,5일선회복,69.1,-28.4,-8.4,-196.3,-317.7,True,0,강세,-6,0,-3,-3,67.7,22.8,1520.53,2.53,2.74,-120778.0,-120778.0,-120778.0,10,10,1.0,82.1,76.1
013890,지누스,,10800,15.9,2.3,12.0,-51.2,7.7,-5.8,-13.7,-14.5,-9.6,-7.1,-20.9,0.84,22150,10030,5,True,False,False,58247,38406,3.5,6.6,4.5,1.52,0,False,False,False,False,-,77.0,0.0,-2.8,-13.1,-6.1,True,0,강세,-6,0,-3,-3,67.7,22.8,1520.53,2.53,2.74,-120778.0,-120778.0,-120778.0,10,10,1.0,82.0,76.0
006980,우성,,20100,25.0,0.9,-1.4,-21.0,26.3,-6.7,-11.3,1.8,-11.7,-9.5,8.9,0.38,25450,15920,5,False,True,False,8025,9555,0.7,1.7,2.2,0.84,0,False,False,False,False,-,69.0,0.8,-0.4,1.4,-1.2,True,8,강세,-6,0,-3,-3,67.7,22.8,1520.53,2.53,2.74,-120778.0,-120778.0,-120778.0,10,10,1.0,82.0,76.0
004440,삼일씨엔에스,,6050,4.6,10.6,19.5,-45.3,51.6,-5.5,-17.5,0.0,-14.7,-19.9,6.4,0.21,11070,3990,5,False,True,False,53712,152059,2.0,3.2,11.6,0.35,3,False,True,False,False,5일선회복,73.9,-0.5,-0.2,-10.4,-0.0,True,0,강세,-6,0,-3,-3,67.7,22.8,1520.53,2.53,2.74,-120778.0,-120778.0,-120778.0,10,10,1.0,81.9,75.9
009460,한창제지,,2270,12.5,18.9,2.1,-42.7,4.8,-16.5,-15.8,-11.5,-13.1,-15.2,-19.3,0.72,3965,2165,5,True,False,False,80284,31296,0.5,1.9,0.8,2.57,0,False,False,False,False,-,76.9,-1.0,-0.9,-0.9,0.1,True,0,강세,-6,0,-3,-3,67.7,22.8,1520.53,2.53,2.74,-120778.0,-120778.0,-120778.0,10,10,1.0,81.9,75.9
446070,유니드비티플러스,,2730,25.7,31.8,27.3,-40.0,8.3,-0.7,-15.3,-14.7,-6.4,-8.7,-19.6,0.43,4550,2520,5,False,True,False,33481,41472,0.5,0.9,1.2,0.81,6,False,True,True,False,5일선회복/+3%반등,62.7,0.2,-0.0,-1.4,-0.0,True,8,강세,-6,0,-3,-3,67.7,22.8,1520.53,2.53,2.74,-120778.0,-120778.0,-120778.0,10,10,1.0,81.7,75.7
372910,한컴라이프케어,,2295,22.4,21.2,26.4,-39.3,4.1,-1.1,-12.6,-19.5,-5.6,-5.8,-15.6,0.83,3780,2205,15,True,True,True,297588,198786,3.6,6.8,4.9,1.5,3,False,True,False,False,5일선회복,63.7,-0.8,0.0,-0.7,-1.5,True,0,강세,-6,0,-3,-3,67.7,22.8,1520.53,2.53,2.74,-120778.0,-120778.0,-120778.0,10,10,1.0,81.7,75.7
009770,삼정펄프,,28400,17.1,11.4,11.9,-22.1,8.6,-3.6,-10.4,-19.1,-6.2,-9.4,-7.1,2.1,36450,26150,0,False,False,False,1324,1279,0.8,0.4,0.4,1.04,4,False,False,False,True,거래량동반양봉,69.4,0.2,0.0,-0.5,-0.2,True,8,강세,-6,0,-3,-3,67.7,22.8,1520.53,2.53,2.74,-120778.0,-120778.0,-120778.0,10,10,1.0,81.4,75.4
009200,무림페이퍼,,1749,13.0,10.7,15.5,-34.9,2.3,-6.1,-21.4,-12.5,-8.7,-13.2,-13.3,0.25,2685,1710,0,False,False,False,230324,392029,1.6,4.0,7.8,0.59,0,False,False,False,False,-,73.3,1.4,0.0,0.5,0.1,True,8,강세,-6,0,-3,-3,67.7,22.8,1520.53,2.53,2.74,-120778.0,-120778.0,-120778.0,10,10,1.0,81.3,75.3
071090,하이스틸,,3875,22.7,23.3,24.0,-38.0,24.0,-5.3,-15.8,-0.1,-9.9,-4.0,-3.9,0.11,6250,3125,5,False,True,False,328251,1839886,7.8,12.6,90.7,0.18,3,False,True,False,False,5일선회복,65.2,8.7,-0.0,17.8,0.3,True,8,강세,-6,0,-3,-3,67.7,22.8,1520.53,2.53,2.74,-120778.0,-120778.0,-120778.0,10,10,1.0,81.2,75.2
017860,DS단석,,17880,19.4,13.6,17.7,-38.3,15.4,-5.2,-11.5,-5.4,-17.4,-13.0,-12.1,0.35,28966,15490,5,False,True,False,152469,655479,25.3,26.9,161.5,0.23,0,False,False,False,False,-,68.1,13.2,-2.4,-9.8,8.3,True,8,강세,-6,0,-3,-3,67.7,22.8,1520.53,2.53,2.74,-120778.0,-120778.0,-120778.0,10,10,1.0,81.1,75.1
105840,우진,,22100,28.0,22.3,25.6,-30.3,200.3,5.2,-16.1,-16.3,-12.5,-12.4,15.3,0.32,31700,7360,5,False,True,False,331654,832056,57.6,71.2,223.2,0.4,6,False,True,True,False,5일선회복/+3%반등,61.9,11.2,-3.6,-68.4,3.2,True,8,강세,-6,0,-3,-3,67.7,22.8,1520.53,2.53,2.74,-120778.0,-120778.0,-120778.0,10,10,1.0,80.9,74.9
950210,프레스티지바이오파마,,7800,28.1,37.6,35.1,-61.0,10.0,0.3,-17.6,-31.9,-4.9,-14.0,-34.5,0.85,20000,7090,5,False,True,False,82034,101330,6.8,6.2,8.3,0.81,3,False,True,False,False,5일선회복,64.8,3.9,0.0,4.1,0.0,True,8,강세,-6,0,-3,-3,67.7,22.8,1520.53,2.53,2.74,-120778.0,-120778.0,-120778.0,10,10,1.0,80.8,74.8
112610,씨에스윈드,,52700,14.1,18.8,25.3,-33.6,35.1,-0.2,-17.4,4.6,-14.2,-16.1,8.6,0.51,79400,39000,5,False,True,False,278582,481928,121.9,143.1,305.9,0.58,3,False,True,False,False,5일선회복,64.8,115.9,-121.8,419.0,-206.7,True,8,강세,-6,0,-3,-3,67.7,22.8,1520.53,2.53,2.74,-120778.0,-120778.0,-120778.0,10,10,1.0,80.8,74.8
037270,YG PLUS,,4255,24.8,12.0,17.9,-62.7,4.8,-5.2,-16.9,-43.3,-10.0,-17.3,-37.7,0.57,11400,4060,5,True,False,False,2527290,993257,25.0,109.9,45.3,2.54,0,False,False,False,False,-,75.8,-1.3,-0.4,-11.8,-8.8,True,0,강세,-6,0,-3,-3,67.7,22.8,1520.53,2.53,2.74,-120778.0,-120778.0,-120778.0,10,10,1.0,80.8,74.8
003580,HLB글로벌,,1829,17.8,19.2,21.8,-43.4,7.6,-1.9,-21.0,-14.1,-9.9,-11.5,-15.8,1.18,3230,1700,5,False,True,False,141994,145682,3.1,2.5,3.0,0.97,3,False,True,False,False,5일선회복,72.7,-0.0,0.0,-0.4,0.0,True,0,강세,-6,0,-3,-3,67.7,22.8,1520.53,2.53,2.74,-120778.0,-120778.0,-120778.0,10,10,1.0,80.7,74.7
027740,마니커,,1537,24.1,56.6,5.0,-42.2,9.8,-6.4,-6.5,-12.5,-5.0,-5.6,-5.2,1.51,2658,1400,10,True,False,True,300301,89149,2.0,4.7,1.4,3.37,0,False,False,False,False,-,70.7,-3.3,-1.9,-4.2,-0.8,True,0,강세,-6,0,-3,-3,67.7,22.8,1520.53,2.53,2.74,-120778.0,-120778.0,-120778.0,10,10,1.0,80.7,74.7
105630,한세실업,,9450,22.6,13.3,13.2,-39.2,4.4,-11.3,-20.4,-26.1,-12.3,-16.7,-20.3,1.19,15540,9050,5,True,False,False,153320,98214,11.4,14.5,10.3,1.56,0,False,False,False,False,-,75.7,-8.1,-26.0,-15.2,-64.5,True,0,강세,-6,0,-3,-3,67.7,22.8,1520.53,2.53,2.74,-120778.0,-120778.0,-120778.0,10,10,1.0,80.7,74.7
298020,효성티앤씨,,423000,28.1,32.5,24.7,-24.1,112.6,-3.9,-19.7,5.6,-10.6,-4.0,39.7,1.2,557000,199000,5,False,True,False,37433,38912,199.5,152.8,186.4,0.96,7,False,True,False,True,5일선회복/거래량동반양봉,60.6,130.6,-91.4,394.7,-256.6,True,8,강세,-6,0,-3,-3,67.7,22.8,1520.53,2.53,2.74,-120778.0,-120778.0,-120778.0,10,10,1.0,80.6,74.6
003520,영진약품,,1472,12.2,12.8,17.9,-41.0,3.2,-5.3,-18.0,-23.9,-10.2,-14.4,-23.4,0.68,2495,1427,0,False,False,False,382873,431754,4.4,5.7,7.1,0.89,0,False,False,False,False,-,72.5,2.1,-0.3,-10.5,-1.0,True,8,강세,-6,0,-3,-3,67.7,22.8,1520.53,2.53,2.74,-120778.0,-120778.0,-120778.0,10,10,1.0,80.5,74.5
017960,한국카본,,36800,9.0,17.4,18.5,-32.0,89.0,-5.0,-27.7,0.1,-17.1,-19.2,1.3,0.79,54100,19470,5,False,True,False,559871,598573,175.6,202.3,268.4,0.94,3,False,True,False,False,5일선회복,72.4,-140.8,-54.6,405.8,-1266.8,True,0,강세,-6,0,-3,-3,67.7,22.8,1520.53,2.53,2.74,-120778.0,-120778.0,-120778.0,10,10,1.0,80.4,74.4
214420,토니모리,,6690,31.9,30.6,22.3,-50.8,8.8,-3.3,-7.9,-28.8,-6.9,-4.4,-23.5,0.38,13610,6150,5,False,True,False,128469,275811,7.2,8.4,20.4,0.47,3,False,True,False,False,5일선회복,62.2,3.9,0.6,-20.6,-2.6,True,10,강세,-6,0,-3,-3,67.7,22.8,1520.53,2.53,2.74,-120778.0,-120778.0,-120778.0,10,10,1.0,80.2,74.2
011700,한신기계,,3765,32.4,11.1,20.2,-36.3,30.3,-3.1,-13.3,-24.4,-13.3,-16.0,-1.9,0.16,5910,2890,5,False,True,False,323204,1441903,8.8,12.1,67.9,0.22,3,False,True,False,False,5일선회복,64.2,1.6,-0.0,-25.6,-0.3,True,8,강세,-6,0,-3,-3,67.7,22.8,1520.53,2.53,2.74,-120778.0,-120778.0,-120778.0,10,10,1.0,80.2,74.2
018470,조일알미늄,,1448,20.1,18.1,24.3,-35.2,32.2,-1.0,-13.2,12.0,-10.4,-5.5,4.0,0.18,2235,1095,5,False,True,False,1739841,13427194,23.5,24.7,242.9,0.13,3,False,True,False,False,5일선회복,63.9,15.7,-0.1,-8.9,-0.2,True,8,강세,-6,0,-3,-3,67.7,22.8,1520.53,2.53,2.74,-120778.0,-120778.0,-120778.0,10,10,1.0,79.9,73.9
070960,모나용평,,2840,18.9,21.2,20.0,-50.2,3.3,-2.7,-9.1,-17.0,-4.9,-5.9,-18.3,0.46,5700,2750,5,False,True,False,91155,85089,1.1,2.6,2.5,1.07,3,False,True,False,False,5일선회복,68.8,1.4,0.0,1.2,-0.3,True,3,강세,-6,0,-3,-3,67.7,22.8,1520.53,2.53,2.74,-120778.0,-120778.0,-120778.0,10,10,1.0,79.8,73.8
001130,대한제분,,12780,11.7,14.1,2.2,-26.0,3.8,-18.3,-18.3,-17.4,-14.9,-14.4,-12.7,2.41,17270,12310,0,False,False,False,64996,15475,5.0,8.7,2.1,4.2,0,False,False,False,False,-,79.7,-9.8,-6.6,-9.8,-6.6,True,0,강세,-6,0,-3,-3,67.7,22.8,1520.53,2.53,2.74,-120778.0,-120778.0,-120778.0,10,10,1.0,79.7,73.7
000520,삼일제약,,7910,35.2,38.8,19.8,-40.5,15.1,-5.3,-17.8,-28.7,-9.3,-15.9,-20.9,2.07,13300,6870,0,False,False,False,347717,273854,45.6,26.5,23.6,1.27,7,False,True,False,True,5일선회복/거래량동반양봉,64.7,10.7,-4.1,-28.7,-2.4,True,8,강세,-6,0,-3,-3,67.7,22.8,1520.53,2.53,2.74,-120778.0,-120778.0,-120778.0,10,10,1.0,79.7,73.7
035000,HS애드,,7490,18.8,21.9,19.6,-21.0,7.5,-1.2,-11.5,-14.1,-9.8,-10.9,-12.8,1.06,9480,6970,10,True,True,False,114420,64234,5.3,8.4,5.0,1.78,3,False,True,False,False,5일선회복,58.6,-16.2,3.0,-28.9,1.6,True,8,강세,-6,0,-3,-3,67.7,22.8,1520.53,2.53,2.74,-120778.0,-120778.0,-120778.0,10,10,1.0,79.6,73.6
092440,기신정기,,2070,21.8,14.6,10.6,-28.2,3.0,-5.3,-11.9,-12.5,-8.0,-8.3,-12.4,1.15,2885,2010,0,False,False,False,44860,58480,1.4,0.9,1.3,0.77,4,False,False,False,True,거래량동반양봉,67.6,0.2,0.0,-0.7,-0.6,True,8,강세,-6,0,-3,-3,67.7,22.8,1520.53,2.53,2.74,-120778.0,-120778.0,-120778.0,10,10,1.0,79.6,73.6
361610,SK아이이테크놀로지,,20750,28.7,19.6,20.9,-40.9,9.1,-3.0,-22.1,-21.4,-14.4,-10.8,-22.5,0.79,35100,19020,5,False,True,False,230488,275811,40.4,46.3,67.9,0.84,3,False,True,False,False,5일선회복,71.6,-20.8,-41.9,-49.5,-136.8,True,0,강세,-6,0,-3,-3,67.7,22.8,1520.53,2.53,2.74,-120778.0,-120778.0,-120778.0,10,10,1.0,79.6,73.6
012630,HDC,,22850,17.8,17.8,17.8,-25.4,44.2,-5.4,-15.1,-0.2,-11.6,-13.8,7.5,0.72,30650,15850,5,False,True,False,119918,133202,22.3,27.2,34.1,0.9,3,False,True,False,False,5일선회복,63.6,9.2,-15.7,58.9,-34.1,True,8,강세,-6,0,-3,-3,67.7,22.8,1520.53,2.53,2.74,-120778.0,-120778.0,-120778.0,10,10,1.0,79.6,73.6
271980,제일약품,,12900,36.4,8.3,1.4,-33.1,7.9,-6.5,-8.3,-12.1,-5.8,-6.7,-10.6,1.42,19290,11950,5,False,False,True,57823,43426,8.0,7.7,5.9,1.33,0,False,False,False,False,-,64.3,1.2,1.0,1.3,0.8,True,10,강세,-6,0,-3,-3,67.7,22.8,1520.53,2.53,2.74,-120778.0,-120778.0,-120778.0,10,10,1.0,79.3,73.3
000950,전방,,28000,13.6,9.6,16.9,-43.5,20.4,-1.4,-17.3,-31.3,-10.6,-16.2,-20.7,0.28,49600,23250,5,False,True,False,1447,1755,0.1,0.4,0.5,0.82,0,False,False,False,False,-,74.3,0.0,-0.0,0.2,-0.1,True,0,강세,-6,0,-3,-3,67.7,22.8,1520.53,2.53,2.74,-120778.0,-120778.0,-120778.0,10,10,1.0,79.3,73.3
078000,텔코웨어,,14710,25.9,12.1,16.4,-46.4,54.4,-3.2,-14.6,-7.0,-8.5,-12.8,-7.6,0.38,27450,9530,5,False,True,False,10780,11381,0.6,1.6,1.8,0.95,0,False,False,False,False,-,73.8,-0.7,0.0,-1.2,-0.5,True,0,강세,-6,0,-3,-3,67.7,22.8,1520.53,2.53,2.74,-120778.0,-120778.0,-120778.0,10,10,1.0,78.8,72.8
014820,동원시스템즈,,23650,26.5,18.6,20.5,-28.1,5.6,-3.9,-13.7,-17.0,-8.7,-7.9,-13.2,0.39,32900,22400,5,False,True,False,45841,61416,5.6,10.7,16.0,0.75,3,False,True,False,False,5일선회복,62.7,0.1,-11.4,-12.1,-30.2,True,8,강세,-6,0,-3,-3,67.7,22.8,1520.53,2.53,2.74,-120778.0,-120778.0,-120778.0,10,10,1.0,78.7,72.7
120030,조선선재,,93800,26.9,31.9,27.8,-33.9,4.2,-0.6,-6.6,-11.1,-3.8,-5.3,-7.3,0.57,141800,90000,10,False,True,True,1224,1724,0.9,1.1,1.7,0.71,3,False,True,False,False,5일선회복,55.7,0.2,0.2,-1.2,1.2,True,10,강세,-6,0,-3,-3,67.7,22.8,1520.53,2.53,2.74,-120778.0,-120778.0,-120778.0,10,10,1.0,78.7,72.7
002720,국제약품,,4075,22.7,17.4,21.0,-25.5,3.7,-2.3,-15.4,-11.1,-7.8,-13.5,-10.4,0.51,5470,3930,5,False,True,False,108996,149424,3.1,4.4,6.6,0.73,3,False,True,False,False,5일선회복,62.7,0.2,-0.0,-4.7,-0.6,True,8,강세,-6,0,-3,-3,67.7,22.8,1520.53,2.53,2.74,-120778.0,-120778.0,-120778.0,10,10,1.0,78.7,72.7
000760,이화산업,,14760,26.7,20.3,9.4,-41.5,37.8,-1.8,-8.6,-12.1,-4.8,-4.6,3.4,0.86,25250,10710,5,False,True,False,1385,1958,0.3,0.2,0.3,0.71,4,False,False,False,True,거래량동반양봉,69.6,-0.3,0.0,-0.4,-0.0,True,0,강세,-6,0,-3,-3,67.7,22.8,1520.53,2.53,2.74,-120778.0,-120778.0,-120778.0,10,10,1.0,78.6,72.6
011690,와이투솔루션,,6320,33.1,17.3,20.9,-36.2,146.9,-2.3,-15.7,-22.9,-17.0,-7.1,31.7,0.32,9900,2560,5,False,True,False,524228,1574594,32.6,31.6,126.5,0.33,3,False,True,False,False,5일선회복,62.5,2.0,-0.0,25.5,0.0,True,8,강세,-6,0,-3,-3,67.7,22.8,1520.53,2.53,2.74,-120778.0,-120778.0,-120778.0,10,10,1.0,78.5,72.5
120110,코오롱인더,,77700,28.0,30.8,22.0,-25.9,162.5,-2.8,-11.4,22.9,-10.9,-6.3,45.3,0.38,104900,29600,10,False,True,True,362142,467717,140.6,270.8,413.7,0.77,3,False,True,False,False,5일선회복,57.3,364.5,-225.9,844.0,-139.3,True,8,강세,-6,0,-3,-3,67.7,22.8,1520.53,2.53,2.74,-120778.0,-120778.0,-120778.0,10,10,1.0,78.3,72.3
068290,삼성출판사,,7380,15.7,15.5,21.1,-69.2,4.7,-5.1,-20.1,-29.7,-10.2,-15.7,-41.2,0.75,24000,7050,0,False,False,False,18163,25689,1.5,1.3,2.1,0.71,3,False,True,False,False,5일선회복,75.2,0.0,-0.0,-1.8,-1.5,True,0,강세,-6,0,-3,-3,67.7,22.8,1520.53,2.53,2.74,-120778.0,-120778.0,-120778.0,10,10,1.0,78.2,72.2
308170,씨티알모빌리티,,4780,32.3,35.8,29.7,-53.1,8.8,0.4,-14.5,-25.1,-5.5,-6.9,-13.1,0.59,10200,4395,5,False,True,False,20368,22430,0.6,0.9,1.1,0.91,3,False,True,False,False,5일선회복,61.9,0.5,0.0,-0.3,-0.2,True,8,강세,-6,0,-3,-3,67.7,22.8,1520.53,2.53,2.74,-120778.0,-120778.0,-120778.0,10,10,1.0,77.9,71.9
003080,SB성보,,2415,15.9,13.8,25.1,-19.1,1.9,1.0,-10.6,-11.7,-5.1,-7.1,-12.1,0.16,2985,2370,10,False,True,True,26258,31341,0.1,0.6,0.8,0.84,3,False,True,False,False,5일선회복,56.9,0.1,-0.6,-0.2,-0.1,True,8,강세,-6,0,-3,-3,67.7,22.8,1520.53,2.53,2.74,-120778.0,-120778.0,-120778.0,10,10,1.0,77.9,71.9
005960,동부건설,,7690,24.3,20.6,22.8,-27.5,94.2,-3.4,-15.3,-11.2,-11.4,-11.5,14.9,0.65,10610,3960,5,False,True,False,107213,148619,7.5,8.0,13.3,0.72,3,False,True,False,False,5일선회복,61.9,5.7,-4.7,28.0,-11.3,True,8,강세,-6,0,-3,-3,67.7,22.8,1520.53,2.53,2.74,-120778.0,-120778.0,-120778.0,10,10,1.0,77.9,71.9
013870,지엠비코리아,,4475,32.5,38.2,34.1,-37.3,21.3,1.2,-12.6,-20.4,-3.5,-8.7,1.1,0.51,7140,3690,10,False,True,True,37438,52138,1.2,1.6,2.4,0.72,6,False,True,True,False,5일선회복/+3%반등,53.8,1.1,-0.1,2.4,-0.6,True,8,강세,-6,0,-3,-3,67.7,22.8,1520.53,2.53,2.74,-120778.0,-120778.0,-120778.0,10,10,1.0,77.8,71.8
004830,덕성,,4075,14.8,17.6,23.6,-42.5,5.0,-0.9,-18.1,-21.0,-8.8,-10.2,-18.4,0.53,7090,3880,5,False,True,False,97058,145552,3.1,3.9,6.6,0.67,3,False,True,False,False,5일선회복,69.7,-1.4,-0.0,-6.8,-0.5,True,0,강세,-6,0,-3,-3,67.7,22.8,1520.53,2.53,2.74,-120778.0,-120778.0,-120778.0,10,10,1.0,77.7,71.7
052690,한전기술,,146500,20.3,24.2,23.5,-26.0,149.1,-0.3,-18.2,-3.4,-13.3,-13.2,19.9,0.48,198000,58800,5,False,True,False,158659,225666,161.0,224.0,387.3,0.7,3,False,True,False,False,5일선회복,61.6,193.9,-202.1,249.8,-715.5,True,8,강세,-6,0,-3,-3,67.7,22.8,1520.53,2.53,2.74,-120778.0,-120778.0,-120778.0,10,10,1.0,77.6,71.6
000910,유니온,,3920,25.2,13.0,14.2,-36.3,3.2,-4.7,-13.0,-13.3,-9.2,-10.4,-12.0,0.46,6150,3800,5,False,True,False,103982,172306,3.1,4.1,7.5,0.6,3,False,True,False,False,5일선회복,69.6,-2.6,-0.0,-10.1,0.2,True,0,강세,-6,0,-3,-3,67.7,22.8,1520.53,2.53,2.74,-120778.0,-120778.0,-120778.0,10,10,1.0,77.6,71.6
011150,CJ씨푸드,,2370,15.2,8.8,11.8,-29.9,1.5,-5.2,-14.1,-19.7,-8.1,-10.5,-14.7,0.6,3380,2335,0,False,False,False,154573,174298,2.5,3.7,4.5,0.89,0,False,False,False,False,-,69.3,0.9,-0.0,-8.6,-0.2,True,8,강세,-6,0,-3,-3,67.7,22.8,1520.53,2.53,2.74,-120778.0,-120778.0,-120778.0,10,10,1.0,77.3,71.3
006890,태경케미컬,,7890,23.0,17.0,26.2,-34.0,13.2,0.4,-9.4,-1.3,-5.2,-9.2,-8.7,0.29,11950,6970,10,False,True,True,62721,96435,2.1,4.9,8.2,0.65,3,False,True,False,False,5일선회복,61.1,3.5,0.0,-0.4,-0.1,True,3,강세,-6,0,-3,-3,67.7,22.8,1520.53,2.53,2.74,-120778.0,-120778.0,-120778.0,10,10,1.0,77.1,71.1
489790,한화비전,,71600,31.9,25.3,23.5,-26.9,100.8,1.4,-16.4,17.0,-9.6,-9.3,18.5,0.38,97900,35650,5,False,True,False,398626,898345,248.8,278.2,734.1,0.44,6,False,True,True,False,5일선회복/+3%반등,57.9,112.6,-190.1,374.7,-257.3,True,8,강세,-6,0,-3,-3,67.7,22.8,1520.53,2.53,2.74,-120778.0,-120778.0,-120778.0,10,10,1.0,76.9,70.9
241590,화승엔터프라이즈,,3965,24.0,18.1,9.2,-54.5,5.9,-10.8,-14.8,-26.0,-11.8,-13.4,-27.2,0.71,8710,3745,0,False,False,False,195796,162128,4.7,7.8,7.2,1.21,0,False,False,False,False,-,76.7,-2.7,-0.1,-2.4,-5.6,True,0,강세,-6,0,-3,-3,67.7,22.8,1520.53,2.53,2.74,-120778.0,-120778.0,-120778.0,10,10,1.0,76.7,70.7
002990,금호건설,,4435,23.7,23.9,26.8,-26.0,60.7,-3.3,-17.4,-15.0,-10.3,-11.6,4.3,0.46,5990,2760,5,False,True,False,117662,192737,4.0,5.0,9.8,0.61,3,False,True,False,False,5일선회복,59.9,-3.3,0.1,-12.5,-5.4,True,8,강세,-6,0,-3,-3,67.7,22.8,1520.53,2.53,2.74,-120778.0,-120778.0,-120778.0,10,10,1.0,75.9,69.9
003120,일성아이에스,,20050,12.5,12.2,20.7,-36.2,21.4,-2.9,-14.1,-23.9,-7.1,-11.1,-13.4,0.72,31450,16520,5,False,True,False,4602,5430,0.8,0.9,1.2,0.85,3,False,True,False,False,5일선회복,67.7,0.0,-0.1,-0.9,-2.2,True,0,강세,-6,0,-3,-3,67.7,22.8,1520.53,2.53,2.74,-120778.0,-120778.0,-120778.0,10,10,1.0,75.7,69.7
084010,대한제강,,10190,10.3,13.7,16.5,-34.3,7.2,-7.7,-12.7,-23.8,-11.7,-10.8,-8.2,0.21,15503,9502,0,False,False,False,45237,141920,3.1,4.6,17.6,0.32,0,False,False,False,False,-,67.5,-0.8,0.9,-18.3,10.2,True,8,강세,-6,0,-3,-3,67.7,22.8,1520.53,2.53,2.74,-120778.0,-120778.0,-120778.0,10,10,1.0,75.5,69.5
036530,SNT홀딩스,,54400,26.4,29.5,32.7,-38.9,56.5,2.4,-13.1,-18.4,-5.6,-8.9,-10.9,0.88,89000,34750,5,False,True,False,27197,20570,10.2,14.1,11.5,1.32,3,False,True,False,False,5일선회복,59.2,-15.9,10.3,-45.0,17.6,True,8,강세,-6,0,-3,-3,67.7,22.8,1520.53,2.53,2.74,-120778.0,-120778.0,-120778.0,10,10,1.0,75.2,69.2
100220,비상교육,,6110,34.1,8.7,16.5,-22.9,32.1,-2.6,-6.9,14.0,-9.4,-1.6,9.1,0.27,7920,4625,10,False,True,True,70289,91570,1.5,4.4,6.2,0.77,0,False,False,False,False,-,54.9,0.2,0.2,8.0,2.4,True,10,강세,-6,0,-3,-3,67.7,22.8,1520.53,2.53,2.74,-120778.0,-120778.0,-120778.0,10,10,1.0,74.9,68.9
009070,KCTC,,5370,35.4,30.6,30.7,-36.0,40.8,2.1,-13.5,-28.3,-4.9,-9.8,-9.4,0.42,8390,3815,10,False,True,True,221699,258184,5.9,11.8,14.7,0.86,6,False,True,True,False,5일선회복/+3%반등,50.8,1.8,-0.0,-2.0,-3.4,True,8,강세,-6,0,-3,-3,67.7,22.8,1520.53,2.53,2.74,-120778.0,-120778.0,-120778.0,10,10,1.0,74.8,68.8
002150,도화엔지니어링,,6040,27.1,15.0,20.5,-21.0,4.1,-2.6,-15.6,-10.0,-8.6,-9.2,-6.1,0.4,7650,5800,10,False,True,True,79338,144841,3.6,4.7,9.8,0.55,3,False,True,False,False,5일선회복,61.7,-6.4,-0.2,-10.0,-2.0,True,0,강세,-6,0,-3,-3,67.7,22.8,1520.53,2.53,2.74,-120778.0,-120778.0,-120778.0,10,10,1.0,74.7,68.7
097230,HJ중공업,,22550,20.0,22.8,21.9,-34.4,224.5,-5.8,-19.5,-11.6,-15.3,-14.2,-5.1,0.36,34350,6950,5,False,True,False,1261940,2360020,157.1,282.0,683.0,0.53,3,False,True,False,False,5일선회복,66.5,-4.3,-172.1,-258.4,-224.6,True,0,강세,-6,0,-3,-3,67.7,22.8,1520.53,2.53,2.74,-120778.0,-120778.0,-120778.0,10,10,1.0,74.5,68.5
006880,신송홀딩스,,6210,14.7,12.6,22.8,-29.7,2.8,-2.7,-12.7,-10.5,-6.9,-10.6,-10.5,0.4,8830,6040,0,False,False,False,37570,78246,2.0,2.3,5.3,0.48,3,False,True,False,False,5일선회복,63.5,-1.2,0.5,-10.7,1.0,True,8,강세,-6,0,-3,-3,67.7,22.8,1520.53,2.53,2.74,-120778.0,-120778.0,-120778.0,10,10,1.0,74.5,68.5
008260,NI스틸,,3420,27.4,8.0,10.6,-26.5,5.6,-7.1,-10.2,-8.1,-9.4,-7.2,-4.6,0.22,4650,3240,0,False,False,False,159569,481118,3.7,5.6,19.1,0.33,0,False,False,False,False,-,66.5,0.7,-0.0,-9.0,-0.0,True,8,강세,-6,0,-3,-3,67.7,22.8,1520.53,2.53,2.74,-120778.0,-120778.0,-120778.0,10,10,1.0,74.5,68.5
002140,고려산업,,2365,8.8,9.1,14.0,-28.8,2.2,-4.1,-16.9,-6.7,-9.9,-12.8,-9.6,0.49,3320,2315,5,False,True,False,146331,234504,2.7,3.5,6.3,0.62,0,False,False,False,False,-,69.4,-1.7,-0.0,-6.3,0.2,True,0,강세,-6,0,-3,-3,67.7,22.8,1520.53,2.53,2.74,-120778.0,-120778.0,-120778.0,10,10,1.0,74.4,68.4
251270,넷마블,,43400,28.8,22.9,33.6,-37.1,5.3,0.5,-14.2,-24.7,-5.3,-11.5,-19.3,0.63,69000,41200,0,False,False,False,193576,273004,76.1,82.3,124.6,0.71,6,False,True,True,False,5일선회복/+3%반등,60.3,-33.2,38.1,-286.5,-76.7,True,8,강세,-6,0,-3,-3,67.7,22.8,1520.53,2.53,2.74,-120778.0,-120778.0,-120778.0,10,10,1.0,74.3,68.3
017810,풀무원,,10900,23.3,13.2,25.5,-41.0,2.3,-1.1,-11.6,-18.7,-4.8,-7.9,-17.6,0.87,18490,10650,0,False,False,False,53921,64399,6.2,5.9,7.4,0.84,0,False,False,False,False,-,66.2,1.9,-3.0,-16.0,0.1,True,8,강세,-6,0,-3,-3,67.7,22.8,1520.53,2.53,2.74,-120778.0,-120778.0,-120778.0,10,10,1.0,74.2,68.2
047400,유니온머티리얼,,1494,35.0,3.3,6.6,-44.3,17.6,-7.4,-13.1,-3.6,-14.8,-11.9,-4.6,0.18,2680,1270,5,False,True,False,435137,1525306,4.1,6.7,28.0,0.29,0,False,False,False,False,-,69.1,-0.1,-0.1,-5.2,0.1,True,0,강세,-6,0,-3,-3,67.7,22.8,1520.53,2.53,2.74,-120778.0,-120778.0,-120778.0,10,10,1.0,74.1,68.1
004250,NPC,,3425,16.7,11.4,21.6,-27.1,2.1,-1.6,-14.2,-13.2,-6.8,-10.1,-13.3,0.36,4700,3355,10,False,True,True,39014,69211,0.9,1.3,2.6,0.56,0,False,False,False,False,-,64.0,-0.1,-0.0,-4.3,-1.9,True,0,강세,-6,0,-3,-3,67.7,22.8,1520.53,2.53,2.74,-120778.0,-120778.0,-120778.0,10,10,1.0,74.0,68.0
213500,한솔제지,,6960,15.4,7.6,17.6,-25.9,1.9,-4.0,-21.3,-21.4,-10.5,-15.7,-17.1,0.89,9390,6830,5,False,True,False,157571,182846,11.6,11.0,14.4,0.86,0,False,False,False,False,-,69.0,-5.2,-5.4,-24.6,-5.7,True,0,강세,-6,0,-3,-3,67.7,22.8,1520.53,2.53,2.74,-120778.0,-120778.0,-120778.0,10,10,1.0,74.0,68.0
210980,SK디앤디,,12210,17.2,10.0,12.3,-11.6,46.4,-2.1,-5.5,-4.5,-3.1,-5.1,0.6,1.51,13810,8340,0,False,False,False,38006,32930,6.2,4.7,4.1,1.15,4,False,False,False,True,거래량동반양봉,60.0,1.2,6.0,-4.1,18.6,True,10,강세,-6,0,-3,-3,67.7,22.8,1520.53,2.53,2.74,-120778.0,-120778.0,-120778.0,10,10,1.0,74.0,68.0
016800,퍼시스,,30750,18.0,21.1,27.4,-39.5,5.5,1.7,-17.7,-27.0,-7.7,-14.8,-27.8,0.24,50800,29150,5,False,True,False,841,1506,0.1,0.3,0.5,0.56,3,False,True,False,False,5일선회복,65.9,0.0,-0.5,0.4,-2.9,True,0,강세,-6,0,-3,-3,67.7,22.8,1520.53,2.53,2.74,-120778.0,-120778.0,-120778.0,10,10,1.0,73.9,67.9
272210,한화시스템,,109400,42.1,36.9,33.8,-40.5,167.8,4.9,-16.7,2.8,-4.8,-12.8,32.5,0.67,184000,40850,10,False,True,True,785478,932977,663.8,823.6,1088.9,0.84,6,False,True,True,False,5일선회복/+3%반등,42.9,468.2,2.2,-450.5,-807.0,True,15,강세,-6,0,-3,-3,67.7,22.8,1520.53,2.53,2.74,-120778.0,-120778.0,-120778.0,10,10,1.0,73.9,67.9
023960,에쓰씨엔지니어링,,1178,37.9,24.0,26.9,-39.8,9.1,0.1,-15.9,-26.0,-7.0,-12.9,-11.4,0.47,1958,1080,10,False,True,True,340200,325059,1.9,3.9,4.2,1.05,3,False,True,False,False,5일선회복,52.8,1.6,-0.0,-1.4,-0.0,True,8,강세,-6,0,-3,-3,67.7,22.8,1520.53,2.53,2.74,-120778.0,-120778.0,-120778.0,10,10,1.0,73.8,67.8
073240,금호타이어,,4975,30.0,26.2,26.3,-35.0,19.9,-1.7,-16.7,-29.4,-8.5,-14.1,-10.5,0.53,7650,4150,5,False,True,False,729813,981060,26.7,35.5,53.2,0.74,6,False,True,True,False,5일선회복/+3%반등,62.8,-17.4,-10.9,-167.3,-93.0,True,0,강세,-6,0,-3,-3,67.7,22.8,1520.53,2.53,2.74,-120778.0,-120778.0,-120778.0,10,10,1.0,73.8,67.8
000320,노루홀딩스,,19560,25.8,31.3,22.8,-47.3,31.8,-1.6,-11.7,-22.7,-7.2,-9.6,-18.3,0.43,37150,14840,5,False,True,False,13817,19773,1.7,2.6,4.2,0.7,3,False,True,False,False,5일선회복,65.6,-1.1,-0.7,0.6,-3.0,True,0,강세,-6,0,-3,-3,67.7,22.8,1520.53,2.53,2.74,-120778.0,-120778.0,-120778.0,10,10,1.0,73.6,67.6
000180,성창기업지주,,6100,24.1,15.6,23.7,-34.6,4.3,-0.2,-15.3,-32.5,-8.1,-13.6,-20.2,0.15,9330,5850,5,False,True,False,14560,30041,0.3,0.9,2.0,0.48,3,False,True,False,False,5일선회복,65.6,-0.3,-0.0,-4.2,-2.3,True,0,강세,-6,0,-3,-3,67.7,22.8,1520.53,2.53,2.74,-120778.0,-120778.0,-120778.0,10,10,1.0,73.6,67.6
007210,벽산,,1820,24.2,24.8,27.0,-25.9,14.8,-1.6,-13.3,-8.1,-7.6,-6.4,-4.7,0.52,2455,1585,5,False,True,False,421741,568309,5.5,7.4,11.5,0.74,3,False,True,False,False,5일선회복,57.5,2.9,-0.0,-7.3,-2.7,True,8,강세,-6,0,-3,-3,67.7,22.8,1520.53,2.53,2.74,-120778.0,-120778.0,-120778.0,10,10,1.0,73.5,67.5
034120,SBS,,14060,19.5,19.8,17.0,-52.7,3.6,-5.4,-9.4,-25.5,-6.8,-9.9,-24.1,0.91,29700,13570,0,False,False,False,38483,35120,4.1,5.4,5.3,1.1,3,False,True,False,False,5일선회복,70.5,0.0,-4.3,2.3,-18.3,True,0,강세,-6,0,-3,-3,67.7,22.8,1520.53,2.53,2.74,-120778.0,-120778.0,-120778.0,10,10,1.0,73.5,67.5
092220,KEC,,6790,22.2,35.7,4.8,-35.0,104.2,-26.1,-4.2,87.8,-22.1,-15.4,36.6,1.43,10450,3325,0,False,False,False,3283861,4389152,366.6,208.8,374.9,0.75,4,False,False,False,True,거래량동반양봉,66.3,-27.3,1.1,-20.3,4.5,True,3,강세,-6,0,-3,-3,67.7,22.8,1520.53,2.53,2.74,-120778.0,-120778.0,-120778.0,10,10,1.0,73.3,67.3
035720,카카오,,41850,33.3,25.3,19.7,-41.6,15.3,-4.9,-14.5,-27.3,-7.3,-11.2,-26.4,0.69,71600,36300,0,False,False,False,1717651,2007349,591.7,713.3,904.3,0.86,3,False,True,False,False,5일선회복,62.2,34.3,-216.5,-1116.1,-1097.6,True,8,강세,-6,0,-3,-3,67.7,22.8,1520.53,2.53,2.74,-120778.0,-120778.0,-120778.0,10,10,1.0,73.2,67.2
039130,하나투어,,38050,27.4,14.4,13.1,-35.1,2.3,-3.7,-10.9,-24.5,-6.5,-7.7,-18.9,0.57,58600,37200,5,False,True,False,48028,66419,14.6,18.3,27.1,0.72,0,False,False,False,False,-,68.2,-22.5,-10.1,-106.9,-56.5,True,0,강세,-6,0,-3,-3,67.7,22.8,1520.53,2.53,2.74,-120778.0,-120778.0,-120778.0,10,10,1.0,73.2,67.2
033920,무학,,8100,20.6,16.7,13.2,-22.8,16.9,-4.9,-10.1,-21.1,-6.0,-7.9,-5.4,0.51,10490,6930,0,False,False,False,85827,69522,3.0,7.0,5.9,1.23,3,False,True,False,False,5일선회복,62.2,0.6,-1.9,2.8,-3.7,True,8,강세,-6,0,-3,-3,67.7,22.8,1520.53,2.53,2.74,-120778.0,-120778.0,-120778.0,10,10,1.0,73.2,67.2
014830,유니드,,74600,16.1,16.3,21.0,-26.6,18.2,-5.6,-12.7,-7.9,-11.5,-10.9,-2.2,0.37,101600,63100,0,False,False,False,26821,54231,15.1,19.8,47.9,0.49,3,False,True,False,False,5일선회복,62.0,5.7,-17.6,-5.3,-59.1,True,8,강세,-6,0,-3,-3,67.7,22.8,1520.53,2.53,2.74,-120778.0,-120778.0,-120778.0,10,10,1.0,73.0,67.0
183190,아세아시멘트,,10320,20.3,11.8,15.0,-34.3,2.5,-2.9,-11.1,-23.7,-7.9,-9.3,-16.4,0.55,15700,10070,5,False,True,False,78821,75705,4.4,8.2,8.5,1.04,0,False,False,False,False,-,67.8,-2.2,-3.6,-8.2,-30.8,True,0,강세,-6,0,-3,-3,67.7,22.8,1520.53,2.53,2.74,-120778.0,-120778.0,-120778.0,10,10,1.0,72.8,66.8
005820,원림,,15120,24.0,18.2,18.6,-15.5,15.9,-2.5,-10.2,-0.3,-6.6,-4.5,0.8,0.82,17900,13050,5,False,True,False,3548,4320,0.5,0.5,0.7,0.82,3,False,True,False,False,5일선회복,56.8,0.1,0.0,1.2,-0.1,True,8,강세,-6,0,-3,-3,67.7,22.8,1520.53,2.53,2.74,-120778.0,-120778.0,-120778.0,10,10,1.0,72.8,66.8
002840,미원상사,,127000,21.2,5.2,9.6,-34.2,1.1,-6.6,-9.9,-16.4,-9.2,-8.0,-13.9,0.93,192900,125600,0,False,False,False,4960,5372,6.4,6.4,7.6,0.92,0,False,False,False,False,-,69.8,-1.8,0.5,-0.2,-3.9,True,3,강세,-6,0,-3,-3,67.7,22.8,1520.53,2.53,2.74,-120778.0,-120778.0,-120778.0,10,10,1.0,72.8,66.8
075580,세진중공업,,16520,23.2,27.2,25.2,-39.7,92.3,-0.5,-16.6,-12.9,-11.5,-8.2,-10.8,0.4,27400,8590,5,False,True,False,185485,360730,22.9,29.2,70.2,0.51,3,False,True,False,False,5일선회복,64.8,-15.4,-4.6,-39.7,-26.1,True,0,강세,-6,0,-3,-3,67.7,22.8,1520.53,2.53,2.74,-120778.0,-120778.0,-120778.0,10,10,1.0,72.8,66.8
014530,극동유화,,3550,8.3,13.8,24.6,-45.1,14.0,-0.4,-10.6,-2.1,-5.4,-6.9,0.3,0.42,6470,3115,5,False,True,False,156681,306640,4.5,5.6,11.7,0.51,0,False,False,False,False,-,67.5,-0.9,0.0,-1.2,-1.5,True,0,강세,-6,0,-3,-3,67.7,22.8,1520.53,2.53,2.74,-120778.0,-120778.0,-120778.0,10,10,1.0,72.5,66.5
373220,LG에너지솔루션,,398500,31.1,15.3,14.3,-24.4,49.8,-4.4,-16.6,-1.2,-10.7,-5.0,-1.6,0.97,527000,266000,5,False,True,False,379707,471334,1736.3,1511.3,2120.0,0.81,3,False,True,False,False,5일선회복,64.4,-215.6,-248.0,209.3,-369.7,True,0,강세,-6,0,-3,-3,67.7,22.8,1520.53,2.53,2.74,-120778.0,-120778.0,-120778.0,10,10,1.0,72.4,66.4
002760,보락,,1032,30.8,16.8,30.9,-32.4,4.8,-0.6,-10.6,-18.1,-4.2,-9.1,-5.3,0.16,1527,985,0,False,False,False,262985,916846,1.6,2.7,10.2,0.29,6,False,True,True,False,5일선회복/+3%반등,58.0,0.3,-0.0,-6.6,-0.1,True,8,강세,-6,0,-3,-3,67.7,22.8,1520.53,2.53,2.74,-120778.0,-120778.0,-120778.0,10,10,1.0,72.0,66.0
024900,디와이덕양,,2045,27.2,32.4,27.4,-28.1,9.2,-0.7,-11.3,-6.2,-6.1,-3.3,-7.8,0.84,2845,1873,5,False,True,False,137651,145229,2.5,2.7,3.2,0.95,3,False,True,False,False,5일선회복,55.9,-2.9,0.1,-2.3,1.4,True,8,강세,-6,0,-3,-3,67.7,22.8,1520.53,2.53,2.74,-120778.0,-120778.0,-120778.0,10,10,1.0,71.9,65.9
363280,티와이홀딩스,,2495,17.1,25.0,15.0,-46.0,15.5,-4.2,-10.3,-3.3,-7.3,-8.8,-11.5,0.84,4620,2160,0,False,False,False,81803,77656,1.7,2.0,2.1,1.05,3,False,True,False,False,5일선회복,68.8,-0.4,-0.0,-2.9,-0.0,True,0,강세,-6,0,-3,-3,67.7,22.8,1520.53,2.53,2.74,-120778.0,-120778.0,-120778.0,10,10,1.0,71.8,65.8
077970,STX엔진,,49850,30.3,44.1,38.9,-26.4,150.4,8.7,-1.3,49.5,-5.9,17.0,33.6,1.73,67700,19910,10,False,True,True,887370,835617,722.1,402.5,454.5,1.06,10,False,True,True,True,5일선회복/+3%반등/거래량동반양봉,48.8,-347.6,180.9,-39.4,-119.4,True,3,강세,-6,0,-3,-3,67.7,22.8,1520.53,2.53,2.74,-120778.0,-120778.0,-120778.0,10,10,1.0,71.8,65.8
001250,GS글로벌,,3645,10.3,8.9,21.8,-35.9,65.7,-5.1,8.2,41.6,-15.2,3.7,33.5,0.21,5690,2200,5,False,True,False,1162534,5372321,33.0,42.4,239.8,0.22,3,False,True,False,False,5일선회복,60.6,13.7,-0.8,77.9,1.6,True,3,강세,-6,0,-3,-3,67.7,22.8,1520.53,2.53,2.74,-120778.0,-120778.0,-120778.0,10,10,1.0,71.6,65.6
010660,화천기계,,4300,30.3,18.6,21.8,-36.4,9.0,-0.7,-16.7,-25.5,-9.7,-18.6,-15.0,0.5,6760,3945,5,False,True,False,457182,588085,12.9,19.8,28.9,0.78,0,False,False,False,False,-,66.6,-9.9,0.0,-16.0,-0.0,True,0,강세,-6,0,-3,-3,67.7,22.8,1520.53,2.53,2.74,-120778.0,-120778.0,-120778.0,10,10,1.0,71.6,65.6
011170,롯데케미칼,,82900,25.2,14.3,24.0,-30.6,49.6,-4.2,-7.8,2.3,-12.1,-5.7,9.0,0.41,119500,55400,5,False,True,False,202530,393824,136.7,165.9,391.0,0.51,3,False,True,False,False,5일선회복,60.5,211.9,-265.0,-289.9,-160.6,True,3,강세,-6,0,-3,-3,67.7,22.8,1520.53,2.53,2.74,-120778.0,-120778.0,-120778.0,10,10,1.0,71.5,65.5
071970,HD현대마린엔진,,80900,20.1,25.5,27.9,-31.6,124.7,2.1,-15.8,-5.8,-13.1,-5.2,-5.8,0.79,118200,36000,5,False,True,False,320745,462408,294.3,245.8,456.4,0.69,6,False,True,True,False,5일선회복/+3%반등,60.5,-281.5,-45.8,-99.4,-368.3,True,0,강세,-6,0,-3,-3,67.7,22.8,1520.53,2.53,2.74,-120778.0,-120778.0,-120778.0,10,10,1.0,71.5,65.5
018250,애경산업,,12980,22.1,18.0,22.9,-32.5,6.0,-3.4,-13.1,-7.7,-8.0,-10.3,-10.5,0.44,19230,12250,5,False,True,False,39900,67448,3.0,5.1,9.8,0.59,3,False,True,False,False,5일선회복,63.4,-1.4,-1.8,-9.1,-3.7,True,0,강세,-6,0,-3,-3,67.7,22.8,1520.53,2.53,2.74,-120778.0,-120778.0,-120778.0,10,10,1.0,71.4,65.4
014130,한익스프레스,,2495,29.9,34.1,16.1,-34.2,6.6,-4.4,-12.1,-11.5,-6.2,-6.5,-17.6,0.28,3790,2340,0,False,False,False,23002,30331,0.2,0.6,0.8,0.76,0,False,False,False,False,-,63.3,0.4,-0.1,0.6,-0.0,True,8,강세,-6,0,-3,-3,67.7,22.8,1520.53,2.53,2.74,-120778.0,-120778.0,-120778.0,10,10,1.0,71.3,65.3
002780,진흥기업,,1101,24.2,10.3,27.2,-33.1,77.3,-2.8,6.2,31.2,-10.7,2.5,36.3,0.13,1645,621,5,False,True,False,1824756,11341183,16.8,20.0,151.9,0.16,6,False,True,True,False,5일선회복/+3%반등,57.3,6.7,-0.6,-30.7,-0.5,True,3,강세,-6,0,-3,-3,67.7,22.8,1520.53,2.53,2.74,-120778.0,-120778.0,-120778.0,10,10,1.0,71.3,65.3
003220,대원제약,,9520,23.9,29.1,24.5,-35.2,5.9,-3.3,-11.4,-19.7,-5.9,-7.6,-20.2,0.91,14700,8990,0,False,False,False,39368,35091,3.1,3.7,3.5,1.12,3,False,True,False,False,5일선회복,60.2,0.8,-0.1,-3.4,-0.3,True,8,강세,-6,0,-3,-3,67.7,22.8,1520.53,2.53,2.74,-120778.0,-120778.0,-120778.0,10,10,1.0,71.2,65.2
066970,엘앤에프,,158900,31.7,17.1,22.0,-29.4,238.1,-0.8,-19.1,34.4,-13.6,-3.9,33.7,0.99,225000,47000,5,False,True,False,525908,683043,1068.3,821.1,1265.7,0.77,3,False,True,False,False,5일선회복,63.2,-205.3,-312.8,372.5,-1133.5,True,0,강세,-6,0,-3,-3,67.7,22.8,1520.53,2.53,2.74,-120778.0,-120778.0,-120778.0,10,10,1.0,71.2,65.2
462870,시프트업,,29500,34.4,17.9,25.2,-52.0,7.3,-2.3,-13.5,-13.1,-6.9,-7.7,-18.7,0.82,61400,27500,5,False,False,True,67622,78135,19.1,19.7,24.8,0.87,3,False,True,False,False,5일선회복,63.1,-7.0,-5.6,-34.9,-33.7,True,0,강세,-6,0,-3,-3,67.7,22.8,1520.53,2.53,2.74,-120778.0,-120778.0,-120778.0,10,10,1.0,71.1,65.1
457190,이수스페셜티케미컬,,102500,33.0,33.2,30.0,-22.2,170.1,0.9,-19.3,1.7,-8.0,-0.6,40.3,0.75,131800,37950,5,False,True,False,218853,343381,248.0,212.7,395.8,0.64,6,False,True,True,False,5일선회복/+3%반등,52.0,-23.3,30.9,-351.4,134.6,True,8,강세,-6,0,-3,-3,67.7,22.8,1520.53,2.53,2.74,-120778.0,-120778.0,-120778.0,10,10,1.0,71.0,65.0
026890,스틱인베스트먼트,,8940,29.7,36.6,30.7,-33.2,9.7,-0.1,-7.8,-25.5,-4.7,-5.8,-12.6,0.55,13390,8150,10,False,True,True,97497,105640,5.4,8.4,10.1,0.92,3,False,True,False,False,5일선회복,54.9,9.0,-1.5,23.7,-3.4,True,3,강세,-6,0,-3,-3,67.7,22.8,1520.53,2.53,2.74,-120778.0,-120778.0,-120778.0,10,10,1.0,70.9,64.9
010640,진양폴리,,2170,29.1,28.9,28.9,-51.6,5.3,-1.1,-8.4,-27.5,-4.3,-7.6,-30.1,0.65,4484,2060,5,False,True,False,50884,68647,1.0,1.1,1.6,0.74,3,False,True,False,False,5일선회복,62.9,-0.4,-0.0,-3.6,-0.1,True,0,강세,-6,0,-3,-3,67.7,22.8,1520.53,2.53,2.74,-120778.0,-120778.0,-120778.0,10,10,1.0,70.9,64.9
006360,GS건설,,32150,37.3,34.5,28.1,-28.3,80.7,0.5,-25.4,43.8,-10.3,-2.3,41.5,0.44,44850,17790,5,False,True,False,1134185,2181207,305.4,348.0,822.8,0.52,6,False,True,True,False,5일선회복/+3%반등,51.8,82.7,-104.8,-550.4,-791.6,True,8,강세,-6,0,-3,-3,67.7,22.8,1520.53,2.53,2.74,-120778.0,-120778.0,-120778.0,10,10,1.0,70.8,64.8
123690,한국화장품,,7960,28.4,31.8,20.7,-39.1,23.2,-4.8,-4.8,-22.0,-6.2,-4.5,-18.0,0.15,13080,6460,5,False,False,True,90948,388059,5.0,7.1,34.4,0.23,3,False,True,False,False,5일선회복,59.8,0.9,-0.0,-23.0,-0.3,True,3,강세,-6,0,-3,-3,67.7,22.8,1520.53,2.53,2.74,-120778.0,-120778.0,-120778.0,10,10,1.0,70.8,64.8
010960,삼호개발,,3500,21.1,13.4,15.8,-18.9,7.4,-3.2,-14.3,-15.7,-7.6,-10.1,-4.7,0.35,4315,3260,5,False,True,False,53903,54790,0.7,1.9,2.1,0.98,3,False,True,False,False,5일선회복,62.5,-0.9,-0.0,-3.1,2.8,True,0,강세,-6,0,-3,-3,67.7,22.8,1520.53,2.53,2.74,-120778.0,-120778.0,-120778.0,10,10,1.0,70.5,64.5
003010,혜인,,6090,37.1,19.5,23.6,-30.6,24.8,-2.2,-19.1,10.1,-9.3,-1.5,9.6,0.24,8780,4880,5,False,True,False,271395,1091542,13.4,16.1,80.8,0.25,3,False,True,False,False,5일선회복,54.3,-3.5,1.0,-0.2,2.0,True,8,강세,-6,0,-3,-3,67.7,22.8,1520.53,2.53,2.74,-120778.0,-120778.0,-120778.0,10,10,1.0,70.3,64.3
015760,한국전력,,39700,37.5,31.8,28.8,-42.9,59.1,2.5,-13.7,-36.1,-6.1,-9.5,-14.0,0.67,69500,24950,5,False,True,False,2500458,2583028,681.4,961.1,1092.0,0.97,6,False,True,True,False,5일선회복/+3%반등,51.2,-528.8,153.1,-1718.3,-1174.4,True,8,강세,-6,0,-3,-3,67.7,22.8,1520.53,2.53,2.74,-120778.0,-120778.0,-120778.0,10,10,1.0,70.2,64.2
079430,현대리바트,,6890,24.4,13.9,24.4,-25.9,15.2,-1.6,-14.9,-2.5,-7.1,-4.9,-1.3,0.13,9300,5980,5,False,True,False,78826,378451,3.2,5.3,29.4,0.21,3,False,True,False,False,5일선회복,62.1,-3.6,-0.1,-4.6,-0.1,True,0,강세,-6,0,-3,-3,67.7,22.8,1520.53,2.53,2.74,-120778.0,-120778.0,-120778.0,10,10,1.0,70.1,64.1
004410,서울식품,,1303,0.0,0.6,-43.4,-54.0,0.2,-17.5,-20.1,-25.5,-16.5,-24.1,-19.3,4.63,2830,1301,5,True,False,False,648955,337969,19.1,8.9,5.0,1.92,-30,True,False,False,False,⚠️떨어지는칼날,95.0,-3.0,-1.7,-6.0,0.3,True,0,강세,-6,0,-3,-3,67.7,22.8,1520.53,2.53,2.74,-120778.0,-120778.0,-120778.0,10,10,1.0,70.0,64.0
001940,KISCO홀딩스,,23450,14.9,19.4,21.5,-20.4,13.0,-3.5,-13.3,-5.3,-7.3,-8.4,-8.2,0.75,29450,20750,0,False,False,False,7863,7001,1.2,1.8,1.8,1.12,3,False,True,False,False,5일선회복,58.9,0.1,-1.2,1.8,-3.7,True,8,강세,-6,0,-3,-3,67.7,22.8,1520.53,2.53,2.74,-120778.0,-120778.0,-120778.0,10,10,1.0,69.9,63.900000000000006
134380,미원화학,,11280,26.5,13.0,-4.1,-26.8,46.5,-9.0,-9.8,-4.4,-9.1,-6.7,14.0,0.31,15400,7700,0,False,False,False,7468,15015,0.5,0.9,1.9,0.5,0,False,False,False,False,-,69.9,0.0,-0.0,-1.3,-0.4,True,0,강세,-6,0,-3,-3,67.7,22.8,1520.53,2.53,2.74,-120778.0,-120778.0,-120778.0,10,10,1.0,69.9,63.900000000000006
336370,솔루스첨단소재,,11460,38.6,37.5,31.9,-32.2,66.6,3.2,-17.4,20.8,-11.0,5.4,27.8,0.28,16900,6880,10,False,True,True,333474,1247118,38.1,36.0,175.9,0.27,6,False,True,True,False,5일선회복/+3%반등,45.9,-1.2,1.3,12.7,1.6,True,8,강세,-6,0,-3,-3,67.7,22.8,1520.53,2.53,2.74,-120778.0,-120778.0,-120778.0,10,10,1.0,69.9,63.900000000000006
001260,남광토건,,8470,30.9,20.6,22.5,-30.8,21.7,-1.2,-14.7,-5.0,-8.1,-8.3,-1.1,0.24,12240,6960,5,False,True,False,16344,44033,0.9,1.4,4.2,0.37,3,False,True,False,False,5일선회복,61.7,-0.7,-0.0,-4.7,0.0,True,0,강세,-6,0,-3,-3,67.7,22.8,1520.53,2.53,2.74,-120778.0,-120778.0,-120778.0,10,10,1.0,69.7,63.7
003200,일신방직,,11280,22.8,23.5,19.0,-36.6,23.4,-5.2,-9.8,-22.0,-8.3,-8.1,-5.1,0.34,17800,9140,0,False,False,False,31731,30450,1.2,3.5,3.7,1.04,3,False,True,False,False,5일선회복,63.6,1.5,-0.5,3.9,-3.0,True,3,강세,-6,0,-3,-3,67.7,22.8,1520.53,2.53,2.74,-120778.0,-120778.0,-120778.0,10,10,1.0,69.6,63.599999999999994
001340,PKC,,6050,26.6,25.0,28.7,-25.6,17.0,1.7,-23.1,-13.3,-9.8,-11.2,-2.4,0.54,8130,5170,5,False,True,False,245258,404858,13.1,14.1,27.9,0.61,3,False,True,False,False,5일선회복,61.6,-12.3,-1.3,-29.1,-6.7,True,0,강세,-6,0,-3,-3,67.7,22.8,1520.53,2.53,2.74,-120778.0,-120778.0,-120778.0,10,10,1.0,69.6,63.599999999999994
012750,에스원,,70700,26.4,10.6,28.1,-31.4,10.3,-5.9,-20.5,-21.9,-8.0,-15.3,-11.4,0.52,103000,64100,0,False,False,False,78383,76150,28.7,55.0,57.2,1.03,3,False,True,False,False,5일선회복,66.4,-15.0,-24.0,-105.9,-88.9,True,0,강세,-6,0,-3,-3,67.7,22.8,1520.53,2.53,2.74,-120778.0,-120778.0,-120778.0,10,10,1.0,69.4,63.400000000000006
001390,KG케미칼,,5230,12.9,11.2,22.5,-29.3,40.2,-3.0,-7.9,-12.1,-10.2,-6.3,-0.6,0.28,7400,3730,5,False,True,False,329701,1022123,15.3,17.1,64.7,0.32,3,False,True,False,False,5일선회복,61.4,-2.0,-0.1,5.7,4.5,True,0,강세,-6,0,-3,-3,67.7,22.8,1520.53,2.53,2.74,-120778.0,-120778.0,-120778.0,10,10,1.0,69.4,63.400000000000006
008420,문배철강,,2330,19.4,9.9,25.7,-34.9,19.5,-4.3,-5.3,9.6,-10.1,-4.1,4.2,0.1,3580,1949,5,False,True,False,189126,1438521,3.4,4.4,42.4,0.13,0,False,False,False,False,-,61.3,4.2,0.0,5.1,-0.1,True,3,강세,-6,0,-3,-3,67.7,22.8,1520.53,2.53,2.74,-120778.0,-120778.0,-120778.0,10,10,1.0,69.3,63.3
002200,한국수출포장,,2625,30.7,51.7,22.7,-30.6,9.4,-3.1,-12.4,-18.6,-3.7,-8.0,-12.3,0.16,3785,2400,0,False,False,False,125753,190424,0.8,3.3,5.3,0.66,3,False,True,False,False,5일선회복,58.3,-0.3,0.1,-7.5,-0.0,True,8,강세,-6,0,-3,-3,67.7,22.8,1520.53,2.53,2.74,-120778.0,-120778.0,-120778.0,10,10,1.0,69.3,63.3
375500,DL이앤씨,,82200,34.4,32.7,28.5,-22.9,113.8,2.4,-18.3,63.7,-8.4,1.2,55.9,0.37,106600,38450,5,False,True,False,487521,971292,292.9,384.5,903.8,0.5,6,False,True,True,False,5일선회복/+3%반등,50.3,171.2,-0.7,815.6,-402.9,True,8,강세,-6,0,-3,-3,67.7,22.8,1520.53,2.53,2.74,-120778.0,-120778.0,-120778.0,10,10,1.0,69.3,63.3
017180,명문제약,,1597,23.8,13.6,17.3,-22.3,4.4,-3.6,-10.4,-12.9,-5.9,-10.1,-8.8,0.6,2055,1530,0,False,False,False,82432,100035,1.0,1.3,1.7,0.82,0,False,False,False,False,-,61.3,0.6,-0.0,-1.2,-0.3,True,8,강세,-6,0,-3,-3,67.7,22.8,1520.53,2.53,2.74,-120778.0,-120778.0,-120778.0,10,10,1.0,69.3,63.3
012690,모나리자,,2000,22.6,4.0,12.1,-31.5,3.2,-5.7,-12.9,-9.1,-9.4,-9.4,-12.2,0.36,2920,1938,0,False,False,False,202975,358738,2.6,4.1,8.1,0.57,0,False,False,False,False,-,69.2,-0.3,-0.0,-7.6,-0.1,True,0,강세,-6,0,-3,-3,67.7,22.8,1520.53,2.53,2.74,-120778.0,-120778.0,-120778.0,10,10,1.0,69.2,63.2
003830,대한화섬,,115500,24.7,12.5,5.7,-23.5,7.2,-1.4,-5.3,-9.9,-3.6,-5.1,-3.8,0.74,151000,107700,5,False,False,True,549,680,0.6,0.6,0.8,0.81,0,False,False,False,False,-,64.1,-0.3,-0.9,0.6,-8.2,True,0,강세,-6,0,-3,-3,67.7,22.8,1520.53,2.53,2.74,-120778.0,-120778.0,-120778.0,10,10,1.0,69.1,63.099999999999994
005420,코스모화학,,15290,35.6,36.9,29.2,-29.4,24.1,2.0,-16.9,-11.8,-8.3,-4.2,-6.9,0.61,21650,12320,5,False,True,False,197429,322824,28.5,28.3,55.4,0.61,6,False,True,True,False,5일선회복/+3%반등,50.1,-7.5,1.2,-45.9,-25.5,True,8,강세,-6,0,-3,-3,67.7,22.8,1520.53,2.53,2.74,-120778.0,-120778.0,-120778.0,10,10,1.0,69.1,63.099999999999994
017800,현대엘리베이터,,84300,26.0,21.4,14.3,-25.7,19.6,-6.4,-15.4,-21.9,-9.7,-7.9,-3.4,1.34,113400,70500,0,False,False,False,294152,255620,289.6,246.0,235.9,1.15,3,False,True,False,False,5일선회복,66.1,-42.4,-263.9,588.2,-928.6,True,0,강세,-6,0,-3,-3,67.7,22.8,1520.53,2.53,2.74,-120778.0,-120778.0,-120778.0,10,10,1.0,69.1,63.099999999999994
002240,고려제강,,21350,16.3,13.4,21.7,-24.6,28.9,-4.3,-11.4,-9.7,-9.5,-5.8,6.1,0.3,28300,16560,5,False,True,False,34142,78383,5.1,7.3,18.7,0.44,3,False,True,False,False,5일선회복,61.0,-2.9,-0.6,1.7,-2.2,True,0,강세,-6,0,-3,-3,67.7,22.8,1520.53,2.53,2.74,-120778.0,-120778.0,-120778.0,10,10,1.0,69.0,63.0
010040,한국내화,,1794,17.5,9.6,25.3,-28.0,1.4,-1.0,-9.9,-15.2,-5.0,-7.2,-14.1,1.0,2490,1770,5,False,True,False,24631,42209,0.8,0.4,0.8,0.58,3,False,True,False,False,5일선회복,61.0,0.0,0.0,-0.3,-0.4,True,0,강세,-6,0,-3,-3,67.7,22.8,1520.53,2.53,2.74,-120778.0,-120778.0,-120778.0,10,10,1.0,69.0,63.0
450080,에코프로머티,,68500,35.9,36.7,33.4,-22.9,68.7,6.2,-17.7,-0.1,-8.1,-4.7,11.2,0.63,88800,40600,5,False,True,False,615842,1284039,545.9,392.2,1002.6,0.48,10,False,True,True,True,5일선회복/+3%반등/거래량동반양봉,45.8,-3.3,48.6,-912.3,-166.2,True,8,강세,-6,0,-3,-3,67.7,22.8,1520.53,2.53,2.74,-120778.0,-120778.0,-120778.0,10,10,1.0,68.8,62.8
047050,포스코인터내셔널,,70300,19.4,16.7,23.3,-22.9,53.5,-2.2,-9.3,1.6,-9.0,-7.9,16.5,0.64,91200,45800,5,False,True,False,507140,732270,327.3,350.7,577.4,0.69,3,False,True,False,False,5일선회복,57.8,95.2,-296.6,590.9,-372.8,True,3,강세,-6,0,-3,-3,67.7,22.8,1520.53,2.53,2.74,-120778.0,-120778.0,-120778.0,10,10,1.0,68.8,62.8
381970,케이카,,9940,26.5,13.6,26.8,-42.2,2.3,-3.0,-5.0,-34.2,-4.0,-13.3,-31.6,0.67,17210,9720,0,False,False,False,157717,185173,12.4,15.6,19.3,0.85,3,False,True,False,False,5일선회복,62.8,9.7,-27.0,-24.4,-19.6,True,3,강세,-6,0,-3,-3,67.7,22.8,1520.53,2.53,2.74,-120778.0,-120778.0,-120778.0,10,10,1.0,68.8,62.8
192650,드림텍,,5700,27.8,28.7,18.0,-37.5,9.6,-9.8,-15.3,-31.4,-10.1,-13.4,-16.2,0.39,9120,5200,0,False,False,False,527282,399111,9.1,29.2,25.0,1.32,3,False,True,False,False,5일선회복,65.8,-21.9,-7.0,-12.3,-5.6,True,0,강세,-6,0,-3,-3,67.7,22.8,1520.53,2.53,2.74,-120778.0,-120778.0,-120778.0,10,10,1.0,68.8,62.8
004540,깨끗한나라,,1831,21.6,12.9,16.9,-28.2,2.9,-1.5,-9.8,-3.4,-4.7,-7.5,-7.3,0.39,2550,1780,5,False,True,False,51706,110432,0.8,1.0,2.1,0.47,0,False,False,False,False,-,63.7,-0.3,-0.0,-4.4,0.1,True,0,강세,-6,0,-3,-3,67.7,22.8,1520.53,2.53,2.74,-120778.0,-120778.0,-120778.0,10,10,1.0,68.7,62.7
004450,삼화왕관,,27000,9.8,4.8,21.2,-35.3,0.4,-0.2,-5.9,-7.8,-3.5,-3.3,-12.8,0.53,41700,26900,5,False,True,False,472,998,0.1,0.1,0.3,0.47,0,False,False,False,False,-,63.6,0.0,0.0,0.8,0.1,True,0,강세,-6,0,-3,-3,67.7,22.8,1520.53,2.53,2.74,-120778.0,-120778.0,-120778.0,10,10,1.0,68.6,62.599999999999994
001360,삼성제약,,1651,18.2,18.8,23.7,-28.8,23.4,-2.9,-11.5,-23.9,-11.4,-10.6,-2.1,0.24,2320,1338,5,False,True,False,766983,2327858,9.6,12.5,46.7,0.33,3,False,True,False,False,5일선회복,60.6,-1.0,-0.0,-7.3,1.0,True,0,강세,-6,0,-3,-3,67.7,22.8,1520.53,2.53,2.74,-120778.0,-120778.0,-120778.0,10,10,1.0,68.6,62.599999999999994
004960,한신공영,,12860,36.8,10.3,12.6,-34.1,76.6,-10.1,-14.4,-1.8,-11.1,-13.6,18.9,0.44,19510,7280,0,False,False,False,76475,126919,7.2,10.0,18.9,0.6,0,False,False,False,False,-,60.5,-0.2,0.1,-8.0,34.1,True,8,강세,-6,0,-3,-3,67.7,22.8,1520.53,2.53,2.74,-120778.0,-120778.0,-120778.0,10,10,1.0,68.5,62.5
004360,세방,,14090,22.9,14.1,13.3,-17.7,18.5,-3.8,-9.5,-9.2,-7.9,-7.4,-2.3,0.72,17110,11890,5,False,True,False,63212,66732,6.9,9.0,10.2,0.95,0,False,False,False,False,-,60.5,1.6,-2.1,6.4,11.5,True,3,강세,-6,0,-3,-3,67.7,22.8,1520.53,2.53,2.74,-120778.0,-120778.0,-120778.0,10,10,1.0,68.5,62.5
248170,샘표식품,,25500,29.4,24.5,24.5,-26.6,2.6,-0.2,-6.4,-12.1,-3.3,-6.4,-8.3,0.53,34750,24850,10,False,True,True,12077,15391,2.1,3.1,4.1,0.78,3,False,True,False,False,5일선회복,55.4,-0.7,-0.1,-5.5,-4.0,True,0,강세,-6,0,-3,-3,67.7,22.8,1520.53,2.53,2.74,-120778.0,-120778.0,-120778.0,10,10,1.0,68.4,62.400000000000006
009410,태영건설,,1790,37.2,26.8,27.1,-45.7,18.5,0.5,-15.8,1.9,-5.5,-6.0,0.6,0.46,3295,1510,10,False,True,True,402786,821891,6.6,7.1,16.0,0.49,3,False,True,False,False,5일선회복,55.3,-3.2,-0.0,-39.9,-2.1,True,0,강세,-6,0,-3,-3,67.7,22.8,1520.53,2.53,2.74,-120778.0,-120778.0,-120778.0,10,10,1.0,68.3,62.3
300720,한일시멘트,,15250,26.8,12.1,9.8,-30.4,2.2,-6.6,-11.1,-16.0,-7.6,-8.7,-15.4,0.86,21900,14920,0,False,False,False,134955,126747,16.6,20.8,21.0,1.06,0,False,False,False,False,-,68.3,-4.4,-30.3,-31.5,-35.6,True,0,강세,-6,0,-3,-3,67.7,22.8,1520.53,2.53,2.74,-120778.0,-120778.0,-120778.0,10,10,1.0,68.3,62.3
047040,대우건설,,28550,34.8,25.0,25.1,-29.2,759.9,0.2,-13.1,260.0,-9.5,16.3,201.8,0.5,40350,3320,5,False,True,False,11260746,19081419,2679.9,3172.6,6283.0,0.59,3,False,True,False,False,5일선회복,52.2,356.0,-158.1,-652.9,-651.5,True,8,강세,-6,0,-3,-3,67.7,22.8,1520.53,2.53,2.74,-120778.0,-120778.0,-120778.0,10,10,1.0,68.2,62.2
000670,영풍,,55400,29.9,17.9,12.2,-22.8,68.0,-8.3,-15.3,-6.7,-12.6,-9.1,5.0,0.5,71797,32980,0,False,False,False,32088,33012,9.1,17.8,21.1,0.97,3,False,True,False,False,5일선회복,64.9,-4.8,-3.1,39.8,-21.0,True,0,강세,-6,0,-3,-3,67.7,22.8,1520.53,2.53,2.74,-120778.0,-120778.0,-120778.0,10,10,1.0,67.9,61.900000000000006
064350,현대로템,,206000,16.9,23.7,30.4,-27.0,104.0,2.2,-7.0,-1.9,-8.8,-2.0,0.2,0.59,282000,101000,5,False,True,False,557278,910526,1090.7,1101.2,2135.2,0.61,6,False,True,True,False,5일선회복/+3%반등,53.7,85.5,-209.8,1347.3,198.0,True,3,강세,-6,0,-3,-3,67.7,22.8,1520.53,2.53,2.74,-120778.0,-120778.0,-120778.0,10,10,1.0,67.7,61.7
072130,유엔젤,,4900,31.9,38.8,33.8,-26.9,17.8,2.4,-14.0,3.9,-2.9,-7.3,-4.3,0.33,6700,4160,10,False,True,True,89268,132088,2.1,4.3,6.8,0.68,6,False,True,True,False,5일선회복/+3%반등,51.4,-5.6,-0.0,-17.7,-0.4,True,0,강세,-6,0,-3,-3,67.7,22.8,1520.53,2.53,2.74,-120778.0,-120778.0,-120778.0,10,10,1.0,67.4,61.400000000000006
044380,주연테크,,1890,32.4,24.8,25.2,-36.4,23.5,-12.1,-14.5,-2.1,-8.3,-4.7,-14.5,0.3,2970,1530,5,True,False,False,1886136,484250,2.8,35.1,9.1,3.89,3,False,True,False,False,5일선회복,59.4,-0.2,-0.8,1.1,0.2,True,0,강세,-6,0,-3,-3,67.7,22.8,1520.53,2.53,2.74,-120778.0,-120778.0,-120778.0,10,10,1.0,67.4,61.400000000000006
004430,송원산업,,11980,12.6,19.7,36.5,-28.4,41.4,-3.3,15.1,26.5,-6.8,12.1,21.3,0.15,16730,8470,5,False,True,False,252379,962451,18.2,29.8,136.5,0.26,3,False,True,False,False,5일선회복,49.3,15.5,4.6,64.4,19.3,True,10,강세,-6,0,-3,-3,67.7,22.8,1520.53,2.53,2.74,-120778.0,-120778.0,-120778.0,10,10,1.0,67.3,61.3
063160,종근당바이오,,17940,25.4,18.7,18.7,-35.1,2.4,-3.1,-9.6,-15.4,-5.1,-6.2,-14.9,0.74,27650,17520,0,False,False,False,13513,15145,2.0,2.4,2.9,0.89,3,False,True,False,False,5일선회복,64.2,-0.3,-0.0,-4.0,-0.3,True,0,강세,-6,0,-3,-3,67.7,22.8,1520.53,2.53,2.74,-120778.0,-120778.0,-120778.0,10,10,1.0,67.2,61.2
317450,명인제약,,51500,33.8,38.4,32.7,-61.7,6.8,-0.2,-9.6,-17.6,-3.5,-7.1,,1.04,134500,48200,5,False,True,False,24515,22652,12.4,12.3,12.1,1.08,3,False,True,False,False,5일선회복,56.2,9.8,-10.6,0.2,-35.5,True,3,강세,-6,0,-3,-3,67.7,22.8,1520.53,2.53,2.74,-120778.0,-120778.0,-120778.0,10,10,1.0,67.2,61.2
067830,세이브존I&C,,2800,33.3,23.7,18.5,-32.3,23.1,-4.1,-13.3,-16.9,-7.7,-8.2,-2.0,0.38,4135,2275,5,False,True,False,91901,89390,0.9,2.6,2.7,1.03,3,False,True,False,False,5일선회복,58.8,-0.2,-0.1,0.4,-0.5,True,0,강세,-6,0,-3,-3,67.7,22.8,1520.53,2.53,2.74,-120778.0,-120778.0,-120778.0,10,10,1.0,66.8,60.8
006570,대림통상,,1936,36.7,24.9,13.0,-46.8,2.4,0.4,-3.9,-6.9,-2.6,-3.8,-17.5,0.38,3640,1890,10,True,True,False,180560,56894,0.4,3.6,1.1,3.17,0,False,False,False,False,-,56.7,-0.1,-0.1,-0.2,-0.0,True,0,강세,-6,0,-3,-3,67.7,22.8,1520.53,2.53,2.74,-120778.0,-120778.0,-120778.0,10,10,1.0,66.7,60.7
352820,하이브,,235000,34.1,26.8,28.8,-42.0,5.9,-3.7,-5.6,-41.9,-3.4,-13.8,-22.3,0.52,405500,222000,5,False,False,True,231894,287320,357.8,538.6,703.1,0.81,6,False,True,True,False,5일선회복/+3%반등,52.7,216.0,-79.5,-1845.2,-445.0,True,3,강세,-6,0,-3,-3,67.7,22.8,1520.53,2.53,2.74,-120778.0,-120778.0,-120778.0,10,10,1.0,66.7,60.7
006060,화승인더,,3080,32.6,22.2,15.1,-42.0,4.8,-9.9,-9.3,-10.3,-7.4,-7.2,-17.0,0.48,5310,2940,0,False,False,False,202327,199567,3.0,6.3,6.7,1.01,3,False,True,False,False,5일선회복,63.5,-9.1,-4.0,-16.9,16.4,True,0,강세,-6,0,-3,-3,67.7,22.8,1520.53,2.53,2.74,-120778.0,-120778.0,-120778.0,10,10,1.0,66.5,60.5
004720,팜젠사이언스,,3680,23.3,18.5,24.8,-33.0,7.9,-1.2,-4.5,-9.8,-4.9,-3.4,-10.6,0.28,5490,3410,5,False,True,False,67657,112813,1.2,2.5,4.5,0.6,3,False,True,False,False,5일선회복,58.4,-1.4,-0.0,-0.9,0.6,True,0,강세,-6,0,-3,-3,67.7,22.8,1520.53,2.53,2.74,-120778.0,-120778.0,-120778.0,10,10,1.0,66.4,60.400000000000006
192820,코스맥스,,183000,33.7,23.6,23.5,-36.2,17.9,-1.5,-14.5,-8.5,-9.6,-6.9,-6.4,0.58,287000,155200,5,False,True,False,63708,94962,102.3,113.4,192.3,0.67,3,False,True,False,False,5일선회복,58.4,-23.2,-0.8,-324.9,-21.5,True,0,강세,-6,0,-3,-3,67.7,22.8,1520.53,2.53,2.74,-120778.0,-120778.0,-120778.0,10,10,1.0,66.4,60.400000000000006
003090,대웅,,20700,34.7,37.1,26.9,-32.4,9.7,-1.9,-10.2,-23.6,-4.5,-8.9,-10.7,0.74,30600,18870,5,False,True,False,69564,69605,10.9,14.1,15.1,1.0,3,False,True,False,False,5일선회복,50.2,-5.6,7.6,-50.9,10.7,True,8,강세,-6,0,-3,-3,67.7,22.8,1520.53,2.53,2.74,-120778.0,-120778.0,-120778.0,10,10,1.0,66.2,60.2
002390,한독,,9210,21.6,17.5,21.2,-31.6,3.0,-4.8,-11.8,-18.4,-6.2,-10.2,-17.8,0.68,13460,8940,0,False,False,False,24778,31961,2.0,2.3,3.2,0.78,3,False,True,False,False,5일선회복,63.2,-0.7,-0.0,-5.6,-1.3,True,0,강세,-6,0,-3,-3,67.7,22.8,1520.53,2.53,2.74,-120778.0,-120778.0,-120778.0,10,10,1.0,66.2,60.2
010950,S-Oil,,109000,17.4,10.9,23.3,-38.5,118.0,-2.8,-4.6,-1.7,-7.0,-5.0,22.8,0.56,177100,50000,0,False,False,False,346981,554786,349.1,380.0,664.1,0.63,0,False,False,False,False,-,63.2,235.0,-254.7,1209.0,-158.1,True,3,강세,-6,0,-3,-3,67.7,22.8,1520.53,2.53,2.74,-120778.0,-120778.0,-120778.0,10,10,1.0,66.2,60.2
126560,현대퓨처넷,,3035,23.3,19.3,20.7,-19.1,2.7,-2.1,-12.0,-13.8,-6.0,-7.6,-6.8,0.61,3750,2955,5,False,True,False,117057,132009,2.5,3.5,4.2,0.89,3,False,True,False,False,5일선회복,58.0,-0.1,-1.3,-2.3,-4.1,True,0,강세,-6,0,-3,-3,67.7,22.8,1520.53,2.53,2.74,-120778.0,-120778.0,-120778.0,10,10,1.0,66.0,60.0
090430,아모레퍼시픽,,120000,32.0,19.1,26.3,-29.0,3.9,-1.6,-8.1,-25.7,-7.4,-9.1,-6.6,0.7,169000,115500,5,False,True,False,230255,347471,297.4,272.9,460.9,0.66,3,False,True,False,False,5일선회복,54.9,95.0,-277.0,-988.7,-384.8,True,3,강세,-6,0,-3,-3,67.7,22.8,1520.53,2.53,2.74,-120778.0,-120778.0,-120778.0,10,10,1.0,65.9,59.900000000000006
009900,명신산업,,11010,26.2,29.4,26.9,-26.3,48.4,-2.6,4.5,18.1,-9.5,0.6,15.9,0.17,14940,7420,10,False,True,True,303565,1091582,19.7,32.1,142.5,0.28,3,False,True,False,False,5일선회복,49.9,13.8,-5.9,-52.5,10.0,True,3,강세,-6,0,-3,-3,67.7,22.8,1520.53,2.53,2.74,-120778.0,-120778.0,-120778.0,10,10,1.0,65.9,59.900000000000006
002100,경농,,9420,27.4,13.5,18.3,-20.8,10.2,-2.2,-4.9,-4.0,-5.2,-3.9,-1.4,0.18,11900,8550,5,False,True,False,57101,140082,2.5,5.4,14.2,0.41,3,False,True,False,False,5일선회복,57.6,-2.6,-0.3,-15.8,18.2,True,0,강세,-6,0,-3,-3,67.7,22.8,1520.53,2.53,2.74,-120778.0,-120778.0,-120778.0,10,10,1.0,65.6,59.599999999999994
271940,일진하이솔루스,,15600,31.4,28.2,27.2,-26.4,29.9,-1.1,-9.1,6.2,-7.5,-6.1,-4.0,0.4,21200,12010,10,False,True,True,53782,99808,6.3,8.0,17.4,0.54,3,False,True,False,False,5일선회복,52.6,-0.5,-0.6,18.3,-2.0,True,0,강세,-6,0,-3,-3,67.7,22.8,1520.53,2.53,2.74,-120778.0,-120778.0,-120778.0,10,10,1.0,65.6,59.599999999999994
007160,사조산업,,48700,31.8,29.3,20.4,-33.2,30.2,-4.7,-10.0,-23.7,-5.3,-7.0,-7.7,0.47,72900,37400,5,False,False,True,6246,7047,1.7,3.0,3.6,0.89,3,False,True,False,False,5일선회복,57.6,-0.7,-2.4,-7.0,-4.6,True,0,강세,-6,0,-3,-3,67.7,22.8,1520.53,2.53,2.74,-120778.0,-120778.0,-120778.0,10,10,1.0,65.6,59.599999999999994
192400,쿠쿠홀딩스,,26350,22.8,8.5,11.5,-26.6,3.3,-5.6,-8.8,-9.3,-6.8,-6.7,-10.1,0.59,35900,25500,0,False,False,False,35418,35425,5.6,9.4,10.0,1.0,0,False,False,False,False,-,65.4,-13.5,-2.8,-28.0,18.8,True,0,강세,-6,0,-3,-3,67.7,22.8,1520.53,2.53,2.74,-120778.0,-120778.0,-120778.0,10,10,1.0,65.4,59.400000000000006
001430,세아베스틸지주,,62900,37.5,15.7,1.4,-32.0,248.7,-10.3,-10.0,-15.1,-10.9,-9.0,29.4,1.16,92500,18040,5,True,False,False,486404,352218,262.8,330.2,248.6,1.38,0,False,False,False,False,-,60.4,-217.2,-45.1,-58.3,-76.7,True,0,강세,-6,0,-3,-3,67.7,22.8,1520.53,2.53,2.74,-120778.0,-120778.0,-120778.0,10,10,1.0,65.4,59.400000000000006
000850,화천기공,,35050,23.2,28.4,26.8,-21.9,22.3,0.1,-7.8,-19.8,-4.5,-4.7,-0.3,0.64,44850,28650,10,False,True,True,9766,11211,2.6,3.4,4.1,0.87,3,False,True,False,False,5일선회복,52.3,-0.2,-0.7,-5.1,-3.0,True,0,강세,-6,0,-3,-3,67.7,22.8,1520.53,2.53,2.74,-120778.0,-120778.0,-120778.0,10,10,1.0,65.3,59.3
002320,한진,,17920,25.3,23.6,23.0,-24.9,3.5,-1.4,-8.0,-18.4,-4.0,-5.8,-10.3,1.19,23850,17320,5,False,True,False,38348,34112,7.3,6.8,6.3,1.12,3,False,True,False,False,5일선회복,57.3,-3.6,-0.5,-16.6,-3.3,True,0,강세,-6,0,-3,-3,67.7,22.8,1520.53,2.53,2.74,-120778.0,-120778.0,-120778.0,10,10,1.0,65.3,59.3
028100,동아지질,,16180,34.0,27.5,29.6,-15.9,20.7,-0.4,-10.0,-12.1,-5.0,-7.2,-2.0,0.7,19240,13400,10,False,True,True,52285,52976,6.1,8.2,9.0,0.99,3,False,True,False,False,5일선회복,44.1,-5.4,13.1,-13.7,39.0,True,8,강세,-6,0,-3,-3,67.7,22.8,1520.53,2.53,2.74,-120778.0,-120778.0,-120778.0,10,10,1.0,65.1,59.099999999999994
010770,평화홀딩스,,5000,79.3,100.0,134.1,-66.2,44.1,20.0,26.7,27.2,20.5,25.4,25.1,5.12,14800,3470,15,True,True,True,307019,126454,33.5,14.3,5.6,2.43,10,False,True,True,True,5일선회복/+3%반등/거래량동반양봉,30.0,3.8,1.4,4.3,0.8,True,10,강세,-6,0,-3,-3,67.7,22.8,1520.53,2.53,2.74,-120778.0,-120778.0,-120778.0,10,10,1.0,65.0,59.0
004000,롯데정밀화학,,54000,16.5,16.7,23.0,-24.8,53.6,-2.2,0.4,9.5,-10.1,-1.7,12.4,0.38,71800,35150,5,False,True,False,68580,136142,28.6,36.6,84.6,0.5,3,False,True,False,False,5일선회복,54.0,1.7,-22.0,85.2,-92.0,True,3,강세,-6,0,-3,-3,67.7,22.8,1520.53,2.53,2.74,-120778.0,-120778.0,-120778.0,10,10,1.0,65.0,59.0
139990,아주스틸,,3090,22.7,17.8,24.6,-32.0,8.6,-6.5,-5.8,-4.2,-10.4,-4.6,-9.0,0.12,4545,2845,0,False,False,False,110822,403885,1.6,3.4,15.5,0.27,3,False,True,False,False,5일선회복,58.9,0.9,-0.2,-5.4,-3.8,True,3,강세,-6,0,-3,-3,67.7,22.8,1520.53,2.53,2.74,-120778.0,-120778.0,-120778.0,10,10,1.0,64.9,58.900000000000006
090370,메타랩스,,1340,36.3,37.8,34.7,-49.0,9.4,0.4,-9.3,-20.6,-2.9,-5.1,-10.7,0.76,2630,1225,5,False,True,False,37393,47814,0.5,0.5,0.7,0.78,6,False,True,True,False,5일선회복/+3%반등,50.9,-0.1,0.1,-1.3,-0.4,True,3,강세,-6,0,-3,-3,67.7,22.8,1520.53,2.53,2.74,-120778.0,-120778.0,-120778.0,10,10,1.0,64.9,58.900000000000006
107590,미원홀딩스,,57200,12.3,1.6,16.3,-27.6,0.2,-2.9,-10.8,-17.3,-5.9,-9.5,-15.7,0.81,79000,57100,0,False,False,False,620,659,0.3,0.4,0.4,0.94,0,False,False,False,False,-,64.9,-0.0,-0.0,0.0,-0.6,True,0,강세,-6,0,-3,-3,67.7,22.8,1520.53,2.53,2.74,-120778.0,-120778.0,-120778.0,10,10,1.0,64.9,58.900000000000006
002700,신일전자,,1342,28.0,17.6,13.7,-24.3,8.1,-4.4,-8.7,-3.6,-5.2,-4.6,-0.7,0.49,1773,1242,0,False,False,False,588210,659667,4.4,8.0,9.3,0.89,0,False,False,False,False,-,61.7,0.9,-0.0,0.1,-1.2,True,3,강세,-6,0,-3,-3,67.7,22.8,1520.53,2.53,2.74,-120778.0,-120778.0,-120778.0,10,10,1.0,64.7,58.7
006370,대구백화점,,5270,42.3,36.9,34.1,-33.1,26.2,2.9,-18.8,1.0,-4.4,-3.0,-8.8,0.56,7880,4175,10,False,True,True,31546,64397,1.8,1.6,3.6,0.49,6,False,True,True,False,5일선회복/+3%반등,40.6,0.4,-0.0,2.3,-0.3,True,8,강세,-6,0,-3,-3,67.7,22.8,1520.53,2.53,2.74,-120778.0,-120778.0,-120778.0,10,10,1.0,64.6,58.599999999999994
013570,디와이,,4560,22.7,22.9,21.3,-19.1,15.2,-4.0,-11.3,-15.6,-7.4,-7.7,-2.3,0.45,5640,3960,5,False,True,False,99786,141784,2.9,4.5,7.0,0.7,3,False,True,False,False,5일선회복,56.5,-4.2,-0.0,-3.1,-0.2,True,0,강세,-6,0,-3,-3,67.7,22.8,1520.53,2.53,2.74,-120778.0,-120778.0,-120778.0,10,10,1.0,64.5,58.5
126720,수산인더스트리,,29400,34.2,22.2,24.5,-19.2,51.4,-2.6,1.2,7.7,-7.7,-1.1,19.6,0.35,36400,19420,5,False,True,False,45596,99307,10.4,13.1,32.0,0.46,6,False,True,True,False,5일선회복/+3%반등,43.5,1.1,1.9,-7.8,16.9,True,10,강세,-6,0,-3,-3,67.7,22.8,1520.53,2.53,2.74,-120778.0,-120778.0,-120778.0,10,10,1.0,64.5,58.5
017390,서울가스,,60600,27.4,27.5,20.7,-28.0,17.4,-3.8,-3.8,-10.1,-2.9,-4.8,-5.3,0.29,84200,51600,0,False,False,False,10402,8984,1.6,6.3,5.6,1.16,6,False,True,True,False,5일선회복/+3%반등,55.4,10.0,-3.9,9.2,-3.2,True,3,강세,-6,0,-3,-3,67.7,22.8,1520.53,2.53,2.74,-120778.0,-120778.0,-120778.0,10,10,1.0,64.4,58.400000000000006
104700,한국철강,,9400,15.5,21.7,25.7,-19.8,15.3,-1.2,-7.2,-1.2,-5.6,-3.4,-4.1,0.34,11720,8150,5,False,True,False,37796,98053,3.2,3.5,10.5,0.39,3,False,True,False,False,5일선회복,53.3,-4.3,1.6,-10.0,1.6,True,3,강세,-6,0,-3,-3,67.7,22.8,1520.53,2.53,2.74,-120778.0,-120778.0,-120778.0,10,10,1.0,64.3,58.3
000700,유수홀딩스,,5730,24.5,18.8,21.4,-20.4,6.1,-2.9,-9.5,-11.8,-4.4,-8.7,-4.0,1.24,7200,5400,0,False,False,False,41638,43140,3.1,2.4,2.6,0.97,3,False,True,False,False,5일선회복,58.3,0.6,-1.1,2.6,-1.4,True,3,강세,-6,0,-3,-3,67.7,22.8,1520.53,2.53,2.74,-120778.0,-120778.0,-120778.0,10,10,1.0,64.3,58.3
071840,롯데하이마트,,7020,24.4,16.4,27.2,-30.6,3.1,-2.4,-13.0,-20.2,-6.0,-9.2,-11.3,0.16,10120,6810,0,False,False,False,29931,55811,0.7,2.1,4.1,0.54,3,False,True,False,False,5일선회복,61.3,-1.3,-0.3,-6.5,-2.8,True,0,강세,-6,0,-3,-3,67.7,22.8,1520.53,2.53,2.74,-120778.0,-120778.0,-120778.0,10,10,1.0,64.3,58.3
004690,삼천리,,127700,18.0,21.2,14.8,-27.8,35.7,-6.4,-7.1,-17.8,-8.4,-8.8,-4.5,0.41,176800,94100,0,False,False,False,11277,16144,8.7,14.3,22.6,0.7,3,False,True,False,False,5일선회복,61.0,-19.5,-7.6,31.2,-2.4,True,0,강세,-6,0,-3,-3,67.7,22.8,1520.53,2.53,2.74,-120778.0,-120778.0,-120778.0,10,10,1.0,64.0,58.0
009470,삼화전기,,42000,36.6,51.7,49.6,-29.4,76.1,17.6,-0.7,-5.2,-0.2,5.4,17.2,2.7,59500,23850,10,False,True,True,309221,383625,401.9,121.1,169.7,0.81,10,False,True,True,True,5일선회복/+3%반등/거래량동반양봉,40.9,19.5,-7.3,2.0,-133.8,True,3,강세,-6,0,-3,-3,67.7,22.8,1520.53,2.53,2.74,-120778.0,-120778.0,-120778.0,10,10,1.0,63.9,57.9
012450,한화에어로스페이스,,1261000,33.7,21.6,27.2,-23.8,65.9,3.7,-9.3,9.7,-5.8,-9.0,12.5,0.81,1655000,760000,5,False,True,False,219049,220835,2290.2,2758.8,2970.7,0.99,6,False,True,True,False,5일선회복/+3%반등,49.8,-439.6,552.2,96.1,-1665.2,True,3,강세,-6,0,-3,-3,67.7,22.8,1520.53,2.53,2.74,-120778.0,-120778.0,-120778.0,10,10,1.0,63.8,57.8
005610,삼립,,44700,25.7,12.2,16.8,-26.6,1.7,-4.5,-10.4,-13.0,-5.7,-9.1,-13.5,0.74,60900,43950,0,False,False,False,6176,7159,2.5,2.8,3.4,0.86,0,False,False,False,False,-,63.6,-0.1,-0.6,-18.3,-3.1,True,0,강세,-6,0,-3,-3,67.7,22.8,1520.53,2.53,2.74,-120778.0,-120778.0,-120778.0,10,10,1.0,63.6,57.6
007690,국도화학,,35650,25.5,18.6,18.1,-19.8,15.7,-7.0,-14.0,-10.2,-8.7,-6.4,-1.0,0.5,44450,30800,0,False,False,False,14217,26210,4.7,5.1,10.4,0.54,3,False,True,False,False,5일선회복,60.5,-2.0,-1.5,-7.2,11.5,True,0,강세,-6,0,-3,-3,67.7,22.8,1520.53,2.53,2.74,-120778.0,-120778.0,-120778.0,10,10,1.0,63.5,57.5
001560,제일연마,,10400,19.0,18.4,18.1,-19.4,18.2,-4.1,-8.1,4.6,-7.3,-7.5,2.0,0.13,12900,8800,0,False,False,False,4636,8146,0.1,0.5,0.9,0.57,3,False,True,False,False,5일선회복,57.5,0.2,0.0,0.0,-0.3,True,3,강세,-6,0,-3,-3,67.7,22.8,1520.53,2.53,2.74,-120778.0,-120778.0,-120778.0,10,10,1.0,63.5,57.5
001120,LX인터내셔널,,45900,25.0,30.4,32.5,-20.5,71.3,1.0,-8.4,-4.1,-6.3,-5.1,23.4,0.69,57700,26800,5,False,True,False,128840,176172,54.7,57.6,87.0,0.73,6,False,True,True,False,5일선회복/+3%반등,49.4,-1.2,19.9,161.6,-125.6,True,3,강세,-6,0,-3,-3,67.7,22.8,1520.53,2.53,2.74,-120778.0,-120778.0,-120778.0,10,10,1.0,63.4,57.4
007660,이수페타시스,,126100,29.7,22.1,21.5,-23.3,231.8,-1.5,-5.3,24.0,-9.4,0.1,18.4,0.72,164400,38000,5,False,True,False,1131238,1543359,1153.0,1417.5,2229.2,0.73,3,False,True,False,False,5일선회복,55.3,-1194.1,-13.2,-3390.3,-491.4,True,0,강세,-6,0,-3,-3,67.7,22.8,1520.53,2.53,2.74,-120778.0,-120778.0,-120778.0,10,10,1.0,63.3,57.3
002310,아세아제지,,8350,33.0,47.1,31.4,-26.6,21.7,-1.8,-11.5,-25.7,-3.6,-6.3,1.2,0.63,11380,6860,0,False,False,False,226866,197635,10.4,18.7,17.1,1.15,6,False,True,True,False,5일선회복/+3%반등,49.3,13.4,-1.7,7.4,0.8,True,8,강세,-6,0,-3,-3,67.7,22.8,1520.53,2.53,2.74,-120778.0,-120778.0,-120778.0,10,10,1.0,63.3,57.3
009680,모토닉,,10520,27.3,51.1,26.8,-12.2,12.8,-0.7,-4.0,-6.0,-2.4,-2.6,-0.9,1.43,11980,9330,5,False,True,False,35167,29942,4.6,3.7,3.2,1.17,7,False,True,False,True,5일선회복/거래량동반양봉,48.3,1.4,-0.2,3.6,-4.8,True,3,강세,-6,0,-3,-3,67.7,22.8,1520.53,2.53,2.74,-120778.0,-120778.0,-120778.0,10,10,1.0,63.3,57.3
053210,스카이라이프,,4485,23.2,19.8,24.1,-18.6,3.9,-1.2,-9.4,-14.4,-4.6,-7.4,-11.1,0.57,5510,4315,5,False,True,False,84984,66865,1.8,3.8,3.1,1.27,3,False,True,False,False,5일선회복,55.0,-0.1,-0.2,-1.4,-4.2,True,0,강세,-6,0,-3,-3,67.7,22.8,1520.53,2.53,2.74,-120778.0,-120778.0,-120778.0,10,10,1.0,63.0,57.0
027410,BGF,,4605,28.5,5.2,5.7,-15.0,29.0,-7.4,-8.1,8.1,-7.4,-4.0,10.0,1.02,5420,3570,0,False,False,False,260952,282957,13.6,12.3,14.1,0.92,0,False,False,False,False,-,62.9,-3.3,-3.8,17.6,3.3,True,0,강세,-6,0,-3,-3,67.7,22.8,1520.53,2.53,2.74,-120778.0,-120778.0,-120778.0,10,10,1.0,62.9,56.9
031440,신세계푸드,,45700,40.7,15.8,7.7,-22.3,38.9,-10.4,-9.0,-4.5,-11.0,-8.5,3.1,4.83,58800,32900,5,True,False,False,41952,19252,44.3,19.6,9.6,2.18,0,False,False,False,False,-,57.8,-5.0,-36.0,-14.0,-12.4,True,0,강세,-6,0,-3,-3,67.7,22.8,1520.53,2.53,2.74,-120778.0,-120778.0,-120778.0,10,10,1.0,62.8,56.8
323410,카카오뱅크,,22800,39.9,26.1,33.3,-41.2,8.8,1.6,-8.6,-18.9,-3.3,-5.6,-4.4,0.82,38750,20950,10,False,True,True,884376,980679,188.0,197.5,231.0,0.9,6,False,True,True,False,5일선회복/+3%반등,43.6,126.8,-17.6,-152.7,-75.1,True,3,강세,-6,0,-3,-3,67.7,22.8,1520.53,2.53,2.74,-120778.0,-120778.0,-120778.0,10,10,1.0,62.6,56.6
194370,제이에스코퍼레이션,,12200,25.0,20.6,15.5,-24.2,48.1,-9.6,-7.4,-8.8,-11.3,-4.5,3.8,0.44,16090,8240,0,False,False,False,117179,142766,7.8,14.3,20.1,0.82,3,False,True,False,False,5일선회복,59.5,-21.8,-3.7,-10.6,52.5,True,0,강세,-6,0,-3,-3,67.7,22.8,1520.53,2.53,2.74,-120778.0,-120778.0,-120778.0,10,10,1.0,62.5,56.5
084870,TBH글로벌,,1992,21.0,18.9,30.7,-19.0,85.6,-1.6,-2.8,50.8,-2.9,-4.0,28.8,0.51,2460,1073,0,False,False,False,37336,59436,0.6,0.7,1.2,0.63,3,False,False,True,False,+3%반등,49.5,0.3,0.3,0.0,1.0,True,10,강세,-6,0,-3,-3,67.7,22.8,1520.53,2.53,2.74,-120778.0,-120778.0,-120778.0,10,10,1.0,62.5,56.5
023800,인지컨트롤스,,7220,23.6,19.5,14.6,-14.7,33.7,-6.8,-7.2,-4.2,-7.5,-1.5,10.2,0.9,8460,5400,0,False,False,False,106138,106738,7.1,7.7,8.4,0.99,3,False,True,False,False,5일선회복,56.3,3.6,-0.4,9.9,0.3,True,3,강세,-6,0,-3,-3,67.7,22.8,1520.53,2.53,2.74,-120778.0,-120778.0,-120778.0,10,10,1.0,62.3,56.3
003620,KG모빌리티,,3755,28.0,26.4,25.0,-19.6,18.8,-2.8,-10.3,-13.2,-7.2,-1.7,4.2,0.61,4670,3160,5,False,True,False,1205148,1498603,34.4,43.8,61.3,0.8,3,False,True,False,False,5일선회복,53.9,-1.9,-32.7,47.5,-50.3,True,0,강세,-6,0,-3,-3,67.7,22.8,1520.53,2.53,2.74,-120778.0,-120778.0,-120778.0,10,10,1.0,61.9,55.9
377300,카카오페이,,50000,44.1,26.4,27.1,-56.1,inf,-2.2,-12.3,-22.7,-7.8,-8.2,-9.7,0.36,114000,0,5,False,True,False,272412,575637,106.2,130.0,326.5,0.47,3,False,True,False,False,5일선회복,45.1,67.4,-48.4,-136.4,-123.8,True,8,강세,-6,0,-3,-3,67.7,22.8,1520.53,2.53,2.74,-120778.0,-120778.0,-120778.0,10,10,1.0,61.1,55.1
002790,아모레퍼시픽홀딩스,,24700,34.3,23.4,25.0,-31.3,11.8,-3.5,-10.5,-29.2,-7.7,-9.4,-10.9,0.9,35950,22100,5,False,True,False,147208,171094,38.6,35.7,46.4,0.86,3,False,True,False,False,5일선회복,53.0,-8.6,-11.1,-118.5,-49.4,True,0,강세,-6,0,-3,-3,67.7,22.8,1520.53,2.53,2.74,-120778.0,-120778.0,-120778.0,10,10,1.0,61.0,55.0
003960,사조대림,,30000,34.5,38.3,30.1,-35.3,6.4,-1.2,-9.2,-21.9,-3.8,-6.5,-18.6,0.44,46350,28200,5,False,True,False,9425,10079,1.4,2.8,3.1,0.94,6,False,True,True,False,5일선회복/+3%반등,49.9,-0.3,-0.1,-5.8,-0.8,True,0,강세,-6,0,-3,-3,67.7,22.8,1520.53,2.53,2.74,-120778.0,-120778.0,-120778.0,10,10,1.0,60.9,54.9
008930,한미사이언스,,33750,36.4,37.5,25.5,-39.2,14.6,-3.6,-14.0,-22.1,-6.3,-9.6,-14.3,0.89,55500,29450,5,False,True,False,144771,125443,38.1,47.5,44.7,1.15,3,False,True,False,False,5일선회복,52.9,-0.4,-1.4,-84.7,-89.0,True,0,강세,-6,0,-3,-3,67.7,22.8,1520.53,2.53,2.74,-120778.0,-120778.0,-120778.0,10,10,1.0,60.9,54.9
007540,샘표,,47550,33.3,22.3,21.1,-35.0,16.1,-2.5,-10.6,-13.7,-4.9,-9.7,-6.1,0.48,73100,40950,0,False,False,False,7110,6923,1.6,3.4,3.4,1.03,3,False,True,False,False,5일선회복,57.8,-0.2,-0.3,-4.1,-3.1,True,0,강세,-6,0,-3,-3,67.7,22.8,1520.53,2.53,2.74,-120778.0,-120778.0,-120778.0,10,10,1.0,60.8,54.8
460860,동국제강,,12330,27.2,29.8,31.1,-30.4,58.9,-4.9,14.3,41.9,-8.3,10.0,30.1,0.26,17710,7760,5,False,True,False,462616,998733,33.8,55.4,141.6,0.46,3,False,True,False,False,5일선회복,49.8,91.3,-77.1,199.3,-94.9,True,3,강세,-6,0,-3,-3,67.7,22.8,1520.53,2.53,2.74,-120778.0,-120778.0,-120778.0,10,10,1.0,60.8,54.8
001770,SHD,,15610,35.0,40.1,20.4,-21.3,8.3,0.5,-9.6,-12.1,-4.7,-6.8,-10.8,0.21,19840,14410,10,False,True,True,2165,2143,0.1,0.3,0.4,1.01,3,False,True,False,False,5일선회복,47.7,-0.1,0.0,-0.1,-0.0,True,0,강세,-6,0,-3,-3,67.7,22.8,1520.53,2.53,2.74,-120778.0,-120778.0,-120778.0,10,10,1.0,60.7,54.7
002350,넥센타이어,,6770,33.3,29.5,28.7,-33.0,20.5,-0.7,-11.0,-27.0,-5.0,-6.7,-4.9,0.61,10110,5620,5,False,True,False,182994,195981,8.3,12.1,14.0,0.93,3,False,True,False,False,5일선회복,52.4,-0.4,-2.1,-33.8,-24.5,True,0,강세,-6,0,-3,-3,67.7,22.8,1520.53,2.53,2.74,-120778.0,-120778.0,-120778.0,10,10,1.0,60.4,54.4
002710,TCC스틸,,17130,35.2,39.2,35.1,-25.4,43.8,2.0,-6.1,6.4,-6.3,5.7,4.1,0.37,22950,11910,10,False,True,True,153343,475804,29.0,24.5,96.1,0.32,6,False,True,True,False,5일선회복/+3%반등,41.4,19.5,-3.8,-23.3,-10.3,True,3,강세,-6,0,-3,-3,67.7,22.8,1520.53,2.53,2.74,-120778.0,-120778.0,-120778.0,10,10,1.0,60.4,54.4
005300,롯데칠성,,113700,35.6,8.0,17.6,-26.6,13.5,-3.9,-7.9,-19.8,-4.4,-4.1,-8.3,1.65,154800,100200,0,False,False,False,32004,27014,51.6,36.6,32.0,1.18,0,False,False,False,False,-,57.4,18.6,-60.8,26.5,-121.4,True,3,강세,-6,0,-3,-3,67.7,22.8,1520.53,2.53,2.74,-120778.0,-120778.0,-120778.0,10,10,1.0,60.4,54.4
0126Z0,삼성에피스홀딩스,,500000,39.1,48.8,31.4,-35.3,52.0,-1.4,-12.7,-19.5,-4.7,-5.8,,0.92,773000,329000,5,False,True,False,50762,56986,261.9,246.1,300.6,0.89,3,False,True,False,False,5일선회복,44.3,166.2,-54.1,-284.4,-492.3,True,8,강세,-6,0,-3,-3,67.7,22.8,1520.53,2.53,2.74,-120778.0,-120778.0,-120778.0,10,10,1.0,60.3,54.3
004970,신라교역,,9160,34.1,23.8,19.1,-15.5,4.0,-1.5,-5.6,-10.5,-3.2,-4.1,-2.3,1.3,10840,8810,5,False,True,False,17448,19467,2.2,1.6,1.8,0.9,7,False,True,False,True,5일선회복/거래량동반양봉,48.3,-0.3,-1.0,-1.1,-4.8,True,0,강세,-6,0,-3,-3,67.7,22.8,1520.53,2.53,2.74,-120778.0,-120778.0,-120778.0,10,10,1.0,60.3,54.3
005810,풍산홀딩스,,41200,34.4,31.6,27.2,-32.3,46.4,-1.7,-7.7,3.3,-4.8,-2.4,2.2,0.34,60900,28150,5,False,True,False,60239,93456,13.0,24.3,41.3,0.64,3,False,True,False,False,5일선회복,49.3,14.2,-4.1,4.8,4.0,True,3,강세,-6,0,-3,-3,67.7,22.8,1520.53,2.53,2.74,-120778.0,-120778.0,-120778.0,10,10,1.0,60.3,54.3
058430,포스코스틸리온,,6780,30.9,22.3,38.5,-35.4,90.4,-3.4,41.3,55.7,-6.8,18.8,54.3,0.08,10500,3560,5,False,True,False,670262,4877705,28.6,43.4,392.9,0.14,3,False,True,False,False,5일선회복,49.3,36.4,-0.8,-6.9,-9.8,True,3,강세,-6,0,-3,-3,67.7,22.8,1520.53,2.53,2.74,-120778.0,-120778.0,-120778.0,10,10,1.0,60.3,54.3
006840,AK홀딩스,,7950,34.2,35.3,35.3,-41.1,5.3,2.4,-6.6,-6.1,-2.5,-2.6,-13.7,0.6,13500,7550,5,False,True,False,11598,15316,0.6,0.9,1.3,0.76,6,False,True,True,False,5일선회복/+3%반등,49.3,-0.0,-0.0,-2.3,-0.4,True,0,강세,-6,0,-3,-3,67.7,22.8,1520.53,2.53,2.74,-120778.0,-120778.0,-120778.0,10,10,1.0,60.3,54.3
002820,SUN&L,,2275,31.4,22.0,16.7,-27.0,10.4,-1.1,-6.4,-6.0,-3.3,-4.2,-9.3,0.46,3115,2060,0,False,False,False,20736,33873,0.3,0.5,0.8,0.61,0,False,False,False,False,-,57.2,-0.2,0.3,-1.1,2.6,True,3,강세,-6,0,-3,-3,67.7,22.8,1520.53,2.53,2.74,-120778.0,-120778.0,-120778.0,10,10,1.0,60.2,54.2
024090,디씨엠,,11700,25.3,18.4,11.2,-20.9,4.6,-6.2,-6.5,-1.8,-4.9,-5.1,-4.4,0.46,14790,11190,0,False,False,False,12055,12206,0.7,1.4,1.5,0.99,0,False,False,False,False,-,60.0,-0.5,-1.2,4.9,-1.3,True,0,강세,-6,0,-3,-3,67.7,22.8,1520.53,2.53,2.74,-120778.0,-120778.0,-120778.0,10,10,1.0,60.0,54.0
009290,광동제약,,7560,36.1,31.8,30.5,-40.9,41.3,0.4,-7.9,-5.5,-4.5,-9.2,11.6,0.9,12800,5350,5,False,True,False,187956,263463,18.2,13.8,21.1,0.71,3,False,True,False,False,5일선회복,49.0,5.0,-0.8,7.1,-0.3,True,3,강세,-6,0,-3,-3,67.7,22.8,1520.53,2.53,2.74,-120778.0,-120778.0,-120778.0,10,10,1.0,60.0,54.0
001070,대한방직,,6240,31.9,33.6,25.2,-34.0,21.6,-2.7,-6.6,-12.6,-4.4,-6.6,-5.0,0.31,9460,5130,0,False,False,False,24494,20898,0.4,1.5,1.4,1.17,3,False,True,False,False,5일선회복,54.0,0.5,-0.1,-0.1,-0.1,True,3,강세,-6,0,-3,-3,67.7,22.8,1520.53,2.53,2.74,-120778.0,-120778.0,-120778.0,10,10,1.0,60.0,54.0
011420,갤럭시아에스엠,,1714,35.7,26.6,27.5,-41.5,8.1,-0.8,-8.0,-12.5,-4.1,-4.3,-13.7,0.79,2930,1585,5,False,True,False,70712,92230,1.3,1.2,1.7,0.77,3,False,True,False,False,5일선회복,51.9,-0.1,-0.1,0.8,-0.1,True,0,강세,-6,0,-3,-3,67.7,22.8,1520.53,2.53,2.74,-120778.0,-120778.0,-120778.0,10,10,1.0,59.9,53.9
004700,조광피혁,,63400,33.1,35.1,36.4,-27.6,22.9,1.6,-8.1,-14.1,-2.9,-5.6,-5.4,0.79,87600,51600,5,False,True,False,2565,2360,1.2,1.6,1.5,1.09,6,False,True,True,False,5일선회복/+3%반등,45.9,0.6,-0.4,-0.3,-2.7,True,3,강세,-6,0,-3,-3,67.7,22.8,1520.53,2.53,2.74,-120778.0,-120778.0,-120778.0,10,10,1.0,59.9,53.9
035250,강원랜드,,15660,27.4,17.7,23.4,-24.3,2.4,-3.9,-7.0,-18.0,-4.1,-7.7,-11.7,0.63,20700,15290,0,False,False,False,594420,711759,71.0,92.9,116.2,0.84,3,False,True,False,False,5일선회복,56.9,-59.4,-8.2,-361.0,-96.2,True,0,강세,-6,0,-3,-3,67.7,22.8,1520.53,2.53,2.74,-120778.0,-120778.0,-120778.0,10,10,1.0,59.9,53.9
096770,SK이노베이션,,123700,24.0,22.5,29.8,-20.4,53.1,0.2,-7.3,4.3,-6.0,0.1,7.6,0.53,155400,80800,5,False,True,False,524043,866312,581.4,629.2,1176.1,0.6,3,False,True,False,False,5일선회복,51.8,-155.2,-82.6,1969.8,54.0,True,0,강세,-6,0,-3,-3,67.7,22.8,1520.53,2.53,2.74,-120778.0,-120778.0,-120778.0,10,10,1.0,59.8,53.8
003680,한성기업,,4960,33.6,46.1,35.4,-35.9,4.3,0.5,-3.9,-5.9,-1.4,-1.8,-7.5,0.45,7740,4755,10,False,True,True,22537,26315,0.6,1.1,1.3,0.86,3,False,True,False,False,5일선회복,46.8,-1.1,-0.0,-2.1,-0.0,True,0,강세,-6,0,-3,-3,67.7,22.8,1520.53,2.53,2.74,-120778.0,-120778.0,-120778.0,10,10,1.0,59.8,53.8
004890,동일산업,,36500,15.8,14.3,26.3,-22.8,1.5,-1.7,-2.4,-9.1,-3.2,-4.2,-7.1,0.35,47250,35950,0,False,False,False,1913,2315,0.3,0.7,0.9,0.83,3,False,True,False,False,5일선회복,53.7,0.7,0.0,2.0,-0.1,True,3,강세,-6,0,-3,-3,67.7,22.8,1520.53,2.53,2.74,-120778.0,-120778.0,-120778.0,10,10,1.0,59.7,53.7
001630,종근당홀딩스,,46050,32.0,19.1,24.1,-22.3,4.8,-3.1,-8.8,-14.2,-4.0,-4.6,-4.6,1.0,59300,43950,0,False,False,False,6104,5328,2.4,2.8,2.5,1.15,3,False,True,False,False,5일선회복,53.4,-0.0,0.2,-6.3,-2.7,True,3,강세,-6,0,-3,-3,67.7,22.8,1520.53,2.53,2.74,-120778.0,-120778.0,-120778.0,10,10,1.0,59.4,53.4
051910,LG화학,,351000,36.5,22.4,16.7,-19.8,93.4,-6.1,-9.9,4.9,-9.9,-0.3,4.2,0.87,437500,181500,5,False,True,False,364830,398699,1226.7,1271.4,1554.4,0.92,3,False,True,False,False,5일선회복,48.3,-1022.1,178.9,292.6,130.6,True,3,강세,-6,0,-3,-3,67.7,22.8,1520.53,2.53,2.74,-120778.0,-120778.0,-120778.0,10,10,1.0,59.3,53.3
013520,화승코퍼레이션,,2905,33.0,3.6,12.8,-27.4,59.4,-9.5,0.5,10.2,-7.8,-2.0,21.0,0.59,4000,1822,0,False,False,False,238745,295844,5.2,7.2,9.5,0.81,0,False,False,False,False,-,56.3,1.8,-0.1,9.6,-0.2,True,3,강세,-6,0,-3,-3,67.7,22.8,1520.53,2.53,2.74,-120778.0,-120778.0,-120778.0,10,10,1.0,59.3,53.3
034310,NICE,,13160,27.2,19.4,23.9,-14.7,18.7,-2.2,-4.1,-12.1,-4.2,-4.2,-3.4,0.79,15430,11090,5,False,True,False,47316,53508,5.7,6.2,7.4,0.88,3,False,False,True,False,+3%반등,51.0,-5.2,-0.8,-10.3,4.3,True,0,강세,-6,0,-3,-3,67.7,22.8,1520.53,2.53,2.74,-120778.0,-120778.0,-120778.0,10,10,1.0,59.0,53.0
499790,GS피앤엘,,45800,33.6,10.5,13.5,-31.6,113.0,-13.3,-4.6,-23.9,-11.7,-5.9,-3.6,0.6,67000,21500,0,False,False,False,104693,179747,50.3,49.3,94.8,0.58,0,False,False,False,False,-,59.0,-0.6,-25.8,-34.9,-35.7,True,0,강세,-6,0,-3,-3,67.7,22.8,1520.53,2.53,2.74,-120778.0,-120778.0,-120778.0,10,10,1.0,59.0,53.0
095570,AJ네트웍스,,4800,33.1,39.1,38.8,-13.8,34.5,3.1,-5.9,-10.3,-2.3,-4.5,2.6,1.27,5570,3570,10,False,True,True,362401,327376,19.9,17.2,16.1,1.11,6,False,True,True,False,5일선회복/+3%반등,39.7,3.3,-9.3,-0.7,-5.3,True,3,강세,-6,0,-3,-3,67.7,22.8,1520.53,2.53,2.74,-120778.0,-120778.0,-120778.0,10,10,1.0,58.7,52.7
139480,이마트,,90500,38.7,12.1,5.9,-33.7,28.7,-11.7,-11.0,-18.8,-13.0,-9.0,3.4,1.1,136400,70300,0,False,False,False,287962,268958,273.2,267.6,280.8,1.07,0,False,False,False,False,-,58.5,-91.6,-55.6,162.1,186.4,True,0,강세,-6,0,-3,-3,67.7,22.8,1520.53,2.53,2.74,-120778.0,-120778.0,-120778.0,10,10,1.0,58.5,52.5
005070,코스모신소재,,54600,43.4,47.2,35.7,-17.8,85.1,5.0,-15.3,0.0,-5.5,-0.3,9.8,0.98,66400,29500,10,False,True,True,195058,302218,153.7,98.9,179.6,0.65,10,False,True,True,True,5일선회복/+3%반등/거래량동반양봉,30.4,-15.8,14.6,-114.8,-19.8,True,8,강세,-6,0,-3,-3,67.7,22.8,1520.53,2.53,2.74,-120778.0,-120778.0,-120778.0,10,10,1.0,58.4,52.4
214390,경보제약,,6260,36.9,40.2,36.6,-32.7,31.7,2.0,-8.7,3.5,-2.5,-8.5,4.4,0.67,9300,4755,10,False,True,True,80704,102725,4.2,4.9,6.6,0.79,3,False,True,False,False,5일선회복,42.4,3.1,-0.2,11.1,1.0,True,3,강세,-6,0,-3,-3,67.7,22.8,1520.53,2.53,2.74,-120778.0,-120778.0,-120778.0,10,10,1.0,58.4,52.4
000720,현대건설,,150300,43.3,44.6,28.8,-24.2,252.4,-3.0,-14.1,20.9,-6.0,-7.5,50.7,0.52,198400,42650,5,False,True,False,970509,1203854,918.7,1387.6,1944.1,0.81,3,False,True,False,False,5일선회복,35.3,765.5,137.1,2529.2,-2251.0,True,15,강세,-6,0,-3,-3,67.7,22.8,1520.53,2.53,2.74,-120778.0,-120778.0,-120778.0,10,10,1.0,58.3,52.3
097950,CJ제일제당,,215000,31.1,17.6,22.6,-20.4,15.5,-5.9,-9.5,-3.4,-5.4,-4.0,-3.8,0.52,270000,186100,0,False,False,False,53643,70660,79.9,115.7,161.2,0.76,3,False,False,True,False,+3%반등,55.3,-58.3,-67.8,182.0,-181.3,True,0,강세,-6,0,-3,-3,67.7,22.8,1520.53,2.53,2.74,-120778.0,-120778.0,-120778.0,10,10,1.0,58.3,52.3
051600,한전KPS,,54600,23.6,24.5,23.0,-20.9,37.5,-3.2,-9.3,-11.9,-7.0,-7.6,0.4,0.61,69000,39700,0,False,False,False,156078,209211,71.4,84.3,123.5,0.75,3,False,True,False,False,5일선회복,55.2,-25.0,-57.7,-105.0,-184.3,True,0,강세,-6,0,-3,-3,67.7,22.8,1520.53,2.53,2.74,-120778.0,-120778.0,-120778.0,10,10,1.0,58.2,52.2
002690,동일제강,,1568,32.0,28.2,31.8,-21.2,13.6,-0.3,-8.0,-4.6,-3.7,-2.8,-2.8,0.16,1990,1380,5,False,True,False,43483,177210,0.4,0.7,3.0,0.25,6,False,True,True,False,5일선회복/+3%반등,47.2,-0.3,-0.0,-3.4,-0.0,True,0,강세,-6,0,-3,-3,67.7,22.8,1520.53,2.53,2.74,-120778.0,-120778.0,-120778.0,10,10,1.0,58.2,52.2
090350,노루페인트,,8210,35.1,30.6,32.1,-22.3,6.6,1.7,-7.4,-9.3,-3.0,-4.2,-5.3,0.4,10570,7700,10,False,True,True,133192,124601,4.1,10.9,10.6,1.07,6,False,True,True,False,5일선회복/+3%반등,42.1,-0.9,-3.4,-13.1,-7.2,True,0,강세,-6,0,-3,-3,67.7,22.8,1520.53,2.53,2.74,-120778.0,-120778.0,-120778.0,10,10,1.0,58.1,52.1
011230,삼화전자,,2680,57.0,100.0,95.1,-58.1,33.3,21.3,5.9,-2.5,13.7,7.5,-14.5,12.53,6400,2010,15,True,True,True,543851,196400,67.7,14.4,5.0,2.77,10,False,True,True,True,5일선회복/+3%반등/거래량동반양봉,30.0,-0.5,0.1,-5.2,0.1,True,3,강세,-6,0,-3,-3,67.7,22.8,1520.53,2.53,2.74,-120778.0,-120778.0,-120778.0,10,10,1.0,58.0,52.0
000590,CS홀딩스,,77000,37.7,48.7,30.4,-24.6,10.2,1.3,-1.3,-10.4,-1.6,-1.6,-4.4,1.02,102100,69900,15,True,True,True,1565,896,0.7,1.2,0.7,1.75,3,False,False,True,False,+3%반등,36.9,2.8,-0.0,4.3,-0.1,True,3,강세,-6,0,-3,-3,67.7,22.8,1520.53,2.53,2.74,-120778.0,-120778.0,-120778.0,10,10,1.0,57.9,51.9
456040,OCI,,123000,33.6,37.0,26.6,-24.6,137.9,1.3,25.3,41.5,-7.5,11.8,64.5,0.26,163200,51700,5,False,True,False,58427,190842,59.4,69.5,261.1,0.31,6,False,True,True,False,5일선회복/+3%반등,43.8,84.0,-19.0,162.1,150.4,True,3,강세,-6,0,-3,-3,67.7,22.8,1520.53,2.53,2.74,-120778.0,-120778.0,-120778.0,10,10,1.0,57.8,51.8
009830,한화솔루션,,42700,36.0,31.8,28.7,-28.0,66.1,5.2,-6.1,-27.0,-6.7,-3.1,22.8,0.56,59300,25700,5,False,True,False,1783799,4089537,991.3,749.9,1938.0,0.44,6,False,True,True,False,5일선회복/+3%반등,43.8,-2.5,366.6,300.9,92.5,True,3,강세,-6,0,-3,-3,67.7,22.8,1520.53,2.53,2.74,-120778.0,-120778.0,-120778.0,10,10,1.0,57.8,51.8
002220,한일철강,,4550,33.9,14.8,22.0,-24.0,136.4,-3.8,-1.3,2.1,-9.0,2.3,10.0,0.59,5990,1925,5,False,True,False,143602,238241,6.6,6.6,12.2,0.6,3,False,False,True,False,+3%반등,49.4,-0.5,-0.0,-6.1,-0.1,True,0,강세,-6,0,-3,-3,67.7,22.8,1520.53,2.53,2.74,-120778.0,-120778.0,-120778.0,10,10,1.0,57.4,51.4
268280,미원에스씨,,105400,14.8,4.3,8.3,-38.0,0.8,-3.8,-13.5,-23.9,-8.5,-12.2,-21.4,1.09,170000,104600,5,False,True,False,2522,2666,3.1,2.7,3.1,0.95,-30,True,False,False,False,⚠️떨어지는칼날,74.1,-0.4,0.6,-1.3,-2.4,True,8,강세,-6,0,-3,-3,67.7,22.8,1520.53,2.53,2.74,-120778.0,-120778.0,-120778.0,10,10,1.0,57.099999999999994,51.099999999999994
007980,TP,,1935,28.2,26.4,21.1,-16.2,51.5,-4.9,-10.2,-6.7,-6.0,-1.5,4.6,0.36,2310,1277,0,False,False,False,346549,453347,3.1,6.7,9.4,0.76,3,False,True,False,False,5일선회복,54.0,-4.1,-0.2,-1.2,-0.5,True,0,강세,-6,0,-3,-3,67.7,22.8,1520.53,2.53,2.74,-120778.0,-120778.0,-120778.0,10,10,1.0,57.0,51.0
306200,세아제강,,156900,33.1,30.2,35.3,-17.0,40.1,-1.6,6.4,19.3,-4.3,4.2,17.8,0.49,189000,112000,10,False,True,True,14664,27515,21.9,22.4,46.7,0.53,6,False,True,True,False,5일선회복/+3%반등,38.0,35.8,-30.7,16.4,-63.2,True,3,강세,-6,0,-3,-3,67.7,22.8,1520.53,2.53,2.74,-120778.0,-120778.0,-120778.0,10,10,1.0,57.0,51.0
460850,동국씨엠,,6080,29.7,32.8,37.5,-22.0,21.7,0.5,5.2,5.0,-3.3,3.2,9.1,0.13,7790,4995,10,False,True,True,109395,644943,5.5,6.5,43.1,0.17,3,False,True,False,False,5일선회복,43.8,-2.1,-0.4,-2.9,2.4,True,0,강세,-6,0,-3,-3,67.7,22.8,1520.53,2.53,2.74,-120778.0,-120778.0,-120778.0,10,10,1.0,56.8,50.8
009580,무림P&P,,2220,4.5,2.2,12.6,-49.8,0.9,-9.6,-40.8,-9.9,-17.8,-19.9,-14.9,1.36,4420,2200,0,False,False,False,584527,1069484,28.4,13.2,31.7,0.55,-30,True,False,False,False,⚠️떨어지는칼날,86.7,-3.9,-0.2,19.9,-1.2,True,0,강세,-6,0,-3,-3,67.7,22.8,1520.53,2.53,2.74,-120778.0,-120778.0,-120778.0,10,10,1.0,56.7,50.7
019170,신풍제약,,10960,39.7,28.5,31.6,-46.5,50.3,0.6,-7.7,-13.9,-2.7,-1.2,-13.7,0.79,20500,7290,5,False,True,False,281272,354349,29.8,30.3,40.0,0.79,3,False,True,False,False,5일선회복,45.6,14.6,-0.1,-8.3,-0.7,True,3,강세,-6,0,-3,-3,67.7,22.8,1520.53,2.53,2.74,-120778.0,-120778.0,-120778.0,10,10,1.0,56.6,50.6
000220,유유제약,,3970,31.5,32.7,29.7,-22.2,4.3,-0.3,-7.4,-13.0,-3.2,-5.2,-7.9,0.52,5100,3805,5,False,True,False,62070,60448,1.3,2.4,2.5,1.03,3,False,True,False,False,5일선회복,48.5,-1.6,-0.0,-7.4,0.1,True,0,강세,-6,0,-3,-3,67.7,22.8,1520.53,2.53,2.74,-120778.0,-120778.0,-120778.0,10,10,1.0,56.5,50.5
000480,CR홀딩스,,4865,28.6,36.0,35.3,-14.2,5.3,-0.2,-3.7,-1.4,-1.4,-1.5,-1.3,0.59,5670,4620,10,False,True,True,30657,29395,0.9,1.5,1.4,1.04,3,False,True,False,False,5일선회복,43.4,-1.1,-0.1,-2.8,-2.5,True,0,강세,-6,0,-3,-3,67.7,22.8,1520.53,2.53,2.74,-120778.0,-120778.0,-120778.0,10,10,1.0,56.4,50.4
024070,WISCOM,,2110,37.4,13.8,28.5,-34.1,24.1,1.9,3.4,11.3,-8.5,-0.7,7.1,0.07,3200,1700,5,False,True,False,54612,264729,0.4,1.1,6.7,0.21,6,False,True,True,False,5일선회복/+3%반등,45.2,-0.2,-0.0,2.6,-0.2,True,0,강세,-6,0,-3,-3,67.7,22.8,1520.53,2.53,2.74,-120778.0,-120778.0,-120778.0,10,10,1.0,56.2,50.2
298050,HS효성첨단소재,,227500,29.2,33.1,31.4,-19.3,29.5,-0.2,3.6,-11.8,-5.9,-0.1,9.2,0.66,282000,175700,5,False,True,False,17221,27882,42.0,37.8,69.5,0.62,3,False,True,False,False,5일선회복,45.2,-24.0,3.4,0.8,31.5,True,3,강세,-6,0,-3,-3,67.7,22.8,1520.53,2.53,2.74,-120778.0,-120778.0,-120778.0,10,10,1.0,56.2,50.2
210540,디와이파워,,14050,37.9,23.0,26.4,-14.3,19.6,-1.3,-10.1,-8.9,-5.3,-2.9,3.9,0.49,16390,11750,5,False,True,False,66083,93526,6.5,9.2,14.1,0.71,3,False,True,False,False,5일선회복,40.1,3.6,-0.8,1.7,-1.4,True,8,강세,-6,0,-3,-3,67.7,22.8,1520.53,2.53,2.74,-120778.0,-120778.0,-120778.0,10,10,1.0,56.1,50.1
092780,DYP,,4985,46.6,47.2,40.3,-51.4,64.3,1.2,-2.1,-1.3,-0.7,5.5,16.5,0.32,10250,3035,10,False,True,True,58456,68196,1.1,2.9,3.4,0.86,6,False,True,True,False,5일선회복/+3%반등,30.0,0.7,0.2,2.4,0.2,True,10,강세,-6,0,-3,-3,67.7,22.8,1520.53,2.53,2.74,-120778.0,-120778.0,-120778.0,10,10,1.0,56.0,50.0
005090,SGC에너지,,51800,36.7,34.3,29.3,-26.7,157.1,-0.4,-1.9,12.5,-8.5,-8.7,54.7,0.64,70700,20150,10,False,True,True,102172,177649,51.8,50.6,104.7,0.58,3,False,True,False,False,5일선회복,39.9,34.0,-21.5,36.6,-99.0,True,3,강세,-6,0,-3,-3,67.7,22.8,1520.53,2.53,2.74,-120778.0,-120778.0,-120778.0,10,10,1.0,55.9,49.9
900140,엘브이엠씨홀딩스,,1561,38.2,19.3,14.5,-26.4,21.0,-5.9,-9.1,1.3,-6.0,-3.8,-4.9,0.48,2120,1290,0,False,False,False,636038,911972,7.0,10.0,15.3,0.7,6,False,True,True,False,5일선회복/+3%반등,49.7,-1.7,-0.5,9.4,-0.1,True,0,강세,-6,0,-3,-3,67.7,22.8,1520.53,2.53,2.74,-120778.0,-120778.0,-120778.0,10,10,1.0,55.7,49.7
185750,종근당,,80000,33.9,23.5,27.7,-25.1,2.6,-1.5,-9.1,-18.1,-3.8,-7.3,-5.9,0.76,106800,78000,0,False,False,False,26097,28770,17.8,20.7,23.9,0.91,3,False,True,False,False,5일선회복,49.3,-21.3,7.6,-92.1,-24.2,True,3,강세,-6,0,-3,-3,67.7,22.8,1520.53,2.53,2.74,-120778.0,-120778.0,-120778.0,10,10,1.0,55.3,49.3
339770,교촌에프앤비,,4185,34.5,33.6,32.6,-32.2,4.5,-0.9,-6.4,-12.2,-2.5,-1.7,-5.9,0.87,6170,4005,0,False,False,False,147474,130421,4.9,6.1,5.5,1.13,6,False,True,True,False,5일선회복/+3%반등,46.3,0.1,-0.1,0.1,-0.9,True,3,강세,-6,0,-3,-3,67.7,22.8,1520.53,2.53,2.74,-120778.0,-120778.0,-120778.0,10,10,1.0,55.3,49.3
111110,호전실업,,7260,32.6,18.6,16.8,-21.0,7.4,-5.1,-3.3,-9.6,-4.3,-3.0,-6.2,0.46,9190,6760,0,False,False,False,33621,32674,1.1,2.5,2.5,1.03,0,False,False,False,False,-,52.3,-1.0,1.1,-5.1,6.5,True,3,강세,-6,0,-3,-3,67.7,22.8,1520.53,2.53,2.74,-120778.0,-120778.0,-120778.0,10,10,1.0,55.3,49.3
004490,세방전지,,59500,31.0,30.6,24.9,-23.4,6.6,-3.3,-8.6,-13.0,-5.2,-3.4,-6.3,0.84,77700,55800,0,False,False,False,60895,58256,29.2,35.4,36.5,1.05,3,False,True,False,False,5일선회복,52.2,-8.1,-32.9,-49.8,-27.0,True,0,강세,-6,0,-3,-3,67.7,22.8,1520.53,2.53,2.74,-120778.0,-120778.0,-120778.0,10,10,1.0,55.2,49.2
145990,삼양사,,44950,33.3,35.4,33.9,-24.6,4.7,0.0,-5.0,-13.1,-2.4,-2.7,-8.4,0.95,59600,42950,5,False,True,False,9567,9351,4.0,4.2,4.3,1.02,3,False,True,False,False,5일선회복,43.8,-3.0,1.6,-8.4,3.5,True,3,강세,-6,0,-3,-3,67.7,22.8,1520.53,2.53,2.74,-120778.0,-120778.0,-120778.0,10,10,1.0,54.8,48.8
017940,E1,,93400,30.2,26.8,19.5,-18.4,48.0,-9.0,-3.0,-13.0,-6.6,-5.7,7.2,0.52,114500,63100,0,False,False,False,18333,18740,9.3,16.9,18.8,0.98,3,False,True,False,False,5일선회복,51.6,-15.4,-1.9,7.9,22.5,True,0,강세,-6,0,-3,-3,67.7,22.8,1520.53,2.53,2.74,-120778.0,-120778.0,-120778.0,10,10,1.0,54.6,48.6
000140,하이트진로홀딩스,,8730,34.6,27.8,26.1,-32.1,3.1,-1.5,-4.9,-10.6,-2.5,-3.4,-9.9,0.51,12850,8470,0,False,False,False,28060,25322,1.2,2.4,2.3,1.11,3,False,True,False,False,5일선회복,48.5,-0.8,1.0,-5.3,0.6,True,3,강세,-6,0,-3,-3,67.7,22.8,1520.53,2.53,2.74,-120778.0,-120778.0,-120778.0,10,10,1.0,54.5,48.5
004990,롯데지주,,27150,35.0,21.9,20.7,-31.4,15.5,-4.4,-5.1,-24.3,-5.4,-6.5,-7.7,0.61,39600,23500,0,False,False,False,329371,324492,55.2,88.7,93.7,1.02,3,False,True,False,False,5일선회복,51.4,-84.3,-42.2,-21.0,-134.6,True,0,강세,-6,0,-3,-3,67.7,22.8,1520.53,2.53,2.74,-120778.0,-120778.0,-120778.0,10,10,1.0,54.4,48.4
010130,고려아연,,1430000,39.9,27.0,26.9,-34.6,99.2,0.3,-14.4,-14.3,-6.8,-8.5,8.6,0.49,2188000,718000,5,False,True,False,23030,42066,304.5,318.3,658.6,0.55,3,False,True,False,False,5일선회복,46.2,-35.5,-9.9,-2112.7,-448.3,True,0,강세,-6,0,-3,-3,67.7,22.8,1520.53,2.53,2.74,-120778.0,-120778.0,-120778.0,10,10,1.0,54.2,48.2
005010,휴스틸,,5620,28.7,20.0,34.3,-23.0,48.7,-7.7,10.4,25.3,-5.9,0.8,24.6,0.14,7300,3780,0,False,False,False,990043,4102482,34.5,55.8,266.6,0.24,3,False,False,True,False,+3%반등,48.0,15.8,-10.4,83.0,21.0,True,3,강세,-6,0,-3,-3,67.7,22.8,1520.53,2.53,2.74,-120778.0,-120778.0,-120778.0,10,10,1.0,54.0,48.0
055490,테이팩스,,18140,43.7,26.7,24.8,-19.9,42.7,2.6,-5.0,11.8,-7.1,3.6,15.0,0.85,22650,12710,10,True,True,False,134125,83751,13.0,27.3,16.6,1.6,3,False,False,True,False,+3%반등,30.8,13.8,0.1,14.8,-4.9,True,10,강세,-6,0,-3,-3,67.7,22.8,1520.53,2.53,2.74,-120778.0,-120778.0,-120778.0,10,10,1.0,53.8,47.8
003070,코오롱글로벌,,10170,36.3,22.8,29.6,-25.1,18.8,-3.1,-14.2,0.5,-5.7,-7.6,5.0,0.59,13570,8560,0,False,False,False,39881,87747,5.2,4.0,9.6,0.45,6,False,True,True,False,5일선회복/+3%반등,47.7,-2.1,-0.9,-6.4,-2.6,True,0,강세,-6,0,-3,-3,67.7,22.8,1520.53,2.53,2.74,-120778.0,-120778.0,-120778.0,10,10,1.0,53.7,47.7
014580,태경비케이,,4505,34.8,33.3,28.2,-31.4,11.0,0.2,-3.2,-5.0,-2.9,-1.6,-5.2,0.37,6570,4060,5,False,True,False,183440,355084,4.4,8.2,16.9,0.52,3,False,True,False,False,5일선회복,45.7,-2.1,-0.0,-9.3,-0.3,True,0,강세,-6,0,-3,-3,67.7,22.8,1520.53,2.53,2.74,-120778.0,-120778.0,-120778.0,10,10,1.0,53.7,47.7
004270,남성,,7150,38.6,31.2,34.8,-42.3,5.0,0.3,-5.0,-9.5,-1.7,-4.0,-17.6,0.27,12400,6810,5,False,False,True,5470,6819,0.1,0.4,0.5,0.8,6,False,True,True,False,5일선회복/+3%반등,42.6,-0.2,-0.0,-0.1,-0.5,True,0,강세,-6,0,-3,-3,67.7,22.8,1520.53,2.53,2.74,-120778.0,-120778.0,-120778.0,10,10,1.0,53.6,47.6
170900,동아에스티,,41900,37.6,55.6,35.2,-25.8,9.7,-0.1,-6.7,-16.8,-2.5,-4.4,-10.4,1.09,56460,38200,5,False,True,False,20991,21332,9.9,8.6,9.2,0.98,7,False,True,False,True,5일선회복/거래량동반양봉,38.6,2.9,-7.9,-25.2,2.2,True,3,강세,-6,0,-3,-3,67.7,22.8,1520.53,2.53,2.74,-120778.0,-120778.0,-120778.0,10,10,1.0,53.6,47.6
082740,한화엔진,,74800,32.4,42.9,37.9,-20.8,203.4,4.5,23.4,35.5,-4.5,23.6,50.5,0.44,94400,24650,5,False,True,False,910397,1585472,486.8,638.3,1239.8,0.57,6,False,True,True,False,5일선회복/+3%반등,39.6,-672.8,415.5,355.4,543.4,True,3,강세,-6,0,-3,-3,67.7,22.8,1520.53,2.53,2.74,-120778.0,-120778.0,-120778.0,10,10,1.0,53.6,47.6
000210,DL,,60200,33.9,42.4,33.9,-22.5,77.6,0.5,-5.8,22.6,-5.9,-2.0,32.1,0.66,77700,33900,5,False,True,False,138636,168874,68.0,78.0,110.3,0.82,3,False,True,False,False,5일선회복,42.5,107.3,-57.0,297.1,-39.2,True,3,강세,-6,0,-3,-3,67.7,22.8,1520.53,2.53,2.74,-120778.0,-120778.0,-120778.0,10,10,1.0,53.5,47.5
016710,대성홀딩스,,7980,35.4,16.7,17.4,-29.1,7.8,-2.6,-6.7,-12.3,-4.3,-6.2,-7.6,0.44,11260,7400,0,False,False,False,19414,27320,1.0,1.5,2.3,0.71,0,False,False,False,False,-,53.3,-0.4,-0.6,-4.1,-1.2,True,0,강세,-6,0,-3,-3,67.7,22.8,1520.53,2.53,2.74,-120778.0,-120778.0,-120778.0,10,10,1.0,53.3,47.3
128820,대성산업,,6540,44.4,13.3,30.0,-50.2,inf,-10.7,-7.2,-23.1,-5.3,-7.3,7.1,0.19,13140,0,0,False,False,False,727898,1448597,18.5,47.8,108.7,0.5,6,False,True,True,False,5일선회복/+3%반등,44.2,7.5,-0.5,-34.1,-0.4,True,3,강세,-6,0,-3,-3,67.7,22.8,1520.53,2.53,2.74,-120778.0,-120778.0,-120778.0,10,10,1.0,53.2,47.2
008770,호텔신라,,58300,35.2,32.3,22.1,-17.1,46.9,-6.7,8.2,20.0,-6.8,10.2,19.1,0.29,70300,39700,0,False,False,False,321663,640706,107.3,186.0,405.7,0.5,3,False,True,False,False,5일선회복,40.2,11.7,34.5,1124.4,707.2,True,10,강세,-6,0,-3,-3,67.7,22.8,1520.53,2.53,2.74,-120778.0,-120778.0,-120778.0,10,10,1.0,53.2,47.2
003920,남양유업,,49350,36.7,43.5,34.6,-40.1,9.7,-2.1,-3.6,-4.4,-2.2,-4.2,-6.7,0.83,82400,45000,0,False,False,False,15415,11837,5.0,7.4,5.9,1.3,6,False,True,True,False,5일선회복/+3%반등,43.9,-2.2,7.5,-15.2,31.4,True,3,강세,-6,0,-3,-3,67.7,22.8,1520.53,2.53,2.74,-120778.0,-120778.0,-120778.0,10,10,1.0,52.9,46.9
035150,백산,,11600,37.6,46.3,39.9,-26.4,7.6,0.0,-10.5,-16.9,-2.0,-7.4,-13.0,0.59,15760,10780,0,False,False,False,38815,47624,3.3,4.4,5.6,0.82,6,False,True,True,False,5일선회복/+3%반등,38.5,4.2,-2.6,3.1,-9.9,True,8,강세,-6,0,-3,-3,67.7,22.8,1520.53,2.53,2.74,-120778.0,-120778.0,-120778.0,10,10,1.0,52.5,46.5
267270,HD건설기계,,166000,37.0,30.7,26.4,-23.7,146.3,2.2,-5.8,16.4,-7.4,4.6,40.7,0.86,217500,67400,5,False,True,False,284111,389860,554.4,457.3,708.1,0.73,6,False,True,True,False,5일선회복/+3%반등,41.3,-287.1,-119.3,233.8,-829.1,True,0,강세,-6,0,-3,-3,67.7,22.8,1520.53,2.53,2.74,-120778.0,-120778.0,-120778.0,10,10,1.0,52.3,46.3
217590,티엠씨,,26850,45.7,29.3,30.6,-30.6,131.5,11.9,-8.5,67.0,-7.2,4.9,,0.89,38700,11600,5,False,True,False,581620,613004,151.1,156.1,183.0,0.95,6,False,True,True,False,5일선회복/+3%반등,30.9,1.4,5.9,-3.1,8.5,True,10,강세,-6,0,-3,-3,67.7,22.8,1520.53,2.53,2.74,-120778.0,-120778.0,-120778.0,10,10,1.0,51.9,45.9
344820,KCC글라스,,27000,33.8,40.5,38.2,-22.1,10.4,1.9,-6.1,-10.9,-2.2,0.5,-2.2,0.62,34650,24450,5,False,True,False,23680,27514,4.4,6.2,7.6,0.86,6,False,True,True,False,5일선회복/+3%반등,40.9,-2.3,-3.2,-8.2,-9.4,True,0,강세,-6,0,-3,-3,67.7,22.8,1520.53,2.53,2.74,-120778.0,-120778.0,-120778.0,10,10,1.0,51.9,45.9
006660,삼성공조,,12050,41.5,17.2,27.1,-33.4,11.7,-2.5,-4.9,-13.9,-5.7,-1.5,-10.8,0.13,18100,10790,5,False,True,False,75303,384112,6.2,8.8,53.3,0.2,3,False,True,False,False,5일선회복,40.9,8.0,-0.0,-14.1,1.4,True,3,강세,-6,0,-3,-3,67.7,22.8,1520.53,2.53,2.74,-120778.0,-120778.0,-120778.0,10,10,1.0,51.9,45.9
009320,아진전자부품,,1009,39.4,22.8,23.8,-27.0,12.4,-3.4,-3.6,-9.9,-5.2,-2.9,-1.5,0.4,1382,898,5,False,True,False,186269,326909,1.4,1.9,3.6,0.57,3,False,True,False,False,5일선회복,40.8,0.6,0.0,-2.4,-0.4,True,3,강세,-6,0,-3,-3,67.7,22.8,1520.53,2.53,2.74,-120778.0,-120778.0,-120778.0,10,10,1.0,51.8,45.8
005750,대림바스,,5200,36.1,29.2,33.1,-19.4,33.3,1.4,-10.5,-9.1,-3.5,-6.8,5.1,0.46,6450,3900,5,False,True,False,39863,53892,1.3,2.0,2.9,0.74,6,False,True,True,False,5일선회복/+3%반등,40.8,-0.5,-0.1,-4.5,-1.0,True,0,강세,-6,0,-3,-3,67.7,22.8,1520.53,2.53,2.74,-120778.0,-120778.0,-120778.0,10,10,1.0,51.8,45.8
207940,삼성바이오로직스,,1415000,41.6,58.1,34.6,-28.8,8.8,-0.3,-10.9,-17.7,-2.3,-7.3,-13.2,0.89,1987000,1300000,5,False,True,False,64171,72309,924.0,880.6,1051.6,0.89,3,False,True,False,False,5일선회복,35.7,72.6,-413.3,-2443.6,-3667.6,True,8,강세,-6,0,-3,-3,67.7,22.8,1520.53,2.53,2.74,-120778.0,-120778.0,-120778.0,10,10,1.0,51.7,45.7
023590,다우기술,,43900,43.1,33.0,29.4,-29.5,91.7,0.7,-10.7,-23.5,-4.5,-6.6,5.9,0.79,62300,22900,10,False,True,True,68191,78413,27.1,29.4,36.3,0.87,6,False,True,True,False,5일선회복/+3%반등,35.7,-13.6,-13.2,-45.2,-117.3,True,0,강세,-6,0,-3,-3,67.7,22.8,1520.53,2.53,2.74,-120778.0,-120778.0,-120778.0,10,10,1.0,51.7,45.7
109070,주성코퍼레이션,,1536,42.5,25.3,25.0,-46.1,118.8,-3.5,-9.6,95.2,-7.6,2.6,49.0,0.22,2850,702,0,False,False,False,604322,1266728,4.0,8.9,21.8,0.48,3,False,True,False,False,5일선회복,45.7,1.8,-0.0,1.1,-0.1,True,3,강세,-6,0,-3,-3,67.7,22.8,1520.53,2.53,2.74,-120778.0,-120778.0,-120778.0,10,10,1.0,51.7,45.7
001780,알루코,,2605,35.2,25.3,32.7,-25.5,37.1,-1.3,1.6,11.3,-6.8,2.0,15.8,0.14,3495,1900,5,False,True,False,1278769,7035217,25.5,32.4,218.0,0.18,3,False,True,False,False,5일선회복,40.5,9.6,-4.9,124.8,2.9,True,3,강세,-6,0,-3,-3,67.7,22.8,1520.53,2.53,2.74,-120778.0,-120778.0,-120778.0,10,10,1.0,51.5,45.5
025000,KPX케미칼,,51700,35.3,25.5,30.3,-9.3,24.7,-0.4,-1.1,-4.6,-1.7,0.7,5.7,0.53,57000,41457,10,False,True,True,5034,6006,1.7,2.6,3.2,0.84,3,False,True,False,False,5일선회복,35.3,-0.3,1.9,-1.4,4.3,True,3,강세,-6,0,-3,-3,67.7,22.8,1520.53,2.53,2.74,-120778.0,-120778.0,-120778.0,10,10,1.0,51.3,45.3
011760,현대코퍼레이션,,28200,36.6,43.9,36.8,-14.2,40.6,0.9,-1.6,3.5,-3.4,2.4,17.8,1.46,32850,20050,10,False,True,True,63492,75284,30.1,17.3,22.3,0.84,7,False,True,False,True,5일선회복/거래량동반양봉,34.2,-16.3,-3.0,-31.8,48.9,True,0,강세,-6,0,-3,-3,67.7,22.8,1520.53,2.53,2.74,-120778.0,-120778.0,-120778.0,10,10,1.0,51.2,45.2
069620,대웅제약,,136200,38.1,39.4,24.3,-31.7,7.3,-4.1,-8.8,-21.4,-4.8,-10.0,-12.5,0.94,199400,126900,0,False,False,False,36259,32734,42.9,48.5,46.6,1.11,3,False,True,False,False,5일선회복,45.2,-54.2,13.8,-179.3,15.7,True,3,강세,-6,0,-3,-3,67.7,22.8,1520.53,2.53,2.74,-120778.0,-120778.0,-120778.0,10,10,1.0,51.2,45.2
051630,진양화학,,2015,41.9,55.1,46.9,-42.7,15.9,-1.5,-9.6,-21.7,-0.8,-6.8,-14.8,1.56,3515,1739,0,False,False,False,191525,202150,6.5,3.8,4.1,0.95,10,False,True,True,True,5일선회복/+3%반등/거래량동반양봉,38.1,2.3,0.0,-0.3,-0.0,True,3,강세,-6,0,-3,-3,67.7,22.8,1520.53,2.53,2.74,-120778.0,-120778.0,-120778.0,10,10,1.0,51.1,45.1
030720,동원수산,,6340,38.3,22.6,33.4,-21.2,20.1,1.6,-2.9,2.8,-5.1,0.8,3.2,0.58,8050,5280,5,False,True,False,34778,84750,3.2,2.1,5.9,0.41,10,False,True,True,True,5일선회복/+3%반등/거래량동반양봉,36.0,-0.7,-0.0,8.7,-0.0,True,0,강세,-6,0,-3,-3,67.7,22.8,1520.53,2.53,2.74,-120778.0,-120778.0,-120778.0,10,10,1.0,51.0,45.0
039570,HDC랩스,,7970,27.7,26.9,33.6,-23.4,3.6,-0.3,-2.4,-5.7,-1.7,-3.1,-5.0,0.53,10410,7690,0,False,False,False,21519,31754,1.3,1.7,2.6,0.68,3,False,True,False,False,5일선회복,47.9,-0.5,-0.2,-4.2,-3.0,True,0,강세,-6,0,-3,-3,67.7,22.8,1520.53,2.53,2.74,-120778.0,-120778.0,-120778.0,10,10,1.0,50.9,44.9
227840,현대코퍼레이션홀딩스,,12970,30.7,24.2,31.5,-11.9,18.1,-0.2,0.5,-6.7,-2.7,1.9,4.1,0.23,14720,10980,5,False,True,False,20738,32012,1.0,2.7,4.3,0.65,3,False,True,False,False,5일선회복,42.6,-2.7,-0.4,5.8,6.4,True,0,강세,-6,0,-3,-3,67.7,22.8,1520.53,2.53,2.74,-120778.0,-120778.0,-120778.0,10,10,1.0,50.6,44.6
004100,태양금속,,2985,41.3,45.8,44.4,-21.2,53.0,8.9,-15.7,10.1,-2.4,-4.1,18.7,0.9,3790,1951,5,False,True,False,948685,906138,24.8,27.5,28.0,1.05,6,False,True,True,False,5일선회복/+3%반등,31.6,3.6,-2.6,-14.7,-2.1,True,8,강세,-6,0,-3,-3,67.7,22.8,1520.53,2.53,2.74,-120778.0,-120778.0,-120778.0,10,10,1.0,50.6,44.6
002170,SYTS,,56400,34.4,20.0,13.4,-10.0,19.4,-5.2,-6.2,-9.8,-4.5,-4.9,0.2,0.49,62700,47250,0,False,False,False,2914,4257,1.2,1.6,2.5,0.68,0,False,False,False,False,-,47.6,1.1,-0.8,1.4,-2.2,True,3,강세,-6,0,-3,-3,67.7,22.8,1520.53,2.53,2.74,-120778.0,-120778.0,-120778.0,10,10,1.0,50.6,44.6
096760,JW홀딩스,,3930,30.3,25.6,28.6,-12.6,28.0,-1.7,-6.5,-8.1,-3.9,-5.2,5.7,0.55,4495,3070,0,False,False,False,79482,118485,2.6,3.1,4.9,0.67,3,False,True,False,False,5일선회복,47.5,-1.9,-0.4,3.0,-1.5,True,0,강세,-6,0,-3,-3,67.7,22.8,1520.53,2.53,2.74,-120778.0,-120778.0,-120778.0,10,10,1.0,50.5,44.5
001420,태원물산,,2970,43.9,56.2,35.0,-34.7,12.9,0.5,-1.0,0.5,-1.6,1.7,-8.4,0.54,4550,2630,15,True,True,True,16887,12823,0.2,0.5,0.4,1.32,6,False,True,True,False,5일선회복/+3%반등,29.5,,,,,False,0,강세,-6,0,-3,-3,67.7,22.8,1520.53,2.53,2.74,-120778.0,-120778.0,-120778.0,10,10,1.0,50.5,44.5
004840,DRB동일,,4925,33.8,30.1,31.6,-23.9,18.7,-1.7,-11.9,-18.3,-3.6,-6.5,-3.9,0.31,6470,4150,0,False,False,False,31742,42707,0.7,1.5,2.2,0.74,3,False,True,False,False,5일선회복,47.2,-0.3,-0.0,-0.6,-0.3,True,0,강세,-6,0,-3,-3,67.7,22.8,1520.53,2.53,2.74,-120778.0,-120778.0,-120778.0,10,10,1.0,50.2,44.2
000860,강남제비스코,,15420,35.1,41.1,40.1,-18.3,38.8,0.5,-4.2,-17.0,-2.7,1.7,10.9,0.48,18880,11110,5,False,False,True,23696,29183,2.1,3.5,4.7,0.81,6,False,True,True,False,5일선회복/+3%반등,35.7,1.7,-0.1,-3.7,-1.3,True,3,강세,-6,0,-3,-3,67.7,22.8,1520.53,2.53,2.74,-120778.0,-120778.0,-120778.0,10,10,1.0,49.7,43.7
003300,한일홀딩스,,16690,39.6,13.2,12.4,-29.9,19.3,-7.6,-5.6,0.3,-4.3,-4.8,-2.3,0.27,23800,13990,0,False,False,False,29748,27580,1.3,5.0,4.8,1.08,0,False,False,False,False,-,49.6,-4.1,-1.3,4.5,-2.7,True,0,강세,-6,0,-3,-3,67.7,22.8,1520.53,2.53,2.74,-120778.0,-120778.0,-120778.0,10,10,1.0,49.6,43.6
004770,써니전자,,1678,36.5,26.6,22.4,-17.9,18.3,-0.1,-4.6,2.9,-4.1,-1.5,2.9,0.54,2045,1418,5,False,True,False,265234,339687,3.1,4.5,6.0,0.78,0,False,False,False,False,-,41.6,-0.2,0.2,1.2,1.1,True,3,강세,-6,0,-3,-3,67.7,22.8,1520.53,2.53,2.74,-120778.0,-120778.0,-120778.0,10,10,1.0,49.6,43.6
092230,KPX홀딩스,,86100,28.7,49.6,35.5,-6.6,42.5,1.1,0.1,2.3,-1.6,1.8,14.9,0.63,92200,60400,5,False,True,False,2336,2131,1.2,2.0,1.9,1.1,6,False,True,True,False,5일선회복/+3%반등,38.4,-0.2,-0.1,-3.7,-0.7,True,0,강세,-6,0,-3,-3,67.7,22.8,1520.53,2.53,2.74,-120778.0,-120778.0,-120778.0,10,10,1.0,49.4,43.4
023000,삼원강재,,2295,30.1,28.9,24.2,-12.6,4.3,-1.3,-1.7,-5.2,-2.8,-1.9,-4.8,0.52,2625,2200,0,False,False,False,29238,55745,0.7,0.7,1.3,0.52,3,False,True,False,False,5일선회복,46.3,-0.1,-0.0,-0.9,-0.9,True,0,강세,-6,0,-3,-3,67.7,22.8,1520.53,2.53,2.74,-120778.0,-120778.0,-120778.0,10,10,1.0,49.3,43.3
075180,새론오토모티브,,2930,35.9,17.9,21.2,-21.9,1.2,-2.0,-3.3,-8.2,-2.1,-3.0,-7.6,0.15,3750,2895,0,False,False,False,7849,9918,0.0,0.2,0.3,0.79,0,False,False,False,False,-,46.1,-0.0,0.2,-0.0,-0.8,True,3,강세,-6,0,-3,-3,67.7,22.8,1520.53,2.53,2.74,-120778.0,-120778.0,-120778.0,10,10,1.0,49.1,43.1
487570,HS효성,,59400,35.9,31.6,41.2,-41.1,55.5,0.7,6.8,-7.5,-2.6,2.9,-1.2,0.25,100800,38200,5,False,True,False,13642,35938,5.5,7.7,22.9,0.38,3,False,True,False,False,5일선회복,41.1,-4.3,0.0,9.8,5.4,True,0,강세,-6,0,-3,-3,67.7,22.8,1520.53,2.53,2.74,-120778.0,-120778.0,-120778.0,10,10,1.0,49.1,43.1
037560,LG헬로비전,,2225,38.8,42.6,41.9,-37.1,7.0,-1.1,-6.5,-10.8,-1.4,-2.5,-10.5,0.54,3535,2080,5,False,False,True,173897,214023,2.6,3.8,4.8,0.81,6,False,True,True,False,5일선회복/+3%반등,38.1,-0.9,-0.1,-11.5,-0.2,True,0,강세,-6,0,-3,-3,67.7,22.8,1520.53,2.53,2.74,-120778.0,-120778.0,-120778.0,10,10,1.0,49.1,43.1
002920,유성기업,,1834,38.4,36.5,40.0,-29.2,3.0,0.3,-3.8,-20.1,-1.3,-3.2,-11.5,0.42,2590,1780,5,False,True,False,55847,68322,0.5,1.0,1.3,0.82,6,False,True,True,False,5일선회복/+3%반등,35.0,0.6,-0.1,-1.3,-0.1,True,3,강세,-6,0,-3,-3,67.7,22.8,1520.53,2.53,2.74,-120778.0,-120778.0,-120778.0,10,10,1.0,49.0,43.0
000640,동아쏘시오홀딩스,,92600,38.1,36.7,27.7,-24.0,5.0,-2.7,-3.9,-17.5,-3.1,-4.4,-11.8,1.11,121887,88200,0,False,False,False,15195,17641,18.0,13.8,16.9,0.86,7,False,True,False,True,5일선회복/거래량동반양봉,38.9,-16.5,4.5,-18.4,-10.2,True,3,강세,-6,0,-3,-3,67.7,22.8,1520.53,2.53,2.74,-120778.0,-120778.0,-120778.0,10,10,1.0,48.9,42.9
003780,진양산업,,5500,37.9,44.8,40.9,-32.0,8.9,0.2,-3.7,-17.9,-1.1,-1.7,-12.9,1.48,8090,5050,0,False,False,False,128384,125995,10.4,7.0,7.0,1.02,10,False,True,True,True,5일선회복/+3%반등/거래량동반양봉,38.8,-1.0,-0.0,-4.8,0.5,True,0,강세,-6,0,-3,-3,67.7,22.8,1520.53,2.53,2.74,-120778.0,-120778.0,-120778.0,10,10,1.0,48.8,42.8
005680,삼영전자,,13940,37.5,41.2,36.8,-18.0,38.4,1.8,-7.1,14.7,-3.7,-5.5,18.1,0.61,17000,10070,5,False,True,False,65547,87454,7.7,8.6,12.9,0.75,6,False,True,True,False,5일선회복/+3%반등,34.8,4.6,-1.7,18.8,-12.6,True,3,강세,-6,0,-3,-3,67.7,22.8,1520.53,2.53,2.74,-120778.0,-120778.0,-120778.0,10,10,1.0,48.8,42.8
034230,파라다이스,,14700,40.0,28.2,26.4,-38.8,18.5,-4.0,-4.2,-27.0,-4.1,-7.7,-18.4,0.76,24000,12410,0,False,False,False,702113,692439,77.8,101.0,106.4,1.01,3,False,True,False,False,5일선회복,42.5,-41.3,4.3,-153.8,-62.8,True,3,강세,-6,0,-3,-3,67.7,22.8,1520.53,2.53,2.74,-120778.0,-120778.0,-120778.0,10,10,1.0,48.5,42.5
016450,한세예스24홀딩스,,4355,34.7,27.3,32.2,-16.2,16.6,-0.6,-6.5,1.9,-2.3,-4.3,1.7,0.16,5200,3735,5,False,True,False,24641,36231,0.3,1.1,1.6,0.68,3,False,True,False,False,5일선회복,40.5,-0.3,-0.1,-0.4,-0.2,True,0,강세,-6,0,-3,-3,67.7,22.8,1520.53,2.53,2.74,-120778.0,-120778.0,-120778.0,10,10,1.0,48.5,42.5
015230,대창단조,,6610,38.1,22.8,23.7,-11.7,30.6,-1.5,-5.3,-3.9,-4.1,-2.6,1.7,0.22,7490,5060,5,False,True,False,55366,112915,1.7,3.6,7.9,0.49,3,False,True,False,False,5일선회복,37.5,-0.7,0.2,0.8,11.1,True,3,강세,-6,0,-3,-3,67.7,22.8,1520.53,2.53,2.74,-120778.0,-120778.0,-120778.0,10,10,1.0,48.5,42.5
010140,삼성중공업,,29500,40.3,28.2,26.0,-16.5,110.3,0.7,-2.3,2.1,-6.4,0.4,13.9,0.47,35350,14030,10,False,True,True,4871151,8637856,1167.3,1402.6,2770.9,0.56,3,False,True,False,False,5일선회복,32.4,-1201.7,184.4,-6319.4,-2218.0,True,3,강세,-6,0,-3,-3,67.7,22.8,1520.53,2.53,2.74,-120778.0,-120778.0,-120778.0,10,10,1.0,48.4,42.4
041650,상신브레이크,,2605,36.2,32.4,28.0,-17.0,8.5,-1.5,-8.3,-5.1,-3.3,-2.6,-4.6,0.51,3140,2400,5,False,True,False,32243,54973,0.7,0.8,1.5,0.59,3,False,True,False,False,5일선회복,40.4,-0.1,-0.1,2.0,-0.5,True,0,강세,-6,0,-3,-3,67.7,22.8,1520.53,2.53,2.74,-120778.0,-120778.0,-120778.0,10,10,1.0,48.4,42.4
018500,동원금속,,1718,34.2,32.5,29.0,-12.7,40.9,-1.9,0.5,4.4,-3.2,1.3,15.3,0.4,1967,1219,5,False,False,True,296510,418740,2.8,5.0,7.5,0.71,3,False,True,False,False,5일선회복,37.2,0.8,-0.0,2.8,-0.2,True,3,강세,-6,0,-3,-3,67.7,22.8,1520.53,2.53,2.74,-120778.0,-120778.0,-120778.0,10,10,1.0,48.2,42.2
278470,에이피알,,391000,40.7,17.2,15.6,-17.3,286.7,-3.2,-4.6,37.0,-7.1,1.9,40.8,0.78,473000,101100,5,False,True,False,208432,312674,958.1,824.9,1317.1,0.67,0,False,False,False,False,-,40.1,-297.2,112.3,388.4,-947.6,True,3,강세,-6,0,-3,-3,67.7,22.8,1520.53,2.53,2.74,-120778.0,-120778.0,-120778.0,10,10,1.0,48.1,42.1
002460,HS화성,,12400,36.6,18.0,16.0,-21.4,29.4,-8.4,-5.5,-8.8,-5.9,-3.3,5.2,0.28,15780,9580,0,False,False,False,14736,20064,0.7,1.9,2.7,0.73,0,False,False,False,False,-,48.0,-1.6,-0.0,-2.6,-3.5,True,0,강세,-6,0,-3,-3,67.7,22.8,1520.53,2.53,2.74,-120778.0,-120778.0,-120778.0,10,10,1.0,48.0,42.0
009540,HD한국조선해양,,421000,38.4,35.3,25.4,-14.9,61.6,1.2,-1.5,-0.4,-6.0,1.3,1.5,0.7,494500,260500,5,False,True,False,251149,263795,736.8,1024.4,1181.7,0.95,6,False,True,True,False,5일선회복/+3%반등,34.0,-427.8,222.5,899.4,-410.6,True,3,강세,-6,0,-3,-3,67.7,22.8,1520.53,2.53,2.74,-120778.0,-120778.0,-120778.0,10,10,1.0,48.0,42.0
034020,두산에너빌리티,,111600,36.6,30.1,25.1,-19.8,292.3,0.7,-3.5,13.4,-7.9,1.4,29.6,0.65,139200,28450,5,False,True,False,3647048,4433600,3242.4,3927.5,5397.0,0.82,3,False,True,False,False,5일선회복,39.7,-1524.0,-344.2,-998.3,-3304.5,True,0,강세,-6,0,-3,-3,67.7,22.8,1520.53,2.53,2.74,-120778.0,-120778.0,-120778.0,10,10,1.0,47.7,41.7
089860,롯데렌탈,,31900,39.0,37.3,29.5,-10.9,12.7,-0.2,-5.1,-4.6,-2.2,-0.9,2.5,0.71,35800,28300,10,False,True,True,53801,51390,11.9,17.0,16.7,1.05,3,False,True,False,False,5일선회복,31.6,-3.5,2.1,-39.9,61.8,True,3,강세,-6,0,-3,-3,67.7,22.8,1520.53,2.53,2.74,-120778.0,-120778.0,-120778.0,10,10,1.0,47.6,41.6
163560,동일고무벨트,,7170,42.4,36.4,39.8,-17.6,13.8,3.9,-8.0,-1.8,-1.7,-0.5,2.8,0.35,8700,6300,15,True,True,True,141262,67421,1.7,10.2,4.9,2.1,6,False,True,True,False,5일선회복/+3%반등,26.5,,,,,False,0,강세,-6,0,-3,-3,67.7,22.8,1520.53,2.53,2.74,-120778.0,-120778.0,-120778.0,10,10,1.0,47.5,41.5
002600,조흥,,143400,35.2,29.1,14.3,-12.8,1.6,-1.4,-1.4,-11.2,-1.6,-1.4,-6.1,0.68,164400,141100,5,False,False,True,154,249,0.2,0.2,0.4,0.62,0,False,False,False,False,-,42.5,0.0,0.0,0.1,-0.3,True,0,강세,-6,0,-3,-3,67.7,22.8,1520.53,2.53,2.74,-120778.0,-120778.0,-120778.0,10,10,1.0,47.5,41.5
020150,롯데에너지머티리얼즈,,60100,43.5,26.0,26.6,-27.7,208.8,-1.8,6.0,36.3,-9.9,13.4,61.1,0.45,83100,19460,10,False,True,True,275080,496475,126.9,157.6,337.3,0.55,3,False,True,False,False,5일선회복,31.2,89.9,-114.5,139.4,301.5,True,3,강세,-6,0,-3,-3,67.7,22.8,1520.53,2.53,2.74,-120778.0,-120778.0,-120778.0,10,10,1.0,47.2,41.2
058860,KTis,,2760,37.1,35.2,27.4,-14.0,6.4,-0.9,-4.3,-5.6,-2.0,-2.1,-1.8,0.6,3210,2595,5,False,True,False,120408,141395,2.4,3.3,4.0,0.85,3,False,True,False,False,5일선회복,36.1,-3.7,0.1,-6.3,4.1,True,3,강세,-6,0,-3,-3,67.7,22.8,1520.53,2.53,2.74,-120778.0,-120778.0,-120778.0,10,10,1.0,47.1,41.1
264900,크라운제과,,8300,40.8,18.2,14.6,-18.0,3.5,-3.6,-4.5,-5.1,-2.9,-2.2,-6.5,1.14,10120,8020,0,False,False,False,14883,18580,1.8,1.2,1.6,0.8,3,False,True,False,False,5일선회복,41.1,-0.6,0.4,-1.3,4.6,True,3,강세,-6,0,-3,-3,67.7,22.8,1520.53,2.53,2.74,-120778.0,-120778.0,-120778.0,10,10,1.0,47.1,41.1
006120,SK디스커버리,,52500,42.8,18.6,24.6,-23.1,25.1,-3.1,-11.2,-11.2,-6.0,-7.7,-8.0,0.26,68300,41950,5,False,True,False,21008,35954,5.1,10.8,20.6,0.58,3,False,True,False,False,5일선회복,38.7,-21.1,-2.8,-23.3,-4.5,True,0,강세,-6,0,-3,-3,67.7,22.8,1520.53,2.53,2.74,-120778.0,-120778.0,-120778.0,10,10,1.0,46.7,40.7
071320,지역난방공사,,73100,40.7,17.9,21.5,-37.4,37.1,-4.7,-5.9,-20.2,-2.7,-6.6,-19.1,0.62,116700,53300,0,False,False,False,16410,22989,10.4,12.0,17.4,0.71,0,False,False,False,False,-,46.3,-10.3,-5.7,-17.9,-22.0,True,0,강세,-6,0,-3,-3,67.7,22.8,1520.53,2.53,2.74,-120778.0,-120778.0,-120778.0,10,10,1.0,46.3,40.3
014280,금강공업,,5090,43.2,22.5,29.6,-39.9,24.8,-2.5,-4.3,-15.6,-4.5,-1.6,-6.9,0.15,8470,4080,5,False,True,False,165820,482066,3.8,8.3,26.9,0.34,3,False,True,False,False,5일선회복,38.3,-0.9,-0.0,-27.8,-1.8,True,0,강세,-6,0,-3,-3,67.7,22.8,1520.53,2.53,2.74,-120778.0,-120778.0,-120778.0,10,10,1.0,46.3,40.3
016090,대현,,1687,40.7,15.8,17.8,-14.5,5.3,-3.9,-4.2,-1.6,-3.6,-2.1,-3.3,0.29,1972,1602,5,False,False,True,188983,319297,1.6,3.2,5.6,0.59,3,False,True,False,False,5일선회복,38.3,-0.2,-1.1,-0.6,1.6,True,0,강세,-6,0,-3,-3,67.7,22.8,1520.53,2.53,2.74,-120778.0,-120778.0,-120778.0,10,10,1.0,46.3,40.3
005690,파미셀,,16610,41.9,28.5,26.0,-21.5,60.3,-3.0,-8.9,-3.7,-8.0,-3.1,10.5,0.4,21150,10360,5,False,True,False,710084,1290486,86.5,113.1,239.6,0.55,3,False,True,False,False,5일선회복,35.2,9.6,-27.4,-30.5,-5.3,True,3,강세,-6,0,-3,-3,67.7,22.8,1520.53,2.53,2.74,-120778.0,-120778.0,-120778.0,10,10,1.0,46.2,40.2
042660,한화오션,,122200,39.1,52.4,40.5,-21.1,70.9,3.5,-6.9,-13.1,-2.5,-3.1,-0.3,0.87,154800,71500,5,False,True,False,1192036,1753699,1796.3,1374.1,2227.8,0.68,6,False,True,True,False,5일선회복/+3%반등,32.0,-204.8,399.1,-944.8,58.3,True,3,강세,-6,0,-3,-3,67.7,22.8,1520.53,2.53,2.74,-120778.0,-120778.0,-120778.0,10,10,1.0,46.0,40.0
267850,아시아나IDT,,10290,40.6,20.5,31.5,-20.1,8.1,-0.1,-4.9,-4.7,-2.3,-1.8,-7.6,0.5,12880,9520,5,False,True,False,30325,45489,2.4,3.0,4.8,0.67,3,False,True,False,False,5일선회복,34.4,0.5,-0.9,-0.4,-2.2,True,3,강세,-6,0,-3,-3,67.7,22.8,1520.53,2.53,2.74,-120778.0,-120778.0,-120778.0,10,10,1.0,45.4,39.4
084680,이월드,,1528,11.6,1.7,1.6,-27.2,21.4,-12.3,-19.9,-11.6,-15.0,-12.3,-1.6,0.82,2100,1259,0,False,False,False,492611,657979,8.3,7.9,12.0,0.75,-30,True,False,False,False,⚠️떨어지는칼날,75.2,-1.0,-0.1,-3.4,-1.0,True,0,강세,-6,0,-3,-3,67.7,22.8,1520.53,2.53,2.74,-120778.0,-120778.0,-120778.0,10,10,1.0,45.2,39.2
036420,콘텐트리중앙,,6380,54.8,92.0,98.1,-53.5,27.6,19.7,3.7,-15.2,10.3,6.4,-23.7,1.83,13730,5000,15,True,True,True,253721,114222,13.7,14.9,6.6,2.22,6,False,True,True,False,5일선회복/+3%반등,24.1,,,,,False,0,강세,-6,0,-3,-3,67.7,22.8,1520.53,2.53,2.74,-120778.0,-120778.0,-120778.0,10,10,1.0,45.1,39.1
000490,대동,,9440,41.2,32.7,19.1,-30.8,8.1,-7.0,-8.2,-18.4,-6.0,-5.1,-5.3,0.52,13640,8730,0,False,False,False,350936,431439,21.7,32.7,43.7,0.81,3,False,True,False,False,5일선회복,42.0,-7.1,-1.0,-19.2,-2.1,True,0,강세,-6,0,-3,-3,67.7,22.8,1520.53,2.53,2.74,-120778.0,-120778.0,-120778.0,10,10,1.0,45.0,39.0
090080,평화산업,,1010,49.1,73.5,70.6,-60.9,24.7,5.3,-1.5,5.4,2.2,4.5,3.8,1.57,2580,810,10,False,True,True,213872,264698,4.2,2.1,2.6,0.81,10,False,True,True,True,5일선회복/+3%반등/거래량동반양봉,24.9,,,,,False,0,강세,-6,0,-3,-3,67.7,22.8,1520.53,2.53,2.74,-120778.0,-120778.0,-120778.0,10,10,1.0,44.9,38.9
006090,사조오양,,8250,39.0,39.0,34.7,-26.3,3.6,-0.5,-2.0,-7.0,-0.7,-0.4,-9.2,1.07,11200,7960,0,False,False,False,7822,8656,0.8,0.6,0.7,0.9,7,False,True,False,True,5일선회복/거래량동반양봉,34.5,0.1,-0.0,0.6,-0.1,True,3,강세,-6,0,-3,-3,67.7,22.8,1520.53,2.53,2.74,-120778.0,-120778.0,-120778.0,10,10,1.0,44.5,38.5
014710,사조씨푸드,,7750,41.9,61.5,51.7,-28.2,45.1,6.0,-0.1,-15.7,0.3,2.9,-8.4,1.16,10800,5340,10,False,True,True,19451,21877,1.9,1.4,1.7,0.89,10,False,True,True,True,5일선회복/+3%반등/거래량동반양봉,24.3,,,,,False,0,강세,-6,0,-3,-3,67.7,22.8,1520.53,2.53,2.74,-120778.0,-120778.0,-120778.0,10,10,1.0,44.3,38.3
025890,한국주강,,1947,42.5,23.9,14.5,-16.8,30.3,-5.5,-9.2,13.1,-7.2,-0.6,5.2,0.24,2340,1494,0,False,False,False,44883,63180,0.3,0.9,1.3,0.71,3,False,True,False,False,5일선회복,38.3,0.9,-0.0,-1.1,-0.0,True,3,강세,-6,0,-3,-3,67.7,22.8,1520.53,2.53,2.74,-120778.0,-120778.0,-120778.0,10,10,1.0,44.3,38.3
000100,유한양행,,88300,44.0,63.4,50.8,-35.3,10.4,2.7,-8.5,-21.8,0.2,-5.2,-19.0,1.38,136400,80000,5,False,True,False,316870,295882,368.7,266.2,259.6,1.07,10,False,True,True,True,5일선회복/+3%반등/거래량동반양봉,29.3,,,,,False,0,강세,-6,0,-3,-3,67.7,22.8,1520.53,2.53,2.74,-120778.0,-120778.0,-120778.0,10,10,1.0,44.3,38.3
001790,대한제당,,2745,37.8,18.8,33.6,-19.5,3.6,-1.3,-11.5,-3.7,-2.7,-5.3,-4.7,0.64,3410,2650,0,False,False,False,273816,444722,8.0,7.4,12.6,0.62,3,False,True,False,False,5일선회복,41.2,-3.5,-0.1,-14.9,-4.7,True,0,강세,-6,0,-3,-3,67.7,22.8,1520.53,2.53,2.74,-120778.0,-120778.0,-120778.0,10,10,1.0,44.2,38.2
094280,효성ITX,,12550,34.9,46.2,32.8,-23.9,10.0,-1.2,-3.1,-2.5,-1.5,-0.3,-1.5,0.36,16500,11410,0,False,False,False,18226,32293,1.5,2.3,4.1,0.56,3,False,True,False,False,5일선회복,40.6,-1.3,-0.2,-6.4,3.4,True,0,강세,-6,0,-3,-3,67.7,22.8,1520.53,2.53,2.74,-120778.0,-120778.0,-120778.0,10,10,1.0,43.6,37.6
017550,수산세보틱스,,2905,45.9,25.5,36.1,-28.2,78.2,2.5,-16.8,60.1,-5.8,9.0,44.2,0.26,4045,1630,5,False,True,False,1615404,5637710,40.1,44.0,199.4,0.29,6,False,True,True,False,5일선회복/+3%반등,32.5,-1.3,-0.0,21.1,-0.4,True,0,강세,-6,0,-3,-3,67.7,22.8,1520.53,2.53,2.74,-120778.0,-120778.0,-120778.0,10,10,1.0,43.5,37.5
079160,CJ CGV,,4750,42.9,12.5,11.8,-28.7,8.0,-3.1,-3.3,-20.6,-2.7,-1.9,-9.6,0.89,6660,4400,0,False,False,False,483745,495102,21.6,23.2,24.2,0.98,0,False,False,False,False,-,43.4,-14.1,-5.7,-43.5,-1.2,True,0,강세,-6,0,-3,-3,67.7,22.8,1520.53,2.53,2.74,-120778.0,-120778.0,-120778.0,10,10,1.0,43.4,37.4
029460,케이씨,,35500,38.7,40.9,23.9,-17.4,91.7,-5.1,-5.3,8.2,-6.5,2.1,23.9,0.55,43000,18520,0,False,False,False,49289,43710,8.7,16.9,16.5,1.13,3,False,True,False,False,5일선회복,37.0,12.8,-16.2,23.9,-29.0,True,3,강세,-6,0,-3,-3,67.7,22.8,1520.53,2.53,2.74,-120778.0,-120778.0,-120778.0,10,10,1.0,43.0,37.0
005800,신영와코루,,14420,41.2,42.2,34.1,-35.8,34.3,-2.8,-6.0,-16.3,-1.9,-5.1,-3.8,0.61,22450,10740,0,False,False,False,4813,7181,0.6,0.7,1.0,0.67,6,False,True,True,False,5일선회복/+3%반등,36.9,-0.6,-0.2,-2.8,-1.2,True,0,강세,-6,0,-3,-3,67.7,22.8,1520.53,2.53,2.74,-120778.0,-120778.0,-120778.0,10,10,1.0,42.9,36.9
302440,SK바이오사이언스,,41750,44.9,42.0,39.3,-31.9,6.0,1.1,-5.5,-16.5,-1.4,-2.0,-12.7,1.67,61300,39400,5,False,True,False,192966,144674,103.0,78.5,61.0,1.33,7,False,True,False,True,5일선회복/거래량동반양봉,30.8,-23.3,-3.5,-122.7,-31.5,True,0,강세,-6,0,-3,-3,67.7,22.8,1520.53,2.53,2.74,-120778.0,-120778.0,-120778.0,10,10,1.0,42.8,36.8
089590,제주항공,,5090,43.1,39.7,40.2,-32.1,7.5,2.2,-9.3,-17.9,-1.5,-1.9,-11.7,0.76,7500,4735,5,False,True,False,335741,342708,13.4,16.5,17.7,0.98,3,False,True,False,False,5일선회복,31.8,2.7,-0.9,-26.3,-22.8,True,3,강세,-6,0,-3,-3,67.7,22.8,1520.53,2.53,2.74,-120778.0,-120778.0,-120778.0,10,10,1.0,42.8,36.8
010400,우진아이엔에스,,3890,42.3,58.8,41.5,-20.6,62.4,6.9,-7.0,-1.1,-1.7,-0.5,10.1,0.71,4900,2395,10,False,True,True,29018,30264,0.8,1.1,1.2,0.96,6,False,True,True,False,5일선회복/+3%반등,26.7,,,,,False,0,강세,-6,0,-3,-3,67.7,22.8,1520.53,2.53,2.74,-120778.0,-120778.0,-120778.0,10,10,1.0,42.7,36.7
003480,한진중공업홀딩스,,5570,37.3,18.8,23.3,-18.0,31.1,-7.2,3.3,5.9,-6.2,4.3,10.9,0.26,6790,4250,0,False,False,False,70889,149955,2.3,4.0,9.0,0.47,3,False,False,True,False,+3%반등,39.7,-3.1,0.0,-3.9,0.8,True,0,강세,-6,0,-3,-3,67.7,22.8,1520.53,2.53,2.74,-120778.0,-120778.0,-120778.0,10,10,1.0,42.7,36.7
007700,F&F홀딩스,,18370,44.0,26.8,28.9,-26.4,50.3,-2.3,-5.5,-13.6,-3.8,-2.4,-4.4,0.65,24950,12220,5,False,True,False,17666,18283,2.2,3.2,3.5,0.97,3,False,True,False,False,5일선회복,31.6,-1.3,0.4,0.2,-1.0,True,3,강세,-6,0,-3,-3,67.7,22.8,1520.53,2.53,2.74,-120778.0,-120778.0,-120778.0,10,10,1.0,42.6,36.6
023350,한국종합기술,,5090,43.4,20.7,38.3,-18.4,22.4,1.0,-4.5,6.3,-1.4,3.0,6.1,0.25,6240,4160,10,False,True,True,41117,121794,1.6,2.1,6.5,0.34,6,False,True,True,False,5일선회복/+3%반등,26.5,,,,,False,0,강세,-6,0,-3,-3,67.7,22.8,1520.53,2.53,2.74,-120778.0,-120778.0,-120778.0,10,10,1.0,42.5,36.5
403550,쏘카,,13890,38.2,17.4,45.0,-33.9,31.8,-9.2,16.6,15.5,-2.5,11.3,15.2,0.79,21000,10540,0,False,False,False,183448,254459,29.3,24.9,40.4,0.72,6,False,True,True,False,5일선회복/+3%반등,36.4,-7.1,-2.1,-29.6,-6.3,True,0,강세,-6,0,-3,-3,67.7,22.8,1520.53,2.53,2.74,-120778.0,-120778.0,-120778.0,10,10,1.0,42.4,36.4
122900,아이마켓코리아,,7390,41.5,21.4,33.2,-28.5,3.4,-0.1,-2.8,-8.9,-1.3,-1.4,-6.1,0.72,10330,7150,5,False,True,False,85604,93333,5.1,6.3,7.0,0.92,3,False,True,False,False,5일선회복,34.4,-0.2,-2.5,-18.1,-4.9,True,0,강세,-6,0,-3,-3,67.7,22.8,1520.53,2.53,2.74,-120778.0,-120778.0,-120778.0,10,10,1.0,42.4,36.4
032350,롯데관광개발,,19350,40.1,42.5,36.9,-30.1,83.6,-1.1,-2.0,-22.0,-3.0,0.5,-2.4,0.71,27700,10540,0,False,False,False,652820,653163,90.9,124.1,130.1,1.0,6,False,True,True,False,5일선회복/+3%반등,33.1,-170.0,118.2,-333.5,175.8,True,3,강세,-6,0,-3,-3,67.7,22.8,1520.53,2.53,2.74,-120778.0,-120778.0,-120778.0,10,10,1.0,42.1,36.1
030000,제일기획,,19030,36.1,26.9,29.9,-18.3,6.7,-2.9,-3.9,-13.7,-1.7,-3.2,-7.9,0.68,23300,17840,0,False,False,False,384638,468647,62.3,73.0,90.7,0.82,3,False,True,False,False,5일선회복,38.9,-71.6,-37.8,-410.5,-11.2,True,0,강세,-6,0,-3,-3,67.7,22.8,1520.53,2.53,2.74,-120778.0,-120778.0,-120778.0,10,10,1.0,41.9,35.9
005740,크라운해태홀딩스,,6800,42.3,32.5,28.6,-35.2,13.1,-4.9,-3.5,-5.9,-3.2,-1.1,-2.6,0.61,10490,6010,0,False,False,False,49415,41337,1.8,3.3,2.9,1.2,3,False,True,False,False,5일선회복,35.9,2.1,-0.0,3.6,-0.0,True,3,강세,-6,0,-3,-3,67.7,22.8,1520.53,2.53,2.74,-120778.0,-120778.0,-120778.0,10,10,1.0,41.9,35.9
034590,인천도시가스,,26500,34.5,40.0,33.6,-6.4,7.5,1.0,-2.0,-0.7,-0.6,-1.1,0.9,0.39,28300,24650,5,False,True,False,2799,2610,0.3,0.7,0.7,1.07,3,False,True,False,False,5일선회복,33.4,-0.4,-0.0,-2.8,-0.7,True,0,강세,-6,0,-3,-3,67.7,22.8,1520.53,2.53,2.74,-120778.0,-120778.0,-120778.0,10,10,1.0,41.4,35.4
035420,NAVER,,203000,44.2,43.3,33.7,-31.2,12.1,-0.2,-5.1,-19.8,-2.5,-3.1,-14.2,0.81,295000,181100,5,False,True,False,890901,900998,1525.8,1765.0,1874.2,0.99,3,False,True,False,False,5일선회복,30.2,-820.8,320.6,-3645.8,-2195.0,True,3,강세,-6,0,-3,-3,67.7,22.8,1520.53,2.53,2.74,-120778.0,-120778.0,-120778.0,10,10,1.0,41.2,35.2
092200,디아이씨,,9110,58.7,83.1,96.1,-39.9,125.8,27.1,18.3,-10.9,18.4,12.5,15.6,4.13,15150,4035,5,False,True,False,1721173,1364132,532.5,144.5,113.5,1.26,10,False,True,True,True,5일선회복/+3%반등/거래량동반양봉,26.0,,,,,False,0,강세,-6,0,-3,-3,67.7,22.8,1520.53,2.53,2.74,-120778.0,-120778.0,-120778.0,10,10,1.0,41.0,35.0
103590,일진전기,,108300,41.5,22.8,31.0,-26.8,300.4,-9.1,25.3,51.7,-11.1,12.5,69.0,0.5,147900,27050,5,False,True,False,718488,873040,491.5,783.2,1058.9,0.82,3,False,True,False,False,5일선회복,32.9,-91.6,-136.1,-457.6,684.3,True,0,강세,-6,0,-3,-3,67.7,22.8,1520.53,2.53,2.74,-120778.0,-120778.0,-120778.0,10,10,1.0,40.9,34.9
298690,에어부산,,1931,41.6,45.6,32.5,-15.5,18.2,-1.4,-7.8,-4.4,-2.6,-0.9,2.0,0.31,2285,1633,5,False,True,False,231192,252316,1.5,4.4,5.0,0.92,6,False,True,True,False,5일선회복/+3%반등,29.7,,,,,False,0,강세,-6,0,-3,-3,67.7,22.8,1520.53,2.53,2.74,-120778.0,-120778.0,-120778.0,10,10,1.0,40.7,34.7
102260,동성케미컬,,4175,36.2,40.2,33.8,-12.5,10.2,-2.3,-4.6,-7.9,-2.0,-1.3,-1.3,0.56,4773,3790,0,False,False,False,174348,190137,4.5,7.2,8.1,0.92,3,False,True,False,False,5일선회복,34.5,-4.1,0.2,-15.6,-2.7,True,3,강세,-6,0,-3,-3,67.7,22.8,1520.53,2.53,2.74,-120778.0,-120778.0,-120778.0,10,10,1.0,40.5,34.5
023450,동남합성,,29600,42.5,12.0,7.4,-15.9,1.0,-2.8,-2.3,-5.7,-2.4,-2.7,-6.4,0.77,35200,29300,0,False,False,False,2245,2328,0.5,0.7,0.7,0.96,0,False,False,False,False,-,40.3,-0.1,-0.7,0.7,0.4,True,0,강세,-6,0,-3,-3,67.7,22.8,1520.53,2.53,2.74,-120778.0,-120778.0,-120778.0,10,10,1.0,40.3,34.3
010060,OCI홀딩스,,314500,40.2,43.2,36.0,-21.2,388.4,8.1,5.4,98.5,-5.5,21.8,113.8,1.04,399000,64400,5,False,True,False,363347,449861,1448.2,1095.9,1506.2,0.81,6,False,True,True,False,5일선회복/+3%반등,29.0,,,,,False,0,강세,-6,0,-3,-3,67.7,22.8,1520.53,2.53,2.74,-120778.0,-120778.0,-120778.0,10,10,1.0,40.0,34.0
286940,롯데이노베이트,,21300,40.0,40.0,34.1,-25.1,17.2,-4.1,-4.9,-12.5,-3.1,-2.5,0.1,0.64,28450,18170,0,False,False,False,41361,47523,6.7,8.6,10.5,0.87,6,False,True,True,False,5일선회복/+3%반등,33.9,-2.1,-0.4,23.3,-2.8,True,0,강세,-6,0,-3,-3,67.7,22.8,1520.53,2.53,2.74,-120778.0,-120778.0,-120778.0,10,10,1.0,39.9,33.9
036460,한국가스공사,,37650,40.1,56.5,38.6,-23.7,10.6,-0.5,1.6,-12.1,-0.8,2.6,-5.1,0.58,49350,34050,5,False,False,True,296228,321039,71.3,111.7,121.9,0.92,6,False,True,True,False,5일선회복/+3%반등,28.9,,,,,False,0,강세,-6,0,-3,-3,67.7,22.8,1520.53,2.53,2.74,-120778.0,-120778.0,-120778.0,10,10,1.0,39.9,33.9
025530,SJM홀딩스,,3720,39.8,39.3,36.2,-7.1,13.1,0.4,-0.4,-1.3,-1.2,1.0,1.1,0.48,4005,3290,10,False,True,True,20411,24958,0.4,0.7,0.9,0.82,6,False,True,True,False,5일선회복/+3%반등,23.9,,,,,False,0,강세,-6,0,-3,-3,67.7,22.8,1520.53,2.53,2.74,-120778.0,-120778.0,-120778.0,10,10,1.0,39.9,33.9
014440,영보화학,,4665,37.2,33.3,21.3,-13.8,11.1,-1.2,-1.3,-5.9,-1.3,-0.6,0.7,0.49,5410,4200,0,False,False,False,47710,48770,1.1,2.2,2.3,0.98,3,False,True,False,False,5일선회복,36.8,-1.1,-0.0,-6.1,-0.1,True,0,강세,-6,0,-3,-3,67.7,22.8,1520.53,2.53,2.74,-120778.0,-120778.0,-120778.0,10,10,1.0,39.8,33.8
030200,KT,,55800,31.9,7.9,9.6,-19.6,16.0,-4.9,-11.0,-15.3,-5.7,-7.4,1.0,0.69,69400,48100,0,False,False,False,459936,437374,171.2,257.9,258.8,1.05,-30,True,False,False,False,⚠️떨어지는칼날,61.7,3.2,-322.0,-1.0,-888.8,True,8,강세,-6,0,-3,-3,67.7,22.8,1520.53,2.53,2.74,-120778.0,-120778.0,-120778.0,10,10,1.0,39.7,33.7
025540,한국단자,,85000,38.5,51.7,37.2,-9.6,48.1,-0.5,-0.7,12.1,-1.8,5.2,21.6,0.45,94000,57400,10,False,True,True,25122,32963,12.7,20.6,28.6,0.76,3,False,True,False,False,5일선회복,26.6,,,,,False,0,강세,-6,0,-3,-3,67.7,22.8,1520.53,2.53,2.74,-120778.0,-120778.0,-120778.0,10,10,1.0,39.6,33.6
078520,에이블씨엔씨,,13600,42.3,22.6,26.1,-19.0,102.4,-9.8,1.6,15.2,-5.0,3.6,19.9,0.49,16790,6720,0,False,False,False,98534,173838,11.7,13.4,25.2,0.57,6,False,True,True,False,5일선회복/+3%반등,30.6,-3.4,3.7,27.1,-36.0,True,3,강세,-6,0,-3,-3,67.7,22.8,1520.53,2.53,2.74,-120778.0,-120778.0,-120778.0,10,10,1.0,39.6,33.6
271560,오리온,,136900,38.4,39.6,23.0,-8.8,38.3,-2.9,1.1,-0.1,-2.4,1.0,17.5,1.33,150100,99000,0,False,False,False,133970,110253,200.7,182.8,154.6,1.22,3,False,True,False,False,5일선회복,33.4,162.2,-140.1,290.2,-142.0,True,3,강세,-6,0,-3,-3,67.7,22.8,1520.53,2.53,2.74,-120778.0,-120778.0,-120778.0,10,10,1.0,39.4,33.4
005320,온타이드,,1134,38.5,53.4,36.5,-34.1,40.0,-3.6,6.2,32.5,-1.9,4.8,10.2,1.0,1722,810,0,False,False,False,193394,162201,1.9,2.1,1.9,1.19,3,False,True,False,False,5일선회복,36.3,-0.1,-0.8,-1.9,0.0,True,0,강세,-6,0,-3,-3,67.7,22.8,1520.53,2.53,2.74,-120778.0,-120778.0,-120778.0,10,10,1.0,39.3,33.3
017900,광전자,,13130,61.8,64.0,89.3,-41.5,inf,22.7,9.7,560.1,16.2,55.4,272.2,1.33,22450,0,15,True,True,True,14442193,8816346,1555.4,1900.5,1074.0,1.64,6,False,True,True,False,5일선회복/+3%반등,18.2,,,,,False,0,강세,-6,0,-3,-3,67.7,22.8,1520.53,2.53,2.74,-120778.0,-120778.0,-120778.0,10,10,1.0,39.2,33.2
134790,시디즈,,19170,47.0,76.0,52.9,-52.1,7.1,4.9,-3.2,-6.0,0.2,-0.6,-14.0,0.4,40000,17900,10,False,True,True,2364,1778,0.1,0.5,0.3,1.33,3,False,False,True,False,+3%반등,26.1,,,,,False,0,강세,-6,0,-3,-3,67.7,22.8,1520.53,2.53,2.74,-120778.0,-120778.0,-120778.0,10,10,1.0,39.1,33.1
000680,LS네트웍스,,3945,37.5,37.3,47.3,-20.5,38.4,11.1,12.4,7.6,-0.8,11.9,10.7,0.5,4965,2850,5,False,True,False,1523730,1488252,30.8,58.2,61.1,1.02,6,False,True,True,False,5일선회복/+3%반등,28.0,,,,,False,0,강세,-6,0,-3,-3,67.7,22.8,1520.53,2.53,2.74,-120778.0,-120778.0,-120778.0,10,10,1.0,39.0,33.0
002020,코오롱,,66300,43.3,15.4,39.8,-24.8,210.5,2.5,10.7,1.8,-4.0,4.0,25.9,0.82,88200,21350,5,False,True,False,97521,125532,70.5,63.8,90.3,0.78,6,False,True,True,False,5일선회복/+3%반등,27.7,,,,,False,0,강세,-6,0,-3,-3,67.7,22.8,1520.53,2.53,2.74,-120778.0,-120778.0,-120778.0,10,10,1.0,38.7,32.7
007310,오뚜기,,350000,40.1,32.1,28.8,-25.5,2.6,-2.8,-4.1,-12.5,-2.0,-3.2,-8.9,0.76,470000,341000,0,False,False,False,4134,5385,14.6,14.4,19.2,0.77,3,False,True,False,False,5일선회복,35.6,-4.6,-3.5,-16.4,-18.7,True,0,강세,-6,0,-3,-3,67.7,22.8,1520.53,2.53,2.74,-120778.0,-120778.0,-120778.0,10,10,1.0,38.6,32.6
000970,한국주철관,,6950,34.4,34.7,34.8,-11.8,10.3,-0.7,-2.4,-0.9,-1.8,-0.2,-0.2,0.27,7880,6300,0,False,False,False,50080,79284,1.5,3.4,5.7,0.63,3,False,True,False,False,5일선회복,35.4,-1.5,-0.1,-2.2,-0.3,True,0,강세,-6,0,-3,-3,67.7,22.8,1520.53,2.53,2.74,-120778.0,-120778.0,-120778.0,10,10,1.0,38.4,32.4
001530,DI동일,,28400,43.7,45.6,37.8,-32.3,89.6,0.5,8.6,14.5,-3.1,12.4,14.8,0.21,41953,14981,5,False,False,True,92060,167415,8.4,26.1,50.1,0.55,6,False,True,True,False,5일선회복/+3%반등,27.2,,,,,False,0,강세,-6,0,-3,-3,67.7,22.8,1520.53,2.53,2.74,-120778.0,-120778.0,-120778.0,10,10,1.0,38.2,32.2
284740,쿠쿠홈시스,,23350,42.0,31.8,24.8,-26.2,6.1,-4.5,-4.9,-11.0,-2.9,-3.2,-6.7,0.52,31650,22000,0,False,False,False,25592,21220,2.6,5.9,5.1,1.21,3,False,True,False,False,5일선회복,35.0,-1.1,-4.1,-9.2,2.4,True,0,강세,-6,0,-3,-3,67.7,22.8,1520.53,2.53,2.74,-120778.0,-120778.0,-120778.0,10,10,1.0,38.0,32.0
069640,한세엠케이,,1350,51.0,21.9,55.2,-66.2,38.0,-16.3,2.3,8.3,1.1,5.8,-4.1,0.99,3990,978,10,True,False,True,418047,179624,2.5,5.5,2.6,2.33,6,False,True,True,False,5일선회복/+3%반등,22.0,,,,,False,0,강세,-6,0,-3,-3,67.7,22.8,1520.53,2.53,2.74,-120778.0,-120778.0,-120778.0,10,10,1.0,38.0,32.0
003610,방림,,5300,36.4,28.1,33.7,-15.6,37.5,-0.9,-2.6,-12.4,-2.4,-0.6,0.7,0.62,6280,3855,0,False,False,False,132095,160001,5.4,7.0,8.7,0.83,3,False,True,False,False,5일선회복,34.9,-1.5,-0.2,-14.1,-4.7,True,0,강세,-6,0,-3,-3,67.7,22.8,1520.53,2.53,2.74,-120778.0,-120778.0,-120778.0,10,10,1.0,37.9,31.9
123700,SJM,,3685,35.8,32.3,29.2,-12.3,19.8,-0.8,-0.8,-3.5,-2.0,0.4,0.6,0.17,4200,3075,0,False,False,False,33078,43461,0.3,1.2,1.6,0.76,3,False,True,False,False,5일선회복,34.9,-0.9,-0.1,0.4,-0.4,True,0,강세,-6,0,-3,-3,67.7,22.8,1520.53,2.53,2.74,-120778.0,-120778.0,-120778.0,10,10,1.0,37.9,31.9
100250,진양홀딩스,,3030,36.4,16.2,37.0,-13.5,5.0,0.0,-0.7,-6.6,-0.6,-0.1,-2.0,0.53,3503,2886,0,False,False,False,83730,105857,1.7,2.5,3.2,0.79,3,False,True,False,False,5일선회복,34.8,-1.1,-0.1,-7.1,-5.7,True,0,강세,-6,0,-3,-3,67.7,22.8,1520.53,2.53,2.74,-120778.0,-120778.0,-120778.0,10,10,1.0,37.8,31.799999999999997
092790,넥스틸,,17710,42.2,12.4,34.2,-23.0,96.1,-14.4,8.1,50.7,-6.1,11.9,39.5,0.14,23000,9030,0,False,False,False,584751,1498429,39.0,109.6,303.2,0.39,3,False,False,True,False,+3%반등,31.6,-46.3,15.6,-51.8,214.2,True,3,강세,-6,0,-3,-3,67.7,22.8,1520.53,2.53,2.74,-120778.0,-120778.0,-120778.0,10,10,1.0,37.6,31.6
267250,HD현대,,282000,37.7,37.4,45.1,-15.3,260.2,4.6,9.7,4.3,-0.9,5.6,32.2,0.63,333000,78300,5,False,True,False,175430,222529,395.7,472.7,635.2,0.79,6,False,True,True,False,5일선회복/+3%반등,26.5,,,,,False,0,강세,-6,0,-3,-3,67.7,22.8,1520.53,2.53,2.74,-120778.0,-120778.0,-120778.0,10,10,1.0,37.5,31.5
326030,SK바이오팜,,97800,46.7,47.2,41.2,-32.1,11.3,1.2,-4.1,-12.3,-1.2,-0.9,-11.5,1.43,144100,87900,5,False,True,False,249813,228235,322.2,236.1,225.8,1.09,7,False,True,False,True,5일선회복/거래량동반양봉,25.5,,,,,False,0,강세,-6,0,-3,-3,67.7,22.8,1520.53,2.53,2.74,-120778.0,-120778.0,-120778.0,10,10,1.0,37.5,31.5
058850,KTcs,,2615,40.2,37.5,36.1,-18.2,5.7,-0.2,-4.0,-7.3,-1.0,-0.6,-6.5,0.56,3195,2475,5,False,True,False,165406,214807,3.2,4.3,5.7,0.77,3,False,True,False,False,5일선회복,29.5,,,,,False,0,강세,-6,0,-3,-3,67.7,22.8,1520.53,2.53,2.74,-120778.0,-120778.0,-120778.0,10,10,1.0,37.5,31.5
081660,미스토홀딩스,,38900,42.5,51.8,40.9,-30.3,19.0,-0.8,-8.8,-26.9,-1.5,-6.4,-7.9,0.67,55800,32700,0,False,False,False,165420,180185,47.5,65.8,71.1,0.92,3,False,False,True,False,+3%반등,31.4,-8.5,15.5,-70.7,18.7,True,3,강세,-6,0,-3,-3,67.7,22.8,1520.53,2.53,2.74,-120778.0,-120778.0,-120778.0,10,10,1.0,37.4,31.4
008870,금비,,44500,44.3,57.1,43.0,-29.9,3.2,1.1,-2.2,-9.9,-0.3,-1.1,-14.3,0.57,63500,43100,10,False,True,True,804,1096,0.3,0.4,0.5,0.73,3,False,True,False,False,5일선회복,24.4,,,,,False,0,강세,-6,0,-3,-3,67.7,22.8,1520.53,2.53,2.74,-120778.0,-120778.0,-120778.0,10,10,1.0,37.4,31.4
010580,에스엠벡셀,,2180,50.0,81.8,91.7,-37.6,81.8,6.1,1.2,0.2,3.6,5.6,5.1,1.4,3495,1199,10,False,True,True,213935,211488,6.5,4.5,4.5,1.01,10,False,True,True,True,5일선회복/+3%반등/거래량동반양봉,17.0,,,,,False,0,강세,-6,0,-3,-3,67.7,22.8,1520.53,2.53,2.74,-120778.0,-120778.0,-120778.0,10,10,1.0,37.0,31.0
088980,맥쿼리인프라,,11170,36.8,41.0,33.3,-7.5,2.1,-0.1,-2.0,-3.5,-0.7,-1.3,-2.1,0.65,12070,10940,0,False,False,False,1833502,1839034,137.3,203.4,206.7,1.0,3,False,True,False,False,5일선회복,30.5,-216.3,1.8,-547.3,-172.3,True,3,강세,-6,0,-3,-3,67.7,22.8,1520.53,2.53,2.74,-120778.0,-120778.0,-120778.0,10,10,1.0,36.5,30.5
002620,제일파마홀딩스,,8610,38.5,57.9,34.8,-13.2,15.7,-1.7,-3.8,5.8,-1.4,-0.9,2.1,0.92,9920,7440,0,False,False,False,15187,14057,1.1,1.3,1.2,1.08,6,False,True,True,False,5일선회복/+3%반등,30.5,-0.2,-0.1,-0.0,0.3,True,0,강세,-6,0,-3,-3,67.7,22.8,1520.53,2.53,2.74,-120778.0,-120778.0,-120778.0,10,10,1.0,36.5,30.5
071950,코아스,,1726,61.1,66.9,88.9,-88.2,inf,15.0,6.9,-51.9,9.6,1.5,-60.1,0.57,14650,0,10,False,True,True,96335,191295,1.9,1.6,3.0,0.5,6,False,True,True,False,5일선회복/+3%반등,20.0,,,,,False,0,강세,-6,0,-3,-3,67.7,22.8,1520.53,2.53,2.74,-120778.0,-120778.0,-120778.0,10,10,1.0,36.0,30.0
015590,DKME,,2525,48.1,59.3,36.9,-40.7,inf,-15.4,-1.9,-1.9,-2.7,-2.3,-2.0,1.11,4260,0,10,True,False,True,1680904,705034,20.7,44.8,19.8,2.38,0,False,False,False,False,-,25.9,,,,,False,0,강세,-6,0,-3,-3,67.7,22.8,1520.53,2.53,2.74,-120778.0,-120778.0,-120778.0,10,10,1.0,35.9,29.9
009420,한올바이오파마,,57000,63.3,84.2,107.6,-14.4,137.5,23.0,16.4,1.1,21.1,13.2,30.2,4.23,66600,24000,10,True,True,False,671810,427793,1051.1,334.2,206.8,1.57,10,False,True,True,True,5일선회복/+3%반등/거래량동반양봉,15.8,,,,,False,0,강세,-6,0,-3,-3,67.7,22.8,1520.53,2.53,2.74,-120778.0,-120778.0,-120778.0,10,10,1.0,35.8,29.799999999999997
093050,LF,,23850,42.4,53.6,17.8,-9.8,59.7,-3.4,-9.0,2.1,-3.6,-1.5,18.4,0.42,26450,14930,0,False,False,False,54974,44650,4.5,13.1,11.0,1.23,0,False,False,False,False,-,32.7,-5.0,8.4,0.5,4.7,True,3,강세,-6,0,-3,-3,67.7,22.8,1520.53,2.53,2.74,-120778.0,-120778.0,-120778.0,10,10,1.0,35.7,29.700000000000003
006400,삼성SDI,,647000,40.3,58.6,48.2,-10.5,310.3,5.4,0.3,58.6,-0.4,22.2,86.6,0.79,723000,157700,10,False,True,True,585493,869900,4222.4,3550.5,5683.1,0.67,6,False,True,True,False,5일선회복/+3%반등,19.5,,,,,False,0,강세,-6,0,-3,-3,67.7,22.8,1520.53,2.53,2.74,-120778.0,-120778.0,-120778.0,10,10,1.0,35.5,29.5
272450,진에어,,6220,48.7,39.1,44.8,-36.1,7.8,1.8,-7.2,-13.6,-0.7,-1.9,-13.5,0.76,9740,5770,10,True,True,False,552708,278185,13.6,32.4,17.0,1.99,3,False,True,False,False,5일선회복,22.1,,,,,False,0,강세,-6,0,-3,-3,67.7,22.8,1520.53,2.53,2.74,-120778.0,-120778.0,-120778.0,10,10,1.0,35.1,29.1
033270,유나이티드제약,,19470,38.8,40.0,32.4,-13.3,7.7,-1.4,-5.9,-4.3,-1.7,-3.2,-1.4,0.59,22450,18080,0,False,False,False,25928,31111,3.6,5.0,6.1,0.83,3,False,True,False,False,5일선회복,32.1,-0.7,-1.1,4.8,-4.8,True,0,강세,-6,0,-3,-3,67.7,22.8,1520.53,2.53,2.74,-120778.0,-120778.0,-120778.0,10,10,1.0,35.1,29.1
001820,삼화콘덴서,,102000,81.1,100.0,141.6,0.0,330.4,56.4,52.5,144.9,48.9,63.6,154.6,4.57,102000,23700,15,True,True,True,1485302,562297,2699.9,1274.3,442.2,2.64,10,False,True,True,True,5일선회복/+3%반등/거래량동반양봉,10.0,,,,,False,0,강세,-6,0,-3,-3,67.7,22.8,1520.53,2.53,2.74,-120778.0,-120778.0,-120778.0,10,10,1.0,35.0,29.0
111380,동인기연,,13810,41.1,45.5,40.4,-25.1,7.4,-2.1,-3.4,-17.7,-1.1,-2.1,-2.3,0.71,18450,12860,0,False,False,False,14095,13529,1.4,1.9,1.9,1.04,6,False,True,True,False,5일선회복/+3%반등,28.9,,,,,False,0,강세,-6,0,-3,-3,67.7,22.8,1520.53,2.53,2.74,-120778.0,-120778.0,-120778.0,10,10,1.0,34.9,28.9
004150,한솔홀딩스,,4120,68.8,58.2,100.0,-12.2,65.5,11.4,21.2,17.7,14.7,19.8,26.8,6.63,4695,2490,10,True,True,False,1969010,1122662,320.4,79.2,43.9,1.75,10,False,True,True,True,5일선회복/+3%반등/거래량동반양봉,14.9,,,,,False,0,강세,-6,0,-3,-3,67.7,22.8,1520.53,2.53,2.74,-120778.0,-120778.0,-120778.0,10,10,1.0,34.9,28.9
022100,포스코DX,,32800,43.4,43.5,30.0,-28.1,64.0,-2.7,-5.3,-16.0,-4.1,0.3,11.8,0.57,45600,20000,0,False,False,False,557537,673660,124.6,178.1,231.4,0.83,3,False,True,False,False,5일선회복,31.8,-44.3,-14.6,-3.7,-1.4,True,0,강세,-6,0,-3,-3,67.7,22.8,1520.53,2.53,2.74,-120778.0,-120778.0,-120778.0,10,10,1.0,34.8,28.799999999999997
009180,한솔로지스틱스,,3060,44.5,22.0,30.9,-18.4,41.0,-1.9,-2.9,2.2,-4.0,-1.0,5.5,0.45,3750,2170,5,False,True,False,144282,217535,3.1,4.3,7.0,0.66,3,False,True,False,False,5일선회복,26.7,,,,,False,0,강세,-6,0,-3,-3,67.7,22.8,1520.53,2.53,2.74,-120778.0,-120778.0,-120778.0,10,10,1.0,34.7,28.700000000000003
042700,한미반도체,,320500,41.3,29.2,28.8,-24.8,309.8,-13.1,8.6,59.1,-9.9,2.2,74.1,0.48,426000,78200,0,False,False,False,1393463,1466260,2311.4,4312.9,5239.8,0.95,3,False,True,False,False,5일선회복,31.7,-2552.2,-452.2,191.5,6019.7,True,0,강세,-6,0,-3,-3,67.7,22.8,1520.53,2.53,2.74,-120778.0,-120778.0,-120778.0,10,10,1.0,34.7,28.700000000000003
002420,세기상사,,6660,80.6,48.5,110.8,-21.3,52.2,28.8,12.1,30.6,19.8,19.5,22.6,12.07,8460,4375,10,True,True,False,317064,97762,81.4,20.7,6.2,3.24,6,False,True,True,False,5일선회복/+3%반등,18.5,,,,,False,0,강세,-6,0,-3,-3,67.7,22.8,1520.53,2.53,2.74,-120778.0,-120778.0,-120778.0,10,10,1.0,34.5,28.5
002380,KCC,,537000,47.0,35.1,34.1,-22.4,112.3,0.6,-3.2,-8.0,-4.0,0.3,17.3,0.38,692000,253000,10,False,True,True,36076,40880,84.8,184.1,231.4,0.88,3,False,True,False,False,5일선회복,21.4,,,,,False,0,강세,-6,0,-3,-3,67.7,22.8,1520.53,2.53,2.74,-120778.0,-120778.0,-120778.0,10,10,1.0,34.4,28.4
003720,삼영,,10700,45.4,25.6,27.7,-23.5,188.8,-5.0,3.6,28.3,-8.4,15.2,61.0,0.71,13980,3705,5,False,True,False,1285178,1594245,117.3,133.5,183.0,0.81,3,False,True,False,False,5일선회복,26.3,,,,,False,0,강세,-6,0,-3,-3,67.7,22.8,1520.53,2.53,2.74,-120778.0,-120778.0,-120778.0,10,10,1.0,34.3,28.299999999999997
078930,GS,,76900,41.1,47.0,49.2,-11.3,99.0,-0.5,8.6,5.1,-0.1,7.6,30.5,0.42,86700,38650,10,False,True,True,298151,360491,119.8,224.3,277.4,0.83,6,False,True,True,False,5일선회복/+3%반등,18.2,,,,,False,0,강세,-6,0,-3,-3,67.7,22.8,1520.53,2.53,2.74,-120778.0,-120778.0,-120778.0,10,10,1.0,34.2,28.200000000000003
322000,HD현대에너지솔루션,,203000,43.4,33.8,50.1,-20.7,542.4,3.2,19.4,126.6,0.0,19.2,136.7,0.47,256000,31600,10,False,True,True,480967,1017600,896.3,962.0,2091.4,0.47,6,False,True,True,False,5일선회복/+3%반등,18.2,,,,,False,0,강세,-6,0,-3,-3,67.7,22.8,1520.53,2.53,2.74,-120778.0,-120778.0,-120778.0,10,10,1.0,34.2,28.200000000000003
009450,경동나비엔,,73600,44.3,61.6,55.3,-22.6,38.9,4.2,7.1,9.2,0.9,8.2,8.7,0.76,95100,53000,10,False,True,True,96963,107687,62.2,68.0,79.0,0.9,6,False,True,True,False,5일선회복/+3%반등,17.6,,,,,False,0,강세,-6,0,-3,-3,67.7,22.8,1520.53,2.53,2.74,-120778.0,-120778.0,-120778.0,10,10,1.0,33.6,27.6
241560,두산밥캣,,68800,44.1,39.3,28.4,-13.7,52.4,-1.3,-4.2,7.0,-4.4,2.6,13.8,0.46,79700,45150,5,False,True,False,249597,325746,101.5,166.7,235.7,0.77,3,False,True,False,False,5일선회복,25.1,,,,,False,0,강세,-6,0,-3,-3,67.7,22.8,1520.53,2.53,2.74,-120778.0,-120778.0,-120778.0,10,10,1.0,33.1,27.1
093370,후성,,12910,48.3,50.0,47.3,-16.3,233.2,9.2,-5.8,53.7,-0.7,21.3,59.8,0.93,15420,3875,10,False,True,True,1476550,2661390,314.4,181.0,356.0,0.55,10,False,True,True,True,5일선회복/+3%반등/거래량동반양봉,13.1,,,,,False,0,강세,-6,0,-3,-3,67.7,22.8,1520.53,2.53,2.74,-120778.0,-120778.0,-120778.0,10,10,1.0,33.1,27.1
024720,콜마홀딩스,,9600,46.9,34.8,36.9,-52.4,13.2,-2.5,1.2,-7.1,-1.7,2.6,-11.1,0.31,20150,8480,0,False,False,False,72685,101124,3.1,6.9,10.0,0.72,3,False,True,False,False,5일선회복,29.9,,,,,False,0,강세,-6,0,-3,-3,67.7,22.8,1520.53,2.53,2.74,-120778.0,-120778.0,-120778.0,10,10,1.0,32.9,26.9
079900,전진건설로봇,,61600,45.8,44.9,41.4,-17.1,53.2,4.1,-10.5,2.0,-2.3,0.9,17.2,0.49,74350,40200,5,False,True,False,64306,140239,42.4,37.0,91.7,0.46,6,False,True,True,False,5일선회복/+3%반등,21.8,,,,,False,0,강세,-6,0,-3,-3,67.7,22.8,1520.53,2.53,2.74,-120778.0,-120778.0,-120778.0,10,10,1.0,32.8,26.799999999999997
443060,HD현대마린솔루션,,245500,43.1,54.6,49.2,-14.5,66.0,13.9,6.7,41.7,-0.3,17.7,21.0,0.43,287000,147900,10,False,True,True,220641,428686,437.3,498.1,1047.5,0.51,6,False,True,True,False,5일선회복/+3%반등,16.5,,,,,False,0,강세,-6,0,-3,-3,67.7,22.8,1520.53,2.53,2.74,-120778.0,-120778.0,-120778.0,10,10,1.0,32.5,26.5
004080,신흥,,13900,41.5,69.0,45.7,-5.8,4.4,0.7,-1.3,3.1,-0.1,-0.1,0.5,1.6,14760,13310,5,False,False,True,9157,6802,1.6,1.3,0.9,1.35,7,False,True,False,True,5일선회복/거래량동반양봉,20.4,,,,,False,0,강세,-6,0,-3,-3,67.7,22.8,1520.53,2.53,2.74,-120778.0,-120778.0,-120778.0,10,10,1.0,32.4,26.4
064960,SNT모티브,,33400,43.3,63.1,45.1,-18.1,20.1,0.8,-4.2,-5.9,-1.1,-0.7,-2.3,1.01,40800,27800,5,False,True,False,117515,109145,37.7,37.6,36.9,1.08,6,False,True,True,False,5일선회복/+3%반등,21.4,,,,,False,0,강세,-6,0,-3,-3,67.7,22.8,1520.53,2.53,2.74,-120778.0,-120778.0,-120778.0,10,10,1.0,32.4,26.4
145720,덴티움,,51100,44.3,59.8,44.5,-30.4,18.6,-1.2,-6.2,1.2,-1.0,-1.9,-3.8,1.02,73400,43100,0,False,False,False,43705,45481,24.0,21.2,23.5,0.96,6,False,True,True,False,5일선회복/+3%반등,26.1,,,,,False,0,강세,-6,0,-3,-3,67.7,22.8,1520.53,2.53,2.74,-120778.0,-120778.0,-120778.0,10,10,1.0,32.1,26.1
267260,HD현대일렉트릭,,1173000,43.7,34.9,31.8,-18.0,249.1,-0.5,10.9,21.3,-6.0,8.8,41.2,0.62,1430000,336000,5,False,True,False,171018,196508,1446.2,1917.2,2451.4,0.87,3,False,True,False,False,5일선회복,23.9,,,,,False,0,강세,-6,0,-3,-3,67.7,22.8,1520.53,2.53,2.74,-120778.0,-120778.0,-120778.0,10,10,1.0,31.9,25.9
003350,한국화장품제조,,9630,44.3,37.7,39.9,-32.5,13.7,-6.4,4.7,-9.0,-1.8,2.3,-7.8,0.44,14260,8470,0,False,False,False,180716,311547,13.5,17.0,31.2,0.58,6,False,True,True,False,5일선회복/+3%반등,25.6,,,,,False,0,강세,-6,0,-3,-3,67.7,22.8,1520.53,2.53,2.74,-120778.0,-120778.0,-120778.0,10,10,1.0,31.6,25.6
137310,에스디바이오센서,,8320,48.4,80.0,64.6,-38.6,17.2,4.1,-4.3,-8.3,1.7,2.9,-8.5,1.05,13550,7100,5,False,True,False,163358,147564,13.0,13.2,12.0,1.11,6,False,True,True,False,5일선회복/+3%반등,20.2,,,,,False,0,강세,-6,0,-3,-3,67.7,22.8,1520.53,2.53,2.74,-120778.0,-120778.0,-120778.0,10,10,1.0,31.2,25.2
000650,천일고속,,242000,56.4,29.2,64.0,-53.3,inf,-26.8,11.5,-15.2,9.9,9.4,35.5,0.67,518000,0,5,True,False,False,110306,61845,105.6,275.0,179.4,1.78,6,False,True,True,False,5일선회복/+3%반등,20.2,,,,,False,0,강세,-6,0,-3,-3,67.7,22.8,1520.53,2.53,2.74,-120778.0,-120778.0,-120778.0,10,10,1.0,31.2,25.2
003670,포스코퓨처엠,,243000,47.0,35.8,36.8,-18.9,154.5,3.2,-5.3,3.6,-4.5,6.1,22.5,0.65,299500,95477,5,False,True,False,296499,449697,704.8,679.5,1167.6,0.66,6,False,True,True,False,5일선회복/+3%반등,20.0,,,,,False,0,강세,-6,0,-3,-3,67.7,22.8,1520.53,2.53,2.74,-120778.0,-120778.0,-120778.0,10,10,1.0,31.0,25.0
058650,세아홀딩스,,156300,44.1,62.8,61.5,-15.4,68.1,6.3,0.1,0.4,1.8,0.7,12.6,0.99,184800,93000,10,True,True,False,16252,7094,11.2,25.0,10.9,2.29,6,False,True,True,False,5일선회복/+3%반등,15.0,,,,,False,0,강세,-6,0,-3,-3,67.7,22.8,1520.53,2.53,2.74,-120778.0,-120778.0,-120778.0,10,10,1.0,31.0,25.0
008490,서흥,,23900,67.5,93.0,101.0,-26.7,59.3,8.9,22.7,0.0,15.9,21.0,4.9,1.81,32600,15000,10,True,False,True,99017,60052,26.9,22.9,12.9,1.65,6,False,True,True,False,5일선회복/+3%반등,14.7,,,,,False,0,강세,-6,0,-3,-3,67.7,22.8,1520.53,2.53,2.74,-120778.0,-120778.0,-120778.0,10,10,1.0,30.7,24.7
015890,태경산업,,5000,43.9,56.4,48.2,-22.5,10.4,2.7,-1.4,0.2,-0.2,1.0,-1.2,0.68,6450,4530,5,False,True,False,85291,94818,3.0,4.3,4.8,0.9,6,False,True,True,False,5일선회복/+3%반등,19.6,,,,,False,0,강세,-6,0,-3,-3,67.7,22.8,1520.53,2.53,2.74,-120778.0,-120778.0,-120778.0,10,10,1.0,30.6,24.6
005720,넥센,,6970,43.4,50.0,39.8,-13.8,40.4,0.0,1.3,-3.7,-1.2,1.9,12.1,0.7,8090,4965,5,False,True,False,60781,51737,2.5,4.2,3.6,1.17,6,False,True,True,False,5일선회복/+3%반등,19.5,,,,,False,0,강세,-6,0,-3,-3,67.7,22.8,1520.53,2.53,2.74,-120778.0,-120778.0,-120778.0,10,10,1.0,30.5,24.5
128940,한미약품,,454000,48.7,48.3,49.8,-29.8,69.7,-3.9,-9.9,-26.9,-0.0,-7.6,4.9,1.1,647000,267500,5,False,False,True,128921,117647,598.5,561.9,535.0,1.1,6,False,True,True,False,5일선회복/+3%반등,19.4,,,,,False,0,강세,-6,0,-3,-3,67.7,22.8,1520.53,2.53,2.74,-120778.0,-120778.0,-120778.0,10,10,1.0,30.4,24.4
026960,동서,,26150,46.4,68.3,64.9,-18.8,9.2,3.2,-3.0,-8.2,1.8,-1.0,-3.7,0.93,32200,23950,10,False,True,True,119728,108326,27.2,30.5,27.7,1.11,6,False,True,True,False,5일선회복/+3%반등,14.4,,,,,False,0,강세,-6,0,-3,-3,67.7,22.8,1520.53,2.53,2.74,-120778.0,-120778.0,-120778.0,10,10,1.0,30.4,24.4
007860,서연,,9340,47.9,70.9,59.7,-25.1,28.8,5.3,-2.1,-15.9,1.3,-0.6,-2.8,0.8,12470,7250,10,False,True,True,93334,120692,9.2,8.4,11.1,0.77,6,False,True,True,False,5일선회복/+3%반등,14.2,,,,,False,0,강세,-6,0,-3,-3,67.7,22.8,1520.53,2.53,2.74,-120778.0,-120778.0,-120778.0,10,10,1.0,30.2,24.2
001060,JW중외제약,,29950,43.9,55.1,41.4,-23.7,44.7,-0.2,-3.2,-17.3,-1.4,-2.3,10.5,0.59,39250,20700,0,False,False,False,65501,72487,13.2,19.0,22.0,0.9,6,False,True,True,False,5일선회복/+3%반등,23.7,,,,,False,0,강세,-6,0,-3,-3,67.7,22.8,1520.53,2.53,2.74,-120778.0,-120778.0,-120778.0,10,10,1.0,29.7,23.7
294870,IPARK현대산업개발,,22000,44.4,52.1,32.3,-21.0,21.2,-3.9,-5.2,-6.4,-3.1,-1.4,4.0,0.62,27850,18150,0,False,False,False,215556,329306,43.9,45.8,75.8,0.65,3,False,True,False,False,5일선회복,26.5,,,,,False,0,강세,-6,0,-3,-3,67.7,22.8,1520.53,2.53,2.74,-120778.0,-120778.0,-120778.0,10,10,1.0,29.5,23.5
016580,환인제약,,11150,38.2,31.2,43.7,-15.6,11.6,-2.8,3.4,1.3,-0.9,3.6,1.4,0.42,13210,9990,0,False,False,False,39059,82550,4.0,4.3,9.5,0.47,3,False,True,False,False,5일선회복,26.5,,,,,False,0,강세,-6,0,-3,-3,67.7,22.8,1520.53,2.53,2.74,-120778.0,-120778.0,-120778.0,10,10,1.0,29.5,23.5
020000,한섬,,24900,42.5,18.9,26.0,-13.4,75.6,-7.6,-0.8,18.6,-3.6,-0.1,34.2,0.6,28750,14180,0,False,False,False,105108,164153,25.0,27.1,42.5,0.64,0,False,False,False,False,-,29.4,,,,,False,0,강세,-6,0,-3,-3,67.7,22.8,1520.53,2.53,2.74,-120778.0,-120778.0,-120778.0,10,10,1.0,29.4,23.4
021050,서원,,1538,49.4,25.5,44.4,-22.7,53.0,5.6,11.3,22.7,-1.6,10.2,25.4,0.2,1990,1005,10,False,True,True,668662,2603121,8.1,9.9,43.1,0.26,6,False,True,True,False,5일선회복/+3%반등,13.3,,,,,False,0,강세,-6,0,-3,-3,67.7,22.8,1520.53,2.53,2.74,-120778.0,-120778.0,-120778.0,10,10,1.0,29.3,23.3
001680,대상,,20000,43.1,45.3,34.4,-19.5,4.8,-3.6,-3.6,-14.0,-1.7,-2.2,-7.0,0.67,24850,19090,0,False,False,False,128194,110379,15.0,25.2,22.4,1.16,3,False,True,False,False,5일선회복,26.2,,,,,False,0,강세,-6,0,-3,-3,67.7,22.8,1520.53,2.53,2.74,-120778.0,-120778.0,-120778.0,10,10,1.0,29.2,23.2
011790,SKC,,142100,58.8,34.5,58.4,-22.9,76.0,6.4,28.8,34.0,4.2,26.4,37.1,0.7,184400,80740,10,False,True,True,543656,962218,980.0,731.9,1398.0,0.57,10,False,True,True,True,5일선회복/+3%반등/거래량동반양봉,9.2,,,,,False,0,강세,-6,0,-3,-3,67.7,22.8,1520.53,2.53,2.74,-120778.0,-120778.0,-120778.0,10,10,1.0,29.2,23.2
009970,영원무역홀딩스,,202000,45.5,43.1,37.6,-22.9,103.6,-1.5,-4.7,-9.4,-1.5,-5.1,12.2,0.57,262000,99200,0,False,False,False,21072,23521,27.6,41.7,48.1,0.9,6,False,True,True,False,5일선회복/+3%반등,23.2,,,,,False,0,강세,-6,0,-3,-3,67.7,22.8,1520.53,2.53,2.74,-120778.0,-120778.0,-120778.0,10,10,1.0,29.2,23.2
004560,현대비앤지스틸,,16830,47.7,57.2,47.3,-34.0,61.1,1.4,6.1,-4.4,-0.5,2.9,23.9,0.37,25500,10450,5,False,True,False,173420,291843,18.5,28.2,50.2,0.59,6,False,True,True,False,5일선회복/+3%반등,18.1,,,,,False,0,강세,-6,0,-3,-3,67.7,22.8,1520.53,2.53,2.74,-120778.0,-120778.0,-120778.0,10,10,1.0,29.1,23.1
267290,경동도시가스,,22750,46.4,70.6,57.3,-6.4,27.6,2.2,0.7,-3.8,0.5,1.6,6.6,0.54,24300,17830,15,True,True,True,19045,12675,1.5,4.3,2.9,1.5,6,False,True,True,False,5일선회복/+3%반등,8.0,,,,,False,0,강세,-6,0,-3,-3,67.7,22.8,1520.53,2.53,2.74,-120778.0,-120778.0,-120778.0,10,10,1.0,29.0,23.0
007590,동방아그로,,6000,42.1,39.3,34.8,-5.8,5.3,0.5,-1.0,1.4,-0.4,0.6,-0.9,0.39,6370,5700,5,False,False,True,9480,10759,0.3,0.6,0.6,0.88,3,False,True,False,False,5일선회복,20.8,,,,,False,0,강세,-6,0,-3,-3,67.7,22.8,1520.53,2.53,2.74,-120778.0,-120778.0,-120778.0,10,10,1.0,28.8,22.8
084670,동양고속,,46150,56.9,26.9,60.8,-73.3,inf,-29.9,14.8,-13.4,8.3,10.4,39.1,0.77,172800,0,5,True,False,False,1376931,559290,208.5,681.1,308.8,2.46,3,False,False,True,False,+3%반등,20.8,,,,,False,0,강세,-6,0,-3,-3,67.7,22.8,1520.53,2.53,2.74,-120778.0,-120778.0,-120778.0,10,10,1.0,28.8,22.8
161000,애경케미칼,,15230,48.2,77.9,54.6,-23.7,80.7,13.4,-0.8,43.7,1.5,13.6,36.3,0.85,19960,8430,10,False,True,True,617616,1325550,102.3,89.8,226.6,0.47,6,False,True,True,False,5일선회복/+3%반등,12.6,,,,,False,0,강세,-6,0,-3,-3,67.7,22.8,1520.53,2.53,2.74,-120778.0,-120778.0,-120778.0,10,10,1.0,28.6,22.6
033530,SJG세종,,8700,60.8,71.8,102.1,-31.2,106.9,12.7,9.4,-17.9,7.5,10.0,7.8,0.75,12640,4205,10,True,True,False,480461,336680,22.6,40.5,27.6,1.43,6,False,True,True,False,5일선회복/+3%반등,12.5,,,,,False,0,강세,-6,0,-3,-3,67.7,22.8,1520.53,2.53,2.74,-120778.0,-120778.0,-120778.0,10,10,1.0,28.5,22.5
229640,LS에코에너지,,84200,47.9,34.2,53.8,-23.3,170.7,3.7,43.9,90.1,1.8,37.7,87.0,0.52,109800,31100,10,False,True,True,303856,535100,238.9,250.9,445.9,0.57,6,False,True,True,False,5일선회복/+3%반등,12.5,,,,,False,0,강세,-6,0,-3,-3,67.7,22.8,1520.53,2.53,2.74,-120778.0,-120778.0,-120778.0,10,10,1.0,28.5,22.5
069260,TKG휴켐스,,17700,43.3,25.8,41.2,-17.9,12.2,-11.9,-1.4,-11.9,-1.5,-2.1,-3.5,0.3,21550,15770,0,False,False,False,224441,266830,14.4,39.3,49.1,0.84,6,False,True,True,False,5일선회복/+3%반등,22.5,,,,,False,0,강세,-6,0,-3,-3,67.7,22.8,1520.53,2.53,2.74,-120778.0,-120778.0,-120778.0,10,10,1.0,28.5,22.5
016740,두올,,4920,40.8,65.0,53.7,-9.2,60.3,2.6,5.8,6.8,0.5,4.1,21.7,0.44,5420,3070,5,False,True,False,286454,294316,6.5,14.1,14.4,0.97,6,False,True,True,False,5일선회복/+3%반등,17.5,,,,,False,0,강세,-6,0,-3,-3,67.7,22.8,1520.53,2.53,2.74,-120778.0,-120778.0,-120778.0,10,10,1.0,28.5,22.5
181710,NHN,,40000,45.9,63.6,57.6,-9.4,115.7,5.0,-3.4,-5.7,1.2,2.3,23.3,1.15,44150,18540,10,False,True,True,99045,81699,37.7,38.1,32.0,1.21,6,False,True,True,False,5일선회복/+3%반등,12.4,,,,,False,0,강세,-6,0,-3,-3,67.7,22.8,1520.53,2.53,2.74,-120778.0,-120778.0,-120778.0,10,10,1.0,28.4,22.4
114090,GKL,,11730,46.2,46.3,41.1,-34.7,8.6,-7.0,-3.1,-12.6,-1.2,-1.2,-17.1,0.53,17970,10800,0,False,False,False,282351,391607,24.8,33.4,46.6,0.72,3,False,False,True,False,+3%반등,24.7,,,,,False,0,강세,-6,0,-3,-3,67.7,22.8,1520.53,2.53,2.74,-120778.0,-120778.0,-120778.0,10,10,1.0,27.7,21.7
018670,SK가스,,260000,39.1,40.8,43.1,-13.9,27.1,-10.3,6.6,9.9,-1.5,2.5,6.5,0.51,302000,204500,0,False,False,False,34718,32505,44.3,85.9,86.3,1.07,3,False,True,False,False,5일선회복,24.7,,,,,False,0,강세,-6,0,-3,-3,67.7,22.8,1520.53,2.53,2.74,-120778.0,-120778.0,-120778.0,10,10,1.0,27.7,21.7
025560,미래산업,,35850,85.6,100.0,122.0,0.0,inf,86.6,149.1,135.1,78.0,121.6,170.1,2.31,35850,0,15,True,True,True,911124,369135,319.4,254.4,89.7,2.47,6,False,True,True,False,5일선회복/+3%반등,6.6,,,,,False,0,강세,-6,0,-3,-3,67.7,22.8,1520.53,2.53,2.74,-120778.0,-120778.0,-120778.0,10,10,1.0,27.6,21.6
068270,셀트리온,,198700,48.7,72.6,58.5,-20.8,37.2,5.2,-2.1,-18.7,1.5,-0.3,3.4,1.23,251000,144866,5,False,True,False,690562,669373,1678.3,1295.6,1306.8,1.03,10,False,True,True,True,5일선회복/+3%반등/거래량동반양봉,12.5,,,,,False,0,강세,-6,0,-3,-3,67.7,22.8,1520.53,2.53,2.74,-120778.0,-120778.0,-120778.0,10,10,1.0,27.5,21.5
483650,달바글로벌,,219000,47.0,23.4,31.8,-20.2,109.4,-7.4,10.2,27.8,-4.3,14.9,31.8,0.52,274500,104600,0,False,False,False,179893,249915,279.3,392.7,580.2,0.72,6,False,True,True,False,5일선회복/+3%반등,21.5,,,,,False,0,강세,-6,0,-3,-3,67.7,22.8,1520.53,2.53,2.74,-120778.0,-120778.0,-120778.0,10,10,1.0,27.5,21.5
003160,디아이,,32650,48.2,60.3,53.3,-21.7,161.6,12.8,2.4,-10.7,0.9,0.7,29.8,0.7,41700,12480,10,False,True,True,345868,403641,92.4,105.2,131.1,0.86,6,False,True,True,False,5일선회복/+3%반등,11.4,,,,,False,0,강세,-6,0,-3,-3,67.7,22.8,1520.53,2.53,2.74,-120778.0,-120778.0,-120778.0,10,10,1.0,27.4,21.4
003850,보령,,9650,44.5,41.7,43.5,-10.6,19.4,-0.5,-2.3,-9.6,-0.7,0.4,6.6,0.94,10800,8080,5,False,False,True,156312,166945,15.0,14.8,16.3,0.94,6,False,True,True,False,5일선회복/+3%반등,16.2,,,,,False,0,강세,-6,0,-3,-3,67.7,22.8,1520.53,2.53,2.74,-120778.0,-120778.0,-120778.0,10,10,1.0,27.2,21.2
032560,황금에스티,,6080,39.9,44.0,44.9,-7.6,14.7,0.0,-1.8,-3.5,-0.7,0.5,2.7,0.55,6580,5300,0,False,False,False,44490,55571,1.9,2.6,3.4,0.8,6,False,True,True,False,5일선회복/+3%반등,21.1,,,,,False,0,강세,-6,0,-3,-3,67.7,22.8,1520.53,2.53,2.74,-120778.0,-120778.0,-120778.0,10,10,1.0,27.1,21.1
244920,에이플러스에셋,,11610,58.3,72.2,85.2,-22.5,135.7,11.5,8.1,-17.1,7.3,5.6,25.3,0.26,14990,4925,15,True,True,True,191032,119568,3.7,22.1,13.0,1.6,3,False,False,True,False,+3%반등,9.0,,,,,False,0,강세,-6,0,-3,-3,67.7,22.8,1520.53,2.53,2.74,-120778.0,-120778.0,-120778.0,10,10,1.0,27.0,21.0
000500,가온전선,,414000,62.3,65.2,64.4,-34.8,inf,22.3,166.4,362.1,17.8,98.0,281.3,0.38,635000,0,10,True,True,False,334686,240677,377.7,1286.5,882.5,1.39,3,False,True,False,False,5일선회복,13.9,,,,,False,0,강세,-6,0,-3,-3,67.7,22.8,1520.53,2.53,2.74,-120778.0,-120778.0,-120778.0,10,10,1.0,26.9,20.9
009190,대양금속,,1550,50.9,74.3,73.6,-21.1,41.7,13.6,6.5,20.1,6.2,11.9,9.3,1.64,1965,1094,5,False,True,False,378863,500176,12.9,5.4,7.5,0.76,10,False,True,True,True,5일선회복/+3%반등/거래량동반양봉,11.6,,,,,False,0,강세,-6,0,-3,-3,67.7,22.8,1520.53,2.53,2.74,-120778.0,-120778.0,-120778.0,10,10,1.0,26.6,20.6
004800,효성,,221000,47.9,24.3,45.7,-30.5,319.4,-2.2,34.9,35.3,-2.3,24.5,65.2,0.41,318000,52700,5,False,True,False,63950,105500,98.6,134.0,245.0,0.61,3,False,True,False,False,5일선회복,18.5,,,,,False,0,강세,-6,0,-3,-3,67.7,22.8,1520.53,2.53,2.74,-120778.0,-120778.0,-120778.0,10,10,1.0,26.5,20.5
005950,이수화학,,16240,77.1,80.8,112.4,-9.5,220.9,62.2,75.6,72.6,46.1,74.3,95.5,1.33,17940,5060,15,True,True,True,6616316,2918320,660.5,930.6,367.9,2.27,6,False,True,True,False,5일선회복/+3%반등,5.5,,,,,False,0,강세,-6,0,-3,-3,67.7,22.8,1520.53,2.53,2.74,-120778.0,-120778.0,-120778.0,10,10,1.0,26.5,20.5
011200,HMM,,20500,50.0,44.6,55.4,-21.9,9.9,3.1,-2.8,-9.7,0.5,-0.1,-2.3,1.04,26250,18660,10,False,True,True,1458998,1381959,296.9,292.6,281.8,1.06,6,False,True,True,False,5일선회복/+3%반등,10.4,,,,,False,0,강세,-6,0,-3,-3,67.7,22.8,1520.53,2.53,2.74,-120778.0,-120778.0,-120778.0,10,10,1.0,26.4,20.4
006040,동원산업,,37500,46.3,50.9,43.6,-32.3,7.9,-1.6,-4.8,-15.3,-0.7,-2.5,-12.0,0.55,55400,34750,0,False,False,False,59325,85518,17.9,21.5,32.5,0.69,3,False,True,False,False,5일선회복,23.4,,,,,False,0,강세,-6,0,-3,-3,67.7,22.8,1520.53,2.53,2.74,-120778.0,-120778.0,-120778.0,10,10,1.0,26.4,20.4
006340,대원전선,,14610,48.5,23.1,52.4,-28.0,428.4,3.0,128.3,273.7,2.0,59.0,191.9,0.16,20300,2765,5,False,True,False,9461748,33910874,814.4,1398.4,4206.6,0.28,6,False,True,True,False,5일선회복/+3%반등,15.2,,,,,False,0,강세,-6,0,-3,-3,67.7,22.8,1520.53,2.53,2.74,-120778.0,-120778.0,-120778.0,10,10,1.0,26.2,20.2
084690,대상홀딩스,,9520,49.5,69.0,62.5,-20.0,9.9,3.0,-3.0,-10.2,1.1,1.1,-0.3,0.48,11900,8660,10,False,True,True,90786,89752,4.2,8.5,8.4,1.01,6,False,True,True,False,5일선회복/+3%반등,10.2,,,,,False,0,강세,-6,0,-3,-3,67.7,22.8,1520.53,2.53,2.74,-120778.0,-120778.0,-120778.0,10,10,1.0,26.2,20.2
020120,키다리스튜디오,,3980,53.8,68.6,72.8,-12.4,30.5,10.6,4.7,0.6,3.8,10.9,8.5,1.2,4545,3050,10,False,True,True,179930,280669,13.8,6.8,11.0,0.64,10,False,True,True,True,5일선회복/+3%반등/거래량동반양봉,6.0,,,,,False,0,강세,-6,0,-3,-3,67.7,22.8,1520.53,2.53,2.74,-120778.0,-120778.0,-120778.0,10,10,1.0,26.0,20.0
079550,LIG디펜스앤에어로스페이스,,925000,48.1,61.1,59.6,-17.3,158.0,10.9,1.8,99.8,2.4,10.3,60.4,0.86,1118000,358500,10,False,True,True,249692,353114,2445.1,2163.9,3257.2,0.71,6,False,True,True,False,5일선회복/+3%반등,9.8,,,,,False,0,강세,-6,0,-3,-3,67.7,22.8,1520.53,2.53,2.74,-120778.0,-120778.0,-120778.0,10,10,1.0,25.8,19.8
028050,삼성E&A,,53400,50.4,35.0,46.9,-20.7,171.1,5.5,3.3,52.8,-1.0,15.5,64.4,0.48,67300,19700,10,False,True,True,1914962,3468347,893.8,959.8,1940.5,0.55,6,False,True,True,False,5일선회복/+3%반등,9.5,,,,,False,0,강세,-6,0,-3,-3,67.7,22.8,1520.53,2.53,2.74,-120778.0,-120778.0,-120778.0,10,10,1.0,25.5,19.5
005490,POSCO홀딩스,,447500,46.9,28.4,36.7,-17.4,94.6,-4.3,6.2,15.0,-4.2,11.9,32.7,0.54,542000,230000,5,False,True,False,517953,681824,1654.8,2277.3,3206.9,0.76,3,False,True,False,False,5일선회복,17.3,,,,,False,0,강세,-6,0,-3,-3,67.7,22.8,1520.53,2.53,2.74,-120778.0,-120778.0,-120778.0,10,10,1.0,25.3,19.3
336260,두산퓨얼셀,,98200,72.7,84.4,83.7,-7.4,514.1,16.2,126.5,167.6,30.4,80.4,161.0,1.42,106000,15990,10,False,True,True,973906,1490124,2032.7,862.1,1109.5,0.65,10,False,True,True,True,5일선회복/+3%반등/거래량동반양봉,5.1,,,,,False,0,강세,-6,0,-3,-3,67.7,22.8,1520.53,2.53,2.74,-120778.0,-120778.0,-120778.0,10,10,1.0,25.1,19.1
003060,에이프로젠바이오로직스,,3450,69.5,54.2,67.4,-45.8,inf,-14.0,1274.5,791.5,59.5,235.2,413.8,1.09,6370,0,0,False,False,False,464092,527069,20.7,15.9,23.0,0.88,6,False,True,True,False,5일선회복/+3%반등,18.8,,,,,False,0,강세,-6,0,-3,-3,67.7,22.8,1520.53,2.53,2.74,-120778.0,-120778.0,-120778.0,10,10,1.0,24.8,18.8
005440,현대지에프홀딩스,,14400,50.5,39.1,37.7,-27.2,143.2,-2.8,-5.8,-0.7,-1.6,-0.1,38.6,0.46,19790,5920,0,False,False,False,205765,360514,23.6,28.9,53.3,0.57,6,False,True,True,False,5일선회복/+3%반등,18.7,,,,,False,0,강세,-6,0,-3,-3,67.7,22.8,1520.53,2.53,2.74,-120778.0,-120778.0,-120778.0,10,10,1.0,24.7,18.7
005180,빙그레,,73300,45.7,36.3,40.7,-25.0,6.9,-5.4,-2.9,-13.2,-0.9,-1.0,-2.4,0.31,97700,68600,0,False,False,False,46086,55657,12.6,34.4,41.7,0.83,3,False,False,True,False,+3%반등,21.6,,,,,False,0,강세,-6,0,-3,-3,67.7,22.8,1520.53,2.53,2.74,-120778.0,-120778.0,-120778.0,10,10,1.0,24.6,18.6
012800,대창,,1653,50.2,34.3,55.6,-21.1,40.4,4.6,12.4,13.8,1.4,11.2,20.6,0.34,2095,1177,10,False,True,True,2057443,6115148,35.6,32.1,104.6,0.34,6,False,True,True,False,5일선회복/+3%반등,8.4,,,,,False,0,강세,-6,0,-3,-3,67.7,22.8,1520.53,2.53,2.74,-120778.0,-120778.0,-120778.0,10,10,1.0,24.4,18.4
005880,대한해운,,2580,49.1,51.2,54.5,-23.8,72.0,3.6,-5.1,8.6,0.7,3.0,27.7,0.48,3385,1500,5,False,True,False,5770225,11860560,147.0,144.1,307.5,0.49,6,False,True,True,False,5일선회복/+3%반등,13.4,,,,,False,0,강세,-6,0,-3,-3,67.7,22.8,1520.53,2.53,2.74,-120778.0,-120778.0,-120778.0,10,10,1.0,24.4,18.4
047810,한국항공우주,,168400,49.6,44.8,49.5,-21.9,104.7,4.5,-7.7,-4.0,-0.1,-6.1,24.2,0.58,215500,82250,5,False,True,False,528465,838359,825.0,860.4,1432.4,0.63,6,False,True,True,False,5일선회복/+3%반등,13.4,,,,,False,0,강세,-6,0,-3,-3,67.7,22.8,1520.53,2.53,2.74,-120778.0,-120778.0,-120778.0,10,10,1.0,24.4,18.4
007460,에이프로젠,,4210,68.2,54.0,66.1,-46.0,inf,-10.6,1336.9,782.6,55.3,231.8,421.6,0.52,7800,0,0,False,False,False,584084,1412051,32.7,24.3,77.9,0.41,6,False,True,True,False,5일선회복/+3%반등,18.4,,,,,False,0,강세,-6,0,-3,-3,67.7,22.8,1520.53,2.53,2.74,-120778.0,-120778.0,-120778.0,10,10,1.0,24.4,18.4
000020,동화약품,,6250,58.1,93.9,107.8,-12.5,12.4,3.0,4.3,-3.8,4.3,4.7,0.8,1.86,7140,5560,5,True,False,False,179099,114496,13.7,10.9,6.9,1.56,10,False,True,True,True,5일선회복/+3%반등/거래량동반양봉,9.3,,,,,False,0,강세,-6,0,-3,-3,67.7,22.8,1520.53,2.53,2.74,-120778.0,-120778.0,-120778.0,10,10,1.0,24.3,18.3
001440,대한전선,,54800,48.6,17.3,43.0,-27.8,361.3,-8.7,31.9,67.8,-4.7,30.0,101.1,0.23,75900,11880,5,False,True,False,4547382,13733080,1805.9,2502.1,7781.5,0.33,0,False,False,False,False,-,19.2,,,,,False,0,강세,-6,0,-3,-3,67.7,22.8,1520.53,2.53,2.74,-120778.0,-120778.0,-120778.0,10,10,1.0,24.2,18.2
293480,하나제약,,9980,53.2,83.0,77.4,-20.2,10.3,5.8,1.6,-9.4,2.4,4.6,-8.3,0.56,12500,9050,10,True,True,False,71739,49360,2.9,7.1,4.8,1.45,6,False,True,True,False,5일선회복/+3%반등,8.1,,,,,False,0,강세,-6,0,-3,-3,67.7,22.8,1520.53,2.53,2.74,-120778.0,-120778.0,-120778.0,10,10,1.0,24.1,18.1
009160,SIMPAC,,5690,47.1,24.8,29.2,-17.5,40.7,-13.3,6.6,8.6,-5.9,3.7,13.2,0.48,6900,4045,0,False,False,False,246566,334684,9.6,14.2,20.5,0.74,3,False,True,False,False,5일선회복,21.0,,,,,False,0,강세,-6,0,-3,-3,67.7,22.8,1520.53,2.53,2.74,-120778.0,-120778.0,-120778.0,10,10,1.0,24.0,18.0
378850,화승알앤에이,,3615,53.6,41.3,72.9,-19.7,23.4,3.3,7.1,-2.6,2.9,3.9,7.4,0.33,4500,2930,10,False,True,True,148334,367839,4.6,5.3,13.7,0.4,6,False,True,True,False,5일선회복/+3%반등,7.9,,,,,False,0,강세,-6,0,-3,-3,67.7,22.8,1520.53,2.53,2.74,-120778.0,-120778.0,-120778.0,10,10,1.0,23.9,17.9
088790,진도,,2955,59.7,93.6,102.4,-1.5,64.1,13.7,8.8,33.7,12.3,12.7,37.3,1.43,3000,1801,15,True,True,True,127188,59504,2.6,3.6,1.6,2.14,6,False,True,True,False,5일선회복/+3%반등,2.7,,,,,False,0,강세,-6,0,-3,-3,67.7,22.8,1520.53,2.53,2.74,-120778.0,-120778.0,-120778.0,10,10,1.0,23.7,17.7
377740,바이오노트,,5120,50.6,80.8,69.1,-19.0,13.0,2.9,-0.2,-12.2,1.3,-0.3,-6.7,0.87,6320,4530,10,False,True,True,82514,86227,3.9,4.1,4.3,0.96,6,False,True,True,False,5일선회복/+3%반등,7.7,,,,,False,0,강세,-6,0,-3,-3,67.7,22.8,1520.53,2.53,2.74,-120778.0,-120778.0,-120778.0,10,10,1.0,23.7,17.7
454910,두산로보틱스,,106600,48.0,29.7,57.7,-23.2,133.0,-16.3,15.1,4.6,2.4,12.9,28.0,0.45,138800,45750,5,True,False,False,3037668,1995653,998.2,3177.1,2157.7,1.52,6,False,True,True,False,5일선회복/+3%반등,12.4,,,,,False,0,강세,-6,0,-3,-3,67.7,22.8,1520.53,2.53,2.74,-120778.0,-120778.0,-120778.0,10,10,1.0,23.4,17.4
003690,코리안리,,14520,71.6,88.5,94.7,-5.7,80.8,10.6,18.0,5.6,13.9,14.6,23.6,0.75,15400,8030,15,True,True,True,1008693,567245,63.2,144.6,75.0,1.78,6,False,True,True,False,5일선회복/+3%반등,2.3,,,,,False,0,강세,-6,0,-3,-3,67.7,22.8,1520.53,2.53,2.74,-120778.0,-120778.0,-120778.0,10,10,1.0,23.3,17.3
072710,농심홀딩스,,96300,47.4,52.5,56.8,-32.9,38.4,-1.9,0.5,-1.4,0.6,1.2,4.0,0.54,143500,69600,0,False,False,False,6628,7496,4.0,6.3,7.2,0.88,6,False,True,True,False,5일선회복/+3%반등,17.1,,,,,False,0,강세,-6,0,-3,-3,67.7,22.8,1520.53,2.53,2.74,-120778.0,-120778.0,-120778.0,10,10,1.0,23.1,17.1
015860,일진홀딩스,,10720,51.9,13.1,33.6,-30.5,177.7,-12.8,24.5,26.7,-9.6,16.2,45.0,0.48,15430,3860,0,False,False,False,340295,687112,37.0,37.8,86.6,0.5,0,False,False,False,False,-,23.0,,,,,False,0,강세,-6,0,-3,-3,67.7,22.8,1520.53,2.53,2.74,-120778.0,-120778.0,-120778.0,10,10,1.0,23.0,17.0
000050,경방,,10030,49.2,57.7,55.6,-34.1,61.8,-0.3,0.8,-2.9,0.7,4.0,18.8,0.45,15210,6200,5,False,False,True,140585,104462,4.8,14.5,10.5,1.35,3,False,False,True,False,+3%반등,14.8,,,,,False,0,강세,-6,0,-3,-3,67.7,22.8,1520.53,2.53,2.74,-120778.0,-120778.0,-120778.0,10,10,1.0,22.8,16.8
453340,현대그린푸드,,18490,66.1,72.0,70.4,-6.1,26.2,0.6,13.4,12.1,5.0,11.4,15.6,1.06,19690,14650,10,False,True,True,71341,90734,18.5,13.0,16.2,0.79,10,False,True,True,True,5일선회복/+3%반등/거래량동반양봉,2.7,,,,,False,0,강세,-6,0,-3,-3,67.7,22.8,1520.53,2.53,2.74,-120778.0,-120778.0,-120778.0,10,10,1.0,22.7,16.7
007610,선도전기,,9850,53.1,16.4,54.7,-40.6,inf,-1.4,228.3,228.3,7.5,80.3,172.4,0.66,16590,0,0,False,False,False,2817776,6206111,422.6,280.7,748.4,0.45,3,False,False,True,False,+3%반등,19.6,,,,,False,0,강세,-6,0,-3,-3,67.7,22.8,1520.53,2.53,2.74,-120778.0,-120778.0,-120778.0,10,10,1.0,22.6,16.6
000240,한국앤컴퍼니,,24550,48.2,59.0,51.9,-32.6,58.0,-3.5,-1.4,-22.1,0.2,-1.6,-3.2,0.69,36450,15540,0,False,False,False,153229,149149,25.4,36.0,36.6,1.03,6,False,True,True,False,5일선회복/+3%반등,16.4,,,,,False,0,강세,-6,0,-3,-3,67.7,22.8,1520.53,2.53,2.74,-120778.0,-120778.0,-120778.0,10,10,1.0,22.4,16.4
006280,녹십자,,139000,52.2,45.3,59.5,-24.4,18.1,0.2,-3.5,-21.7,1.1,-2.4,-3.6,1.14,183800,117700,0,False,False,False,61800,66171,107.5,82.5,91.1,0.93,10,False,True,True,True,5일선회복/+3%반등/거래량동반양봉,12.2,,,,,False,0,강세,-6,0,-3,-3,67.7,22.8,1520.53,2.53,2.74,-120778.0,-120778.0,-120778.0,10,10,1.0,22.2,16.2
003550,LG,,118500,61.4,35.6,82.3,-22.1,77.9,-6.0,24.7,23.7,11.0,22.3,38.1,1.43,152100,66600,5,True,False,False,1110977,653134,1143.2,1289.0,741.3,1.7,6,False,True,True,False,5일선회복/+3%반등,11.0,,,,,False,0,강세,-6,0,-3,-3,67.7,22.8,1520.53,2.53,2.74,-120778.0,-120778.0,-120778.0,10,10,1.0,22.0,16.0
282330,BGF리테일,,130400,48.3,17.9,24.3,-11.8,32.4,-7.3,-2.8,-4.8,-3.0,-1.0,10.6,0.83,147800,98500,0,False,False,False,61485,70497,77.8,81.8,95.1,0.87,0,False,False,False,False,-,22.0,,,,,False,0,강세,-6,0,-3,-3,67.7,22.8,1520.53,2.53,2.74,-120778.0,-120778.0,-120778.0,10,10,1.0,22.0,16.0
102460,이연제약,,12300,64.0,70.3,103.9,-14.8,28.4,9.1,10.0,7.9,9.0,15.5,11.3,0.74,14430,9580,10,False,True,True,129360,165890,15.6,15.4,19.0,0.78,6,False,True,True,False,5일선회복/+3%반등,5.9,,,,,False,0,강세,-6,0,-3,-3,67.7,22.8,1520.53,2.53,2.74,-120778.0,-120778.0,-120778.0,10,10,1.0,21.9,15.899999999999999
034730,SK,,642000,77.6,98.6,100.1,-0.5,372.8,27.6,66.1,80.6,27.7,57.8,117.4,1.32,645000,135800,10,False,True,True,310856,268994,2352.9,1748.4,1374.5,1.16,10,False,True,True,True,5일선회복/+3%반등/거래량동반양봉,1.8,,,,,False,0,강세,-6,0,-3,-3,67.7,22.8,1520.53,2.53,2.74,-120778.0,-120778.0,-120778.0,10,10,1.0,21.8,15.8
010100,한국무브넥스,,4840,55.7,37.8,64.5,-39.1,37.1,-5.1,4.5,-11.7,3.4,5.4,6.4,0.28,7950,3530,0,False,False,False,573587,1191310,16.7,26.3,59.9,0.48,6,False,True,True,False,5일선회복/+3%반등,15.6,,,,,False,0,강세,-6,0,-3,-3,67.7,22.8,1520.53,2.53,2.74,-120778.0,-120778.0,-120778.0,10,10,1.0,21.6,15.600000000000001
030190,NICE평가정보,,14920,46.3,70.9,51.4,-19.4,15.5,0.3,-4.6,-12.3,0.3,-4.8,-5.8,0.61,18500,12920,0,False,False,False,96454,116508,10.7,14.1,17.3,0.83,6,False,True,True,False,5일선회복/+3%반등,15.6,,,,,False,0,강세,-6,0,-3,-3,67.7,22.8,1520.53,2.53,2.74,-120778.0,-120778.0,-120778.0,10,10,1.0,21.6,15.600000000000001
051900,LG생활건강,,262500,53.0,33.7,51.5,-26.2,16.7,-2.1,4.8,-5.7,0.2,3.7,-4.0,0.66,355500,225000,5,False,False,True,59055,81384,145.5,151.4,216.8,0.73,6,False,True,True,False,5일선회복/+3%반등,10.5,,,,,False,0,강세,-6,0,-3,-3,67.7,22.8,1520.53,2.53,2.74,-120778.0,-120778.0,-120778.0,10,10,1.0,21.5,15.5
259960,크래프톤,,271000,52.2,32.3,34.7,-30.7,30.0,-2.9,6.3,3.4,-1.9,5.6,0.1,0.72,391000,208500,0,False,False,False,139444,193618,385.7,375.5,535.8,0.72,3,False,True,False,False,5일선회복,18.4,,,,,False,0,강세,-6,0,-3,-3,67.7,22.8,1520.53,2.53,2.74,-120778.0,-120778.0,-120778.0,10,10,1.0,21.4,15.399999999999999
005500,삼진제약,,22400,59.5,57.3,83.1,-13.5,31.8,14.8,19.1,14.2,13.5,18.3,15.2,0.84,25900,16990,10,True,True,False,1357062,430544,84.8,319.0,97.7,3.15,6,False,True,True,False,5일선회복/+3%반등,5.4,,,,,False,0,강세,-6,0,-3,-3,67.7,22.8,1520.53,2.53,2.74,-120778.0,-120778.0,-120778.0,10,10,1.0,21.4,15.399999999999999
090460,비에이치,,39450,58.1,92.1,112.4,-2.2,231.2,19.0,16.5,93.9,17.6,44.2,98.3,2.1,40350,11910,5,False,True,False,1078259,920283,745.9,382.8,317.1,1.17,10,False,True,True,True,5일선회복/+3%반등/거래량동반양봉,6.4,,,,,False,0,강세,-6,0,-3,-3,67.7,22.8,1520.53,2.53,2.74,-120778.0,-120778.0,-120778.0,10,10,1.0,21.4,15.399999999999999
003230,삼양식품,,1315000,47.8,27.2,39.1,-21.0,42.6,-8.9,-3.2,12.3,-1.5,4.2,0.1,0.8,1665000,922000,0,False,False,False,62809,66748,713.9,847.7,900.3,0.94,3,False,False,True,False,+3%반등,18.4,,,,,False,0,강세,-6,0,-3,-3,67.7,22.8,1520.53,2.53,2.74,-120778.0,-120778.0,-120778.0,10,10,1.0,21.4,15.399999999999999
014910,성문전자,,3250,67.9,62.8,87.6,-21.7,212.8,16.7,89.3,79.8,40.0,67.7,109.3,1.32,4150,1039,5,False,False,True,7969881,5816551,260.5,241.6,173.6,1.37,6,False,True,True,False,5일선회복/+3%반등,10.3,,,,,False,0,강세,-6,0,-3,-3,67.7,22.8,1520.53,2.53,2.74,-120778.0,-120778.0,-120778.0,10,10,1.0,21.3,15.3
005430,한국공항,,75800,74.3,97.2,92.4,-0.7,49.8,10.2,30.9,8.1,16.5,24.8,19.9,0.63,76300,50600,15,True,True,True,41481,23970,11.9,30.2,16.3,1.73,6,False,True,True,False,5일선회복/+3%반등,0.3,,,,,False,0,강세,-6,0,-3,-3,67.7,22.8,1520.53,2.53,2.74,-120778.0,-120778.0,-120778.0,10,10,1.0,21.3,15.3
019180,티에이치엔,,7450,48.5,45.2,36.4,-24.9,176.4,-2.5,-1.1,-8.3,-1.9,-4.3,11.0,0.42,9920,2695,0,False,False,False,462265,380163,12.1,34.7,29.0,1.22,3,False,True,False,False,5일선회복,18.2,,,,,False,0,강세,-6,0,-3,-3,67.7,22.8,1520.53,2.53,2.74,-120778.0,-120778.0,-120778.0,10,10,1.0,21.2,15.2
003650,미창석유,,130000,58.4,85.7,126.9,-23.1,31.8,5.3,8.6,-6.4,6.7,9.9,12.1,1.18,169000,98600,5,False,True,False,3650,3489,5.6,4.6,4.3,1.05,6,False,True,True,False,5일선회복/+3%반등,10.1,,,,,False,0,강세,-6,0,-3,-3,67.7,22.8,1520.53,2.53,2.74,-120778.0,-120778.0,-120778.0,10,10,1.0,21.1,15.100000000000001
415640,KB발해인프라,,10030,46.1,74.4,74.3,-5.4,30.9,1.2,1.0,0.1,0.8,0.8,4.4,0.76,10600,7660,10,False,True,True,114153,134170,10.3,11.3,13.4,0.85,3,False,True,False,False,5일선회복,8.0,,,,,False,0,강세,-6,0,-3,-3,67.7,22.8,1520.53,2.53,2.74,-120778.0,-120778.0,-120778.0,10,10,1.0,21.0,15.0
192080,더블유게임즈,,69300,67.8,95.5,120.1,-1.0,47.4,17.3,34.0,28.3,15.8,28.3,30.4,1.13,70000,47000,10,False,True,True,121466,135125,108.4,77.6,81.1,0.9,10,False,True,True,True,5일선회복/+3%반등/거래량동반양봉,1.0,,,,,False,0,강세,-6,0,-3,-3,67.7,22.8,1520.53,2.53,2.74,-120778.0,-120778.0,-120778.0,10,10,1.0,21.0,15.0
462520,조선내화,,14460,46.3,39.0,44.2,-23.1,13.9,-2.8,-1.0,3.3,-0.3,1.3,1.9,0.59,18800,12700,0,False,False,False,12534,12134,1.0,1.8,1.8,1.03,3,False,True,False,False,5일선회복,17.6,,,,,False,0,강세,-6,0,-3,-3,67.7,22.8,1520.53,2.53,2.74,-120778.0,-120778.0,-120778.0,10,10,1.0,20.6,14.600000000000001
452260,한화갤러리아,,3145,51.7,30.6,54.8,-23.7,214.8,-6.1,27.8,21.0,1.5,14.5,77.9,0.46,4120,999,5,False,False,True,5753172,17715452,258.1,176.0,586.7,0.32,6,False,True,True,False,5일선회복/+3%반등,9.5,,,,,False,0,강세,-6,0,-3,-3,67.7,22.8,1520.53,2.53,2.74,-120778.0,-120778.0,-120778.0,10,10,1.0,20.5,14.5
108320,LX세미콘,,62200,49.4,82.4,61.5,-8.5,32.3,3.7,13.5,12.1,2.8,13.0,15.0,1.21,68000,47000,5,False,True,False,148235,199938,152.9,84.7,122.4,0.74,10,False,True,True,True,5일선회복/+3%반등/거래량동반양봉,5.4,,,,,False,0,강세,-6,0,-3,-3,67.7,22.8,1520.53,2.53,2.74,-120778.0,-120778.0,-120778.0,10,10,1.0,20.4,14.399999999999999
097520,엠씨넥스,,23200,50.9,61.1,54.9,-28.6,14.6,-1.3,-2.3,-19.4,0.8,1.5,-15.3,1.28,32500,20250,0,False,False,False,99701,77173,23.7,21.8,17.7,1.29,6,False,True,True,False,5일선회복/+3%반등,14.0,,,,,False,0,강세,-6,0,-3,-3,67.7,22.8,1520.53,2.53,2.74,-120778.0,-120778.0,-120778.0,10,10,1.0,20.0,14.0
069730,DSR제강,,5600,48.6,68.2,67.1,-4.8,68.4,8.1,2.8,28.7,2.8,7.1,34.4,0.96,5880,3325,10,False,True,True,72082,72180,4.0,3.9,3.9,1.0,6,False,True,True,False,5일선회복/+3%반등,4.0,,,,,False,0,강세,-6,0,-3,-3,67.7,22.8,1520.53,2.53,2.74,-120778.0,-120778.0,-120778.0,10,10,1.0,20.0,14.0
108670,LX하우시스,,38950,57.1,57.1,65.8,-9.4,44.3,1.3,23.7,21.7,5.5,19.9,29.1,0.84,43000,27000,10,False,True,True,61380,78577,26.6,22.5,30.1,0.78,6,False,True,True,False,5일선회복/+3%반등,3.8,,,,,False,0,강세,-6,0,-3,-3,67.7,22.8,1520.53,2.53,2.74,-120778.0,-120778.0,-120778.0,10,10,1.0,19.8,13.8
180640,한진칼,,117700,55.2,68.2,77.3,-33.1,26.4,-1.3,-1.1,-19.3,3.3,2.0,3.0,0.88,175900,93100,0,False,False,False,109156,121641,127.6,123.8,139.5,0.9,6,False,True,True,False,5일선회복/+3%반등,13.8,,,,,False,0,강세,-6,0,-3,-3,67.7,22.8,1520.53,2.53,2.74,-120778.0,-120778.0,-120778.0,10,10,1.0,19.8,13.8
032640,LG유플러스,,15760,49.2,38.4,45.3,-14.8,25.3,-2.8,-9.5,-8.7,-0.6,-1.5,2.1,0.98,18500,12580,0,False,False,False,1185057,1105955,170.8,184.4,175.2,1.07,6,False,True,True,False,5일선회복/+3%반등,13.7,,,,,False,0,강세,-6,0,-3,-3,67.7,22.8,1520.53,2.53,2.74,-120778.0,-120778.0,-120778.0,10,10,1.0,19.7,13.7
000990,DB하이텍,,181100,57.8,65.7,81.1,-9.3,382.3,10.8,48.4,98.1,9.8,48.9,125.3,0.53,199600,37550,10,False,True,True,507818,757915,728.0,866.3,1238.1,0.67,6,False,True,True,False,5일선회복/+3%반등,3.7,,,,,False,0,강세,-6,0,-3,-3,67.7,22.8,1520.53,2.53,2.74,-120778.0,-120778.0,-120778.0,10,10,1.0,19.7,13.7
155660,DSR,,4415,46.4,53.7,53.3,-6.1,21.6,0.8,-1.7,9.4,0.4,2.4,11.4,0.53,4700,3630,5,False,False,True,45158,49870,1.2,2.0,2.2,0.91,6,False,True,True,False,5일선회복/+3%반등,8.7,,,,,False,0,강세,-6,0,-3,-3,67.7,22.8,1520.53,2.53,2.74,-120778.0,-120778.0,-120778.0,10,10,1.0,19.7,13.7
012200,계양전기,,8570,56.7,27.9,55.0,-39.9,inf,-4.9,31.8,19.0,3.7,18.4,83.9,0.23,14270,0,0,False,False,False,2313496,6044754,123.7,201.9,607.3,0.38,3,False,False,True,False,+3%반등,16.5,,,,,False,0,강세,-6,0,-3,-3,67.7,22.8,1520.53,2.53,2.74,-120778.0,-120778.0,-120778.0,10,10,1.0,19.5,13.5
136490,선진,,10720,50.0,33.3,40.4,-29.2,68.8,-7.2,-1.7,-16.6,-1.4,1.3,-1.0,0.35,15150,6350,0,False,False,False,152977,170982,6.5,16.5,18.9,0.89,3,False,False,True,False,+3%반등,16.4,,,,,False,0,강세,-6,0,-3,-3,67.7,22.8,1520.53,2.53,2.74,-120778.0,-120778.0,-120778.0,10,10,1.0,19.4,13.399999999999999
200880,서연이화,,14450,53.1,74.9,70.5,-21.1,35.6,7.9,2.7,-11.1,2.8,4.5,9.7,0.86,18310,10660,5,False,True,False,109183,133683,16.5,15.1,18.9,0.82,6,False,True,True,False,5일선회복/+3%반등,8.4,,,,,False,0,강세,-6,0,-3,-3,67.7,22.8,1520.53,2.53,2.74,-120778.0,-120778.0,-120778.0,10,10,1.0,19.4,13.399999999999999
000080,하이트진로,,16930,47.9,57.7,52.9,-23.7,5.8,-0.2,-1.4,-6.3,0.2,0.2,-7.2,0.94,22200,16000,0,False,False,False,197710,166608,27.2,33.0,28.1,1.19,6,False,True,True,False,5일선회복/+3%반등,13.3,,,,,False,0,강세,-6,0,-3,-3,67.7,22.8,1520.53,2.53,2.74,-120778.0,-120778.0,-120778.0,10,10,1.0,19.3,13.3
006260,LS,,544000,62.1,70.0,75.9,-7.3,298.8,15.1,61.2,116.7,11.7,48.0,125.8,1.04,587000,136400,10,False,True,True,355482,297055,1721.1,1875.1,1448.4,1.2,6,False,True,True,False,5일선회복/+3%반등,3.1,,,,,False,0,강세,-6,0,-3,-3,67.7,22.8,1520.53,2.53,2.74,-120778.0,-120778.0,-120778.0,10,10,1.0,19.1,13.100000000000001
001080,만호제강,,5180,48.4,23.2,44.7,-17.0,124.7,-10.7,0.2,-4.8,-1.2,0.6,16.8,0.52,6240,2305,0,False,False,False,65859,79504,2.2,3.3,4.4,0.83,6,False,True,True,False,5일선회복/+3%반등,13.0,,,,,False,0,강세,-6,0,-3,-3,67.7,22.8,1520.53,2.53,2.74,-120778.0,-120778.0,-120778.0,10,10,1.0,19.0,13.0
001740,SK네트웍스,,8400,72.1,56.3,85.4,-18.9,114.6,-3.7,56.4,55.8,22.1,41.2,67.9,0.79,10360,3915,5,True,False,False,18798679,10923171,763.6,1538.2,868.8,1.72,6,False,True,True,False,5일선회복/+3%반등,7.6,,,,,False,0,강세,-6,0,-3,-3,67.7,22.8,1520.53,2.53,2.74,-120778.0,-120778.0,-120778.0,10,10,1.0,18.6,12.600000000000001
044820,코스맥스비티아이,,20150,57.9,42.2,64.3,-19.1,74.8,-1.9,13.6,42.2,4.5,15.1,25.8,0.26,24900,11530,5,False,True,False,34387,98698,5.5,6.8,21.1,0.35,6,False,True,True,False,5일선회복/+3%반등,7.6,,,,,False,0,강세,-6,0,-3,-3,67.7,22.8,1520.53,2.53,2.74,-120778.0,-120778.0,-120778.0,10,10,1.0,18.6,12.600000000000001
057050,현대홈쇼핑,,84900,50.0,46.2,46.7,-11.8,71.2,-1.7,-2.9,6.1,-0.3,3.1,32.9,0.47,96300,49600,5,False,False,True,12554,23120,9.1,10.4,19.8,0.54,6,False,True,True,False,5일선회복/+3%반등,7.5,,,,,False,0,강세,-6,0,-3,-3,67.7,22.8,1520.53,2.53,2.74,-120778.0,-120778.0,-120778.0,10,10,1.0,18.5,12.5
004370,농심,,400000,64.0,79.6,90.0,-30.9,11.6,0.3,5.5,-10.4,4.5,6.1,-3.2,0.83,579000,358500,0,False,False,False,34469,29570,100.9,136.3,114.1,1.17,6,False,True,True,False,5일선회복/+3%반등,12.4,,,,,False,0,강세,-6,0,-3,-3,67.7,22.8,1520.53,2.53,2.74,-120778.0,-120778.0,-120778.0,10,10,1.0,18.4,12.399999999999999
016380,KG스틸,,6760,45.6,24.0,46.1,-14.4,34.1,-9.7,16.6,12.1,-0.8,10.9,19.6,0.26,7900,5040,0,False,False,False,859453,1360611,23.3,58.9,93.7,0.63,3,False,False,True,False,+3%반등,15.4,,,,,False,0,강세,-6,0,-3,-3,67.7,22.8,1520.53,2.53,2.74,-120778.0,-120778.0,-120778.0,10,10,1.0,18.4,12.399999999999999
009150,삼성전기,,1340000,87.4,95.5,118.2,-1.7,1053.2,32.7,73.6,274.3,40.6,95.0,278.9,1.33,1363000,116200,10,False,True,True,1332425,1023641,18289.3,15089.8,9981.8,1.3,6,False,True,True,False,5일선회복/+3%반등,2.3,,,,,False,0,강세,-6,0,-3,-3,67.7,22.8,1520.53,2.53,2.74,-120778.0,-120778.0,-120778.0,10,10,1.0,18.3,12.3
000150,두산,,1593000,49.8,38.5,41.8,-16.2,342.5,-1.3,13.1,60.9,-2.0,16.1,71.1,0.63,1900000,360000,5,False,True,False,86084,83023,839.8,1330.3,1342.8,1.04,3,False,True,False,False,5일선회복,10.1,,,,,False,0,강세,-6,0,-3,-3,67.7,22.8,1520.53,2.53,2.74,-120778.0,-120778.0,-120778.0,10,10,1.0,18.1,12.100000000000001
007810,코리아써키트,,100700,56.2,84.3,72.8,-5.0,985.1,10.7,12.4,73.9,5.9,22.3,124.0,0.71,106000,9280,10,False,True,True,453614,360937,256.9,401.8,340.5,1.26,6,False,True,True,False,5일선회복/+3%반등,2.0,,,,,False,0,강세,-6,0,-3,-3,67.7,22.8,1520.53,2.53,2.74,-120778.0,-120778.0,-120778.0,10,10,1.0,18.0,12.0
062040,산일전기,,282500,53.8,47.3,54.9,-17.2,374.8,5.2,37.8,93.1,2.9,37.6,85.7,0.47,341000,59500,5,False,True,False,404524,648753,885.5,1056.0,1812.5,0.62,6,False,True,True,False,5일선회복/+3%반등,6.9,,,,,False,0,강세,-6,0,-3,-3,67.7,22.8,1520.53,2.53,2.74,-120778.0,-120778.0,-120778.0,10,10,1.0,17.9,11.899999999999999
383800,LX홀딩스,,9950,62.2,81.1,97.9,-4.5,43.2,8.6,17.1,8.4,8.7,15.5,19.9,1.02,10420,6950,10,True,True,False,672666,392468,41.4,64.7,36.6,1.71,6,False,True,True,False,5일선회복/+3%반등,1.9,,,,,False,0,강세,-6,0,-3,-3,67.7,22.8,1520.53,2.53,2.74,-120778.0,-120778.0,-120778.0,10,10,1.0,17.9,11.899999999999999
248070,솔루엠,,19900,52.4,25.8,34.1,-18.3,37.8,-7.7,1.9,13.3,-3.9,5.3,13.9,0.53,24350,14440,0,False,False,False,566490,566157,61.2,112.3,120.3,1.0,3,False,True,False,False,5일선회복,14.7,,,,,False,0,강세,-6,0,-3,-3,67.7,22.8,1520.53,2.53,2.74,-120778.0,-120778.0,-120778.0,10,10,1.0,17.7,11.7
402340,SK스퀘어,,1185000,71.3,86.1,76.1,-3.7,1178.3,7.9,65.0,109.4,16.9,57.0,178.2,0.59,1231000,92700,10,False,True,True,829530,901325,6455.1,9104.8,9347.4,0.92,6,False,True,True,False,5일선회복/+3%반등,1.5,,,,,False,0,강세,-6,0,-3,-3,67.7,22.8,1520.53,2.53,2.74,-120778.0,-120778.0,-120778.0,10,10,1.0,17.5,11.5
020560,아시아나항공,,7460,57.0,49.7,83.5,-28.7,13.7,1.2,3.5,-3.2,4.6,5.3,-8.7,0.42,10470,6560,0,False,False,False,169246,258319,8.4,12.2,19.5,0.66,6,False,True,True,False,5일선회복/+3%반등,11.5,,,,,False,0,강세,-6,0,-3,-3,67.7,22.8,1520.53,2.53,2.74,-120778.0,-120778.0,-120778.0,10,10,1.0,17.5,11.5
010120,LS ELECTRIC,,281000,50.9,47.8,57.0,-16.1,523.1,8.5,52.1,107.8,3.0,34.6,137.2,0.63,335000,45100,5,False,True,False,1374916,1628288,2871.1,3538.1,4345.1,0.84,6,False,True,True,False,5일선회복/+3%반등,6.4,,,,,False,0,강세,-6,0,-3,-3,67.7,22.8,1520.53,2.53,2.74,-120778.0,-120778.0,-120778.0,10,10,1.0,17.4,11.399999999999999
004020,현대제철,,41550,47.9,41.2,39.6,-17.6,73.8,-10.0,3.0,19.2,-2.4,6.2,20.1,0.58,50400,23900,0,False,False,False,1517825,1676924,419.5,601.3,719.0,0.91,3,False,True,False,False,5일선회복,14.4,,,,,False,0,강세,-6,0,-3,-3,67.7,22.8,1520.53,2.53,2.74,-120778.0,-120778.0,-120778.0,10,10,1.0,17.4,11.399999999999999
101530,해태제과식품,,6490,49.7,42.6,54.6,-27.1,8.0,-3.7,0.6,-7.7,0.4,0.1,-2.7,0.77,8900,6010,0,False,False,False,79628,85086,4.1,5.1,5.5,0.94,6,False,True,True,False,5일선회복/+3%반등,11.3,,,,,False,0,강세,-6,0,-3,-3,67.7,22.8,1520.53,2.53,2.74,-120778.0,-120778.0,-120778.0,10,10,1.0,17.3,11.3
298040,효성중공업,,4007000,52.2,40.6,51.3,-15.5,660.3,7.0,33.5,63.4,0.5,23.1,82.1,0.59,4742000,527000,5,False,True,False,55091,65544,1588.1,2070.0,2606.3,0.84,6,False,True,True,False,5일선회복/+3%반등,6.2,,,,,False,0,강세,-6,0,-3,-3,67.7,22.8,1520.53,2.53,2.74,-120778.0,-120778.0,-120778.0,10,10,1.0,17.2,11.2
007340,DN오토모티브,,46100,45.9,26.7,47.2,-14.9,126.0,-9.4,17.8,47.8,-0.9,12.6,57.5,0.5,54200,20400,0,False,False,False,277219,320976,74.1,128.8,151.2,0.86,3,False,True,False,False,5일선회복,14.1,,,,,False,0,강세,-6,0,-3,-3,67.7,22.8,1520.53,2.53,2.74,-120778.0,-120778.0,-120778.0,10,10,1.0,17.1,11.100000000000001
005930,삼성전자,,292500,71.6,89.5,77.5,-2.7,444.7,8.1,33.6,53.9,12.2,31.6,108.9,0.57,300500,53700,10,False,True,True,30869635,31077923,53219.3,87805.3,81962.3,0.99,6,False,True,True,False,5일선회복/+3%반등,1.1,,,,,False,0,강세,-6,0,-3,-3,67.7,22.8,1520.53,2.53,2.74,-120778.0,-120778.0,-120778.0,10,10,1.0,17.1,11.100000000000001
002070,비비안,,9200,77.1,65.7,63.1,-34.3,inf,-8.0,2491.5,1508.4,37.8,217.6,651.4,0.29,14000,0,0,False,False,False,15717,17213,0.5,1.4,1.8,0.91,3,False,True,False,False,5일선회복,13.7,,,,,False,0,강세,-6,0,-3,-3,67.7,22.8,1520.53,2.53,2.74,-120778.0,-120778.0,-120778.0,10,10,1.0,16.7,10.7
226320,잇츠한불,,12210,47.7,47.9,60.6,-17.9,28.5,-1.3,16.0,3.6,2.1,11.8,4.9,0.35,14880,9500,0,False,False,False,46385,98882,4.4,5.5,12.2,0.47,6,False,True,True,False,5일선회복/+3%반등,10.6,,,,,False,0,강세,-6,0,-3,-3,67.7,22.8,1520.53,2.53,2.74,-120778.0,-120778.0,-120778.0,10,10,1.0,16.6,10.600000000000001
008060,대덕,,22400,74.0,95.2,103.5,-1.3,201.1,19.3,43.5,97.9,20.1,43.0,100.2,0.94,22700,7440,10,False,True,True,183364,191829,40.9,37.9,36.3,0.96,6,False,True,True,False,5일선회복/+3%반등,0.5,,,,,False,0,강세,-6,0,-3,-3,67.7,22.8,1520.53,2.53,2.74,-120778.0,-120778.0,-120778.0,10,10,1.0,16.5,10.5
307950,현대오토에버,,631000,66.0,67.8,73.0,-12.7,380.9,-2.6,42.6,43.9,16.0,37.0,101.3,0.35,723000,131200,5,False,False,True,226459,333588,766.5,1334.3,1971.1,0.68,6,False,True,True,False,5일선회복/+3%반등,5.1,,,,,False,0,강세,-6,0,-3,-3,67.7,22.8,1520.53,2.53,2.74,-120778.0,-120778.0,-120778.0,10,10,1.0,16.1,10.100000000000001
028260,삼성물산,,420500,69.2,66.0,70.8,-12.4,251.3,6.1,38.3,31.6,11.7,30.6,65.3,0.63,480000,119700,5,False,True,False,588207,713085,1930.1,2333.5,2771.3,0.82,6,False,True,True,False,5일선회복/+3%반등,5.0,,,,,False,0,강세,-6,0,-3,-3,67.7,22.8,1520.53,2.53,2.74,-120778.0,-120778.0,-120778.0,10,10,1.0,16.0,10.0
064400,LG씨엔에스,,83200,68.2,52.8,87.4,-17.5,67.7,-3.9,24.2,16.0,14.6,24.4,26.0,1.55,100800,49600,0,False,False,False,2646833,2047740,2732.0,2096.9,1624.4,1.29,6,False,True,True,False,5일선회복/+3%반등,9.8,,,,,False,0,강세,-6,0,-3,-3,67.7,22.8,1520.53,2.53,2.74,-120778.0,-120778.0,-120778.0,10,10,1.0,15.8,9.8
011780,금호석유화학,,141700,47.0,48.1,52.2,-12.7,37.8,-2.1,5.1,-1.7,0.4,6.4,14.2,0.51,162300,102800,0,False,False,False,82630,147403,107.2,114.4,211.1,0.56,6,False,True,True,False,5일선회복/+3%반등,9.6,,,,,False,0,강세,-6,0,-3,-3,67.7,22.8,1520.53,2.53,2.74,-120778.0,-120778.0,-120778.0,10,10,1.0,15.6,9.6
013700,까뮤이앤씨,,1366,48.4,58.0,65.0,-16.5,37.0,-2.4,-0.7,0.6,2.4,3.4,13.4,0.44,1636,997,0,False,False,False,327878,321500,2.0,4.3,4.4,1.02,6,False,True,True,False,5일선회복/+3%반등,9.4,,,,,False,0,강세,-6,0,-3,-3,67.7,22.8,1520.53,2.53,2.74,-120778.0,-120778.0,-120778.0,10,10,1.0,15.4,9.4
280360,롯데웰푸드,,121600,50.6,48.1,63.2,-10.9,15.2,0.2,2.9,-6.5,1.2,4.9,3.8,0.63,136400,105600,5,False,True,False,17441,25800,20.2,20.7,31.2,0.68,6,False,True,True,False,5일선회복/+3%반등,4.4,,,,,False,0,강세,-6,0,-3,-3,67.7,22.8,1520.53,2.53,2.74,-120778.0,-120778.0,-120778.0,10,10,1.0,15.4,9.4
005850,에스엘,,75800,63.0,92.6,114.0,-2.1,153.5,5.4,16.8,37.6,15.5,21.8,60.3,1.9,77400,29900,0,False,False,False,359399,307569,454.2,243.8,206.1,1.17,10,False,True,True,True,5일선회복/+3%반등/거래량동반양봉,5.3,,,,,False,0,강세,-6,0,-3,-3,67.7,22.8,1520.53,2.53,2.74,-120778.0,-120778.0,-120778.0,10,10,1.0,15.3,9.3
178920,PI첨단소재,,27500,55.0,40.0,46.4,-14.5,84.8,-1.4,5.2,34.8,-1.0,10.8,42.8,0.4,32150,14880,5,False,True,False,115619,252597,28.2,30.7,72.1,0.46,3,False,True,False,False,5일선회복,7.2,,,,,False,0,강세,-6,0,-3,-3,67.7,22.8,1520.53,2.53,2.74,-120778.0,-120778.0,-120778.0,10,10,1.0,15.2,9.2
009140,경인전자,,27000,61.9,33.9,63.1,-22.9,45.2,-1.1,14.6,31.1,5.7,13.6,26.5,0.46,35000,18600,0,False,False,False,12133,29335,3.8,3.2,8.8,0.41,6,False,True,True,False,5일선회복/+3%반등,9.2,,,,,False,0,강세,-6,0,-3,-3,67.7,22.8,1520.53,2.53,2.74,-120778.0,-120778.0,-120778.0,10,10,1.0,15.2,9.2
001800,오리온홀딩스,,25300,48.0,32.6,59.5,-15.5,40.9,-10.6,2.2,2.0,1.6,3.4,16.4,0.31,29950,17950,0,False,False,False,202038,224308,18.1,50.8,58.5,0.9,6,False,True,True,False,5일선회복/+3%반등,9.2,,,,,False,0,강세,-6,0,-3,-3,67.7,22.8,1520.53,2.53,2.74,-120778.0,-120778.0,-120778.0,10,10,1.0,15.2,9.2
003490,대한항공,,26800,59.2,81.7,85.2,-9.9,27.6,2.9,4.7,5.5,5.1,7.4,13.1,0.97,29750,21000,5,False,True,False,1834512,2012427,536.9,476.6,519.0,0.91,6,False,True,True,False,5일선회복/+3%반등,4.0,,,,,False,0,강세,-6,0,-3,-3,67.7,22.8,1520.53,2.53,2.74,-120778.0,-120778.0,-120778.0,10,10,1.0,15.0,9.0
010780,아이에스동서,,32400,66.2,99.4,101.7,-6.0,88.9,6.6,15.7,4.5,16.7,13.9,39.5,1.32,34450,17150,5,False,False,True,175901,178345,78.0,53.2,50.2,0.99,6,False,True,True,False,5일선회복/+3%반등,4.0,,,,,False,0,강세,-6,0,-3,-3,67.7,22.8,1520.53,2.53,2.74,-120778.0,-120778.0,-120778.0,10,10,1.0,15.0,9.0
329180,HD현대중공업,,680000,49.4,62.5,60.3,-7.4,83.8,6.2,18.1,18.5,1.9,17.9,23.9,0.51,734000,370000,5,False,True,False,451985,616216,2014.1,2889.7,4100.2,0.73,6,False,True,True,False,5일선회복/+3%반등,3.9,,,,,False,0,강세,-6,0,-3,-3,67.7,22.8,1520.53,2.53,2.74,-120778.0,-120778.0,-120778.0,10,10,1.0,14.9,8.9
028670,팬오션,,5980,62.2,61.2,70.1,-9.4,71.6,-0.8,5.3,8.1,2.8,9.7,33.0,0.61,6600,3485,5,False,False,True,3210923,4182785,153.3,190.3,245.5,0.77,6,False,True,True,False,5일선회복/+3%반등,3.8,,,,,False,0,강세,-6,0,-3,-3,67.7,22.8,1520.53,2.53,2.74,-120778.0,-120778.0,-120778.0,10,10,1.0,14.8,8.8
005250,녹십자홀딩스,,14970,55.6,40.0,57.9,-16.9,15.7,-0.2,4.4,-8.3,2.3,5.3,-2.4,0.68,18010,12940,5,True,False,False,1354614,676153,72.3,215.2,105.6,2.0,3,False,False,True,False,+3%반등,6.8,,,,,False,0,강세,-6,0,-3,-3,67.7,22.8,1520.53,2.53,2.74,-120778.0,-120778.0,-120778.0,10,10,1.0,14.8,8.8
002900,TYM,,8070,50.4,9.4,44.5,-18.5,75.6,-3.8,11.6,4.0,-1.3,9.1,23.1,0.48,9900,4595,0,False,False,False,390083,564690,22.6,31.9,47.5,0.69,0,False,False,False,False,-,14.6,,,,,False,0,강세,-6,0,-3,-3,67.7,22.8,1520.53,2.53,2.74,-120778.0,-120778.0,-120778.0,10,10,1.0,14.6,8.6
002870,신풍,,1173,53.6,49.1,71.9,-20.3,18.1,-6.2,-0.3,-4.4,4.7,0.2,3.0,0.34,1471,993,0,False,False,False,268348,534934,2.2,3.1,6.4,0.5,6,False,True,True,False,5일선회복/+3%반등,8.3,,,,,False,0,강세,-6,0,-3,-3,67.7,22.8,1520.53,2.53,2.74,-120778.0,-120778.0,-120778.0,10,10,1.0,14.3,8.3
031430,신세계인터내셔날,,14830,49.8,31.8,43.9,-13.4,55.3,-8.4,2.2,19.1,-1.2,9.1,28.2,0.96,17130,9550,0,False,False,False,159824,201047,29.3,23.6,31.2,0.79,6,False,True,True,False,5일선회복/+3%반등,8.1,,,,,False,0,강세,-6,0,-3,-3,67.7,22.8,1520.53,2.53,2.74,-120778.0,-120778.0,-120778.0,10,10,1.0,14.1,8.1
161390,한국타이어앤테크놀로지,,63300,58.2,67.6,77.9,-19.3,69.3,1.8,1.9,-14.8,3.0,6.7,16.0,1.02,78400,37400,0,False,False,False,477596,464919,306.2,292.6,286.0,1.03,6,False,True,True,False,5일선회복/+3%반등,7.8,,,,,False,0,강세,-6,0,-3,-3,67.7,22.8,1520.53,2.53,2.74,-120778.0,-120778.0,-120778.0,10,10,1.0,13.8,7.800000000000001
011210,현대위아,,90500,57.5,53.6,65.2,-19.6,129.7,-2.0,4.7,5.1,3.8,8.2,29.9,0.49,112600,39400,0,False,False,False,268067,423963,192.5,230.0,380.9,0.63,6,False,True,True,False,5일선회복/+3%반등,7.8,,,,,False,0,강세,-6,0,-3,-3,67.7,22.8,1520.53,2.53,2.74,-120778.0,-120778.0,-120778.0,10,10,1.0,13.8,7.800000000000001
077500,유니퀘스트,,7670,53.5,36.0,59.2,-19.4,40.2,-2.4,12.6,9.6,2.2,14.1,17.7,0.25,9520,5470,0,False,False,False,394568,1165162,22.8,28.6,92.6,0.34,6,False,True,True,False,5일선회복/+3%반등,7.8,,,,,False,0,강세,-6,0,-3,-3,67.7,22.8,1520.53,2.53,2.74,-120778.0,-120778.0,-120778.0,10,10,1.0,13.8,7.800000000000001
012030,DB,,2090,53.9,41.2,54.7,-14.5,67.6,-1.6,4.0,14.6,1.0,11.7,28.7,0.43,2445,1247,5,False,False,True,1414493,3026552,27.4,28.2,64.2,0.47,3,False,True,False,False,5일선회복,5.8,,,,,False,0,강세,-6,0,-3,-3,67.7,22.8,1520.53,2.53,2.74,-120778.0,-120778.0,-120778.0,10,10,1.0,13.8,7.800000000000001
006110,삼아알미늄,,96400,68.8,81.5,98.7,-7.8,449.3,14.4,64.8,210.5,24.1,72.6,192.8,1.11,104600,17550,0,False,False,False,279268,492005,435.6,250.7,378.7,0.57,10,False,True,True,True,5일선회복/+3%반등/거래량동반양봉,3.7,,,,,False,0,강세,-6,0,-3,-3,67.7,22.8,1520.53,2.53,2.74,-120778.0,-120778.0,-120778.0,10,10,1.0,13.7,7.699999999999999
017670,SK텔레콤,,102800,61.9,56.7,78.3,-7.8,104.0,1.5,2.3,26.1,4.0,13.7,54.3,1.86,111500,50400,0,False,False,False,1286240,1072740,2068.1,1295.6,1067.5,1.2,6,False,True,True,False,5일선회복/+3%반등,7.4,,,,,False,0,강세,-6,0,-3,-3,67.7,22.8,1520.53,2.53,2.74,-120778.0,-120778.0,-120778.0,10,10,1.0,13.4,7.4
021240,코웨이,,94200,62.2,72.4,77.8,-17.9,36.9,-0.5,15.7,6.6,5.6,15.9,5.9,0.48,114700,68800,0,False,False,False,267965,375304,172.2,245.8,331.6,0.71,6,False,True,True,False,5일선회복/+3%반등,7.2,,,,,False,0,강세,-6,0,-3,-3,67.7,22.8,1520.53,2.53,2.74,-120778.0,-120778.0,-120778.0,10,10,1.0,13.2,7.199999999999999
012610,경인양행,,6090,62.8,75.4,99.7,-5.3,121.5,7.6,43.0,25.6,14.8,32.7,57.1,0.87,6430,2750,5,False,False,True,1268768,1796635,93.2,72.5,96.0,0.71,6,False,True,True,False,5일선회복/+3%반등,2.1,,,,,False,0,강세,-6,0,-3,-3,67.7,22.8,1520.53,2.53,2.74,-120778.0,-120778.0,-120778.0,10,10,1.0,13.1,7.1
010690,화신,,12730,51.6,35.3,47.4,-22.3,69.7,-3.3,4.0,9.8,-0.9,5.4,30.3,0.53,16380,7500,0,False,False,False,495118,839712,55.4,59.3,114.6,0.59,3,False,True,False,False,5일선회복,10.0,,,,,False,0,강세,-6,0,-3,-3,67.7,22.8,1520.53,2.53,2.74,-120778.0,-120778.0,-120778.0,10,10,1.0,13.0,7.0
033240,자화전자,,49600,51.3,43.6,66.6,-17.3,336.2,-11.0,15.3,12.1,3.7,19.2,74.2,0.74,60000,11370,0,False,False,False,319232,353291,127.3,154.3,173.3,0.9,6,False,True,True,False,5일선회복/+3%반등,6.9,,,,,False,0,강세,-6,0,-3,-3,67.7,22.8,1520.53,2.53,2.74,-120778.0,-120778.0,-120778.0,10,10,1.0,12.9,6.9
204320,HL만도,,63000,58.9,71.1,84.6,-16.9,96.3,2.1,16.0,4.7,8.0,16.1,31.3,0.86,75800,32100,0,False,False,False,604672,741412,414.5,351.2,441.6,0.82,6,False,True,True,False,5일선회복/+3%반등,6.8,,,,,False,0,강세,-6,0,-3,-3,67.7,22.8,1520.53,2.53,2.74,-120778.0,-120778.0,-120778.0,10,10,1.0,12.8,6.800000000000001
004710,한솔테크닉스,,15190,82.1,91.7,81.0,-4.3,239.1,14.5,104.2,137.7,33.9,93.2,135.5,0.29,15870,4480,5,False,False,True,1017446,2666523,123.6,145.5,319.6,0.38,6,False,True,True,False,5일선회복/+3%반등,1.7,,,,,False,0,강세,-6,0,-3,-3,67.7,22.8,1520.53,2.53,2.74,-120778.0,-120778.0,-120778.0,10,10,1.0,12.7,6.699999999999999
111770,영원무역,,86100,54.6,52.1,71.6,-16.6,86.8,-3.9,0.8,-0.8,2.7,3.3,12.6,0.8,103200,46100,0,False,False,False,90848,87977,62.4,78.0,74.0,1.03,6,False,True,True,False,5일선회복/+3%반등,6.6,,,,,False,0,강세,-6,0,-3,-3,67.7,22.8,1520.53,2.53,2.74,-120778.0,-120778.0,-120778.0,10,10,1.0,12.6,6.6
161890,한국콜마,,91200,53.6,29.2,44.5,-17.6,50.5,-6.1,5.7,23.7,-1.1,9.1,20.9,0.45,110700,60600,0,False,False,False,220252,281739,117.4,199.3,262.7,0.78,3,False,True,False,False,5일선회복,9.4,,,,,False,0,강세,-6,0,-3,-3,67.7,22.8,1520.53,2.53,2.74,-120778.0,-120778.0,-120778.0,10,10,1.0,12.4,6.4
005380,현대차,,655000,66.1,50.7,69.2,-15.4,265.3,-6.4,20.0,27.7,8.5,20.7,75.7,0.44,774500,179300,0,False,False,False,1956455,2206770,6535.8,12373.3,13784.8,0.89,6,False,True,True,False,5일선회복/+3%반등,6.2,,,,,False,0,강세,-6,0,-3,-3,67.7,22.8,1520.53,2.53,2.74,-120778.0,-120778.0,-120778.0,10,10,1.0,12.2,6.199999999999999
000880,한화,,140500,55.6,48.6,70.0,-15.6,196.1,-0.6,7.7,17.3,4.0,11.3,36.2,0.63,166400,47450,0,False,False,False,265163,312711,282.8,341.6,425.9,0.85,6,False,True,True,False,5일선회복/+3%반등,6.2,,,,,False,0,강세,-6,0,-3,-3,67.7,22.8,1520.53,2.53,2.74,-120778.0,-120778.0,-120778.0,10,10,1.0,12.2,6.199999999999999
000660,SK하이닉스,,1941000,76.2,91.8,77.6,-2.7,887.8,6.7,58.6,117.1,18.7,54.9,166.0,0.56,1995000,196500,5,False,False,True,4936333,5226227,58082.3,90531.2,87341.2,0.94,6,False,True,True,False,5일선회복/+3%반등,1.1,,,,,False,0,강세,-6,0,-3,-3,67.7,22.8,1520.53,2.53,2.74,-120778.0,-120778.0,-120778.0,10,10,1.0,12.1,6.1
000270,기아,,164800,57.0,46.8,59.5,-22.4,91.2,-1.9,3.0,-3.1,2.1,3.7,23.8,0.51,212500,86200,0,False,False,False,1479738,1727976,1483.8,2352.1,2832.1,0.86,3,False,True,False,False,5일선회복,9.0,,,,,False,0,강세,-6,0,-3,-3,67.7,22.8,1520.53,2.53,2.74,-120778.0,-120778.0,-120778.0,10,10,1.0,12.0,6.0
069960,현대백화점,,110000,50.7,34.3,47.1,-14.1,72.4,-7.3,19.2,3.8,-0.7,16.0,23.2,1.44,128000,63800,0,False,False,False,140483,154040,251.9,156.0,172.4,0.91,3,False,False,True,False,+3%반등,9.0,,,,,False,0,강세,-6,0,-3,-3,67.7,22.8,1520.53,2.53,2.74,-120778.0,-120778.0,-120778.0,10,10,1.0,12.0,6.0
353200,대덕전자,,151300,74.0,91.6,93.1,-2.6,954.4,11.4,50.8,153.9,19.8,50.6,170.3,0.77,155400,14350,5,False,False,True,851872,962697,1102.6,1207.2,1189.9,0.88,6,False,True,True,False,5일선회복/+3%반등,1.0,,,,,False,0,강세,-6,0,-3,-3,67.7,22.8,1520.53,2.53,2.74,-120778.0,-120778.0,-120778.0,10,10,1.0,12.0,6.0
281820,케이씨텍,,70600,59.1,40.2,64.2,-14.4,192.3,-1.0,28.6,48.0,4.9,25.6,62.8,0.69,82500,24150,0,False,False,False,126101,162060,78.2,87.2,108.9,0.78,6,False,True,True,False,5일선회복/+3%반등,5.8,,,,,False,0,강세,-6,0,-3,-3,67.7,22.8,1520.53,2.53,2.74,-120778.0,-120778.0,-120778.0,10,10,1.0,11.8,5.800000000000001
031820,아이티센씨티에스,,7810,52.4,32.2,50.6,-21.7,55.3,-1.9,3.7,5.3,0.2,4.0,20.5,0.35,9980,5030,0,False,False,False,94940,178230,5.1,7.2,14.9,0.53,3,False,True,False,False,5일선회복,8.7,,,,,False,0,강세,-6,0,-3,-3,67.7,22.8,1520.53,2.53,2.74,-120778.0,-120778.0,-120778.0,10,10,1.0,11.7,5.699999999999999
060980,HL홀딩스,,47000,62.0,80.6,92.0,-14.1,28.9,0.0,9.8,0.2,5.9,7.6,9.0,0.83,54700,36450,0,False,False,False,47019,35460,14.0,21.1,15.8,1.33,6,False,True,True,False,5일선회복/+3%반등,5.6,,,,,False,0,강세,-6,0,-3,-3,67.7,22.8,1520.53,2.53,2.74,-120778.0,-120778.0,-120778.0,10,10,1.0,11.6,5.6
025820,이구산업,,5920,49.0,32.8,50.5,-17.4,43.2,-2.6,9.8,7.2,0.1,9.2,14.2,0.23,7170,4135,0,False,False,False,777326,2313810,33.5,44.2,145.4,0.34,3,False,True,False,False,5일선회복,8.5,,,,,False,0,강세,-6,0,-3,-3,67.7,22.8,1520.53,2.53,2.74,-120778.0,-120778.0,-120778.0,10,10,1.0,11.5,5.5
195870,해성디에스,,83500,54.2,36.5,58.9,-13.8,367.8,-4.7,27.5,39.4,1.8,25.9,66.9,0.52,96900,17850,0,False,False,False,208892,373294,161.6,171.7,302.0,0.56,6,False,True,True,False,5일선회복/+3%반등,5.5,,,,,False,0,강세,-6,0,-3,-3,67.7,22.8,1520.53,2.53,2.74,-120778.0,-120778.0,-120778.0,10,10,1.0,11.5,5.5
018880,한온시스템,,5050,58.3,49.4,66.6,-13.8,84.8,0.0,18.8,-4.2,6.0,17.4,37.0,0.42,5860,2732,0,False,False,False,17295591,39020880,860.3,823.6,1984.4,0.44,6,False,True,True,False,5일선회복/+3%반등,5.5,,,,,False,0,강세,-6,0,-3,-3,67.7,22.8,1520.53,2.53,2.74,-120778.0,-120778.0,-120778.0,10,10,1.0,11.5,5.5
011070,LG이노텍,,864000,83.1,96.7,95.0,-1.1,529.7,18.0,103.3,241.5,28.5,84.7,200.1,0.77,874000,137200,5,False,False,True,348101,355797,2290.2,2773.6,2326.8,0.98,6,False,True,True,False,5일선회복/+3%반등,0.4,,,,,False,0,강세,-6,0,-3,-3,67.7,22.8,1520.53,2.53,2.74,-120778.0,-120778.0,-120778.0,10,10,1.0,11.4,5.4
004380,삼익THK,,13400,67.0,65.2,82.0,-8.5,34.0,2.4,13.4,3.1,8.9,7.5,4.1,0.9,14650,10000,5,False,False,True,420998,322799,39.9,57.0,40.7,1.3,3,False,False,True,False,+3%반등,3.4,,,,,False,0,강세,-6,0,-3,-3,67.7,22.8,1520.53,2.53,2.74,-120778.0,-120778.0,-120778.0,10,10,1.0,11.4,5.4
066570,LG전자,,237000,71.1,76.6,91.1,-11.1,247.0,-1.5,87.2,95.7,37.1,70.9,130.1,1.18,266500,68300,0,False,False,False,4360431,3404486,9765.5,9313.1,6342.9,1.28,6,False,True,True,False,5일선회복/+3%반등,5.3,,,,,False,0,강세,-6,0,-3,-3,67.7,22.8,1520.53,2.53,2.74,-120778.0,-120778.0,-120778.0,10,10,1.0,11.3,5.300000000000001
033780,KT&G,,188000,59.5,91.0,105.4,-0.8,66.1,4.6,8.7,7.4,5.0,11.9,25.6,0.82,189500,113200,5,False,True,False,351073,343173,531.1,632.0,615.4,1.02,6,False,True,True,False,5일선회복/+3%반등,0.3,,,,,False,0,강세,-6,0,-3,-3,67.7,22.8,1520.53,2.53,2.74,-120778.0,-120778.0,-120778.0,10,10,1.0,11.3,5.300000000000001
086280,현대글로비스,,236500,52.8,38.1,49.4,-20.1,123.3,-2.3,1.3,-9.9,-0.2,3.7,16.8,0.54,296000,105900,0,False,False,False,415591,528752,700.8,932.1,1299.6,0.79,3,False,True,False,False,5일선회복,8.3,,,,,False,0,강세,-6,0,-3,-3,67.7,22.8,1520.53,2.53,2.74,-120778.0,-120778.0,-120778.0,10,10,1.0,11.3,5.300000000000001
118000,메타케어,,1776,92.0,85.4,90.6,-14.6,inf,753.8,696.4,498.0,190.4,362.1,437.3,0.22,2080,0,5,False,True,False,84185,204603,0.7,1.5,0.8,0.41,0,False,False,False,False,-,5.8,,,,,False,0,강세,-6,0,-3,-3,67.7,22.8,1520.53,2.53,2.74,-120778.0,-120778.0,-120778.0,10,10,1.0,10.8,4.800000000000001
214320,이노션,,21050,59.6,52.2,81.4,-7.1,25.8,1.0,10.7,4.2,4.7,9.6,12.3,0.53,22650,16730,5,False,False,True,332629,289750,32.7,70.7,59.3,1.15,3,False,False,True,False,+3%반등,2.8,,,,,False,0,강세,-6,0,-3,-3,67.7,22.8,1520.53,2.53,2.74,-120778.0,-120778.0,-120778.0,10,10,1.0,10.8,4.800000000000001
002450,삼익악기,,1337,69.5,86.7,82.9,-6.0,21.5,1.4,4.5,11.1,4.8,7.8,9.2,0.83,1422,1100,5,False,False,True,364330,346590,4.0,4.9,4.5,1.05,3,False,False,True,False,+3%반등,2.4,,,,,False,0,강세,-6,0,-3,-3,67.7,22.8,1520.53,2.53,2.74,-120778.0,-120778.0,-120778.0,10,10,1.0,10.4,4.4
018260,삼성에스디에스,,194700,67.2,65.7,109.5,-8.2,53.2,3.0,8.0,13.5,10.7,16.7,16.5,1.22,212000,127100,0,False,False,False,523436,508777,1243.3,948.0,911.6,1.03,6,False,True,True,False,5일선회복/+3%반등,4.4,,,,,False,0,강세,-6,0,-3,-3,67.7,22.8,1520.53,2.53,2.74,-120778.0,-120778.0,-120778.0,10,10,1.0,10.4,4.4
004170,신세계,,535000,69.3,68.0,83.0,-10.7,233.3,-1.1,40.1,51.1,16.8,38.6,98.1,0.96,599000,160500,0,False,False,False,93183,89147,469.9,492.2,418.7,1.05,6,False,True,True,False,5일선회복/+3%반등,4.3,,,,,False,0,강세,-6,0,-3,-3,67.7,22.8,1520.53,2.53,2.74,-120778.0,-120778.0,-120778.0,10,10,1.0,10.3,4.300000000000001
034220,LG디스플레이,,15150,65.5,66.6,100.5,-9.8,88.2,7.4,2.6,23.4,15.0,20.4,20.5,1.01,16800,8050,0,False,False,False,11322730,12170191,1868.7,1591.0,1686.5,0.93,6,False,True,True,False,5일선회복/+3%반등,4.0,,,,,False,0,강세,-6,0,-3,-3,67.7,22.8,1520.53,2.53,2.74,-120778.0,-120778.0,-120778.0,10,10,1.0,10.0,4.0
012330,현대모비스,,646000,70.9,84.2,85.0,-6.0,169.2,2.7,44.5,46.7,24.2,42.9,71.8,1.24,687000,240000,0,False,False,False,1029373,778679,6408.2,6137.7,4364.0,1.32,6,False,True,True,False,5일선회복/+3%반등,3.6,,,,,False,0,강세,-6,0,-3,-3,67.7,22.8,1520.53,2.53,2.74,-120778.0,-120778.0,-120778.0,10,10,1.0,9.6,3.5999999999999996
014680,한솔케미칼,,297500,53.9,44.2,47.9,-14.1,162.1,-8.7,3.3,-6.0,-0.5,4.1,23.1,0.47,346500,113500,0,False,False,False,93962,100118,141.5,279.7,303.1,0.94,3,False,False,True,False,+3%반등,6.5,,,,,False,0,강세,-6,0,-3,-3,67.7,22.8,1520.53,2.53,2.74,-120778.0,-120778.0,-120778.0,10,10,1.0,9.5,3.5
007070,GS리테일,,27350,64.9,68.7,71.9,-8.7,102.0,-7.1,17.1,22.9,7.5,18.5,35.1,0.44,29950,13540,0,False,False,False,277603,297764,37.0,76.1,78.4,0.93,6,False,True,True,False,5일선회복/+3%반등,3.5,,,,,False,0,강세,-6,0,-3,-3,67.7,22.8,1520.53,2.53,2.74,-120778.0,-120778.0,-120778.0,10,10,1.0,9.5,3.5
002960,한국쉘석유,,520000,51.8,34.2,64.1,-16.1,42.7,-10.3,4.6,11.2,3.2,4.1,13.3,0.22,620000,364500,0,False,False,False,6012,6605,7.9,32.3,36.0,0.91,3,False,False,True,False,+3%반등,6.4,,,,,False,0,강세,-6,0,-3,-3,67.7,22.8,1520.53,2.53,2.74,-120778.0,-120778.0,-120778.0,10,10,1.0,9.4,3.4000000000000004
002810,삼영무역,,21600,62.7,65.4,82.2,-8.5,55.1,2.4,10.7,-0.9,3.5,8.2,24.5,0.37,23600,13930,0,False,False,False,25167,25177,2.0,5.3,5.3,1.0,6,False,True,True,False,5일선회복/+3%반등,3.4,,,,,False,0,강세,-6,0,-3,-3,67.7,22.8,1520.53,2.53,2.74,-120778.0,-120778.0,-120778.0,10,10,1.0,9.4,3.4000000000000004
023530,롯데쇼핑,,163400,65.3,68.9,77.0,-8.2,160.6,-3.8,38.6,46.9,11.3,32.2,86.4,0.75,178000,62700,0,False,False,False,143080,170466,214.6,228.2,249.8,0.84,6,False,True,True,False,5일선회복/+3%반등,3.3,,,,,False,0,강세,-6,0,-3,-3,67.7,22.8,1520.53,2.53,2.74,-120778.0,-120778.0,-120778.0,10,10,1.0,9.3,3.3000000000000007
013000,세우글로벌,,1425,62.0,40.1,59.2,-15.2,39.6,-5.8,17.6,25.6,3.3,11.3,21.7,0.37,1680,1021,0,False,False,False,279182,545099,3.0,4.0,7.8,0.51,3,False,False,True,False,+3%반등,6.1,,,,,False,0,강세,-6,0,-3,-3,67.7,22.8,1520.53,2.53,2.74,-120778.0,-120778.0,-120778.0,10,10,1.0,9.1,3.0999999999999996
000430,대원강업,,4550,54.4,57.9,86.2,-7.8,28.3,-2.7,3.2,8.2,5.1,8.5,13.2,0.99,4935,3545,0,False,False,False,420833,353998,16.5,18.4,15.8,1.19,6,False,True,True,False,5일선회복/+3%반등,3.1,,,,,False,0,강세,-6,0,-3,-3,67.7,22.8,1520.53,2.53,2.74,-120778.0,-120778.0,-120778.0,10,10,1.0,9.1,3.0999999999999996
036570,NC,,276000,52.7,72.3,83.3,-5.8,90.1,1.7,6.2,21.6,4.3,12.6,24.8,1.07,293000,145200,0,False,False,False,143044,150681,436.4,379.4,402.6,0.95,6,False,True,True,False,5일선회복/+3%반등,2.7,,,,,False,0,강세,-6,0,-3,-3,67.7,22.8,1520.53,2.53,2.74,-120778.0,-120778.0,-120778.0,10,10,1.0,8.7,2.6999999999999993
015360,INVENI,,16490,55.6,31.7,51.2,-9.3,64.2,-2.9,3.1,-2.4,0.1,2.5,18.1,0.41,18190,10040,0,False,False,False,51570,67502,4.6,8.5,11.3,0.76,3,False,True,False,False,5일선회복,3.7,,,,,False,0,강세,-6,0,-3,-3,67.7,22.8,1520.53,2.53,2.74,-120778.0,-120778.0,-120778.0,10,10,1.0,6.7,0.7000000000000002
383220,F&F,,78000,66.4,34.2,54.9,-11.6,34.5,-7.4,15.2,9.9,1.8,13.4,14.2,0.52,88200,58000,0,False,False,False,86364,117161,49.1,67.7,91.0,0.74,0,False,False,False,False,-,4.6,,,,,False,0,강세,-6,0,-3,-3,67.7,22.8,1520.53,2.53,2.74,-120778.0,-120778.0,-120778.0,10,10,1.0,4.6,-1.4000000000000004
012510,더존비즈온,,120000,50.0,77.6,59.8,-1.1,121.0,0.0,0.8,31.7,0.1,0.5,24.3,0.11,121300,54300,0,False,False,False,7265,49834,6.9,8.7,59.8,0.15,3,False,False,True,False,+3%반등,0.4,,,,,False,0,강세,-6,0,-3,-3,67.7,22.8,1520.53,2.53,2.74,-120778.0,-120778.0,-120778.0,10,10,1.0,3.4,-2.6
