index,rev,win,group,code,ret,ex_ew,ex_ix,days
KOSPI200,202312,W1,pred_in,100090,0.016843418590143378,-0.058140160712422825,-0.07587630194723127,16
KOSPI200,202312,W1,pred_in,001570,0.1430205949656751,0.0680370156631089,0.050300874428300446,16
KOSPI200,202312,W1,pred_in,009410,0.06085772634445208,-0.014125852958114124,-0.03186199419292257,16
KOSPI200,202312,W1,pred_in,011000,0.12367491166077738,0.04869133235821117,0.030955191123402725,16
KOSPI200,202312,W1,pred_in,066970,0.1282843894899537,0.053300810187387485,0.03556466895257904,16
KOSPI200,202312,W1,pred_in,088980,0.02061175694616213,-0.05437182235640407,-0.07210796359121252,16
KOSPI200,202312,W1,pred_in,457190,0.2427022518765638,0.16771867257399758,0.14998253133918915,16
KOSPI200,202312,W1,pred_in,002710,0.05415860735009681,-0.020824971952469393,-0.03856111318727784,16
KOSPI200,202312,W1,pred_in,353200,0.23123123123123124,0.15624765192866502,0.1385115106938566,16
KOSPI200,202312,W1,pred_in,267270,0.14927048260381603,0.07428690330124983,0.056550762066441385,16
KOSPI200,202312,W1,pred_in,002780,0.032258064516129004,-0.0427255147864372,-0.06046165602124565,16
KOSPI200,202312,W1,pred_in,001470,-0.04095674205620514,-0.11594032135877134,-0.1336764625935798,16
KOSPI200,202312,W1,pred_in,008040,0.024017467248908186,-0.050966112053658016,-0.06870225328846646,16
KOSPI200,202312,W1,pred_in,091810,0.08194308145240425,0.006959502149838051,-0.010776639084970396,16
KOSPI200,202312,W1,pred_in,042700,0.13282732447817835,0.05784374517561215,0.040107603940803704,16
KOSPI200,202312,W1,pred_in,006110,-0.008326394671107407,-0.08330997397367361,-0.10104611520848206,16
KOSPI200,202312,W1,pred_in,395400,0.06666666666666665,-0.008316912635899551,-0.026053053870708,16
KOSPI200,202312,W1,pred_in,018470,0.07481296758104738,-0.00017061172151881798,-0.017906752956327265,16
KOSPI200,202312,W1,pred_in,003620,0.035617451318708415,-0.03936612798385779,-0.057102269218666235,16
KOSPI200,202312,W1,pred_in,006740,-0.4537218783028839,-0.5287054576054501,-0.5464415988402586,16
KOSPI200,202312,W1,pred_in,248070,-0.06862745098039214,-0.14361103028295835,-0.16134717151776679,16
KOSPI200,202312,W1,pred_in,007660,0.366607816004199,0.2916242367016328,0.27388809546682436,16
KOSPI200,202312,W1,pred_in,005070,0.1942392909896602,0.119255711687094,0.10151957045228555,16
KOSPI200,202312,W1,pred_in,267260,0.06861499364675994,-0.0063685856558062665,-0.024104726890614714,16
KOSPI200,202312,W1,pred_in,006490,0.05887445887445897,-0.016109120428107235,-0.03384526166291568,16
KOSPI200,202312,W1,pred_in,108320,0.2406639004149378,0.16568032111237158,0.14794417987756314,16
KOSPI200,202312,W1,pred_in,298040,0.032275711159737375,-0.04270786814282883,-0.060444009377637276,16
KOSPI200,202312,W1,pred_in,307950,0.29885057471264376,0.22386699541007754,0.2061308541752691,16
KOSPI200,202312,W1,pred_in,034230,-0.03436426116838487,-0.10934784047095107,-0.12708398170575952,16
KOSPI200,202312,W1,pred_in,006040,0.06548111883077135,-0.009502460471794857,-0.027238601706603305,16
KOSPI200,202312,W1,pred_in,011330,-0.05411764705882349,-0.1291012263613897,-0.14683736759619814,16
KOSPI200,202312,W1,act_in,145720,0.05272407732864681,-0.02225950197391939,-0.03999564320872784,16
KOSPI200,202312,W1,act_in,267260,0.06861499364675994,-0.0063685856558062665,-0.024104726890614714,16
KOSPI200,202312,W1,act_in,003620,0.035617451318708415,-0.03936612798385779,-0.057102269218666235,16
KOSPI200,202312,W1,act_in,001430,0.16216216216216206,0.08717858285959586,0.06944244162478741,16
KOSPI200,202312,W1,act_in,009970,0.005069708491761693,-0.06991387081080451,-0.08765001204561296,16
KOSPI200,202312,W1,act_in,002710,0.05415860735009681,-0.020824971952469393,-0.03856111318727784,16
KOSPI200,202312,W1,act_in,006110,-0.008326394671107407,-0.08330997397367361,-0.10104611520848206,16
KOSPI200,202312,W1,hit,002710,0.05415860735009681,-0.020824971952469393,-0.03856111318727784,16
KOSPI200,202312,W1,hit,267260,0.06861499364675994,-0.0063685856558062665,-0.024104726890614714,16
KOSPI200,202312,W1,hit,006110,-0.008326394671107407,-0.08330997397367361,-0.10104611520848206,16
KOSPI200,202312,W1,hit,003620,0.035617451318708415,-0.03936612798385779,-0.057102269218666235,16
KOSPI200,202312,W1,false_in,100090,0.016843418590143378,-0.058140160712422825,-0.07587630194723127,16
KOSPI200,202312,W1,false_in,001570,0.1430205949656751,0.0680370156631089,0.050300874428300446,16
KOSPI200,202312,W1,false_in,009410,0.06085772634445208,-0.014125852958114124,-0.03186199419292257,16
KOSPI200,202312,W1,false_in,011000,0.12367491166077738,0.04869133235821117,0.030955191123402725,16
KOSPI200,202312,W1,false_in,066970,0.1282843894899537,0.053300810187387485,0.03556466895257904,16
KOSPI200,202312,W1,false_in,088980,0.02061175694616213,-0.05437182235640407,-0.07210796359121252,16
KOSPI200,202312,W1,false_in,457190,0.2427022518765638,0.16771867257399758,0.14998253133918915,16
KOSPI200,202312,W1,false_in,353200,0.23123123123123124,0.15624765192866502,0.1385115106938566,16
KOSPI200,202312,W1,false_in,267270,0.14927048260381603,0.07428690330124983,0.056550762066441385,16
KOSPI200,202312,W1,false_in,002780,0.032258064516129004,-0.0427255147864372,-0.06046165602124565,16
KOSPI200,202312,W1,false_in,001470,-0.04095674205620514,-0.11594032135877134,-0.1336764625935798,16
KOSPI200,202312,W1,false_in,008040,0.024017467248908186,-0.050966112053658016,-0.06870225328846646,16
KOSPI200,202312,W1,false_in,091810,0.08194308145240425,0.006959502149838051,-0.010776639084970396,16
KOSPI200,202312,W1,false_in,042700,0.13282732447817835,0.05784374517561215,0.040107603940803704,16
KOSPI200,202312,W1,false_in,395400,0.06666666666666665,-0.008316912635899551,-0.026053053870708,16
KOSPI200,202312,W1,false_in,018470,0.07481296758104738,-0.00017061172151881798,-0.017906752956327265,16
KOSPI200,202312,W1,false_in,006740,-0.4537218783028839,-0.5287054576054501,-0.5464415988402586,16
KOSPI200,202312,W1,false_in,248070,-0.06862745098039214,-0.14361103028295835,-0.16134717151776679,16
KOSPI200,202312,W1,false_in,007660,0.366607816004199,0.2916242367016328,0.27388809546682436,16
KOSPI200,202312,W1,false_in,005070,0.1942392909896602,0.119255711687094,0.10151957045228555,16
KOSPI200,202312,W1,false_in,006490,0.05887445887445897,-0.016109120428107235,-0.03384526166291568,16
KOSPI200,202312,W1,false_in,108320,0.2406639004149378,0.16568032111237158,0.14794417987756314,16
KOSPI200,202312,W1,false_in,298040,0.032275711159737375,-0.04270786814282883,-0.060444009377637276,16
KOSPI200,202312,W1,false_in,307950,0.29885057471264376,0.22386699541007754,0.2061308541752691,16
KOSPI200,202312,W1,false_in,034230,-0.03436426116838487,-0.10934784047095107,-0.12708398170575952,16
KOSPI200,202312,W1,false_in,006040,0.06548111883077135,-0.009502460471794857,-0.027238601706603305,16
KOSPI200,202312,W1,false_in,011330,-0.05411764705882349,-0.1291012263613897,-0.14683736759619814,16
KOSPI200,202312,W1,miss_in,145720,0.05272407732864681,-0.02225950197391939,-0.03999564320872784,16
KOSPI200,202312,W1,miss_in,001430,0.16216216216216206,0.08717858285959586,0.06944244162478741,16
KOSPI200,202312,W1,miss_in,009970,0.005069708491761693,-0.06991387081080451,-0.08765001204561296,16
KOSPI200,202312,W1,pred_out,192080,0.04837809835020335,-0.026605480952362856,-0.0443416221871713,16
KOSPI200,202312,W1,pred_out,001680,0.02306920762286868,-0.05191437167969752,-0.06965051291450597,16
KOSPI200,202312,W1,pred_out,294870,0.24219409282700433,0.1672105135244381,0.14947437228962968,16
KOSPI200,202312,W1,pred_out,381970,0.07833163784333674,0.0033480585407705404,-0.014388082694037907,16
KOSPI200,202312,W1,pred_out,071970,0.009871668311944637,-0.06511191099062157,-0.08284805222543001,16
KOSPI200,202312,W1,pred_out,003240,0.047945205479452024,-0.02703837382311418,-0.044774515057922626,16
KOSPI200,202312,W1,pred_out,005250,0.12657290895632856,0.05158932965376235,0.033853188418953906,16
KOSPI200,202312,W1,pred_out,039130,0.23927765237020315,0.16429407306763694,0.1465579318328285,16
KOSPI200,202312,W1,pred_out,003090,0.09843546284224258,0.02345188353967638,0.005715742304867932,16
KOSPI200,202312,W1,pred_out,013890,0.05549956326009542,-0.019484016042470784,-0.03722015727727923,16
KOSPI200,202312,W1,pred_out,003850,0.20387243735763105,0.12888885805506484,0.1111527168202564,16
KOSPI200,202312,W1,pred_out,004490,0.0718562874251496,-0.003127291877416602,-0.02086343311222505,16
KOSPI200,202312,W1,pred_out,105630,-0.017699115044247815,-0.09268269434681402,-0.11041883558162247,16
KOSPI200,202312,W1,pred_out,178920,0.19193857965451055,0.11695500035194435,0.0992188591171359,16
KOSPI200,202312,W1,pred_out,006650,0.0019047619047618536,-0.07307881739780435,-0.0908149586326128,16
KOSPI200,202312,W1,pred_out,284740,0.09443099273607758,0.019447413433511376,0.001711272198702929,16
KOSPI200,202312,W1,pred_out,000210,0.13477737665463296,0.05979379735206676,0.04205765611725831,16
KOSPI200,202312,W1,pred_out,016380,0.1353591160220995,0.06037553671953329,0.04263939548472484,16
KOSPI200,202312,W1,pred_out,004800,0.09704073789392775,0.02205715859136155,0.004321017356553103,16
KOSPI200,202312,W1,pred_out,020000,0.014308426073131875,-0.06067515322943433,-0.07841129446424278,16
KOSPI200,202312,W1,pred_out,008730,0.2241992882562278,0.1492157089536616,0.13147956771885316,16
KOSPI200,202312,W1,pred_out,057050,0.03605769230769229,-0.03892588699487391,-0.05666202822968236,16
KOSPI200,202312,W1,pred_out,019170,0.12998266897746968,0.05499908967490348,0.037262948440095034,16
KOSPI200,202312,W1,act_out,003240,0.047945205479452024,-0.02703837382311418,-0.044774515057922626,16
KOSPI200,202312,W1,act_out,020000,0.014308426073131875,-0.06067515322943433,-0.07841129446424278,16
KOSPI200,202312,W1,act_out,013890,0.05549956326009542,-0.019484016042470784,-0.03722015727727923,16
KOSPI200,202312,W1,act_out,294870,0.24219409282700433,0.1672105135244381,0.14947437228962968,16
KOSPI200,202312,W1,act_out,003850,0.20387243735763105,0.12888885805506484,0.1111527168202564,16
KOSPI200,202312,W1,act_out,057050,0.03605769230769229,-0.03892588699487391,-0.05666202822968236,16
KOSPI200,202312,W1,act_out,284740,0.09443099273607758,0.019447413433511376,0.001711272198702929,16
KOSPI200,202312,W2,pred_in,100090,0.09580838323353302,0.08845822278897751,0.07676270966556342,14
KOSPI200,202312,W2,pred_in,001570,0.06077872744539414,0.05342856700083863,0.04173305387742454,14
KOSPI200,202312,W2,pred_in,009410,-0.2374529892361561,-0.2448031496807116,-0.2564986628041257,14
KOSPI200,202312,W2,pred_in,011000,-0.10841423948220064,-0.11576439992675615,-0.12745991305017024,14
KOSPI200,202312,W2,pred_in,066970,0.2945252945252945,0.287175134080739,0.2754796209573249,14
KOSPI200,202312,W2,pred_in,088980,0.01769125131270699,0.010341090868151482,-0.0013544222552626106,14
KOSPI200,202312,W2,pred_in,457190,0.19209809264305178,0.18474793219849628,0.17305241907508218,14
KOSPI200,202312,W2,pred_in,002710,-0.01073345259391767,-0.018083613038473178,-0.02977912616188727,14
KOSPI200,202312,W2,pred_in,353200,0.09163346613545809,0.08428330569090257,0.07258779256748848,14
KOSPI200,202312,W2,pred_in,267270,-0.06311637080867849,-0.070466531253234,-0.08216204437664809,14
KOSPI200,202312,W2,pred_in,002780,-0.026446280991735516,-0.03379644143629103,-0.04549195455970512,14
KOSPI200,202312,W2,pred_in,001470,0.016197166099403804,0.008847005654848295,-0.0028485074685657974,14
KOSPI200,202312,W2,pred_in,008040,0.029818956336528313,0.022468795891972804,0.010773282768558712,14
KOSPI200,202312,W2,pred_in,091810,0.010497489730716625,0.0031473292861611164,-0.008548183837252976,14
KOSPI200,202312,W2,pred_in,042700,-0.02631578947368418,-0.03366594991823969,-0.04536146304165378,14
KOSPI200,202312,W2,pred_in,006110,-0.04117181314330953,-0.048521973587865044,-0.06021748671127913,14
KOSPI200,202312,W2,pred_in,395400,-0.012406947890818865,-0.019757108335374373,-0.031452621458788466,14
KOSPI200,202312,W2,pred_in,018470,-0.04147465437788023,-0.04882481482243574,-0.06052032794584983,14
KOSPI200,202312,W2,pred_in,003620,0.020287593356370426,0.012937432911814917,0.0012419197884008248,14
KOSPI200,202312,W2,pred_in,006740,-0.11058823529411765,-0.11793839573867317,-0.12963390886208725,14
KOSPI200,202312,W2,pred_in,248070,-0.012411347517730542,-0.01976150796228605,-0.03145702108570014,14
KOSPI200,202312,W2,pred_in,007660,0.02548882681564235,0.018138666371086843,0.0064431532476727504,14
KOSPI200,202312,W2,pred_in,005070,-0.04088050314465408,-0.04823066358920959,-0.05992617671262368,14
KOSPI200,202312,W2,pred_in,267260,-0.05299539170506917,-0.060345552149624684,-0.07204106527303877,14
KOSPI200,202312,W2,pred_in,006490,-0.019333060556464776,-0.026683221001020285,-0.03837873412443438,14
KOSPI200,202312,W2,pred_in,108320,-0.042857142857142816,-0.05020730330169833,-0.06190281642511242,14
KOSPI200,202312,W2,pred_in,298040,-0.17031011692933407,-0.17766027737388956,-0.18935579049730367,14
KOSPI200,202312,W2,pred_in,307950,-0.009843659525188175,-0.017193819969743684,-0.028889333093157776,14
KOSPI200,202312,W2,pred_in,034230,-0.02135231316725983,-0.028702473611815337,-0.04039798673522943,14
KOSPI200,202312,W2,pred_in,006040,0.003142156693484388,-0.00420800375107112,-0.015903516874485213,14
KOSPI200,202312,W2,pred_in,011330,0.22107186358099873,0.21372170313644323,0.20202619001302913,14
KOSPI200,202312,W2,act_in,145720,-0.042187500000000044,-0.049537660444555556,-0.061233173567969645,14
KOSPI200,202312,W2,act_in,267260,-0.05299539170506917,-0.060345552149624684,-0.07204106527303877,14
KOSPI200,202312,W2,act_in,003620,0.020287593356370426,0.012937432911814917,0.0012419197884008248,14
KOSPI200,202312,W2,act_in,001430,-0.011070110701106972,-0.01842027114566248,-0.030115784269076573,14
KOSPI200,202312,W2,act_in,009970,0.01129234629861986,0.003942185854064351,-0.007753327269349741,14
KOSPI200,202312,W2,act_in,002710,-0.01073345259391767,-0.018083613038473178,-0.02977912616188727,14
KOSPI200,202312,W2,act_in,006110,-0.04117181314330953,-0.048521973587865044,-0.06021748671127913,14
KOSPI200,202312,W2,hit,002710,-0.01073345259391767,-0.018083613038473178,-0.02977912616188727,14
KOSPI200,202312,W2,hit,267260,-0.05299539170506917,-0.060345552149624684,-0.07204106527303877,14
KOSPI200,202312,W2,hit,006110,-0.04117181314330953,-0.048521973587865044,-0.06021748671127913,14
KOSPI200,202312,W2,hit,003620,0.020287593356370426,0.012937432911814917,0.0012419197884008248,14
KOSPI200,202312,W2,false_in,100090,0.09580838323353302,0.08845822278897751,0.07676270966556342,14
KOSPI200,202312,W2,false_in,001570,0.06077872744539414,0.05342856700083863,0.04173305387742454,14
KOSPI200,202312,W2,false_in,009410,-0.2374529892361561,-0.2448031496807116,-0.2564986628041257,14
KOSPI200,202312,W2,false_in,011000,-0.10841423948220064,-0.11576439992675615,-0.12745991305017024,14
KOSPI200,202312,W2,false_in,066970,0.2945252945252945,0.287175134080739,0.2754796209573249,14
KOSPI200,202312,W2,false_in,088980,0.01769125131270699,0.010341090868151482,-0.0013544222552626106,14
KOSPI200,202312,W2,false_in,457190,0.19209809264305178,0.18474793219849628,0.17305241907508218,14
KOSPI200,202312,W2,false_in,353200,0.09163346613545809,0.08428330569090257,0.07258779256748848,14
KOSPI200,202312,W2,false_in,267270,-0.06311637080867849,-0.070466531253234,-0.08216204437664809,14
KOSPI200,202312,W2,false_in,002780,-0.026446280991735516,-0.03379644143629103,-0.04549195455970512,14
KOSPI200,202312,W2,false_in,001470,0.016197166099403804,0.008847005654848295,-0.0028485074685657974,14
KOSPI200,202312,W2,false_in,008040,0.029818956336528313,0.022468795891972804,0.010773282768558712,14
KOSPI200,202312,W2,false_in,091810,0.010497489730716625,0.0031473292861611164,-0.008548183837252976,14
KOSPI200,202312,W2,false_in,042700,-0.02631578947368418,-0.03366594991823969,-0.04536146304165378,14
KOSPI200,202312,W2,false_in,395400,-0.012406947890818865,-0.019757108335374373,-0.031452621458788466,14
KOSPI200,202312,W2,false_in,018470,-0.04147465437788023,-0.04882481482243574,-0.06052032794584983,14
KOSPI200,202312,W2,false_in,006740,-0.11058823529411765,-0.11793839573867317,-0.12963390886208725,14
KOSPI200,202312,W2,false_in,248070,-0.012411347517730542,-0.01976150796228605,-0.03145702108570014,14
KOSPI200,202312,W2,false_in,007660,0.02548882681564235,0.018138666371086843,0.0064431532476727504,14
KOSPI200,202312,W2,false_in,005070,-0.04088050314465408,-0.04823066358920959,-0.05992617671262368,14
KOSPI200,202312,W2,false_in,006490,-0.019333060556464776,-0.026683221001020285,-0.03837873412443438,14
KOSPI200,202312,W2,false_in,108320,-0.042857142857142816,-0.05020730330169833,-0.06190281642511242,14
KOSPI200,202312,W2,false_in,298040,-0.17031011692933407,-0.17766027737388956,-0.18935579049730367,14
KOSPI200,202312,W2,false_in,307950,-0.009843659525188175,-0.017193819969743684,-0.028889333093157776,14
KOSPI200,202312,W2,false_in,034230,-0.02135231316725983,-0.028702473611815337,-0.04039798673522943,14
KOSPI200,202312,W2,false_in,006040,0.003142156693484388,-0.00420800375107112,-0.015903516874485213,14
KOSPI200,202312,W2,false_in,011330,0.22107186358099873,0.21372170313644323,0.20202619001302913,14
KOSPI200,202312,W2,miss_in,145720,-0.042187500000000044,-0.049537660444555556,-0.061233173567969645,14
KOSPI200,202312,W2,miss_in,001430,-0.011070110701106972,-0.01842027114566248,-0.030115784269076573,14
KOSPI200,202312,W2,miss_in,009970,0.01129234629861986,0.003942185854064351,-0.007753327269349741,14
KOSPI200,202312,W2,pred_out,192080,0.025857022879393288,0.01850686243483778,0.006811349311423687,14
KOSPI200,202312,W2,pred_out,001680,0.03676470588235303,0.029414545437797524,0.01771903231438343,14
KOSPI200,202312,W2,pred_out,294870,-0.03915063039150635,-0.04650079083606186,-0.05819630395947595,14
KOSPI200,202312,W2,pred_out,381970,0.003714020427112441,-0.0036361400174430673,-0.01533165314085716,14
KOSPI200,202312,W2,pred_out,071970,0.13300492610837433,0.12565476566381883,0.11395925254040473,14
KOSPI200,202312,W2,pred_out,003240,-0.00327332242225864,-0.010623482866814148,-0.02231899599022824,14
KOSPI200,202312,W2,pred_out,005250,0.030283080974325305,0.022932920529769796,0.011237407406355704,14
KOSPI200,202312,W2,pred_out,039130,-0.050909090909090904,-0.058259251353646416,-0.0699547644770605,14
KOSPI200,202312,W2,pred_out,003090,0.07530120481927716,0.06795104437472164,0.056255531251307556,14
KOSPI200,202312,W2,pred_out,013890,-0.09225044068681854,-0.09960060113137405,-0.11129611425478814,14
KOSPI200,202312,W2,pred_out,003850,0.10792079207920802,0.1005706316346525,0.08887511851123842,14
KOSPI200,202312,W2,pred_out,004490,0.03896103896103886,0.03161087851648335,0.019915365393069262,14
KOSPI200,202312,W2,pred_out,105630,-0.018099547511312264,-0.025449707955867772,-0.037145221079281865,14
KOSPI200,202312,W2,pred_out,178920,0.02148760330578514,0.014137442861229633,0.0024419297378155402,14
KOSPI200,202312,W2,pred_out,006650,-0.03257529194837128,-0.03992545239292679,-0.05162096551634088,14
KOSPI200,202312,W2,pred_out,284740,-0.011086474501108667,-0.018436634945664176,-0.03013214806907827,14
KOSPI200,202312,W2,pred_out,000210,0.017970401691332016,0.010620241246776508,-0.0010752718766375846,14
KOSPI200,202312,W2,pred_out,016380,0.016928657799274438,0.00957849735471893,-0.002117015768695163,14
KOSPI200,202312,W2,pred_out,004800,0.002961709329384332,-0.004388451115171176,-0.01608396423858527,14
KOSPI200,202312,W2,pred_out,020000,0.012572027239392325,0.0052218667948368165,-0.006473646328577276,14
KOSPI200,202312,W2,pred_out,008730,-0.08769448373408772,-0.09504464417864324,-0.10674015730205733,14
KOSPI200,202312,W2,pred_out,057050,0.009334889148191472,0.0019847287036359636,-0.009710784419778129,14
KOSPI200,202312,W2,pred_out,019170,0.037663335895465,0.03031317545090949,0.0186176623274954,14
KOSPI200,202312,W2,act_out,003240,-0.00327332242225864,-0.010623482866814148,-0.02231899599022824,14
KOSPI200,202312,W2,act_out,020000,0.012572027239392325,0.0052218667948368165,-0.006473646328577276,14
KOSPI200,202312,W2,act_out,013890,-0.09225044068681854,-0.09960060113137405,-0.11129611425478814,14
KOSPI200,202312,W2,act_out,294870,-0.03915063039150635,-0.04650079083606186,-0.05819630395947595,14
KOSPI200,202312,W2,act_out,003850,0.10792079207920802,0.1005706316346525,0.08887511851123842,14
KOSPI200,202312,W2,act_out,057050,0.009334889148191472,0.0019847287036359636,-0.009710784419778129,14
KOSPI200,202312,W2,act_out,284740,-0.011086474501108667,-0.018436634945664176,-0.03013214806907827,14
KOSPI200,202312,W3,pred_in,100090,0.03825136612021862,0.04520767014984573,0.05656374967798561,20
KOSPI200,202312,W3,pred_in,001570,-0.12175470008952549,-0.11479839605989839,-0.1034423165317585,20
KOSPI200,202312,W3,pred_in,009410,-0.03469387755102038,-0.027737573521393274,-0.016381493993253393,20
KOSPI200,202312,W3,pred_in,011000,-0.04174228675136116,-0.03478598272173405,-0.02342990319359417,20
KOSPI200,202312,W3,pred_in,066970,0.09743040685224846,0.10438671088187557,0.11574279041001545,20
KOSPI200,202312,W3,pred_in,088980,-0.011906651849499905,-0.004950347819872798,0.006405731708267082,20
KOSPI200,202312,W3,pred_in,457190,-0.008000000000000007,-0.0010436959703729,0.01031238355776698,20
KOSPI200,202312,W3,pred_in,002710,-0.012658227848101222,-0.005701923818474115,0.005654155709665765,20
KOSPI200,202312,W3,pred_in,353200,-0.029197080291970767,-0.02224077626234366,-0.01088469673420378,20
KOSPI200,202312,W3,pred_in,267270,0.001052631578947416,0.008008935608574522,0.019365015136714403,20
KOSPI200,202312,W3,pred_in,002780,-0.08658743633276744,-0.07963113230314034,-0.06827505277500046,20
KOSPI200,202312,W3,pred_in,001470,-0.16931920756330465,-0.16236290353367755,-0.15100682400553767,20
KOSPI200,202312,W3,pred_in,008040,-0.010341261633919352,-0.003384957604292245,0.007971121923847635,20
KOSPI200,202312,W3,pred_in,091810,0.28635953026196925,0.29331583429159636,0.30467191381973624,20
KOSPI200,202312,W3,pred_in,042700,-0.10979729729729726,-0.10284099326767016,-0.09148491373953027,20
KOSPI200,202312,W3,pred_in,006110,-0.17919075144508667,-0.17223444741545957,-0.16087836788731968,20
KOSPI200,202312,W3,pred_in,395400,-0.021356783919597944,-0.014400479889970837,-0.0030444003618309567,20
KOSPI200,202312,W3,pred_in,018470,-0.0024038461538461453,0.004552457875780962,0.01590853740392084,20
KOSPI200,202312,W3,pred_in,003620,-0.08303288539276743,-0.07607658136314033,-0.06472050183500044,20
KOSPI200,202312,W3,pred_in,006740,-0.06302521008403361,-0.0560689060544065,-0.044712826526266625,20
KOSPI200,202312,W3,pred_in,248070,0.04667863554757634,0.05363493957720345,0.06499101910534333,20
KOSPI200,202312,W3,pred_in,007660,-0.10102145045965272,-0.09406514643002561,-0.08270906690188573,20
KOSPI200,202312,W3,pred_in,005070,-0.07344262295081971,-0.06648631892119261,-0.05513023939305273,20
KOSPI200,202312,W3,pred_in,267260,0.13138686131386867,0.13834316534349578,0.14969924487163566,20
KOSPI200,202312,W3,pred_in,006490,0.10274329821633454,0.10969960224596165,0.12105568177410153,20
KOSPI200,202312,W3,pred_in,108320,-0.08840413318025253,-0.08144782915062543,-0.07009174962248554,20
KOSPI200,202312,W3,pred_in,298040,0.060049019607843146,0.06700532363747025,0.07836140316561013,20
KOSPI200,202312,W3,pred_in,307950,0.053801169590643294,0.060757473620270404,0.07211355314841028,20
KOSPI200,202312,W3,pred_in,034230,-0.08945454545454545,-0.08249824142491835,-0.07114216189677847,20
KOSPI200,202312,W3,pred_in,006040,0.23788379457524433,0.24484009860487144,0.2561961781330113,20
KOSPI200,202312,W3,pred_in,011330,0.02493765586034913,0.03189395988997624,0.043250039418116115,20
KOSPI200,202312,W3,act_in,145720,0.04404567699836859,0.0510019810279957,0.062358060556135575,20
KOSPI200,202312,W3,act_in,267260,0.13138686131386867,0.13834316534349578,0.14969924487163566,20
KOSPI200,202312,W3,act_in,003620,-0.08303288539276743,-0.07607658136314033,-0.06472050183500044,20
KOSPI200,202312,W3,act_in,001430,-0.20149253731343286,-0.19453623328380576,-0.18318015375566588,20
KOSPI200,202312,W3,act_in,009970,-0.08064516129032262,-0.07368885726069552,-0.06233277773255563,20
KOSPI200,202312,W3,act_in,002710,-0.012658227848101222,-0.005701923818474115,0.005654155709665765,20
KOSPI200,202312,W3,act_in,006110,-0.17919075144508667,-0.17223444741545957,-0.16087836788731968,20
KOSPI200,202312,W3,hit,002710,-0.012658227848101222,-0.005701923818474115,0.005654155709665765,20
KOSPI200,202312,W3,hit,267260,0.13138686131386867,0.13834316534349578,0.14969924487163566,20
KOSPI200,202312,W3,hit,006110,-0.17919075144508667,-0.17223444741545957,-0.16087836788731968,20
KOSPI200,202312,W3,hit,003620,-0.08303288539276743,-0.07607658136314033,-0.06472050183500044,20
KOSPI200,202312,W3,false_in,100090,0.03825136612021862,0.04520767014984573,0.05656374967798561,20
KOSPI200,202312,W3,false_in,001570,-0.12175470008952549,-0.11479839605989839,-0.1034423165317585,20
KOSPI200,202312,W3,false_in,009410,-0.03469387755102038,-0.027737573521393274,-0.016381493993253393,20
KOSPI200,202312,W3,false_in,011000,-0.04174228675136116,-0.03478598272173405,-0.02342990319359417,20
KOSPI200,202312,W3,false_in,066970,0.09743040685224846,0.10438671088187557,0.11574279041001545,20
KOSPI200,202312,W3,false_in,088980,-0.011906651849499905,-0.004950347819872798,0.006405731708267082,20
KOSPI200,202312,W3,false_in,457190,-0.008000000000000007,-0.0010436959703729,0.01031238355776698,20
KOSPI200,202312,W3,false_in,353200,-0.029197080291970767,-0.02224077626234366,-0.01088469673420378,20
KOSPI200,202312,W3,false_in,267270,0.001052631578947416,0.008008935608574522,0.019365015136714403,20
KOSPI200,202312,W3,false_in,002780,-0.08658743633276744,-0.07963113230314034,-0.06827505277500046,20
KOSPI200,202312,W3,false_in,001470,-0.16931920756330465,-0.16236290353367755,-0.15100682400553767,20
KOSPI200,202312,W3,false_in,008040,-0.010341261633919352,-0.003384957604292245,0.007971121923847635,20
KOSPI200,202312,W3,false_in,091810,0.28635953026196925,0.29331583429159636,0.30467191381973624,20
KOSPI200,202312,W3,false_in,042700,-0.10979729729729726,-0.10284099326767016,-0.09148491373953027,20
KOSPI200,202312,W3,false_in,395400,-0.021356783919597944,-0.014400479889970837,-0.0030444003618309567,20
KOSPI200,202312,W3,false_in,018470,-0.0024038461538461453,0.004552457875780962,0.01590853740392084,20
KOSPI200,202312,W3,false_in,006740,-0.06302521008403361,-0.0560689060544065,-0.044712826526266625,20
KOSPI200,202312,W3,false_in,248070,0.04667863554757634,0.05363493957720345,0.06499101910534333,20
KOSPI200,202312,W3,false_in,007660,-0.10102145045965272,-0.09406514643002561,-0.08270906690188573,20
KOSPI200,202312,W3,false_in,005070,-0.07344262295081971,-0.06648631892119261,-0.05513023939305273,20
KOSPI200,202312,W3,false_in,006490,0.10274329821633454,0.10969960224596165,0.12105568177410153,20
KOSPI200,202312,W3,false_in,108320,-0.08840413318025253,-0.08144782915062543,-0.07009174962248554,20
KOSPI200,202312,W3,false_in,298040,0.060049019607843146,0.06700532363747025,0.07836140316561013,20
KOSPI200,202312,W3,false_in,307950,0.053801169590643294,0.060757473620270404,0.07211355314841028,20
KOSPI200,202312,W3,false_in,034230,-0.08945454545454545,-0.08249824142491835,-0.07114216189677847,20
KOSPI200,202312,W3,false_in,006040,0.23788379457524433,0.24484009860487144,0.2561961781330113,20
KOSPI200,202312,W3,false_in,011330,0.02493765586034913,0.03189395988997624,0.043250039418116115,20
KOSPI200,202312,W3,miss_in,145720,0.04404567699836859,0.0510019810279957,0.062358060556135575,20
KOSPI200,202312,W3,miss_in,001430,-0.20149253731343286,-0.19453623328380576,-0.18318015375566588,20
KOSPI200,202312,W3,miss_in,009970,-0.08064516129032262,-0.07368885726069552,-0.06233277773255563,20
KOSPI200,202312,W3,pred_out,192080,0.06303803120891116,0.06999433523853826,0.08135041476667815,20
KOSPI200,202312,W3,pred_out,001680,-0.12104018912529546,-0.11408388509566836,-0.10272780556752847,20
KOSPI200,202312,W3,pred_out,294870,0.026933701657458453,0.03389000568708556,0.04524608521522544,20
KOSPI200,202312,W3,pred_out,381970,0.008325624421831712,0.015281928451458818,0.0266380079795987,20
KOSPI200,202312,W3,pred_out,071970,0.0721739130434782,0.0791302170731053,0.09048629660124519,20
KOSPI200,202312,W3,pred_out,003240,-0.02298850574712641,-0.016032201717499302,-0.004676122189359422,20
KOSPI200,202312,W3,pred_out,005250,-0.03194888178913735,-0.024992577759510245,-0.013636498231370364,20
KOSPI200,202312,W3,pred_out,039130,0.10919540229885061,0.11615170632847771,0.1275077858566176,20
KOSPI200,202312,W3,pred_out,003090,0.14565826330532206,0.15261456733494916,0.16397064686308904,20
KOSPI200,202312,W3,pred_out,013890,-0.08393268124280784,-0.07697637721318074,-0.06562029768504085,20
KOSPI200,202312,W3,pred_out,003850,0.027703306523681803,0.03465961055330891,0.04601569008144879,20
KOSPI200,202312,W3,pred_out,004490,0.048214285714285765,0.055170589743912875,0.06652666927205275,20
KOSPI200,202312,W3,pred_out,105630,-0.10737327188940093,-0.10041696785977383,-0.08906088833163395,20
KOSPI200,202312,W3,pred_out,178920,-0.14239482200647247,-0.13543851797684536,-0.12408243844870548,20
KOSPI200,202312,W3,pred_out,006650,-0.1537484116899619,-0.1467921076603348,-0.1354360281321949,20
KOSPI200,202312,W3,pred_out,284740,-0.06726457399103136,-0.06030826996140425,-0.048952190433264375,20
KOSPI200,202312,W3,pred_out,000210,0.09034267912772576,0.09729898315735286,0.10865506268549274,20
KOSPI200,202312,W3,pred_out,016380,-0.08323424494649223,-0.07627794091686513,-0.06492186138872524,20
KOSPI200,202312,W3,pred_out,004800,-0.10191559126382999,-0.09495928723420288,-0.083603207706063,20
KOSPI200,202312,W3,pred_out,020000,-0.02379720641489913,-0.016840902385272024,-0.005484822857132143,20
KOSPI200,202312,W3,pred_out,008730,-0.1224806201550388,-0.1155243161254117,-0.10416823659727181,20
KOSPI200,202312,W3,pred_out,057050,-0.052023121387283267,-0.04506681735765616,-0.03371073782951628,20
KOSPI200,202312,W3,pred_out,019170,-0.06148148148148147,-0.05452517745185436,-0.04316909792371448,20
KOSPI200,202312,W3,act_out,003240,-0.02298850574712641,-0.016032201717499302,-0.004676122189359422,20
KOSPI200,202312,W3,act_out,020000,-0.02379720641489913,-0.016840902385272024,-0.005484822857132143,20
KOSPI200,202312,W3,act_out,013890,-0.08393268124280784,-0.07697637721318074,-0.06562029768504085,20
KOSPI200,202312,W3,act_out,294870,0.026933701657458453,0.03389000568708556,0.04524608521522544,20
KOSPI200,202312,W3,act_out,003850,0.027703306523681803,0.03465961055330891,0.04601569008144879,20
KOSPI200,202312,W3,act_out,057050,-0.052023121387283267,-0.04506681735765616,-0.03371073782951628,20
KOSPI200,202312,W3,act_out,284740,-0.06726457399103136,-0.06030826996140425,-0.048952190433264375,20
KOSPI200,202312,FULL,pred_in,100090,0.14160948222083602,0.05625884974412759,0.036194024878859254,31
KOSPI200,202312,FULL,pred_in,001570,0.27803203661327225,0.19268140413656382,0.17261657927129548,31
KOSPI200,202312,FULL,pred_in,009410,-0.19945541184479243,-0.28480604432150086,-0.3048708691867692,31
KOSPI200,202312,FULL,pred_in,011000,-0.026501766784452263,-0.1118523992611607,-0.13191722412642903,31
KOSPI200,202312,FULL,pred_in,066970,0.44358578052550235,0.3582351480487939,0.3381703231835256,31
KOSPI200,202312,FULL,pred_in,088980,0.038667656030999975,-0.04668297644570846,-0.0667478013109768,31
KOSPI200,202312,FULL,pred_in,457190,0.45954962468723926,0.3741989922105308,0.3541341673452625,31
KOSPI200,202312,FULL,pred_in,002710,0.06963249516441006,-0.015718137312298375,-0.03578296217756671,31
KOSPI200,202312,FULL,pred_in,353200,0.37137137137137133,0.2860207388946629,0.26595591402939456,31
KOSPI200,202312,FULL,pred_in,267270,0.06621773288439958,-0.01913289959230885,-0.03919772445757719,31
KOSPI200,202312,FULL,pred_in,002780,0.0,-0.08535063247670843,-0.10541545734197677,31
KOSPI200,202312,FULL,pred_in,001470,-0.02145463843239348,-0.10680527090910191,-0.12687009577437025,31
KOSPI200,202312,FULL,pred_in,008040,0.05567685589519655,-0.02967377658151188,-0.04973860144678022,31
KOSPI200,202312,FULL,pred_in,091810,0.08635917566241402,0.0010085431857055904,-0.019056281679562748,31
KOSPI200,202312,FULL,pred_in,042700,0.12333965844402273,0.037989025967314294,0.017924201102045956,31
KOSPI200,202312,FULL,pred_in,006110,0.008326394671107407,-0.07702423780560103,-0.09708906267086936,31
KOSPI200,202312,FULL,pred_in,395400,0.06133333333333324,-0.024017299143375193,-0.04408212400864353,31
KOSPI200,202312,FULL,pred_in,018470,0.03740648379052369,-0.04794414868618474,-0.06800897355145308,31
KOSPI200,202312,FULL,pred_in,003620,0.12805028346068514,0.04269965098397671,0.022634826118708373,31
KOSPI200,202312,FULL,pred_in,006740,-0.5148724143137551,-0.6002230467904635,-0.6202878716557318,31
KOSPI200,202312,FULL,pred_in,248070,-0.08986928104575165,-0.17521991352246008,-0.19528473838772842,31
KOSPI200,202312,FULL,pred_in,007660,0.4014410459512334,0.316090413474525,0.29602558860925665,31
KOSPI200,202312,FULL,pred_in,005070,0.1262924667651404,0.040941834288431955,0.020877009423163617,31
KOSPI200,202312,FULL,pred_in,267260,0.044472681067344366,-0.040877951409364066,-0.060942776274632404,31
KOSPI200,202312,FULL,pred_in,006490,0.03755411255411256,-0.04779651992259587,-0.06786134478786421,31
KOSPI200,202312,FULL,pred_in,108320,0.2047026279391424,0.11935199546243397,0.09928717059716563,31
KOSPI200,202312,FULL,pred_in,298040,-0.10722100656455147,-0.1925716390412599,-0.21263646390652824,31
KOSPI200,202312,FULL,pred_in,307950,0.31034482758620685,0.22499419510949842,0.20492937024423008,31
KOSPI200,202312,FULL,pred_in,034230,-0.054982817869415834,-0.14033345034612427,-0.1603982752113926,31
KOSPI200,202312,FULL,pred_in,006040,0.045825983656719194,-0.03952464881998924,-0.05958947368525758,31
KOSPI200,202312,FULL,pred_in,011330,0.17941176470588238,0.09406113222917395,0.07399630736390561,31
KOSPI200,202312,FULL,act_in,145720,0.077328646748682,-0.008021985728026426,-0.028086810593294764,31
KOSPI200,202312,FULL,act_in,267260,0.044472681067344366,-0.040877951409364066,-0.060942776274632404,31
KOSPI200,202312,FULL,act_in,003620,0.12805028346068514,0.04269965098397671,0.022634826118708373,31
KOSPI200,202312,FULL,act_in,001430,0.2072072072072073,0.12185657473049888,0.10179174986523054,31
KOSPI200,202312,FULL,act_in,009970,0.02154626108998725,-0.06380437138672118,-0.08386919625198952,31
KOSPI200,202312,FULL,act_in,002710,0.06963249516441006,-0.015718137312298375,-0.03578296217756671,31
KOSPI200,202312,FULL,act_in,006110,0.008326394671107407,-0.07702423780560103,-0.09708906267086936,31
KOSPI200,202312,FULL,hit,002710,0.06963249516441006,-0.015718137312298375,-0.03578296217756671,31
KOSPI200,202312,FULL,hit,267260,0.044472681067344366,-0.040877951409364066,-0.060942776274632404,31
KOSPI200,202312,FULL,hit,006110,0.008326394671107407,-0.07702423780560103,-0.09708906267086936,31
KOSPI200,202312,FULL,hit,003620,0.12805028346068514,0.04269965098397671,0.022634826118708373,31
KOSPI200,202312,FULL,false_in,100090,0.14160948222083602,0.05625884974412759,0.036194024878859254,31
KOSPI200,202312,FULL,false_in,001570,0.27803203661327225,0.19268140413656382,0.17261657927129548,31
KOSPI200,202312,FULL,false_in,009410,-0.19945541184479243,-0.28480604432150086,-0.3048708691867692,31
KOSPI200,202312,FULL,false_in,011000,-0.026501766784452263,-0.1118523992611607,-0.13191722412642903,31
KOSPI200,202312,FULL,false_in,066970,0.44358578052550235,0.3582351480487939,0.3381703231835256,31
KOSPI200,202312,FULL,false_in,088980,0.038667656030999975,-0.04668297644570846,-0.0667478013109768,31
KOSPI200,202312,FULL,false_in,457190,0.45954962468723926,0.3741989922105308,0.3541341673452625,31
KOSPI200,202312,FULL,false_in,353200,0.37137137137137133,0.2860207388946629,0.26595591402939456,31
KOSPI200,202312,FULL,false_in,267270,0.06621773288439958,-0.01913289959230885,-0.03919772445757719,31
KOSPI200,202312,FULL,false_in,002780,0.0,-0.08535063247670843,-0.10541545734197677,31
KOSPI200,202312,FULL,false_in,001470,-0.02145463843239348,-0.10680527090910191,-0.12687009577437025,31
KOSPI200,202312,FULL,false_in,008040,0.05567685589519655,-0.02967377658151188,-0.04973860144678022,31
KOSPI200,202312,FULL,false_in,091810,0.08635917566241402,0.0010085431857055904,-0.019056281679562748,31
KOSPI200,202312,FULL,false_in,042700,0.12333965844402273,0.037989025967314294,0.017924201102045956,31
KOSPI200,202312,FULL,false_in,395400,0.06133333333333324,-0.024017299143375193,-0.04408212400864353,31
KOSPI200,202312,FULL,false_in,018470,0.03740648379052369,-0.04794414868618474,-0.06800897355145308,31
KOSPI200,202312,FULL,false_in,006740,-0.5148724143137551,-0.6002230467904635,-0.6202878716557318,31
KOSPI200,202312,FULL,false_in,248070,-0.08986928104575165,-0.17521991352246008,-0.19528473838772842,31
KOSPI200,202312,FULL,false_in,007660,0.4014410459512334,0.316090413474525,0.29602558860925665,31
KOSPI200,202312,FULL,false_in,005070,0.1262924667651404,0.040941834288431955,0.020877009423163617,31
KOSPI200,202312,FULL,false_in,006490,0.03755411255411256,-0.04779651992259587,-0.06786134478786421,31
KOSPI200,202312,FULL,false_in,108320,0.2047026279391424,0.11935199546243397,0.09928717059716563,31
KOSPI200,202312,FULL,false_in,298040,-0.10722100656455147,-0.1925716390412599,-0.21263646390652824,31
KOSPI200,202312,FULL,false_in,307950,0.31034482758620685,0.22499419510949842,0.20492937024423008,31
KOSPI200,202312,FULL,false_in,034230,-0.054982817869415834,-0.14033345034612427,-0.1603982752113926,31
KOSPI200,202312,FULL,false_in,006040,0.045825983656719194,-0.03952464881998924,-0.05958947368525758,31
KOSPI200,202312,FULL,false_in,011330,0.17941176470588238,0.09406113222917395,0.07399630736390561,31
KOSPI200,202312,FULL,miss_in,145720,0.077328646748682,-0.008021985728026426,-0.028086810593294764,31
KOSPI200,202312,FULL,miss_in,001430,0.2072072072072073,0.12185657473049888,0.10179174986523054,31
KOSPI200,202312,FULL,miss_in,009970,0.02154626108998725,-0.06380437138672118,-0.08386919625198952,31
KOSPI200,202312,FULL,pred_out,192080,0.0708801572753115,-0.014470475201396937,-0.034535300066665275,31
KOSPI200,202312,FULL,pred_out,001680,0.06068204613841521,-0.02466858633829322,-0.04473341120356156,31
KOSPI200,202312,FULL,pred_out,294870,0.2219409282700422,0.13659029579333376,0.11652547092806542,31
KOSPI200,202312,FULL,pred_out,381970,0.09969481180061046,0.014344179323902029,-0.005720645541366309,31
KOSPI200,202312,FULL,pred_out,071970,0.13524185587364257,0.04989122339693414,0.0298263985316658,31
KOSPI200,202312,FULL,pred_out,003240,0.042808219178082085,-0.04254241329862635,-0.06260723816389469,31
KOSPI200,202312,FULL,pred_out,005250,0.15840118430792005,0.07305055183121162,0.05298572696594328,31
KOSPI200,202312,FULL,pred_out,039130,0.17832957110609482,0.09297893862938639,0.07291411376411805,31
KOSPI200,202312,FULL,pred_out,003090,0.16362451108213816,0.07827387860542973,0.05820905374016139,31
KOSPI200,202312,FULL,pred_out,013890,-0.06577974870657799,-0.15113038118328642,-0.17119520604855476,31
KOSPI200,202312,FULL,pred_out,003850,0.2744874715261958,0.18913683904948736,0.16907201418421902,31
KOSPI200,202312,FULL,pred_out,004490,0.11776447105788423,0.0324138385811758,0.012349013715907464,31
KOSPI200,202312,FULL,pred_out,105630,-0.03982300884955747,-0.1251736413262659,-0.14523846619153424,31
KOSPI200,202312,FULL,pred_out,178920,0.1861804222648753,0.10082978978816687,0.08076496492289853,31
KOSPI200,202312,FULL,pred_out,006650,-0.0006349206349206549,-0.08598555311162909,-0.10605037797689743,31
KOSPI200,202312,FULL,pred_out,284740,0.07990314769975781,-0.005447484776950617,-0.025512309642218955,31
KOSPI200,202312,FULL,pred_out,000210,0.15884476534296033,0.0734941328662519,0.053429308000983555,31
KOSPI200,202312,FULL,pred_out,016380,0.16160220994475138,0.07625157746804295,0.056186752602774614,31
KOSPI200,202312,FULL,pred_out,004800,0.11348108292766246,0.028130450450954025,0.008065625585685687,31
KOSPI200,202312,FULL,pred_out,020000,0.024377318494965605,-0.06097331398174283,-0.08103813884701117,31
KOSPI200,202312,FULL,pred_out,008730,0.14768683274021344,0.062336200263505004,0.042271375398236666,31
KOSPI200,202312,FULL,pred_out,057050,0.03966346153846145,-0.04568717093824698,-0.06575199580351532,31
KOSPI200,202312,FULL,pred_out,019170,0.16984402079722694,0.0844933883205185,0.06442856345525017,31
KOSPI200,202312,FULL,act_out,003240,0.042808219178082085,-0.04254241329862635,-0.06260723816389469,31
KOSPI200,202312,FULL,act_out,020000,0.024377318494965605,-0.06097331398174283,-0.08103813884701117,31
KOSPI200,202312,FULL,act_out,013890,-0.06577974870657799,-0.15113038118328642,-0.17119520604855476,31
KOSPI200,202312,FULL,act_out,294870,0.2219409282700422,0.13659029579333376,0.11652547092806542,31
KOSPI200,202312,FULL,act_out,003850,0.2744874715261958,0.18913683904948736,0.16907201418421902,31
KOSPI200,202312,FULL,act_out,057050,0.03966346153846145,-0.04568717093824698,-0.06575199580351532,31
KOSPI200,202312,FULL,act_out,284740,0.07990314769975781,-0.005447484776950617,-0.025512309642218955,31
KOSPI200,202406,W1,pred_in,001570,-0.06994535519125689,-0.08077517320446748,-0.07141723118104693,14
KOSPI200,202406,W1,pred_in,009410,0.0,-0.010829818013210585,-0.001471875989790039,14
KOSPI200,202406,W1,pred_in,066970,-0.04677623261694053,-0.05760605063015111,-0.048248108606730566,14
KOSPI200,202406,W1,pred_in,088980,0.011897208121827374,0.0010673901086167888,0.010425332132037335,14
KOSPI200,202406,W1,pred_in,457190,-0.24016393442622952,-0.2509937524394401,-0.24163581041601956,14
KOSPI200,202406,W1,pred_in,267270,-0.027124773960216952,-0.037954591973427536,-0.02859664995000699,14
KOSPI200,202406,W1,pred_in,002780,-0.010526315789473717,-0.0213561338026843,-0.011998191779263756,14
KOSPI200,202406,W1,pred_in,001470,0.0025705954573358447,-0.00825922255587474,0.0010987194675458056,14
KOSPI200,202406,W1,pred_in,008040,0.07385229540918159,0.063022477395971,0.07238041941939155,14
KOSPI200,202406,W1,pred_in,091810,-0.08066258552394667,-0.09149240353715726,-0.08213446151373671,14
KOSPI200,202406,W1,pred_in,454910,-0.016483516483516536,-0.02731333449672712,-0.017955392473306575,14
KOSPI200,202406,W1,pred_in,042700,0.11052631578947358,0.099696497776263,0.10905443979968354,14
KOSPI200,202406,W1,pred_in,018470,0.026200873362445476,0.01537105534923489,0.024728997372655437,14
KOSPI200,202406,W1,pred_in,248070,-0.03809523809523807,-0.048925056108448654,-0.03956711408502811,14
KOSPI200,202406,W1,pred_in,018670,0.061996280223186595,0.05116646220997601,0.060524404233396556,14
KOSPI200,202406,W1,pred_in,007660,0.24505586805467172,0.23422605004146113,0.24358399206488168,14
KOSPI200,202406,W1,pred_in,005070,-0.1051600261267146,-0.11598984413992519,-0.10663190211650464,14
KOSPI200,202406,W1,pred_in,006490,-0.039565716671886464,-0.05039553468509705,-0.0410375926616765,14
KOSPI200,202406,W1,pred_in,108320,-0.05691056910569103,-0.06774038711890162,-0.05838244509548107,14
KOSPI200,202406,W1,pred_in,298040,0.35667752442996736,0.3458477064167568,0.3552056484401773,14
KOSPI200,202406,W1,pred_in,307950,0.009894459102902431,-0.0009353589103081542,0.008422583113112392,14
KOSPI200,202406,W1,pred_in,006040,-0.025275304592314862,-0.036105122605525446,-0.0267471805821049,14
KOSPI200,202406,W1,pred_in,011330,-0.02960526315789469,-0.040435081171105274,-0.03107713914768473,14
KOSPI200,202406,W1,act_in,003030,-0.049568965517241326,-0.06039878353045191,-0.051040841507031365,14
KOSPI200,202406,W1,act_in,454910,-0.016483516483516536,-0.02731333449672712,-0.017955392473306575,14
KOSPI200,202406,W1,act_in,066970,-0.04677623261694053,-0.05760605063015111,-0.048248108606730566,14
KOSPI200,202406,W1,act_in,042700,0.11052631578947358,0.099696497776263,0.10905443979968354,14
KOSPI200,202406,W1,act_in,457190,-0.24016393442622952,-0.2509937524394401,-0.24163581041601956,14
KOSPI200,202406,W1,act_in,005070,-0.1051600261267146,-0.11598984413992519,-0.10663190211650464,14
KOSPI200,202406,W1,hit,066970,-0.04677623261694053,-0.05760605063015111,-0.048248108606730566,14
KOSPI200,202406,W1,hit,454910,-0.016483516483516536,-0.02731333449672712,-0.017955392473306575,14
KOSPI200,202406,W1,hit,042700,0.11052631578947358,0.099696497776263,0.10905443979968354,14
KOSPI200,202406,W1,hit,457190,-0.24016393442622952,-0.2509937524394401,-0.24163581041601956,14
KOSPI200,202406,W1,hit,005070,-0.1051600261267146,-0.11598984413992519,-0.10663190211650464,14
KOSPI200,202406,W1,false_in,267270,-0.027124773960216952,-0.037954591973427536,-0.02859664995000699,14
KOSPI200,202406,W1,false_in,001570,-0.06994535519125689,-0.08077517320446748,-0.07141723118104693,14
KOSPI200,202406,W1,false_in,009410,0.0,-0.010829818013210585,-0.001471875989790039,14
KOSPI200,202406,W1,false_in,018470,0.026200873362445476,0.01537105534923489,0.024728997372655437,14
KOSPI200,202406,W1,false_in,002780,-0.010526315789473717,-0.0213561338026843,-0.011998191779263756,14
KOSPI200,202406,W1,false_in,001470,0.0025705954573358447,-0.00825922255587474,0.0010987194675458056,14
KOSPI200,202406,W1,false_in,008040,0.07385229540918159,0.063022477395971,0.07238041941939155,14
KOSPI200,202406,W1,false_in,091810,-0.08066258552394667,-0.09149240353715726,-0.08213446151373671,14
KOSPI200,202406,W1,false_in,248070,-0.03809523809523807,-0.048925056108448654,-0.03956711408502811,14
KOSPI200,202406,W1,false_in,006490,-0.039565716671886464,-0.05039553468509705,-0.0410375926616765,14
KOSPI200,202406,W1,false_in,108320,-0.05691056910569103,-0.06774038711890162,-0.05838244509548107,14
KOSPI200,202406,W1,false_in,018670,0.061996280223186595,0.05116646220997601,0.060524404233396556,14
KOSPI200,202406,W1,false_in,088980,0.011897208121827374,0.0010673901086167888,0.010425332132037335,14
KOSPI200,202406,W1,false_in,298040,0.35667752442996736,0.3458477064167568,0.3552056484401773,14
KOSPI200,202406,W1,false_in,307950,0.009894459102902431,-0.0009353589103081542,0.008422583113112392,14
KOSPI200,202406,W1,false_in,007660,0.24505586805467172,0.23422605004146113,0.24358399206488168,14
KOSPI200,202406,W1,false_in,006040,-0.025275304592314862,-0.036105122605525446,-0.0267471805821049,14
KOSPI200,202406,W1,false_in,011330,-0.02960526315789469,-0.040435081171105274,-0.03107713914768473,14
KOSPI200,202406,W1,miss_in,003030,-0.049568965517241326,-0.06039878353045191,-0.051040841507031365,14
KOSPI200,202406,W1,pred_out,192080,0.017084282460136713,0.0062544644469261276,0.015612406470346674,14
KOSPI200,202406,W1,pred_out,010780,-0.04672897196261683,-0.05755878997582741,-0.04820084795240687,14
KOSPI200,202406,W1,pred_out,001680,0.09589041095890405,0.08506059294569346,0.09441853496911401,14
KOSPI200,202406,W1,pred_out,071970,-0.005607476635513975,-0.01643729464872456,-0.007079352625304014,14
KOSPI200,202406,W1,pred_out,069260,-0.017215189873417747,-0.02804500788662833,-0.018687065863207786,14
KOSPI200,202406,W1,pred_out,450080,-0.27439024390243905,-0.28522006191564964,-0.2758621198922291,14
KOSPI200,202406,W1,pred_out,003240,-0.003039513677811523,-0.013869331691022108,-0.004511389667601562,14
KOSPI200,202406,W1,pred_out,005250,-0.08050314465408803,-0.09133296266729862,-0.08197502064387807,14
KOSPI200,202406,W1,pred_out,000670,-0.05324542278494315,-0.06407524079815374,-0.05471729877473319,14
KOSPI200,202406,W1,pred_out,271940,0.0957446808510638,0.08491486283785321,0.09427280486127376,14
KOSPI200,202406,W1,pred_out,105630,-0.05841121495327106,-0.06924103296648165,-0.0598830909430611,14
KOSPI200,202406,W1,pred_out,178920,0.2158273381294964,0.2049975201162858,0.21435546213970635,14
KOSPI200,202406,W1,pred_out,016380,-0.03607503607503604,-0.04690485408824662,-0.03754691206482608,14
KOSPI200,202406,W1,pred_out,004800,0.014993509303331987,0.0041636912901214015,0.013521633313541948,14
KOSPI200,202406,W1,pred_out,008730,-0.08520179372197312,-0.09603161173518371,-0.08667366971176316,14
KOSPI200,202406,W1,pred_out,001430,0.08899297423887598,0.07816315622566539,0.08752109824908594,14
KOSPI200,202406,W1,pred_out,032350,-0.02450980392156865,-0.035339621934779235,-0.02598167991135869,14
KOSPI200,202406,W1,pred_out,114090,-0.03980099502487566,-0.050630813038086246,-0.0412728710146657,14
KOSPI200,202406,W1,pred_out,019170,-0.09903713892709765,-0.10986695694030824,-0.10050901491688768,14
KOSPI200,202406,W1,act_out,010780,-0.04672897196261683,-0.05755878997582741,-0.04820084795240687,14
KOSPI200,202406,W1,act_out,020560,-0.03321364452423703,-0.04404346253744761,-0.03468552051402707,14
KOSPI200,202406,W1,act_out,000990,0.0011723329425556983,-0.009657485070654887,-0.0002995430472343408,14
KOSPI200,202406,W1,act_out,020150,0.01106194690265494,0.00023212888944435482,0.009590070912864901,14
KOSPI200,202406,W1,act_out,019170,-0.09903713892709765,-0.10986695694030824,-0.10050901491688768,14
KOSPI200,202406,W2,pred_in,001570,0.04493087557603692,0.037845753503583046,0.0332158123550923,12
KOSPI200,202406,W2,pred_in,009410,0.0,-0.007085122072453873,-0.011715063220944621,12
KOSPI200,202406,W2,pred_in,066970,0.07856693903205536,0.07148181695960149,0.06685187581111074,12
KOSPI200,202406,W2,pred_in,088980,-0.003956322202880225,-0.011041444275334097,-0.015671385423824846,12
KOSPI200,202406,W2,pred_in,457190,0.2197686645636172,0.21268354249116334,0.2080536013426726,12
KOSPI200,202406,W2,pred_in,267270,-0.05695142378559459,-0.06403654585804847,-0.06866648700653921,12
KOSPI200,202406,W2,pred_in,002780,-0.026795284030010746,-0.03388040610246462,-0.03851034725095537,12
KOSPI200,202406,W2,pred_in,001470,-0.05620228678019967,-0.06328740885265355,-0.0679173500011443,12
KOSPI200,202406,W2,pred_in,008040,-0.011342155009451793,-0.018427277081905665,-0.023057218230396415,12
KOSPI200,202406,W2,pred_in,091810,0.04988399071925764,0.04279886864680377,0.03816892749831302,12
KOSPI200,202406,W2,pred_in,454910,0.1517615176151761,0.1446763955427222,0.14004645439423147,12
KOSPI200,202406,W2,pred_in,042700,0.24178712220762155,0.23470200013516768,0.23007205898667693,12
KOSPI200,202406,W2,pred_in,018470,-0.09677419354838712,-0.103859315620841,-0.10848925676933174,12
KOSPI200,202406,W2,pred_in,248070,-0.10040160642570284,-0.10748672849815671,-0.11211666964664746,12
KOSPI200,202406,W2,pred_in,018670,0.044653349001175124,0.03756822692872125,0.0329382857802305,12
KOSPI200,202406,W2,pred_in,007660,0.007936346016525597,0.0008512239440717244,-0.0037787172044190243,12
KOSPI200,202406,W2,pred_in,005070,0.1662303664921465,0.15914524441969263,0.1545153032712019,12
KOSPI200,202406,W2,pred_in,006490,-0.07143636165339728,-0.07852148372585116,-0.0831514248743419,12
KOSPI200,202406,W2,pred_in,108320,0.004335260115607031,-0.0027498619568468415,-0.00737980310533759,12
KOSPI200,202406,W2,pred_in,298040,-0.14918414918414924,-0.15626927125660312,-0.16089921240509386,12
KOSPI200,202406,W2,pred_in,307950,0.0013114754098360049,-0.005773646662617868,-0.010403587811108617,12
KOSPI200,202406,W2,pred_in,006040,-0.05199338047239355,-0.05907850254484742,-0.06370844369333817,12
KOSPI200,202406,W2,pred_in,011330,0.12043378995433796,0.11334866788188408,0.10871872673339333,12
KOSPI200,202406,W2,act_in,003030,-0.1004464285714286,-0.10753155064388248,-0.11216149179237322,12
KOSPI200,202406,W2,act_in,454910,0.1517615176151761,0.1446763955427222,0.14004645439423147,12
KOSPI200,202406,W2,act_in,066970,0.07856693903205536,0.07148181695960149,0.06685187581111074,12
KOSPI200,202406,W2,act_in,042700,0.24178712220762155,0.23470200013516768,0.23007205898667693,12
KOSPI200,202406,W2,act_in,457190,0.2197686645636172,0.21268354249116334,0.2080536013426726,12
KOSPI200,202406,W2,act_in,005070,0.1662303664921465,0.15914524441969263,0.1545153032712019,12
KOSPI200,202406,W2,hit,066970,0.07856693903205536,0.07148181695960149,0.06685187581111074,12
KOSPI200,202406,W2,hit,454910,0.1517615176151761,0.1446763955427222,0.14004645439423147,12
KOSPI200,202406,W2,hit,042700,0.24178712220762155,0.23470200013516768,0.23007205898667693,12
KOSPI200,202406,W2,hit,457190,0.2197686645636172,0.21268354249116334,0.2080536013426726,12
KOSPI200,202406,W2,hit,005070,0.1662303664921465,0.15914524441969263,0.1545153032712019,12
KOSPI200,202406,W2,false_in,267270,-0.05695142378559459,-0.06403654585804847,-0.06866648700653921,12
KOSPI200,202406,W2,false_in,001570,0.04493087557603692,0.037845753503583046,0.0332158123550923,12
KOSPI200,202406,W2,false_in,009410,0.0,-0.007085122072453873,-0.011715063220944621,12
KOSPI200,202406,W2,false_in,018470,-0.09677419354838712,-0.103859315620841,-0.10848925676933174,12
KOSPI200,202406,W2,false_in,002780,-0.026795284030010746,-0.03388040610246462,-0.03851034725095537,12
KOSPI200,202406,W2,false_in,001470,-0.05620228678019967,-0.06328740885265355,-0.0679173500011443,12
KOSPI200,202406,W2,false_in,008040,-0.011342155009451793,-0.018427277081905665,-0.023057218230396415,12
KOSPI200,202406,W2,false_in,091810,0.04988399071925764,0.04279886864680377,0.03816892749831302,12
KOSPI200,202406,W2,false_in,248070,-0.10040160642570284,-0.10748672849815671,-0.11211666964664746,12
KOSPI200,202406,W2,false_in,006490,-0.07143636165339728,-0.07852148372585116,-0.0831514248743419,12
KOSPI200,202406,W2,false_in,108320,0.004335260115607031,-0.0027498619568468415,-0.00737980310533759,12
KOSPI200,202406,W2,false_in,018670,0.044653349001175124,0.03756822692872125,0.0329382857802305,12
KOSPI200,202406,W2,false_in,088980,-0.003956322202880225,-0.011041444275334097,-0.015671385423824846,12
KOSPI200,202406,W2,false_in,298040,-0.14918414918414924,-0.15626927125660312,-0.16089921240509386,12
KOSPI200,202406,W2,false_in,307950,0.0013114754098360049,-0.005773646662617868,-0.010403587811108617,12
KOSPI200,202406,W2,false_in,007660,0.007936346016525597,0.0008512239440717244,-0.0037787172044190243,12
KOSPI200,202406,W2,false_in,006040,-0.05199338047239355,-0.05907850254484742,-0.06370844369333817,12
KOSPI200,202406,W2,false_in,011330,0.12043378995433796,0.11334866788188408,0.10871872673339333,12
KOSPI200,202406,W2,miss_in,003030,-0.1004464285714286,-0.10753155064388248,-0.11216149179237322,12
KOSPI200,202406,W2,pred_out,192080,-0.023569023569023573,-0.030654145641477445,-0.035284086789968194,12
KOSPI200,202406,W2,pred_out,010780,-0.03125,-0.038335122072453875,-0.04296506322094462,12
KOSPI200,202406,W2,pred_out,001680,0.20711297071129708,0.2000278486388432,0.19539790749035246,12
KOSPI200,202406,W2,pred_out,071970,-0.00941028858218318,-0.01649541065463705,-0.0211253518031278,12
KOSPI200,202406,W2,pred_out,069260,0.039094650205761416,0.03200952813330754,0.027379586984816795,12
KOSPI200,202406,W2,pred_out,450080,0.5742924528301887,0.5672073307577349,0.5625773896092441,12
KOSPI200,202406,W2,pred_out,003240,-0.013761467889908285,-0.020846589962362157,-0.025476531110852907,12
KOSPI200,202406,W2,pred_out,005250,0.03650137741046833,0.029416255338014455,0.024786314189523706,12
KOSPI200,202406,W2,pred_out,000670,-0.04184807516040334,-0.04893319723285722,-0.05356313838134796,12
KOSPI200,202406,W2,pred_out,271940,-0.1123188405797102,-0.11940396265216408,-0.12403390380065482,12
KOSPI200,202406,W2,pred_out,105630,0.029629629629629672,0.0225445075571758,0.01791456640868505,12
KOSPI200,202406,W2,pred_out,178920,0.0057581573896352545,-0.0013269646828186184,-0.005956905831309367,12
KOSPI200,202406,W2,pred_out,016380,-0.011869436201780381,-0.018954558274234253,-0.023584499422725003,12
KOSPI200,202406,W2,pred_out,004800,-0.14877613936039813,-0.155861261432852,-0.16049120258134275,12
KOSPI200,202406,W2,pred_out,008730,0.26283048211508553,0.25574536004263165,0.2511154188941409,12
KOSPI200,202406,W2,pred_out,001430,-0.10425531914893615,-0.11134044122139003,-0.11597038236988078,12
KOSPI200,202406,W2,pred_out,032350,0.011916583912611634,0.004831461840157761,0.00020152069166701203,12
KOSPI200,202406,W2,pred_out,114090,-0.012546125461254665,-0.019631247533708537,-0.024261188682199286,12
KOSPI200,202406,W2,pred_out,019170,-0.06912804399057348,-0.07621316606302736,-0.0808431072115181,12
KOSPI200,202406,W2,act_out,010780,-0.03125,-0.038335122072453875,-0.04296506322094462,12
KOSPI200,202406,W2,act_out,020560,-0.015887850467289688,-0.02297297253974356,-0.02760291368823431,12
KOSPI200,202406,W2,act_out,000990,-0.013365735115431376,-0.02045085718788525,-0.025080798336375998,12
KOSPI200,202406,W2,act_out,020150,0.19565217391304346,0.18856705184058958,0.18393711069209884,12
KOSPI200,202406,W2,act_out,019170,-0.06912804399057348,-0.07621316606302736,-0.0808431072115181,12
KOSPI200,202406,W3,pred_in,001570,-0.08710033076074974,-0.08317969671208278,-0.13663406894993335,20
KOSPI200,202406,W3,pred_in,009410,0.0,0.00392063404866696,-0.04953373818918361,20
KOSPI200,202406,W3,pred_in,066970,-0.1923076923076923,-0.18838705825902533,-0.2418414304968759,20
KOSPI200,202406,W3,pred_in,088980,-0.04202414998411186,-0.0381035159354449,-0.09155788817329547,20
KOSPI200,202406,W3,pred_in,457190,-0.2353448275862069,-0.23142419353753993,-0.2848785657753905,20
KOSPI200,202406,W3,pred_in,267270,-0.06571936056838368,-0.06179872651971672,-0.11525309875756728,20
KOSPI200,202406,W3,pred_in,002780,0.005506607929515406,0.009427241978182366,-0.0440271302596682,20
KOSPI200,202406,W3,pred_in,001470,-0.11602371715101378,-0.11210308310234682,-0.1655574553401974,20
KOSPI200,202406,W3,pred_in,008040,0.042065009560229516,0.045985643608896475,-0.007468728628954091,20
KOSPI200,202406,W3,pred_in,091810,-0.054511970534069976,-0.05059133648540302,-0.10404570872325358,20
KOSPI200,202406,W3,pred_in,454910,0.003529411764705781,0.007450045813372741,-0.046004326424477826,20
KOSPI200,202406,W3,pred_in,042700,-0.14814814814814814,-0.14422751409948117,-0.19768188633733175,20
KOSPI200,202406,W3,pred_in,018470,-0.033333333333333326,-0.029412699284666367,-0.08286707152251693,20
KOSPI200,202406,W3,pred_in,248070,-0.10848214285714286,-0.1045615088084759,-0.15801588104632647,20
KOSPI200,202406,W3,pred_in,018670,-0.01687289088863897,-0.01295225683997201,-0.06640662907782258,20
KOSPI200,202406,W3,pred_in,007660,0.11219739292364994,0.1161180269723169,0.06266365473446633,20
KOSPI200,202406,W3,pred_in,005070,-0.19191919191919193,-0.18799855787052497,-0.24145293010837554,20
KOSPI200,202406,W3,pred_in,006490,-0.14810899694620627,-0.1441883628975393,-0.19764273513538988,20
KOSPI200,202406,W3,pred_in,108320,0.19280575539568345,0.19672638944435042,0.14327201720649985,20
KOSPI200,202406,W3,pred_in,298040,0.050684931506849384,0.05460556555551634,0.0011511933176657774,20
KOSPI200,202406,W3,pred_in,307950,0.14603798297314996,0.14995861702181693,0.09650424478396635,20
KOSPI200,202406,W3,pred_in,006040,-0.023074237471038206,-0.019153603422371247,-0.07260797566022181,20
KOSPI200,202406,W3,pred_in,011330,-0.15843097300050946,-0.1545103389518425,-0.20796471118969306,20
KOSPI200,202406,W3,act_in,003030,-0.06203473945409432,-0.058114105405427365,-0.11156847764327793,20
KOSPI200,202406,W3,act_in,454910,0.003529411764705781,0.007450045813372741,-0.046004326424477826,20
KOSPI200,202406,W3,act_in,066970,-0.1923076923076923,-0.18838705825902533,-0.2418414304968759,20
KOSPI200,202406,W3,act_in,042700,-0.14814814814814814,-0.14422751409948117,-0.19768188633733175,20
KOSPI200,202406,W3,act_in,457190,-0.2353448275862069,-0.23142419353753993,-0.2848785657753905,20
KOSPI200,202406,W3,act_in,005070,-0.19191919191919193,-0.18799855787052497,-0.24145293010837554,20
KOSPI200,202406,W3,hit,066970,-0.1923076923076923,-0.18838705825902533,-0.2418414304968759,20
KOSPI200,202406,W3,hit,454910,0.003529411764705781,0.007450045813372741,-0.046004326424477826,20
KOSPI200,202406,W3,hit,042700,-0.14814814814814814,-0.14422751409948117,-0.19768188633733175,20
KOSPI200,202406,W3,hit,457190,-0.2353448275862069,-0.23142419353753993,-0.2848785657753905,20
KOSPI200,202406,W3,hit,005070,-0.19191919191919193,-0.18799855787052497,-0.24145293010837554,20
KOSPI200,202406,W3,false_in,267270,-0.06571936056838368,-0.06179872651971672,-0.11525309875756728,20
KOSPI200,202406,W3,false_in,001570,-0.08710033076074974,-0.08317969671208278,-0.13663406894993335,20
KOSPI200,202406,W3,false_in,009410,0.0,0.00392063404866696,-0.04953373818918361,20
KOSPI200,202406,W3,false_in,018470,-0.033333333333333326,-0.029412699284666367,-0.08286707152251693,20
KOSPI200,202406,W3,false_in,002780,0.005506607929515406,0.009427241978182366,-0.0440271302596682,20
KOSPI200,202406,W3,false_in,001470,-0.11602371715101378,-0.11210308310234682,-0.1655574553401974,20
KOSPI200,202406,W3,false_in,008040,0.042065009560229516,0.045985643608896475,-0.007468728628954091,20
KOSPI200,202406,W3,false_in,091810,-0.054511970534069976,-0.05059133648540302,-0.10404570872325358,20
KOSPI200,202406,W3,false_in,248070,-0.10848214285714286,-0.1045615088084759,-0.15801588104632647,20
KOSPI200,202406,W3,false_in,006490,-0.14810899694620627,-0.1441883628975393,-0.19764273513538988,20
KOSPI200,202406,W3,false_in,108320,0.19280575539568345,0.19672638944435042,0.14327201720649985,20
KOSPI200,202406,W3,false_in,018670,-0.01687289088863897,-0.01295225683997201,-0.06640662907782258,20
KOSPI200,202406,W3,false_in,088980,-0.04202414998411186,-0.0381035159354449,-0.09155788817329547,20
KOSPI200,202406,W3,false_in,298040,0.050684931506849384,0.05460556555551634,0.0011511933176657774,20
KOSPI200,202406,W3,false_in,307950,0.14603798297314996,0.14995861702181693,0.09650424478396635,20
KOSPI200,202406,W3,false_in,007660,0.11219739292364994,0.1161180269723169,0.06266365473446633,20
KOSPI200,202406,W3,false_in,006040,-0.023074237471038206,-0.019153603422371247,-0.07260797566022181,20
KOSPI200,202406,W3,false_in,011330,-0.15843097300050946,-0.1545103389518425,-0.20796471118969306,20
KOSPI200,202406,W3,miss_in,003030,-0.06203473945409432,-0.058114105405427365,-0.11156847764327793,20
KOSPI200,202406,W3,pred_out,192080,0.06436781609195408,0.06828845014062104,0.01483407790277047,20
KOSPI200,202406,W3,pred_out,010780,-0.028225806451612878,-0.02430517240294592,-0.07775954464079649,20
KOSPI200,202406,W3,pred_out,001680,-0.09532062391681106,-0.0913999898681441,-0.14485436210599467,20
KOSPI200,202406,W3,pred_out,071970,0.1640278657378087,0.16794849978647566,0.11449412754862509,20
KOSPI200,202406,W3,pred_out,069260,-0.040099009900990135,-0.036178375852323176,-0.08963274809017374,20
KOSPI200,202406,W3,pred_out,450080,-0.199250936329588,-0.19533030228092105,-0.24878467451877162,20
KOSPI200,202406,W3,pred_out,003240,0.0031007751937983663,0.007021409242465327,-0.04643296299538524,20
KOSPI200,202406,W3,pred_out,005250,0.0006644518272425071,0.004585085875909467,-0.0488692863619411,20
KOSPI200,202406,W3,pred_out,000670,-0.028160593106334675,-0.024239959057667716,-0.07769433129551828,20
KOSPI200,202406,W3,pred_out,271940,-0.0897959183673469,-0.08587528431867994,-0.1393296565565305,20
KOSPI200,202406,W3,pred_out,105630,-0.00959232613908878,-0.00567169209042182,-0.05912606432827239,20
KOSPI200,202406,W3,pred_out,178920,0.16030534351145032,0.16422597756011728,0.11077160532226671,20
KOSPI200,202406,W3,pred_out,016380,-0.033033033033033066,-0.029112398984366107,-0.08256677122221667,20
KOSPI200,202406,W3,pred_out,004800,-0.008399694556561532,-0.004479060507894572,-0.05793343274574514,20
KOSPI200,202406,W3,pred_out,008730,-0.09482758620689657,-0.09090695215822961,-0.14436132439608018,20
KOSPI200,202406,W3,pred_out,001430,-0.038004750593824244,-0.034084116545157285,-0.08753848878300785,20
KOSPI200,202406,W3,pred_out,032350,-0.026496565260058835,-0.022575931211391877,-0.07603030344924244,20
KOSPI200,202406,W3,pred_out,114090,-0.08071748878923768,-0.07679685474057071,-0.1302512269784213,20
KOSPI200,202406,W3,pred_out,019170,0.0075949367088608,0.01151557075752776,-0.04193880148032281,20
KOSPI200,202406,W3,act_out,010780,-0.028225806451612878,-0.02430517240294592,-0.07775954464079649,20
KOSPI200,202406,W3,act_out,020560,-0.017094017094017144,-0.013173383045350184,-0.06662775528320075,20
KOSPI200,202406,W3,act_out,000990,0.24876847290640391,0.25268910695507085,0.1992347347172203,20
KOSPI200,202406,W3,act_out,020150,-0.13363636363636366,-0.1297157295876967,-0.18317010182554727,20
KOSPI200,202406,W3,act_out,019170,0.0075949367088608,0.01151557075752776,-0.04193880148032281,20
KOSPI200,202406,FULL,pred_in,001570,-0.008743169398907069,-0.03497851545722711,-0.03528910497172766,27
KOSPI200,202406,FULL,pred_in,009410,0.0,-0.026235346058320043,-0.02654593557282059,27
KOSPI200,202406,FULL,pred_in,066970,0.08470290771175737,0.058467561653437326,0.05815697213893678,27
KOSPI200,202406,FULL,pred_in,088980,-0.0015862944162436943,-0.027821640474563737,-0.028132229989064284,27
KOSPI200,202406,FULL,pred_in,457190,-0.049180327868852514,-0.07541567392717255,-0.0757262634416731,27
KOSPI200,202406,FULL,pred_in,267270,0.018083182640144635,-0.008152163418175408,-0.008462752932675954,27
KOSPI200,202406,FULL,pred_in,002780,-0.04421052631578948,-0.07044587237410951,-0.07075646188861007,27
KOSPI200,202406,FULL,pred_in,001470,0.04826580724370788,0.022030461185387838,0.021719871670887292,27
KOSPI200,202406,FULL,pred_in,008040,0.043912175648702645,0.017676829590382602,0.017366240075882056,27
KOSPI200,202406,FULL,pred_in,091810,-0.022326251350378135,-0.04856159740869818,-0.048872186923198724,27
KOSPI200,202406,FULL,pred_in,454910,0.16758241758241765,0.14134707152409762,0.14103648200959706,27
KOSPI200,202406,FULL,pred_in,042700,0.42105263157894735,0.3948172855206273,0.39450669600612676,27
KOSPI200,202406,FULL,pred_in,018470,-0.08296943231441045,-0.10920477837273049,-0.10951536788723104,27
KOSPI200,202406,FULL,pred_in,248070,-0.1466666666666666,-0.17290201272498665,-0.1732126022394872,27
KOSPI200,202406,FULL,pred_in,018670,0.10229386236825788,0.07605851630993785,0.07574792679543729,27
KOSPI200,202406,FULL,pred_in,007660,0.25745119499096436,0.23121584893264432,0.23090525941814377,27
KOSPI200,202406,FULL,pred_in,005070,0.16394513389941223,0.1377097878410922,0.13739919832659164,27
KOSPI200,202406,FULL,pred_in,006490,-0.1111807077983088,-0.13741605385662883,-0.1377266433711294,27
KOSPI200,202406,FULL,pred_in,108320,-0.0582655826558266,-0.08450092871414663,-0.08481151822864719,27
KOSPI200,202406,FULL,pred_in,298040,0.18892508143322484,0.1626897353749048,0.16237914586040425,27
KOSPI200,202406,FULL,pred_in,307950,0.0072559366754616494,-0.018979409382858393,-0.01928999889735894,27
KOSPI200,202406,FULL,pred_in,006040,-0.07723172446110593,-0.10346707051942597,-0.10377766003392652,27
KOSPI200,202406,FULL,pred_in,011330,0.07620614035087714,0.049970794292557096,0.04966020477805655,27
KOSPI200,202406,FULL,act_in,003030,-0.13146551724137934,-0.15770086329969937,-0.15801145281419993,27
KOSPI200,202406,FULL,act_in,454910,0.16758241758241765,0.14134707152409762,0.14103648200959706,27
KOSPI200,202406,FULL,act_in,066970,0.08470290771175737,0.058467561653437326,0.05815697213893678,27
KOSPI200,202406,FULL,act_in,042700,0.42105263157894735,0.3948172855206273,0.39450669600612676,27
KOSPI200,202406,FULL,act_in,457190,-0.049180327868852514,-0.07541567392717255,-0.0757262634416731,27
KOSPI200,202406,FULL,act_in,005070,0.16394513389941223,0.1377097878410922,0.13739919832659164,27
KOSPI200,202406,FULL,hit,066970,0.08470290771175737,0.058467561653437326,0.05815697213893678,27
KOSPI200,202406,FULL,hit,454910,0.16758241758241765,0.14134707152409762,0.14103648200959706,27
KOSPI200,202406,FULL,hit,042700,0.42105263157894735,0.3948172855206273,0.39450669600612676,27
KOSPI200,202406,FULL,hit,457190,-0.049180327868852514,-0.07541567392717255,-0.0757262634416731,27
KOSPI200,202406,FULL,hit,005070,0.16394513389941223,0.1377097878410922,0.13739919832659164,27
KOSPI200,202406,FULL,false_in,267270,0.018083182640144635,-0.008152163418175408,-0.008462752932675954,27
KOSPI200,202406,FULL,false_in,001570,-0.008743169398907069,-0.03497851545722711,-0.03528910497172766,27
KOSPI200,202406,FULL,false_in,009410,0.0,-0.026235346058320043,-0.02654593557282059,27
KOSPI200,202406,FULL,false_in,018470,-0.08296943231441045,-0.10920477837273049,-0.10951536788723104,27
KOSPI200,202406,FULL,false_in,002780,-0.04421052631578948,-0.07044587237410951,-0.07075646188861007,27
KOSPI200,202406,FULL,false_in,001470,0.04826580724370788,0.022030461185387838,0.021719871670887292,27
KOSPI200,202406,FULL,false_in,008040,0.043912175648702645,0.017676829590382602,0.017366240075882056,27
KOSPI200,202406,FULL,false_in,091810,-0.022326251350378135,-0.04856159740869818,-0.048872186923198724,27
KOSPI200,202406,FULL,false_in,248070,-0.1466666666666666,-0.17290201272498665,-0.1732126022394872,27
KOSPI200,202406,FULL,false_in,006490,-0.1111807077983088,-0.13741605385662883,-0.1377266433711294,27
KOSPI200,202406,FULL,false_in,108320,-0.0582655826558266,-0.08450092871414663,-0.08481151822864719,27
KOSPI200,202406,FULL,false_in,018670,0.10229386236825788,0.07605851630993785,0.07574792679543729,27
KOSPI200,202406,FULL,false_in,088980,-0.0015862944162436943,-0.027821640474563737,-0.028132229989064284,27
KOSPI200,202406,FULL,false_in,298040,0.18892508143322484,0.1626897353749048,0.16237914586040425,27
KOSPI200,202406,FULL,false_in,307950,0.0072559366754616494,-0.018979409382858393,-0.01928999889735894,27
KOSPI200,202406,FULL,false_in,007660,0.25745119499096436,0.23121584893264432,0.23090525941814377,27
KOSPI200,202406,FULL,false_in,006040,-0.07723172446110593,-0.10346707051942597,-0.10377766003392652,27
KOSPI200,202406,FULL,false_in,011330,0.07620614035087714,0.049970794292557096,0.04966020477805655,27
KOSPI200,202406,FULL,miss_in,003030,-0.13146551724137934,-0.15770086329969937,-0.15801145281419993,27
KOSPI200,202406,FULL,pred_out,192080,-0.009111617312072884,-0.03534696337039293,-0.03565755288489347,27
KOSPI200,202406,FULL,pred_out,010780,-0.07289719626168223,-0.09913254232000226,-0.09944313183450282,27
KOSPI200,202406,FULL,pred_out,001680,0.317351598173516,0.29111625211519593,0.2908056626006954,27
KOSPI200,202406,FULL,pred_out,071970,-0.016199376947040545,-0.04243472300536059,-0.042745312519861134,27
KOSPI200,202406,FULL,pred_out,069260,0.022784810126582178,-0.003450535931737865,-0.0037611254462384114,27
KOSPI200,202406,FULL,pred_out,450080,0.16289198606271782,0.13665664000439778,0.13634605048989723,27
KOSPI200,202406,FULL,pred_out,003240,-0.019756838905775065,-0.04599218496409511,-0.046302774478595654,27
KOSPI200,202406,FULL,pred_out,005250,-0.053459119496855334,-0.07969446555517537,-0.08000505506967592,27
KOSPI200,202406,FULL,pred_out,000670,-0.12130604954162183,-0.14754139559994187,-0.14785198511444242,27
KOSPI200,202406,FULL,pred_out,271940,0.042553191489361764,0.01631784543104172,0.016007255916541174,27
KOSPI200,202406,FULL,pred_out,105630,-0.025700934579439227,-0.05193628063775927,-0.05224687015225982,27
KOSPI200,202406,FULL,pred_out,178920,0.25659472422062346,0.23035937816230342,0.23004878864780287,27
KOSPI200,202406,FULL,pred_out,016380,-0.038961038961038974,-0.06519638501935901,-0.06550697453385956,27
KOSPI200,202406,FULL,pred_out,004800,-0.008329727390739894,-0.03456507344905994,-0.03487566296356048,27
KOSPI200,202406,FULL,pred_out,008730,0.21375186846038874,0.1875165224020687,0.18720593288756815,27
KOSPI200,202406,FULL,pred_out,001430,-0.014051522248243575,-0.04028686830656362,-0.040597457821064165,27
KOSPI200,202406,FULL,pred_out,032350,-0.0009803921568627416,-0.027215738215182785,-0.02752632772968333,27
KOSPI200,202406,FULL,pred_out,114090,-0.049040511727078906,-0.07527585778539894,-0.0755864472998995,27
KOSPI200,202406,FULL,pred_out,019170,-0.18500687757909218,-0.2112422236374122,-0.21155281315191277,27
KOSPI200,202406,FULL,act_out,010780,-0.07289719626168223,-0.09913254232000226,-0.09944313183450282,27
KOSPI200,202406,FULL,act_out,020560,-0.05475763016157986,-0.0809929762198999,-0.08130356573440045,27
KOSPI200,202406,FULL,act_out,000990,-0.048065650644783076,-0.07430099670310311,-0.07461158621760366,27
KOSPI200,202406,FULL,act_out,020150,0.2168141592920354,0.19057881323371537,0.1902682237192148,27
KOSPI200,202406,FULL,act_out,019170,-0.18500687757909218,-0.2112422236374122,-0.21155281315191277,27
KOSPI200,202412,W1,pred_in,001570,-0.3618721461187214,-0.3217206418929699,-0.3375915564304003,14
KOSPI200,202412,W1,pred_in,009410,-0.2256756756756757,-0.18552417144992417,-0.20139508598735456,14
KOSPI200,202412,W1,pred_in,088980,-0.0412457912457912,-0.0010942870200396776,-0.016965201557470055,14
KOSPI200,202412,W1,pred_in,294870,-0.0662285136501517,-0.02607700942440018,-0.04194792396183056,14
KOSPI200,202412,W1,pred_in,000990,-0.09798657718120807,-0.05783507295545655,-0.07370598749288693,14
KOSPI200,202412,W1,pred_in,267270,0.17221135029354206,0.2123628545192936,0.1964919399818632,14
KOSPI200,202412,W1,pred_in,001470,1.5737171765839557,1.6138686808097071,1.5979977662722769,14
KOSPI200,202412,W1,pred_in,008040,-0.024366471734892814,0.015785032490858705,-8.588204657167253e-05,14
KOSPI200,202412,W1,pred_in,091810,-0.09457671957671954,-0.05442521535096802,-0.0702961298883984,14
KOSPI200,202412,W1,pred_in,020150,-0.2589531680440771,-0.21880166381832555,-0.23467257835575595,14
KOSPI200,202412,W1,pred_in,278470,0.06047516198704095,0.10062666621279247,0.08475575167536209,14
KOSPI200,202412,W1,pred_in,012510,0.10175438596491237,0.1419058901906639,0.12603497565323352,14
KOSPI200,202412,W1,pred_in,395400,0.030270270270270183,0.0704217744960217,0.054550859958591325,14
KOSPI200,202412,W1,pred_in,020560,0.05572441742654499,0.09587592165229651,0.08000500711486613,14
KOSPI200,202412,W1,pred_in,018670,-0.013554216867469826,0.026597287358281693,0.010726372820851315,14
KOSPI200,202412,W1,pred_in,007660,-0.3514307538633292,-0.3112792496375777,-0.3271501641750081,14
KOSPI200,202412,W1,pred_in,006490,-0.1575747480636296,-0.11742324383787807,-0.13329415837530845,14
KOSPI200,202412,W1,pred_in,298040,0.049101796407185594,0.08925330063293711,0.07338238609550674,14
KOSPI200,202412,W1,pred_in,307950,0.09458428680396636,0.1347357910297179,0.1188648764922875,14
KOSPI200,202412,W1,pred_in,006040,-0.03334289630550513,0.006808607920246387,-0.00906230661718399,14
KOSPI200,202412,W1,pred_in,011330,-0.019697964543663793,0.020453539682087726,0.0045826251446573485,14
KOSPI200,202412,W1,act_in,278470,0.06047516198704095,0.10062666621279247,0.08475575167536209,14
KOSPI200,202412,W1,act_in,002840,-0.051851851851851816,-0.011700347626100296,-0.027571262163530674,14
KOSPI200,202412,W1,act_in,298040,0.049101796407185594,0.08925330063293711,0.07338238609550674,14
KOSPI200,202412,W1,act_in,456040,-0.13649025069637888,-0.09633874647062736,-0.11220966100805774,14
KOSPI200,202412,W1,hit,278470,0.06047516198704095,0.10062666621279247,0.08475575167536209,14
KOSPI200,202412,W1,hit,298040,0.049101796407185594,0.08925330063293711,0.07338238609550674,14
KOSPI200,202412,W1,false_in,395400,0.030270270270270183,0.0704217744960217,0.054550859958591325,14
KOSPI200,202412,W1,false_in,001570,-0.3618721461187214,-0.3217206418929699,-0.3375915564304003,14
KOSPI200,202412,W1,false_in,009410,-0.2256756756756757,-0.18552417144992417,-0.20139508598735456,14
KOSPI200,202412,W1,false_in,020560,0.05572441742654499,0.09587592165229651,0.08000500711486613,14
KOSPI200,202412,W1,false_in,018670,-0.013554216867469826,0.026597287358281693,0.010726372820851315,14
KOSPI200,202412,W1,false_in,088980,-0.0412457912457912,-0.0010942870200396776,-0.016965201557470055,14
KOSPI200,202412,W1,false_in,007660,-0.3514307538633292,-0.3112792496375777,-0.3271501641750081,14
KOSPI200,202412,W1,false_in,294870,-0.0662285136501517,-0.02607700942440018,-0.04194792396183056,14
KOSPI200,202412,W1,false_in,000990,-0.09798657718120807,-0.05783507295545655,-0.07370598749288693,14
KOSPI200,202412,W1,false_in,267270,0.17221135029354206,0.2123628545192936,0.1964919399818632,14
KOSPI200,202412,W1,false_in,001470,1.5737171765839557,1.6138686808097071,1.5979977662722769,14
KOSPI200,202412,W1,false_in,008040,-0.024366471734892814,0.015785032490858705,-8.588204657167253e-05,14
KOSPI200,202412,W1,false_in,091810,-0.09457671957671954,-0.05442521535096802,-0.0702961298883984,14
KOSPI200,202412,W1,false_in,006490,-0.1575747480636296,-0.11742324383787807,-0.13329415837530845,14
KOSPI200,202412,W1,false_in,020150,-0.2589531680440771,-0.21880166381832555,-0.23467257835575595,14
KOSPI200,202412,W1,false_in,307950,0.09458428680396636,0.1347357910297179,0.1188648764922875,14
KOSPI200,202412,W1,false_in,012510,0.10175438596491237,0.1419058901906639,0.12603497565323352,14
KOSPI200,202412,W1,false_in,006040,-0.03334289630550513,0.006808607920246387,-0.00906230661718399,14
KOSPI200,202412,W1,false_in,011330,-0.019697964543663793,0.020453539682087726,0.0045826251446573485,14
KOSPI200,202412,W1,miss_in,002840,-0.051851851851851816,-0.011700347626100296,-0.027571262163530674,14
KOSPI200,202412,W1,miss_in,456040,-0.13649025069637888,-0.09633874647062736,-0.11220966100805774,14
KOSPI200,202412,W1,pred_out,145720,-0.18840579710144922,-0.1482542928756977,-0.16412520741312808,14
KOSPI200,202412,W1,pred_out,489790,-0.13356562137049943,-0.09341411714474791,-0.10928503168217829,14
KOSPI200,202412,W1,pred_out,001680,-0.0024630541871921707,0.03768845003855935,0.02181753550112897,14
KOSPI200,202412,W1,pred_out,071970,0.04954227248249876,0.08969377670825028,0.0738228621708199,14
KOSPI200,202412,W1,pred_out,069260,-0.060112073357106444,-0.019960569131354924,-0.0358314836687853,14
KOSPI200,202412,W1,pred_out,003240,0.009202453987730008,0.04935395821348153,0.03348304367605115,14
KOSPI200,202412,W1,pred_out,005250,-0.12330456226880393,-0.08315305804305241,-0.09902397258048279,14
KOSPI200,202412,W1,pred_out,039130,0.15833333333333344,0.19848483755908497,0.18261392302165458,14
KOSPI200,202412,W1,pred_out,009900,-0.13368185212845407,-0.09353034790270255,-0.10940126244013293,14
KOSPI200,202412,W1,pred_out,000670,-0.005051047823750654,0.035100456402000865,0.019229541864570487,14
KOSPI200,202412,W1,pred_out,003030,-0.004053271569195105,0.036098232656556414,0.020227318119126036,14
KOSPI200,202412,W1,pred_out,271940,-0.14622641509433965,-0.10607491086858813,-0.1219458254060185,14
KOSPI200,202412,W1,pred_out,105630,-0.12335958005249348,-0.08320807582674196,-0.09907899036417234,14
KOSPI200,202412,W1,pred_out,178920,-0.1161846778285135,-0.07603317360276197,-0.09190408814019235,14
KOSPI200,202412,W1,pred_out,006650,-0.152317880794702,-0.11216637656895047,-0.12803729110638085,14
KOSPI200,202412,W1,pred_out,093370,-0.09870550161812297,-0.05855399739237145,-0.07442491192980183,14
KOSPI200,202412,W1,pred_out,285130,-0.12192622950819676,-0.08177472528244524,-0.09764563981987562,14
KOSPI200,202412,W1,pred_out,016380,-0.06952662721893488,-0.02937512299318336,-0.045246037530613736,14
KOSPI200,202412,W1,pred_out,004800,-0.031746031746031744,0.008405472479719775,-0.007465442057710603,14
KOSPI200,202412,W1,pred_out,008730,-0.20508474576271185,-0.16493324153696032,-0.1808041560743907,14
KOSPI200,202412,W1,pred_out,001430,0.13052415210688584,0.17067565633263737,0.15480474179520698,14
KOSPI200,202412,W1,pred_out,032350,-0.07853403141361259,-0.038382527187861074,-0.05425344172529145,14
KOSPI200,202412,W1,pred_out,114090,-0.06052631578947365,-0.02037481156372213,-0.03624572610115251,14
KOSPI200,202412,W1,act_out,016380,-0.06952662721893488,-0.02937512299318336,-0.045246037530613736,14
KOSPI200,202412,W1,act_out,004800,-0.031746031746031744,0.008405472479719775,-0.007465442057710603,14
KOSPI200,202412,W1,act_out,032350,-0.07853403141361259,-0.038382527187861074,-0.05425344172529145,14
KOSPI200,202412,W1,act_out,009900,-0.13368185212845407,-0.09353034790270255,-0.10940126244013293,14
KOSPI200,202412,W1,act_out,000670,-0.005051047823750654,0.035100456402000865,0.019229541864570487,14
KOSPI200,202412,W2,pred_in,001570,-0.11070110701107017,-0.1074034522364678,-0.10305689853847266,14
KOSPI200,202412,W2,pred_in,009410,-0.06909090909090909,-0.06579325431630673,-0.06144670061831159,14
KOSPI200,202412,W2,pred_in,088980,-0.024604569420035194,-0.02130691464543283,-0.01696036094743769,14
KOSPI200,202412,W2,pred_in,294870,-0.047987616099071206,-0.04468996132446884,-0.040343407626473704,14
KOSPI200,202412,W2,pred_in,000990,0.012066365007541435,0.015364019782143802,0.019710573480138938,14
KOSPI200,202412,W2,pred_in,267270,0.0,0.0032976547746023667,0.007644208472597502,14
KOSPI200,202412,W2,pred_in,001470,-0.0916517881296326,-0.08835413335503023,-0.08400757965703509,14
KOSPI200,202412,W2,pred_in,008040,-0.011988011988012026,-0.008690357213409659,-0.004343803515414524,14
KOSPI200,202412,W2,pred_in,091810,-0.0867663142544659,-0.08346865947986354,-0.0791221057818684,14
KOSPI200,202412,W2,pred_in,020150,-0.11842105263157898,-0.11512339785697662,-0.11077684415898148,14
KOSPI200,202412,W2,pred_in,278470,0.07587548638132291,0.07917314115592528,0.08351969485392041,14
KOSPI200,202412,W2,pred_in,012510,-0.022012578616352196,-0.01871492384174983,-0.014368370143754694,14
KOSPI200,202412,W2,pred_in,395400,-0.028213166144200663,-0.024915511369598298,-0.02056895767160316,14
KOSPI200,202412,W2,pred_in,020560,-0.030739673390970168,-0.027442018616367803,-0.023095464918372666,14
KOSPI200,202412,W2,pred_in,018670,0.03473945409429291,0.038037108868895275,0.04238366256689041,14
KOSPI200,202412,W2,pred_in,007660,-0.08257701077480217,-0.07927935600019981,-0.07493280230220467,14
KOSPI200,202412,W2,pred_in,006490,-0.061640447214801664,-0.0583427924401993,-0.05399623874220416,14
KOSPI200,202412,W2,pred_in,298040,0.07503075030750317,0.07832840508210553,0.08267495878010067,14
KOSPI200,202412,W2,pred_in,307950,-0.07956104252400553,-0.07626338774940317,-0.07191683405140803,14
KOSPI200,202412,W2,pred_in,006040,0.1264687592053153,0.12976641397991767,0.1341129676779128,14
KOSPI200,202412,W2,pred_in,011330,-0.020248203788373664,-0.0169505490137713,-0.012603995315776162,14
KOSPI200,202412,W2,act_in,278470,0.07587548638132291,0.07917314115592528,0.08351969485392041,14
KOSPI200,202412,W2,act_in,002840,-0.03383084577114426,-0.030533190996541892,-0.026186637298546755,14
KOSPI200,202412,W2,act_in,298040,0.07503075030750317,0.07832840508210553,0.08267495878010067,14
KOSPI200,202412,W2,act_in,456040,-0.040000000000000036,-0.03670234522539767,-0.03235579152740253,14
KOSPI200,202412,W2,hit,278470,0.07587548638132291,0.07917314115592528,0.08351969485392041,14
KOSPI200,202412,W2,hit,298040,0.07503075030750317,0.07832840508210553,0.08267495878010067,14
KOSPI200,202412,W2,false_in,395400,-0.028213166144200663,-0.024915511369598298,-0.02056895767160316,14
KOSPI200,202412,W2,false_in,001570,-0.11070110701107017,-0.1074034522364678,-0.10305689853847266,14
KOSPI200,202412,W2,false_in,009410,-0.06909090909090909,-0.06579325431630673,-0.06144670061831159,14
KOSPI200,202412,W2,false_in,020560,-0.030739673390970168,-0.027442018616367803,-0.023095464918372666,14
KOSPI200,202412,W2,false_in,018670,0.03473945409429291,0.038037108868895275,0.04238366256689041,14
KOSPI200,202412,W2,false_in,088980,-0.024604569420035194,-0.02130691464543283,-0.01696036094743769,14
KOSPI200,202412,W2,false_in,007660,-0.08257701077480217,-0.07927935600019981,-0.07493280230220467,14
KOSPI200,202412,W2,false_in,294870,-0.047987616099071206,-0.04468996132446884,-0.040343407626473704,14
KOSPI200,202412,W2,false_in,000990,0.012066365007541435,0.015364019782143802,0.019710573480138938,14
KOSPI200,202412,W2,false_in,267270,0.0,0.0032976547746023667,0.007644208472597502,14
KOSPI200,202412,W2,false_in,001470,-0.0916517881296326,-0.08835413335503023,-0.08400757965703509,14
KOSPI200,202412,W2,false_in,008040,-0.011988011988012026,-0.008690357213409659,-0.004343803515414524,14
KOSPI200,202412,W2,false_in,091810,-0.0867663142544659,-0.08346865947986354,-0.0791221057818684,14
KOSPI200,202412,W2,false_in,006490,-0.061640447214801664,-0.0583427924401993,-0.05399623874220416,14
KOSPI200,202412,W2,false_in,020150,-0.11842105263157898,-0.11512339785697662,-0.11077684415898148,14
KOSPI200,202412,W2,false_in,307950,-0.07956104252400553,-0.07626338774940317,-0.07191683405140803,14
KOSPI200,202412,W2,false_in,012510,-0.022012578616352196,-0.01871492384174983,-0.014368370143754694,14
KOSPI200,202412,W2,false_in,006040,0.1264687592053153,0.12976641397991767,0.1341129676779128,14
KOSPI200,202412,W2,false_in,011330,-0.020248203788373664,-0.0169505490137713,-0.012603995315776162,14
KOSPI200,202412,W2,miss_in,002840,-0.03383084577114426,-0.030533190996541892,-0.026186637298546755,14
KOSPI200,202412,W2,miss_in,456040,-0.040000000000000036,-0.03670234522539767,-0.03235579152740253,14
KOSPI200,202412,W2,pred_out,145720,0.10178571428571437,0.10508336906031673,0.10942992275831187,14
KOSPI200,202412,W2,pred_out,489790,-0.13010204081632648,-0.12680438604172412,-0.12245783234372898,14
KOSPI200,202412,W2,pred_out,001680,0.022222222222222143,0.02551987699682451,0.029866430694819646,14
KOSPI200,202412,W2,pred_out,071970,0.018099547511312153,0.02139720228591452,0.025743755983909655,14
KOSPI200,202412,W2,pred_out,069260,0.03423913043478266,0.037536785209385026,0.04188333890738016,14
KOSPI200,202412,W2,pred_out,003240,-0.10030395136778114,-0.09700629659317878,-0.09265974289518364,14
KOSPI200,202412,W2,pred_out,005250,0.14246196403872746,0.14575961881332983,0.15010617251132496,14
KOSPI200,202412,W2,pred_out,039130,-0.0017667844522968323,0.0015308703223055344,0.00587742402030067,14
KOSPI200,202412,W2,pred_out,009900,-0.054243219597550296,-0.05094556482294793,-0.046599011124952794,14
KOSPI200,202412,W2,pred_out,000670,0.0738480149565599,0.07714566973116227,0.0814922234291574,14
KOSPI200,202412,W2,pred_out,003030,0.09496567505720832,0.09826332983181069,0.10260988352980582,14
KOSPI200,202412,W2,pred_out,271940,-0.0494505494505495,-0.04615289467594713,-0.041806340977951995,14
KOSPI200,202412,W2,pred_out,105630,0.03056147832267242,0.033859133097274785,0.03820568679526992,14
KOSPI200,202412,W2,pred_out,178920,-0.1064441887226697,-0.10314653394806733,-0.0987999802500722,14
KOSPI200,202412,W2,pred_out,006650,-0.09234234234234229,-0.08904468756773992,-0.08469813386974478,14
KOSPI200,202412,W2,pred_out,093370,-0.0825852782764811,-0.07928762350187873,-0.0749410698038836,14
KOSPI200,202412,W2,pred_out,285130,0.0662020905923344,0.06949974536693676,0.0738462990649319,14
KOSPI200,202412,W2,pred_out,016380,-0.08320000000000005,-0.07990234522539769,-0.07555579152740255,14
KOSPI200,202412,W2,pred_out,004800,0.0011098779134295356,0.004407532688031903,0.008754086386027038,14
KOSPI200,202412,W2,pred_out,008730,-0.13163481953290868,-0.1283371647583063,-0.12399061106031117,14
KOSPI200,202412,W2,pred_out,001430,-0.047281323877068515,-0.04398366910246615,-0.03963711540447101,14
KOSPI200,202412,W2,pred_out,032350,-0.07538280329799762,-0.07208514852339526,-0.06773859482540012,14
KOSPI200,202412,W2,pred_out,114090,0.04967801287948492,0.05297566765408729,0.057322221352082425,14
KOSPI200,202412,W2,act_out,016380,-0.08320000000000005,-0.07990234522539769,-0.07555579152740255,14
KOSPI200,202412,W2,act_out,004800,0.0011098779134295356,0.004407532688031903,0.008754086386027038,14
KOSPI200,202412,W2,act_out,032350,-0.07538280329799762,-0.07208514852339526,-0.06773859482540012,14
KOSPI200,202412,W2,act_out,009900,-0.054243219597550296,-0.05094556482294793,-0.046599011124952794,14
KOSPI200,202412,W2,act_out,000670,0.0738480149565599,0.07714566973116227,0.0814922234291574,14
KOSPI200,202412,W3,pred_in,001570,-0.14937759336099588,-0.17568248495312797,-0.15553362127261983,20
KOSPI200,202412,W3,pred_in,009410,-0.05859375,-0.08489864159213209,-0.06474977791162395,20
KOSPI200,202412,W3,pred_in,088980,-0.0612612612612613,-0.08756615285339339,-0.06741728917288525,20
KOSPI200,202412,W3,pred_in,294870,-0.08834688346883468,-0.11465177506096677,-0.09450291138045863,20
KOSPI200,202412,W3,pred_in,000990,-0.016393442622950838,-0.04269833421508292,-0.02254947053457479,20
KOSPI200,202412,W3,pred_in,267270,0.06557377049180335,0.03926887889967127,0.0594177425801794,20
KOSPI200,202412,W3,pred_in,001470,0.014950265054499923,-0.01135462653763216,0.008794237142875971,20
KOSPI200,202412,W3,pred_in,008040,-0.04044489383215366,-0.06674978542428575,-0.04660092174377761,20
KOSPI200,202412,W3,pred_in,091810,0.0626746506986029,0.03636975910647081,0.056518622786978945,20
KOSPI200,202412,W3,pred_in,020150,0.034115138592750505,0.007810247000618421,0.027959110681126553,20
KOSPI200,202412,W3,pred_in,278470,-0.07233273056057865,-0.09863762215271074,-0.0784887584722026,20
KOSPI200,202412,W3,pred_in,012510,-0.07073954983922826,-0.09704444143136035,-0.0768955777508522,20
KOSPI200,202412,W3,pred_in,395400,0.01505376344086029,-0.011251128151271793,0.00889773552923634,20
KOSPI200,202412,W3,pred_in,020560,0.04063429137760166,0.014329399785469578,0.03447826346597771,20
KOSPI200,202412,W3,pred_in,018670,0.0455635491606714,0.019258657568539318,0.03940752124904745,20
KOSPI200,202412,W3,pred_in,007660,0.22982456140350882,0.20351966981137673,0.22366853349188487,20
KOSPI200,202412,W3,pred_in,006490,0.2694010965837199,0.24309620499158782,0.26324506867209596,20
KOSPI200,202412,W3,pred_in,298040,-0.03203661327231122,-0.058341504864443304,-0.03819264118393517,20
KOSPI200,202412,W3,pred_in,307950,0.046199701937406745,0.019894810345274662,0.040043674025782794,20
KOSPI200,202412,W3,pred_in,006040,0.01693930325130033,-0.009365588340831753,0.01078327533967638,20
KOSPI200,202412,W3,pred_in,011330,-0.03066666666666662,-0.0569715582587987,-0.03682269457829057,20
KOSPI200,202412,W3,act_in,278470,-0.07233273056057865,-0.09863762215271074,-0.0784887584722026,20
KOSPI200,202412,W3,act_in,002840,-0.09989701338825951,-0.1262019049803916,-0.10605304129988347,20
KOSPI200,202412,W3,act_in,298040,-0.03203661327231122,-0.058341504864443304,-0.03819264118393517,20
KOSPI200,202412,W3,act_in,456040,0.009615384615384581,-0.016689506976747502,0.00345935670376063,20
KOSPI200,202412,W3,hit,278470,-0.07233273056057865,-0.09863762215271074,-0.0784887584722026,20
KOSPI200,202412,W3,hit,298040,-0.03203661327231122,-0.058341504864443304,-0.03819264118393517,20
KOSPI200,202412,W3,false_in,395400,0.01505376344086029,-0.011251128151271793,0.00889773552923634,20
KOSPI200,202412,W3,false_in,001570,-0.14937759336099588,-0.17568248495312797,-0.15553362127261983,20
KOSPI200,202412,W3,false_in,009410,-0.05859375,-0.08489864159213209,-0.06474977791162395,20
KOSPI200,202412,W3,false_in,020560,0.04063429137760166,0.014329399785469578,0.03447826346597771,20
KOSPI200,202412,W3,false_in,018670,0.0455635491606714,0.019258657568539318,0.03940752124904745,20
KOSPI200,202412,W3,false_in,088980,-0.0612612612612613,-0.08756615285339339,-0.06741728917288525,20
KOSPI200,202412,W3,false_in,007660,0.22982456140350882,0.20351966981137673,0.22366853349188487,20
KOSPI200,202412,W3,false_in,294870,-0.08834688346883468,-0.11465177506096677,-0.09450291138045863,20
KOSPI200,202412,W3,false_in,000990,-0.016393442622950838,-0.04269833421508292,-0.02254947053457479,20
KOSPI200,202412,W3,false_in,267270,0.06557377049180335,0.03926887889967127,0.0594177425801794,20
KOSPI200,202412,W3,false_in,001470,0.014950265054499923,-0.01135462653763216,0.008794237142875971,20
KOSPI200,202412,W3,false_in,008040,-0.04044489383215366,-0.06674978542428575,-0.04660092174377761,20
KOSPI200,202412,W3,false_in,091810,0.0626746506986029,0.03636975910647081,0.056518622786978945,20
KOSPI200,202412,W3,false_in,006490,0.2694010965837199,0.24309620499158782,0.26324506867209596,20
KOSPI200,202412,W3,false_in,020150,0.034115138592750505,0.007810247000618421,0.027959110681126553,20
KOSPI200,202412,W3,false_in,307950,0.046199701937406745,0.019894810345274662,0.040043674025782794,20
KOSPI200,202412,W3,false_in,012510,-0.07073954983922826,-0.09704444143136035,-0.0768955777508522,20
KOSPI200,202412,W3,false_in,006040,0.01693930325130033,-0.009365588340831753,0.01078327533967638,20
KOSPI200,202412,W3,false_in,011330,-0.03066666666666662,-0.0569715582587987,-0.03682269457829057,20
KOSPI200,202412,W3,miss_in,002840,-0.09989701338825951,-0.1262019049803916,-0.10605304129988347,20
KOSPI200,202412,W3,miss_in,456040,0.009615384615384581,-0.016689506976747502,0.00345935670376063,20
KOSPI200,202412,W3,pred_out,145720,0.0680713128038899,0.04176642121175781,0.06191528489226594,20
KOSPI200,202412,W3,pred_out,489790,0.038123167155425186,0.011818275563293103,0.031967139243801235,20
KOSPI200,202412,W3,pred_out,001680,-0.09565217391304348,-0.12195706550517557,-0.10180820182466743,20
KOSPI200,202412,W3,pred_out,071970,0.32592592592592595,0.2996210343337939,0.319769898014302,20
KOSPI200,202412,W3,pred_out,069260,-0.09774040987913823,-0.12404530147127033,-0.10389643779076219,20
KOSPI200,202412,W3,pred_out,003240,0.04729729729729737,0.020992405705165286,0.04114126938567342,20
KOSPI200,202412,W3,pred_out,005250,-0.08232445520581111,-0.1086293467979432,-0.08848048311743506,20
KOSPI200,202412,W3,pred_out,039130,-0.04070796460176995,-0.06701285619390204,-0.046863992513393904,20
KOSPI200,202412,W3,pred_out,009900,0.059204440333024966,0.03289954874089288,0.053048412421401014,20
KOSPI200,202412,W3,pred_out,000670,-0.029827436120641093,-0.056132327712773177,-0.035983464032265045,20
KOSPI200,202412,W3,pred_out,003030,-0.026645768025078342,-0.052950659617210426,-0.032801795936702294,20
KOSPI200,202412,W3,pred_out,271940,-0.04393063583815027,-0.07023552743028236,-0.05008666374977422,20
KOSPI200,202412,W3,pred_out,105630,-0.07172413793103449,-0.09802902952316658,-0.07788016584265844,20
KOSPI200,202412,W3,pred_out,178920,0.17836445589182226,0.15205956429969017,0.1722084279801983,20
KOSPI200,202412,W3,pred_out,006650,0.058312655086848686,0.0320077634947166,0.052156627175224735,20
KOSPI200,202412,W3,pred_out,093370,-0.00195694716242667,-0.028261838754558753,-0.008112975074050621,20
KOSPI200,202412,W3,pred_out,285130,-0.08278867102396514,-0.10909356261609723,-0.0889446989355891,20
KOSPI200,202412,W3,pred_out,016380,0.017452006980802848,-0.008852884611329236,0.011295979069178896,20
KOSPI200,202412,W3,pred_out,004800,0.0044345898004434225,-0.02187030179168866,-0.0017214381111805288,20
KOSPI200,202412,W3,pred_out,008730,0.45721271393643037,0.4309078223442983,0.4510566860248064,20
KOSPI200,202412,W3,pred_out,001430,-0.06501240694789079,-0.09131729854002288,-0.07116843485951474,20
KOSPI200,202412,W3,pred_out,032350,0.007643312101910826,-0.018661579490221257,0.001487284190286875,20
KOSPI200,202412,W3,pred_out,114090,0.028045574057844025,0.0017406824657119416,0.021889546146220074,20
KOSPI200,202412,W3,act_out,016380,0.017452006980802848,-0.008852884611329236,0.011295979069178896,20
KOSPI200,202412,W3,act_out,004800,0.0044345898004434225,-0.02187030179168866,-0.0017214381111805288,20
KOSPI200,202412,W3,act_out,032350,0.007643312101910826,-0.018661579490221257,0.001487284190286875,20
KOSPI200,202412,W3,act_out,009900,0.059204440333024966,0.03289954874089288,0.053048412421401014,20
KOSPI200,202412,W3,act_out,000670,-0.029827436120641093,-0.056132327712773177,-0.035983464032265045,20
KOSPI200,202412,FULL,pred_in,001570,-0.44977168949771684,-0.40779618559712755,-0.4260771694454818,29
KOSPI200,202412,FULL,pred_in,009410,-0.30810810810810807,-0.2661326042075188,-0.284413588055873,29
KOSPI200,202412,FULL,pred_in,088980,-0.06565656565656564,-0.02368106175597632,-0.04196204560433059,29
KOSPI200,202412,FULL,pred_in,294870,-0.0672396359959555,-0.02526413209536619,-0.04354511594372046,29
KOSPI200,202412,FULL,pred_in,000990,-0.09932885906040267,-0.05735335515981336,-0.07563433900816763,29
KOSPI200,202412,FULL,pred_in,267270,0.19373776908023488,0.2357132729808242,0.21743228913246992,29
KOSPI200,202412,FULL,pred_in,001470,1.0222837870392678,1.0642592909398572,1.0459783070915027,29
KOSPI200,202412,FULL,pred_in,008040,-0.03606237816764135,0.0059131257329479645,-0.012367858115406305,29
KOSPI200,202412,FULL,pred_in,091810,-0.17162698412698407,-0.12965148022639475,-0.14793246407474903,29
KOSPI200,202412,FULL,pred_in,020150,-0.3539944903581267,-0.3120189864575374,-0.33029997030589164,29
KOSPI200,202412,FULL,pred_in,278470,0.1943844492440605,0.23635995314464983,0.21807896929629556,29
KOSPI200,202412,FULL,pred_in,012510,0.09122807017543866,0.13320357407602798,0.1149225902276737,29
KOSPI200,202412,FULL,pred_in,395400,0.00540540540540535,0.047380909305994666,0.029099925457640397,29
KOSPI200,202412,FULL,pred_in,020560,0.02228976697061813,0.06426527087120745,0.045984287022853176,29
KOSPI200,202412,FULL,pred_in,018670,0.04668674698795172,0.08866225088854104,0.07038126704018677,29
KOSPI200,202412,FULL,pred_in,007660,-0.3971443680592279,-0.35516886415863863,-0.3734498480069929,29
KOSPI200,202412,FULL,pred_in,006490,-0.21012742566836007,-0.16815192176777075,-0.18643290561612502,29
KOSPI200,202412,FULL,pred_in,298040,0.04670658682634721,0.08868209072693653,0.07040110687858225,29
KOSPI200,202412,FULL,pred_in,307950,0.023646071700991644,0.06562157560158097,0.04734059175322669,29
KOSPI200,202412,FULL,pred_in,006040,0.0970960441171782,0.13907154801776753,0.12079056416941325,29
KOSPI200,202412,FULL,pred_in,011330,-0.015101772816808912,0.026873731083780404,0.008592747235426135,29
KOSPI200,202412,FULL,act_in,278470,0.1943844492440605,0.23635995314464983,0.21807896929629556,29
KOSPI200,202412,FULL,act_in,002840,-0.04098765432098761,0.0009878495796017059,-0.017293134268752564,29
KOSPI200,202412,FULL,act_in,298040,0.04670658682634721,0.08868209072693653,0.07040110687858225,29
KOSPI200,202412,FULL,act_in,456040,-0.13091922005571033,-0.088943716155121,-0.10722470000347528,29
KOSPI200,202412,FULL,hit,278470,0.1943844492440605,0.23635995314464983,0.21807896929629556,29
KOSPI200,202412,FULL,hit,298040,0.04670658682634721,0.08868209072693653,0.07040110687858225,29
KOSPI200,202412,FULL,false_in,395400,0.00540540540540535,0.047380909305994666,0.029099925457640397,29
KOSPI200,202412,FULL,false_in,001570,-0.44977168949771684,-0.40779618559712755,-0.4260771694454818,29
KOSPI200,202412,FULL,false_in,009410,-0.30810810810810807,-0.2661326042075188,-0.284413588055873,29
KOSPI200,202412,FULL,false_in,020560,0.02228976697061813,0.06426527087120745,0.045984287022853176,29
KOSPI200,202412,FULL,false_in,018670,0.04668674698795172,0.08866225088854104,0.07038126704018677,29
KOSPI200,202412,FULL,false_in,088980,-0.06565656565656564,-0.02368106175597632,-0.04196204560433059,29
KOSPI200,202412,FULL,false_in,007660,-0.3971443680592279,-0.35516886415863863,-0.3734498480069929,29
KOSPI200,202412,FULL,false_in,294870,-0.0672396359959555,-0.02526413209536619,-0.04354511594372046,29
KOSPI200,202412,FULL,false_in,000990,-0.09932885906040267,-0.05735335515981336,-0.07563433900816763,29
KOSPI200,202412,FULL,false_in,267270,0.19373776908023488,0.2357132729808242,0.21743228913246992,29
KOSPI200,202412,FULL,false_in,001470,1.0222837870392678,1.0642592909398572,1.0459783070915027,29
KOSPI200,202412,FULL,false_in,008040,-0.03606237816764135,0.0059131257329479645,-0.012367858115406305,29
KOSPI200,202412,FULL,false_in,091810,-0.17162698412698407,-0.12965148022639475,-0.14793246407474903,29
KOSPI200,202412,FULL,false_in,006490,-0.21012742566836007,-0.16815192176777075,-0.18643290561612502,29
KOSPI200,202412,FULL,false_in,020150,-0.3539944903581267,-0.3120189864575374,-0.33029997030589164,29
KOSPI200,202412,FULL,false_in,307950,0.023646071700991644,0.06562157560158097,0.04734059175322669,29
KOSPI200,202412,FULL,false_in,012510,0.09122807017543866,0.13320357407602798,0.1149225902276737,29
KOSPI200,202412,FULL,false_in,006040,0.0970960441171782,0.13907154801776753,0.12079056416941325,29
KOSPI200,202412,FULL,false_in,011330,-0.015101772816808912,0.026873731083780404,0.008592747235426135,29
KOSPI200,202412,FULL,miss_in,002840,-0.04098765432098761,0.0009878495796017059,-0.017293134268752564,29
KOSPI200,202412,FULL,miss_in,456040,-0.13091922005571033,-0.088943716155121,-0.10722470000347528,29
KOSPI200,202412,FULL,pred_out,145720,-0.10579710144927534,-0.06382159754868602,-0.0821025813970403,29
KOSPI200,202412,FULL,pred_out,489790,-0.20789779326364688,-0.16592228936305756,-0.18420327321141183,29
KOSPI200,202412,FULL,pred_out,001680,0.019704433497536922,0.06167993739812624,0.04339895354977197,29
KOSPI200,202412,FULL,pred_out,071970,0.0904684975767367,0.13244400147732602,0.11416301762897174,29
KOSPI200,202412,FULL,pred_out,069260,-0.030565461029037233,0.011410042871552083,-0.006870940976802187,29
KOSPI200,202412,FULL,pred_out,003240,-0.09202453987730064,-0.05004903597671132,-0.06833001982506559,29
KOSPI200,202412,FULL,pred_out,005250,0.018495684340320562,0.06047118824090988,0.04219020439255561,29
KOSPI200,202412,FULL,pred_out,039130,0.17708333333333326,0.21905883723392258,0.2007778533855683,29
KOSPI200,202412,FULL,pred_out,009900,-0.19268110530246452,-0.1507056014018752,-0.16898658525022947,29
KOSPI200,202412,FULL,pred_out,000670,0.04938205265986029,0.09135755656044961,0.07307657271209533,29
KOSPI200,202412,FULL,pred_out,003030,0.10828025477707004,0.15025575867765936,0.13197477482930509,29
KOSPI200,202412,FULL,pred_out,271940,-0.1839622641509434,-0.1419867602503541,-0.16026774409870836,29
KOSPI200,202412,FULL,pred_out,105630,-0.048556430446194176,-0.006580926545604861,-0.02486191039395913,29
KOSPI200,202412,FULL,pred_out,178920,-0.21207508878741754,-0.17009958488682822,-0.1883805687351825,29
KOSPI200,202412,FULL,pred_out,006650,-0.23746452223273418,-0.19548901833214485,-0.21377000218049913,29
KOSPI200,202412,FULL,pred_out,093370,-0.17313915857605178,-0.13116365467546245,-0.14944463852381673,29
KOSPI200,202412,FULL,pred_out,285130,-0.05942622950819676,-0.017450725607607444,-0.03573170945596171,29
KOSPI200,202412,FULL,pred_out,016380,-0.1523668639053254,-0.11039136000473607,-0.12867234385309034,29
KOSPI200,202412,FULL,pred_out,004800,-0.10515873015873012,-0.0631832262581408,-0.08146421010649507,29
KOSPI200,202412,FULL,pred_out,008730,-0.3067796610169492,-0.2648041571163599,-0.28308514096471415,29
KOSPI200,202412,FULL,pred_out,001430,0.035457348406988665,0.07743285230757799,0.05915186845922371,29
KOSPI200,202412,FULL,pred_out,032350,-0.17801047120418845,-0.13603496730359912,-0.1543159511519534,29
KOSPI200,202412,FULL,pred_out,114090,0.0008771929824560321,0.04285269688304535,0.02457171303469108,29
KOSPI200,202412,FULL,act_out,016380,-0.1523668639053254,-0.11039136000473607,-0.12867234385309034,29
KOSPI200,202412,FULL,act_out,004800,-0.10515873015873012,-0.0631832262581408,-0.08146421010649507,29
KOSPI200,202412,FULL,act_out,032350,-0.17801047120418845,-0.13603496730359912,-0.1543159511519534,29
KOSPI200,202412,FULL,act_out,009900,-0.19268110530246452,-0.1507056014018752,-0.16898658525022947,29
KOSPI200,202412,FULL,act_out,000670,0.04938205265986029,0.09135755656044961,0.07307657271209533,29
KOSPI200,202506,W1,pred_in,001570,0.0,-0.029752603395493845,-0.030248575078424267,15
KOSPI200,202506,W1,pred_in,088980,0.0051768766177739955,-0.02457572677771985,-0.02507169846065027,15
KOSPI200,202506,W1,pred_in,294870,-0.06299212598425197,-0.09274472937974582,-0.09324070106267623,15
KOSPI200,202506,W1,pred_in,000990,0.0026041666666667407,-0.027148436728827104,-0.027644408411757526,15
KOSPI200,202506,W1,pred_in,103590,0.1647727272727273,0.13502012387723344,0.13452415219430303,15
KOSPI200,202506,W1,pred_in,267270,-0.01013024602026047,-0.03988284941575432,-0.040378821098684736,15
KOSPI200,202506,W1,pred_in,462870,-0.13176895306859204,-0.1615215564640859,-0.1620175281470163,15
KOSPI200,202506,W1,pred_in,001470,0.0,-0.029752603395493845,-0.030248575078424267,15
KOSPI200,202506,W1,pred_in,008040,0.1136150234741784,0.08386242007868455,0.08336644839575413,15
KOSPI200,202506,W1,pred_in,091810,-0.03703703703703709,-0.06678964043253094,-0.06728561211546136,15
KOSPI200,202506,W1,pred_in,020150,-0.12141280353200878,-0.15116540692750263,-0.15166137861043305,15
KOSPI200,202506,W1,pred_in,012510,-0.09531502423263327,-0.12506762762812712,-0.12556359931105754,15
KOSPI200,202506,W1,pred_in,395400,-0.040000000000000036,-0.06975260339549388,-0.0702485750784243,15
KOSPI200,202506,W1,pred_in,020560,0.05502645502645498,0.025273851630961134,0.024777879948030712,15
KOSPI200,202506,W1,pred_in,018670,-0.09594882729211085,-0.1257014306876047,-0.12619740237053512,15
KOSPI200,202506,W1,pred_in,062040,0.19618055555555558,0.16642795216006173,0.1659319804771313,15
KOSPI200,202506,W1,pred_in,001720,0.12552742616033763,0.09577482276484378,0.09527885108191336,15
KOSPI200,202506,W1,pred_in,007660,0.14305177111716616,0.11329916772167231,0.11280319603874189,15
KOSPI200,202506,W1,pred_in,443060,0.14117647058823524,0.11142386719274139,0.11092789550981097,15
KOSPI200,202506,W1,pred_in,006490,-0.12201613573983194,-0.1517687391353258,-0.1522647108182562,15
KOSPI200,202506,W1,pred_in,003690,0.1202453987730061,0.09049279537751226,0.08999682369458184,15
KOSPI200,202506,W1,pred_in,082740,0.023423423423423406,-0.006329179972070439,-0.006825151655000861,15
KOSPI200,202506,W1,pred_in,307950,0.15071770334928236,0.12096509995378851,0.1204691282708581,15
KOSPI200,202506,W1,pred_in,006040,0.06826347305389224,0.038510869658398394,0.038014897975467976,15
KOSPI200,202506,W1,pred_in,011330,-0.06836055656382334,-0.09811315995931719,-0.0986091316422476,15
KOSPI200,202506,W1,act_in,007340,0.04656862745098045,0.016816024055486604,0.016320052372556182,15
KOSPI200,202506,W1,act_in,017960,0.10462163534789237,0.07486903195239852,0.0743730602694681,15
KOSPI200,202506,W1,act_in,012630,-0.00990099009900991,-0.03965359349450376,-0.04014956517743418,15
KOSPI200,202506,W1,act_in,443060,0.14117647058823524,0.11142386719274139,0.11092789550981097,15
KOSPI200,202506,W1,act_in,071320,0.449905482041588,0.42015287864609413,0.4196569069631637,15
KOSPI200,202506,W1,act_in,268280,0.05161290322580636,0.021860299830312516,0.021364328147382095,15
KOSPI200,202506,W1,act_in,000670,0.0013952164009112256,-0.02835738699458262,-0.02885335867751304,15
KOSPI200,202506,W1,act_in,006040,0.06826347305389224,0.038510869658398394,0.038014897975467976,15
KOSPI200,202506,W1,hit,443060,0.14117647058823524,0.11142386719274139,0.11092789550981097,15
KOSPI200,202506,W1,hit,006040,0.06826347305389224,0.038510869658398394,0.038014897975467976,15
KOSPI200,202506,W1,false_in,001570,0.0,-0.029752603395493845,-0.030248575078424267,15
KOSPI200,202506,W1,false_in,088980,0.0051768766177739955,-0.02457572677771985,-0.02507169846065027,15
KOSPI200,202506,W1,false_in,294870,-0.06299212598425197,-0.09274472937974582,-0.09324070106267623,15
KOSPI200,202506,W1,false_in,000990,0.0026041666666667407,-0.027148436728827104,-0.027644408411757526,15
KOSPI200,202506,W1,false_in,103590,0.1647727272727273,0.13502012387723344,0.13452415219430303,15
KOSPI200,202506,W1,false_in,267270,-0.01013024602026047,-0.03988284941575432,-0.040378821098684736,15
KOSPI200,202506,W1,false_in,462870,-0.13176895306859204,-0.1615215564640859,-0.1620175281470163,15
KOSPI200,202506,W1,false_in,001470,0.0,-0.029752603395493845,-0.030248575078424267,15
KOSPI200,202506,W1,false_in,008040,0.1136150234741784,0.08386242007868455,0.08336644839575413,15
KOSPI200,202506,W1,false_in,091810,-0.03703703703703709,-0.06678964043253094,-0.06728561211546136,15
KOSPI200,202506,W1,false_in,020150,-0.12141280353200878,-0.15116540692750263,-0.15166137861043305,15
KOSPI200,202506,W1,false_in,012510,-0.09531502423263327,-0.12506762762812712,-0.12556359931105754,15
KOSPI200,202506,W1,false_in,395400,-0.040000000000000036,-0.06975260339549388,-0.0702485750784243,15
KOSPI200,202506,W1,false_in,020560,0.05502645502645498,0.025273851630961134,0.024777879948030712,15
KOSPI200,202506,W1,false_in,018670,-0.09594882729211085,-0.1257014306876047,-0.12619740237053512,15
KOSPI200,202506,W1,false_in,062040,0.19618055555555558,0.16642795216006173,0.1659319804771313,15
KOSPI200,202506,W1,false_in,001720,0.12552742616033763,0.09577482276484378,0.09527885108191336,15
KOSPI200,202506,W1,false_in,007660,0.14305177111716616,0.11329916772167231,0.11280319603874189,15
KOSPI200,202506,W1,false_in,006490,-0.12201613573983194,-0.1517687391353258,-0.1522647108182562,15
KOSPI200,202506,W1,false_in,003690,0.1202453987730061,0.09049279537751226,0.08999682369458184,15
KOSPI200,202506,W1,false_in,082740,0.023423423423423406,-0.006329179972070439,-0.006825151655000861,15
KOSPI200,202506,W1,false_in,307950,0.15071770334928236,0.12096509995378851,0.1204691282708581,15
KOSPI200,202506,W1,false_in,011330,-0.06836055656382334,-0.09811315995931719,-0.0986091316422476,15
KOSPI200,202506,W1,miss_in,007340,0.04656862745098045,0.016816024055486604,0.016320052372556182,15
KOSPI200,202506,W1,miss_in,017960,0.10462163534789237,0.07486903195239852,0.0743730602694681,15
KOSPI200,202506,W1,miss_in,012630,-0.00990099009900991,-0.03965359349450376,-0.04014956517743418,15
KOSPI200,202506,W1,miss_in,071320,0.449905482041588,0.42015287864609413,0.4196569069631637,15
KOSPI200,202506,W1,miss_in,268280,0.05161290322580636,0.021860299830312516,0.021364328147382095,15
KOSPI200,202506,W1,miss_in,000670,0.0013952164009112256,-0.02835738699458262,-0.02885335867751304,15
KOSPI200,202506,W1,pred_out,145720,-0.15586206896551724,-0.1856146723610111,-0.1861106440439415,15
KOSPI200,202506,W1,pred_out,001680,-0.14110429447852757,-0.17085689787402142,-0.17135286955695184,15
KOSPI200,202506,W1,pred_out,002710,-0.1851485148514852,-0.21490111824697905,-0.21539708992990947,15
KOSPI200,202506,W1,pred_out,069260,-0.011706715958102243,-0.04145931935359609,-0.04195529103652651,15
KOSPI200,202506,W1,pred_out,003240,0.15570469798657727,0.12595209459108342,0.125456122908153,15
KOSPI200,202506,W1,pred_out,005250,0.005035971223021685,-0.02471663217247216,-0.025212603855402582,15
KOSPI200,202506,W1,pred_out,039130,-0.015594541910331383,-0.04534714530582523,-0.04584311698875565,15
KOSPI200,202506,W1,pred_out,006110,-0.24291497975708498,-0.27266758315257883,-0.27316355483550925,15
KOSPI200,202506,W1,pred_out,003620,-0.04011461318051579,-0.06986721657600964,-0.07036318825894006,15
KOSPI200,202506,W1,pred_out,271940,-0.08102025506376598,-0.11077285845925983,-0.11126883014219024,15
KOSPI200,202506,W1,pred_out,105630,-0.0714285714285714,-0.10118117482406525,-0.10167714650699566,15
KOSPI200,202506,W1,pred_out,178920,0.12179887570268577,0.09204627230719192,0.0915503006242615,15
KOSPI200,202506,W1,pred_out,006650,-0.046428571428571375,-0.07618117482406522,-0.07667714650699564,15
KOSPI200,202506,W1,pred_out,093370,-0.08447488584474883,-0.11422748924024267,-0.11472346092317309,15
KOSPI200,202506,W1,pred_out,285130,0.33990147783251223,0.3101488744370184,0.30965290275408797,15
KOSPI200,202506,W1,pred_out,000210,0.28284389489953643,0.2530912915040426,0.25259531982111216,15
KOSPI200,202506,W1,pred_out,005420,-0.15171503957783639,-0.18146764297333023,-0.18196361465626065,15
KOSPI200,202506,W1,pred_out,008730,-0.007339449541284404,-0.03709205293677825,-0.03758802461970867,15
KOSPI200,202506,W1,pred_out,001430,0.15297450424929182,0.12322190085379797,0.12272592917086755,15
KOSPI200,202506,W1,pred_out,114090,0.16886326194398693,0.13911065854849308,0.13861468686556266,15
KOSPI200,202506,W1,pred_out,456040,-0.038461538461538436,-0.06821414185703228,-0.0687101135399627,15
KOSPI200,202506,W1,act_out,001120,0.05471698113207557,0.024964377736581726,0.024468406053651304,15
KOSPI200,202506,W1,act_out,336260,0.11244979919678721,0.08269719580129337,0.08220122411836295,15
KOSPI200,202506,W1,act_out,271940,-0.08102025506376598,-0.11077285845925983,-0.11126883014219024,15
KOSPI200,202506,W1,act_out,001740,-0.049645390070921946,-0.0793979934664158,-0.07989396514934621,15
KOSPI200,202506,W1,act_out,105630,-0.0714285714285714,-0.10118117482406525,-0.10167714650699566,15
KOSPI200,202506,W1,act_out,178920,0.12179887570268577,0.09204627230719192,0.0915503006242615,15
KOSPI200,202506,W1,act_out,005070,-0.23453608247422686,-0.2642886858697207,-0.2647846575526511,15
KOSPI200,202506,W1,act_out,006110,-0.24291497975708498,-0.27266758315257883,-0.27316355483550925,15
KOSPI200,202506,W2,pred_in,001570,0.0,-0.08433597103361502,-0.09358275752298573,9
KOSPI200,202506,W2,pred_in,088980,-0.0034071550255536653,-0.08774312605916869,-0.09698991254853939,9
KOSPI200,202506,W2,pred_in,294870,0.1443736730360934,0.06003770200247836,0.05079091551310766,9
KOSPI200,202506,W2,pred_in,000990,0.15473145780051145,0.07039548676689643,0.061148700277525725,9
KOSPI200,202506,W2,pred_in,103590,0.08089500860585197,-0.003440962427763053,-0.012687748917133757,9
KOSPI200,202506,W2,pred_in,267270,0.04385964912280693,-0.04047632191080809,-0.049723108400178795,9
KOSPI200,202506,W2,pred_in,462870,0.07331975560081472,-0.011016215432800305,-0.02026300192217101,9
KOSPI200,202506,W2,pred_in,001470,0.0,-0.08433597103361502,-0.09358275752298573,9
KOSPI200,202506,W2,pred_in,008040,0.005977796754910392,-0.07835817427870463,-0.08760496076807534,9
KOSPI200,202506,W2,pred_in,091810,0.036437246963562764,-0.04789872407005226,-0.05714551055942296,9
KOSPI200,202506,W2,pred_in,020150,0.03619909502262453,-0.048136876010990495,-0.0573836625003612,9
KOSPI200,202506,W2,pred_in,012510,0.08450704225352124,0.0001710712199062131,-0.00907571526946449,9
KOSPI200,202506,W2,pred_in,395400,-0.01041666666666663,-0.09475263770028165,-0.10399942418965236,9
KOSPI200,202506,W2,pred_in,020560,-0.013052208835341417,-0.09738817986895644,-0.10663496635832714,9
KOSPI200,202506,W2,pred_in,018670,0.016470588235294015,-0.06786538279832101,-0.07711216928769171,9
KOSPI200,202506,W2,pred_in,062040,0.0811638591117918,-0.00317211192182322,-0.012418898411193924,9
KOSPI200,202506,W2,pred_in,001720,0.13352007469654525,0.04918410366293023,0.03993731717355953,9
KOSPI200,202506,W2,pred_in,007660,0.07274969173859436,-0.011586279295020666,-0.02083306578439137,9
KOSPI200,202506,W2,pred_in,443060,0.1479324403028539,0.06359646926923888,0.05434968277986818,9
KOSPI200,202506,W2,pred_in,006490,0.3205237932214995,0.23618782218788448,0.22694103569851376,9
KOSPI200,202506,W2,pred_in,003690,0.07486631016042788,-0.009469660873187138,-0.018716447362557842,9
KOSPI200,202506,W2,pred_in,082740,0.06215722120658129,-0.02217874982703373,-0.031425536316404434,9
KOSPI200,202506,W2,pred_in,307950,0.03875968992248069,-0.045576281111134334,-0.05482306760050504,9
KOSPI200,202506,W2,pred_in,006040,0.08398656215005595,-0.00034940888355906863,-0.009596195372929772,9
KOSPI200,202506,W2,pred_in,011330,-0.007766990291262155,-0.09210296132487718,-0.10134974781424788,9
KOSPI200,202506,W2,act_in,007340,0.0565610859728507,-0.027774885060764323,-0.03702167155013503,9
KOSPI200,202506,W2,act_in,017960,0.054117647058823604,-0.03021832397479142,-0.03946511046416212,9
KOSPI200,202506,W2,act_in,012630,0.14044079958995392,0.0561048285563389,0.0468580420669682,9
KOSPI200,202506,W2,act_in,443060,0.1479324403028539,0.06359646926923888,0.05434968277986818,9
KOSPI200,202506,W2,act_in,071320,0.01388888888888884,-0.07044708214472618,-0.07969386863409689,9
KOSPI200,202506,W2,act_in,268280,0.01892551892551886,-0.06541045210809616,-0.07465723859746687,9
KOSPI200,202506,W2,act_in,000670,0.15541047367689953,0.0710745026432845,0.0618277161539138,9
KOSPI200,202506,W2,act_in,006040,0.08398656215005595,-0.00034940888355906863,-0.009596195372929772,9
KOSPI200,202506,W2,hit,443060,0.1479324403028539,0.06359646926923888,0.05434968277986818,9
KOSPI200,202506,W2,hit,006040,0.08398656215005595,-0.00034940888355906863,-0.009596195372929772,9
KOSPI200,202506,W2,false_in,001570,0.0,-0.08433597103361502,-0.09358275752298573,9
KOSPI200,202506,W2,false_in,088980,-0.0034071550255536653,-0.08774312605916869,-0.09698991254853939,9
KOSPI200,202506,W2,false_in,294870,0.1443736730360934,0.06003770200247836,0.05079091551310766,9
KOSPI200,202506,W2,false_in,000990,0.15473145780051145,0.07039548676689643,0.061148700277525725,9
KOSPI200,202506,W2,false_in,103590,0.08089500860585197,-0.003440962427763053,-0.012687748917133757,9
KOSPI200,202506,W2,false_in,267270,0.04385964912280693,-0.04047632191080809,-0.049723108400178795,9
KOSPI200,202506,W2,false_in,462870,0.07331975560081472,-0.011016215432800305,-0.02026300192217101,9
KOSPI200,202506,W2,false_in,001470,0.0,-0.08433597103361502,-0.09358275752298573,9
KOSPI200,202506,W2,false_in,008040,0.005977796754910392,-0.07835817427870463,-0.08760496076807534,9
KOSPI200,202506,W2,false_in,091810,0.036437246963562764,-0.04789872407005226,-0.05714551055942296,9
KOSPI200,202506,W2,false_in,020150,0.03619909502262453,-0.048136876010990495,-0.0573836625003612,9
KOSPI200,202506,W2,false_in,012510,0.08450704225352124,0.0001710712199062131,-0.00907571526946449,9
KOSPI200,202506,W2,false_in,395400,-0.01041666666666663,-0.09475263770028165,-0.10399942418965236,9
KOSPI200,202506,W2,false_in,020560,-0.013052208835341417,-0.09738817986895644,-0.10663496635832714,9
KOSPI200,202506,W2,false_in,018670,0.016470588235294015,-0.06786538279832101,-0.07711216928769171,9
KOSPI200,202506,W2,false_in,062040,0.0811638591117918,-0.00317211192182322,-0.012418898411193924,9
KOSPI200,202506,W2,false_in,001720,0.13352007469654525,0.04918410366293023,0.03993731717355953,9
KOSPI200,202506,W2,false_in,007660,0.07274969173859436,-0.011586279295020666,-0.02083306578439137,9
KOSPI200,202506,W2,false_in,006490,0.3205237932214995,0.23618782218788448,0.22694103569851376,9
KOSPI200,202506,W2,false_in,003690,0.07486631016042788,-0.009469660873187138,-0.018716447362557842,9
KOSPI200,202506,W2,false_in,082740,0.06215722120658129,-0.02217874982703373,-0.031425536316404434,9
KOSPI200,202506,W2,false_in,307950,0.03875968992248069,-0.045576281111134334,-0.05482306760050504,9
KOSPI200,202506,W2,false_in,011330,-0.007766990291262155,-0.09210296132487718,-0.10134974781424788,9
KOSPI200,202506,W2,miss_in,007340,0.0565610859728507,-0.027774885060764323,-0.03702167155013503,9
KOSPI200,202506,W2,miss_in,017960,0.054117647058823604,-0.03021832397479142,-0.03946511046416212,9
KOSPI200,202506,W2,miss_in,012630,0.14044079958995392,0.0561048285563389,0.0468580420669682,9
KOSPI200,202506,W2,miss_in,071320,0.01388888888888884,-0.07044708214472618,-0.07969386863409689,9
KOSPI200,202506,W2,miss_in,268280,0.01892551892551886,-0.06541045210809616,-0.07465723859746687,9
KOSPI200,202506,W2,miss_in,000670,0.15541047367689953,0.0710745026432845,0.0618277161539138,9
KOSPI200,202506,W2,pred_out,145720,0.13235294117647056,0.04801697014285554,0.038770183653484835,9
KOSPI200,202506,W2,pred_out,001680,0.054117647058823604,-0.03021832397479142,-0.03946511046416212,9
KOSPI200,202506,W2,pred_out,002710,-0.02312464749012977,-0.10746061852374479,-0.1167074050131155,9
KOSPI200,202506,W2,pred_out,069260,0.025450031036623244,-0.05888593999699178,-0.06813272648636248,9
KOSPI200,202506,W2,pred_out,003240,0.20046082949308763,0.11612485845947261,0.1068780719701019,9
KOSPI200,202506,W2,pred_out,005250,0.19402985074626855,0.10969387971265353,0.10044709322328282,9
KOSPI200,202506,W2,pred_out,039130,0.04960317460317465,-0.034732796430440374,-0.04397958291981108,9
KOSPI200,202506,W2,pred_out,006110,0.0015090543259557165,-0.0828269167076593,-0.09207370319703001,9
KOSPI200,202506,W2,pred_out,003620,0.020467836257309857,-0.06386813477630517,-0.07311492126567587,9
KOSPI200,202506,W2,pred_out,271940,0.22622950819672139,0.14189353716310638,0.13264675067373566,9
KOSPI200,202506,W2,pred_out,105630,0.061361457334611735,-0.022974513699003288,-0.03222130018837399,9
KOSPI200,202506,W2,pred_out,178920,0.060486150367439206,-0.023849820666175817,-0.03309660715554652,9
KOSPI200,202506,W2,pred_out,006650,0.05731707317073176,-0.027018897862883265,-0.03626568435225397,9
KOSPI200,202506,W2,pred_out,093370,0.1943127962085307,0.10997682517491568,0.10073003868554498,9
KOSPI200,202506,W2,pred_out,285130,0.11029411764705888,0.025958146613443853,0.01671136012407315,9
KOSPI200,202506,W2,pred_out,000210,0.07009345794392519,-0.014242513089689837,-0.02348929957906054,9
KOSPI200,202506,W2,pred_out,005420,0.08406432748538006,-0.0002716435482349594,-0.009518430037605663,9
KOSPI200,202506,W2,pred_out,008730,0.12566371681415922,0.0413277457805442,0.032080959291173494,9
KOSPI200,202506,W2,pred_out,001430,0.09905660377358494,0.014720632739969916,0.0054738462505992125,9
KOSPI200,202506,W2,pred_out,114090,0.0713276836158192,-0.013008287417795819,-0.022255073907166523,9
KOSPI200,202506,W2,pred_out,456040,0.1123595505617978,0.028023579528182782,0.01877679303881208,9
KOSPI200,202506,W2,act_out,001120,0.060109289617486406,-0.024226681416128618,-0.03347346790549932,9
KOSPI200,202506,W2,act_out,336260,0.19085855466337254,0.10652258362975751,0.09727579714038681,9
KOSPI200,202506,W2,act_out,271940,0.22622950819672139,0.14189353716310638,0.13264675067373566,9
KOSPI200,202506,W2,act_out,001740,0.0791100123609394,-0.005225958672675626,-0.01447274516204633,9
KOSPI200,202506,W2,act_out,105630,0.061361457334611735,-0.022974513699003288,-0.03222130018837399,9
KOSPI200,202506,W2,act_out,178920,0.060486150367439206,-0.023849820666175817,-0.03309660715554652,9
KOSPI200,202506,W2,act_out,005070,0.1116279069767443,0.027291935943129272,0.01804514945375857,9
KOSPI200,202506,W2,act_out,006110,0.0015090543259557165,-0.0828269167076593,-0.09207370319703001,9
KOSPI200,202506,W3,pred_in,001570,0.0,-0.06515634568977044,-0.09013606024595622,20
KOSPI200,202506,W3,pred_in,088980,-0.01025641025641022,-0.07541275594618066,-0.10039247050236644,20
KOSPI200,202506,W3,pred_in,294870,-0.11317254174397029,-0.17832888743374073,-0.2033086019899265,20
KOSPI200,202506,W3,pred_in,000990,0.023255813953488413,-0.041900531736282026,-0.0668802462924678,20
KOSPI200,202506,W3,pred_in,103590,0.23885350318471343,0.173697157494943,0.14871744293875722,20
KOSPI200,202506,W3,pred_in,267270,0.07843137254901955,0.013275026859249112,-0.011704687696936666,20
KOSPI200,202506,W3,pred_in,462870,-0.1413662239089184,-0.20652256959868884,-0.23150228415487462,20
KOSPI200,202506,W3,pred_in,001470,0.0,-0.06515634568977044,-0.09013606024595622,20
KOSPI200,202506,W3,pred_in,008040,0.02037351443123936,-0.04478283125853108,-0.06976254581471686,20
KOSPI200,202506,W3,pred_in,091810,-0.05810546875,-0.12326181443977044,-0.14824152899595622,20
KOSPI200,202506,W3,pred_in,020150,0.013100436681222627,-0.05205590900854781,-0.07703562356473359,20
KOSPI200,202506,W3,pred_in,012510,0.31493506493506485,0.2497787192452944,0.22479900468910863,20
KOSPI200,202506,W3,pred_in,395400,0.010526315789473717,-0.05463002990029672,-0.0796097444564825,20
KOSPI200,202506,W3,pred_in,020560,0.01831129196337744,-0.046845053726393,-0.07182476828257878,20
KOSPI200,202506,W3,pred_in,018670,0.32638888888888884,0.26123254319911837,0.23625282864293262,20
KOSPI200,202506,W3,pred_in,062040,0.3144475920679888,0.24929124637821834,0.22431153182203256,20
KOSPI200,202506,W3,pred_in,001720,0.3393739703459637,0.27421762465619326,0.2492379101000075,20
KOSPI200,202506,W3,pred_in,007660,0.32413793103448274,0.2589815853447123,0.23400187078852652,20
KOSPI200,202506,W3,pred_in,443060,-0.01877219685438869,-0.08392854254415913,-0.10890825710034491,20
KOSPI200,202506,W3,pred_in,006490,-0.26774256270659147,-0.33289890839636194,-0.3578786229525477,20
KOSPI200,202506,W3,pred_in,003690,0.12835820895522398,0.06320186326545355,0.03822214870926777,20
KOSPI200,202506,W3,pred_in,082740,-0.0740103270223752,-0.13916667271214564,-0.16414638726833142,20
KOSPI200,202506,W3,pred_in,307950,0.14179104477611948,0.07663469908634904,0.05165498453016326,20
KOSPI200,202506,W3,pred_in,006040,0.03305785123966931,-0.03209849445010113,-0.057078209006286906,20
KOSPI200,202506,W3,pred_in,011330,0.04631441617742982,-0.01884192951234062,-0.0438216440685264,20
KOSPI200,202506,W3,act_in,007340,0.11991434689507496,0.054758001205304524,0.029778286649118746,20
KOSPI200,202506,W3,act_in,017960,0.03571428571428581,-0.02944205997548463,-0.05442177453167041,20
KOSPI200,202506,W3,act_in,012630,0.11460674157303363,0.04945039588326319,0.024470681327077415,20
KOSPI200,202506,W3,act_in,443060,-0.01877219685438869,-0.08392854254415913,-0.10890825710034491,20
KOSPI200,202506,W3,act_in,071320,0.12702366127023668,0.06186731558046624,0.03688760102428046,20
KOSPI200,202506,W3,act_in,268280,-0.09346914319952071,-0.15862548888929115,-0.18360520344547693,20
KOSPI200,202506,W3,act_in,000670,0.07954026305032591,0.01438391736055547,-0.010595797195630308,20
KOSPI200,202506,W3,act_in,006040,0.03305785123966931,-0.03209849445010113,-0.057078209006286906,20
KOSPI200,202506,W3,hit,443060,-0.01877219685438869,-0.08392854254415913,-0.10890825710034491,20
KOSPI200,202506,W3,hit,006040,0.03305785123966931,-0.03209849445010113,-0.057078209006286906,20
KOSPI200,202506,W3,false_in,001570,0.0,-0.06515634568977044,-0.09013606024595622,20
KOSPI200,202506,W3,false_in,088980,-0.01025641025641022,-0.07541275594618066,-0.10039247050236644,20
KOSPI200,202506,W3,false_in,294870,-0.11317254174397029,-0.17832888743374073,-0.2033086019899265,20
KOSPI200,202506,W3,false_in,000990,0.023255813953488413,-0.041900531736282026,-0.0668802462924678,20
KOSPI200,202506,W3,false_in,103590,0.23885350318471343,0.173697157494943,0.14871744293875722,20
KOSPI200,202506,W3,false_in,267270,0.07843137254901955,0.013275026859249112,-0.011704687696936666,20
KOSPI200,202506,W3,false_in,462870,-0.1413662239089184,-0.20652256959868884,-0.23150228415487462,20
KOSPI200,202506,W3,false_in,001470,0.0,-0.06515634568977044,-0.09013606024595622,20
KOSPI200,202506,W3,false_in,008040,0.02037351443123936,-0.04478283125853108,-0.06976254581471686,20
KOSPI200,202506,W3,false_in,091810,-0.05810546875,-0.12326181443977044,-0.14824152899595622,20
KOSPI200,202506,W3,false_in,020150,0.013100436681222627,-0.05205590900854781,-0.07703562356473359,20
KOSPI200,202506,W3,false_in,012510,0.31493506493506485,0.2497787192452944,0.22479900468910863,20
KOSPI200,202506,W3,false_in,395400,0.010526315789473717,-0.05463002990029672,-0.0796097444564825,20
KOSPI200,202506,W3,false_in,020560,0.01831129196337744,-0.046845053726393,-0.07182476828257878,20
KOSPI200,202506,W3,false_in,018670,0.32638888888888884,0.26123254319911837,0.23625282864293262,20
KOSPI200,202506,W3,false_in,062040,0.3144475920679888,0.24929124637821834,0.22431153182203256,20
KOSPI200,202506,W3,false_in,001720,0.3393739703459637,0.27421762465619326,0.2492379101000075,20
KOSPI200,202506,W3,false_in,007660,0.32413793103448274,0.2589815853447123,0.23400187078852652,20
KOSPI200,202506,W3,false_in,006490,-0.26774256270659147,-0.33289890839636194,-0.3578786229525477,20
KOSPI200,202506,W3,false_in,003690,0.12835820895522398,0.06320186326545355,0.03822214870926777,20
KOSPI200,202506,W3,false_in,082740,-0.0740103270223752,-0.13916667271214564,-0.16414638726833142,20
KOSPI200,202506,W3,false_in,307950,0.14179104477611948,0.07663469908634904,0.05165498453016326,20
KOSPI200,202506,W3,false_in,011330,0.04631441617742982,-0.01884192951234062,-0.0438216440685264,20
KOSPI200,202506,W3,miss_in,007340,0.11991434689507496,0.054758001205304524,0.029778286649118746,20
KOSPI200,202506,W3,miss_in,017960,0.03571428571428581,-0.02944205997548463,-0.05442177453167041,20
KOSPI200,202506,W3,miss_in,012630,0.11460674157303363,0.04945039588326319,0.024470681327077415,20
KOSPI200,202506,W3,miss_in,071320,0.12702366127023668,0.06186731558046624,0.03688760102428046,20
KOSPI200,202506,W3,miss_in,268280,-0.09346914319952071,-0.15862548888929115,-0.18360520344547693,20
KOSPI200,202506,W3,miss_in,000670,0.07954026305032591,0.01438391736055547,-0.010595797195630308,20
KOSPI200,202506,W3,pred_out,145720,0.037518037518037506,-0.027638308171732934,-0.05261802272791871,20
KOSPI200,202506,W3,pred_out,001680,0.0647321428571428,-0.0004242028326276459,-0.025403917388813424,20
KOSPI200,202506,W3,pred_out,002710,-0.021939953810623525,-0.08709629950039396,-0.11207601405657974,20
KOSPI200,202506,W3,pred_out,069260,0.05508474576271194,-0.0100715999270585,-0.03505131448324428,20
KOSPI200,202506,W3,pred_out,003240,0.17658349328214973,0.11142714759237929,0.08644743303619351,20
KOSPI200,202506,W3,pred_out,005250,-0.0005952380952380931,-0.06575158378500853,-0.09073129834119431,20
KOSPI200,202506,W3,pred_out,039130,0.0756143667296787,0.010458021039908255,-0.014521693516277523,20
KOSPI200,202506,W3,pred_out,006110,-0.09593169261677548,-0.16108803830654592,-0.1860677528627317,20
KOSPI200,202506,W3,pred_out,003620,0.06160458452722062,-0.0035517611625498213,-0.0285314757187356,20
KOSPI200,202506,W3,pred_out,271940,0.11296791443850274,0.0478115687487323,0.02283185419254652,20
KOSPI200,202506,W3,pred_out,105630,0.014453477868112019,-0.05070286782165842,-0.0756825823778442,20
KOSPI200,202506,W3,pred_out,178920,-0.014392324093816633,-0.07954866978358707,-0.10452838433977285,20
KOSPI200,202506,W3,pred_out,006650,0.1303344867358709,0.06517814104610045,0.040198426489914674,20
KOSPI200,202506,W3,pred_out,093370,-0.03472222222222221,-0.09987856791199265,-0.12485828246817843,20
KOSPI200,202506,W3,pred_out,285130,0.20695364238410585,0.1417972966943354,0.11681758213814963,20
KOSPI200,202506,W3,pred_out,000210,0.13973799126637565,0.07458164557660521,0.04960193102041943,20
KOSPI200,202506,W3,pred_out,005420,0.02090357383681729,-0.04425277185295315,-0.06923248640913893,20
KOSPI200,202506,W3,pred_out,008730,-0.12264150943396224,-0.18779785512373268,-0.21277756967991845,20
KOSPI200,202506,W3,pred_out,001430,0.34549356223175964,0.2803372165419892,0.2553575019858034,20
KOSPI200,202506,W3,pred_out,114090,0.1529334212261042,0.08777707553633377,0.06279736098014799,20
KOSPI200,202506,W3,pred_out,456040,-0.043771043771043794,-0.10892738946081423,-0.133907104017,20
KOSPI200,202506,W3,act_out,001120,0.08591065292096212,0.020754307231191677,-0.0042254073249941015,20
KOSPI200,202506,W3,act_out,336260,0.26037344398340245,0.195217098293632,0.17023738373744624,20
KOSPI200,202506,W3,act_out,271940,0.11296791443850274,0.0478115687487323,0.02283185419254652,20
KOSPI200,202506,W3,act_out,001740,0.08934707903780059,0.024190733348030152,-0.0007889812081556258,20
KOSPI200,202506,W3,act_out,105630,0.014453477868112019,-0.05070286782165842,-0.0756825823778442,20
KOSPI200,202506,W3,act_out,178920,-0.014392324093816633,-0.07954866978358707,-0.10452838433977285,20
KOSPI200,202506,W3,act_out,005070,0.001394700139470073,-0.06376164555030037,-0.08874136010648614,20
KOSPI200,202506,W3,act_out,006110,-0.09593169261677548,-0.16108803830654592,-0.1860677528627317,20
KOSPI200,202506,FULL,pred_in,001570,0.0,-0.12627901404481964,-0.14073029428195283,25
KOSPI200,202506,FULL,pred_in,088980,0.009490940465918918,-0.11678807357890073,-0.1312393538160339,25
KOSPI200,202506,FULL,pred_in,294870,0.061023622047243986,-0.06525539199757566,-0.07970667223470884,25
KOSPI200,202506,FULL,pred_in,000990,0.17578125,0.04950223595518036,0.03505095571804717,25
KOSPI200,202506,FULL,pred_in,103590,0.18939393939393945,0.0631149253491198,0.04866364511198662,25
KOSPI200,202506,FULL,pred_in,267270,0.0332850940665701,-0.09299391997824955,-0.10744520021538273,25
KOSPI200,202506,FULL,pred_in,462870,-0.04873646209386284,-0.17501547613868249,-0.18946675637581567,25
KOSPI200,202506,FULL,pred_in,001470,0.0,-0.12627901404481964,-0.14073029428195283,25
KOSPI200,202506,FULL,pred_in,008040,0.10610328638497646,-0.020175727659843185,-0.03462700789697637,25
KOSPI200,202506,FULL,pred_in,091810,-0.0019493177387914784,-0.12822833178361112,-0.1426796120207443,25
KOSPI200,202506,FULL,pred_in,020150,0.011037527593819041,-0.1152414864510006,-0.1296927666881338,25
KOSPI200,202506,FULL,pred_in,012510,-0.004846526655896577,-0.13112554070071622,-0.1455768209378494,25
KOSPI200,202506,FULL,pred_in,395400,-0.050000000000000044,-0.1762790140448197,-0.19073029428195287,25
KOSPI200,202506,FULL,pred_in,020560,0.04021164021164014,-0.0860673738331795,-0.10051865407031269,25
KOSPI200,202506,FULL,pred_in,018670,-0.0788912579957356,-0.20517027204055524,-0.21962155227768843,25
KOSPI200,202506,FULL,pred_in,062040,0.22569444444444442,0.09941543039962478,0.08496415016249159,25
KOSPI200,202506,FULL,pred_in,001720,0.2805907172995781,0.15431170325475843,0.13986042301762525,25
KOSPI200,202506,FULL,pred_in,007660,0.1852861035422344,0.05900708949741476,0.044555809260281576,25
KOSPI200,202506,FULL,pred_in,443060,0.28823529411764715,0.1619562800728275,0.14750499983569432,25
KOSPI200,202506,FULL,pred_in,006490,0.2832903601430592,0.15701134609823955,0.14256006586110637,25
KOSPI200,202506,FULL,pred_in,003690,0.2331288343558282,0.10684982031100856,0.09239854007387538,25
KOSPI200,202506,FULL,pred_in,082740,0.04684684684684681,-0.07943216719797283,-0.09388344743510602,25
KOSPI200,202506,FULL,pred_in,307950,0.17543859649122817,0.04915958244640853,0.034708302209275343,25
KOSPI200,202506,FULL,pred_in,006040,0.1592814371257485,0.03300242308092885,0.018551142843795665,25
KOSPI200,202506,FULL,pred_in,011330,-0.07259528130671511,-0.19887429535153475,-0.21332557558866794,25
KOSPI200,202506,FULL,act_in,007340,0.14460784313725483,0.01832882909243519,0.0038775488553020043,25
KOSPI200,202506,FULL,act_in,017960,0.13763331640426602,0.011354302359446372,-0.003096977877686813,25
KOSPI200,202506,FULL,act_in,012630,0.15945805106826483,0.033179037023445185,0.018727756786312,25
KOSPI200,202506,FULL,act_in,443060,0.28823529411764715,0.1619562800728275,0.14750499983569432,25
KOSPI200,202506,FULL,act_in,071320,0.5179584120982987,0.39167939805347907,0.3772281178163459,25
KOSPI200,202506,FULL,act_in,268280,0.07677419354838699,-0.04950482049643265,-0.06395610073356583,25
KOSPI200,202506,FULL,act_in,000670,0.18419703872437365,0.05791802467955401,0.043466744442420824,25
KOSPI200,202506,FULL,act_in,006040,0.1592814371257485,0.03300242308092885,0.018551142843795665,25
KOSPI200,202506,FULL,hit,443060,0.28823529411764715,0.1619562800728275,0.14750499983569432,25
KOSPI200,202506,FULL,hit,006040,0.1592814371257485,0.03300242308092885,0.018551142843795665,25
KOSPI200,202506,FULL,false_in,001570,0.0,-0.12627901404481964,-0.14073029428195283,25
KOSPI200,202506,FULL,false_in,088980,0.009490940465918918,-0.11678807357890073,-0.1312393538160339,25
KOSPI200,202506,FULL,false_in,294870,0.061023622047243986,-0.06525539199757566,-0.07970667223470884,25
KOSPI200,202506,FULL,false_in,000990,0.17578125,0.04950223595518036,0.03505095571804717,25
KOSPI200,202506,FULL,false_in,103590,0.18939393939393945,0.0631149253491198,0.04866364511198662,25
KOSPI200,202506,FULL,false_in,267270,0.0332850940665701,-0.09299391997824955,-0.10744520021538273,25
KOSPI200,202506,FULL,false_in,462870,-0.04873646209386284,-0.17501547613868249,-0.18946675637581567,25
KOSPI200,202506,FULL,false_in,001470,0.0,-0.12627901404481964,-0.14073029428195283,25
KOSPI200,202506,FULL,false_in,008040,0.10610328638497646,-0.020175727659843185,-0.03462700789697637,25
KOSPI200,202506,FULL,false_in,091810,-0.0019493177387914784,-0.12822833178361112,-0.1426796120207443,25
KOSPI200,202506,FULL,false_in,020150,0.011037527593819041,-0.1152414864510006,-0.1296927666881338,25
KOSPI200,202506,FULL,false_in,012510,-0.004846526655896577,-0.13112554070071622,-0.1455768209378494,25
KOSPI200,202506,FULL,false_in,395400,-0.050000000000000044,-0.1762790140448197,-0.19073029428195287,25
KOSPI200,202506,FULL,false_in,020560,0.04021164021164014,-0.0860673738331795,-0.10051865407031269,25
KOSPI200,202506,FULL,false_in,018670,-0.0788912579957356,-0.20517027204055524,-0.21962155227768843,25
KOSPI200,202506,FULL,false_in,062040,0.22569444444444442,0.09941543039962478,0.08496415016249159,25
KOSPI200,202506,FULL,false_in,001720,0.2805907172995781,0.15431170325475843,0.13986042301762525,25
KOSPI200,202506,FULL,false_in,007660,0.1852861035422344,0.05900708949741476,0.044555809260281576,25
KOSPI200,202506,FULL,false_in,006490,0.2832903601430592,0.15701134609823955,0.14256006586110637,25
KOSPI200,202506,FULL,false_in,003690,0.2331288343558282,0.10684982031100856,0.09239854007387538,25
KOSPI200,202506,FULL,false_in,082740,0.04684684684684681,-0.07943216719797283,-0.09388344743510602,25
KOSPI200,202506,FULL,false_in,307950,0.17543859649122817,0.04915958244640853,0.034708302209275343,25
KOSPI200,202506,FULL,false_in,011330,-0.07259528130671511,-0.19887429535153475,-0.21332557558866794,25
KOSPI200,202506,FULL,miss_in,007340,0.14460784313725483,0.01832882909243519,0.0038775488553020043,25
KOSPI200,202506,FULL,miss_in,017960,0.13763331640426602,0.011354302359446372,-0.003096977877686813,25
KOSPI200,202506,FULL,miss_in,012630,0.15945805106826483,0.033179037023445185,0.018727756786312,25
KOSPI200,202506,FULL,miss_in,071320,0.5179584120982987,0.39167939805347907,0.3772281178163459,25
KOSPI200,202506,FULL,miss_in,268280,0.07677419354838699,-0.04950482049643265,-0.06395610073356583,25
KOSPI200,202506,FULL,miss_in,000670,0.18419703872437365,0.05791802467955401,0.043466744442420824,25
KOSPI200,202506,FULL,pred_out,145720,-0.044137931034482714,-0.17041694507930236,-0.18486822531643554,25
KOSPI200,202506,FULL,pred_out,001680,-0.08384458077709611,-0.21012359482191575,-0.22457487505904894,25
KOSPI200,202506,FULL,pred_out,002710,-0.1425742574257426,-0.26885327147056226,-0.2833045517076954,25
KOSPI200,202506,FULL,pred_out,069260,0.017868145409735137,-0.1084108686350845,-0.12286214887221769,25
KOSPI200,202506,FULL,pred_out,003240,0.3986577181208053,0.27237870407598563,0.2579274238388525,25
KOSPI200,202506,FULL,pred_out,005250,0.2086330935251799,0.08235407948036025,0.06790279924322706,25
KOSPI200,202506,FULL,pred_out,039130,0.031189083820662766,-0.09508993022415688,-0.10954121046129006,25
KOSPI200,202506,FULL,pred_out,006110,-0.19392712550607283,-0.3202061395508925,-0.33465741978802566,25
KOSPI200,202506,FULL,pred_out,003620,0.0,-0.12627901404481964,-0.14073029428195283,25
KOSPI200,202506,FULL,pred_out,271940,0.12228057014253557,-0.003998443902284071,-0.018449724139417256,25
KOSPI200,202506,FULL,pred_out,105630,-0.011607142857142816,-0.13788615690196246,-0.15233743713909564,25
KOSPI200,202506,FULL,pred_out,178920,0.1717676452217365,0.045488631176916844,0.03103735093978366,25
KOSPI200,202506,FULL,pred_out,006650,0.03214285714285725,-0.09413615690196239,-0.10858743713909558,25
KOSPI200,202506,FULL,pred_out,093370,0.15068493150684925,0.024405917462029608,0.009954637224896423,25
KOSPI200,202506,FULL,pred_out,285130,0.48768472906403937,0.3614057150192197,0.34695443478208654,25
KOSPI200,202506,FULL,pred_out,000210,0.4157650695517774,0.2894860555069577,0.27503477526982456,25
KOSPI200,202506,FULL,pred_out,005420,-0.02176781002638517,-0.1480468240712048,-0.162498104308338,25
KOSPI200,202506,FULL,pred_out,008730,0.16697247706422025,0.040693463019400605,0.02624218278226742,25
KOSPI200,202506,FULL,pred_out,001430,0.32011331444759206,0.1938343004027724,0.17938302016563923,25
KOSPI200,202506,FULL,pred_out,114090,0.24958813838550253,0.12330912434068289,0.1088578441035497,25
KOSPI200,202506,FULL,pred_out,456040,0.08791208791208782,-0.03836692613273182,-0.052818206369865006,25
KOSPI200,202506,FULL,act_out,001120,0.09811320754716979,-0.028165806497649853,-0.04261708673478304,25
KOSPI200,202506,FULL,act_out,336260,0.2904953145917002,0.16421630054688055,0.14976502030974737,25
KOSPI200,202506,FULL,act_out,271940,0.12228057014253557,-0.003998443902284071,-0.018449724139417256,25
KOSPI200,202506,FULL,act_out,001740,0.03191489361702127,-0.09436412042779838,-0.10881540066493156,25
KOSPI200,202506,FULL,act_out,105630,-0.011607142857142816,-0.13788615690196246,-0.15233743713909564,25
KOSPI200,202506,FULL,act_out,178920,0.1717676452217365,0.045488631176916844,0.03103735093978366,25
KOSPI200,202506,FULL,act_out,005070,-0.0760309278350515,-0.20230994187987114,-0.21676122211700433,25
KOSPI200,202506,FULL,act_out,006110,-0.19392712550607283,-0.3202061395508925,-0.33465741978802566,25
KOSPI200,202512,W1,pred_in,064400,-0.20714285714285718,-0.1872527735418359,-0.14360466198289257,11
KOSPI200,202512,W1,pred_in,023590,-0.10794044665012403,-0.08805036304910274,-0.04440225149015942,11
KOSPI200,202512,W1,pred_in,088980,0.03730664240218373,0.057196726003205016,0.10084483756214835,11
KOSPI200,202512,W1,pred_in,294870,-0.03077725612936877,-0.010887172528347484,0.03276093903059585,11
KOSPI200,202512,W1,pred_in,000990,0.14601018675721567,0.16590027035823696,0.20954838191718028,11
KOSPI200,202512,W1,pred_in,103590,-0.13207547169811318,-0.11218538809709189,-0.06853727653814856,11
KOSPI200,202512,W1,pred_in,267270,-0.1112224448897795,-0.09133236128875821,-0.04768424972981489,11
KOSPI200,202512,W1,pred_in,462870,-0.10088272383354346,-0.08099264023252217,-0.03734452867357885,11
KOSPI200,202512,W1,pred_in,008040,-0.0009033423667570428,0.01898674123426424,0.06263485279320757,11
KOSPI200,202512,W1,pred_in,091810,-0.1147635524798154,-0.09487346887879411,-0.051225357319850784,11
KOSPI200,202512,W1,pred_in,012510,0.04401805869074482,0.06390814229176611,0.10755625385070944,11
KOSPI200,202512,W1,pred_in,395400,-0.009451795841209809,0.010438287759811475,0.05408639931875481,11
KOSPI200,202512,W1,pred_in,336260,-0.2542759407069556,-0.2343858571059343,-0.19073774554699097,11
KOSPI200,202512,W1,pred_in,020560,-0.03103448275862064,-0.011144399157599356,0.032503712401343976,11
KOSPI200,202512,W1,pred_in,018670,-0.03860294117647056,-0.018712857575449278,0.024935253983494055,11
KOSPI200,202512,W1,pred_in,062040,-0.18020154119739185,-0.16031145759637055,-0.11666334603742723,11
KOSPI200,202512,W1,pred_in,001720,-0.06518904823989569,-0.0452989646388744,-0.0016508530799310694,11
KOSPI200,202512,W1,pred_in,007660,0.07006920415224904,0.08995928775327033,0.13360739931221366,11
KOSPI200,202512,W1,pred_in,031210,0.011055276381909618,0.030945359982930902,0.07459347154187423,11
KOSPI200,202512,W1,pred_in,003570,-0.16382575757575757,-0.14393567397473628,-0.10028756241579295,11
KOSPI200,202512,W1,pred_in,003690,0.07552581261950286,0.09541589622052415,0.13906400777946748,11
KOSPI200,202512,W1,pred_in,082740,-0.19140625,-0.1715161663989787,-0.12786805484003538,11
KOSPI200,202512,W1,pred_in,307950,-0.19466666666666665,-0.17477658306564536,-0.13112847150670204,11
KOSPI200,202512,W1,pred_in,034230,-0.12404787812840046,-0.10415779452737917,-0.06050968296843584,11
KOSPI200,202512,W1,pred_in,011330,0.013137557959814528,0.03302764156083581,0.07667575311977914,11
KOSPI200,202512,W1,act_in,064400,-0.20714285714285718,-0.1872527735418359,-0.14360466198289257,11
KOSPI200,202512,W1,act_in,002030,0.058906030855540026,0.07879611445656132,0.12244422601550464,11
KOSPI200,202512,W1,act_in,082740,-0.19140625,-0.1715161663989787,-0.12786805484003538,11
KOSPI200,202512,W1,act_in,062040,-0.18020154119739185,-0.16031145759637055,-0.11666334603742723,11
KOSPI200,202512,W1,act_in,307950,-0.19466666666666665,-0.17477658306564536,-0.13112847150670204,11
KOSPI200,202512,W1,act_in,007660,0.07006920415224904,0.08995928775327033,0.13360739931221366,11
KOSPI200,202512,W1,act_in,034230,-0.12404787812840046,-0.10415779452737917,-0.06050968296843584,11
KOSPI200,202512,W1,hit,064400,-0.20714285714285718,-0.1872527735418359,-0.14360466198289257,11
KOSPI200,202512,W1,hit,082740,-0.19140625,-0.1715161663989787,-0.12786805484003538,11
KOSPI200,202512,W1,hit,062040,-0.18020154119739185,-0.16031145759637055,-0.11666334603742723,11
KOSPI200,202512,W1,hit,307950,-0.19466666666666665,-0.17477658306564536,-0.13112847150670204,11
KOSPI200,202512,W1,hit,007660,0.07006920415224904,0.08995928775327033,0.13360739931221366,11
KOSPI200,202512,W1,hit,034230,-0.12404787812840046,-0.10415779452737917,-0.06050968296843584,11
KOSPI200,202512,W1,false_in,023590,-0.10794044665012403,-0.08805036304910274,-0.04440225149015942,11
KOSPI200,202512,W1,false_in,088980,0.03730664240218373,0.057196726003205016,0.10084483756214835,11
KOSPI200,202512,W1,false_in,294870,-0.03077725612936877,-0.010887172528347484,0.03276093903059585,11
KOSPI200,202512,W1,false_in,000990,0.14601018675721567,0.16590027035823696,0.20954838191718028,11
KOSPI200,202512,W1,false_in,103590,-0.13207547169811318,-0.11218538809709189,-0.06853727653814856,11
KOSPI200,202512,W1,false_in,267270,-0.1112224448897795,-0.09133236128875821,-0.04768424972981489,11
KOSPI200,202512,W1,false_in,462870,-0.10088272383354346,-0.08099264023252217,-0.03734452867357885,11
KOSPI200,202512,W1,false_in,008040,-0.0009033423667570428,0.01898674123426424,0.06263485279320757,11
KOSPI200,202512,W1,false_in,091810,-0.1147635524798154,-0.09487346887879411,-0.051225357319850784,11
KOSPI200,202512,W1,false_in,012510,0.04401805869074482,0.06390814229176611,0.10755625385070944,11
KOSPI200,202512,W1,false_in,395400,-0.009451795841209809,0.010438287759811475,0.05408639931875481,11
KOSPI200,202512,W1,false_in,336260,-0.2542759407069556,-0.2343858571059343,-0.19073774554699097,11
KOSPI200,202512,W1,false_in,020560,-0.03103448275862064,-0.011144399157599356,0.032503712401343976,11
KOSPI200,202512,W1,false_in,018670,-0.03860294117647056,-0.018712857575449278,0.024935253983494055,11
KOSPI200,202512,W1,false_in,001720,-0.06518904823989569,-0.0452989646388744,-0.0016508530799310694,11
KOSPI200,202512,W1,false_in,031210,0.011055276381909618,0.030945359982930902,0.07459347154187423,11
KOSPI200,202512,W1,false_in,003570,-0.16382575757575757,-0.14393567397473628,-0.10028756241579295,11
KOSPI200,202512,W1,false_in,003690,0.07552581261950286,0.09541589622052415,0.13906400777946748,11
KOSPI200,202512,W1,false_in,011330,0.013137557959814528,0.03302764156083581,0.07667575311977914,11
KOSPI200,202512,W1,miss_in,002030,0.058906030855540026,0.07879611445656132,0.12244422601550464,11
KOSPI200,202512,W1,pred_out,145720,-0.11652173913043473,-0.09663165552941344,-0.052983543970470115,11
KOSPI200,202512,W1,pred_out,014820,-0.04332129963898912,-0.023431216037967835,0.020216895520975497,11
KOSPI200,202512,W1,pred_out,298020,0.04622871046228716,0.06611879406330845,0.10976690562225178,11
KOSPI200,202512,W1,pred_out,002840,-0.028956228956228958,-0.009066145355207673,0.03458196620373566,11
KOSPI200,202512,W1,pred_out,001680,0.004878048780487809,0.024768132381509093,0.06841624394045243,11
KOSPI200,202512,W1,pred_out,268280,-0.028017241379310387,-0.008127157778289103,0.03552095378065423,11
KOSPI200,202512,W1,pred_out,002710,-0.13351498637602177,-0.11362490277500048,-0.06997679121605715,11
KOSPI200,202512,W1,pred_out,069260,-0.018528916339135337,0.0013611672618859469,0.04500927882082928,11
KOSPI200,202512,W1,pred_out,003240,0.002512562814070307,0.02240264641509159,0.06605075797403492,11
KOSPI200,202512,W1,pred_out,005250,-0.005053695514845247,0.014836388086176037,0.05848449964511937,11
KOSPI200,202512,W1,pred_out,039130,-0.004287245444801746,0.015602838156219538,0.05925094971516287,11
KOSPI200,202512,W1,pred_out,071320,0.08324661810613954,0.10313670170716083,0.14678481326610415,11
KOSPI200,202512,W1,pred_out,000670,0.18847391598915997,0.20836399959018126,0.2520121111491246,11
KOSPI200,202512,W1,pred_out,003030,-0.03274021352313172,-0.012850129922110438,0.030797981636832894,11
KOSPI200,202512,W1,pred_out,298050,0.07351351351351343,0.09340359711453472,0.13705170867347805,11
KOSPI200,202512,W1,pred_out,003620,-0.124,-0.10410991639897871,-0.06046180484003538,11
KOSPI200,202512,W1,pred_out,004490,-0.09782608695652173,-0.07793600335550044,-0.03428789179655711,11
KOSPI200,202512,W1,pred_out,009240,-0.018599562363238564,0.00129052123778272,0.04493863279672605,11
KOSPI200,202512,W1,pred_out,006650,0.08093797276853243,0.10082805636955372,0.14447616792849705,11
KOSPI200,202512,W1,pred_out,093370,-0.060869565217391286,-0.04097948161637,0.0026686299425733306,11
KOSPI200,202512,W1,pred_out,000210,-0.0025839793281653423,0.017306104272855942,0.060954215831799274,11
KOSPI200,202512,W1,pred_out,005420,-0.10407006697578569,-0.0841799833747644,-0.040531871815821074,11
KOSPI200,202512,W1,pred_out,008730,-0.08320726172465964,-0.06331717812363835,-0.019669066564695026,11
KOSPI200,202512,W1,pred_out,001430,-0.003724394785847296,0.01616568881517399,0.05981380037411732,11
KOSPI200,202512,W1,pred_out,114090,-0.07727272727272727,-0.057382643671705987,-0.013734532112762654,11
KOSPI200,202512,W1,pred_out,456040,-0.043408360128617374,-0.02351827652759609,0.020129835031347243,11
KOSPI200,202512,W1,act_out,145720,-0.11652173913043473,-0.09663165552941344,-0.052983543970470115,11
KOSPI200,202512,W1,act_out,003620,-0.124,-0.10410991639897871,-0.06046180484003538,11
KOSPI200,202512,W1,act_out,012630,-0.08764289602612951,-0.06775281242510822,-0.024104700866164896,11
KOSPI200,202512,W1,act_out,489790,-0.07754279959718025,-0.05765271599615896,-0.014004604437215629,11
KOSPI200,202512,W1,act_out,039130,-0.004287245444801746,0.015602838156219538,0.05925094971516287,11
KOSPI200,202512,W1,act_out,002710,-0.13351498637602177,-0.11362490277500048,-0.06997679121605715,11
KOSPI200,202512,W1,act_out,456040,-0.043408360128617374,-0.02351827652759609,0.020129835031347243,11
KOSPI200,202512,W2,pred_in,064400,0.15957446808510634,0.11488125932628863,0.1134847520645339,16
KOSPI200,202512,W2,pred_in,023590,0.033519553072625774,-0.011173655686191927,-0.012570162947946661,16
KOSPI200,202512,W2,pred_in,088980,0.013066202090592283,-0.03162700666822542,-0.03302351392998015,16
KOSPI200,202512,W2,pred_in,294870,0.13429641519529167,0.08960320643647397,0.08820669917471924,16
KOSPI200,202512,W2,pred_in,000990,0.0121765601217656,-0.0325166486370521,-0.033913155898806835,16
KOSPI200,202512,W2,pred_in,103590,0.008880994671403242,-0.03581221408741446,-0.037208721349169194,16
KOSPI200,202512,W2,pred_in,267270,0.17725752508361214,0.13256431632479443,0.1311678090630397,16
KOSPI200,202512,W2,pred_in,462870,0.07293127629733531,0.02823806753851761,0.026841560276762877,16
KOSPI200,202512,W2,pred_in,008040,0.025316455696202445,-0.019376753062615257,-0.02077326032436999,16
KOSPI200,202512,W2,pred_in,091810,-0.030618892508143314,-0.07531210126696102,-0.07670860852871575,16
KOSPI200,202512,W2,pred_in,012510,-0.03536977491961413,-0.08006298367843183,-0.08145949094018656,16
KOSPI200,202512,W2,pred_in,395400,0.07779886148007598,0.033105652721258275,0.03170914545950354,16
KOSPI200,202512,W2,pred_in,336260,-0.017799352750809017,-0.06249256150962672,-0.06388906877138145,16
KOSPI200,202512,W2,pred_in,020560,-0.028537455410225898,-0.0732306641690436,-0.07462717143079833,16
KOSPI200,202512,W2,pred_in,018670,-0.0876190476190476,-0.1323122563778653,-0.13370876363962003,16
KOSPI200,202512,W2,pred_in,062040,0.061253561253561184,0.016560352494743483,0.015163845232988749,16
KOSPI200,202512,W2,pred_in,001720,-0.013333333333333308,-0.05802654209215101,-0.059423049353905744,16
KOSPI200,202512,W2,pred_in,007660,0.1614420062695925,0.11674879751077478,0.11535229024902005,16
KOSPI200,202512,W2,pred_in,031210,0.01814516129032251,-0.026548047468495192,-0.027944554730249926,16
KOSPI200,202512,W2,pred_in,003570,0.034482758620689724,-0.010210450138127977,-0.011606957399882711,16
KOSPI200,202512,W2,pred_in,003690,0.007929515418502175,-0.036763693340315526,-0.03816020060207026,16
KOSPI200,202512,W2,pred_in,082740,0.07117437722419928,0.02648116846538158,0.025084661203626846,16
KOSPI200,202512,W2,pred_in,307950,0.6032171581769437,0.558523949418126,0.5571274421563712,16
KOSPI200,202512,W2,pred_in,034230,0.10562075355157496,0.06092754479275726,0.05953103753100253,16
KOSPI200,202512,W2,pred_in,011330,-0.0301659125188537,-0.0748591212776714,-0.07625562853942613,16
KOSPI200,202512,W2,act_in,064400,0.15957446808510634,0.11488125932628863,0.1134847520645339,16
KOSPI200,202512,W2,act_in,002030,-0.04834605597964381,-0.09303926473846151,-0.09443577200021624,16
KOSPI200,202512,W2,act_in,082740,0.07117437722419928,0.02648116846538158,0.025084661203626846,16
KOSPI200,202512,W2,act_in,062040,0.061253561253561184,0.016560352494743483,0.015163845232988749,16
KOSPI200,202512,W2,act_in,307950,0.6032171581769437,0.558523949418126,0.5571274421563712,16
KOSPI200,202512,W2,act_in,007660,0.1614420062695925,0.11674879751077478,0.11535229024902005,16
KOSPI200,202512,W2,act_in,034230,0.10562075355157496,0.06092754479275726,0.05953103753100253,16
KOSPI200,202512,W2,hit,064400,0.15957446808510634,0.11488125932628863,0.1134847520645339,16
KOSPI200,202512,W2,hit,082740,0.07117437722419928,0.02648116846538158,0.025084661203626846,16
KOSPI200,202512,W2,hit,062040,0.061253561253561184,0.016560352494743483,0.015163845232988749,16
KOSPI200,202512,W2,hit,307950,0.6032171581769437,0.558523949418126,0.5571274421563712,16
KOSPI200,202512,W2,hit,007660,0.1614420062695925,0.11674879751077478,0.11535229024902005,16
KOSPI200,202512,W2,hit,034230,0.10562075355157496,0.06092754479275726,0.05953103753100253,16
KOSPI200,202512,W2,false_in,023590,0.033519553072625774,-0.011173655686191927,-0.012570162947946661,16
KOSPI200,202512,W2,false_in,088980,0.013066202090592283,-0.03162700666822542,-0.03302351392998015,16
KOSPI200,202512,W2,false_in,294870,0.13429641519529167,0.08960320643647397,0.08820669917471924,16
KOSPI200,202512,W2,false_in,000990,0.0121765601217656,-0.0325166486370521,-0.033913155898806835,16
KOSPI200,202512,W2,false_in,103590,0.008880994671403242,-0.03581221408741446,-0.037208721349169194,16
KOSPI200,202512,W2,false_in,267270,0.17725752508361214,0.13256431632479443,0.1311678090630397,16
KOSPI200,202512,W2,false_in,462870,0.07293127629733531,0.02823806753851761,0.026841560276762877,16
KOSPI200,202512,W2,false_in,008040,0.025316455696202445,-0.019376753062615257,-0.02077326032436999,16
KOSPI200,202512,W2,false_in,091810,-0.030618892508143314,-0.07531210126696102,-0.07670860852871575,16
KOSPI200,202512,W2,false_in,012510,-0.03536977491961413,-0.08006298367843183,-0.08145949094018656,16
KOSPI200,202512,W2,false_in,395400,0.07779886148007598,0.033105652721258275,0.03170914545950354,16
KOSPI200,202512,W2,false_in,336260,-0.017799352750809017,-0.06249256150962672,-0.06388906877138145,16
KOSPI200,202512,W2,false_in,020560,-0.028537455410225898,-0.0732306641690436,-0.07462717143079833,16
KOSPI200,202512,W2,false_in,018670,-0.0876190476190476,-0.1323122563778653,-0.13370876363962003,16
KOSPI200,202512,W2,false_in,001720,-0.013333333333333308,-0.05802654209215101,-0.059423049353905744,16
KOSPI200,202512,W2,false_in,031210,0.01814516129032251,-0.026548047468495192,-0.027944554730249926,16
KOSPI200,202512,W2,false_in,003570,0.034482758620689724,-0.010210450138127977,-0.011606957399882711,16
KOSPI200,202512,W2,false_in,003690,0.007929515418502175,-0.036763693340315526,-0.03816020060207026,16
KOSPI200,202512,W2,false_in,011330,-0.0301659125188537,-0.0748591212776714,-0.07625562853942613,16
KOSPI200,202512,W2,miss_in,002030,-0.04834605597964381,-0.09303926473846151,-0.09443577200021624,16
KOSPI200,202512,W2,pred_out,145720,0.001006036217303885,-0.043687172541513816,-0.04508367980326855,16
KOSPI200,202512,W2,pred_out,014820,0.03947368421052633,-0.005219524548291374,-0.006616031810046108,16
KOSPI200,202512,W2,pred_out,298020,0.0821596244131455,0.0374664156543278,0.03606990839257307,16
KOSPI200,202512,W2,pred_out,002840,0.08756080611535788,0.04286759735654018,0.041471090094785446,16
KOSPI200,202512,W2,pred_out,001680,0.009661835748792313,-0.03503137301002539,-0.03642788027178012,16
KOSPI200,202512,W2,pred_out,268280,0.019302152932442418,-0.025391055826375283,-0.026787563088130018,16
KOSPI200,202512,W2,pred_out,002710,0.0990990990990992,0.054405890340281496,0.05300938307852676,16
KOSPI200,202512,W2,pred_out,069260,0.0829621380846326,0.038268929325814896,0.03687242206406016,16
KOSPI200,202512,W2,pred_out,003240,0.01896333754740831,-0.02572987121140939,-0.027126378473164126,16
KOSPI200,202512,W2,pred_out,005250,0.047229219143576806,0.002536010384759105,0.0011395031230043706,16
KOSPI200,202512,W2,pred_out,039130,0.023084994753410193,-0.02160821400540751,-0.023004721267162243,16
KOSPI200,202512,W2,pred_out,071320,0.014312977099236734,-0.030380231659580967,-0.0317767389213357,16
KOSPI200,202512,W2,pred_out,000670,0.16638750286510207,0.12169429410628436,0.12029778684452963,16
KOSPI200,202512,W2,pred_out,003030,-0.0014388489208633226,-0.046132057679681024,-0.04752856494143576,16
KOSPI200,202512,W2,pred_out,298050,-0.01463907117617369,-0.05933227993499139,-0.060728787196746126,16
KOSPI200,202512,W2,pred_out,003620,0.055384615384615365,0.010691406625797664,0.00929489936404293,16
KOSPI200,202512,W2,pred_out,004490,0.12116040955631391,0.07646720079749621,0.07507069353574147,16
KOSPI200,202512,W2,pred_out,009240,0.03587443946188351,-0.00881876929693419,-0.010215276558688924,16
KOSPI200,202512,W2,pred_out,006650,-0.011556764106050332,-0.056249972864868034,-0.05764648012662277,16
KOSPI200,202512,W2,pred_out,093370,-0.020807833537331732,-0.06550104229614943,-0.06689754955790417,16
KOSPI200,202512,W2,pred_out,000210,0.04015544041450769,-0.004537768344310009,-0.005934275606064743,16
KOSPI200,202512,W2,pred_out,005420,0.03701492537313422,-0.007678283385683479,-0.009074790647438213,16
KOSPI200,202512,W2,pred_out,008730,-0.006611570247933907,-0.05130477900675161,-0.05270128626850634,16
KOSPI200,202512,W2,pred_out,001430,0.30492424242424243,0.2602310336654247,0.25883452640367,16
KOSPI200,202512,W2,pred_out,114090,-0.004225352112676051,-0.04891856087149375,-0.050315068133248486,16
KOSPI200,202512,W2,pred_out,456040,0.04116638078902235,-0.0035268279697953514,-0.004923335231550086,16
KOSPI200,202512,W2,act_out,145720,0.001006036217303885,-0.043687172541513816,-0.04508367980326855,16
KOSPI200,202512,W2,act_out,003620,0.055384615384615365,0.010691406625797664,0.00929489936404293,16
KOSPI200,202512,W2,act_out,012630,0.071301247771836,0.026608039013018295,0.02521153175126356,16
KOSPI200,202512,W2,act_out,489790,-0.19853709508881923,-0.24323030384763694,-0.24462681110939166,16
KOSPI200,202512,W2,act_out,039130,0.023084994753410193,-0.02160821400540751,-0.023004721267162243,16
KOSPI200,202512,W2,act_out,002710,0.0990990990990992,0.054405890340281496,0.05300938307852676,16
KOSPI200,202512,W2,act_out,456040,0.04116638078902235,-0.0035268279697953514,-0.004923335231550086,16
KOSPI200,202512,W3,pred_in,064400,-0.03822629969418956,-0.03551019183749571,-0.17981564631343439,20
KOSPI200,202512,W3,pred_in,023590,0.02837837837837842,0.03109448623507227,-0.1132109682408664,20
KOSPI200,202512,W3,pred_in,088980,-0.04901117798796217,-0.04629507013126832,-0.190600524607207,20
KOSPI200,202512,W3,pred_in,294870,-0.028301886792452824,-0.025585778935758974,-0.16989123341169765,20
KOSPI200,202512,W3,pred_in,000990,0.1488721804511277,0.15158828830782156,0.0072828338318828845,20
KOSPI200,202512,W3,pred_in,103590,0.08978873239436624,0.0925048402510601,-0.05180061422487858,20
KOSPI200,202512,W3,pred_in,267270,0.15530303030303028,0.15801913815972413,0.01371368368378545,20
KOSPI200,202512,W3,pred_in,462870,-0.130718954248366,-0.12800284639167214,-0.2723083008676108,20
KOSPI200,202512,W3,pred_in,008040,-0.05731922398589062,-0.05460311612919677,-0.19890857060513545,20
KOSPI200,202512,W3,pred_in,091810,-0.06854838709677424,-0.0658322792400804,-0.21013773371601907,20
KOSPI200,202512,W3,pred_in,012510,0.011111111111111072,0.013827218967804922,-0.13047823550813376,20
KOSPI200,202512,W3,pred_in,395400,0.0035211267605634866,0.006237234617257338,-0.13806821985868134,20
KOSPI200,202512,W3,pred_in,336260,0.12026359143327836,0.12297969928997221,-0.021325755185966466,20
KOSPI200,202512,W3,pred_in,020560,-0.0734394124847001,-0.07072330462800624,-0.21502875910394492,20
KOSPI200,202512,W3,pred_in,018670,-0.06680584551148228,-0.06408973765478843,-0.2083951921307271,20
KOSPI200,202512,W3,pred_in,062040,-0.06040268456375841,-0.05768657670706456,-0.20199203118300324,20
KOSPI200,202512,W3,pred_in,001720,-0.06899004267425324,-0.06627393481755939,-0.21057938929349806,20
KOSPI200,202512,W3,pred_in,007660,-0.21524966261808365,-0.2125335547613898,-0.3568390092373285,20
KOSPI200,202512,W3,pred_in,031210,-0.10297029702970295,-0.1002541891730091,-0.24455964364894778,20
KOSPI200,202512,W3,pred_in,003570,0.27333333333333343,0.2760494411900273,0.1317439867140886,20
KOSPI200,202512,W3,pred_in,003690,-0.05681818181818177,-0.05410207396148792,-0.1984075284374266,20
KOSPI200,202512,W3,pred_in,082740,0.2004429678848283,0.20315907574152214,0.05885362126558347,20
KOSPI200,202512,W3,pred_in,307950,0.6755852842809364,0.6783013921376303,0.5339959376616916,20
KOSPI200,202512,W3,pred_in,034230,-0.04972067039106143,-0.04700456253436758,-0.19131001701030625,20
KOSPI200,202512,W3,pred_in,011330,-0.08709175738724728,-0.08437564953055343,-0.2286811040064921,20
KOSPI200,202512,W3,act_in,064400,-0.03822629969418956,-0.03551019183749571,-0.17981564631343439,20
KOSPI200,202512,W3,act_in,002030,-0.18181818181818177,-0.17910207396148792,-0.3234075284374266,20
KOSPI200,202512,W3,act_in,082740,0.2004429678848283,0.20315907574152214,0.05885362126558347,20
KOSPI200,202512,W3,act_in,062040,-0.06040268456375841,-0.05768657670706456,-0.20199203118300324,20
KOSPI200,202512,W3,act_in,307950,0.6755852842809364,0.6783013921376303,0.5339959376616916,20
KOSPI200,202512,W3,act_in,007660,-0.21524966261808365,-0.2125335547613898,-0.3568390092373285,20
KOSPI200,202512,W3,act_in,034230,-0.04972067039106143,-0.04700456253436758,-0.19131001701030625,20
KOSPI200,202512,W3,hit,064400,-0.03822629969418956,-0.03551019183749571,-0.17981564631343439,20
KOSPI200,202512,W3,hit,082740,0.2004429678848283,0.20315907574152214,0.05885362126558347,20
KOSPI200,202512,W3,hit,062040,-0.06040268456375841,-0.05768657670706456,-0.20199203118300324,20
KOSPI200,202512,W3,hit,307950,0.6755852842809364,0.6783013921376303,0.5339959376616916,20
KOSPI200,202512,W3,hit,007660,-0.21524966261808365,-0.2125335547613898,-0.3568390092373285,20
KOSPI200,202512,W3,hit,034230,-0.04972067039106143,-0.04700456253436758,-0.19131001701030625,20
KOSPI200,202512,W3,false_in,023590,0.02837837837837842,0.03109448623507227,-0.1132109682408664,20
KOSPI200,202512,W3,false_in,088980,-0.04901117798796217,-0.04629507013126832,-0.190600524607207,20
KOSPI200,202512,W3,false_in,294870,-0.028301886792452824,-0.025585778935758974,-0.16989123341169765,20
KOSPI200,202512,W3,false_in,000990,0.1488721804511277,0.15158828830782156,0.0072828338318828845,20
KOSPI200,202512,W3,false_in,103590,0.08978873239436624,0.0925048402510601,-0.05180061422487858,20
KOSPI200,202512,W3,false_in,267270,0.15530303030303028,0.15801913815972413,0.01371368368378545,20
KOSPI200,202512,W3,false_in,462870,-0.130718954248366,-0.12800284639167214,-0.2723083008676108,20
KOSPI200,202512,W3,false_in,008040,-0.05731922398589062,-0.05460311612919677,-0.19890857060513545,20
KOSPI200,202512,W3,false_in,091810,-0.06854838709677424,-0.0658322792400804,-0.21013773371601907,20
KOSPI200,202512,W3,false_in,012510,0.011111111111111072,0.013827218967804922,-0.13047823550813376,20
KOSPI200,202512,W3,false_in,395400,0.0035211267605634866,0.006237234617257338,-0.13806821985868134,20
KOSPI200,202512,W3,false_in,336260,0.12026359143327836,0.12297969928997221,-0.021325755185966466,20
KOSPI200,202512,W3,false_in,020560,-0.0734394124847001,-0.07072330462800624,-0.21502875910394492,20
KOSPI200,202512,W3,false_in,018670,-0.06680584551148228,-0.06408973765478843,-0.2083951921307271,20
KOSPI200,202512,W3,false_in,001720,-0.06899004267425324,-0.06627393481755939,-0.21057938929349806,20
KOSPI200,202512,W3,false_in,031210,-0.10297029702970295,-0.1002541891730091,-0.24455964364894778,20
KOSPI200,202512,W3,false_in,003570,0.27333333333333343,0.2760494411900273,0.1317439867140886,20
KOSPI200,202512,W3,false_in,003690,-0.05681818181818177,-0.05410207396148792,-0.1984075284374266,20
KOSPI200,202512,W3,false_in,011330,-0.08709175738724728,-0.08437564953055343,-0.2286811040064921,20
KOSPI200,202512,W3,miss_in,002030,-0.18181818181818177,-0.17910207396148792,-0.3234075284374266,20
KOSPI200,202512,W3,pred_out,145720,-0.059296482412060314,-0.056580374555366464,-0.20088582903130514,20
KOSPI200,202512,W3,pred_out,014820,-0.10849909584086803,-0.10578298798417418,-0.25008844246011286,20
KOSPI200,202512,W3,pred_out,298020,0.017353579175704903,0.020069687032398753,-0.12423576744353992,20
KOSPI200,202512,W3,pred_out,002840,-0.051118210862619806,-0.048402103005925956,-0.19270755748186463,20
KOSPI200,202512,W3,pred_out,001680,0.038277511961722466,0.040993619818416316,-0.10331183465752236,20
KOSPI200,202512,W3,pred_out,268280,0.011653313911143437,0.014369421767837287,-0.1299360327081014,20
KOSPI200,202512,W3,pred_out,002710,-0.18325526932084313,-0.18053916146414928,-0.32484461594008796,20
KOSPI200,202512,W3,pred_out,069260,-0.05192802056555268,-0.04921191270885883,-0.1935173671847975,20
KOSPI200,202512,W3,pred_out,003240,-0.09057071960297769,-0.08785461174628384,-0.23216006622222252,20
KOSPI200,202512,W3,pred_out,005250,-0.09681298857486476,-0.0940968807181709,-0.23840233519410958,20
KOSPI200,202512,W3,pred_out,039130,-0.078974358974359,-0.07625825111766515,-0.22056370559360383,20
KOSPI200,202512,W3,pred_out,071320,-0.047977422389463786,-0.045261314532769936,-0.1895667690087086,20
KOSPI200,202512,W3,pred_out,000670,-0.25552498715119265,-0.2528088792944988,-0.3971143337704375,20
KOSPI200,202512,W3,pred_out,003030,-0.1498559077809798,-0.14713979992428594,-0.2914452544002246,20
KOSPI200,202512,W3,pred_out,298050,-0.021004098360655754,-0.018287990503961904,-0.16259344497990058,20
KOSPI200,202512,W3,pred_out,003620,0.01895043731778423,0.02166654517447808,-0.1226389093014606,20
KOSPI200,202512,W3,pred_out,004490,-0.0517503805175038,-0.04903427266080995,-0.19333972713674863,20
KOSPI200,202512,W3,pred_out,009240,-0.0757575757575758,-0.07304146790088195,-0.21734692237682063,20
KOSPI200,202512,W3,pred_out,006650,-0.044016506189821225,-0.041300398333127375,-0.18560585280906605,20
KOSPI200,202512,W3,pred_out,093370,-0.04249999999999998,-0.03978389214330613,-0.1840893466192448,20
KOSPI200,202512,W3,pred_out,000210,-0.11581569115815693,-0.11309958330146308,-0.25740503777740176,20
KOSPI200,202512,W3,pred_out,005420,-0.17386298215313756,-0.1711468742964437,-0.3154523287723824,20
KOSPI200,202512,W3,pred_out,008730,-0.14143094841930115,-0.1387148405626073,-0.283020295038546,20
KOSPI200,202512,W3,pred_out,001430,0.9970972423802613,0.9998133502369552,0.8555078957610165,20
KOSPI200,202512,W3,pred_out,114090,-0.0339462517680339,-0.031230143911340047,-0.17553559838727872,20
KOSPI200,202512,W3,pred_out,456040,0.05601317957166385,0.0587292874283577,-0.08557616704758098,20
KOSPI200,202512,W3,act_out,145720,-0.059296482412060314,-0.056580374555366464,-0.20088582903130514,20
KOSPI200,202512,W3,act_out,003620,0.01895043731778423,0.02166654517447808,-0.1226389093014606,20
KOSPI200,202512,W3,act_out,012630,-0.08985024958402665,-0.0871341417273328,-0.23143959620327148,20
KOSPI200,202512,W3,act_out,489790,0.2985658409387224,0.30128194879541625,0.15697649431947758,20
KOSPI200,202512,W3,act_out,039130,-0.078974358974359,-0.07625825111766515,-0.22056370559360383,20
KOSPI200,202512,W3,act_out,002710,-0.18325526932084313,-0.18053916146414928,-0.32484461594008796,20
KOSPI200,202512,W3,act_out,456040,0.05601317957166385,0.0587292874283577,-0.08557616704758098,20
KOSPI200,202512,FULL,pred_in,064400,-0.06571428571428573,-0.09057658128757877,-0.03936340328540944,28
KOSPI200,202512,FULL,pred_in,023590,-0.08188585607940446,-0.1067481516526975,-0.055534973650528174,28
KOSPI200,202512,FULL,pred_in,088980,0.0582347588717016,0.03337246329840855,0.08458564130057789,28
KOSPI200,202512,FULL,pred_in,294870,0.10589462702138763,0.08103233144809459,0.13224550945026392,28
KOSPI200,202512,FULL,pred_in,000990,0.12903225806451624,0.10416996249122319,0.15538314049339252,28
KOSPI200,202512,FULL,pred_in,103590,-0.10691823899371067,-0.13178053456700373,-0.08056735656483438,28
KOSPI200,202512,FULL,pred_in,267270,0.05811623246492981,0.03325393689163676,0.0844671148938061,28
KOSPI200,202512,FULL,pred_in,462870,-0.035308953341740223,-0.06017124891503327,-0.008958070912863936,28
KOSPI200,202512,FULL,pred_in,008040,0.024390243902439046,-0.00047205167085400193,0.050741126331315334,28
KOSPI200,202512,FULL,pred_in,091810,-0.1418685121107266,-0.16673080768401966,-0.11551762968185031,28
KOSPI200,202512,FULL,pred_in,012510,0.015801354401805856,-0.009060941171487192,0.042152236830682144,28
KOSPI200,202512,FULL,pred_in,395400,0.07372400756143671,0.048861711988143666,0.100074889990313,28
KOSPI200,202512,FULL,pred_in,336260,-0.3078677309007982,-0.3327300264740913,-0.28151684847192193,28
KOSPI200,202512,FULL,pred_in,020560,-0.060919540229885105,-0.08578183580317815,-0.03456865780100882,28
KOSPI200,202512,FULL,pred_in,018670,-0.11948529411764708,-0.14434758969094014,-0.09313441168877079,28
KOSPI200,202512,FULL,pred_in,062040,-0.11677534084173091,-0.14163763641502397,-0.09042445841285462,28
KOSPI200,202512,FULL,pred_in,001720,-0.08344198174706652,-0.10830427732035956,-0.05709109931819023,28
KOSPI200,202512,FULL,pred_in,007660,0.2820069204152249,0.25714462484193185,0.3083578028441012,28
KOSPI200,202512,FULL,pred_in,031210,0.015075376884422065,-0.009786918688870983,0.04142625931329835,28
KOSPI200,202512,FULL,pred_in,003570,-0.1477272727272727,-0.17258956830056577,-0.12137639029839642,28
KOSPI200,202512,FULL,pred_in,003690,0.09369024856596564,0.0688279529926726,0.12004113099484193,28
KOSPI200,202512,FULL,pred_in,082740,-0.1181640625,-0.14302635807329306,-0.09181318007112371,28
KOSPI200,202512,FULL,pred_in,307950,0.3288888888888888,0.30402659331559573,0.3552397713177651,28
KOSPI200,202512,FULL,pred_in,034230,-0.026115342763873728,-0.05097763833716677,0.00023553966500255985,28
KOSPI200,202512,FULL,pred_in,011330,-0.0061823802163832875,-0.031044675789676335,0.020168502212493,28
KOSPI200,202512,FULL,act_in,064400,-0.06571428571428573,-0.09057658128757877,-0.03936340328540944,28
KOSPI200,202512,FULL,act_in,002030,0.04908835904628339,0.024226063472990344,0.07543924147515968,28
KOSPI200,202512,FULL,act_in,082740,-0.1181640625,-0.14302635807329306,-0.09181318007112371,28
KOSPI200,202512,FULL,act_in,062040,-0.11677534084173091,-0.14163763641502397,-0.09042445841285462,28
KOSPI200,202512,FULL,act_in,307950,0.3288888888888888,0.30402659331559573,0.3552397713177651,28
KOSPI200,202512,FULL,act_in,007660,0.2820069204152249,0.25714462484193185,0.3083578028441012,28
KOSPI200,202512,FULL,act_in,034230,-0.026115342763873728,-0.05097763833716677,0.00023553966500255985,28
KOSPI200,202512,FULL,hit,064400,-0.06571428571428573,-0.09057658128757877,-0.03936340328540944,28
KOSPI200,202512,FULL,hit,082740,-0.1181640625,-0.14302635807329306,-0.09181318007112371,28
KOSPI200,202512,FULL,hit,062040,-0.11677534084173091,-0.14163763641502397,-0.09042445841285462,28
KOSPI200,202512,FULL,hit,307950,0.3288888888888888,0.30402659331559573,0.3552397713177651,28
KOSPI200,202512,FULL,hit,007660,0.2820069204152249,0.25714462484193185,0.3083578028441012,28
KOSPI200,202512,FULL,hit,034230,-0.026115342763873728,-0.05097763833716677,0.00023553966500255985,28
KOSPI200,202512,FULL,false_in,023590,-0.08188585607940446,-0.1067481516526975,-0.055534973650528174,28
KOSPI200,202512,FULL,false_in,088980,0.0582347588717016,0.03337246329840855,0.08458564130057789,28
KOSPI200,202512,FULL,false_in,294870,0.10589462702138763,0.08103233144809459,0.13224550945026392,28
KOSPI200,202512,FULL,false_in,000990,0.12903225806451624,0.10416996249122319,0.15538314049339252,28
KOSPI200,202512,FULL,false_in,103590,-0.10691823899371067,-0.13178053456700373,-0.08056735656483438,28
KOSPI200,202512,FULL,false_in,267270,0.05811623246492981,0.03325393689163676,0.0844671148938061,28
KOSPI200,202512,FULL,false_in,462870,-0.035308953341740223,-0.06017124891503327,-0.008958070912863936,28
KOSPI200,202512,FULL,false_in,008040,0.024390243902439046,-0.00047205167085400193,0.050741126331315334,28
KOSPI200,202512,FULL,false_in,091810,-0.1418685121107266,-0.16673080768401966,-0.11551762968185031,28
KOSPI200,202512,FULL,false_in,012510,0.015801354401805856,-0.009060941171487192,0.042152236830682144,28
KOSPI200,202512,FULL,false_in,395400,0.07372400756143671,0.048861711988143666,0.100074889990313,28
KOSPI200,202512,FULL,false_in,336260,-0.3078677309007982,-0.3327300264740913,-0.28151684847192193,28
KOSPI200,202512,FULL,false_in,020560,-0.060919540229885105,-0.08578183580317815,-0.03456865780100882,28
KOSPI200,202512,FULL,false_in,018670,-0.11948529411764708,-0.14434758969094014,-0.09313441168877079,28
KOSPI200,202512,FULL,false_in,001720,-0.08344198174706652,-0.10830427732035956,-0.05709109931819023,28
KOSPI200,202512,FULL,false_in,031210,0.015075376884422065,-0.009786918688870983,0.04142625931329835,28
KOSPI200,202512,FULL,false_in,003570,-0.1477272727272727,-0.17258956830056577,-0.12137639029839642,28
KOSPI200,202512,FULL,false_in,003690,0.09369024856596564,0.0688279529926726,0.12004113099484193,28
KOSPI200,202512,FULL,false_in,011330,-0.0061823802163832875,-0.031044675789676335,0.020168502212493,28
KOSPI200,202512,FULL,miss_in,002030,0.04908835904628339,0.024226063472990344,0.07543924147515968,28
KOSPI200,202512,FULL,pred_out,145720,-0.13478260869565217,-0.15964490426894523,-0.10843172626677589,28
KOSPI200,202512,FULL,pred_out,014820,-0.0018050541516245744,-0.026667349724917622,0.024545828277251713,28
KOSPI200,202512,FULL,pred_out,298020,0.12165450121654509,0.09679220564325204,0.14800538364542137,28
KOSPI200,202512,FULL,pred_out,002840,0.05387205387205385,0.0290097582987608,0.08022293630093014,28
KOSPI200,202512,FULL,pred_out,001680,0.019512195121951237,-0.005350100451341811,0.045863077550827525,28
KOSPI200,202512,FULL,pred_out,268280,-0.013649425287356354,-0.0385117208606494,0.012701457141519934,28
KOSPI200,202512,FULL,pred_out,002710,-0.0692098092643052,-0.09407210483759824,-0.04285892683542891,28
KOSPI200,202512,FULL,pred_out,069260,0.09208309938236936,0.06722080380907632,0.11843398181124565,28
KOSPI200,202512,FULL,pred_out,003240,0.012562814070351758,-0.01229948150294129,0.038913696499228045,28
KOSPI200,202512,FULL,pred_out,005250,0.050536955148452245,0.025674659575159197,0.07688783757732853,28
KOSPI200,202512,FULL,pred_out,039130,0.045016077170418,0.020153781597124953,0.07136695959929429,28
KOSPI200,202512,FULL,pred_out,071320,0.10613943808532778,0.08127714251203473,0.13249032051420406,28
KOSPI200,202512,FULL,pred_out,000670,0.4006182249322494,0.37575592935895635,0.4269691073611257,28
KOSPI200,202512,FULL,pred_out,003030,-0.012099644128113929,-0.03696193970140697,0.014251238300762359,28
KOSPI200,202512,FULL,pred_out,298050,0.05513513513513524,0.03027283956184219,0.08148601756401153,28
KOSPI200,202512,FULL,pred_out,003620,-0.08533333333333337,-0.11019562890662642,-0.058982450904457084,28
KOSPI200,202512,FULL,pred_out,004490,0.020186335403726607,-0.004675960169566441,0.046537217832602895,28
KOSPI200,202512,FULL,pred_out,009240,0.010940919037199182,-0.013921376536093866,0.03729180146607547,28
KOSPI200,202512,FULL,pred_out,006650,0.09984871406959162,0.07498641849629857,0.1261995964984679,28
KOSPI200,202512,FULL,pred_out,093370,-0.13043478260869568,-0.15529707818198873,-0.10408390017981939,28
KOSPI200,202512,FULL,pred_out,000210,0.03746770025839785,0.012605404685104803,0.06381858268727414,28
KOSPI200,202512,FULL,pred_out,005420,-0.10510046367851622,-0.12996275925180928,-0.07874958124963993,28
KOSPI200,202512,FULL,pred_out,008730,-0.0907715582450832,-0.11563385381837625,-0.06442067581620692,28
KOSPI200,202512,FULL,pred_out,001430,0.2830540037243947,0.25819170815110165,0.309404886153271,28
KOSPI200,202512,FULL,pred_out,114090,-0.08181818181818179,-0.10668047739147483,-0.0554672993893055,28
KOSPI200,202512,FULL,pred_out,456040,-0.024115755627009627,-0.04897805120030267,0.0022351268018666604,28
KOSPI200,202512,FULL,act_out,145720,-0.13478260869565217,-0.15964490426894523,-0.10843172626677589,28
KOSPI200,202512,FULL,act_out,003620,-0.08533333333333337,-0.11019562890662642,-0.058982450904457084,28
KOSPI200,202512,FULL,act_out,012630,-0.01850843767011434,-0.043370733243407386,0.007842444758761946,28
KOSPI200,202512,FULL,act_out,489790,-0.2275931520644512,-0.25245544763774425,-0.2012422696355749,28
KOSPI200,202512,FULL,act_out,039130,0.045016077170418,0.020153781597124953,0.07136695959929429,28
KOSPI200,202512,FULL,act_out,002710,-0.0692098092643052,-0.09407210483759824,-0.04285892683542891,28
KOSPI200,202512,FULL,act_out,456040,-0.024115755627009627,-0.04897805120030267,0.0022351268018666604,28
KOSPI200,202606,W1,pred_in,439260,-0.2156424581005587,-0.1586210440040512,-0.34692706424818187,13
KOSPI200,202606,W1,pred_in,023590,-0.07966457023060791,-0.022643156134100402,-0.21094917637823107,13
KOSPI200,202606,W1,pred_in,489790,-0.19278466741826383,-0.13576325332175632,-0.324069273565887,13
KOSPI200,202606,W1,pred_in,088980,-0.011504424778761013,0.0455169893177465,-0.14278903092638418,13
KOSPI200,202606,W1,pred_in,000990,0.11997526283240578,0.1769966769289133,-0.01130934331521738,13
KOSPI200,202606,W1,pred_in,353200,0.3225524475524475,0.379573861648955,0.19126784140482433,13
KOSPI200,202606,W1,pred_in,103590,-0.24843858431644694,-0.19141717021993943,-0.3797231904640701,13
KOSPI200,202606,W1,pred_in,267270,-0.13134484563055993,-0.07432343153405241,-0.2626294517781831,13
KOSPI200,202606,W1,pred_in,462870,-0.11544227886056968,-0.05842086476406217,-0.24672688500819284,13
KOSPI200,202606,W1,pred_in,091810,0.025274725274725185,0.0822961393712327,-0.10600988087289798,13
KOSPI200,202606,W1,pred_in,020150,-0.23439490445859867,-0.17737349036209116,-0.36567951060622184,13
KOSPI200,202606,W1,pred_in,097230,-0.21701388888888884,-0.15999247479238132,-0.348298495036512,13
KOSPI200,202606,W1,pred_in,012510,0.0,0.05702141409650751,-0.13128460614762316,13
KOSPI200,202606,W1,pred_in,336260,0.6204620462046204,0.6774834603011279,0.48917744005699726,13
KOSPI200,202606,W1,pred_in,018670,-0.024390243902439046,0.032631170194068464,-0.1556748500500622,13
KOSPI200,202606,W1,pred_in,001720,-0.10363196125907992,-0.04661054716257241,-0.23491656740670308,13
KOSPI200,202606,W1,pred_in,483650,-0.020134228187919434,0.036887185908588076,-0.1514188343355426,13
KOSPI200,202606,W1,pred_in,031210,-0.0328738069989396,0.024147607097567907,-0.16415841314656276,13
KOSPI200,202606,W1,pred_in,004800,0.0,0.05702141409650751,-0.13128460614762316,13
KOSPI200,202606,W1,pred_in,003690,0.1930977814297452,0.2501191955262527,0.061813175282122046,13
KOSPI200,202606,W1,act_in,267270,-0.13134484563055993,-0.07432343153405241,-0.2626294517781831,13
KOSPI200,202606,W1,act_in,000990,0.11997526283240578,0.1769966769289133,-0.01130934331521738,13
KOSPI200,202606,W1,act_in,456040,-0.14760914760914756,-0.09058773351264005,-0.2788937537567707,13
KOSPI200,202606,W1,act_in,483650,-0.020134228187919434,0.036887185908588076,-0.1514188343355426,13
KOSPI200,202606,W1,hit,267270,-0.13134484563055993,-0.07432343153405241,-0.2626294517781831,13
KOSPI200,202606,W1,hit,000990,0.11997526283240578,0.1769966769289133,-0.01130934331521738,13
KOSPI200,202606,W1,hit,483650,-0.020134228187919434,0.036887185908588076,-0.1514188343355426,13
KOSPI200,202606,W1,false_in,439260,-0.2156424581005587,-0.1586210440040512,-0.34692706424818187,13
KOSPI200,202606,W1,false_in,336260,0.6204620462046204,0.6774834603011279,0.48917744005699726,13
KOSPI200,202606,W1,false_in,023590,-0.07966457023060791,-0.022643156134100402,-0.21094917637823107,13
KOSPI200,202606,W1,false_in,489790,-0.19278466741826383,-0.13576325332175632,-0.324069273565887,13
KOSPI200,202606,W1,false_in,018670,-0.024390243902439046,0.032631170194068464,-0.1556748500500622,13
KOSPI200,202606,W1,false_in,088980,-0.011504424778761013,0.0455169893177465,-0.14278903092638418,13
KOSPI200,202606,W1,false_in,001720,-0.10363196125907992,-0.04661054716257241,-0.23491656740670308,13
KOSPI200,202606,W1,false_in,031210,-0.0328738069989396,0.024147607097567907,-0.16415841314656276,13
KOSPI200,202606,W1,false_in,353200,0.3225524475524475,0.379573861648955,0.19126784140482433,13
KOSPI200,202606,W1,false_in,103590,-0.24843858431644694,-0.19141717021993943,-0.3797231904640701,13
KOSPI200,202606,W1,false_in,004800,0.0,0.05702141409650751,-0.13128460614762316,13
KOSPI200,202606,W1,false_in,462870,-0.11544227886056968,-0.05842086476406217,-0.24672688500819284,13
KOSPI200,202606,W1,false_in,091810,0.025274725274725185,0.0822961393712327,-0.10600988087289798,13
KOSPI200,202606,W1,false_in,003690,0.1930977814297452,0.2501191955262527,0.061813175282122046,13
KOSPI200,202606,W1,false_in,020150,-0.23439490445859867,-0.17737349036209116,-0.36567951060622184,13
KOSPI200,202606,W1,false_in,097230,-0.21701388888888884,-0.15999247479238132,-0.348298495036512,13
KOSPI200,202606,W1,false_in,012510,0.0,0.05702141409650751,-0.13128460614762316,13
KOSPI200,202606,W1,miss_in,456040,-0.14760914760914756,-0.09058773351264005,-0.2788937537567707,13
KOSPI200,202606,W1,pred_out,192080,0.13050570962479613,0.18752712372130365,-0.0007788965228270328,13
KOSPI200,202606,W1,pred_out,014820,-0.14311594202898548,-0.08609452793247796,-0.27440054817660864,13
KOSPI200,202606,W1,pred_out,002840,-0.16392363396971688,-0.10690221987320936,-0.29520824011734004,13
KOSPI200,202606,W1,pred_out,001680,-0.022004889975550168,0.03501652412095734,-0.15328949612317333,13
KOSPI200,202606,W1,pred_out,268280,-0.12385702410640065,-0.06683561000989313,-0.2551416302540238,13
KOSPI200,202606,W1,pred_out,137310,0.013398294762484664,0.07041970885899218,-0.1178863113851385,13
KOSPI200,202606,W1,pred_out,069260,-0.04013015184381774,0.01689126225268977,-0.1714147579914409,13
KOSPI200,202606,W1,pred_out,003240,-0.13949579831932768,-0.08247438422282016,-0.27078040446695084,13
KOSPI200,202606,W1,pred_out,005250,0.07311827956989236,0.13013969366639988,-0.0581663265777308,13
KOSPI200,202606,W1,pred_out,071320,-0.04193971166448229,0.015081702432025217,-0.17322431781210545,13
KOSPI200,202606,W1,pred_out,002030,-0.17818181818181822,-0.1211604040853107,-0.3094664243294414,13
KOSPI200,202606,W1,pred_out,000670,-0.17925925925925923,-0.12223784516275171,-0.3105438654068824,13
KOSPI200,202606,W1,pred_out,280360,0.0033003300330032292,0.06032174412951074,-0.12798427611461993,13
KOSPI200,202606,W1,pred_out,003030,-0.2550218340611353,-0.1980004199646278,-0.3863064402087585,13
KOSPI200,202606,W1,pred_out,298050,-0.14794007490636707,-0.09091866080985955,-0.27922468105399023,13
KOSPI200,202606,W1,pred_out,004490,-0.11326378539493298,-0.05624237129842547,-0.24454839154255614,13
KOSPI200,202606,W1,pred_out,009240,-0.2138590203106332,-0.15683760621412568,-0.34514362645825636,13
KOSPI200,202606,W1,pred_out,006650,-0.2529182879377432,-0.19589687384123566,-0.38420289408536634,13
KOSPI200,202606,W1,pred_out,093370,-0.08634111818825196,-0.029319704091744454,-0.21762572433587513,13
KOSPI200,202606,W1,pred_out,285130,-0.2244556113902848,-0.1674341972937773,-0.35574021753790797,13
KOSPI200,202606,W1,pred_out,000210,-0.10682492581602376,-0.049803511719516254,-0.23810953196364693,13
KOSPI200,202606,W1,pred_out,005420,-0.16947311243889196,-0.11245169834238444,-0.3007577185865151,13
KOSPI200,202606,W1,pred_out,008730,-0.16346153846153844,-0.10644012436503092,-0.2947461446091616,13
KOSPI200,202606,W1,pred_out,114090,-0.05250403877221321,0.004517375324294297,-0.18378864491983637,13
KOSPI200,202606,W1,act_out,114090,-0.05250403877221321,0.004517375324294297,-0.18378864491983637,13
KOSPI200,202606,W1,act_out,005250,0.07311827956989236,0.13013969366639988,-0.0581663265777308,13
KOSPI200,202606,W1,act_out,004490,-0.11326378539493298,-0.05624237129842547,-0.24454839154255614,13
KOSPI200,202606,W1,act_out,006360,-0.10570236439499303,-0.04868095029848552,-0.2369869705426162,13
KOSPI200,202606,W2,pred_in,439260,-0.14407988587731813,-0.03725270074045674,-0.10884414215037641,11
KOSPI200,202606,W2,pred_in,023590,-0.10046728971962615,0.006359895417235237,-0.06523154599268444,11
KOSPI200,202606,W2,pred_in,489790,-0.02631578947368418,0.08051139566317721,0.008919954253257534,11
KOSPI200,202606,W2,pred_in,088980,-0.013537906137184086,0.0932892789996773,0.02169783758975763,11
KOSPI200,202606,W2,pred_in,000990,-0.2961451247165533,-0.1893179395796919,-0.2609093809896116,11
KOSPI200,202606,W2,pred_in,353200,-0.07328605200945626,0.03354113312740513,-0.038050308282514544,11
KOSPI200,202606,W2,pred_in,103590,-0.2653446647780925,-0.15851747964123108,-0.23010892105115077,11
KOSPI200,202606,W2,pred_in,267270,-0.13009118541033438,-0.023264000273472987,-0.09485544168339266,11
KOSPI200,202606,W2,pred_in,462870,0.058519793459552494,0.1653469785964139,0.09375553718649421,11
KOSPI200,202606,W2,pred_in,091810,-0.18412348401323042,-0.07729629887636903,-0.1488877402862887,11
KOSPI200,202606,W2,pred_in,020150,-0.17469879518072284,-0.06787161004386146,-0.13946305145378113,11
KOSPI200,202606,W2,pred_in,097230,-0.07760532150776056,0.029221863629100828,-0.042369577780818846,11
KOSPI200,202606,W2,pred_in,012510,0.0,0.10682718513686139,0.035235743726941715,11
KOSPI200,202606,W2,pred_in,336260,-0.2935871743486974,-0.186759989211836,-0.2583514306217557,11
KOSPI200,202606,W2,pred_in,018670,-0.10199999999999998,0.004827185136861409,-0.06676425627305826,11
KOSPI200,202606,W2,pred_in,001720,-0.06412382531785521,0.04270335981900618,-0.028888081590913495,11
KOSPI200,202606,W2,pred_in,483650,-0.009389671361502372,0.09743751377535902,0.025846072365439343,11
KOSPI200,202606,W2,pred_in,031210,-0.006681514476614692,0.1001456706602467,0.028554229250327023,11
KOSPI200,202606,W2,pred_in,004800,-0.1885321100917431,-0.0817049249548817,-0.15329636636480137,11
KOSPI200,202606,W2,pred_in,003690,-0.03158650394831297,0.07524068118854842,0.0036492397786287434,11
KOSPI200,202606,W2,act_in,267270,-0.13009118541033438,-0.023264000273472987,-0.09485544168339266,11
KOSPI200,202606,W2,act_in,000990,-0.2961451247165533,-0.1893179395796919,-0.2609093809896116,11
KOSPI200,202606,W2,act_in,456040,-0.15390749601275922,-0.04708031087589783,-0.1186717522858175,11
KOSPI200,202606,W2,act_in,483650,-0.009389671361502372,0.09743751377535902,0.025846072365439343,11
KOSPI200,202606,W2,hit,267270,-0.13009118541033438,-0.023264000273472987,-0.09485544168339266,11
KOSPI200,202606,W2,hit,000990,-0.2961451247165533,-0.1893179395796919,-0.2609093809896116,11
KOSPI200,202606,W2,hit,483650,-0.009389671361502372,0.09743751377535902,0.025846072365439343,11
KOSPI200,202606,W2,false_in,439260,-0.14407988587731813,-0.03725270074045674,-0.10884414215037641,11
KOSPI200,202606,W2,false_in,336260,-0.2935871743486974,-0.186759989211836,-0.2583514306217557,11
KOSPI200,202606,W2,false_in,023590,-0.10046728971962615,0.006359895417235237,-0.06523154599268444,11
KOSPI200,202606,W2,false_in,489790,-0.02631578947368418,0.08051139566317721,0.008919954253257534,11
KOSPI200,202606,W2,false_in,018670,-0.10199999999999998,0.004827185136861409,-0.06676425627305826,11
KOSPI200,202606,W2,false_in,088980,-0.013537906137184086,0.0932892789996773,0.02169783758975763,11
KOSPI200,202606,W2,false_in,001720,-0.06412382531785521,0.04270335981900618,-0.028888081590913495,11
KOSPI200,202606,W2,false_in,031210,-0.006681514476614692,0.1001456706602467,0.028554229250327023,11
KOSPI200,202606,W2,false_in,353200,-0.07328605200945626,0.03354113312740513,-0.038050308282514544,11
KOSPI200,202606,W2,false_in,103590,-0.2653446647780925,-0.15851747964123108,-0.23010892105115077,11
KOSPI200,202606,W2,false_in,004800,-0.1885321100917431,-0.0817049249548817,-0.15329636636480137,11
KOSPI200,202606,W2,false_in,462870,0.058519793459552494,0.1653469785964139,0.09375553718649421,11
KOSPI200,202606,W2,false_in,091810,-0.18412348401323042,-0.07729629887636903,-0.1488877402862887,11
KOSPI200,202606,W2,false_in,003690,-0.03158650394831297,0.07524068118854842,0.0036492397786287434,11
KOSPI200,202606,W2,false_in,020150,-0.17469879518072284,-0.06787161004386146,-0.13946305145378113,11
KOSPI200,202606,W2,false_in,097230,-0.07760532150776056,0.029221863629100828,-0.042369577780818846,11
KOSPI200,202606,W2,false_in,012510,0.0,0.10682718513686139,0.035235743726941715,11
KOSPI200,202606,W2,miss_in,456040,-0.15390749601275922,-0.04708031087589783,-0.1186717522858175,11
KOSPI200,202606,W2,pred_out,192080,0.11676646706586835,0.22359365220272975,0.15200221079281007,11
KOSPI200,202606,W2,pred_out,014820,-0.07343412526997839,0.033393059866883,-0.038198381543036675,11
KOSPI200,202606,W2,pred_out,002840,0.0451189499589828,0.1519461350958442,0.08035469368592452,11
KOSPI200,202606,W2,pred_out,001680,-0.08900255754475705,0.017824627592104333,-0.05376681381781534,11
KOSPI200,202606,W2,pred_out,268280,0.028431372549019507,0.1352585576858809,0.06366711627596122,11
KOSPI200,202606,W2,pred_out,137310,-0.15101070154577878,-0.04418351640891739,-0.11577495781883707,11
KOSPI200,202606,W2,pred_out,069260,-0.08956916099773238,0.01725802413912901,-0.05433341727079066,11
KOSPI200,202606,W2,pred_out,003240,-0.1148184494602551,-0.007991264323393713,-0.07958270573331339,11
KOSPI200,202606,W2,pred_out,005250,-0.1984463276836158,-0.09161914254675442,-0.1632105839566741,11
KOSPI200,202606,W2,pred_out,071320,-0.0236768802228412,0.08315030491402019,0.011558863504100514,11
KOSPI200,202606,W2,pred_out,002030,-0.11533180778032037,-0.008504622643458984,-0.08009606405337866,11
KOSPI200,202606,W2,pred_out,000670,-0.14338235294117652,-0.03655516780431513,-0.1081466092142348,11
KOSPI200,202606,W2,pred_out,280360,-0.10025706940874035,0.006570115728121037,-0.06502132568179864,11
KOSPI200,202606,W2,pred_out,003030,-0.2522321428571429,-0.1454049577202815,-0.2169963991302012,11
KOSPI200,202606,W2,pred_out,298050,-0.1602591792656588,-0.053431994128797414,-0.1250234355387171,11
KOSPI200,202606,W2,pred_out,004490,-0.10481099656357384,0.0020161885732875445,-0.06957525283663213,11
KOSPI200,202606,W2,pred_out,009240,0.027027027027026973,0.13385421216388838,0.06226277075396869,11
KOSPI200,202606,W2,pred_out,006650,-0.11037527593818985,-0.0035480908013284657,-0.07513953221124814,11
KOSPI200,202606,W2,pred_out,093370,0.22248062015503867,0.32930780529190007,0.2577163638819804,11
KOSPI200,202606,W2,pred_out,285130,-0.036756756756756714,0.07007042838010467,-0.0015210130298149993,11
KOSPI200,202606,W2,pred_out,000210,-0.14049586776859502,-0.03366868263173363,-0.1052601240416533,11
KOSPI200,202606,W2,pred_out,005420,-0.2006514657980456,-0.09382428066118421,-0.1654157220711039,11
KOSPI200,202606,W2,pred_out,008730,-0.1748251748251748,-0.0679979896883134,-0.13958943109823307,11
KOSPI200,202606,W2,pred_out,114090,0.08938053097345122,0.19620771611031262,0.12461627470039294,11
KOSPI200,202606,W2,act_out,114090,0.08938053097345122,0.19620771611031262,0.12461627470039294,11
KOSPI200,202606,W2,act_out,005250,-0.1984463276836158,-0.09161914254675442,-0.1632105839566741,11
KOSPI200,202606,W2,act_out,004490,-0.10481099656357384,0.0020161885732875445,-0.06957525283663213,11
KOSPI200,202606,W2,act_out,006360,-0.17739403453689173,-0.07056684940003034,-0.14215829080995002,11
KOSPI200,202606,W3,pred_in,439260,-0.21666666666666667,-0.13238405672587517,-0.15586771767807195,20
KOSPI200,202606,W3,pred_in,023590,-0.08181818181818179,0.0024644281226097325,-0.021019232829587065,20
KOSPI200,202606,W3,pred_in,489790,-0.38620199146514933,-0.3019193815243578,-0.3254030424765546,20
KOSPI200,202606,W3,pred_in,088980,-0.0823421774931381,0.0019404324476534202,-0.021543228504543377,20
KOSPI200,202606,W3,pred_in,000990,-0.24806701030927836,-0.16378440036848685,-0.18726806132068363,20
KOSPI200,202606,W3,pred_in,353200,-0.2857142857142857,-0.2014316757734942,-0.22491533672569097,20
KOSPI200,202606,W3,pred_in,103590,-0.19922879177377895,-0.11494618183298742,-0.13842984278518422,20
KOSPI200,202606,W3,pred_in,267270,-0.1530398322851153,-0.06875722234432378,-0.09224088329652058,20
KOSPI200,202606,W3,pred_in,462870,0.1333333333333333,0.2176159432741248,0.19413228232192803,20
KOSPI200,202606,W3,pred_in,091810,-0.15405405405405403,-0.06977144411326251,-0.09325510506545931,20
KOSPI200,202606,W3,pred_in,020150,-0.305526590198123,-0.2212439802573315,-0.24472764120952828,20
KOSPI200,202606,W3,pred_in,097230,-0.19807692307692304,-0.11379431313613152,-0.13727797408832831,20
KOSPI200,202606,W3,pred_in,012510,0.0,0.08428260994079152,0.060798948988594725,20
KOSPI200,202606,W3,pred_in,336260,-0.39219858156028364,-0.30791597161949213,-0.3313996325716889,20
KOSPI200,202606,W3,pred_in,018670,-0.057906458797327365,0.026376151143464158,0.0028924901912673606,20
KOSPI200,202606,W3,pred_in,001720,-0.12581216774955695,-0.041529557808765424,-0.06501321876096222,20
KOSPI200,202606,W3,pred_in,483650,-0.05260663507109009,0.03167597486970143,0.008192313917504634,20
KOSPI200,202606,W3,pred_in,031210,-0.05044843049327352,0.033834179447518,0.010350518495321204,20
KOSPI200,202606,W3,pred_in,004800,-0.17071791972866024,-0.08643530978786872,-0.10991897074006551,20
KOSPI200,202606,W3,pred_in,003690,-0.008895478131949575,0.07538713180884195,0.05190347085664515,20
KOSPI200,202606,W3,act_in,267270,-0.1530398322851153,-0.06875722234432378,-0.09224088329652058,20
KOSPI200,202606,W3,act_in,000990,-0.24806701030927836,-0.16378440036848685,-0.18726806132068363,20
KOSPI200,202606,W3,act_in,456040,-0.19038642789820925,-0.10610381795741773,-0.12958747890961453,20
KOSPI200,202606,W3,act_in,483650,-0.05260663507109009,0.03167597486970143,0.008192313917504634,20
KOSPI200,202606,W3,hit,267270,-0.1530398322851153,-0.06875722234432378,-0.09224088329652058,20
KOSPI200,202606,W3,hit,000990,-0.24806701030927836,-0.16378440036848685,-0.18726806132068363,20
KOSPI200,202606,W3,hit,483650,-0.05260663507109009,0.03167597486970143,0.008192313917504634,20
KOSPI200,202606,W3,false_in,439260,-0.21666666666666667,-0.13238405672587517,-0.15586771767807195,20
KOSPI200,202606,W3,false_in,336260,-0.39219858156028364,-0.30791597161949213,-0.3313996325716889,20
KOSPI200,202606,W3,false_in,023590,-0.08181818181818179,0.0024644281226097325,-0.021019232829587065,20
KOSPI200,202606,W3,false_in,489790,-0.38620199146514933,-0.3019193815243578,-0.3254030424765546,20
KOSPI200,202606,W3,false_in,018670,-0.057906458797327365,0.026376151143464158,0.0028924901912673606,20
KOSPI200,202606,W3,false_in,088980,-0.0823421774931381,0.0019404324476534202,-0.021543228504543377,20
KOSPI200,202606,W3,false_in,001720,-0.12581216774955695,-0.041529557808765424,-0.06501321876096222,20
KOSPI200,202606,W3,false_in,031210,-0.05044843049327352,0.033834179447518,0.010350518495321204,20
KOSPI200,202606,W3,false_in,353200,-0.2857142857142857,-0.2014316757734942,-0.22491533672569097,20
KOSPI200,202606,W3,false_in,103590,-0.19922879177377895,-0.11494618183298742,-0.13842984278518422,20
KOSPI200,202606,W3,false_in,004800,-0.17071791972866024,-0.08643530978786872,-0.10991897074006551,20
KOSPI200,202606,W3,false_in,462870,0.1333333333333333,0.2176159432741248,0.19413228232192803,20
KOSPI200,202606,W3,false_in,091810,-0.15405405405405403,-0.06977144411326251,-0.09325510506545931,20
KOSPI200,202606,W3,false_in,003690,-0.008895478131949575,0.07538713180884195,0.05190347085664515,20
KOSPI200,202606,W3,false_in,020150,-0.305526590198123,-0.2212439802573315,-0.24472764120952828,20
KOSPI200,202606,W3,false_in,097230,-0.19807692307692304,-0.11379431313613152,-0.13727797408832831,20
KOSPI200,202606,W3,false_in,012510,0.0,0.08428260994079152,0.060798948988594725,20
KOSPI200,202606,W3,miss_in,456040,-0.19038642789820925,-0.10610381795741773,-0.12958747890961453,20
KOSPI200,202606,W3,pred_out,192080,-0.14611260053619302,-0.06182999059540149,-0.08531365154759829,20
KOSPI200,202606,W3,pred_out,014820,-0.06293706293706292,0.021345547003728607,-0.00213811394846819,20
KOSPI200,202606,W3,pred_out,002840,0.05886970172684469,0.1431523116676362,0.11966865071543942,20
KOSPI200,202606,W3,pred_out,001680,-0.016282987085906808,0.06799962285488471,0.04451596190268792,20
KOSPI200,202606,W3,pred_out,268280,0.046711153479504386,0.1309937634202959,0.10751010246809911,20
KOSPI200,202606,W3,pred_out,137310,-0.11484593837535018,-0.030563328434558654,-0.05404698938675545,20
KOSPI200,202606,W3,pred_out,069260,-0.001245330012453305,0.08303727992833822,0.05955361897614142,20
KOSPI200,202606,W3,pred_out,003240,-0.10643015521064303,-0.022147545269851507,-0.045631206222048304,20
KOSPI200,202606,W3,pred_out,005250,-0.13392070484581498,-0.04963809490502345,-0.07312175585722025,20
KOSPI200,202606,W3,pred_out,071320,-0.0542082738944365,0.030074336046355024,0.006590675094158227,20
KOSPI200,202606,W3,pred_out,002030,0.02379720641489902,0.10807981635569054,0.08459615540349374,20
KOSPI200,202606,W3,pred_out,000670,-0.23068669527897,-0.1464040853381785,-0.16988774629037529,20
KOSPI200,202606,W3,pred_out,280360,-0.029523809523809508,0.054758800416982015,0.03127513946478522,20
KOSPI200,202606,W3,pred_out,003030,-0.2201492537313433,-0.1358666437905518,-0.15935030474274858,20
KOSPI200,202606,W3,pred_out,298050,-0.23713991769547327,-0.15285730775468176,-0.17634096870687854,20
KOSPI200,202606,W3,pred_out,004490,-0.0249520153550864,0.059330594585705124,0.03584693363350833,20
KOSPI200,202606,W3,pred_out,009240,0.08978328173374606,0.17406589167453757,0.15058223072234078,20
KOSPI200,202606,W3,pred_out,006650,-0.1604631927212572,-0.07618058278046567,-0.09966424373266247,20
KOSPI200,202606,W3,pred_out,093370,-0.24920735573874442,-0.1649247457979529,-0.1884084067501497,20
KOSPI200,202606,W3,pred_out,285130,-0.08417508417508412,0.00010752576570739747,-0.0233761351864894,20
KOSPI200,202606,W3,pred_out,000210,-0.1826923076923077,-0.09840969775151619,-0.12189335870371298,20
KOSPI200,202606,W3,pred_out,005420,-0.2249388753056235,-0.140656265364832,-0.16413992631702878,20
KOSPI200,202606,W3,pred_out,008730,-0.2067796610169491,-0.12249705107615759,-0.1459807120283544,20
KOSPI200,202606,W3,pred_out,114090,-0.16328188464662874,-0.07899927470583722,-0.10248293565803401,20
KOSPI200,202606,W3,act_out,114090,-0.16328188464662874,-0.07899927470583722,-0.10248293565803401,20
KOSPI200,202606,W3,act_out,005250,-0.13392070484581498,-0.04963809490502345,-0.07312175585722025,20
KOSPI200,202606,W3,act_out,004490,-0.0249520153550864,0.059330594585705124,0.03584693363350833,20
KOSPI200,202606,W3,act_out,006360,0.11641221374045796,0.20069482368124947,0.17721116272905268,20
KOSPI200,202606,FULL,pred_in,439260,-0.3296089385474861,-0.17188289141699592,-0.448819143549944,25
KOSPI200,202606,FULL,pred_in,023590,-0.19287211740041932,-0.035146070269929164,-0.31208232240287725,25
KOSPI200,202606,FULL,pred_in,489790,-0.20744081172491546,-0.04971476459442531,-0.3266510167273734,25
KOSPI200,202606,FULL,pred_in,088980,-0.032743362831858414,0.12498268429863174,-0.15195356783431635,25
KOSPI200,202606,FULL,pred_in,000990,-0.04019789734075452,0.11752814978973564,-0.15940810234321245,25
KOSPI200,202606,FULL,pred_in,353200,0.3706293706293706,0.5283554177598608,0.2514191656269127,25
KOSPI200,202606,FULL,pred_in,103590,-0.4600971547536433,-0.30237110762315317,-0.5793073597561013,25
KOSPI200,202606,FULL,pred_in,267270,-0.25117739403453687,-0.09345134690404672,-0.3703875990369948,25
KOSPI200,202606,FULL,pred_in,462870,-0.07796101949025491,0.07976502764023524,-0.19717122449271285,25
KOSPI200,202606,FULL,pred_in,091810,-0.18681318681318682,-0.02908713968269666,-0.30602339181564475,25
KOSPI200,202606,FULL,pred_in,020150,-0.389171974522293,-0.23144592739180286,-0.508382179524751,25
KOSPI200,202606,FULL,pred_in,097230,-0.2777777777777778,-0.12005173064728764,-0.3969879827802357,25
KOSPI200,202606,FULL,pred_in,012510,0.0,0.15772604713049015,-0.11921020500245794,25
KOSPI200,202606,FULL,pred_in,336260,0.1633663366336633,0.32109238376415344,0.04415613163120535,25
KOSPI200,202606,FULL,pred_in,018670,-0.1575984990619137,0.00012754806857645518,-0.27680870406437164,25
KOSPI200,202606,FULL,pred_in,001720,-0.1801452784503632,-0.022419231319873056,-0.29935548345282115,25
KOSPI200,202606,FULL,pred_in,483650,-0.055928411633109576,0.10179763549738058,-0.1751386166355675,25
KOSPI200,202606,FULL,pred_in,031210,-0.054082714740190885,0.10364333239029927,-0.17329291974264882,25
KOSPI200,202606,FULL,pred_in,004800,-0.19954751131221715,-0.041821464181727,-0.3187577163146751,25
KOSPI200,202606,FULL,pred_in,003690,0.1084634346754314,0.26618948180592156,-0.010746770327026534,25
KOSPI200,202606,FULL,act_in,267270,-0.25117739403453687,-0.09345134690404672,-0.3703875990369948,25
KOSPI200,202606,FULL,act_in,000990,-0.04019789734075452,0.11752814978973564,-0.15940810234321245,25
KOSPI200,202606,FULL,act_in,456040,-0.2647262647262647,-0.10700021759577455,-0.38393646972872264,25
KOSPI200,202606,FULL,act_in,483650,-0.055928411633109576,0.10179763549738058,-0.1751386166355675,25
KOSPI200,202606,FULL,hit,267270,-0.25117739403453687,-0.09345134690404672,-0.3703875990369948,25
KOSPI200,202606,FULL,hit,000990,-0.04019789734075452,0.11752814978973564,-0.15940810234321245,25
KOSPI200,202606,FULL,hit,483650,-0.055928411633109576,0.10179763549738058,-0.1751386166355675,25
KOSPI200,202606,FULL,false_in,439260,-0.3296089385474861,-0.17188289141699592,-0.448819143549944,25
KOSPI200,202606,FULL,false_in,336260,0.1633663366336633,0.32109238376415344,0.04415613163120535,25
KOSPI200,202606,FULL,false_in,023590,-0.19287211740041932,-0.035146070269929164,-0.31208232240287725,25
KOSPI200,202606,FULL,false_in,489790,-0.20744081172491546,-0.04971476459442531,-0.3266510167273734,25
KOSPI200,202606,FULL,false_in,018670,-0.1575984990619137,0.00012754806857645518,-0.27680870406437164,25
KOSPI200,202606,FULL,false_in,088980,-0.032743362831858414,0.12498268429863174,-0.15195356783431635,25
KOSPI200,202606,FULL,false_in,001720,-0.1801452784503632,-0.022419231319873056,-0.29935548345282115,25
KOSPI200,202606,FULL,false_in,031210,-0.054082714740190885,0.10364333239029927,-0.17329291974264882,25
KOSPI200,202606,FULL,false_in,353200,0.3706293706293706,0.5283554177598608,0.2514191656269127,25
KOSPI200,202606,FULL,false_in,103590,-0.4600971547536433,-0.30237110762315317,-0.5793073597561013,25
KOSPI200,202606,FULL,false_in,004800,-0.19954751131221715,-0.041821464181727,-0.3187577163146751,25
KOSPI200,202606,FULL,false_in,462870,-0.07796101949025491,0.07976502764023524,-0.19717122449271285,25
KOSPI200,202606,FULL,false_in,091810,-0.18681318681318682,-0.02908713968269666,-0.30602339181564475,25
KOSPI200,202606,FULL,false_in,003690,0.1084634346754314,0.26618948180592156,-0.010746770327026534,25
KOSPI200,202606,FULL,false_in,020150,-0.389171974522293,-0.23144592739180286,-0.508382179524751,25
KOSPI200,202606,FULL,false_in,097230,-0.2777777777777778,-0.12005173064728764,-0.3969879827802357,25
KOSPI200,202606,FULL,false_in,012510,0.0,0.15772604713049015,-0.11921020500245794,25
KOSPI200,202606,FULL,miss_in,456040,-0.2647262647262647,-0.10700021759577455,-0.38393646972872264,25
KOSPI200,202606,FULL,pred_out,192080,0.21696574225122345,0.3746917893817136,0.09775553724876551,25
KOSPI200,202606,FULL,pred_out,014820,-0.22282608695652173,-0.06510003982603157,-0.34203629195897967,25
KOSPI200,202606,FULL,pred_out,002840,-0.16129032258064513,-0.0035642754501549745,-0.28050052758310307,25
KOSPI200,202606,FULL,pred_out,001680,-0.1290953545232274,0.028630692607262753,-0.24830555952568534,25
KOSPI200,202606,FULL,pred_out,268280,-0.1280133000831255,0.02971274704736465,-0.24722350508558344,25
KOSPI200,202606,FULL,pred_out,137310,-0.1303288672350792,0.02739717989541096,-0.24953907223753713,25
KOSPI200,202606,FULL,pred_out,069260,-0.1290672451193059,0.02865880201118426,-0.24827745012176383,25
KOSPI200,202606,FULL,pred_out,003240,-0.2420168067226891,-0.08429075959219895,-0.36122701172514704,25
KOSPI200,202606,FULL,pred_out,005250,-0.18637992831541217,-0.028653881184922014,-0.3055901333178701,25
KOSPI200,202606,FULL,pred_out,071320,-0.0812581913499345,0.07646785578055565,-0.20046839635239244,25
KOSPI200,202606,FULL,pred_out,002030,-0.29709090909090907,-0.13936486196041892,-0.416301114093367,25
KOSPI200,202606,FULL,pred_out,000670,-0.3096296296296296,-0.15190358249913943,-0.4288398346320875,25
KOSPI200,202606,FULL,pred_out,280360,-0.13366336633663367,0.024062680793856484,-0.2528735713390916,25
KOSPI200,202606,FULL,pred_out,003030,-0.41484716157205237,-0.2571211144415622,-0.5340573665745103,25
KOSPI200,202606,FULL,pred_out,298050,-0.27191011235955054,-0.11418406522906038,-0.3911203173620085,25
KOSPI200,202606,FULL,pred_out,004490,-0.2235469448584203,-0.06582089772793015,-0.34275714986087824,25
KOSPI200,202606,FULL,pred_out,009240,-0.22819593787335724,-0.07046989074286708,-0.34740614287581517,25
KOSPI200,202606,FULL,pred_out,006650,-0.3279599777654252,-0.17023393063493503,-0.4471701827678831,25
KOSPI200,202606,FULL,pred_out,093370,0.11606510969568284,0.273791156826173,-0.003145095306775092,25
KOSPI200,202606,FULL,pred_out,285130,-0.25376884422110557,-0.09604279709061542,-0.3729790492235635,25
KOSPI200,202606,FULL,pred_out,000210,-0.228486646884273,-0.07076059975378285,-0.34769685188673094,25
KOSPI200,202606,FULL,pred_out,005420,-0.33351439435089625,-0.1757883472204061,-0.4527245993533542,25
KOSPI200,202606,FULL,pred_out,008730,-0.3192307692307692,-0.16150472210027905,-0.43844097423322714,25
KOSPI200,202606,FULL,pred_out,114090,-0.0056542810985460434,0.1520717660319441,-0.12486448610100398,25
KOSPI200,202606,FULL,act_out,114090,-0.0056542810985460434,0.1520717660319441,-0.12486448610100398,25
KOSPI200,202606,FULL,act_out,005250,-0.18637992831541217,-0.028653881184922014,-0.3055901333178701,25
KOSPI200,202606,FULL,act_out,004490,-0.2235469448584203,-0.06582089772793015,-0.34275714986087824,25
KOSPI200,202606,FULL,act_out,006360,-0.27121001390820587,-0.11348396677771572,-0.3904202189106638,25
KOSDAQ150,202312,W1,pred_in,300120,0.3081561409076483,0.2220981368075104,0.20433189135067686,16
KOSDAQ150,202312,W1,pred_in,099220,0.0994718309859155,0.01341382688577758,-0.004352418571055949,16
KOSDAQ150,202312,W1,pred_in,328130,0.35711308474141523,0.2710550806412773,0.2532888351844438,16
KOSDAQ150,202312,W1,pred_in,082850,0.09293680297397766,0.006878798873839742,-0.010887446582993787,16
KOSDAQ150,202312,W1,pred_in,277410,-0.08125000000000004,-0.16730800410013796,-0.1850742495569715,16
KOSDAQ150,202312,W1,pred_in,108860,0.12070006035003011,0.034642056249892195,0.016875810793058665,16
KOSDAQ150,202312,W1,pred_in,376930,0.38706338939197926,0.30100538529184134,0.2832391398350078,16
KOSDAQ150,202312,W1,pred_in,009730,-0.27497018017452446,-0.3610281842746624,-0.3787944297314959,16
KOSDAQ150,202312,W1,pred_in,336570,0.01733477789815807,-0.06872322620197985,-0.08648947165881338,16
KOSDAQ150,202312,W1,pred_in,058970,0.08957952468007302,0.0035215205799351,-0.01424472487689843,16
KOSDAQ150,202312,W1,pred_in,052020,-0.12555910543130988,-0.2116171095314478,-0.22938335498828133,16
KOSDAQ150,202312,W1,pred_in,088800,0.07145467836257313,-0.014603325737564787,-0.03236957119439832,16
KOSDAQ150,202312,W1,pred_in,060570,0.17037037037037028,0.08431236627023236,0.06654612081339883,16
KOSDAQ150,202312,W1,pred_in,067630,0.03998177468960029,-0.04607622941053763,-0.06384247486737116,16
KOSDAQ150,202312,W1,pred_in,084650,0.1301859799713876,0.04412797587124967,0.02636173041441614,16
KOSDAQ150,202312,W1,pred_in,058400,0.25208333333333344,0.16602532923319552,0.148259083776362,16
KOSDAQ150,202312,W1,pred_in,099190,-0.06289308176100628,-0.1489510858611442,-0.16671733131797772,16
KOSDAQ150,202312,W1,pred_in,377460,0.09753539590980598,0.011477391809668058,-0.006288853647165471,16
KOSDAQ150,202312,W1,pred_in,182400,0.09269193562571454,0.00663393152557662,-0.01113231393125691,16
KOSDAQ150,202312,W1,pred_in,060230,-0.04973221117061977,-0.13579021527075769,-0.15355646072759122,16
KOSDAQ150,202312,W1,pred_in,365590,-0.09842012873025163,-0.18447813283038955,-0.20224437828722308,16
KOSDAQ150,202312,W1,pred_in,420770,0.18244406196213414,0.09638605786199622,0.07861981240516269,16
KOSDAQ150,202312,W1,pred_in,900110,-0.040293827054426745,-0.12635183115456466,-0.1441180766113982,16
KOSDAQ150,202312,W1,pred_in,065350,0.0915208613728129,0.005462857272674981,-0.012303388184158548,16
KOSDAQ150,202312,W1,pred_in,180400,0.133574824541544,0.047516820441406094,0.029750574984572564,16
KOSDAQ150,202312,W1,pred_in,058610,0.153169014084507,0.06711100998436909,0.049344764527535556,16
KOSDAQ150,202312,W1,pred_in,310210,0.2049418604651163,0.11888385636497839,0.10111761090814486,16
KOSDAQ150,202312,W1,pred_in,204270,0.3622402890695573,0.2761822849694194,0.25841603951258585,16
KOSDAQ150,202312,W1,pred_in,291230,0.29258517034068143,0.2065271662405435,0.18876092078370998,16
KOSDAQ150,202312,W1,pred_in,046070,-0.08049499685793005,-0.16655300095806796,-0.1843192464149015,16
KOSDAQ150,202312,W1,pred_in,031860,-0.13508930590097223,-0.22114731000111015,-0.23891355545794368,16
KOSDAQ150,202312,W1,pred_in,087010,0.19871903487071751,0.1126610307705796,0.09489478531374607,16
KOSDAQ150,202312,W1,pred_in,105550,-0.057446808510638325,-0.14350481261077624,-0.16127105806760977,16
KOSDAQ150,202312,W1,pred_in,016790,0.05725971370143146,-0.02879829039870646,-0.04656453585553999,16
KOSDAQ150,202312,W1,pred_in,360070,-0.021604938271604923,-0.10766294237174284,-0.12542918782857637,16
KOSDAQ150,202312,W1,pred_in,900300,0.014814814814814836,-0.07124318928532308,-0.08900943474215661,16
KOSDAQ150,202312,W1,pred_in,060280,0.09897360703812308,0.01291560293798516,-0.004850642518848369,16
KOSDAQ150,202312,W1,pred_in,270520,0.14848236259228886,0.062424358492150944,0.044658113035317415,16
KOSDAQ150,202312,W1,pred_in,207760,0.15738341968911906,0.07132541558898114,0.053559170132147615,16
KOSDAQ150,202312,W1,pred_in,348080,-0.1416472742532331,-0.227705278353371,-0.24547152381020454,16
KOSDAQ150,202312,W1,pred_in,035890,0.009996297667530518,-0.0760617064326074,-0.09382795188944093,16
KOSDAQ150,202312,W1,pred_in,090150,0.04556962025316458,-0.04048838384697334,-0.05825462930380687,16
KOSDAQ150,202312,W1,pred_in,299030,0.06153846153846154,-0.024519542561676377,-0.04228578801850991,16
KOSDAQ150,202312,W1,pred_in,067390,-0.22982362373062537,-0.3158816278307633,-0.3336478732875968,16
KOSDAQ150,202312,W1,pred_in,214680,0.24540682414698156,0.15934882004684364,0.1415825745900101,16
KOSDAQ150,202312,W1,pred_in,151860,0.03327338129496393,-0.052784622805173986,-0.07055086826200752,16
KOSDAQ150,202312,W1,pred_in,950160,0.045400238948626104,-0.040657765151511815,-0.058424010608345345,16
KOSDAQ150,202312,W1,pred_in,021880,-0.01967213114754096,-0.10573013524767888,-0.12349638070451241,16
KOSDAQ150,202312,W1,pred_in,019570,0.011579818031431044,-0.07447818606870688,-0.0922444315255404,16
KOSDAQ150,202312,W1,pred_in,033170,0.1123046875,0.02624668339986208,0.008480437943028551,16
KOSDAQ150,202312,W1,pred_in,049080,0.012955465587044523,-0.0731025385130934,-0.09086878396992693,16
KOSDAQ150,202312,W1,pred_in,378800,-0.010025873221216064,-0.09608387732135398,-0.11385012277818751,16
KOSDAQ150,202312,W1,pred_in,101730,0.14021421616358332,0.0541562120634454,0.03638996660661187,16
KOSDAQ150,202312,W1,pred_in,418550,0.1503416856492028,0.06428368154906489,0.04651743609223136,16
KOSDAQ150,202312,W1,pred_in,363260,-0.026929982046678624,-0.11298798614681654,-0.13075423160365007,16
KOSDAQ150,202312,W1,pred_in,095660,0.011070110701107083,-0.07498789339903084,-0.09275413885586437,16
KOSDAQ150,202312,W1,pred_in,114190,-0.01720047449584816,-0.10325847859598608,-0.12102472405281961,16
KOSDAQ150,202312,W1,pred_in,117730,0.18666666666666676,0.10060866256652884,0.08284241710969531,16
KOSDAQ150,202312,W1,pred_in,140410,-0.013333333333333308,-0.09939133743347123,-0.11715758289030476,16
KOSDAQ150,202312,W1,pred_in,079810,0.036662452591656125,-0.049395551508481794,-0.06716179696531532,16
KOSDAQ150,202312,W1,act_in,118990,0.07782369146005519,-0.00823431264008273,-0.02600055809691626,16
KOSDAQ150,202312,W1,act_in,310210,0.2049418604651163,0.11888385636497839,0.10111761090814486,16
KOSDAQ150,202312,W1,act_in,299030,0.06153846153846154,-0.024519542561676377,-0.04228578801850991,16
KOSDAQ150,202312,W1,act_in,204270,0.3622402890695573,0.2761822849694194,0.25841603951258585,16
KOSDAQ150,202312,W1,act_in,099190,-0.06289308176100628,-0.1489510858611442,-0.16671733131797772,16
KOSDAQ150,202312,W1,act_in,328130,0.35711308474141523,0.2710550806412773,0.2532888351844438,16
KOSDAQ150,202312,W1,act_in,053610,0.13309776207302715,0.04703975797288923,0.0292735125160557,16
KOSDAQ150,202312,W1,act_in,194480,-0.05882352941176472,-0.14488153351190264,-0.16264777896873617,16
KOSDAQ150,202312,W1,act_in,418550,0.1503416856492028,0.06428368154906489,0.04651743609223136,16
KOSDAQ150,202312,W1,act_in,360070,-0.021604938271604923,-0.10766294237174284,-0.12542918782857637,16
KOSDAQ150,202312,W1,act_in,108860,0.12070006035003011,0.034642056249892195,0.016875810793058665,16
KOSDAQ150,202312,W1,act_in,114190,-0.01720047449584816,-0.10325847859598608,-0.12102472405281961,16
KOSDAQ150,202312,W1,act_in,060280,0.09897360703812308,0.01291560293798516,-0.004850642518848369,16
KOSDAQ150,202312,W1,act_in,336570,0.01733477789815807,-0.06872322620197985,-0.08648947165881338,16
KOSDAQ150,202312,W1,act_in,058970,0.08957952468007302,0.0035215205799351,-0.01424472487689843,16
KOSDAQ150,202312,W1,act_in,095660,0.011070110701107083,-0.07498789339903084,-0.09275413885586437,16
KOSDAQ150,202312,W1,act_in,058610,0.153169014084507,0.06711100998436909,0.049344764527535556,16
KOSDAQ150,202312,W1,hit,310210,0.2049418604651163,0.11888385636497839,0.10111761090814486,16
KOSDAQ150,202312,W1,hit,204270,0.3622402890695573,0.2761822849694194,0.25841603951258585,16
KOSDAQ150,202312,W1,hit,299030,0.06153846153846154,-0.024519542561676377,-0.04228578801850991,16
KOSDAQ150,202312,W1,hit,099190,-0.06289308176100628,-0.1489510858611442,-0.16671733131797772,16
KOSDAQ150,202312,W1,hit,328130,0.35711308474141523,0.2710550806412773,0.2532888351844438,16
KOSDAQ150,202312,W1,hit,418550,0.1503416856492028,0.06428368154906489,0.04651743609223136,16
KOSDAQ150,202312,W1,hit,360070,-0.021604938271604923,-0.10766294237174284,-0.12542918782857637,16
KOSDAQ150,202312,W1,hit,108860,0.12070006035003011,0.034642056249892195,0.016875810793058665,16
KOSDAQ150,202312,W1,hit,114190,-0.01720047449584816,-0.10325847859598608,-0.12102472405281961,16
KOSDAQ150,202312,W1,hit,060280,0.09897360703812308,0.01291560293798516,-0.004850642518848369,16
KOSDAQ150,202312,W1,hit,336570,0.01733477789815807,-0.06872322620197985,-0.08648947165881338,16
KOSDAQ150,202312,W1,hit,058970,0.08957952468007302,0.0035215205799351,-0.01424472487689843,16
KOSDAQ150,202312,W1,hit,095660,0.011070110701107083,-0.07498789339903084,-0.09275413885586437,16
KOSDAQ150,202312,W1,hit,058610,0.153169014084507,0.06711100998436909,0.049344764527535556,16
KOSDAQ150,202312,W1,false_in,300120,0.3081561409076483,0.2220981368075104,0.20433189135067686,16
KOSDAQ150,202312,W1,false_in,099220,0.0994718309859155,0.01341382688577758,-0.004352418571055949,16
KOSDAQ150,202312,W1,false_in,082850,0.09293680297397766,0.006878798873839742,-0.010887446582993787,16
KOSDAQ150,202312,W1,false_in,277410,-0.08125000000000004,-0.16730800410013796,-0.1850742495569715,16
KOSDAQ150,202312,W1,false_in,376930,0.38706338939197926,0.30100538529184134,0.2832391398350078,16
KOSDAQ150,202312,W1,false_in,009730,-0.27497018017452446,-0.3610281842746624,-0.3787944297314959,16
KOSDAQ150,202312,W1,false_in,052020,-0.12555910543130988,-0.2116171095314478,-0.22938335498828133,16
KOSDAQ150,202312,W1,false_in,088800,0.07145467836257313,-0.014603325737564787,-0.03236957119439832,16
KOSDAQ150,202312,W1,false_in,060570,0.17037037037037028,0.08431236627023236,0.06654612081339883,16
KOSDAQ150,202312,W1,false_in,067630,0.03998177468960029,-0.04607622941053763,-0.06384247486737116,16
KOSDAQ150,202312,W1,false_in,084650,0.1301859799713876,0.04412797587124967,0.02636173041441614,16
KOSDAQ150,202312,W1,false_in,058400,0.25208333333333344,0.16602532923319552,0.148259083776362,16
KOSDAQ150,202312,W1,false_in,377460,0.09753539590980598,0.011477391809668058,-0.006288853647165471,16
KOSDAQ150,202312,W1,false_in,182400,0.09269193562571454,0.00663393152557662,-0.01113231393125691,16
KOSDAQ150,202312,W1,false_in,060230,-0.04973221117061977,-0.13579021527075769,-0.15355646072759122,16
KOSDAQ150,202312,W1,false_in,365590,-0.09842012873025163,-0.18447813283038955,-0.20224437828722308,16
KOSDAQ150,202312,W1,false_in,420770,0.18244406196213414,0.09638605786199622,0.07861981240516269,16
KOSDAQ150,202312,W1,false_in,900110,-0.040293827054426745,-0.12635183115456466,-0.1441180766113982,16
KOSDAQ150,202312,W1,false_in,065350,0.0915208613728129,0.005462857272674981,-0.012303388184158548,16
KOSDAQ150,202312,W1,false_in,180400,0.133574824541544,0.047516820441406094,0.029750574984572564,16
KOSDAQ150,202312,W1,false_in,291230,0.29258517034068143,0.2065271662405435,0.18876092078370998,16
KOSDAQ150,202312,W1,false_in,046070,-0.08049499685793005,-0.16655300095806796,-0.1843192464149015,16
KOSDAQ150,202312,W1,false_in,031860,-0.13508930590097223,-0.22114731000111015,-0.23891355545794368,16
KOSDAQ150,202312,W1,false_in,087010,0.19871903487071751,0.1126610307705796,0.09489478531374607,16
KOSDAQ150,202312,W1,false_in,105550,-0.057446808510638325,-0.14350481261077624,-0.16127105806760977,16
KOSDAQ150,202312,W1,false_in,016790,0.05725971370143146,-0.02879829039870646,-0.04656453585553999,16
KOSDAQ150,202312,W1,false_in,900300,0.014814814814814836,-0.07124318928532308,-0.08900943474215661,16
KOSDAQ150,202312,W1,false_in,270520,0.14848236259228886,0.062424358492150944,0.044658113035317415,16
KOSDAQ150,202312,W1,false_in,207760,0.15738341968911906,0.07132541558898114,0.053559170132147615,16
KOSDAQ150,202312,W1,false_in,348080,-0.1416472742532331,-0.227705278353371,-0.24547152381020454,16
KOSDAQ150,202312,W1,false_in,035890,0.009996297667530518,-0.0760617064326074,-0.09382795188944093,16
KOSDAQ150,202312,W1,false_in,090150,0.04556962025316458,-0.04048838384697334,-0.05825462930380687,16
KOSDAQ150,202312,W1,false_in,067390,-0.22982362373062537,-0.3158816278307633,-0.3336478732875968,16
KOSDAQ150,202312,W1,false_in,214680,0.24540682414698156,0.15934882004684364,0.1415825745900101,16
KOSDAQ150,202312,W1,false_in,151860,0.03327338129496393,-0.052784622805173986,-0.07055086826200752,16
KOSDAQ150,202312,W1,false_in,950160,0.045400238948626104,-0.040657765151511815,-0.058424010608345345,16
KOSDAQ150,202312,W1,false_in,021880,-0.01967213114754096,-0.10573013524767888,-0.12349638070451241,16
KOSDAQ150,202312,W1,false_in,019570,0.011579818031431044,-0.07447818606870688,-0.0922444315255404,16
KOSDAQ150,202312,W1,false_in,033170,0.1123046875,0.02624668339986208,0.008480437943028551,16
KOSDAQ150,202312,W1,false_in,049080,0.012955465587044523,-0.0731025385130934,-0.09086878396992693,16
KOSDAQ150,202312,W1,false_in,378800,-0.010025873221216064,-0.09608387732135398,-0.11385012277818751,16
KOSDAQ150,202312,W1,false_in,101730,0.14021421616358332,0.0541562120634454,0.03638996660661187,16
KOSDAQ150,202312,W1,false_in,363260,-0.026929982046678624,-0.11298798614681654,-0.13075423160365007,16
KOSDAQ150,202312,W1,false_in,117730,0.18666666666666676,0.10060866256652884,0.08284241710969531,16
KOSDAQ150,202312,W1,false_in,140410,-0.013333333333333308,-0.09939133743347123,-0.11715758289030476,16
KOSDAQ150,202312,W1,false_in,079810,0.036662452591656125,-0.049395551508481794,-0.06716179696531532,16
KOSDAQ150,202312,W1,miss_in,118990,0.07782369146005519,-0.00823431264008273,-0.02600055809691626,16
KOSDAQ150,202312,W1,miss_in,053610,0.13309776207302715,0.04703975797288923,0.0292735125160557,16
KOSDAQ150,202312,W1,miss_in,194480,-0.05882352941176472,-0.14488153351190264,-0.16264777896873617,16
KOSDAQ150,202312,W1,pred_out,061970,0.09860383944153583,0.012545835341397915,-0.005220410115435614,16
KOSDAQ150,202312,W1,pred_out,035600,0.07830188679245276,-0.007756117307685162,-0.02552236276451869,16
KOSDAQ150,202312,W1,pred_out,030520,0.24489795918367352,0.1588399550835356,0.14107370962670207,16
KOSDAQ150,202312,W1,pred_out,104830,0.030303030303030276,-0.05575497379710764,-0.07352121925394117,16
KOSDAQ150,202312,W1,pred_out,230240,0.08759521218715993,0.0015372080870220128,-0.016229037369811516,16
KOSDAQ150,202312,W1,pred_out,033290,0.23487196215951722,0.1488139580593793,0.13104771260254577,16
KOSDAQ150,202312,W1,pred_out,030530,0.12956810631229243,0.04351010221215451,0.025743856755320982,16
KOSDAQ150,202312,W1,pred_out,445680,0.26333539816917884,0.17727739406904092,0.1595111486122074,16
KOSDAQ150,202312,W1,pred_out,027360,0.03755868544600949,-0.04849931865412843,-0.06626556411096196,16
KOSDAQ150,202312,W1,pred_out,038540,0.04457831325301198,-0.04147969084712594,-0.05924593630395947,16
KOSDAQ150,202312,W1,pred_out,041190,0.30925507900677207,0.22319707490663415,0.20543082944980062,16
KOSDAQ150,202312,W1,pred_out,025770,0.03488372093023262,-0.0511742831699053,-0.06894052862673883,16
KOSDAQ150,202312,W1,pred_out,104480,0.03371428571428581,-0.05234371838585211,-0.07010996384268564,16
KOSDAQ150,202312,W1,pred_out,084990,0.2938331318016929,0.20777512770155498,0.19000888224472146,16
KOSDAQ150,202312,W1,pred_out,003100,0.056991774383078786,-0.029066229717059133,-0.04683247517389266,16
KOSDAQ150,202312,W1,pred_out,115450,0.0581896551724137,-0.027868348927724218,-0.04563459438455775,16
KOSDAQ150,202312,W1,pred_out,080160,0.036898061288305195,-0.049159942811832724,-0.06692618826866625,16
KOSDAQ150,202312,W1,pred_out,267980,-0.02732240437158473,-0.11338040847172265,-0.13114665392855618,16
KOSDAQ150,202312,W1,pred_out,235980,0.016304347826086918,-0.069753656274051,-0.08751990173088453,16
KOSDAQ150,202312,W1,pred_out,060150,0.07458563535911611,-0.01147236874102181,-0.02923861419785534,16
KOSDAQ150,202312,W1,pred_out,060720,0.04332634521313761,-0.04273165888700031,-0.06049790434383384,16
KOSDAQ150,202312,W1,pred_out,089980,0.09206174200661521,0.006003737906477291,-0.011762507550356238,16
KOSDAQ150,202312,W1,pred_out,086390,0.14007421150278287,0.054016207402644956,0.036249961945811426,16
KOSDAQ150,202312,W1,pred_out,060250,0.06951219512195128,-0.016545808978186638,-0.03431205443502017,16
KOSDAQ150,202312,W1,pred_out,294570,0.07351351351351343,-0.01254449058662449,-0.03031073604345802,16
KOSDAQ150,202312,W1,pred_out,205470,0.0674999999999999,-0.018558004100138026,-0.036324249556971555,16
KOSDAQ150,202312,W1,pred_out,298540,-0.15227272727272723,-0.23833073137286515,-0.2560969768296987,16
KOSDAQ150,202312,W1,pred_out,064260,0.10256410256410264,0.016506098463964725,-0.0012601469928688047,16
KOSDAQ150,202312,W1,pred_out,053030,0.09891598915989164,0.012857985059753718,-0.004908260397079811,16
KOSDAQ150,202312,W1,act_out,027360,0.03755868544600949,-0.04849931865412843,-0.06626556411096196,16
KOSDAQ150,202312,W1,act_out,038540,0.04457831325301198,-0.04147969084712594,-0.05924593630395947,16
KOSDAQ150,202312,W1,act_out,235980,0.016304347826086918,-0.069753656274051,-0.08751990173088453,16
KOSDAQ150,202312,W1,act_out,060150,0.07458563535911611,-0.01147236874102181,-0.02923861419785534,16
KOSDAQ150,202312,W1,act_out,104830,0.030303030303030276,-0.05575497379710764,-0.07352121925394117,16
KOSDAQ150,202312,W1,act_out,092040,0.09244348095385568,0.006385476853717764,-0.011380768603115765,16
KOSDAQ150,202312,W1,act_out,205470,0.0674999999999999,-0.018558004100138026,-0.036324249556971555,16
KOSDAQ150,202312,W1,act_out,294570,0.07351351351351343,-0.01254449058662449,-0.03031073604345802,16
KOSDAQ150,202312,W1,act_out,064260,0.10256410256410264,0.016506098463964725,-0.0012601469928688047,16
KOSDAQ150,202312,W1,act_out,299900,0.30977130977130973,0.2237133056711718,0.20594706021433828,16
KOSDAQ150,202312,W1,act_out,104480,0.03371428571428581,-0.05234371838585211,-0.07010996384268564,16
KOSDAQ150,202312,W1,act_out,084990,0.2938331318016929,0.20777512770155498,0.19000888224472146,16
KOSDAQ150,202312,W1,act_out,003100,0.056991774383078786,-0.029066229717059133,-0.04683247517389266,16
KOSDAQ150,202312,W1,act_out,030530,0.12956810631229243,0.04351010221215451,0.025743856755320982,16
KOSDAQ150,202312,W2,pred_in,300120,0.10651304961203856,0.09788127049048378,0.07511427660590364,14
KOSDAQ150,202312,W2,pred_in,099220,-0.011391375101708734,-0.020023154223263513,-0.04279014810784365,14
KOSDAQ150,202312,W2,pred_in,328130,-0.03544912923923005,-0.04408090836078483,-0.06684790224536497,14
KOSDAQ150,202312,W2,pred_in,082850,-0.09285714285714286,-0.10148892197869763,-0.12425591586327778,14
KOSDAQ150,202312,W2,pred_in,277410,-0.047244094488189003,-0.05587587360974378,-0.07864286749432392,14
KOSDAQ150,202312,W2,pred_in,108860,0.06333676622039142,0.05470498709883664,0.0319379932142565,14
KOSDAQ150,202312,W2,pred_in,376930,-0.07000193911188679,-0.07863371823344156,-0.10140071211802171,14
KOSDAQ150,202312,W2,pred_in,009730,-0.019305525223847986,-0.027937304345402765,-0.0507042982299829,14
KOSDAQ150,202312,W2,pred_in,336570,0.0009999999999998899,-0.007631779121554888,-0.030398773006135027,14
KOSDAQ150,202312,W2,pred_in,058970,0.17460317460317465,0.16597139548161988,0.14320440159703973,14
KOSDAQ150,202312,W2,pred_in,052020,0.15264569617166535,0.14401391705011057,0.12124692316553043,14
KOSDAQ150,202312,W2,pred_in,088800,0.11830396091432549,0.10967218179277072,0.08690518790819057,14
KOSDAQ150,202312,W2,pred_in,060570,-0.043689320388349495,-0.052321099509904274,-0.07508809339448441,14
KOSDAQ150,202312,W2,pred_in,067630,0.14000216052716863,0.13137038140561386,0.10860338752103371,14
KOSDAQ150,202312,W2,pred_in,084650,-0.021791767554479424,-0.030423546676034204,-0.05319054056061434,14
KOSDAQ150,202312,W2,pred_in,058400,-0.08795900939368062,-0.09659078851523539,-0.11935778239981554,14
KOSDAQ150,202312,W2,pred_in,099190,0.03418803418803429,0.02555625506647951,0.0027892611818993718,14
KOSDAQ150,202312,W2,pred_in,377460,-0.074410163339383,-0.08304194246093777,-0.10580893634551791,14
KOSDAQ150,202312,W2,pred_in,182400,0.029752899646999564,0.021121120525444785,-0.0016458733591353525,14
KOSDAQ150,202312,W2,pred_in,060230,-0.06907153105144492,-0.0777033101729997,-0.10047030405757984,14
KOSDAQ150,202312,W2,pred_in,365590,-0.03813069713698802,-0.0467624762585428,-0.06952947014312294,14
KOSDAQ150,202312,W2,pred_in,420770,-0.005540166204986097,-0.014171945326540874,-0.036938939211121014,14
KOSDAQ150,202312,W2,pred_in,900110,0.0,-0.008631779121554778,-0.03139877300613492,14
KOSDAQ150,202312,W2,pred_in,065350,-0.20223325062034736,-0.21086502974190213,-0.23363202362648228,14
KOSDAQ150,202312,W2,pred_in,180400,-0.034995977473853634,-0.043627756595408414,-0.06639475047998855,14
KOSDAQ150,202312,W2,pred_in,058610,0.044117647058823595,0.035485867937268815,0.012718874052688678,14
KOSDAQ150,202312,W2,pred_in,310210,0.009852216748768461,0.0012204376272136833,-0.021546556257366456,14
KOSDAQ150,202312,W2,pred_in,204270,-0.12288993923024982,-0.1315217183518046,-0.15428871223638474,14
KOSDAQ150,202312,W2,pred_in,291230,0.001577287066246047,-0.007054492055308731,-0.02982148593988887,14
KOSDAQ150,202312,W2,pred_in,046070,-0.15908791353631213,-0.1677196926578669,-0.19048668654244705,14
KOSDAQ150,202312,W2,pred_in,031860,-0.26320010693757523,-0.27183188605913,-0.29459887994371015,14
KOSDAQ150,202312,W2,pred_in,087010,-0.10572245644034317,-0.11435423556189794,-0.1371212294464781,14
KOSDAQ150,202312,W2,pred_in,105550,0.004524886877828038,-0.004106892243726739,-0.02687388612830688,14
KOSDAQ150,202312,W2,pred_in,016790,0.23874755381604706,0.2301157746944923,0.20734878080991215,14
KOSDAQ150,202312,W2,pred_in,360070,-0.05985401459854012,-0.06848579372009489,-0.09125278760467503,14
KOSDAQ150,202312,W2,pred_in,900300,-0.11764705882352944,-0.1262788379450842,-0.14904583182966435,14
KOSDAQ150,202312,W2,pred_in,060280,0.09297912713472489,0.08434734801317012,0.061580354128589976,14
KOSDAQ150,202312,W2,pred_in,270520,-0.17368421052631577,-0.18231598964787055,-0.2050829835324507,14
KOSDAQ150,202312,W2,pred_in,207760,-0.020868584320360983,-0.029500363441915763,-0.0522673573264959,14
KOSDAQ150,202312,W2,pred_in,348080,-0.16154591073157853,-0.1701776898531333,-0.19294468373771345,14
KOSDAQ150,202312,W2,pred_in,035890,0.004459308807134965,-0.004172470314419812,-0.02693946419899995,14
KOSDAQ150,202312,W2,pred_in,090150,-0.060509554140127375,-0.06914133326168215,-0.09190832714626229,14
KOSDAQ150,202312,W2,pred_in,299030,-0.04788732394366202,-0.0565191030652168,-0.07928609694979694,14
KOSDAQ150,202312,W2,pred_in,067390,0.10511945392491473,0.09648767480335996,0.07372068091877981,14
KOSDAQ150,202312,W2,pred_in,214680,-0.22478991596638653,-0.2334216950879413,-0.25618868897252145,14
KOSDAQ150,202312,W2,pred_in,151860,-0.09710391822827935,-0.10573569734983412,-0.12850269123441427,14
KOSDAQ150,202312,W2,pred_in,950160,-0.014908256880733939,-0.023540036002288718,-0.046307029886868856,14
KOSDAQ150,202312,W2,pred_in,021880,0.05033557046979875,0.04170379134824397,0.018936797463663835,14
KOSDAQ150,202312,W2,pred_in,019570,-0.13207547169811318,-0.14070725081966795,-0.1634742447042481,14
KOSDAQ150,202312,W2,pred_in,033170,0.0712401055408971,0.06260832641934233,0.039841332534762186,14
KOSDAQ150,202312,W2,pred_in,049080,-0.011217948717948678,-0.019849727839503457,-0.042616721724083595,14
KOSDAQ150,202312,W2,pred_in,378800,0.038066865276398465,0.029435086154843686,0.006668092270263548,14
KOSDAQ150,202312,W2,pred_in,101730,0.47985989492119097,0.4712281157996362,0.44846112191505605,14
KOSDAQ150,202312,W2,pred_in,418550,0.16793893129770998,0.1593071521761552,0.13654015829157506,14
KOSDAQ150,202312,W2,pred_in,363260,-0.05607476635514019,-0.06470654547669497,-0.08747353936127511,14
KOSDAQ150,202312,W2,pred_in,095660,0.025547445255474477,0.016915666133919698,-0.00585132775066044,14
KOSDAQ150,202312,W2,pred_in,114190,0.07424593967517401,0.06561416055361924,0.042847166669039094,14
KOSDAQ150,202312,W2,pred_in,117730,-0.1212814645308925,-0.12991324365244727,-0.15268023753702742,14
KOSDAQ150,202312,W2,pred_in,140410,-0.07058823529411762,-0.07922001441567239,-0.10198700830025254,14
KOSDAQ150,202312,W2,pred_in,079810,-0.05005959475566146,-0.05869137387721624,-0.08145836776179638,14
KOSDAQ150,202312,W2,act_in,118990,-0.029030265596046934,-0.03766204471760171,-0.06042903860218185,14
KOSDAQ150,202312,W2,act_in,310210,0.009852216748768461,0.0012204376272136833,-0.021546556257366456,14
KOSDAQ150,202312,W2,act_in,299030,-0.04788732394366202,-0.0565191030652168,-0.07928609694979694,14
KOSDAQ150,202312,W2,act_in,204270,-0.12288993923024982,-0.1315217183518046,-0.15428871223638474,14
KOSDAQ150,202312,W2,act_in,099190,0.03418803418803429,0.02555625506647951,0.0027892611818993718,14
KOSDAQ150,202312,W2,act_in,328130,-0.03544912923923005,-0.04408090836078483,-0.06684790224536497,14
KOSDAQ150,202312,W2,act_in,053610,0.014213197969543234,0.005581418847988457,-0.017185575036591683,14
KOSDAQ150,202312,W2,act_in,194480,0.034375000000000044,0.025743220878445265,0.0029762269938651276,14
KOSDAQ150,202312,W2,act_in,418550,0.16793893129770998,0.1593071521761552,0.13654015829157506,14
KOSDAQ150,202312,W2,act_in,360070,-0.05985401459854012,-0.06848579372009489,-0.09125278760467503,14
KOSDAQ150,202312,W2,act_in,108860,0.06333676622039142,0.05470498709883664,0.0319379932142565,14
KOSDAQ150,202312,W2,act_in,114190,0.07424593967517401,0.06561416055361924,0.042847166669039094,14
KOSDAQ150,202312,W2,act_in,060280,0.09297912713472489,0.08434734801317012,0.061580354128589976,14
KOSDAQ150,202312,W2,act_in,336570,0.0009999999999998899,-0.007631779121554888,-0.030398773006135027,14
KOSDAQ150,202312,W2,act_in,058970,0.17460317460317465,0.16597139548161988,0.14320440159703973,14
KOSDAQ150,202312,W2,act_in,095660,0.025547445255474477,0.016915666133919698,-0.00585132775066044,14
KOSDAQ150,202312,W2,act_in,058610,0.044117647058823595,0.035485867937268815,0.012718874052688678,14
KOSDAQ150,202312,W2,hit,310210,0.009852216748768461,0.0012204376272136833,-0.021546556257366456,14
KOSDAQ150,202312,W2,hit,204270,-0.12288993923024982,-0.1315217183518046,-0.15428871223638474,14
KOSDAQ150,202312,W2,hit,299030,-0.04788732394366202,-0.0565191030652168,-0.07928609694979694,14
KOSDAQ150,202312,W2,hit,099190,0.03418803418803429,0.02555625506647951,0.0027892611818993718,14
KOSDAQ150,202312,W2,hit,328130,-0.03544912923923005,-0.04408090836078483,-0.06684790224536497,14
KOSDAQ150,202312,W2,hit,418550,0.16793893129770998,0.1593071521761552,0.13654015829157506,14
KOSDAQ150,202312,W2,hit,360070,-0.05985401459854012,-0.06848579372009489,-0.09125278760467503,14
KOSDAQ150,202312,W2,hit,108860,0.06333676622039142,0.05470498709883664,0.0319379932142565,14
KOSDAQ150,202312,W2,hit,114190,0.07424593967517401,0.06561416055361924,0.042847166669039094,14
KOSDAQ150,202312,W2,hit,060280,0.09297912713472489,0.08434734801317012,0.061580354128589976,14
KOSDAQ150,202312,W2,hit,336570,0.0009999999999998899,-0.007631779121554888,-0.030398773006135027,14
KOSDAQ150,202312,W2,hit,058970,0.17460317460317465,0.16597139548161988,0.14320440159703973,14
KOSDAQ150,202312,W2,hit,095660,0.025547445255474477,0.016915666133919698,-0.00585132775066044,14
KOSDAQ150,202312,W2,hit,058610,0.044117647058823595,0.035485867937268815,0.012718874052688678,14
KOSDAQ150,202312,W2,false_in,300120,0.10651304961203856,0.09788127049048378,0.07511427660590364,14
KOSDAQ150,202312,W2,false_in,099220,-0.011391375101708734,-0.020023154223263513,-0.04279014810784365,14
KOSDAQ150,202312,W2,false_in,082850,-0.09285714285714286,-0.10148892197869763,-0.12425591586327778,14
KOSDAQ150,202312,W2,false_in,277410,-0.047244094488189003,-0.05587587360974378,-0.07864286749432392,14
KOSDAQ150,202312,W2,false_in,376930,-0.07000193911188679,-0.07863371823344156,-0.10140071211802171,14
KOSDAQ150,202312,W2,false_in,009730,-0.019305525223847986,-0.027937304345402765,-0.0507042982299829,14
KOSDAQ150,202312,W2,false_in,052020,0.15264569617166535,0.14401391705011057,0.12124692316553043,14
KOSDAQ150,202312,W2,false_in,088800,0.11830396091432549,0.10967218179277072,0.08690518790819057,14
KOSDAQ150,202312,W2,false_in,060570,-0.043689320388349495,-0.052321099509904274,-0.07508809339448441,14
KOSDAQ150,202312,W2,false_in,067630,0.14000216052716863,0.13137038140561386,0.10860338752103371,14
KOSDAQ150,202312,W2,false_in,084650,-0.021791767554479424,-0.030423546676034204,-0.05319054056061434,14
KOSDAQ150,202312,W2,false_in,058400,-0.08795900939368062,-0.09659078851523539,-0.11935778239981554,14
KOSDAQ150,202312,W2,false_in,377460,-0.074410163339383,-0.08304194246093777,-0.10580893634551791,14
KOSDAQ150,202312,W2,false_in,182400,0.029752899646999564,0.021121120525444785,-0.0016458733591353525,14
KOSDAQ150,202312,W2,false_in,060230,-0.06907153105144492,-0.0777033101729997,-0.10047030405757984,14
KOSDAQ150,202312,W2,false_in,365590,-0.03813069713698802,-0.0467624762585428,-0.06952947014312294,14
KOSDAQ150,202312,W2,false_in,420770,-0.005540166204986097,-0.014171945326540874,-0.036938939211121014,14
KOSDAQ150,202312,W2,false_in,900110,0.0,-0.008631779121554778,-0.03139877300613492,14
KOSDAQ150,202312,W2,false_in,065350,-0.20223325062034736,-0.21086502974190213,-0.23363202362648228,14
KOSDAQ150,202312,W2,false_in,180400,-0.034995977473853634,-0.043627756595408414,-0.06639475047998855,14
KOSDAQ150,202312,W2,false_in,291230,0.001577287066246047,-0.007054492055308731,-0.02982148593988887,14
KOSDAQ150,202312,W2,false_in,046070,-0.15908791353631213,-0.1677196926578669,-0.19048668654244705,14
KOSDAQ150,202312,W2,false_in,031860,-0.26320010693757523,-0.27183188605913,-0.29459887994371015,14
KOSDAQ150,202312,W2,false_in,087010,-0.10572245644034317,-0.11435423556189794,-0.1371212294464781,14
KOSDAQ150,202312,W2,false_in,105550,0.004524886877828038,-0.004106892243726739,-0.02687388612830688,14
KOSDAQ150,202312,W2,false_in,016790,0.23874755381604706,0.2301157746944923,0.20734878080991215,14
KOSDAQ150,202312,W2,false_in,900300,-0.11764705882352944,-0.1262788379450842,-0.14904583182966435,14
KOSDAQ150,202312,W2,false_in,270520,-0.17368421052631577,-0.18231598964787055,-0.2050829835324507,14
KOSDAQ150,202312,W2,false_in,207760,-0.020868584320360983,-0.029500363441915763,-0.0522673573264959,14
KOSDAQ150,202312,W2,false_in,348080,-0.16154591073157853,-0.1701776898531333,-0.19294468373771345,14
KOSDAQ150,202312,W2,false_in,035890,0.004459308807134965,-0.004172470314419812,-0.02693946419899995,14
KOSDAQ150,202312,W2,false_in,090150,-0.060509554140127375,-0.06914133326168215,-0.09190832714626229,14
KOSDAQ150,202312,W2,false_in,067390,0.10511945392491473,0.09648767480335996,0.07372068091877981,14
KOSDAQ150,202312,W2,false_in,214680,-0.22478991596638653,-0.2334216950879413,-0.25618868897252145,14
KOSDAQ150,202312,W2,false_in,151860,-0.09710391822827935,-0.10573569734983412,-0.12850269123441427,14
KOSDAQ150,202312,W2,false_in,950160,-0.014908256880733939,-0.023540036002288718,-0.046307029886868856,14
KOSDAQ150,202312,W2,false_in,021880,0.05033557046979875,0.04170379134824397,0.018936797463663835,14
KOSDAQ150,202312,W2,false_in,019570,-0.13207547169811318,-0.14070725081966795,-0.1634742447042481,14
KOSDAQ150,202312,W2,false_in,033170,0.0712401055408971,0.06260832641934233,0.039841332534762186,14
KOSDAQ150,202312,W2,false_in,049080,-0.011217948717948678,-0.019849727839503457,-0.042616721724083595,14
KOSDAQ150,202312,W2,false_in,378800,0.038066865276398465,0.029435086154843686,0.006668092270263548,14
KOSDAQ150,202312,W2,false_in,101730,0.47985989492119097,0.4712281157996362,0.44846112191505605,14
KOSDAQ150,202312,W2,false_in,363260,-0.05607476635514019,-0.06470654547669497,-0.08747353936127511,14
KOSDAQ150,202312,W2,false_in,117730,-0.1212814645308925,-0.12991324365244727,-0.15268023753702742,14
KOSDAQ150,202312,W2,false_in,140410,-0.07058823529411762,-0.07922001441567239,-0.10198700830025254,14
KOSDAQ150,202312,W2,false_in,079810,-0.05005959475566146,-0.05869137387721624,-0.08145836776179638,14
KOSDAQ150,202312,W2,miss_in,118990,-0.029030265596046934,-0.03766204471760171,-0.06042903860218185,14
KOSDAQ150,202312,W2,miss_in,053610,0.014213197969543234,0.005581418847988457,-0.017185575036591683,14
KOSDAQ150,202312,W2,miss_in,194480,0.034375000000000044,0.025743220878445265,0.0029762269938651276,14
KOSDAQ150,202312,W2,pred_out,061970,0.1442994718856787,0.13566769276412394,0.11290069887954379,14
KOSDAQ150,202312,W2,pred_out,035600,0.09169550173010377,0.083063722608549,0.06029672872396885,14
KOSDAQ150,202312,W2,pred_out,030520,-0.059672131147541,-0.06830391026909577,-0.09107090415367591,14
KOSDAQ150,202312,W2,pred_out,104830,0.09158878504672896,0.08295700592517419,0.06019001204059404,14
KOSDAQ150,202312,W2,pred_out,230240,-0.042153377348908116,-0.050785156470462896,-0.07355215035504303,14
KOSDAQ150,202312,W2,pred_out,033290,-0.13699731903485257,-0.14562909815640734,-0.1683960920409875,14
KOSDAQ150,202312,W2,pred_out,030530,0.014684287812041008,0.0060525086904862305,-0.01671448519409391,14
KOSDAQ150,202312,W2,pred_out,445680,0.08405501782985225,0.07542323870829748,0.052656244823717335,14
KOSDAQ150,202312,W2,pred_out,027360,0.19683257918552033,0.18820080006396556,0.1654338061793854,14
KOSDAQ150,202312,W2,pred_out,038540,-0.10344827586206895,-0.11208005498362372,-0.13484704886820387,14
KOSDAQ150,202312,W2,pred_out,041190,0.1721739130434783,0.16354213392192352,0.14077514003734337,14
KOSDAQ150,202312,W2,pred_out,025770,0.03712035995500562,0.028488580833450843,0.005721586948870705,14
KOSDAQ150,202312,W2,pred_out,104480,-0.007705008255366019,-0.0163367873769208,-0.039103781261500936,14
KOSDAQ150,202312,W2,pred_out,084990,0.08604206500956013,0.07741028588800536,0.054643292003425215,14
KOSDAQ150,202312,W2,pred_out,003100,-0.010526315789473717,-0.019158094911028496,-0.041925088795608634,14
KOSDAQ150,202312,W2,pred_out,115450,-0.007284382284382329,-0.01591616140593711,-0.038683155290517246,14
KOSDAQ150,202312,W2,pred_out,080160,-0.046441495778045794,-0.05507327489960057,-0.07784026878418071,14
KOSDAQ150,202312,W2,pred_out,267980,-0.047138047138047146,-0.055769826259601925,-0.07853682014418206,14
KOSDAQ150,202312,W2,pred_out,235980,-0.09536423841059605,-0.10399601753215082,-0.12676301141673096,14
KOSDAQ150,202312,W2,pred_out,060150,-0.035019455252918275,-0.043651234374473054,-0.06641822825905319,14
KOSDAQ150,202312,W2,pred_out,060720,0.006263048016701411,-0.0023687311048533662,-0.025135724989433506,14
KOSDAQ150,202312,W2,pred_out,089980,-0.07118644067796609,-0.07981821979952086,-0.102585213684101,14
KOSDAQ150,202312,W2,pred_out,086390,0.03580146460537015,0.02716968548381537,0.004402691599235231,14
KOSDAQ150,202312,W2,pred_out,060250,0.036525172754195534,0.027893393632640755,0.005126399748060617,14
KOSDAQ150,202312,W2,pred_out,294570,0.01975308641975304,0.011121307298198263,-0.011645686586381876,14
KOSDAQ150,202312,W2,pred_out,205470,-0.0482758620689655,-0.05690764119052028,-0.07967463507510042,14
KOSDAQ150,202312,W2,pred_out,298540,-0.026587086272381932,-0.03521886539393671,-0.05798585927851685,14
KOSDAQ150,202312,W2,pred_out,064260,0.25631313131313127,0.2476813521915765,0.22491435830699635,14
KOSDAQ150,202312,W2,pred_out,053030,0.007453416149068248,-0.0011783629724865293,-0.02394535685706667,14
KOSDAQ150,202312,W2,act_out,027360,0.19683257918552033,0.18820080006396556,0.1654338061793854,14
KOSDAQ150,202312,W2,act_out,038540,-0.10344827586206895,-0.11208005498362372,-0.13484704886820387,14
KOSDAQ150,202312,W2,act_out,235980,-0.09536423841059605,-0.10399601753215082,-0.12676301141673096,14
KOSDAQ150,202312,W2,act_out,060150,-0.035019455252918275,-0.043651234374473054,-0.06641822825905319,14
KOSDAQ150,202312,W2,act_out,104830,0.09158878504672896,0.08295700592517419,0.06019001204059404,14
KOSDAQ150,202312,W2,act_out,092040,0.07808409055906362,0.06945231143750885,0.04668531755292871,14
KOSDAQ150,202312,W2,act_out,205470,-0.0482758620689655,-0.05690764119052028,-0.07967463507510042,14
KOSDAQ150,202312,W2,act_out,294570,0.01975308641975304,0.011121307298198263,-0.011645686586381876,14
KOSDAQ150,202312,W2,act_out,064260,0.25631313131313127,0.2476813521915765,0.22491435830699635,14
KOSDAQ150,202312,W2,act_out,299900,0.20650406504065044,0.19787228591909567,0.17510529203451553,14
KOSDAQ150,202312,W2,act_out,104480,-0.007705008255366019,-0.0163367873769208,-0.039103781261500936,14
KOSDAQ150,202312,W2,act_out,084990,0.08604206500956013,0.07741028588800536,0.054643292003425215,14
KOSDAQ150,202312,W2,act_out,003100,-0.010526315789473717,-0.019158094911028496,-0.041925088795608634,14
KOSDAQ150,202312,W2,act_out,030530,0.014684287812041008,0.0060525086904862305,-0.01671448519409391,14
KOSDAQ150,202312,W3,pred_in,300120,-0.0809604759881003,-0.1274549478225747,-0.0979009582684035,20
KOSDAQ150,202312,W3,pred_in,099220,0.07407407407407418,0.0275796022395998,0.05713359179377098,20
KOSDAQ150,202312,W3,pred_in,328130,-0.1548000855249091,-0.20129455735938348,-0.1717405678052123,20
KOSDAQ150,202312,W3,pred_in,082850,0.30118110236220463,0.2546866305277303,0.28424062008190143,20
KOSDAQ150,202312,W3,pred_in,277410,0.02754820936639124,-0.01894626246808314,0.010607727086088037,20
KOSDAQ150,202312,W3,pred_in,108860,-0.01210653753026636,-0.05860100936474074,-0.029047019810569563,20
KOSDAQ150,202312,W3,pred_in,376930,-0.3215179316096747,-0.36801240344414904,-0.3384584138899779,20
KOSDAQ150,202312,W3,pred_in,009730,0.3354117489867723,0.2889172771522979,0.3184712667064691,20
KOSDAQ150,202312,W3,pred_in,336570,-0.11788211788211789,-0.16437658971659228,-0.1348226001624211,20
KOSDAQ150,202312,W3,pred_in,058970,0.0418918918918918,-0.004602579942582584,0.024951409611588593,20
KOSDAQ150,202312,W3,pred_in,052020,-0.0458007192722657,-0.09229519110674009,-0.0627412015525689,20
KOSDAQ150,202312,W3,pred_in,088800,0.39897019815883916,0.3524757263243648,0.38202971587853596,20
KOSDAQ150,202312,W3,pred_in,060570,0.021996615905245376,-0.024497855929229005,0.005056133624942172,20
KOSDAQ150,202312,W3,pred_in,067630,-0.06557377049180324,-0.11206824232627763,-0.08251425277210644,20
KOSDAQ150,202312,W3,pred_in,084650,-0.0606435643564357,-0.10713803619091009,-0.0775840466367389,20
KOSDAQ150,202312,W3,pred_in,058400,-0.005617977528089901,-0.05211244936256428,-0.022558459808393105,20
KOSDAQ150,202312,W3,pred_in,099190,0.165289256198347,0.11879478436387261,0.1483487739180438,20
KOSDAQ150,202312,W3,pred_in,377460,0.0,-0.04649447183447438,-0.016940482280303204,20
KOSDAQ150,202312,W3,pred_in,182400,-0.11630754162585699,-0.16280201346033138,-0.1332480239061602,20
KOSDAQ150,202312,W3,pred_in,060230,-0.03368560105680318,-0.08018007289127757,-0.05062608333710639,20
KOSDAQ150,202312,W3,pred_in,365590,-0.04831820608649229,-0.09481267792096668,-0.06525868836679549,20
KOSDAQ150,202312,W3,pred_in,420770,-0.0027855153203342198,-0.0492799871548086,-0.019725997600637424,20
KOSDAQ150,202312,W3,pred_in,900110,-0.008463864939285859,-0.05495833677376024,-0.025404347219589063,20
KOSDAQ150,202312,W3,pred_in,065350,0.9004665629860031,0.8539720911515287,0.8835260807056999,20
KOSDAQ150,202312,W3,pred_in,180400,0.247811588161734,0.2013171163272596,0.23087110588143078,20
KOSDAQ150,202312,W3,pred_in,058610,0.012676056338028152,-0.03381841549644623,-0.004264425942275052,20
KOSDAQ150,202312,W3,pred_in,310210,0.08536585365853666,0.03887138182406228,0.06842537137823346,20
KOSDAQ150,202312,W3,pred_in,204270,-0.10161662817551964,-0.14811110000999403,-0.11855711045582285,20
KOSDAQ150,202312,W3,pred_in,291230,0.352755905511811,0.30626143367733666,0.3358154232315078,20
KOSDAQ150,202312,W3,pred_in,046070,0.23551965276103215,0.18902518092655776,0.21857917048072895,20
KOSDAQ150,202312,W3,pred_in,031860,-0.2596153846153846,-0.30610985644985894,-0.2765558668956878,20
KOSDAQ150,202312,W3,pred_in,087010,-0.028747568654600597,-0.07524204048907498,-0.0456880509349038,20
KOSDAQ150,202312,W3,pred_in,105550,0.1509009009009008,0.10440642906642641,0.1339604186205976,20
KOSDAQ150,202312,W3,pred_in,016790,-0.20221169036334918,-0.24870616219782357,-0.2191521726436524,20
KOSDAQ150,202312,W3,pred_in,360070,-0.09782608695652173,-0.14432055879099612,-0.11476656923682493,20
KOSDAQ150,202312,W3,pred_in,900300,-0.025000000000000022,-0.07149447183447441,-0.041940482280303226,20
KOSDAQ150,202312,W3,pred_in,060280,0.03935185185185186,-0.007142619982622521,0.022411369571548656,20
KOSDAQ150,202312,W3,pred_in,270520,-0.2866242038216561,-0.33311867565613046,-0.3035646861019593,20
KOSDAQ150,202312,W3,pred_in,207760,0.1751152073732718,0.1286207355387974,0.1581747250929686,20
KOSDAQ150,202312,W3,pred_in,348080,-0.06194876102477953,-0.10844323285925392,-0.07888924330508273,20
KOSDAQ150,202312,W3,pred_in,035890,-0.04180540140584532,-0.08829987324031971,-0.058745883686148526,20
KOSDAQ150,202312,W3,pred_in,090150,0.15677966101694918,0.11028518918247479,0.13983917873664597,20
KOSDAQ150,202312,W3,pred_in,299030,-0.12426035502958577,-0.17075482686406016,-0.14120083730988897,20
KOSDAQ150,202312,W3,pred_in,067390,0.05435453983940697,0.007860068004932587,0.037414057559103764,20
KOSDAQ150,202312,W3,pred_in,214680,0.18428184281842808,0.1377873709839537,0.16734136053812487,20
KOSDAQ150,202312,W3,pred_in,151860,0.020754716981132182,-0.0257397548533422,0.003814234700828978,20
KOSDAQ150,202312,W3,pred_in,950160,0.5250291036088475,0.4785346317743731,0.5080886213285443,20
KOSDAQ150,202312,W3,pred_in,021880,0.09904153354632594,0.05254706171185156,0.08210105126602274,20
KOSDAQ150,202312,W3,pred_in,019570,0.19943289224952743,0.15293842041505304,0.18249240996922422,20
KOSDAQ150,202312,W3,pred_in,033170,-0.022167487684729092,-0.06866195951920348,-0.039107969965032296,20
KOSDAQ150,202312,W3,pred_in,049080,0.09805510534846018,0.0515606335139858,0.08111462306815698,20
KOSDAQ150,202312,W3,pred_in,378800,-0.06186224489795922,-0.1083567167324336,-0.07880272717826242,20
KOSDAQ150,202312,W3,pred_in,101730,-0.2289940828402367,-0.27548855467471106,-0.2459345651205399,20
KOSDAQ150,202312,W3,pred_in,418550,-0.1895424836601307,-0.2360369554946051,-0.20648296594043392,20
KOSDAQ150,202312,W3,pred_in,363260,0.16831683168316824,0.12182235984869386,0.15137634940286504,20
KOSDAQ150,202312,W3,pred_in,095660,-0.08718861209964412,-0.1336830839341185,-0.10412909437994733,20
KOSDAQ150,202312,W3,pred_in,114190,-0.1565874730021598,-0.2030819448366342,-0.173527955282463,20
KOSDAQ150,202312,W3,pred_in,117730,0.2578125,0.2113180281655256,0.2408720177196968,20
KOSDAQ150,202312,W3,pred_in,140410,0.06891701828410679,0.02242254644963241,0.051976536003803586,20
KOSDAQ150,202312,W3,pred_in,079810,-0.11731493099121704,-0.16380940282569142,-0.13425541327152024,20
KOSDAQ150,202312,W3,act_in,118990,0.057888040712468225,0.011393568877993844,0.04094755843216502,20
KOSDAQ150,202312,W3,act_in,310210,0.08536585365853666,0.03887138182406228,0.06842537137823346,20
KOSDAQ150,202312,W3,act_in,299030,-0.12426035502958577,-0.17075482686406016,-0.14120083730988897,20
KOSDAQ150,202312,W3,act_in,204270,-0.10161662817551964,-0.14811110000999403,-0.11855711045582285,20
KOSDAQ150,202312,W3,act_in,099190,0.165289256198347,0.11879478436387261,0.1483487739180438,20
KOSDAQ150,202312,W3,act_in,328130,-0.1548000855249091,-0.20129455735938348,-0.1717405678052123,20
KOSDAQ150,202312,W3,act_in,053610,-0.18918918918918914,-0.23568366102366353,-0.20612967146949235,20
KOSDAQ150,202312,W3,act_in,194480,-0.2769385699899295,-0.32343304182440386,-0.2938790522702327,20
KOSDAQ150,202312,W3,act_in,418550,-0.1895424836601307,-0.2360369554946051,-0.20648296594043392,20
KOSDAQ150,202312,W3,act_in,360070,-0.09782608695652173,-0.14432055879099612,-0.11476656923682493,20
KOSDAQ150,202312,W3,act_in,108860,-0.01210653753026636,-0.05860100936474074,-0.029047019810569563,20
KOSDAQ150,202312,W3,act_in,114190,-0.1565874730021598,-0.2030819448366342,-0.173527955282463,20
KOSDAQ150,202312,W3,act_in,060280,0.03935185185185186,-0.007142619982622521,0.022411369571548656,20
KOSDAQ150,202312,W3,act_in,336570,-0.11788211788211789,-0.16437658971659228,-0.1348226001624211,20
KOSDAQ150,202312,W3,act_in,058970,0.0418918918918918,-0.004602579942582584,0.024951409611588593,20
KOSDAQ150,202312,W3,act_in,095660,-0.08718861209964412,-0.1336830839341185,-0.10412909437994733,20
KOSDAQ150,202312,W3,act_in,058610,0.012676056338028152,-0.03381841549644623,-0.004264425942275052,20
KOSDAQ150,202312,W3,hit,310210,0.08536585365853666,0.03887138182406228,0.06842537137823346,20
KOSDAQ150,202312,W3,hit,204270,-0.10161662817551964,-0.14811110000999403,-0.11855711045582285,20
KOSDAQ150,202312,W3,hit,299030,-0.12426035502958577,-0.17075482686406016,-0.14120083730988897,20
KOSDAQ150,202312,W3,hit,099190,0.165289256198347,0.11879478436387261,0.1483487739180438,20
KOSDAQ150,202312,W3,hit,328130,-0.1548000855249091,-0.20129455735938348,-0.1717405678052123,20
KOSDAQ150,202312,W3,hit,418550,-0.1895424836601307,-0.2360369554946051,-0.20648296594043392,20
KOSDAQ150,202312,W3,hit,360070,-0.09782608695652173,-0.14432055879099612,-0.11476656923682493,20
KOSDAQ150,202312,W3,hit,108860,-0.01210653753026636,-0.05860100936474074,-0.029047019810569563,20
KOSDAQ150,202312,W3,hit,114190,-0.1565874730021598,-0.2030819448366342,-0.173527955282463,20
KOSDAQ150,202312,W3,hit,060280,0.03935185185185186,-0.007142619982622521,0.022411369571548656,20
KOSDAQ150,202312,W3,hit,336570,-0.11788211788211789,-0.16437658971659228,-0.1348226001624211,20
KOSDAQ150,202312,W3,hit,058970,0.0418918918918918,-0.004602579942582584,0.024951409611588593,20
KOSDAQ150,202312,W3,hit,095660,-0.08718861209964412,-0.1336830839341185,-0.10412909437994733,20
KOSDAQ150,202312,W3,hit,058610,0.012676056338028152,-0.03381841549644623,-0.004264425942275052,20
KOSDAQ150,202312,W3,false_in,300120,-0.0809604759881003,-0.1274549478225747,-0.0979009582684035,20
KOSDAQ150,202312,W3,false_in,099220,0.07407407407407418,0.0275796022395998,0.05713359179377098,20
KOSDAQ150,202312,W3,false_in,082850,0.30118110236220463,0.2546866305277303,0.28424062008190143,20
KOSDAQ150,202312,W3,false_in,277410,0.02754820936639124,-0.01894626246808314,0.010607727086088037,20
KOSDAQ150,202312,W3,false_in,376930,-0.3215179316096747,-0.36801240344414904,-0.3384584138899779,20
KOSDAQ150,202312,W3,false_in,009730,0.3354117489867723,0.2889172771522979,0.3184712667064691,20
KOSDAQ150,202312,W3,false_in,052020,-0.0458007192722657,-0.09229519110674009,-0.0627412015525689,20
KOSDAQ150,202312,W3,false_in,088800,0.39897019815883916,0.3524757263243648,0.38202971587853596,20
KOSDAQ150,202312,W3,false_in,060570,0.021996615905245376,-0.024497855929229005,0.005056133624942172,20
KOSDAQ150,202312,W3,false_in,067630,-0.06557377049180324,-0.11206824232627763,-0.08251425277210644,20
KOSDAQ150,202312,W3,false_in,084650,-0.0606435643564357,-0.10713803619091009,-0.0775840466367389,20
KOSDAQ150,202312,W3,false_in,058400,-0.005617977528089901,-0.05211244936256428,-0.022558459808393105,20
KOSDAQ150,202312,W3,false_in,377460,0.0,-0.04649447183447438,-0.016940482280303204,20
KOSDAQ150,202312,W3,false_in,182400,-0.11630754162585699,-0.16280201346033138,-0.1332480239061602,20
KOSDAQ150,202312,W3,false_in,060230,-0.03368560105680318,-0.08018007289127757,-0.05062608333710639,20
KOSDAQ150,202312,W3,false_in,365590,-0.04831820608649229,-0.09481267792096668,-0.06525868836679549,20
KOSDAQ150,202312,W3,false_in,420770,-0.0027855153203342198,-0.0492799871548086,-0.019725997600637424,20
KOSDAQ150,202312,W3,false_in,900110,-0.008463864939285859,-0.05495833677376024,-0.025404347219589063,20
KOSDAQ150,202312,W3,false_in,065350,0.9004665629860031,0.8539720911515287,0.8835260807056999,20
KOSDAQ150,202312,W3,false_in,180400,0.247811588161734,0.2013171163272596,0.23087110588143078,20
KOSDAQ150,202312,W3,false_in,291230,0.352755905511811,0.30626143367733666,0.3358154232315078,20
KOSDAQ150,202312,W3,false_in,046070,0.23551965276103215,0.18902518092655776,0.21857917048072895,20
KOSDAQ150,202312,W3,false_in,031860,-0.2596153846153846,-0.30610985644985894,-0.2765558668956878,20
KOSDAQ150,202312,W3,false_in,087010,-0.028747568654600597,-0.07524204048907498,-0.0456880509349038,20
KOSDAQ150,202312,W3,false_in,105550,0.1509009009009008,0.10440642906642641,0.1339604186205976,20
KOSDAQ150,202312,W3,false_in,016790,-0.20221169036334918,-0.24870616219782357,-0.2191521726436524,20
KOSDAQ150,202312,W3,false_in,900300,-0.025000000000000022,-0.07149447183447441,-0.041940482280303226,20
KOSDAQ150,202312,W3,false_in,270520,-0.2866242038216561,-0.33311867565613046,-0.3035646861019593,20
KOSDAQ150,202312,W3,false_in,207760,0.1751152073732718,0.1286207355387974,0.1581747250929686,20
KOSDAQ150,202312,W3,false_in,348080,-0.06194876102477953,-0.10844323285925392,-0.07888924330508273,20
KOSDAQ150,202312,W3,false_in,035890,-0.04180540140584532,-0.08829987324031971,-0.058745883686148526,20
KOSDAQ150,202312,W3,false_in,090150,0.15677966101694918,0.11028518918247479,0.13983917873664597,20
KOSDAQ150,202312,W3,false_in,067390,0.05435453983940697,0.007860068004932587,0.037414057559103764,20
KOSDAQ150,202312,W3,false_in,214680,0.18428184281842808,0.1377873709839537,0.16734136053812487,20
KOSDAQ150,202312,W3,false_in,151860,0.020754716981132182,-0.0257397548533422,0.003814234700828978,20
KOSDAQ150,202312,W3,false_in,950160,0.5250291036088475,0.4785346317743731,0.5080886213285443,20
KOSDAQ150,202312,W3,false_in,021880,0.09904153354632594,0.05254706171185156,0.08210105126602274,20
KOSDAQ150,202312,W3,false_in,019570,0.19943289224952743,0.15293842041505304,0.18249240996922422,20
KOSDAQ150,202312,W3,false_in,033170,-0.022167487684729092,-0.06866195951920348,-0.039107969965032296,20
KOSDAQ150,202312,W3,false_in,049080,0.09805510534846018,0.0515606335139858,0.08111462306815698,20
KOSDAQ150,202312,W3,false_in,378800,-0.06186224489795922,-0.1083567167324336,-0.07880272717826242,20
KOSDAQ150,202312,W3,false_in,101730,-0.2289940828402367,-0.27548855467471106,-0.2459345651205399,20
KOSDAQ150,202312,W3,false_in,363260,0.16831683168316824,0.12182235984869386,0.15137634940286504,20
KOSDAQ150,202312,W3,false_in,117730,0.2578125,0.2113180281655256,0.2408720177196968,20
KOSDAQ150,202312,W3,false_in,140410,0.06891701828410679,0.02242254644963241,0.051976536003803586,20
KOSDAQ150,202312,W3,false_in,079810,-0.11731493099121704,-0.16380940282569142,-0.13425541327152024,20
KOSDAQ150,202312,W3,miss_in,118990,0.057888040712468225,0.011393568877993844,0.04094755843216502,20
KOSDAQ150,202312,W3,miss_in,053610,-0.18918918918918914,-0.23568366102366353,-0.20612967146949235,20
KOSDAQ150,202312,W3,miss_in,194480,-0.2769385699899295,-0.32343304182440386,-0.2938790522702327,20
KOSDAQ150,202312,W3,pred_out,061970,-0.09094611103569972,-0.1374405828701741,-0.10788659331600292,20
KOSDAQ150,202312,W3,pred_out,035600,-0.04358161648177494,-0.09007608831624933,-0.06052209876207815,20
KOSDAQ150,202312,W3,pred_out,030520,0.8165969316596933,0.7701024598252189,0.7996564493793901,20
KOSDAQ150,202312,W3,pred_out,104830,-0.005136986301369828,-0.05163145813584421,-0.022077468581673032,20
KOSDAQ150,202312,W3,pred_out,230240,-0.009544008483563071,-0.05603848031803745,-0.026484490763866275,20
KOSDAQ150,202312,W3,pred_out,033290,-0.2420006213109661,-0.2884950931454405,-0.2589411035912693,20
KOSDAQ150,202312,W3,pred_out,030530,-0.07525325615050649,-0.12174772798498087,-0.09219373843080969,20
KOSDAQ150,202312,W3,pred_out,445680,-0.02819548872180455,-0.07468996055627894,-0.045135971002107755,20
KOSDAQ150,202312,W3,pred_out,027360,0.022684310018903586,-0.023810161815570795,0.005743827738600382,20
KOSDAQ150,202312,W3,pred_out,038540,-0.038461538461538436,-0.08495601029601282,-0.05540202074184164,20
KOSDAQ150,202312,W3,pred_out,041190,-0.029673590504451064,-0.07616806233892545,-0.04661407278475427,20
KOSDAQ150,202312,W3,pred_out,025770,0.0010845986984815426,-0.04540987313599284,-0.01585588358182166,20
KOSDAQ150,202312,W3,pred_out,104480,0.08929561841375477,0.04280114657928039,0.07235513613345157,20
KOSDAQ150,202312,W3,pred_out,084990,-0.32482394366197187,-0.37131841549644623,-0.3417644259422751,20
KOSDAQ150,202312,W3,pred_out,003100,-0.029675251959686455,-0.07616972379416084,-0.04661573423998966,20
KOSDAQ150,202312,W3,pred_out,115450,0.028177282066333964,-0.018317189768140417,0.01123679978603076,20
KOSDAQ150,202312,W3,pred_out,080160,0.012017710309930374,-0.03447676152454401,-0.00492277197037283,20
KOSDAQ150,202312,W3,pred_out,267980,-0.05535924617196697,-0.10185371800644136,-0.07229972845227017,20
KOSDAQ150,202312,W3,pred_out,235980,0.335285505124451,0.28879103328997663,0.3183450228441478,20
KOSDAQ150,202312,W3,pred_out,060150,0.008064516129032251,-0.03842995570544213,-0.008875966151270953,20
KOSDAQ150,202312,W3,pred_out,060720,-0.05809128630705396,-0.10458575814152835,-0.07503176858735716,20
KOSDAQ150,202312,W3,pred_out,089980,0.11053180396246098,0.0640373321279866,0.09359132168215778,20
KOSDAQ150,202312,W3,pred_out,086390,0.06991358994501184,0.023419118110537464,0.05297310766470864,20
KOSDAQ150,202312,W3,pred_out,060250,0.1390476190476191,0.0925531472131447,0.12210713676731588,20
KOSDAQ150,202312,W3,pred_out,294570,0.07021791767554486,0.02372344584107048,0.05327743539524166,20
KOSDAQ150,202312,W3,pred_out,205470,-0.11835748792270528,-0.16485195975717967,-0.1352979702030085,20
KOSDAQ150,202312,W3,pred_out,298540,-0.0746934225195095,-0.12118789435398389,-0.0916339047998127,20
KOSDAQ150,202312,W3,pred_out,064260,-0.10954773869346734,-0.15604221052794173,-0.12648822097377055,20
KOSDAQ150,202312,W3,pred_out,053030,0.0295930949445129,-0.016901376889961482,0.012652612664209695,20
KOSDAQ150,202312,W3,act_out,027360,0.022684310018903586,-0.023810161815570795,0.005743827738600382,20
KOSDAQ150,202312,W3,act_out,038540,-0.038461538461538436,-0.08495601029601282,-0.05540202074184164,20
KOSDAQ150,202312,W3,act_out,235980,0.335285505124451,0.28879103328997663,0.3183450228441478,20
KOSDAQ150,202312,W3,act_out,060150,0.008064516129032251,-0.03842995570544213,-0.008875966151270953,20
KOSDAQ150,202312,W3,act_out,104830,-0.005136986301369828,-0.05163145813584421,-0.022077468581673032,20
KOSDAQ150,202312,W3,act_out,092040,-0.06714285714285717,-0.11363732897733156,-0.08408333942316037,20
KOSDAQ150,202312,W3,act_out,205470,-0.11835748792270528,-0.16485195975717967,-0.1352979702030085,20
KOSDAQ150,202312,W3,act_out,294570,0.07021791767554486,0.02372344584107048,0.05327743539524166,20
KOSDAQ150,202312,W3,act_out,064260,-0.10954773869346734,-0.15604221052794173,-0.12648822097377055,20
KOSDAQ150,202312,W3,act_out,299900,0.09433962264150941,0.04784515080703503,0.07739914036120621,20
KOSDAQ150,202312,W3,act_out,104480,0.08929561841375477,0.04280114657928039,0.07235513613345157,20
KOSDAQ150,202312,W3,act_out,084990,-0.32482394366197187,-0.37131841549644623,-0.3417644259422751,20
KOSDAQ150,202312,W3,act_out,003100,-0.029675251959686455,-0.07616972379416084,-0.04661573423998966,20
KOSDAQ150,202312,W3,act_out,030530,-0.07525325615050649,-0.12174772798498087,-0.09219373843080969,20
KOSDAQ150,202312,FULL,pred_in,300120,0.4934941288479848,0.3945861811760705,0.35637848148518847,31
KOSDAQ150,202312,FULL,pred_in,099220,0.06954225352112675,-0.029365694150787533,-0.0675733938416696,31
KOSDAQ150,202312,FULL,pred_in,328130,0.3496104395780564,0.2507024919061421,0.21249479221526002,31
KOSDAQ150,202312,FULL,pred_in,082850,-0.055762081784386575,-0.15467002945630087,-0.19287772914718293,31
KOSDAQ150,202312,FULL,pred_in,277410,-0.12740384615384615,-0.22631179382576044,-0.2645194935166425,31
KOSDAQ150,202312,FULL,pred_in,108860,0.2462281231140615,0.1473201754421472,0.10911247575126515,31
KOSDAQ150,202312,FULL,pred_in,376930,0.24087968952134542,0.14197174184943112,0.10376404215854906,31
KOSDAQ150,202312,FULL,pred_in,009730,-0.2952162722079227,-0.394124219879837,-0.43233191957071904,31
KOSDAQ150,202312,FULL,pred_in,336570,0.08450704225352124,-0.014400905418393048,-0.05260860510927512,31
KOSDAQ150,202312,FULL,pred_in,058970,0.3528336380255941,0.2539256903536798,0.21571799066279773,31
KOSDAQ150,202312,FULL,pred_in,052020,0.006815761448349278,-0.092092186223565,-0.13029988591444708,31
KOSDAQ150,202312,FULL,pred_in,088800,0.17123538011695905,0.07232743244504476,0.03411973275416269,31
KOSDAQ150,202312,FULL,pred_in,060570,0.09444444444444455,-0.004463503227469731,-0.0426712029183518,31
KOSDAQ150,202312,FULL,pred_in,067630,0.20207312905797936,0.10316518138606508,0.064957481695183,31
KOSDAQ150,202312,FULL,pred_in,084650,0.15593705293276106,0.05702910526084677,0.0188214055699647,31
KOSDAQ150,202312,FULL,pred_in,058400,0.11250000000000004,0.01359205232808576,-0.02461564736279631,31
KOSDAQ150,202312,FULL,pred_in,099190,0.01467505241090139,-0.0842328952610129,-0.12244059495189497,31
KOSDAQ150,202312,FULL,pred_in,377460,0.06974305191400099,-0.029164895757913298,-0.06737259544879537,31
KOSDAQ150,202312,FULL,pred_in,182400,0.07747779438923574,-0.02143015328267854,-0.05963785297356061,31
KOSDAQ150,202312,FULL,pred_in,060230,-0.13121652639632742,-0.2301244740682417,-0.26833217375912377,31
KOSDAQ150,202312,FULL,pred_in,365590,-0.12322995904037448,-0.22213790671228878,-0.26034560640317084,31
KOSDAQ150,202312,FULL,pred_in,420770,0.23580034423407925,0.13689239656216495,0.0986846968712829,31
KOSDAQ150,202312,FULL,pred_in,900110,-0.048369775333992004,-0.1472777230059063,-0.18548542269678836,31
KOSDAQ150,202312,FULL,pred_in,065350,-0.13458950201884257,-0.23349744969075686,-0.2717051493816389,31
KOSDAQ150,202312,FULL,pred_in,180400,0.08625764093275978,-0.012650306739154502,-0.05085800643003657,31
KOSDAQ150,202312,FULL,pred_in,058610,0.25,0.1510920523280857,0.11288435263720364,31
KOSDAQ150,202312,FULL,pred_in,310210,0.19186046511627897,0.09295251744436468,0.05474481775348261,31
KOSDAQ150,202312,FULL,pred_in,204270,0.17344173441734423,0.07453378674542994,0.03632608705454787,31
KOSDAQ150,202312,FULL,pred_in,291230,0.27254509018036077,0.17363714250844647,0.13542944281756442,31
KOSDAQ150,202312,FULL,pred_in,046070,-0.19814376178276216,-0.29705170945467646,-0.3352594091455585,31
KOSDAQ150,202312,FULL,pred_in,031860,-0.37689351119149894,-0.47580145886341324,-0.5140091585542953,31
KOSDAQ150,202312,FULL,pred_in,087010,0.027923684299705265,-0.07098426337220902,-0.10919196306309109,31
KOSDAQ150,202312,FULL,pred_in,105550,-0.05531914893617018,-0.15422709660808448,-0.19243479629896654,31
KOSDAQ150,202312,FULL,pred_in,016790,0.29447852760736204,0.19557057993544774,0.15736288024456568,31
KOSDAQ150,202312,FULL,pred_in,360070,-0.006172839506172867,-0.10508078717808715,-0.14328848686896922,31
KOSDAQ150,202312,FULL,pred_in,900300,-0.11111111111111116,-0.21001905878302546,-0.24822675847390752,31
KOSDAQ150,202312,FULL,pred_in,060280,0.2668621700879765,0.16795422241606223,0.12974652272518017,31
KOSDAQ150,202312,FULL,pred_in,270520,-0.03404429860541425,-0.13295224627732855,-0.1711599459682106,31
KOSDAQ150,202312,FULL,pred_in,207760,0.12435233160621761,0.02544438393430333,-0.012763315756578741,31
KOSDAQ150,202312,FULL,pred_in,348080,-0.27333765688780376,-0.37224560455971806,-0.4104533042506001,31
KOSDAQ150,202312,FULL,pred_in,035890,0.0007404664938912564,-0.09816748117802303,-0.1363751808689051,31
KOSDAQ150,202312,FULL,pred_in,090150,-0.00421940928270037,-0.10312735695461465,-0.14133505664549673,31
KOSDAQ150,202312,FULL,pred_in,299030,0.040000000000000036,-0.05890794767191425,-0.09711564736279632,31
KOSDAQ150,202312,FULL,pred_in,067390,-0.13468733297701763,-0.23359528064893192,-0.271802980339814,31
KOSDAQ150,202312,FULL,pred_in,214680,-0.03149606299212604,-0.13040401066404034,-0.1686117103549224,31
KOSDAQ150,202312,FULL,pred_in,151860,-0.046762589928057596,-0.1456705375999719,-0.18387823729085395,31
KOSDAQ150,202312,FULL,pred_in,950160,0.02628434886499398,-0.0726235988069203,-0.11083129849780238,31
KOSDAQ150,202312,FULL,pred_in,021880,0.026229508196721207,-0.07267843947519308,-0.11088613916607515,31
KOSDAQ150,202312,FULL,pred_in,019570,-0.12489660876757647,-0.22380455643949076,-0.2620122561303728,31
KOSDAQ150,202312,FULL,pred_in,033170,0.189453125,0.09054517732808572,0.052337477637203644,31
KOSDAQ150,202312,FULL,pred_in,049080,-0.0008097165991902688,-0.09971766427110455,-0.13792536396198662,31
KOSDAQ150,202312,FULL,pred_in,378800,0.014230271668822736,-0.08467767600309155,-0.12288537569397362,31
KOSDAQ150,202312,FULL,pred_in,101730,0.6455696202531647,0.5466616725812504,0.5084539728903683,31
KOSDAQ150,202312,FULL,pred_in,418550,0.39407744874715256,0.29516950107523826,0.2569618013843562,31
KOSDAQ150,202312,FULL,pred_in,363260,-0.09335727109515257,-0.19226521876706687,-0.23047291845794893,31
KOSDAQ150,202312,FULL,pred_in,095660,0.03690036900368998,-0.0620075786682243,-0.10021527835910637,31
KOSDAQ150,202312,FULL,pred_in,114190,0.0984578884934757,-0.000450059178438586,-0.03865775886932066,31
KOSDAQ150,202312,FULL,pred_in,117730,0.02400000000000002,-0.07490794767191426,-0.11311564736279633,31
KOSDAQ150,202312,FULL,pred_in,140410,-0.052000000000000046,-0.15090794767191434,-0.1891156473627964,31
KOSDAQ150,202312,FULL,pred_in,079810,0.007585335018963413,-0.09132261265295087,-0.12953031234383294,31
KOSDAQ150,202312,FULL,act_in,118990,0.0826446280991735,-0.016263319572740784,-0.054471019263622855,31
KOSDAQ150,202312,FULL,act_in,310210,0.19186046511627897,0.09295251744436468,0.05474481775348261,31
KOSDAQ150,202312,FULL,act_in,299030,0.040000000000000036,-0.05890794767191425,-0.09711564736279632,31
KOSDAQ150,202312,FULL,act_in,204270,0.17344173441734423,0.07453378674542994,0.03632608705454787,31
KOSDAQ150,202312,FULL,act_in,099190,0.01467505241090139,-0.0842328952610129,-0.12244059495189497,31
KOSDAQ150,202312,FULL,act_in,328130,0.3496104395780564,0.2507024919061421,0.21249479221526002,31
KOSDAQ150,202312,FULL,act_in,053610,0.1766784452296819,0.07777049755776762,0.039562797866885546,31
KOSDAQ150,202312,FULL,act_in,194480,0.007099391480730244,-0.09180855619118404,-0.1300162558820661,31
KOSDAQ150,202312,FULL,act_in,418550,0.39407744874715256,0.29516950107523826,0.2569618013843562,31
KOSDAQ150,202312,FULL,act_in,360070,-0.006172839506172867,-0.10508078717808715,-0.14328848686896922,31
KOSDAQ150,202312,FULL,act_in,108860,0.2462281231140615,0.1473201754421472,0.10911247575126515,31
KOSDAQ150,202312,FULL,act_in,114190,0.0984578884934757,-0.000450059178438586,-0.03865775886932066,31
KOSDAQ150,202312,FULL,act_in,060280,0.2668621700879765,0.16795422241606223,0.12974652272518017,31
KOSDAQ150,202312,FULL,act_in,336570,0.08450704225352124,-0.014400905418393048,-0.05260860510927512,31
KOSDAQ150,202312,FULL,act_in,058970,0.3528336380255941,0.2539256903536798,0.21571799066279773,31
KOSDAQ150,202312,FULL,act_in,095660,0.03690036900368998,-0.0620075786682243,-0.10021527835910637,31
KOSDAQ150,202312,FULL,act_in,058610,0.25,0.1510920523280857,0.11288435263720364,31
KOSDAQ150,202312,FULL,hit,310210,0.19186046511627897,0.09295251744436468,0.05474481775348261,31
KOSDAQ150,202312,FULL,hit,204270,0.17344173441734423,0.07453378674542994,0.03632608705454787,31
KOSDAQ150,202312,FULL,hit,299030,0.040000000000000036,-0.05890794767191425,-0.09711564736279632,31
KOSDAQ150,202312,FULL,hit,099190,0.01467505241090139,-0.0842328952610129,-0.12244059495189497,31
KOSDAQ150,202312,FULL,hit,328130,0.3496104395780564,0.2507024919061421,0.21249479221526002,31
KOSDAQ150,202312,FULL,hit,418550,0.39407744874715256,0.29516950107523826,0.2569618013843562,31
KOSDAQ150,202312,FULL,hit,360070,-0.006172839506172867,-0.10508078717808715,-0.14328848686896922,31
KOSDAQ150,202312,FULL,hit,108860,0.2462281231140615,0.1473201754421472,0.10911247575126515,31
KOSDAQ150,202312,FULL,hit,114190,0.0984578884934757,-0.000450059178438586,-0.03865775886932066,31
KOSDAQ150,202312,FULL,hit,060280,0.2668621700879765,0.16795422241606223,0.12974652272518017,31
KOSDAQ150,202312,FULL,hit,336570,0.08450704225352124,-0.014400905418393048,-0.05260860510927512,31
KOSDAQ150,202312,FULL,hit,058970,0.3528336380255941,0.2539256903536798,0.21571799066279773,31
KOSDAQ150,202312,FULL,hit,095660,0.03690036900368998,-0.0620075786682243,-0.10021527835910637,31
KOSDAQ150,202312,FULL,hit,058610,0.25,0.1510920523280857,0.11288435263720364,31
KOSDAQ150,202312,FULL,false_in,300120,0.4934941288479848,0.3945861811760705,0.35637848148518847,31
KOSDAQ150,202312,FULL,false_in,099220,0.06954225352112675,-0.029365694150787533,-0.0675733938416696,31
KOSDAQ150,202312,FULL,false_in,082850,-0.055762081784386575,-0.15467002945630087,-0.19287772914718293,31
KOSDAQ150,202312,FULL,false_in,277410,-0.12740384615384615,-0.22631179382576044,-0.2645194935166425,31
KOSDAQ150,202312,FULL,false_in,376930,0.24087968952134542,0.14197174184943112,0.10376404215854906,31
KOSDAQ150,202312,FULL,false_in,009730,-0.2952162722079227,-0.394124219879837,-0.43233191957071904,31
KOSDAQ150,202312,FULL,false_in,052020,0.006815761448349278,-0.092092186223565,-0.13029988591444708,31
KOSDAQ150,202312,FULL,false_in,088800,0.17123538011695905,0.07232743244504476,0.03411973275416269,31
KOSDAQ150,202312,FULL,false_in,060570,0.09444444444444455,-0.004463503227469731,-0.0426712029183518,31
KOSDAQ150,202312,FULL,false_in,067630,0.20207312905797936,0.10316518138606508,0.064957481695183,31
KOSDAQ150,202312,FULL,false_in,084650,0.15593705293276106,0.05702910526084677,0.0188214055699647,31
KOSDAQ150,202312,FULL,false_in,058400,0.11250000000000004,0.01359205232808576,-0.02461564736279631,31
KOSDAQ150,202312,FULL,false_in,377460,0.06974305191400099,-0.029164895757913298,-0.06737259544879537,31
KOSDAQ150,202312,FULL,false_in,182400,0.07747779438923574,-0.02143015328267854,-0.05963785297356061,31
KOSDAQ150,202312,FULL,false_in,060230,-0.13121652639632742,-0.2301244740682417,-0.26833217375912377,31
KOSDAQ150,202312,FULL,false_in,365590,-0.12322995904037448,-0.22213790671228878,-0.26034560640317084,31
KOSDAQ150,202312,FULL,false_in,420770,0.23580034423407925,0.13689239656216495,0.0986846968712829,31
KOSDAQ150,202312,FULL,false_in,900110,-0.048369775333992004,-0.1472777230059063,-0.18548542269678836,31
KOSDAQ150,202312,FULL,false_in,065350,-0.13458950201884257,-0.23349744969075686,-0.2717051493816389,31
KOSDAQ150,202312,FULL,false_in,180400,0.08625764093275978,-0.012650306739154502,-0.05085800643003657,31
KOSDAQ150,202312,FULL,false_in,291230,0.27254509018036077,0.17363714250844647,0.13542944281756442,31
KOSDAQ150,202312,FULL,false_in,046070,-0.19814376178276216,-0.29705170945467646,-0.3352594091455585,31
KOSDAQ150,202312,FULL,false_in,031860,-0.37689351119149894,-0.47580145886341324,-0.5140091585542953,31
KOSDAQ150,202312,FULL,false_in,087010,0.027923684299705265,-0.07098426337220902,-0.10919196306309109,31
KOSDAQ150,202312,FULL,false_in,105550,-0.05531914893617018,-0.15422709660808448,-0.19243479629896654,31
KOSDAQ150,202312,FULL,false_in,016790,0.29447852760736204,0.19557057993544774,0.15736288024456568,31
KOSDAQ150,202312,FULL,false_in,900300,-0.11111111111111116,-0.21001905878302546,-0.24822675847390752,31
KOSDAQ150,202312,FULL,false_in,270520,-0.03404429860541425,-0.13295224627732855,-0.1711599459682106,31
KOSDAQ150,202312,FULL,false_in,207760,0.12435233160621761,0.02544438393430333,-0.012763315756578741,31
KOSDAQ150,202312,FULL,false_in,348080,-0.27333765688780376,-0.37224560455971806,-0.4104533042506001,31
KOSDAQ150,202312,FULL,false_in,035890,0.0007404664938912564,-0.09816748117802303,-0.1363751808689051,31
KOSDAQ150,202312,FULL,false_in,090150,-0.00421940928270037,-0.10312735695461465,-0.14133505664549673,31
KOSDAQ150,202312,FULL,false_in,067390,-0.13468733297701763,-0.23359528064893192,-0.271802980339814,31
KOSDAQ150,202312,FULL,false_in,214680,-0.03149606299212604,-0.13040401066404034,-0.1686117103549224,31
KOSDAQ150,202312,FULL,false_in,151860,-0.046762589928057596,-0.1456705375999719,-0.18387823729085395,31
KOSDAQ150,202312,FULL,false_in,950160,0.02628434886499398,-0.0726235988069203,-0.11083129849780238,31
KOSDAQ150,202312,FULL,false_in,021880,0.026229508196721207,-0.07267843947519308,-0.11088613916607515,31
KOSDAQ150,202312,FULL,false_in,019570,-0.12489660876757647,-0.22380455643949076,-0.2620122561303728,31
KOSDAQ150,202312,FULL,false_in,033170,0.189453125,0.09054517732808572,0.052337477637203644,31
KOSDAQ150,202312,FULL,false_in,049080,-0.0008097165991902688,-0.09971766427110455,-0.13792536396198662,31
KOSDAQ150,202312,FULL,false_in,378800,0.014230271668822736,-0.08467767600309155,-0.12288537569397362,31
KOSDAQ150,202312,FULL,false_in,101730,0.6455696202531647,0.5466616725812504,0.5084539728903683,31
KOSDAQ150,202312,FULL,false_in,363260,-0.09335727109515257,-0.19226521876706687,-0.23047291845794893,31
KOSDAQ150,202312,FULL,false_in,117730,0.02400000000000002,-0.07490794767191426,-0.11311564736279633,31
KOSDAQ150,202312,FULL,false_in,140410,-0.052000000000000046,-0.15090794767191434,-0.1891156473627964,31
KOSDAQ150,202312,FULL,false_in,079810,0.007585335018963413,-0.09132261265295087,-0.12953031234383294,31
KOSDAQ150,202312,FULL,miss_in,118990,0.0826446280991735,-0.016263319572740784,-0.054471019263622855,31
KOSDAQ150,202312,FULL,miss_in,053610,0.1766784452296819,0.07777049755776762,0.039562797866885546,31
KOSDAQ150,202312,FULL,miss_in,194480,0.007099391480730244,-0.09180855619118404,-0.1300162558820661,31
KOSDAQ150,202312,FULL,pred_out,061970,0.2856893542757417,0.18678140660382742,0.14857370691294536,31
KOSDAQ150,202312,FULL,pred_out,035600,0.19056603773584913,0.09165809006393484,0.05345039037305277,31
KOSDAQ150,202312,FULL,pred_out,030520,0.2193877551020409,0.12047980743012661,0.08227210773924454,31
KOSDAQ150,202312,FULL,pred_out,104830,0.10606060606060597,0.007152658388691682,-0.03105504130219039,31
KOSDAQ150,202312,FULL,pred_out,230240,0.02611534276387384,-0.07279260490804045,-0.11100030459892252,31
KOSDAQ150,202312,FULL,pred_out,033290,0.05007339748817485,-0.04883455018373943,-0.0870422498746215,31
KOSDAQ150,202312,FULL,pred_out,030530,0.1478405315614617,0.048932583889547424,0.010724884198665352,31
KOSDAQ150,202312,FULL,pred_out,445680,0.464656893110331,0.3657489454384167,0.3275412457475346,31
KOSDAQ150,202312,FULL,pred_out,027360,0.2417840375586855,0.1428760898867712,0.10466839019588914,31
KOSDAQ150,202312,FULL,pred_out,038540,-0.06024096385542166,-0.15914891152733596,-0.19735661121821801,31
KOSDAQ150,202312,FULL,pred_out,041190,0.5214446952595937,0.4225367475876794,0.38432904789679734,31
KOSDAQ150,202312,FULL,pred_out,025770,0.0720930232558139,-0.02681492441610038,-0.06502262410698245,31
KOSDAQ150,202312,FULL,pred_out,104480,0.03028571428571425,-0.06862223338620003,-0.1068299330770821,31
KOSDAQ150,202312,FULL,pred_out,084990,0.373639661426844,0.2747317137549297,0.23652401406404766,31
KOSDAQ150,202312,FULL,pred_out,003100,0.049353701527614646,-0.04955424614429964,-0.08776194583518171,31
KOSDAQ150,202312,FULL,pred_out,115450,0.04895320197044328,-0.049954745701471,-0.08816244539235307,31
KOSDAQ150,202312,FULL,pred_out,080160,-0.011257035647279534,-0.11016498331919382,-0.1483726830100759,31
KOSDAQ150,202312,FULL,pred_out,267980,-0.0721311475409836,-0.1710390952128979,-0.20924679490377995,31
KOSDAQ150,202312,FULL,pred_out,235980,-0.0720108695652174,-0.1709188172371317,-0.20912651692801376,31
KOSDAQ150,202312,FULL,pred_out,060150,0.027624309392265234,-0.07128363827964905,-0.10949133797053112,31
KOSDAQ150,202312,FULL,pred_out,060720,0.01048218029350112,-0.08842576737841316,-0.12663346706929524,31
KOSDAQ150,202312,FULL,pred_out,089980,0.05733186328555684,-0.041576084386357445,-0.07978378407723952,31
KOSDAQ150,202312,FULL,pred_out,086390,0.18089053803339517,0.08198259036148088,0.04377489067059881,31
KOSDAQ150,202312,FULL,pred_out,060250,0.2804878048780488,0.1815798572061345,0.14337215751525245,31
KOSDAQ150,202312,FULL,pred_out,294570,0.11621621621621614,0.017308268544301855,-0.020899431146580216,31
KOSDAQ150,202312,FULL,pred_out,205470,0.03499999999999992,-0.06390794767191436,-0.10211564736279644,31
KOSDAQ150,202312,FULL,pred_out,298540,-0.18454545454545457,-0.28345340221736887,-0.3216611019082509,31
KOSDAQ150,202312,FULL,pred_out,064260,0.3427800269905532,0.2438720793186389,0.20566437962775685,31
KOSDAQ150,202312,FULL,pred_out,053030,0.09891598915989164,8.041487977353268e-06,-0.03819965820290472,31
KOSDAQ150,202312,FULL,act_out,027360,0.2417840375586855,0.1428760898867712,0.10466839019588914,31
KOSDAQ150,202312,FULL,act_out,038540,-0.06024096385542166,-0.15914891152733596,-0.19735661121821801,31
KOSDAQ150,202312,FULL,act_out,235980,-0.0720108695652174,-0.1709188172371317,-0.20912651692801376,31
KOSDAQ150,202312,FULL,act_out,060150,0.027624309392265234,-0.07128363827964905,-0.10949133797053112,31
KOSDAQ150,202312,FULL,act_out,104830,0.10606060606060597,0.007152658388691682,-0.03105504130219039,31
KOSDAQ150,202312,FULL,act_out,092040,0.08392691235676675,-0.014981035315147537,-0.05318873500602961,31
KOSDAQ150,202312,FULL,act_out,205470,0.03499999999999992,-0.06390794767191436,-0.10211564736279644,31
KOSDAQ150,202312,FULL,act_out,294570,0.11621621621621614,0.017308268544301855,-0.020899431146580216,31
KOSDAQ150,202312,FULL,act_out,064260,0.3427800269905532,0.2438720793186389,0.20566437962775685,31
KOSDAQ150,202312,FULL,act_out,299900,0.5426195426195426,0.4437115949476283,0.40550389525674624,31
KOSDAQ150,202312,FULL,act_out,104480,0.03028571428571425,-0.06862223338620003,-0.1068299330770821,31
KOSDAQ150,202312,FULL,act_out,084990,0.373639661426844,0.2747317137549297,0.23652401406404766,31
KOSDAQ150,202312,FULL,act_out,003100,0.049353701527614646,-0.04955424614429964,-0.08776194583518171,31
KOSDAQ150,202312,FULL,act_out,030530,0.1478405315614617,0.048932583889547424,0.010724884198665352,31
KOSDAQ150,202406,W1,pred_in,300120,-0.04976427448926135,-0.05001516899269152,-0.01740617977814407,14
KOSDAQ150,202406,W1,pred_in,200230,-0.07075921665450868,-0.07101011115793884,-0.0384011219433914,14
KOSDAQ150,202406,W1,pred_in,199800,-0.027108433734939763,-0.02735932823836993,0.005249660976177517,14
KOSDAQ150,202406,W1,pred_in,099220,0.20679723502304137,0.2065463405196112,0.23915532973415865,14
KOSDAQ150,202406,W1,pred_in,024850,-0.30211817168338906,-0.30236906618681925,-0.2697600769722718,14
KOSDAQ150,202406,W1,pred_in,082850,0.09689213893967086,0.0966412444362407,0.12925023365078814,14
KOSDAQ150,202406,W1,pred_in,257720,1.2861952861952863,1.2859443916918563,1.3185533809064036,14
KOSDAQ150,202406,W1,pred_in,277410,0.05089647194910363,0.05064557744567346,0.08325456666022091,14
KOSDAQ150,202406,W1,pred_in,376930,0.17585895117540695,0.1756080566719768,0.20821704588652423,14
KOSDAQ150,202406,W1,pred_in,009730,0.0382817869415808,0.03803089243815063,0.07063988165269808,14
KOSDAQ150,202406,W1,pred_in,440110,-0.04769475357710651,-0.047945648080536675,-0.015336658865989228,14
KOSDAQ150,202406,W1,pred_in,033540,0.08644859813084116,0.086197703627411,0.11880669284195844,14
KOSDAQ150,202406,W1,pred_in,237880,0.16231884057971024,0.16206794607628008,0.19467693529082752,14
KOSDAQ150,202406,W1,pred_in,394280,-0.07984790874524716,-0.08009880324867732,-0.047489814034129885,14
KOSDAQ150,202406,W1,pred_in,060570,-0.04028021015761818,-0.040531104661048346,-0.0079221154465009,14
KOSDAQ150,202406,W1,pred_in,067630,-0.46088140628868535,-0.46113230079211553,-0.42852331157756807,14
KOSDAQ150,202406,W1,pred_in,084650,-0.045454545454545414,-0.04570543995797558,-0.013096450743428134,14
KOSDAQ150,202406,W1,pred_in,058400,-0.04008908685968815,-0.04033998136311832,-0.00773099214857087,14
KOSDAQ150,202406,W1,pred_in,182400,0.0,-0.00025089450343016576,0.03235809471111728,14
KOSDAQ150,202406,W1,pred_in,060230,-0.1428571428571429,-0.14310803736057306,-0.11049904814602562,14
KOSDAQ150,202406,W1,pred_in,420770,-0.009316770186335366,-0.009567664689765531,0.023041324524781914,14
KOSDAQ150,202406,W1,pred_in,065350,-0.1594202898550725,-0.15967118435850267,-0.12706219514395523,14
KOSDAQ150,202406,W1,pred_in,403490,0.09322033898305082,0.09296944447962066,0.1255784336941681,14
KOSDAQ150,202406,W1,pred_in,179900,0.09142857142857141,0.09117767692514125,0.1237866661396887,14
KOSDAQ150,202406,W1,pred_in,291230,-0.013011152416356864,-0.013262046919787029,0.019346942294760416,14
KOSDAQ150,202406,W1,pred_in,046070,0.0,-0.00025089450343016576,0.03235809471111728,14
KOSDAQ150,202406,W1,pred_in,031860,-0.13761904761904764,-0.1378699421224778,-0.10526095290793036,14
KOSDAQ150,202406,W1,pred_in,087010,0.15512191799482355,0.1548710234913934,0.18748001270594084,14
KOSDAQ150,202406,W1,pred_in,089030,0.14222873900293265,0.1419778444995025,0.17458683371404993,14
KOSDAQ150,202406,W1,pred_in,105550,0.3048498845265588,0.3045989900231286,0.3372079792376761,14
KOSDAQ150,202406,W1,pred_in,016790,0.0,-0.00025089450343016576,0.03235809471111728,14
KOSDAQ150,202406,W1,pred_in,025320,0.09489311163895486,0.0946422171355247,0.12725120635007214,14
KOSDAQ150,202406,W1,pred_in,094360,-0.05022831050228316,-0.050479205005713325,-0.017870215791165878,14
KOSDAQ150,202406,W1,pred_in,207760,-0.017013232514177745,-0.017264127017607912,0.015344862196939535,14
KOSDAQ150,202406,W1,pred_in,348080,-0.054524714828897314,-0.05477560933232748,-0.022166620117780034,14
KOSDAQ150,202406,W1,pred_in,035890,-0.007299270072992692,-0.007550164576422857,0.02505882463812459,14
KOSDAQ150,202406,W1,pred_in,090150,-0.018565400843881807,-0.018816295347311975,0.013792693867235473,14
KOSDAQ150,202406,W1,pred_in,067390,-0.20451527224435595,-0.2047661667477861,-0.17215717753323867,14
KOSDAQ150,202406,W1,pred_in,018290,0.2558139534883721,0.2555630589849419,0.2881720481994894,14
KOSDAQ150,202406,W1,pred_in,080220,-0.0738255033557047,-0.07407639785913486,-0.04146740864458742,14
KOSDAQ150,202406,W1,pred_in,214680,0.14814814814814814,0.14789725364471798,0.18050624285926542,14
KOSDAQ150,202406,W1,pred_in,950160,0.0667752442996743,0.06652434979624414,0.09913333901079158,14
KOSDAQ150,202406,W1,pred_in,399720,-0.14039125431530497,-0.14064214881873513,-0.10803315960418769,14
KOSDAQ150,202406,W1,pred_in,021880,0.026470588235294024,0.026219693731863856,0.058828682946411304,14
KOSDAQ150,202406,W1,pred_in,019570,-0.0212244897959184,-0.021475384299348567,0.01113360491519888,14
KOSDAQ150,202406,W1,pred_in,033170,-0.1609570418705818,-0.16120793637401196,-0.12859894715946452,14
KOSDAQ150,202406,W1,pred_in,049080,0.00832342449464929,0.008072529991219124,0.04068151920576657,14
KOSDAQ150,202406,W1,pred_in,378800,-0.1794724770642202,-0.17972337156765036,-0.14711438235310292,14
KOSDAQ150,202406,W1,pred_in,101730,-0.07863089731729878,-0.07888179182072894,-0.046272802606181496,14
KOSDAQ150,202406,W1,pred_in,290690,-0.2717086834733894,-0.2719595779768196,-0.2393505887622721,14
KOSDAQ150,202406,W1,pred_in,140410,0.025265957446808596,0.02501506294337843,0.057624052157925876,14
KOSDAQ150,202406,W1,pred_in,047920,-0.4570987654320988,-0.457349659935529,-0.42474067072098154,14
KOSDAQ150,202406,W1,act_in,179900,0.09142857142857141,0.09117767692514125,0.1237866661396887,14
KOSDAQ150,202406,W1,act_in,018290,0.2558139534883721,0.2555630589849419,0.2881720481994894,14
KOSDAQ150,202406,W1,act_in,080220,-0.0738255033557047,-0.07407639785913486,-0.04146740864458742,14
KOSDAQ150,202406,W1,act_in,087010,0.15512191799482355,0.1548710234913934,0.18748001270594084,14
KOSDAQ150,202406,W1,act_in,399720,-0.14039125431530497,-0.14064214881873513,-0.10803315960418769,14
KOSDAQ150,202406,W1,act_in,089030,0.14222873900293265,0.1419778444995025,0.17458683371404993,14
KOSDAQ150,202406,W1,act_in,257720,1.2861952861952863,1.2859443916918563,1.3185533809064036,14
KOSDAQ150,202406,W1,act_in,025320,0.09489311163895486,0.0946422171355247,0.12725120635007214,14
KOSDAQ150,202406,W1,act_in,420770,-0.009316770186335366,-0.009567664689765531,0.023041324524781914,14
KOSDAQ150,202406,W1,act_in,417200,0.1795366795366795,0.17928578503324935,0.2118947742477968,14
KOSDAQ150,202406,W1,act_in,094360,-0.05022831050228316,-0.050479205005713325,-0.017870215791165878,14
KOSDAQ150,202406,W1,act_in,394280,-0.07984790874524716,-0.08009880324867732,-0.047489814034129885,14
KOSDAQ150,202406,W1,hit,179900,0.09142857142857141,0.09117767692514125,0.1237866661396887,14
KOSDAQ150,202406,W1,hit,018290,0.2558139534883721,0.2555630589849419,0.2881720481994894,14
KOSDAQ150,202406,W1,hit,080220,-0.0738255033557047,-0.07407639785913486,-0.04146740864458742,14
KOSDAQ150,202406,W1,hit,087010,0.15512191799482355,0.1548710234913934,0.18748001270594084,14
KOSDAQ150,202406,W1,hit,399720,-0.14039125431530497,-0.14064214881873513,-0.10803315960418769,14
KOSDAQ150,202406,W1,hit,089030,0.14222873900293265,0.1419778444995025,0.17458683371404993,14
KOSDAQ150,202406,W1,hit,257720,1.2861952861952863,1.2859443916918563,1.3185533809064036,14
KOSDAQ150,202406,W1,hit,025320,0.09489311163895486,0.0946422171355247,0.12725120635007214,14
KOSDAQ150,202406,W1,hit,420770,-0.009316770186335366,-0.009567664689765531,0.023041324524781914,14
KOSDAQ150,202406,W1,hit,094360,-0.05022831050228316,-0.050479205005713325,-0.017870215791165878,14
KOSDAQ150,202406,W1,hit,394280,-0.07984790874524716,-0.08009880324867732,-0.047489814034129885,14
KOSDAQ150,202406,W1,false_in,300120,-0.04976427448926135,-0.05001516899269152,-0.01740617977814407,14
KOSDAQ150,202406,W1,false_in,200230,-0.07075921665450868,-0.07101011115793884,-0.0384011219433914,14
KOSDAQ150,202406,W1,false_in,199800,-0.027108433734939763,-0.02735932823836993,0.005249660976177517,14
KOSDAQ150,202406,W1,false_in,099220,0.20679723502304137,0.2065463405196112,0.23915532973415865,14
KOSDAQ150,202406,W1,false_in,024850,-0.30211817168338906,-0.30236906618681925,-0.2697600769722718,14
KOSDAQ150,202406,W1,false_in,082850,0.09689213893967086,0.0966412444362407,0.12925023365078814,14
KOSDAQ150,202406,W1,false_in,277410,0.05089647194910363,0.05064557744567346,0.08325456666022091,14
KOSDAQ150,202406,W1,false_in,376930,0.17585895117540695,0.1756080566719768,0.20821704588652423,14
KOSDAQ150,202406,W1,false_in,440110,-0.04769475357710651,-0.047945648080536675,-0.015336658865989228,14
KOSDAQ150,202406,W1,false_in,009730,0.0382817869415808,0.03803089243815063,0.07063988165269808,14
KOSDAQ150,202406,W1,false_in,033540,0.08644859813084116,0.086197703627411,0.11880669284195844,14
KOSDAQ150,202406,W1,false_in,237880,0.16231884057971024,0.16206794607628008,0.19467693529082752,14
KOSDAQ150,202406,W1,false_in,060570,-0.04028021015761818,-0.040531104661048346,-0.0079221154465009,14
KOSDAQ150,202406,W1,false_in,067630,-0.46088140628868535,-0.46113230079211553,-0.42852331157756807,14
KOSDAQ150,202406,W1,false_in,084650,-0.045454545454545414,-0.04570543995797558,-0.013096450743428134,14
KOSDAQ150,202406,W1,false_in,058400,-0.04008908685968815,-0.04033998136311832,-0.00773099214857087,14
KOSDAQ150,202406,W1,false_in,182400,0.0,-0.00025089450343016576,0.03235809471111728,14
KOSDAQ150,202406,W1,false_in,060230,-0.1428571428571429,-0.14310803736057306,-0.11049904814602562,14
KOSDAQ150,202406,W1,false_in,065350,-0.1594202898550725,-0.15967118435850267,-0.12706219514395523,14
KOSDAQ150,202406,W1,false_in,403490,0.09322033898305082,0.09296944447962066,0.1255784336941681,14
KOSDAQ150,202406,W1,false_in,291230,-0.013011152416356864,-0.013262046919787029,0.019346942294760416,14
KOSDAQ150,202406,W1,false_in,046070,0.0,-0.00025089450343016576,0.03235809471111728,14
KOSDAQ150,202406,W1,false_in,031860,-0.13761904761904764,-0.1378699421224778,-0.10526095290793036,14
KOSDAQ150,202406,W1,false_in,105550,0.3048498845265588,0.3045989900231286,0.3372079792376761,14
KOSDAQ150,202406,W1,false_in,016790,0.0,-0.00025089450343016576,0.03235809471111728,14
KOSDAQ150,202406,W1,false_in,207760,-0.017013232514177745,-0.017264127017607912,0.015344862196939535,14
KOSDAQ150,202406,W1,false_in,348080,-0.054524714828897314,-0.05477560933232748,-0.022166620117780034,14
KOSDAQ150,202406,W1,false_in,035890,-0.007299270072992692,-0.007550164576422857,0.02505882463812459,14
KOSDAQ150,202406,W1,false_in,090150,-0.018565400843881807,-0.018816295347311975,0.013792693867235473,14
KOSDAQ150,202406,W1,false_in,067390,-0.20451527224435595,-0.2047661667477861,-0.17215717753323867,14
KOSDAQ150,202406,W1,false_in,214680,0.14814814814814814,0.14789725364471798,0.18050624285926542,14
KOSDAQ150,202406,W1,false_in,950160,0.0667752442996743,0.06652434979624414,0.09913333901079158,14
KOSDAQ150,202406,W1,false_in,021880,0.026470588235294024,0.026219693731863856,0.058828682946411304,14
KOSDAQ150,202406,W1,false_in,019570,-0.0212244897959184,-0.021475384299348567,0.01113360491519888,14
KOSDAQ150,202406,W1,false_in,033170,-0.1609570418705818,-0.16120793637401196,-0.12859894715946452,14
KOSDAQ150,202406,W1,false_in,049080,0.00832342449464929,0.008072529991219124,0.04068151920576657,14
KOSDAQ150,202406,W1,false_in,378800,-0.1794724770642202,-0.17972337156765036,-0.14711438235310292,14
KOSDAQ150,202406,W1,false_in,101730,-0.07863089731729878,-0.07888179182072894,-0.046272802606181496,14
KOSDAQ150,202406,W1,false_in,290690,-0.2717086834733894,-0.2719595779768196,-0.2393505887622721,14
KOSDAQ150,202406,W1,false_in,140410,0.025265957446808596,0.02501506294337843,0.057624052157925876,14
KOSDAQ150,202406,W1,false_in,047920,-0.4570987654320988,-0.457349659935529,-0.42474067072098154,14
KOSDAQ150,202406,W1,miss_in,417200,0.1795366795366795,0.17928578503324935,0.2118947742477968,14
KOSDAQ150,202406,W1,pred_out,118990,-0.11835911230665774,-0.1186100068100879,-0.08600101759554046,14
KOSDAQ150,202406,W1,pred_out,035600,-0.05536912751677847,-0.05562002202020864,-0.02301103280566119,14
KOSDAQ150,202406,W1,pred_out,042600,-0.06603773584905659,-0.06628863035248675,-0.03367964113793931,14
KOSDAQ150,202406,W1,pred_out,294090,1.9667896678966788,1.9665387733932487,1.999147762607796,14
KOSDAQ150,202406,W1,pred_out,230240,-0.0676359039190898,-0.06788679842251996,-0.03527780920797252,14
KOSDAQ150,202406,W1,pred_out,033290,-0.07378335949764525,-0.07403425400107541,-0.04142526478652797,14
KOSDAQ150,202406,W1,pred_out,095700,-0.06371911573472044,-0.0639700102381506,-0.031361021023603164,14
KOSDAQ150,202406,W1,pred_out,445680,-0.17075973471665895,-0.1710106292200891,-0.13840164000554167,14
KOSDAQ150,202406,W1,pred_out,460930,-0.06536346976175933,-0.06561436426518949,-0.03300537505064205,14
KOSDAQ150,202406,W1,pred_out,073570,-0.026940602766008515,-0.02719149726943868,0.0054174919451087655,14
KOSDAQ150,202406,W1,pred_out,041960,0.03125,0.030999105496569833,0.06360809471111728,14
KOSDAQ150,202406,W1,pred_out,025770,-0.03498871331828446,-0.035239607821714626,-0.002630618607167179,14
KOSDAQ150,202406,W1,pred_out,080160,-0.0665083135391924,-0.06675920804262256,-0.03415021882807512,14
KOSDAQ150,202406,W1,pred_out,267980,0.10674846625766876,0.1064975717542386,0.13910656096878604,14
KOSDAQ150,202406,W1,pred_out,060720,0.011787819253438192,0.011536924750008027,0.04414591396455547,14
KOSDAQ150,202406,W1,pred_out,089980,0.13347022587268986,0.1332193313692597,0.16582832058380714,14
KOSDAQ150,202406,W1,pred_out,086390,0.16376306620209058,0.16351217169866042,0.19612116091320786,14
KOSDAQ150,202406,W1,pred_out,298540,0.007730147575544688,0.007479253072114523,0.04008824228666197,14
KOSDAQ150,202406,W1,pred_out,053030,0.04634322954380887,0.046092335040378705,0.07870132425492615,14
KOSDAQ150,202406,W1,act_out,080160,-0.0665083135391924,-0.06675920804262256,-0.03415021882807512,14
KOSDAQ150,202406,W1,act_out,061970,-0.0685853379152348,-0.06883623241866496,-0.03622724320411752,14
KOSDAQ150,202406,W1,act_out,042600,-0.06603773584905659,-0.06628863035248675,-0.03367964113793931,14
KOSDAQ150,202406,W1,act_out,101670,0.0019646365422396617,0.0017137420388094959,0.03432273125335694,14
KOSDAQ150,202406,W1,act_out,294090,1.9667896678966788,1.9665387733932487,1.999147762607796,14
KOSDAQ150,202406,W1,act_out,230240,-0.0676359039190898,-0.06788679842251996,-0.03527780920797252,14
KOSDAQ150,202406,W1,act_out,073570,-0.026940602766008515,-0.02719149726943868,0.0054174919451087655,14
KOSDAQ150,202406,W1,act_out,298540,0.007730147575544688,0.007479253072114523,0.04008824228666197,14
KOSDAQ150,202406,W1,act_out,033290,-0.07378335949764525,-0.07403425400107541,-0.04142526478652797,14
KOSDAQ150,202406,W1,act_out,041960,0.03125,0.030999105496569833,0.06360809471111728,14
KOSDAQ150,202406,W1,act_out,095700,-0.06371911573472044,-0.0639700102381506,-0.031361021023603164,14
KOSDAQ150,202406,W1,act_out,086390,0.16376306620209058,0.16351217169866042,0.19612116091320786,14
KOSDAQ150,202406,W1,act_out,089980,0.13347022587268986,0.1332193313692597,0.16582832058380714,14
KOSDAQ150,202406,W2,pred_in,300120,0.03137902559867878,0.022712226563254476,0.0038551161186142213,12
KOSDAQ150,202406,W2,pred_in,200230,0.12193340232543992,0.11326660329001562,0.09440949284537536,12
KOSDAQ150,202406,W2,pred_in,199800,-0.02777777777777779,-0.036444576813202095,-0.05530168725784235,12
KOSDAQ150,202406,W2,pred_in,099220,-0.12605459057071955,-0.13472138960614385,-0.1535785000507841,12
KOSDAQ150,202406,W2,pred_in,024850,-0.05745341614906829,-0.0661202151844926,-0.08497732562913285,12
KOSDAQ150,202406,W2,pred_in,082850,-0.01851851851851849,-0.02718531755394279,-0.046042427998583046,12
KOSDAQ150,202406,W2,pred_in,257720,0.3928571428571428,0.3841903438217185,0.36533323337707824,12
KOSDAQ150,202406,W2,pred_in,277410,-0.03442796610169496,-0.04309476513711927,-0.06195187558175952,12
KOSDAQ150,202406,W2,pred_in,376930,0.05566293003478928,0.04699613099936498,0.028139020554724725,12
KOSDAQ150,202406,W2,pred_in,009730,0.056563898557931314,0.04789709952250701,0.029039989077866757,12
KOSDAQ150,202406,W2,pred_in,440110,0.2075681691708402,0.1989013701354159,0.18004425969077564,12
KOSDAQ150,202406,W2,pred_in,033540,-0.06843267108167772,-0.07709947011710203,-0.09595658056174228,12
KOSDAQ150,202406,W2,pred_in,237880,0.13272010512483567,0.12405330608941137,0.10519619564477112,12
KOSDAQ150,202406,W2,pred_in,394280,-0.014522821576763434,-0.023189620612187736,-0.04204673105682799,12
KOSDAQ150,202406,W2,pred_in,060570,0.014869888475836479,0.006203089440412177,-0.012654021004228078,12
KOSDAQ150,202406,W2,pred_in,067630,-0.03376906318082784,-0.042435862216252146,-0.0612929726608924,12
KOSDAQ150,202406,W2,pred_in,084650,-0.04678362573099415,-0.055450424766418455,-0.0743075352110587,12
KOSDAQ150,202406,W2,pred_in,058400,-0.002320185614849146,-0.010986984650273448,-0.029844095094913703,12
KOSDAQ150,202406,W2,pred_in,182400,0.0,-0.008666799035424302,-0.027523909480064557,12
KOSDAQ150,202406,W2,pred_in,060230,-0.1287769784172662,-0.1374437774526905,-0.15630088789733076,12
KOSDAQ150,202406,W2,pred_in,420770,-0.05835962145110407,-0.06702642048652838,-0.08588353093116863,12
KOSDAQ150,202406,W2,pred_in,065350,0.021180030257186067,0.012513231221761765,-0.00634387922287849,12
KOSDAQ150,202406,W2,pred_in,403490,-0.14436619718309862,-0.15303299621852293,-0.17189010666316318,12
KOSDAQ150,202406,W2,pred_in,179900,-0.05737704918032782,-0.06604384821575213,-0.08490095866039238,12
KOSDAQ150,202406,W2,pred_in,291230,-0.0702087286527514,-0.07887552768817571,-0.09773263813281596,12
KOSDAQ150,202406,W2,pred_in,046070,0.0,-0.008666799035424302,-0.027523909480064557,12
KOSDAQ150,202406,W2,pred_in,031860,-0.18078791149487317,-0.18945471053029747,-0.20831182097493772,12
KOSDAQ150,202406,W2,pred_in,087010,0.14855980423951176,0.13989300520408746,0.1210358947594472,12
KOSDAQ150,202406,W2,pred_in,089030,0.07334963325183375,0.06468283421640944,0.04582572377176919,12
KOSDAQ150,202406,W2,pred_in,105550,-0.06725663716814156,-0.07592343620356587,-0.09478054664820612,12
KOSDAQ150,202406,W2,pred_in,016790,0.0,-0.008666799035424302,-0.027523909480064557,12
KOSDAQ150,202406,W2,pred_in,025320,0.056947608200455635,0.04828080916503133,0.029423698720391078,12
KOSDAQ150,202406,W2,pred_in,094360,0.049327354260089606,0.0406605552246653,0.02180344478002505,12
KOSDAQ150,202406,W2,pred_in,207760,0.0992366412213741,0.0905698421859498,0.07171273174130954,12
KOSDAQ150,202406,W2,pred_in,348080,-0.08751998653538673,-0.09618678557081103,-0.11504389601545129,12
KOSDAQ150,202406,W2,pred_in,035890,-0.008872458410351225,-0.017539257445775527,-0.03639636789041578,12
KOSDAQ150,202406,W2,pred_in,090150,-0.028029678483099785,-0.03669647751852409,-0.05555358796316434,12
KOSDAQ150,202406,W2,pred_in,067390,-0.07578253706754534,-0.08444933610296965,-0.1033064465476099,12
KOSDAQ150,202406,W2,pred_in,018290,0.40740740740740744,0.39874060837198316,0.3798834979273429,12
KOSDAQ150,202406,W2,pred_in,080220,0.06428571428571428,0.055618915250289974,0.03676180480564972,12
KOSDAQ150,202406,W2,pred_in,214680,-0.1681715575620768,-0.1768383565975011,-0.19569546704214136,12
KOSDAQ150,202406,W2,pred_in,950160,0.08646616541353391,0.07779936637810961,0.058942255933469356,12
KOSDAQ150,202406,W2,pred_in,399720,0.120211360634082,0.1115445615986577,0.09268745115401744,12
KOSDAQ150,202406,W2,pred_in,021880,-0.005665722379603388,-0.01433252141502769,-0.033189631859667945,12
KOSDAQ150,202406,W2,pred_in,019570,-0.18930041152263377,-0.19796721055805808,-0.21682432100269833,12
KOSDAQ150,202406,W2,pred_in,033170,-0.01753246753246751,-0.026199266567891812,-0.04505637701253207,12
KOSDAQ150,202406,W2,pred_in,049080,-0.06658595641646492,-0.07525275545188922,-0.09410986589652948,12
KOSDAQ150,202406,W2,pred_in,378800,0.06175173282923763,0.05308493379381332,0.03422782334917307,12
KOSDAQ150,202406,W2,pred_in,101730,-0.047206165703275516,-0.05587296473869982,-0.07473007518334007,12
KOSDAQ150,202406,W2,pred_in,290690,-0.21534195933456557,-0.22400875836998987,-0.24286586881463013,12
KOSDAQ150,202406,W2,pred_in,140410,0.040712468193384144,0.03204566915795984,0.013188558713319587,12
KOSDAQ150,202406,W2,pred_in,047920,0.07161664033701953,0.06294984130159523,0.044092730856954976,12
KOSDAQ150,202406,W2,act_in,179900,-0.05737704918032782,-0.06604384821575213,-0.08490095866039238,12
KOSDAQ150,202406,W2,act_in,018290,0.40740740740740744,0.39874060837198316,0.3798834979273429,12
KOSDAQ150,202406,W2,act_in,080220,0.06428571428571428,0.055618915250289974,0.03676180480564972,12
KOSDAQ150,202406,W2,act_in,087010,0.14855980423951176,0.13989300520408746,0.1210358947594472,12
KOSDAQ150,202406,W2,act_in,399720,0.120211360634082,0.1115445615986577,0.09268745115401744,12
KOSDAQ150,202406,W2,act_in,089030,0.07334963325183375,0.06468283421640944,0.04582572377176919,12
KOSDAQ150,202406,W2,act_in,257720,0.3928571428571428,0.3841903438217185,0.36533323337707824,12
KOSDAQ150,202406,W2,act_in,025320,0.056947608200455635,0.04828080916503133,0.029423698720391078,12
KOSDAQ150,202406,W2,act_in,420770,-0.05835962145110407,-0.06702642048652838,-0.08588353093116863,12
KOSDAQ150,202406,W2,act_in,417200,-0.07060755336617408,-0.07927435240159839,-0.09813146284623864,12
KOSDAQ150,202406,W2,act_in,094360,0.049327354260089606,0.0406605552246653,0.02180344478002505,12
KOSDAQ150,202406,W2,act_in,394280,-0.014522821576763434,-0.023189620612187736,-0.04204673105682799,12
KOSDAQ150,202406,W2,hit,179900,-0.05737704918032782,-0.06604384821575213,-0.08490095866039238,12
KOSDAQ150,202406,W2,hit,018290,0.40740740740740744,0.39874060837198316,0.3798834979273429,12
KOSDAQ150,202406,W2,hit,080220,0.06428571428571428,0.055618915250289974,0.03676180480564972,12
KOSDAQ150,202406,W2,hit,087010,0.14855980423951176,0.13989300520408746,0.1210358947594472,12
KOSDAQ150,202406,W2,hit,399720,0.120211360634082,0.1115445615986577,0.09268745115401744,12
KOSDAQ150,202406,W2,hit,089030,0.07334963325183375,0.06468283421640944,0.04582572377176919,12
KOSDAQ150,202406,W2,hit,257720,0.3928571428571428,0.3841903438217185,0.36533323337707824,12
KOSDAQ150,202406,W2,hit,025320,0.056947608200455635,0.04828080916503133,0.029423698720391078,12
KOSDAQ150,202406,W2,hit,420770,-0.05835962145110407,-0.06702642048652838,-0.08588353093116863,12
KOSDAQ150,202406,W2,hit,094360,0.049327354260089606,0.0406605552246653,0.02180344478002505,12
KOSDAQ150,202406,W2,hit,394280,-0.014522821576763434,-0.023189620612187736,-0.04204673105682799,12
KOSDAQ150,202406,W2,false_in,300120,0.03137902559867878,0.022712226563254476,0.0038551161186142213,12
KOSDAQ150,202406,W2,false_in,200230,0.12193340232543992,0.11326660329001562,0.09440949284537536,12
KOSDAQ150,202406,W2,false_in,199800,-0.02777777777777779,-0.036444576813202095,-0.05530168725784235,12
KOSDAQ150,202406,W2,false_in,099220,-0.12605459057071955,-0.13472138960614385,-0.1535785000507841,12
KOSDAQ150,202406,W2,false_in,024850,-0.05745341614906829,-0.0661202151844926,-0.08497732562913285,12
KOSDAQ150,202406,W2,false_in,082850,-0.01851851851851849,-0.02718531755394279,-0.046042427998583046,12
KOSDAQ150,202406,W2,false_in,277410,-0.03442796610169496,-0.04309476513711927,-0.06195187558175952,12
KOSDAQ150,202406,W2,false_in,376930,0.05566293003478928,0.04699613099936498,0.028139020554724725,12
KOSDAQ150,202406,W2,false_in,440110,0.2075681691708402,0.1989013701354159,0.18004425969077564,12
KOSDAQ150,202406,W2,false_in,009730,0.056563898557931314,0.04789709952250701,0.029039989077866757,12
KOSDAQ150,202406,W2,false_in,033540,-0.06843267108167772,-0.07709947011710203,-0.09595658056174228,12
KOSDAQ150,202406,W2,false_in,237880,0.13272010512483567,0.12405330608941137,0.10519619564477112,12
KOSDAQ150,202406,W2,false_in,060570,0.014869888475836479,0.006203089440412177,-0.012654021004228078,12
KOSDAQ150,202406,W2,false_in,067630,-0.03376906318082784,-0.042435862216252146,-0.0612929726608924,12
KOSDAQ150,202406,W2,false_in,084650,-0.04678362573099415,-0.055450424766418455,-0.0743075352110587,12
KOSDAQ150,202406,W2,false_in,058400,-0.002320185614849146,-0.010986984650273448,-0.029844095094913703,12
KOSDAQ150,202406,W2,false_in,182400,0.0,-0.008666799035424302,-0.027523909480064557,12
KOSDAQ150,202406,W2,false_in,060230,-0.1287769784172662,-0.1374437774526905,-0.15630088789733076,12
KOSDAQ150,202406,W2,false_in,065350,0.021180030257186067,0.012513231221761765,-0.00634387922287849,12
KOSDAQ150,202406,W2,false_in,403490,-0.14436619718309862,-0.15303299621852293,-0.17189010666316318,12
KOSDAQ150,202406,W2,false_in,291230,-0.0702087286527514,-0.07887552768817571,-0.09773263813281596,12
KOSDAQ150,202406,W2,false_in,046070,0.0,-0.008666799035424302,-0.027523909480064557,12
KOSDAQ150,202406,W2,false_in,031860,-0.18078791149487317,-0.18945471053029747,-0.20831182097493772,12
KOSDAQ150,202406,W2,false_in,105550,-0.06725663716814156,-0.07592343620356587,-0.09478054664820612,12
KOSDAQ150,202406,W2,false_in,016790,0.0,-0.008666799035424302,-0.027523909480064557,12
KOSDAQ150,202406,W2,false_in,207760,0.0992366412213741,0.0905698421859498,0.07171273174130954,12
KOSDAQ150,202406,W2,false_in,348080,-0.08751998653538673,-0.09618678557081103,-0.11504389601545129,12
KOSDAQ150,202406,W2,false_in,035890,-0.008872458410351225,-0.017539257445775527,-0.03639636789041578,12
KOSDAQ150,202406,W2,false_in,090150,-0.028029678483099785,-0.03669647751852409,-0.05555358796316434,12
KOSDAQ150,202406,W2,false_in,067390,-0.07578253706754534,-0.08444933610296965,-0.1033064465476099,12
KOSDAQ150,202406,W2,false_in,214680,-0.1681715575620768,-0.1768383565975011,-0.19569546704214136,12
KOSDAQ150,202406,W2,false_in,950160,0.08646616541353391,0.07779936637810961,0.058942255933469356,12
KOSDAQ150,202406,W2,false_in,021880,-0.005665722379603388,-0.01433252141502769,-0.033189631859667945,12
KOSDAQ150,202406,W2,false_in,019570,-0.18930041152263377,-0.19796721055805808,-0.21682432100269833,12
KOSDAQ150,202406,W2,false_in,033170,-0.01753246753246751,-0.026199266567891812,-0.04505637701253207,12
KOSDAQ150,202406,W2,false_in,049080,-0.06658595641646492,-0.07525275545188922,-0.09410986589652948,12
KOSDAQ150,202406,W2,false_in,378800,0.06175173282923763,0.05308493379381332,0.03422782334917307,12
KOSDAQ150,202406,W2,false_in,101730,-0.047206165703275516,-0.05587296473869982,-0.07473007518334007,12
KOSDAQ150,202406,W2,false_in,290690,-0.21534195933456557,-0.22400875836998987,-0.24286586881463013,12
KOSDAQ150,202406,W2,false_in,140410,0.040712468193384144,0.03204566915795984,0.013188558713319587,12
KOSDAQ150,202406,W2,false_in,047920,0.07161664033701953,0.06294984130159523,0.044092730856954976,12
KOSDAQ150,202406,W2,miss_in,417200,-0.07060755336617408,-0.07927435240159839,-0.09813146284623864,12
KOSDAQ150,202406,W2,pred_out,118990,0.011467889908256979,0.002801090872832677,-0.016056019571807578,12
KOSDAQ150,202406,W2,pred_out,035600,-0.016637478108581405,-0.025304277144005707,-0.04416138758864596,12
KOSDAQ150,202406,W2,pred_out,042600,0.017199017199017286,0.008532218163592984,-0.010324892281047271,12
KOSDAQ150,202406,W2,pred_out,294090,-0.17228652910585474,-0.18095332814127904,-0.1998104385859193,12
KOSDAQ150,202406,W2,pred_out,230240,-0.04704301075268813,-0.055709809788112435,-0.07456692023275269,12
KOSDAQ150,202406,W2,pred_out,033290,-0.02083333333333337,-0.029500132368757672,-0.04835724281339793,12
KOSDAQ150,202406,W2,pred_out,095700,-0.041724617524339314,-0.05039141655976362,-0.06924852700440387,12
KOSDAQ150,202406,W2,pred_out,445680,-0.020381017763665965,-0.029047816799090267,-0.04790492724373052,12
KOSDAQ150,202406,W2,pred_out,460930,-0.040682414698162694,-0.049349213733587,-0.06820632417822725,12
KOSDAQ150,202406,W2,pred_out,073570,-0.2402846859961988,-0.2489514850316231,-0.26780859547626334,12
KOSDAQ150,202406,W2,pred_out,041960,-0.0047225501770956635,-0.013389349212519965,-0.03224645965716022,12
KOSDAQ150,202406,W2,pred_out,025770,-0.011614401858304313,-0.020281200893728615,-0.03913831133836887,12
KOSDAQ150,202406,W2,pred_out,080160,-0.019460138104205882,-0.028126937139630184,-0.04698404758427044,12
KOSDAQ150,202406,W2,pred_out,267980,-0.04245810055865917,-0.05112489959408348,-0.06998201003872373,12
KOSDAQ150,202406,W2,pred_out,060720,-0.08202099737532809,-0.09068779641075239,-0.10954490685539264,12
KOSDAQ150,202406,W2,pred_out,089980,-0.1158645276292335,-0.1245313266646578,-0.14338843710929805,12
KOSDAQ150,202406,W2,pred_out,086390,-0.21996796583021894,-0.22863476486564324,-0.2474918753102835,12
KOSDAQ150,202406,W2,pred_out,298540,-0.03038674033149169,-0.039053539366915996,-0.05791064981155625,12
KOSDAQ150,202406,W2,pred_out,053030,0.0608564988730278,0.05218969983760349,0.03333258939296324,12
KOSDAQ150,202406,W2,act_out,080160,-0.019460138104205882,-0.028126937139630184,-0.04698404758427044,12
KOSDAQ150,202406,W2,act_out,061970,-0.037721557339796985,-0.04638835637522129,-0.06524546681986154,12
KOSDAQ150,202406,W2,act_out,042600,0.017199017199017286,0.008532218163592984,-0.010324892281047271,12
KOSDAQ150,202406,W2,act_out,101670,-0.04150579150579148,-0.050172590541215784,-0.06902970098585604,12
KOSDAQ150,202406,W2,act_out,294090,-0.17228652910585474,-0.18095332814127904,-0.1998104385859193,12
KOSDAQ150,202406,W2,act_out,230240,-0.04704301075268813,-0.055709809788112435,-0.07456692023275269,12
KOSDAQ150,202406,W2,act_out,073570,-0.2402846859961988,-0.2489514850316231,-0.26780859547626334,12
KOSDAQ150,202406,W2,act_out,298540,-0.03038674033149169,-0.039053539366915996,-0.05791064981155625,12
KOSDAQ150,202406,W2,act_out,033290,-0.02083333333333337,-0.029500132368757672,-0.04835724281339793,12
KOSDAQ150,202406,W2,act_out,041960,-0.0047225501770956635,-0.013389349212519965,-0.03224645965716022,12
KOSDAQ150,202406,W2,act_out,095700,-0.041724617524339314,-0.05039141655976362,-0.06924852700440387,12
KOSDAQ150,202406,W2,act_out,086390,-0.21996796583021894,-0.22863476486564324,-0.2474918753102835,12
KOSDAQ150,202406,W2,act_out,089980,-0.1158645276292335,-0.1245313266646578,-0.14338843710929805,12
KOSDAQ150,202406,W3,pred_in,300120,0.030157459300773848,0.07399302909315239,0.05185991416861968,20
KOSDAQ150,202406,W3,pred_in,200230,-0.10868149755832879,-0.06484592776595025,-0.08697904269048296,20
KOSDAQ150,202406,W3,pred_in,199800,0.18412698412698414,0.22796255391936268,0.20582943899482997,20
KOSDAQ150,202406,W3,pred_in,099220,-0.09142532651902324,-0.04758975672664471,-0.06972287165117741,20
KOSDAQ150,202406,W3,pred_in,024850,0.1499176276771006,0.19375319746947914,0.17162008254494643,20
KOSDAQ150,202406,W3,pred_in,082850,-0.05145797598627788,-0.007622406193899346,-0.02975552111843205,20
KOSDAQ150,202406,W3,pred_in,257720,-0.04536489151873768,-0.0015293217263591466,-0.02366243665089185,20
KOSDAQ150,202406,W3,pred_in,277410,-0.06856829402084474,-0.02473272422846621,-0.04686583915299891,20
KOSDAQ150,202406,W3,pred_in,376930,-0.08971072867081653,-0.045875158878437995,-0.0680082738029707,20
KOSDAQ150,202406,W3,pred_in,009730,-0.018708083303918155,0.02512748648846038,0.002994371563927678,20
KOSDAQ150,202406,W3,pred_in,440110,-0.09539170506912442,-0.051556135276745886,-0.07368925020127859,20
KOSDAQ150,202406,W3,pred_in,033540,-0.06113744075829386,-0.017301870965915324,-0.03943498589044803,20
KOSDAQ150,202406,W3,pred_in,237880,-0.15313225058004643,-0.10929668078766788,-0.1314297957122006,20
KOSDAQ150,202406,W3,pred_in,394280,-0.11789473684210527,-0.07405916704972673,-0.09619228197425944,20
KOSDAQ150,202406,W3,pred_in,060570,-0.1501831501831502,-0.10634758039077166,-0.12848069531530437,20
KOSDAQ150,202406,W3,pred_in,067630,0.3866967305524238,0.43053230034480233,0.40839918542026965,20
KOSDAQ150,202406,W3,pred_in,084650,-0.05725971370143146,-0.013424143909052923,-0.035557258833585625,20
KOSDAQ150,202406,W3,pred_in,058400,-0.06627906976744191,-0.022443499975063376,-0.04457661489959608,20
KOSDAQ150,202406,W3,pred_in,182400,0.0,0.043835569792378536,0.021702454867845833,20
KOSDAQ150,202406,W3,pred_in,060230,-0.04569226534544457,-0.001856695553066036,-0.02398981047759874,20
KOSDAQ150,202406,W3,pred_in,420770,-0.10385259631490784,-0.060017026522529306,-0.08215014144706201,20
KOSDAQ150,202406,W3,pred_in,065350,-0.07703703703703701,-0.03320146724465848,-0.05533458216919118,20
KOSDAQ150,202406,W3,pred_in,403490,-0.0864197530864198,-0.04258418329404127,-0.06471729821857397,20
KOSDAQ150,202406,W3,pred_in,179900,-0.14927536231884053,-0.10543979252646199,-0.1275729074509947,20
KOSDAQ150,202406,W3,pred_in,291230,-0.01224489795918371,0.031590671833194826,0.009457556908662124,20
KOSDAQ150,202406,W3,pred_in,046070,0.0,0.043835569792378536,0.021702454867845833,20
KOSDAQ150,202406,W3,pred_in,031860,-0.034914361001317507,0.008921208791061029,-0.013211906133471674,20
KOSDAQ150,202406,W3,pred_in,087010,0.7288875198932183,0.7727230896855969,0.7505899747610641,20
KOSDAQ150,202406,W3,pred_in,089030,0.5649202733485195,0.608755843140898,0.5866227282163653,20
KOSDAQ150,202406,W3,pred_in,105550,-0.06261859582542695,-0.018783026033048413,-0.040916140957581115,20
KOSDAQ150,202406,W3,pred_in,016790,0.0,0.043835569792378536,0.021702454867845833,20
KOSDAQ150,202406,W3,pred_in,025320,0.05962643678160928,0.10346200657398782,0.08132889164945512,20
KOSDAQ150,202406,W3,pred_in,094360,-0.03418803418803418,0.009647535604344358,-0.012485579320188345,20
KOSDAQ150,202406,W3,pred_in,207760,-0.3319444444444445,-0.28810887465206597,-0.31024198957659865,20
KOSDAQ150,202406,W3,pred_in,348080,0.03467674997694359,0.07851231976932213,0.05637920484478942,20
KOSDAQ150,202406,W3,pred_in,035890,-0.021260723610593057,0.022574846181785478,0.0004417312572527754,20
KOSDAQ150,202406,W3,pred_in,090150,-0.07888040712468192,-0.03504483733230338,-0.057177952256836084,20
KOSDAQ150,202406,W3,pred_in,067390,0.21212121212121215,0.25595678191359067,0.233823666989058,20
KOSDAQ150,202406,W3,pred_in,018290,-0.18815789473684208,-0.14432232494446354,-0.16645543986899625,20
KOSDAQ150,202406,W3,pred_in,080220,-0.2044742729306488,-0.16063870313827025,-0.18277181806280296,20
KOSDAQ150,202406,W3,pred_in,214680,-0.009497964721845276,0.03433760507053326,0.012204490146000557,20
KOSDAQ150,202406,W3,pred_in,950160,-0.03529411764705881,0.008541452145319726,-0.013591662779212976,20
KOSDAQ150,202406,W3,pred_in,399720,-0.19457547169811318,-0.15073990190573464,-0.17287301683026735,20
KOSDAQ150,202406,W3,pred_in,021880,0.03988603988603989,0.08372160967841843,0.061588494753885725,20
KOSDAQ150,202406,W3,pred_in,019570,-0.02030456852791873,0.023531001264459804,0.0013978863399271013,20
KOSDAQ150,202406,W3,pred_in,033170,-0.1235955056179775,-0.07975993582559895,-0.10189305075013166,20
KOSDAQ150,202406,W3,pred_in,049080,0.054474708171206254,0.0983102779635848,0.07617716303905209,20
KOSDAQ150,202406,W3,pred_in,378800,-0.0005934718100890635,0.04324209798228947,0.02110898305775677,20
KOSDAQ150,202406,W3,pred_in,101730,-0.013144590495449915,0.03069097929692862,0.008557864372395918,20
KOSDAQ150,202406,W3,pred_in,290690,0.17785630153121312,0.22169187132359167,0.19955875639905896,20
KOSDAQ150,202406,W3,pred_in,140410,-0.10268948655256727,-0.05885391676018873,-0.08098703168472143,20
KOSDAQ150,202406,W3,pred_in,047920,0.45945945945945943,0.503295029251838,0.48116191432730526,20
KOSDAQ150,202406,W3,act_in,179900,-0.14927536231884053,-0.10543979252646199,-0.1275729074509947,20
KOSDAQ150,202406,W3,act_in,018290,-0.18815789473684208,-0.14432232494446354,-0.16645543986899625,20
KOSDAQ150,202406,W3,act_in,080220,-0.2044742729306488,-0.16063870313827025,-0.18277181806280296,20
KOSDAQ150,202406,W3,act_in,087010,0.7288875198932183,0.7727230896855969,0.7505899747610641,20
KOSDAQ150,202406,W3,act_in,399720,-0.19457547169811318,-0.15073990190573464,-0.17287301683026735,20
KOSDAQ150,202406,W3,act_in,089030,0.5649202733485195,0.608755843140898,0.5866227282163653,20
KOSDAQ150,202406,W3,act_in,257720,-0.04536489151873768,-0.0015293217263591466,-0.02366243665089185,20
KOSDAQ150,202406,W3,act_in,025320,0.05962643678160928,0.10346200657398782,0.08132889164945512,20
KOSDAQ150,202406,W3,act_in,420770,-0.10385259631490784,-0.060017026522529306,-0.08215014144706201,20
KOSDAQ150,202406,W3,act_in,417200,-0.14840989399293292,-0.10457432420055437,-0.12670743912508708,20
KOSDAQ150,202406,W3,act_in,094360,-0.03418803418803418,0.009647535604344358,-0.012485579320188345,20
KOSDAQ150,202406,W3,act_in,394280,-0.11789473684210527,-0.07405916704972673,-0.09619228197425944,20
KOSDAQ150,202406,W3,hit,179900,-0.14927536231884053,-0.10543979252646199,-0.1275729074509947,20
KOSDAQ150,202406,W3,hit,018290,-0.18815789473684208,-0.14432232494446354,-0.16645543986899625,20
KOSDAQ150,202406,W3,hit,080220,-0.2044742729306488,-0.16063870313827025,-0.18277181806280296,20
KOSDAQ150,202406,W3,hit,087010,0.7288875198932183,0.7727230896855969,0.7505899747610641,20
KOSDAQ150,202406,W3,hit,399720,-0.19457547169811318,-0.15073990190573464,-0.17287301683026735,20
KOSDAQ150,202406,W3,hit,089030,0.5649202733485195,0.608755843140898,0.5866227282163653,20
KOSDAQ150,202406,W3,hit,257720,-0.04536489151873768,-0.0015293217263591466,-0.02366243665089185,20
KOSDAQ150,202406,W3,hit,025320,0.05962643678160928,0.10346200657398782,0.08132889164945512,20
KOSDAQ150,202406,W3,hit,420770,-0.10385259631490784,-0.060017026522529306,-0.08215014144706201,20
KOSDAQ150,202406,W3,hit,094360,-0.03418803418803418,0.009647535604344358,-0.012485579320188345,20
KOSDAQ150,202406,W3,hit,394280,-0.11789473684210527,-0.07405916704972673,-0.09619228197425944,20
KOSDAQ150,202406,W3,false_in,300120,0.030157459300773848,0.07399302909315239,0.05185991416861968,20
KOSDAQ150,202406,W3,false_in,200230,-0.10868149755832879,-0.06484592776595025,-0.08697904269048296,20
KOSDAQ150,202406,W3,false_in,199800,0.18412698412698414,0.22796255391936268,0.20582943899482997,20
KOSDAQ150,202406,W3,false_in,099220,-0.09142532651902324,-0.04758975672664471,-0.06972287165117741,20
KOSDAQ150,202406,W3,false_in,024850,0.1499176276771006,0.19375319746947914,0.17162008254494643,20
KOSDAQ150,202406,W3,false_in,082850,-0.05145797598627788,-0.007622406193899346,-0.02975552111843205,20
KOSDAQ150,202406,W3,false_in,277410,-0.06856829402084474,-0.02473272422846621,-0.04686583915299891,20
KOSDAQ150,202406,W3,false_in,376930,-0.08971072867081653,-0.045875158878437995,-0.0680082738029707,20
KOSDAQ150,202406,W3,false_in,440110,-0.09539170506912442,-0.051556135276745886,-0.07368925020127859,20
KOSDAQ150,202406,W3,false_in,009730,-0.018708083303918155,0.02512748648846038,0.002994371563927678,20
KOSDAQ150,202406,W3,false_in,033540,-0.06113744075829386,-0.017301870965915324,-0.03943498589044803,20
KOSDAQ150,202406,W3,false_in,237880,-0.15313225058004643,-0.10929668078766788,-0.1314297957122006,20
KOSDAQ150,202406,W3,false_in,060570,-0.1501831501831502,-0.10634758039077166,-0.12848069531530437,20
KOSDAQ150,202406,W3,false_in,067630,0.3866967305524238,0.43053230034480233,0.40839918542026965,20
KOSDAQ150,202406,W3,false_in,084650,-0.05725971370143146,-0.013424143909052923,-0.035557258833585625,20
KOSDAQ150,202406,W3,false_in,058400,-0.06627906976744191,-0.022443499975063376,-0.04457661489959608,20
KOSDAQ150,202406,W3,false_in,182400,0.0,0.043835569792378536,0.021702454867845833,20
KOSDAQ150,202406,W3,false_in,060230,-0.04569226534544457,-0.001856695553066036,-0.02398981047759874,20
KOSDAQ150,202406,W3,false_in,065350,-0.07703703703703701,-0.03320146724465848,-0.05533458216919118,20
KOSDAQ150,202406,W3,false_in,403490,-0.0864197530864198,-0.04258418329404127,-0.06471729821857397,20
KOSDAQ150,202406,W3,false_in,291230,-0.01224489795918371,0.031590671833194826,0.009457556908662124,20
KOSDAQ150,202406,W3,false_in,046070,0.0,0.043835569792378536,0.021702454867845833,20
KOSDAQ150,202406,W3,false_in,031860,-0.034914361001317507,0.008921208791061029,-0.013211906133471674,20
KOSDAQ150,202406,W3,false_in,105550,-0.06261859582542695,-0.018783026033048413,-0.040916140957581115,20
KOSDAQ150,202406,W3,false_in,016790,0.0,0.043835569792378536,0.021702454867845833,20
KOSDAQ150,202406,W3,false_in,207760,-0.3319444444444445,-0.28810887465206597,-0.31024198957659865,20
KOSDAQ150,202406,W3,false_in,348080,0.03467674997694359,0.07851231976932213,0.05637920484478942,20
KOSDAQ150,202406,W3,false_in,035890,-0.021260723610593057,0.022574846181785478,0.0004417312572527754,20
KOSDAQ150,202406,W3,false_in,090150,-0.07888040712468192,-0.03504483733230338,-0.057177952256836084,20
KOSDAQ150,202406,W3,false_in,067390,0.21212121212121215,0.25595678191359067,0.233823666989058,20
KOSDAQ150,202406,W3,false_in,214680,-0.009497964721845276,0.03433760507053326,0.012204490146000557,20
KOSDAQ150,202406,W3,false_in,950160,-0.03529411764705881,0.008541452145319726,-0.013591662779212976,20
KOSDAQ150,202406,W3,false_in,021880,0.03988603988603989,0.08372160967841843,0.061588494753885725,20
KOSDAQ150,202406,W3,false_in,019570,-0.02030456852791873,0.023531001264459804,0.0013978863399271013,20
KOSDAQ150,202406,W3,false_in,033170,-0.1235955056179775,-0.07975993582559895,-0.10189305075013166,20
KOSDAQ150,202406,W3,false_in,049080,0.054474708171206254,0.0983102779635848,0.07617716303905209,20
KOSDAQ150,202406,W3,false_in,378800,-0.0005934718100890635,0.04324209798228947,0.02110898305775677,20
KOSDAQ150,202406,W3,false_in,101730,-0.013144590495449915,0.03069097929692862,0.008557864372395918,20
KOSDAQ150,202406,W3,false_in,290690,0.17785630153121312,0.22169187132359167,0.19955875639905896,20
KOSDAQ150,202406,W3,false_in,140410,-0.10268948655256727,-0.05885391676018873,-0.08098703168472143,20
KOSDAQ150,202406,W3,false_in,047920,0.45945945945945943,0.503295029251838,0.48116191432730526,20
KOSDAQ150,202406,W3,miss_in,417200,-0.14840989399293292,-0.10457432420055437,-0.12670743912508708,20
KOSDAQ150,202406,W3,pred_out,118990,-0.053665910808767925,-0.00983034101638939,-0.03196345594092209,20
KOSDAQ150,202406,W3,pred_out,035600,-0.04096170970614421,0.002873860086234324,-0.01925925483829838,20
KOSDAQ150,202406,W3,pred_out,042600,-0.14492753623188404,-0.10109196643950549,-0.1232250813640382,20
KOSDAQ150,202406,W3,pred_out,294090,0.14258208350222934,0.18641765329460788,0.16428453837007517,20
KOSDAQ150,202406,W3,pred_out,230240,0.024682651622002894,0.06851822141438144,0.046385106489848726,20
KOSDAQ150,202406,W3,pred_out,033290,-0.07092198581560283,-0.027086416023224293,-0.049219530947756995,20
KOSDAQ150,202406,W3,pred_out,095700,0.02467343976777947,0.06850900956015801,0.0463758946356253,20
KOSDAQ150,202406,W3,pred_out,445680,-0.10187902413385308,-0.058043454341474544,-0.08017656926600725,20
KOSDAQ150,202406,W3,pred_out,460930,-0.0034199726402188713,0.040415597152159664,0.01828248222762696,20
KOSDAQ150,202406,W3,pred_out,073570,-0.23047852238249855,-0.18664295259012,-0.20877606751465272,20
KOSDAQ150,202406,W3,pred_out,041960,-0.003558718861209953,0.04027685093116858,0.01814373600663588,20
KOSDAQ150,202406,W3,pred_out,025770,-0.014101057579318454,0.02973451221306008,0.007601397288527378,20
KOSDAQ150,202406,W3,pred_out,080160,-0.09731113956466064,-0.05347556977228211,-0.07560868469681481,20
KOSDAQ150,202406,W3,pred_out,267980,-0.03617269544924151,0.007662874343137026,-0.014470240581395677,20
KOSDAQ150,202406,W3,pred_out,060720,-0.04288777698355972,0.0009477928088188134,-0.02118532211571389,20
KOSDAQ150,202406,W3,pred_out,089980,0.06451612903225801,0.10835169882463655,0.08621858390010384,20
KOSDAQ150,202406,W3,pred_out,086390,-0.06433949349760437,-0.020503923705225836,-0.04263703862975854,20
KOSDAQ150,202406,W3,pred_out,298540,-0.12749287749287752,-0.08365730770049898,-0.10579042262503169,20
KOSDAQ150,202406,W3,pred_out,053030,0.4801699716713881,0.5240055414637667,0.5018724265392339,20
KOSDAQ150,202406,W3,act_out,080160,-0.09731113956466064,-0.05347556977228211,-0.07560868469681481,20
KOSDAQ150,202406,W3,act_out,061970,-0.06470403022670024,-0.020868460434321702,-0.043001575358854405,20
KOSDAQ150,202406,W3,act_out,042600,-0.14492753623188404,-0.10109196643950549,-0.1232250813640382,20
KOSDAQ150,202406,W3,act_out,101670,-0.149043303121853,-0.10520773332947445,-0.12734084825400716,20
KOSDAQ150,202406,W3,act_out,294090,0.14258208350222934,0.18641765329460788,0.16428453837007517,20
KOSDAQ150,202406,W3,act_out,230240,0.024682651622002894,0.06851822141438144,0.046385106489848726,20
KOSDAQ150,202406,W3,act_out,073570,-0.23047852238249855,-0.18664295259012,-0.20877606751465272,20
KOSDAQ150,202406,W3,act_out,298540,-0.12749287749287752,-0.08365730770049898,-0.10579042262503169,20
KOSDAQ150,202406,W3,act_out,033290,-0.07092198581560283,-0.027086416023224293,-0.049219530947756995,20
KOSDAQ150,202406,W3,act_out,041960,-0.003558718861209953,0.04027685093116858,0.01814373600663588,20
KOSDAQ150,202406,W3,act_out,095700,0.02467343976777947,0.06850900956015801,0.0463758946356253,20
KOSDAQ150,202406,W3,act_out,086390,-0.06433949349760437,-0.020503923705225836,-0.04263703862975854,20
KOSDAQ150,202406,W3,act_out,089980,0.06451612903225801,0.10835169882463655,0.08621858390010384,20
KOSDAQ150,202406,FULL,pred_in,300120,-0.01859612362493457,-0.03545420596137884,-0.023034266291047878,27
KOSDAQ150,202406,FULL,pred_in,200230,0.03417316648897373,0.017315084152529456,0.029735023822860418,27
KOSDAQ150,202406,FULL,pred_in,199800,-0.051204819277108404,-0.06806290161355268,-0.055642961943221714,27
KOSDAQ150,202406,FULL,pred_in,099220,0.01440092165898621,-0.0024571606774580618,0.0099627789928729,27
KOSDAQ150,202406,FULL,pred_in,024850,-0.32329988851727987,-0.3401579708537241,-0.3277380311833932,27
KOSDAQ150,202406,FULL,pred_in,082850,0.06581352833638032,0.04895544599993605,0.06137538567026701,27
KOSDAQ150,202406,FULL,pred_in,257720,2.414141414141414,2.3972833318049696,2.4097032714753004,27
KOSDAQ150,202406,FULL,pred_in,277410,0.05436668594563332,0.03750860360918905,0.04992854327952001,27
KOSDAQ150,202406,FULL,pred_in,376930,0.23462929475587702,0.21777121241943276,0.2301911520897637,27
KOSDAQ150,202406,FULL,pred_in,009730,0.16824742268041226,0.151389340343968,0.16380928001429895,27
KOSDAQ150,202406,FULL,pred_in,440110,0.14997350291467937,0.1331154205782351,0.14553536024856606,27
KOSDAQ150,202406,FULL,pred_in,033540,-0.014018691588784993,-0.030876773925229264,-0.018456834254898302,27
KOSDAQ150,202406,FULL,pred_in,237880,0.24927536231884062,0.23241727998239636,0.2448372196527273,27
KOSDAQ150,202406,FULL,pred_in,394280,-0.09695817490494296,-0.11381625724138723,-0.10139631757105627,27
KOSDAQ150,202406,FULL,pred_in,060570,-0.04378283712784592,-0.06064091946429019,-0.04822097979395923,27
KOSDAQ150,202406,FULL,pred_in,067630,-0.45097796484278285,-0.4678360471792271,-0.45541610750889616,27
KOSDAQ150,202406,FULL,pred_in,084650,-0.11090909090909096,-0.12776717324553521,-0.11534723357520427,27
KOSDAQ150,202406,FULL,pred_in,058400,-0.04231625835189312,-0.05917434068833739,-0.04675440101800643,27
KOSDAQ150,202406,FULL,pred_in,182400,0.0,-0.01685808233644427,-0.004438142666113309,27
KOSDAQ150,202406,FULL,pred_in,060230,-0.2434402332361516,-0.26029831557259586,-0.2478783759022649,27
KOSDAQ150,202406,FULL,pred_in,420770,-0.07298136645962738,-0.08983944879607166,-0.0774195091257407,27
KOSDAQ150,202406,FULL,pred_in,065350,-0.11067193675889331,-0.12753001909533757,-0.11511007942500662,27
KOSDAQ150,202406,FULL,pred_in,403490,0.029661016949152463,0.012802934612708192,0.025222874283039154,27
KOSDAQ150,202406,FULL,pred_in,179900,-0.014285714285714235,-0.031143796622158507,-0.018723856951827544,27
KOSDAQ150,202406,FULL,pred_in,291230,-0.08921933085501854,-0.10607741319146281,-0.09365747352113185,27
KOSDAQ150,202406,FULL,pred_in,046070,0.0,-0.01685808233644427,-0.004438142666113309,27
KOSDAQ150,202406,FULL,pred_in,031860,-0.27714285714285714,-0.2940009394793014,-0.28158099980897044,27
KOSDAQ150,202406,FULL,pred_in,087010,0.32672660400490394,0.3098685216684597,0.32228846133879063,27
KOSDAQ150,202406,FULL,pred_in,089030,0.28739002932551316,0.2705319469890689,0.28295188665939985,27
KOSDAQ150,202406,FULL,pred_in,105550,0.2170900692840647,0.20023198694762046,0.2126519266179514,27
KOSDAQ150,202406,FULL,pred_in,016790,0.0,-0.01685808233644427,-0.004438142666113309,27
KOSDAQ150,202406,FULL,pred_in,025320,0.15724465558194778,0.14038657324550352,0.15280651291583447,27
KOSDAQ150,202406,FULL,pred_in,094360,0.06849315068493156,0.05163506834848729,0.06405500801881825,27
KOSDAQ150,202406,FULL,pred_in,207760,0.08884688090737236,0.07198879857092809,0.08440873824125905,27
KOSDAQ150,202406,FULL,pred_in,348080,-0.17543726235741441,-0.19229534469385867,-0.17987540502352772,27
KOSDAQ150,202406,FULL,pred_in,035890,-0.021532846715328513,-0.038390929051772785,-0.025970989381441822,27
KOSDAQ150,202406,FULL,pred_in,090150,-0.005063291139240533,-0.021921373475684805,-0.009501433805353843,27
KOSDAQ150,202406,FULL,pred_in,067390,-0.2549800796812749,-0.27183816201771915,-0.2594182223473882,27
KOSDAQ150,202406,FULL,pred_in,018290,0.7674418604651163,0.750583778128672,0.763003717799003,27
KOSDAQ150,202406,FULL,pred_in,080220,0.0,-0.01685808233644427,-0.004438142666113309,27
KOSDAQ150,202406,FULL,pred_in,214680,-0.025132275132275117,-0.04199035746871939,-0.029570417798388426,27
KOSDAQ150,202406,FULL,pred_in,950160,0.17671009771986967,0.15985201538342542,0.17227195505375636,27
KOSDAQ150,202406,FULL,pred_in,399720,-0.024165707710011475,-0.041023790046455746,-0.028603850376124784,27
KOSDAQ150,202406,FULL,pred_in,021880,0.032352941176470695,0.015494858840026424,0.027914798510357386,27
KOSDAQ150,202406,FULL,pred_in,019570,-0.1959183673469388,-0.21277644968338305,-0.2003565100130521,27
KOSDAQ150,202406,FULL,pred_in,033170,-0.17727025557368137,-0.19412833791012563,-0.18170839823979468,27
KOSDAQ150,202406,FULL,pred_in,049080,-0.08323424494649223,-0.1000923272829365,-0.08767238761260554,27
KOSDAQ150,202406,FULL,pred_in,378800,-0.033830275229357776,-0.05068835756580205,-0.038268417895471085,27
KOSDAQ150,202406,FULL,pred_in,101730,-0.08510638297872342,-0.10196446531516769,-0.08954452564483673,27
KOSDAQ150,202406,FULL,pred_in,290690,-0.4054621848739496,-0.42232026721039384,-0.4099003275400629,27
KOSDAQ150,202406,FULL,pred_in,140410,0.0877659574468086,0.07090787511036432,0.08332781478069529,27
KOSDAQ150,202406,FULL,pred_in,047920,-0.37191358024691357,-0.3887716625833578,-0.3763517229130269,27
KOSDAQ150,202406,FULL,act_in,179900,-0.014285714285714235,-0.031143796622158507,-0.018723856951827544,27
KOSDAQ150,202406,FULL,act_in,018290,0.7674418604651163,0.750583778128672,0.763003717799003,27
KOSDAQ150,202406,FULL,act_in,080220,0.0,-0.01685808233644427,-0.004438142666113309,27
KOSDAQ150,202406,FULL,act_in,087010,0.32672660400490394,0.3098685216684597,0.32228846133879063,27
KOSDAQ150,202406,FULL,act_in,399720,-0.024165707710011475,-0.041023790046455746,-0.028603850376124784,27
KOSDAQ150,202406,FULL,act_in,089030,0.28739002932551316,0.2705319469890689,0.28295188665939985,27
KOSDAQ150,202406,FULL,act_in,257720,2.414141414141414,2.3972833318049696,2.4097032714753004,27
KOSDAQ150,202406,FULL,act_in,025320,0.15724465558194778,0.14038657324550352,0.15280651291583447,27
KOSDAQ150,202406,FULL,act_in,420770,-0.07298136645962738,-0.08983944879607166,-0.0774195091257407,27
KOSDAQ150,202406,FULL,act_in,417200,0.0926640926640927,0.07580601032764843,0.08822594999797939,27
KOSDAQ150,202406,FULL,act_in,094360,0.06849315068493156,0.05163506834848729,0.06405500801881825,27
KOSDAQ150,202406,FULL,act_in,394280,-0.09695817490494296,-0.11381625724138723,-0.10139631757105627,27
KOSDAQ150,202406,FULL,hit,179900,-0.014285714285714235,-0.031143796622158507,-0.018723856951827544,27
KOSDAQ150,202406,FULL,hit,018290,0.7674418604651163,0.750583778128672,0.763003717799003,27
KOSDAQ150,202406,FULL,hit,080220,0.0,-0.01685808233644427,-0.004438142666113309,27
KOSDAQ150,202406,FULL,hit,087010,0.32672660400490394,0.3098685216684597,0.32228846133879063,27
KOSDAQ150,202406,FULL,hit,399720,-0.024165707710011475,-0.041023790046455746,-0.028603850376124784,27
KOSDAQ150,202406,FULL,hit,089030,0.28739002932551316,0.2705319469890689,0.28295188665939985,27
KOSDAQ150,202406,FULL,hit,257720,2.414141414141414,2.3972833318049696,2.4097032714753004,27
KOSDAQ150,202406,FULL,hit,025320,0.15724465558194778,0.14038657324550352,0.15280651291583447,27
KOSDAQ150,202406,FULL,hit,420770,-0.07298136645962738,-0.08983944879607166,-0.0774195091257407,27
KOSDAQ150,202406,FULL,hit,094360,0.06849315068493156,0.05163506834848729,0.06405500801881825,27
KOSDAQ150,202406,FULL,hit,394280,-0.09695817490494296,-0.11381625724138723,-0.10139631757105627,27
KOSDAQ150,202406,FULL,false_in,300120,-0.01859612362493457,-0.03545420596137884,-0.023034266291047878,27
KOSDAQ150,202406,FULL,false_in,200230,0.03417316648897373,0.017315084152529456,0.029735023822860418,27
KOSDAQ150,202406,FULL,false_in,199800,-0.051204819277108404,-0.06806290161355268,-0.055642961943221714,27
KOSDAQ150,202406,FULL,false_in,099220,0.01440092165898621,-0.0024571606774580618,0.0099627789928729,27
KOSDAQ150,202406,FULL,false_in,024850,-0.32329988851727987,-0.3401579708537241,-0.3277380311833932,27
KOSDAQ150,202406,FULL,false_in,082850,0.06581352833638032,0.04895544599993605,0.06137538567026701,27
KOSDAQ150,202406,FULL,false_in,277410,0.05436668594563332,0.03750860360918905,0.04992854327952001,27
KOSDAQ150,202406,FULL,false_in,376930,0.23462929475587702,0.21777121241943276,0.2301911520897637,27
KOSDAQ150,202406,FULL,false_in,440110,0.14997350291467937,0.1331154205782351,0.14553536024856606,27
KOSDAQ150,202406,FULL,false_in,009730,0.16824742268041226,0.151389340343968,0.16380928001429895,27
KOSDAQ150,202406,FULL,false_in,033540,-0.014018691588784993,-0.030876773925229264,-0.018456834254898302,27
KOSDAQ150,202406,FULL,false_in,237880,0.24927536231884062,0.23241727998239636,0.2448372196527273,27
KOSDAQ150,202406,FULL,false_in,060570,-0.04378283712784592,-0.06064091946429019,-0.04822097979395923,27
KOSDAQ150,202406,FULL,false_in,067630,-0.45097796484278285,-0.4678360471792271,-0.45541610750889616,27
KOSDAQ150,202406,FULL,false_in,084650,-0.11090909090909096,-0.12776717324553521,-0.11534723357520427,27
KOSDAQ150,202406,FULL,false_in,058400,-0.04231625835189312,-0.05917434068833739,-0.04675440101800643,27
KOSDAQ150,202406,FULL,false_in,182400,0.0,-0.01685808233644427,-0.004438142666113309,27
KOSDAQ150,202406,FULL,false_in,060230,-0.2434402332361516,-0.26029831557259586,-0.2478783759022649,27
KOSDAQ150,202406,FULL,false_in,065350,-0.11067193675889331,-0.12753001909533757,-0.11511007942500662,27
KOSDAQ150,202406,FULL,false_in,403490,0.029661016949152463,0.012802934612708192,0.025222874283039154,27
KOSDAQ150,202406,FULL,false_in,291230,-0.08921933085501854,-0.10607741319146281,-0.09365747352113185,27
KOSDAQ150,202406,FULL,false_in,046070,0.0,-0.01685808233644427,-0.004438142666113309,27
KOSDAQ150,202406,FULL,false_in,031860,-0.27714285714285714,-0.2940009394793014,-0.28158099980897044,27
KOSDAQ150,202406,FULL,false_in,105550,0.2170900692840647,0.20023198694762046,0.2126519266179514,27
KOSDAQ150,202406,FULL,false_in,016790,0.0,-0.01685808233644427,-0.004438142666113309,27
KOSDAQ150,202406,FULL,false_in,207760,0.08884688090737236,0.07198879857092809,0.08440873824125905,27
KOSDAQ150,202406,FULL,false_in,348080,-0.17543726235741441,-0.19229534469385867,-0.17987540502352772,27
KOSDAQ150,202406,FULL,false_in,035890,-0.021532846715328513,-0.038390929051772785,-0.025970989381441822,27
KOSDAQ150,202406,FULL,false_in,090150,-0.005063291139240533,-0.021921373475684805,-0.009501433805353843,27
KOSDAQ150,202406,FULL,false_in,067390,-0.2549800796812749,-0.27183816201771915,-0.2594182223473882,27
KOSDAQ150,202406,FULL,false_in,214680,-0.025132275132275117,-0.04199035746871939,-0.029570417798388426,27
KOSDAQ150,202406,FULL,false_in,950160,0.17671009771986967,0.15985201538342542,0.17227195505375636,27
KOSDAQ150,202406,FULL,false_in,021880,0.032352941176470695,0.015494858840026424,0.027914798510357386,27
KOSDAQ150,202406,FULL,false_in,019570,-0.1959183673469388,-0.21277644968338305,-0.2003565100130521,27
KOSDAQ150,202406,FULL,false_in,033170,-0.17727025557368137,-0.19412833791012563,-0.18170839823979468,27
KOSDAQ150,202406,FULL,false_in,049080,-0.08323424494649223,-0.1000923272829365,-0.08767238761260554,27
KOSDAQ150,202406,FULL,false_in,378800,-0.033830275229357776,-0.05068835756580205,-0.038268417895471085,27
KOSDAQ150,202406,FULL,false_in,101730,-0.08510638297872342,-0.10196446531516769,-0.08954452564483673,27
KOSDAQ150,202406,FULL,false_in,290690,-0.4054621848739496,-0.42232026721039384,-0.4099003275400629,27
KOSDAQ150,202406,FULL,false_in,140410,0.0877659574468086,0.07090787511036432,0.08332781478069529,27
KOSDAQ150,202406,FULL,false_in,047920,-0.37191358024691357,-0.3887716625833578,-0.3763517229130269,27
KOSDAQ150,202406,FULL,miss_in,417200,0.0926640926640927,0.07580601032764843,0.08822594999797939,27
KOSDAQ150,202406,FULL,pred_out,118990,-0.11028917283120376,-0.12714725516764802,-0.11472731549731707,27
KOSDAQ150,202406,FULL,pred_out,035600,-0.05788590604026844,-0.07474398837671271,-0.06232404870638175,27
KOSDAQ150,202406,FULL,pred_out,042600,-0.02358490566037741,-0.04044298799682168,-0.028023048326490718,27
KOSDAQ150,202406,FULL,pred_out,294090,1.6009488666315232,1.5840907842950789,1.59651072396541,27
KOSDAQ150,202406,FULL,pred_out,230240,-0.10366624525916557,-0.12052432759560984,-0.10810438792527888,27
KOSDAQ150,202406,FULL,pred_out,033290,-0.11459968602825743,-0.1314577683647017,-0.11903782869437074,27
KOSDAQ150,202406,FULL,pred_out,095700,-0.10403120936280885,-0.12088929169925312,-0.10846935202892216,27
KOSDAQ150,202406,FULL,pred_out,445680,-0.2504104012082211,-0.26726848354466537,-0.2548485438743344,27
KOSDAQ150,202406,FULL,pred_out,460930,-0.10690287110568109,-0.12376095344212536,-0.1113410137717944,27
KOSDAQ150,202406,FULL,pred_out,073570,-0.24906067631305462,-0.2659187586494989,-0.25349881897916793,27
KOSDAQ150,202406,FULL,pred_out,041960,0.013221153846153744,-0.003636928490290528,0.008783011180040434,27
KOSDAQ150,202406,FULL,pred_out,025770,-0.03950338600451464,-0.05636146834095891,-0.04394152867062795,27
KOSDAQ150,202406,FULL,pred_out,080160,-0.07244655581947745,-0.08930463815592173,-0.07688469848559076,27
KOSDAQ150,202406,FULL,pred_out,267980,0.05153374233128827,0.034675659994843996,0.04709559966517496,27
KOSDAQ150,202406,FULL,pred_out,060720,-0.08382449246889323,-0.1006825748053375,-0.08826263513500654,27
KOSDAQ150,202406,FULL,pred_out,089980,0.01848049281314168,0.0016224104766974085,0.01404235014702837,27
KOSDAQ150,202406,FULL,pred_out,086390,0.018118466898954688,0.0012603845625104165,0.013680324232841379,27
KOSDAQ150,202406,FULL,pred_out,298540,-0.013352073085031613,-0.030210155421475884,-0.017790215751144922,27
KOSDAQ150,202406,FULL,pred_out,053030,0.022447501810282322,0.00558941947383805,0.018009359144169013,27
KOSDAQ150,202406,FULL,act_out,080160,-0.07244655581947745,-0.08930463815592173,-0.07688469848559076,27
KOSDAQ150,202406,FULL,act_out,061970,-0.0904925544100802,-0.10735063674652447,-0.0949306970761935,27
KOSDAQ150,202406,FULL,act_out,042600,-0.02358490566037741,-0.04044298799682168,-0.028023048326490718,27
KOSDAQ150,202406,FULL,act_out,101670,-0.024557956777996104,-0.041416039114440376,-0.028996099444109413,27
KOSDAQ150,202406,FULL,act_out,294090,1.6009488666315232,1.5840907842950789,1.59651072396541,27
KOSDAQ150,202406,FULL,act_out,230240,-0.10366624525916557,-0.12052432759560984,-0.10810438792527888,27
KOSDAQ150,202406,FULL,act_out,073570,-0.24906067631305462,-0.2659187586494989,-0.25349881897916793,27
KOSDAQ150,202406,FULL,act_out,298540,-0.013352073085031613,-0.030210155421475884,-0.017790215751144922,27
KOSDAQ150,202406,FULL,act_out,033290,-0.11459968602825743,-0.1314577683647017,-0.11903782869437074,27
KOSDAQ150,202406,FULL,act_out,041960,0.013221153846153744,-0.003636928490290528,0.008783011180040434,27
KOSDAQ150,202406,FULL,act_out,095700,-0.10403120936280885,-0.12088929169925312,-0.10846935202892216,27
KOSDAQ150,202406,FULL,act_out,086390,0.018118466898954688,0.0012603845625104165,0.013680324232841379,27
KOSDAQ150,202406,FULL,act_out,089980,0.01848049281314168,0.0016224104766974085,0.01404235014702837,27
KOSDAQ150,202412,W1,pred_in,300120,-0.16343283582089552,-0.10164997218700572,-0.097072503882071,14
KOSDAQ150,202412,W1,pred_in,200230,-0.06225568264079917,-0.00047281900690937517,0.004104649298025342,14
KOSDAQ150,202412,W1,pred_in,199800,-0.2998251748251748,-0.238042311191285,-0.23346484288635028,14
KOSDAQ150,202412,W1,pred_in,225190,0.21655104063429143,0.2783339042681812,0.28291137257311594,14
KOSDAQ150,202412,W1,pred_in,099220,-0.16323165704863973,-0.10144879341474994,-0.09687132510981522,14
KOSDAQ150,202412,W1,pred_in,024850,-0.10624999999999996,-0.04446713636611016,-0.03988966806117544,14
KOSDAQ150,202412,W1,pred_in,033790,-0.2515413070283601,-0.1897584433944703,-0.18518097508953557,14
KOSDAQ150,202412,W1,pred_in,082850,-0.1710362047440699,-0.10925334111018009,-0.10467587280524537,14
KOSDAQ150,202412,W1,pred_in,277410,-0.03155522163786628,0.030227641996023513,0.03480511030095823,14
KOSDAQ150,202412,W1,pred_in,376930,-0.2500924898261191,-0.1883096261922293,-0.18373215788729458,14
KOSDAQ150,202412,W1,pred_in,009730,-0.2573346406214647,-0.19555177698757492,-0.1909743086826402,14
KOSDAQ150,202412,W1,pred_in,440110,-0.14733059548254623,-0.08554773184865644,-0.08097026354372172,14
KOSDAQ150,202412,W1,pred_in,237880,-0.20877598152424948,-0.14699311789035968,-0.14241564958542496,14
KOSDAQ150,202412,W1,pred_in,232140,-0.18867924528301883,-0.12689638164912903,-0.12231891334419431,14
KOSDAQ150,202412,W1,pred_in,171090,0.017772511848341166,0.07955537548223096,0.08413284378716568,14
KOSDAQ150,202412,W1,pred_in,317330,-0.23697270471464016,-0.17518984108075036,-0.17061237277581565,14
KOSDAQ150,202412,W1,pred_in,060570,-0.16716417910447756,-0.10538131547058777,-0.10080384716565305,14
KOSDAQ150,202412,W1,pred_in,067630,0.153225806451613,0.21500867008550278,0.2195861383904375,14
KOSDAQ150,202412,W1,pred_in,084650,-0.23587570621468923,-0.17409284258079943,-0.16951537427586472,14
KOSDAQ150,202412,W1,pred_in,044480,-0.05667276051188297,0.005110103122006826,0.009687571426941544,14
KOSDAQ150,202412,W1,pred_in,060230,0.15912557193695975,0.22090843557084955,0.22548590387578427,14
KOSDAQ150,202412,W1,pred_in,065350,0.17960602549246807,0.24138888912635786,0.24596635743129258,14
KOSDAQ150,202412,W1,pred_in,032860,-0.13320337881741395,-0.07142051518352416,-0.06684304687858944,14
KOSDAQ150,202412,W1,pred_in,179900,0.08463251670378624,0.14641538033767604,0.15099284864261076,14
KOSDAQ150,202412,W1,pred_in,291230,-0.038277511961722466,0.02350535167216733,0.028082819977102047,14
KOSDAQ150,202412,W1,pred_in,105550,0.3584158415841585,0.4201987052180483,0.424776173522983,14
KOSDAQ150,202412,W1,pred_in,060370,-0.19252380209146247,-0.13074093845757268,-0.12616347015263796,14
KOSDAQ150,202412,W1,pred_in,207760,-0.10362694300518138,-0.04184407937129159,-0.03726661106635687,14
KOSDAQ150,202412,W1,pred_in,051980,-0.18674698795180722,-0.12496412431791742,-0.1203866560129827,14
KOSDAQ150,202412,W1,pred_in,035890,0.002888086642599319,0.06467095027648911,0.06924841858142383,14
KOSDAQ150,202412,W1,pred_in,348080,-0.21805591847400052,-0.15627305484011073,-0.151695586535176,14
KOSDAQ150,202412,W1,pred_in,166480,-0.08924876293297346,-0.027465899299083663,-0.022888430994148945,14
KOSDAQ150,202412,W1,pred_in,067390,-0.028517110266159662,0.03326575336773013,0.03784322167266485,14
KOSDAQ150,202412,W1,pred_in,214680,-0.10169491525423724,-0.039912051620347444,-0.035334583315412726,14
KOSDAQ150,202412,W1,pred_in,950160,0.035031847133758065,0.09681471076764786,0.10139217907258258,14
KOSDAQ150,202412,W1,pred_in,042000,0.2426160337552743,0.3043988973891641,0.3089763656940988,14
KOSDAQ150,202412,W1,pred_in,021880,-0.06514657980456029,-0.0033637161706704943,0.0012137521342642232,14
KOSDAQ150,202412,W1,pred_in,033170,-0.15208333333333335,-0.09030046969944355,-0.08572300139450884,14
KOSDAQ150,202412,W1,pred_in,049080,-0.08345534407027821,-0.02167248043638842,-0.017095012131453702,14
KOSDAQ150,202412,W1,pred_in,378800,-0.06053026513256632,0.0012525985013234764,0.005830066806258194,14
KOSDAQ150,202412,W1,pred_in,340570,-0.07175572519083973,-0.00997286155694993,-0.005395393252015213,14
KOSDAQ150,202412,W1,pred_in,101730,-0.08324768756423429,-0.02146482393034449,-0.016887355625409772,14
KOSDAQ150,202412,W1,pred_in,290690,0.02948113207547176,0.09126399570936156,0.09584146401429627,14
KOSDAQ150,202412,W1,pred_in,140410,-0.05757575757575761,0.004207106058132182,0.0087845743630669,14
KOSDAQ150,202412,W1,pred_in,047920,0.15282919090428337,0.21461205453817317,0.2191895228431079,14
KOSDAQ150,202412,W1,act_in,042000,0.2426160337552743,0.3043988973891641,0.3089763656940988,14
KOSDAQ150,202412,W1,act_in,171090,0.017772511848341166,0.07955537548223096,0.08413284378716568,14
KOSDAQ150,202412,W1,act_in,065350,0.17960602549246807,0.24138888912635786,0.24596635743129258,14
KOSDAQ150,202412,W1,act_in,253590,-0.13477088948787064,-0.07298802585398084,-0.06841055754904612,14
KOSDAQ150,202412,W1,act_in,317330,-0.23697270471464016,-0.17518984108075036,-0.17061237277581565,14
KOSDAQ150,202412,W1,act_in,232140,-0.18867924528301883,-0.12689638164912903,-0.12231891334419431,14
KOSDAQ150,202412,W1,act_in,114840,-0.020464601769911495,0.0413182618639783,0.04589573016891302,14
KOSDAQ150,202412,W1,hit,042000,0.2426160337552743,0.3043988973891641,0.3089763656940988,14
KOSDAQ150,202412,W1,hit,065350,0.17960602549246807,0.24138888912635786,0.24596635743129258,14
KOSDAQ150,202412,W1,hit,317330,-0.23697270471464016,-0.17518984108075036,-0.17061237277581565,14
KOSDAQ150,202412,W1,hit,232140,-0.18867924528301883,-0.12689638164912903,-0.12231891334419431,14
KOSDAQ150,202412,W1,hit,171090,0.017772511848341166,0.07955537548223096,0.08413284378716568,14
KOSDAQ150,202412,W1,false_in,300120,-0.16343283582089552,-0.10164997218700572,-0.097072503882071,14
KOSDAQ150,202412,W1,false_in,200230,-0.06225568264079917,-0.00047281900690937517,0.004104649298025342,14
KOSDAQ150,202412,W1,false_in,199800,-0.2998251748251748,-0.238042311191285,-0.23346484288635028,14
KOSDAQ150,202412,W1,false_in,225190,0.21655104063429143,0.2783339042681812,0.28291137257311594,14
KOSDAQ150,202412,W1,false_in,099220,-0.16323165704863973,-0.10144879341474994,-0.09687132510981522,14
KOSDAQ150,202412,W1,false_in,024850,-0.10624999999999996,-0.04446713636611016,-0.03988966806117544,14
KOSDAQ150,202412,W1,false_in,033790,-0.2515413070283601,-0.1897584433944703,-0.18518097508953557,14
KOSDAQ150,202412,W1,false_in,082850,-0.1710362047440699,-0.10925334111018009,-0.10467587280524537,14
KOSDAQ150,202412,W1,false_in,277410,-0.03155522163786628,0.030227641996023513,0.03480511030095823,14
KOSDAQ150,202412,W1,false_in,376930,-0.2500924898261191,-0.1883096261922293,-0.18373215788729458,14
KOSDAQ150,202412,W1,false_in,009730,-0.2573346406214647,-0.19555177698757492,-0.1909743086826402,14
KOSDAQ150,202412,W1,false_in,440110,-0.14733059548254623,-0.08554773184865644,-0.08097026354372172,14
KOSDAQ150,202412,W1,false_in,237880,-0.20877598152424948,-0.14699311789035968,-0.14241564958542496,14
KOSDAQ150,202412,W1,false_in,060570,-0.16716417910447756,-0.10538131547058777,-0.10080384716565305,14
KOSDAQ150,202412,W1,false_in,067630,0.153225806451613,0.21500867008550278,0.2195861383904375,14
KOSDAQ150,202412,W1,false_in,084650,-0.23587570621468923,-0.17409284258079943,-0.16951537427586472,14
KOSDAQ150,202412,W1,false_in,044480,-0.05667276051188297,0.005110103122006826,0.009687571426941544,14
KOSDAQ150,202412,W1,false_in,060230,0.15912557193695975,0.22090843557084955,0.22548590387578427,14
KOSDAQ150,202412,W1,false_in,032860,-0.13320337881741395,-0.07142051518352416,-0.06684304687858944,14
KOSDAQ150,202412,W1,false_in,179900,0.08463251670378624,0.14641538033767604,0.15099284864261076,14
KOSDAQ150,202412,W1,false_in,291230,-0.038277511961722466,0.02350535167216733,0.028082819977102047,14
KOSDAQ150,202412,W1,false_in,105550,0.3584158415841585,0.4201987052180483,0.424776173522983,14
KOSDAQ150,202412,W1,false_in,060370,-0.19252380209146247,-0.13074093845757268,-0.12616347015263796,14
KOSDAQ150,202412,W1,false_in,207760,-0.10362694300518138,-0.04184407937129159,-0.03726661106635687,14
KOSDAQ150,202412,W1,false_in,051980,-0.18674698795180722,-0.12496412431791742,-0.1203866560129827,14
KOSDAQ150,202412,W1,false_in,035890,0.002888086642599319,0.06467095027648911,0.06924841858142383,14
KOSDAQ150,202412,W1,false_in,348080,-0.21805591847400052,-0.15627305484011073,-0.151695586535176,14
KOSDAQ150,202412,W1,false_in,166480,-0.08924876293297346,-0.027465899299083663,-0.022888430994148945,14
KOSDAQ150,202412,W1,false_in,067390,-0.028517110266159662,0.03326575336773013,0.03784322167266485,14
KOSDAQ150,202412,W1,false_in,214680,-0.10169491525423724,-0.039912051620347444,-0.035334583315412726,14
KOSDAQ150,202412,W1,false_in,950160,0.035031847133758065,0.09681471076764786,0.10139217907258258,14
KOSDAQ150,202412,W1,false_in,021880,-0.06514657980456029,-0.0033637161706704943,0.0012137521342642232,14
KOSDAQ150,202412,W1,false_in,033170,-0.15208333333333335,-0.09030046969944355,-0.08572300139450884,14
KOSDAQ150,202412,W1,false_in,049080,-0.08345534407027821,-0.02167248043638842,-0.017095012131453702,14
KOSDAQ150,202412,W1,false_in,378800,-0.06053026513256632,0.0012525985013234764,0.005830066806258194,14
KOSDAQ150,202412,W1,false_in,340570,-0.07175572519083973,-0.00997286155694993,-0.005395393252015213,14
KOSDAQ150,202412,W1,false_in,101730,-0.08324768756423429,-0.02146482393034449,-0.016887355625409772,14
KOSDAQ150,202412,W1,false_in,290690,0.02948113207547176,0.09126399570936156,0.09584146401429627,14
KOSDAQ150,202412,W1,false_in,140410,-0.05757575757575761,0.004207106058132182,0.0087845743630669,14
KOSDAQ150,202412,W1,false_in,047920,0.15282919090428337,0.21461205453817317,0.2191895228431079,14
KOSDAQ150,202412,W1,miss_in,253590,-0.13477088948787064,-0.07298802585398084,-0.06841055754904612,14
KOSDAQ150,202412,W1,miss_in,114840,-0.020464601769911495,0.0413182618639783,0.04589573016891302,14
KOSDAQ150,202412,W1,pred_out,118990,0.14919354838709675,0.21097641202098655,0.21555388032592127,14
KOSDAQ150,202412,W1,pred_out,218410,0.12710437710437716,0.18888724073826696,0.19346470904320168,14
KOSDAQ150,202412,W1,pred_out,060250,0.02384291725105192,0.08562578088494172,0.09020324918987643,14
KOSDAQ150,202412,W1,pred_out,299030,-0.2557319223985891,-0.1939490587646993,-0.1893715904597646,14
KOSDAQ150,202412,W1,pred_out,425040,-0.15443592552026286,-0.09265306188637307,-0.08807559358143835,14
KOSDAQ150,202412,W1,pred_out,267980,-0.023407022106632036,0.03837584152725776,0.04295330983219248,14
KOSDAQ150,202412,W1,pred_out,035600,-0.004376367614879695,0.0574064960190101,0.06198396432394482,14
KOSDAQ150,202412,W1,pred_out,033640,-0.1838046272493573,-0.12202176361546752,-0.1174442953105328,14
KOSDAQ150,202412,W1,pred_out,323990,-0.07987470634299143,-0.018091842709101635,-0.013514374404166918,14
KOSDAQ150,202412,W1,pred_out,360070,-0.10230547550432278,-0.04052261187043299,-0.03594514356549827,14
KOSDAQ150,202412,W1,pred_out,114190,-0.1532322426177175,-0.09144937898382771,-0.086871910678893,14
KOSDAQ150,202412,W1,pred_out,053610,-0.25609756097560976,-0.19431469734171997,-0.18973722903678525,14
KOSDAQ150,202412,W1,pred_out,025770,0.00990099009900991,0.0716838537328997,0.07626132203783442,14
KOSDAQ150,202412,W1,pred_out,060720,-0.06345733041575496,-0.0016744667818651693,0.0029030015230695483,14
KOSDAQ150,202412,W1,act_out,299030,-0.2557319223985891,-0.1939490587646993,-0.1893715904597646,14
KOSDAQ150,202412,W1,act_out,323990,-0.07987470634299143,-0.018091842709101635,-0.013514374404166918,14
KOSDAQ150,202412,W1,act_out,360070,-0.10230547550432278,-0.04052261187043299,-0.03594514356549827,14
KOSDAQ150,202412,W1,act_out,114190,-0.1532322426177175,-0.09144937898382771,-0.086871910678893,14
KOSDAQ150,202412,W1,act_out,043150,-0.11159737417943105,-0.04981451054554126,-0.04523704224060654,14
KOSDAQ150,202412,W1,act_out,025770,0.00990099009900991,0.0716838537328997,0.07626132203783442,14
KOSDAQ150,202412,W1,act_out,060720,-0.06345733041575496,-0.0016744667818651693,0.0029030015230695483,14
KOSDAQ150,202412,W1,act_out,215600,0.0019607843137254832,0.06374364794761528,0.06832111625255,14
KOSDAQ150,202412,W2,pred_in,300120,-0.02977232924693518,-0.03192127830413342,-0.0391370358243861,14
KOSDAQ150,202412,W2,pred_in,200230,0.08551835417507059,0.08336940511787234,0.07615364759761967,14
KOSDAQ150,202412,W2,pred_in,199800,0.014705882352941124,0.012556933295742888,0.005341175775490203,14
KOSDAQ150,202412,W2,pred_in,225190,0.07755102040816331,0.07540207135096506,0.06818631383071239,14
KOSDAQ150,202412,W2,pred_in,099220,0.19999999999999996,0.19785105094280173,0.19063529342254903,14
KOSDAQ150,202412,W2,pred_in,024850,-0.17345132743362834,-0.17560027649082657,-0.18281603401107926,14
KOSDAQ150,202412,W2,pred_in,033790,0.0117056856187292,0.009556736561530964,0.0023409790412782794,14
KOSDAQ150,202412,W2,pred_in,082850,-0.12283464566929136,-0.12498359472648961,-0.13219935224674229,14
KOSDAQ150,202412,W2,pred_in,277410,0.010054137664346374,0.007905188607148138,0.0006894310868954534,14
KOSDAQ150,202412,W2,pred_in,376930,0.4442829457364341,0.44213399667923586,0.4349182391589832,14
KOSDAQ150,202412,W2,pred_in,009730,-0.08668572595466617,-0.08883467501186441,-0.09605043253211709,14
KOSDAQ150,202412,W2,pred_in,440110,-0.045074050225370255,-0.04722299928256849,-0.054438756802821175,14
KOSDAQ150,202412,W2,pred_in,237880,-0.00801373783629078,-0.010162686893489016,-0.0173784444137417,14
KOSDAQ150,202412,W2,pred_in,232140,-0.030784508440913627,-0.032933457498111864,-0.04014921501836455,14
KOSDAQ150,202412,W2,pred_in,171090,-0.005482456140350922,-0.007631405197549158,-0.014847162717801843,14
KOSDAQ150,202412,W2,pred_in,317330,0.0976744186046512,0.09552546954745296,0.08830971202720028,14
KOSDAQ150,202412,W2,pred_in,060570,-0.03522388059701498,-0.037372829654213215,-0.0445885871744659,14
KOSDAQ150,202412,W2,pred_in,067630,-0.076171875,-0.07832082405719824,-0.08553658157745092,14
KOSDAQ150,202412,W2,pred_in,084650,-0.026615969581749055,-0.02876491863894729,-0.035980676159199976,14
KOSDAQ150,202412,W2,pred_in,044480,-0.04950495049504955,-0.051653899552247785,-0.05886965707250047,14
KOSDAQ150,202412,W2,pred_in,060230,0.010190518387239722,0.008041569330041486,0.0008258118097888012,14
KOSDAQ150,202412,W2,pred_in,065350,0.526936026936027,0.5247870778788288,0.5175713203585761,14
KOSDAQ150,202412,W2,pred_in,032860,0.04621212121212115,0.04406317215492291,0.03684741463467023,14
KOSDAQ150,202412,W2,pred_in,179900,-0.10084033613445376,-0.102989285191652,-0.11020504271190468,14
KOSDAQ150,202412,W2,pred_in,291230,0.03731343283582089,0.035164483778622656,0.02794872625836997,14
KOSDAQ150,202412,W2,pred_in,105550,-0.2574123989218329,-0.25956134797903113,-0.2667771054992838,14
KOSDAQ150,202412,W2,pred_in,060370,0.21311316172899475,0.21096421267179652,0.20374845515154383,14
KOSDAQ150,202412,W2,pred_in,207760,-0.018151815181518205,-0.02030076423871644,-0.027516521758969126,14
KOSDAQ150,202412,W2,pred_in,051980,-0.054565701559020074,-0.05671465061621831,-0.063930408136471,14
KOSDAQ150,202412,W2,pred_in,035890,0.14758819294456438,0.14543924388736615,0.13822348636711346,14
KOSDAQ150,202412,W2,pred_in,348080,-0.1652015259578703,-0.16735047501506853,-0.17456623253532122,14
KOSDAQ150,202412,W2,pred_in,166480,0.04261594792514245,0.040466998867944214,0.03325124134769153,14
KOSDAQ150,202412,W2,pred_in,067390,0.0059880239520957446,0.0038390748948975077,-0.0033766826253551763,14
KOSDAQ150,202412,W2,pred_in,214680,-0.07086614173228345,-0.0730150907894817,-0.08023084830973437,14
KOSDAQ150,202412,W2,pred_in,950160,0.5302267002518892,0.528077751194691,0.5208619936744383,14
KOSDAQ150,202412,W2,pred_in,042000,0.20197044334975378,0.19982149429255555,0.19260573677230286,14
KOSDAQ150,202412,W2,pred_in,021880,-0.010526315789473717,-0.012675264846671953,-0.019891022366924638,14
KOSDAQ150,202412,W2,pred_in,033170,-0.017326732673267342,-0.01947568173046558,-0.026691439250718263,14
KOSDAQ150,202412,W2,pred_in,049080,-0.13738019169329074,-0.13952914075048897,-0.14674489827074166,14
KOSDAQ150,202412,W2,pred_in,378800,-0.1935758953951109,-0.19572484445230912,-0.2029406019725618,14
KOSDAQ150,202412,W2,pred_in,340570,0.004909983633387904,0.0027610345761896675,-0.0044547229440630165,14
KOSDAQ150,202412,W2,pred_in,101730,-0.0432372505543237,-0.04538619961152194,-0.052601957131774624,14
KOSDAQ150,202412,W2,pred_in,290690,-0.03935185185185186,-0.041500800909050096,-0.04871655842930278,14
KOSDAQ150,202412,W2,pred_in,140410,-0.06299212598425197,-0.06514107504145021,-0.07235683256170289,14
KOSDAQ150,202412,W2,pred_in,047920,-0.10126582278481011,-0.10341477184200835,-0.11063052936226103,14
KOSDAQ150,202412,W2,act_in,042000,0.20197044334975378,0.19982149429255555,0.19260573677230286,14
KOSDAQ150,202412,W2,act_in,171090,-0.005482456140350922,-0.007631405197549158,-0.014847162717801843,14
KOSDAQ150,202412,W2,act_in,065350,0.526936026936027,0.5247870778788288,0.5175713203585761,14
KOSDAQ150,202412,W2,act_in,253590,-0.07586206896551728,-0.07801101802271553,-0.0852267755429682,14
KOSDAQ150,202412,W2,act_in,317330,0.0976744186046512,0.09552546954745296,0.08830971202720028,14
KOSDAQ150,202412,W2,act_in,232140,-0.030784508440913627,-0.032933457498111864,-0.04014921501836455,14
KOSDAQ150,202412,W2,act_in,114840,0.09095688748685604,0.0888079384296578,0.08159218090940512,14
KOSDAQ150,202412,W2,hit,042000,0.20197044334975378,0.19982149429255555,0.19260573677230286,14
KOSDAQ150,202412,W2,hit,065350,0.526936026936027,0.5247870778788288,0.5175713203585761,14
KOSDAQ150,202412,W2,hit,317330,0.0976744186046512,0.09552546954745296,0.08830971202720028,14
KOSDAQ150,202412,W2,hit,232140,-0.030784508440913627,-0.032933457498111864,-0.04014921501836455,14
KOSDAQ150,202412,W2,hit,171090,-0.005482456140350922,-0.007631405197549158,-0.014847162717801843,14
KOSDAQ150,202412,W2,false_in,300120,-0.02977232924693518,-0.03192127830413342,-0.0391370358243861,14
KOSDAQ150,202412,W2,false_in,200230,0.08551835417507059,0.08336940511787234,0.07615364759761967,14
KOSDAQ150,202412,W2,false_in,199800,0.014705882352941124,0.012556933295742888,0.005341175775490203,14
KOSDAQ150,202412,W2,false_in,225190,0.07755102040816331,0.07540207135096506,0.06818631383071239,14
KOSDAQ150,202412,W2,false_in,099220,0.19999999999999996,0.19785105094280173,0.19063529342254903,14
KOSDAQ150,202412,W2,false_in,024850,-0.17345132743362834,-0.17560027649082657,-0.18281603401107926,14
KOSDAQ150,202412,W2,false_in,033790,0.0117056856187292,0.009556736561530964,0.0023409790412782794,14
KOSDAQ150,202412,W2,false_in,082850,-0.12283464566929136,-0.12498359472648961,-0.13219935224674229,14
KOSDAQ150,202412,W2,false_in,277410,0.010054137664346374,0.007905188607148138,0.0006894310868954534,14
KOSDAQ150,202412,W2,false_in,376930,0.4442829457364341,0.44213399667923586,0.4349182391589832,14
KOSDAQ150,202412,W2,false_in,009730,-0.08668572595466617,-0.08883467501186441,-0.09605043253211709,14
KOSDAQ150,202412,W2,false_in,440110,-0.045074050225370255,-0.04722299928256849,-0.054438756802821175,14
KOSDAQ150,202412,W2,false_in,237880,-0.00801373783629078,-0.010162686893489016,-0.0173784444137417,14
KOSDAQ150,202412,W2,false_in,060570,-0.03522388059701498,-0.037372829654213215,-0.0445885871744659,14
KOSDAQ150,202412,W2,false_in,067630,-0.076171875,-0.07832082405719824,-0.08553658157745092,14
KOSDAQ150,202412,W2,false_in,084650,-0.026615969581749055,-0.02876491863894729,-0.035980676159199976,14
KOSDAQ150,202412,W2,false_in,044480,-0.04950495049504955,-0.051653899552247785,-0.05886965707250047,14
KOSDAQ150,202412,W2,false_in,060230,0.010190518387239722,0.008041569330041486,0.0008258118097888012,14
KOSDAQ150,202412,W2,false_in,032860,0.04621212121212115,0.04406317215492291,0.03684741463467023,14
KOSDAQ150,202412,W2,false_in,179900,-0.10084033613445376,-0.102989285191652,-0.11020504271190468,14
KOSDAQ150,202412,W2,false_in,291230,0.03731343283582089,0.035164483778622656,0.02794872625836997,14
KOSDAQ150,202412,W2,false_in,105550,-0.2574123989218329,-0.25956134797903113,-0.2667771054992838,14
KOSDAQ150,202412,W2,false_in,060370,0.21311316172899475,0.21096421267179652,0.20374845515154383,14
KOSDAQ150,202412,W2,false_in,207760,-0.018151815181518205,-0.02030076423871644,-0.027516521758969126,14
KOSDAQ150,202412,W2,false_in,051980,-0.054565701559020074,-0.05671465061621831,-0.063930408136471,14
KOSDAQ150,202412,W2,false_in,035890,0.14758819294456438,0.14543924388736615,0.13822348636711346,14
KOSDAQ150,202412,W2,false_in,348080,-0.1652015259578703,-0.16735047501506853,-0.17456623253532122,14
KOSDAQ150,202412,W2,false_in,166480,0.04261594792514245,0.040466998867944214,0.03325124134769153,14
KOSDAQ150,202412,W2,false_in,067390,0.0059880239520957446,0.0038390748948975077,-0.0033766826253551763,14
KOSDAQ150,202412,W2,false_in,214680,-0.07086614173228345,-0.0730150907894817,-0.08023084830973437,14
KOSDAQ150,202412,W2,false_in,950160,0.5302267002518892,0.528077751194691,0.5208619936744383,14
KOSDAQ150,202412,W2,false_in,021880,-0.010526315789473717,-0.012675264846671953,-0.019891022366924638,14
KOSDAQ150,202412,W2,false_in,033170,-0.017326732673267342,-0.01947568173046558,-0.026691439250718263,14
KOSDAQ150,202412,W2,false_in,049080,-0.13738019169329074,-0.13952914075048897,-0.14674489827074166,14
KOSDAQ150,202412,W2,false_in,378800,-0.1935758953951109,-0.19572484445230912,-0.2029406019725618,14
KOSDAQ150,202412,W2,false_in,340570,0.004909983633387904,0.0027610345761896675,-0.0044547229440630165,14
KOSDAQ150,202412,W2,false_in,101730,-0.0432372505543237,-0.04538619961152194,-0.052601957131774624,14
KOSDAQ150,202412,W2,false_in,290690,-0.03935185185185186,-0.041500800909050096,-0.04871655842930278,14
KOSDAQ150,202412,W2,false_in,140410,-0.06299212598425197,-0.06514107504145021,-0.07235683256170289,14
KOSDAQ150,202412,W2,false_in,047920,-0.10126582278481011,-0.10341477184200835,-0.11063052936226103,14
KOSDAQ150,202412,W2,miss_in,253590,-0.07586206896551728,-0.07801101802271553,-0.0852267755429682,14
KOSDAQ150,202412,W2,miss_in,114840,0.09095688748685604,0.0888079384296578,0.08159218090940512,14
KOSDAQ150,202412,W2,pred_out,118990,-0.16140350877192977,-0.163552457829128,-0.1707682153493807,14
KOSDAQ150,202412,W2,pred_out,218410,-0.12481644640234946,-0.1269653954595477,-0.13418115297980038,14
KOSDAQ150,202412,W2,pred_out,060250,0.11111111111111116,0.10896216205391292,0.10174640453366024,14
KOSDAQ150,202412,W2,pred_out,299030,-0.14941995359628768,-0.1515689026534859,-0.1587846601737386,14
KOSDAQ150,202412,W2,pred_out,425040,-0.025575447570332477,-0.027724396627530713,-0.0349401541477834,14
KOSDAQ150,202412,W2,pred_out,267980,-0.09174311926605505,-0.0938920683232533,-0.10110782584350597,14
KOSDAQ150,202412,W2,pred_out,035600,0.02717391304347827,0.025024963986280034,0.01780920646602735,14
KOSDAQ150,202412,W2,pred_out,033640,0.016845329249617125,0.014696380192418888,0.007480622672166204,14
KOSDAQ150,202412,W2,pred_out,323990,-0.11576354679802958,-0.11791249585522783,-0.1251282533754805,14
KOSDAQ150,202412,W2,pred_out,360070,-0.13344051446945338,-0.1355894635266516,-0.1428052210469043,14
KOSDAQ150,202412,W2,pred_out,114190,-0.08945386064030136,-0.09160280969749961,-0.09881856721775228,14
KOSDAQ150,202412,W2,pred_out,053610,-0.08467741935483875,-0.08682636841203699,-0.09404212593228967,14
KOSDAQ150,202412,W2,pred_out,025770,-0.07579462102689483,-0.07794357008409307,-0.08515932760434575,14
KOSDAQ150,202412,W2,pred_out,060720,-0.08654970760233915,-0.0886986566595374,-0.09591441417979008,14
KOSDAQ150,202412,W2,act_out,299030,-0.14941995359628768,-0.1515689026534859,-0.1587846601737386,14
KOSDAQ150,202412,W2,act_out,323990,-0.11576354679802958,-0.11791249585522783,-0.1251282533754805,14
KOSDAQ150,202412,W2,act_out,360070,-0.13344051446945338,-0.1355894635266516,-0.1428052210469043,14
KOSDAQ150,202412,W2,act_out,114190,-0.08945386064030136,-0.09160280969749961,-0.09881856721775228,14
KOSDAQ150,202412,W2,act_out,043150,-0.04656862745098034,-0.048717576508178574,-0.05593333402843126,14
KOSDAQ150,202412,W2,act_out,025770,-0.07579462102689483,-0.07794357008409307,-0.08515932760434575,14
KOSDAQ150,202412,W2,act_out,060720,-0.08654970760233915,-0.0886986566595374,-0.09591441417979008,14
KOSDAQ150,202412,W2,act_out,215600,-0.009615384615384581,-0.011764333672582818,-0.018980091192835502,14
KOSDAQ150,202412,W3,pred_in,300120,0.16651624548736454,0.09162546176388055,0.11575162999018174,20
KOSDAQ150,202412,W3,pred_in,200230,-0.19353400222965444,-0.26842478595313846,-0.24429861772683725,20
KOSDAQ150,202412,W3,pred_in,199800,-0.022946859903381633,-0.09783764362686563,-0.07371147540056444,20
KOSDAQ150,202412,W3,pred_in,225190,-0.07348484848484849,-0.1483756322083325,-0.1242494639820313,20
KOSDAQ150,202412,W3,pred_in,099220,-0.018333333333333313,-0.09322411705681731,-0.06909794883051612,20
KOSDAQ150,202412,W3,pred_in,024850,0.145610278372591,0.070719494649107,0.09484566287540819,20
KOSDAQ150,202412,W3,pred_in,033790,-0.1958677685950413,-0.2707585523185253,-0.2466323840922241,20
KOSDAQ150,202412,W3,pred_in,082850,-0.0017953321364452268,-0.07668611585992922,-0.052559947633628035,20
KOSDAQ150,202412,W3,pred_in,277410,0.004594180704440953,-0.07029660301904304,-0.046170434792741855,20
KOSDAQ150,202412,W3,pred_in,376930,0.04193223750419328,-0.032958546219290716,-0.008832377992989526,20
KOSDAQ150,202412,W3,pred_in,009730,0.34689770821688093,0.2720069244933969,0.2961330927196981,20
KOSDAQ150,202412,W3,pred_in,440110,0.006068779501011479,-0.06882200422247252,-0.04469583599617133,20
KOSDAQ150,202412,W3,pred_in,237880,0.032890940565493354,-0.04199984315799064,-0.017873674931689454,20
KOSDAQ150,202412,W3,pred_in,232140,0.1875,0.112609216276516,0.1367353845028172,20
KOSDAQ150,202412,W3,pred_in,171090,0.040793825799338546,-0.03409695792414545,-0.009970789697844262,20
KOSDAQ150,202412,W3,pred_in,317330,-0.03248587570621464,-0.10737665942969864,-0.08325049120339745,20
KOSDAQ150,202412,W3,pred_in,060570,0.07920792079207928,0.004317137068595281,0.02844330529489647,20
KOSDAQ150,202412,W3,pred_in,067630,0.14059196617336145,0.06570118244987745,0.08982735067617864,20
KOSDAQ150,202412,W3,pred_in,084650,0.29296875,0.218077966276516,0.2422041345028172,20
KOSDAQ150,202412,W3,pred_in,044480,0.014583333333333393,-0.060307450390150605,-0.036181282163849415,20
KOSDAQ150,202412,W3,pred_in,060230,-0.06798245614035092,-0.14287323986383493,-0.11874707163753373,20
KOSDAQ150,202412,W3,pred_in,065350,-0.022050716648291058,-0.09694150037177506,-0.07281533214547387,20
KOSDAQ150,202412,W3,pred_in,032860,-0.06806661839246919,-0.1429574021159532,-0.118831233889652,20
KOSDAQ150,202412,W3,pred_in,179900,0.07943925233644866,0.004548468612964665,0.028674636839265855,20
KOSDAQ150,202412,W3,pred_in,291230,-0.00959232613908878,-0.08448310986257278,-0.06035694163627159,20
KOSDAQ150,202412,W3,pred_in,105550,-0.1107078039927405,-0.1855985877162245,-0.1614724194899233,20
KOSDAQ150,202412,W3,pred_in,060370,0.16726719513171595,0.09237641140823195,0.11650257963453314,20
KOSDAQ150,202412,W3,pred_in,207760,-0.006722689075630228,-0.08161347279911423,-0.057487304572813036,20
KOSDAQ150,202412,W3,pred_in,051980,0.06713780918727918,-0.0077529745362048125,0.016373193690096377,20
KOSDAQ150,202412,W3,pred_in,035890,0.019134253450439065,-0.05575653027304493,-0.03163036204674374,20
KOSDAQ150,202412,W3,pred_in,348080,0.16491158354857927,0.09002079982509527,0.11414696805139646,20
KOSDAQ150,202412,W3,pred_in,166480,-0.680616525217052,-0.755507308940536,-0.7313811407142348,20
KOSDAQ150,202412,W3,pred_in,067390,0.0535714285714286,-0.021319355152055394,0.0028068130742457953,20
KOSDAQ150,202412,W3,pred_in,214680,0.012711864406779627,-0.06217891931670437,-0.03805275109040318,20
KOSDAQ150,202412,W3,pred_in,950160,0.2407407407407407,0.1658499570172567,0.1899761252435579,20
KOSDAQ150,202412,W3,pred_in,042000,0.001366120218579292,-0.0735246635049047,-0.049398495278603516,20
KOSDAQ150,202412,W3,pred_in,021880,0.02127659574468077,-0.05361418797880323,-0.029488019752502037,20
KOSDAQ150,202412,W3,pred_in,033170,0.128463476070529,0.053572692347044995,0.07769886057334618,20
KOSDAQ150,202412,W3,pred_in,049080,0.06296296296296289,-0.01192782076052111,0.01219834746578008,20
KOSDAQ150,202412,W3,pred_in,378800,0.3768064857243567,0.3019157020008727,0.3260418702271739,20
KOSDAQ150,202412,W3,pred_in,340570,0.23127035830618903,0.15637957458270502,0.18050574280900622,20
KOSDAQ150,202412,W3,pred_in,101730,0.09501738122827352,0.020126597504789526,0.044252765731090715,20
KOSDAQ150,202412,W3,pred_in,290690,-0.13493975903614452,-0.20983054275962854,-0.18570437453332733,20
KOSDAQ150,202412,W3,pred_in,140410,0.013445378151260456,-0.06144540557222354,-0.03731923734592235,20
KOSDAQ150,202412,W3,pred_in,047920,0.176056338028169,0.101165554304685,0.1252917225309862,20
KOSDAQ150,202412,W3,act_in,042000,0.001366120218579292,-0.0735246635049047,-0.049398495278603516,20
KOSDAQ150,202412,W3,act_in,171090,0.040793825799338546,-0.03409695792414545,-0.009970789697844262,20
KOSDAQ150,202412,W3,act_in,065350,-0.022050716648291058,-0.09694150037177506,-0.07281533214547387,20
KOSDAQ150,202412,W3,act_in,253590,0.06503198294243062,-0.009858800781053376,0.014267367445247814,20
KOSDAQ150,202412,W3,act_in,317330,-0.03248587570621464,-0.10737665942969864,-0.08325049120339745,20
KOSDAQ150,202412,W3,act_in,232140,0.1875,0.112609216276516,0.1367353845028172,20
KOSDAQ150,202412,W3,act_in,114840,0.22168674698795177,0.14679596326446775,0.17092213149076896,20
KOSDAQ150,202412,W3,hit,042000,0.001366120218579292,-0.0735246635049047,-0.049398495278603516,20
KOSDAQ150,202412,W3,hit,065350,-0.022050716648291058,-0.09694150037177506,-0.07281533214547387,20
KOSDAQ150,202412,W3,hit,317330,-0.03248587570621464,-0.10737665942969864,-0.08325049120339745,20
KOSDAQ150,202412,W3,hit,232140,0.1875,0.112609216276516,0.1367353845028172,20
KOSDAQ150,202412,W3,hit,171090,0.040793825799338546,-0.03409695792414545,-0.009970789697844262,20
KOSDAQ150,202412,W3,false_in,300120,0.16651624548736454,0.09162546176388055,0.11575162999018174,20
KOSDAQ150,202412,W3,false_in,200230,-0.19353400222965444,-0.26842478595313846,-0.24429861772683725,20
KOSDAQ150,202412,W3,false_in,199800,-0.022946859903381633,-0.09783764362686563,-0.07371147540056444,20
KOSDAQ150,202412,W3,false_in,225190,-0.07348484848484849,-0.1483756322083325,-0.1242494639820313,20
KOSDAQ150,202412,W3,false_in,099220,-0.018333333333333313,-0.09322411705681731,-0.06909794883051612,20
KOSDAQ150,202412,W3,false_in,024850,0.145610278372591,0.070719494649107,0.09484566287540819,20
KOSDAQ150,202412,W3,false_in,033790,-0.1958677685950413,-0.2707585523185253,-0.2466323840922241,20
KOSDAQ150,202412,W3,false_in,082850,-0.0017953321364452268,-0.07668611585992922,-0.052559947633628035,20
KOSDAQ150,202412,W3,false_in,277410,0.004594180704440953,-0.07029660301904304,-0.046170434792741855,20
KOSDAQ150,202412,W3,false_in,376930,0.04193223750419328,-0.032958546219290716,-0.008832377992989526,20
KOSDAQ150,202412,W3,false_in,009730,0.34689770821688093,0.2720069244933969,0.2961330927196981,20
KOSDAQ150,202412,W3,false_in,440110,0.006068779501011479,-0.06882200422247252,-0.04469583599617133,20
KOSDAQ150,202412,W3,false_in,237880,0.032890940565493354,-0.04199984315799064,-0.017873674931689454,20
KOSDAQ150,202412,W3,false_in,060570,0.07920792079207928,0.004317137068595281,0.02844330529489647,20
KOSDAQ150,202412,W3,false_in,067630,0.14059196617336145,0.06570118244987745,0.08982735067617864,20
KOSDAQ150,202412,W3,false_in,084650,0.29296875,0.218077966276516,0.2422041345028172,20
KOSDAQ150,202412,W3,false_in,044480,0.014583333333333393,-0.060307450390150605,-0.036181282163849415,20
KOSDAQ150,202412,W3,false_in,060230,-0.06798245614035092,-0.14287323986383493,-0.11874707163753373,20
KOSDAQ150,202412,W3,false_in,032860,-0.06806661839246919,-0.1429574021159532,-0.118831233889652,20
KOSDAQ150,202412,W3,false_in,179900,0.07943925233644866,0.004548468612964665,0.028674636839265855,20
KOSDAQ150,202412,W3,false_in,291230,-0.00959232613908878,-0.08448310986257278,-0.06035694163627159,20
KOSDAQ150,202412,W3,false_in,105550,-0.1107078039927405,-0.1855985877162245,-0.1614724194899233,20
KOSDAQ150,202412,W3,false_in,060370,0.16726719513171595,0.09237641140823195,0.11650257963453314,20
KOSDAQ150,202412,W3,false_in,207760,-0.006722689075630228,-0.08161347279911423,-0.057487304572813036,20
KOSDAQ150,202412,W3,false_in,051980,0.06713780918727918,-0.0077529745362048125,0.016373193690096377,20
KOSDAQ150,202412,W3,false_in,035890,0.019134253450439065,-0.05575653027304493,-0.03163036204674374,20
KOSDAQ150,202412,W3,false_in,348080,0.16491158354857927,0.09002079982509527,0.11414696805139646,20
KOSDAQ150,202412,W3,false_in,166480,-0.680616525217052,-0.755507308940536,-0.7313811407142348,20
KOSDAQ150,202412,W3,false_in,067390,0.0535714285714286,-0.021319355152055394,0.0028068130742457953,20
KOSDAQ150,202412,W3,false_in,214680,0.012711864406779627,-0.06217891931670437,-0.03805275109040318,20
KOSDAQ150,202412,W3,false_in,950160,0.2407407407407407,0.1658499570172567,0.1899761252435579,20
KOSDAQ150,202412,W3,false_in,021880,0.02127659574468077,-0.05361418797880323,-0.029488019752502037,20
KOSDAQ150,202412,W3,false_in,033170,0.128463476070529,0.053572692347044995,0.07769886057334618,20
KOSDAQ150,202412,W3,false_in,049080,0.06296296296296289,-0.01192782076052111,0.01219834746578008,20
KOSDAQ150,202412,W3,false_in,378800,0.3768064857243567,0.3019157020008727,0.3260418702271739,20
KOSDAQ150,202412,W3,false_in,340570,0.23127035830618903,0.15637957458270502,0.18050574280900622,20
KOSDAQ150,202412,W3,false_in,101730,0.09501738122827352,0.020126597504789526,0.044252765731090715,20
KOSDAQ150,202412,W3,false_in,290690,-0.13493975903614452,-0.20983054275962854,-0.18570437453332733,20
KOSDAQ150,202412,W3,false_in,140410,0.013445378151260456,-0.06144540557222354,-0.03731923734592235,20
KOSDAQ150,202412,W3,false_in,047920,0.176056338028169,0.101165554304685,0.1252917225309862,20
KOSDAQ150,202412,W3,miss_in,253590,0.06503198294243062,-0.009858800781053376,0.014267367445247814,20
KOSDAQ150,202412,W3,miss_in,114840,0.22168674698795177,0.14679596326446775,0.17092213149076896,20
KOSDAQ150,202412,W3,pred_out,118990,0.09832635983263605,0.023435576109152048,0.04756174433545324,20
KOSDAQ150,202412,W3,pred_out,218410,0.12248322147651014,0.04759243775302614,0.07171860597932733,20
KOSDAQ150,202412,W3,pred_out,060250,-0.09999999999999998,-0.174890783723484,-0.15076461549718279,20
KOSDAQ150,202412,W3,pred_out,299030,0.22204037097654128,0.14714958725305727,0.17127575547935847,20
KOSDAQ150,202412,W3,pred_out,425040,0.08530183727034113,0.010411053546857132,0.03453722177315832,20
KOSDAQ150,202412,W3,pred_out,267980,-0.008658008658008698,-0.0835487923814927,-0.059422624155191506,20
KOSDAQ150,202412,W3,pred_out,035600,-0.06349206349206349,-0.1383828472155475,-0.1142566789892463,20
KOSDAQ150,202412,W3,pred_out,033640,0.1174698795180722,0.0425790957945882,0.06670526402088939,20
KOSDAQ150,202412,W3,pred_out,323990,0.013927576601671321,-0.060963207121812676,-0.03683703889551149,20
KOSDAQ150,202412,W3,pred_out,360070,0.08534322820037099,0.010452444476886993,0.03457861270318818,20
KOSDAQ150,202412,W3,pred_out,114190,-0.006204756980351611,-0.08109554070383561,-0.05696937247753442,20
KOSDAQ150,202412,W3,pred_out,053610,0.06828193832599116,-0.006608845397492832,0.017517322828808357,20
KOSDAQ150,202412,W3,pred_out,025770,0.0793650793650793,0.004474295641595308,0.028600463867896497,20
KOSDAQ150,202412,W3,pred_out,060720,0.1869398207426376,0.1120490370191536,0.1361752052454548,20
KOSDAQ150,202412,W3,act_out,299030,0.22204037097654128,0.14714958725305727,0.17127575547935847,20
KOSDAQ150,202412,W3,act_out,323990,0.013927576601671321,-0.060963207121812676,-0.03683703889551149,20
KOSDAQ150,202412,W3,act_out,360070,0.08534322820037099,0.010452444476886993,0.03457861270318818,20
KOSDAQ150,202412,W3,act_out,114190,-0.006204756980351611,-0.08109554070383561,-0.05696937247753442,20
KOSDAQ150,202412,W3,act_out,043150,-0.0025706940874036244,-0.07746147781088762,-0.05333530958458643,20
KOSDAQ150,202412,W3,act_out,025770,0.0793650793650793,0.004474295641595308,0.028600463867896497,20
KOSDAQ150,202412,W3,act_out,060720,0.1869398207426376,0.1120490370191536,0.1361752052454548,20
KOSDAQ150,202412,W3,act_out,215600,0.046601941747572706,-0.02828884197591129,-0.004162673749610102,20
KOSDAQ150,202412,FULL,pred_in,300120,-0.17313432835820897,-0.1144194385338996,-0.11045001315349057,29
KOSDAQ150,202412,FULL,pred_in,200230,-0.02598812798610106,0.0327267618382083,0.03669618721861734,29
KOSDAQ150,202412,FULL,pred_in,199800,-0.27622377622377625,-0.2175088863994669,-0.21353946101905785,29
KOSDAQ150,202412,FULL,pred_in,225190,0.3082259663032705,0.3669408561275799,0.3709102815079889,29
KOSDAQ150,202412,FULL,pred_in,099220,-0.010717230008243983,0.04799765981606538,0.051967085196474416,29
KOSDAQ150,202412,FULL,pred_in,024850,-0.27031249999999996,-0.2115976101756906,-0.20762818479528156,29
KOSDAQ150,202412,FULL,pred_in,033790,-0.2540073982737361,-0.19529250844942672,-0.19132308306901769,29
KOSDAQ150,202412,FULL,pred_in,082850,-0.30461922596754054,-0.24590433614323118,-0.24193491076282214,29
KOSDAQ150,202412,FULL,pred_in,277410,-0.018782870022539422,0.03993201980176994,0.04390144518217898,29
KOSDAQ150,202412,FULL,pred_in,376930,0.10284868664446911,0.16156357646877847,0.1655330018491875,29
KOSDAQ150,202412,FULL,pred_in,009730,-0.32536390376348145,-0.26664901393917206,-0.26267958855876306,29
KOSDAQ150,202412,FULL,pred_in,440110,-0.2387063655030801,-0.17999147567877075,-0.1760220502983617,29
KOSDAQ150,202412,FULL,pred_in,237880,-0.19953810623556578,-0.14082321641125642,-0.13685379103084738,29
KOSDAQ150,202412,FULL,pred_in,232140,-0.19934372436423298,-0.14062883453992361,-0.13665940915951458,29
KOSDAQ150,202412,FULL,pred_in,171090,0.07464454976303325,0.13335943958734262,0.13732886496775165,29
KOSDAQ150,202412,FULL,pred_in,317330,-0.12158808933002485,-0.06287319950571549,-0.05890377412530645,29
KOSDAQ150,202412,FULL,pred_in,060570,-0.1960199004975124,-0.13730501067320303,-0.133335585292794,29
KOSDAQ150,202412,FULL,pred_in,067630,0.08986175115207384,0.1485766409763832,0.15254606635679224,29
KOSDAQ150,202412,FULL,pred_in,084650,-0.2768361581920904,-0.21812126836778103,-0.214151842987372,29
KOSDAQ150,202412,FULL,pred_in,044480,-0.12248628884826329,-0.06377139902395393,-0.05980197364354489,29
KOSDAQ150,202412,FULL,pred_in,060230,0.15912557193695975,0.21784046176126912,0.22180988714167815,29
KOSDAQ150,202412,FULL,pred_in,065350,1.1019698725376594,1.1606847623619687,1.1646541877423777,29
KOSDAQ150,202412,FULL,pred_in,032860,-0.10266406757634827,-0.04394917775203891,-0.03997975237162987,29
KOSDAQ150,202412,FULL,pred_in,179900,-0.04677060133630284,0.011944288488006521,0.015913713868415558,29
KOSDAQ150,202412,FULL,pred_in,291230,-0.0023923444976076125,0.05632254532670175,0.06029197070711079,29
KOSDAQ150,202412,FULL,pred_in,105550,0.09108910891089117,0.14980399873520053,0.15377342411560957,29
KOSDAQ150,202412,FULL,pred_in,060370,-0.02536288434524736,0.033352005479062,0.03732143085947104,29
KOSDAQ150,202412,FULL,pred_in,207760,-0.11917098445595853,-0.060456094631649165,-0.05648666925124013,29
KOSDAQ150,202412,FULL,pred_in,051980,-0.26936316695352835,-0.210648277129219,-0.20667885174880996,29
KOSDAQ150,202412,FULL,pred_in,035890,0.1509025270758122,0.20961741690012156,0.2135868422805306,29
KOSDAQ150,202412,FULL,pred_in,348080,-0.3424353279331068,-0.28372043810879743,-0.2797510127283884,29
KOSDAQ150,202412,FULL,pred_in,166480,-0.07773279352226725,-0.01901790369795789,-0.015048478317548852,29
KOSDAQ150,202412,FULL,pred_in,067390,-0.041825095057034245,0.016889794767275118,0.020859220147684154,29
KOSDAQ150,202412,FULL,pred_in,214680,-0.19999999999999996,-0.1412851101756906,-0.13731568479528156,29
KOSDAQ150,202412,FULL,pred_in,950160,0.5477707006369428,0.6064855904612522,0.6104550158416612,29
KOSDAQ150,202412,FULL,pred_in,042000,0.5443037974683544,0.6030186872926638,0.6069881126730728,29
KOSDAQ150,202412,FULL,pred_in,021880,-0.08143322475570036,-0.022718334931391,-0.018748909550981963,29
KOSDAQ150,202412,FULL,pred_in,033170,-0.17291666666666672,-0.11420177684235736,-0.11023235146194832,29
KOSDAQ150,202412,FULL,pred_in,049080,-0.20937042459736455,-0.15065553477305518,-0.14668610939264615,29
KOSDAQ150,202412,FULL,pred_in,378800,-0.2903951975987994,-0.23168030777449003,-0.227710882394081,29
KOSDAQ150,202412,FULL,pred_in,340570,-0.0625954198473282,-0.00388053002301883,8.889535739020626e-05,29
KOSDAQ150,202412,FULL,pred_in,101730,-0.11305241521068854,-0.054337525386379176,-0.05036810000597014,29
KOSDAQ150,202412,FULL,pred_in,290690,-0.021226415094339646,0.03748847472996972,0.041457900110378754,29
KOSDAQ150,202412,FULL,pred_in,140410,-0.09848484848484851,-0.039769958660539145,-0.03580053328013011,29
KOSDAQ150,202412,FULL,pred_in,047920,0.1263881544156531,0.18510304423996246,0.1890724696203715,29
KOSDAQ150,202412,FULL,act_in,042000,0.5443037974683544,0.6030186872926638,0.6069881126730728,29
KOSDAQ150,202412,FULL,act_in,171090,0.07464454976303325,0.13335943958734262,0.13732886496775165,29
KOSDAQ150,202412,FULL,act_in,065350,1.1019698725376594,1.1606847623619687,1.1646541877423777,29
KOSDAQ150,202412,FULL,act_in,253590,-0.1572327044025157,-0.09851781457820633,-0.09454838919779729,29
KOSDAQ150,202412,FULL,act_in,317330,-0.12158808933002485,-0.06287319950571549,-0.05890377412530645,29
KOSDAQ150,202412,FULL,act_in,232140,-0.19934372436423298,-0.14062883453992361,-0.13665940915951458,29
KOSDAQ150,202412,FULL,act_in,114840,0.14767699115044253,0.2063918809747519,0.21036130635516093,29
KOSDAQ150,202412,FULL,hit,042000,0.5443037974683544,0.6030186872926638,0.6069881126730728,29
KOSDAQ150,202412,FULL,hit,065350,1.1019698725376594,1.1606847623619687,1.1646541877423777,29
KOSDAQ150,202412,FULL,hit,317330,-0.12158808933002485,-0.06287319950571549,-0.05890377412530645,29
KOSDAQ150,202412,FULL,hit,232140,-0.19934372436423298,-0.14062883453992361,-0.13665940915951458,29
KOSDAQ150,202412,FULL,hit,171090,0.07464454976303325,0.13335943958734262,0.13732886496775165,29
KOSDAQ150,202412,FULL,false_in,300120,-0.17313432835820897,-0.1144194385338996,-0.11045001315349057,29
KOSDAQ150,202412,FULL,false_in,200230,-0.02598812798610106,0.0327267618382083,0.03669618721861734,29
KOSDAQ150,202412,FULL,false_in,199800,-0.27622377622377625,-0.2175088863994669,-0.21353946101905785,29
KOSDAQ150,202412,FULL,false_in,225190,0.3082259663032705,0.3669408561275799,0.3709102815079889,29
KOSDAQ150,202412,FULL,false_in,099220,-0.010717230008243983,0.04799765981606538,0.051967085196474416,29
KOSDAQ150,202412,FULL,false_in,024850,-0.27031249999999996,-0.2115976101756906,-0.20762818479528156,29
KOSDAQ150,202412,FULL,false_in,033790,-0.2540073982737361,-0.19529250844942672,-0.19132308306901769,29
KOSDAQ150,202412,FULL,false_in,082850,-0.30461922596754054,-0.24590433614323118,-0.24193491076282214,29
KOSDAQ150,202412,FULL,false_in,277410,-0.018782870022539422,0.03993201980176994,0.04390144518217898,29
KOSDAQ150,202412,FULL,false_in,376930,0.10284868664446911,0.16156357646877847,0.1655330018491875,29
KOSDAQ150,202412,FULL,false_in,009730,-0.32536390376348145,-0.26664901393917206,-0.26267958855876306,29
KOSDAQ150,202412,FULL,false_in,440110,-0.2387063655030801,-0.17999147567877075,-0.1760220502983617,29
KOSDAQ150,202412,FULL,false_in,237880,-0.19953810623556578,-0.14082321641125642,-0.13685379103084738,29
KOSDAQ150,202412,FULL,false_in,060570,-0.1960199004975124,-0.13730501067320303,-0.133335585292794,29
KOSDAQ150,202412,FULL,false_in,067630,0.08986175115207384,0.1485766409763832,0.15254606635679224,29
KOSDAQ150,202412,FULL,false_in,084650,-0.2768361581920904,-0.21812126836778103,-0.214151842987372,29
KOSDAQ150,202412,FULL,false_in,044480,-0.12248628884826329,-0.06377139902395393,-0.05980197364354489,29
KOSDAQ150,202412,FULL,false_in,060230,0.15912557193695975,0.21784046176126912,0.22180988714167815,29
KOSDAQ150,202412,FULL,false_in,032860,-0.10266406757634827,-0.04394917775203891,-0.03997975237162987,29
KOSDAQ150,202412,FULL,false_in,179900,-0.04677060133630284,0.011944288488006521,0.015913713868415558,29
KOSDAQ150,202412,FULL,false_in,291230,-0.0023923444976076125,0.05632254532670175,0.06029197070711079,29
KOSDAQ150,202412,FULL,false_in,105550,0.09108910891089117,0.14980399873520053,0.15377342411560957,29
KOSDAQ150,202412,FULL,false_in,060370,-0.02536288434524736,0.033352005479062,0.03732143085947104,29
KOSDAQ150,202412,FULL,false_in,207760,-0.11917098445595853,-0.060456094631649165,-0.05648666925124013,29
KOSDAQ150,202412,FULL,false_in,051980,-0.26936316695352835,-0.210648277129219,-0.20667885174880996,29
KOSDAQ150,202412,FULL,false_in,035890,0.1509025270758122,0.20961741690012156,0.2135868422805306,29
KOSDAQ150,202412,FULL,false_in,348080,-0.3424353279331068,-0.28372043810879743,-0.2797510127283884,29
KOSDAQ150,202412,FULL,false_in,166480,-0.07773279352226725,-0.01901790369795789,-0.015048478317548852,29
KOSDAQ150,202412,FULL,false_in,067390,-0.041825095057034245,0.016889794767275118,0.020859220147684154,29
KOSDAQ150,202412,FULL,false_in,214680,-0.19999999999999996,-0.1412851101756906,-0.13731568479528156,29
KOSDAQ150,202412,FULL,false_in,950160,0.5477707006369428,0.6064855904612522,0.6104550158416612,29
KOSDAQ150,202412,FULL,false_in,021880,-0.08143322475570036,-0.022718334931391,-0.018748909550981963,29
KOSDAQ150,202412,FULL,false_in,033170,-0.17291666666666672,-0.11420177684235736,-0.11023235146194832,29
KOSDAQ150,202412,FULL,false_in,049080,-0.20937042459736455,-0.15065553477305518,-0.14668610939264615,29
KOSDAQ150,202412,FULL,false_in,378800,-0.2903951975987994,-0.23168030777449003,-0.227710882394081,29
KOSDAQ150,202412,FULL,false_in,340570,-0.0625954198473282,-0.00388053002301883,8.889535739020626e-05,29
KOSDAQ150,202412,FULL,false_in,101730,-0.11305241521068854,-0.054337525386379176,-0.05036810000597014,29
KOSDAQ150,202412,FULL,false_in,290690,-0.021226415094339646,0.03748847472996972,0.041457900110378754,29
KOSDAQ150,202412,FULL,false_in,140410,-0.09848484848484851,-0.039769958660539145,-0.03580053328013011,29
KOSDAQ150,202412,FULL,false_in,047920,0.1263881544156531,0.18510304423996246,0.1890724696203715,29
KOSDAQ150,202412,FULL,miss_in,253590,-0.1572327044025157,-0.09851781457820633,-0.09454838919779729,29
KOSDAQ150,202412,FULL,miss_in,114840,0.14767699115044253,0.2063918809747519,0.21036130635516093,29
KOSDAQ150,202412,FULL,pred_out,118990,-0.03629032258064513,0.022424567243664234,0.02639399262407327,29
KOSDAQ150,202412,FULL,pred_out,218410,0.0033670033670034627,0.062081893191312826,0.06605131857172186,29
KOSDAQ150,202412,FULL,pred_out,060250,0.16409537166900412,0.22281026149331348,0.22677968687372252,29
KOSDAQ150,202412,FULL,pred_out,299030,-0.35343915343915344,-0.29472426361484405,-0.29075483823443504,29
KOSDAQ150,202412,FULL,pred_out,425040,-0.16538882803943045,-0.10667393821512108,-0.10270451283471205,29
KOSDAQ150,202412,FULL,pred_out,267980,-0.09882964889466839,-0.040114759070359024,-0.03614533368994999,29
KOSDAQ150,202412,FULL,pred_out,035600,0.03391684901531722,0.09263173883962658,0.09660116422003562,29
KOSDAQ150,202412,FULL,pred_out,033640,-0.14652956298200515,-0.08781467315769578,-0.08384524777728675,29
KOSDAQ150,202412,FULL,pred_out,323990,-0.1566170712607674,-0.09790218143645804,-0.093932756056049,29
KOSDAQ150,202412,FULL,pred_out,360070,-0.22334293948126804,-0.16462804965695868,-0.16065862427654964,29
KOSDAQ150,202412,FULL,pred_out,114190,-0.2282521947326417,-0.16953730490833233,-0.1655678795279233,29
KOSDAQ150,202412,FULL,pred_out,053610,-0.30792682926829273,-0.24921193944398337,-0.24524251406357434,29
KOSDAQ150,202412,FULL,pred_out,025770,-0.0643564356435643,-0.0056415458192549395,-0.0016721204388459032,29
KOSDAQ150,202412,FULL,pred_out,060720,-0.14551422319474838,-0.08679933337043902,-0.08282990799002998,29
KOSDAQ150,202412,FULL,act_out,299030,-0.35343915343915344,-0.29472426361484405,-0.29075483823443504,29
KOSDAQ150,202412,FULL,act_out,323990,-0.1566170712607674,-0.09790218143645804,-0.093932756056049,29
KOSDAQ150,202412,FULL,act_out,360070,-0.22334293948126804,-0.16462804965695868,-0.16065862427654964,29
KOSDAQ150,202412,FULL,act_out,114190,-0.2282521947326417,-0.16953730490833233,-0.1655678795279233,29
KOSDAQ150,202412,FULL,act_out,043150,-0.14879649890590807,-0.09008160908159871,-0.08611218370118967,29
KOSDAQ150,202412,FULL,act_out,025770,-0.0643564356435643,-0.0056415458192549395,-0.0016721204388459032,29
KOSDAQ150,202412,FULL,act_out,060720,-0.14551422319474838,-0.08679933337043902,-0.08282990799002998,29
KOSDAQ150,202412,FULL,act_out,215600,0.009803921568627416,0.06851881139293678,0.07248823677334582,29
KOSDAQ150,202506,W1,pred_in,300120,0.04370700121408344,0.04209224057387635,0.03643412281661029,15
KOSDAQ150,202506,W1,pred_in,200230,-0.16189079422382668,-0.16350555486403376,-0.16916367262129983,15
KOSDAQ150,202506,W1,pred_in,225190,0.36127508854781576,0.35966032790760866,0.3540022101503426,15
KOSDAQ150,202506,W1,pred_in,388720,0.032810271041369576,0.031195510401162488,0.02553739264389643,15
KOSDAQ150,202506,W1,pred_in,099220,-0.09230769230769231,-0.0939224529478994,-0.09958057070516546,15
KOSDAQ150,202506,W1,pred_in,007720,-0.08552906733584276,-0.08714382797604985,-0.0928019457333159,15
KOSDAQ150,202506,W1,pred_in,033790,-0.10566037735849054,-0.10727513799869763,-0.11293325575596369,15
KOSDAQ150,202506,W1,pred_in,082850,0.03777777777777769,0.0361630171375706,0.03050489938030454,15
KOSDAQ150,202506,W1,pred_in,099320,0.059196617336152224,0.057581856695945136,0.051923738938679076,15
KOSDAQ150,202506,W1,pred_in,006050,-0.04475421863536322,-0.04636897927557031,-0.05202709703283637,15
KOSDAQ150,202506,W1,pred_in,288330,-0.15903890160183065,-0.16065366224203773,-0.1663117799993038,15
KOSDAQ150,202506,W1,pred_in,376930,-0.004059539918809252,-0.005674300559016339,-0.0113324183162824,15
KOSDAQ150,202506,W1,pred_in,009730,-0.09980806142034548,-0.10142282206055257,-0.10708093981781863,15
KOSDAQ150,202506,W1,pred_in,161580,0.17128874388254478,0.1696739832423377,0.16401586548507163,15
KOSDAQ150,202506,W1,pred_in,440110,-0.013914656771799594,-0.01552941741200668,-0.021187535169272742,15
KOSDAQ150,202506,W1,pred_in,052020,0.12086092715231778,0.11924616651211069,0.11358804875484463,15
KOSDAQ150,202506,W1,pred_in,060570,0.1445639187574672,0.14294915811726014,0.13729104035999407,15
KOSDAQ150,202506,W1,pred_in,067630,-0.08796296296296291,-0.08957772360317,-0.09523584136043606,15
KOSDAQ150,202506,W1,pred_in,083650,0.3175438596491229,0.3159290990089158,0.31027098125164976,15
KOSDAQ150,202506,W1,pred_in,084650,0.28372093023255807,0.28210616959235096,0.2764480518350849,15
KOSDAQ150,202506,W1,pred_in,058400,-0.003931847968545177,-0.005546608608752264,-0.011204726366018325,15
KOSDAQ150,202506,W1,pred_in,084110,-0.1063829787234043,-0.10799773936361139,-0.11365585712087745,15
KOSDAQ150,202506,W1,pred_in,060230,-0.17860380779691754,-0.1802185684371246,-0.18587668619439068,15
KOSDAQ150,202506,W1,pred_in,314930,0.12168592794017674,0.12007116729996965,0.1144130495427036,15
KOSDAQ150,202506,W1,pred_in,228760,-0.16007905138339917,-0.16169381202360625,-0.16735192978087232,15
KOSDAQ150,202506,W1,pred_in,179900,0.01426388181355076,0.012649121173343674,0.0069910034160776124,15
KOSDAQ150,202506,W1,pred_in,323280,0.08728179551122195,0.08566703487101486,0.0800089171137488,15
KOSDAQ150,202506,W1,pred_in,105550,-0.11294765840220389,-0.11456241904241098,-0.12022053679967704,15
KOSDAQ150,202506,W1,pred_in,060370,0.014743921365752755,0.013129160725545668,0.0074710429682796065,15
KOSDAQ150,202506,W1,pred_in,347850,0.1963112147551409,0.19469645411493383,0.18903833635766776,15
KOSDAQ150,202506,W1,pred_in,207760,-0.08098591549295775,-0.08260067613316484,-0.0882587938904309,15
KOSDAQ150,202506,W1,pred_in,051980,-0.278879813302217,-0.2804945739424241,-0.28615269169969015,15
KOSDAQ150,202506,W1,pred_in,035890,0.03130434782608704,0.029689587185879954,0.024031469428613894,15
KOSDAQ150,202506,W1,pred_in,348080,-0.18248229043683584,-0.1840970510770429,-0.18975516883430898,15
KOSDAQ150,202506,W1,pred_in,067390,0.019748653500897717,0.01813389286069063,0.012475775103424569,15
KOSDAQ150,202506,W1,pred_in,214680,-0.034663865546218475,-0.036278626186425564,-0.04193674394369162,15
KOSDAQ150,202506,W1,pred_in,160190,0.12759170653907503,0.12597694589886796,0.12031882814160189,15
KOSDAQ150,202506,W1,pred_in,950160,0.12876712328767126,0.12715236264746418,0.12149424489019811,15
KOSDAQ150,202506,W1,pred_in,021880,0.5930599369085174,0.5914451762683104,0.5857870585110443,15
KOSDAQ150,202506,W1,pred_in,378800,0.1535222052067382,0.15190744456653113,0.14624932680926506,15
KOSDAQ150,202506,W1,pred_in,340570,-0.10344827586206895,-0.10506303650227604,-0.1107211542595421,15
KOSDAQ150,202506,W1,pred_in,101730,-0.011627906976744207,-0.013242667616951294,-0.018900785374217355,15
KOSDAQ150,202506,W1,pred_in,140410,-0.06896551724137934,-0.07058027788158643,-0.07623839563885249,15
KOSDAQ150,202506,W1,pred_in,047920,-0.061463414634146396,-0.06307817527435348,-0.06873629303161954,15
KOSDAQ150,202506,W1,pred_in,033500,0.01964636542239684,0.01803160478218975,0.01237348702492369,15
KOSDAQ150,202506,W1,pred_in,206650,0.012195121951219523,0.010580361311012436,0.004922243553746375,15
KOSDAQ150,202506,W1,act_in,050890,-0.13850415512465375,-0.14011891576486082,-0.1457770335221269,15
KOSDAQ150,202506,W1,act_in,079370,-0.006120887528691665,-0.007735648168898752,-0.013393765926164813,15
KOSDAQ150,202506,W1,act_in,323280,0.08728179551122195,0.08566703487101486,0.0800089171137488,15
KOSDAQ150,202506,W1,act_in,160190,0.12759170653907503,0.12597694589886796,0.12031882814160189,15
KOSDAQ150,202506,W1,act_in,101730,-0.011627906976744207,-0.013242667616951294,-0.018900785374217355,15
KOSDAQ150,202506,W1,act_in,034950,0.025555555555555554,0.023940794915348465,0.018282677158082405,15
KOSDAQ150,202506,W1,act_in,161580,0.17128874388254478,0.1696739832423377,0.16401586548507163,15
KOSDAQ150,202506,W1,act_in,033500,0.01964636542239684,0.01803160478218975,0.01237348702492369,15
KOSDAQ150,202506,W1,hit,323280,0.08728179551122195,0.08566703487101486,0.0800089171137488,15
KOSDAQ150,202506,W1,hit,160190,0.12759170653907503,0.12597694589886796,0.12031882814160189,15
KOSDAQ150,202506,W1,hit,101730,-0.011627906976744207,-0.013242667616951294,-0.018900785374217355,15
KOSDAQ150,202506,W1,hit,161580,0.17128874388254478,0.1696739832423377,0.16401586548507163,15
KOSDAQ150,202506,W1,hit,033500,0.01964636542239684,0.01803160478218975,0.01237348702492369,15
KOSDAQ150,202506,W1,false_in,300120,0.04370700121408344,0.04209224057387635,0.03643412281661029,15
KOSDAQ150,202506,W1,false_in,200230,-0.16189079422382668,-0.16350555486403376,-0.16916367262129983,15
KOSDAQ150,202506,W1,false_in,225190,0.36127508854781576,0.35966032790760866,0.3540022101503426,15
KOSDAQ150,202506,W1,false_in,388720,0.032810271041369576,0.031195510401162488,0.02553739264389643,15
KOSDAQ150,202506,W1,false_in,099220,-0.09230769230769231,-0.0939224529478994,-0.09958057070516546,15
KOSDAQ150,202506,W1,false_in,007720,-0.08552906733584276,-0.08714382797604985,-0.0928019457333159,15
KOSDAQ150,202506,W1,false_in,033790,-0.10566037735849054,-0.10727513799869763,-0.11293325575596369,15
KOSDAQ150,202506,W1,false_in,082850,0.03777777777777769,0.0361630171375706,0.03050489938030454,15
KOSDAQ150,202506,W1,false_in,099320,0.059196617336152224,0.057581856695945136,0.051923738938679076,15
KOSDAQ150,202506,W1,false_in,006050,-0.04475421863536322,-0.04636897927557031,-0.05202709703283637,15
KOSDAQ150,202506,W1,false_in,288330,-0.15903890160183065,-0.16065366224203773,-0.1663117799993038,15
KOSDAQ150,202506,W1,false_in,376930,-0.004059539918809252,-0.005674300559016339,-0.0113324183162824,15
KOSDAQ150,202506,W1,false_in,009730,-0.09980806142034548,-0.10142282206055257,-0.10708093981781863,15
KOSDAQ150,202506,W1,false_in,440110,-0.013914656771799594,-0.01552941741200668,-0.021187535169272742,15
KOSDAQ150,202506,W1,false_in,052020,0.12086092715231778,0.11924616651211069,0.11358804875484463,15
KOSDAQ150,202506,W1,false_in,060570,0.1445639187574672,0.14294915811726014,0.13729104035999407,15
KOSDAQ150,202506,W1,false_in,067630,-0.08796296296296291,-0.08957772360317,-0.09523584136043606,15
KOSDAQ150,202506,W1,false_in,083650,0.3175438596491229,0.3159290990089158,0.31027098125164976,15
KOSDAQ150,202506,W1,false_in,084650,0.28372093023255807,0.28210616959235096,0.2764480518350849,15
KOSDAQ150,202506,W1,false_in,058400,-0.003931847968545177,-0.005546608608752264,-0.011204726366018325,15
KOSDAQ150,202506,W1,false_in,084110,-0.1063829787234043,-0.10799773936361139,-0.11365585712087745,15
KOSDAQ150,202506,W1,false_in,060230,-0.17860380779691754,-0.1802185684371246,-0.18587668619439068,15
KOSDAQ150,202506,W1,false_in,314930,0.12168592794017674,0.12007116729996965,0.1144130495427036,15
KOSDAQ150,202506,W1,false_in,228760,-0.16007905138339917,-0.16169381202360625,-0.16735192978087232,15
KOSDAQ150,202506,W1,false_in,179900,0.01426388181355076,0.012649121173343674,0.0069910034160776124,15
KOSDAQ150,202506,W1,false_in,105550,-0.11294765840220389,-0.11456241904241098,-0.12022053679967704,15
KOSDAQ150,202506,W1,false_in,060370,0.014743921365752755,0.013129160725545668,0.0074710429682796065,15
KOSDAQ150,202506,W1,false_in,347850,0.1963112147551409,0.19469645411493383,0.18903833635766776,15
KOSDAQ150,202506,W1,false_in,207760,-0.08098591549295775,-0.08260067613316484,-0.0882587938904309,15
KOSDAQ150,202506,W1,false_in,051980,-0.278879813302217,-0.2804945739424241,-0.28615269169969015,15
KOSDAQ150,202506,W1,false_in,035890,0.03130434782608704,0.029689587185879954,0.024031469428613894,15
KOSDAQ150,202506,W1,false_in,348080,-0.18248229043683584,-0.1840970510770429,-0.18975516883430898,15
KOSDAQ150,202506,W1,false_in,067390,0.019748653500897717,0.01813389286069063,0.012475775103424569,15
KOSDAQ150,202506,W1,false_in,214680,-0.034663865546218475,-0.036278626186425564,-0.04193674394369162,15
KOSDAQ150,202506,W1,false_in,950160,0.12876712328767126,0.12715236264746418,0.12149424489019811,15
KOSDAQ150,202506,W1,false_in,021880,0.5930599369085174,0.5914451762683104,0.5857870585110443,15
KOSDAQ150,202506,W1,false_in,378800,0.1535222052067382,0.15190744456653113,0.14624932680926506,15
KOSDAQ150,202506,W1,false_in,340570,-0.10344827586206895,-0.10506303650227604,-0.1107211542595421,15
KOSDAQ150,202506,W1,false_in,140410,-0.06896551724137934,-0.07058027788158643,-0.07623839563885249,15
KOSDAQ150,202506,W1,false_in,047920,-0.061463414634146396,-0.06307817527435348,-0.06873629303161954,15
KOSDAQ150,202506,W1,false_in,206650,0.012195121951219523,0.010580361311012436,0.004922243553746375,15
KOSDAQ150,202506,W1,miss_in,050890,-0.13850415512465375,-0.14011891576486082,-0.1457770335221269,15
KOSDAQ150,202506,W1,miss_in,034950,0.025555555555555554,0.023940794915348465,0.018282677158082405,15
KOSDAQ150,202506,W1,miss_in,079370,-0.006120887528691665,-0.007735648168898752,-0.013393765926164813,15
KOSDAQ150,202506,W1,pred_out,372170,-0.23617339312406582,-0.2377881537642729,-0.24344627152153897,15
KOSDAQ150,202506,W1,pred_out,118990,0.07328605200945626,0.07167129136924917,0.06601317361198311,15
KOSDAQ150,202506,W1,pred_out,060250,-0.04928664072632949,-0.05090140136653658,-0.05655951912380264,15
KOSDAQ150,202506,W1,pred_out,445680,0.31198347107438007,0.31036871043417297,0.3047105926769069,15
KOSDAQ150,202506,W1,pred_out,049070,-0.07735495945102933,-0.07896972009123641,-0.08462783784850247,15
KOSDAQ150,202506,W1,pred_out,425040,-0.07435508345978759,-0.07596984409999467,-0.08162796185726073,15
KOSDAQ150,202506,W1,pred_out,267980,-0.05473965287049398,-0.05635441351070107,-0.06201253126796713,15
KOSDAQ150,202506,W1,pred_out,035600,0.00574052812858783,0.004125767488380743,-0.0015323502688853186,15
KOSDAQ150,202506,W1,pred_out,033640,0.06851311953352779,0.0668983588933207,0.06124024113605464,15
KOSDAQ150,202506,W1,pred_out,084850,-0.07710843373493981,-0.0787231943751469,-0.08438131213241296,15
KOSDAQ150,202506,W1,pred_out,053610,-0.09939148073022308,-0.10100624137043017,-0.10666435912769623,15
KOSDAQ150,202506,W1,pred_out,095500,-0.08344030808729141,-0.0850550687274985,-0.09071318648476456,15
KOSDAQ150,202506,W1,act_out,118990,0.07328605200945626,0.07167129136924917,0.06601317361198311,15
KOSDAQ150,202506,W1,act_out,372170,-0.23617339312406582,-0.2377881537642729,-0.24344627152153897,15
KOSDAQ150,202506,W1,act_out,425040,-0.07435508345978759,-0.07596984409999467,-0.08162796185726073,15
KOSDAQ150,202506,W1,act_out,035600,0.00574052812858783,0.004125767488380743,-0.0015323502688853186,15
KOSDAQ150,202506,W1,act_out,068240,-0.060919540229885105,-0.0625343008700922,-0.06819241862735825,15
KOSDAQ150,202506,W1,act_out,033640,0.06851311953352779,0.0668983588933207,0.06124024113605464,15
KOSDAQ150,202506,W1,act_out,418550,-0.1145038167938931,-0.11611857743410019,-0.12177669519136625,15
KOSDAQ150,202506,W1,act_out,144510,-0.019323671497584516,-0.020938432137791604,-0.026596549895057664,15
KOSDAQ150,202506,W1,act_out,393890,-0.2468085106382979,-0.24842327127850497,-0.25408138903577104,15
KOSDAQ150,202506,W2,pred_in,300120,0.09805478364430331,0.029834969801072322,0.014820930270903476,9
KOSDAQ150,202506,W2,pred_in,200230,0.27913902802220125,0.21091921417897025,0.19590517464880142,9
KOSDAQ150,202506,W2,pred_in,225190,0.08022549869904605,0.01200568485581506,-0.003008354674353786,9
KOSDAQ150,202506,W2,pred_in,388720,0.07949790794979084,0.011278094106559847,-0.0037359454236089995,9
KOSDAQ150,202506,W2,pred_in,099220,0.10859728506787336,0.04037747122464237,0.025363431694473526,9
KOSDAQ150,202506,W2,pred_in,007720,0.14906832298136652,0.08084850913813553,0.06583446960796668,9
KOSDAQ150,202506,W2,pred_in,033790,-0.036437246963562764,-0.10465706080679375,-0.1196711003369626,9
KOSDAQ150,202506,W2,pred_in,082850,0.06008583690987135,-0.00813397693335964,-0.023148016463528487,9
KOSDAQ150,202506,W2,pred_in,099320,0.057712486883525704,-0.010507326959705285,-0.02552136648987413,9
KOSDAQ150,202506,W2,pred_in,006050,0.06207418622255867,-0.00614562762067232,-0.021159667150841166,9
KOSDAQ150,202506,W2,pred_in,288330,-0.015193370165745845,-0.08341318400897683,-0.09842722353914568,9
KOSDAQ150,202506,W2,pred_in,376930,0.03577898550724634,-0.03244082833598465,-0.047454867866153494,9
KOSDAQ150,202506,W2,pred_in,009730,-0.01107654013690107,-0.07929635398013206,-0.0943103935103009,9
KOSDAQ150,202506,W2,pred_in,161580,0.07801418439716312,0.009794370553932133,-0.005219668976236713,9
KOSDAQ150,202506,W2,pred_in,440110,0.06382978723404253,-0.004390026609188455,-0.0194040661393573,9
KOSDAQ150,202506,W2,pred_in,052020,0.012232415902140747,-0.05598739794109024,-0.07100143747125909,9
KOSDAQ150,202506,W2,pred_in,060570,-0.10153846153846158,-0.16975827538169258,-0.1847723149118614,9
KOSDAQ150,202506,W2,pred_in,067630,-0.021416803953871466,-0.08963661779710246,-0.1046506573272713,9
KOSDAQ150,202506,W2,pred_in,083650,0.22649572649572658,0.15827591265249558,0.14326187312232674,9
KOSDAQ150,202506,W2,pred_in,084650,0.011342155009451904,-0.056877658833779085,-0.07189169836394793,9
KOSDAQ150,202506,W2,pred_in,058400,0.03952569169960474,-0.028694122143626252,-0.0437081616737951,9
KOSDAQ150,202506,W2,pred_in,084110,0.22171945701357476,0.15349964317034376,0.13848560364017493,9
KOSDAQ150,202506,W2,pred_in,060230,0.058890147225368006,-0.009329666617862983,-0.02434370614803183,9
KOSDAQ150,202506,W2,pred_in,314930,-0.024231678486997588,-0.09245149233022858,-0.10746553186039742,9
KOSDAQ150,202506,W2,pred_in,228760,0.08517350157728698,0.01695368773405599,0.0019396482038871454,9
KOSDAQ150,202506,W2,pred_in,179900,0.1662531017369726,0.09803328789374162,0.08301924836357277,9
KOSDAQ150,202506,W2,pred_in,323280,0.2534246575342465,0.18520484369101547,0.17019080416084664,9
KOSDAQ150,202506,W2,pred_in,105550,0.17981072555205047,0.11159091170881948,0.09657687217865063,9
KOSDAQ150,202506,W2,pred_in,060370,0.6986134291950186,0.6303936153517876,0.6153795758216187,9
KOSDAQ150,202506,W2,pred_in,347850,0.14970087866891002,0.08148106482567903,0.06646702529551018,9
KOSDAQ150,202506,W2,pred_in,207760,0.3849624060150376,0.3167425921718066,0.3017285526416378,9
KOSDAQ150,202506,W2,pred_in,051980,-0.1487341772151899,-0.2169539910584209,-0.23196803058858972,9
KOSDAQ150,202506,W2,pred_in,035890,-0.004521051144391053,-0.07274086498762204,-0.08775490451779089,9
KOSDAQ150,202506,W2,pred_in,348080,-0.08477206595538311,-0.15299187979861412,-0.16800591932878295,9
KOSDAQ150,202506,W2,pred_in,067390,0.012173913043478368,-0.05604590079975262,-0.07105994032992147,9
KOSDAQ150,202506,W2,pred_in,214680,0.06602254428341392,-0.0021972695598170694,-0.017211309089985916,9
KOSDAQ150,202506,W2,pred_in,160190,0.017906336088154173,-0.050313477755076816,-0.06532751728524566,9
KOSDAQ150,202506,W2,pred_in,950160,-0.029556650246305383,-0.09777646408953637,-0.11279050361970522,9
KOSDAQ150,202506,W2,pred_in,021880,-0.03448275862068961,-0.1027025724639206,-0.11771661199408945,9
KOSDAQ150,202506,W2,pred_in,378800,0.04442112626792594,-0.023798687575305053,-0.0388127271054739,9
KOSDAQ150,202506,W2,pred_in,340570,-0.018662519440124425,-0.08688233328335541,-0.10189637281352426,9
KOSDAQ150,202506,W2,pred_in,101730,0.3226788432267884,0.2544590293835574,0.23944498985338858,9
KOSDAQ150,202506,W2,pred_in,140410,0.1428571428571428,0.0746373290139118,0.05962328948374296,9
KOSDAQ150,202506,W2,pred_in,047920,-0.02139582272032603,-0.08961563656355702,-0.10462967609372587,9
KOSDAQ150,202506,W2,pred_in,033500,0.09108910891089117,0.02286929506766018,0.007855255537491335,9
KOSDAQ150,202506,W2,pred_in,206650,-0.019741837509491322,-0.08796165135272231,-0.10297569088289116,9
KOSDAQ150,202506,W2,act_in,050890,0.1455399061032865,0.0773200922600555,0.06230605272988665,9
KOSDAQ150,202506,W2,act_in,079370,0.045795795795795735,-0.022424018047435254,-0.0374380575776041,9
KOSDAQ150,202506,W2,act_in,323280,0.2534246575342465,0.18520484369101547,0.17019080416084664,9
KOSDAQ150,202506,W2,act_in,160190,0.017906336088154173,-0.050313477755076816,-0.06532751728524566,9
KOSDAQ150,202506,W2,act_in,101730,0.3226788432267884,0.2544590293835574,0.23944498985338858,9
KOSDAQ150,202506,W2,act_in,034950,0.15817984832069332,0.08996003447746233,0.07494599494729348,9
KOSDAQ150,202506,W2,act_in,161580,0.07801418439716312,0.009794370553932133,-0.005219668976236713,9
KOSDAQ150,202506,W2,act_in,033500,0.09108910891089117,0.02286929506766018,0.007855255537491335,9
KOSDAQ150,202506,W2,hit,323280,0.2534246575342465,0.18520484369101547,0.17019080416084664,9
KOSDAQ150,202506,W2,hit,160190,0.017906336088154173,-0.050313477755076816,-0.06532751728524566,9
KOSDAQ150,202506,W2,hit,101730,0.3226788432267884,0.2544590293835574,0.23944498985338858,9
KOSDAQ150,202506,W2,hit,161580,0.07801418439716312,0.009794370553932133,-0.005219668976236713,9
KOSDAQ150,202506,W2,hit,033500,0.09108910891089117,0.02286929506766018,0.007855255537491335,9
KOSDAQ150,202506,W2,false_in,300120,0.09805478364430331,0.029834969801072322,0.014820930270903476,9
KOSDAQ150,202506,W2,false_in,200230,0.27913902802220125,0.21091921417897025,0.19590517464880142,9
KOSDAQ150,202506,W2,false_in,225190,0.08022549869904605,0.01200568485581506,-0.003008354674353786,9
KOSDAQ150,202506,W2,false_in,388720,0.07949790794979084,0.011278094106559847,-0.0037359454236089995,9
KOSDAQ150,202506,W2,false_in,099220,0.10859728506787336,0.04037747122464237,0.025363431694473526,9
KOSDAQ150,202506,W2,false_in,007720,0.14906832298136652,0.08084850913813553,0.06583446960796668,9
KOSDAQ150,202506,W2,false_in,033790,-0.036437246963562764,-0.10465706080679375,-0.1196711003369626,9
KOSDAQ150,202506,W2,false_in,082850,0.06008583690987135,-0.00813397693335964,-0.023148016463528487,9
KOSDAQ150,202506,W2,false_in,099320,0.057712486883525704,-0.010507326959705285,-0.02552136648987413,9
KOSDAQ150,202506,W2,false_in,006050,0.06207418622255867,-0.00614562762067232,-0.021159667150841166,9
KOSDAQ150,202506,W2,false_in,288330,-0.015193370165745845,-0.08341318400897683,-0.09842722353914568,9
KOSDAQ150,202506,W2,false_in,376930,0.03577898550724634,-0.03244082833598465,-0.047454867866153494,9
KOSDAQ150,202506,W2,false_in,009730,-0.01107654013690107,-0.07929635398013206,-0.0943103935103009,9
KOSDAQ150,202506,W2,false_in,440110,0.06382978723404253,-0.004390026609188455,-0.0194040661393573,9
KOSDAQ150,202506,W2,false_in,052020,0.012232415902140747,-0.05598739794109024,-0.07100143747125909,9
KOSDAQ150,202506,W2,false_in,060570,-0.10153846153846158,-0.16975827538169258,-0.1847723149118614,9
KOSDAQ150,202506,W2,false_in,067630,-0.021416803953871466,-0.08963661779710246,-0.1046506573272713,9
KOSDAQ150,202506,W2,false_in,083650,0.22649572649572658,0.15827591265249558,0.14326187312232674,9
KOSDAQ150,202506,W2,false_in,084650,0.011342155009451904,-0.056877658833779085,-0.07189169836394793,9
KOSDAQ150,202506,W2,false_in,058400,0.03952569169960474,-0.028694122143626252,-0.0437081616737951,9
KOSDAQ150,202506,W2,false_in,084110,0.22171945701357476,0.15349964317034376,0.13848560364017493,9
KOSDAQ150,202506,W2,false_in,060230,0.058890147225368006,-0.009329666617862983,-0.02434370614803183,9
KOSDAQ150,202506,W2,false_in,314930,-0.024231678486997588,-0.09245149233022858,-0.10746553186039742,9
KOSDAQ150,202506,W2,false_in,228760,0.08517350157728698,0.01695368773405599,0.0019396482038871454,9
KOSDAQ150,202506,W2,false_in,179900,0.1662531017369726,0.09803328789374162,0.08301924836357277,9
KOSDAQ150,202506,W2,false_in,105550,0.17981072555205047,0.11159091170881948,0.09657687217865063,9
KOSDAQ150,202506,W2,false_in,060370,0.6986134291950186,0.6303936153517876,0.6153795758216187,9
KOSDAQ150,202506,W2,false_in,347850,0.14970087866891002,0.08148106482567903,0.06646702529551018,9
KOSDAQ150,202506,W2,false_in,207760,0.3849624060150376,0.3167425921718066,0.3017285526416378,9
KOSDAQ150,202506,W2,false_in,051980,-0.1487341772151899,-0.2169539910584209,-0.23196803058858972,9
KOSDAQ150,202506,W2,false_in,035890,-0.004521051144391053,-0.07274086498762204,-0.08775490451779089,9
KOSDAQ150,202506,W2,false_in,348080,-0.08477206595538311,-0.15299187979861412,-0.16800591932878295,9
KOSDAQ150,202506,W2,false_in,067390,0.012173913043478368,-0.05604590079975262,-0.07105994032992147,9
KOSDAQ150,202506,W2,false_in,214680,0.06602254428341392,-0.0021972695598170694,-0.017211309089985916,9
KOSDAQ150,202506,W2,false_in,950160,-0.029556650246305383,-0.09777646408953637,-0.11279050361970522,9
KOSDAQ150,202506,W2,false_in,021880,-0.03448275862068961,-0.1027025724639206,-0.11771661199408945,9
KOSDAQ150,202506,W2,false_in,378800,0.04442112626792594,-0.023798687575305053,-0.0388127271054739,9
KOSDAQ150,202506,W2,false_in,340570,-0.018662519440124425,-0.08688233328335541,-0.10189637281352426,9
KOSDAQ150,202506,W2,false_in,140410,0.1428571428571428,0.0746373290139118,0.05962328948374296,9
KOSDAQ150,202506,W2,false_in,047920,-0.02139582272032603,-0.08961563656355702,-0.10462967609372587,9
KOSDAQ150,202506,W2,false_in,206650,-0.019741837509491322,-0.08796165135272231,-0.10297569088289116,9
KOSDAQ150,202506,W2,miss_in,050890,0.1455399061032865,0.0773200922600555,0.06230605272988665,9
KOSDAQ150,202506,W2,miss_in,034950,0.15817984832069332,0.08996003447746233,0.07494599494729348,9
KOSDAQ150,202506,W2,miss_in,079370,0.045795795795795735,-0.022424018047435254,-0.0374380575776041,9
KOSDAQ150,202506,W2,pred_out,372170,0.04136690647482011,-0.02685290736841088,-0.04186694689857973,9
KOSDAQ150,202506,W2,pred_out,118990,0.018538713195201728,-0.04968110064802926,-0.06469514017819811,9
KOSDAQ150,202506,W2,pred_out,060250,0.20634920634920628,0.13812939250597528,0.12311535297580645,9
KOSDAQ150,202506,W2,pred_out,445680,0.09600000000000009,0.027780186156769096,0.01276614662660025,9
KOSDAQ150,202506,W2,pred_out,049070,0.1172185430463577,0.048998729203126715,0.03398468967295787,9
KOSDAQ150,202506,W2,pred_out,425040,0.07407407407407418,0.005854260230843192,-0.009159779299325654,9
KOSDAQ150,202506,W2,pred_out,267980,0.07063711911357351,0.0024173052703425207,-0.012596734259826325,9
KOSDAQ150,202506,W2,pred_out,035600,0.15261958997722092,0.08439977613398993,0.06938573660382108,9
KOSDAQ150,202506,W2,pred_out,033640,0.3255813953488371,0.2573615815056061,0.2423475419754373,9
KOSDAQ150,202506,W2,pred_out,084850,0.09974424552429673,0.03152443168106574,0.01651039215089689,9
KOSDAQ150,202506,W2,pred_out,053610,0.11353711790393017,0.045317304060699184,0.03030326453053034,9
KOSDAQ150,202506,W2,pred_out,095500,0.15292553191489366,0.08470571807166268,0.06969167854149383,9
KOSDAQ150,202506,W2,act_out,118990,0.018538713195201728,-0.04968110064802926,-0.06469514017819811,9
KOSDAQ150,202506,W2,act_out,372170,0.04136690647482011,-0.02685290736841088,-0.04186694689857973,9
KOSDAQ150,202506,W2,act_out,425040,0.07407407407407418,0.005854260230843192,-0.009159779299325654,9
KOSDAQ150,202506,W2,act_out,035600,0.15261958997722092,0.08439977613398993,0.06938573660382108,9
KOSDAQ150,202506,W2,act_out,068240,0.072039072039072,0.003819258195841016,-0.01119478133432783,9
KOSDAQ150,202506,W2,act_out,033640,0.3255813953488371,0.2573615815056061,0.2423475419754373,9
KOSDAQ150,202506,W2,act_out,418550,0.03103448275862064,-0.03718533108461035,-0.052199370614779195,9
KOSDAQ150,202506,W2,act_out,144510,0.09359605911330049,0.0253762452700695,0.010362205739900654,9
KOSDAQ150,202506,W2,act_out,393890,-0.0025673940949936247,-0.07078720793822461,-0.08580124746839346,9
KOSDAQ150,202506,W3,pred_in,300120,-0.09580621836587133,-0.09447088340463469,-0.1062565318752765,20
KOSDAQ150,202506,W3,pred_in,200230,0.6519208381839348,0.6532561731451714,0.6414705246745296,20
KOSDAQ150,202506,W3,pred_in,225190,-0.22440786832597348,-0.22307253336473684,-0.23485818183537865,20
KOSDAQ150,202506,W3,pred_in,388720,-0.06459948320413433,-0.0632641482428977,-0.07504979671353951,20
KOSDAQ150,202506,W3,pred_in,099220,-0.04761904761904767,-0.04628371265781103,-0.058069361128452845,20
KOSDAQ150,202506,W3,pred_in,007720,-0.05845845845845843,-0.05712312349722179,-0.0689087719678636,20
KOSDAQ150,202506,W3,pred_in,033790,-0.15966386554621848,-0.15832853058498184,-0.17011417905562365,20
KOSDAQ150,202506,W3,pred_in,082850,-0.04858299595141702,-0.04724766099018038,-0.05903330946082219,20
KOSDAQ150,202506,W3,pred_in,099320,-0.0714285714285714,-0.07009323646733476,-0.08187888493797657,20
KOSDAQ150,202506,W3,pred_in,006050,-0.05488239486813973,-0.05354705990690309,-0.0653327083775449,20
KOSDAQ150,202506,W3,pred_in,288330,3.23562412342216,3.2369594583833967,3.225173809912755,20
KOSDAQ150,202506,W3,pred_in,376930,-0.17621337997376474,-0.1748780450125281,-0.1866636934831699,20
KOSDAQ150,202506,W3,pred_in,009730,0.02340800402718357,0.024743338988420207,0.012957690517778397,20
KOSDAQ150,202506,W3,pred_in,161580,-0.06578947368421051,-0.06445413872297387,-0.07623978719361568,20
KOSDAQ150,202506,W3,pred_in,440110,0.1454545454545455,0.14678988041578214,0.13500423194514033,20
KOSDAQ150,202506,W3,pred_in,052020,0.1918429003021147,0.19317823526335134,0.18139258679270953,20
KOSDAQ150,202506,W3,pred_in,060570,0.10616438356164393,0.10749971852288057,0.09571407005223875,20
KOSDAQ150,202506,W3,pred_in,067630,-0.2154882154882155,-0.21415288052697887,-0.22593852899762068,20
KOSDAQ150,202506,W3,pred_in,083650,-0.10569105691056913,-0.10435572194933249,-0.1161413704199743,20
KOSDAQ150,202506,W3,pred_in,084650,-0.11028037383177569,-0.10894503887053905,-0.12073068734118086,20
KOSDAQ150,202506,W3,pred_in,058400,-0.016476552598225558,-0.01514121763698892,-0.02692686610763073,20
KOSDAQ150,202506,W3,pred_in,084110,-0.15555555555555556,-0.15422022059431892,-0.16600586906496073,20
KOSDAQ150,202506,W3,pred_in,060230,0.1304812834224598,0.13181661838369643,0.12003096991305462,20
KOSDAQ150,202506,W3,pred_in,314930,-0.0932768019382193,-0.09194146697698266,-0.10372711544762447,20
KOSDAQ150,202506,W3,pred_in,228760,-0.03561046511627908,-0.03427513015504244,-0.04606077862568425,20
KOSDAQ150,202506,W3,pred_in,179900,0.1127659574468085,0.11410129240804515,0.10231564393740333,20
KOSDAQ150,202506,W3,pred_in,323280,-0.012750455373406244,-0.011415120412169607,-0.023200768882811418,20
KOSDAQ150,202506,W3,pred_in,105550,-0.15508021390374327,-0.15374487894250663,-0.16553052741314844,20
KOSDAQ150,202506,W3,pred_in,060370,0.11673784059559345,0.11807317555683008,0.10628752708618827,20
KOSDAQ150,202506,W3,pred_in,347850,0.3001341517947884,0.30146948675602503,0.28968383828538324,20
KOSDAQ150,202506,W3,pred_in,207760,-0.0222584147665581,-0.020923079805321463,-0.03270872827596327,20
KOSDAQ150,202506,W3,pred_in,051980,-0.1802973977695167,-0.17896206280828006,-0.19074771127892187,20
KOSDAQ150,202506,W3,pred_in,035890,0.13880215725234168,0.14013749221357832,0.1283518437429365,20
KOSDAQ150,202506,W3,pred_in,348080,-0.0814963967782959,-0.08016106181705926,-0.09194671028770107,20
KOSDAQ150,202506,W3,pred_in,067390,-0.022336769759450203,-0.021001434798213568,-0.03278708326885538,20
KOSDAQ150,202506,W3,pred_in,214680,-0.15206445115810674,-0.1507291161968701,-0.1625147646675119,20
KOSDAQ150,202506,W3,pred_in,160190,-0.044654939106901215,-0.043319604145664575,-0.05510525261630639,20
KOSDAQ150,202506,W3,pred_in,950160,0.08375634517766506,0.0850916801389017,0.07330603166825989,20
KOSDAQ150,202506,W3,pred_in,021880,-0.17063492063492058,-0.16929958567368394,-0.18108523414432576,20
KOSDAQ150,202506,W3,pred_in,378800,-0.1148693904889484,-0.11353405552771176,-0.12531970399835357,20
KOSDAQ150,202506,W3,pred_in,340570,-0.02535657686212356,-0.024021241900886923,-0.03580689037152873,20
KOSDAQ150,202506,W3,pred_in,101730,-0.10126582278481011,-0.09993048782357347,-0.11171613629421528,20
KOSDAQ150,202506,W3,pred_in,140410,-0.11899038461538458,-0.11765504965414794,-0.12944069812478975,20
KOSDAQ150,202506,W3,pred_in,047920,-0.07964601769911506,-0.07831068273787842,-0.09009633120852023,20
KOSDAQ150,202506,W3,pred_in,033500,-0.1833030852994555,-0.18196775033821885,-0.19375339880886067,20
KOSDAQ150,202506,W3,pred_in,206650,0.020914020139426892,0.022249355100663528,0.010463706630021719,20
KOSDAQ150,202506,W3,act_in,050890,-0.03415300546448086,-0.03281767050324422,-0.04460331897388603,20
KOSDAQ150,202506,W3,act_in,079370,-0.09763101220387649,-0.09629567724263985,-0.10808132571328166,20
KOSDAQ150,202506,W3,act_in,323280,-0.012750455373406244,-0.011415120412169607,-0.023200768882811418,20
KOSDAQ150,202506,W3,act_in,160190,-0.044654939106901215,-0.043319604145664575,-0.05510525261630639,20
KOSDAQ150,202506,W3,act_in,101730,-0.10126582278481011,-0.09993048782357347,-0.11171613629421528,20
KOSDAQ150,202506,W3,act_in,034950,-0.06641721234798881,-0.06508187738675217,-0.07686752585739398,20
KOSDAQ150,202506,W3,act_in,161580,-0.06578947368421051,-0.06445413872297387,-0.07623978719361568,20
KOSDAQ150,202506,W3,act_in,033500,-0.1833030852994555,-0.18196775033821885,-0.19375339880886067,20
KOSDAQ150,202506,W3,hit,323280,-0.012750455373406244,-0.011415120412169607,-0.023200768882811418,20
KOSDAQ150,202506,W3,hit,160190,-0.044654939106901215,-0.043319604145664575,-0.05510525261630639,20
KOSDAQ150,202506,W3,hit,101730,-0.10126582278481011,-0.09993048782357347,-0.11171613629421528,20
KOSDAQ150,202506,W3,hit,161580,-0.06578947368421051,-0.06445413872297387,-0.07623978719361568,20
KOSDAQ150,202506,W3,hit,033500,-0.1833030852994555,-0.18196775033821885,-0.19375339880886067,20
KOSDAQ150,202506,W3,false_in,300120,-0.09580621836587133,-0.09447088340463469,-0.1062565318752765,20
KOSDAQ150,202506,W3,false_in,200230,0.6519208381839348,0.6532561731451714,0.6414705246745296,20
KOSDAQ150,202506,W3,false_in,225190,-0.22440786832597348,-0.22307253336473684,-0.23485818183537865,20
KOSDAQ150,202506,W3,false_in,388720,-0.06459948320413433,-0.0632641482428977,-0.07504979671353951,20
KOSDAQ150,202506,W3,false_in,099220,-0.04761904761904767,-0.04628371265781103,-0.058069361128452845,20
KOSDAQ150,202506,W3,false_in,007720,-0.05845845845845843,-0.05712312349722179,-0.0689087719678636,20
KOSDAQ150,202506,W3,false_in,033790,-0.15966386554621848,-0.15832853058498184,-0.17011417905562365,20
KOSDAQ150,202506,W3,false_in,082850,-0.04858299595141702,-0.04724766099018038,-0.05903330946082219,20
KOSDAQ150,202506,W3,false_in,099320,-0.0714285714285714,-0.07009323646733476,-0.08187888493797657,20
KOSDAQ150,202506,W3,false_in,006050,-0.05488239486813973,-0.05354705990690309,-0.0653327083775449,20
KOSDAQ150,202506,W3,false_in,288330,3.23562412342216,3.2369594583833967,3.225173809912755,20
KOSDAQ150,202506,W3,false_in,376930,-0.17621337997376474,-0.1748780450125281,-0.1866636934831699,20
KOSDAQ150,202506,W3,false_in,009730,0.02340800402718357,0.024743338988420207,0.012957690517778397,20
KOSDAQ150,202506,W3,false_in,440110,0.1454545454545455,0.14678988041578214,0.13500423194514033,20
KOSDAQ150,202506,W3,false_in,052020,0.1918429003021147,0.19317823526335134,0.18139258679270953,20
KOSDAQ150,202506,W3,false_in,060570,0.10616438356164393,0.10749971852288057,0.09571407005223875,20
KOSDAQ150,202506,W3,false_in,067630,-0.2154882154882155,-0.21415288052697887,-0.22593852899762068,20
KOSDAQ150,202506,W3,false_in,083650,-0.10569105691056913,-0.10435572194933249,-0.1161413704199743,20
KOSDAQ150,202506,W3,false_in,084650,-0.11028037383177569,-0.10894503887053905,-0.12073068734118086,20
KOSDAQ150,202506,W3,false_in,058400,-0.016476552598225558,-0.01514121763698892,-0.02692686610763073,20
KOSDAQ150,202506,W3,false_in,084110,-0.15555555555555556,-0.15422022059431892,-0.16600586906496073,20
KOSDAQ150,202506,W3,false_in,060230,0.1304812834224598,0.13181661838369643,0.12003096991305462,20
KOSDAQ150,202506,W3,false_in,314930,-0.0932768019382193,-0.09194146697698266,-0.10372711544762447,20
KOSDAQ150,202506,W3,false_in,228760,-0.03561046511627908,-0.03427513015504244,-0.04606077862568425,20
KOSDAQ150,202506,W3,false_in,179900,0.1127659574468085,0.11410129240804515,0.10231564393740333,20
KOSDAQ150,202506,W3,false_in,105550,-0.15508021390374327,-0.15374487894250663,-0.16553052741314844,20
KOSDAQ150,202506,W3,false_in,060370,0.11673784059559345,0.11807317555683008,0.10628752708618827,20
KOSDAQ150,202506,W3,false_in,347850,0.3001341517947884,0.30146948675602503,0.28968383828538324,20
KOSDAQ150,202506,W3,false_in,207760,-0.0222584147665581,-0.020923079805321463,-0.03270872827596327,20
KOSDAQ150,202506,W3,false_in,051980,-0.1802973977695167,-0.17896206280828006,-0.19074771127892187,20
KOSDAQ150,202506,W3,false_in,035890,0.13880215725234168,0.14013749221357832,0.1283518437429365,20
KOSDAQ150,202506,W3,false_in,348080,-0.0814963967782959,-0.08016106181705926,-0.09194671028770107,20
KOSDAQ150,202506,W3,false_in,067390,-0.022336769759450203,-0.021001434798213568,-0.03278708326885538,20
KOSDAQ150,202506,W3,false_in,214680,-0.15206445115810674,-0.1507291161968701,-0.1625147646675119,20
KOSDAQ150,202506,W3,false_in,950160,0.08375634517766506,0.0850916801389017,0.07330603166825989,20
KOSDAQ150,202506,W3,false_in,021880,-0.17063492063492058,-0.16929958567368394,-0.18108523414432576,20
KOSDAQ150,202506,W3,false_in,378800,-0.1148693904889484,-0.11353405552771176,-0.12531970399835357,20
KOSDAQ150,202506,W3,false_in,340570,-0.02535657686212356,-0.024021241900886923,-0.03580689037152873,20
KOSDAQ150,202506,W3,false_in,140410,-0.11899038461538458,-0.11765504965414794,-0.12944069812478975,20
KOSDAQ150,202506,W3,false_in,047920,-0.07964601769911506,-0.07831068273787842,-0.09009633120852023,20
KOSDAQ150,202506,W3,false_in,206650,0.020914020139426892,0.022249355100663528,0.010463706630021719,20
KOSDAQ150,202506,W3,miss_in,050890,-0.03415300546448086,-0.03281767050324422,-0.04460331897388603,20
KOSDAQ150,202506,W3,miss_in,034950,-0.06641721234798881,-0.06508187738675217,-0.07686752585739398,20
KOSDAQ150,202506,W3,miss_in,079370,-0.09763101220387649,-0.09629567724263985,-0.10808132571328166,20
KOSDAQ150,202506,W3,pred_out,372170,-0.01727115716753025,-0.015935822206293613,-0.027721470676935422,20
KOSDAQ150,202506,W3,pred_out,118990,-0.02997858672376874,-0.028643251762532105,-0.040428900233173914,20
KOSDAQ150,202506,W3,pred_out,060250,0.7412280701754386,0.7425634051366752,0.7307777566660334,20
KOSDAQ150,202506,W3,pred_out,445680,0.2729927007299271,0.2743280356911637,0.2625423872205219,20
KOSDAQ150,202506,W3,pred_out,049070,-0.03260225251926496,-0.03126691755802832,-0.043052566028670136,20
KOSDAQ150,202506,W3,pred_out,425040,0.05397301349325345,0.05530834845449009,0.04352269998384828,20
KOSDAQ150,202506,W3,pred_out,267980,0.011642949547218562,0.0129782845084552,0.0011926360378133882,20
KOSDAQ150,202506,W3,pred_out,035600,0.18774703557312256,0.1890823705343592,0.17729672206371738,20
KOSDAQ150,202506,W3,pred_out,033640,0.02729044834308003,0.028625783304316667,0.016840134833674858,20
KOSDAQ150,202506,W3,pred_out,084850,-0.027131782945736482,-0.025796447984499846,-0.037582096455141656,20
KOSDAQ150,202506,W3,pred_out,053610,-0.019607843137254943,-0.018272508176018307,-0.030058156646660117,20
KOSDAQ150,202506,W3,pred_out,095500,-0.08073817762399083,-0.07940284266275419,-0.091188491133396,20
KOSDAQ150,202506,W3,act_out,118990,-0.02997858672376874,-0.028643251762532105,-0.040428900233173914,20
KOSDAQ150,202506,W3,act_out,372170,-0.01727115716753025,-0.015935822206293613,-0.027721470676935422,20
KOSDAQ150,202506,W3,act_out,425040,0.05397301349325345,0.05530834845449009,0.04352269998384828,20
KOSDAQ150,202506,W3,act_out,035600,0.18774703557312256,0.1890823705343592,0.17729672206371738,20
KOSDAQ150,202506,W3,act_out,068240,-0.036446469248291535,-0.035111134287054896,-0.04689678275769671,20
KOSDAQ150,202506,W3,act_out,033640,0.02729044834308003,0.028625783304316667,0.016840134833674858,20
KOSDAQ150,202506,W3,act_out,418550,-0.0735785953177257,-0.07224326035648906,-0.08402890882713088,20
KOSDAQ150,202506,W3,act_out,144510,-0.060810810810810856,-0.059475475849574216,-0.07126112432021603,20
KOSDAQ150,202506,W3,act_out,393890,-0.09137709137709138,-0.09004175641585474,-0.10182740488649655,20
KOSDAQ150,202506,FULL,pred_in,300120,0.1193848644273574,0.04333311813372835,0.02575174997303109,25
KOSDAQ150,202506,FULL,pred_in,200230,0.06599729241877261,-0.010054453874856442,-0.027635822035553703,25
KOSDAQ150,202506,FULL,pred_in,225190,0.47048406139315224,0.3944323150995232,0.3768509469388259,25
KOSDAQ150,202506,FULL,pred_in,388720,0.10413694721825961,0.028085200924630557,0.010503832763933296,25
KOSDAQ150,202506,FULL,pred_in,099220,0.027972027972027913,-0.04807971832160114,-0.0656610864822984,25
KOSDAQ150,202506,FULL,pred_in,007720,0.044542032622333805,-0.03150971367129525,-0.04909108183199251,25
KOSDAQ150,202506,FULL,pred_in,033790,-0.10188679245283017,-0.1779385387464592,-0.19551990690715648,25
KOSDAQ150,202506,FULL,pred_in,082850,0.09777777777777774,0.021726031484148686,0.004144663323451425,25
KOSDAQ150,202506,FULL,pred_in,099320,0.06553911205074003,-0.010512634242889021,-0.028094002403586282,25
KOSDAQ150,202506,FULL,pred_in,006050,0.02934702861335281,-0.046704717680276245,-0.0642860858409735,25
KOSDAQ150,202506,FULL,pred_in,288330,-0.1842105263157895,-0.26026227260941853,-0.2778436407701158,25
KOSDAQ150,202506,FULL,pred_in,376930,0.03157419936851591,-0.044477546925113146,-0.06205891508581041,25
KOSDAQ150,202506,FULL,pred_in,009730,-0.10285649768544658,-0.17890824397907562,-0.1964896121397729,25
KOSDAQ150,202506,FULL,pred_in,161580,0.23980424143556278,0.16375249514193374,0.14617112698123647,25
KOSDAQ150,202506,FULL,pred_in,440110,0.020408163265306145,-0.05564358302832291,-0.07322495118902017,25
KOSDAQ150,202506,FULL,pred_in,052020,0.0960264900662251,0.019974743772596046,0.0023933756118987848,25
KOSDAQ150,202506,FULL,pred_in,060570,0.04659498207885315,-0.029456764214775902,-0.04703813237547316,25
KOSDAQ150,202506,FULL,pred_in,067630,-0.08333333333333337,-0.1593850796269624,-0.1769664477876597,25
KOSDAQ150,202506,FULL,pred_in,083650,0.5105263157894737,0.4344745694958447,0.4168932013351474,25
KOSDAQ150,202506,FULL,pred_in,084650,0.2441860465116279,0.16813430021799886,0.15055293205730158,25
KOSDAQ150,202506,FULL,pred_in,058400,0.03407601572739183,-0.04197573056623723,-0.05955709872693449,25
KOSDAQ150,202506,FULL,pred_in,084110,0.044487427466150864,-0.03156431882747819,-0.04914568698817545,25
KOSDAQ150,202506,FULL,pred_in,060230,-0.1523118766999093,-0.22836362299353835,-0.24594499115423563,25
KOSDAQ150,202506,FULL,pred_in,314930,0.12236573759347391,0.046313991299844856,0.028732623139147595,25
KOSDAQ150,202506,FULL,pred_in,228760,-0.09354413702239794,-0.16959588331602699,-0.18717725147672426,25
KOSDAQ150,202506,FULL,pred_in,179900,0.19714722363728976,0.1210954773436607,0.10351410918296344,25
KOSDAQ150,202506,FULL,pred_in,323280,0.3690773067331672,0.29302556043953815,0.27544419227884087,25
KOSDAQ150,202506,FULL,pred_in,105550,0.030303030303030276,-0.04574871599059878,-0.06333008415129604,25
KOSDAQ150,202506,FULL,pred_in,060370,0.71113554061045,0.6350837943168209,0.6175024261561237,25
KOSDAQ150,202506,FULL,pred_in,347850,0.30374178503285987,0.22769003873923083,0.21010867057853355,25
KOSDAQ150,202506,FULL,pred_in,207760,0.29718309859154934,0.2211313522979203,0.20354998413722303,25
KOSDAQ150,202506,FULL,pred_in,051980,-0.3722287047841307,-0.44828045107775977,-0.46586181923845704,25
KOSDAQ150,202506,FULL,pred_in,035890,0.02115942028985507,-0.054892326003773986,-0.07247369416447125,25
KOSDAQ150,202506,FULL,pred_in,348080,-0.30371900826446285,-0.3797707545580919,-0.39735212271878917,25
KOSDAQ150,202506,FULL,pred_in,067390,0.044883303411131115,-0.03116844288249794,-0.0487498110431952,25
KOSDAQ150,202506,FULL,pred_in,214680,0.04306722689075637,-0.03298451940287268,-0.050565887563569945,25
KOSDAQ150,202506,FULL,pred_in,160190,0.17862838915470491,0.10257664286107586,0.0849952747003786,25
KOSDAQ150,202506,FULL,pred_in,950160,0.07945205479452055,0.0034003085008914996,-0.014181059659805761,25
KOSDAQ150,202506,FULL,pred_in,021880,0.5899053627760253,0.5138536164823962,0.496272248321699,25
KOSDAQ150,202506,FULL,pred_in,378800,0.1431852986217459,0.06713355232811684,0.04955218416741958,25
KOSDAQ150,202506,FULL,pred_in,340570,-0.1296551724137931,-0.20570691870742214,-0.2232882868681194,25
KOSDAQ150,202506,FULL,pred_in,101730,0.44352159468438535,0.3674698483907563,0.34988848023005903,25
KOSDAQ150,202506,FULL,pred_in,140410,0.06257982120051087,-0.01347192509311819,-0.03105329325381545,25
KOSDAQ150,202506,FULL,pred_in,047920,-0.06292682926829263,-0.13897857556192167,-0.15655994372261894,25
KOSDAQ150,202506,FULL,pred_in,033500,0.0825147347740669,0.006462988480437845,-0.011118379680259416,25
KOSDAQ150,202506,FULL,pred_in,206650,-0.016006097560975596,-0.09205784385460465,-0.10963921201530191,25
KOSDAQ150,202506,FULL,act_in,050890,0.013850415512465464,-0.06220133078116359,-0.07978269894186085,25
KOSDAQ150,202506,FULL,act_in,079370,0.06579954093343532,-0.010252205360193736,-0.027833573520890997,25
KOSDAQ150,202506,FULL,act_in,323280,0.3690773067331672,0.29302556043953815,0.27544419227884087,25
KOSDAQ150,202506,FULL,act_in,160190,0.17862838915470491,0.10257664286107586,0.0849952747003786,25
KOSDAQ150,202506,FULL,act_in,101730,0.44352159468438535,0.3674698483907563,0.34988848023005903,25
KOSDAQ150,202506,FULL,act_in,034950,0.18777777777777782,0.11172603148414877,0.0941446633234515,25
KOSDAQ150,202506,FULL,act_in,161580,0.23980424143556278,0.16375249514193374,0.14617112698123647,25
KOSDAQ150,202506,FULL,act_in,033500,0.0825147347740669,0.006462988480437845,-0.011118379680259416,25
KOSDAQ150,202506,FULL,hit,323280,0.3690773067331672,0.29302556043953815,0.27544419227884087,25
KOSDAQ150,202506,FULL,hit,160190,0.17862838915470491,0.10257664286107586,0.0849952747003786,25
KOSDAQ150,202506,FULL,hit,101730,0.44352159468438535,0.3674698483907563,0.34988848023005903,25
KOSDAQ150,202506,FULL,hit,161580,0.23980424143556278,0.16375249514193374,0.14617112698123647,25
KOSDAQ150,202506,FULL,hit,033500,0.0825147347740669,0.006462988480437845,-0.011118379680259416,25
KOSDAQ150,202506,FULL,false_in,300120,0.1193848644273574,0.04333311813372835,0.02575174997303109,25
KOSDAQ150,202506,FULL,false_in,200230,0.06599729241877261,-0.010054453874856442,-0.027635822035553703,25
KOSDAQ150,202506,FULL,false_in,225190,0.47048406139315224,0.3944323150995232,0.3768509469388259,25
KOSDAQ150,202506,FULL,false_in,388720,0.10413694721825961,0.028085200924630557,0.010503832763933296,25
KOSDAQ150,202506,FULL,false_in,099220,0.027972027972027913,-0.04807971832160114,-0.0656610864822984,25
KOSDAQ150,202506,FULL,false_in,007720,0.044542032622333805,-0.03150971367129525,-0.04909108183199251,25
KOSDAQ150,202506,FULL,false_in,033790,-0.10188679245283017,-0.1779385387464592,-0.19551990690715648,25
KOSDAQ150,202506,FULL,false_in,082850,0.09777777777777774,0.021726031484148686,0.004144663323451425,25
KOSDAQ150,202506,FULL,false_in,099320,0.06553911205074003,-0.010512634242889021,-0.028094002403586282,25
KOSDAQ150,202506,FULL,false_in,006050,0.02934702861335281,-0.046704717680276245,-0.0642860858409735,25
KOSDAQ150,202506,FULL,false_in,288330,-0.1842105263157895,-0.26026227260941853,-0.2778436407701158,25
KOSDAQ150,202506,FULL,false_in,376930,0.03157419936851591,-0.044477546925113146,-0.06205891508581041,25
KOSDAQ150,202506,FULL,false_in,009730,-0.10285649768544658,-0.17890824397907562,-0.1964896121397729,25
KOSDAQ150,202506,FULL,false_in,440110,0.020408163265306145,-0.05564358302832291,-0.07322495118902017,25
KOSDAQ150,202506,FULL,false_in,052020,0.0960264900662251,0.019974743772596046,0.0023933756118987848,25
KOSDAQ150,202506,FULL,false_in,060570,0.04659498207885315,-0.029456764214775902,-0.04703813237547316,25
KOSDAQ150,202506,FULL,false_in,067630,-0.08333333333333337,-0.1593850796269624,-0.1769664477876597,25
KOSDAQ150,202506,FULL,false_in,083650,0.5105263157894737,0.4344745694958447,0.4168932013351474,25
KOSDAQ150,202506,FULL,false_in,084650,0.2441860465116279,0.16813430021799886,0.15055293205730158,25
KOSDAQ150,202506,FULL,false_in,058400,0.03407601572739183,-0.04197573056623723,-0.05955709872693449,25
KOSDAQ150,202506,FULL,false_in,084110,0.044487427466150864,-0.03156431882747819,-0.04914568698817545,25
KOSDAQ150,202506,FULL,false_in,060230,-0.1523118766999093,-0.22836362299353835,-0.24594499115423563,25
KOSDAQ150,202506,FULL,false_in,314930,0.12236573759347391,0.046313991299844856,0.028732623139147595,25
KOSDAQ150,202506,FULL,false_in,228760,-0.09354413702239794,-0.16959588331602699,-0.18717725147672426,25
KOSDAQ150,202506,FULL,false_in,179900,0.19714722363728976,0.1210954773436607,0.10351410918296344,25
KOSDAQ150,202506,FULL,false_in,105550,0.030303030303030276,-0.04574871599059878,-0.06333008415129604,25
KOSDAQ150,202506,FULL,false_in,060370,0.71113554061045,0.6350837943168209,0.6175024261561237,25
KOSDAQ150,202506,FULL,false_in,347850,0.30374178503285987,0.22769003873923083,0.21010867057853355,25
KOSDAQ150,202506,FULL,false_in,207760,0.29718309859154934,0.2211313522979203,0.20354998413722303,25
KOSDAQ150,202506,FULL,false_in,051980,-0.3722287047841307,-0.44828045107775977,-0.46586181923845704,25
KOSDAQ150,202506,FULL,false_in,035890,0.02115942028985507,-0.054892326003773986,-0.07247369416447125,25
KOSDAQ150,202506,FULL,false_in,348080,-0.30371900826446285,-0.3797707545580919,-0.39735212271878917,25
KOSDAQ150,202506,FULL,false_in,067390,0.044883303411131115,-0.03116844288249794,-0.0487498110431952,25
KOSDAQ150,202506,FULL,false_in,214680,0.04306722689075637,-0.03298451940287268,-0.050565887563569945,25
KOSDAQ150,202506,FULL,false_in,950160,0.07945205479452055,0.0034003085008914996,-0.014181059659805761,25
KOSDAQ150,202506,FULL,false_in,021880,0.5899053627760253,0.5138536164823962,0.496272248321699,25
KOSDAQ150,202506,FULL,false_in,378800,0.1431852986217459,0.06713355232811684,0.04955218416741958,25
KOSDAQ150,202506,FULL,false_in,340570,-0.1296551724137931,-0.20570691870742214,-0.2232882868681194,25
KOSDAQ150,202506,FULL,false_in,140410,0.06257982120051087,-0.01347192509311819,-0.03105329325381545,25
KOSDAQ150,202506,FULL,false_in,047920,-0.06292682926829263,-0.13897857556192167,-0.15655994372261894,25
KOSDAQ150,202506,FULL,false_in,206650,-0.016006097560975596,-0.09205784385460465,-0.10963921201530191,25
KOSDAQ150,202506,FULL,miss_in,050890,0.013850415512465464,-0.06220133078116359,-0.07978269894186085,25
KOSDAQ150,202506,FULL,miss_in,034950,0.18777777777777782,0.11172603148414877,0.0941446633234515,25
KOSDAQ150,202506,FULL,miss_in,079370,0.06579954093343532,-0.010252205360193736,-0.027833573520890997,25
KOSDAQ150,202506,FULL,pred_out,372170,-0.13452914798206284,-0.21058089427569188,-0.22816226243638915,25
KOSDAQ150,202506,FULL,pred_out,118990,0.10401891252955076,0.0279671662359217,0.01038579807522444,25
KOSDAQ150,202506,FULL,pred_out,060250,0.18287937743190663,0.10682763113827758,0.08924626297758032,25
KOSDAQ150,202506,FULL,pred_out,445680,0.415289256198347,0.33923750990471796,0.3216561417440207,25
KOSDAQ150,202506,FULL,pred_out,049070,0.05240174672489073,-0.023649999568738325,-0.041231367729435586,25
KOSDAQ150,202506,FULL,pred_out,425040,0.012139605462822445,-0.06391214083080661,-0.08149350899150387,25
KOSDAQ150,202506,FULL,pred_out,267980,0.03204272363150862,-0.04400902266212044,-0.0615903908228177,25
KOSDAQ150,202506,FULL,pred_out,035600,0.16188289322617688,0.08583114693254783,0.06824977877185057,25
KOSDAQ150,202506,FULL,pred_out,033640,0.4956268221574345,0.41957507586380544,0.40199370770310816,25
KOSDAQ150,202506,FULL,pred_out,084850,0.03614457831325302,-0.03990716798037604,-0.0574885361410733,25
KOSDAQ150,202506,FULL,pred_out,053610,0.034482758620689724,-0.04156898767293933,-0.05915035583363659,25
KOSDAQ150,202506,FULL,pred_out,095500,0.11296534017971749,0.03691359388608843,0.019332225725391172,25
KOSDAQ150,202506,FULL,act_out,118990,0.10401891252955076,0.0279671662359217,0.01038579807522444,25
KOSDAQ150,202506,FULL,act_out,372170,-0.13452914798206284,-0.21058089427569188,-0.22816226243638915,25
KOSDAQ150,202506,FULL,act_out,425040,0.012139605462822445,-0.06391214083080661,-0.08149350899150387,25
KOSDAQ150,202506,FULL,act_out,035600,0.16188289322617688,0.08583114693254783,0.06824977877185057,25
KOSDAQ150,202506,FULL,act_out,068240,0.009195402298850519,-0.06685634399477854,-0.0844377121554758,25
KOSDAQ150,202506,FULL,act_out,033640,0.4956268221574345,0.41957507586380544,0.40199370770310816,25
KOSDAQ150,202506,FULL,act_out,418550,-0.021810250817884458,-0.09786199711151351,-0.11544336527221077,25
KOSDAQ150,202506,FULL,act_out,144510,0.07246376811594213,-0.0035879781776869263,-0.021169346338384187,25
KOSDAQ150,202506,FULL,act_out,393890,-0.17340425531914894,-0.24945600161277798,-0.26703736977347525,25
KOSDAQ150,202512,W1,pred_in,300120,-0.18419753086419755,-0.11709976774394318,-0.14499792450041216,11
KOSDAQ150,202512,W1,pred_in,200230,-0.0730967886817876,-0.005999025561533228,-0.033897182318002206,11
KOSDAQ150,202512,W1,pred_in,225190,-0.17911318553092181,-0.11201542241066745,-0.13991357916713643,11
KOSDAQ150,202512,W1,pred_in,388720,-0.17808219178082196,-0.1109844286605676,-0.13888258541703657,11
KOSDAQ150,202512,W1,pred_in,099220,-0.023993144815766976,0.04310461830448739,0.015206461548018413,11
KOSDAQ150,202512,W1,pred_in,102710,-0.055894308943089444,0.011203454177164923,-0.016694702579304055,11
KOSDAQ150,202512,W1,pred_in,082850,-0.03579952267303099,0.031298240447223374,0.0034000836907543963,11
KOSDAQ150,202512,W1,pred_in,099320,-0.07190635451505012,-0.004808591394795753,-0.03270674815126473,11
KOSDAQ150,202512,W1,pred_in,214430,-0.16959798994974873,-0.10250022682949436,-0.13039838358596334,11
KOSDAQ150,202512,W1,pred_in,376930,0.19999999999999996,0.26709776312025435,0.23919960636378534,11
KOSDAQ150,202512,W1,pred_in,009730,-0.06288120824862042,0.004216554871633943,-0.023681601884835035,11
KOSDAQ150,202512,W1,pred_in,440110,-0.04633204633204635,0.020765716788208016,-0.007132439968260962,11
KOSDAQ150,202512,W1,pred_in,475830,0.14371859296482414,0.2108163560850785,0.18291819932860953,11
KOSDAQ150,202512,W1,pred_in,030530,-0.23916811091854417,-0.1720703477982898,-0.19996850455475879,11
KOSDAQ150,202512,W1,pred_in,060570,0.020547945205479534,0.0876457083257339,0.05974755156926492,11
KOSDAQ150,202512,W1,pred_in,067630,0.0674157303370786,0.13451349345733296,0.10661533670086398,11
KOSDAQ150,202512,W1,pred_in,083650,-0.14641434262948205,-0.07931657950922769,-0.10721473626569666,11
KOSDAQ150,202512,W1,pred_in,084650,0.02733485193621865,0.09443261505647302,0.06653445830000404,11
KOSDAQ150,202512,W1,pred_in,084110,0.0185185185185186,0.08561628163877297,0.05771812488230399,11
KOSDAQ150,202512,W1,pred_in,319400,-0.18357487922705318,-0.11647711610679881,-0.1443752728632678,11
KOSDAQ150,202512,W1,pred_in,032820,-0.20125786163522008,-0.13416009851496571,-0.1620582552714347,11
KOSDAQ150,202512,W1,pred_in,200670,-0.11515748031496065,-0.04805971719470628,-0.07595787395117526,11
KOSDAQ150,202512,W1,pred_in,389470,0.5249745158002039,0.5920722789204583,0.5641741221639893,11
KOSDAQ150,202512,W1,pred_in,466100,-0.20493562231759654,-0.13783785919734218,-0.16573601595381116,11
KOSDAQ150,202512,W1,pred_in,419530,-0.2134831460674157,-0.14638538294716133,-0.1742835397036303,11
KOSDAQ150,202512,W1,pred_in,083660,-0.17290392227419937,-0.105806159153945,-0.13370431591041398,11
KOSDAQ150,202512,W1,pred_in,105550,-0.14269788182831666,-0.0756001187080623,-0.10349827546453128,11
KOSDAQ150,202512,W1,pred_in,119850,-0.29736211031175064,-0.23026434719149627,-0.25816250394796525,11
KOSDAQ150,202512,W1,pred_in,446840,-0.04538852578068264,0.021709237339571724,-0.006188919416897254,11
KOSDAQ150,202512,W1,pred_in,078130,-0.008333333333333304,0.05876442978692106,0.030866273030452085,11
KOSDAQ150,202512,W1,pred_in,060370,-0.1658456486042693,-0.09874788548401495,-0.12664604224048392,11
KOSDAQ150,202512,W1,pred_in,437730,-0.24294670846394983,-0.17584894534369547,-0.20374710210016445,11
KOSDAQ150,202512,W1,pred_in,044490,-0.2139303482587065,-0.14683258513845213,-0.1747307418949211,11
KOSDAQ150,202512,W1,pred_in,347850,0.3201084629656059,0.3872062260858603,0.3593080693293913,11
KOSDAQ150,202512,W1,pred_in,207760,-0.0902643455834945,-0.023166582463240132,-0.05106473921970911,11
KOSDAQ150,202512,W1,pred_in,348080,0.11206668430801803,0.1791644474282724,0.15126629067180342,11
KOSDAQ150,202512,W1,pred_in,035890,0.0,0.06709776312025437,0.03919960636378539,11
KOSDAQ150,202512,W1,pred_in,067390,0.09560229445506696,0.16270005757532133,0.13480190081885235,11
KOSDAQ150,202512,W1,pred_in,214680,0.009885535900103992,0.07698329902035836,0.04908514226388938,11
KOSDAQ150,202512,W1,pred_in,160190,-0.24919614147909963,-0.18209837835884526,-0.20999653511531424,11
KOSDAQ150,202512,W1,pred_in,108490,-0.2568306010928961,-0.18973283797264176,-0.21763099472911074,11
KOSDAQ150,202512,W1,pred_in,347700,0.03894616265750295,0.10604392577775731,0.07814576902128834,11
KOSDAQ150,202512,W1,pred_in,021880,-0.03396226415094339,0.03313549896931098,0.005237342212842,11
KOSDAQ150,202512,W1,pred_in,950160,0.2664437012263099,0.3335414643465643,0.3056433075900953,11
KOSDAQ150,202512,W1,pred_in,378800,-0.0714285714285714,-0.00433080830831703,-0.03222896506478601,11
KOSDAQ150,202512,W1,pred_in,064260,-0.1624365482233503,-0.09533878510309593,-0.12323694185956491,11
KOSDAQ150,202512,W1,pred_in,140410,0.0930979133226324,0.16019567644288676,0.13229751968641779,11
KOSDAQ150,202512,W1,pred_in,047920,0.07118644067796609,0.13828420379822046,0.11038604704175148,11
KOSDAQ150,202512,W1,pred_in,211050,0.018077239112571863,0.08517500223282623,0.05727684547635725,11
KOSDAQ150,202512,W1,act_in,036620,0.005681818181818121,0.07277958130207249,0.04488142454560351,11
KOSDAQ150,202512,W1,act_in,083650,-0.14641434262948205,-0.07931657950922769,-0.10721473626569666,11
KOSDAQ150,202512,W1,act_in,388720,-0.17808219178082196,-0.1109844286605676,-0.13888258541703657,11
KOSDAQ150,202512,W1,act_in,108490,-0.2568306010928961,-0.18973283797264176,-0.21763099472911074,11
KOSDAQ150,202512,W1,act_in,032820,-0.20125786163522008,-0.13416009851496571,-0.1620582552714347,11
KOSDAQ150,202512,W1,act_in,466100,-0.20493562231759654,-0.13783785919734218,-0.16573601595381116,11
KOSDAQ150,202512,W1,act_in,060370,-0.1658456486042693,-0.09874788548401495,-0.12664604224048392,11
KOSDAQ150,202512,W1,act_in,214430,-0.16959798994974873,-0.10250022682949436,-0.13039838358596334,11
KOSDAQ150,202512,W1,act_in,056080,-0.2056737588652482,-0.13857599574499382,-0.1664741525014628,11
KOSDAQ150,202512,W1,act_in,304100,-0.20618556701030932,-0.13908780389005496,-0.16698596064652393,11
KOSDAQ150,202512,W1,act_in,059090,-0.12290127602417733,-0.055803512903922964,-0.08370166966039194,11
KOSDAQ150,202512,W1,act_in,347850,0.3201084629656059,0.3872062260858603,0.3593080693293913,11
KOSDAQ150,202512,W1,act_in,211050,0.018077239112571863,0.08517500223282623,0.05727684547635725,11
KOSDAQ150,202512,W1,hit,388720,-0.17808219178082196,-0.1109844286605676,-0.13888258541703657,11
KOSDAQ150,202512,W1,hit,083650,-0.14641434262948205,-0.07931657950922769,-0.10721473626569666,11
KOSDAQ150,202512,W1,hit,108490,-0.2568306010928961,-0.18973283797264176,-0.21763099472911074,11
KOSDAQ150,202512,W1,hit,032820,-0.20125786163522008,-0.13416009851496571,-0.1620582552714347,11
KOSDAQ150,202512,W1,hit,466100,-0.20493562231759654,-0.13783785919734218,-0.16573601595381116,11
KOSDAQ150,202512,W1,hit,060370,-0.1658456486042693,-0.09874788548401495,-0.12664604224048392,11
KOSDAQ150,202512,W1,hit,214430,-0.16959798994974873,-0.10250022682949436,-0.13039838358596334,11
KOSDAQ150,202512,W1,hit,347850,0.3201084629656059,0.3872062260858603,0.3593080693293913,11
KOSDAQ150,202512,W1,hit,211050,0.018077239112571863,0.08517500223282623,0.05727684547635725,11
KOSDAQ150,202512,W1,false_in,300120,-0.18419753086419755,-0.11709976774394318,-0.14499792450041216,11
KOSDAQ150,202512,W1,false_in,200230,-0.0730967886817876,-0.005999025561533228,-0.033897182318002206,11
KOSDAQ150,202512,W1,false_in,225190,-0.17911318553092181,-0.11201542241066745,-0.13991357916713643,11
KOSDAQ150,202512,W1,false_in,099220,-0.023993144815766976,0.04310461830448739,0.015206461548018413,11
KOSDAQ150,202512,W1,false_in,102710,-0.055894308943089444,0.011203454177164923,-0.016694702579304055,11
KOSDAQ150,202512,W1,false_in,082850,-0.03579952267303099,0.031298240447223374,0.0034000836907543963,11
KOSDAQ150,202512,W1,false_in,099320,-0.07190635451505012,-0.004808591394795753,-0.03270674815126473,11
KOSDAQ150,202512,W1,false_in,376930,0.19999999999999996,0.26709776312025435,0.23919960636378534,11
KOSDAQ150,202512,W1,false_in,440110,-0.04633204633204635,0.020765716788208016,-0.007132439968260962,11
KOSDAQ150,202512,W1,false_in,009730,-0.06288120824862042,0.004216554871633943,-0.023681601884835035,11
KOSDAQ150,202512,W1,false_in,475830,0.14371859296482414,0.2108163560850785,0.18291819932860953,11
KOSDAQ150,202512,W1,false_in,030530,-0.23916811091854417,-0.1720703477982898,-0.19996850455475879,11
KOSDAQ150,202512,W1,false_in,060570,0.020547945205479534,0.0876457083257339,0.05974755156926492,11
KOSDAQ150,202512,W1,false_in,067630,0.0674157303370786,0.13451349345733296,0.10661533670086398,11
KOSDAQ150,202512,W1,false_in,084650,0.02733485193621865,0.09443261505647302,0.06653445830000404,11
KOSDAQ150,202512,W1,false_in,084110,0.0185185185185186,0.08561628163877297,0.05771812488230399,11
KOSDAQ150,202512,W1,false_in,319400,-0.18357487922705318,-0.11647711610679881,-0.1443752728632678,11
KOSDAQ150,202512,W1,false_in,200670,-0.11515748031496065,-0.04805971719470628,-0.07595787395117526,11
KOSDAQ150,202512,W1,false_in,389470,0.5249745158002039,0.5920722789204583,0.5641741221639893,11
KOSDAQ150,202512,W1,false_in,419530,-0.2134831460674157,-0.14638538294716133,-0.1742835397036303,11
KOSDAQ150,202512,W1,false_in,083660,-0.17290392227419937,-0.105806159153945,-0.13370431591041398,11
KOSDAQ150,202512,W1,false_in,105550,-0.14269788182831666,-0.0756001187080623,-0.10349827546453128,11
KOSDAQ150,202512,W1,false_in,119850,-0.29736211031175064,-0.23026434719149627,-0.25816250394796525,11
KOSDAQ150,202512,W1,false_in,446840,-0.04538852578068264,0.021709237339571724,-0.006188919416897254,11
KOSDAQ150,202512,W1,false_in,078130,-0.008333333333333304,0.05876442978692106,0.030866273030452085,11
KOSDAQ150,202512,W1,false_in,437730,-0.24294670846394983,-0.17584894534369547,-0.20374710210016445,11
KOSDAQ150,202512,W1,false_in,044490,-0.2139303482587065,-0.14683258513845213,-0.1747307418949211,11
KOSDAQ150,202512,W1,false_in,207760,-0.0902643455834945,-0.023166582463240132,-0.05106473921970911,11
KOSDAQ150,202512,W1,false_in,348080,0.11206668430801803,0.1791644474282724,0.15126629067180342,11
KOSDAQ150,202512,W1,false_in,035890,0.0,0.06709776312025437,0.03919960636378539,11
KOSDAQ150,202512,W1,false_in,067390,0.09560229445506696,0.16270005757532133,0.13480190081885235,11
KOSDAQ150,202512,W1,false_in,214680,0.009885535900103992,0.07698329902035836,0.04908514226388938,11
KOSDAQ150,202512,W1,false_in,160190,-0.24919614147909963,-0.18209837835884526,-0.20999653511531424,11
KOSDAQ150,202512,W1,false_in,347700,0.03894616265750295,0.10604392577775731,0.07814576902128834,11
KOSDAQ150,202512,W1,false_in,950160,0.2664437012263099,0.3335414643465643,0.3056433075900953,11
KOSDAQ150,202512,W1,false_in,021880,-0.03396226415094339,0.03313549896931098,0.005237342212842,11
KOSDAQ150,202512,W1,false_in,378800,-0.0714285714285714,-0.00433080830831703,-0.03222896506478601,11
KOSDAQ150,202512,W1,false_in,064260,-0.1624365482233503,-0.09533878510309593,-0.12323694185956491,11
KOSDAQ150,202512,W1,false_in,140410,0.0930979133226324,0.16019567644288676,0.13229751968641779,11
KOSDAQ150,202512,W1,false_in,047920,0.07118644067796609,0.13828420379822046,0.11038604704175148,11
KOSDAQ150,202512,W1,miss_in,036620,0.005681818181818121,0.07277958130207249,0.04488142454560351,11
KOSDAQ150,202512,W1,miss_in,304100,-0.20618556701030932,-0.13908780389005496,-0.16698596064652393,11
KOSDAQ150,202512,W1,miss_in,056080,-0.2056737588652482,-0.13857599574499382,-0.1664741525014628,11
KOSDAQ150,202512,W1,miss_in,059090,-0.12290127602417733,-0.055803512903922964,-0.08370166966039194,11
KOSDAQ150,202512,W1,pred_out,049070,-0.17360285374554107,-0.10650509062528671,-0.13440324738175569,11
KOSDAQ150,202512,W1,pred_out,094360,-0.1748251748251748,-0.10772741170492042,-0.1356255684613894,11
KOSDAQ150,202512,W1,pred_out,267980,0.04685212298682284,0.11394988610707721,0.08605172935060823,11
KOSDAQ150,202512,W1,pred_out,091700,-0.008583690987124415,0.05851407213312995,0.030615915376660974,11
KOSDAQ150,202512,W1,pred_out,095500,0.1791703442188879,0.24626810733914226,0.21836995058267328,11
KOSDAQ150,202512,W1,pred_out,084850,-0.07106598984771573,-0.00396822672746136,-0.03186638348393034,11
KOSDAQ150,202512,W1,pred_out,420770,-0.13168724279835387,-0.0645894796780995,-0.09248763643456848,11
KOSDAQ150,202512,W1,pred_out,108860,-0.1517857142857143,-0.08468795116545993,-0.11258610792192891,11
KOSDAQ150,202512,W1,pred_out,060280,-0.10502692998204666,-0.03792916686179229,-0.06582732361826127,11
KOSDAQ150,202512,W1,pred_out,053610,0.1626409017713366,0.22973866489159098,0.201840508135122,11
KOSDAQ150,202512,W1,pred_out,064550,-0.049552649690295936,0.01754511342995843,-0.010353043326510547,11
KOSDAQ150,202512,W1,pred_out,091120,-0.16335540838852092,-0.09625764526826655,-0.12415580202473553,11
KOSDAQ150,202512,W1,pred_out,317330,-0.09953488372093022,-0.032437120600675856,-0.060335277357144834,11
KOSDAQ150,202512,W1,pred_out,114840,-0.1497998856489422,-0.08270212252868783,-0.11060027928515681,11
KOSDAQ150,202512,W1,pred_out,394280,-0.20115774240231543,-0.13405997928206106,-0.16195813603853004,11
KOSDAQ150,202512,W1,act_out,115450,0.014238410596026485,0.08133617371628085,0.053438016959811874,11
KOSDAQ150,202512,W1,act_out,064550,-0.049552649690295936,0.01754511342995843,-0.010353043326510547,11
KOSDAQ150,202512,W1,act_out,049070,-0.17360285374554107,-0.10650509062528671,-0.13440324738175569,11
KOSDAQ150,202512,W1,act_out,094360,-0.1748251748251748,-0.10772741170492042,-0.1356255684613894,11
KOSDAQ150,202512,W1,act_out,099190,0.028742514970059974,0.09584027809031434,0.06794212133384536,11
KOSDAQ150,202512,W1,act_out,267980,0.04685212298682284,0.11394988610707721,0.08605172935060823,11
KOSDAQ150,202512,W1,act_out,053610,0.1626409017713366,0.22973866489159098,0.201840508135122,11
KOSDAQ150,202512,W1,act_out,084850,-0.07106598984771573,-0.00396822672746136,-0.03186638348393034,11
KOSDAQ150,202512,W1,act_out,420770,-0.13168724279835387,-0.0645894796780995,-0.09248763643456848,11
KOSDAQ150,202512,W1,act_out,034950,0.018499486125385323,0.08559724924563969,0.05769909248917071,11
KOSDAQ150,202512,W1,act_out,091700,-0.008583690987124415,0.05851407213312995,0.030615915376660974,11
KOSDAQ150,202512,W1,act_out,095500,0.1791703442188879,0.24626810733914226,0.21836995058267328,11
KOSDAQ150,202512,W1,act_out,091120,-0.16335540838852092,-0.09625764526826655,-0.12415580202473553,11
KOSDAQ150,202512,W1,act_out,317330,-0.09953488372093022,-0.032437120600675856,-0.060335277357144834,11
KOSDAQ150,202512,W1,act_out,114840,-0.1497998856489422,-0.08270212252868783,-0.11060027928515681,11
KOSDAQ150,202512,W1,act_out,394280,-0.20115774240231543,-0.13405997928206106,-0.16195813603853004,11
KOSDAQ150,202512,W2,pred_in,300120,-0.22455089820359286,-0.3082351296639357,-0.29722224742087233,16
KOSDAQ150,202512,W2,pred_in,200230,0.04030662710187927,-0.04337760435846355,-0.0323647221154002,16
KOSDAQ150,202512,W2,pred_in,225190,-0.12761355443403033,-0.21129778589437315,-0.2002849036513098,16
KOSDAQ150,202512,W2,pred_in,388720,0.13540372670807455,0.05171949524773173,0.06273237749079508,16
KOSDAQ150,202512,W2,pred_in,099220,-0.012280701754386003,-0.09596493321472882,-0.08495205097166547,16
KOSDAQ150,202512,W2,pred_in,102710,-0.024043715846994496,-0.10772794730733731,-0.09671506506427396,16
KOSDAQ150,202512,W2,pred_in,082850,0.012376237623762387,-0.07130799383658043,-0.06029511159351708,16
KOSDAQ150,202512,W2,pred_in,099320,-0.0636363636363636,-0.14732059509670642,-0.13630771285364307,16
KOSDAQ150,202512,W2,pred_in,214430,-0.029207232267037586,-0.1128914637273804,-0.10187858148431705,16
KOSDAQ150,202512,W2,pred_in,376930,-0.14506769825918764,-0.22875192971953046,-0.2177390474764671,16
KOSDAQ150,202512,W2,pred_in,009730,0.035831638241276886,-0.04785259321906593,-0.03683971097600258,16
KOSDAQ150,202512,W2,pred_in,440110,0.05726872246696035,-0.026415508993382464,-0.015402626750319115,16
KOSDAQ150,202512,W2,pred_in,475830,0.6307420494699647,0.5470578180096219,0.5580707002526852,16
KOSDAQ150,202512,W2,pred_in,030530,0.27931769722814503,0.19563346576780222,0.20664634801086557,16
KOSDAQ150,202512,W2,pred_in,060570,-0.017501508750754402,-0.10118574021109722,-0.09017285796803387,16
KOSDAQ150,202512,W2,pred_in,067630,-0.03439803439803435,-0.11808226585837717,-0.10706938361531382,16
KOSDAQ150,202512,W2,pred_in,083650,0.2744860943168077,0.1908018628564649,0.20181474509952824,16
KOSDAQ150,202512,W2,pred_in,084650,-0.0226757369614512,-0.10635996842179402,-0.09534708617873067,16
KOSDAQ150,202512,W2,pred_in,084110,0.07635009310986973,-0.007334138350473085,0.003678743892590264,16
KOSDAQ150,202512,W2,pred_in,319400,0.21226415094339623,0.12857991948305342,0.13959280172611677,16
KOSDAQ150,202512,W2,pred_in,032820,0.04617414248021112,-0.037510088980131695,-0.026497206737068346,16
KOSDAQ150,202512,W2,pred_in,200670,-0.05240174672489084,-0.13608597818523366,-0.1250730959421703,16
KOSDAQ150,202512,W2,pred_in,389470,0.386748844375963,0.3030646129156202,0.31407749515868355,16
KOSDAQ150,202512,W2,pred_in,466100,0.3854447439353099,0.3017605124749671,0.31277339471803045,16
KOSDAQ150,202512,W2,pred_in,419530,-0.09090909090909094,-0.17459332236943376,-0.1635804401263704,16
KOSDAQ150,202512,W2,pred_in,083660,-0.06117436927885689,-0.1448586007391997,-0.13384571849613636,16
KOSDAQ150,202512,W2,pred_in,105550,0.2233834095362508,0.13969917807590798,0.15071206031897133,16
KOSDAQ150,202512,W2,pred_in,119850,0.1096121416526139,0.025927910192271086,0.036940792435334435,16
KOSDAQ150,202512,W2,pred_in,446840,0.1174810824676158,0.03379685100727298,0.044809733250336325,16
KOSDAQ150,202512,W2,pred_in,078130,-0.0449438202247191,-0.12862805168506192,-0.11761516944199857,16
KOSDAQ150,202512,W2,pred_in,060370,0.17131474103585664,0.08763050957551383,0.09864339181857718,16
KOSDAQ150,202512,W2,pred_in,437730,0.9606299212598426,0.8769456897994998,0.8879585720425631,16
KOSDAQ150,202512,W2,pred_in,044490,0.07773109243697474,-0.005953139023368081,0.005059743219695267,16
KOSDAQ150,202512,W2,pred_in,347850,-0.022148394241417457,-0.10583262570176027,-0.09481974345869693,16
KOSDAQ150,202512,W2,pred_in,207760,-0.03221288515406162,-0.11589711661440444,-0.10488423437134109,16
KOSDAQ150,202512,W2,pred_in,348080,0.4516576326736417,0.36797340121329886,0.3789862834563622,16
KOSDAQ150,202512,W2,pred_in,035890,0.0,-0.08368423146034282,-0.07267134921727947,16
KOSDAQ150,202512,W2,pred_in,067390,0.08797127468581678,0.004287043225473963,0.015299925468537312,16
KOSDAQ150,202512,W2,pred_in,214680,0.09375,0.010065768539657183,0.02107865078272053,16
KOSDAQ150,202512,W2,pred_in,160190,0.27572016460905346,0.19203593314871065,0.203048815391774,16
KOSDAQ150,202512,W2,pred_in,108490,0.44951923076923084,0.365834999308888,0.37684788155195137,16
KOSDAQ150,202512,W2,pred_in,347700,0.0383351588170866,-0.045349072643256216,-0.03433619040019287,16
KOSDAQ150,202512,W2,pred_in,021880,-0.008000000000000007,-0.09168423146034282,-0.08067134921727948,16
KOSDAQ150,202512,W2,pred_in,950160,0.5148698884758365,0.43118565701549366,0.442198539258557,16
KOSDAQ150,202512,W2,pred_in,378800,0.2088569718731299,0.1251727404127871,0.13618562265585044,16
KOSDAQ150,202512,W2,pred_in,064260,0.09422492401215798,0.010540692551815167,0.021553574794878516,16
KOSDAQ150,202512,W2,pred_in,140410,0.10895522388059709,0.025270992420254268,0.03628387466331762,16
KOSDAQ150,202512,W2,pred_in,047920,0.041884816753926746,-0.04179941470641607,-0.030786532463352723,16
KOSDAQ150,202512,W2,pred_in,211050,0.15793528505392906,0.07425105359358625,0.0852639358366496,16
KOSDAQ150,202512,W2,act_in,036620,0.14821428571428563,0.06453005425394281,0.07554293649700616,16
KOSDAQ150,202512,W2,act_in,083650,0.2744860943168077,0.1908018628564649,0.20181474509952824,16
KOSDAQ150,202512,W2,act_in,388720,0.13540372670807455,0.05171949524773173,0.06273237749079508,16
KOSDAQ150,202512,W2,act_in,108490,0.44951923076923084,0.365834999308888,0.37684788155195137,16
KOSDAQ150,202512,W2,act_in,032820,0.04617414248021112,-0.037510088980131695,-0.026497206737068346,16
KOSDAQ150,202512,W2,act_in,466100,0.3854447439353099,0.3017605124749671,0.31277339471803045,16
KOSDAQ150,202512,W2,act_in,060370,0.17131474103585664,0.08763050957551383,0.09864339181857718,16
KOSDAQ150,202512,W2,act_in,214430,-0.029207232267037586,-0.1128914637273804,-0.10187858148431705,16
KOSDAQ150,202512,W2,act_in,056080,0.2694610778443114,0.18577684638396857,0.19678972862703192,16
KOSDAQ150,202512,W2,act_in,304100,0.0859649122807018,0.0022806808203589823,0.013293563063422331,16
KOSDAQ150,202512,W2,act_in,059090,0.033207547169811225,-0.05047668429053159,-0.039463802047468244,16
KOSDAQ150,202512,W2,act_in,347850,-0.022148394241417457,-0.10583262570176027,-0.09481974345869693,16
KOSDAQ150,202512,W2,act_in,211050,0.15793528505392906,0.07425105359358625,0.0852639358366496,16
KOSDAQ150,202512,W2,hit,388720,0.13540372670807455,0.05171949524773173,0.06273237749079508,16
KOSDAQ150,202512,W2,hit,083650,0.2744860943168077,0.1908018628564649,0.20181474509952824,16
KOSDAQ150,202512,W2,hit,108490,0.44951923076923084,0.365834999308888,0.37684788155195137,16
KOSDAQ150,202512,W2,hit,032820,0.04617414248021112,-0.037510088980131695,-0.026497206737068346,16
KOSDAQ150,202512,W2,hit,466100,0.3854447439353099,0.3017605124749671,0.31277339471803045,16
KOSDAQ150,202512,W2,hit,060370,0.17131474103585664,0.08763050957551383,0.09864339181857718,16
KOSDAQ150,202512,W2,hit,214430,-0.029207232267037586,-0.1128914637273804,-0.10187858148431705,16
KOSDAQ150,202512,W2,hit,347850,-0.022148394241417457,-0.10583262570176027,-0.09481974345869693,16
KOSDAQ150,202512,W2,hit,211050,0.15793528505392906,0.07425105359358625,0.0852639358366496,16
KOSDAQ150,202512,W2,false_in,300120,-0.22455089820359286,-0.3082351296639357,-0.29722224742087233,16
KOSDAQ150,202512,W2,false_in,200230,0.04030662710187927,-0.04337760435846355,-0.0323647221154002,16
KOSDAQ150,202512,W2,false_in,225190,-0.12761355443403033,-0.21129778589437315,-0.2002849036513098,16
KOSDAQ150,202512,W2,false_in,099220,-0.012280701754386003,-0.09596493321472882,-0.08495205097166547,16
KOSDAQ150,202512,W2,false_in,102710,-0.024043715846994496,-0.10772794730733731,-0.09671506506427396,16
KOSDAQ150,202512,W2,false_in,082850,0.012376237623762387,-0.07130799383658043,-0.06029511159351708,16
KOSDAQ150,202512,W2,false_in,099320,-0.0636363636363636,-0.14732059509670642,-0.13630771285364307,16
KOSDAQ150,202512,W2,false_in,376930,-0.14506769825918764,-0.22875192971953046,-0.2177390474764671,16
KOSDAQ150,202512,W2,false_in,440110,0.05726872246696035,-0.026415508993382464,-0.015402626750319115,16
KOSDAQ150,202512,W2,false_in,009730,0.035831638241276886,-0.04785259321906593,-0.03683971097600258,16
KOSDAQ150,202512,W2,false_in,475830,0.6307420494699647,0.5470578180096219,0.5580707002526852,16
KOSDAQ150,202512,W2,false_in,030530,0.27931769722814503,0.19563346576780222,0.20664634801086557,16
KOSDAQ150,202512,W2,false_in,060570,-0.017501508750754402,-0.10118574021109722,-0.09017285796803387,16
KOSDAQ150,202512,W2,false_in,067630,-0.03439803439803435,-0.11808226585837717,-0.10706938361531382,16
KOSDAQ150,202512,W2,false_in,084650,-0.0226757369614512,-0.10635996842179402,-0.09534708617873067,16
KOSDAQ150,202512,W2,false_in,084110,0.07635009310986973,-0.007334138350473085,0.003678743892590264,16
KOSDAQ150,202512,W2,false_in,319400,0.21226415094339623,0.12857991948305342,0.13959280172611677,16
KOSDAQ150,202512,W2,false_in,200670,-0.05240174672489084,-0.13608597818523366,-0.1250730959421703,16
KOSDAQ150,202512,W2,false_in,389470,0.386748844375963,0.3030646129156202,0.31407749515868355,16
KOSDAQ150,202512,W2,false_in,419530,-0.09090909090909094,-0.17459332236943376,-0.1635804401263704,16
KOSDAQ150,202512,W2,false_in,083660,-0.06117436927885689,-0.1448586007391997,-0.13384571849613636,16
KOSDAQ150,202512,W2,false_in,105550,0.2233834095362508,0.13969917807590798,0.15071206031897133,16
KOSDAQ150,202512,W2,false_in,119850,0.1096121416526139,0.025927910192271086,0.036940792435334435,16
KOSDAQ150,202512,W2,false_in,446840,0.1174810824676158,0.03379685100727298,0.044809733250336325,16
KOSDAQ150,202512,W2,false_in,078130,-0.0449438202247191,-0.12862805168506192,-0.11761516944199857,16
KOSDAQ150,202512,W2,false_in,437730,0.9606299212598426,0.8769456897994998,0.8879585720425631,16
KOSDAQ150,202512,W2,false_in,044490,0.07773109243697474,-0.005953139023368081,0.005059743219695267,16
KOSDAQ150,202512,W2,false_in,207760,-0.03221288515406162,-0.11589711661440444,-0.10488423437134109,16
KOSDAQ150,202512,W2,false_in,348080,0.4516576326736417,0.36797340121329886,0.3789862834563622,16
KOSDAQ150,202512,W2,false_in,035890,0.0,-0.08368423146034282,-0.07267134921727947,16
KOSDAQ150,202512,W2,false_in,067390,0.08797127468581678,0.004287043225473963,0.015299925468537312,16
KOSDAQ150,202512,W2,false_in,214680,0.09375,0.010065768539657183,0.02107865078272053,16
KOSDAQ150,202512,W2,false_in,160190,0.27572016460905346,0.19203593314871065,0.203048815391774,16
KOSDAQ150,202512,W2,false_in,347700,0.0383351588170866,-0.045349072643256216,-0.03433619040019287,16
KOSDAQ150,202512,W2,false_in,950160,0.5148698884758365,0.43118565701549366,0.442198539258557,16
KOSDAQ150,202512,W2,false_in,021880,-0.008000000000000007,-0.09168423146034282,-0.08067134921727948,16
KOSDAQ150,202512,W2,false_in,378800,0.2088569718731299,0.1251727404127871,0.13618562265585044,16
KOSDAQ150,202512,W2,false_in,064260,0.09422492401215798,0.010540692551815167,0.021553574794878516,16
KOSDAQ150,202512,W2,false_in,140410,0.10895522388059709,0.025270992420254268,0.03628387466331762,16
KOSDAQ150,202512,W2,false_in,047920,0.041884816753926746,-0.04179941470641607,-0.030786532463352723,16
KOSDAQ150,202512,W2,miss_in,036620,0.14821428571428563,0.06453005425394281,0.07554293649700616,16
KOSDAQ150,202512,W2,miss_in,304100,0.0859649122807018,0.0022806808203589823,0.013293563063422331,16
KOSDAQ150,202512,W2,miss_in,056080,0.2694610778443114,0.18577684638396857,0.19678972862703192,16
KOSDAQ150,202512,W2,miss_in,059090,0.033207547169811225,-0.05047668429053159,-0.039463802047468244,16
KOSDAQ150,202512,W2,pred_out,049070,0.16334072431633406,0.07965649285599125,0.0906693750990546,16
KOSDAQ150,202512,W2,pred_out,094360,0.3568345323741007,0.27315030091375786,0.2841631831568212,16
KOSDAQ150,202512,W2,pred_out,267980,0.018232819074333717,-0.0654514123860091,-0.05443853014294575,16
KOSDAQ150,202512,W2,pred_out,091700,0.09867452135493382,0.014990289894591002,0.02600317213765435,16
KOSDAQ150,202512,W2,pred_out,095500,-0.11432813659985153,-0.19801236806019434,-0.186999485817131,16
KOSDAQ150,202512,W2,pred_out,084850,0.03574879227053129,-0.047935439189811524,-0.036922556946748175,16
KOSDAQ150,202512,W2,pred_out,420770,0.02021772939346822,-0.0634665020668746,-0.05245361982381125,16
KOSDAQ150,202512,W2,pred_out,108860,0.11779041429731918,0.03410618283697636,0.04511906508003971,16
KOSDAQ150,202512,W2,pred_out,060280,0.3943943943943944,0.31071016293405157,0.3217230451771149,16
KOSDAQ150,202512,W2,pred_out,053610,-0.012838801711840264,-0.09652303317218308,-0.08551015092911973,16
KOSDAQ150,202512,W2,pred_out,064550,0.051127819548872244,-0.03255641191147057,-0.021543529668407224,16
KOSDAQ150,202512,W2,pred_out,091120,0.07773386034255592,-0.005950371117786901,0.005062511125276448,16
KOSDAQ150,202512,W2,pred_out,317330,0.012195121951219523,-0.0714891095091233,-0.060476227266059945,16
KOSDAQ150,202512,W2,pred_out,114840,0.02680412371134011,-0.056880107749002706,-0.04586722550593936,16
KOSDAQ150,202512,W2,pred_out,394280,0.15999999999999992,0.0763157685396571,0.08732865078272045,16
KOSDAQ150,202512,W2,act_out,115450,0.02392026578073092,-0.0597639656796119,-0.04875108343654855,16
KOSDAQ150,202512,W2,act_out,064550,0.051127819548872244,-0.03255641191147057,-0.021543529668407224,16
KOSDAQ150,202512,W2,act_out,049070,0.16334072431633406,0.07965649285599125,0.0906693750990546,16
KOSDAQ150,202512,W2,act_out,094360,0.3568345323741007,0.27315030091375786,0.2841631831568212,16
KOSDAQ150,202512,W2,act_out,099190,-0.05610753945061364,-0.13979177091095646,-0.1287788886678931,16
KOSDAQ150,202512,W2,act_out,267980,0.018232819074333717,-0.0654514123860091,-0.05443853014294575,16
KOSDAQ150,202512,W2,act_out,053610,-0.012838801711840264,-0.09652303317218308,-0.08551015092911973,16
KOSDAQ150,202512,W2,act_out,084850,0.03574879227053129,-0.047935439189811524,-0.036922556946748175,16
KOSDAQ150,202512,W2,act_out,420770,0.02021772939346822,-0.0634665020668746,-0.05245361982381125,16
KOSDAQ150,202512,W2,act_out,034950,0.011133603238866474,-0.07255062822147634,-0.061537745978412994,16
KOSDAQ150,202512,W2,act_out,091700,0.09867452135493382,0.014990289894591002,0.02600317213765435,16
KOSDAQ150,202512,W2,act_out,095500,-0.11432813659985153,-0.19801236806019434,-0.186999485817131,16
KOSDAQ150,202512,W2,act_out,091120,0.07773386034255592,-0.005950371117786901,0.005062511125276448,16
KOSDAQ150,202512,W2,act_out,317330,0.012195121951219523,-0.0714891095091233,-0.060476227266059945,16
KOSDAQ150,202512,W2,act_out,114840,0.02680412371134011,-0.056880107749002706,-0.04586722550593936,16
KOSDAQ150,202512,W2,act_out,394280,0.15999999999999992,0.0763157685396571,0.08732865078272045,16
KOSDAQ150,202512,W3,pred_in,300120,0.16911196911196913,0.14780863640629524,0.15376916332578405,20
KOSDAQ150,202512,W3,pred_in,200230,-0.007012122652721664,-0.028315455358395546,-0.02235492843890674,20
KOSDAQ150,202512,W3,pred_in,225190,0.1966942148760331,0.17539088217035922,0.18135140908984804,20
KOSDAQ150,202512,W3,pred_in,388720,-0.10175054704595188,-0.12305387975162577,-0.11709335283213695,20
KOSDAQ150,202512,W3,pred_in,099220,-0.052397868561278815,-0.0737012012669527,-0.06774067434746389,20
KOSDAQ150,202512,W3,pred_in,102710,0.02911534154535267,0.007812008839678787,0.013772535759167592,20
KOSDAQ150,202512,W3,pred_in,082850,-0.02836185819070902,-0.0496651908963829,-0.0437046639768941,20
KOSDAQ150,202512,W3,pred_in,099320,1.5669902912621358,1.5456869585564619,1.5516474854759508,20
KOSDAQ150,202512,W3,pred_in,214430,0.35386819484240695,0.3325648621367331,0.33852538905622187,20
KOSDAQ150,202512,W3,pred_in,376930,-0.11855203619909505,-0.13985536890476893,-0.13389484198528012,20
KOSDAQ150,202512,W3,pred_in,009730,-0.20830815709969785,-0.22961148980537174,-0.22365096288588293,20
KOSDAQ150,202512,W3,pred_in,440110,-0.11458333333333337,-0.13588666603900726,-0.12992613911951845,20
KOSDAQ150,202512,W3,pred_in,475830,0.2979414951245938,0.2766381624189199,0.2825986893384087,20
KOSDAQ150,202512,W3,pred_in,030530,0.45333333333333337,0.4320300006276595,0.4379905275471483,20
KOSDAQ150,202512,W3,pred_in,060570,-0.10257985257985258,-0.12388318528552647,-0.11792265836603766,20
KOSDAQ150,202512,W3,pred_in,067630,0.08905852417302795,0.06775519146735406,0.07371571838684288,20
KOSDAQ150,202512,W3,pred_in,083650,0.04743833017077792,0.02613499746510404,0.032095524384592844,20
KOSDAQ150,202512,W3,pred_in,084650,-0.20881670533642693,-0.23012003804210082,-0.224159511122612,20
KOSDAQ150,202512,W3,pred_in,084110,-0.16089965397923878,-0.18220298668491267,-0.17624245976542385,20
KOSDAQ150,202512,W3,pred_in,319400,1.3638132295719845,1.3425098968663105,1.3484704237857994,20
KOSDAQ150,202512,W3,pred_in,032820,0.01261034047919285,-0.008692992226481032,-0.0027324653069922267,20
KOSDAQ150,202512,W3,pred_in,200670,-0.08179723502304148,-0.10310056772871537,-0.09714004080922656,20
KOSDAQ150,202512,W3,pred_in,389470,-0.07111111111111112,-0.09241444381678501,-0.0864539168972962,20
KOSDAQ150,202512,W3,pred_in,466100,0.19260700389105057,0.17130367118537668,0.1772641981048655,20
KOSDAQ150,202512,W3,pred_in,419530,0.057333333333333236,0.036030000627659355,0.04199052754714816,20
KOSDAQ150,202512,W3,pred_in,083660,-0.17407847800237808,-0.19538181070805197,-0.18942128378856316,20
KOSDAQ150,202512,W3,pred_in,105550,-0.3059263214095035,-0.32722965411517735,-0.32126912719568856,20
KOSDAQ150,202512,W3,pred_in,119850,-0.0075987841945288626,-0.028902116900202744,-0.02294158998071394,20
KOSDAQ150,202512,W3,pred_in,446840,-0.014346378973946972,-0.03564971167962085,-0.029689184760132048,20
KOSDAQ150,202512,W3,pred_in,078130,0.05294117647058827,0.03163784376491439,0.03759837068440319,20
KOSDAQ150,202512,W3,pred_in,060370,-0.013605442176870763,-0.034908774882544645,-0.02894824796305584,20
KOSDAQ150,202512,W3,pred_in,437730,0.30722891566265065,0.2859255829569768,0.29188610987646557,20
KOSDAQ150,202512,W3,pred_in,044490,0.12865497076023402,0.10735163805456013,0.11331216497404895,20
KOSDAQ150,202512,W3,pred_in,347850,0.08493771234428094,0.06363437963860705,0.06959490655809586,20
KOSDAQ150,202512,W3,pred_in,207760,-0.05499276410998555,-0.07629609681565944,-0.07033556989617062,20
KOSDAQ150,202512,W3,pred_in,348080,-0.15022577283779093,-0.17152910554346482,-0.165568578623976,20
KOSDAQ150,202512,W3,pred_in,035890,0.0,-0.02130333270567388,-0.015342805786185076,20
KOSDAQ150,202512,W3,pred_in,067390,-0.018151815181518205,-0.03945514788719209,-0.03349462096770328,20
KOSDAQ150,202512,W3,pred_in,214680,-0.06047619047619046,-0.08177952318186435,-0.07581899626237554,20
KOSDAQ150,202512,W3,pred_in,160190,-0.1064516129032258,-0.1277549456088997,-0.12179441868941088,20
KOSDAQ150,202512,W3,pred_in,108490,-0.17744610281923712,-0.198749435524911,-0.1927889086054222,20
KOSDAQ150,202512,W3,pred_in,347700,0.8660337552742616,0.8447304225685878,0.8506909494880766,20
KOSDAQ150,202512,W3,pred_in,021880,-0.016129032258064502,-0.03743236496373838,-0.03147183804424958,20
KOSDAQ150,202512,W3,pred_in,950160,-0.09815950920245398,-0.11946284190812786,-0.11350231498863905,20
KOSDAQ150,202512,W3,pred_in,378800,-0.05297029702970302,-0.0742736297353769,-0.0683131028158881,20
KOSDAQ150,202512,W3,pred_in,064260,-0.012499999999999956,-0.03380333270567384,-0.027842805786185032,20
KOSDAQ150,202512,W3,pred_in,140410,0.23956931359353972,0.21826598088786583,0.22422650780735465,20
KOSDAQ150,202512,W3,pred_in,047920,0.08479899497487442,0.06349566226920053,0.06945618918868934,20
KOSDAQ150,202512,W3,pred_in,211050,-0.2075848303393214,-0.2288881630449953,-0.22292763612550648,20
KOSDAQ150,202512,W3,act_in,036620,-0.1710730948678072,-0.19237642757348108,-0.18641590065399227,20
KOSDAQ150,202512,W3,act_in,083650,0.04743833017077792,0.02613499746510404,0.032095524384592844,20
KOSDAQ150,202512,W3,act_in,388720,-0.10175054704595188,-0.12305387975162577,-0.11709335283213695,20
KOSDAQ150,202512,W3,act_in,108490,-0.17744610281923712,-0.198749435524911,-0.1927889086054222,20
KOSDAQ150,202512,W3,act_in,032820,0.01261034047919285,-0.008692992226481032,-0.0027324653069922267,20
KOSDAQ150,202512,W3,act_in,466100,0.19260700389105057,0.17130367118537668,0.1772641981048655,20
KOSDAQ150,202512,W3,act_in,060370,-0.013605442176870763,-0.034908774882544645,-0.02894824796305584,20
KOSDAQ150,202512,W3,act_in,214430,0.35386819484240695,0.3325648621367331,0.33852538905622187,20
KOSDAQ150,202512,W3,act_in,056080,0.07277628032345018,0.0514729476177763,0.057433474537265106,20
KOSDAQ150,202512,W3,act_in,304100,-0.15508885298869146,-0.17639218569436535,-0.17043165877487654,20
KOSDAQ150,202512,W3,act_in,059090,-0.05843681519357191,-0.0797401478992458,-0.07377962097975699,20
KOSDAQ150,202512,W3,act_in,347850,0.08493771234428094,0.06363437963860705,0.06959490655809586,20
KOSDAQ150,202512,W3,act_in,211050,-0.2075848303393214,-0.2288881630449953,-0.22292763612550648,20
KOSDAQ150,202512,W3,hit,388720,-0.10175054704595188,-0.12305387975162577,-0.11709335283213695,20
KOSDAQ150,202512,W3,hit,083650,0.04743833017077792,0.02613499746510404,0.032095524384592844,20
KOSDAQ150,202512,W3,hit,108490,-0.17744610281923712,-0.198749435524911,-0.1927889086054222,20
KOSDAQ150,202512,W3,hit,032820,0.01261034047919285,-0.008692992226481032,-0.0027324653069922267,20
KOSDAQ150,202512,W3,hit,466100,0.19260700389105057,0.17130367118537668,0.1772641981048655,20
KOSDAQ150,202512,W3,hit,060370,-0.013605442176870763,-0.034908774882544645,-0.02894824796305584,20
KOSDAQ150,202512,W3,hit,214430,0.35386819484240695,0.3325648621367331,0.33852538905622187,20
KOSDAQ150,202512,W3,hit,347850,0.08493771234428094,0.06363437963860705,0.06959490655809586,20
KOSDAQ150,202512,W3,hit,211050,-0.2075848303393214,-0.2288881630449953,-0.22292763612550648,20
KOSDAQ150,202512,W3,false_in,300120,0.16911196911196913,0.14780863640629524,0.15376916332578405,20
KOSDAQ150,202512,W3,false_in,200230,-0.007012122652721664,-0.028315455358395546,-0.02235492843890674,20
KOSDAQ150,202512,W3,false_in,225190,0.1966942148760331,0.17539088217035922,0.18135140908984804,20
KOSDAQ150,202512,W3,false_in,099220,-0.052397868561278815,-0.0737012012669527,-0.06774067434746389,20
KOSDAQ150,202512,W3,false_in,102710,0.02911534154535267,0.007812008839678787,0.013772535759167592,20
KOSDAQ150,202512,W3,false_in,082850,-0.02836185819070902,-0.0496651908963829,-0.0437046639768941,20
KOSDAQ150,202512,W3,false_in,099320,1.5669902912621358,1.5456869585564619,1.5516474854759508,20
KOSDAQ150,202512,W3,false_in,376930,-0.11855203619909505,-0.13985536890476893,-0.13389484198528012,20
KOSDAQ150,202512,W3,false_in,440110,-0.11458333333333337,-0.13588666603900726,-0.12992613911951845,20
KOSDAQ150,202512,W3,false_in,009730,-0.20830815709969785,-0.22961148980537174,-0.22365096288588293,20
KOSDAQ150,202512,W3,false_in,475830,0.2979414951245938,0.2766381624189199,0.2825986893384087,20
KOSDAQ150,202512,W3,false_in,030530,0.45333333333333337,0.4320300006276595,0.4379905275471483,20
KOSDAQ150,202512,W3,false_in,060570,-0.10257985257985258,-0.12388318528552647,-0.11792265836603766,20
KOSDAQ150,202512,W3,false_in,067630,0.08905852417302795,0.06775519146735406,0.07371571838684288,20
KOSDAQ150,202512,W3,false_in,084650,-0.20881670533642693,-0.23012003804210082,-0.224159511122612,20
KOSDAQ150,202512,W3,false_in,084110,-0.16089965397923878,-0.18220298668491267,-0.17624245976542385,20
KOSDAQ150,202512,W3,false_in,319400,1.3638132295719845,1.3425098968663105,1.3484704237857994,20
KOSDAQ150,202512,W3,false_in,200670,-0.08179723502304148,-0.10310056772871537,-0.09714004080922656,20
KOSDAQ150,202512,W3,false_in,389470,-0.07111111111111112,-0.09241444381678501,-0.0864539168972962,20
KOSDAQ150,202512,W3,false_in,419530,0.057333333333333236,0.036030000627659355,0.04199052754714816,20
KOSDAQ150,202512,W3,false_in,083660,-0.17407847800237808,-0.19538181070805197,-0.18942128378856316,20
KOSDAQ150,202512,W3,false_in,105550,-0.3059263214095035,-0.32722965411517735,-0.32126912719568856,20
KOSDAQ150,202512,W3,false_in,119850,-0.0075987841945288626,-0.028902116900202744,-0.02294158998071394,20
KOSDAQ150,202512,W3,false_in,446840,-0.014346378973946972,-0.03564971167962085,-0.029689184760132048,20
KOSDAQ150,202512,W3,false_in,078130,0.05294117647058827,0.03163784376491439,0.03759837068440319,20
KOSDAQ150,202512,W3,false_in,437730,0.30722891566265065,0.2859255829569768,0.29188610987646557,20
KOSDAQ150,202512,W3,false_in,044490,0.12865497076023402,0.10735163805456013,0.11331216497404895,20
KOSDAQ150,202512,W3,false_in,207760,-0.05499276410998555,-0.07629609681565944,-0.07033556989617062,20
KOSDAQ150,202512,W3,false_in,348080,-0.15022577283779093,-0.17152910554346482,-0.165568578623976,20
KOSDAQ150,202512,W3,false_in,035890,0.0,-0.02130333270567388,-0.015342805786185076,20
KOSDAQ150,202512,W3,false_in,067390,-0.018151815181518205,-0.03945514788719209,-0.03349462096770328,20
KOSDAQ150,202512,W3,false_in,214680,-0.06047619047619046,-0.08177952318186435,-0.07581899626237554,20
KOSDAQ150,202512,W3,false_in,160190,-0.1064516129032258,-0.1277549456088997,-0.12179441868941088,20
KOSDAQ150,202512,W3,false_in,347700,0.8660337552742616,0.8447304225685878,0.8506909494880766,20
KOSDAQ150,202512,W3,false_in,950160,-0.09815950920245398,-0.11946284190812786,-0.11350231498863905,20
KOSDAQ150,202512,W3,false_in,021880,-0.016129032258064502,-0.03743236496373838,-0.03147183804424958,20
KOSDAQ150,202512,W3,false_in,378800,-0.05297029702970302,-0.0742736297353769,-0.0683131028158881,20
KOSDAQ150,202512,W3,false_in,064260,-0.012499999999999956,-0.03380333270567384,-0.027842805786185032,20
KOSDAQ150,202512,W3,false_in,140410,0.23956931359353972,0.21826598088786583,0.22422650780735465,20
KOSDAQ150,202512,W3,false_in,047920,0.08479899497487442,0.06349566226920053,0.06945618918868934,20
KOSDAQ150,202512,W3,miss_in,036620,-0.1710730948678072,-0.19237642757348108,-0.18641590065399227,20
KOSDAQ150,202512,W3,miss_in,304100,-0.15508885298869146,-0.17639218569436535,-0.17043165877487654,20
KOSDAQ150,202512,W3,miss_in,056080,0.07277628032345018,0.0514729476177763,0.057433474537265106,20
KOSDAQ150,202512,W3,miss_in,059090,-0.05843681519357191,-0.0797401478992458,-0.07377962097975699,20
KOSDAQ150,202512,W3,pred_out,049070,0.24904701397712836,0.22774368127145447,0.23370420819094329,20
KOSDAQ150,202512,W3,pred_out,094360,-0.09172852598091197,-0.11303185868658586,-0.10707133176709704,20
KOSDAQ150,202512,W3,pred_out,267980,-0.06611570247933884,-0.08741903518501273,-0.08145850826552392,20
KOSDAQ150,202512,W3,pred_out,091700,-0.08847184986595169,-0.10977518257162558,-0.10381465565213677,20
KOSDAQ150,202512,W3,pred_out,095500,-0.08633696563285831,-0.1076402983385322,-0.10167977141904339,20
KOSDAQ150,202512,W3,pred_out,084850,-0.15298507462686572,-0.1742884073325396,-0.1683278804130508,20
KOSDAQ150,202512,W3,pred_out,420770,0.22103658536585358,0.1997332526601797,0.2056937795796685,20
KOSDAQ150,202512,W3,pred_out,108860,-0.1286337209302325,-0.1499370536359064,-0.14397652671641759,20
KOSDAQ150,202512,W3,pred_out,060280,-0.03086862885857866,-0.05217196156425254,-0.04621143464476374,20
KOSDAQ150,202512,W3,pred_out,053610,0.07514450867052025,0.05384117596484637,0.05980170288433517,20
KOSDAQ150,202512,W3,pred_out,064550,-0.1301859799713877,-0.1514893126770616,-0.14552878575757278,20
KOSDAQ150,202512,W3,pred_out,091120,-0.07212713936430315,-0.09343047206997704,-0.08746994515048823,20
KOSDAQ150,202512,W3,pred_out,317330,-0.19779116465863456,-0.21909449736430844,-0.21313397044481963,20
KOSDAQ150,202512,W3,pred_out,114840,0.0053547523427042165,-0.015948580362969665,-0.00998805344348086,20
KOSDAQ150,202512,W3,pred_out,394280,0.09462710505212502,0.07332377234645113,0.07928429926593994,20
KOSDAQ150,202512,W3,act_out,115450,0.012329656067488592,-0.00897367663818529,-0.003013149718696484,20
KOSDAQ150,202512,W3,act_out,064550,-0.1301859799713877,-0.1514893126770616,-0.14552878575757278,20
KOSDAQ150,202512,W3,act_out,049070,0.24904701397712836,0.22774368127145447,0.23370420819094329,20
KOSDAQ150,202512,W3,act_out,094360,-0.09172852598091197,-0.11303185868658586,-0.10707133176709704,20
KOSDAQ150,202512,W3,act_out,099190,-0.05201238390092877,-0.07331571660660266,-0.06735518968711385,20
KOSDAQ150,202512,W3,act_out,267980,-0.06611570247933884,-0.08741903518501273,-0.08145850826552392,20
KOSDAQ150,202512,W3,act_out,053610,0.07514450867052025,0.05384117596484637,0.05980170288433517,20
KOSDAQ150,202512,W3,act_out,084850,-0.15298507462686572,-0.1742884073325396,-0.1683278804130508,20
KOSDAQ150,202512,W3,act_out,420770,0.22103658536585358,0.1997332526601797,0.2056937795796685,20
KOSDAQ150,202512,W3,act_out,034950,-0.033033033033033066,-0.05433636573870695,-0.04837583881921814,20
KOSDAQ150,202512,W3,act_out,091700,-0.08847184986595169,-0.10977518257162558,-0.10381465565213677,20
KOSDAQ150,202512,W3,act_out,095500,-0.08633696563285831,-0.1076402983385322,-0.10167977141904339,20
KOSDAQ150,202512,W3,act_out,091120,-0.07212713936430315,-0.09343047206997704,-0.08746994515048823,20
KOSDAQ150,202512,W3,act_out,317330,-0.19779116465863456,-0.21909449736430844,-0.21313397044481963,20
KOSDAQ150,202512,W3,act_out,114840,0.0053547523427042165,-0.015948580362969665,-0.00998805344348086,20
KOSDAQ150,202512,W3,act_out,394280,0.09462710505212502,0.07332377234645113,0.07928429926593994,20
KOSDAQ150,202512,FULL,pred_in,300120,-0.36049382716049383,-0.3658100288674773,-0.3824609147992233,28
KOSDAQ150,202512,FULL,pred_in,200230,-0.05524365596227265,-0.06055985766925613,-0.07721074360100211,28
KOSDAQ150,202512,FULL,pred_in,225190,-0.29404900816802804,-0.29936520987501153,-0.3160160958067575,28
KOSDAQ150,202512,FULL,pred_in,388720,-0.03688092729188619,-0.04219712899886967,-0.058848014930615644,28
KOSDAQ150,202512,FULL,pred_in,099220,-0.03513281919451583,-0.04044902090149931,-0.057099906833245284,28
KOSDAQ150,202512,FULL,pred_in,102710,-0.09247967479674801,-0.09779587650373149,-0.11444676243547747,28
KOSDAQ150,202512,FULL,pred_in,082850,-0.023866348448687402,-0.02918255015567088,-0.04583343608741686,28
KOSDAQ150,202512,FULL,pred_in,099320,-0.1387959866220736,-0.1441121883290571,-0.16076307426080305,28
KOSDAQ150,202512,FULL,pred_in,214430,-0.12311557788944727,-0.12843177959643076,-0.14508266552817672,28
KOSDAQ150,202512,FULL,pred_in,376930,-0.02857142857142858,-0.03388763027841206,-0.050538516210158035,28
KOSDAQ150,202512,FULL,pred_in,009730,-0.03862910252686613,-0.04394530423384961,-0.06059619016559559,28
KOSDAQ150,202512,FULL,pred_in,440110,-0.07335907335907332,-0.0786752750660568,-0.09532616099780278,28
KOSDAQ150,202512,FULL,pred_in,475830,0.8552763819095477,0.8499601802025643,0.8333092942708182,28
KOSDAQ150,202512,FULL,pred_in,030530,0.03986135181975747,0.034545150112773995,0.01789426418102802,28
KOSDAQ150,202512,FULL,pred_in,060570,0.013698630136986356,0.008382428430002878,-0.008268457501743098,28
KOSDAQ150,202512,FULL,pred_in,067630,-0.01872659176029967,-0.02404279346728315,-0.040693679399029126,28
KOSDAQ150,202512,FULL,pred_in,083650,0.04980079681274896,0.04448459510576548,0.027833709174019505,28
KOSDAQ150,202512,FULL,pred_in,084650,-0.018223234624145768,-0.023539436331129246,-0.04019032226287522,28
KOSDAQ150,202512,FULL,pred_in,084110,0.07037037037037042,0.06505416866338694,0.04840328273164096,28
KOSDAQ150,202512,FULL,pred_in,319400,-0.006763285024154575,-0.012079486731138053,-0.02873037266288403,28
KOSDAQ150,202512,FULL,pred_in,032820,-0.16876310272536688,-0.17407930443235037,-0.19073019036409633,28
KOSDAQ150,202512,FULL,pred_in,200670,-0.14566929133858264,-0.15098549304556613,-0.1676363789773121,28
KOSDAQ150,202512,FULL,pred_in,389470,0.834862385321101,0.8295461836141176,0.8128952976823716,28
KOSDAQ150,202512,FULL,pred_in,466100,0.10300429184549365,0.09768809013851017,0.08103720420676419,28
KOSDAQ150,202512,FULL,pred_in,419530,-0.297752808988764,-0.3030690106957475,-0.31971989662749345,28
KOSDAQ150,202512,FULL,pred_in,083660,-0.24343288952860742,-0.2487490912355909,-0.2653999771673369,28
KOSDAQ150,202512,FULL,pred_in,105550,0.04403567447045709,0.03871947276347361,0.022068586831727632,28
KOSDAQ150,202512,FULL,pred_in,119850,-0.21103117505995206,-0.21634737676693555,-0.2329982626986815,28
KOSDAQ150,202512,FULL,pred_in,446840,0.0545872670055676,0.04927106529858412,0.03262017936683814,28
KOSDAQ150,202512,FULL,pred_in,078130,-0.05555555555555558,-0.06087175726253906,-0.07752264319428503,28
KOSDAQ150,202512,FULL,pred_in,060370,-0.03448275862068961,-0.03979896032767309,-0.05644984625941907,28
KOSDAQ150,202512,FULL,pred_in,437730,0.561128526645768,0.5558123249387845,0.5391614390070385,28
KOSDAQ150,202512,FULL,pred_in,044490,-0.14925373134328357,-0.15456993305026706,-0.17122081898201302,28
KOSDAQ150,202512,FULL,pred_in,347850,0.2601684030255458,0.2548522013185623,0.23820131538681633,28
KOSDAQ150,202512,FULL,pred_in,207760,-0.10896196002578984,-0.11427816173277332,-0.1309290476645193,28
KOSDAQ150,202512,FULL,pred_in,348080,0.5236835141571845,0.5183673124502011,0.501716426518455,28
KOSDAQ150,202512,FULL,pred_in,035890,0.0,-0.005316201706983478,-0.021967087638729454,28
KOSDAQ150,202512,FULL,pred_in,067390,0.158699808795411,0.15338360708842752,0.13673272115668156,28
KOSDAQ150,202512,FULL,pred_in,214680,0.09261186264308008,0.0872956609360966,0.07064477500435062,28
KOSDAQ150,202512,FULL,pred_in,160190,-0.003215434083601254,-0.008531635790584732,-0.02518252172233071,28
KOSDAQ150,202512,FULL,pred_in,108490,0.09836065573770503,0.09304445403072155,0.07639356809897557,28
KOSDAQ150,202512,FULL,pred_in,347700,0.08591065292096212,0.08059445121397864,0.06394356528223266,28
KOSDAQ150,202512,FULL,pred_in,021880,-0.0641509433962264,-0.06946714510320988,-0.08611803103495586,28
KOSDAQ150,202512,FULL,pred_in,950160,0.8171683389074693,0.8118521372004859,0.7952012512687399,28
KOSDAQ150,202512,FULL,pred_in,378800,-0.0049261083743842304,-0.010242310081367709,-0.026893196013113685,28
KOSDAQ150,202512,FULL,pred_in,064260,-0.08629441624365486,-0.09161061795063834,-0.10826150388238431,28
KOSDAQ150,202512,FULL,pred_in,140410,0.1926163723916532,0.1873001706846697,0.17064928475292374,28
KOSDAQ150,202512,FULL,pred_in,047920,0.07932203389830517,0.07400583219132169,0.05735494625957571,28
KOSDAQ150,202512,FULL,pred_in,211050,0.23500410846343467,0.22968790675645118,0.21303702082470521,28
KOSDAQ150,202512,FULL,act_in,036620,0.21780303030303028,0.21248682859604678,0.19583594266430082,28
KOSDAQ150,202512,FULL,act_in,083650,0.04980079681274896,0.04448459510576548,0.027833709174019505,28
KOSDAQ150,202512,FULL,act_in,388720,-0.03688092729188619,-0.04219712899886967,-0.058848014930615644,28
KOSDAQ150,202512,FULL,act_in,108490,0.09836065573770503,0.09304445403072155,0.07639356809897557,28
KOSDAQ150,202512,FULL,act_in,032820,-0.16876310272536688,-0.17407930443235037,-0.19073019036409633,28
KOSDAQ150,202512,FULL,act_in,466100,0.10300429184549365,0.09768809013851017,0.08103720420676419,28
KOSDAQ150,202512,FULL,act_in,060370,-0.03448275862068961,-0.03979896032767309,-0.05644984625941907,28
KOSDAQ150,202512,FULL,act_in,214430,-0.12311557788944727,-0.12843177959643076,-0.14508266552817672,28
KOSDAQ150,202512,FULL,act_in,056080,0.052482269503546064,0.047166067796562586,0.03051518186481661,28
KOSDAQ150,202512,FULL,act_in,304100,-0.08836524300441828,-0.09368144471140176,-0.11033233064314774,28
KOSDAQ150,202512,FULL,act_in,059090,-0.08059100067159164,-0.08590720237857512,-0.1025580883103211,28
KOSDAQ150,202512,FULL,act_in,347850,0.2601684030255458,0.2548522013185623,0.23820131538681633,28
KOSDAQ150,202512,FULL,act_in,211050,0.23500410846343467,0.22968790675645118,0.21303702082470521,28
KOSDAQ150,202512,FULL,hit,388720,-0.03688092729188619,-0.04219712899886967,-0.058848014930615644,28
KOSDAQ150,202512,FULL,hit,083650,0.04980079681274896,0.04448459510576548,0.027833709174019505,28
KOSDAQ150,202512,FULL,hit,108490,0.09836065573770503,0.09304445403072155,0.07639356809897557,28
KOSDAQ150,202512,FULL,hit,032820,-0.16876310272536688,-0.17407930443235037,-0.19073019036409633,28
KOSDAQ150,202512,FULL,hit,466100,0.10300429184549365,0.09768809013851017,0.08103720420676419,28
KOSDAQ150,202512,FULL,hit,060370,-0.03448275862068961,-0.03979896032767309,-0.05644984625941907,28
KOSDAQ150,202512,FULL,hit,214430,-0.12311557788944727,-0.12843177959643076,-0.14508266552817672,28
KOSDAQ150,202512,FULL,hit,347850,0.2601684030255458,0.2548522013185623,0.23820131538681633,28
KOSDAQ150,202512,FULL,hit,211050,0.23500410846343467,0.22968790675645118,0.21303702082470521,28
KOSDAQ150,202512,FULL,false_in,300120,-0.36049382716049383,-0.3658100288674773,-0.3824609147992233,28
KOSDAQ150,202512,FULL,false_in,200230,-0.05524365596227265,-0.06055985766925613,-0.07721074360100211,28
KOSDAQ150,202512,FULL,false_in,225190,-0.29404900816802804,-0.29936520987501153,-0.3160160958067575,28
KOSDAQ150,202512,FULL,false_in,099220,-0.03513281919451583,-0.04044902090149931,-0.057099906833245284,28
KOSDAQ150,202512,FULL,false_in,102710,-0.09247967479674801,-0.09779587650373149,-0.11444676243547747,28
KOSDAQ150,202512,FULL,false_in,082850,-0.023866348448687402,-0.02918255015567088,-0.04583343608741686,28
KOSDAQ150,202512,FULL,false_in,099320,-0.1387959866220736,-0.1441121883290571,-0.16076307426080305,28
KOSDAQ150,202512,FULL,false_in,376930,-0.02857142857142858,-0.03388763027841206,-0.050538516210158035,28
KOSDAQ150,202512,FULL,false_in,440110,-0.07335907335907332,-0.0786752750660568,-0.09532616099780278,28
KOSDAQ150,202512,FULL,false_in,009730,-0.03862910252686613,-0.04394530423384961,-0.06059619016559559,28
KOSDAQ150,202512,FULL,false_in,475830,0.8552763819095477,0.8499601802025643,0.8333092942708182,28
KOSDAQ150,202512,FULL,false_in,030530,0.03986135181975747,0.034545150112773995,0.01789426418102802,28
KOSDAQ150,202512,FULL,false_in,060570,0.013698630136986356,0.008382428430002878,-0.008268457501743098,28
KOSDAQ150,202512,FULL,false_in,067630,-0.01872659176029967,-0.02404279346728315,-0.040693679399029126,28
KOSDAQ150,202512,FULL,false_in,084650,-0.018223234624145768,-0.023539436331129246,-0.04019032226287522,28
KOSDAQ150,202512,FULL,false_in,084110,0.07037037037037042,0.06505416866338694,0.04840328273164096,28
KOSDAQ150,202512,FULL,false_in,319400,-0.006763285024154575,-0.012079486731138053,-0.02873037266288403,28
KOSDAQ150,202512,FULL,false_in,200670,-0.14566929133858264,-0.15098549304556613,-0.1676363789773121,28
KOSDAQ150,202512,FULL,false_in,389470,0.834862385321101,0.8295461836141176,0.8128952976823716,28
KOSDAQ150,202512,FULL,false_in,419530,-0.297752808988764,-0.3030690106957475,-0.31971989662749345,28
KOSDAQ150,202512,FULL,false_in,083660,-0.24343288952860742,-0.2487490912355909,-0.2653999771673369,28
KOSDAQ150,202512,FULL,false_in,105550,0.04403567447045709,0.03871947276347361,0.022068586831727632,28
KOSDAQ150,202512,FULL,false_in,119850,-0.21103117505995206,-0.21634737676693555,-0.2329982626986815,28
KOSDAQ150,202512,FULL,false_in,446840,0.0545872670055676,0.04927106529858412,0.03262017936683814,28
KOSDAQ150,202512,FULL,false_in,078130,-0.05555555555555558,-0.06087175726253906,-0.07752264319428503,28
KOSDAQ150,202512,FULL,false_in,437730,0.561128526645768,0.5558123249387845,0.5391614390070385,28
KOSDAQ150,202512,FULL,false_in,044490,-0.14925373134328357,-0.15456993305026706,-0.17122081898201302,28
KOSDAQ150,202512,FULL,false_in,207760,-0.10896196002578984,-0.11427816173277332,-0.1309290476645193,28
KOSDAQ150,202512,FULL,false_in,348080,0.5236835141571845,0.5183673124502011,0.501716426518455,28
KOSDAQ150,202512,FULL,false_in,035890,0.0,-0.005316201706983478,-0.021967087638729454,28
KOSDAQ150,202512,FULL,false_in,067390,0.158699808795411,0.15338360708842752,0.13673272115668156,28
KOSDAQ150,202512,FULL,false_in,214680,0.09261186264308008,0.0872956609360966,0.07064477500435062,28
KOSDAQ150,202512,FULL,false_in,160190,-0.003215434083601254,-0.008531635790584732,-0.02518252172233071,28
KOSDAQ150,202512,FULL,false_in,347700,0.08591065292096212,0.08059445121397864,0.06394356528223266,28
KOSDAQ150,202512,FULL,false_in,950160,0.8171683389074693,0.8118521372004859,0.7952012512687399,28
KOSDAQ150,202512,FULL,false_in,021880,-0.0641509433962264,-0.06946714510320988,-0.08611803103495586,28
KOSDAQ150,202512,FULL,false_in,378800,-0.0049261083743842304,-0.010242310081367709,-0.026893196013113685,28
KOSDAQ150,202512,FULL,false_in,064260,-0.08629441624365486,-0.09161061795063834,-0.10826150388238431,28
KOSDAQ150,202512,FULL,false_in,140410,0.1926163723916532,0.1873001706846697,0.17064928475292374,28
KOSDAQ150,202512,FULL,false_in,047920,0.07932203389830517,0.07400583219132169,0.05735494625957571,28
KOSDAQ150,202512,FULL,miss_in,036620,0.21780303030303028,0.21248682859604678,0.19583594266430082,28
KOSDAQ150,202512,FULL,miss_in,304100,-0.08836524300441828,-0.09368144471140176,-0.11033233064314774,28
KOSDAQ150,202512,FULL,miss_in,056080,0.052482269503546064,0.047166067796562586,0.03051518186481661,28
KOSDAQ150,202512,FULL,miss_in,059090,-0.08059100067159164,-0.08590720237857512,-0.1025580883103211,28
KOSDAQ150,202512,FULL,pred_out,049070,-0.0642092746730083,-0.06952547637999178,-0.08617636231173775,28
KOSDAQ150,202512,FULL,pred_out,094360,0.0990675990675991,0.09375139736061562,0.07710051142886964,28
KOSDAQ150,202512,FULL,pred_out,267980,0.06295754026354317,0.05764133855655969,0.04099045262481371,28
KOSDAQ150,202512,FULL,pred_out,091700,0.06723891273247506,0.061922711025491586,0.04527182509374561,28
KOSDAQ150,202512,FULL,pred_out,095500,0.052956751985878237,0.04764055027889476,0.030989664347148782,28
KOSDAQ150,202512,FULL,pred_out,084850,-0.0930626057529611,-0.09837880745994458,-0.11502969339169056,28
KOSDAQ150,202512,FULL,pred_out,420770,-0.10013717421124824,-0.10545337591823171,-0.12210426184997769,28
KOSDAQ150,202512,FULL,pred_out,108860,-0.05494505494505497,-0.06026125665203845,-0.07691214258378443,28
KOSDAQ150,202512,FULL,pred_out,060280,0.25044883303411125,0.24513263132712776,0.2284817453953818,28
KOSDAQ150,202512,FULL,pred_out,053610,0.11433172302737526,0.10901552132039179,0.09236463538864581,28
KOSDAQ150,202512,FULL,pred_out,064550,-0.037852718513420536,-0.043168920220404014,-0.05981980615214999,28
KOSDAQ150,202512,FULL,pred_out,091120,-0.09713024282560712,-0.1024464445325906,-0.11909733046433657,28
KOSDAQ150,202512,FULL,pred_out,317330,-0.07348837209302328,-0.07880457380000676,-0.09545545973175273,28
KOSDAQ150,202512,FULL,pred_out,114840,-0.1457975986277873,-0.1511138003347708,-0.16776468626651675,28
KOSDAQ150,202512,FULL,pred_out,394280,-0.09768451519536903,-0.1030007169023525,-0.11965160283409848,28
KOSDAQ150,202512,FULL,act_out,115450,0.020529801324503216,0.015213599617519738,-0.0014372863142262382,28
KOSDAQ150,202512,FULL,act_out,064550,-0.037852718513420536,-0.043168920220404014,-0.05981980615214999,28
KOSDAQ150,202512,FULL,act_out,049070,-0.0642092746730083,-0.06952547637999178,-0.08617636231173775,28
KOSDAQ150,202512,FULL,act_out,094360,0.0990675990675991,0.09375139736061562,0.07710051142886964,28
KOSDAQ150,202512,FULL,act_out,099190,-0.03293413173652693,-0.038250333443510406,-0.05490121937525638,28
KOSDAQ150,202512,FULL,act_out,267980,0.06295754026354317,0.05764133855655969,0.04099045262481371,28
KOSDAQ150,202512,FULL,act_out,053610,0.11433172302737526,0.10901552132039179,0.09236463538864581,28
KOSDAQ150,202512,FULL,act_out,084850,-0.0930626057529611,-0.09837880745994458,-0.11502969339169056,28
KOSDAQ150,202512,FULL,act_out,420770,-0.10013717421124824,-0.10545337591823171,-0.12210426184997769,28
KOSDAQ150,202512,FULL,act_out,034950,0.02672147995888996,0.02140527825190648,0.004754392320160505,28
KOSDAQ150,202512,FULL,act_out,091700,0.06723891273247506,0.061922711025491586,0.04527182509374561,28
KOSDAQ150,202512,FULL,act_out,095500,0.052956751985878237,0.04764055027889476,0.030989664347148782,28
KOSDAQ150,202512,FULL,act_out,091120,-0.09713024282560712,-0.1024464445325906,-0.11909733046433657,28
KOSDAQ150,202512,FULL,act_out,317330,-0.07348837209302328,-0.07880457380000676,-0.09545545973175273,28
KOSDAQ150,202512,FULL,act_out,114840,-0.1457975986277873,-0.1511138003347708,-0.16776468626651675,28
KOSDAQ150,202512,FULL,act_out,394280,-0.09768451519536903,-0.1030007169023525,-0.11965160283409848,28
KOSDAQ150,202606,W1,pred_in,174900,-0.1417989417989418,-0.0626741797386133,-0.09845357953025169,13
KOSDAQ150,202606,W1,pred_in,010170,0.3728813559322033,0.45200611799253176,0.4162267182008934,13
KOSDAQ150,202606,W1,pred_in,099220,-0.20575539568345325,-0.12663063362312474,-0.16241003341476312,13
KOSDAQ150,202606,W1,pred_in,372320,-0.3618538324420677,-0.2827290703817392,-0.3185084701733776,13
KOSDAQ150,202606,W1,pred_in,424870,-0.161849710982659,-0.08272494892233048,-0.11850434871396887,13
KOSDAQ150,202606,W1,pred_in,102710,-0.1295336787564767,-0.05040891669614819,-0.08618831648778658,13
KOSDAQ150,202606,W1,pred_in,456160,-0.2617370892018779,-0.18261232714154937,-0.21839172693318776,13
KOSDAQ150,202606,W1,pred_in,099320,-0.08154761904761909,-0.0024228569872905836,-0.03820225677892897,13
KOSDAQ150,202606,W1,pred_in,043260,-0.05063291139240511,0.028491850667923396,-0.007287549123714987,13
KOSDAQ150,202606,W1,pred_in,102940,-0.08724832214765099,-0.008123560087322484,-0.04390295987896087,13
KOSDAQ150,202606,W1,pred_in,440110,0.5800492610837438,0.6591740231440723,0.6233946233524339,13
KOSDAQ150,202606,W1,pred_in,124500,-0.15670436187399028,-0.07757959981366178,-0.11335899960530016,13
KOSDAQ150,202606,W1,pred_in,052020,-0.16894736842105262,-0.08982260636072412,-0.1256020061523625,13
KOSDAQ150,202606,W1,pred_in,475830,-0.23429179978700743,-0.15516703772667892,-0.1909464375183173,13
KOSDAQ150,202606,W1,pred_in,030530,-0.1893063583815029,-0.11018159632117439,-0.14596099611281277,13
KOSDAQ150,202606,W1,pred_in,078160,-0.4715127701375246,-0.3923880080771961,-0.42816740786883445,13
KOSDAQ150,202606,W1,pred_in,058400,-0.1488178025034771,-0.06969304044314859,-0.10547244023478697,13
KOSDAQ150,202606,W1,pred_in,084110,-0.41532258064516125,-0.3361978185848328,-0.37197721837647113,13
KOSDAQ150,202606,W1,pred_in,090360,0.1927374301675977,0.2718621922279262,0.23608279243628782,13
KOSDAQ150,202606,W1,pred_in,319400,0.15254237288135597,0.23166713494168448,0.1958877351500461,13
KOSDAQ150,202606,W1,pred_in,090710,-0.0695443645083933,0.00958039755193521,-0.026199002239703173,13
KOSDAQ150,202606,W1,pred_in,476060,-0.027906976744186074,0.05121778531614243,0.01543838552450405,13
KOSDAQ150,202606,W1,pred_in,389470,-0.19747235387045814,-0.11834759181012963,-0.15412699160176802,13
KOSDAQ150,202606,W1,pred_in,420770,0.09406392694063936,0.17318868900096787,0.1374092892093295,13
KOSDAQ150,202606,W1,pred_in,126340,-0.08500270709258262,-0.005877945032254112,-0.041657344823892495,13
KOSDAQ150,202606,W1,pred_in,089970,0.15384615384615374,0.23297091590648225,0.19719151611484387,13
KOSDAQ150,202606,W1,pred_in,295310,0.2611607142857142,0.34028547634604267,0.3045060765544043,13
KOSDAQ150,202606,W1,pred_in,468530,-0.1530797101449275,-0.07395494808459899,-0.10973434787623737,13
KOSDAQ150,202606,W1,pred_in,127120,-0.10657596371882083,-0.027451201658492325,-0.06323060145013071,13
KOSDAQ150,202606,W1,pred_in,437730,0.020560747663551426,0.09968550972387993,0.06390610993224155,13
KOSDAQ150,202606,W1,pred_in,287840,-0.11781206171107994,-0.03868729965075143,-0.07446669944238982,13
KOSDAQ150,202606,W1,pred_in,044490,-0.29931972789115646,-0.22019496583082795,-0.25597436562246634,13
KOSDAQ150,202606,W1,pred_in,348080,-0.29504597227940166,-0.21592121021907315,-0.25170061001071153,13
KOSDAQ150,202606,W1,pred_in,067390,-0.1080402010050251,-0.028915438944696586,-0.06469483873633497,13
KOSDAQ150,202606,W1,pred_in,214680,-0.11321776814734563,-0.034093006087017125,-0.06987240587865551,13
KOSDAQ150,202606,W1,pred_in,397030,-0.03812824956672445,0.04099651249360406,0.005217112701965676,13
KOSDAQ150,202606,W1,pred_in,160190,-0.2070484581497798,-0.12792369608945128,-0.16370309588108967,13
KOSDAQ150,202606,W1,pred_in,347700,0.03256936067551264,0.11169412273584114,0.07591472294420276,13
KOSDAQ150,202606,W1,pred_in,950160,0.018129770992366456,0.09725453305269496,0.06147513326105658,13
KOSDAQ150,202606,W1,pred_in,100790,0.06463878326996197,0.14376354533029048,0.1079841455386521,13
KOSDAQ150,202606,W1,pred_in,049080,-0.29051094890510953,-0.21138618684478103,-0.2471655866364194,13
KOSDAQ150,202606,W1,pred_in,140410,-0.1875,-0.10837523793967149,-0.14415463773130988,13
KOSDAQ150,202606,W1,pred_in,376900,-0.24895104895104891,-0.1698262868907204,-0.2056056866823588,13
KOSDAQ150,202606,W1,pred_in,458870,-0.24487704918032782,-0.16575228711999931,-0.2015316869116377,13
KOSDAQ150,202606,W1,pred_in,115180,-0.16452074391988558,-0.08539598185955707,-0.12117538165119546,13
KOSDAQ150,202606,W1,act_in,295310,0.2611607142857142,0.34028547634604267,0.3045060765544043,13
KOSDAQ150,202606,W1,act_in,089970,0.15384615384615374,0.23297091590648225,0.19719151611484387,13
KOSDAQ150,202606,W1,act_in,125490,-0.06904622586307785,0.01007853619725066,-0.025700863594387724,13
KOSDAQ150,202606,W1,act_in,319400,0.15254237288135597,0.23166713494168448,0.1958877351500461,13
KOSDAQ150,202606,W1,act_in,090360,0.1927374301675977,0.2718621922279262,0.23608279243628782,13
KOSDAQ150,202606,W1,act_in,099320,-0.08154761904761909,-0.0024228569872905836,-0.03820225677892897,13
KOSDAQ150,202606,W1,act_in,090710,-0.0695443645083933,0.00958039755193521,-0.026199002239703173,13
KOSDAQ150,202606,W1,act_in,100790,0.06463878326996197,0.14376354533029048,0.1079841455386521,13
KOSDAQ150,202606,W1,act_in,043260,-0.05063291139240511,0.028491850667923396,-0.007287549123714987,13
KOSDAQ150,202606,W1,act_in,420770,0.09406392694063936,0.17318868900096787,0.1374092892093295,13
KOSDAQ150,202606,W1,act_in,437730,0.020560747663551426,0.09968550972387993,0.06390610993224155,13
KOSDAQ150,202606,W1,act_in,124500,-0.15670436187399028,-0.07757959981366178,-0.11335899960530016,13
KOSDAQ150,202606,W1,act_in,475830,-0.23429179978700743,-0.15516703772667892,-0.1909464375183173,13
KOSDAQ150,202606,W1,act_in,030530,-0.1893063583815029,-0.11018159632117439,-0.14596099611281277,13
KOSDAQ150,202606,W1,hit,295310,0.2611607142857142,0.34028547634604267,0.3045060765544043,13
KOSDAQ150,202606,W1,hit,319400,0.15254237288135597,0.23166713494168448,0.1958877351500461,13
KOSDAQ150,202606,W1,hit,090360,0.1927374301675977,0.2718621922279262,0.23608279243628782,13
KOSDAQ150,202606,W1,hit,099320,-0.08154761904761909,-0.0024228569872905836,-0.03820225677892897,13
KOSDAQ150,202606,W1,hit,090710,-0.0695443645083933,0.00958039755193521,-0.026199002239703173,13
KOSDAQ150,202606,W1,hit,100790,0.06463878326996197,0.14376354533029048,0.1079841455386521,13
KOSDAQ150,202606,W1,hit,043260,-0.05063291139240511,0.028491850667923396,-0.007287549123714987,13
KOSDAQ150,202606,W1,hit,420770,0.09406392694063936,0.17318868900096787,0.1374092892093295,13
KOSDAQ150,202606,W1,hit,437730,0.020560747663551426,0.09968550972387993,0.06390610993224155,13
KOSDAQ150,202606,W1,hit,124500,-0.15670436187399028,-0.07757959981366178,-0.11335899960530016,13
KOSDAQ150,202606,W1,hit,475830,-0.23429179978700743,-0.15516703772667892,-0.1909464375183173,13
KOSDAQ150,202606,W1,hit,089970,0.15384615384615374,0.23297091590648225,0.19719151611484387,13
KOSDAQ150,202606,W1,hit,030530,-0.1893063583815029,-0.11018159632117439,-0.14596099611281277,13
KOSDAQ150,202606,W1,false_in,174900,-0.1417989417989418,-0.0626741797386133,-0.09845357953025169,13
KOSDAQ150,202606,W1,false_in,372320,-0.3618538324420677,-0.2827290703817392,-0.3185084701733776,13
KOSDAQ150,202606,W1,false_in,424870,-0.161849710982659,-0.08272494892233048,-0.11850434871396887,13
KOSDAQ150,202606,W1,false_in,010170,0.3728813559322033,0.45200611799253176,0.4162267182008934,13
KOSDAQ150,202606,W1,false_in,099220,-0.20575539568345325,-0.12663063362312474,-0.16241003341476312,13
KOSDAQ150,202606,W1,false_in,102710,-0.1295336787564767,-0.05040891669614819,-0.08618831648778658,13
KOSDAQ150,202606,W1,false_in,456160,-0.2617370892018779,-0.18261232714154937,-0.21839172693318776,13
KOSDAQ150,202606,W1,false_in,102940,-0.08724832214765099,-0.008123560087322484,-0.04390295987896087,13
KOSDAQ150,202606,W1,false_in,440110,0.5800492610837438,0.6591740231440723,0.6233946233524339,13
KOSDAQ150,202606,W1,false_in,052020,-0.16894736842105262,-0.08982260636072412,-0.1256020061523625,13
KOSDAQ150,202606,W1,false_in,078160,-0.4715127701375246,-0.3923880080771961,-0.42816740786883445,13
KOSDAQ150,202606,W1,false_in,058400,-0.1488178025034771,-0.06969304044314859,-0.10547244023478697,13
KOSDAQ150,202606,W1,false_in,084110,-0.41532258064516125,-0.3361978185848328,-0.37197721837647113,13
KOSDAQ150,202606,W1,false_in,476060,-0.027906976744186074,0.05121778531614243,0.01543838552450405,13
KOSDAQ150,202606,W1,false_in,389470,-0.19747235387045814,-0.11834759181012963,-0.15412699160176802,13
KOSDAQ150,202606,W1,false_in,126340,-0.08500270709258262,-0.005877945032254112,-0.041657344823892495,13
KOSDAQ150,202606,W1,false_in,468530,-0.1530797101449275,-0.07395494808459899,-0.10973434787623737,13
KOSDAQ150,202606,W1,false_in,127120,-0.10657596371882083,-0.027451201658492325,-0.06323060145013071,13
KOSDAQ150,202606,W1,false_in,287840,-0.11781206171107994,-0.03868729965075143,-0.07446669944238982,13
KOSDAQ150,202606,W1,false_in,044490,-0.29931972789115646,-0.22019496583082795,-0.25597436562246634,13
KOSDAQ150,202606,W1,false_in,348080,-0.29504597227940166,-0.21592121021907315,-0.25170061001071153,13
KOSDAQ150,202606,W1,false_in,067390,-0.1080402010050251,-0.028915438944696586,-0.06469483873633497,13
KOSDAQ150,202606,W1,false_in,214680,-0.11321776814734563,-0.034093006087017125,-0.06987240587865551,13
KOSDAQ150,202606,W1,false_in,397030,-0.03812824956672445,0.04099651249360406,0.005217112701965676,13
KOSDAQ150,202606,W1,false_in,160190,-0.2070484581497798,-0.12792369608945128,-0.16370309588108967,13
KOSDAQ150,202606,W1,false_in,347700,0.03256936067551264,0.11169412273584114,0.07591472294420276,13
KOSDAQ150,202606,W1,false_in,950160,0.018129770992366456,0.09725453305269496,0.06147513326105658,13
KOSDAQ150,202606,W1,false_in,049080,-0.29051094890510953,-0.21138618684478103,-0.2471655866364194,13
KOSDAQ150,202606,W1,false_in,140410,-0.1875,-0.10837523793967149,-0.14415463773130988,13
KOSDAQ150,202606,W1,false_in,376900,-0.24895104895104891,-0.1698262868907204,-0.2056056866823588,13
KOSDAQ150,202606,W1,false_in,458870,-0.24487704918032782,-0.16575228711999931,-0.2015316869116377,13
KOSDAQ150,202606,W1,false_in,115180,-0.16452074391988558,-0.08539598185955707,-0.12117538165119546,13
KOSDAQ150,202606,W1,miss_in,125490,-0.06904622586307785,0.01007853619725066,-0.025700863594387724,13
KOSDAQ150,202606,W1,pred_out,215000,-0.11309523809523814,-0.03397047603490963,-0.06974987582654801,13
KOSDAQ150,202606,W1,pred_out,053030,-0.10555050045495906,-0.026425738394630555,-0.06220513818626894,13
KOSDAQ150,202606,W1,pred_out,352480,-0.2522045855379189,-0.1730798234775904,-0.2088592232692288,13
KOSDAQ150,202606,W1,pred_out,215200,-0.10683760683760679,-0.027712844777278284,-0.06349224456891667,13
KOSDAQ150,202606,W1,pred_out,108860,-0.1510736196319018,-0.0719488575715733,-0.10772825736321168,13
KOSDAQ150,202606,W1,pred_out,304100,-0.10845986984815614,-0.029335107787827636,-0.06511450757946602,13
KOSDAQ150,202606,W1,pred_out,194480,-0.21741071428571423,-0.13828595222538573,-0.1740653520170241,13
KOSDAQ150,202606,W1,pred_out,058970,-0.10431654676258995,-0.02519178470226144,-0.06097118449389982,13
KOSDAQ150,202606,W1,pred_out,101360,-0.24720812182741114,-0.16808335976708264,-0.20386275955872102,13
KOSDAQ150,202606,W1,act_out,215000,-0.11309523809523814,-0.03397047603490963,-0.06974987582654801,13
KOSDAQ150,202606,W1,act_out,053030,-0.10555050045495906,-0.026425738394630555,-0.06220513818626894,13
KOSDAQ150,202606,W1,act_out,079370,-0.163905325443787,-0.08478056338345849,-0.12055996317509687,13
KOSDAQ150,202606,W1,act_out,058970,-0.10431654676258995,-0.02519178470226144,-0.06097118449389982,13
KOSDAQ150,202606,W1,act_out,365340,-0.16416040100250628,-0.08503563894217778,-0.12081503873381616,13
KOSDAQ150,202606,W1,act_out,460930,-0.11940298507462688,-0.04027822301429837,-0.07605762280593675,13
KOSDAQ150,202606,W1,act_out,383310,-0.0943683409436834,-0.015243578883354897,-0.05102297867499328,13
KOSDAQ150,202606,W1,act_out,086900,-0.02938388625592414,0.049740875804404366,0.013961476012765983,13
KOSDAQ150,202606,W1,act_out,108860,-0.1510736196319018,-0.0719488575715733,-0.10772825736321168,13
KOSDAQ150,202606,W1,act_out,304100,-0.10845986984815614,-0.029335107787827636,-0.06511450757946602,13
KOSDAQ150,202606,W1,act_out,101360,-0.24720812182741114,-0.16808335976708264,-0.20386275955872102,13
KOSDAQ150,202606,W1,act_out,336570,0.28356164383561633,0.3626864058959448,0.32690700610430645,13
KOSDAQ150,202606,W1,act_out,059090,-0.1800766283524904,-0.10095186629216188,-0.13673126608380026,13
KOSDAQ150,202606,W2,pred_in,174900,-0.2953736654804271,-0.1085823556491751,-0.1456192902885327,11
KOSDAQ150,202606,W2,pred_in,010170,-0.3859712230215827,-0.1991799131903307,-0.23621684782968833,11
KOSDAQ150,202606,W2,pred_in,099220,-0.12442396313364057,0.06236734669761143,0.025330412058253815,11
KOSDAQ150,202606,W2,pred_in,372320,-0.20665742024965328,-0.019866110418401278,-0.056903045057758894,11
KOSDAQ150,202606,W2,pred_in,424870,-0.3266129032258065,-0.1398215933945545,-0.1768585280339121,11
KOSDAQ150,202606,W2,pred_in,102710,-0.0728542914171657,0.1139370184140863,0.07690008377472868,11
KOSDAQ150,202606,W2,pred_in,456160,-0.27472527472527475,-0.08793396489402275,-0.12497089953338036,11
KOSDAQ150,202606,W2,pred_in,099320,-0.258800521512386,-0.07200921168113397,-0.10904614632049159,11
KOSDAQ150,202606,W2,pred_in,043260,0.11233211233211238,0.2991234221633644,0.26208648752400676,11
KOSDAQ150,202606,W2,pred_in,102940,-0.11191335740072206,0.07487795243052994,0.03784101779117233,11
KOSDAQ150,202606,W2,pred_in,440110,-0.14982876712328763,0.03696254270796437,-7.439193139324729e-05,11
KOSDAQ150,202606,W2,pred_in,124500,-0.1258811681772407,0.06091014165401129,0.023873207014653675,11
KOSDAQ150,202606,W2,pred_in,052020,-0.27025275437459495,-0.08346144454334295,-0.12049837918270057,11
KOSDAQ150,202606,W2,pred_in,475830,-0.03265306122448974,0.15413824860676226,0.11710131396740464,11
KOSDAQ150,202606,W2,pred_in,030530,-0.09794628751974721,0.08884502231150479,0.051808087672147174,11
KOSDAQ150,202606,W2,pred_in,078160,-0.2053231939163498,-0.01853188408509779,-0.055568818724455404,11
KOSDAQ150,202606,W2,pred_in,058400,-0.11624203821656054,0.07054927161469146,0.033512336975333845,11
KOSDAQ150,202606,W2,pred_in,084110,-0.2507042253521127,-0.06391291552086067,-0.10094985016021829,11
KOSDAQ150,202606,W2,pred_in,090360,0.25058823529411756,0.4373795451253696,0.40034261048601194,11
KOSDAQ150,202606,W2,pred_in,319400,0.0779392338177014,0.26473054364895343,0.2276936090095958,11
KOSDAQ150,202606,W2,pred_in,090710,-0.02286198137171891,0.1639293284595331,0.12689239382017548,11
KOSDAQ150,202606,W2,pred_in,476060,-0.21386138613861383,-0.02707007630736183,-0.06410701094671944,11
KOSDAQ150,202606,W2,pred_in,389470,-0.18681318681318682,-2.1876981934815243e-05,-0.03705881162129243,11
KOSDAQ150,202606,W2,pred_in,420770,0.03797468354430378,0.22476599337555578,0.18772905873619816,11
KOSDAQ150,202606,W2,pred_in,126340,-0.3888235294117647,-0.20203221958051268,-0.2390691542198703,11
KOSDAQ150,202606,W2,pred_in,089970,0.28549848942598177,0.4722897992572338,0.43525286461787616,11
KOSDAQ150,202606,W2,pred_in,295310,-0.17368421052631577,0.013107099304936226,-0.02392983533442139,11
KOSDAQ150,202606,W2,pred_in,468530,-0.2901498929336188,-0.10335858310236681,-0.14039551774172443,11
KOSDAQ150,202606,W2,pred_in,127120,-0.16624365482233505,0.02054765500891695,-0.016489279630440667,11
KOSDAQ150,202606,W2,pred_in,437730,-0.1266666666666667,0.060124643164585295,0.02308770852522768,11
KOSDAQ150,202606,W2,pred_in,287840,-0.24405705229793972,-0.057265742466687725,-0.09430267710604534,11
KOSDAQ150,202606,W2,pred_in,044490,-0.23849878934624702,-0.05170747951499502,-0.08874441415435264,11
KOSDAQ150,202606,W2,pred_in,348080,-0.2558851674641148,-0.06909385763286283,-0.10613079227222044,11
KOSDAQ150,202606,W2,pred_in,067390,-0.27572016460905346,-0.08892885477780146,-0.12596578941715908,11
KOSDAQ150,202606,W2,pred_in,214680,-0.178168130489335,0.008623179341917003,-0.028413755297440613,11
KOSDAQ150,202606,W2,pred_in,397030,-0.25689655172413794,-0.07010524189288594,-0.10714217653224356,11
KOSDAQ150,202606,W2,pred_in,160190,-0.31842105263157894,-0.13162974280032694,-0.16866667743968455,11
KOSDAQ150,202606,W2,pred_in,347700,-0.17647058823529416,0.010320721595957844,-0.026716213043399772,11
KOSDAQ150,202606,W2,pred_in,950160,-0.05591200733272228,0.13087930249852972,0.0938423678591721,11
KOSDAQ150,202606,W2,pred_in,100790,-0.31096563011456624,-0.12417432028331424,-0.16121125492267185,11
KOSDAQ150,202606,W2,pred_in,049080,-0.33534136546184734,-0.14855005563059534,-0.18558699026995296,11
KOSDAQ150,202606,W2,pred_in,140410,-0.12709497206703912,0.059696337764212876,0.02265940312485526,11
KOSDAQ150,202606,W2,pred_in,376900,-0.14261460101867574,0.044176708812576265,0.007139774173218649,11
KOSDAQ150,202606,W2,pred_in,458870,-0.19972640218878246,-0.012935092357530459,-0.049972026996888075,11
KOSDAQ150,202606,W2,pred_in,115180,-0.1444444444444445,0.042346865386807514,0.005309930747449898,11
KOSDAQ150,202606,W2,act_in,295310,-0.17368421052631577,0.013107099304936226,-0.02392983533442139,11
KOSDAQ150,202606,W2,act_in,089970,0.28549848942598177,0.4722897992572338,0.43525286461787616,11
KOSDAQ150,202606,W2,act_in,125490,-0.21424148606811144,-0.02745017623685944,-0.06448711087621706,11
KOSDAQ150,202606,W2,act_in,319400,0.0779392338177014,0.26473054364895343,0.2276936090095958,11
KOSDAQ150,202606,W2,act_in,090360,0.25058823529411756,0.4373795451253696,0.40034261048601194,11
KOSDAQ150,202606,W2,act_in,099320,-0.258800521512386,-0.07200921168113397,-0.10904614632049159,11
KOSDAQ150,202606,W2,act_in,090710,-0.02286198137171891,0.1639293284595331,0.12689239382017548,11
KOSDAQ150,202606,W2,act_in,100790,-0.31096563011456624,-0.12417432028331424,-0.16121125492267185,11
KOSDAQ150,202606,W2,act_in,043260,0.11233211233211238,0.2991234221633644,0.26208648752400676,11
KOSDAQ150,202606,W2,act_in,420770,0.03797468354430378,0.22476599337555578,0.18772905873619816,11
KOSDAQ150,202606,W2,act_in,437730,-0.1266666666666667,0.060124643164585295,0.02308770852522768,11
KOSDAQ150,202606,W2,act_in,124500,-0.1258811681772407,0.06091014165401129,0.023873207014653675,11
KOSDAQ150,202606,W2,act_in,475830,-0.03265306122448974,0.15413824860676226,0.11710131396740464,11
KOSDAQ150,202606,W2,act_in,030530,-0.09794628751974721,0.08884502231150479,0.051808087672147174,11
KOSDAQ150,202606,W2,hit,295310,-0.17368421052631577,0.013107099304936226,-0.02392983533442139,11
KOSDAQ150,202606,W2,hit,319400,0.0779392338177014,0.26473054364895343,0.2276936090095958,11
KOSDAQ150,202606,W2,hit,090360,0.25058823529411756,0.4373795451253696,0.40034261048601194,11
KOSDAQ150,202606,W2,hit,099320,-0.258800521512386,-0.07200921168113397,-0.10904614632049159,11
KOSDAQ150,202606,W2,hit,090710,-0.02286198137171891,0.1639293284595331,0.12689239382017548,11
KOSDAQ150,202606,W2,hit,100790,-0.31096563011456624,-0.12417432028331424,-0.16121125492267185,11
KOSDAQ150,202606,W2,hit,043260,0.11233211233211238,0.2991234221633644,0.26208648752400676,11
KOSDAQ150,202606,W2,hit,420770,0.03797468354430378,0.22476599337555578,0.18772905873619816,11
KOSDAQ150,202606,W2,hit,437730,-0.1266666666666667,0.060124643164585295,0.02308770852522768,11
KOSDAQ150,202606,W2,hit,124500,-0.1258811681772407,0.06091014165401129,0.023873207014653675,11
KOSDAQ150,202606,W2,hit,475830,-0.03265306122448974,0.15413824860676226,0.11710131396740464,11
KOSDAQ150,202606,W2,hit,089970,0.28549848942598177,0.4722897992572338,0.43525286461787616,11
KOSDAQ150,202606,W2,hit,030530,-0.09794628751974721,0.08884502231150479,0.051808087672147174,11
KOSDAQ150,202606,W2,false_in,174900,-0.2953736654804271,-0.1085823556491751,-0.1456192902885327,11
KOSDAQ150,202606,W2,false_in,372320,-0.20665742024965328,-0.019866110418401278,-0.056903045057758894,11
KOSDAQ150,202606,W2,false_in,424870,-0.3266129032258065,-0.1398215933945545,-0.1768585280339121,11
KOSDAQ150,202606,W2,false_in,010170,-0.3859712230215827,-0.1991799131903307,-0.23621684782968833,11
KOSDAQ150,202606,W2,false_in,099220,-0.12442396313364057,0.06236734669761143,0.025330412058253815,11
KOSDAQ150,202606,W2,false_in,102710,-0.0728542914171657,0.1139370184140863,0.07690008377472868,11
KOSDAQ150,202606,W2,false_in,456160,-0.27472527472527475,-0.08793396489402275,-0.12497089953338036,11
KOSDAQ150,202606,W2,false_in,102940,-0.11191335740072206,0.07487795243052994,0.03784101779117233,11
KOSDAQ150,202606,W2,false_in,440110,-0.14982876712328763,0.03696254270796437,-7.439193139324729e-05,11
KOSDAQ150,202606,W2,false_in,052020,-0.27025275437459495,-0.08346144454334295,-0.12049837918270057,11
KOSDAQ150,202606,W2,false_in,078160,-0.2053231939163498,-0.01853188408509779,-0.055568818724455404,11
KOSDAQ150,202606,W2,false_in,058400,-0.11624203821656054,0.07054927161469146,0.033512336975333845,11
KOSDAQ150,202606,W2,false_in,084110,-0.2507042253521127,-0.06391291552086067,-0.10094985016021829,11
KOSDAQ150,202606,W2,false_in,476060,-0.21386138613861383,-0.02707007630736183,-0.06410701094671944,11
KOSDAQ150,202606,W2,false_in,389470,-0.18681318681318682,-2.1876981934815243e-05,-0.03705881162129243,11
KOSDAQ150,202606,W2,false_in,126340,-0.3888235294117647,-0.20203221958051268,-0.2390691542198703,11
KOSDAQ150,202606,W2,false_in,468530,-0.2901498929336188,-0.10335858310236681,-0.14039551774172443,11
KOSDAQ150,202606,W2,false_in,127120,-0.16624365482233505,0.02054765500891695,-0.016489279630440667,11
KOSDAQ150,202606,W2,false_in,287840,-0.24405705229793972,-0.057265742466687725,-0.09430267710604534,11
KOSDAQ150,202606,W2,false_in,044490,-0.23849878934624702,-0.05170747951499502,-0.08874441415435264,11
KOSDAQ150,202606,W2,false_in,348080,-0.2558851674641148,-0.06909385763286283,-0.10613079227222044,11
KOSDAQ150,202606,W2,false_in,067390,-0.27572016460905346,-0.08892885477780146,-0.12596578941715908,11
KOSDAQ150,202606,W2,false_in,214680,-0.178168130489335,0.008623179341917003,-0.028413755297440613,11
KOSDAQ150,202606,W2,false_in,397030,-0.25689655172413794,-0.07010524189288594,-0.10714217653224356,11
KOSDAQ150,202606,W2,false_in,160190,-0.31842105263157894,-0.13162974280032694,-0.16866667743968455,11
KOSDAQ150,202606,W2,false_in,347700,-0.17647058823529416,0.010320721595957844,-0.026716213043399772,11
KOSDAQ150,202606,W2,false_in,950160,-0.05591200733272228,0.13087930249852972,0.0938423678591721,11
KOSDAQ150,202606,W2,false_in,049080,-0.33534136546184734,-0.14855005563059534,-0.18558699026995296,11
KOSDAQ150,202606,W2,false_in,140410,-0.12709497206703912,0.059696337764212876,0.02265940312485526,11
KOSDAQ150,202606,W2,false_in,376900,-0.14261460101867574,0.044176708812576265,0.007139774173218649,11
KOSDAQ150,202606,W2,false_in,458870,-0.19972640218878246,-0.012935092357530459,-0.049972026996888075,11
KOSDAQ150,202606,W2,false_in,115180,-0.1444444444444445,0.042346865386807514,0.005309930747449898,11
KOSDAQ150,202606,W2,miss_in,125490,-0.21424148606811144,-0.02745017623685944,-0.06448711087621706,11
KOSDAQ150,202606,W2,pred_out,215000,-0.019274376417233507,0.1675169334140185,0.13047999877466088,11
KOSDAQ150,202606,W2,pred_out,053030,-0.19712525667351133,-0.010333946842259328,-0.047370881481616944,11
KOSDAQ150,202606,W2,pred_out,352480,-0.1145374449339207,0.0722538648973313,0.03521693025797368,11
KOSDAQ150,202606,W2,pred_out,215200,-0.04539877300613493,0.14139253682511707,0.10435560218575946,11
KOSDAQ150,202606,W2,pred_out,108860,-0.1944954128440367,-0.007704103012784708,-0.044741037652142324,11
KOSDAQ150,202606,W2,pred_out,304100,-0.2151515151515152,-0.028360205320263204,-0.06539713995962082,11
KOSDAQ150,202606,W2,pred_out,194480,-0.19896492236917773,-0.012173612537925732,-0.04921054717728335,11
KOSDAQ150,202606,W2,pred_out,058970,-0.1422764227642277,0.044514887067024306,0.00747795242766669,11
KOSDAQ150,202606,W2,pred_out,101360,-0.2670262980445044,-0.0802349882132524,-0.11727192285261001,11
KOSDAQ150,202606,W2,act_out,215000,-0.019274376417233507,0.1675169334140185,0.13047999877466088,11
KOSDAQ150,202606,W2,act_out,053030,-0.19712525667351133,-0.010333946842259328,-0.047370881481616944,11
KOSDAQ150,202606,W2,act_out,079370,-0.15816326530612246,0.028628044525129542,-0.008408890114228074,11
KOSDAQ150,202606,W2,act_out,058970,-0.1422764227642277,0.044514887067024306,0.00747795242766669,11
KOSDAQ150,202606,W2,act_out,365340,-0.23502994011976053,-0.04823863028850853,-0.08527556492786614,11
KOSDAQ150,202606,W2,act_out,460930,-0.25014084507042256,-0.06334953523917056,-0.10038646987852817,11
KOSDAQ150,202606,W2,act_out,383310,-0.15156250000000004,0.035228809831251956,-0.00180812480810566,11
KOSDAQ150,202606,W2,act_out,086900,-0.1536113936927772,0.03317991613847479,-0.003857018500882825,11
KOSDAQ150,202606,W2,act_out,108860,-0.1944954128440367,-0.007704103012784708,-0.044741037652142324,11
KOSDAQ150,202606,W2,act_out,304100,-0.2151515151515152,-0.028360205320263204,-0.06539713995962082,11
KOSDAQ150,202606,W2,act_out,101360,-0.2670262980445044,-0.0802349882132524,-0.11727192285261001,11
KOSDAQ150,202606,W2,act_out,336570,-0.1744444444444444,0.012346865386807598,-0.024690069252550018,11
KOSDAQ150,202606,W2,act_out,059090,0.009111617312072884,0.19590292714332488,0.15886599250396727,11
KOSDAQ150,202606,W3,pred_in,174900,-0.23737373737373735,-0.06112190786520599,-0.03381882378903234,20
KOSDAQ150,202606,W3,pred_in,010170,-0.3760984182776801,-0.19984658876914874,-0.17254350469297508,20
KOSDAQ150,202606,W3,pred_in,099220,-0.20526315789473681,-0.02901132838620546,-0.0017082443100318034,20
KOSDAQ150,202606,W3,pred_in,372320,-0.04370629370629375,0.1325455358022376,0.15984861987841126,20
KOSDAQ150,202606,W3,pred_in,424870,-0.27305389221556886,-0.0968020627070375,-0.06949897863086385,20
KOSDAQ150,202606,W3,pred_in,102710,-0.16899892357373525,0.007252905934796106,0.03455599001096976,20
KOSDAQ150,202606,W3,pred_in,456160,-0.316017316017316,-0.13976548650878462,-0.11246240243261096,20
KOSDAQ150,202606,W3,pred_in,099320,-0.3007915567282322,-0.12453972721970086,-0.0972366431435272,20
KOSDAQ150,202606,W3,pred_in,043260,-0.5618002195389682,-0.38554839003043684,-0.3582453059542632,20
KOSDAQ150,202606,W3,pred_in,102940,-0.17479674796747968,0.0014550815410516726,0.02875816561722533,20
KOSDAQ150,202606,W3,pred_in,440110,-0.2769385699899295,-0.10068674048139814,-0.07338365640522448,20
KOSDAQ150,202606,W3,pred_in,124500,-0.5380184331797235,-0.3617666036711922,-0.3344635195950185,20
KOSDAQ150,202606,W3,pred_in,052020,-0.3374777975133215,-0.16122596800479017,-0.1339228839286165,20
KOSDAQ150,202606,W3,pred_in,475830,-0.3488045007032349,-0.17255267119470352,-0.14524958711852987,20
KOSDAQ150,202606,W3,pred_in,030530,-0.405954465849387,-0.22970263634085564,-0.20239955226468198,20
KOSDAQ150,202606,W3,pred_in,078160,-0.1885167464114833,-0.01226491690295195,0.015038167173221706,20
KOSDAQ150,202606,W3,pred_in,058400,-0.01981981981981984,0.15643200968871152,0.18373509376488517,20
KOSDAQ150,202606,W3,pred_in,084110,-0.001879699248120259,0.1743721302604111,0.20167521433658475,20
KOSDAQ150,202606,W3,pred_in,090360,-0.3603010348071496,-0.18404920529861823,-0.15674612122244458,20
KOSDAQ150,202606,W3,pred_in,319400,-0.4424019607843137,-0.26615013127578235,-0.2388470471996087,20
KOSDAQ150,202606,W3,pred_in,090710,-0.41854419410745236,-0.242292364598921,-0.21498928052274735,20
KOSDAQ150,202606,W3,pred_in,476060,-0.3148614609571788,-0.13860963144864746,-0.11130654737247381,20
KOSDAQ150,202606,W3,pred_in,389470,-0.18918918918918914,-0.01293735968065779,0.014365724395515866,20
KOSDAQ150,202606,W3,pred_in,420770,0.026422764227642226,0.20267459373617358,0.22997767781234724,20
KOSDAQ150,202606,W3,pred_in,126340,-0.34167468719923,-0.16542285769069864,-0.138119773614525,20
KOSDAQ150,202606,W3,pred_in,089970,0.01762632197414815,0.1938781514826795,0.22118123555885316,20
KOSDAQ150,202606,W3,pred_in,295310,-0.5878070973612375,-0.41155526785270613,-0.3842521837765325,20
KOSDAQ150,202606,W3,pred_in,468530,-0.2941176470588235,-0.11786581755029213,-0.09056273347411847,20
KOSDAQ150,202606,W3,pred_in,127120,0.13698630136986312,0.31323813087839447,0.3405412149545681,20
KOSDAQ150,202606,W3,pred_in,437730,-0.3549618320610687,-0.17871000255253733,-0.15140691847636367,20
KOSDAQ150,202606,W3,pred_in,287840,-0.08176100628930816,0.0944908232192232,0.12179390729539685,20
KOSDAQ150,202606,W3,pred_in,044490,-0.16693163751987283,0.009320191988658522,0.03662327606483218,20
KOSDAQ150,202606,W3,pred_in,348080,-0.3055555555555556,-0.12930372604702423,-0.10200064197085057,20
KOSDAQ150,202606,W3,pred_in,067390,-0.058712121212121215,0.11753970829641014,0.1448427923725838,20
KOSDAQ150,202606,W3,pred_in,214680,-0.2923664122137405,-0.11611458270520914,-0.08881149862903548,20
KOSDAQ150,202606,W3,pred_in,397030,-0.382830626450116,-0.20657879694158465,-0.179275712865411,20
KOSDAQ150,202606,W3,pred_in,160190,-0.3644787644787645,-0.18822693497023313,-0.16092385089405947,20
KOSDAQ150,202606,W3,pred_in,347700,-0.5171428571428571,-0.34089102763432577,-0.3135879435581521,20
KOSDAQ150,202606,W3,pred_in,950160,-0.15242718446601944,0.023824645042511916,0.05112772911868557,20
KOSDAQ150,202606,W3,pred_in,100790,-0.6422802850356295,-0.46602845552709815,-0.4387253714509245,20
KOSDAQ150,202606,W3,pred_in,049080,-0.5372608257804632,-0.36100899627193184,-0.3337059121957582,20
KOSDAQ150,202606,W3,pred_in,140410,-0.12480000000000002,0.05145182950853133,0.07875491358470499,20
KOSDAQ150,202606,W3,pred_in,376900,-0.2960396039603961,-0.11978777445186473,-0.09248469037569107,20
KOSDAQ150,202606,W3,pred_in,458870,0.11111111111111116,0.2873629406196425,0.31466602469581617,20
KOSDAQ150,202606,W3,pred_in,115180,-0.3031539888682746,-0.12690215935974325,-0.0995990752835696,20
KOSDAQ150,202606,W3,act_in,295310,-0.5878070973612375,-0.41155526785270613,-0.3842521837765325,20
KOSDAQ150,202606,W3,act_in,089970,0.01762632197414815,0.1938781514826795,0.22118123555885316,20
KOSDAQ150,202606,W3,act_in,125490,-0.40661938534278963,-0.23036755583425828,-0.20306447175808462,20
KOSDAQ150,202606,W3,act_in,319400,-0.4424019607843137,-0.26615013127578235,-0.2388470471996087,20
KOSDAQ150,202606,W3,act_in,090360,-0.3603010348071496,-0.18404920529861823,-0.15674612122244458,20
KOSDAQ150,202606,W3,act_in,099320,-0.3007915567282322,-0.12453972721970086,-0.0972366431435272,20
KOSDAQ150,202606,W3,act_in,090710,-0.41854419410745236,-0.242292364598921,-0.21498928052274735,20
KOSDAQ150,202606,W3,act_in,100790,-0.6422802850356295,-0.46602845552709815,-0.4387253714509245,20
KOSDAQ150,202606,W3,act_in,043260,-0.5618002195389682,-0.38554839003043684,-0.3582453059542632,20
KOSDAQ150,202606,W3,act_in,420770,0.026422764227642226,0.20267459373617358,0.22997767781234724,20
KOSDAQ150,202606,W3,act_in,437730,-0.3549618320610687,-0.17871000255253733,-0.15140691847636367,20
KOSDAQ150,202606,W3,act_in,124500,-0.5380184331797235,-0.3617666036711922,-0.3344635195950185,20
KOSDAQ150,202606,W3,act_in,475830,-0.3488045007032349,-0.17255267119470352,-0.14524958711852987,20
KOSDAQ150,202606,W3,act_in,030530,-0.405954465849387,-0.22970263634085564,-0.20239955226468198,20
KOSDAQ150,202606,W3,hit,295310,-0.5878070973612375,-0.41155526785270613,-0.3842521837765325,20
KOSDAQ150,202606,W3,hit,319400,-0.4424019607843137,-0.26615013127578235,-0.2388470471996087,20
KOSDAQ150,202606,W3,hit,090360,-0.3603010348071496,-0.18404920529861823,-0.15674612122244458,20
KOSDAQ150,202606,W3,hit,099320,-0.3007915567282322,-0.12453972721970086,-0.0972366431435272,20
KOSDAQ150,202606,W3,hit,090710,-0.41854419410745236,-0.242292364598921,-0.21498928052274735,20
KOSDAQ150,202606,W3,hit,100790,-0.6422802850356295,-0.46602845552709815,-0.4387253714509245,20
KOSDAQ150,202606,W3,hit,043260,-0.5618002195389682,-0.38554839003043684,-0.3582453059542632,20
KOSDAQ150,202606,W3,hit,420770,0.026422764227642226,0.20267459373617358,0.22997767781234724,20
KOSDAQ150,202606,W3,hit,437730,-0.3549618320610687,-0.17871000255253733,-0.15140691847636367,20
KOSDAQ150,202606,W3,hit,124500,-0.5380184331797235,-0.3617666036711922,-0.3344635195950185,20
KOSDAQ150,202606,W3,hit,475830,-0.3488045007032349,-0.17255267119470352,-0.14524958711852987,20
KOSDAQ150,202606,W3,hit,089970,0.01762632197414815,0.1938781514826795,0.22118123555885316,20
KOSDAQ150,202606,W3,hit,030530,-0.405954465849387,-0.22970263634085564,-0.20239955226468198,20
KOSDAQ150,202606,W3,false_in,174900,-0.23737373737373735,-0.06112190786520599,-0.03381882378903234,20
KOSDAQ150,202606,W3,false_in,372320,-0.04370629370629375,0.1325455358022376,0.15984861987841126,20
KOSDAQ150,202606,W3,false_in,424870,-0.27305389221556886,-0.0968020627070375,-0.06949897863086385,20
KOSDAQ150,202606,W3,false_in,010170,-0.3760984182776801,-0.19984658876914874,-0.17254350469297508,20
KOSDAQ150,202606,W3,false_in,099220,-0.20526315789473681,-0.02901132838620546,-0.0017082443100318034,20
KOSDAQ150,202606,W3,false_in,102710,-0.16899892357373525,0.007252905934796106,0.03455599001096976,20
KOSDAQ150,202606,W3,false_in,456160,-0.316017316017316,-0.13976548650878462,-0.11246240243261096,20
KOSDAQ150,202606,W3,false_in,102940,-0.17479674796747968,0.0014550815410516726,0.02875816561722533,20
KOSDAQ150,202606,W3,false_in,440110,-0.2769385699899295,-0.10068674048139814,-0.07338365640522448,20
KOSDAQ150,202606,W3,false_in,052020,-0.3374777975133215,-0.16122596800479017,-0.1339228839286165,20
KOSDAQ150,202606,W3,false_in,078160,-0.1885167464114833,-0.01226491690295195,0.015038167173221706,20
KOSDAQ150,202606,W3,false_in,058400,-0.01981981981981984,0.15643200968871152,0.18373509376488517,20
KOSDAQ150,202606,W3,false_in,084110,-0.001879699248120259,0.1743721302604111,0.20167521433658475,20
KOSDAQ150,202606,W3,false_in,476060,-0.3148614609571788,-0.13860963144864746,-0.11130654737247381,20
KOSDAQ150,202606,W3,false_in,389470,-0.18918918918918914,-0.01293735968065779,0.014365724395515866,20
KOSDAQ150,202606,W3,false_in,126340,-0.34167468719923,-0.16542285769069864,-0.138119773614525,20
KOSDAQ150,202606,W3,false_in,468530,-0.2941176470588235,-0.11786581755029213,-0.09056273347411847,20
KOSDAQ150,202606,W3,false_in,127120,0.13698630136986312,0.31323813087839447,0.3405412149545681,20
KOSDAQ150,202606,W3,false_in,287840,-0.08176100628930816,0.0944908232192232,0.12179390729539685,20
KOSDAQ150,202606,W3,false_in,044490,-0.16693163751987283,0.009320191988658522,0.03662327606483218,20
KOSDAQ150,202606,W3,false_in,348080,-0.3055555555555556,-0.12930372604702423,-0.10200064197085057,20
KOSDAQ150,202606,W3,false_in,067390,-0.058712121212121215,0.11753970829641014,0.1448427923725838,20
KOSDAQ150,202606,W3,false_in,214680,-0.2923664122137405,-0.11611458270520914,-0.08881149862903548,20
KOSDAQ150,202606,W3,false_in,397030,-0.382830626450116,-0.20657879694158465,-0.179275712865411,20
KOSDAQ150,202606,W3,false_in,160190,-0.3644787644787645,-0.18822693497023313,-0.16092385089405947,20
KOSDAQ150,202606,W3,false_in,347700,-0.5171428571428571,-0.34089102763432577,-0.3135879435581521,20
KOSDAQ150,202606,W3,false_in,950160,-0.15242718446601944,0.023824645042511916,0.05112772911868557,20
KOSDAQ150,202606,W3,false_in,049080,-0.5372608257804632,-0.36100899627193184,-0.3337059121957582,20
KOSDAQ150,202606,W3,false_in,140410,-0.12480000000000002,0.05145182950853133,0.07875491358470499,20
KOSDAQ150,202606,W3,false_in,376900,-0.2960396039603961,-0.11978777445186473,-0.09248469037569107,20
KOSDAQ150,202606,W3,false_in,458870,0.11111111111111116,0.2873629406196425,0.31466602469581617,20
KOSDAQ150,202606,W3,false_in,115180,-0.3031539888682746,-0.12690215935974325,-0.0995990752835696,20
KOSDAQ150,202606,W3,miss_in,125490,-0.40661938534278963,-0.23036755583425828,-0.20306447175808462,20
KOSDAQ150,202606,W3,pred_out,215000,-0.10520231213872833,0.07104951736980303,0.09835260144597668,20
KOSDAQ150,202606,W3,pred_out,053030,-0.11764705882352944,0.05860477068500192,0.08590785476117557,20
KOSDAQ150,202606,W3,pred_out,352480,0.0024875621890547706,0.17873939169758613,0.20604247577375978,20
KOSDAQ150,202606,W3,pred_out,215200,-0.01799485861182515,0.1582569708967062,0.18556005497287986,20
KOSDAQ150,202606,W3,pred_out,108860,-0.2164009111617312,-0.04014908165319986,-0.012845997577026202,20
KOSDAQ150,202606,W3,pred_out,304100,-0.2805662805662805,-0.10431445105774917,-0.07701136698157551,20
KOSDAQ150,202606,W3,pred_out,194480,0.24694903086862885,0.4232008603771602,0.45050394445333386,20
KOSDAQ150,202606,W3,pred_out,058970,-0.28672985781990523,-0.11047802831137388,-0.08317494423520022,20
KOSDAQ150,202606,W3,pred_out,101360,-0.3348666053357866,-0.15861477582725525,-0.1313116917510816,20
KOSDAQ150,202606,W3,act_out,215000,-0.10520231213872833,0.07104951736980303,0.09835260144597668,20
KOSDAQ150,202606,W3,act_out,053030,-0.11764705882352944,0.05860477068500192,0.08590785476117557,20
KOSDAQ150,202606,W3,act_out,079370,-0.23463203463203464,-0.05838020512350328,-0.031077121047329626,20
KOSDAQ150,202606,W3,act_out,058970,-0.28672985781990523,-0.11047802831137388,-0.08317494423520022,20
KOSDAQ150,202606,W3,act_out,365340,-0.33170254403131116,-0.1554507145227798,-0.12814763044660615,20
KOSDAQ150,202606,W3,act_out,460930,-0.17280240420736293,0.0034494253011684295,0.030752509377342085,20
KOSDAQ150,202606,W3,act_out,383310,-0.11418047882136284,0.062071350687168514,0.08937443476334217,20
KOSDAQ150,202606,W3,act_out,086900,-0.1454326923076923,0.030819137200839064,0.05812222127701272,20
KOSDAQ150,202606,W3,act_out,108860,-0.2164009111617312,-0.04014908165319986,-0.012845997577026202,20
KOSDAQ150,202606,W3,act_out,304100,-0.2805662805662805,-0.10431445105774917,-0.07701136698157551,20
KOSDAQ150,202606,W3,act_out,101360,-0.3348666053357866,-0.15861477582725525,-0.1313116917510816,20
KOSDAQ150,202606,W3,act_out,336570,-0.2624495289367429,-0.08619769942821154,-0.05889461535203788,20
KOSDAQ150,202606,W3,act_out,059090,-0.2884875846501128,-0.11223575514158146,-0.0849326710654078,20
KOSDAQ150,202606,FULL,pred_in,174900,-0.37142857142857144,-0.1206374884048168,-0.19279888137963175,25
KOSDAQ150,202606,FULL,pred_in,010170,-0.035593220338983045,0.2151978626847716,0.14303646970995665,25
KOSDAQ150,202606,FULL,pred_in,099220,-0.3165467625899281,-0.06575567956617345,-0.1379170725409884,25
KOSDAQ150,202606,FULL,pred_in,372320,-0.4901960784313726,-0.23940499540761795,-0.3115663883824329,25
KOSDAQ150,202606,FULL,pred_in,424870,-0.3966763005780347,-0.14588521755428008,-0.21804661052909502,25
KOSDAQ150,202606,FULL,pred_in,102710,-0.19775474956822103,0.0530363334555336,-0.01912505951928134,25
KOSDAQ150,202606,FULL,pred_in,456160,-0.4577464788732394,-0.20695539584948475,-0.2791167888242997,25
KOSDAQ150,202606,FULL,pred_in,099320,-0.3232142857142857,-0.07242320269053104,-0.14458459566534598,25
KOSDAQ150,202606,FULL,pred_in,043260,0.04833141542002295,0.2991224984437776,0.22696110546896264,25
KOSDAQ150,202606,FULL,pred_in,102940,-0.17449664429530198,0.07629443872845265,0.00413304575363771,25
KOSDAQ150,202606,FULL,pred_in,440110,0.2229064039408868,0.4736974869646414,0.4015360939898265,25
KOSDAQ150,202606,FULL,pred_in,124500,-0.29886914378029084,-0.0480780607565362,-0.12023945373135114,25
KOSDAQ150,202606,FULL,pred_in,052020,-0.4073684210526316,-0.15657733802887697,-0.2287387310036919,25
KOSDAQ150,202606,FULL,pred_in,475830,-0.24281150159744413,0.0079795814263105,-0.06418181154850444,25
KOSDAQ150,202606,FULL,pred_in,030530,-0.17485549132947975,0.07593559169427488,0.0037741987194599425,25
KOSDAQ150,202606,FULL,pred_in,078160,-0.5893909626719057,-0.3385998796481511,-0.410761272622966,25
KOSDAQ150,202606,FULL,pred_in,058400,-0.2280945757997218,0.022696507224032825,-0.04946488575078212,25
KOSDAQ150,202606,FULL,pred_in,084110,-0.5709677419354839,-0.3201766589117293,-0.39233805188654425,25
KOSDAQ150,202606,FULL,pred_in,090360,0.48463687150838,0.7354279545321346,0.6632665615573197,25
KOSDAQ150,202606,FULL,pred_in,319400,0.25731895223420653,0.5081100352579612,0.4359486422831462,25
KOSDAQ150,202606,FULL,pred_in,090710,-0.0775379696243006,0.17325311339945404,0.1010917204246391,25
KOSDAQ150,202606,FULL,pred_in,476060,-0.2613953488372093,-0.010604265813454639,-0.08276565878826958,25
KOSDAQ150,202606,FULL,pred_in,389470,-0.2985781990521327,-0.04778711602837804,-0.11994850900319298,25
KOSDAQ150,202606,FULL,pred_in,420770,0.34794520547945207,0.5987362885032067,0.5265748955283918,25
KOSDAQ150,202606,FULL,pred_in,126340,-0.4374661613427179,-0.18667507831896324,-0.2588364712937782,25
KOSDAQ150,202606,FULL,pred_in,089970,0.522361359570662,0.7731524425944166,0.7009910496196017,25
KOSDAQ150,202606,FULL,pred_in,295310,0.2265625,0.47735358302375464,0.4051921900489397,25
KOSDAQ150,202606,FULL,pred_in,468530,-0.3994565217391305,-0.14866543871537585,-0.2208268316901908,25
KOSDAQ150,202606,FULL,pred_in,127120,-0.2551020408163265,-0.004310957792571846,-0.07647235076738679,25
KOSDAQ150,202606,FULL,pred_in,437730,-0.020560747663551426,0.2302303353602032,0.15806894238538827,25
KOSDAQ150,202606,FULL,pred_in,287840,-0.33099579242636745,-0.08020470940261282,-0.15236610237742776,25
KOSDAQ150,202606,FULL,pred_in,044490,-0.46513605442176875,-0.21434497139801412,-0.28650636437282906,25
KOSDAQ150,202606,FULL,pred_in,348080,-0.4664470975710169,-0.21565601454726224,-0.2878174075220772,25
KOSDAQ150,202606,FULL,pred_in,067390,-0.33668341708542715,-0.08589233406167252,-0.15805372703648746,25
KOSDAQ150,202606,FULL,pred_in,214680,-0.2903575297941495,-0.03956644677039489,-0.11172783974520983,25
KOSDAQ150,202606,FULL,pred_in,397030,-0.2530329289428076,-0.002241845919052965,-0.0744032388938679,25
KOSDAQ150,202606,FULL,pred_in,160190,-0.42951541850220265,-0.17872433547844802,-0.25088572845326296,25
KOSDAQ150,202606,FULL,pred_in,347700,-0.07117008443908324,0.1796209985846714,0.10745960560985646,25
KOSDAQ150,202606,FULL,pred_in,950160,-0.01717557251908397,0.23361551050467066,0.16145411752985572,25
KOSDAQ150,202606,FULL,pred_in,100790,-0.19961977186311786,0.05117131116063678,-0.020990081814178163,25
KOSDAQ150,202606,FULL,pred_in,049080,-0.5167883211678832,-0.26599723814412857,-0.3381586311189435,25
KOSDAQ150,202606,FULL,pred_in,140410,-0.3146929824561403,-0.06390189943238567,-0.1360632924072006,25
KOSDAQ150,202606,FULL,pred_in,376900,-0.29370629370629375,-0.04291521068253912,-0.11507660365735406,25
KOSDAQ150,202606,FULL,pred_in,458870,-0.40061475409836067,-0.14982367107460604,-0.22198506404942098,25
KOSDAQ150,202606,FULL,pred_in,115180,-0.22889842632331903,0.02189265670043561,-0.05026873627437933,25
KOSDAQ150,202606,FULL,act_in,295310,0.2265625,0.47735358302375464,0.4051921900489397,25
KOSDAQ150,202606,FULL,act_in,089970,0.522361359570662,0.7731524425944166,0.7009910496196017,25
KOSDAQ150,202606,FULL,act_in,125490,-0.2574605032182563,-0.006669420194501674,-0.07883081316931662,25
KOSDAQ150,202606,FULL,act_in,319400,0.25731895223420653,0.5081100352579612,0.4359486422831462,25
KOSDAQ150,202606,FULL,act_in,090360,0.48463687150838,0.7354279545321346,0.6632665615573197,25
KOSDAQ150,202606,FULL,act_in,099320,-0.3232142857142857,-0.07242320269053104,-0.14458459566534598,25
KOSDAQ150,202606,FULL,act_in,090710,-0.0775379696243006,0.17325311339945404,0.1010917204246391,25
KOSDAQ150,202606,FULL,act_in,100790,-0.19961977186311786,0.05117131116063678,-0.020990081814178163,25
KOSDAQ150,202606,FULL,act_in,043260,0.04833141542002295,0.2991224984437776,0.22696110546896264,25
KOSDAQ150,202606,FULL,act_in,420770,0.34794520547945207,0.5987362885032067,0.5265748955283918,25
KOSDAQ150,202606,FULL,act_in,437730,-0.020560747663551426,0.2302303353602032,0.15806894238538827,25
KOSDAQ150,202606,FULL,act_in,124500,-0.29886914378029084,-0.0480780607565362,-0.12023945373135114,25
KOSDAQ150,202606,FULL,act_in,475830,-0.24281150159744413,0.0079795814263105,-0.06418181154850444,25
KOSDAQ150,202606,FULL,act_in,030530,-0.17485549132947975,0.07593559169427488,0.0037741987194599425,25
KOSDAQ150,202606,FULL,hit,295310,0.2265625,0.47735358302375464,0.4051921900489397,25
KOSDAQ150,202606,FULL,hit,319400,0.25731895223420653,0.5081100352579612,0.4359486422831462,25
KOSDAQ150,202606,FULL,hit,090360,0.48463687150838,0.7354279545321346,0.6632665615573197,25
KOSDAQ150,202606,FULL,hit,099320,-0.3232142857142857,-0.07242320269053104,-0.14458459566534598,25
KOSDAQ150,202606,FULL,hit,090710,-0.0775379696243006,0.17325311339945404,0.1010917204246391,25
KOSDAQ150,202606,FULL,hit,100790,-0.19961977186311786,0.05117131116063678,-0.020990081814178163,25
KOSDAQ150,202606,FULL,hit,043260,0.04833141542002295,0.2991224984437776,0.22696110546896264,25
KOSDAQ150,202606,FULL,hit,420770,0.34794520547945207,0.5987362885032067,0.5265748955283918,25
KOSDAQ150,202606,FULL,hit,437730,-0.020560747663551426,0.2302303353602032,0.15806894238538827,25
KOSDAQ150,202606,FULL,hit,124500,-0.29886914378029084,-0.0480780607565362,-0.12023945373135114,25
KOSDAQ150,202606,FULL,hit,475830,-0.24281150159744413,0.0079795814263105,-0.06418181154850444,25
KOSDAQ150,202606,FULL,hit,089970,0.522361359570662,0.7731524425944166,0.7009910496196017,25
KOSDAQ150,202606,FULL,hit,030530,-0.17485549132947975,0.07593559169427488,0.0037741987194599425,25
KOSDAQ150,202606,FULL,false_in,174900,-0.37142857142857144,-0.1206374884048168,-0.19279888137963175,25
KOSDAQ150,202606,FULL,false_in,372320,-0.4901960784313726,-0.23940499540761795,-0.3115663883824329,25
KOSDAQ150,202606,FULL,false_in,424870,-0.3966763005780347,-0.14588521755428008,-0.21804661052909502,25
KOSDAQ150,202606,FULL,false_in,010170,-0.035593220338983045,0.2151978626847716,0.14303646970995665,25
KOSDAQ150,202606,FULL,false_in,099220,-0.3165467625899281,-0.06575567956617345,-0.1379170725409884,25
KOSDAQ150,202606,FULL,false_in,102710,-0.19775474956822103,0.0530363334555336,-0.01912505951928134,25
KOSDAQ150,202606,FULL,false_in,456160,-0.4577464788732394,-0.20695539584948475,-0.2791167888242997,25
KOSDAQ150,202606,FULL,false_in,102940,-0.17449664429530198,0.07629443872845265,0.00413304575363771,25
KOSDAQ150,202606,FULL,false_in,440110,0.2229064039408868,0.4736974869646414,0.4015360939898265,25
KOSDAQ150,202606,FULL,false_in,052020,-0.4073684210526316,-0.15657733802887697,-0.2287387310036919,25
KOSDAQ150,202606,FULL,false_in,078160,-0.5893909626719057,-0.3385998796481511,-0.410761272622966,25
KOSDAQ150,202606,FULL,false_in,058400,-0.2280945757997218,0.022696507224032825,-0.04946488575078212,25
KOSDAQ150,202606,FULL,false_in,084110,-0.5709677419354839,-0.3201766589117293,-0.39233805188654425,25
KOSDAQ150,202606,FULL,false_in,476060,-0.2613953488372093,-0.010604265813454639,-0.08276565878826958,25
KOSDAQ150,202606,FULL,false_in,389470,-0.2985781990521327,-0.04778711602837804,-0.11994850900319298,25
KOSDAQ150,202606,FULL,false_in,126340,-0.4374661613427179,-0.18667507831896324,-0.2588364712937782,25
KOSDAQ150,202606,FULL,false_in,468530,-0.3994565217391305,-0.14866543871537585,-0.2208268316901908,25
KOSDAQ150,202606,FULL,false_in,127120,-0.2551020408163265,-0.004310957792571846,-0.07647235076738679,25
KOSDAQ150,202606,FULL,false_in,287840,-0.33099579242636745,-0.08020470940261282,-0.15236610237742776,25
KOSDAQ150,202606,FULL,false_in,044490,-0.46513605442176875,-0.21434497139801412,-0.28650636437282906,25
KOSDAQ150,202606,FULL,false_in,348080,-0.4664470975710169,-0.21565601454726224,-0.2878174075220772,25
KOSDAQ150,202606,FULL,false_in,067390,-0.33668341708542715,-0.08589233406167252,-0.15805372703648746,25
KOSDAQ150,202606,FULL,false_in,214680,-0.2903575297941495,-0.03956644677039489,-0.11172783974520983,25
KOSDAQ150,202606,FULL,false_in,397030,-0.2530329289428076,-0.002241845919052965,-0.0744032388938679,25
KOSDAQ150,202606,FULL,false_in,160190,-0.42951541850220265,-0.17872433547844802,-0.25088572845326296,25
KOSDAQ150,202606,FULL,false_in,347700,-0.07117008443908324,0.1796209985846714,0.10745960560985646,25
KOSDAQ150,202606,FULL,false_in,950160,-0.01717557251908397,0.23361551050467066,0.16145411752985572,25
KOSDAQ150,202606,FULL,false_in,049080,-0.5167883211678832,-0.26599723814412857,-0.3381586311189435,25
KOSDAQ150,202606,FULL,false_in,140410,-0.3146929824561403,-0.06390189943238567,-0.1360632924072006,25
KOSDAQ150,202606,FULL,false_in,376900,-0.29370629370629375,-0.04291521068253912,-0.11507660365735406,25
KOSDAQ150,202606,FULL,false_in,458870,-0.40061475409836067,-0.14982367107460604,-0.22198506404942098,25
KOSDAQ150,202606,FULL,false_in,115180,-0.22889842632331903,0.02189265670043561,-0.05026873627437933,25
KOSDAQ150,202606,FULL,miss_in,125490,-0.2574605032182563,-0.006669420194501674,-0.07883081316931662,25
KOSDAQ150,202606,FULL,pred_out,215000,-0.14186507936507942,0.10892600365867522,0.03676461068386028,25
KOSDAQ150,202606,FULL,pred_out,053030,-0.2884440400363967,-0.03765295701264204,-0.10981434998745698,25
KOSDAQ150,202606,FULL,pred_out,352480,-0.29100529100529104,-0.04021420798153641,-0.11237560095635135,25
KOSDAQ150,202606,FULL,pred_out,215200,-0.16880341880341876,0.08198766422033588,0.009826271245520934,25
KOSDAQ150,202606,FULL,pred_out,108860,-0.3266871165644172,-0.07589603354066254,-0.14805742651547749,25
KOSDAQ150,202606,FULL,pred_out,304100,-0.3258134490238612,-0.07502236600010659,-0.14718375897492153,25
KOSDAQ150,202606,FULL,pred_out,194480,-0.37812500000000004,-0.1273339169762454,-0.19949530995106035,25
KOSDAQ150,202606,FULL,pred_out,058970,-0.24100719424460426,0.009783888779150374,-0.06237750419566457,25
KOSDAQ150,202606,FULL,pred_out,101360,-0.4482233502538071,-0.19743226723005247,-0.2695936602048674,25
KOSDAQ150,202606,FULL,act_out,215000,-0.14186507936507942,0.10892600365867522,0.03676461068386028,25
KOSDAQ150,202606,FULL,act_out,053030,-0.2884440400363967,-0.03765295701264204,-0.10981434998745698,25
KOSDAQ150,202606,FULL,act_out,079370,-0.31656804733727806,-0.06577696431352342,-0.13793835728833836,25
KOSDAQ150,202606,FULL,act_out,058970,-0.24100719424460426,0.009783888779150374,-0.06237750419566457,25
KOSDAQ150,202606,FULL,act_out,365340,-0.35964912280701755,-0.10885803978326292,-0.18101943275807786,25
KOSDAQ150,202606,FULL,act_out,460930,-0.33781094527363187,-0.08701986224987723,-0.15918125522469218,25
KOSDAQ150,202606,FULL,act_out,383310,-0.1735159817351598,0.07727510128859483,0.0051137083137798856,25
KOSDAQ150,202606,FULL,act_out,086900,-0.21137440758293835,0.039416675440816284,-0.03274471753399866,25
KOSDAQ150,202606,FULL,act_out,108860,-0.3266871165644172,-0.07589603354066254,-0.14805742651547749,25
KOSDAQ150,202606,FULL,act_out,304100,-0.3258134490238612,-0.07502236600010659,-0.14718375897492153,25
KOSDAQ150,202606,FULL,act_out,101360,-0.4482233502538071,-0.19743226723005247,-0.2695936602048674,25
KOSDAQ150,202606,FULL,act_out,336570,0.017808219178082174,0.2685993022018368,0.19643790922702187,25
KOSDAQ150,202606,FULL,act_out,059090,-0.15134099616858232,0.09945008685517231,0.027288693880357373,25
