ticker,name,sector,price,RSI,Stoch_K,BB_pct,drawdown_52w_high_%,distance_to_52w_low_%,return_1w_%,return_1m_%,return_3m_%,vs_SMA20_%,vs_SMA50_%,vs_SMA200_%,volume_vs_avg,52w_high,52w_low,acc_score,acc_signal_vol,acc_signal_return,acc_signal_candle,avg_volume_1w,avg_volume_1m,amt_today_억,amt_avg_1w_억,amt_avg_1m_억,vol_1w_vs_1m_ratio,trend_score,falling_knife,reversal_above_sma5,reversal_rebound_3pct,reversal_vol_up_candle,trend_details,oversold_score,foreign_5d_억,inst_5d_억,foreign_20d_억,inst_20d_억,supply_fetched,supply_score,market_regime,regime_score,regime_kospi_score,regime_fx_score,regime_flow_score,kospi_vs_sma200_%,kospi_return_1m_%,usdkrw,usdkrw_vs_sma20_%,usdkrw_return_1m_%,foreign_kospi_5d_억,foreign_kospi_5d_raw_억,foreign_kospi_5d_adjusted_억,foreign_proxy_success,foreign_proxy_total,foreign_proxy_coverage,stock_score_stage1,composite_score
236810,엔비티,,1440,12.3,6.4,5.4,-70.4,2.5,-7.3,-28.7,-21.8,-18.5,-21.8,-40.6,3.2,4860,1405,5,False,True,False,78772,59908,2.8,1.2,1.0,1.31,0,False,False,False,False,-,97.2,0.4,0.0,0.9,0.0,True,8,강세,-1,0,-1,0,19.6,-0.7,1504.56,,2.14,344.0,344.0,344.0,10,10,1.0,110.2,109.2
291810,핀텔,,1354,23.3,17.4,8.9,-73.9,9.2,-14.1,-35.5,-40.9,-20.5,-28.9,-43.5,1.75,5190,1240,5,True,False,False,318915,128637,3.1,4.3,2.0,2.48,0,False,False,False,False,-,88.3,1.7,0.7,3.0,0.7,True,15,강세,-1,0,-1,0,19.6,-0.7,1504.56,,2.14,344.0,344.0,344.0,10,10,1.0,108.3,107.3
006920,모헨즈,,3755,10.3,9.2,17.2,-50.8,40.4,-4.6,-28.3,12.1,-14.6,-23.5,1.2,0.48,7630,2675,10,False,True,True,93670,184104,3.3,3.6,8.5,0.51,0,False,False,False,False,-,82.3,2.1,0.5,6.5,1.2,True,15,강세,-1,0,-1,0,19.6,-0.7,1504.56,,2.14,344.0,344.0,344.0,10,10,1.0,107.3,106.3
419530,SAMG엔터,,27800,28.5,22.2,21.6,-72.0,16.8,-3.0,-26.3,-25.6,-21.4,-20.3,-38.5,1.51,99400,23800,5,False,True,False,200774,212645,92.6,52.7,76.7,0.94,7,False,True,False,True,5일선회복/거래량동반양봉,79.0,22.2,7.0,-90.8,57.2,True,15,강세,-1,0,-1,0,19.6,-0.7,1504.56,,2.14,344.0,344.0,344.0,10,10,1.0,106.0,105.0
300080,플리토,,9050,30.2,30.9,19.8,-55.2,38.1,0.6,-24.2,-32.6,-14.6,-19.5,-33.1,1.14,20200,6553,10,True,True,False,189876,128879,13.6,16.7,13.4,1.47,6,False,True,True,False,5일선회복/+3%반등,74.6,14.2,0.4,1.5,-2.1,True,15,강세,-1,0,-1,0,19.6,-0.7,1504.56,,2.14,344.0,344.0,344.0,10,10,1.0,105.6,104.6
221800,지구홀딩스,,11380,23.4,6.2,14.1,-65.3,inf,-9.0,-27.1,-40.3,-27.2,-36.0,24.3,0.84,32800,0,10,False,True,True,196425,458130,32.3,23.6,79.9,0.43,4,False,False,False,True,거래량동반양봉,82.9,-7.5,0.8,-26.8,-2.9,True,8,강세,-1,0,-1,0,19.6,-0.7,1504.56,,2.14,344.0,344.0,344.0,10,10,1.0,104.9,103.9
337930,젝시믹스,,3235,15.9,0.0,1.5,-55.4,0.0,-12.8,-26.1,-41.7,-18.9,-22.5,-33.9,1.86,7250,3235,5,True,False,False,291964,201541,12.3,9.9,7.8,1.45,0,False,False,False,False,-,91.8,2.8,-1.6,6.7,-0.0,True,8,강세,-1,0,-1,0,19.6,-0.7,1504.56,,2.14,344.0,344.0,344.0,10,10,1.0,104.8,103.8
123840,뉴온,,4150,15.4,13.1,23.8,-78.7,7.2,-2.1,-30.8,-55.1,-17.7,-27.5,-57.1,1.73,19459,3870,10,False,True,True,11229,10367,0.8,0.5,0.5,1.08,3,False,True,False,False,5일선회복,83.4,0.4,-0.0,-0.2,0.0,True,8,강세,-1,0,-1,0,19.6,-0.7,1504.56,,2.14,344.0,344.0,344.0,10,10,1.0,104.4,103.4
484590,삼양컴텍,,9840,19.3,13.3,20.4,-56.6,5.0,-1.7,-30.2,-22.2,-13.9,-17.9,,0.84,22650,9370,5,False,True,False,161677,262112,19.7,16.0,31.4,0.62,3,False,True,False,False,5일선회복,81.0,2.3,0.2,-44.3,9.4,True,15,강세,-1,0,-1,0,19.6,-0.7,1504.56,,2.14,344.0,344.0,344.0,10,10,1.0,104.0,103.0
054620,APS,,5490,22.0,18.4,21.6,-49.0,53.1,-1.4,-26.5,4.2,-12.7,-27.3,3.4,0.73,10770,3585,5,False,True,False,94383,171253,6.7,5.1,11.0,0.55,6,False,True,True,False,5일선회복/+3%반등,77.1,2.7,0.2,22.7,0.1,True,15,강세,-1,0,-1,0,19.6,-0.7,1504.56,,2.14,344.0,344.0,344.0,10,10,1.0,103.1,102.1
389650,넥스트바이오메디컬,,46600,23.7,16.8,14.2,-53.9,21.4,-1.2,-23.4,-34.4,-14.9,-26.4,-33.2,1.06,101000,38400,5,False,True,False,66988,68896,34.6,31.8,37.5,0.97,3,False,False,True,False,+3%반등,79.6,14.0,6.7,79.4,-36.6,True,15,강세,-1,0,-1,0,19.6,-0.7,1504.56,,2.14,344.0,344.0,344.0,10,10,1.0,102.6,101.6
179290,엠아이텍,,5110,20.2,5.1,8.3,-40.0,1.6,-5.4,-23.7,-30.0,-16.1,-21.1,-25.0,3.58,8510,5030,5,False,True,False,236720,182377,34.5,12.3,10.6,1.3,0,False,False,False,False,-,89.5,1.7,-19.8,11.2,-21.1,True,8,강세,-1,0,-1,0,19.6,-0.7,1504.56,,2.14,344.0,344.0,344.0,10,10,1.0,102.5,101.5
305090,마이크로디지탈,,3400,11.5,2.7,13.3,-71.5,2.3,-15.0,-46.9,-59.1,-32.7,-41.4,-59.9,1.97,11930,3325,5,False,True,False,260232,201544,13.5,9.7,9.5,1.29,0,False,False,False,False,-,89.5,5.8,-12.6,13.9,-17.2,True,8,강세,-1,0,-1,0,19.6,-0.7,1504.56,,2.14,344.0,344.0,344.0,10,10,1.0,102.5,101.5
950250,테라뷰,,4620,17.5,17.8,23.9,-77.8,12.1,1.0,-33.6,-46.5,-19.0,-30.8,,0.65,20800,4120,10,False,True,True,392181,693584,21.0,17.5,40.6,0.57,6,False,True,True,False,5일선회복/+3%반등,78.5,5.1,0.0,1.2,-3.4,True,8,강세,-1,0,-1,0,19.6,-0.7,1504.56,,2.14,344.0,344.0,344.0,10,10,1.0,102.5,101.5
033340,좋은사람들,,1137,15.1,0.0,6.9,-61.1,49.6,-11.5,-34.5,-46.2,-24.1,-30.5,-38.1,1.46,2925,760,5,False,True,False,1084545,1303152,21.9,13.1,19.6,0.83,0,False,False,False,False,-,89.5,2.7,0.0,15.9,0.0,True,8,강세,-1,0,-1,0,19.6,-0.7,1504.56,,2.14,344.0,344.0,344.0,10,10,1.0,102.5,101.5
101360,에코앤드림,,14830,17.7,16.3,23.5,-44.9,7.4,-1.5,-28.7,-29.7,-14.5,-16.2,-26.1,0.92,26900,13810,5,False,True,False,91062,108080,14.8,13.2,19.0,0.84,6,False,True,True,False,5일선회복/+3%반등,76.3,0.9,0.9,5.1,-32.8,True,15,강세,-1,0,-1,0,19.6,-0.7,1504.56,,2.14,344.0,344.0,344.0,10,10,1.0,102.3,101.3
019660,글로본,,1928,14.1,6.4,2.5,-47.9,inf,-5.0,-17.8,-14.9,-10.6,-17.4,-25.5,6.38,3700,0,10,True,True,False,85103,47113,5.9,1.7,1.0,1.81,0,False,False,False,False,-,92.1,-0.7,0.0,-0.4,-0.0,True,0,강세,-1,0,-1,0,19.6,-0.7,1504.56,,2.14,344.0,344.0,344.0,10,10,1.0,102.1,101.1
131100,티엔엔터테인먼트,,1082,12.4,5.2,5.5,-52.3,1.1,-5.2,-18.3,-24.1,-11.3,-14.2,-23.3,0.85,2270,1070,5,False,True,False,55114,43589,0.4,0.6,0.5,1.26,0,False,False,False,False,-,82.0,0.1,0.2,0.1,0.4,True,15,강세,-1,0,-1,0,19.6,-0.7,1504.56,,2.14,344.0,344.0,344.0,10,10,1.0,102.0,101.0
278650,HLB바이오스텝,,4000,10.1,8.5,10.5,-60.4,5.8,-16.4,-38.3,-35.7,-29.7,-34.4,-40.4,1.65,10100,3780,10,True,True,False,150607,58071,3.6,6.1,2.6,2.59,3,False,True,False,False,5일선회복,89.0,-1.0,-0.3,-4.8,-2.1,True,0,강세,-1,0,-1,0,19.6,-0.7,1504.56,,2.14,344.0,344.0,344.0,10,10,1.0,102.0,101.0
456070,이엔셀,,11150,20.9,11.0,18.1,-46.8,11.5,-6.1,-30.0,-34.3,-18.2,-23.6,-20.2,1.14,20950,10000,5,False,True,False,164058,128423,15.9,19.0,17.7,1.28,0,False,False,False,False,-,81.9,3.8,0.4,9.6,-0.4,True,15,강세,-1,0,-1,0,19.6,-0.7,1504.56,,2.14,344.0,344.0,344.0,10,10,1.0,101.9,100.9
194480,데브시스터즈,,17390,16.7,12.2,23.9,-70.1,4.1,-1.8,-28.0,-51.2,-13.1,-32.4,-52.7,0.83,58200,16700,5,False,True,False,74790,84448,12.2,12.8,17.0,0.89,3,False,True,False,False,5일선회복,78.9,2.5,0.5,-13.9,-20.3,True,15,강세,-1,0,-1,0,19.6,-0.7,1504.56,,2.14,344.0,344.0,344.0,10,10,1.0,101.9,100.9
037070,파세코,,6900,15.2,7.7,2.2,-34.8,23.2,-17.2,-26.8,-17.2,-21.2,-20.4,-6.8,2.45,10590,5600,5,True,False,False,277753,156759,27.2,20.1,13.1,1.77,0,False,False,False,False,-,88.7,7.9,-0.0,-0.3,0.1,True,8,강세,-1,0,-1,0,19.6,-0.7,1504.56,,2.14,344.0,344.0,344.0,10,10,1.0,101.7,100.7
072770,멤레이비티,,1083,0.0,9.8,-51.7,-66.5,8.3,-23.4,-23.2,-27.6,-22.2,-26.9,-38.8,11.22,3230,1000,5,True,False,False,391330,136414,16.6,4.4,1.7,2.87,0,False,False,False,False,-,96.6,-1.7,-0.5,-1.9,1.5,True,0,강세,-1,0,-1,0,19.6,-0.7,1504.56,,2.14,344.0,344.0,344.0,10,10,1.0,101.6,100.6
049080,기가레인,,1494,30.6,21.0,21.3,-52.2,inf,-6.3,-34.5,297.3,-20.5,-14.5,81.3,1.53,3125,0,10,True,True,False,21385889,13607754,272.8,312.8,263.9,1.57,3,False,True,False,False,5일선회복,80.5,30.3,-110.9,25.7,-110.9,True,8,강세,-1,0,-1,0,19.6,-0.7,1504.56,,2.14,344.0,344.0,344.0,10,10,1.0,101.5,100.5
241840,에이스토리,,3790,14.9,2.3,9.3,-68.8,0.8,-10.0,-30.3,-44.5,-18.5,-26.5,-47.7,2.37,12140,3760,0,False,False,False,44897,37942,3.4,1.8,1.7,1.18,0,False,False,False,False,-,93.1,0.9,0.0,-0.5,0.0,True,8,강세,-1,0,-1,0,19.6,-0.7,1504.56,,2.14,344.0,344.0,344.0,10,10,1.0,101.1,100.1
328380,솔트웨어,,3150,7.6,8.4,18.2,-57.9,6.2,-1.7,-28.8,-22.9,-19.1,-21.1,-28.6,0.96,7475,2965,5,False,True,False,37399,29201,0.9,1.2,1.0,1.28,6,False,True,True,False,5일선회복/+3%반등,82.1,0.2,0.0,0.5,-0.9,True,8,강세,-1,0,-1,0,19.6,-0.7,1504.56,,2.14,344.0,344.0,344.0,10,10,1.0,101.1,100.1
301300,바이브컴퍼니,,2035,19.2,14.0,24.4,-70.5,5.6,1.0,-23.6,-26.4,-12.9,-17.7,-41.4,1.78,6890,1927,10,False,True,True,56949,57939,2.1,1.1,1.3,0.98,3,False,True,False,False,5일선회복,79.9,0.1,0.0,0.9,-0.0,True,8,강세,-1,0,-1,0,19.6,-0.7,1504.56,,2.14,344.0,344.0,344.0,10,10,1.0,100.9,99.9
036170,에이치엠넥스,,4965,26.8,2.6,7.7,-51.5,519.9,-17.7,-36.8,186.3,-28.0,-19.5,101.7,1.19,10240,801,5,False,True,False,1944293,2383616,140.5,102.6,171.9,0.82,0,False,False,False,False,-,87.9,9.8,0.0,3.1,1.9,True,8,강세,-1,0,-1,0,19.6,-0.7,1504.56,,2.14,344.0,344.0,344.0,10,10,1.0,100.9,99.9
101400,엔시트론,,1938,14.6,18.2,15.3,-56.4,15.8,1.7,-22.3,-32.5,-16.0,-21.5,-17.9,1.29,4442,1673,15,True,True,True,78212,37472,1.0,1.5,0.8,2.09,6,False,True,True,False,5일선회복/+3%반등,79.4,-0.5,-0.2,-1.0,-0.0,True,0,강세,-1,0,-1,0,19.6,-0.7,1504.56,,2.14,344.0,344.0,344.0,10,10,1.0,100.4,99.4
417180,핑거스토리,,6140,8.1,12.0,2.7,-65.8,4.1,-22.3,-23.9,-29.7,-18.6,-20.7,-35.6,3.1,17961,5900,5,True,False,False,29891,9175,1.7,1.8,0.6,3.26,0,False,False,False,False,-,95.4,-1.1,-0.9,-1.4,-0.2,True,0,강세,-1,0,-1,0,19.6,-0.7,1504.56,,2.14,344.0,344.0,344.0,10,10,1.0,100.4,99.4
228760,지노믹트리,,13800,18.6,12.8,23.5,-58.6,21.2,-1.5,-22.2,-34.3,-11.2,-19.4,-34.6,1.2,33300,11390,5,False,True,False,145382,123540,20.8,20.1,19.0,1.18,3,False,False,True,False,+3%반등,77.0,8.7,0.2,37.5,1.0,True,15,강세,-1,0,-1,0,19.6,-0.7,1504.56,,2.14,344.0,344.0,344.0,10,10,1.0,100.0,99.0
298060,풍전약품,,3065,12.1,0.6,-4.8,-63.4,0.3,-33.9,-33.9,-30.3,-29.0,-27.3,-37.6,5.6,8375,3055,0,False,False,False,74281,17685,3.2,2.5,0.6,4.2,0,False,False,False,False,-,100.0,-2.0,-1.6,-2.0,-1.6,True,0,강세,-1,0,-1,0,19.6,-0.7,1504.56,,2.14,344.0,344.0,344.0,10,10,1.0,100.0,99.0
306040,에스제이그룹,,3695,9.8,3.0,13.8,-75.0,16.9,-14.9,-51.1,-61.0,-33.8,-43.9,-40.7,1.46,14800,3160,5,False,True,False,186443,214644,11.9,7.6,11.4,0.87,0,False,False,False,False,-,86.8,1.2,-0.0,18.6,-0.1,True,8,강세,-1,0,-1,0,19.6,-0.7,1504.56,,2.14,344.0,344.0,344.0,10,10,1.0,99.8,98.8
087260,모바일어플라이언스,,1001,10.0,6.0,10.3,-60.9,10.0,-27.4,-53.8,-50.8,-47.0,-49.7,-48.5,1.16,2560,910,5,False,True,False,2560767,1984947,23.0,27.9,33.6,1.29,0,False,False,False,False,-,86.7,8.6,-0.0,15.6,0.0,True,8,강세,-1,0,-1,0,19.6,-0.7,1504.56,,2.14,344.0,344.0,344.0,10,10,1.0,99.7,98.7
476040,오가노이드사이언스,,16900,19.8,21.6,25.5,-67.5,9.0,3.2,-27.5,-44.7,-13.3,-24.2,-45.9,0.85,52000,15510,10,False,True,True,60384,66690,9.5,10.0,13.0,0.91,6,False,True,True,False,5일선회복/+3%반등,75.6,2.6,-0.6,10.0,-4.5,True,8,강세,-1,0,-1,0,19.6,-0.7,1504.56,,2.14,344.0,344.0,344.0,10,10,1.0,99.6,98.6
462980,아이지넷,,1712,8.4,0.4,10.4,-52.4,0.1,-7.6,-30.0,-15.2,-17.7,-23.8,-21.1,2.7,3600,1710,5,False,True,False,148141,126885,6.0,2.6,2.6,1.17,0,False,False,False,False,-,94.3,-2.4,0.0,-6.1,1.1,True,0,강세,-1,0,-1,0,19.6,-0.7,1504.56,,2.14,344.0,344.0,344.0,10,10,1.0,99.3,98.3
080530,코디,,3370,30.3,55.8,26.4,-62.5,40.1,5.3,-17.3,-32.5,-11.2,-14.7,-36.5,1.53,8990,2405,15,True,True,True,163403,46292,2.5,4.9,1.4,3.53,6,False,True,True,False,5일선회복/+3%반등,70.3,2.5,-0.5,2.1,-2.3,True,8,강세,-1,0,-1,0,19.6,-0.7,1504.56,,2.14,344.0,344.0,344.0,10,10,1.0,99.3,98.3
067000,조이시티,,1641,16.8,9.4,24.4,-50.8,8.1,-3.4,-36.3,-41.7,-18.5,-28.4,-23.4,0.91,3335,1518,5,False,True,False,412455,514021,7.7,6.7,10.6,0.8,6,False,True,True,False,5일선회복/+3%반등,80.2,2.3,-8.3,1.3,-40.8,True,8,강세,-1,0,-1,0,19.6,-0.7,1504.56,,2.14,344.0,344.0,344.0,10,10,1.0,99.2,98.2
360070,탑머티리얼,,15500,15.4,16.7,26.0,-46.4,7.0,-0.7,-28.6,-26.4,-12.9,-14.5,-27.4,0.7,28900,14490,5,False,True,False,25221,36665,3.9,3.8,6.5,0.69,3,False,True,False,False,5일선회복,75.8,0.8,0.1,-10.2,-0.3,True,15,강세,-1,0,-1,0,19.6,-0.7,1504.56,,2.14,344.0,344.0,344.0,10,10,1.0,98.8,97.8
049470,비트플래닛,,2115,16.2,12.9,18.2,-89.3,25.5,2.2,-37.1,-39.5,-27.4,-33.3,-70.1,1.17,19850,1685,10,True,True,False,129075,78029,2.0,2.7,1.7,1.65,6,False,True,True,False,5일선회복/+3%반등,82.8,-0.5,-0.0,-4.7,-1.4,True,0,강세,-1,0,-1,0,19.6,-0.7,1504.56,,2.14,344.0,344.0,344.0,10,10,1.0,98.8,97.8
043910,자연과환경,,3660,11.7,15.9,-0.2,-58.3,7.0,-25.8,-26.9,-35.4,-21.9,-24.0,-39.3,2.27,8780,3420,5,True,False,False,134152,55103,3.8,4.9,2.3,2.43,0,False,False,False,False,-,93.3,-1.9,-1.3,-3.0,0.6,True,0,강세,-1,0,-1,0,19.6,-0.7,1504.56,,2.14,344.0,344.0,344.0,10,10,1.0,98.3,97.3
036090,위지트,,1682,5.6,7.4,-10.8,-39.4,15.8,-18.0,-19.6,-16.8,-16.0,-13.6,-13.2,2.72,2774,1452,5,True,False,False,1069521,489435,20.8,18.4,9.2,2.19,4,False,False,False,True,거래량동반양봉,89.2,-12.9,-0.0,-7.5,-0.0,True,0,강세,-1,0,-1,0,19.6,-0.7,1504.56,,2.14,344.0,344.0,344.0,10,10,1.0,98.2,97.2
035890,서희건설,,2025,15.8,8.0,19.8,-50.8,6.0,-10.2,-36.7,-36.7,-22.2,-31.6,-35.8,0.2,4120,1910,5,False,True,False,1096819,4799551,20.3,22.6,140.9,0.23,3,False,False,True,False,+3%반등,82.1,-7.8,11.8,-81.5,67.6,True,8,강세,-1,0,-1,0,19.6,-0.7,1504.56,,2.14,344.0,344.0,344.0,10,10,1.0,98.1,97.1
251120,바이오에프디엔씨,,11440,20.2,11.9,15.6,-50.5,2.9,-2.2,-19.2,-25.7,-12.1,-15.7,-28.0,1.37,23100,11120,10,False,True,True,48411,38077,6.0,5.5,4.8,1.27,0,False,False,False,False,-,79.7,1.3,-0.0,-2.5,0.0,True,8,강세,-1,0,-1,0,19.6,-0.7,1504.56,,2.14,344.0,344.0,344.0,10,10,1.0,97.7,96.7
115310,인포바인,,9950,13.6,5.2,5.7,-50.6,56.0,-9.9,-27.8,-42.1,-17.5,-24.5,-30.0,1.21,20160,6380,10,True,True,False,59606,29764,3.8,6.4,3.5,2.0,0,False,False,False,False,-,87.7,-2.2,0.0,-7.5,-3.7,True,0,강세,-1,0,-1,0,19.6,-0.7,1504.56,,2.14,344.0,344.0,344.0,10,10,1.0,97.7,96.7
070300,엑스큐어,,1830,26.4,2.1,-1.9,-48.9,59.1,-21.8,-38.8,0.6,-24.4,-19.8,9.4,1.02,3580,1150,0,False,False,False,476260,521530,9.9,9.6,13.0,0.91,0,False,False,False,False,-,89.7,0.9,-0.0,-9.5,-0.4,True,8,강세,-1,0,-1,0,19.6,-0.7,1504.56,,2.14,344.0,344.0,344.0,10,10,1.0,97.7,96.7
078160,메디포스트,,13150,20.2,0.8,13.2,-54.8,62.7,-18.4,-48.4,-38.7,-39.5,-40.8,-26.0,0.47,29100,8080,5,False,True,False,444756,531751,33.0,61.3,109.9,0.84,0,False,False,False,False,-,84.7,39.8,-35.9,33.7,-137.4,True,8,강세,-1,0,-1,0,19.6,-0.7,1504.56,,2.14,344.0,344.0,344.0,10,10,1.0,97.7,96.7
054220,비츠로시스,,2265,25.1,29.4,20.5,-54.7,46.6,-5.8,-15.3,-30.5,-12.1,-15.8,-2.1,3.75,4995,1545,15,True,True,True,288299,127404,9.5,6.3,3.0,2.26,3,False,True,False,False,5일선회복,79.6,-0.8,-0.0,-4.1,-0.8,True,0,강세,-1,0,-1,0,19.6,-0.7,1504.56,,2.14,344.0,344.0,344.0,10,10,1.0,97.6,96.6
294140,레몬,,2830,23.9,17.1,21.6,-70.2,5.6,-0.7,-27.5,-52.8,-10.1,-14.3,-47.7,0.69,9500,2680,5,False,True,False,42900,85253,1.4,1.2,2.8,0.5,6,False,True,True,False,5일선회복/+3%반등,78.3,0.6,0.0,-1.9,0.0,True,8,강세,-1,0,-1,0,19.6,-0.7,1504.56,,2.14,344.0,344.0,344.0,10,10,1.0,97.3,96.3
123750,알톤,,1756,21.7,16.0,0.4,-49.8,38.8,-7.9,-17.2,-37.6,-11.8,-20.2,-4.3,2.44,3500,1265,0,False,False,False,77688,83973,3.5,1.4,1.7,0.93,0,False,False,False,False,-,89.1,0.7,0.0,1.2,-0.0,True,8,강세,-1,0,-1,0,19.6,-0.7,1504.56,,2.14,344.0,344.0,344.0,10,10,1.0,97.1,96.1
046390,삼화네트웍스,,2100,0.0,14.9,-52.0,-54.8,18.4,-15.3,-16.1,-6.5,-14.4,-14.8,-29.3,18.57,4642,1774,5,True,False,False,481884,126265,50.6,10.1,2.7,3.82,0,False,False,False,False,-,91.8,-0.7,-0.6,-0.6,0.4,True,0,강세,-1,0,-1,0,19.6,-0.7,1504.56,,2.14,344.0,344.0,344.0,10,10,1.0,96.8,95.8
191410,육일씨엔에쓰,,1824,13.1,1.3,15.9,-64.2,37.7,-8.6,-36.1,-39.8,-21.6,-25.9,-18.5,1.03,5100,1325,5,False,True,False,147483,181735,3.4,2.8,4.3,0.81,0,False,False,False,False,-,83.8,2.1,0.0,5.5,0.0,True,8,강세,-1,0,-1,0,19.6,-0.7,1504.56,,2.14,344.0,344.0,344.0,10,10,1.0,96.8,95.8
226590,엠디바이스,,21650,30.7,13.8,21.9,-43.0,138.2,5.1,-22.7,2.6,-13.8,-19.7,15.1,0.37,38000,9090,10,False,True,True,165027,388196,31.4,35.3,100.9,0.43,6,False,True,True,False,5일선회복/+3%반등,72.8,-7.4,3.2,5.0,-59.0,True,8,강세,-1,0,-1,0,19.6,-0.7,1504.56,,2.14,344.0,344.0,344.0,10,10,1.0,96.8,95.8
036120,서울평가정보,,1760,27.0,11.7,2.9,-40.3,1.6,-6.6,-13.9,-17.8,-7.2,-12.0,-16.8,2.05,2950,1732,0,False,False,False,184385,156240,5.8,3.3,3.0,1.18,0,False,False,False,False,-,81.7,0.9,0.3,-6.7,0.3,True,15,강세,-1,0,-1,0,19.6,-0.7,1504.56,,2.14,344.0,344.0,344.0,10,10,1.0,96.7,95.7
069920,엑시온그룹,,1425,11.0,3.7,23.2,-92.2,3.3,-0.4,-42.1,-71.5,-24.8,-44.4,-78.3,0.68,18272,1380,5,False,True,False,48062,87851,0.9,0.7,1.5,0.55,3,False,False,True,False,+3%반등,80.7,0.1,-0.0,-0.6,-0.0,True,8,강세,-1,0,-1,0,19.6,-0.7,1504.56,,2.14,344.0,344.0,344.0,10,10,1.0,96.7,95.7
042000,카페24,,21100,26.6,15.0,20.1,-62.8,4.7,-2.8,-21.9,-40.2,-11.1,-18.7,-36.7,0.87,56700,20150,5,False,True,False,125361,127474,24.2,26.6,29.6,0.98,0,False,False,False,False,-,76.7,7.3,4.9,7.9,-45.7,True,15,강세,-1,0,-1,0,19.6,-0.7,1504.56,,2.14,344.0,344.0,344.0,10,10,1.0,96.7,95.7
210120,캔버스엔,,1172,26.8,18.8,18.3,-81.4,20.1,0.1,-24.3,-25.7,-12.4,-20.1,-22.4,0.96,6300,976,5,False,True,False,366381,371203,4.1,4.3,4.9,0.99,6,False,True,True,False,5일선회복/+3%반등,77.6,0.5,0.0,2.3,0.0,True,8,강세,-1,0,-1,0,19.6,-0.7,1504.56,,2.14,344.0,344.0,344.0,10,10,1.0,96.6,95.6
084110,휴온스글로벌,,35500,23.1,11.5,22.7,-53.7,12.5,-6.2,-39.0,-32.9,-29.0,-38.0,-32.7,0.55,76700,31550,5,False,True,False,151243,157864,31.7,52.2,74.5,0.96,3,False,True,False,False,5일선회복,80.5,24.0,-13.0,-36.9,35.5,True,8,강세,-1,0,-1,0,19.6,-0.7,1504.56,,2.14,344.0,344.0,344.0,10,10,1.0,96.5,95.5
393210,토마토시스템,,3690,16.8,21.0,24.5,-57.0,6.0,0.4,-20.1,-29.3,-9.7,-13.0,-31.1,0.51,8590,3480,10,False,True,True,50885,77594,1.5,1.9,3.2,0.66,6,False,True,True,False,5일선회복/+3%반등,72.5,2.0,0.0,0.7,-1.2,True,8,강세,-1,0,-1,0,19.6,-0.7,1504.56,,2.14,344.0,344.0,344.0,10,10,1.0,96.5,95.5
038530,케이바이오랩스,,1168,17.4,1.4,9.9,-57.5,3.8,-10.2,-24.6,-49.0,-17.5,-25.3,-17.6,0.4,2750,1125,5,False,True,False,184877,595632,2.9,2.2,8.5,0.31,0,False,False,False,False,-,83.3,-1.0,0.2,-9.4,-0.7,True,8,강세,-1,0,-1,0,19.6,-0.7,1504.56,,2.14,344.0,344.0,344.0,10,10,1.0,96.3,95.3
475230,엔알비,,14310,27.9,15.1,13.5,-51.7,35.1,-6.3,-31.9,-44.3,-16.6,-28.1,-13.9,0.74,29650,10590,5,False,True,False,146832,148702,15.3,21.6,25.6,0.99,0,False,False,False,False,-,83.3,3.6,-20.5,52.8,-16.5,True,8,강세,-1,0,-1,0,19.6,-0.7,1504.56,,2.14,344.0,344.0,344.0,10,10,1.0,96.3,95.3
340440,세림B&G,,1498,8.5,5.2,20.1,-48.3,36.2,-9.1,-30.3,13.0,-21.5,-22.3,-6.9,0.09,2900,1100,0,False,False,False,457531,6057776,6.8,7.1,139.0,0.08,0,False,False,False,False,-,81.3,6.5,0.7,9.3,1.0,True,15,강세,-1,0,-1,0,19.6,-0.7,1504.56,,2.14,344.0,344.0,344.0,10,10,1.0,96.3,95.3
407400,꿈비,,3045,9.9,1.0,9.5,-74.1,0.5,-11.4,-30.6,-37.9,-22.4,-25.2,-39.0,0.44,11750,3030,10,True,True,False,715503,314406,4.4,24.3,12.1,2.28,0,False,False,False,False,-,86.2,-4.9,0.0,-11.5,0.0,True,0,강세,-1,0,-1,0,19.6,-0.7,1504.56,,2.14,344.0,344.0,344.0,10,10,1.0,96.2,95.2
287840,인투셀,,31550,32.0,39.4,31.1,-57.9,47.4,2.6,-21.1,-37.6,-7.5,-19.9,-29.8,0.69,74900,21400,10,False,True,True,55278,76981,17.0,16.9,26.5,0.72,6,False,True,True,False,5일선회복/+3%반등,65.1,7.2,0.6,19.8,0.2,True,15,강세,-1,0,-1,0,19.6,-0.7,1504.56,,2.14,344.0,344.0,344.0,10,10,1.0,96.1,95.1
239340,이스트에이드,,1200,27.5,35.7,29.1,-60.4,14.8,0.8,-21.3,-23.8,-9.3,-14.2,-31.1,10.88,3030,1045,10,True,True,False,250387,92389,12.5,3.0,1.2,2.71,7,False,True,False,True,5일선회복/거래량동반양봉,79.0,-0.2,-0.0,-0.6,0.0,True,0,강세,-1,0,-1,0,19.6,-0.7,1504.56,,2.14,344.0,344.0,344.0,10,10,1.0,96.0,95.0
311690,CJ 바이오사이언스,,5900,12.4,3.9,13.0,-52.0,1.4,-4.1,-26.0,-34.1,-17.0,-22.8,-33.5,1.03,12300,5820,5,False,True,False,39293,32789,2.0,2.4,2.3,1.2,0,False,False,False,False,-,83.0,1.6,0.0,0.8,0.0,True,8,강세,-1,0,-1,0,19.6,-0.7,1504.56,,2.14,344.0,344.0,344.0,10,10,1.0,96.0,95.0
459550,알트,,1898,9.8,7.0,17.6,-69.6,4.2,-10.5,-33.4,-52.4,-22.7,-29.8,,0.82,6250,1822,5,False,True,False,394025,578755,6.5,7.6,15.3,0.68,0,False,False,False,False,-,83.0,2.3,-0.9,-0.4,-1.5,True,8,강세,-1,0,-1,0,19.6,-0.7,1504.56,,2.14,344.0,344.0,344.0,10,10,1.0,96.0,95.0
115610,이미지스,,2220,26.8,15.8,18.0,-55.6,41.3,-7.1,-17.2,-35.1,-14.5,-15.9,-13.1,0.35,5003,1571,10,False,True,True,138205,362520,3.0,3.0,10.4,0.38,3,False,True,False,False,5일선회복,74.9,1.0,0.0,4.4,-1.2,True,8,강세,-1,0,-1,0,19.6,-0.7,1504.56,,2.14,344.0,344.0,344.0,10,10,1.0,95.9,94.9
078130,국일제지,,3880,9.3,35.9,0.2,-57.7,48.7,-11.0,-13.4,18.7,-9.0,3.9,-1.8,1.06,9170,2610,0,False,False,False,567779,923839,22.0,22.1,41.2,0.61,4,False,False,False,True,거래량동반양봉,76.9,1.1,3.5,0.4,4.3,True,15,강세,-1,0,-1,0,19.6,-0.7,1504.56,,2.14,344.0,344.0,344.0,10,10,1.0,95.9,94.9
096630,에스코넥,,2900,27.6,8.4,20.9,-47.3,8.0,-1.0,-28.7,-37.0,-18.1,-24.3,-17.9,0.5,5500,2685,10,False,True,True,131096,239906,3.7,3.8,9.3,0.55,6,False,True,True,False,5일선회복/+3%반등,79.9,-0.7,-0.0,-10.4,-2.1,True,0,강세,-1,0,-1,0,19.6,-0.7,1504.56,,2.14,344.0,344.0,344.0,10,10,1.0,95.9,94.9
488900,비츠로넥스텍,,15680,29.6,12.4,17.3,-49.6,73.8,-10.7,-25.7,-24.4,-12.2,-14.6,,1.33,31100,9020,0,False,False,False,169868,150825,30.1,26.6,27.1,1.13,6,False,True,True,False,5일선회복/+3%반등,81.8,5.6,-35.3,18.3,-39.2,True,8,강세,-1,0,-1,0,19.6,-0.7,1504.56,,2.14,344.0,344.0,344.0,10,10,1.0,95.8,94.8
372320,큐로셀,,36050,12.0,12.3,24.4,-45.4,39.2,-7.8,-39.0,-29.3,-23.4,-29.0,-20.0,0.37,66000,25900,0,False,False,False,175700,247108,33.4,62.6,120.5,0.71,3,False,True,False,False,5일선회복,77.8,19.1,10.6,-37.9,13.4,True,15,강세,-1,0,-1,0,19.6,-0.7,1504.56,,2.14,344.0,344.0,344.0,10,10,1.0,95.8,94.8
256840,한국비엔씨,,3395,25.4,31.9,29.8,-46.2,10.8,5.4,-16.2,-27.9,-7.4,-10.9,-27.7,1.02,6310,3065,10,False,True,True,503362,527024,16.6,16.8,19.5,0.96,6,False,True,True,False,5일선회복/+3%반등,64.8,15.0,1.3,22.4,-5.4,True,15,강세,-1,0,-1,0,19.6,-0.7,1504.56,,2.14,344.0,344.0,344.0,10,10,1.0,95.8,94.8
101730,위메이드맥스,,4430,13.1,13.0,23.5,-57.6,4.7,-0.4,-32.7,-34.0,-13.2,-14.0,-30.0,0.45,10450,4230,5,False,True,False,78394,185576,3.6,3.4,10.3,0.42,3,False,True,False,False,5일선회복,79.8,-0.5,0.7,-4.1,-12.1,True,8,강세,-1,0,-1,0,19.6,-0.7,1504.56,,2.14,344.0,344.0,344.0,10,10,1.0,95.8,94.8
104460,디와이피엔에프,,10510,11.9,4.5,10.7,-50.0,2.0,-10.7,-29.9,-29.8,-21.0,-26.1,-28.9,0.94,21000,10300,10,True,True,False,72532,50509,5.0,7.8,6.4,1.44,0,False,False,False,False,-,85.7,-0.8,-0.8,-8.3,-2.7,True,0,강세,-1,0,-1,0,19.6,-0.7,1504.56,,2.14,344.0,344.0,344.0,10,10,1.0,95.7,94.7
044480,빌리언스,,1400,13.9,18.6,30.3,-60.8,54.7,7.2,-37.1,18.1,-20.0,-20.2,-18.5,0.6,3570,905,10,False,True,True,242502,581669,5.2,3.2,8.2,0.42,10,False,True,True,True,5일선회복/+3%반등/거래량동반양봉,75.7,-0.5,0.0,-0.8,-0.0,True,0,강세,-1,0,-1,0,19.6,-0.7,1504.56,,2.14,344.0,344.0,344.0,10,10,1.0,95.7,94.7
458350,에스팀,,6700,7.9,5.3,15.9,-84.2,2.1,-6.4,-28.0,,-16.4,-31.1,,0.38,42350,6560,5,False,True,False,51534,80833,2.0,3.5,6.6,0.64,0,False,False,False,False,-,82.6,2.0,-0.1,2.2,-0.9,True,8,강세,-1,0,-1,0,19.6,-0.7,1504.56,,2.14,344.0,344.0,344.0,10,10,1.0,95.6,94.6
217270,넵튠,,3195,19.5,12.4,21.9,-70.4,4.9,-1.7,-17.7,-35.2,-10.9,-17.1,-38.4,0.63,10780,3045,10,False,True,True,65642,78819,1.6,2.1,2.8,0.83,3,False,True,False,False,5일선회복,74.5,0.7,0.0,-3.5,-0.1,True,8,강세,-1,0,-1,0,19.6,-0.7,1504.56,,2.14,344.0,344.0,344.0,10,10,1.0,95.5,94.5
455180,케이지에이,,2325,14.5,16.5,9.9,-70.3,6.9,-4.5,-25.0,-29.4,-16.5,-19.1,-43.0,1.1,7820,2175,5,False,True,False,56623,66502,1.7,1.4,1.9,0.85,0,False,False,False,False,-,82.4,-1.2,0.3,-3.6,0.3,True,8,강세,-1,0,-1,0,19.6,-0.7,1504.56,,2.14,344.0,344.0,344.0,10,10,1.0,95.4,94.4
094480,갤럭시아머니트리,,6900,23.1,14.4,21.9,-56.5,6.2,-1.6,-22.5,-38.4,-11.8,-15.9,-27.9,0.7,15880,6500,5,False,True,False,228273,375126,18.4,15.6,30.0,0.61,6,False,True,True,False,5일선회복/+3%반등,76.4,6.6,-0.0,-5.4,-0.2,True,8,강세,-1,0,-1,0,19.6,-0.7,1504.56,,2.14,344.0,344.0,344.0,10,10,1.0,95.4,94.4
014950,삼익제약,,7220,26.8,3.4,18.8,-71.2,8.6,-4.4,-29.9,-49.5,-15.1,-25.8,,0.74,25050,6650,5,False,True,False,58239,63809,3.5,4.3,5.4,0.91,0,False,False,False,False,-,82.4,1.1,0.0,2.2,-0.0,True,8,강세,-1,0,-1,0,19.6,-0.7,1504.56,,2.14,344.0,344.0,344.0,10,10,1.0,95.4,94.4
057030,YBM넷,,2350,11.5,11.6,7.2,-50.9,3.1,-8.2,-19.5,-18.7,-11.4,-13.0,-21.9,1.19,4790,2280,5,True,False,False,77680,43483,1.2,1.9,1.1,1.79,0,False,False,False,False,-,82.4,0.1,-0.0,0.0,0.0,True,8,강세,-1,0,-1,0,19.6,-0.7,1504.56,,2.14,344.0,344.0,344.0,10,10,1.0,95.4,94.4
289220,자이언트스텝,,2145,24.4,18.4,13.7,-75.2,10.3,-10.8,-33.3,-46.3,-20.4,-30.9,-52.8,0.85,8650,1944,5,True,False,False,206266,117371,2.2,4.4,3.0,1.76,0,False,False,False,False,-,82.4,1.6,-0.0,-1.3,0.1,True,8,강세,-1,0,-1,0,19.6,-0.7,1504.56,,2.14,344.0,344.0,344.0,10,10,1.0,95.4,94.4
452300,캡스톤파트너스,,3535,18.9,15.4,22.4,-38.3,45.8,-0.8,-22.8,1.6,-12.3,-11.5,9.7,0.32,5730,2425,10,False,True,True,157739,446622,5.0,5.6,19.4,0.35,6,False,True,True,False,5일선회복/+3%반등,71.4,0.1,-0.0,1.8,1.0,True,8,강세,-1,0,-1,0,19.6,-0.7,1504.56,,2.14,344.0,344.0,344.0,10,10,1.0,95.4,94.4
303030,지니틱스,,2450,20.4,6.8,18.9,-65.0,7.7,-7.5,-34.5,-19.7,-21.3,-32.5,-36.3,0.41,7000,2275,5,False,True,False,28944,61333,0.7,0.7,1.9,0.47,0,False,False,False,False,-,82.4,0.3,-0.0,-1.5,-1.3,True,8,강세,-1,0,-1,0,19.6,-0.7,1504.56,,2.14,344.0,344.0,344.0,10,10,1.0,95.4,94.4
419540,비스토스,,3605,0.0,14.1,-51.8,-68.7,5.3,-17.8,-12.6,-31.7,-16.7,-16.7,-40.3,14.1,11500,3425,5,True,False,False,112585,38379,20.3,4.1,1.5,2.93,0,False,False,False,False,-,90.3,-1.0,-0.5,-0.8,0.1,True,0,강세,-1,0,-1,0,19.6,-0.7,1504.56,,2.14,344.0,344.0,344.0,10,10,1.0,95.3,94.3
403850,더핑크퐁컴퍼니,,12910,21.1,14.7,17.3,-79.0,6.5,-4.6,-24.7,-42.5,-15.9,-21.0,,0.83,61500,12120,5,False,True,False,88918,69070,7.5,11.4,10.4,1.29,3,False,True,False,False,5일선회복,79.3,12.9,-17.3,-5.3,-30.7,True,8,강세,-1,0,-1,0,19.6,-0.7,1504.56,,2.14,344.0,344.0,344.0,10,10,1.0,95.3,94.3
318160,셀바이오휴먼텍,,5980,22.8,10.6,12.4,-48.0,10.1,-2.3,-20.2,-24.0,-17.0,-16.6,-27.1,0.6,11510,5430,5,False,True,False,82390,86741,3.2,5.0,5.9,0.95,3,False,False,True,False,+3%반등,79.2,-0.7,2.2,-4.4,3.2,True,8,강세,-1,0,-1,0,19.6,-0.7,1504.56,,2.14,344.0,344.0,344.0,10,10,1.0,95.2,94.2
200670,휴메딕스,,29200,22.8,20.3,15.8,-62.2,6.4,0.0,-16.2,-32.5,-11.8,-14.0,-35.3,0.9,77200,27450,10,False,True,True,58774,59001,15.5,17.2,19.1,1.0,3,False,False,True,False,+3%반등,74.2,9.5,-13.7,0.4,-43.5,True,8,강세,-1,0,-1,0,19.6,-0.7,1504.56,,2.14,344.0,344.0,344.0,10,10,1.0,95.2,94.2
182360,큐브엔터,,7370,19.4,2.1,10.0,-62.9,0.8,-12.4,-30.7,-41.6,-19.1,-25.7,-43.7,1.2,19840,7310,0,False,False,False,66725,55500,4.9,5.1,5.0,1.2,0,False,False,False,False,-,87.0,3.6,0.0,5.3,0.6,True,8,강세,-1,0,-1,0,19.6,-0.7,1504.56,,2.14,344.0,344.0,344.0,10,10,1.0,95.0,94.0
0015S0,페스카로,,11720,31.3,18.3,20.1,-75.1,10.3,-1.7,-26.1,-47.7,-14.6,-21.2,,0.6,47000,10630,5,False,True,False,94043,122869,8.7,10.8,17.2,0.77,6,False,True,True,False,5일선회복/+3%반등,76.0,9.0,-4.7,5.3,-8.0,True,8,강세,-1,0,-1,0,19.6,-0.7,1504.56,,2.14,344.0,344.0,344.0,10,10,1.0,95.0,94.0
053950,경남제약,,2370,10.9,7.1,7.9,-57.5,6.3,-18.7,-38.4,-23.8,-26.8,-35.2,-30.5,0.76,5580,2230,0,False,False,False,181392,171688,3.3,4.6,5.2,1.06,0,False,False,False,False,-,86.8,2.0,0.0,-4.1,-1.9,True,8,강세,-1,0,-1,0,19.6,-0.7,1504.56,,2.14,344.0,344.0,344.0,10,10,1.0,94.8,93.8
054540,삼영엠텍,,11140,27.8,37.6,31.8,-51.1,125.1,3.3,-18.6,-25.8,-8.6,-6.3,-13.1,1.01,22800,4950,10,False,True,True,222404,514907,53.5,23.7,68.9,0.43,10,False,True,True,True,5일선회복/+3%반등/거래량동반양봉,66.6,1.8,0.0,11.5,0.4,True,8,강세,-1,0,-1,0,19.6,-0.7,1504.56,,2.14,344.0,344.0,344.0,10,10,1.0,94.6,93.6
261520,이지스,,6040,22.5,20.6,23.3,-81.9,8.6,-3.0,-25.0,-52.6,-13.3,-23.9,,0.5,33300,5560,5,False,True,False,55223,74749,2.3,3.3,5.2,0.74,6,False,True,True,False,5일선회복/+3%반등,75.5,2.6,-1.4,1.6,-6.2,True,8,강세,-1,0,-1,0,19.6,-0.7,1504.56,,2.14,344.0,344.0,344.0,10,10,1.0,94.5,93.5
060900,에이전트AI,,5500,30.7,34.9,33.7,-75.3,15.5,0.2,-30.4,-38.3,-11.2,-24.2,-53.4,0.33,22303,4760,10,False,True,True,36847,114364,2.2,1.9,7.7,0.32,6,False,True,True,False,5일선회복/+3%반등,70.5,0.2,-0.0,1.6,0.0,True,8,강세,-1,0,-1,0,19.6,-0.7,1504.56,,2.14,344.0,344.0,344.0,10,10,1.0,94.5,93.5
398120,에스지헬스케어,,2755,28.3,1.6,10.7,-44.3,2.0,-4.8,-22.1,-36.4,-15.2,-25.5,-17.1,0.53,4945,2700,15,True,True,True,1235672,379036,5.7,34.8,11.2,3.26,0,False,False,False,False,-,79.5,-8.9,-0.0,-8.4,-1.7,True,0,강세,-1,0,-1,0,19.6,-0.7,1504.56,,2.14,344.0,344.0,344.0,10,10,1.0,94.5,93.5
047920,HLB제약,,13100,14.6,16.3,17.7,-41.1,6.9,-4.7,-25.2,-19.8,-15.6,-19.3,-16.5,0.99,22250,12250,5,False,True,False,142536,125722,16.6,18.5,19.0,1.13,6,False,True,True,False,5일선회복/+3%반등,75.4,10.2,-3.2,21.8,-1.5,True,8,강세,-1,0,-1,0,19.6,-0.7,1504.56,,2.14,344.0,344.0,344.0,10,10,1.0,94.4,93.4
206560,덱스터,,1909,17.7,11.6,22.6,-75.8,4.9,-6.0,-32.1,-49.1,-16.4,-29.1,-54.0,1.56,7880,1820,0,False,False,False,122594,129859,4.0,2.3,2.9,0.94,3,False,True,False,False,5일선회복,83.4,-0.4,0.5,-3.6,0.4,True,8,강세,-1,0,-1,0,19.6,-0.7,1504.56,,2.14,344.0,344.0,344.0,10,10,1.0,94.4,93.4
046940,우원개발,,3965,4.3,1.7,8.0,-40.0,48.8,-12.5,-27.2,-12.0,-23.5,-19.4,3.7,0.91,6610,2665,5,False,True,False,274254,403568,14.6,11.2,21.7,0.68,0,False,False,False,False,-,81.4,-0.8,0.1,-8.6,3.9,True,8,강세,-1,0,-1,0,19.6,-0.7,1504.56,,2.14,344.0,344.0,344.0,10,10,1.0,94.4,93.4
389140,포바이포,,7420,23.4,26.3,28.8,-71.8,16.5,0.7,-17.8,-39.9,-8.6,-12.7,-23.6,0.3,26326,6370,5,False,True,False,110417,370951,8.3,7.9,32.7,0.3,6,False,True,True,False,5일선회복/+3%반등,68.3,0.8,0.2,-14.2,0.7,True,15,강세,-1,0,-1,0,19.6,-0.7,1504.56,,2.14,344.0,344.0,344.0,10,10,1.0,94.3,93.3
140410,메지온,,71600,18.0,19.1,21.9,-60.2,101.7,0.6,-20.7,-49.3,-11.9,-17.7,-13.5,0.79,179900,35500,5,False,True,False,155955,211622,123.3,111.9,174.1,0.74,0,False,False,False,False,-,74.3,25.1,1.6,183.2,-9.8,True,15,강세,-1,0,-1,0,19.6,-0.7,1504.56,,2.14,344.0,344.0,344.0,10,10,1.0,94.3,93.3
048910,대원미디어,,6050,14.0,10.5,16.2,-52.3,3.2,-5.0,-19.8,-23.4,-13.0,-18.4,-26.5,0.61,12680,5860,5,False,True,False,102225,91605,3.5,6.2,6.2,1.12,3,False,True,False,False,5일선회복,78.3,0.6,-0.2,-2.5,-0.8,True,8,강세,-1,0,-1,0,19.6,-0.7,1504.56,,2.14,344.0,344.0,344.0,10,10,1.0,94.3,93.3
065530,와이어블,,1795,28.8,21.8,18.6,-45.6,50.8,-2.4,-16.7,32.5,-10.5,-13.0,16.7,0.64,3300,1190,5,False,True,False,362327,588241,6.7,6.5,12.1,0.62,3,False,True,False,False,5일선회복,71.2,0.7,0.4,4.4,1.0,True,15,강세,-1,0,-1,0,19.6,-0.7,1504.56,,2.14,344.0,344.0,344.0,10,10,1.0,94.2,93.2
418550,제이오,,9590,29.4,19.9,19.7,-39.5,48.7,1.1,-29.3,7.6,-12.4,-1.2,12.4,0.66,15840,6450,5,False,True,False,258330,494580,26.3,24.8,57.9,0.52,6,False,True,True,False,5일선회복/+3%반등,75.1,-3.4,1.8,-30.4,-13.7,True,8,강세,-1,0,-1,0,19.6,-0.7,1504.56,,2.14,344.0,344.0,344.0,10,10,1.0,94.1,93.1
235980,메드팩토,,3905,11.5,3.9,13.3,-54.9,24.2,-7.2,-22.8,-32.1,-16.8,-24.3,-27.8,0.99,8650,3145,5,False,True,False,157046,191600,7.5,6.3,9.1,0.82,0,False,False,False,False,-,81.1,1.1,-0.2,4.5,0.1,True,8,강세,-1,0,-1,0,19.6,-0.7,1504.56,,2.14,344.0,344.0,344.0,10,10,1.0,94.1,93.1
193250,링크드,,1691,0.0,12.6,-24.9,-47.2,3.7,-14.6,-20.4,-15.2,-13.7,-12.9,-20.8,2.14,3200,1630,5,True,False,False,90694,64119,2.1,1.6,1.2,1.41,0,False,False,False,False,-,89.1,-0.6,0.0,-0.4,0.0,True,0,강세,-1,0,-1,0,19.6,-0.7,1504.56,,2.14,344.0,344.0,344.0,10,10,1.0,94.1,93.1
462310,뉴키즈온,,3365,20.5,5.2,6.8,-79.1,1.8,-8.8,-25.8,-24.4,-17.1,-19.4,-40.7,1.19,16100,3305,0,False,False,False,33196,35014,1.4,1.2,1.4,0.95,0,False,False,False,False,-,86.1,-0.3,1.3,-1.1,5.4,True,8,강세,-1,0,-1,0,19.6,-0.7,1504.56,,2.14,344.0,344.0,344.0,10,10,1.0,94.1,93.1
011080,형지I&C,,2950,27.0,7.7,22.4,-90.1,7.5,-3.3,-41.0,-61.4,-24.9,-38.2,-61.1,0.25,29942,2745,5,False,True,False,125063,193398,1.5,3.8,7.3,0.65,0,False,False,False,False,-,81.0,0.6,-0.0,-2.1,0.0,True,8,강세,-1,0,-1,0,19.6,-0.7,1504.56,,2.14,344.0,344.0,344.0,10,10,1.0,94.0,93.0
376930,노을,,1110,26.4,20.9,30.8,-71.4,10.4,2.0,-34.8,-41.6,-14.3,-26.3,-43.9,0.7,3879,1005,5,False,True,False,563317,692711,5.5,6.2,8.9,0.81,6,False,True,True,False,5일선회복/+3%반등,75.0,0.9,-0.1,7.0,-0.1,True,8,강세,-1,0,-1,0,19.6,-0.7,1504.56,,2.14,344.0,344.0,344.0,10,10,1.0,94.0,93.0
0004V0,엔비알모션,,16600,18.6,15.0,27.0,-44.1,23.9,-1.2,-28.9,-0.6,-19.5,-17.1,,0.35,29700,13400,5,False,True,False,403088,1016216,59.2,63.2,225.7,0.4,6,False,True,True,False,5일선회복/+3%반등,75.0,6.7,-6.2,-130.7,-19.9,True,8,강세,-1,0,-1,0,19.6,-0.7,1504.56,,2.14,344.0,344.0,344.0,10,10,1.0,94.0,93.0
046310,백금T&A,,2650,24.8,14.8,23.0,-47.5,3.9,-0.7,-28.7,-30.9,-11.3,-14.1,-17.5,0.82,5050,2550,5,False,True,False,95096,129726,2.7,2.5,4.0,0.73,3,False,True,False,False,5일선회복,77.9,-1.0,0.2,1.3,0.2,True,8,강세,-1,0,-1,0,19.6,-0.7,1504.56,,2.14,344.0,344.0,344.0,10,10,1.0,93.9,92.9
448710,코츠테크놀로지,,17780,19.4,16.0,19.8,-38.0,14.3,-0.8,-24.3,-9.5,-10.8,-11.5,-7.4,0.53,28700,15550,10,False,True,True,50408,102814,9.2,9.0,21.3,0.49,3,False,False,True,False,+3%반등,72.9,-8.8,0.2,-33.2,-5.9,True,8,강세,-1,0,-1,0,19.6,-0.7,1504.56,,2.14,344.0,344.0,344.0,10,10,1.0,93.9,92.9
214430,아이쓰리시스템,,84600,26.7,32.3,25.1,-38.7,34.1,1.4,-24.7,-29.2,-10.7,-12.8,-6.3,0.73,137900,63100,5,False,True,False,64940,64915,39.6,54.5,61.1,1.0,6,False,True,True,False,5일선회복/+3%반등,67.8,0.4,16.4,-1.2,-106.1,True,15,강세,-1,0,-1,0,19.6,-0.7,1504.56,,2.14,344.0,344.0,344.0,10,10,1.0,93.8,92.8
199550,레이저옵텍,,4390,29.6,24.8,29.9,-52.6,9.6,0.7,-20.9,-25.3,-9.2,-16.1,-25.1,0.25,9268,4005,10,False,True,True,63937,125697,1.4,2.7,5.9,0.51,6,False,True,True,False,5일선회복/+3%반등,69.8,0.6,-0.1,-3.0,-14.9,True,8,강세,-1,0,-1,0,19.6,-0.7,1504.56,,2.14,344.0,344.0,344.0,10,10,1.0,93.8,92.8
020400,대동금속,,3740,14.9,5.0,23.0,-58.0,37.1,-4.6,-36.8,-4.7,-19.4,-23.6,7.0,0.49,8900,2727,5,False,True,False,64712,171279,3.2,2.5,8.4,0.38,0,False,False,False,False,-,80.8,0.1,-0.0,4.0,0.1,True,8,강세,-1,0,-1,0,19.6,-0.7,1504.56,,2.14,344.0,344.0,344.0,10,10,1.0,93.8,92.8
323990,박셀바이오,,6170,28.0,18.7,23.5,-46.4,4.4,-1.4,-21.0,-33.9,-9.6,-17.5,-31.5,1.04,11520,5910,10,False,True,True,127424,150669,9.8,7.9,10.3,0.85,3,False,True,False,False,5일선회복,72.7,0.5,0.0,-7.9,0.0,True,8,강세,-1,0,-1,0,19.6,-0.7,1504.56,,2.14,344.0,344.0,344.0,10,10,1.0,93.7,92.7
372800,아이티아이즈,,3645,30.8,34.6,28.3,-57.5,7.8,-2.4,-12.0,-26.7,-6.4,-10.4,-27.3,4.52,8570,3380,10,True,True,False,45026,32587,4.6,1.6,1.3,1.38,10,False,True,True,True,5일선회복/+3%반등/거래량동반양봉,73.5,-0.1,-0.9,-1.1,-1.2,True,0,강세,-1,0,-1,0,19.6,-0.7,1504.56,,2.14,344.0,344.0,344.0,10,10,1.0,93.5,92.5
363260,모비데이즈,,1248,23.8,10.0,14.5,-49.0,3.1,-4.5,-17.4,-20.3,-10.9,-13.8,-23.7,0.44,2445,1210,5,False,True,False,110370,154856,0.9,1.4,2.2,0.71,3,False,True,False,False,5일선회복,77.5,0.2,0.0,-3.7,0.0,True,8,강세,-1,0,-1,0,19.6,-0.7,1504.56,,2.14,344.0,344.0,344.0,10,10,1.0,93.5,92.5
250060,모비스,,4095,28.4,14.9,19.0,-56.6,77.3,-3.5,-16.4,-30.1,-9.9,-12.6,9.1,0.62,9440,2310,5,False,True,False,424973,848920,21.4,17.3,40.4,0.5,6,False,True,True,False,5일선회복/+3%반등,74.4,0.1,-0.0,-1.2,-0.0,True,8,강세,-1,0,-1,0,19.6,-0.7,1504.56,,2.14,344.0,344.0,344.0,10,10,1.0,93.4,92.4
013810,스페코,,2255,9.8,10.3,18.7,-38.6,3.7,-3.4,-25.0,-19.5,-13.8,-18.2,-15.8,0.54,3675,2175,10,False,True,True,85524,129527,1.5,1.9,3.5,0.66,0,False,False,False,False,-,75.4,0.3,-0.0,-2.0,0.2,True,8,강세,-1,0,-1,0,19.6,-0.7,1504.56,,2.14,344.0,344.0,344.0,10,10,1.0,93.4,92.4
322510,제이엘케이,,4990,13.0,13.9,20.7,-45.8,25.9,-5.1,-26.4,-34.7,-18.1,-26.2,-19.2,0.49,9210,3965,5,False,True,False,254503,369469,9.1,12.4,23.8,0.69,3,False,True,False,False,5일선회복,77.3,6.6,-4.4,10.9,-5.8,True,8,강세,-1,0,-1,0,19.6,-0.7,1504.56,,2.14,344.0,344.0,344.0,10,10,1.0,93.3,92.3
461030,아이엠비디엑스,,5320,16.0,12.6,16.9,-59.0,5.1,-5.5,-25.5,-35.1,-15.5,-19.2,-39.4,0.79,12990,5060,5,False,True,False,48046,60684,2.6,2.6,3.8,0.79,0,False,False,False,False,-,80.3,1.7,0.0,0.4,-0.7,True,8,강세,-1,0,-1,0,19.6,-0.7,1504.56,,2.14,344.0,344.0,344.0,10,10,1.0,93.3,92.3
435570,에르코스,,7660,14.0,0.0,10.8,-73.4,0.0,-12.0,-27.9,-43.7,-21.3,-23.7,-33.8,1.11,28800,7660,0,False,False,False,54489,67663,6.0,4.4,7.1,0.81,0,False,False,False,False,-,85.2,1.2,-0.0,-5.2,-0.5,True,8,강세,-1,0,-1,0,19.6,-0.7,1504.56,,2.14,344.0,344.0,344.0,10,10,1.0,93.2,92.2
002230,피에스텍,,7800,13.4,12.9,18.9,-54.1,110.0,-3.8,-16.6,-32.8,-15.9,-18.1,1.5,1.04,16990,3715,10,False,True,True,217487,348449,28.1,17.1,33.3,0.62,0,False,False,False,False,-,75.2,10.3,-0.2,7.8,-0.0,True,8,강세,-1,0,-1,0,19.6,-0.7,1504.56,,2.14,344.0,344.0,344.0,10,10,1.0,93.2,92.2
234030,싸이닉솔루션,,5700,22.7,21.6,22.9,-62.6,11.3,-0.2,-22.6,-35.9,-13.2,-16.4,-33.2,0.57,15240,5120,5,False,True,False,146749,244298,8.1,8.1,16.6,0.6,6,False,True,True,False,5일선회복/+3%반등,74.2,4.2,-0.4,-4.5,0.5,True,8,강세,-1,0,-1,0,19.6,-0.7,1504.56,,2.14,344.0,344.0,344.0,10,10,1.0,93.2,92.2
338840,와이바이오로직스,,18580,26.3,29.7,20.9,-51.1,147.7,-5.0,-20.8,-30.9,-10.5,-27.5,-13.0,0.47,38000,7500,0,False,False,False,164520,161468,13.5,30.2,34.0,1.02,6,False,True,True,False,5일선회복/+3%반등,72.1,0.5,11.8,-9.4,43.7,True,15,강세,-1,0,-1,0,19.6,-0.7,1504.56,,2.14,344.0,344.0,344.0,10,10,1.0,93.1,92.1
089150,케이씨티,,2870,15.5,9.8,15.0,-46.7,43.1,-3.4,-24.7,5.9,-12.0,-15.2,-13.2,0.5,5380,2005,5,False,True,False,101499,215433,3.0,2.9,7.1,0.47,0,False,False,False,False,-,80.0,1.4,-0.0,8.6,0.2,True,8,강세,-1,0,-1,0,19.6,-0.7,1504.56,,2.14,344.0,344.0,344.0,10,10,1.0,93.0,92.0
215090,솔디펜스,,2095,14.8,9.5,17.8,-63.2,4.8,-4.8,-24.1,-35.8,-18.1,-21.5,-31.1,0.3,5695,2000,5,False,True,False,152200,666612,4.3,3.2,19.6,0.23,0,False,False,False,False,-,79.9,-0.5,0.2,-8.6,-0.8,True,8,강세,-1,0,-1,0,19.6,-0.7,1504.56,,2.14,344.0,344.0,344.0,10,10,1.0,92.9,91.9
056730,CNT85,,2120,21.5,26.2,11.3,-59.1,8.2,2.4,-17.0,-22.5,-13.1,-10.9,-30.0,1.0,5185,1960,15,True,True,True,12959,8109,0.1,0.3,0.2,1.6,3,False,False,True,False,+3%반등,74.9,-0.1,0.0,-0.3,-0.7,True,0,강세,-1,0,-1,0,19.6,-0.7,1504.56,,2.14,344.0,344.0,344.0,10,10,1.0,92.9,91.9
317240,TS트릴리온,,1185,24.6,10.0,24.3,-62.0,23.4,-3.6,-23.3,-33.1,-12.6,-20.4,-16.4,0.5,3120,960,5,False,False,True,193066,278849,1.7,2.3,3.7,0.69,3,False,True,False,False,5일선회복,76.9,0.3,0.0,-7.1,-0.9,True,8,강세,-1,0,-1,0,19.6,-0.7,1504.56,,2.14,344.0,344.0,344.0,10,10,1.0,92.9,91.9
376300,디어유,,26350,26.5,11.9,24.5,-58.3,3.3,0.2,-20.4,-37.6,-9.5,-15.9,-31.0,0.57,63200,25500,10,False,True,True,83017,116347,17.8,22.0,34.3,0.71,0,False,False,False,False,-,74.9,-10.0,3.5,-102.7,-79.2,True,8,강세,-1,0,-1,0,19.6,-0.7,1504.56,,2.14,344.0,344.0,344.0,10,10,1.0,92.9,91.9
0001A0,덕양에너젠,,13920,13.9,11.3,18.0,-67.5,7.9,-5.0,-18.7,-38.7,-18.3,-19.5,,0.32,42800,12900,5,False,True,False,294926,857555,39.7,41.0,160.2,0.34,3,False,True,False,False,5일선회복,76.8,0.4,-30.3,-34.0,-138.5,True,8,강세,-1,0,-1,0,19.6,-0.7,1504.56,,2.14,344.0,344.0,344.0,10,10,1.0,92.8,91.8
180400,DXVX,,3215,15.9,7.9,15.5,-40.0,143.7,-5.7,-30.6,-37.1,-18.9,-27.8,1.5,0.62,5360,1319,5,False,True,False,169251,200694,4.0,5.6,8.2,0.84,0,False,False,False,False,-,79.8,1.7,-0.0,3.2,0.2,True,8,강세,-1,0,-1,0,19.6,-0.7,1504.56,,2.14,344.0,344.0,344.0,10,10,1.0,92.8,91.8
083640,인콘,,1453,24.0,8.4,19.0,-65.2,21.1,-4.5,-24.5,-28.2,-15.0,-22.2,-13.0,0.73,4170,1200,5,False,True,False,189964,199096,2.2,2.8,3.1,0.95,0,False,False,False,False,-,79.7,0.1,-0.0,-5.3,-1.4,True,8,강세,-1,0,-1,0,19.6,-0.7,1504.56,,2.14,344.0,344.0,344.0,10,10,1.0,92.7,91.7
246690,TS인베스트먼트,,1277,10.8,7.7,14.1,-45.0,6.0,-8.2,-24.6,-32.1,-20.4,-22.8,-15.1,0.47,2320,1205,5,False,True,False,458307,1317988,8.2,5.9,23.1,0.35,0,False,False,False,False,-,79.7,0.4,-1.8,-16.2,-11.6,True,8,강세,-1,0,-1,0,19.6,-0.7,1504.56,,2.14,344.0,344.0,344.0,10,10,1.0,92.7,91.7
216080,제테마,,5440,8.1,5.5,18.7,-51.8,1.7,-3.7,-24.1,-45.1,-12.9,-24.0,-22.0,0.88,11280,5350,5,False,True,False,153512,236085,11.3,8.5,15.1,0.65,0,False,False,False,False,-,79.6,0.4,0.0,11.5,-0.2,True,8,강세,-1,0,-1,0,19.6,-0.7,1504.56,,2.14,344.0,344.0,344.0,10,10,1.0,92.6,91.6
338220,뷰노,,10090,12.7,10.7,25.5,-64.4,6.4,-5.8,-46.9,-50.4,-26.5,-35.9,-50.5,0.97,28350,9480,5,False,True,False,113535,146861,14.4,11.7,20.0,0.77,0,False,False,False,False,-,79.6,6.9,-0.2,-0.2,-2.8,True,8,강세,-1,0,-1,0,19.6,-0.7,1504.56,,2.14,344.0,344.0,344.0,10,10,1.0,92.6,91.6
049120,파인디앤씨,,2250,32.6,1.3,16.3,-59.5,1.6,-9.6,-33.8,-24.9,-25.2,-28.0,-39.2,0.41,5550,2215,5,False,True,False,42981,118401,1.2,1.0,4.1,0.36,0,False,False,False,False,-,79.6,0.1,0.0,0.8,-1.1,True,8,강세,-1,0,-1,0,19.6,-0.7,1504.56,,2.14,344.0,344.0,344.0,10,10,1.0,92.6,91.6
201490,미투온,,2720,31.9,10.9,16.9,-67.0,inf,-2.7,-18.6,-31.2,-9.8,-11.8,-35.7,0.48,8240,0,10,False,True,True,263452,535527,7.1,7.2,16.8,0.49,0,False,False,False,False,-,74.5,0.8,-0.1,-10.3,0.7,True,8,강세,-1,0,-1,0,19.6,-0.7,1504.56,,2.14,344.0,344.0,344.0,10,10,1.0,92.5,91.5
246710,티앤알바이오팹,,2290,23.8,14.5,18.3,-53.5,103.2,-4.8,-25.9,-23.9,-14.4,-21.1,-12.2,0.58,4925,1127,5,False,True,False,311925,373094,5.0,7.1,9.9,0.84,0,False,False,False,False,-,79.5,0.2,-0.5,-8.3,-0.3,True,8,강세,-1,0,-1,0,19.6,-0.7,1504.56,,2.14,344.0,344.0,344.0,10,10,1.0,92.5,91.5
270520,앱튼,,1609,34.1,21.3,37.0,-89.8,23.2,16.5,-29.4,-26.5,-11.7,-17.0,-70.2,2.32,15790,1306,10,False,True,True,325641,452809,17.8,5.0,7.6,0.72,10,False,True,True,True,5일선회복/+3%반등/거래량동반양봉,72.5,-0.1,-0.0,-2.1,-0.8,True,0,강세,-1,0,-1,0,19.6,-0.7,1504.56,,2.14,344.0,344.0,344.0,10,10,1.0,92.5,91.5
023790,동일스틸럭스,,2245,0.0,28.3,-28.0,-74.5,69.2,-10.2,-14.1,-5.6,-9.3,2.7,-27.5,8.02,8807,1327,5,True,False,False,1875249,1828947,210.5,42.1,46.7,1.03,0,False,False,False,False,-,87.5,-0.2,-0.9,0.5,0.1,True,0,강세,-1,0,-1,0,19.6,-0.7,1504.56,,2.14,344.0,344.0,344.0,10,10,1.0,92.5,91.5
456160,지투지바이오,,63700,26.0,29.9,26.7,-48.6,131.0,1.4,-15.3,-28.8,-12.1,-15.5,,0.59,124000,27581,5,False,True,False,268076,333188,117.9,161.4,248.4,0.8,6,False,True,True,False,5일선회복/+3%반등,66.4,85.6,9.7,34.4,300.0,True,15,강세,-1,0,-1,0,19.6,-0.7,1504.56,,2.14,344.0,344.0,344.0,10,10,1.0,92.4,91.4
431190,케이쓰리아이,,4010,24.1,24.7,23.8,-46.2,7.2,0.0,-13.9,-19.0,-7.4,-6.5,-17.8,1.21,7450,3740,10,False,True,True,35326,42284,2.0,1.4,1.9,0.84,6,False,True,True,False,5일선회복/+3%반등,68.3,0.1,0.0,1.6,0.0,True,8,강세,-1,0,-1,0,19.6,-0.7,1504.56,,2.14,344.0,344.0,344.0,10,10,1.0,92.3,91.3
432980,엠에프씨,,2820,21.8,15.8,11.4,-39.4,6.6,-13.6,-23.2,-25.0,-15.8,-18.5,-22.6,0.71,4650,2645,5,True,False,False,125215,46500,1.0,3.5,1.4,2.69,3,False,True,False,False,5일선회복,76.3,2.5,0.0,2.9,0.0,True,8,강세,-1,0,-1,0,19.6,-0.7,1504.56,,2.14,344.0,344.0,344.0,10,10,1.0,92.3,91.3
003310,대주산업,,2700,13.0,1.9,11.7,-55.7,86.2,-8.2,-26.1,-32.8,-14.7,-22.7,0.1,1.16,6090,1450,0,False,False,False,647180,766110,23.9,18.0,24.4,0.84,0,False,False,False,False,-,84.2,6.7,0.0,46.2,0.0,True,8,강세,-1,0,-1,0,19.6,-0.7,1504.56,,2.14,344.0,344.0,344.0,10,10,1.0,92.2,91.2
458870,씨어스,,36550,23.4,23.6,27.9,-43.1,629.7,6.7,-20.9,-27.4,-13.3,-22.4,0.3,0.72,64235,5009,10,False,True,True,320800,406277,106.2,113.3,170.7,0.79,6,False,True,True,False,5일선회복/+3%반등,68.1,-32.9,5.6,-64.5,48.6,True,8,강세,-1,0,-1,0,19.6,-0.7,1504.56,,2.14,344.0,344.0,344.0,10,10,1.0,92.1,91.1
222980,한국맥널티,,2195,24.2,25.7,32.8,-51.9,6.8,1.6,-18.4,-27.3,-6.8,-12.8,-30.1,1.39,4560,2055,5,False,True,False,19294,23366,0.7,0.4,0.5,0.83,10,False,True,True,True,5일선회복/+3%반등/거래량동반양봉,69.1,0.2,0.0,0.3,0.0,True,8,강세,-1,0,-1,0,19.6,-0.7,1504.56,,2.14,344.0,344.0,344.0,10,10,1.0,92.1,91.1
460930,현대힘스,,17750,27.4,34.8,32.4,-46.9,16.3,3.1,-15.5,-11.1,-5.6,-5.8,-13.2,1.11,33450,15260,10,False,True,True,250672,309756,54.9,43.0,60.0,0.81,10,False,True,True,True,5일선회복/+3%반등/거래량동반양봉,64.1,8.0,-0.5,7.1,-39.3,True,8,강세,-1,0,-1,0,19.6,-0.7,1504.56,,2.14,344.0,344.0,344.0,10,10,1.0,92.1,91.1
290670,대보마그네틱,,8850,18.3,12.9,20.7,-65.1,6.5,-0.9,-33.9,-36.9,-17.9,-21.1,-36.5,0.79,25350,8310,5,False,True,False,28544,36247,2.5,2.5,4.0,0.79,6,False,True,True,False,5일선회복/+3%반등,81.0,-0.3,0.0,-7.9,0.0,True,0,강세,-1,0,-1,0,19.6,-0.7,1504.56,,2.14,344.0,344.0,344.0,10,10,1.0,92.0,91.0
039610,화성밸브,,7900,21.3,10.9,19.3,-34.9,14.2,-3.8,-20.0,-13.9,-11.8,-10.1,-10.4,0.12,12140,6920,10,False,True,True,63619,496649,4.9,5.0,49.2,0.13,3,False,True,False,False,5일선회복,71.0,-0.3,0.1,3.7,0.8,True,8,강세,-1,0,-1,0,19.6,-0.7,1504.56,,2.14,344.0,344.0,344.0,10,10,1.0,92.0,91.0
025770,한국정보통신,,9340,20.3,16.4,18.9,-43.4,27.1,-2.9,-25.6,9.2,-12.4,-2.7,8.8,0.52,16500,7350,5,False,True,False,173293,321368,14.0,16.2,36.3,0.54,3,False,True,False,False,5일선회복,76.0,3.9,-0.2,18.0,-0.0,True,8,강세,-1,0,-1,0,19.6,-0.7,1504.56,,2.14,344.0,344.0,344.0,10,10,1.0,92.0,91.0
322310,오로스테크놀로지,,29650,16.8,16.9,34.5,-43.0,61.2,6.5,-14.3,17.7,-9.8,-9.6,11.3,0.61,52000,18390,10,False,True,True,239091,475616,88.5,67.9,173.8,0.5,10,False,True,True,True,5일선회복/+3%반등/거래량동반양봉,63.8,9.3,-0.1,219.6,-22.3,True,8,강세,-1,0,-1,0,19.6,-0.7,1504.56,,2.14,344.0,344.0,344.0,10,10,1.0,91.8,90.8
082800,비보존 제약,,2610,27.9,10.9,13.9,-68.8,4.6,-3.9,-18.9,-31.0,-11.6,-17.3,-44.1,0.65,8362,2495,5,False,True,False,310896,600315,10.5,8.3,18.0,0.52,0,False,False,False,False,-,78.7,1.8,0.0,-8.4,-5.3,True,8,강세,-1,0,-1,0,19.6,-0.7,1504.56,,2.14,344.0,344.0,344.0,10,10,1.0,91.7,90.7
014940,오리엔탈정공,,6910,30.8,40.1,34.1,-46.8,36.8,5.8,-19.7,-17.9,-6.0,-3.4,-15.7,0.88,12990,5050,10,False,True,True,242634,344292,19.6,15.9,26.1,0.7,10,False,True,True,True,5일선회복/+3%반등/거래량동반양봉,63.7,1.2,-0.1,-1.3,0.0,True,8,강세,-1,0,-1,0,19.6,-0.7,1504.56,,2.14,344.0,344.0,344.0,10,10,1.0,91.7,90.7
068050,팬엔터테인먼트,,1301,12.1,10.9,17.8,-52.5,2.6,-4.4,-22.1,-23.9,-10.9,-16.0,-30.5,0.72,2740,1268,5,False,True,False,51390,72443,0.7,0.7,1.1,0.71,0,False,False,False,False,-,78.7,0.3,0.0,-0.7,0.1,True,8,강세,-1,0,-1,0,19.6,-0.7,1504.56,,2.14,344.0,344.0,344.0,10,10,1.0,91.7,90.7
0015N0,아로마티카,,7230,15.9,8.7,18.7,-77.0,4.2,-3.9,-22.3,-52.0,-16.5,-21.5,,0.38,31500,6940,5,False,True,False,98132,236593,6.7,7.1,22.0,0.41,0,False,False,False,False,-,78.7,4.4,-2.6,-5.1,-11.0,True,8,강세,-1,0,-1,0,19.6,-0.7,1504.56,,2.14,344.0,344.0,344.0,10,10,1.0,91.7,90.7
052460,아이크래프트,,2940,26.0,2.4,14.6,-38.2,33.0,-7.5,-27.9,-16.7,-19.1,-19.0,-3.9,0.27,4760,2210,5,False,True,False,129336,415720,3.3,3.9,16.0,0.31,0,False,False,False,False,-,78.4,1.5,0.0,-0.9,0.0,True,8,강세,-1,0,-1,0,19.6,-0.7,1504.56,,2.14,344.0,344.0,344.0,10,10,1.0,91.4,90.4
347860,알체라,,1960,16.4,16.4,24.2,-51.7,43.3,-3.4,-29.4,10.5,-16.0,-10.0,-17.1,0.35,4060,1368,10,False,True,True,666660,1037326,7.0,12.7,26.6,0.64,3,False,True,False,False,5일선회복,78.4,-5.1,-0.8,6.1,0.2,True,0,강세,-1,0,-1,0,19.6,-0.7,1504.56,,2.14,344.0,344.0,344.0,10,10,1.0,91.4,90.4
068330,일신바이오,,1247,18.8,2.4,16.2,-46.5,15.9,-3.8,-22.9,-23.0,-12.1,-14.1,-21.4,1.56,2330,1076,10,False,True,True,223992,249846,4.7,2.8,3.6,0.9,0,False,False,False,False,-,81.4,-0.4,0.0,-2.7,0.0,True,0,강세,-1,0,-1,0,19.6,-0.7,1504.56,,2.14,344.0,344.0,344.0,10,10,1.0,91.4,90.4
153460,네이블,,8240,27.7,22.4,22.6,-51.0,34.9,-0.6,-25.1,10.0,-9.4,-5.3,6.2,0.78,16820,6110,10,False,True,True,35122,46740,3.0,2.8,4.4,0.75,6,False,True,True,False,5일선회복/+3%반등,75.4,-0.8,-0.0,-1.7,0.3,True,0,강세,-1,0,-1,0,19.6,-0.7,1504.56,,2.14,344.0,344.0,344.0,10,10,1.0,91.4,90.4
355390,크라우드웍스,,2660,29.2,10.6,11.1,-81.1,17.4,-10.0,-25.9,-12.4,-16.5,-9.9,-39.1,0.35,14082,2265,0,False,False,False,144715,273272,2.5,3.9,9.3,0.53,0,False,False,False,False,-,83.4,1.5,0.0,2.9,0.0,True,8,강세,-1,0,-1,0,19.6,-0.7,1504.56,,2.14,344.0,344.0,344.0,10,10,1.0,91.4,90.4
136410,아셈스,,6170,15.3,19.5,25.5,-50.0,5.5,-0.2,-20.0,-32.9,-9.0,-14.4,-34.1,0.71,12350,5850,5,False,True,False,24787,34094,1.5,1.5,2.3,0.73,6,False,True,True,False,5일선회복/+3%반등,72.4,-1.3,0.2,-1.6,0.2,True,8,강세,-1,0,-1,0,19.6,-0.7,1504.56,,2.14,344.0,344.0,344.0,10,10,1.0,91.4,90.4
032820,우리기술,,16910,21.5,20.0,23.6,-44.0,831.2,-2.2,-23.3,13.9,-13.1,-22.3,69.7,0.68,30200,1816,5,False,True,False,4617583,8851071,863.1,767.0,1809.0,0.52,6,False,True,True,False,5일선회복/+3%반등,72.3,142.2,-55.0,-30.8,-518.6,True,8,강세,-1,0,-1,0,19.6,-0.7,1504.56,,2.14,344.0,344.0,344.0,10,10,1.0,91.3,90.3
317870,엔바이오니아,,6380,19.2,21.2,26.0,-65.1,8.5,1.3,-26.8,-36.3,-12.8,-22.3,-43.0,0.44,18260,5880,5,False,True,False,19949,31841,0.9,1.2,2.4,0.63,3,False,True,False,False,5일선회복,75.2,0.4,-0.0,-0.1,0.0,True,8,강세,-1,0,-1,0,19.6,-0.7,1504.56,,2.14,344.0,344.0,344.0,10,10,1.0,91.2,90.2
402030,코난테크놀로지,,16970,24.1,21.0,18.5,-63.1,7.4,-3.7,-18.8,-22.2,-11.2,-11.1,-24.6,1.17,45939,15800,5,False,True,False,33728,35292,7.1,5.7,6.8,0.96,3,False,True,False,False,5일선회복,75.1,2.3,-3.3,5.8,-11.4,True,8,강세,-1,0,-1,0,19.6,-0.7,1504.56,,2.14,344.0,344.0,344.0,10,10,1.0,91.1,90.1
123330,제닉,,19730,16.3,4.5,17.2,-55.3,26.7,-8.9,-32.3,-3.8,-19.1,-26.8,-17.5,0.72,44100,15570,0,False,False,False,170895,212067,30.6,34.2,52.0,0.81,0,False,False,False,False,-,83.1,22.6,-20.9,67.7,-146.8,True,8,강세,-1,0,-1,0,19.6,-0.7,1504.56,,2.14,344.0,344.0,344.0,10,10,1.0,91.1,90.1
446840,지슨,,1240,25.5,34.7,29.1,-46.8,12.1,0.5,-12.9,-20.8,-6.8,-8.0,-25.3,1.11,2330,1106,5,False,True,False,170316,218670,3.0,2.0,3.0,0.78,7,False,True,False,True,5일선회복/거래량동반양봉,64.1,0.1,1.8,-0.9,0.8,True,15,강세,-1,0,-1,0,19.6,-0.7,1504.56,,2.14,344.0,344.0,344.0,10,10,1.0,91.1,90.1
290740,액트로,,15150,32.0,14.9,16.7,-53.7,215.6,-4.9,-22.1,-40.7,-11.6,-17.1,13.4,0.53,32700,4800,5,False,True,False,91718,179495,13.8,13.9,31.6,0.51,3,False,False,True,False,+3%반등,75.1,6.4,-1.5,39.1,-53.4,True,8,강세,-1,0,-1,0,19.6,-0.7,1504.56,,2.14,344.0,344.0,344.0,10,10,1.0,91.1,90.1
463020,뉴엔AI,,10490,18.9,9.7,16.7,-78.6,5.9,-9.1,-29.4,-36.2,-18.0,-19.9,-43.1,0.3,48950,9910,0,False,False,False,56594,119219,3.8,5.9,16.4,0.47,0,False,False,False,False,-,83.0,0.5,-0.7,-3.3,-1.4,True,8,강세,-1,0,-1,0,19.6,-0.7,1504.56,,2.14,344.0,344.0,344.0,10,10,1.0,91.0,90.0
024060,흥구석유,,13300,20.0,2.4,11.1,-63.3,27.9,-9.5,-24.9,-30.1,-14.3,-27.0,-10.0,0.31,36200,10400,0,False,False,False,711478,2616129,102.8,98.6,426.2,0.27,0,False,False,False,False,-,83.0,61.3,0.0,90.3,0.6,True,8,강세,-1,0,-1,0,19.6,-0.7,1504.56,,2.14,344.0,344.0,344.0,10,10,1.0,91.0,90.0
196700,웹스,,1567,26.6,3.1,17.5,-55.1,25.4,-4.7,-26.1,-43.6,-14.9,-20.8,-13.8,0.63,3490,1250,10,False,True,True,80893,138252,1.4,1.3,2.6,0.59,0,False,False,False,False,-,81.0,-0.2,-0.0,0.5,0.2,True,0,강세,-1,0,-1,0,19.6,-0.7,1504.56,,2.14,344.0,344.0,344.0,10,10,1.0,91.0,90.0
001810,무림SP,,1356,13.0,1.4,14.2,-41.6,2.7,-3.6,-23.8,-6.5,-11.7,-13.7,-10.6,0.47,2320,1320,5,False,True,False,41035,104818,0.6,0.6,1.7,0.39,0,False,False,False,False,-,77.9,0.3,0.0,0.9,-0.0,True,8,강세,-1,0,-1,0,19.6,-0.7,1504.56,,2.14,344.0,344.0,344.0,10,10,1.0,90.9,89.9
307750,국전,,3110,21.2,13.8,20.9,-48.2,4.9,-0.5,-19.8,-1.3,-12.2,-21.8,-16.6,0.54,6000,2965,5,False,True,False,273376,393075,6.5,8.4,14.3,0.7,3,False,True,False,False,5일선회복,74.9,-2.8,0.5,-14.1,0.7,True,8,강세,-1,0,-1,0,19.6,-0.7,1504.56,,2.14,344.0,344.0,344.0,10,10,1.0,90.9,89.9
090470,제이스로보틱스,,6520,18.1,18.6,23.7,-35.4,119.9,2.2,-28.7,-0.9,-16.7,-22.6,17.8,0.63,10100,2965,5,False,True,False,67973,110992,4.6,4.3,8.8,0.61,6,False,True,True,False,5일선회복/+3%반등,71.9,-1.3,0.3,4.7,0.4,True,8,강세,-1,0,-1,0,19.6,-0.7,1504.56,,2.14,344.0,344.0,344.0,10,10,1.0,90.9,89.9
038460,바이오스마트,,3585,19.6,15.1,28.0,-48.3,36.3,0.3,-16.1,-31.3,-8.8,-13.9,-2.8,0.52,6930,2630,10,False,True,True,245169,470711,8.9,8.9,19.2,0.52,3,False,False,True,False,+3%반등,69.9,0.1,0.0,3.1,0.0,True,8,강세,-1,0,-1,0,19.6,-0.7,1504.56,,2.14,344.0,344.0,344.0,10,10,1.0,90.9,89.9
464580,닷밀,,1802,19.4,8.5,12.0,-57.0,2.3,-4.1,-15.4,-29.2,-9.7,-12.3,-25.8,0.82,4190,1761,5,False,True,False,37525,55473,0.8,0.7,1.1,0.68,0,False,False,False,False,-,77.9,0.1,0.0,-1.7,-0.0,True,8,강세,-1,0,-1,0,19.6,-0.7,1504.56,,2.14,344.0,344.0,344.0,10,10,1.0,90.9,89.9
085660,차바이오텍,,14270,27.7,37.4,27.1,-40.4,47.3,-0.3,-17.4,-33.3,-8.5,-17.0,-4.3,1.16,23950,9690,5,False,True,False,481510,436774,73.0,66.9,67.6,1.1,6,False,True,True,False,5일선회복/+3%반등,64.8,15.6,6.4,135.8,-115.4,True,15,강세,-1,0,-1,0,19.6,-0.7,1504.56,,2.14,344.0,344.0,344.0,10,10,1.0,90.8,89.8
056090,시지메드텍,,1644,32.6,34.8,31.2,-53.8,84.7,1.9,-20.4,-28.7,-6.9,-21.6,8.2,1.2,3555,890,5,False,True,False,1352311,1309959,26.0,22.1,23.4,1.03,6,False,True,True,False,5일선회복/+3%반등,64.8,0.4,0.8,14.3,5.4,True,15,강세,-1,0,-1,0,19.6,-0.7,1504.56,,2.14,344.0,344.0,344.0,10,10,1.0,90.8,89.8
397810,애드포러스,,5470,24.7,30.1,28.5,-69.3,10.5,1.5,-16.5,-22.3,-8.3,-11.5,,0.47,17800,4950,10,False,True,True,9130,91545,0.6,0.5,6.1,0.1,6,False,True,True,False,5일선회복/+3%반등,66.8,0.2,-0.0,-0.8,0.0,True,8,강세,-1,0,-1,0,19.6,-0.7,1504.56,,2.14,344.0,344.0,344.0,10,10,1.0,90.8,89.8
214260,라파스,,7890,31.8,14.9,18.6,-62.7,3.8,-0.6,-17.8,-31.7,-10.0,-16.7,-35.8,1.05,21150,7600,10,False,True,True,32356,39683,3.3,2.6,3.5,0.82,0,False,False,False,False,-,72.8,1.6,-0.0,-1.6,-0.0,True,8,강세,-1,0,-1,0,19.6,-0.7,1504.56,,2.14,344.0,344.0,344.0,10,10,1.0,90.8,89.8
443670,에스피소프트,,4705,21.3,23.2,20.6,-47.3,19.1,-2.3,-24.8,-16.9,-12.2,-7.4,-15.9,0.67,8920,3950,5,False,True,False,202371,345093,8.9,9.3,19.6,0.59,3,False,True,False,False,5일선회복,74.8,0.6,0.0,0.9,0.0,True,8,강세,-1,0,-1,0,19.6,-0.7,1504.56,,2.14,344.0,344.0,344.0,10,10,1.0,90.8,89.8
0015G0,그린광학,,26750,30.1,32.8,29.1,-51.4,92.9,-2.2,-25.4,-29.9,-10.9,-15.3,,1.15,55000,13870,5,False,True,False,354181,330854,98.5,90.2,100.6,1.07,6,False,True,True,False,5일선회복/+3%반등,71.7,10.1,-19.5,72.7,-49.4,True,8,강세,-1,0,-1,0,19.6,-0.7,1504.56,,2.14,344.0,344.0,344.0,10,10,1.0,90.7,89.7
353190,휴럼,,2730,23.8,22.3,19.1,-35.5,7.9,1.7,-14.7,-17.6,-9.6,-13.6,-21.5,1.78,4230,2530,10,True,True,False,48791,33898,1.7,1.3,1.0,1.44,3,False,False,True,False,+3%반등,69.7,0.9,-0.0,1.2,-0.5,True,8,강세,-1,0,-1,0,19.6,-0.7,1504.56,,2.14,344.0,344.0,344.0,10,10,1.0,90.7,89.7
079810,APS이노베이션,,5020,22.9,17.3,24.3,-40.5,31.2,-2.9,-35.6,-2.1,-14.7,-8.4,-11.6,0.62,8440,3825,5,False,True,False,232638,411625,12.6,11.5,25.2,0.57,3,False,True,False,False,5일선회복,74.7,3.7,-0.5,-12.9,-0.8,True,8,강세,-1,0,-1,0,19.6,-0.7,1504.56,,2.14,344.0,344.0,344.0,10,10,1.0,90.7,89.7
079960,동양이엔피,,24150,15.6,9.4,16.7,-36.5,19.6,-5.1,-23.5,-30.6,-21.9,-18.8,-8.4,0.73,38050,20200,5,False,True,False,70907,92695,16.7,17.0,28.1,0.76,3,False,True,False,False,5일선회복,74.7,1.0,-3.9,9.6,-4.4,True,8,강세,-1,0,-1,0,19.6,-0.7,1504.56,,2.14,344.0,344.0,344.0,10,10,1.0,90.7,89.7
065500,오리엔트정공,,1807,26.6,18.4,23.2,-82.4,4.8,-0.5,-17.9,-34.9,-8.1,-13.3,-28.6,0.84,10240,1724,10,False,True,True,218663,300951,4.7,3.9,5.9,0.73,0,False,False,False,False,-,72.6,1.1,-0.0,-11.2,-0.0,True,8,강세,-1,0,-1,0,19.6,-0.7,1504.56,,2.14,344.0,344.0,344.0,10,10,1.0,90.6,89.6
037230,한국팩키지,,1954,10.2,5.1,8.9,-49.2,17.6,-6.1,-22.5,3.2,-12.2,-16.6,-5.1,0.56,3850,1661,0,False,False,False,98670,363098,3.0,2.0,8.7,0.27,0,False,False,False,False,-,82.4,0.2,-0.1,11.0,-0.5,True,8,강세,-1,0,-1,0,19.6,-0.7,1504.56,,2.14,344.0,344.0,344.0,10,10,1.0,90.4,89.4
363250,진시스템,,4180,23.0,17.0,11.9,-59.2,20.1,-7.6,-27.6,-18.0,-15.8,-27.3,-21.2,0.85,10240,3480,0,False,False,False,36363,40271,1.5,1.6,2.0,0.9,0,False,False,False,False,-,82.3,0.3,0.0,-1.7,-0.1,True,8,강세,-1,0,-1,0,19.6,-0.7,1504.56,,2.14,344.0,344.0,344.0,10,10,1.0,90.3,89.3
352700,씨앤투스,,1810,5.6,1.5,16.3,-40.7,0.2,-2.0,-15.6,-17.4,-8.0,-9.6,-21.3,1.95,3050,1806,5,False,True,False,47258,39332,1.4,0.9,0.8,1.2,0,False,False,False,False,-,77.3,-0.0,0.1,-1.0,-0.1,True,8,강세,-1,0,-1,0,19.6,-0.7,1504.56,,2.14,344.0,344.0,344.0,10,10,1.0,90.3,89.3
373170,엠아이큐브솔루션,,2420,21.9,18.2,16.7,-58.4,17.6,-2.6,-21.9,-40.9,-14.8,-13.2,-11.8,0.48,5820,2058,10,False,True,True,42897,90254,0.9,1.1,2.7,0.48,3,False,False,True,False,+3%반등,77.2,-0.4,-0.0,0.5,0.0,True,0,강세,-1,0,-1,0,19.6,-0.7,1504.56,,2.14,344.0,344.0,344.0,10,10,1.0,90.2,89.2
073190,듀오백,,1009,28.0,26.0,23.5,-65.0,10.5,-3.9,-25.3,-26.4,-11.7,-16.0,-36.4,0.64,2880,913,5,False,True,False,54039,49561,0.3,0.5,0.5,1.09,3,False,False,True,False,+3%반등,74.2,0.3,0.0,0.8,0.0,True,8,강세,-1,0,-1,0,19.6,-0.7,1504.56,,2.14,344.0,344.0,344.0,10,10,1.0,90.2,89.2
024740,한일단조,,2815,18.3,11.3,18.6,-41.4,40.8,-5.4,-26.9,11.9,-12.8,-12.9,12.3,0.63,4800,2000,5,False,True,False,261885,619119,10.0,7.4,21.2,0.42,0,False,False,False,False,-,77.2,0.8,-0.0,13.3,0.0,True,8,강세,-1,0,-1,0,19.6,-0.7,1504.56,,2.14,344.0,344.0,344.0,10,10,1.0,90.2,89.2
464490,쿼드메디슨,,10100,14.7,9.1,20.4,-62.8,3.0,-4.0,-20.8,-42.8,-14.3,-22.9,,0.82,27150,9810,5,False,True,False,79245,124015,10.3,8.0,15.1,0.64,0,False,False,False,False,-,77.2,2.5,-0.2,10.7,-4.2,True,8,강세,-1,0,-1,0,19.6,-0.7,1504.56,,2.14,344.0,344.0,344.0,10,10,1.0,90.2,89.2
466410,사이냅소프트,,10440,25.6,25.6,21.9,-47.3,6.9,-0.7,-12.3,-12.3,-6.0,-7.5,-16.3,2.11,19800,9770,10,False,True,True,31888,28186,6.3,3.3,3.1,1.13,7,False,True,False,True,5일선회복/거래량동반양봉,73.0,-0.1,-0.5,-2.6,-0.8,True,0,강세,-1,0,-1,0,19.6,-0.7,1504.56,,2.14,344.0,344.0,344.0,10,10,1.0,90.0,89.0
073570,리튬포어스,,2770,0.4,2.6,-10.4,-69.1,14.3,-29.9,-32.3,-15.7,-25.9,-14.4,-39.8,0.34,8977,2424,0,False,False,False,257202,505035,4.7,8.1,19.2,0.51,0,False,False,False,False,-,90.0,-0.7,0.0,-2.4,0.0,True,0,강세,-1,0,-1,0,19.6,-0.7,1504.56,,2.14,344.0,344.0,344.0,10,10,1.0,90.0,89.0
462860,더즌,,2960,25.1,21.4,21.8,-56.5,23.3,0.0,-20.9,-32.1,-11.2,-14.4,-28.9,0.52,6800,2400,5,False,True,False,235662,388090,5.9,6.9,13.2,0.61,3,False,True,False,False,5일선회복,73.9,2.5,0.0,-7.1,-0.8,True,8,강세,-1,0,-1,0,19.6,-0.7,1504.56,,2.14,344.0,344.0,344.0,10,10,1.0,89.9,88.9
285800,진영,,1449,7.7,12.4,21.3,-51.1,17.8,-6.0,-30.7,-0.7,-17.5,-22.3,-19.9,0.82,2965,1230,5,False,True,False,176341,993567,8.4,2.6,20.2,0.18,4,False,False,False,True,거래량동반양봉,80.9,-0.9,0.0,0.3,0.0,True,0,강세,-1,0,-1,0,19.6,-0.7,1504.56,,2.14,344.0,344.0,344.0,10,10,1.0,89.9,88.9
200350,아티스트스튜디오,,4230,29.0,25.9,30.6,-79.6,14.0,6.8,-30.3,-17.2,-11.7,-13.9,-34.2,1.6,20700,3710,10,True,True,False,151230,83515,5.7,6.8,4.0,1.81,3,False,False,True,False,+3%반등,76.8,-1.1,0.0,-5.1,0.0,True,0,강세,-1,0,-1,0,19.6,-0.7,1504.56,,2.14,344.0,344.0,344.0,10,10,1.0,89.8,88.8
131030,옵투스제약,,6910,15.3,4.9,12.8,-66.7,15.7,-6.6,-29.8,-23.3,-16.2,-33.9,-16.9,0.83,20750,5970,5,False,True,False,111744,146025,7.9,7.9,12.3,0.77,0,False,False,False,False,-,84.8,-2.5,-0.0,9.6,-0.0,True,0,강세,-1,0,-1,0,19.6,-0.7,1504.56,,2.14,344.0,344.0,344.0,10,10,1.0,89.8,88.8
095270,웨이브일렉트로,,5390,9.5,1.4,13.3,-55.6,32.8,-11.6,-46.4,11.5,-29.9,-23.6,-1.6,0.83,12150,4060,5,False,True,False,357387,459752,19.8,20.4,35.7,0.78,0,False,False,False,False,-,84.7,-1.7,-1.2,48.1,-4.7,True,0,강세,-1,0,-1,0,19.6,-0.7,1504.56,,2.14,344.0,344.0,344.0,10,10,1.0,89.7,88.7
086820,바이오솔루션,,8270,4.4,5.1,15.4,-38.5,16.0,-5.8,-25.0,-0.4,-17.1,-25.9,-9.4,0.65,13450,7130,5,False,True,False,127401,215483,11.8,10.8,22.4,0.59,0,False,False,False,False,-,76.7,0.2,-0.8,-6.8,1.1,True,8,강세,-1,0,-1,0,19.6,-0.7,1504.56,,2.14,344.0,344.0,344.0,10,10,1.0,89.7,88.7
297570,알로이스,,1338,30.1,5.9,20.3,-41.6,85.1,-6.0,-26.7,2.8,-13.9,-15.6,13.1,0.13,2290,723,5,False,True,False,52143,441496,0.8,0.7,7.3,0.12,0,False,False,False,False,-,76.7,0.1,-0.0,-2.8,-0.9,True,8,강세,-1,0,-1,0,19.6,-0.7,1504.56,,2.14,344.0,344.0,344.0,10,10,1.0,89.7,88.7
214270,FSN,,1425,1.8,7.8,13.6,-64.0,3.7,-7.7,-30.7,-28.3,-20.2,-30.9,-33.9,0.91,3955,1374,5,False,True,False,262376,286225,3.7,3.8,5.0,0.92,0,False,False,False,False,-,84.6,-0.2,-2.6,-4.7,-2.6,True,0,강세,-1,0,-1,0,19.6,-0.7,1504.56,,2.14,344.0,344.0,344.0,10,10,1.0,89.6,88.6
222080,씨아이에스,,13470,25.5,25.6,26.4,-32.2,115.9,1.4,-20.4,-2.6,-12.1,-2.0,38.8,0.28,19880,6240,5,False,True,False,1659968,5693960,211.7,216.5,954.1,0.29,6,False,True,True,False,5일선회복/+3%반등,63.6,16.9,14.2,-0.0,-110.7,True,15,강세,-1,0,-1,0,19.6,-0.7,1504.56,,2.14,344.0,344.0,344.0,10,10,1.0,89.6,88.6
489460,바이오비쥬,,6670,19.2,25.2,27.0,-74.8,9.2,-0.1,-20.3,-44.0,-10.5,-17.8,-46.9,0.45,26500,6110,5,False,True,False,73379,75782,2.3,4.8,5.7,0.97,6,False,True,True,False,5일선회복/+3%반등,70.6,0.3,0.0,-4.3,-0.5,True,8,강세,-1,0,-1,0,19.6,-0.7,1504.56,,2.14,344.0,344.0,344.0,10,10,1.0,89.6,88.6
378800,샤페론,,1292,9.1,5.1,12.3,-63.5,2.5,-8.6,-28.9,-32.6,-21.4,-23.5,-33.7,0.72,3535,1260,5,False,True,False,693762,900178,8.4,9.2,15.1,0.77,0,False,False,False,False,-,84.5,0.0,0.0,-6.9,0.0,True,0,강세,-1,0,-1,0,19.6,-0.7,1504.56,,2.14,344.0,344.0,344.0,10,10,1.0,89.5,88.5
000250,삼천당제약,,362500,33.2,27.5,18.2,-70.6,184.1,-2.9,-10.0,-43.6,-8.9,-37.3,-1.2,0.6,1233000,127600,5,False,True,False,169293,226281,461.8,609.5,904.2,0.75,6,False,True,True,False,5일선회복/+3%반등,63.5,22.7,53.1,460.3,-232.9,True,15,강세,-1,0,-1,0,19.6,-0.7,1504.56,,2.14,344.0,344.0,344.0,10,10,1.0,89.5,88.5
0011A0,액스비스,,21150,27.8,30.6,26.2,-58.2,19.2,0.7,-21.8,,-11.4,-14.4,,0.33,50600,17750,5,False,True,False,162388,269840,18.3,32.9,66.9,0.6,6,False,True,True,False,5일선회복/+3%반등,70.4,12.2,-4.9,-7.3,-17.8,True,8,강세,-1,0,-1,0,19.6,-0.7,1504.56,,2.14,344.0,344.0,344.0,10,10,1.0,89.4,88.4
119850,지엔씨에너지,,27350,24.2,19.0,15.8,-41.5,11.6,-5.7,-20.7,-30.0,-17.7,-18.0,-19.6,0.4,46750,24500,5,False,True,False,133306,248548,27.6,35.5,85.9,0.54,3,False,True,False,False,5일선회복,73.4,1.4,-13.5,-117.7,114.9,True,8,강세,-1,0,-1,0,19.6,-0.7,1504.56,,2.14,344.0,344.0,344.0,10,10,1.0,89.4,88.4
104040,디에스엠,,2830,26.8,41.0,22.5,-62.3,15.7,-4.2,-17.6,-23.2,-11.2,-14.1,-29.2,2.3,7500,2445,10,True,True,False,79856,29121,1.7,2.2,0.8,2.74,3,False,True,False,False,5일선회복,76.3,-0.0,0.0,-0.8,0.0,True,0,강세,-1,0,-1,0,19.6,-0.7,1504.56,,2.14,344.0,344.0,344.0,10,10,1.0,89.3,88.3
043590,웰킵스하이텍,,1219,24.1,18.5,-6.4,-55.7,9.8,-23.3,-10.6,-20.7,-18.8,-13.1,-9.8,2.22,2754,1110,5,True,False,False,208416,105873,2.9,2.6,1.5,1.97,0,False,False,False,False,-,84.3,-0.9,0.0,0.7,-0.0,True,0,강세,-1,0,-1,0,19.6,-0.7,1504.56,,2.14,344.0,344.0,344.0,10,10,1.0,89.3,88.3
101670,하이드로리튬,,1802,23.8,25.1,24.7,-51.2,41.1,-1.0,-17.7,-16.8,-7.0,-8.8,-19.3,0.26,3695,1277,5,False,True,False,546852,2177393,9.8,9.7,44.6,0.25,6,False,True,True,False,5일선회복/+3%반등,70.2,1.3,-0.0,-9.2,0.0,True,8,강세,-1,0,-1,0,19.6,-0.7,1504.56,,2.14,344.0,344.0,344.0,10,10,1.0,89.2,88.2
095700,제넥신,,4005,22.1,6.8,11.0,-46.5,2.7,-8.2,-30.0,-10.1,-19.2,-20.6,-19.9,0.92,7490,3900,5,False,True,False,368791,428094,15.1,15.0,21.6,0.86,0,False,False,False,False,-,84.2,-14.1,-0.2,-28.0,14.1,True,0,강세,-1,0,-1,0,19.6,-0.7,1504.56,,2.14,344.0,344.0,344.0,10,10,1.0,89.2,88.2
016250,SGC E&C,,13720,20.1,4.8,15.7,-36.9,13.8,-5.2,-24.1,-28.1,-13.4,-17.4,-11.4,1.12,21750,12060,5,False,True,False,8985,11783,1.8,1.2,1.9,0.76,0,False,False,False,False,-,76.1,-0.1,0.1,-2.7,-0.0,True,8,강세,-1,0,-1,0,19.6,-0.7,1504.56,,2.14,344.0,344.0,344.0,10,10,1.0,89.1,88.1
432430,와이랩,,2635,11.2,8.3,13.0,-63.7,3.3,-10.2,-22.5,-25.4,-17.1,-18.1,-36.8,0.76,7260,2550,0,False,False,False,96492,70684,1.5,2.6,2.2,1.37,0,False,False,False,False,-,81.0,0.3,-0.0,-1.0,0.3,True,8,강세,-1,0,-1,0,19.6,-0.7,1504.56,,2.14,344.0,344.0,344.0,10,10,1.0,89.0,88.0
088340,유라클,,10590,23.9,15.9,22.7,-68.6,5.5,-0.8,-28.9,-22.5,-11.3,-12.0,-26.9,0.38,33700,10040,10,False,True,True,51439,93214,3.2,5.4,11.9,0.55,0,False,False,False,False,-,78.9,-1.3,-0.0,-0.4,0.0,True,0,강세,-1,0,-1,0,19.6,-0.7,1504.56,,2.14,344.0,344.0,344.0,10,10,1.0,88.9,87.9
371950,풍원정밀,,8500,34.3,9.4,17.5,-57.4,3.9,-4.8,-22.7,-49.6,-12.8,-25.7,-25.0,0.83,19970,8180,5,False,True,False,60341,89199,6.4,5.1,8.9,0.68,3,False,True,False,False,5일선회복,72.9,1.4,-1.6,-2.4,-13.3,True,8,강세,-1,0,-1,0,19.6,-0.7,1504.56,,2.14,344.0,344.0,344.0,10,10,1.0,88.9,87.9
418470,KT밀리의서재,,10550,15.7,8.1,16.7,-47.2,2.4,-3.1,-23.2,-30.4,-13.2,-17.7,-23.1,0.96,19970,10300,10,False,True,True,78404,85947,9.0,8.4,10.2,0.91,0,False,False,False,False,-,78.8,-5.1,-2.4,7.9,-6.6,True,0,강세,-1,0,-1,0,19.6,-0.7,1504.56,,2.14,344.0,344.0,344.0,10,10,1.0,88.8,87.8
304100,솔트룩스,,19800,32.6,42.2,33.5,-66.4,14.8,5.7,-20.2,-27.5,-7.0,-10.9,-29.2,0.99,58900,17240,5,False,True,False,97582,91899,18.2,18.8,19.5,1.06,6,False,True,True,False,5일선회복/+3%반등,62.8,4.5,0.8,17.3,-26.2,True,15,강세,-1,0,-1,0,19.6,-0.7,1504.56,,2.14,344.0,344.0,344.0,10,10,1.0,88.8,87.8
025980,아난티,,5320,14.8,3.2,13.3,-55.1,1.5,-4.1,-26.1,-39.5,-18.6,-23.3,-34.3,1.21,11850,5240,5,False,True,False,1102030,1402082,92.7,59.8,91.8,0.79,0,False,False,False,False,-,83.8,-2.2,-5.9,-17.7,-74.9,True,0,강세,-1,0,-1,0,19.6,-0.7,1504.56,,2.14,344.0,344.0,344.0,10,10,1.0,88.8,87.8
082270,젬백스,,16920,9.9,11.3,19.4,-76.7,5.1,-7.6,-27.2,-63.8,-18.0,-38.5,-55.5,1.05,72700,16100,0,False,False,False,290247,291658,51.0,49.7,59.9,1.0,0,False,False,False,False,-,80.8,-11.9,1.5,86.3,-75.8,True,8,강세,-1,0,-1,0,19.6,-0.7,1504.56,,2.14,344.0,344.0,344.0,10,10,1.0,88.8,87.8
122350,삼기,,1240,22.2,19.7,20.2,-45.1,10.7,-2.7,-19.9,-29.6,-10.2,-14.3,-13.8,1.06,2260,1120,5,False,True,False,148924,233015,3.0,1.8,3.3,0.64,3,False,True,False,False,5일선회복,72.8,0.1,0.0,1.1,-0.2,True,8,강세,-1,0,-1,0,19.6,-0.7,1504.56,,2.14,344.0,344.0,344.0,10,10,1.0,88.8,87.8
310200,애니플러스,,2435,25.0,17.0,19.7,-62.1,3.6,-1.2,-14.6,-24.6,-7.7,-10.6,-30.9,0.96,6430,2350,5,False,True,False,266371,220024,5.2,6.5,5.8,1.21,3,False,True,False,False,5일선회복,72.7,-0.8,0.2,-5.4,0.6,True,8,강세,-1,0,-1,0,19.6,-0.7,1504.56,,2.14,344.0,344.0,344.0,10,10,1.0,88.7,87.7
261200,덴티스,,3275,34.5,0.6,3.7,-55.1,0.2,-8.9,-17.9,-20.8,-11.5,-15.2,-28.9,0.88,7300,3270,5,True,False,False,103297,72624,2.2,3.5,2.7,1.42,0,False,False,False,False,-,75.7,2.3,0.0,-1.1,0.3,True,8,강세,-1,0,-1,0,19.6,-0.7,1504.56,,2.14,344.0,344.0,344.0,10,10,1.0,88.7,87.7
308430,셀비온,,23650,13.0,6.8,17.6,-44.0,58.2,-8.5,-31.3,-41.1,-21.6,-23.2,-6.0,0.9,42200,14950,0,False,False,False,110606,119278,25.7,26.9,35.9,0.93,0,False,False,False,False,-,80.6,-26.8,7.7,7.1,23.3,True,8,강세,-1,0,-1,0,19.6,-0.7,1504.56,,2.14,344.0,344.0,344.0,10,10,1.0,88.6,87.6
394800,쓰리빌리언,,10030,20.3,25.5,26.9,-50.1,81.7,-1.2,-18.5,-26.7,-12.4,-18.2,-13.1,0.45,20100,5520,5,False,True,False,190225,295393,13.6,18.4,35.6,0.64,6,False,True,True,False,5일선회복/+3%반등,69.6,4.9,-2.8,-112.8,48.1,True,8,강세,-1,0,-1,0,19.6,-0.7,1504.56,,2.14,344.0,344.0,344.0,10,10,1.0,88.6,87.6
137950,제이씨케미칼,,3660,20.9,5.9,10.6,-43.5,19.6,-8.7,-24.8,6.7,-13.4,-17.2,-0.7,0.51,6480,3060,0,False,False,False,228678,462869,7.4,8.5,20.6,0.49,0,False,False,False,False,-,80.6,7.7,0.0,18.3,0.0,True,8,강세,-1,0,-1,0,19.6,-0.7,1504.56,,2.14,344.0,344.0,344.0,10,10,1.0,88.6,87.6
370090,퓨런티어,,11870,30.2,21.6,18.8,-41.8,14.1,-1.8,-17.1,-13.5,-11.3,-9.2,-13.0,0.53,20400,10400,5,False,True,False,65630,120647,7.5,7.6,16.6,0.54,6,False,True,True,False,5일선회복/+3%반등,69.5,2.5,0.0,11.0,0.0,True,8,강세,-1,0,-1,0,19.6,-0.7,1504.56,,2.14,344.0,344.0,344.0,10,10,1.0,88.5,87.5
450950,아스테라시스,,9540,28.2,30.0,21.3,-45.4,9.4,-3.0,-19.7,-32.4,-9.4,-13.0,-22.5,0.84,17480,8720,5,False,True,False,44110,56117,4.6,4.2,5.9,0.79,6,False,True,True,False,5일선회복/+3%반등,69.5,-1.1,1.5,5.6,3.1,True,8,강세,-1,0,-1,0,19.6,-0.7,1504.56,,2.14,344.0,344.0,344.0,10,10,1.0,88.5,87.5
417860,오브젠,,7500,11.4,10.8,23.3,-77.4,6.1,-3.1,-32.9,-24.8,-21.3,-20.4,-36.6,0.33,33200,7070,5,False,True,False,30580,76500,2.0,2.3,8.3,0.4,3,False,True,False,False,5일선회복,80.5,-1.1,-0.0,-4.6,0.0,True,0,강세,-1,0,-1,0,19.6,-0.7,1504.56,,2.14,344.0,344.0,344.0,10,10,1.0,88.5,87.5
114630,폴라리스우노,,2030,16.3,5.8,12.5,-33.3,1.7,-5.6,-14.2,-24.1,-10.1,-13.7,-17.8,0.36,3045,1997,10,False,True,True,86619,168119,1.3,1.8,3.9,0.52,0,False,False,False,False,-,70.4,0.2,-0.4,-3.5,-1.2,True,8,강세,-1,0,-1,0,19.6,-0.7,1504.56,,2.14,344.0,344.0,344.0,10,10,1.0,88.4,87.4
263750,펄어비스,,45150,14.6,6.3,17.9,-41.7,55.7,-1.4,-21.8,-14.2,-13.6,-18.4,3.0,0.82,77400,29000,5,False,True,False,631782,827791,306.8,289.5,432.7,0.76,0,False,False,False,False,-,75.4,160.8,-30.4,202.4,-242.3,True,8,강세,-1,0,-1,0,19.6,-0.7,1504.56,,2.14,344.0,344.0,344.0,10,10,1.0,88.4,87.4
039560,다산네트웍스,,4240,29.6,17.9,14.6,-29.9,60.6,-3.4,-18.5,3.9,-11.0,-14.0,14.3,0.63,6050,2640,5,False,True,False,447265,803893,21.0,19.0,39.2,0.56,0,False,False,False,False,-,68.4,2.9,0.2,17.2,-5.9,True,15,강세,-1,0,-1,0,19.6,-0.7,1504.56,,2.14,344.0,344.0,344.0,10,10,1.0,88.4,87.4
041920,메디아나,,17100,16.8,30.2,26.8,-42.2,252.6,5.9,-16.4,-33.1,-8.8,-11.8,39.1,0.84,29600,4850,10,False,True,True,114737,135989,19.6,19.0,25.9,0.84,6,False,True,True,False,5일선회복/+3%반등,64.4,5.8,-0.1,60.9,-3.5,True,8,강세,-1,0,-1,0,19.6,-0.7,1504.56,,2.14,344.0,344.0,344.0,10,10,1.0,88.4,87.4
351870,차이커뮤니케이션,,3275,16.5,10.8,12.3,-66.8,3.5,-5.1,-20.7,-28.6,-14.6,-16.9,-35.1,0.95,9870,3165,5,False,True,False,15270,11454,0.4,0.5,0.4,1.33,3,False,True,False,False,5일선회복,80.2,-0.3,0.0,-0.4,0.0,True,0,강세,-1,0,-1,0,19.6,-0.7,1504.56,,2.14,344.0,344.0,344.0,10,10,1.0,88.2,87.2
439580,블루엠텍,,2580,19.4,13.0,19.2,-69.2,4.2,-2.8,-23.0,-42.1,-13.0,-20.3,-43.0,0.46,8390,2475,10,True,True,False,1203540,456995,5.6,32.5,13.0,2.63,0,False,False,False,False,-,78.1,-9.8,-0.0,-11.3,0.0,True,0,강세,-1,0,-1,0,19.6,-0.7,1504.56,,2.14,344.0,344.0,344.0,10,10,1.0,88.1,87.1
039310,세중,,1340,24.6,14.9,20.3,-53.8,9.8,-9.5,-19.0,-1.0,-13.1,-22.5,-10.6,1.37,2900,1220,0,False,False,False,127516,228562,4.2,1.8,3.7,0.56,3,False,False,True,False,+3%반등,77.0,0.5,0.0,0.6,0.0,True,8,강세,-1,0,-1,0,19.6,-0.7,1504.56,,2.14,344.0,344.0,344.0,10,10,1.0,88.0,87.0
413630,씨피시스템,,3295,27.6,27.1,25.7,-46.8,172.3,0.8,-19.6,-29.0,-9.7,-11.6,-9.5,0.36,6190,1210,5,False,True,False,178676,456883,5.5,5.7,17.3,0.39,6,False,True,True,False,5일선회복/+3%반등,69.0,3.2,0.0,-3.5,0.1,True,8,강세,-1,0,-1,0,19.6,-0.7,1504.56,,2.14,344.0,344.0,344.0,10,10,1.0,88.0,87.0
352480,씨앤씨인터내셔널,,22700,26.6,30.8,29.9,-54.2,13.8,1.8,-18.5,-28.2,-11.5,-13.6,-32.6,1.34,49550,19940,5,False,True,False,43625,35558,11.0,9.2,9.1,1.23,6,False,True,True,False,5일선회복/+3%반등,69.0,0.4,-0.4,-20.4,-15.6,True,8,강세,-1,0,-1,0,19.6,-0.7,1504.56,,2.14,344.0,344.0,344.0,10,10,1.0,88.0,87.0
039200,오스코텍,,42200,30.9,30.0,24.0,-36.1,64.2,3.6,-17.1,-22.3,-11.2,-17.2,-10.2,0.67,66000,25700,5,False,True,False,184063,256789,72.8,75.3,122.8,0.72,6,False,True,True,False,5일선회복/+3%반등,62.0,16.4,14.7,-134.7,-0.4,True,15,강세,-1,0,-1,0,19.6,-0.7,1504.56,,2.14,344.0,344.0,344.0,10,10,1.0,88.0,87.0
096240,크레버스,,9630,27.8,7.1,5.8,-34.6,1.9,-7.8,-10.2,-9.3,-7.1,-9.8,-20.1,1.68,14730,9450,5,True,False,False,76337,49176,8.2,7.5,5.0,1.55,0,False,False,False,False,-,75.0,1.3,-19.9,-6.1,-21.2,True,8,강세,-1,0,-1,0,19.6,-0.7,1504.56,,2.14,344.0,344.0,344.0,10,10,1.0,88.0,87.0
047560,이스트소프트,,12300,28.6,38.0,27.9,-51.7,13.9,0.5,-18.5,-27.6,-8.1,-9.4,-30.3,1.17,25450,10800,5,False,True,False,50950,57927,8.4,6.1,7.9,0.88,6,False,True,True,False,5일선회복/+3%반등,68.9,4.0,-0.1,8.3,-0.3,True,8,강세,-1,0,-1,0,19.6,-0.7,1504.56,,2.14,344.0,344.0,344.0,10,10,1.0,87.9,86.9
014970,삼륭물산,,5980,14.2,3.9,13.6,-52.9,11.4,-7.1,-20.7,-14.7,-11.4,-20.1,-18.9,0.73,12700,5370,0,False,False,False,39823,84833,3.3,2.4,5.9,0.47,0,False,False,False,False,-,79.9,0.9,0.0,9.0,0.0,True,8,강세,-1,0,-1,0,19.6,-0.7,1504.56,,2.14,344.0,344.0,344.0,10,10,1.0,87.9,86.9
318060,그래피,,26300,29.1,19.9,26.6,-61.9,220.3,-6.1,-33.5,-52.6,-14.4,-29.5,,0.5,69000,8210,0,False,False,False,115621,237039,30.2,30.7,76.2,0.49,3,False,False,True,False,+3%반등,76.9,5.3,-1.6,79.6,-36.2,True,8,강세,-1,0,-1,0,19.6,-0.7,1504.56,,2.14,344.0,344.0,344.0,10,10,1.0,87.9,86.9
476080,M83,,5530,22.0,7.6,17.8,-65.8,2.4,-3.5,-20.1,-31.8,-13.2,-15.0,-41.4,0.96,16150,5400,10,False,True,True,30222,40708,2.2,1.7,2.6,0.74,0,False,False,False,False,-,77.9,-0.4,-0.0,-3.3,0.0,True,0,강세,-1,0,-1,0,19.6,-0.7,1504.56,,2.14,344.0,344.0,344.0,10,10,1.0,87.9,86.9
289930,웨이비스,,14380,6.4,14.7,23.1,-41.7,93.0,1.3,-26.5,-25.6,-20.6,-22.7,16.6,1.46,24650,7450,5,False,True,False,275575,427996,92.0,39.2,82.6,0.64,6,False,True,True,False,5일선회복/+3%반등,76.8,-21.3,-9.1,-15.3,-42.5,True,0,강세,-1,0,-1,0,19.6,-0.7,1504.56,,2.14,344.0,344.0,344.0,10,10,1.0,87.8,86.8
050110,캠시스,,1620,29.8,13.3,16.9,-72.6,5.5,-5.4,-24.7,-38.9,-9.2,-15.4,-44.9,0.27,5922,1535,5,False,True,False,380631,1258473,5.7,6.1,23.0,0.3,3,False,True,False,False,5일선회복,79.8,-2.3,0.0,16.5,-35.5,True,0,강세,-1,0,-1,0,19.6,-0.7,1504.56,,2.14,344.0,344.0,344.0,10,10,1.0,87.8,86.8
263720,디앤씨미디어,,10050,15.8,2.4,10.6,-49.8,0.5,-5.9,-16.5,-20.2,-11.2,-13.5,-24.4,1.17,20000,10000,0,False,False,False,23030,27340,3.3,2.4,3.1,0.84,0,False,False,False,False,-,79.8,-0.4,0.2,-1.5,1.4,True,8,강세,-1,0,-1,0,19.6,-0.7,1504.56,,2.14,344.0,344.0,344.0,10,10,1.0,87.8,86.8
223310,사토시홀딩스,,8900,36.7,7.7,3.0,-74.6,43.0,-16.5,-21.8,-2.2,-19.8,-7.2,-25.5,0.61,35015,6222,5,True,False,False,650494,253018,14.4,66.6,26.7,2.57,0,False,False,False,False,-,74.7,0.1,-0.0,-0.7,-2.4,True,8,강세,-1,0,-1,0,19.6,-0.7,1504.56,,2.14,344.0,344.0,344.0,10,10,1.0,87.7,86.7
112040,위메이드,,19940,21.3,10.8,20.5,-54.2,3.2,-1.3,-16.2,-28.5,-9.6,-8.6,-23.8,0.88,43500,19320,5,False,True,False,150818,190704,33.3,30.2,43.2,0.79,0,False,False,False,False,-,74.7,0.8,-3.7,105.3,-46.1,True,8,강세,-1,0,-1,0,19.6,-0.7,1504.56,,2.14,344.0,344.0,344.0,10,10,1.0,87.7,86.7
376980,원티드랩,,2975,6.8,0.4,9.7,-60.6,0.2,-9.4,-22.9,-18.3,-17.8,-15.8,-21.1,0.13,7560,2970,5,False,True,False,65563,501725,2.0,2.0,20.0,0.13,0,False,False,False,False,-,82.6,-2.0,0.0,1.0,1.1,True,0,강세,-1,0,-1,0,19.6,-0.7,1504.56,,2.14,344.0,344.0,344.0,10,10,1.0,87.6,86.6
204620,글로벌텍스프리,,4600,29.1,4.7,-8.5,-41.3,15.3,-20.4,-11.9,-12.9,-18.3,-11.0,-10.9,1.4,7830,3990,0,False,False,False,1758778,2025968,134.9,86.3,114.3,0.87,0,False,False,False,False,-,79.5,86.8,-121.7,9.4,93.0,True,8,강세,-1,0,-1,0,19.6,-0.7,1504.56,,2.14,344.0,344.0,344.0,10,10,1.0,87.5,86.5
208860,다산디엠씨,,1104,30.6,26.9,21.7,-60.6,inf,-6.7,-17.9,-35.6,-9.3,-14.6,-27.0,1.27,2800,0,5,False,False,True,39231,62685,0.9,0.4,0.8,0.63,3,False,False,True,False,+3%반등,71.5,0.2,0.0,-0.8,-0.0,True,8,강세,-1,0,-1,0,19.6,-0.7,1504.56,,2.14,344.0,344.0,344.0,10,10,1.0,87.5,86.5
038110,에코플라스틱,,2865,15.7,13.6,20.2,-44.7,8.5,-4.2,-21.1,-16.7,-11.9,-17.9,-13.7,0.29,5180,2640,5,False,True,False,475532,1960709,12.6,13.6,69.0,0.24,0,False,False,False,False,-,74.5,4.6,-0.0,15.3,1.0,True,8,강세,-1,0,-1,0,19.6,-0.7,1504.56,,2.14,344.0,344.0,344.0,10,10,1.0,87.5,86.5
321550,티움바이오,,7560,21.9,7.4,3.3,-44.8,71.8,-16.0,-18.1,22.9,-27.5,-26.7,6.7,1.35,13700,4400,5,False,False,True,713208,630826,62.0,57.4,65.5,1.13,0,False,False,False,False,-,82.4,-38.5,-1.8,-61.7,5.9,True,0,강세,-1,0,-1,0,19.6,-0.7,1504.56,,2.14,344.0,344.0,344.0,10,10,1.0,87.4,86.4
038620,위즈코프,,2020,21.6,13.3,31.2,-47.7,6.0,0.0,-19.7,-29.6,-8.7,-19.9,-28.4,1.36,3860,1905,5,False,True,False,83207,79477,2.3,1.6,1.7,1.05,10,False,True,True,True,5일선회복/+3%반등/거래량동반양봉,72.4,-0.5,0.0,-2.6,-0.9,True,0,강세,-1,0,-1,0,19.6,-0.7,1504.56,,2.14,344.0,344.0,344.0,10,10,1.0,87.4,86.4
253450,스튜디오드래곤,,27550,22.8,6.2,16.7,-51.7,1.8,-6.6,-22.1,-41.5,-12.8,-20.2,-33.8,0.92,57000,27050,0,False,False,False,105368,91510,23.7,29.3,28.4,1.15,0,False,False,False,False,-,79.4,12.5,-30.7,-16.2,-153.5,True,8,강세,-1,0,-1,0,19.6,-0.7,1504.56,,2.14,344.0,344.0,344.0,10,10,1.0,87.4,86.4
001000,신라섬유,,1410,28.2,19.8,26.3,-54.3,4.3,-3.0,-28.8,-43.5,-9.8,-21.5,-31.8,0.22,3085,1352,0,False,False,False,28655,78867,0.2,0.4,1.3,0.36,3,False,True,False,False,5일선회복,76.4,0.2,-0.0,0.4,-0.0,True,8,강세,-1,0,-1,0,19.6,-0.7,1504.56,,2.14,344.0,344.0,344.0,10,10,1.0,87.4,86.4
086710,선진뷰티사이언스,,8700,25.7,2.2,9.8,-40.7,5.1,-7.2,-14.1,-12.7,-14.4,-12.4,-13.0,0.47,14660,8280,5,False,True,False,66881,117300,5.0,6.0,12.4,0.57,0,False,False,False,False,-,74.4,3.5,-4.1,-1.2,4.9,True,8,강세,-1,0,-1,0,19.6,-0.7,1504.56,,2.14,344.0,344.0,344.0,10,10,1.0,87.4,86.4
468530,프로티나,,46700,29.9,44.1,30.8,-61.1,244.4,4.6,-21.5,-30.7,-10.0,-24.6,-23.9,0.69,120100,13560,5,False,True,False,74916,83654,26.4,33.3,44.5,0.9,6,False,True,True,False,5일선회복/+3%반등,68.4,34.9,-14.6,47.0,-36.9,True,8,강세,-1,0,-1,0,19.6,-0.7,1504.56,,2.14,344.0,344.0,344.0,10,10,1.0,87.4,86.4
065350,신성델타테크,,48300,29.6,31.2,28.4,-46.3,10.0,4.1,-20.2,-36.8,-8.5,-14.5,-19.4,1.23,90000,43900,5,False,True,False,202214,156129,94.4,95.3,80.8,1.3,6,False,True,True,False,5일선회복/+3%반등,68.4,17.5,-3.3,46.7,-116.5,True,8,강세,-1,0,-1,0,19.6,-0.7,1504.56,,2.14,344.0,344.0,344.0,10,10,1.0,87.4,86.4
475660,에스켐,,4320,26.3,2.1,-1.7,-49.2,0.5,-7.7,-22.3,-27.2,-12.4,-17.8,-26.4,1.32,8500,4300,0,False,False,False,22013,24865,1.4,1.0,1.2,0.89,0,False,False,False,False,-,87.4,-0.3,-0.0,-1.4,-0.1,True,0,강세,-1,0,-1,0,19.6,-0.7,1504.56,,2.14,344.0,344.0,344.0,10,10,1.0,87.4,86.4
148930,에이치와이티씨,,2805,24.6,3.2,14.5,-32.4,5.1,-1.4,-13.7,-9.2,-7.8,-6.1,-14.3,1.05,4150,2670,10,False,True,True,21790,31129,0.9,0.6,1.0,0.7,0,False,False,False,False,-,69.3,0.2,0.0,0.2,0.0,True,8,강세,-1,0,-1,0,19.6,-0.7,1504.56,,2.14,344.0,344.0,344.0,10,10,1.0,87.3,86.3
334970,프레스티지바이오로직스,,2005,34.2,32.4,28.3,-61.6,6.4,-0.7,-19.5,-29.8,-6.8,-13.6,-32.5,1.44,5220,1885,5,False,True,False,140276,120273,3.6,2.8,2.6,1.17,3,False,True,False,False,5일선회복,64.3,0.6,0.3,0.2,0.5,True,15,강세,-1,0,-1,0,19.6,-0.7,1504.56,,2.14,344.0,344.0,344.0,10,10,1.0,87.3,86.3
226400,오스테오닉,,5640,29.2,28.8,24.1,-31.1,8.0,-1.7,-16.4,-16.2,-8.2,-12.6,-15.6,0.91,8190,5220,5,False,True,False,287470,277272,14.7,16.0,16.5,1.04,6,False,True,True,False,5일선회복/+3%반등,61.3,3.7,6.0,18.4,6.9,True,15,강세,-1,0,-1,0,19.6,-0.7,1504.56,,2.14,344.0,344.0,344.0,10,10,1.0,87.3,86.3
085810,알티캐스트,,1780,19.7,12.0,18.3,-60.1,4.5,-3.5,-30.7,-47.6,-16.9,-27.0,-43.4,0.52,4457,1703,5,False,True,False,34174,67308,0.7,0.6,1.5,0.51,0,False,False,False,False,-,82.2,-0.5,0.0,-2.3,0.4,True,0,강세,-1,0,-1,0,19.6,-0.7,1504.56,,2.14,344.0,344.0,344.0,10,10,1.0,87.2,86.2
122870,와이지엔터테인먼트,,47100,27.3,10.6,18.5,-57.1,1.6,-2.0,-13.6,-35.7,-6.9,-11.4,-35.7,0.96,109800,46350,5,False,False,True,116027,115769,53.2,55.3,58.3,1.0,0,False,False,False,False,-,74.2,-14.0,4.6,-18.1,-134.3,True,8,강세,-1,0,-1,0,19.6,-0.7,1504.56,,2.14,344.0,344.0,344.0,10,10,1.0,87.2,86.2
049480,오픈베이스,,2705,16.6,19.5,27.7,-35.5,40.4,0.7,-24.9,16.1,-10.1,2.4,9.8,0.65,4195,1926,5,False,True,False,722346,1638489,28.8,19.2,52.7,0.44,6,False,True,True,False,5일선회복/+3%반등,68.2,0.2,-0.2,32.4,0.0,True,8,강세,-1,0,-1,0,19.6,-0.7,1504.56,,2.14,344.0,344.0,344.0,10,10,1.0,87.2,86.2
347000,센코,,2050,25.0,6.1,12.7,-33.4,2.5,-4.0,-11.6,-13.5,-10.1,-8.5,-8.7,0.36,3080,2000,10,False,True,True,168675,383694,2.9,3.5,9.0,0.44,0,False,False,False,False,-,69.1,-1.9,0.1,-10.1,1.2,True,8,강세,-1,0,-1,0,19.6,-0.7,1504.56,,2.14,344.0,344.0,344.0,10,10,1.0,87.1,86.1
950140,잉글우드랩,,10050,23.1,6.5,12.0,-40.6,3.1,-6.1,-15.3,-23.2,-11.9,-15.2,-19.4,0.74,16910,9750,5,False,True,False,40378,71349,5.5,4.1,8.4,0.57,0,False,False,False,False,-,74.1,0.5,-0.0,-16.4,0.9,True,8,강세,-1,0,-1,0,19.6,-0.7,1504.56,,2.14,344.0,344.0,344.0,10,10,1.0,87.1,86.1
060560,HC홈센타,,2665,19.8,10.9,14.6,-40.0,4.3,-13.1,-35.2,-24.8,-20.2,-27.3,-26.0,2.41,4440,2555,0,False,False,False,48957,51368,3.5,1.4,1.7,0.95,0,False,False,False,False,-,87.0,-0.2,-0.0,-1.2,-2.6,True,0,강세,-1,0,-1,0,19.6,-0.7,1504.56,,2.14,344.0,344.0,344.0,10,10,1.0,87.0,86.0
030960,양지사,,5700,25.0,4.0,6.6,-42.0,0.9,-6.9,-19.7,-35.4,-11.7,-15.1,-28.1,0.6,9820,5650,0,False,False,False,34037,30496,1.1,2.0,2.0,1.12,0,False,False,False,False,-,79.0,1.8,0.0,1.3,0.0,True,8,강세,-1,0,-1,0,19.6,-0.7,1504.56,,2.14,344.0,344.0,344.0,10,10,1.0,87.0,86.0
0013V0,삼진식품,,6370,28.9,14.4,21.4,-75.1,4.8,-3.2,-15.4,-44.5,-7.9,-14.5,,0.33,25600,6080,0,False,False,False,83850,204658,4.4,5.3,13.8,0.41,6,False,True,True,False,5일선회복/+3%반등,73.0,5.1,-2.7,-6.4,-10.3,True,8,강세,-1,0,-1,0,19.6,-0.7,1504.56,,2.14,344.0,344.0,344.0,10,10,1.0,87.0,86.0
110020,전진바이오팜,,1990,24.6,30.2,25.2,-55.6,13.7,-0.2,-16.0,-11.9,-7.9,-12.4,-24.0,0.75,4480,1750,5,False,True,False,21359,32834,0.5,0.4,0.7,0.65,6,False,True,True,False,5일선회복/+3%반등,67.9,0.1,-0.0,-0.2,0.0,True,8,강세,-1,0,-1,0,19.6,-0.7,1504.56,,2.14,344.0,344.0,344.0,10,10,1.0,86.9,85.9
079170,한창산업,,6040,24.7,15.3,17.4,-30.5,2.9,0.5,-10.4,-5.6,-5.7,-6.8,-11.2,1.15,8690,5870,10,False,True,True,18248,23194,1.6,1.1,1.5,0.79,4,False,False,False,True,거래량동반양봉,64.9,0.5,-0.1,-1.8,0.2,True,8,강세,-1,0,-1,0,19.6,-0.7,1504.56,,2.14,344.0,344.0,344.0,10,10,1.0,86.9,85.9
270660,에브리봇,,16030,24.0,20.7,16.3,-49.7,8.6,-5.1,-10.5,-32.2,-9.5,-8.2,-17.5,0.37,31900,14760,5,False,True,False,34718,63179,3.8,5.5,11.4,0.55,3,False,True,False,False,5일선회복,70.9,2.5,-0.3,0.6,-0.6,True,8,강세,-1,0,-1,0,19.6,-0.7,1504.56,,2.14,344.0,344.0,344.0,10,10,1.0,86.9,85.9
090850,현대이지웰,,5140,16.0,7.7,8.7,-29.6,7.9,-6.5,-17.8,-18.3,-11.8,-14.9,-11.2,1.33,7300,4765,5,True,False,False,108155,76230,5.4,5.7,4.4,1.42,0,False,False,False,False,-,73.9,6.1,-9.1,13.6,-12.3,True,8,강세,-1,0,-1,0,19.6,-0.7,1504.56,,2.14,344.0,344.0,344.0,10,10,1.0,86.9,85.9
257720,실리콘투,,38050,32.2,12.1,18.1,-40.0,8.7,-2.6,-21.7,-12.5,-9.6,-8.5,-12.5,0.95,63400,35000,5,False,True,False,877463,869836,318.6,339.4,368.0,1.01,3,False,False,True,False,+3%반등,70.8,95.3,-238.1,44.1,-587.3,True,8,강세,-1,0,-1,0,19.6,-0.7,1504.56,,2.14,344.0,344.0,344.0,10,10,1.0,86.8,85.8
005710,대원산업,,11740,29.2,13.7,12.6,-38.0,50.1,-5.0,-13.1,-23.6,-10.0,-9.6,-8.2,0.81,18930,7820,5,False,True,False,25277,31518,3.1,3.0,4.1,0.8,3,False,True,False,False,5일선회복,70.8,0.3,-1.4,9.9,5.6,True,8,강세,-1,0,-1,0,19.6,-0.7,1504.56,,2.14,344.0,344.0,344.0,10,10,1.0,86.8,85.8
024950,삼천리자전거,,4330,27.4,16.4,12.0,-41.9,3.7,-7.5,-26.6,-2.1,-10.5,-8.1,-7.1,0.23,7450,4175,0,False,False,False,73062,227535,1.9,3.2,11.7,0.32,0,False,False,False,False,-,78.7,0.8,0.0,5.0,-1.2,True,8,강세,-1,0,-1,0,19.6,-0.7,1504.56,,2.14,344.0,344.0,344.0,10,10,1.0,86.7,85.7
357580,아모센스,,14380,12.6,14.3,23.0,-51.9,163.4,1.1,-21.9,21.8,-21.2,-23.6,24.0,0.47,29900,5460,5,False,True,False,211922,434153,28.0,29.8,85.7,0.49,6,False,True,True,False,5일선회복/+3%반등,75.7,-4.1,-18.5,32.7,39.7,True,0,강세,-1,0,-1,0,19.6,-0.7,1504.56,,2.14,344.0,344.0,344.0,10,10,1.0,86.7,85.7
067370,선바이오,,6130,26.8,1.4,0.8,-39.7,26.7,-14.1,-16.0,9.7,-17.9,-3.7,0.9,1.01,10170,4840,0,False,False,False,21047,40054,2.5,1.4,3.0,0.53,0,False,False,False,False,-,78.6,0.5,-0.5,-5.9,-0.9,True,8,강세,-1,0,-1,0,19.6,-0.7,1504.56,,2.14,344.0,344.0,344.0,10,10,1.0,86.6,85.6
091580,상신이디피,,22900,30.2,32.2,23.2,-27.4,234.3,-1.9,-23.5,35.3,-8.4,1.5,51.4,1.87,31550,6850,5,False,True,False,436174,419097,172.8,99.1,106.0,1.04,6,False,True,True,False,5일선회복/+3%반등,67.5,33.0,-51.5,16.3,-58.3,True,8,강세,-1,0,-1,0,19.6,-0.7,1504.56,,2.14,344.0,344.0,344.0,10,10,1.0,86.5,85.5
389260,대명에너지,,17580,16.7,15.0,16.1,-49.5,28.1,-11.0,-22.7,-12.8,-16.9,-19.5,-16.6,0.52,34800,13720,0,False,False,False,119103,190453,17.3,21.0,43.0,0.63,0,False,False,False,False,-,78.5,9.9,-0.9,14.8,11.6,True,8,강세,-1,0,-1,0,19.6,-0.7,1504.56,,2.14,344.0,344.0,344.0,10,10,1.0,86.5,85.5
474650,링크솔루션,,50500,30.7,25.2,20.2,-45.9,203.7,-2.3,-14.0,-37.0,-9.9,-14.2,9.0,0.73,93300,16630,5,False,True,False,69510,111679,41.8,34.7,64.0,0.62,6,False,True,True,False,5일선회복/+3%반등,67.4,14.8,-1.0,-17.9,0.3,True,8,강세,-1,0,-1,0,19.6,-0.7,1504.56,,2.14,344.0,344.0,344.0,10,10,1.0,86.4,85.4
348370,엔켐,,37500,33.0,39.1,32.6,-64.3,25.2,3.4,-29.6,-53.3,-8.7,-11.4,-43.1,0.59,105000,29950,5,False,True,False,188790,271963,55.7,67.0,117.4,0.69,6,False,True,True,False,5일선회복/+3%반등,67.3,-33.5,23.4,-126.4,-58.0,True,8,강세,-1,0,-1,0,19.6,-0.7,1504.56,,2.14,344.0,344.0,344.0,10,10,1.0,86.3,85.3
290560,파라택시스이더리움,,1358,14.5,2.6,14.2,-40.0,11.1,-6.3,-32.3,-19.2,-16.0,-22.5,-12.9,1.18,2265,1222,5,False,True,False,87461,89124,1.4,1.2,1.5,0.98,0,False,False,False,False,-,81.2,-0.4,-0.0,-2.6,-0.0,True,0,강세,-1,0,-1,0,19.6,-0.7,1504.56,,2.14,344.0,344.0,344.0,10,10,1.0,86.2,85.2
432470,케이엔에스,,11820,29.4,22.8,20.1,-42.1,39.7,-2.5,-19.0,-20.9,-12.5,-13.1,-3.3,0.28,20400,8460,5,False,True,False,54920,183214,6.3,6.3,26.3,0.3,3,False,True,False,False,5일선회복,70.1,2.2,-0.1,2.3,-0.1,True,8,강세,-1,0,-1,0,19.6,-0.7,1504.56,,2.14,344.0,344.0,344.0,10,10,1.0,86.1,85.1
255220,SG,,2250,27.9,29.0,27.1,-38.0,15.4,1.6,-14.9,-25.0,-6.5,-13.7,-9.6,0.69,3630,1950,10,False,True,True,1164276,1752606,26.0,25.5,42.9,0.66,6,False,True,True,False,5일선회복/+3%반등,62.1,1.2,-0.0,-21.8,-3.1,True,8,강세,-1,0,-1,0,19.6,-0.7,1504.56,,2.14,344.0,344.0,344.0,10,10,1.0,86.1,85.1
054780,키이스트,,2000,7.9,3.1,22.6,-68.1,1.0,-2.4,-32.0,-27.3,-14.8,-21.3,-44.0,0.83,6270,1980,5,False,True,False,49908,70261,1.2,1.0,1.6,0.71,0,False,False,False,False,-,81.0,-0.1,0.0,-0.2,0.0,True,0,강세,-1,0,-1,0,19.6,-0.7,1504.56,,2.14,344.0,344.0,344.0,10,10,1.0,86.0,85.0
226330,신테카바이오,,2420,26.2,19.1,24.3,-66.2,8.0,4.3,-23.9,-31.5,-12.7,-21.2,-37.0,0.82,7154,2240,5,False,True,False,233088,230012,4.6,5.6,6.3,1.01,6,False,True,True,False,5일선회복/+3%반등,75.0,-1.5,-0.1,-5.8,-0.1,True,0,강세,-1,0,-1,0,19.6,-0.7,1504.56,,2.14,344.0,344.0,344.0,10,10,1.0,86.0,85.0
494120,큐리오시스,,41200,35.4,21.8,17.0,-57.3,11.8,-2.6,-25.8,-49.8,-17.0,-25.9,,0.7,96400,36850,5,False,True,False,95494,101180,29.3,39.1,50.1,0.94,3,False,True,False,False,5일선회복,70.0,16.6,-26.3,-37.3,-138.0,True,8,강세,-1,0,-1,0,19.6,-0.7,1504.56,,2.14,344.0,344.0,344.0,10,10,1.0,86.0,85.0
146060,율촌,,1172,13.8,0.5,16.6,-49.6,3.1,-3.9,-25.6,-32.2,-15.0,-20.7,-15.7,0.66,2325,1137,5,False,True,False,61060,117590,0.9,0.7,1.7,0.52,0,False,False,False,False,-,81.0,-0.5,0.0,-2.3,0.0,True,0,강세,-1,0,-1,0,19.6,-0.7,1504.56,,2.14,344.0,344.0,344.0,10,10,1.0,86.0,85.0
236200,슈프리마,,44550,14.7,14.2,21.4,-21.8,47.5,-2.0,-17.5,-8.8,-10.8,-9.2,11.9,0.89,57000,30200,5,False,True,False,34347,36204,13.8,15.3,18.1,0.95,3,False,False,True,False,+3%반등,62.9,5.3,5.6,30.0,13.5,True,15,강세,-1,0,-1,0,19.6,-0.7,1504.56,,2.14,344.0,344.0,344.0,10,10,1.0,85.9,84.9
114190,강원에너지,,12500,25.5,25.3,25.5,-38.3,107.6,2.0,-21.0,-20.8,-11.3,-10.1,-10.4,0.6,20250,6020,5,False,True,False,95347,205712,14.6,11.6,30.6,0.46,6,False,True,True,False,5일선회복/+3%반등,66.8,4.1,-0.7,7.7,7.8,True,8,강세,-1,0,-1,0,19.6,-0.7,1504.56,,2.14,344.0,344.0,344.0,10,10,1.0,85.8,84.8
000440,중앙에너비스,,17740,16.8,6.7,13.7,-53.3,39.5,-3.5,-16.5,-13.0,-9.8,-20.9,-1.2,0.32,38000,12720,0,False,False,False,27964,104601,5.9,5.1,21.2,0.27,0,False,False,False,False,-,77.8,2.2,-0.0,3.6,0.0,True,8,강세,-1,0,-1,0,19.6,-0.7,1504.56,,2.14,344.0,344.0,344.0,10,10,1.0,85.8,84.8
047770,코데즈컴바인,,3145,20.4,5.5,20.1,-47.2,93.5,-1.7,-33.9,-34.0,-24.3,-28.7,-4.5,0.93,5960,1625,5,False,True,False,1269169,1585759,48.1,40.9,67.3,0.8,0,False,False,False,False,-,80.8,-14.4,-0.5,-20.7,0.0,True,0,강세,-1,0,-1,0,19.6,-0.7,1504.56,,2.14,344.0,344.0,344.0,10,10,1.0,85.8,84.8
289080,SV인베스트먼트,,3345,20.1,24.8,22.3,-33.5,130.2,-1.0,-21.9,-14.9,-12.4,-11.9,34.2,0.62,5030,1453,5,False,True,False,1500241,1475277,30.8,47.8,57.4,1.02,6,False,True,True,False,5일선회복/+3%반등,66.7,67.5,-72.2,92.6,-72.1,True,8,강세,-1,0,-1,0,19.6,-0.7,1504.56,,2.14,344.0,344.0,344.0,10,10,1.0,85.7,84.7
053290,NE능률,,1697,25.6,14.7,18.6,-41.8,5.4,-2.4,-25.2,-11.7,-13.3,-19.0,-16.9,0.98,2915,1610,10,False,True,True,38041,46074,0.8,0.7,0.9,0.83,0,False,False,False,False,-,75.7,-0.6,-0.0,-1.5,-0.0,True,0,강세,-1,0,-1,0,19.6,-0.7,1504.56,,2.14,344.0,344.0,344.0,10,10,1.0,85.7,84.7
101490,에스앤에스텍,,77500,24.8,18.7,23.7,-28.5,143.7,-0.6,-23.9,-18.3,-12.7,-13.5,14.8,0.89,108400,31800,5,False,True,False,195848,249947,172.6,150.1,223.9,0.78,6,False,True,True,False,5일선회복/+3%반등,66.7,8.0,-92.2,81.5,-222.0,True,8,강세,-1,0,-1,0,19.6,-0.7,1504.56,,2.14,344.0,344.0,344.0,10,10,1.0,85.7,84.7
107640,한중엔시에스,,52200,20.8,26.4,23.4,-28.5,120.7,-0.6,-27.5,8.9,-13.3,-7.4,10.4,0.47,73000,23650,5,False,True,False,134554,227607,51.5,67.0,142.7,0.59,6,False,True,True,False,5일선회복/+3%반등,66.7,5.6,-57.2,-85.1,-167.9,True,8,강세,-1,0,-1,0,19.6,-0.7,1504.56,,2.14,344.0,344.0,344.0,10,10,1.0,85.7,84.7
282720,금양그린파워,,10660,10.1,2.5,16.0,-47.2,21.4,-9.0,-26.5,-19.1,-21.2,-27.5,-12.2,0.49,20200,8780,5,False,True,False,134331,265714,13.6,14.6,38.8,0.51,0,False,False,False,False,-,80.7,-2.9,-0.5,21.0,-1.4,True,0,강세,-1,0,-1,0,19.6,-0.7,1504.56,,2.14,344.0,344.0,344.0,10,10,1.0,85.7,84.7
060280,큐렉소,,13000,25.0,19.7,21.7,-42.4,65.0,-0.5,-17.6,-25.4,-12.5,-14.3,0.6,0.44,22550,7880,5,False,True,False,387973,934777,55.0,49.8,146.8,0.42,3,False,True,False,False,5일선회복,69.7,-6.3,2.2,-15.2,-48.8,True,8,강세,-1,0,-1,0,19.6,-0.7,1504.56,,2.14,344.0,344.0,344.0,10,10,1.0,85.7,84.7
036220,오상헬스케어,,7700,34.7,12.7,17.2,-67.7,5.3,-3.6,-18.5,-29.4,-10.2,-13.8,-37.3,0.38,23850,7310,5,False,True,False,79523,195339,5.8,6.0,17.4,0.41,3,False,True,False,False,5일선회복,69.6,0.4,-0.9,-14.9,-4.3,True,8,강세,-1,0,-1,0,19.6,-0.7,1504.56,,2.14,344.0,344.0,344.0,10,10,1.0,85.6,84.6
009300,삼아제약,,15190,19.4,0.7,-16.1,-21.1,3.1,-6.3,-6.2,-6.3,-5.8,-5.4,-7.4,2.81,19250,14730,0,False,False,False,11331,8686,3.8,1.8,1.4,1.3,0,False,False,False,False,-,75.6,0.7,1.2,4.5,4.0,True,10,강세,-1,0,-1,0,19.6,-0.7,1504.56,,2.14,344.0,344.0,344.0,10,10,1.0,85.6,84.6
293580,나우IB,,2150,25.1,21.3,24.5,-35.8,96.9,-3.2,-11.9,3.6,-12.3,1.0,35.5,0.25,3350,1092,5,False,True,False,863260,3269872,17.3,18.2,90.7,0.26,3,False,True,False,False,5일선회복,62.6,3.1,0.1,21.8,0.5,True,15,강세,-1,0,-1,0,19.6,-0.7,1504.56,,2.14,344.0,344.0,344.0,10,10,1.0,85.6,84.6
069080,웹젠,,10620,30.4,6.1,16.4,-41.0,1.0,-2.2,-15.8,-25.1,-7.6,-11.2,-19.5,1.1,18010,10510,5,False,True,False,99923,92797,11.0,10.8,10.6,1.08,0,False,False,False,False,-,72.6,-2.3,1.4,-0.7,-25.7,True,8,강세,-1,0,-1,0,19.6,-0.7,1504.56,,2.14,344.0,344.0,344.0,10,10,1.0,85.6,84.6
298540,더네이쳐홀딩스,,6850,11.7,7.5,0.4,-48.6,1.5,-8.5,-13.3,-12.3,-10.3,-10.6,-23.2,1.94,13330,6750,0,False,False,False,39752,30338,4.1,2.8,2.3,1.31,0,False,False,False,False,-,85.6,-4.7,-0.3,-6.2,-0.0,True,0,강세,-1,0,-1,0,19.6,-0.7,1504.56,,2.14,344.0,344.0,344.0,10,10,1.0,85.6,84.6
104620,노랑풍선,,4170,24.2,11.8,17.8,-45.0,2.7,-2.0,-14.1,-18.9,-9.5,-8.6,-20.8,0.42,7580,4060,5,False,True,False,72061,195838,3.3,3.0,9.4,0.37,0,False,False,False,False,-,72.5,0.4,0.0,-4.0,0.8,True,8,강세,-1,0,-1,0,19.6,-0.7,1504.56,,2.14,344.0,344.0,344.0,10,10,1.0,85.5,84.5
452400,이닉스,,7780,22.6,7.6,14.5,-47.1,1.7,-4.5,-18.8,-27.1,-10.2,-11.7,-24.2,0.89,14700,7650,0,False,False,False,21779,29032,2.0,1.7,2.5,0.75,0,False,False,False,False,-,77.4,0.1,0.0,-3.1,-0.0,True,8,강세,-1,0,-1,0,19.6,-0.7,1504.56,,2.14,344.0,344.0,344.0,10,10,1.0,85.4,84.4
274400,이노시뮬레이션,,3235,15.6,9.0,13.4,-44.8,9.1,-1.5,-21.5,-16.1,-12.4,-14.2,-20.0,1.41,5860,2965,5,False,True,False,21980,23852,1.1,0.7,0.9,0.92,0,False,False,False,False,-,80.4,-0.3,0.0,-0.9,-0.0,True,0,강세,-1,0,-1,0,19.6,-0.7,1504.56,,2.14,344.0,344.0,344.0,10,10,1.0,85.4,84.4
351330,이삭엔지니어링,,6950,29.4,9.1,11.9,-43.0,10.0,-3.7,-10.0,-16.7,-9.8,-7.7,-13.9,0.4,12190,6320,5,False,True,False,36171,76235,2.2,2.5,6.0,0.47,0,False,False,False,False,-,72.4,-0.4,0.3,2.2,0.3,True,8,강세,-1,0,-1,0,19.6,-0.7,1504.56,,2.14,344.0,344.0,344.0,10,10,1.0,85.4,84.4
475580,에이럭스,,9250,12.0,11.5,21.5,-40.9,13.2,-3.3,-34.1,-3.7,-16.3,-24.1,-14.3,0.75,15650,8170,5,False,True,False,185542,282220,18.8,17.1,32.5,0.66,3,False,True,False,False,5일선회복,77.4,-7.1,-2.8,1.1,-2.8,True,0,강세,-1,0,-1,0,19.6,-0.7,1504.56,,2.14,344.0,344.0,344.0,10,10,1.0,85.4,84.4
297090,씨에스베어링,,5830,11.4,8.3,20.8,-39.3,5.2,-5.4,-30.3,-13.0,-20.6,-24.3,-14.5,0.64,9600,5540,5,False,True,False,245409,302859,11.3,14.2,23.2,0.81,3,False,True,False,False,5일선회복,77.4,-4.9,-14.1,-4.8,-7.8,True,0,강세,-1,0,-1,0,19.6,-0.7,1504.56,,2.14,344.0,344.0,344.0,10,10,1.0,85.4,84.4
039420,케이엘넷,,2810,34.3,5.3,-2.6,-28.3,10.4,-4.7,-7.9,1.6,-7.0,-5.1,-3.1,2.31,3920,2545,5,False,False,True,97856,125225,6.4,2.8,3.8,0.78,0,False,False,False,False,-,70.4,2.3,0.3,9.5,0.4,True,10,강세,-1,0,-1,0,19.6,-0.7,1504.56,,2.14,344.0,344.0,344.0,10,10,1.0,85.4,84.4
131400,이브이첨단소재,,1601,31.8,40.2,33.8,-43.2,32.3,1.9,-22.5,-7.9,-6.5,-0.3,-9.0,0.35,2820,1210,5,False,True,False,502834,2085469,10.9,7.8,39.1,0.24,10,False,True,True,True,5일선회복/+3%반등/거래량동반양봉,62.3,4.5,-0.0,9.3,-0.0,True,8,강세,-1,0,-1,0,19.6,-0.7,1504.56,,2.14,344.0,344.0,344.0,10,10,1.0,85.3,84.3
271830,팸텍,,1287,17.1,21.8,20.2,-56.6,8.8,-0.5,-20.6,-22.0,-12.3,-15.3,-28.6,0.79,2965,1183,5,False,True,False,109905,160539,1.7,1.4,2.3,0.68,6,False,True,True,False,5일선회복/+3%반등,74.3,-0.6,-0.0,2.5,0.2,True,0,강세,-1,0,-1,0,19.6,-0.7,1504.56,,2.14,344.0,344.0,344.0,10,10,1.0,85.3,84.3
335870,윙스풋,,1595,22.0,9.6,1.3,-48.9,10.0,-10.4,-22.6,-24.9,-12.4,-17.2,-18.0,0.8,3120,1450,0,False,False,False,27826,29258,0.4,0.5,0.5,0.95,0,False,False,False,False,-,85.3,-0.1,0.0,-0.2,0.0,True,0,강세,-1,0,-1,0,19.6,-0.7,1504.56,,2.14,344.0,344.0,344.0,10,10,1.0,85.3,84.3
080160,모두투어,,9990,27.1,11.4,23.2,-42.9,1.9,-2.0,-13.5,-24.9,-6.7,-9.8,-12.8,1.0,17500,9800,5,False,True,False,86268,106696,10.8,8.6,11.4,0.81,3,False,True,False,False,5일선회복,69.3,-13.6,0.5,-41.4,-2.5,True,8,강세,-1,0,-1,0,19.6,-0.7,1504.56,,2.14,344.0,344.0,344.0,10,10,1.0,85.3,84.3
065950,웰크론,,1300,27.0,27.4,30.0,-51.9,8.5,-0.7,-21.2,-23.9,-7.4,-14.4,-25.4,0.64,2705,1198,5,False,False,True,96308,134980,1.2,1.3,1.9,0.71,3,False,False,True,False,+3%반등,69.2,0.7,-0.0,-1.4,0.0,True,8,강세,-1,0,-1,0,19.6,-0.7,1504.56,,2.14,344.0,344.0,344.0,10,10,1.0,85.2,84.2
065660,안트로젠,,30400,29.7,31.2,22.8,-50.8,56.9,-6.0,-18.7,-16.4,-8.5,-21.5,-8.1,0.71,61800,19380,0,False,False,False,22978,25904,5.7,7.0,8.6,0.89,0,False,False,False,False,-,70.2,4.2,0.1,12.8,0.1,True,15,강세,-1,0,-1,0,19.6,-0.7,1504.56,,2.14,344.0,344.0,344.0,10,10,1.0,85.2,84.2
131370,알서포트,,2065,18.3,2.8,15.3,-41.2,3.4,-6.8,-23.4,-9.6,-12.1,-16.1,-20.5,0.86,3510,1998,0,False,False,False,214669,237448,4.1,4.5,5.7,0.9,0,False,False,False,False,-,77.1,0.1,0.0,1.0,0.8,True,8,강세,-1,0,-1,0,19.6,-0.7,1504.56,,2.14,344.0,344.0,344.0,10,10,1.0,85.1,84.1
215000,골프존,,44100,14.2,4.3,8.2,-42.9,0.7,-5.7,-13.9,-27.5,-8.9,-10.1,-22.6,1.86,77300,43800,5,True,False,False,38592,26504,22.2,17.3,12.7,1.46,0,False,False,False,False,-,80.1,-6.9,-14.4,1.1,-58.9,True,0,강세,-1,0,-1,0,19.6,-0.7,1504.56,,2.14,344.0,344.0,344.0,10,10,1.0,85.1,84.1
108860,셀바스AI,,10900,28.6,21.0,23.3,-38.0,16.8,-1.6,-21.9,-13.3,-10.4,-14.4,-14.7,0.5,17580,9330,5,False,True,False,194106,337787,18.2,20.8,42.3,0.57,3,False,True,False,False,5일선회복,69.1,2.6,-0.6,-22.0,-36.2,True,8,강세,-1,0,-1,0,19.6,-0.7,1504.56,,2.14,344.0,344.0,344.0,10,10,1.0,85.1,84.1
075130,플랜티넷,,2165,24.0,16.2,16.2,-35.9,8.2,-0.5,-11.3,-10.9,-7.5,-6.2,-13.6,0.77,3375,2000,10,False,True,True,63626,85907,1.4,1.4,2.0,0.74,0,False,False,False,False,-,67.0,0.1,0.0,-0.8,0.0,True,8,강세,-1,0,-1,0,19.6,-0.7,1504.56,,2.14,344.0,344.0,344.0,10,10,1.0,85.0,84.0
311390,네오크레마,,3500,15.7,7.2,10.1,-68.5,2.8,-9.3,-24.8,-29.8,-16.9,-19.5,-42.4,1.32,11120,3405,0,False,False,False,58196,56007,2.6,2.1,2.3,1.04,0,False,False,False,False,-,85.0,-0.5,-0.0,-4.5,0.0,True,0,강세,-1,0,-1,0,19.6,-0.7,1504.56,,2.14,344.0,344.0,344.0,10,10,1.0,85.0,84.0
376900,로킷헬스케어,,58900,38.9,24.5,22.9,-61.7,328.7,-1.7,-35.2,6.3,-16.2,-38.2,0.7,0.91,153800,13740,10,False,True,True,302706,285547,154.7,168.2,202.3,1.06,3,False,True,False,False,5일선회복,63.9,117.8,-22.5,161.3,-42.6,True,8,강세,-1,0,-1,0,19.6,-0.7,1504.56,,2.14,344.0,344.0,344.0,10,10,1.0,84.9,83.9
033320,제이씨현시스템,,4080,16.2,18.7,22.8,-35.2,5.8,-1.4,-22.1,-7.4,-10.8,-14.6,-12.2,0.89,6300,3855,5,False,True,False,143144,180976,6.3,5.8,8.5,0.79,3,False,True,False,False,5일선회복,68.8,0.1,0.0,5.8,0.0,True,8,강세,-1,0,-1,0,19.6,-0.7,1504.56,,2.14,344.0,344.0,344.0,10,10,1.0,84.8,83.8
291650,압타머사이언스,,1183,15.1,3.2,23.8,-40.8,75.3,-3.7,-29.9,1.1,-16.9,-27.2,1.1,0.46,1998,675,0,False,False,False,96891,208708,1.1,1.1,3.1,0.46,0,False,False,False,False,-,76.8,-0.0,0.1,-2.6,0.1,True,8,강세,-1,0,-1,0,19.6,-0.7,1504.56,,2.14,344.0,344.0,344.0,10,10,1.0,84.8,83.8
081180,쎄크,,10690,33.5,29.8,28.5,-45.3,42.9,14.8,-24.6,-24.7,-11.6,-13.6,-8.6,0.45,19530,7480,15,True,True,True,578979,347138,17.4,62.1,41.1,1.67,6,False,True,True,False,5일선회복/+3%반등,63.8,-0.6,-2.8,2.6,-21.2,True,0,강세,-1,0,-1,0,19.6,-0.7,1504.56,,2.14,344.0,344.0,344.0,10,10,1.0,84.8,83.8
234690,녹십자웰빙,,10340,29.2,14.2,27.3,-34.9,22.9,-0.3,-29.4,8.4,-11.4,-16.9,1.5,0.78,15890,8410,10,False,True,True,191569,289233,23.3,19.8,34.0,0.66,3,False,True,False,False,5일선회복,71.7,-5.4,-4.2,-38.0,-9.0,True,0,강세,-1,0,-1,0,19.6,-0.7,1504.56,,2.14,344.0,344.0,344.0,10,10,1.0,84.7,83.7
018290,브이티,,14590,28.5,23.1,21.1,-68.0,5.4,-2.3,-6.7,-24.2,-7.6,-5.9,-34.4,0.67,45550,13840,5,False,True,False,201834,297654,29.4,29.3,47.9,0.68,3,False,True,False,False,5일선회복,66.6,13.1,3.8,-119.9,-45.2,True,10,강세,-1,0,-1,0,19.6,-0.7,1504.56,,2.14,344.0,344.0,344.0,10,10,1.0,84.6,83.6
382150,온코크로스,,7060,33.3,43.3,35.7,-54.4,14.8,7.8,-19.7,-9.1,-6.9,-6.1,-21.8,0.26,15470,6150,10,False,True,True,75277,205032,3.0,5.1,17.1,0.37,6,False,True,True,False,5일선회복/+3%반등,60.6,1.6,0.0,3.9,0.0,True,8,강세,-1,0,-1,0,19.6,-0.7,1504.56,,2.14,344.0,344.0,344.0,10,10,1.0,84.6,83.6
046210,HLB파나진,,1675,13.7,18.6,23.0,-43.0,9.1,-1.5,-25.6,-12.1,-12.1,-23.7,-10.2,0.75,2940,1535,5,False,True,False,121162,180676,2.1,2.0,3.6,0.67,6,False,True,True,False,5일선회복/+3%반등,73.6,-0.6,-0.0,0.5,-0.0,True,0,강세,-1,0,-1,0,19.6,-0.7,1504.56,,2.14,344.0,344.0,344.0,10,10,1.0,84.6,83.6
303530,이노뎁,,4075,22.2,2.9,9.1,-46.6,11.6,-3.7,-19.1,-17.5,-11.9,-8.9,-24.9,0.8,7630,3650,5,False,True,False,13365,32311,0.9,0.6,1.5,0.41,0,False,False,False,False,-,79.5,-0.4,-0.0,-0.9,0.0,True,0,강세,-1,0,-1,0,19.6,-0.7,1504.56,,2.14,344.0,344.0,344.0,10,10,1.0,84.5,83.5
263920,휴엠앤씨,,3355,22.2,10.5,4.4,-38.7,inf,-8.1,-15.9,-16.9,-9.8,-14.6,-19.1,0.72,5473,0,0,False,False,False,15552,12173,0.3,0.5,0.4,1.28,0,False,False,False,False,-,76.5,0.2,0.0,0.3,0.0,True,8,강세,-1,0,-1,0,19.6,-0.7,1504.56,,2.14,344.0,344.0,344.0,10,10,1.0,84.5,83.5
049630,재영솔루텍,,12280,33.2,30.6,32.1,-69.7,244.9,1.1,-16.2,-41.5,-7.6,-12.8,-2.9,0.82,40500,3560,10,False,True,True,410982,647168,68.5,49.3,89.7,0.64,6,False,True,True,False,5일선회복/+3%반등,60.5,14.9,-0.1,-150.3,-6.4,True,8,강세,-1,0,-1,0,19.6,-0.7,1504.56,,2.14,344.0,344.0,344.0,10,10,1.0,84.5,83.5
408900,스튜디오미르,,2000,25.6,0.1,12.4,-65.5,0.1,-6.5,-18.9,-23.5,-16.1,-15.1,-39.1,0.23,5800,1999,5,False,True,False,219698,918682,4.5,4.5,23.8,0.24,0,False,False,False,False,-,79.5,-0.3,0.0,-8.5,1.7,True,0,강세,-1,0,-1,0,19.6,-0.7,1504.56,,2.14,344.0,344.0,344.0,10,10,1.0,84.5,83.5
079370,제우스,,13720,26.3,22.9,22.5,-34.5,19.2,0.5,-17.9,-21.6,-11.0,-13.1,-9.3,0.66,20950,11510,5,False,True,False,320533,560187,51.0,43.1,88.5,0.57,6,False,True,True,False,5일선회복/+3%반등,65.5,-1.0,2.3,16.6,-56.2,True,8,강세,-1,0,-1,0,19.6,-0.7,1504.56,,2.14,344.0,344.0,344.0,10,10,1.0,84.5,83.5
005860,한일사료,,3170,12.5,2.1,11.3,-40.6,9.5,-7.6,-19.5,-0.9,-11.7,-17.6,-7.7,0.35,5340,2895,0,False,False,False,415175,1136508,12.8,13.4,42.6,0.37,0,False,False,False,False,-,76.5,8.6,0.0,6.8,0.0,True,8,강세,-1,0,-1,0,19.6,-0.7,1504.56,,2.14,344.0,344.0,344.0,10,10,1.0,84.5,83.5
035080,그래디언트,,10140,24.5,12.8,21.6,-45.8,10.5,-2.3,-15.0,-13.8,-8.1,-12.9,-19.0,0.85,18700,9180,5,False,True,False,29416,42364,3.7,3.0,4.7,0.69,0,False,False,False,False,-,71.5,-2.1,2.2,-3.2,7.7,True,8,강세,-1,0,-1,0,19.6,-0.7,1504.56,,2.14,344.0,344.0,344.0,10,10,1.0,84.5,83.5
208370,셀바스헬스케어,,3795,33.6,31.7,27.9,-49.3,11.5,3.5,-14.0,-23.0,-6.2,-10.9,-16.1,0.9,7490,3405,10,False,True,True,117547,153509,5.2,4.4,6.3,0.77,6,False,True,True,False,5일선회복/+3%반등,60.2,0.7,-0.0,2.5,0.0,True,8,강세,-1,0,-1,0,19.6,-0.7,1504.56,,2.14,344.0,344.0,344.0,10,10,1.0,84.2,83.2
128540,에코캡,,1634,26.8,7.9,8.5,-50.9,6.1,-3.2,-14.1,-27.9,-10.1,-11.2,-14.1,1.1,3325,1540,5,False,True,False,113118,153971,2.8,1.9,2.8,0.73,0,False,False,False,False,-,79.1,-0.4,-0.0,-1.3,0.0,True,0,강세,-1,0,-1,0,19.6,-0.7,1504.56,,2.14,344.0,344.0,344.0,10,10,1.0,84.1,83.1
052790,액토즈소프트,,4800,22.8,14.4,16.1,-36.4,2.8,-3.7,-18.2,-20.0,-9.0,-11.2,-19.4,0.59,7550,4670,5,False,True,False,24293,29441,0.8,1.2,1.6,0.83,0,False,False,False,False,-,71.1,0.7,0.0,4.6,0.0,True,8,강세,-1,0,-1,0,19.6,-0.7,1504.56,,2.14,344.0,344.0,344.0,10,10,1.0,84.1,83.1
065450,빅텍,,4180,6.3,6.1,16.3,-40.7,19.6,-6.5,-28.7,-6.4,-16.9,-19.5,-1.0,0.7,7050,3495,5,False,True,False,672396,1075424,30.2,29.0,56.8,0.63,0,False,False,False,False,-,79.1,-9.4,-0.0,1.4,-28.3,True,0,강세,-1,0,-1,0,19.6,-0.7,1504.56,,2.14,344.0,344.0,344.0,10,10,1.0,84.1,83.1
035760,CJ ENM,,41150,12.0,5.6,20.6,-50.0,2.0,-3.2,-24.5,-45.5,-14.2,-22.9,-36.4,0.89,82300,40350,5,False,True,False,109854,105149,39.2,45.4,48.8,1.04,0,False,False,False,False,-,79.0,-22.3,-17.3,-235.4,-148.1,True,0,강세,-1,0,-1,0,19.6,-0.7,1504.56,,2.14,344.0,344.0,344.0,10,10,1.0,84.0,83.0
033500,동성화인텍,,22850,23.3,22.6,26.7,-33.4,inf,7.3,-20.8,-22.8,-11.4,-11.8,-18.7,0.78,34300,0,5,False,True,False,260267,275685,49.0,58.6,70.0,0.94,6,False,True,True,False,5일선회복/+3%반등,64.9,-97.4,17.6,-3.4,-184.3,True,8,강세,-1,0,-1,0,19.6,-0.7,1504.56,,2.14,344.0,344.0,344.0,10,10,1.0,83.9,82.9
103840,우양,,2670,19.0,1.9,4.1,-55.1,0.4,-8.6,-16.6,-14.1,-11.2,-12.9,-25.1,1.42,5940,2660,0,False,False,False,120134,117253,4.4,3.3,3.5,1.02,0,False,False,False,False,-,83.8,-1.4,-0.0,-1.6,0.2,True,0,강세,-1,0,-1,0,19.6,-0.7,1504.56,,2.14,344.0,344.0,344.0,10,10,1.0,83.8,82.8
086890,이수앱지스,,3725,25.8,11.8,16.9,-41.3,3.5,-5.0,-22.9,-33.4,-13.6,-18.7,-28.4,0.85,6350,3600,0,False,False,False,244094,275631,8.2,9.2,11.8,0.89,0,False,False,False,False,-,75.8,1.3,-0.8,-1.9,2.5,True,8,강세,-1,0,-1,0,19.6,-0.7,1504.56,,2.14,344.0,344.0,344.0,10,10,1.0,83.8,82.8
377030,비트맥스,,2315,33.4,0.8,13.3,-92.6,0.4,-11.6,-12.3,-60.3,-16.9,-20.6,-75.1,0.44,31292,2305,5,False,True,False,63194,163996,1.7,1.5,5.0,0.39,0,False,False,False,False,-,70.7,0.2,-0.1,-6.5,-0.2,True,8,강세,-1,0,-1,0,19.6,-0.7,1504.56,,2.14,344.0,344.0,344.0,10,10,1.0,83.7,82.7
083650,비에이치아이,,81000,27.8,28.4,29.8,-29.1,161.3,1.4,-17.5,-8.3,-8.7,-13.9,22.9,1.35,114200,31000,5,False,True,False,377118,471198,508.9,293.2,424.6,0.8,10,False,True,True,True,5일선회복/+3%반등/거래량동반양봉,60.6,-254.4,22.5,-1157.3,-721.5,True,8,강세,-1,0,-1,0,19.6,-0.7,1504.56,,2.14,344.0,344.0,344.0,10,10,1.0,83.6,82.6
127710,아시아경제,,1115,17.1,3.1,18.5,-39.7,20.3,-5.7,-36.1,8.6,-17.5,-26.5,-4.8,0.42,1849,927,5,False,True,False,31191,126314,0.6,0.4,1.9,0.25,0,False,False,False,False,-,78.5,-0.2,-0.0,0.5,8.3,True,0,강세,-1,0,-1,0,19.6,-0.7,1504.56,,2.14,344.0,344.0,344.0,10,10,1.0,83.5,82.5
025870,신라에스지,,3780,13.6,21.0,18.6,-41.8,4.7,-0.4,-17.3,-25.6,-8.4,-12.4,-26.7,1.06,6490,3610,10,False,True,True,7968,8571,0.3,0.3,0.4,0.93,3,False,False,True,False,+3%반등,70.5,-0.1,0.0,0.4,0.0,True,0,강세,-1,0,-1,0,19.6,-0.7,1504.56,,2.14,344.0,344.0,344.0,10,10,1.0,83.5,82.5
020710,시공테크,,3995,13.1,1.0,10.9,-33.3,12.2,-7.2,-23.0,-3.5,-12.8,-10.3,-2.7,0.84,5990,3560,0,False,False,False,257765,333035,10.7,10.5,15.6,0.77,0,False,False,False,False,-,75.5,-5.3,0.9,-0.3,4.9,True,8,강세,-1,0,-1,0,19.6,-0.7,1504.56,,2.14,344.0,344.0,344.0,10,10,1.0,83.5,82.5
199480,뱅크웨어글로벌,,4260,14.9,19.4,22.1,-60.2,6.5,-0.4,-17.4,-24.2,-8.7,-9.8,-27.0,0.7,10710,4000,5,False,True,False,29120,37378,1.1,1.2,1.7,0.78,6,False,True,True,False,5일선회복/+3%반등,72.5,-0.2,-0.0,-1.2,0.0,True,0,강세,-1,0,-1,0,19.6,-0.7,1504.56,,2.14,344.0,344.0,344.0,10,10,1.0,83.5,82.5
388870,파로스아이바이오,,6880,20.6,15.1,22.7,-43.2,48.6,-0.3,-27.1,-17.3,-13.7,-23.3,-13.1,0.63,12120,4630,5,False,True,False,101477,126682,5.5,7.0,10.3,0.8,3,False,False,True,False,+3%반등,75.5,-2.6,-0.3,-3.9,1.8,True,0,강세,-1,0,-1,0,19.6,-0.7,1504.56,,2.14,344.0,344.0,344.0,10,10,1.0,83.5,82.5
079000,와토스코리아,,5980,6.8,15.5,19.4,-55.4,19.6,-2.8,-25.1,-47.9,-14.9,-21.6,-10.6,0.83,13400,5000,5,False,True,False,22681,23959,1.2,1.4,1.7,0.95,0,False,False,False,False,-,78.4,-0.0,-0.2,1.8,-0.1,True,0,강세,-1,0,-1,0,19.6,-0.7,1504.56,,2.14,344.0,344.0,344.0,10,10,1.0,83.4,82.4
453860,에이에스텍,,12110,19.4,6.0,13.9,-47.1,1.7,-0.2,-19.1,-24.9,-12.8,-14.5,-25.5,1.11,22900,11910,5,False,True,False,20009,19981,2.7,2.5,2.8,1.0,0,False,False,False,False,-,78.4,-2.6,-0.3,-4.8,-0.7,True,0,강세,-1,0,-1,0,19.6,-0.7,1504.56,,2.14,344.0,344.0,344.0,10,10,1.0,83.4,82.4
240600,유진테크놀로지,,2825,8.5,10.3,24.5,-52.9,7.0,-0.5,-20.3,-16.2,-13.9,-13.9,-28.0,0.27,6000,2640,5,False,True,False,24631,115963,0.9,0.7,4.5,0.21,3,False,True,False,False,5일선회복,75.3,-0.2,-0.0,-1.0,0.0,True,0,강세,-1,0,-1,0,19.6,-0.7,1504.56,,2.14,344.0,344.0,344.0,10,10,1.0,83.3,82.3
176750,듀켐바이오,,7650,30.1,21.5,13.3,-40.1,8.4,-3.4,-16.0,-31.0,-10.7,-14.6,-19.8,1.13,12770,7060,5,False,True,False,32023,39582,3.5,2.4,3.4,0.81,7,False,True,False,True,5일선회복/거래량동반양봉,71.3,-0.2,-0.7,-3.4,-0.8,True,0,강세,-1,0,-1,0,19.6,-0.7,1504.56,,2.14,344.0,344.0,344.0,10,10,1.0,83.3,82.3
377450,리파인,,10320,20.5,2.5,11.8,-45.7,0.6,-4.4,-13.4,-14.7,-10.1,-11.3,-21.7,0.98,19020,10260,0,False,False,False,37948,42238,4.3,4.0,4.9,0.9,0,False,False,False,False,-,75.3,-1.8,0.6,-7.0,0.4,True,8,강세,-1,0,-1,0,19.6,-0.7,1504.56,,2.14,344.0,344.0,344.0,10,10,1.0,83.3,82.3
078340,컴투스,,28400,23.6,15.5,24.2,-38.0,3.6,1.1,-16.2,-21.8,-7.5,-11.4,-16.5,0.58,45800,27400,5,False,True,False,52086,67170,11.3,14.8,20.8,0.78,3,False,True,False,False,5일선회복,67.2,-9.2,1.7,-59.5,-45.7,True,8,강세,-1,0,-1,0,19.6,-0.7,1504.56,,2.14,344.0,344.0,344.0,10,10,1.0,83.2,82.2
046120,오르비텍,,9520,26.4,25.2,25.9,-42.0,296.7,1.5,-13.1,36.4,-11.3,-13.8,60.9,0.35,16410,2400,5,False,True,False,452865,2187945,43.6,42.4,260.7,0.21,6,False,True,True,False,5일선회복/+3%반등,64.2,2.0,-1.6,-54.0,37.9,True,8,강세,-1,0,-1,0,19.6,-0.7,1504.56,,2.14,344.0,344.0,344.0,10,10,1.0,83.2,82.2
156100,엘앤케이바이오,,5950,29.9,34.4,27.5,-63.7,10.2,-0.2,-22.3,-50.4,-9.3,-21.6,-39.9,0.51,16400,5400,10,True,True,False,460572,305076,9.5,27.6,19.5,1.51,3,False,False,True,False,+3%반등,70.2,-16.3,-2.5,-17.5,0.1,True,0,강세,-1,0,-1,0,19.6,-0.7,1504.56,,2.14,344.0,344.0,344.0,10,10,1.0,83.2,82.2
032960,동일기연,,11650,21.2,5.4,15.8,-38.8,12.6,-5.6,-22.1,-29.0,-10.9,-21.6,-17.3,0.31,19050,10350,0,False,False,False,1795,5463,0.2,0.2,0.8,0.33,0,False,False,False,False,-,75.2,0.1,0.0,0.3,-0.5,True,8,강세,-1,0,-1,0,19.6,-0.7,1504.56,,2.14,344.0,344.0,344.0,10,10,1.0,83.2,82.2
298380,에이비엘바이오,,117500,37.1,44.5,33.0,-54.4,103.6,4.7,-21.9,-37.5,-8.5,-22.9,-19.8,0.76,257500,57700,5,False,True,False,520393,679635,612.8,593.4,899.6,0.77,6,False,True,True,False,5일선회복/+3%반등,57.1,222.6,54.1,132.4,-1012.7,True,15,강세,-1,0,-1,0,19.6,-0.7,1504.56,,2.14,344.0,344.0,344.0,10,10,1.0,83.1,82.1
413390,엠오티,,7710,27.2,16.9,19.0,-33.9,22.8,-3.9,-25.7,-15.5,-11.0,-9.3,-1.1,0.57,11660,6280,5,False,True,False,86508,174984,6.9,6.7,15.9,0.49,6,False,True,True,False,5일선회복/+3%반등,72.1,-0.8,-0.0,-10.8,-0.0,True,0,강세,-1,0,-1,0,19.6,-0.7,1504.56,,2.14,344.0,344.0,344.0,10,10,1.0,83.1,82.1
039290,인포뱅크,,4060,24.9,14.4,19.8,-47.7,3.6,-2.9,-20.1,-25.8,-9.7,-12.6,-25.7,0.86,7770,3920,5,False,True,False,14321,17269,0.6,0.6,0.8,0.83,3,False,True,False,False,5일선회복,75.1,-0.1,0.0,-0.3,0.0,True,0,강세,-1,0,-1,0,19.6,-0.7,1504.56,,2.14,344.0,344.0,344.0,10,10,1.0,83.1,82.1
486990,노타,,28700,34.0,25.3,22.9,-56.0,28.1,-2.7,-16.1,-18.5,-10.9,-18.5,,0.6,65300,22400,5,False,True,False,148805,247405,42.9,41.7,82.0,0.6,6,False,True,True,False,5일선회복/+3%반등,64.1,1.1,-6.6,-12.6,-27.0,True,8,강세,-1,0,-1,0,19.6,-0.7,1504.56,,2.14,344.0,344.0,344.0,10,10,1.0,83.1,82.1
177830,파버나인,,2510,27.7,15.0,0.2,-26.6,3.3,-8.4,-11.5,-11.0,-7.3,-8.5,-12.3,0.67,3420,2430,5,True,False,False,217380,86000,1.4,5.6,2.3,2.53,0,False,False,False,False,-,70.1,1.3,-0.0,0.7,0.9,True,8,강세,-1,0,-1,0,19.6,-0.7,1504.56,,2.14,344.0,344.0,344.0,10,10,1.0,83.1,82.1
237820,플레이디,,3780,16.7,5.5,13.2,-34.7,1.3,-6.8,-22.7,-12.8,-12.7,-16.6,-19.3,0.85,5790,3730,0,False,False,False,27577,29867,1.0,1.1,1.3,0.92,0,False,False,False,False,-,75.0,1.2,-0.0,2.8,0.0,True,8,강세,-1,0,-1,0,19.6,-0.7,1504.56,,2.14,344.0,344.0,344.0,10,10,1.0,83.0,82.0
188040,바이오포트,,5370,25.4,30.1,21.4,-75.0,8.7,0.8,-11.1,-23.7,-8.5,-9.6,-39.3,0.6,21500,4940,10,False,True,True,16158,24016,0.8,0.9,1.4,0.67,6,False,True,True,False,5일선회복/+3%반등,67.0,-0.3,0.0,-3.2,0.0,True,0,강세,-1,0,-1,0,19.6,-0.7,1504.56,,2.14,344.0,344.0,344.0,10,10,1.0,83.0,82.0
037950,엘컴텍,,3180,29.9,25.9,30.6,-43.0,8.3,0.5,-18.0,-27.5,-8.1,-15.2,-26.3,0.77,5576,2935,0,False,False,False,40597,77552,2.0,1.3,2.5,0.52,10,False,True,True,True,5일선회복/+3%반등/거래량동반양봉,65.0,0.3,-0.0,-4.3,-0.0,True,8,강세,-1,0,-1,0,19.6,-0.7,1504.56,,2.14,344.0,344.0,344.0,10,10,1.0,83.0,82.0
051500,CJ프레시웨이,,24050,29.4,4.7,12.8,-33.9,3.2,-3.4,-13.2,-28.8,-8.8,-14.9,-14.9,0.83,36400,23300,5,False,True,False,34048,42665,8.5,8.3,11.3,0.8,0,False,False,False,False,-,70.0,5.8,-14.3,10.4,-54.0,True,8,강세,-1,0,-1,0,19.6,-0.7,1504.56,,2.14,344.0,344.0,344.0,10,10,1.0,83.0,82.0
042940,상지건설,,8790,35.7,16.4,28.6,-82.4,54.2,2.2,-21.2,-14.3,-9.8,-7.9,-10.8,0.21,49900,5700,5,False,True,False,100290,429466,7.9,8.5,45.9,0.23,6,False,True,True,False,5일선회복/+3%반등,64.0,2.3,-3.5,2.3,0.6,True,8,강세,-1,0,-1,0,19.6,-0.7,1504.56,,2.14,344.0,344.0,344.0,10,10,1.0,83.0,82.0
111710,남화산업,,3570,11.9,12.5,10.8,-33.6,2.6,-6.1,-12.9,-15.0,-9.2,-9.9,-17.9,0.42,5380,3480,5,True,False,False,31610,19331,0.3,1.1,0.7,1.64,0,False,False,False,False,-,69.9,0.7,0.0,1.2,0.0,True,8,강세,-1,0,-1,0,19.6,-0.7,1504.56,,2.14,344.0,344.0,344.0,10,10,1.0,82.9,81.9
336680,탑런토탈솔루션,,3420,21.3,14.5,11.3,-45.7,2.4,-5.0,-14.5,-19.4,-8.0,-8.5,-15.7,0.92,6300,3340,0,False,False,False,44264,38482,1.2,1.5,1.4,1.15,0,False,False,False,False,-,74.9,0.6,-0.9,1.5,-0.9,True,8,강세,-1,0,-1,0,19.6,-0.7,1504.56,,2.14,344.0,344.0,344.0,10,10,1.0,82.9,81.9
078070,유비쿼스홀딩스,,13680,33.0,22.6,16.9,-36.5,47.9,-6.2,-19.4,11.2,-8.9,-12.6,14.4,0.61,21550,9250,0,False,False,False,103669,148816,11.6,14.1,22.7,0.7,3,False,True,False,False,5일선회복,64.9,10.6,0.9,15.3,0.9,True,15,강세,-1,0,-1,0,19.6,-0.7,1504.56,,2.14,344.0,344.0,344.0,10,10,1.0,82.9,81.9
115450,HLB테라퓨틱스,,2910,15.8,15.5,16.9,-70.5,21.0,-3.2,-16.1,3.9,-10.6,-10.2,-5.5,0.77,9861,2405,5,False,True,False,425840,528105,11.9,12.3,17.3,0.81,3,False,True,False,False,5일선회복,74.9,-3.8,-0.0,-15.4,-0.5,True,0,강세,-1,0,-1,0,19.6,-0.7,1504.56,,2.14,344.0,344.0,344.0,10,10,1.0,82.9,81.9
299030,하나기술,,22350,18.8,16.9,21.4,-37.7,25.4,-3.9,-30.3,-25.3,-17.7,-17.9,-20.6,0.49,35850,17830,5,False,True,False,35280,64321,6.8,7.8,18.5,0.55,3,False,True,False,False,5일선회복,74.8,-9.8,-1.1,-2.9,-11.3,True,0,강세,-1,0,-1,0,19.6,-0.7,1504.56,,2.14,344.0,344.0,344.0,10,10,1.0,82.8,81.8
069510,에스텍,,12860,21.9,1.1,6.4,-37.1,8.8,-9.5,-17.5,-18.2,-13.4,-14.1,-13.4,1.35,20450,11820,5,True,False,False,34910,24202,4.4,4.6,3.5,1.44,0,False,False,False,False,-,77.8,-5.6,-4.1,-2.1,-7.5,True,0,강세,-1,0,-1,0,19.6,-0.7,1504.56,,2.14,344.0,344.0,344.0,10,10,1.0,82.8,81.8
018000,유니슨,,1000,21.8,22.5,24.7,-48.2,10.1,0.3,-26.8,-9.7,-13.4,-24.3,-16.0,0.48,1929,908,5,False,True,False,2620880,3069211,15.0,25.7,36.1,0.85,3,False,True,False,False,5일선회복,74.7,-8.4,-1.6,-20.8,-23.8,True,0,강세,-1,0,-1,0,19.6,-0.7,1504.56,,2.14,344.0,344.0,344.0,10,10,1.0,82.7,81.7
243840,신흥에스이씨,,7960,23.3,20.2,19.3,-35.2,112.0,-5.5,-21.7,28.2,-15.2,-4.9,31.7,0.78,12290,3755,5,False,True,False,472149,752839,46.2,37.5,73.6,0.63,0,False,False,False,False,-,69.7,5.9,-13.7,123.2,-47.1,True,8,강세,-1,0,-1,0,19.6,-0.7,1504.56,,2.14,344.0,344.0,344.0,10,10,1.0,82.7,81.7
026150,특수건설,,5170,16.8,8.3,18.1,-38.5,3.2,-5.3,-23.1,-27.4,-14.5,-19.0,-18.6,0.73,8410,5010,5,False,True,False,87141,104293,3.9,4.5,6.4,0.84,3,False,True,False,False,5일선회복,74.7,-0.4,0.0,-10.4,0.0,True,0,강세,-1,0,-1,0,19.6,-0.7,1504.56,,2.14,344.0,344.0,344.0,10,10,1.0,82.7,81.7
160550,NEW,,1450,8.2,3.6,9.7,-56.4,0.8,-8.7,-22.3,-29.3,-12.1,-16.5,-32.5,1.06,3325,1439,0,False,False,False,80888,90825,1.4,1.2,1.5,0.89,0,False,False,False,False,-,82.6,-0.0,0.0,-0.9,0.0,True,0,강세,-1,0,-1,0,19.6,-0.7,1504.56,,2.14,344.0,344.0,344.0,10,10,1.0,82.6,81.6
038680,에스넷,,4020,25.2,16.0,16.4,-36.0,40.6,-4.3,-16.6,16.4,-9.7,-3.7,6.7,0.18,6280,2860,5,False,True,False,167099,822677,6.1,6.7,38.9,0.2,0,False,False,False,False,-,69.6,1.2,0.0,3.4,0.1,True,8,강세,-1,0,-1,0,19.6,-0.7,1504.56,,2.14,344.0,344.0,344.0,10,10,1.0,82.6,81.6
199430,케이엔알시스템,,20800,31.6,32.7,24.2,-54.1,223.0,-1.9,-11.3,-38.6,-10.6,-10.0,-9.3,0.51,45300,6440,5,False,True,False,64851,102640,11.0,12.9,24.5,0.63,6,False,True,True,False,5일선회복/+3%반등,63.6,6.3,0.0,-13.0,-0.0,True,8,강세,-1,0,-1,0,19.6,-0.7,1504.56,,2.14,344.0,344.0,344.0,10,10,1.0,82.6,81.6
377220,프롬바이오,,1030,19.9,19.5,21.4,-72.9,6.0,-1.9,-21.0,-23.3,-10.7,-18.2,-27.9,0.73,3805,972,5,False,True,False,211745,157848,1.2,2.2,1.8,1.34,3,False,True,False,False,5일선회복,74.6,-0.4,-0.0,-1.5,-0.0,True,0,강세,-1,0,-1,0,19.6,-0.7,1504.56,,2.14,344.0,344.0,344.0,10,10,1.0,82.6,81.6
096250,와이즈넛,,8940,16.4,14.9,23.4,-55.7,4.7,-2.5,-20.3,-25.6,-10.5,-13.5,-25.4,0.61,20200,8540,5,False,True,False,39357,55596,3.0,3.5,5.6,0.71,3,False,True,False,False,5일선회복,74.6,-0.6,-0.2,-2.0,-1.0,True,0,강세,-1,0,-1,0,19.6,-0.7,1504.56,,2.14,344.0,344.0,344.0,10,10,1.0,82.6,81.6
246960,SCL사이언스,,1706,20.8,0.0,10.0,-66.6,0.0,-6.7,-23.0,-19.3,-10.8,-17.1,-27.1,0.56,5110,1706,0,False,False,False,48928,103452,1.0,0.9,2.0,0.47,0,False,False,False,False,-,82.5,-1.0,-0.2,-3.2,-0.9,True,0,강세,-1,0,-1,0,19.6,-0.7,1504.56,,2.14,344.0,344.0,344.0,10,10,1.0,82.5,81.5
450520,인스웨이브,,2765,34.8,11.0,21.6,-47.4,9.5,3.4,-17.2,-16.6,-8.2,-8.6,-20.6,0.14,5260,2525,10,False,True,True,128337,416606,1.6,3.6,13.1,0.31,6,False,True,True,False,5일선회복/+3%반등,66.5,-0.6,-0.0,-1.1,-0.0,True,0,강세,-1,0,-1,0,19.6,-0.7,1504.56,,2.14,344.0,344.0,344.0,10,10,1.0,82.5,81.5
203400,에이비온,,2130,25.0,43.5,34.6,-65.7,21.0,6.0,-18.4,-40.3,-7.2,-13.7,-25.5,1.23,6215,1760,10,True,True,False,1387880,903522,24.0,28.2,20.6,1.54,6,False,True,True,False,5일선회복/+3%반등,66.5,-0.0,-0.3,-9.5,-0.3,True,0,강세,-1,0,-1,0,19.6,-0.7,1504.56,,2.14,344.0,344.0,344.0,10,10,1.0,82.5,81.5
189980,흥국에프엔비,,1366,16.7,2.7,13.0,-47.8,0.5,-3.8,-16.0,-25.8,-9.7,-13.6,-18.4,1.09,2615,1359,5,False,True,False,132120,147025,2.2,1.8,2.2,0.9,0,False,False,False,False,-,77.4,-0.4,-0.0,-6.4,0.0,True,0,강세,-1,0,-1,0,19.6,-0.7,1504.56,,2.14,344.0,344.0,344.0,10,10,1.0,82.4,81.4
002800,신신제약,,5180,27.6,9.2,15.1,-25.9,3.2,-3.5,-11.8,-16.3,-7.0,-7.4,-7.5,1.84,6990,5020,5,False,False,True,62506,69772,6.8,3.3,3.9,0.9,0,False,False,False,False,-,69.4,-3.8,0.3,-7.7,1.0,True,8,강세,-1,0,-1,0,19.6,-0.7,1504.56,,2.14,344.0,344.0,344.0,10,10,1.0,82.4,81.4
333430,일승,,4830,13.0,19.1,21.9,-53.7,22.6,-1.4,-20.9,-23.7,-13.2,-13.5,-22.7,0.43,10430,3940,5,False,True,False,110306,373193,6.5,5.2,22.4,0.3,3,False,True,False,False,5일선회복,74.4,-2.3,0.0,-2.2,0.0,True,0,강세,-1,0,-1,0,19.6,-0.7,1504.56,,2.14,344.0,344.0,344.0,10,10,1.0,82.4,81.4
206650,유바이오로직스,,10790,23.2,8.6,16.9,-39.0,1.7,-4.5,-20.4,-21.9,-10.4,-17.3,-16.6,1.06,17700,10610,0,False,False,False,309641,279277,31.8,33.8,33.6,1.11,0,False,False,False,False,-,74.3,-13.2,1.0,-29.0,10.4,True,8,강세,-1,0,-1,0,19.6,-0.7,1504.56,,2.14,344.0,344.0,344.0,10,10,1.0,82.3,81.3
380550,뉴로핏,,17630,38.9,38.7,35.0,-52.0,73.7,0.7,-17.2,-36.8,-5.6,-12.8,-17.3,0.44,36700,10150,10,False,True,True,267285,462783,37.1,45.1,84.7,0.58,6,False,True,True,False,5일선회복/+3%반등,51.3,13.2,3.2,-6.3,-7.9,True,15,강세,-1,0,-1,0,19.6,-0.7,1504.56,,2.14,344.0,344.0,344.0,10,10,1.0,82.3,81.3
900290,GRT,,3570,33.3,49.6,44.0,-52.3,35.2,6.4,-27.1,-14.3,-2.5,-25.7,-4.0,1.26,7490,2640,10,False,True,True,425937,775903,32.5,14.5,30.4,0.55,10,False,True,True,True,5일선회복/+3%반등/거래량동반양봉,62.3,-18.2,-0.0,-40.0,-3.8,True,0,강세,-1,0,-1,0,19.6,-0.7,1504.56,,2.14,344.0,344.0,344.0,10,10,1.0,82.3,81.3
452160,제이엔비,,5290,34.1,34.2,32.2,-48.4,15.0,1.7,-19.0,-18.5,-7.2,-7.1,-22.3,1.49,10250,4600,10,False,True,True,34880,46674,3.5,1.8,2.8,0.75,10,False,True,True,True,5일선회복/+3%반등/거래량동반양봉,62.3,0.0,-0.0,-2.9,-0.0,True,0,강세,-1,0,-1,0,19.6,-0.7,1504.56,,2.14,344.0,344.0,344.0,10,10,1.0,82.3,81.3
221840,하이즈항공,,2420,26.5,13.7,17.3,-30.9,49.8,-3.0,-18.5,-11.5,-12.1,-11.9,-1.0,1.09,3500,1616,5,False,True,False,48464,63002,1.6,1.2,1.8,0.77,0,False,False,False,False,-,69.2,-0.5,0.1,-2.7,1.1,True,8,강세,-1,0,-1,0,19.6,-0.7,1504.56,,2.14,344.0,344.0,344.0,10,10,1.0,82.2,81.2
053350,이니텍,,2755,30.3,14.9,22.0,-77.9,3.4,-0.7,-19.3,-25.8,-5.0,-10.8,-56.0,0.59,12450,2665,0,False,False,False,92010,128809,1.8,2.6,3.8,0.71,0,False,False,False,False,-,74.2,0.5,0.0,-1.4,-0.0,True,8,강세,-1,0,-1,0,19.6,-0.7,1504.56,,2.14,344.0,344.0,344.0,10,10,1.0,82.2,81.2
451250,삐아,,7850,27.4,16.5,22.6,-41.9,4.7,-1.1,-10.3,-11.7,-6.1,-6.7,-17.3,0.29,13500,7500,5,False,True,False,39142,94865,2.2,3.1,8.3,0.41,3,False,True,False,False,5일선회복,66.2,0.1,-0.0,-4.7,0.0,True,8,강세,-1,0,-1,0,19.6,-0.7,1504.56,,2.14,344.0,344.0,344.0,10,10,1.0,82.2,81.2
005160,동국산업,,2825,12.8,5.1,17.1,-31.5,16.3,-5.0,-16.8,-3.3,-14.8,-13.0,-8.3,0.76,4125,2430,5,False,True,False,137757,242579,5.3,3.9,8.3,0.57,0,False,False,False,False,-,69.2,-2.5,0.1,-2.0,0.2,True,8,강세,-1,0,-1,0,19.6,-0.7,1504.56,,2.14,344.0,344.0,344.0,10,10,1.0,82.2,81.2
098070,한텍,,36900,17.8,23.3,29.3,-40.7,30.4,3.1,-14.0,-5.1,-10.7,-16.3,-8.0,0.47,62200,28300,5,False,True,False,66222,120902,19.9,23.8,52.2,0.55,6,False,True,True,False,5일선회복/+3%반등,63.2,7.4,-10.9,-2.6,-25.9,True,8,강세,-1,0,-1,0,19.6,-0.7,1504.56,,2.14,344.0,344.0,344.0,10,10,1.0,82.2,81.2
473980,노머스,,15030,35.1,21.5,12.6,-60.4,5.1,-9.1,-15.6,-31.8,-10.0,-14.2,-38.2,0.67,38000,14300,0,False,False,False,72308,65171,6.7,10.9,10.8,1.11,0,False,False,False,False,-,67.2,2.6,8.9,-7.9,31.2,True,15,강세,-1,0,-1,0,19.6,-0.7,1504.56,,2.14,344.0,344.0,344.0,10,10,1.0,82.2,81.2
0010V0,제이피아이헬스케어,,9750,11.5,19.3,17.7,-67.5,5.9,-2.5,-21.7,-33.4,-12.3,-17.1,,1.13,30000,9210,5,False,True,False,16910,17628,2.0,1.7,1.9,0.96,0,False,False,False,False,-,77.1,-0.1,0.0,-1.4,0.0,True,0,강세,-1,0,-1,0,19.6,-0.7,1504.56,,2.14,344.0,344.0,344.0,10,10,1.0,82.1,81.1
416180,신성에스티,,32200,27.7,38.8,29.9,-38.7,15.0,3.2,-19.2,-16.8,-7.9,-7.7,-13.3,0.53,52500,28000,5,False,True,False,39710,59643,9.5,12.2,21.4,0.67,6,False,True,True,False,5일선회복/+3%반등,63.1,1.1,-0.3,-6.7,-6.1,True,8,강세,-1,0,-1,0,19.6,-0.7,1504.56,,2.14,344.0,344.0,344.0,10,10,1.0,82.1,81.1
353590,오토앤,,2520,25.5,2.8,12.3,-45.2,0.8,-4.2,-17.6,-20.6,-12.0,-11.2,-19.3,0.85,4600,2500,5,False,True,False,21886,32391,0.7,0.6,0.9,0.68,0,False,False,False,False,-,77.0,-0.1,-0.0,0.2,0.0,True,0,강세,-1,0,-1,0,19.6,-0.7,1504.56,,2.14,344.0,344.0,344.0,10,10,1.0,82.0,81.0
063170,서울옥션,,6100,27.1,13.5,18.3,-48.1,3.2,-2.9,-15.9,-34.4,-7.6,-13.9,-19.7,0.76,11750,5910,5,False,True,False,78255,106491,5.0,4.8,7.1,0.73,3,False,True,False,False,5일선회복,74.0,-2.6,-0.0,-11.2,-7.5,True,0,강세,-1,0,-1,0,19.6,-0.7,1504.56,,2.14,344.0,344.0,344.0,10,10,1.0,82.0,81.0
109670,씨싸이트,,4070,24.7,17.2,19.6,-60.8,5.2,-6.3,-27.3,-36.1,-12.0,-18.1,-33.1,0.43,10370,3870,0,False,False,False,6727,12386,0.2,0.3,0.6,0.54,3,False,False,True,False,+3%반등,79.0,0.0,0.0,0.6,-0.0,True,0,강세,-1,0,-1,0,19.6,-0.7,1504.56,,2.14,344.0,344.0,344.0,10,10,1.0,82.0,81.0
365590,하이딥,,1579,24.4,26.0,19.7,-62.4,13.4,-5.4,-21.6,-51.3,-13.3,-20.1,-36.0,0.46,4200,1392,5,False,True,False,31421,57758,0.4,0.5,1.0,0.54,3,False,False,True,False,+3%반등,73.9,-0.3,0.0,-1.1,0.0,True,0,강세,-1,0,-1,0,19.6,-0.7,1504.56,,2.14,344.0,344.0,344.0,10,10,1.0,81.9,80.9
036830,솔브레인홀딩스,,54100,19.5,16.3,22.5,-33.0,100.4,-1.8,-16.3,0.4,-14.8,-5.3,14.6,0.72,80800,27000,5,False,True,False,86956,153561,59.2,46.6,101.0,0.57,3,False,True,False,False,5일선회복,65.8,7.0,-32.3,102.2,-84.0,True,8,강세,-1,0,-1,0,19.6,-0.7,1504.56,,2.14,344.0,344.0,344.0,10,10,1.0,81.8,80.8
476830,알지노믹스,,145900,35.4,40.6,31.5,-40.5,62.1,5.2,-20.5,6.6,-9.2,-20.9,,0.64,245250,90000,5,False,True,False,248698,322131,293.6,344.0,532.9,0.77,6,False,True,True,False,5일선회복/+3%반등,55.8,68.0,52.1,896.5,-522.6,True,15,강세,-1,0,-1,0,19.6,-0.7,1504.56,,2.14,344.0,344.0,344.0,10,10,1.0,81.8,80.8
417790,트루엔,,6750,17.2,10.2,12.7,-31.8,2.0,-0.7,-8.5,-18.3,-8.7,-9.4,-16.7,0.91,9900,6620,5,False,True,False,42240,40567,2.5,2.9,3.0,1.04,0,False,False,False,False,-,66.8,0.1,1.2,1.8,3.5,True,10,강세,-1,0,-1,0,19.6,-0.7,1504.56,,2.14,344.0,344.0,344.0,10,10,1.0,81.8,80.8
203450,유니온바이오메트릭스,,2820,14.4,12.2,5.7,-33.3,4.3,-5.4,-14.9,-13.4,-8.0,-9.2,-10.3,1.18,4230,2705,0,False,False,False,36031,41369,1.3,1.0,1.3,0.87,0,False,False,False,False,-,73.8,0.5,0.0,-0.7,-0.0,True,8,강세,-1,0,-1,0,19.6,-0.7,1504.56,,2.14,344.0,344.0,344.0,10,10,1.0,81.8,80.8
314130,지놈앤컴퍼니,,5700,29.0,20.8,12.1,-44.0,133.6,-13.6,-7.2,-21.6,-14.3,-22.2,7.0,0.74,10180,2440,10,True,False,True,1902890,928603,39.6,110.2,59.7,2.05,0,False,False,False,False,-,68.7,38.3,-76.3,36.7,-81.4,True,3,강세,-1,0,-1,0,19.6,-0.7,1504.56,,2.14,344.0,344.0,344.0,10,10,1.0,81.7,80.7
342870,오아,,6120,35.4,26.6,20.8,-66.0,5.9,-2.1,-10.3,-21.4,-6.4,-6.6,,1.42,17980,5780,5,False,True,False,9898,11298,0.8,0.6,0.8,0.88,7,False,True,False,True,5일선회복/거래량동반양봉,61.7,0.1,0.0,-0.5,0.9,True,8,강세,-1,0,-1,0,19.6,-0.7,1504.56,,2.14,344.0,344.0,344.0,10,10,1.0,81.7,80.7
065370,위세아이텍,,4455,17.7,25.4,26.0,-60.2,8.7,-0.8,-19.9,-22.1,-9.0,-11.1,-23.4,0.65,11200,4100,5,False,True,False,25750,33954,1.0,1.1,1.7,0.76,6,False,True,True,False,5일선회복/+3%반등,70.7,-0.1,-0.0,-0.7,0.0,True,0,강세,-1,0,-1,0,19.6,-0.7,1504.56,,2.14,344.0,344.0,344.0,10,10,1.0,81.7,80.7
048530,인트론바이오,,3030,23.4,14.9,20.4,-56.8,4.7,-1.8,-22.0,-16.8,-9.8,-19.9,-19.9,0.71,7010,2895,5,False,True,False,134537,197919,4.2,4.1,6.8,0.68,0,False,False,False,False,-,76.6,-0.2,0.0,-2.9,0.0,True,0,강세,-1,0,-1,0,19.6,-0.7,1504.56,,2.14,344.0,344.0,344.0,10,10,1.0,81.6,80.6
048830,엔피케이,,1011,25.4,27.2,12.4,-27.2,25.7,-0.9,-13.7,9.9,-8.3,-5.0,-2.2,0.9,1389,804,10,False,True,True,79426,88789,0.8,0.8,1.0,0.89,0,False,False,False,False,-,63.5,0.3,-0.0,-0.0,-0.0,True,8,강세,-1,0,-1,0,19.6,-0.7,1504.56,,2.14,344.0,344.0,344.0,10,10,1.0,81.5,80.5
101160,월덱스,,28000,27.8,33.2,26.1,-20.9,58.7,3.3,-15.2,-1.2,-9.1,-8.9,8.6,0.99,35400,17640,5,False,True,False,150687,154692,42.8,40.7,47.2,0.97,6,False,True,True,False,5일선회복/+3%반등,55.5,4.6,6.5,98.6,-37.7,True,15,강세,-1,0,-1,0,19.6,-0.7,1504.56,,2.14,344.0,344.0,344.0,10,10,1.0,81.5,80.5
053580,웹케시,,7810,23.4,10.3,21.0,-69.3,2.0,-1.6,-20.0,-21.0,-8.5,-10.1,-27.5,0.73,25400,7660,5,False,True,False,40956,59191,3.3,3.2,5.1,0.69,0,False,False,False,False,-,76.5,-1.0,-0.0,-0.9,-0.0,True,0,강세,-1,0,-1,0,19.6,-0.7,1504.56,,2.14,344.0,344.0,344.0,10,10,1.0,81.5,80.5
033130,디지틀조선,,1980,17.9,19.4,24.4,-35.5,45.8,-0.6,-26.9,-13.9,-15.3,-23.0,3.0,0.45,3070,1358,5,False,True,False,233818,382688,3.6,4.6,8.7,0.61,6,False,True,True,False,5일선회복/+3%반등,70.5,-1.4,0.0,7.2,-0.0,True,0,강세,-1,0,-1,0,19.6,-0.7,1504.56,,2.14,344.0,344.0,344.0,10,10,1.0,81.5,80.5
163280,에어레인,,5360,26.1,35.4,32.6,-52.0,9.4,3.1,-16.9,-18.2,-6.8,-9.7,-25.1,0.56,11175,4900,10,False,True,True,82893,135310,3.9,4.2,7.9,0.61,6,False,True,True,False,5일선회복/+3%반등,65.4,-0.4,-0.2,-13.2,0.3,True,0,강세,-1,0,-1,0,19.6,-0.7,1504.56,,2.14,344.0,344.0,344.0,10,10,1.0,81.4,80.4
045390,대아티아이,,3495,20.3,16.6,21.1,-43.2,9.2,-0.3,-22.5,-27.0,-15.9,-17.5,-20.3,0.63,6150,3200,5,False,True,False,968378,1525608,34.5,33.2,64.9,0.63,3,False,True,False,False,5일선회복,73.4,-8.5,-0.3,-42.9,-0.5,True,0,강세,-1,0,-1,0,19.6,-0.7,1504.56,,2.14,344.0,344.0,344.0,10,10,1.0,81.4,80.4
159580,제로투세븐,,3260,15.6,9.0,12.9,-44.1,2.0,-5.9,-17.9,-22.4,-11.1,-11.6,-19.5,0.88,5830,3195,5,True,False,False,64348,47346,1.4,2.1,1.7,1.36,0,False,False,False,False,-,76.4,-0.2,-0.0,-0.1,0.0,True,0,강세,-1,0,-1,0,19.6,-0.7,1504.56,,2.14,344.0,344.0,344.0,10,10,1.0,81.4,80.4
187660,페니트리움바이오,,7550,25.3,12.8,19.9,-64.9,inf,-10.4,-36.2,-18.6,-21.4,-37.3,27.4,0.92,21500,0,0,False,False,False,1870974,1948628,135.1,149.8,192.3,0.96,0,False,False,False,False,-,81.3,-20.1,-2.3,137.3,5.8,True,0,강세,-1,0,-1,0,19.6,-0.7,1504.56,,2.14,344.0,344.0,344.0,10,10,1.0,81.3,80.3
036670,삼양케이씨아이,,5550,21.6,9.0,9.5,-26.2,1.1,-3.6,-11.3,-14.4,-6.6,-8.0,-14.4,2.76,7520,5490,5,False,False,True,41668,31976,5.1,2.3,1.9,1.3,0,False,False,False,False,-,76.1,-0.1,0.0,-2.0,0.0,True,0,강세,-1,0,-1,0,19.6,-0.7,1504.56,,2.14,344.0,344.0,344.0,10,10,1.0,81.1,80.1
298830,슈어소프트테크,,6640,35.9,23.8,17.7,-39.0,50.9,-4.6,-13.8,-18.3,-10.3,-8.7,2.6,0.3,10880,4400,5,False,True,False,547531,1522416,31.2,35.7,118.2,0.36,3,False,True,False,False,5일선회복,58.1,11.1,0.7,-45.2,-5.4,True,15,강세,-1,0,-1,0,19.6,-0.7,1504.56,,2.14,344.0,344.0,344.0,10,10,1.0,81.1,80.1
279600,미디어젠,,4770,33.6,37.1,33.3,-65.9,inf,6.8,-21.7,-26.6,-7.4,-18.2,-39.0,0.66,13990,0,5,False,True,False,7198,9291,0.3,0.3,0.5,0.77,6,False,True,True,False,5일선회복/+3%반등,62.1,0.2,0.0,1.5,0.1,True,8,강세,-1,0,-1,0,19.6,-0.7,1504.56,,2.14,344.0,344.0,344.0,10,10,1.0,81.1,80.1
060380,동양에스텍,,1320,17.0,5.7,18.7,-45.2,8.6,-1.6,-10.8,-10.3,-9.4,-8.0,-12.4,0.4,2410,1216,10,False,True,True,57200,213766,1.2,0.8,3.3,0.27,0,False,False,False,False,-,71.0,-0.5,-0.0,-1.7,0.0,True,0,강세,-1,0,-1,0,19.6,-0.7,1504.56,,2.14,344.0,344.0,344.0,10,10,1.0,81.0,80.0
024850,HLB이노베이션,,18740,27.9,15.7,18.2,-35.6,156.7,-6.3,-18.9,23.3,-14.2,-16.8,40.0,0.63,29100,7300,0,False,False,False,281399,338091,41.8,51.7,77.0,0.83,3,False,True,False,False,5일선회복,70.0,23.6,-7.0,-53.8,53.7,True,8,강세,-1,0,-1,0,19.6,-0.7,1504.56,,2.14,344.0,344.0,344.0,10,10,1.0,81.0,80.0
052220,iMBC,,2575,12.6,10.5,16.2,-44.5,2.6,-2.8,-19.7,-22.6,-10.9,-14.7,-20.0,0.85,4640,2510,5,False,True,False,90674,125691,2.8,2.4,3.6,0.72,0,False,False,False,False,-,76.0,-2.0,0.0,-9.9,0.0,True,0,강세,-1,0,-1,0,19.6,-0.7,1504.56,,2.14,344.0,344.0,344.0,10,10,1.0,81.0,80.0
067730,로지시스,,2915,29.4,30.8,30.1,-43.7,30.4,2.3,-19.0,12.1,-6.2,-1.1,3.7,0.47,5180,2235,10,False,True,True,65715,180809,2.4,1.9,5.9,0.36,6,False,True,True,False,5일선회복/+3%반등,64.9,-0.3,-0.0,2.3,-0.0,True,0,강세,-1,0,-1,0,19.6,-0.7,1504.56,,2.14,344.0,344.0,344.0,10,10,1.0,80.9,79.9
006730,서부T&D,,11140,22.1,1.3,6.9,-45.5,85.0,-9.1,-20.3,-35.4,-17.4,-18.4,-9.3,1.05,20450,6020,0,False,False,False,608619,815798,98.0,70.9,112.1,0.75,0,False,False,False,False,-,80.8,-23.9,-37.9,-171.1,-2.9,True,0,강세,-1,0,-1,0,19.6,-0.7,1504.56,,2.14,344.0,344.0,344.0,10,10,1.0,80.8,79.8
027050,코리아나,,1700,24.8,9.6,17.2,-54.5,3.0,-3.3,-9.2,-19.8,-9.8,-8.4,-25.5,0.08,3740,1650,5,False,True,False,183707,1385045,2.1,3.1,28.3,0.13,0,False,False,False,False,-,72.7,0.1,0.0,-22.4,-0.4,True,3,강세,-1,0,-1,0,19.6,-0.7,1504.56,,2.14,344.0,344.0,344.0,10,10,1.0,80.7,79.7
021320,KCC건설,,6050,28.7,15.3,17.4,-22.8,35.2,-4.0,-17.5,-13.6,-10.0,-10.7,5.1,0.87,7840,4475,5,False,True,False,48663,71756,3.8,2.9,5.0,0.68,3,False,True,False,False,5일선회복,64.6,0.8,-0.0,1.4,-3.3,True,8,강세,-1,0,-1,0,19.6,-0.7,1504.56,,2.14,344.0,344.0,344.0,10,10,1.0,80.6,79.6
025950,동신건설,,14480,34.9,13.1,25.4,-68.2,8.7,0.7,-15.8,-22.1,-7.0,-8.0,-14.1,0.26,45500,13320,5,False,True,False,21573,71227,2.7,3.1,11.6,0.3,3,False,True,False,False,5일선회복,64.6,1.2,0.0,-3.7,0.0,True,8,강세,-1,0,-1,0,19.6,-0.7,1504.56,,2.14,344.0,344.0,344.0,10,10,1.0,80.6,79.6
045510,정원엔시스,,1010,31.0,25.8,20.1,-40.1,56.3,-8.9,-40.1,20.2,-7.7,-3.5,4.0,0.23,1686,646,0,False,False,False,378379,1023344,1.7,3.9,12.3,0.37,0,False,False,False,False,-,72.5,0.6,0.0,3.5,0.0,True,8,강세,-1,0,-1,0,19.6,-0.7,1504.56,,2.14,344.0,344.0,344.0,10,10,1.0,80.5,79.5
186230,그린플러스,,4140,32.7,40.7,26.2,-50.4,6.2,0.5,-11.9,-15.7,-4.4,-8.0,-25.1,0.64,8340,3900,5,False,True,False,29813,54347,1.4,1.2,2.4,0.55,6,False,True,True,False,5일선회복/+3%반등,61.4,0.1,-0.2,-2.3,-0.4,True,8,강세,-1,0,-1,0,19.6,-0.7,1504.56,,2.14,344.0,344.0,344.0,10,10,1.0,80.4,79.4
063080,컴투스홀딩스,,15670,27.8,26.5,29.4,-59.1,6.8,1.0,-20.5,-21.5,-6.9,-11.9,-19.4,0.49,38300,14670,5,False,True,False,22331,37103,2.9,3.4,6.2,0.6,6,False,True,True,False,5일선회복/+3%반등,69.4,-1.9,0.0,-12.8,-5.3,True,0,강세,-1,0,-1,0,19.6,-0.7,1504.56,,2.14,344.0,344.0,344.0,10,10,1.0,80.4,79.4
333050,이노테나,,6710,17.5,77.0,-2.7,-26.3,34.5,-3.7,-5.1,8.5,-3.1,1.1,-2.0,2.86,9106,4988,5,True,False,False,31045,12508,1.9,2.1,0.9,2.48,0,False,False,False,False,-,72.4,0.6,-1.0,0.2,0.0,True,3,강세,-1,0,-1,0,19.6,-0.7,1504.56,,2.14,344.0,344.0,344.0,10,10,1.0,80.4,79.4
038500,삼표시멘트,,13210,32.0,23.8,25.9,-43.8,inf,-1.4,-17.4,-9.0,-10.1,-15.8,60.8,0.48,23500,0,5,False,True,False,1605447,3710388,244.2,204.7,562.2,0.43,3,False,True,False,False,5일선회복,64.4,116.9,-10.1,105.5,8.5,True,8,강세,-1,0,-1,0,19.6,-0.7,1504.56,,2.14,344.0,344.0,344.0,10,10,1.0,80.4,79.4
278280,천보,,50600,19.4,26.4,25.8,-37.2,60.6,0.0,-27.7,-4.5,-12.3,-9.2,-4.8,0.65,80600,31500,5,False,True,False,71736,106176,33.1,34.8,63.3,0.68,6,False,True,True,False,5일선회복/+3%반등,69.3,-13.6,-1.8,67.7,-106.3,True,0,강세,-1,0,-1,0,19.6,-0.7,1504.56,,2.14,344.0,344.0,344.0,10,10,1.0,80.3,79.3
053030,바이넥스,,9740,32.7,38.7,31.5,-54.2,9.4,2.9,-15.3,-35.3,-6.0,-12.6,-32.4,1.04,21250,8900,5,False,True,False,200534,185964,19.1,18.8,19.1,1.08,6,False,True,True,False,5일선회복/+3%반등,61.2,12.7,-1.5,7.2,-22.6,True,8,강세,-1,0,-1,0,19.6,-0.7,1504.56,,2.14,344.0,344.0,344.0,10,10,1.0,80.2,79.2
148250,알엔투테크놀로지,,3110,25.0,41.0,34.7,-68.2,41.4,4.2,-26.1,9.9,-8.4,-14.8,-36.7,0.8,9770,2200,5,False,True,False,219839,290508,7.3,6.7,10.4,0.76,6,False,True,True,False,5일선회복/+3%반등,69.2,-1.2,-5.7,-0.2,-12.5,True,0,강세,-1,0,-1,0,19.6,-0.7,1504.56,,2.14,344.0,344.0,344.0,10,10,1.0,80.2,79.2
032750,삼진,,3225,16.5,8.7,17.6,-33.5,4.0,-1.7,-9.9,-9.0,-5.8,-5.9,-13.4,1.58,4850,3100,5,False,True,False,30680,25019,1.2,1.0,0.8,1.23,3,False,True,False,False,5일선회복,69.2,0.2,-0.0,0.3,-0.1,True,3,강세,-1,0,-1,0,19.6,-0.7,1504.56,,2.14,344.0,344.0,344.0,10,10,1.0,80.2,79.2
294570,쿠콘,,25850,29.1,24.2,22.8,-49.7,31.2,-3.7,-13.8,-24.3,-8.2,-9.6,-20.4,0.61,51400,19700,0,False,False,False,32042,43612,6.5,8.1,12.4,0.73,3,False,True,False,False,5일선회복,69.1,5.9,-0.1,-3.3,-2.7,True,8,강세,-1,0,-1,0,19.6,-0.7,1504.56,,2.14,344.0,344.0,344.0,10,10,1.0,80.1,79.1
460870,에스엠씨지,,3060,27.0,19.6,20.2,-68.0,15.5,-0.2,-15.2,-14.4,-9.2,-12.7,-31.5,0.91,9570,2650,5,False,True,False,127316,167282,4.7,3.9,5.7,0.76,3,False,False,True,False,+3%반등,72.1,-1.5,-2.4,-12.7,-8.9,True,0,강세,-1,0,-1,0,19.6,-0.7,1504.56,,2.14,344.0,344.0,344.0,10,10,1.0,80.1,79.1
317690,퀀타매트릭스,,3380,20.5,15.3,21.7,-48.4,15.8,-0.1,-15.5,-18.2,-9.0,-10.6,-19.3,0.61,6550,2920,5,False,True,False,96684,134878,2.9,3.2,5.1,0.72,3,False,True,False,False,5일선회복,72.1,-1.7,-1.0,-3.7,-1.0,True,0,강세,-1,0,-1,0,19.6,-0.7,1504.56,,2.14,344.0,344.0,344.0,10,10,1.0,80.1,79.1
008830,대동기어,,18070,35.7,27.0,20.4,-37.8,29.1,0.7,-15.8,-25.6,-7.3,-10.4,-1.4,0.37,29050,14000,5,False,True,False,105916,259365,15.4,18.8,51.4,0.41,3,False,True,False,False,5일선회복,57.1,9.2,1.3,20.9,6.1,True,15,강세,-1,0,-1,0,19.6,-0.7,1504.56,,2.14,344.0,344.0,344.0,10,10,1.0,80.1,79.1
472850,폰드그룹,,4730,21.9,11.8,15.9,-54.5,27.8,-2.4,-13.8,-23.7,-10.4,-10.9,-12.4,0.72,10400,3702,5,False,True,False,42017,65885,2.2,2.0,3.5,0.64,0,False,False,False,False,-,75.1,-3.7,-0.4,-6.4,-8.5,True,0,강세,-1,0,-1,0,19.6,-0.7,1504.56,,2.14,344.0,344.0,344.0,10,10,1.0,80.1,79.1
122690,서진오토모티브,,2040,34.5,25.0,22.5,-52.6,16.6,-2.2,-16.9,-26.0,-8.3,-14.6,-13.9,0.83,4300,1750,5,False,True,False,68260,87609,1.5,1.4,2.0,0.78,3,False,True,False,False,5일선회복,64.0,0.6,0.0,0.4,0.0,True,8,강세,-1,0,-1,0,19.6,-0.7,1504.56,,2.14,344.0,344.0,344.0,10,10,1.0,80.0,79.0
080520,오디텍,,3495,16.0,9.0,14.0,-38.9,29.4,-2.6,-20.1,11.5,-13.2,-12.2,4.3,0.5,5720,2700,5,False,True,False,39838,73558,1.2,1.4,3.0,0.54,0,False,False,False,False,-,75.0,-0.1,-0.0,2.2,-0.0,True,0,강세,-1,0,-1,0,19.6,-0.7,1504.56,,2.14,344.0,344.0,344.0,10,10,1.0,80.0,79.0
457600,벡트,,1762,26.3,20.4,19.9,-62.6,10.7,-2.5,-15.1,-16.3,-12.2,-16.2,-29.2,0.64,4705,1592,5,False,True,False,29316,55830,0.6,0.5,1.2,0.53,3,False,True,False,False,5일선회복,72.0,-0.0,-0.0,-0.5,0.0,True,0,강세,-1,0,-1,0,19.6,-0.7,1504.56,,2.14,344.0,344.0,344.0,10,10,1.0,80.0,79.0
293780,압타바이오,,6580,18.4,16.7,20.6,-45.0,8.6,-2.4,-7.8,-17.6,-11.7,-9.2,-16.7,0.47,11960,6060,10,False,True,True,84227,167604,5.3,5.5,12.8,0.5,3,False,True,False,False,5일선회복,67.0,-5.4,-0.0,-2.7,-0.1,True,0,강세,-1,0,-1,0,19.6,-0.7,1504.56,,2.14,344.0,344.0,344.0,10,10,1.0,80.0,79.0
299170,더블유에스아이,,1906,27.3,1.4,14.3,-61.9,30.8,-5.9,-21.4,-39.9,-13.6,-20.3,-20.2,0.84,5000,1457,0,False,False,False,574065,899772,14.7,11.4,20.0,0.64,0,False,False,False,False,-,80.0,-9.0,0.0,-22.9,0.0,True,0,강세,-1,0,-1,0,19.6,-0.7,1504.56,,2.14,344.0,344.0,344.0,10,10,1.0,80.0,79.0
365330,에스와이스틸텍,,3015,32.3,18.9,20.8,-50.2,8.5,-3.4,-21.6,-22.9,-12.5,-15.2,-17.2,0.43,6049,2780,5,False,True,False,516449,924204,12.0,15.1,32.6,0.56,3,False,True,False,False,5일선회복,71.8,-8.9,-0.6,71.0,6.8,True,0,강세,-1,0,-1,0,19.6,-0.7,1504.56,,2.14,344.0,344.0,344.0,10,10,1.0,79.8,78.8
052600,한네트,,3400,13.2,0.0,13.9,-41.7,11.3,-3.0,-17.3,-7.0,-10.0,-9.7,-14.3,0.59,5830,3055,5,False,True,False,38283,84394,1.6,1.3,3.3,0.45,0,False,False,False,False,-,74.8,-0.6,0.0,4.6,0.0,True,0,강세,-1,0,-1,0,19.6,-0.7,1504.56,,2.14,344.0,344.0,344.0,10,10,1.0,79.8,78.8
096350,대창솔루션,,2450,24.4,20.0,24.3,-41.4,36.1,1.7,-18.7,2.3,-12.1,-18.0,0.4,0.71,4180,1800,5,False,True,False,399336,992581,15.7,9.7,29.3,0.4,6,False,True,True,False,5일선회복/+3%반등,68.7,-3.3,-0.0,-0.7,0.0,True,0,강세,-1,0,-1,0,19.6,-0.7,1504.56,,2.14,344.0,344.0,344.0,10,10,1.0,79.7,78.7
044990,에이치엔에스하이텍,,15130,18.2,17.1,30.3,-37.5,15.0,1.9,-7.1,-8.1,-9.3,-4.2,-6.3,0.41,24200,13160,10,False,True,True,46977,167121,10.8,6.9,31.0,0.28,10,False,True,True,True,5일선회복/+3%반등/거래량동반양봉,59.7,-0.4,-1.3,-16.5,0.1,True,0,강세,-1,0,-1,0,19.6,-0.7,1504.56,,2.14,344.0,344.0,344.0,10,10,1.0,79.7,78.7
044490,태웅,,41300,18.4,21.7,26.2,-32.6,208.9,1.5,-12.1,13.5,-13.5,-13.7,15.0,0.43,61300,13370,5,False,True,False,125996,289424,45.6,49.6,147.6,0.44,6,False,True,True,False,5일선회복/+3%반등,60.7,28.8,-38.8,67.9,-82.8,True,8,강세,-1,0,-1,0,19.6,-0.7,1504.56,,2.14,344.0,344.0,344.0,10,10,1.0,79.7,78.7
0009K0,에임드바이오,,40050,36.1,51.5,39.7,-50.1,23.8,11.9,-15.1,-21.5,-5.3,-16.2,,1.23,80200,32350,5,False,True,False,246696,221610,109.9,89.2,93.1,1.11,6,False,True,True,False,5일선회복/+3%반등,53.7,32.7,2.5,83.3,-155.7,True,15,강세,-1,0,-1,0,19.6,-0.7,1504.56,,2.14,344.0,344.0,344.0,10,10,1.0,79.7,78.7
219550,디와이디,,1552,32.3,19.4,19.8,-51.9,94.5,-6.6,-17.9,2.0,-10.2,-10.4,4.8,1.27,3225,798,0,False,False,False,151157,182506,3.7,2.4,3.2,0.83,0,False,False,False,False,-,71.6,2.4,-0.0,7.8,-0.0,True,8,강세,-1,0,-1,0,19.6,-0.7,1504.56,,2.14,344.0,344.0,344.0,10,10,1.0,79.6,78.6
348150,고바이오랩,,4190,18.9,8.2,14.6,-52.0,2.2,-5.4,-20.6,-14.9,-12.9,-19.2,-22.8,0.92,8730,4100,0,False,False,False,90542,92290,3.5,3.9,4.4,0.98,0,False,False,False,False,-,79.5,-0.3,-0.6,-2.0,0.1,True,0,강세,-1,0,-1,0,19.6,-0.7,1504.56,,2.14,344.0,344.0,344.0,10,10,1.0,79.5,78.5
463480,모티브링크,,6850,17.8,13.1,18.0,-44.8,7.7,-2.4,-13.1,-19.4,-12.6,-9.2,-19.9,0.28,12410,6360,5,False,True,False,69908,249775,5.0,4.8,21.1,0.28,3,False,True,False,False,5일선회복,71.5,-0.3,0.0,1.5,0.0,True,0,강세,-1,0,-1,0,19.6,-0.7,1504.56,,2.14,344.0,344.0,344.0,10,10,1.0,79.5,78.5
107600,새빗켐,,25250,29.6,26.8,27.9,-40.9,81.0,2.6,-25.1,-22.8,-10.3,-8.9,-16.0,0.4,42750,13950,5,False,True,False,18897,51749,5.1,4.7,15.5,0.37,6,False,True,True,False,5일선회복/+3%반등,68.5,0.0,-0.1,-4.8,-8.4,True,0,강세,-1,0,-1,0,19.6,-0.7,1504.56,,2.14,344.0,344.0,344.0,10,10,1.0,79.5,78.5
376180,피코그램,,2255,13.1,15.0,23.4,-47.5,7.4,-1.1,-16.3,-19.6,-13.1,-16.5,-17.1,0.35,4295,2100,5,False,True,False,69386,272506,1.2,1.5,7.7,0.25,3,False,True,False,False,5일선회복,71.5,-0.2,-0.0,-3.3,-0.0,True,0,강세,-1,0,-1,0,19.6,-0.7,1504.56,,2.14,344.0,344.0,344.0,10,10,1.0,79.5,78.5
217820,원익피앤이,,2980,13.1,17.4,21.7,-35.6,39.6,-2.3,-25.3,-27.3,-15.0,-10.6,-13.0,0.6,4625,2135,5,False,True,False,286671,497192,8.4,8.3,18.2,0.58,3,False,True,False,False,5일선회복,71.4,-7.9,-0.6,-1.9,-0.4,True,0,강세,-1,0,-1,0,19.6,-0.7,1504.56,,2.14,344.0,344.0,344.0,10,10,1.0,79.4,78.4
037330,인지디스플레,,1303,26.3,2.9,8.8,-19.6,2.6,-6.3,-14.8,-13.7,-9.1,-9.0,-8.1,1.9,1620,1270,0,False,False,False,111858,88898,2.3,1.5,1.3,1.26,0,False,False,False,False,-,71.2,0.5,0.0,1.9,-0.0,True,8,강세,-1,0,-1,0,19.6,-0.7,1504.56,,2.14,344.0,344.0,344.0,10,10,1.0,79.2,78.2
036810,에프에스티,,36000,25.3,33.8,29.1,-29.4,124.1,3.7,-20.0,-17.7,-9.1,-11.2,6.1,0.64,51000,16065,5,False,True,False,128173,196485,45.5,44.8,78.3,0.65,6,False,True,True,False,5일선회복/+3%반등,60.1,4.3,-22.0,85.2,-166.1,True,8,강세,-1,0,-1,0,19.6,-0.7,1504.56,,2.14,344.0,344.0,344.0,10,10,1.0,79.1,78.1
474170,루미르,,13520,36.7,34.4,33.0,-40.3,89.6,-4.7,-10.3,-26.7,-7.3,-7.6,17.4,0.77,22650,7130,10,False,True,True,314677,566321,60.5,40.8,86.9,0.56,6,False,True,True,False,5일선회복/+3%반등,48.0,6.7,1.0,17.1,7.8,True,15,강세,-1,0,-1,0,19.6,-0.7,1504.56,,2.14,344.0,344.0,344.0,10,10,1.0,79.0,78.0
048430,유라테크,,7020,19.8,13.5,20.9,-42.5,3.1,-1.7,-16.4,-14.5,-9.1,-9.8,-12.4,0.78,12200,6810,5,False,True,False,38567,57451,3.1,2.7,4.5,0.67,3,False,True,False,False,5일선회복,71.0,-0.6,0.0,-4.0,0.0,True,0,강세,-1,0,-1,0,19.6,-0.7,1504.56,,2.14,344.0,344.0,344.0,10,10,1.0,79.0,78.0
479960,위너스일렉,,9810,14.4,6.2,15.7,-50.8,20.4,-4.3,-10.6,-8.5,-13.6,-7.2,-12.0,0.39,19930,8150,5,False,True,False,33381,193878,6.7,3.3,24.8,0.17,0,False,False,False,False,-,74.0,-0.6,-0.0,1.9,0.2,True,0,강세,-1,0,-1,0,19.6,-0.7,1504.56,,2.14,344.0,344.0,344.0,10,10,1.0,79.0,78.0
136150,원일티엔아이,,15000,30.1,28.9,32.5,-58.2,14.6,6.6,-13.8,-21.7,-9.0,-11.4,-24.1,1.0,35900,13090,5,False,True,False,37789,69800,9.9,5.3,12.1,0.54,10,False,True,True,True,5일선회복/+3%반등/거래량동반양봉,64.0,-1.8,-0.0,-13.9,-2.0,True,0,강세,-1,0,-1,0,19.6,-0.7,1504.56,,2.14,344.0,344.0,344.0,10,10,1.0,79.0,78.0
092600,앤씨앤,,4130,41.2,19.9,23.9,-57.6,65.9,-8.0,-19.0,15.5,-13.0,-14.5,19.9,2.47,9735,2490,5,True,False,False,544245,226232,23.2,22.6,10.7,2.41,3,False,True,False,False,5일선회복,63.0,0.9,-0.0,0.1,-1.3,True,8,강세,-1,0,-1,0,19.6,-0.7,1504.56,,2.14,344.0,344.0,344.0,10,10,1.0,79.0,78.0
217730,강스템바이오텍,,3220,20.7,33.9,27.3,-31.3,198.1,5.6,-22.7,42.5,-9.9,-7.0,51.0,0.66,4690,1080,10,False,True,True,710602,954470,20.5,22.1,34.4,0.74,6,False,True,True,False,5일선회복/+3%반등,63.0,-14.2,-0.5,-25.2,-0.7,True,0,강세,-1,0,-1,0,19.6,-0.7,1504.56,,2.14,344.0,344.0,344.0,10,10,1.0,79.0,78.0
133750,메가엠디,,1658,11.3,6.7,16.6,-42.5,1.1,-3.5,-11.1,-13.5,-6.4,-8.8,-11.4,0.47,2885,1640,0,False,False,False,40720,49816,0.4,0.7,0.9,0.82,0,False,False,False,False,-,70.9,-0.6,0.4,-0.6,2.5,True,8,강세,-1,0,-1,0,19.6,-0.7,1504.56,,2.14,344.0,344.0,344.0,10,10,1.0,78.9,77.9
187420,HLB제넥스,,2370,18.8,27.1,27.1,-37.4,8.7,1.9,-25.9,-18.3,-9.0,-12.5,-17.6,0.57,3785,2180,5,False,True,False,191968,207833,2.8,4.5,5.5,0.92,6,False,True,True,False,5일선회복/+3%반등,67.8,-3.5,-0.0,-0.5,-3.8,True,0,강세,-1,0,-1,0,19.6,-0.7,1504.56,,2.14,344.0,344.0,344.0,10,10,1.0,78.8,77.8
039240,경남스틸,,2525,22.1,13.0,23.5,-28.9,10.5,-2.3,-12.6,-7.2,-7.1,-6.5,-10.0,0.19,3550,2285,5,False,True,False,123796,708430,3.5,3.1,20.7,0.17,3,False,True,False,False,5일선회복,62.7,0.8,0.0,-3.4,0.0,True,8,강세,-1,0,-1,0,19.6,-0.7,1504.56,,2.14,344.0,344.0,344.0,10,10,1.0,78.7,77.7
040300,YTN,,2900,12.7,13.0,20.1,-40.8,10.5,-2.7,-16.1,-20.9,-9.1,-10.3,-11.2,0.34,4900,2625,5,False,True,False,92255,171920,1.7,2.7,5.7,0.54,3,False,True,False,False,5일선회복,70.6,-0.9,0.0,-8.8,0.0,True,0,강세,-1,0,-1,0,19.6,-0.7,1504.56,,2.14,344.0,344.0,344.0,10,10,1.0,78.6,77.6
173940,에프엔씨엔터,,3515,27.2,25.8,-1.9,-31.1,25.3,-7.6,-14.3,-1.0,-10.2,-11.1,-2.9,1.59,5100,2805,5,True,False,False,40097,24224,1.3,1.5,0.9,1.66,0,False,False,False,False,-,73.6,-0.1,-1.2,0.1,-1.6,True,0,강세,-1,0,-1,0,19.6,-0.7,1504.56,,2.14,344.0,344.0,344.0,10,10,1.0,78.6,77.6
239890,피엔에이치테크,,4780,26.2,0.4,10.6,-33.1,12.3,-10.3,-29.2,-7.9,-16.7,-11.3,-10.9,0.88,7150,4255,0,False,False,False,77174,113080,4.5,3.8,6.7,0.68,0,False,False,False,False,-,78.6,-1.4,-0.0,3.0,-4.1,True,0,강세,-1,0,-1,0,19.6,-0.7,1504.56,,2.14,344.0,344.0,344.0,10,10,1.0,78.6,77.6
364950,에이아이코리아,,6020,24.9,26.0,27.6,-57.3,11.3,1.7,-15.3,-13.1,-7.6,-8.4,-26.5,0.55,14100,5410,5,False,True,False,28605,56774,1.8,1.7,3.8,0.5,6,False,True,True,False,5일선회복/+3%반등,67.6,-0.0,-0.0,0.3,-1.0,True,0,강세,-1,0,-1,0,19.6,-0.7,1504.56,,2.14,344.0,344.0,344.0,10,10,1.0,78.6,77.6
124560,태웅로직스,,2195,15.9,16.8,23.0,-41.9,3.8,-0.7,-19.3,-24.4,-8.9,-16.4,-22.0,0.6,3780,2115,5,False,True,False,81543,160254,2.1,1.8,3.9,0.51,3,False,True,False,False,5일선회복,70.5,-1.0,-0.1,-4.9,-0.2,True,0,강세,-1,0,-1,0,19.6,-0.7,1504.56,,2.14,344.0,344.0,344.0,10,10,1.0,78.5,77.5
123420,위메이드플레이,,6890,25.1,11.7,15.4,-46.3,10.4,-1.4,-13.1,-14.8,-7.3,-4.9,-17.8,0.72,12830,6240,5,False,True,False,30498,55791,2.8,2.1,4.3,0.55,0,False,False,False,False,-,73.5,-1.0,0.0,-5.2,0.0,True,0,강세,-1,0,-1,0,19.6,-0.7,1504.56,,2.14,344.0,344.0,344.0,10,10,1.0,78.5,77.5
290090,트윔,,5940,34.5,25.2,23.2,-49.2,10.8,-1.5,-14.7,-13.8,-6.8,-5.1,-18.6,0.66,11700,5360,5,False,True,False,4709,7956,0.3,0.3,0.5,0.59,3,False,True,False,False,5일선회복,62.2,0.1,0.0,-0.1,0.0,True,8,강세,-1,0,-1,0,19.6,-0.7,1504.56,,2.14,344.0,344.0,344.0,10,10,1.0,78.2,77.2
126880,제이엔케이글로벌,,3385,23.3,24.9,29.0,-38.7,9.0,2.6,-14.0,-12.6,-7.3,-9.6,-15.4,0.66,5520,3105,10,False,True,True,139388,244532,5.6,4.6,9.2,0.57,6,False,True,True,False,5일선회복/+3%반등,62.2,-3.3,-0.0,-11.9,-0.5,True,0,강세,-1,0,-1,0,19.6,-0.7,1504.56,,2.14,344.0,344.0,344.0,10,10,1.0,78.2,77.2
067290,JW신약,,1597,20.3,6.6,20.1,-40.2,23.9,-3.5,-20.3,-35.6,-11.9,-17.3,-7.0,0.67,2670,1289,5,False,True,False,242486,368131,3.9,3.9,6.8,0.66,0,False,False,False,False,-,73.2,-0.5,-0.0,-5.4,-0.3,True,0,강세,-1,0,-1,0,19.6,-0.7,1504.56,,2.14,344.0,344.0,344.0,10,10,1.0,78.2,77.2
053980,오상자이엘,,2905,20.5,16.7,18.2,-26.7,2.7,-1.7,-11.0,-12.5,-6.1,-7.6,-14.2,0.56,3965,2830,5,False,True,False,48418,76113,1.2,1.4,2.4,0.64,3,False,True,False,False,5일선회복,62.2,0.1,-0.0,-3.0,0.2,True,8,강세,-1,0,-1,0,19.6,-0.7,1504.56,,2.14,344.0,344.0,344.0,10,10,1.0,78.2,77.2
389020,자람테크놀로지,,45100,27.3,32.0,29.9,-30.5,48.8,6.1,-17.7,-2.5,-9.9,-13.3,6.9,0.5,64900,30300,5,False,True,False,96713,173004,39.3,40.7,90.7,0.56,6,False,True,True,False,5일선회복/+3%반등,59.1,2.9,-28.0,-66.8,-75.4,True,8,강세,-1,0,-1,0,19.6,-0.7,1504.56,,2.14,344.0,344.0,344.0,10,10,1.0,78.1,77.1
088800,에이스테크,,4105,26.6,29.4,30.1,-48.0,115.4,3.3,-19.5,35.5,-7.4,-7.7,28.4,0.53,7890,1906,5,False,True,False,661067,1015233,21.6,26.5,46.7,0.65,6,False,True,True,False,5일선회복/+3%반등,67.1,-0.4,-0.0,2.2,0.4,True,0,강세,-1,0,-1,0,19.6,-0.7,1504.56,,2.14,344.0,344.0,344.0,10,10,1.0,78.1,77.1
026040,제이에스티나,,2540,27.5,2.7,13.0,-55.6,55.1,-5.6,-16.6,-24.1,-10.5,-12.8,-22.7,0.79,5720,1638,0,False,False,False,87201,185325,3.8,2.3,5.3,0.47,0,False,False,False,False,-,78.1,-4.1,0.0,-3.4,0.0,True,0,강세,-1,0,-1,0,19.6,-0.7,1504.56,,2.14,344.0,344.0,344.0,10,10,1.0,78.1,77.1
424760,벨로크,,3345,37.5,23.4,9.1,-45.7,106.7,-11.4,-22.0,54.3,-9.3,7.4,40.9,1.79,6161,1618,0,False,False,False,1008484,401038,15.1,32.2,13.8,2.51,0,False,False,False,False,-,70.0,0.1,-0.5,0.1,-0.5,True,8,강세,-1,0,-1,0,19.6,-0.7,1504.56,,2.14,344.0,344.0,344.0,10,10,1.0,78.0,77.0
389470,인벤티지랩,,54600,35.6,50.9,41.5,-46.3,91.2,7.1,-9.0,-22.2,-3.2,-15.0,-12.5,0.92,101700,28550,10,False,True,True,89556,119111,60.8,45.6,68.5,0.75,10,False,True,True,True,5일선회복/+3%반등/거래량동반양봉,48.0,33.7,6.0,307.6,49.1,True,10,강세,-1,0,-1,0,19.6,-0.7,1504.56,,2.14,344.0,344.0,344.0,10,10,1.0,78.0,77.0
063440,SM Life Design,,1294,24.7,18.3,24.1,-39.5,3.0,-0.9,-11.7,-21.8,-5.8,-10.0,-20.4,0.98,2140,1256,10,True,True,False,227319,164961,2.1,2.9,2.2,1.38,3,False,True,False,False,5일선회복,64.9,-1.1,0.0,-3.2,-0.1,True,0,강세,-1,0,-1,0,19.6,-0.7,1504.56,,2.14,344.0,344.0,344.0,10,10,1.0,77.9,76.9
312610,에이에프더블류,,1062,33.7,18.5,18.6,-50.9,19.1,-5.9,-42.6,-12.4,-12.4,-7.2,-20.4,0.13,2165,892,0,False,False,False,20903,230253,0.2,0.2,3.2,0.09,3,False,False,True,False,+3%반등,74.9,-0.0,0.0,1.0,0.0,True,0,강세,-1,0,-1,0,19.6,-0.7,1504.56,,2.14,344.0,344.0,344.0,10,10,1.0,77.9,76.9
389030,지니너스,,3995,24.3,35.1,33.5,-38.3,168.1,4.6,-29.9,29.9,-9.0,-20.7,25.9,0.64,6480,1490,5,False,True,False,375903,597354,15.2,14.5,27.3,0.63,6,False,True,True,False,5일선회복/+3%반등,66.9,-6.4,-1.6,-31.5,-24.8,True,0,강세,-1,0,-1,0,19.6,-0.7,1504.56,,2.14,344.0,344.0,344.0,10,10,1.0,77.9,76.9
127980,화인써키트,,5230,28.5,7.3,11.9,-33.0,8.8,-8.2,-19.0,-2.8,-14.5,-6.6,-11.0,0.15,7810,4805,5,False,True,False,47424,305585,2.4,2.5,20.6,0.16,0,False,False,False,False,-,72.9,-0.1,0.0,6.9,0.0,True,0,강세,-1,0,-1,0,19.6,-0.7,1504.56,,2.14,344.0,344.0,344.0,10,10,1.0,77.9,76.9
012620,원일특강,,7710,14.6,5.3,15.5,-21.7,10.6,-4.1,-14.7,-19.2,-10.8,-13.5,-7.5,0.39,9850,6970,5,False,True,False,5013,10124,0.3,0.4,0.9,0.5,0,False,False,False,False,-,64.8,-0.0,0.1,-0.1,0.1,True,8,강세,-1,0,-1,0,19.6,-0.7,1504.56,,2.14,344.0,344.0,344.0,10,10,1.0,77.8,76.8
134580,탑코미디어,,1489,18.7,10.2,16.5,-52.8,5.2,-3.4,-8.9,-21.7,-15.0,-12.7,-26.4,0.4,3155,1415,5,False,True,False,76599,385242,2.4,1.1,7.4,0.2,0,False,False,False,False,-,72.8,-1.2,0.0,-4.6,0.1,True,0,강세,-1,0,-1,0,19.6,-0.7,1504.56,,2.14,344.0,344.0,344.0,10,10,1.0,77.8,76.8
091590,남화토건,,3730,27.2,19.7,21.3,-29.0,9.7,-2.1,-12.2,-1.7,-7.3,-7.1,-4.8,0.39,5250,3400,5,False,True,False,19445,27361,0.4,0.7,1.1,0.71,3,False,True,False,False,5일선회복,61.8,0.4,0.0,0.6,0.0,True,8,강세,-1,0,-1,0,19.6,-0.7,1504.56,,2.14,344.0,344.0,344.0,10,10,1.0,77.8,76.8
331740,아우토크립트,,12820,35.0,52.8,36.5,-65.4,25.1,8.7,-21.6,-29.7,-6.1,-15.2,-16.5,0.6,37000,10250,5,False,True,False,95980,103944,8.0,11.6,14.5,0.92,6,False,True,True,False,5일선회복/+3%반등,58.7,-2.7,1.1,-2.3,-40.7,True,8,강세,-1,0,-1,0,19.6,-0.7,1504.56,,2.14,344.0,344.0,344.0,10,10,1.0,77.7,76.7
053300,한국정보인증,,5790,32.5,33.3,31.7,-45.9,9.7,3.2,-12.9,-16.8,-4.9,-4.8,-9.4,1.06,10700,5280,5,False,True,False,272743,300650,18.1,15.4,18.5,0.91,6,False,True,True,False,5일선회복/+3%반등,58.7,-6.3,5.0,-20.6,17.5,True,8,강세,-1,0,-1,0,19.6,-0.7,1504.56,,2.14,344.0,344.0,344.0,10,10,1.0,77.7,76.7
064480,브리지텍,,3850,26.8,42.4,26.2,-50.8,10.0,2.1,-14.3,-45.1,-5.9,-9.6,-20.5,0.95,7830,3500,5,False,True,False,65133,75151,2.7,2.5,3.1,0.87,6,False,True,True,False,5일선회복/+3%반등,66.7,0.0,-0.0,-1.3,0.1,True,0,강세,-1,0,-1,0,19.6,-0.7,1504.56,,2.14,344.0,344.0,344.0,10,10,1.0,77.7,76.7
475460,미트박스,,7640,33.2,10.1,2.8,-60.8,16.6,-2.4,-7.1,-6.3,-5.1,-3.7,-15.0,0.74,19490,6550,5,False,False,True,18692,22380,1.3,1.5,1.8,0.84,0,False,False,False,False,-,72.6,-1.1,-0.0,-2.5,-0.0,True,0,강세,-1,0,-1,0,19.6,-0.7,1504.56,,2.14,344.0,344.0,344.0,10,10,1.0,77.6,76.6
075970,동국알앤에스,,2010,19.7,2.6,11.3,-34.6,0.5,-4.5,-16.1,-9.7,-10.1,-9.9,-12.6,0.48,3075,2000,5,False,True,False,71262,146089,1.3,1.4,3.3,0.49,0,False,False,False,False,-,72.4,0.0,-0.0,-3.5,0.0,True,0,강세,-1,0,-1,0,19.6,-0.7,1504.56,,2.14,344.0,344.0,344.0,10,10,1.0,77.4,76.4
239610,에이치엘사이언스,,7380,8.9,7.5,15.6,-46.4,7.6,-3.4,-10.0,-11.1,-9.6,-6.0,-17.8,0.13,13780,6860,5,False,True,False,1933,3769,0.0,0.1,0.3,0.51,0,False,False,False,False,-,72.3,0.0,-0.0,0.4,0.0,True,0,강세,-1,0,-1,0,19.6,-0.7,1504.56,,2.14,344.0,344.0,344.0,10,10,1.0,77.3,76.3
067160,SOOP,,50900,37.9,23.1,24.4,-48.3,3.7,-0.2,-15.7,-27.3,-6.6,-12.4,-25.9,0.74,98500,49100,5,False,True,False,75279,63955,24.6,38.6,34.5,1.18,0,False,False,False,False,-,57.3,0.8,10.6,-75.2,-44.9,True,15,강세,-1,0,-1,0,19.6,-0.7,1504.56,,2.14,344.0,344.0,344.0,10,10,1.0,77.3,76.3
117670,알파칩스,,16420,26.4,24.1,22.5,-22.9,inf,-1.9,-13.4,-5.8,-8.8,-4.5,39.9,0.54,21300,0,5,False,True,False,22398,38310,3.5,3.6,7.1,0.58,6,False,True,True,False,5일선회복/+3%반등,58.3,0.6,0.0,6.3,0.0,True,8,강세,-1,0,-1,0,19.6,-0.7,1504.56,,2.14,344.0,344.0,344.0,10,10,1.0,77.3,76.3
388050,지투파워,,11390,22.7,8.8,17.5,-38.3,52.7,-7.3,-17.9,4.7,-17.2,-12.6,15.4,0.45,18460,7460,5,False,True,False,574230,1581771,77.4,65.4,237.2,0.36,0,False,False,False,False,-,72.3,-8.4,-14.3,18.6,-7.4,True,0,강세,-1,0,-1,0,19.6,-0.7,1504.56,,2.14,344.0,344.0,344.0,10,10,1.0,77.3,76.3
139670,키네마스터,,1772,21.6,14.1,22.6,-41.7,3.6,-0.2,-15.2,-17.8,-9.1,-8.9,-17.3,0.57,3040,1710,5,False,True,False,30312,35772,0.4,0.5,0.7,0.85,3,False,True,False,False,5일선회복,69.2,-0.2,-0.0,-0.8,0.0,True,0,강세,-1,0,-1,0,19.6,-0.7,1504.56,,2.14,344.0,344.0,344.0,10,10,1.0,77.2,76.2
073540,에프알텍,,3550,34.0,22.2,27.3,-50.8,111.9,0.4,-22.4,75.7,-8.9,-1.9,42.6,0.67,7220,1675,5,False,True,False,122140,177633,4.1,4.2,7.1,0.69,6,False,True,True,False,5일선회복/+3%반등,66.2,-1.1,-0.0,-2.5,0.3,True,0,강세,-1,0,-1,0,19.6,-0.7,1504.56,,2.14,344.0,344.0,344.0,10,10,1.0,77.2,76.2
064820,케이프,,12890,23.1,31.1,28.7,-26.3,119.2,3.2,-18.4,-0.6,-10.2,3.6,13.2,0.54,17500,5880,5,False,True,False,118230,312741,19.0,14.6,48.2,0.38,6,False,True,True,False,5일선회복/+3%반등,58.2,-13.9,5.1,68.8,-12.2,True,8,강세,-1,0,-1,0,19.6,-0.7,1504.56,,2.14,344.0,344.0,344.0,10,10,1.0,77.2,76.2
014100,메디앙스,,1589,14.7,34.1,21.3,-36.1,7.4,-2.2,-8.1,-5.6,-5.5,-5.9,-12.5,2.45,2485,1480,0,False,False,False,25730,24092,1.0,0.4,0.4,1.07,7,False,False,True,True,+3%반등/거래량동반양봉,67.2,0.2,0.0,-0.1,0.0,True,3,강세,-1,0,-1,0,19.6,-0.7,1504.56,,2.14,344.0,344.0,344.0,10,10,1.0,77.2,76.2
099220,SDN,,1085,19.6,8.6,19.3,-37.3,10.5,-4.3,-19.9,-11.5,-12.3,-15.5,-10.0,0.53,1731,982,5,False,True,False,458278,1089168,6.3,5.0,14.4,0.42,0,False,False,False,False,-,72.2,-3.2,0.0,-8.7,0.0,True,0,강세,-1,0,-1,0,19.6,-0.7,1504.56,,2.14,344.0,344.0,344.0,10,10,1.0,77.2,76.2
100130,동국S&C,,1884,14.7,1.3,11.7,-39.0,7.4,-7.6,-22.0,-9.2,-15.6,-18.4,-15.3,1.03,3090,1755,0,False,False,False,200609,362987,7.2,3.9,8.6,0.55,0,False,False,False,False,-,77.1,-3.3,-0.1,-9.7,0.4,True,0,강세,-1,0,-1,0,19.6,-0.7,1504.56,,2.14,344.0,344.0,344.0,10,10,1.0,77.1,76.1
419120,산돌,,3575,23.5,34.5,25.3,-65.1,7.4,0.3,-12.4,-16.4,-6.3,-10.0,-25.5,0.66,10248,3330,5,False,True,False,37793,47838,1.1,1.3,1.8,0.79,6,False,True,True,False,5일선회복/+3%반등,66.1,-1.7,-0.0,-8.2,-0.2,True,0,강세,-1,0,-1,0,19.6,-0.7,1504.56,,2.14,344.0,344.0,344.0,10,10,1.0,77.1,76.1
332290,누보,,1103,10.8,16.6,20.5,-42.1,10.1,-2.2,-20.2,-9.3,-9.6,-15.2,-12.3,0.61,1905,1002,5,False,True,False,250924,494903,3.3,2.8,6.3,0.51,0,False,False,False,False,-,72.1,-2.2,-0.0,-9.4,2.9,True,0,강세,-1,0,-1,0,19.6,-0.7,1504.56,,2.14,344.0,344.0,344.0,10,10,1.0,77.1,76.1
263800,데이타솔루션,,4755,23.5,25.9,25.7,-36.0,15.6,1.6,-11.8,-8.9,-6.4,-2.2,-6.8,0.41,7430,4115,10,False,True,True,65330,166977,3.1,3.1,8.7,0.39,6,False,True,True,False,5일선회복/+3%반등,61.0,-0.0,0.0,4.7,0.7,True,0,강세,-1,0,-1,0,19.6,-0.7,1504.56,,2.14,344.0,344.0,344.0,10,10,1.0,77.0,76.0
068760,셀트리온제약,,50200,35.3,34.4,29.2,-35.9,11.8,1.5,-12.5,-33.2,-5.4,-10.1,-14.7,0.87,78300,44912,5,False,True,False,105399,106551,47.1,51.8,56.4,0.99,6,False,True,True,False,5일선회복/+3%반등,51.0,5.1,3.1,27.0,-124.2,True,15,강세,-1,0,-1,0,19.6,-0.7,1504.56,,2.14,344.0,344.0,344.0,10,10,1.0,77.0,76.0
377480,마음AI,,13850,40.5,15.3,20.8,-50.4,9.0,-2.8,-16.8,-17.8,-10.4,-9.5,-26.5,0.31,27950,12710,5,False,True,False,78831,300516,13.3,10.7,50.9,0.26,6,False,True,True,False,5일선회복/+3%반등,58.0,1.6,0.0,-22.7,0.0,True,8,강세,-1,0,-1,0,19.6,-0.7,1504.56,,2.14,344.0,344.0,344.0,10,10,1.0,77.0,76.0
053050,지에스이,,2185,14.6,5.2,16.5,-49.7,0.9,-4.4,-17.4,-13.8,-9.1,-17.6,-16.8,0.79,4345,2165,0,False,False,False,239682,361825,6.2,5.3,8.8,0.66,0,False,False,False,False,-,77.0,-0.7,0.0,-2.1,-0.1,True,0,강세,-1,0,-1,0,19.6,-0.7,1504.56,,2.14,344.0,344.0,344.0,10,10,1.0,77.0,76.0
095500,미래나노텍,,9110,32.7,29.3,26.8,-35.7,29.2,1.8,-16.4,-19.5,-8.3,-6.3,-15.4,0.53,14160,7050,5,False,True,False,127562,188855,9.1,11.2,19.3,0.68,6,False,True,True,False,5일선회복/+3%반등,57.9,5.7,-0.8,4.6,-6.2,True,8,강세,-1,0,-1,0,19.6,-0.7,1504.56,,2.14,344.0,344.0,344.0,10,10,1.0,76.9,75.9
086670,비엠티,,15470,29.9,10.5,27.8,-30.3,71.7,-1.2,-2.0,13.4,-6.0,-0.2,19.5,0.48,22200,9010,10,False,True,True,84251,208474,15.7,12.8,34.7,0.4,7,False,True,False,True,5일선회복/거래량동반양봉,56.9,0.4,-2.6,12.1,-31.4,True,3,강세,-1,0,-1,0,19.6,-0.7,1504.56,,2.14,344.0,344.0,344.0,10,10,1.0,76.9,75.9
199800,툴젠,,71100,41.5,10.3,22.3,-49.9,166.8,-11.1,-24.0,33.9,-27.0,-7.8,25.0,1.01,142000,26650,5,False,True,False,95823,83546,61.1,67.2,79.9,1.15,3,False,True,False,False,5일선회복,60.8,33.4,-3.4,91.8,1.6,True,8,강세,-1,0,-1,0,19.6,-0.7,1504.56,,2.14,344.0,344.0,344.0,10,10,1.0,76.8,75.8
037370,EG,,4600,19.4,20.2,21.8,-40.0,5.0,-1.7,-18.1,-24.3,-8.9,-10.2,-18.1,0.69,7670,4380,5,False,True,False,31764,38991,1.2,1.4,2.0,0.81,3,False,True,False,False,5일선회복,68.8,-0.2,0.0,-1.8,0.0,True,0,강세,-1,0,-1,0,19.6,-0.7,1504.56,,2.14,344.0,344.0,344.0,10,10,1.0,76.8,75.8
017000,신원종합개발,,2710,32.5,16.0,21.9,-39.4,12.9,-2.3,-18.0,-22.1,-7.7,-10.4,-7.3,0.79,4470,2400,5,False,True,False,47633,75413,1.7,1.3,2.2,0.63,6,False,True,True,False,5일선회복/+3%반등,65.8,-0.7,0.0,-4.1,0.0,True,0,강세,-1,0,-1,0,19.6,-0.7,1504.56,,2.14,344.0,344.0,344.0,10,10,1.0,76.8,75.8
024940,PN풍년,,2745,16.3,1.8,19.8,-54.2,0.4,-3.9,-19.5,-46.3,-9.5,-22.1,-40.4,0.94,6000,2735,0,False,False,False,49422,79368,2.0,1.4,2.4,0.62,0,False,False,False,False,-,76.8,-0.5,0.0,-2.5,0.0,True,0,강세,-1,0,-1,0,19.6,-0.7,1504.56,,2.14,344.0,344.0,344.0,10,10,1.0,76.8,75.8
032300,한국파마,,10350,32.4,14.4,25.9,-44.7,2.1,-0.7,-11.8,-24.2,-5.4,-8.7,-20.2,0.88,18710,10140,5,False,True,False,18189,23173,2.1,1.9,2.5,0.78,0,False,False,False,False,-,63.7,0.2,0.0,-1.1,0.0,True,8,강세,-1,0,-1,0,19.6,-0.7,1504.56,,2.14,344.0,344.0,344.0,10,10,1.0,76.7,75.7
108380,대양전기공업,,24100,19.2,21.3,21.4,-34.2,24.7,-2.4,-22.6,-26.7,-13.6,-11.9,-14.1,0.95,36650,19320,5,False,True,False,42726,46061,10.3,10.0,13.0,0.93,3,False,True,False,False,5일선회복,68.6,-6.5,-11.8,6.2,-28.0,True,0,강세,-1,0,-1,0,19.6,-0.7,1504.56,,2.14,344.0,344.0,344.0,10,10,1.0,76.6,75.6
084990,헬릭스미스,,7090,28.3,14.6,16.2,-28.8,161.6,-4.3,-15.0,10.6,-11.0,-9.3,11.6,0.68,9960,2710,10,False,True,True,240520,383671,18.6,17.3,31.1,0.63,0,False,False,False,False,-,66.4,-3.5,-0.2,-17.7,2.2,True,0,강세,-1,0,-1,0,19.6,-0.7,1504.56,,2.14,344.0,344.0,344.0,10,10,1.0,76.4,75.4
260930,씨티케이,,3385,22.0,30.9,31.0,-58.0,8.8,2.6,-15.6,-21.0,-6.2,-12.4,-26.9,0.32,8050,3110,5,False,True,False,34556,87426,0.9,1.1,3.3,0.4,6,False,True,True,False,5일선회복/+3%반등,65.4,-0.6,-0.0,-1.7,0.0,True,0,강세,-1,0,-1,0,19.6,-0.7,1504.56,,2.14,344.0,344.0,344.0,10,10,1.0,76.4,75.4
109740,디에스케이,,4605,23.7,10.6,24.1,-50.4,5.4,-2.8,-6.4,-29.7,-8.4,-12.4,-34.2,0.55,9280,4370,5,False,False,True,46124,94948,2.5,2.2,5.0,0.49,3,False,False,True,False,+3%반등,68.4,-0.1,0.0,-7.3,0.0,True,0,강세,-1,0,-1,0,19.6,-0.7,1504.56,,2.14,344.0,344.0,344.0,10,10,1.0,76.4,75.4
0007C0,아크릴,,30900,26.0,17.7,19.8,-59.9,24.8,-3.4,-16.4,-31.9,-11.7,-14.6,,0.43,77000,24750,0,False,False,False,118528,305009,40.9,36.6,111.1,0.39,3,False,False,True,False,+3%반등,73.4,-1.4,-2.5,-8.2,4.8,True,0,강세,-1,0,-1,0,19.6,-0.7,1504.56,,2.14,344.0,344.0,344.0,10,10,1.0,76.4,75.4
224110,에이텍모빌리티,,8180,19.5,4.5,21.5,-46.8,0.6,-2.0,-12.5,-17.7,-6.6,-8.0,-17.1,0.72,15380,8130,5,False,True,False,19512,29033,1.7,1.6,2.6,0.67,0,False,False,False,False,-,71.4,-1.9,-0.0,-6.9,-0.0,True,0,강세,-1,0,-1,0,19.6,-0.7,1504.56,,2.14,344.0,344.0,344.0,10,10,1.0,76.4,75.4
950200,소마젠,,3160,26.7,38.0,28.2,-32.3,7.8,1.8,-17.5,-19.2,-6.5,-8.2,-13.5,0.72,4665,2930,10,False,True,True,35360,51731,1.2,1.1,1.7,0.68,6,False,True,True,False,5일선회복/+3%반등,60.4,-0.9,-0.3,-2.3,0.3,True,0,강세,-1,0,-1,0,19.6,-0.7,1504.56,,2.14,344.0,344.0,344.0,10,10,1.0,76.4,75.4
263700,케어랩스,,2310,31.1,22.2,28.7,-63.3,7.7,-0.2,-13.2,-18.5,-6.1,-5.9,-34.2,0.49,6300,2145,5,False,True,False,36146,54136,0.6,0.8,1.3,0.67,6,False,True,True,False,5일선회복/+3%반등,65.4,-0.4,0.0,-2.2,0.0,True,0,강세,-1,0,-1,0,19.6,-0.7,1504.56,,2.14,344.0,344.0,344.0,10,10,1.0,76.4,75.4
105740,디케이락,,8400,10.7,5.1,13.7,-28.1,16.5,-5.4,-21.1,-22.4,-14.3,-14.9,-13.7,0.9,11680,7210,5,False,True,False,106360,165755,12.5,9.1,16.8,0.64,0,False,False,False,False,-,71.3,-9.0,-2.2,-8.9,-4.3,True,0,강세,-1,0,-1,0,19.6,-0.7,1504.56,,2.14,344.0,344.0,344.0,10,10,1.0,76.3,75.3
315640,딥노이드,,3015,28.3,36.9,34.6,-54.4,13.6,4.1,-18.2,-14.3,-6.3,-11.3,-22.8,0.52,6609,2655,5,False,True,False,188650,272460,4.3,5.4,8.8,0.69,6,False,True,True,False,5일선회복/+3%반등,65.3,-2.0,-0.2,-13.7,-0.7,True,0,강세,-1,0,-1,0,19.6,-0.7,1504.56,,2.14,344.0,344.0,344.0,10,10,1.0,76.3,75.3
138070,신진에스엠,,1666,17.8,10.2,20.0,-34.5,1.8,-2.1,-11.1,-12.6,-6.6,-6.3,-17.3,0.57,2545,1636,10,False,True,True,26184,49483,0.5,0.4,0.9,0.53,0,False,False,False,False,-,66.3,-0.1,-0.0,-0.1,-0.2,True,0,강세,-1,0,-1,0,19.6,-0.7,1504.56,,2.14,344.0,344.0,344.0,10,10,1.0,76.3,75.3
469610,이노테크,,22350,42.0,65.3,45.0,-73.7,28.0,17.1,-27.1,-9.5,-4.2,3.3,,1.13,85000,17460,10,False,True,True,143108,269827,64.7,29.2,71.5,0.53,10,False,True,True,True,5일선회복/+3%반등/거래량동반양봉,48.2,9.2,-0.4,-0.3,-42.0,True,8,강세,-1,0,-1,0,19.6,-0.7,1504.56,,2.14,344.0,344.0,344.0,10,10,1.0,76.2,75.2
481070,에이유브랜즈,,15160,26.8,14.6,12.4,-47.2,26.5,-9.0,-16.9,-30.9,-11.4,-12.8,-23.5,0.58,28700,11980,0,False,False,False,21910,28766,2.6,3.4,5.0,0.76,0,False,False,False,False,-,76.2,-0.1,-3.4,-1.9,-18.1,True,0,강세,-1,0,-1,0,19.6,-0.7,1504.56,,2.14,344.0,344.0,344.0,10,10,1.0,76.2,75.2
040610,SG&G,,3725,19.2,15.5,3.3,-25.6,20.1,-14.4,-11.7,-17.0,-11.4,-10.7,-2.5,2.53,5010,3102,0,False,False,False,79104,23738,1.9,3.0,0.9,3.33,0,False,False,False,False,-,76.0,-1.5,-1.3,-1.5,-1.3,True,0,강세,-1,0,-1,0,19.6,-0.7,1504.56,,2.14,344.0,344.0,344.0,10,10,1.0,76.0,75.0
160190,하이젠알앤엠,,38000,32.5,33.3,31.5,-58.3,36.0,2.7,-8.7,-43.6,-6.6,-7.2,-23.7,0.88,91200,27950,5,False,True,False,147545,209733,72.0,53.1,85.3,0.7,10,False,True,True,True,5일선회복/+3%반등/거래량동반양봉,58.0,-28.6,30.9,82.5,96.2,True,3,강세,-1,0,-1,0,19.6,-0.7,1504.56,,2.14,344.0,344.0,344.0,10,10,1.0,76.0,75.0
362320,청담글로벌,,4650,32.0,46.1,33.8,-58.8,8.1,1.2,-13.1,-17.6,-4.5,-6.4,-29.4,0.68,11280,4300,10,False,True,True,70381,110704,3.6,3.2,5.6,0.64,6,False,True,True,False,5일선회복/+3%반등,60.0,-0.5,-0.0,-6.2,-0.2,True,0,강세,-1,0,-1,0,19.6,-0.7,1504.56,,2.14,344.0,344.0,344.0,10,10,1.0,76.0,75.0
064800,포니링크,,3125,29.8,47.7,25.0,-55.8,34.1,-21.8,-6.6,-22.7,-15.2,-10.5,-24.3,1.93,7070,2330,5,True,False,False,327086,116229,6.4,9.1,3.7,2.81,3,False,True,False,False,5일선회복,68.0,-5.2,-0.6,-2.7,0.2,True,0,강세,-1,0,-1,0,19.6,-0.7,1504.56,,2.14,344.0,344.0,344.0,10,10,1.0,76.0,75.0
044340,위닉스,,4620,28.8,13.6,11.8,-47.7,2.7,-6.9,-14.3,-13.2,-8.4,-8.3,-15.5,1.08,8830,4500,0,False,False,False,41504,44952,2.2,1.9,2.3,0.92,0,False,False,False,False,-,76.0,-1.0,0.0,-1.9,0.0,True,0,강세,-1,0,-1,0,19.6,-0.7,1504.56,,2.14,344.0,344.0,344.0,10,10,1.0,76.0,75.0
285490,노바텍,,19110,18.0,18.9,21.6,-40.1,16.2,-1.9,-15.6,-26.5,-10.3,-11.7,-11.6,0.75,31900,16440,5,False,True,False,71706,94942,14.0,13.5,20.3,0.76,3,False,True,False,False,5일선회복,68.0,-5.7,-0.9,0.7,1.1,True,0,강세,-1,0,-1,0,19.6,-0.7,1504.56,,2.14,344.0,344.0,344.0,10,10,1.0,76.0,75.0
340450,지씨지놈,,6840,26.4,20.7,26.2,-54.9,10.3,-2.6,-12.1,-25.4,-8.7,-10.2,-9.3,0.85,15180,6200,5,False,False,True,162638,288147,17.0,11.2,22.3,0.56,3,False,False,True,False,+3%반등,67.9,-1.8,0.0,-13.4,-5.4,True,0,강세,-1,0,-1,0,19.6,-0.7,1504.56,,2.14,344.0,344.0,344.0,10,10,1.0,75.9,74.9
058820,CMG제약,,1370,18.7,5.6,18.4,-42.1,1.6,-5.5,-22.8,-36.0,-13.1,-19.4,-25.6,1.0,2365,1349,0,False,False,False,802172,942133,13.2,11.2,14.7,0.85,0,False,False,False,False,-,75.9,-0.6,-0.3,-27.1,-0.1,True,0,강세,-1,0,-1,0,19.6,-0.7,1504.56,,2.14,344.0,344.0,344.0,10,10,1.0,75.9,74.9
069140,누리플랜,,1706,21.8,0.9,21.1,-49.8,22.5,-4.4,-18.4,-36.2,-11.7,-16.4,-29.6,0.82,3400,1393,0,False,False,False,48251,95241,1.3,0.9,1.9,0.51,0,False,False,False,False,-,75.7,-0.7,0.0,-3.4,0.0,True,0,강세,-1,0,-1,0,19.6,-0.7,1504.56,,2.14,344.0,344.0,344.0,10,10,1.0,75.7,74.7
038290,마크로젠,,13840,19.2,10.9,19.8,-33.8,2.1,-1.4,-17.6,-25.3,-9.2,-12.9,-14.4,1.3,20900,13550,5,False,True,False,51140,49700,9.1,7.1,7.5,1.03,0,False,False,False,False,-,70.7,-4.1,0.0,-22.3,0.1,True,0,강세,-1,0,-1,0,19.6,-0.7,1504.56,,2.14,344.0,344.0,344.0,10,10,1.0,75.7,74.7
045660,에이텍,,9270,32.9,45.2,39.2,-64.3,7.0,2.7,-10.0,-12.5,-2.3,-3.6,-14.2,1.33,26000,8660,5,False,True,False,43801,45022,5.6,4.0,4.3,0.97,6,False,True,True,False,5일선회복/+3%반등,56.6,1.1,0.0,-7.7,0.1,True,8,강세,-1,0,-1,0,19.6,-0.7,1504.56,,2.14,344.0,344.0,344.0,10,10,1.0,75.6,74.6
256940,킵스파마,,6920,33.5,48.8,42.2,-68.8,17.3,9.5,-23.5,-19.1,-3.7,-10.9,-28.8,0.6,22150,5900,10,False,True,True,89700,138424,5.4,5.8,10.4,0.65,6,False,True,True,False,5일선회복/+3%반등,59.6,-0.0,-0.0,-15.1,-3.7,True,0,강세,-1,0,-1,0,19.6,-0.7,1504.56,,2.14,344.0,344.0,344.0,10,10,1.0,75.6,74.6
106190,하이텍팜,,15810,20.7,23.3,30.8,-36.8,47.8,-0.4,-21.1,-2.2,-7.2,-15.2,11.0,0.82,25000,10700,5,False,True,False,50712,61040,8.1,8.0,10.3,0.83,6,False,True,True,False,5일선회복/+3%반등,64.6,-2.9,-0.9,11.5,-6.3,True,0,강세,-1,0,-1,0,19.6,-0.7,1504.56,,2.14,344.0,344.0,344.0,10,10,1.0,75.6,74.6
293490,카카오게임즈,,10060,30.6,24.4,14.2,-57.4,6.6,-5.1,-19.6,-36.0,-10.5,-17.0,-32.2,1.2,23600,9440,0,False,False,False,295893,276008,33.9,30.1,30.9,1.07,0,False,False,False,False,-,75.6,-3.0,-1.7,-48.7,-17.0,True,0,강세,-1,0,-1,0,19.6,-0.7,1504.56,,2.14,344.0,344.0,344.0,10,10,1.0,75.6,74.6
138610,나이벡,,22900,36.7,50.9,39.2,-57.8,15.6,8.8,-14.6,-27.3,-4.0,-12.2,-27.9,0.82,54300,19810,10,True,True,False,88721,65349,12.4,19.9,15.4,1.36,6,False,True,True,False,5일선회복/+3%반등,51.6,-20.9,13.1,6.6,-9.8,True,8,강세,-1,0,-1,0,19.6,-0.7,1504.56,,2.14,344.0,344.0,344.0,10,10,1.0,75.6,74.6
087600,픽셀플러스,,5430,18.9,22.0,21.0,-35.7,5.4,-3.2,-11.0,-19.1,-8.8,-10.6,-14.3,1.85,8450,5150,5,False,True,False,14670,15846,1.5,0.8,0.9,0.93,3,False,True,False,False,5일선회복,67.6,0.0,-0.0,-1.2,-0.0,True,0,강세,-1,0,-1,0,19.6,-0.7,1504.56,,2.14,344.0,344.0,344.0,10,10,1.0,75.6,74.6
050960,수산아이앤티,,8650,26.0,21.4,19.6,-43.1,4.2,-0.7,-12.0,-6.8,-5.8,-6.1,-9.9,0.63,15190,8300,5,False,True,False,16039,16404,0.9,1.4,1.5,0.98,3,False,True,False,False,5일선회복,67.6,-1.6,0.0,-4.3,0.0,True,0,강세,-1,0,-1,0,19.6,-0.7,1504.56,,2.14,344.0,344.0,344.0,10,10,1.0,75.6,74.6
012700,리드코프,,3230,19.0,6.5,16.5,-52.0,1.1,-4.0,-14.1,-19.4,-8.4,-10.2,-15.0,0.79,6730,3195,0,False,False,False,77608,86690,2.3,2.5,3.1,0.9,0,False,False,False,False,-,75.5,-2.4,-0.0,-8.1,2.0,True,0,강세,-1,0,-1,0,19.6,-0.7,1504.56,,2.14,344.0,344.0,344.0,10,10,1.0,75.5,74.5
019990,에너토크,,7970,16.5,13.4,21.5,-32.8,37.4,-3.2,-11.7,-17.2,-14.8,-12.6,-4.0,0.59,11860,5800,5,False,True,False,117665,356112,15.3,9.2,35.2,0.33,6,False,True,True,False,5일선회복/+3%반등,64.5,-9.0,0.0,3.6,0.0,True,0,강세,-1,0,-1,0,19.6,-0.7,1504.56,,2.14,344.0,344.0,344.0,10,10,1.0,75.5,74.5
241690,유니테크노,,3360,24.1,14.5,10.6,-32.5,16.7,-5.1,-15.5,-14.2,-9.8,-10.6,-4.7,0.63,4980,2880,5,False,True,False,97346,142207,2.9,3.3,5.4,0.68,0,False,False,False,False,-,70.4,-0.3,-0.0,-2.0,-0.1,True,0,강세,-1,0,-1,0,19.6,-0.7,1504.56,,2.14,344.0,344.0,344.0,10,10,1.0,75.4,74.4
032940,원익,,8680,33.7,33.0,30.2,-51.2,137.8,4.8,-16.0,-29.3,-10.6,-10.8,-5.0,0.97,17800,3650,5,False,True,False,181094,213571,18.4,14.6,21.4,0.85,10,False,True,True,True,5일선회복/+3%반등/거래량동반양봉,60.4,-1.9,0.0,1.2,-1.8,True,0,강세,-1,0,-1,0,19.6,-0.7,1504.56,,2.14,344.0,344.0,344.0,10,10,1.0,75.4,74.4
149980,하이로닉,,5430,26.1,9.0,29.5,-42.9,3.4,-3.9,-37.4,-37.4,-16.9,-30.6,-35.9,0.14,9510,5250,0,False,False,False,49662,275175,2.2,2.7,18.5,0.18,0,False,False,False,False,-,75.4,0.0,-0.0,-3.9,-2.9,True,0,강세,-1,0,-1,0,19.6,-0.7,1504.56,,2.14,344.0,344.0,344.0,10,10,1.0,75.4,74.4
089980,상아프론테크,,24100,32.1,38.2,37.7,-19.8,64.2,3.9,-14.5,1.5,-5.0,-2.6,24.1,1.07,30050,14680,10,False,True,True,87357,152034,36.9,20.0,40.3,0.57,10,False,True,True,True,5일선회복/+3%반등/거래량동반양봉,47.3,5.1,-2.5,16.4,-10.7,True,8,강세,-1,0,-1,0,19.6,-0.7,1504.56,,2.14,344.0,344.0,344.0,10,10,1.0,75.3,74.3
220100,퓨쳐켐,,16800,28.3,32.8,33.5,-52.1,12.8,7.0,-9.3,-28.8,-5.5,-11.0,-24.1,0.75,35050,14900,5,False,True,False,100472,139181,17.9,16.4,25.4,0.72,6,False,True,True,False,5일선회복/+3%반등,61.2,4.1,-0.3,-67.5,-6.8,True,3,강세,-1,0,-1,0,19.6,-0.7,1504.56,,2.14,344.0,344.0,344.0,10,10,1.0,75.2,74.2
424870,이뮨온시아,,6200,40.6,65.7,46.8,-60.0,44.7,7.5,-15.6,-24.6,-1.4,-14.1,-19.4,2.61,15499,4286,10,True,True,False,540299,346322,57.0,30.9,21.2,1.56,6,False,True,True,False,5일선회복/+3%반등,51.2,2.1,-16.1,6.4,-37.1,True,8,강세,-1,0,-1,0,19.6,-0.7,1504.56,,2.14,344.0,344.0,344.0,10,10,1.0,75.2,74.2
036190,금화피에스시,,33500,21.9,25.3,25.4,-21.2,28.6,3.1,-13.5,-7.7,-8.5,-9.6,0.5,0.56,42500,26050,5,False,True,False,19572,19489,3.7,6.5,7.1,1.0,6,False,True,True,False,5일선회복/+3%반등,56.2,0.6,-0.2,14.8,-16.6,True,8,강세,-1,0,-1,0,19.6,-0.7,1504.56,,2.14,344.0,344.0,344.0,10,10,1.0,75.2,74.2
321820,아티스트컴퍼니,,4230,37.6,53.7,48.4,-69.9,44.9,22.6,-20.0,14.3,-0.8,0.7,-8.8,1.98,14070,2920,15,True,True,True,267226,149861,12.8,11.2,6.5,1.78,6,False,True,True,False,5일선회복/+3%반등,54.1,-5.7,0.0,-7.1,-0.0,True,0,강세,-1,0,-1,0,19.6,-0.7,1504.56,,2.14,344.0,344.0,344.0,10,10,1.0,75.1,74.1
092070,디엔에프,,21350,37.2,22.6,16.3,-17.9,113.7,-0.9,-10.9,8.4,-8.9,-1.9,23.9,0.92,26000,9990,10,False,True,True,96914,113867,21.8,20.7,26.8,0.85,3,False,False,True,False,+3%반등,47.1,9.4,5.1,-29.1,71.0,True,15,강세,-1,0,-1,0,19.6,-0.7,1504.56,,2.14,344.0,344.0,344.0,10,10,1.0,75.1,74.1
021040,대호특수강,,1117,13.1,9.9,22.9,-43.4,10.2,-2.4,-7.7,-10.7,-10.4,-8.5,-13.5,0.05,1973,1014,5,False,True,False,56611,805575,0.5,0.6,11.7,0.07,0,False,False,False,False,-,67.1,0.2,0.0,-0.7,-0.0,True,3,강세,-1,0,-1,0,19.6,-0.7,1504.56,,2.14,344.0,344.0,344.0,10,10,1.0,75.1,74.1
257370,피엔티엠에스,,2635,21.1,9.6,8.8,-34.9,37.5,-7.9,-19.4,-30.3,-12.6,-17.1,-13.2,0.62,4050,1916,0,False,False,False,24911,43183,0.7,0.7,1.3,0.58,0,False,False,False,False,-,75.1,-0.2,-0.0,-0.6,0.0,True,0,강세,-1,0,-1,0,19.6,-0.7,1504.56,,2.14,344.0,344.0,344.0,10,10,1.0,75.1,74.1
347740,피엔케이피부임상연구센타,,2165,26.6,25.3,16.2,-34.4,8.5,-5.3,-11.3,-12.0,-8.3,-3.5,-14.6,0.36,3300,1996,0,False,False,False,80704,140652,1.0,1.7,3.4,0.57,3,False,True,False,False,5일선회복,64.1,0.5,0.0,-1.2,0.0,True,8,강세,-1,0,-1,0,19.6,-0.7,1504.56,,2.14,344.0,344.0,344.0,10,10,1.0,75.1,74.1
094820,일진파워,,15930,13.5,15.5,20.1,-35.0,inf,-4.3,-14.8,-19.5,-17.0,-12.5,14.7,0.51,24500,0,5,False,True,False,327452,704729,52.0,51.2,142.0,0.46,3,False,True,False,False,5일선회복,67.0,-42.4,-0.9,-1.3,-0.2,True,0,강세,-1,0,-1,0,19.6,-0.7,1504.56,,2.14,344.0,344.0,344.0,10,10,1.0,75.0,74.0
036560,KZ정밀,,13250,25.1,23.5,26.2,-30.7,15.6,-0.8,-11.1,-6.4,-4.8,-6.6,-9.2,0.5,19130,11460,5,False,True,False,9639,17636,1.1,1.3,2.5,0.55,3,False,True,False,False,5일선회복,59.0,-0.3,0.3,-5.1,2.1,True,8,강세,-1,0,-1,0,19.6,-0.7,1504.56,,2.14,344.0,344.0,344.0,10,10,1.0,75.0,74.0
148150,세경하이테크,,4285,27.8,32.9,32.4,-52.1,11.7,1.8,-14.0,-15.3,-4.9,-6.2,-18.6,0.68,8950,3835,5,False,True,False,92597,141348,3.9,3.8,6.4,0.66,6,False,True,True,False,5일선회복/+3%반등,64.0,-2.2,-0.0,-7.7,-0.1,True,0,강세,-1,0,-1,0,19.6,-0.7,1504.56,,2.14,344.0,344.0,344.0,10,10,1.0,75.0,74.0
057680,티사이언티픽,,2395,40.5,24.8,33.3,-72.8,6.2,1.9,-27.4,-35.6,-9.4,-20.4,-47.0,0.56,8791,2255,5,False,True,False,50223,95696,1.4,1.2,2.5,0.52,6,False,True,True,False,5일선회복/+3%반등,55.9,1.0,0.0,-0.1,-0.2,True,8,강세,-1,0,-1,0,19.6,-0.7,1504.56,,2.14,344.0,344.0,344.0,10,10,1.0,74.9,73.9
365340,성일하이텍,,66800,25.2,35.3,29.9,-21.9,121.2,0.5,-18.3,0.5,-7.9,-1.0,31.9,0.64,85500,30200,5,False,True,False,58953,79699,33.5,37.8,59.0,0.74,6,False,True,True,False,5일선회복/+3%반등,55.9,1.3,-1.5,29.1,-19.3,True,8,강세,-1,0,-1,0,19.6,-0.7,1504.56,,2.14,344.0,344.0,344.0,10,10,1.0,74.9,73.9
045520,크린앤사이언스,,2790,16.4,36.2,26.4,-43.9,11.6,1.1,-19.6,-24.5,-8.2,-12.0,-21.3,0.73,4975,2500,5,False,True,False,18449,17587,0.4,0.5,0.5,1.05,3,False,True,False,False,5일선회복,66.8,-0.1,0.0,0.2,0.0,True,0,강세,-1,0,-1,0,19.6,-0.7,1504.56,,2.14,344.0,344.0,344.0,10,10,1.0,74.8,73.8
086040,바이오톡스텍,,2910,35.0,8.0,7.1,-29.3,17.8,-7.5,-10.9,-8.8,-8.2,-8.8,-1.6,0.61,4115,2470,5,False,False,True,55670,106847,2.0,1.7,3.5,0.52,0,False,False,False,False,-,61.8,-0.4,0.1,0.9,0.1,True,8,강세,-1,0,-1,0,19.6,-0.7,1504.56,,2.14,344.0,344.0,344.0,10,10,1.0,74.8,73.8
296640,이노에이엑스,,6830,30.1,38.4,33.6,-31.6,33.4,5.1,-19.6,28.1,-5.1,-12.7,6.3,0.47,9990,5120,10,False,True,True,17735,27148,0.8,1.2,2.0,0.65,6,False,True,True,False,5일선회복/+3%반등,58.8,-0.7,-0.1,-1.9,0.0,True,0,강세,-1,0,-1,0,19.6,-0.7,1504.56,,2.14,344.0,344.0,344.0,10,10,1.0,74.8,73.8
330350,위더스제약,,7400,18.3,6.1,16.3,-38.1,19.4,-3.9,-22.0,-15.9,-10.7,-13.0,-5.3,0.53,11950,6200,0,False,False,False,37120,84988,3.4,2.8,7.2,0.44,0,False,False,False,False,-,74.7,-0.8,0.0,-16.1,0.0,True,0,강세,-1,0,-1,0,19.6,-0.7,1504.56,,2.14,344.0,344.0,344.0,10,10,1.0,74.7,73.7
016100,리더스코스메틱,,1522,19.9,19.3,19.9,-50.9,17.3,-1.1,-4.0,-3.2,-10.6,-5.6,-24.0,0.04,3100,1297,5,False,True,False,19038,192744,0.1,0.3,3.6,0.1,3,False,False,True,False,+3%반등,66.7,-0.2,0.0,-0.1,-0.0,True,0,강세,-1,0,-1,0,19.6,-0.7,1504.56,,2.14,344.0,344.0,344.0,10,10,1.0,74.7,73.7
265740,엔에프씨,,6070,18.5,17.9,20.9,-38.4,101.3,-1.1,-13.3,-12.8,-8.5,-16.5,-0.3,0.61,9850,3015,5,False,True,False,140623,236276,8.7,8.4,15.8,0.6,3,False,True,False,False,5일선회복,66.7,-3.5,-0.8,-16.5,-13.4,True,0,강세,-1,0,-1,0,19.6,-0.7,1504.56,,2.14,344.0,344.0,344.0,10,10,1.0,74.7,73.7
036620,감성코퍼레이션,,5100,12.5,11.4,18.5,-33.8,31.8,-4.1,-17.6,-24.0,-13.1,-10.2,-12.8,0.65,7700,3870,5,False,True,False,704674,733359,24.3,36.2,43.5,0.96,0,False,False,False,False,-,69.6,-12.9,-0.2,74.7,-111.8,True,0,강세,-1,0,-1,0,19.6,-0.7,1504.56,,2.14,344.0,344.0,344.0,10,10,1.0,74.6,73.6
065770,CS,,2900,39.0,33.0,25.3,-54.4,141.3,-8.5,-6.5,84.7,-6.3,-5.0,40.1,3.41,6354,1202,5,True,False,False,1454358,866326,84.9,39.8,25.9,1.68,7,False,True,False,True,5일선회복/거래량동반양봉,59.6,1.9,0.0,-6.2,-0.5,True,3,강세,-1,0,-1,0,19.6,-0.7,1504.56,,2.14,344.0,344.0,344.0,10,10,1.0,74.6,73.6
100700,세운메디칼,,2440,20.7,2.3,19.0,-28.9,7.0,-3.2,-15.1,-7.2,-7.8,-9.1,-4.1,0.67,3430,2280,0,False,False,False,130393,237796,3.7,3.2,6.4,0.55,0,False,False,False,False,-,66.5,-1.1,0.1,5.1,-0.3,True,8,강세,-1,0,-1,0,19.6,-0.7,1504.56,,2.14,344.0,344.0,344.0,10,10,1.0,74.5,73.5
438700,버넥트,,2895,29.5,37.9,30.6,-53.2,10.5,1.2,-11.5,-24.1,-5.8,-7.5,-19.7,0.79,6190,2620,5,False,True,False,24258,38056,0.9,0.7,1.2,0.64,6,False,True,True,False,5일선회복/+3%반등,63.5,-0.0,-0.0,-1.1,0.0,True,0,강세,-1,0,-1,0,19.6,-0.7,1504.56,,2.14,344.0,344.0,344.0,10,10,1.0,74.5,73.5
040160,누리플렉스,,13740,29.9,10.4,9.0,-29.0,389.0,-8.2,-7.2,70.0,-15.5,2.3,103.2,0.83,19350,2810,5,False,True,False,56390,82359,7.7,7.9,13.6,0.68,0,False,False,False,False,-,66.5,0.7,-0.2,-17.9,-0.3,True,3,강세,-1,0,-1,0,19.6,-0.7,1504.56,,2.14,344.0,344.0,344.0,10,10,1.0,74.5,73.5
035200,프럼파스트,,3405,19.4,11.2,17.6,-42.3,11.8,-6.2,-19.7,-5.4,-11.5,-11.9,-7.3,0.6,5900,3045,0,False,False,False,66590,108869,2.1,2.3,4.3,0.61,0,False,False,False,False,-,74.4,-0.7,-0.0,3.4,0.0,True,0,강세,-1,0,-1,0,19.6,-0.7,1504.56,,2.14,344.0,344.0,344.0,10,10,1.0,74.4,73.4
228670,레이,,6810,29.8,13.3,22.5,-41.7,68.6,-8.8,-24.8,18.6,-11.3,-3.5,11.5,0.39,11690,4040,0,False,False,False,152355,268881,7.2,10.5,21.5,0.57,0,False,False,False,False,-,74.3,-0.8,-0.3,4.0,-20.1,True,0,강세,-1,0,-1,0,19.6,-0.7,1504.56,,2.14,344.0,344.0,344.0,10,10,1.0,74.3,73.3
123040,엠에스오토텍,,2090,29.1,20.0,14.6,-37.7,4.6,-3.9,-15.0,-9.3,-9.7,-10.3,-11.5,0.84,3355,1999,5,False,True,False,190560,269280,4.4,4.0,6.4,0.71,0,False,False,False,False,-,69.2,-1.2,-0.2,2.6,0.0,True,0,강세,-1,0,-1,0,19.6,-0.7,1504.56,,2.14,344.0,344.0,344.0,10,10,1.0,74.2,73.2
109610,에스와이,,2515,33.6,21.6,26.7,-36.7,7.9,0.0,-14.9,-19.3,-8.0,-9.5,-17.1,0.48,3975,2330,5,False,True,False,181809,338667,4.2,4.4,9.6,0.54,3,False,True,False,False,5일선회복,58.2,0.4,0.0,-4.3,0.0,True,8,강세,-1,0,-1,0,19.6,-0.7,1504.56,,2.14,344.0,344.0,344.0,10,10,1.0,74.2,73.2
014190,원익큐브,,1559,23.5,24.7,29.3,-42.9,12.9,-0.4,-12.8,-23.2,-5.6,-9.4,-6.7,0.7,2730,1381,5,False,True,False,146324,201845,2.2,2.2,3.3,0.72,6,False,True,True,False,5일선회복/+3%반등,63.2,-0.2,-0.0,-2.3,0.0,True,0,강세,-1,0,-1,0,19.6,-0.7,1504.56,,2.14,344.0,344.0,344.0,10,10,1.0,74.2,73.2
088390,이녹스,,11770,31.5,36.0,33.6,-32.0,71.1,4.9,-15.9,-18.5,-7.1,-5.1,5.6,0.97,17300,6880,5,False,True,False,38954,65165,6.4,4.3,8.6,0.6,6,False,True,True,False,5일선회복/+3%반등,55.1,0.2,0.0,-6.9,0.1,True,8,강세,-1,0,-1,0,19.6,-0.7,1504.56,,2.14,344.0,344.0,344.0,10,10,1.0,74.1,73.1
475830,오름테라퓨틱,,73500,31.0,44.8,33.0,-49.9,360.8,8.4,-9.6,-33.0,-8.0,-18.7,-1.3,0.9,146600,15950,5,False,True,False,233771,200340,135.3,157.0,158.0,1.17,6,False,True,True,False,5일선회복/+3%반등,60.1,113.0,-75.7,330.3,-39.5,True,3,강세,-1,0,-1,0,19.6,-0.7,1504.56,,2.14,344.0,344.0,344.0,10,10,1.0,74.1,73.1
033230,인성정보,,1660,18.5,15.7,23.5,-34.3,21.2,-1.3,-16.5,1.3,-9.6,-5.8,-10.7,0.21,2525,1370,5,False,True,False,423369,2226215,7.6,7.0,45.2,0.19,3,False,True,False,False,5일선회복,66.1,-2.3,0.0,36.8,0.0,True,0,강세,-1,0,-1,0,19.6,-0.7,1504.56,,2.14,344.0,344.0,344.0,10,10,1.0,74.1,73.1
025550,한국선재,,3665,26.5,18.2,33.2,-27.4,27.9,2.7,-0.9,5.2,-5.3,2.5,2.7,0.4,5050,2865,10,False,True,True,402091,1183531,18.0,14.3,48.3,0.34,10,False,True,True,True,5일선회복/+3%반등/거래량동반양봉,51.1,4.3,0.0,6.9,-25.5,True,3,강세,-1,0,-1,0,19.6,-0.7,1504.56,,2.14,344.0,344.0,344.0,10,10,1.0,74.1,73.1
012790,신일제약,,5560,14.3,1.6,11.0,-22.8,0.2,-3.6,-12.0,-11.5,-6.9,-8.1,-8.9,1.07,7200,5550,0,False,False,False,31555,31341,1.9,1.8,1.9,1.01,0,False,False,False,False,-,66.1,-1.3,0.1,-1.8,0.6,True,8,강세,-1,0,-1,0,19.6,-0.7,1504.56,,2.14,344.0,344.0,344.0,10,10,1.0,74.1,73.1
137400,피엔티,,48450,29.1,38.0,32.5,-21.9,63.1,2.9,-18.2,-9.1,-7.2,-4.9,10.2,1.05,62000,29700,5,False,True,False,205132,220989,109.3,94.0,116.0,0.93,6,False,True,True,False,5일선회복/+3%반등,55.1,-39.2,12.9,6.2,-140.2,True,8,강세,-1,0,-1,0,19.6,-0.7,1504.56,,2.14,344.0,344.0,344.0,10,10,1.0,74.1,73.1
318020,포인트모바일,,3135,22.3,33.5,31.1,-46.9,11.8,4.0,-12.2,-20.1,-7.0,-8.5,-22.0,1.12,5900,2805,5,False,True,False,41021,36466,1.3,1.2,1.2,1.12,6,False,True,True,False,5일선회복/+3%반등,63.0,-0.3,0.0,0.5,0.5,True,0,강세,-1,0,-1,0,19.6,-0.7,1504.56,,2.14,344.0,344.0,344.0,10,10,1.0,74.0,73.0
101970,우양에이치씨,,12000,29.0,21.4,19.9,-43.9,14.3,-1.7,-8.5,-2.4,-9.7,-7.5,-11.8,0.4,21400,10500,5,False,True,False,18576,35029,1.7,2.2,4.8,0.53,3,False,True,False,False,5일선회복,66.0,-1.0,-0.1,-10.7,1.4,True,0,강세,-1,0,-1,0,19.6,-0.7,1504.56,,2.14,344.0,344.0,344.0,10,10,1.0,74.0,73.0
144510,지씨셀,,20550,34.7,18.3,19.8,-27.8,12.9,-2.1,-17.8,-15.6,-9.2,-13.2,-11.1,0.75,28450,18210,5,False,True,False,45162,47469,7.4,9.2,10.7,0.95,3,False,True,False,False,5일선회복,58.0,0.3,-6.2,-41.1,-8.6,True,8,강세,-1,0,-1,0,19.6,-0.7,1504.56,,2.14,344.0,344.0,344.0,10,10,1.0,74.0,73.0
096870,엘디티,,2215,30.8,44.6,30.5,-34.0,10.8,2.8,-9.2,-4.3,-3.9,-4.1,-13.6,1.04,3355,2000,10,True,True,False,41089,29988,0.7,0.9,0.7,1.37,6,False,True,True,False,5일선회복/+3%반등,55.0,0.3,0.0,-0.9,0.0,True,3,강세,-1,0,-1,0,19.6,-0.7,1504.56,,2.14,344.0,344.0,344.0,10,10,1.0,74.0,73.0
091120,이엠텍,,5910,33.6,0.0,2.6,-51.6,0.0,-11.9,-10.6,-17.6,-14.5,-11.4,-28.1,0.77,12200,5910,0,False,False,False,89601,162991,7.6,5.5,11.7,0.55,0,False,False,False,False,-,73.9,-7.2,-0.0,-11.5,0.0,True,0,강세,-1,0,-1,0,19.6,-0.7,1504.56,,2.14,344.0,344.0,344.0,10,10,1.0,73.9,72.9
199730,바이오인프라,,3710,30.0,29.4,25.6,-42.8,15.9,1.5,-11.7,-18.0,-5.5,-7.1,-20.1,0.41,6490,3200,5,False,True,False,5126,8208,0.1,0.2,0.3,0.62,6,False,True,True,False,5일선회복/+3%반등,62.9,0.0,-0.0,0.1,0.0,True,0,강세,-1,0,-1,0,19.6,-0.7,1504.56,,2.14,344.0,344.0,344.0,10,10,1.0,73.9,72.9
090410,덕신이피씨,,1147,26.7,13.7,22.2,-32.7,3.3,-1.9,-15.3,-15.6,-7.3,-7.9,-12.8,0.96,1705,1110,5,False,True,False,125187,188888,2.1,1.4,2.4,0.66,3,False,True,False,False,5일선회복,65.9,-0.1,-0.0,0.4,0.0,True,0,강세,-1,0,-1,0,19.6,-0.7,1504.56,,2.14,344.0,344.0,344.0,10,10,1.0,73.9,72.9
225530,HC보광산업,,2820,29.1,1.2,19.3,-38.1,12.8,-8.4,-22.8,-1.4,-14.3,-18.5,-10.4,0.77,4555,2500,0,False,False,False,67413,98046,2.2,2.0,3.3,0.69,0,False,False,False,False,-,73.9,-1.1,0.0,-1.0,0.0,True,0,강세,-1,0,-1,0,19.6,-0.7,1504.56,,2.14,344.0,344.0,344.0,10,10,1.0,73.9,72.9
478560,블랙야크아이앤씨,,3085,28.6,17.9,16.3,-27.5,4.9,-2.4,-9.8,-19.3,-6.7,-6.5,-13.1,1.07,4255,2940,5,False,True,False,81963,114682,3.8,2.5,3.8,0.71,3,False,False,True,False,+3%반등,62.8,0.4,-0.5,0.2,-5.3,True,3,강세,-1,0,-1,0,19.6,-0.7,1504.56,,2.14,344.0,344.0,344.0,10,10,1.0,73.8,72.8
206400,베노티앤알,,1108,31.6,44.7,42.2,-60.1,18.6,9.7,-8.2,-21.1,-3.1,-5.9,-35.9,0.87,2775,934,10,False,True,True,202528,206328,2.0,2.2,2.5,0.98,6,False,True,True,False,5일선회복/+3%반등,54.8,1.6,0.0,2.3,0.1,True,3,강세,-1,0,-1,0,19.6,-0.7,1504.56,,2.14,344.0,344.0,344.0,10,10,1.0,73.8,72.8
013120,동원개발,,2475,21.3,8.7,14.9,-31.6,7.1,-3.3,-14.2,-25.0,-8.4,-13.0,-13.1,0.56,3620,2310,5,False,True,False,118412,162769,2.3,3.0,4.5,0.73,0,False,False,False,False,-,68.8,-3.3,-0.2,-3.2,-1.7,True,0,강세,-1,0,-1,0,19.6,-0.7,1504.56,,2.14,344.0,344.0,344.0,10,10,1.0,73.8,72.8
052260,현대바이오랜드,,4010,20.9,5.5,13.1,-26.0,1.1,-2.4,-6.9,-10.2,-6.7,-4.8,-8.9,1.01,5420,3965,10,False,True,True,78453,94209,3.9,3.2,4.1,0.83,0,False,False,False,False,-,63.7,-1.1,-0.0,-2.0,0.1,True,0,강세,-1,0,-1,0,19.6,-0.7,1504.56,,2.14,344.0,344.0,344.0,10,10,1.0,73.7,72.7
154030,아시아종묘,,1801,18.0,7.4,13.6,-40.0,1.1,-4.3,-11.3,-18.3,-6.7,-9.7,-14.0,1.48,3000,1781,0,False,False,False,43899,50290,1.3,0.8,1.0,0.87,0,False,False,False,False,-,73.6,-0.3,-0.0,-3.3,0.0,True,0,강세,-1,0,-1,0,19.6,-0.7,1504.56,,2.14,344.0,344.0,344.0,10,10,1.0,73.6,72.6
475960,토모큐브,,46700,28.7,17.5,25.1,-31.1,107.6,0.9,-14.2,-18.5,-10.1,-13.0,-2.4,0.69,67800,22500,5,False,True,False,82459,124763,41.0,37.4,67.3,0.66,6,False,True,True,False,5일선회복/+3%반등,62.6,-15.9,-2.3,-103.6,13.6,True,0,강세,-1,0,-1,0,19.6,-0.7,1504.56,,2.14,344.0,344.0,344.0,10,10,1.0,73.6,72.6
058110,멕아이씨에스,,2465,32.7,21.6,21.7,-38.4,65.9,-3.9,-15.7,44.5,-6.8,-6.2,17.2,0.4,4000,1486,0,False,False,False,90264,156775,1.5,2.2,4.2,0.58,3,False,True,False,False,5일선회복,62.6,2.0,-0.0,3.1,-0.0,True,8,강세,-1,0,-1,0,19.6,-0.7,1504.56,,2.14,344.0,344.0,344.0,10,10,1.0,73.6,72.6
099410,동방선기,,4690,36.4,17.9,24.1,-36.1,47.9,-0.1,-12.5,-24.2,-9.7,-7.0,-6.0,0.3,7340,3170,5,False,True,False,174821,583157,8.4,7.9,32.8,0.3,6,False,True,True,False,5일선회복/+3%반등,54.5,-11.2,0.7,-13.6,1.5,True,8,강세,-1,0,-1,0,19.6,-0.7,1504.56,,2.14,344.0,344.0,344.0,10,10,1.0,73.5,72.5
041960,코미팜,,7600,15.1,19.7,15.1,-29.6,53.2,-5.1,-18.4,-10.5,-14.1,-12.9,4.7,1.17,10790,4960,5,False,True,False,300970,303677,26.9,23.1,26.9,0.99,0,False,False,False,False,-,68.4,-4.9,-0.3,-16.6,-0.1,True,0,강세,-1,0,-1,0,19.6,-0.7,1504.56,,2.14,344.0,344.0,344.0,10,10,1.0,73.4,72.4
273640,와이엠텍,,9450,27.2,15.9,19.3,-32.5,50.0,-5.5,-6.9,15.2,-15.2,4.7,9.4,0.48,13990,6300,5,False,True,False,112978,372642,14.7,10.5,42.1,0.3,3,False,True,False,False,5일선회복,62.3,2.0,-0.5,12.8,-0.2,True,3,강세,-1,0,-1,0,19.6,-0.7,1504.56,,2.14,344.0,344.0,344.0,10,10,1.0,73.3,72.3
011040,경동제약,,5270,26.3,7.9,9.1,-23.5,0.6,-3.1,-5.4,-10.8,-3.8,-4.0,-8.4,1.37,6890,5240,5,True,False,False,48688,33946,2.5,2.6,1.9,1.43,0,False,False,False,False,-,65.3,0.9,0.0,-2.3,-0.2,True,3,강세,-1,0,-1,0,19.6,-0.7,1504.56,,2.14,344.0,344.0,344.0,10,10,1.0,73.3,72.3
288980,모아데이타,,1032,40.8,22.7,30.9,-38.1,98.5,3.3,-27.8,71.7,-11.7,-3.7,2.7,1.96,1666,520,10,True,True,False,3090606,1393670,29.2,32.9,15.9,2.22,6,False,True,True,False,5일선회복/+3%반등,57.2,-4.5,0.0,-5.5,-0.5,True,0,강세,-1,0,-1,0,19.6,-0.7,1504.56,,2.14,344.0,344.0,344.0,10,10,1.0,73.2,72.2
072470,우리산업홀딩스,,3435,33.4,19.3,13.7,-35.3,42.8,-5.9,-11.9,-1.9,-8.7,-7.9,-2.3,0.51,5310,2405,0,False,False,False,59784,104396,1.8,2.0,4.0,0.57,3,False,True,False,False,5일선회복,62.2,0.4,-1.8,-2.1,-1.8,True,8,강세,-1,0,-1,0,19.6,-0.7,1504.56,,2.14,344.0,344.0,344.0,10,10,1.0,73.2,72.2
072990,에이치시티,,4075,19.1,17.7,15.8,-43.6,4.2,-4.9,-17.8,-37.9,-10.1,-12.9,-27.0,0.56,7222,3910,0,False,False,False,97245,95383,2.2,4.0,4.3,1.02,0,False,False,False,False,-,73.1,-1.6,-0.2,-7.4,-1.8,True,0,강세,-1,0,-1,0,19.6,-0.7,1504.56,,2.14,344.0,344.0,344.0,10,10,1.0,73.1,72.1
195500,마니커에프앤지,,2490,15.2,4.0,9.0,-40.0,0.6,-4.0,-11.4,-13.7,-7.4,-7.7,-9.8,0.89,4150,2475,0,False,False,False,61128,63363,1.4,1.6,1.7,0.96,0,False,False,False,False,-,73.1,-1.2,0.0,-3.2,0.0,True,0,강세,-1,0,-1,0,19.6,-0.7,1504.56,,2.14,344.0,344.0,344.0,10,10,1.0,73.1,72.1
216050,인크로스,,6130,26.9,19.0,16.7,-34.9,2.7,-2.5,-9.9,-15.4,-5.6,-8.1,-13.1,1.02,9410,5970,5,False,True,False,44002,48049,3.0,2.7,3.1,0.92,0,False,False,False,False,-,65.1,-1.1,1.6,-5.1,5.1,True,3,강세,-1,0,-1,0,19.6,-0.7,1504.56,,2.14,344.0,344.0,344.0,10,10,1.0,73.1,72.1
073010,케이에스피,,4720,17.6,24.3,24.8,-42.9,46.4,1.2,-6.9,11.1,-11.9,7.4,-2.6,0.18,8260,3225,5,False,True,False,399344,1698127,13.8,18.2,97.7,0.24,6,False,True,True,False,5일선회복/+3%반등,62.1,-4.1,-0.9,29.1,-2.6,True,0,강세,-1,0,-1,0,19.6,-0.7,1504.56,,2.14,344.0,344.0,344.0,10,10,1.0,73.1,72.1
032680,소프트센,,1297,0.0,66.9,-0.5,-32.6,30.4,-3.2,0.9,-3.6,-3.6,3.3,-6.4,3.2,1925,995,0,False,False,False,85193,143746,5.5,1.1,1.9,0.59,0,False,False,False,False,-,73.0,-0.6,-0.1,5.5,0.9,True,0,강세,-1,0,-1,0,19.6,-0.7,1504.56,,2.14,344.0,344.0,344.0,10,10,1.0,73.0,72.0
119500,포메탈,,3840,35.1,19.4,10.1,-38.2,33.3,-5.3,-13.4,-26.7,-8.4,-6.3,3.2,0.49,6210,2880,10,True,True,False,291477,198285,3.7,11.5,8.3,1.47,0,False,False,False,False,-,62.9,-2.7,-0.0,0.8,-0.0,True,0,강세,-1,0,-1,0,19.6,-0.7,1504.56,,2.14,344.0,344.0,344.0,10,10,1.0,72.9,71.9
037350,성도이엔지,,10980,27.7,37.8,34.8,-24.0,158.4,5.3,-10.0,47.2,-7.3,-2.7,49.7,1.64,14450,4250,5,False,True,False,279846,321947,58.3,29.4,38.7,0.87,6,False,True,True,False,5일선회복/+3%반등,53.9,-5.6,2.3,2.8,1.5,True,8,강세,-1,0,-1,0,19.6,-0.7,1504.56,,2.14,344.0,344.0,344.0,10,10,1.0,72.9,71.9
058970,엠로,,24600,39.3,25.4,31.3,-59.4,13.6,3.4,-18.3,-40.5,-6.6,-11.1,-33.9,0.48,60600,21650,5,False,True,False,64139,98425,12.0,15.1,26.7,0.65,6,False,True,True,False,5일선회복/+3%반등,53.8,12.9,-0.6,-18.8,-64.5,True,8,강세,-1,0,-1,0,19.6,-0.7,1504.56,,2.14,344.0,344.0,344.0,10,10,1.0,72.8,71.8
060260,뉴보텍,,1218,26.1,23.5,15.4,-43.6,55.8,-6.4,-14.9,15.5,-10.3,-7.7,-7.1,1.48,2160,782,0,False,False,False,93145,117206,1.8,1.1,1.6,0.79,0,False,False,False,False,-,72.8,-0.1,0.0,-1.1,0.0,True,0,강세,-1,0,-1,0,19.6,-0.7,1504.56,,2.14,344.0,344.0,344.0,10,10,1.0,72.8,71.8
104480,티케이케미칼,,2165,18.8,23.9,26.6,-25.7,49.6,-1.6,-11.3,6.9,-7.7,-6.3,16.6,0.77,2915,1447,5,False,True,False,691888,1374451,23.3,14.7,34.4,0.5,3,False,True,False,False,5일선회복,56.8,-4.0,3.1,3.0,4.7,True,8,강세,-1,0,-1,0,19.6,-0.7,1504.56,,2.14,344.0,344.0,344.0,10,10,1.0,72.8,71.8
023160,태광,,37800,28.5,36.3,35.7,-26.3,113.6,7.2,-15.2,22.5,-6.9,-4.2,30.2,0.7,51300,17700,5,False,True,False,257131,407696,110.4,95.7,167.3,0.63,6,False,True,True,False,5일선회복/+3%반등,53.8,-61.7,103.1,106.0,-211.1,True,8,강세,-1,0,-1,0,19.6,-0.7,1504.56,,2.14,344.0,344.0,344.0,10,10,1.0,72.8,71.8
089850,유비벨록스,,4830,19.8,24.1,23.2,-37.1,4.9,-0.8,-15.6,-14.7,-6.6,-8.9,-13.8,0.52,7680,4605,5,False,True,False,17867,34609,0.9,0.9,1.8,0.52,3,False,True,False,False,5일선회복,64.8,-0.2,0.0,-1.7,-0.0,True,0,강세,-1,0,-1,0,19.6,-0.7,1504.56,,2.14,344.0,344.0,344.0,10,10,1.0,72.8,71.8
048470,대동스틸,,3185,23.6,20.7,26.9,-32.5,18.6,-2.2,-8.2,-9.8,-6.5,-5.4,-3.1,0.04,4720,2685,5,False,True,False,44318,646809,1.0,1.4,25.1,0.07,6,False,True,True,False,5일선회복/+3%반등,58.7,0.2,-0.0,-5.1,0.0,True,3,강세,-1,0,-1,0,19.6,-0.7,1504.56,,2.14,344.0,344.0,344.0,10,10,1.0,72.7,71.7
068790,DMS,,7340,30.1,33.0,31.5,-20.1,12.9,3.2,-8.9,-19.7,-6.5,-6.4,-16.4,0.83,9190,6500,10,False,True,True,90450,146112,9.1,6.4,11.6,0.62,10,False,True,True,True,5일선회복/+3%반등/거래량동반양봉,49.7,-2.4,0.6,5.1,0.5,True,3,강세,-1,0,-1,0,19.6,-0.7,1504.56,,2.14,344.0,344.0,344.0,10,10,1.0,72.7,71.7
356890,싸이버원,,3445,34.3,34.0,35.7,-36.4,18.8,3.6,-7.5,-9.3,-4.4,-0.5,-7.6,4.84,5420,2900,5,False,True,False,950744,1595697,150.8,32.6,64.1,0.6,10,False,True,True,True,5일선회복/+3%반등/거래량동반양봉,57.6,-9.6,-0.0,-1.7,-0.0,True,0,강세,-1,0,-1,0,19.6,-0.7,1504.56,,2.14,344.0,344.0,344.0,10,10,1.0,72.6,71.6
023900,풍국주정,,8910,13.0,6.2,17.1,-32.2,2.5,-2.6,-13.2,-6.0,-8.9,-10.8,-5.6,0.46,13140,8690,5,False,True,False,44343,88613,3.6,4.0,9.0,0.5,0,False,False,False,False,-,67.6,-2.3,0.0,0.2,-1.0,True,0,강세,-1,0,-1,0,19.6,-0.7,1504.56,,2.14,344.0,344.0,344.0,10,10,1.0,72.6,71.6
067080,대화제약,,13480,41.7,17.1,24.8,-45.9,7.1,-0.5,-10.9,-10.6,-5.8,-6.9,-13.8,0.53,24900,12590,5,False,True,False,87573,115122,8.4,11.6,17.0,0.76,3,False,True,False,False,5일선회복,49.6,8.7,0.2,-15.9,3.4,True,15,강세,-1,0,-1,0,19.6,-0.7,1504.56,,2.14,344.0,344.0,344.0,10,10,1.0,72.6,71.6
464080,에스오에스랩,,14670,40.9,40.3,37.4,-48.9,64.3,5.9,-12.6,-19.4,-5.6,-6.0,4.9,0.7,28700,8930,10,False,True,True,397052,728753,76.0,52.4,118.2,0.54,10,False,True,True,True,5일선회복/+3%반등/거래량동반양봉,44.6,19.7,-2.9,-42.9,9.4,True,8,강세,-1,0,-1,0,19.6,-0.7,1504.56,,2.14,344.0,344.0,344.0,10,10,1.0,72.6,71.6
027830,대성창투,,1330,17.4,5.6,16.5,-36.8,1.2,-4.4,-18.4,-26.4,-9.8,-11.7,-17.1,1.03,2105,1314,0,False,False,False,202844,226047,3.1,2.7,3.4,0.9,0,False,False,False,False,-,72.5,-1.3,0.0,-11.5,0.0,True,0,강세,-1,0,-1,0,19.6,-0.7,1504.56,,2.14,344.0,344.0,344.0,10,10,1.0,72.5,71.5
082850,우리바이오,,1919,28.8,26.6,24.1,-34.7,27.9,-0.2,-6.8,1.9,-6.7,-3.4,-8.6,0.25,2940,1500,5,False,True,False,166475,934729,2.8,3.2,20.7,0.18,6,False,True,True,False,5일선회복/+3%반등,58.5,1.9,-0.0,2.9,0.0,True,3,강세,-1,0,-1,0,19.6,-0.7,1504.56,,2.14,344.0,344.0,344.0,10,10,1.0,72.5,71.5
070590,인티큐브,,1713,29.7,35.3,29.9,-37.5,11.2,3.6,-12.9,-5.2,-4.7,-10.2,-13.4,0.44,2740,1541,10,False,True,True,63608,51010,0.4,1.1,0.9,1.25,3,False,False,True,False,+3%반등,59.5,0.0,0.0,-0.5,0.0,True,0,강세,-1,0,-1,0,19.6,-0.7,1504.56,,2.14,344.0,344.0,344.0,10,10,1.0,72.5,71.5
309960,LB인베스트먼트,,5100,22.2,20.5,19.4,-34.2,21.0,-0.6,-12.5,-25.7,-8.8,-8.4,-7.2,0.47,7750,4215,5,False,True,False,53130,94733,2.3,2.7,5.5,0.56,3,False,True,False,False,5일선회복,64.5,-1.7,-0.0,-7.5,0.0,True,0,강세,-1,0,-1,0,19.6,-0.7,1504.56,,2.14,344.0,344.0,344.0,10,10,1.0,72.5,71.5
361390,제노코,,24950,27.3,28.0,22.3,-32.4,79.2,-5.7,-18.5,-17.5,-10.1,-13.8,15.2,1.14,36900,13920,5,False,True,False,147269,167313,47.2,36.3,47.0,0.88,3,False,True,False,False,5일선회복,64.5,-7.9,-1.5,-6.8,-6.7,True,0,강세,-1,0,-1,0,19.6,-0.7,1504.56,,2.14,344.0,344.0,344.0,10,10,1.0,72.5,71.5
007680,대원,,4010,36.5,8.8,21.6,-18.3,3.0,-1.1,-11.2,-0.2,-5.3,-5.8,-8.4,0.34,4910,3895,5,False,True,False,9936,14511,0.2,0.4,0.6,0.68,3,False,True,False,False,5일선회복,49.5,0.1,0.2,-0.0,0.1,True,15,강세,-1,0,-1,0,19.6,-0.7,1504.56,,2.14,344.0,344.0,344.0,10,10,1.0,72.5,71.5
413640,비아이매트릭스,,7780,27.2,42.0,34.8,-67.6,8.8,3.6,-10.6,-21.7,-3.4,-4.9,-27.2,0.45,24000,7150,5,False,True,False,24919,33842,1.2,1.9,2.7,0.74,6,False,True,True,False,5일선회복/+3%반등,61.4,-0.7,-0.3,-6.8,-1.0,True,0,강세,-1,0,-1,0,19.6,-0.7,1504.56,,2.14,344.0,344.0,344.0,10,10,1.0,72.4,71.4
115480,씨유메디칼,,2305,19.6,32.0,7.5,-30.4,9.8,-15.9,-14.3,-18.3,-12.8,-12.0,-19.6,2.2,3310,2100,0,False,False,False,104865,50732,1.3,2.3,1.3,2.07,0,False,False,False,False,-,72.3,-0.7,-0.6,-0.7,-0.6,True,0,강세,-1,0,-1,0,19.6,-0.7,1504.56,,2.14,344.0,344.0,344.0,10,10,1.0,72.3,71.3
131090,시큐브,,3860,29.5,37.1,33.8,-26.1,inf,3.2,-8.6,-4.3,-3.6,-3.7,-3.1,0.89,5220,0,5,False,True,False,42728,47600,1.6,1.6,1.9,0.9,6,False,True,True,False,5일선회복/+3%반등,51.2,0.1,0.8,-0.4,2.2,True,10,강세,-1,0,-1,0,19.6,-0.7,1504.56,,2.14,344.0,344.0,344.0,10,10,1.0,72.2,71.2
015750,성우하이텍,,8030,35.0,33.8,22.4,-33.0,52.1,-1.0,-12.7,-7.3,-6.9,-9.1,10.2,0.69,11990,5280,5,False,True,False,651604,1011565,56.1,51.4,88.4,0.64,6,False,True,True,False,5일선회복/+3%반등,53.1,55.4,-48.5,59.0,-183.9,True,8,강세,-1,0,-1,0,19.6,-0.7,1504.56,,2.14,344.0,344.0,344.0,10,10,1.0,72.1,71.1
101930,인화정공,,11700,22.6,12.5,39.5,-31.2,89.0,0.3,12.5,38.8,-5.2,6.2,15.7,0.59,17000,6190,5,False,True,False,50103,98306,7.1,5.8,13.6,0.51,6,False,True,True,False,5일선회복/+3%반등,51.1,1.8,1.5,-26.4,10.6,True,10,강세,-1,0,-1,0,19.6,-0.7,1504.56,,2.14,344.0,344.0,344.0,10,10,1.0,72.1,71.1
215100,로보로보,,6480,31.4,21.5,21.2,-57.6,48.5,-5.3,-9.1,-29.0,-8.1,-7.6,-13.5,0.26,15300,4365,0,False,False,False,348483,1084239,18.7,22.1,79.2,0.32,3,False,True,False,False,5일선회복,66.1,3.9,0.0,-52.3,-1.7,True,3,강세,-1,0,-1,0,19.6,-0.7,1504.56,,2.14,344.0,344.0,344.0,10,10,1.0,72.1,71.1
121600,나노신소재,,71900,31.5,41.4,30.9,-24.6,62.9,1.4,-15.5,1.0,-7.3,0.2,17.3,0.66,95300,44150,5,False,True,False,110324,155736,73.1,76.0,123.8,0.71,6,False,True,True,False,5일선회복/+3%반등,53.0,3.3,-15.5,-15.7,-122.2,True,8,강세,-1,0,-1,0,19.6,-0.7,1504.56,,2.14,344.0,344.0,344.0,10,10,1.0,72.0,71.0
353810,이지바이오,,6840,29.7,12.5,13.9,-20.1,40.0,-3.7,-13.4,-12.3,-7.7,-7.5,5.1,1.09,8560,4885,0,False,False,False,188361,191844,14.3,13.2,14.1,0.98,0,False,False,False,False,-,64.0,-10.5,10.6,-20.3,12.5,True,8,강세,-1,0,-1,0,19.6,-0.7,1504.56,,2.14,344.0,344.0,344.0,10,10,1.0,72.0,71.0
028300,HLB,,52400,30.2,34.5,33.6,-24.3,45.0,4.2,-13.5,-2.1,-6.3,-5.2,7.0,1.05,69200,36150,5,False,True,False,725338,631982,351.0,359.6,348.9,1.15,6,False,True,True,False,5일선회복/+3%반등,53.0,-18.7,35.3,185.6,-719.5,True,8,강세,-1,0,-1,0,19.6,-0.7,1504.56,,2.14,344.0,344.0,344.0,10,10,1.0,72.0,71.0
344860,이노진,,1498,38.1,28.0,49.3,-46.5,13.5,7.5,-6.6,-12.4,-0.1,-1.8,-10.8,1.08,2800,1320,15,True,True,True,809556,221500,3.7,12.3,3.4,3.65,6,False,True,True,False,5일선회복/+3%반등,40.9,0.5,0.1,0.0,0.1,True,10,강세,-1,0,-1,0,19.6,-0.7,1504.56,,2.14,344.0,344.0,344.0,10,10,1.0,71.9,70.9
462510,라메디텍,,4100,41.9,12.2,21.2,-55.9,6.9,-6.0,-19.6,-20.1,-11.9,-14.7,-33.8,0.26,9300,3835,0,False,False,False,54175,152147,1.7,2.2,7.7,0.36,6,False,True,True,False,5일선회복/+3%반등,57.9,0.8,0.0,-0.9,0.4,True,8,강세,-1,0,-1,0,19.6,-0.7,1504.56,,2.14,344.0,344.0,344.0,10,10,1.0,71.9,70.9
318000,KBG,,3915,18.4,22.6,20.8,-38.2,5.4,-0.3,-16.0,-10.6,-8.3,-7.9,-15.6,0.3,6340,3715,5,False,True,False,28760,40330,0.5,1.1,1.8,0.71,0,False,False,False,False,-,66.8,-0.3,0.0,-1.0,0.0,True,0,강세,-1,0,-1,0,19.6,-0.7,1504.56,,2.14,344.0,344.0,344.0,10,10,1.0,71.8,70.8
050860,아세아텍,,1888,10.8,10.9,15.4,-28.9,3.5,-1.7,-7.2,-7.5,-7.0,-6.4,-4.8,0.9,2655,1825,5,False,True,False,85660,86879,1.4,1.6,1.8,0.99,0,False,False,False,False,-,63.8,0.2,0.0,-1.2,0.0,True,3,강세,-1,0,-1,0,19.6,-0.7,1504.56,,2.14,344.0,344.0,344.0,10,10,1.0,71.8,70.8
042500,링네트,,4830,16.3,8.7,22.3,-34.7,41.6,-3.6,-7.6,23.1,-10.6,2.3,18.6,0.27,7400,3410,5,False,True,False,393762,1609169,21.5,19.0,94.4,0.24,0,False,False,False,False,-,63.8,6.7,-0.2,-7.1,0.1,True,3,강세,-1,0,-1,0,19.6,-0.7,1504.56,,2.14,344.0,344.0,344.0,10,10,1.0,71.8,70.8
484810,티엑스알로보틱스,,16020,24.0,30.8,19.7,-39.5,46.2,-2.4,-5.5,-14.1,-9.3,-4.2,-1.8,0.3,26500,10960,5,False,True,False,53468,158177,8.0,8.5,29.1,0.34,3,False,True,False,False,5일선회복,60.7,5.8,-0.2,-4.3,-2.6,True,3,강세,-1,0,-1,0,19.6,-0.7,1504.56,,2.14,344.0,344.0,344.0,10,10,1.0,71.7,70.7
372170,윤성에프앤씨,,29500,29.5,24.6,25.8,-32.8,15.7,0.5,-19.1,-12.2,-9.3,-5.6,-9.5,0.47,43900,25500,5,False,True,False,15417,28094,3.9,4.4,9.4,0.55,3,False,True,False,False,5일선회복,63.7,-1.7,-0.3,-6.0,-1.5,True,0,강세,-1,0,-1,0,19.6,-0.7,1504.56,,2.14,344.0,344.0,344.0,10,10,1.0,71.7,70.7
053260,금강철강,,5810,29.7,22.4,43.7,-28.5,56.2,2.8,-5.8,39.8,-2.7,8.1,30.3,0.14,8130,3720,10,False,True,True,109349,1182252,9.5,6.0,78.8,0.09,10,False,True,True,True,5일선회복/+3%반등/거래량동반양봉,48.7,-0.8,7.1,2.4,7.1,True,3,강세,-1,0,-1,0,19.6,-0.7,1504.56,,2.14,344.0,344.0,344.0,10,10,1.0,71.7,70.7
367000,플래티어,,3605,14.5,9.7,5.4,-30.7,8.3,-5.9,-13.2,-4.6,-8.3,-8.5,-14.3,0.71,5200,3330,0,False,False,False,8550,8251,0.2,0.3,0.3,1.04,0,False,False,False,False,-,71.7,-0.0,0.0,0.2,0.0,True,0,강세,-1,0,-1,0,19.6,-0.7,1504.56,,2.14,344.0,344.0,344.0,10,10,1.0,71.7,70.7
063570,NICE인프라,,3860,14.8,4.4,12.6,-26.8,1.4,-6.0,-18.0,-12.0,-9.6,-8.8,-9.7,1.4,5270,3805,0,False,False,False,122598,104722,5.6,4.8,4.5,1.17,0,False,False,False,False,-,71.7,-0.3,-2.0,-0.3,-4.0,True,0,강세,-1,0,-1,0,19.6,-0.7,1504.56,,2.14,344.0,344.0,344.0,10,10,1.0,71.7,70.7
208350,지란지교시큐리티,,3085,34.4,26.3,17.0,-19.3,22.7,-1.1,-9.5,6.6,-5.0,-2.0,3.4,1.33,3825,2515,10,False,True,True,51966,58166,2.3,1.6,1.9,0.89,0,False,False,False,False,-,51.6,0.2,0.7,2.6,3.1,True,10,강세,-1,0,-1,0,19.6,-0.7,1504.56,,2.14,344.0,344.0,344.0,10,10,1.0,71.6,70.6
103230,에스앤더블류,,3495,10.9,15.5,12.9,-42.7,11.0,-5.3,-12.2,-8.0,-9.4,-8.2,-14.7,0.43,6100,3150,0,False,False,False,30665,72481,1.0,1.1,2.9,0.42,0,False,False,False,False,-,71.6,-0.8,-0.0,-2.9,-0.0,True,0,강세,-1,0,-1,0,19.6,-0.7,1504.56,,2.14,344.0,344.0,344.0,10,10,1.0,71.6,70.6
214680,디알텍,,1594,17.4,6.3,18.5,-32.6,2.2,-1.3,-12.0,-29.6,-7.8,-8.3,-17.6,0.94,2365,1560,5,False,True,False,262258,348031,5.3,4.2,6.1,0.75,0,False,False,False,False,-,66.6,-3.8,-0.0,-9.8,0.0,True,0,강세,-1,0,-1,0,19.6,-0.7,1504.56,,2.14,344.0,344.0,344.0,10,10,1.0,71.6,70.6
051980,중앙첨단소재,,1737,41.3,40.5,41.6,-60.1,37.9,8.0,-22.1,-23.1,-3.1,3.6,-29.1,0.5,4355,1260,10,False,True,True,1151349,2893358,23.1,18.6,54.9,0.4,6,False,True,True,False,5일선회복/+3%반등,47.5,9.9,-0.0,-24.9,-0.0,True,8,강세,-1,0,-1,0,19.6,-0.7,1504.56,,2.14,344.0,344.0,344.0,10,10,1.0,71.5,70.5
032620,GC메디아이,,3570,27.8,9.0,17.8,-20.1,2.0,-2.5,-14.8,-15.1,-7.4,-10.1,-9.6,1.02,4470,3500,0,False,False,False,155305,161639,5.9,5.6,6.2,0.96,0,False,False,False,False,-,63.4,-6.5,0.3,-24.0,0.8,True,8,강세,-1,0,-1,0,19.6,-0.7,1504.56,,2.14,344.0,344.0,344.0,10,10,1.0,71.4,70.4
150900,파수AI,,4845,30.6,18.8,30.9,-29.7,48.6,2.4,-3.7,22.2,-8.0,10.2,9.6,0.18,6890,3260,5,False,True,False,273819,2477232,15.6,12.7,140.3,0.11,10,False,True,True,True,5일선회복/+3%반등/거래량동반양봉,53.3,-2.6,0.4,-0.7,4.9,True,3,강세,-1,0,-1,0,19.6,-0.7,1504.56,,2.14,344.0,344.0,344.0,10,10,1.0,71.3,70.3
053450,세코닉스,,4945,29.0,22.2,18.6,-34.5,4.5,-0.3,-9.8,-15.9,-6.2,-5.9,-11.0,0.76,7550,4730,5,False,True,False,89783,178459,6.5,4.4,9.6,0.5,3,False,True,False,False,5일선회복,63.2,-0.5,0.0,-1.5,-0.0,True,0,강세,-1,0,-1,0,19.6,-0.7,1504.56,,2.14,344.0,344.0,344.0,10,10,1.0,71.2,70.2
025320,시노펙스,,5460,37.4,54.3,46.4,-34.5,15.9,10.9,-12.2,-23.4,-1.2,-5.9,-12.5,0.89,8330,4710,10,False,True,True,514273,612200,29.6,26.3,34.0,0.84,6,False,True,True,False,5일선회복/+3%반등,40.2,12.2,2.0,-12.5,-60.5,True,15,강세,-1,0,-1,0,19.6,-0.7,1504.56,,2.14,344.0,344.0,344.0,10,10,1.0,71.2,70.2
098660,에스티오,,1618,18.6,20.9,-5.6,-38.0,30.5,-5.7,-5.1,12.9,-4.8,-1.7,-10.2,1.24,2610,1240,0,False,False,False,9316,13977,0.3,0.2,0.2,0.67,0,False,False,False,False,-,71.2,-0.0,-0.0,0.1,0.4,True,0,강세,-1,0,-1,0,19.6,-0.7,1504.56,,2.14,344.0,344.0,344.0,10,10,1.0,71.2,70.2
046440,KG파이낸셜,,4410,22.3,11.1,21.0,-39.8,4.6,-3.4,-16.9,-21.9,-9.0,-11.3,-12.1,1.1,7330,4215,0,False,False,False,108763,113401,5.5,4.8,5.5,0.96,0,False,False,False,False,-,71.2,-2.6,-0.7,-6.6,-0.5,True,0,강세,-1,0,-1,0,19.6,-0.7,1504.56,,2.14,344.0,344.0,344.0,10,10,1.0,71.2,70.2
281740,레이크머티리얼즈,,20150,38.6,40.1,35.8,-29.8,83.2,6.1,-20.8,-12.2,-5.8,-3.6,18.3,0.77,28700,11000,5,False,True,False,550045,970794,144.0,106.4,214.7,0.57,6,False,True,True,False,5일선회복/+3%반등,45.1,32.1,4.7,270.2,-249.1,True,15,강세,-1,0,-1,0,19.6,-0.7,1504.56,,2.14,344.0,344.0,344.0,10,10,1.0,71.1,70.1
080470,성창오토텍,,3715,25.1,8.5,9.3,-24.4,6.8,-3.4,-9.4,-18.7,-7.6,-7.9,-11.6,1.08,4915,3480,5,False,True,False,20601,23579,0.9,0.8,1.0,0.87,0,False,False,False,False,-,66.1,-0.4,-0.0,-0.4,-0.2,True,0,강세,-1,0,-1,0,19.6,-0.7,1504.56,,2.14,344.0,344.0,344.0,10,10,1.0,71.1,70.1
222420,쎄노텍,,1448,33.5,39.8,39.1,-32.5,94.6,4.2,-5.4,1.8,-3.5,2.4,34.2,2.23,2145,744,10,False,True,True,646857,962514,31.7,9.1,14.9,0.67,10,False,True,True,True,5일선회복/+3%반등/거래량동반양봉,51.0,-1.8,-0.0,-14.5,0.0,True,0,강세,-1,0,-1,0,19.6,-0.7,1504.56,,2.14,344.0,344.0,344.0,10,10,1.0,71.0,70.0
225590,패션플랫폼,,4455,21.9,40.4,-7.5,-12.6,11.9,-6.2,-6.6,0.7,-5.3,-2.4,-0.1,1.92,5100,3980,5,True,False,False,27426,9076,0.8,1.2,0.4,3.02,0,False,False,False,False,-,62.9,0.1,-0.5,0.1,0.0,True,3,강세,-1,0,-1,0,19.6,-0.7,1504.56,,2.14,344.0,344.0,344.0,10,10,1.0,70.9,69.9
085670,뉴프렉스,,5400,32.6,17.1,14.4,-25.8,30.1,-2.4,-19.4,-12.8,-13.0,-9.0,-1.9,1.46,7280,4150,5,False,True,False,519848,518154,33.0,28.4,33.1,1.0,0,False,False,False,False,-,65.9,-9.2,-5.9,5.0,-13.1,True,0,강세,-1,0,-1,0,19.6,-0.7,1504.56,,2.14,344.0,344.0,344.0,10,10,1.0,70.9,69.9
060150,인선이엔티,,3970,16.1,11.0,21.2,-35.9,3.8,-1.7,-9.8,-13.4,-7.4,-6.3,-9.9,1.05,6190,3825,5,False,True,False,117830,155898,6.6,4.7,6.8,0.76,0,False,False,False,False,-,65.8,-6.4,-0.1,-5.2,-2.1,True,0,강세,-1,0,-1,0,19.6,-0.7,1504.56,,2.14,344.0,344.0,344.0,10,10,1.0,70.8,69.8
052020,에스티큐브,,15430,30.3,20.9,18.6,-31.4,180.5,-6.1,-5.7,74.7,-14.7,-9.6,50.4,0.67,22500,5500,5,False,True,False,378693,520262,54.1,57.9,96.3,0.73,3,False,True,False,False,5일선회복,59.8,9.7,-0.3,-16.0,2.4,True,3,강세,-1,0,-1,0,19.6,-0.7,1504.56,,2.14,344.0,344.0,344.0,10,10,1.0,70.8,69.8
056700,신화인터텍,,1614,3.3,9.8,6.9,-26.8,2.2,-5.9,-15.3,-14.0,-10.4,-12.0,-12.6,1.04,2205,1580,0,False,False,False,93184,96420,1.7,1.5,1.7,0.97,0,False,False,False,False,-,70.8,-2.1,0.0,-2.1,-0.7,True,0,강세,-1,0,-1,0,19.6,-0.7,1504.56,,2.14,344.0,344.0,344.0,10,10,1.0,70.8,69.8
234300,에스트래픽,,3100,18.5,1.3,10.8,-30.2,0.3,-7.7,-16.0,-17.2,-12.0,-10.6,-14.7,0.9,4440,3090,0,False,False,False,155833,165992,4.7,4.9,5.9,0.94,0,False,False,False,False,-,70.8,-2.7,-1.5,-3.5,-1.2,True,0,강세,-1,0,-1,0,19.6,-0.7,1504.56,,2.14,344.0,344.0,344.0,10,10,1.0,70.8,69.8
033290,로젠,,1769,15.6,7.2,8.4,-28.8,1.7,-6.6,-15.0,-22.1,-8.0,-11.4,-15.4,0.98,2485,1740,0,False,False,False,97917,79122,1.3,1.8,1.5,1.24,0,False,False,False,False,-,70.7,-1.9,-2.2,-6.3,-3.3,True,0,강세,-1,0,-1,0,19.6,-0.7,1504.56,,2.14,344.0,344.0,344.0,10,10,1.0,70.7,69.7
089600,KT나스미디어,,11180,22.9,6.8,11.6,-37.5,0.6,-2.4,-5.0,-18.2,-4.1,-4.2,-14.4,1.57,17900,11110,0,False,False,False,21007,19532,3.5,2.4,2.3,1.08,0,False,False,False,False,-,70.7,-1.9,-0.2,-4.5,-2.0,True,0,강세,-1,0,-1,0,19.6,-0.7,1504.56,,2.14,344.0,344.0,344.0,10,10,1.0,70.7,69.7
368770,파이버프로,,20400,37.3,23.6,27.6,-31.9,286.4,0.5,-18.6,41.8,-7.3,-5.7,65.6,0.52,29950,5280,5,False,True,False,323343,808244,85.7,64.2,181.0,0.4,6,False,True,True,False,5일선회복/+3%반등,51.7,-3.1,0.9,-8.8,-45.1,True,8,강세,-1,0,-1,0,19.6,-0.7,1504.56,,2.14,344.0,344.0,344.0,10,10,1.0,70.7,69.7
015710,코콤,,3450,19.8,14.5,23.6,-26.3,3.0,0.0,-15.2,-12.5,-7.0,-10.0,-8.7,0.41,4680,3350,5,False,True,False,37229,75936,1.0,1.3,2.8,0.49,3,False,True,False,False,5일선회복,62.6,-1.0,-0.0,-6.2,-0.0,True,0,강세,-1,0,-1,0,19.6,-0.7,1504.56,,2.14,344.0,344.0,344.0,10,10,1.0,70.6,69.6
238120,얼라인드,,3960,31.3,34.2,25.5,-34.5,31.3,-2.0,-6.2,-3.2,-4.8,-6.8,4.4,1.57,6050,3015,10,True,False,True,51807,38095,2.4,2.0,1.6,1.36,3,False,True,False,False,5일선회복,57.6,-0.5,0.0,-1.0,0.0,True,0,강세,-1,0,-1,0,19.6,-0.7,1504.56,,2.14,344.0,344.0,344.0,10,10,1.0,70.6,69.6
095660,네오위즈,,20000,33.3,2.0,24.4,-36.6,0.3,-1.7,-15.3,-26.5,-5.6,-13.6,-19.8,0.68,31550,19950,0,False,False,False,51298,57518,7.9,10.5,12.2,0.89,0,False,False,False,False,-,62.6,-5.9,0.7,-18.7,-38.8,True,8,강세,-1,0,-1,0,19.6,-0.7,1504.56,,2.14,344.0,344.0,344.0,10,10,1.0,70.6,69.6
466100,클로봇,,43850,33.1,39.8,30.6,-46.7,175.1,-0.2,-9.4,-34.8,-7.0,-9.9,-3.8,0.51,82300,15940,5,False,True,False,279585,511210,117.5,116.2,250.7,0.55,6,False,True,True,False,5일선회복/+3%반등,56.5,97.5,-2.1,229.1,-64.2,True,3,강세,-1,0,-1,0,19.6,-0.7,1504.56,,2.14,344.0,344.0,344.0,10,10,1.0,70.5,69.5
335810,프리시젼바이오,,2055,33.8,20.5,31.9,-54.3,3.8,1.2,-11.2,-23.9,-3.8,-6.7,-23.5,0.69,4500,1980,5,False,True,False,35194,28475,0.4,0.7,0.6,1.24,6,False,True,True,False,5일선회복/+3%반등,59.5,-0.1,-0.0,-0.7,-0.0,True,0,강세,-1,0,-1,0,19.6,-0.7,1504.56,,2.14,344.0,344.0,344.0,10,10,1.0,70.5,69.5
415380,스튜디오삼익,,2100,33.8,32.5,6.0,-61.4,14.5,-3.2,0.2,-5.2,-2.5,0.1,-17.7,2.69,5440,1834,0,False,False,False,59740,54080,3.1,1.3,1.2,1.1,0,False,False,False,False,-,70.4,-0.1,-0.0,-1.3,0.1,True,0,강세,-1,0,-1,0,19.6,-0.7,1504.56,,2.14,344.0,344.0,344.0,10,10,1.0,70.4,69.4
199820,제일일렉트릭,,13800,11.9,13.7,32.3,-38.1,67.9,-2.8,21.2,28.4,-10.7,9.3,28.3,0.18,22300,8220,5,False,True,False,589824,3853897,96.9,81.3,657.8,0.15,6,False,True,True,False,5일선회복/+3%반등,56.4,12.2,-0.2,31.6,1.1,True,3,강세,-1,0,-1,0,19.6,-0.7,1504.56,,2.14,344.0,344.0,344.0,10,10,1.0,70.4,69.4
457550,우진엔텍,,24600,33.8,39.1,32.4,-41.4,36.7,6.5,-7.0,-15.9,-6.0,-6.8,-0.9,0.41,42000,18000,10,False,True,True,96013,197578,17.5,22.5,53.7,0.49,6,False,True,True,False,5일선회복/+3%반등,51.4,13.9,-1.4,30.2,4.7,True,3,강세,-1,0,-1,0,19.6,-0.7,1504.56,,2.14,344.0,344.0,344.0,10,10,1.0,70.4,69.4
259630,엠플러스,,14990,27.5,27.5,27.6,-25.4,102.0,-0.7,-19.1,14.8,-7.5,-0.3,10.9,0.71,20100,7420,5,False,True,False,184889,346816,34.4,27.1,57.6,0.53,6,False,True,True,False,5일선회복/+3%반등,59.3,-15.5,-0.1,-18.0,-17.8,True,0,강세,-1,0,-1,0,19.6,-0.7,1504.56,,2.14,344.0,344.0,344.0,10,10,1.0,70.3,69.3
004650,창해에탄올,,9670,28.2,21.2,21.5,-28.2,6.3,-0.7,-8.8,-3.1,-4.3,-5.1,-3.7,0.35,13460,9100,5,False,True,False,52030,124371,3.3,5.0,12.9,0.42,3,False,True,False,False,5일선회복,59.3,-1.2,0.1,1.3,-0.0,True,3,강세,-1,0,-1,0,19.6,-0.7,1504.56,,2.14,344.0,344.0,344.0,10,10,1.0,70.3,69.3
377330,이지트로닉스,,3630,38.7,60.0,49.2,-38.3,39.3,11.7,-5.2,15.2,-0.3,4.0,-4.3,8.19,5880,2605,15,True,True,True,71435,59329,12.1,2.6,2.3,1.2,10,False,True,True,True,5일선회복/+3%반등/거래량동반양봉,45.2,-1.6,-0.0,-0.3,0.0,True,0,강세,-1,0,-1,0,19.6,-0.7,1504.56,,2.14,344.0,344.0,344.0,10,10,1.0,70.2,69.2
021650,한국큐빅,,2070,19.8,12.7,18.1,-20.8,2.0,-3.5,-13.4,-11.9,-6.5,-8.0,-10.7,0.62,2615,2030,0,False,False,False,17931,17742,0.2,0.4,0.4,1.01,0,False,False,False,False,-,62.1,0.1,0.0,0.3,0.0,True,8,강세,-1,0,-1,0,19.6,-0.7,1504.56,,2.14,344.0,344.0,344.0,10,10,1.0,70.1,69.1
950190,고스트스튜디오,,7460,28.0,34.7,29.6,-43.9,4.8,0.9,-12.7,-10.6,-4.3,-7.1,-13.6,0.77,13290,7120,5,False,True,False,16514,23859,1.4,1.2,1.9,0.69,3,False,True,False,False,5일선회복,62.1,-0.1,-0.0,-2.1,0.0,True,0,강세,-1,0,-1,0,19.6,-0.7,1504.56,,2.14,344.0,344.0,344.0,10,10,1.0,70.1,69.1
162300,신스틸,,1631,14.6,21.3,27.2,-35.3,14.1,-0.7,-13.1,-4.6,-10.0,-6.5,-11.6,0.13,2520,1430,5,False,True,False,75052,449560,1.0,1.2,9.4,0.17,3,False,True,False,False,5일선회복,62.0,-0.3,-0.0,-0.2,0.0,True,0,강세,-1,0,-1,0,19.6,-0.7,1504.56,,2.14,344.0,344.0,344.0,10,10,1.0,70.0,69.0
033310,엠투엔,,1633,32.5,30.6,30.5,-32.4,4.0,0.7,-13.9,-17.6,-4.4,-9.0,-12.7,0.91,2415,1570,5,False,True,False,126616,136907,2.0,2.1,2.3,0.92,3,False,False,True,False,+3%반등,54.0,0.9,0.0,-2.2,0.0,True,8,강세,-1,0,-1,0,19.6,-0.7,1504.56,,2.14,344.0,344.0,344.0,10,10,1.0,70.0,69.0
196300,HLB펩,,6090,22.8,18.0,17.5,-39.0,4.1,-3.3,-16.9,-24.7,-9.0,-13.0,-16.6,0.44,9990,5850,0,False,False,False,12165,17725,0.5,0.7,1.2,0.69,0,False,False,False,False,-,70.0,-0.0,0.0,-2.5,0.0,True,0,강세,-1,0,-1,0,19.6,-0.7,1504.56,,2.14,344.0,344.0,344.0,10,10,1.0,70.0,69.0
088280,쏘닉스,,5120,18.0,20.7,25.6,-40.7,219.0,3.7,-1.2,158.3,-17.8,3.7,84.0,0.25,8640,1605,5,False,True,False,720369,1655460,21.5,36.0,113.6,0.44,6,False,True,True,False,5일선회복/+3%반등,59.0,-6.1,0.0,-6.0,-13.9,True,0,강세,-1,0,-1,0,19.6,-0.7,1504.56,,2.14,344.0,344.0,344.0,10,10,1.0,70.0,69.0
270870,뉴트리,,4000,31.0,29.9,17.8,-50.4,3.4,-4.8,-11.1,-17.9,-4.8,-8.5,-19.1,0.52,8070,3870,0,False,False,False,10284,17940,0.4,0.4,0.8,0.57,3,False,False,True,False,+3%반등,67.0,-0.1,0.0,-1.3,0.0,True,0,강세,-1,0,-1,0,19.6,-0.7,1504.56,,2.14,344.0,344.0,344.0,10,10,1.0,70.0,69.0
014620,성광벤드,,35700,24.8,18.1,30.3,-33.0,48.4,1.3,-9.6,-11.0,-11.5,-6.6,9.1,0.38,53300,24050,5,False,True,False,194360,405204,55.9,67.3,170.9,0.48,6,False,True,True,False,5일선회복/+3%반등,58.9,-2.7,-6.1,313.3,-235.0,True,0,강세,-1,0,-1,0,19.6,-0.7,1504.56,,2.14,344.0,344.0,344.0,10,10,1.0,69.9,68.9
125210,아모그린텍,,11940,21.4,20.0,20.5,-28.7,113.2,-3.8,-6.1,49.4,-13.1,11.4,54.2,0.51,16750,5600,5,False,True,False,253796,727233,29.6,29.9,106.2,0.35,3,False,True,False,False,5일선회복,58.8,-10.1,6.1,31.3,-7.3,True,3,강세,-1,0,-1,0,19.6,-0.7,1504.56,,2.14,344.0,344.0,344.0,10,10,1.0,69.8,68.8
251370,와이엠티,,16030,32.8,27.6,39.9,-31.8,84.0,11.8,-7.2,17.6,-6.1,-0.2,22.4,0.84,23500,8710,10,False,True,True,273486,608680,84.1,40.9,110.4,0.45,10,False,True,True,True,5일선회복/+3%반등/거래량동반양봉,46.8,-17.6,2.4,58.7,23.3,True,3,강세,-1,0,-1,0,19.6,-0.7,1504.56,,2.14,344.0,344.0,344.0,10,10,1.0,69.8,68.8
170790,파이오링크,,9690,31.3,20.3,26.7,-32.8,35.5,2.9,-11.8,10.9,-8.1,-4.2,5.4,0.6,14420,7150,5,False,True,False,36609,73490,4.0,3.5,8.0,0.5,6,False,True,True,False,5일선회복/+3%반등,58.8,-1.2,-0.1,-2.4,0.2,True,0,강세,-1,0,-1,0,19.6,-0.7,1504.56,,2.14,344.0,344.0,344.0,10,10,1.0,69.8,68.8
088130,동아엘텍,,9530,34.5,45.3,36.2,-34.8,232.6,6.0,-8.3,-10.5,-7.9,6.3,65.6,0.51,14620,2865,10,False,True,True,454249,1188328,54.3,40.7,135.7,0.38,10,False,True,True,True,5일선회복/+3%반등/거래량동반양봉,46.8,11.0,-0.4,21.1,-1.0,True,3,강세,-1,0,-1,0,19.6,-0.7,1504.56,,2.14,344.0,344.0,344.0,10,10,1.0,69.8,68.8
141000,비아트론,,10410,34.0,22.7,15.7,-19.2,55.4,-3.6,-13.2,14.1,-8.9,-3.6,18.5,0.59,12890,6700,5,False,True,False,122404,158007,9.9,12.6,18.3,0.77,3,False,True,False,False,5일선회복,53.8,4.8,0.0,4.9,3.5,True,8,강세,-1,0,-1,0,19.6,-0.7,1504.56,,2.14,344.0,344.0,344.0,10,10,1.0,69.8,68.8
099390,브레인즈컴퍼니,,4050,27.0,6.0,20.0,-40.7,4.4,-3.3,-13.1,-13.6,-7.3,-8.2,-19.4,0.55,6830,3880,0,False,False,False,29829,25988,0.6,1.2,1.1,1.15,0,False,False,False,False,-,69.8,-0.2,0.0,0.9,-0.1,True,0,강세,-1,0,-1,0,19.6,-0.7,1504.56,,2.14,344.0,344.0,344.0,10,10,1.0,69.8,68.8
263810,상신전자,,2945,40.4,30.8,40.8,-30.1,8.9,3.2,-9.1,-4.8,-1.9,-1.2,-4.6,10.8,4215,2705,15,True,True,True,940692,398476,130.9,27.6,11.9,2.36,10,False,True,True,True,5일선회복/+3%반등/거래량동반양봉,44.7,-7.3,0.0,-5.8,0.0,True,0,강세,-1,0,-1,0,19.6,-0.7,1504.56,,2.14,344.0,344.0,344.0,10,10,1.0,69.7,68.7
453450,그리드위즈,,20600,27.0,26.6,33.0,-30.9,53.2,7.1,-7.2,9.5,-8.0,-3.7,12.5,0.35,29800,13450,10,False,True,True,88763,275002,18.8,17.3,65.5,0.32,6,False,True,True,False,5일선회복/+3%반등,53.6,-8.3,-0.0,-19.1,-0.9,True,0,강세,-1,0,-1,0,19.6,-0.7,1504.56,,2.14,344.0,344.0,344.0,10,10,1.0,69.6,68.6
174900,앱클론,,42150,36.1,60.6,41.5,-56.0,331.4,16.4,-12.4,-22.4,-4.3,-23.5,7.8,0.78,95800,9770,5,False,True,False,427450,358310,118.5,167.1,156.1,1.19,6,False,True,True,False,5일선회복/+3%반등,50.5,-70.1,66.2,408.9,-14.4,True,8,강세,-1,0,-1,0,19.6,-0.7,1504.56,,2.14,344.0,344.0,344.0,10,10,1.0,69.5,68.5
355690,에이텀,,4500,34.9,25.4,31.8,-43.7,53.1,7.1,-5.6,16.5,-6.9,-10.4,-11.6,1.42,7991,2940,10,False,True,True,516923,406994,27.0,23.3,19.8,1.27,6,False,True,True,False,5일선회복/+3%반등,53.5,-2.2,-2.2,3.7,-6.0,True,0,강세,-1,0,-1,0,19.6,-0.7,1504.56,,2.14,344.0,344.0,344.0,10,10,1.0,69.5,68.5
044780,에이치케이,,1420,30.0,14.3,14.2,-25.7,19.5,-2.1,-11.8,5.4,-7.4,-6.1,2.1,0.46,1911,1188,5,False,True,False,131203,269130,1.7,1.9,4.2,0.49,0,False,False,False,False,-,64.4,-1.1,-0.0,-3.8,-0.0,True,0,강세,-1,0,-1,0,19.6,-0.7,1504.56,,2.14,344.0,344.0,344.0,10,10,1.0,69.4,68.4
025900,동화기업,,9870,34.3,38.6,33.7,-24.0,28.7,4.8,-21.5,-1.3,-7.6,-8.0,1.0,0.93,12980,7670,5,False,True,False,137630,192366,17.2,12.7,21.2,0.72,6,False,True,True,False,5일선회복/+3%반등,50.4,-4.5,0.7,-18.0,-13.9,True,8,강세,-1,0,-1,0,19.6,-0.7,1504.56,,2.14,344.0,344.0,344.0,10,10,1.0,69.4,68.4
110790,크리스에프앤씨,,3485,4.5,20.1,10.4,-40.0,4.0,-4.5,-10.2,-14.1,-7.6,-10.6,-16.6,0.9,5810,3350,0,False,False,False,9254,15614,0.5,0.3,0.6,0.59,0,False,False,False,False,-,69.4,-0.2,-0.0,0.0,-0.0,True,0,강세,-1,0,-1,0,19.6,-0.7,1504.56,,2.14,344.0,344.0,344.0,10,10,1.0,69.4,68.4
097870,효성오앤비,,6010,26.4,24.8,28.8,-24.9,8.3,0.3,-7.0,-3.5,-4.1,-5.3,-4.0,0.19,8000,5550,10,False,True,True,45045,262887,2.7,2.7,17.3,0.17,6,False,True,True,False,5일선회복/+3%반등,53.2,-1.7,0.0,-6.5,-0.4,True,0,강세,-1,0,-1,0,19.6,-0.7,1504.56,,2.14,344.0,344.0,344.0,10,10,1.0,69.2,68.2
131220,대한과학,,4380,31.1,34.5,20.9,-21.4,6.6,-0.7,-9.3,-9.7,-4.4,-4.8,-7.5,0.66,5570,4110,10,False,True,True,18098,23753,0.7,0.8,1.1,0.76,6,False,True,True,False,5일선회복/+3%반등,53.2,-0.6,0.0,-0.7,0.1,True,0,강세,-1,0,-1,0,19.6,-0.7,1504.56,,2.14,344.0,344.0,344.0,10,10,1.0,69.2,68.2
241520,DSC인베스트먼트,,13990,25.8,30.5,32.5,-29.0,151.6,4.7,-9.0,-4.9,-7.9,-4.0,42.8,0.29,19700,5560,10,False,True,True,444840,1628011,66.5,58.5,273.3,0.27,6,False,True,True,False,5일선회복/+3%반등,53.1,-7.3,-3.4,51.5,19.7,True,0,강세,-1,0,-1,0,19.6,-0.7,1504.56,,2.14,344.0,344.0,344.0,10,10,1.0,69.1,68.1
115530,씨엔플러스,,3030,0.0,4.2,-35.7,-51.4,26.8,-9.8,-12.2,8.2,-9.0,-8.6,-16.4,6.49,6230,2390,0,False,False,False,42485,35859,6.4,1.3,1.2,1.18,-30,True,False,False,False,⚠️떨어지는칼날,91.1,0.1,-0.5,-0.1,0.0,True,8,강세,-1,0,-1,0,19.6,-0.7,1504.56,,2.14,344.0,344.0,344.0,10,10,1.0,69.1,68.1
086450,동국제약,,21500,34.3,28.8,25.8,-31.2,39.2,0.5,-13.8,4.9,-6.2,-8.0,10.2,1.03,31250,15450,5,False,True,False,340762,395306,88.3,73.1,91.4,0.86,3,False,True,False,False,5일선회복,53.1,14.4,-30.1,34.2,-154.1,True,8,강세,-1,0,-1,0,19.6,-0.7,1504.56,,2.14,344.0,344.0,344.0,10,10,1.0,69.1,68.1
277880,티에스아이,,4885,29.5,23.1,21.3,-25.4,16.6,-1.1,-15.5,-15.6,-9.3,-5.6,-9.2,0.51,6550,4190,5,False,True,False,84000,139400,3.4,4.0,7.7,0.6,3,False,True,False,False,5일선회복,61.1,-1.4,0.0,-0.0,0.0,True,0,강세,-1,0,-1,0,19.6,-0.7,1504.56,,2.14,344.0,344.0,344.0,10,10,1.0,69.1,68.1
260660,알리코제약,,3180,29.4,22.0,24.3,-44.8,3.2,-1.9,-11.7,-18.5,-5.9,-6.9,-18.7,0.93,5760,3080,0,False,False,False,36235,48327,1.4,1.1,1.6,0.75,3,False,True,False,False,5일선회복,66.0,-0.8,-0.0,-4.2,0.0,True,0,강세,-1,0,-1,0,19.6,-0.7,1504.56,,2.14,344.0,344.0,344.0,10,10,1.0,69.0,68.0
066130,하츠,,3845,12.8,28.1,16.8,-30.3,6.2,-3.6,-14.1,-14.3,-7.7,-9.6,-13.5,1.19,5520,3620,5,False,True,False,38675,36094,1.7,1.5,1.5,1.07,0,False,False,False,False,-,63.9,-0.9,-0.0,-1.1,0.4,True,0,강세,-1,0,-1,0,19.6,-0.7,1504.56,,2.14,344.0,344.0,344.0,10,10,1.0,68.9,67.9
294630,서남,,4005,32.1,36.2,32.3,-44.0,74.5,2.3,-12.5,-24.6,-5.9,-5.1,22.7,0.9,7150,2295,5,False,True,False,367921,793149,21.3,14.3,35.6,0.46,6,False,True,True,False,5일선회복/+3%반등,57.8,-5.5,-0.2,5.5,-0.5,True,0,강세,-1,0,-1,0,19.6,-0.7,1504.56,,2.14,344.0,344.0,344.0,10,10,1.0,68.8,67.8
128660,피제이메탈,,3135,17.4,11.7,15.2,-24.3,21.5,-3.5,-11.2,-2.3,-8.3,-8.2,3.1,0.27,4140,2580,5,False,True,False,141164,444650,3.9,4.5,15.8,0.32,0,False,False,False,False,-,63.8,-0.2,-0.2,5.5,-0.1,True,0,강세,-1,0,-1,0,19.6,-0.7,1504.56,,2.14,344.0,344.0,344.0,10,10,1.0,68.8,67.8
006910,보성파워텍,,10860,28.5,10.4,25.6,-40.3,277.7,-3.3,8.3,-14.4,-12.6,-4.2,51.4,0.22,18200,2875,5,False,True,False,1785511,10135733,202.7,191.1,1373.4,0.18,3,False,True,False,False,5일선회복,60.8,-54.1,-1.2,24.4,0.3,True,0,강세,-1,0,-1,0,19.6,-0.7,1504.56,,2.14,344.0,344.0,344.0,10,10,1.0,68.8,67.8
066590,스모트로닉,,2450,31.4,28.1,27.5,-41.7,6.3,-0.8,-7.4,-20.5,-5.0,-7.4,-13.0,0.52,4200,2305,5,False,True,False,104127,187730,2.4,2.5,4.9,0.55,3,False,False,True,False,+3%반등,57.8,1.8,0.0,-1.4,-0.1,True,3,강세,-1,0,-1,0,19.6,-0.7,1504.56,,2.14,344.0,344.0,344.0,10,10,1.0,68.8,67.8
290270,휴네시온,,3735,26.5,36.5,34.7,-34.7,16.0,3.3,-15.4,0.7,-4.6,-1.5,-1.2,0.98,5720,3220,5,False,True,False,72919,127797,4.3,2.7,5.1,0.57,6,False,True,True,False,5일선회복/+3%반등,57.7,-1.8,0.0,1.4,0.7,True,0,강세,-1,0,-1,0,19.6,-0.7,1504.56,,2.14,344.0,344.0,344.0,10,10,1.0,68.7,67.7
237880,클리오,,12050,34.5,29.9,23.7,-36.9,11.5,-1.7,-4.3,-9.6,-5.3,-1.7,-9.7,0.39,19110,10810,5,False,True,False,42114,65697,3.2,5.0,8.5,0.64,3,False,True,False,False,5일선회복,50.7,1.7,0.3,-9.1,-3.0,True,10,강세,-1,0,-1,0,19.6,-0.7,1504.56,,2.14,344.0,344.0,344.0,10,10,1.0,68.7,67.7
039440,에스티아이,,33300,31.5,45.6,40.8,-22.9,91.6,15.8,-8.5,-6.5,-4.5,0.6,19.4,1.18,43200,17380,10,False,True,True,235493,333564,129.2,71.5,119.8,0.71,10,False,True,True,True,5일선회복/+3%반등/거래량동반양봉,45.7,-78.0,42.9,-7.5,44.0,True,3,강세,-1,0,-1,0,19.6,-0.7,1504.56,,2.14,344.0,344.0,344.0,10,10,1.0,68.7,67.7
234100,폴라리스세원,,4340,0.0,0.0,-54.7,-53.0,0.0,-14.9,-17.3,-26.9,-14.2,-15.7,-24.6,8.71,9230,4340,5,True,False,False,86548,51614,18.8,3.8,2.5,1.68,-30,True,False,False,False,⚠️떨어지는칼날,93.7,-0.1,-1.7,3.2,0.0,True,0,강세,-1,0,-1,0,19.6,-0.7,1504.56,,2.14,344.0,344.0,344.0,10,10,1.0,68.7,67.7
012210,삼미금속,,12690,30.3,42.8,37.2,-39.1,inf,9.3,-14.8,-24.7,-5.1,-8.5,22.2,0.69,20850,0,5,False,True,False,460046,415820,36.0,55.9,58.5,1.11,6,False,True,True,False,5일선회복/+3%반등,57.7,-3.2,-0.0,-0.4,0.8,True,0,강세,-1,0,-1,0,19.6,-0.7,1504.56,,2.14,344.0,344.0,344.0,10,10,1.0,68.7,67.7
043610,KT지니뮤직,,1603,17.0,6.9,13.9,-37.3,0.8,-2.8,-8.5,-14.5,-5.5,-6.0,-14.7,0.93,2555,1590,0,False,False,False,95251,96832,1.5,1.5,1.6,0.98,0,False,False,False,False,-,68.6,-1.2,0.0,-3.3,-0.4,True,0,강세,-1,0,-1,0,19.6,-0.7,1504.56,,2.14,344.0,344.0,344.0,10,10,1.0,68.6,67.6
200780,비씨월드제약,,4025,30.7,15.5,22.2,-33.3,4.8,-3.0,-13.1,-26.6,-5.3,-10.8,-11.2,0.6,6030,3842,5,False,False,True,14506,21434,0.5,0.6,0.9,0.68,0,False,False,False,False,-,63.6,-0.1,0.0,-0.2,-0.0,True,0,강세,-1,0,-1,0,19.6,-0.7,1504.56,,2.14,344.0,344.0,344.0,10,10,1.0,68.6,67.6
042370,비츠로테크,,14880,33.5,14.1,29.5,-37.5,105.0,2.5,-11.4,25.3,-9.6,4.2,42.9,0.33,23800,7260,5,False,True,False,422600,1113047,55.9,60.6,194.5,0.38,6,False,True,True,False,5일선회복/+3%반등,57.6,-22.4,-0.9,-183.6,-0.3,True,0,강세,-1,0,-1,0,19.6,-0.7,1504.56,,2.14,344.0,344.0,344.0,10,10,1.0,68.6,67.6
041190,우리기술투자,,6250,38.4,28.8,36.6,-52.4,7.8,0.5,-8.8,-26.1,-2.7,-4.1,-24.4,0.73,13140,5800,5,False,True,False,909149,1257737,57.4,55.4,81.2,0.72,6,False,True,True,False,5일선회복/+3%반등,47.5,11.6,6.5,-52.3,-36.5,True,10,강세,-1,0,-1,0,19.6,-0.7,1504.56,,2.14,344.0,344.0,344.0,10,10,1.0,68.5,67.5
064260,다날,,6670,39.9,22.4,27.8,-41.7,118.3,1.4,-13.8,-25.0,-6.4,-6.9,-14.9,0.33,11450,3055,5,False,True,False,1018676,3148813,70.7,66.6,237.4,0.32,6,False,True,True,False,5일선회복/+3%반등,49.5,32.5,-0.2,-33.0,-2.1,True,8,강세,-1,0,-1,0,19.6,-0.7,1504.56,,2.14,344.0,344.0,344.0,10,10,1.0,68.5,67.5
038870,에코심플렉스,,2705,25.9,29.0,31.6,-40.5,8.2,2.5,-13.4,-11.3,-5.7,-9.4,-18.1,0.27,4545,2500,5,False,True,False,40935,72900,0.5,1.1,2.1,0.56,3,False,False,True,False,+3%반등,60.5,-0.1,0.0,-1.6,0.0,True,0,강세,-1,0,-1,0,19.6,-0.7,1504.56,,2.14,344.0,344.0,344.0,10,10,1.0,68.5,67.5
053280,예스24,,3070,19.0,10.6,17.1,-36.2,1.5,-3.0,-12.0,-15.9,-6.7,-10.3,-17.0,0.93,4815,3025,0,False,False,False,37086,55138,1.6,1.1,1.8,0.67,0,False,False,False,False,-,68.5,-0.8,0.0,-3.7,0.0,True,0,강세,-1,0,-1,0,19.6,-0.7,1504.56,,2.14,344.0,344.0,344.0,10,10,1.0,68.5,67.5
357550,석경에이티,,50700,28.8,34.3,26.9,-32.7,19.9,2.1,-10.3,-10.3,-7.3,-5.6,-7.8,0.57,75300,42300,5,False,True,False,7758,10928,3.2,3.8,6.1,0.71,6,False,True,True,False,5일선회복/+3%반등,57.5,-0.5,-0.2,-9.1,0.3,True,0,강세,-1,0,-1,0,19.6,-0.7,1504.56,,2.14,344.0,344.0,344.0,10,10,1.0,68.5,67.5
318410,비비씨,,6980,35.7,12.2,2.9,-34.6,5.4,-2.2,-3.7,-5.0,-5.1,-5.8,-13.0,0.45,10670,6620,5,True,False,False,31710,22318,0.7,2.3,1.6,1.42,0,False,False,False,False,-,60.4,0.8,-2.9,3.2,-1.8,True,3,강세,-1,0,-1,0,19.6,-0.7,1504.56,,2.14,344.0,344.0,344.0,10,10,1.0,68.4,67.4
100660,서암기계공업,,4125,33.2,37.8,29.0,-33.3,24.4,0.5,-7.0,-15.5,-4.4,-5.0,-1.8,1.16,6180,3315,10,False,True,True,40628,51550,2.5,1.6,2.2,0.79,7,False,True,False,True,5일선회복/거래량동반양봉,51.2,-0.2,-0.0,-2.8,0.0,True,0,강세,-1,0,-1,0,19.6,-0.7,1504.56,,2.14,344.0,344.0,344.0,10,10,1.0,68.2,67.2
080420,모다이노칩,,1735,12.1,32.5,26.3,-27.4,8.4,-0.2,-13.5,-17.4,-6.5,-11.3,-13.4,0.2,2390,1600,5,False,True,False,9201,10879,0.0,0.2,0.2,0.85,6,False,True,True,False,5일선회복/+3%반등,57.2,0.0,-0.0,-0.5,0.1,True,0,강세,-1,0,-1,0,19.6,-0.7,1504.56,,2.14,344.0,344.0,344.0,10,10,1.0,68.2,67.2
171120,라이온켐텍,,2375,37.0,38.9,32.0,-34.9,19.2,-1.5,-18.8,8.0,-3.8,4.3,8.3,0.34,3650,1993,0,False,False,False,282588,1493689,7.6,6.8,40.1,0.19,3,False,False,True,False,+3%반등,50.1,0.4,0.1,-6.4,-0.0,True,15,강세,-1,0,-1,0,19.6,-0.7,1504.56,,2.14,344.0,344.0,344.0,10,10,1.0,68.1,67.1
264660,씨앤지하이테크,,19330,39.3,24.7,24.6,-25.9,64.5,4.3,-8.4,-1.5,-10.7,-1.0,17.1,0.62,26100,11750,10,False,True,True,146022,306589,37.4,27.2,69.2,0.48,6,False,True,True,False,5일선회복/+3%반등,42.1,8.6,0.2,-28.4,-38.1,True,10,강세,-1,0,-1,0,19.6,-0.7,1504.56,,2.14,344.0,344.0,344.0,10,10,1.0,68.1,67.1
136540,윈스테크넷,,11320,20.7,6.5,6.4,-22.4,5.7,-4.6,-7.4,-2.0,-8.0,-4.8,-5.1,0.62,14580,10710,0,False,False,False,51759,115552,7.9,5.9,14.5,0.45,0,False,False,False,False,-,65.1,3.3,-3.8,-0.7,-8.7,True,3,강세,-1,0,-1,0,19.6,-0.7,1504.56,,2.14,344.0,344.0,344.0,10,10,1.0,68.1,67.1
317770,엑스페릭스,,3270,37.6,26.6,23.2,-33.1,34.0,1.2,-10.9,-20.2,-7.9,-3.7,-1.7,0.45,4890,2440,5,False,True,False,281382,797390,12.0,9.2,29.4,0.35,6,False,True,True,False,5일선회복/+3%반등,48.9,1.1,-0.0,-8.1,-0.0,True,8,강세,-1,0,-1,0,19.6,-0.7,1504.56,,2.14,344.0,344.0,344.0,10,10,1.0,67.9,66.9
086060,진바이오텍,,4035,19.6,25.3,27.4,-32.6,14.5,-0.6,-16.8,-19.5,-6.7,-14.2,-8.4,0.96,5990,3525,0,False,False,False,28965,38121,1.5,1.2,1.7,0.76,6,False,True,True,False,5일선회복/+3%반등,61.7,-1.1,0.0,-5.5,0.0,True,0,강세,-1,0,-1,0,19.6,-0.7,1504.56,,2.14,344.0,344.0,344.0,10,10,1.0,67.7,66.7
493330,지에프아이,,16770,40.0,30.7,28.4,-29.5,37.6,8.9,-12.3,-1.5,-6.7,4.1,,0.47,23800,12190,5,False,True,False,48576,78526,5.9,8.0,14.3,0.62,6,False,True,True,False,5일선회복/+3%반등,41.6,2.6,2.9,13.4,16.1,True,15,강세,-1,0,-1,0,19.6,-0.7,1504.56,,2.14,344.0,344.0,344.0,10,10,1.0,67.6,66.6
017510,세명전기,,11520,21.9,11.0,23.8,-35.9,74.5,-1.6,9.5,5.4,-14.0,3.7,13.2,0.19,17970,6600,5,False,True,False,537399,2832707,59.7,62.0,389.6,0.19,3,False,False,True,False,+3%반등,59.6,-25.9,-0.7,21.6,1.3,True,0,강세,-1,0,-1,0,19.6,-0.7,1504.56,,2.14,344.0,344.0,344.0,10,10,1.0,67.6,66.6
362990,드림인사이트,,1503,30.4,20.9,19.0,-39.8,5.1,-6.6,-9.3,-6.8,-7.8,-5.1,-16.9,0.24,2495,1430,0,False,False,False,19482,93386,0.3,0.3,1.6,0.21,3,False,False,True,False,+3%반등,64.6,-0.1,0.0,1.6,-0.0,True,0,강세,-1,0,-1,0,19.6,-0.7,1504.56,,2.14,344.0,344.0,344.0,10,10,1.0,67.6,66.6
265560,영화테크,,8940,23.3,33.2,29.1,-19.6,41.9,4.8,-10.8,2.8,-7.3,-2.3,11.3,0.87,11120,6300,10,False,True,True,51095,70422,5.5,4.4,6.9,0.73,6,False,True,True,False,5일선회복/+3%반등,51.6,-5.0,-0.0,-1.2,3.5,True,0,강세,-1,0,-1,0,19.6,-0.7,1504.56,,2.14,344.0,344.0,344.0,10,10,1.0,67.6,66.6
003380,하림지주,,11770,33.4,7.9,11.6,-40.0,84.8,-4.3,-12.5,-29.4,-7.5,-13.8,6.6,0.82,19610,6370,0,False,False,False,774543,1201915,116.2,92.5,154.1,0.64,0,False,False,False,False,-,67.5,-17.7,-4.4,75.1,-49.2,True,0,강세,-1,0,-1,0,19.6,-0.7,1504.56,,2.14,344.0,344.0,344.0,10,10,1.0,67.5,66.5
038950,파인디지털,,3295,38.4,29.6,20.3,-15.5,17.1,0.5,-5.9,10.2,-4.3,-1.8,0.8,3.56,3900,2815,10,False,True,True,14976,12740,1.5,0.5,0.4,1.18,6,False,True,True,False,5일선회복/+3%반등,48.5,1.6,0.0,4.0,0.0,True,3,강세,-1,0,-1,0,19.6,-0.7,1504.56,,2.14,344.0,344.0,344.0,10,10,1.0,67.5,66.5
214150,클래시스,,50400,39.7,35.5,30.1,-35.1,10.9,4.8,-12.0,-27.5,-5.9,-6.3,-9.2,0.63,77600,45450,10,False,True,True,237017,287829,93.6,116.8,154.2,0.82,6,False,True,True,False,5일선회복/+3%반등,43.4,39.1,-26.4,106.0,-330.5,True,8,강세,-1,0,-1,0,19.6,-0.7,1504.56,,2.14,344.0,344.0,344.0,10,10,1.0,67.4,66.4
009520,포스코엠텍,,17750,34.9,31.8,25.9,-23.2,70.3,-0.2,-13.6,-13.0,-7.8,-4.6,7.1,0.43,23100,10420,5,False,True,False,178993,424535,32.6,30.7,85.7,0.42,6,False,True,True,False,5일선회복/+3%반등,48.4,-5.7,5.3,36.7,-43.5,True,8,강세,-1,0,-1,0,19.6,-0.7,1504.56,,2.14,344.0,344.0,344.0,10,10,1.0,67.4,66.4
452450,피아이이,,6100,40.0,28.1,30.4,-46.3,29.8,3.4,-13.1,4.3,-8.2,1.7,-14.9,0.23,11350,4700,5,False,True,False,241393,1194971,16.6,14.1,87.3,0.2,6,False,True,True,False,5일선회복/+3%반등,48.4,5.2,0.0,6.0,-0.2,True,8,강세,-1,0,-1,0,19.6,-0.7,1504.56,,2.14,344.0,344.0,344.0,10,10,1.0,67.4,66.4
025880,케이씨피드,,2610,14.5,0.0,7.9,-22.7,5.2,-5.1,-13.0,-5.6,-8.5,-10.5,-6.1,0.74,3375,2480,0,False,False,False,92151,144695,2.8,2.4,4.2,0.64,0,False,False,False,False,-,67.4,-2.1,0.0,-4.5,0.2,True,0,강세,-1,0,-1,0,19.6,-0.7,1504.56,,2.14,344.0,344.0,344.0,10,10,1.0,67.4,66.4
169330,엠브레인,,1909,30.0,9.9,3.0,-18.6,9.1,-9.7,-12.4,-0.7,-7.6,-5.6,-5.0,0.3,2345,1749,0,False,False,False,21617,47224,0.3,0.4,1.0,0.46,0,False,False,False,False,-,67.4,-0.4,0.0,-3.1,-0.0,True,0,강세,-1,0,-1,0,19.6,-0.7,1504.56,,2.14,344.0,344.0,344.0,10,10,1.0,67.4,66.4
215360,우리산업,,8520,23.3,17.7,17.4,-23.0,10.6,-2.1,-7.9,-5.3,-5.3,-3.2,-0.5,0.58,11060,7700,5,False,True,False,36161,60192,3.0,3.1,5.5,0.6,3,False,True,False,False,5일선회복,59.3,-0.4,-0.0,-2.1,0.0,True,0,강세,-1,0,-1,0,19.6,-0.7,1504.56,,2.14,344.0,344.0,344.0,10,10,1.0,67.3,66.3
360350,코셈,,12970,33.6,40.7,38.1,-30.0,119.1,5.8,-18.4,76.0,-4.3,-13.1,38.4,1.15,18530,5920,10,False,True,True,79640,74890,11.3,10.2,10.2,1.06,6,False,True,True,False,5일선회복/+3%반등,51.3,-5.5,-0.0,0.5,-1.9,True,0,강세,-1,0,-1,0,19.6,-0.7,1504.56,,2.14,344.0,344.0,344.0,10,10,1.0,67.3,66.3
434480,모니터랩,,3765,36.9,25.9,30.6,-30.9,25.7,3.7,-13.0,-0.3,-7.0,-1.6,-6.1,0.53,5450,2995,10,False,True,True,98713,357475,5.8,3.6,15.2,0.28,10,False,True,True,True,5일선회복/+3%반등/거래량동반양봉,47.3,-1.2,-0.0,1.1,-0.0,True,0,강세,-1,0,-1,0,19.6,-0.7,1504.56,,2.14,344.0,344.0,344.0,10,10,1.0,67.3,66.3
041460,한국전자인증,,3770,22.9,33.3,28.1,-28.3,13.0,0.4,-12.5,-11.0,-5.2,-6.4,-4.3,0.96,5260,3335,5,False,True,False,103644,124818,4.4,3.8,5.0,0.83,6,False,True,True,False,5일선회복/+3%반등,56.3,-2.9,-0.0,-11.2,0.0,True,0,강세,-1,0,-1,0,19.6,-0.7,1504.56,,2.14,344.0,344.0,344.0,10,10,1.0,67.3,66.3
322180,LS티라유텍,,7490,33.8,14.5,17.0,-35.8,54.4,-4.0,-13.0,-9.1,-12.9,-7.2,3.6,0.52,11660,4850,5,False,True,False,185689,404876,15.8,13.9,36.4,0.46,0,False,False,False,False,-,62.2,-7.0,-2.1,11.3,-5.8,True,0,강세,-1,0,-1,0,19.6,-0.7,1504.56,,2.14,344.0,344.0,344.0,10,10,1.0,67.2,66.2
263770,유에스티,,1902,24.7,7.6,18.6,-37.7,5.9,-3.0,-9.0,-11.5,-6.0,-5.2,-6.4,0.21,3055,1796,0,False,False,False,23410,57751,0.2,0.5,1.2,0.41,0,False,False,False,False,-,67.1,-0.0,0.0,-0.8,-0.0,True,0,강세,-1,0,-1,0,19.6,-0.7,1504.56,,2.14,344.0,344.0,344.0,10,10,1.0,67.1,66.1
038070,서린바이오,,6100,40.2,34.2,48.2,-34.0,6.6,4.1,-6.0,-3.0,-0.3,-2.6,-5.7,15.12,9244,5720,15,True,True,True,591652,179557,172.5,36.0,11.0,3.3,10,False,True,True,True,5일선회복/+3%반등/거래량동반양봉,42.0,-4.7,0.0,-12.7,-0.0,True,0,강세,-1,0,-1,0,19.6,-0.7,1504.56,,2.14,344.0,344.0,344.0,10,10,1.0,67.0,66.0
373160,데이원컴퍼니,,4445,35.5,17.6,20.7,-42.6,13.5,-4.6,-10.5,-1.6,-6.4,-6.7,-14.6,0.29,7750,3915,0,False,False,False,24293,113170,1.5,1.1,5.9,0.21,0,False,False,False,False,-,58.9,-0.4,1.1,-5.5,5.6,True,8,강세,-1,0,-1,0,19.6,-0.7,1504.56,,2.14,344.0,344.0,344.0,10,10,1.0,66.9,65.9
101240,씨큐브,,3755,33.6,10.9,19.0,-29.2,6.1,-2.7,-10.9,-5.2,-6.0,-5.7,-10.6,0.29,5300,3540,0,False,False,False,43703,144447,1.6,1.6,5.8,0.3,0,False,False,False,False,-,58.9,0.4,-2.1,-0.1,-2.3,True,8,강세,-1,0,-1,0,19.6,-0.7,1504.56,,2.14,344.0,344.0,344.0,10,10,1.0,66.9,65.9
314930,바이오다인,,10600,38.0,49.5,35.6,-42.5,10.6,3.0,-14.3,-24.1,-4.2,-10.1,-20.9,0.61,18420,9580,5,False,True,False,52031,58994,3.9,5.3,6.5,0.88,6,False,True,True,False,5일선회복/+3%반등,47.9,3.1,-0.3,2.5,-0.3,True,8,강세,-1,0,-1,0,19.6,-0.7,1504.56,,2.14,344.0,344.0,344.0,10,10,1.0,66.9,65.9
014570,고려제약,,3630,19.3,5.6,14.7,-29.8,0.8,-2.6,-11.7,-12.3,-7.7,-8.8,-14.6,0.97,5170,3600,0,False,False,False,19925,21473,0.8,0.7,0.8,0.93,0,False,False,False,False,-,66.9,-0.3,-0.0,-0.7,-0.0,True,0,강세,-1,0,-1,0,19.6,-0.7,1504.56,,2.14,344.0,344.0,344.0,10,10,1.0,66.9,65.9
126700,하이비젼시스템,,15600,33.5,24.5,19.4,-27.4,10.6,-2.0,-19.2,-15.0,-10.4,-10.1,-4.9,0.59,21500,14110,5,False,True,False,124526,173060,15.9,19.1,30.4,0.72,3,False,True,False,False,5일선회복,58.9,-6.7,-4.8,16.6,-22.2,True,0,강세,-1,0,-1,0,19.6,-0.7,1504.56,,2.14,344.0,344.0,344.0,10,10,1.0,66.9,65.9
140520,대창스틸,,2065,26.4,19.7,25.1,-18.9,9.0,0.7,-7.6,-4.0,-6.1,-4.9,-4.6,0.49,2545,1895,10,False,True,True,50578,97000,1.0,1.0,2.2,0.52,3,False,True,False,False,5일선회복,53.9,-0.1,0.0,2.0,-0.0,True,0,강세,-1,0,-1,0,19.6,-0.7,1504.56,,2.14,344.0,344.0,344.0,10,10,1.0,66.9,65.9
054410,케이피티유,,3465,19.6,4.8,9.6,-18.5,10.9,-2.3,-6.4,0.1,-5.7,-4.1,-2.8,0.95,4250,3125,5,False,False,True,9395,16978,0.6,0.3,0.6,0.55,0,False,False,False,False,-,61.8,-0.2,0.0,-0.0,0.0,True,0,강세,-1,0,-1,0,19.6,-0.7,1504.56,,2.14,344.0,344.0,344.0,10,10,1.0,66.8,65.8
255440,야스,,10070,23.4,19.3,25.4,-25.1,54.7,-0.3,-12.4,-14.4,-5.9,-8.9,3.8,0.42,13450,6510,5,False,True,False,43390,83104,3.6,4.3,9.1,0.52,3,False,True,False,False,5일선회복,58.8,-1.3,-0.0,-3.7,-0.2,True,0,강세,-1,0,-1,0,19.6,-0.7,1504.56,,2.14,344.0,344.0,344.0,10,10,1.0,66.8,65.8
054670,대한뉴팜,,6140,27.6,9.4,18.9,-30.3,1.5,-3.2,-14.4,-10.5,-7.2,-11.4,-10.0,0.63,8810,6050,0,False,False,False,65988,75653,2.8,4.1,5.0,0.87,0,False,False,False,False,-,66.8,-1.5,0.0,-6.0,0.0,True,0,강세,-1,0,-1,0,19.6,-0.7,1504.56,,2.14,344.0,344.0,344.0,10,10,1.0,66.8,65.8
027710,팜스토리,,1233,30.6,6.1,5.9,-25.5,12.3,-7.4,-9.5,2.1,-9.4,-8.9,0.0,0.52,1656,1098,0,False,False,False,755445,1936365,12.7,9.6,27.2,0.39,0,False,False,False,False,-,66.7,-8.9,-0.0,-20.1,15.4,True,0,강세,-1,0,-1,0,19.6,-0.7,1504.56,,2.14,344.0,344.0,344.0,10,10,1.0,66.7,65.7
099440,스맥,,3920,35.5,45.4,35.0,-53.0,96.7,2.3,-9.7,-41.6,-4.2,-12.8,-20.4,0.69,8340,1993,5,False,True,False,653381,1065302,28.1,25.0,44.2,0.61,6,False,True,True,False,5일선회복/+3%반등,52.6,15.3,0.0,22.4,-0.2,True,3,강세,-1,0,-1,0,19.6,-0.7,1504.56,,2.14,344.0,344.0,344.0,10,10,1.0,66.6,65.6
071670,에이테크솔루션,,7940,35.8,27.5,19.1,-44.3,52.7,-2.6,-13.2,-20.3,-8.3,-8.8,2.1,0.58,14250,5200,5,False,True,False,41237,67147,3.2,3.2,5.9,0.61,3,False,True,False,False,5일선회복,58.6,-0.4,-0.0,-1.3,-0.0,True,0,강세,-1,0,-1,0,19.6,-0.7,1504.56,,2.14,344.0,344.0,344.0,10,10,1.0,66.6,65.6
134060,이퓨쳐,,3915,13.1,23.7,16.6,-20.7,6.2,-1.0,-10.5,-3.3,-7.4,-5.2,-8.0,0.58,4935,3685,5,False,True,False,6428,6545,0.2,0.3,0.3,0.98,3,False,True,False,False,5일선회복,58.5,0.0,-0.0,0.3,-0.0,True,0,강세,-1,0,-1,0,19.6,-0.7,1504.56,,2.14,344.0,344.0,344.0,10,10,1.0,66.5,65.5
094850,참좋은여행,,4970,35.1,16.5,23.8,-42.2,5.0,-1.4,-10.8,-16.0,-6.0,-5.5,-17.3,0.73,8600,4735,5,False,True,False,40740,70663,2.6,2.0,3.8,0.58,3,False,True,False,False,5일선회복,58.5,-1.9,0.0,-4.1,0.7,True,0,강세,-1,0,-1,0,19.6,-0.7,1504.56,,2.14,344.0,344.0,344.0,10,10,1.0,66.5,65.5
151860,KG에코솔루션,,6150,24.3,17.9,21.8,-21.8,20.6,-3.3,-10.9,-14.9,-7.9,-5.6,1.3,0.78,7860,5100,0,False,False,False,165423,246128,11.8,10.2,16.7,0.67,0,False,False,False,False,-,58.5,-6.0,2.7,-10.8,4.3,True,8,강세,-1,0,-1,0,19.6,-0.7,1504.56,,2.14,344.0,344.0,344.0,10,10,1.0,66.5,65.5
067920,이글루,,6380,27.2,37.8,35.1,-26.7,28.2,3.7,-7.7,22.7,-4.0,-1.5,11.9,0.64,8700,4975,10,False,True,True,73478,109293,4.1,4.6,7.4,0.67,6,False,True,True,False,5일선회복/+3%반등,50.5,-0.3,0.0,4.3,-0.8,True,0,강세,-1,0,-1,0,19.6,-0.7,1504.56,,2.14,344.0,344.0,344.0,10,10,1.0,66.5,65.5
048870,시너지이노베이션,,1918,36.2,57.6,37.6,-41.3,10.7,2.6,-9.7,-19.4,-2.9,-6.2,-19.9,2.08,3265,1732,5,False,True,False,386161,303592,12.3,7.1,6.0,1.27,6,False,True,True,False,5일선회복/+3%반등,52.4,0.9,-1.0,-5.2,-0.2,True,3,강세,-1,0,-1,0,19.6,-0.7,1504.56,,2.14,344.0,344.0,344.0,10,10,1.0,66.4,65.4
002290,삼일기업공사,,3730,17.9,9.2,19.9,-18.9,12.5,-0.5,-7.4,-2.0,-5.8,-5.5,0.1,0.81,4600,3315,5,False,True,False,45987,63734,2.0,1.7,2.5,0.72,0,False,False,False,False,-,58.3,-2.1,1.1,-6.5,5.7,True,3,강세,-1,0,-1,0,19.6,-0.7,1504.56,,2.14,344.0,344.0,344.0,10,10,1.0,66.3,65.3
478340,나라스페이스테크놀로지,,31700,44.5,52.6,47.9,-50.9,26.0,-0.2,-14.1,-41.6,-0.8,-13.2,,1.24,64600,25150,15,True,True,True,459536,302725,122.1,136.2,95.6,1.52,6,False,True,True,False,5일선회복/+3%반등,37.3,15.9,-14.0,24.5,-12.4,True,8,강세,-1,0,-1,0,19.6,-0.7,1504.56,,2.14,344.0,344.0,344.0,10,10,1.0,66.3,65.3
205100,엑셈,,1809,30.7,31.0,29.0,-30.2,13.0,0.0,-5.8,-16.2,-3.0,-2.8,-11.7,0.47,2590,1601,5,False,True,False,404440,698476,6.1,7.2,13.2,0.58,6,False,True,True,False,5일선회복/+3%반등,52.3,5.1,-0.1,-4.7,-0.6,True,3,강세,-1,0,-1,0,19.6,-0.7,1504.56,,2.14,344.0,344.0,344.0,10,10,1.0,66.3,65.3
039020,이건홀딩스,,3140,35.4,54.4,44.6,-41.7,12.1,4.7,-11.8,-13.4,-1.6,-3.6,-22.8,1.13,5390,2800,5,False,True,False,76274,83989,3.0,2.3,2.7,0.91,6,False,True,True,False,5일선회복/+3%반등,47.3,-1.0,0.1,-2.1,-0.1,True,8,강세,-1,0,-1,0,19.6,-0.7,1504.56,,2.14,344.0,344.0,344.0,10,10,1.0,66.3,65.3
214180,헥토이노베이션,,17800,33.3,27.1,24.2,-30.7,41.5,-0.3,-7.9,-19.1,-8.0,-7.8,0.0,0.45,25700,12580,5,False,True,False,71242,135159,11.0,12.3,26.7,0.53,6,False,True,True,False,5일선회복/+3%반등,52.3,0.5,-4.6,3.1,-15.9,True,3,강세,-1,0,-1,0,19.6,-0.7,1504.56,,2.14,344.0,344.0,344.0,10,10,1.0,66.3,65.3
129920,대성하이텍,,8830,40.3,14.9,19.3,-42.5,165.2,-4.0,-27.4,22.0,-11.8,-21.0,42.4,0.97,15350,3330,5,False,True,False,310089,582570,51.0,27.7,57.3,0.53,0,False,False,False,False,-,61.3,-5.5,-15.1,74.4,-179.3,True,0,강세,-1,0,-1,0,19.6,-0.7,1504.56,,2.14,344.0,344.0,344.0,10,10,1.0,66.3,65.3
007530,와이엠,,2150,30.1,32.5,26.4,-29.3,6.4,1.4,-14.3,-15.4,-6.3,-8.2,-16.5,0.24,3040,2020,5,False,True,False,12552,25344,0.1,0.3,0.6,0.5,3,False,False,True,False,+3%반등,58.2,0.0,-0.0,0.5,-0.0,True,0,강세,-1,0,-1,0,19.6,-0.7,1504.56,,2.14,344.0,344.0,344.0,10,10,1.0,66.2,65.2
054930,유신,,22200,32.8,22.0,26.5,-23.8,11.0,1.1,-17.0,-11.9,-7.7,-10.0,-4.4,0.96,29150,20000,5,False,True,False,17229,23927,5.1,3.8,5.8,0.72,6,False,True,True,False,5일선회복/+3%반등,55.2,-1.8,-0.0,-7.3,1.3,True,0,강세,-1,0,-1,0,19.6,-0.7,1504.56,,2.14,344.0,344.0,344.0,10,10,1.0,66.2,65.2
059210,메타바이오메드,,4040,39.4,37.4,27.0,-38.8,5.6,0.5,-10.1,-19.0,-4.5,-6.9,-21.0,1.28,6600,3825,5,False,True,False,301657,243241,12.8,12.2,10.2,1.24,6,False,True,True,False,5일선회복/+3%반등,47.1,0.2,-9.4,2.0,-10.0,True,8,강세,-1,0,-1,0,19.6,-0.7,1504.56,,2.14,344.0,344.0,344.0,10,10,1.0,66.1,65.1
067010,이씨에스,,2210,30.0,41.9,36.6,-26.6,6.2,2.6,-8.3,-2.4,-2.8,-2.7,-9.2,0.81,3010,2080,10,False,True,True,36958,38923,0.7,0.8,0.9,0.95,6,False,True,True,False,5일선회복/+3%반등,50.1,-0.1,-0.0,-0.5,0.0,True,0,강세,-1,0,-1,0,19.6,-0.7,1504.56,,2.14,344.0,344.0,344.0,10,10,1.0,66.1,65.1
096690,에이루트,,6250,0.0,0.0,-32.0,-60.5,3.2,-20.2,-17.1,-34.1,-18.5,-14.1,-34.2,2.51,15818,6055,5,True,False,False,41428,13055,1.9,2.9,0.9,3.17,-30,True,False,False,False,⚠️떨어지는칼날,91.1,-3.3,0.0,-4.2,0.0,True,0,강세,-1,0,-1,0,19.6,-0.7,1504.56,,2.14,344.0,344.0,344.0,10,10,1.0,66.1,65.1
147830,제룡산업,,9990,32.0,14.4,32.2,-35.2,75.6,0.1,25.8,24.9,-9.1,11.0,38.5,0.15,15410,5690,5,False,True,False,711504,3249244,49.3,70.1,375.3,0.22,6,False,True,True,False,5일선회복/+3%반등,52.1,-8.0,6.0,-47.3,6.7,True,3,강세,-1,0,-1,0,19.6,-0.7,1504.56,,2.14,344.0,344.0,344.0,10,10,1.0,66.1,65.1
056080,유진로봇,,23800,39.3,25.9,15.3,-51.9,146.6,-7.2,-4.0,-35.8,-8.3,-8.1,21.9,0.44,49450,9650,0,False,False,False,499339,1040604,113.3,117.9,275.9,0.48,3,False,True,False,False,5일선회복,53.0,7.2,10.6,-308.0,18.5,True,10,강세,-1,0,-1,0,19.6,-0.7,1504.56,,2.14,344.0,344.0,344.0,10,10,1.0,66.0,65.0
251970,펌텍코리아,,38400,36.5,35.0,26.9,-50.1,7.0,-1.0,-11.0,-32.6,-5.1,-11.4,-28.9,0.88,77000,35900,5,False,True,False,42649,46632,15.8,16.1,18.8,0.91,6,False,True,True,False,5일선회복/+3%반등,55.0,-0.3,-5.4,-35.3,-13.3,True,0,강세,-1,0,-1,0,19.6,-0.7,1504.56,,2.14,344.0,344.0,344.0,10,10,1.0,66.0,65.0
081580,성우전자,,2930,37.0,34.6,33.5,-24.9,39.9,2.6,-16.2,6.2,-4.0,-5.3,8.5,1.17,3900,2095,10,True,True,False,243324,166721,5.7,7.2,5.1,1.46,3,False,False,True,False,+3%반등,45.0,0.2,-0.1,-1.3,-0.6,True,8,강세,-1,0,-1,0,19.6,-0.7,1504.56,,2.14,344.0,344.0,344.0,10,10,1.0,66.0,65.0
417500,제이아이테크,,4255,41.7,16.3,19.6,-30.9,47.2,-3.3,-9.1,17.9,-9.2,-11.8,15.0,0.65,6160,2890,5,False,True,False,377754,773349,22.1,16.0,37.1,0.49,6,False,True,True,False,5일선회복/+3%반등,44.9,11.3,0.1,10.1,0.2,True,10,강세,-1,0,-1,0,19.6,-0.7,1504.56,,2.14,344.0,344.0,344.0,10,10,1.0,65.9,64.9
258610,케일럼,,1197,36.1,44.7,36.5,-51.3,19.7,4.6,-17.0,-7.6,-4.6,-14.5,-23.1,0.66,2460,1000,5,False,True,False,67739,74569,0.6,0.8,0.9,0.91,6,False,True,True,False,5일선회복/+3%반등,54.8,0.0,-0.0,1.3,-0.0,True,0,강세,-1,0,-1,0,19.6,-0.7,1504.56,,2.14,344.0,344.0,344.0,10,10,1.0,65.8,64.8
039010,현대에이치티,,9350,24.7,10.1,14.0,-24.9,38.3,-6.4,-13.0,-2.0,-11.0,-2.3,10.9,0.66,12450,6760,0,False,False,False,50823,91439,5.7,4.9,9.9,0.56,0,False,False,False,False,-,65.8,-0.9,0.0,-1.1,-8.4,True,0,강세,-1,0,-1,0,19.6,-0.7,1504.56,,2.14,344.0,344.0,344.0,10,10,1.0,65.8,64.8
217190,제너셈,,6910,21.6,24.8,32.2,-28.5,57.0,7.3,-3.8,15.6,-8.3,4.3,19.4,0.53,9670,4402,5,False,True,False,251500,306565,11.5,17.0,23.9,0.82,6,False,True,True,False,5일선회복/+3%반등,51.7,4.3,-0.0,42.6,1.3,True,3,강세,-1,0,-1,0,19.6,-0.7,1504.56,,2.14,344.0,344.0,344.0,10,10,1.0,65.7,64.7
204610,티쓰리,,2940,26.4,11.7,18.8,-22.5,82.5,-5.8,-9.3,53.8,-9.1,0.0,30.9,0.93,3795,1611,5,False,False,True,344492,460423,12.5,10.3,15.1,0.75,0,False,False,False,False,-,60.7,-4.9,-0.9,-3.7,-3.6,True,0,강세,-1,0,-1,0,19.6,-0.7,1504.56,,2.14,344.0,344.0,344.0,10,10,1.0,65.7,64.7
191420,테고사이언스,,10850,39.9,7.4,17.2,-46.4,3.1,-2.6,-17.7,-24.4,-9.0,-13.1,-28.9,0.45,20250,10520,5,False,True,False,17076,18482,0.9,1.9,2.2,0.92,0,False,False,False,False,-,60.7,-0.3,-0.0,-1.8,-0.0,True,0,강세,-1,0,-1,0,19.6,-0.7,1504.56,,2.14,344.0,344.0,344.0,10,10,1.0,65.7,64.7
130500,GH신소재,,2325,29.0,4.9,14.9,-27.2,1.8,-3.3,-11.4,-15.9,-5.7,-6.9,-9.5,0.91,3195,2285,0,False,False,False,37047,41242,0.9,0.9,1.0,0.9,0,False,False,False,False,-,65.6,-0.4,0.0,-2.3,-0.0,True,0,강세,-1,0,-1,0,19.6,-0.7,1504.56,,2.14,344.0,344.0,344.0,10,10,1.0,65.6,64.6
224060,더코디,,5160,31.0,6.8,8.7,-30.9,115.0,-8.5,-6.4,26.5,-9.1,-10.0,36.1,0.39,7470,2400,0,False,False,False,28257,73721,1.4,1.5,4.3,0.38,0,False,False,False,False,-,65.6,-2.4,-0.0,1.4,-0.0,True,0,강세,-1,0,-1,0,19.6,-0.7,1504.56,,2.14,344.0,344.0,344.0,10,10,1.0,65.6,64.6
023600,삼보판지,,9290,28.3,23.3,19.4,-17.8,15.0,-1.0,-7.1,-13.7,-4.1,-4.8,-3.4,0.35,11300,8075,5,False,True,False,17127,33806,1.0,1.6,3.3,0.51,3,False,True,False,False,5일선회복,54.6,-1.9,0.4,-8.1,6.3,True,3,강세,-1,0,-1,0,19.6,-0.7,1504.56,,2.14,344.0,344.0,344.0,10,10,1.0,65.6,64.6
143240,사람인,,15530,21.0,1.8,7.8,-15.6,23.5,-3.4,-8.8,9.0,-5.5,-5.2,7.5,0.47,18400,12570,0,False,False,False,8865,22337,1.6,1.4,3.7,0.4,0,False,False,False,False,-,62.5,-0.5,0.8,-2.9,6.8,True,3,강세,-1,0,-1,0,19.6,-0.7,1504.56,,2.14,344.0,344.0,344.0,10,10,1.0,65.5,64.5
104540,코렌텍,,4885,22.1,14.1,22.0,-34.3,3.5,-2.2,-13.2,-29.3,-9.0,-12.6,-16.5,0.63,7440,4720,0,False,False,False,54566,60530,1.9,2.7,3.2,0.9,0,False,False,False,False,-,65.5,-1.1,-0.0,-4.5,1.0,True,0,강세,-1,0,-1,0,19.6,-0.7,1504.56,,2.14,344.0,344.0,344.0,10,10,1.0,65.5,64.5
033790,피노,,12010,31.0,7.5,15.0,-37.3,248.6,-19.4,5.6,99.2,-17.8,11.4,91.1,0.72,19150,3445,0,False,False,False,2783412,2982405,253.9,342.6,436.5,0.93,0,False,False,False,False,-,62.4,109.2,-79.4,5.5,15.9,True,3,강세,-1,0,-1,0,19.6,-0.7,1504.56,,2.14,344.0,344.0,344.0,10,10,1.0,65.4,64.4
484120,도우인시스,,20000,35.5,15.4,16.6,-66.1,12.6,-7.8,-7.2,-16.8,-7.8,-4.9,-21.7,0.48,59000,17760,0,False,False,False,18510,30385,3.0,3.7,6.8,0.61,0,False,False,False,False,-,62.4,1.7,-0.2,-4.3,-1.1,True,3,강세,-1,0,-1,0,19.6,-0.7,1504.56,,2.14,344.0,344.0,344.0,10,10,1.0,65.4,64.4
115570,스타플렉스,,2880,28.0,36.8,35.6,-21.3,11.2,2.7,-10.3,-1.9,-2.5,-4.4,-4.6,0.9,3660,2590,10,False,True,True,14304,19730,0.5,0.4,0.6,0.72,6,False,True,True,False,5일선회복/+3%반등,49.4,-0.1,0.0,0.8,0.0,True,0,강세,-1,0,-1,0,19.6,-0.7,1504.56,,2.14,344.0,344.0,344.0,10,10,1.0,65.4,64.4
043650,국순당,,3905,21.3,17.0,19.5,-24.9,2.0,-0.9,-9.8,-4.8,-4.6,-5.7,-7.6,0.88,5200,3830,5,False,False,True,26167,44026,1.5,1.0,1.8,0.59,0,False,False,False,False,-,60.3,-0.5,-0.0,-2.7,-0.3,True,0,강세,-1,0,-1,0,19.6,-0.7,1504.56,,2.14,344.0,344.0,344.0,10,10,1.0,65.3,64.3
217330,싸이토젠,,5080,33.5,25.4,36.4,-54.6,124.8,3.0,7.9,-18.7,-5.9,4.8,11.2,0.46,11200,2260,5,False,True,False,218206,577133,12.5,10.4,32.6,0.38,6,False,True,True,False,5일선회복/+3%반등,51.3,2.7,-0.5,-41.2,-0.2,True,3,강세,-1,0,-1,0,19.6,-0.7,1504.56,,2.14,344.0,344.0,344.0,10,10,1.0,65.3,64.3
041020,폴라리스오피스,,4300,36.8,49.6,38.8,-38.8,32.5,6.6,-13.0,-3.7,-4.0,-6.2,-12.0,0.34,7030,3245,5,False,True,False,945456,1508174,22.7,39.6,71.2,0.63,6,False,True,True,False,5일선회복/+3%반등,46.3,6.7,-0.2,-28.1,-0.7,True,8,강세,-1,0,-1,0,19.6,-0.7,1504.56,,2.14,344.0,344.0,344.0,10,10,1.0,65.3,64.3
189690,포시에스,,1926,25.9,39.3,31.8,-40.1,9.7,2.4,-7.8,-4.4,-2.7,-2.7,-7.3,0.52,3215,1755,5,False,True,False,54675,61588,0.6,1.0,1.2,0.89,3,False,True,False,False,5일선회복,57.2,-0.0,0.0,-1.4,0.0,True,0,강세,-1,0,-1,0,19.6,-0.7,1504.56,,2.14,344.0,344.0,344.0,10,10,1.0,65.2,64.2
060480,국일신동,,1672,17.1,10.1,1.3,-17.4,20.5,-5.5,-7.6,6.1,-6.9,-2.5,0.4,0.75,2025,1387,0,False,False,False,41364,74131,1.0,0.7,1.3,0.56,0,False,False,False,False,-,65.2,0.0,-0.0,0.6,0.0,True,0,강세,-1,0,-1,0,19.6,-0.7,1504.56,,2.14,344.0,344.0,344.0,10,10,1.0,65.2,64.2
373200,엑스플러스,,3090,30.8,34.5,13.5,-43.6,44.4,-3.9,-3.4,-18.9,-3.1,-13.0,-1.5,1.49,5475,2140,0,False,False,False,987781,255168,11.3,29.6,7.7,3.87,0,False,False,False,False,-,65.0,-0.0,-11.7,-0.0,-11.7,True,0,강세,-1,0,-1,0,19.6,-0.7,1504.56,,2.14,344.0,344.0,344.0,10,10,1.0,65.0,64.0
016670,디모아,,3790,43.3,36.8,42.0,-57.7,6.8,-1.4,-17.4,-3.9,-1.3,-6.5,-25.2,0.64,8960,3550,5,False,False,True,17209,42982,1.1,0.6,1.7,0.4,10,False,True,True,True,5일선회복/+3%반등/거래량동반양봉,42.0,0.6,0.0,0.4,0.0,True,8,강세,-1,0,-1,0,19.6,-0.7,1504.56,,2.14,344.0,344.0,344.0,10,10,1.0,65.0,64.0
124500,아이티센글로벌,,49650,30.4,37.0,33.2,-34.2,520.6,0.1,4.3,4.1,-6.2,-6.3,45.2,1.19,75500,8000,5,False,True,False,249245,268119,161.0,118.3,142.2,0.93,6,False,True,True,False,5일선회복/+3%반등,50.8,9.8,-66.0,62.6,-111.4,True,3,강세,-1,0,-1,0,19.6,-0.7,1504.56,,2.14,344.0,344.0,344.0,10,10,1.0,64.8,63.8
317850,대모,,7890,34.5,24.1,25.8,-27.7,31.1,0.4,-16.5,-12.1,-7.7,-10.0,-0.7,0.29,10910,6020,5,False,True,False,88894,241657,5.6,6.8,21.8,0.37,6,False,True,True,False,5일선회복/+3%반등,53.7,-3.4,0.0,-5.5,0.0,True,0,강세,-1,0,-1,0,19.6,-0.7,1504.56,,2.14,344.0,344.0,344.0,10,10,1.0,64.7,63.7
471820,셀로맥스사이언스,,4855,32.5,23.2,32.0,-36.9,6.5,0.0,-7.3,-10.4,-2.8,-3.4,-10.0,0.43,7690,4560,5,False,False,True,24772,27651,0.6,1.2,1.4,0.9,3,False,True,False,False,5일선회복,53.6,-1.0,2.5,-3.6,4.8,True,3,강세,-1,0,-1,0,19.6,-0.7,1504.56,,2.14,344.0,344.0,344.0,10,10,1.0,64.6,63.599999999999994
123570,이엠넷,,1899,31.1,39.6,29.8,-26.8,11.4,1.2,-6.7,-5.3,-2.8,-2.8,-7.2,0.2,2595,1705,5,False,True,False,15868,19786,0.1,0.3,0.4,0.8,6,False,True,True,False,5일선회복/+3%반등,50.5,-0.0,0.3,0.1,1.6,True,3,강세,-1,0,-1,0,19.6,-0.7,1504.56,,2.14,344.0,344.0,344.0,10,10,1.0,64.5,63.5
064240,홈캐스트,,1912,29.4,29.6,34.7,-34.6,19.5,-0.8,-4.9,-11.3,-4.4,-4.4,-4.9,0.67,2925,1600,5,False,True,False,170180,363119,4.8,3.2,7.8,0.47,7,False,True,False,True,5일선회복/거래량동반양봉,52.5,-3.7,-0.0,-4.4,0.0,True,0,강세,-1,0,-1,0,19.6,-0.7,1504.56,,2.14,344.0,344.0,344.0,10,10,1.0,64.5,63.5
009780,엠에스씨,,6700,36.5,0.8,8.7,-49.5,3.1,-4.4,-5.9,-15.8,-5.4,-4.9,-18.7,0.85,13280,6500,0,False,False,False,40900,50479,3.0,2.8,3.6,0.81,0,False,False,False,False,-,64.5,-3.6,0.0,-1.9,-0.3,True,0,강세,-1,0,-1,0,19.6,-0.7,1504.56,,2.14,344.0,344.0,344.0,10,10,1.0,64.5,63.5
067570,엔브이에이치코리아,,1990,24.0,7.1,16.1,-20.6,0.8,-3.2,-8.9,-17.1,-5.1,-7.4,-12.7,0.76,2505,1975,0,False,False,False,147810,140359,2.2,2.9,2.9,1.05,3,False,True,False,False,5일선회복,61.3,-1.1,0.0,-5.0,-0.1,True,0,강세,-1,0,-1,0,19.6,-0.7,1504.56,,2.14,344.0,344.0,344.0,10,10,1.0,64.3,63.3
043150,바텍,,20550,31.1,24.9,21.6,-24.9,9.4,-0.2,-10.8,-4.4,-6.8,-8.5,-5.1,0.37,27350,18790,5,False,True,False,25619,44091,3.5,5.2,9.8,0.58,3,False,True,False,False,5일선회복,56.3,-5.4,-0.2,-27.4,-0.4,True,0,강세,-1,0,-1,0,19.6,-0.7,1504.56,,2.14,344.0,344.0,344.0,10,10,1.0,64.3,63.3
032850,비트컴퓨터,,4595,25.4,2.8,16.4,-22.4,1.0,-4.8,-13.5,-15.7,-9.4,-12.6,-8.9,0.38,5920,4550,0,False,False,False,156867,273856,4.9,7.3,14.2,0.57,0,False,False,False,False,-,64.2,-1.3,-0.2,6.4,0.9,True,0,강세,-1,0,-1,0,19.6,-0.7,1504.56,,2.14,344.0,344.0,344.0,10,10,1.0,64.2,63.2
078140,대봉엘에스,,9870,32.2,17.7,19.8,-36.4,3.7,-1.6,-5.6,-15.9,-4.7,-3.7,-16.9,0.87,15520,9520,5,False,True,False,20443,25088,2.2,2.0,2.6,0.81,0,False,False,False,False,-,59.2,-0.5,0.0,-5.4,-0.0,True,0,강세,-1,0,-1,0,19.6,-0.7,1504.56,,2.14,344.0,344.0,344.0,10,10,1.0,64.2,63.2
366030,공구우먼,,5600,24.1,17.0,9.1,-21.1,42.1,-6.7,-2.1,-11.8,-10.6,-3.9,4.8,0.4,7100,3940,5,False,True,False,140332,235619,5.4,8.1,15.0,0.6,0,False,False,False,False,-,59.1,-3.7,-0.0,1.2,0.0,True,0,강세,-1,0,-1,0,19.6,-0.7,1504.56,,2.14,344.0,344.0,344.0,10,10,1.0,64.1,63.099999999999994
214370,케어젠,,90500,37.6,31.3,23.3,-41.2,203.7,5.6,-4.7,-39.7,-8.1,-8.6,11.2,0.63,153800,29800,10,False,True,True,122000,121221,65.2,108.7,120.5,1.01,6,False,True,True,False,5일선회복/+3%반등,48.1,-35.7,-0.3,-35.1,-136.9,True,0,강세,-1,0,-1,0,19.6,-0.7,1504.56,,2.14,344.0,344.0,344.0,10,10,1.0,64.1,63.099999999999994
032540,TJ미디어,,3470,15.8,21.1,13.1,-22.6,8.1,-2.7,-9.9,-12.6,-4.5,-9.2,-9.9,0.58,4481,3211,0,False,False,False,15324,16420,0.3,0.5,0.6,0.93,0,False,False,False,False,-,61.0,0.1,0.0,-0.3,0.0,True,3,강세,-1,0,-1,0,19.6,-0.7,1504.56,,2.14,344.0,344.0,344.0,10,10,1.0,64.0,63.0
102710,이엔에프테크놀로지,,50100,34.8,40.5,34.6,-22.9,90.9,7.6,-13.5,-16.8,-6.9,-5.6,0.5,0.58,65000,26250,5,False,True,False,123121,174622,50.3,58.0,93.4,0.71,6,False,True,True,False,5일선회복/+3%반등,44.9,53.2,-47.7,255.1,-415.5,True,8,강세,-1,0,-1,0,19.6,-0.7,1504.56,,2.14,344.0,344.0,344.0,10,10,1.0,63.9,62.9
099190,아이센스,,19220,32.3,43.9,40.3,-30.4,31.6,8.0,-4.6,-24.5,-3.2,-3.3,4.3,0.49,27600,14600,10,False,True,True,105373,135017,13.0,19.7,27.4,0.78,6,False,True,True,False,5일선회복/+3%반등,44.9,18.1,-10.9,8.4,-42.5,True,3,강세,-1,0,-1,0,19.6,-0.7,1504.56,,2.14,344.0,344.0,344.0,10,10,1.0,63.9,62.9
049430,코메론,,18440,37.1,20.6,20.0,-22.0,95.5,-0.3,-16.6,13.3,-5.0,-7.7,27.5,0.77,23650,9430,5,False,False,True,27462,31201,4.2,5.1,6.1,0.88,0,False,False,False,False,-,50.8,-2.9,13.8,5.4,25.7,True,8,강세,-1,0,-1,0,19.6,-0.7,1504.56,,2.14,344.0,344.0,344.0,10,10,1.0,63.8,62.8
039860,나노엔텍,,5480,23.8,28.9,35.3,-41.6,81.8,0.9,3.8,20.7,-5.7,-1.9,20.9,0.29,9390,3015,5,False,True,False,330025,1253940,20.2,17.5,80.6,0.26,6,False,True,True,False,5일선회복/+3%반등,52.8,-1.5,0.0,-44.6,0.7,True,0,강세,-1,0,-1,0,19.6,-0.7,1504.56,,2.14,344.0,344.0,344.0,10,10,1.0,63.8,62.8
347770,핌스,,1744,34.7,16.2,26.9,-31.1,93.8,-6.2,-3.4,67.0,-8.9,-2.9,10.4,0.2,2530,900,5,False,True,False,87812,390900,1.4,1.5,8.0,0.22,6,False,True,True,False,5일선회복/+3%반등,49.8,0.4,0.0,-2.0,-0.0,True,3,강세,-1,0,-1,0,19.6,-0.7,1504.56,,2.14,344.0,344.0,344.0,10,10,1.0,63.8,62.8
347890,엠엑스온,,5540,30.1,35.4,31.1,-30.2,8.6,3.9,-6.6,-12.5,-3.7,-0.4,-9.4,0.49,7940,5100,5,False,True,False,27840,59019,1.5,1.5,3.4,0.47,6,False,True,True,False,5일선회복/+3%반등,52.8,-0.0,-0.1,0.5,1.5,True,0,강세,-1,0,-1,0,19.6,-0.7,1504.56,,2.14,344.0,344.0,344.0,10,10,1.0,63.8,62.8
117730,티로보틱스,,18840,33.4,39.3,23.5,-39.0,91.9,-3.3,-3.4,-19.1,-7.7,-3.2,6.8,0.58,30900,9820,5,False,True,False,156887,266890,29.8,28.9,55.5,0.59,3,False,True,False,False,5일선회복,52.8,6.3,-0.2,-13.9,-15.4,True,3,강세,-1,0,-1,0,19.6,-0.7,1504.56,,2.14,344.0,344.0,344.0,10,10,1.0,63.8,62.8
065440,이루온,,3330,39.0,14.8,26.5,-36.0,179.6,-3.2,-13.4,141.3,-11.1,0.1,64.8,0.24,5200,1191,10,False,True,True,1492377,4755994,39.0,48.7,194.4,0.31,3,False,True,False,False,5일선회복,50.8,-3.6,-0.1,17.7,6.2,True,0,강세,-1,0,-1,0,19.6,-0.7,1504.56,,2.14,344.0,344.0,344.0,10,10,1.0,63.8,62.8
045060,오공,,2285,18.3,6.9,20.7,-15.1,7.0,-1.1,-5.8,-3.2,-4.1,-2.3,-4.4,0.31,2690,2135,5,False,False,True,25029,48383,0.3,0.6,1.2,0.52,0,False,False,False,False,-,55.7,0.6,-0.1,3.0,1.6,True,3,강세,-1,0,-1,0,19.6,-0.7,1504.56,,2.14,344.0,344.0,344.0,10,10,1.0,63.7,62.7
084730,팅크웨어,,7890,28.4,35.2,30.2,-26.5,7.2,2.5,-8.3,-20.6,-4.1,-5.8,-7.5,0.9,10730,7360,5,False,True,False,31132,34642,2.5,2.4,2.9,0.9,6,False,True,True,False,5일선회복/+3%반등,52.7,-1.3,0.0,-4.9,-0.0,True,0,강세,-1,0,-1,0,19.6,-0.7,1504.56,,2.14,344.0,344.0,344.0,10,10,1.0,63.7,62.7
038390,레드캡투어,,10100,24.5,12.0,18.0,-25.2,1.7,-3.3,-6.5,-12.9,-5.6,-4.4,-11.9,0.79,13500,9930,0,False,False,False,56943,54127,4.4,5.7,5.8,1.05,3,False,True,False,False,5일선회복,60.6,-1.3,-13.1,-2.1,-7.0,True,0,강세,-1,0,-1,0,19.6,-0.7,1504.56,,2.14,344.0,344.0,344.0,10,10,1.0,63.6,62.6
051490,나라엠앤디,,3480,28.8,15.3,17.1,-29.4,5.1,-3.5,-10.1,-12.6,-6.2,-4.6,-12.1,0.44,4930,3310,0,False,False,False,47523,89961,1.4,1.7,3.4,0.53,0,False,False,False,False,-,63.6,-0.7,-0.0,-1.0,-0.5,True,0,강세,-1,0,-1,0,19.6,-0.7,1504.56,,2.14,344.0,344.0,344.0,10,10,1.0,63.6,62.6
054950,제이브이엠,,23150,32.4,21.3,18.7,-32.9,2.2,-2.3,-7.4,-12.0,-4.4,-5.6,-13.9,1.52,34500,22650,0,False,False,False,47873,39454,14.1,11.1,9.5,1.21,3,False,True,False,False,5일선회복,60.6,-0.8,-6.0,-20.4,-9.5,True,0,강세,-1,0,-1,0,19.6,-0.7,1504.56,,2.14,344.0,344.0,344.0,10,10,1.0,63.6,62.6
383930,디티앤씨알오,,3000,37.6,50.0,45.4,-41.3,33.3,23.0,-13.5,6.0,-2.7,-6.9,-1.2,1.76,5110,2250,10,True,True,False,588110,329432,18.0,16.9,10.0,1.79,6,False,True,True,False,5일선회복/+3%반등,47.5,-6.4,-0.0,-5.5,0.2,True,0,강세,-1,0,-1,0,19.6,-0.7,1504.56,,2.14,344.0,344.0,344.0,10,10,1.0,63.5,62.5
237750,피앤씨테크,,4900,10.1,17.3,28.7,-34.2,35.0,-3.0,4.3,0.6,-10.5,-2.2,5.5,0.1,7450,3630,5,False,True,False,47455,515374,2.4,2.3,32.3,0.09,3,False,True,False,False,5일선회복,55.4,-0.3,-0.3,-6.6,0.4,True,0,강세,-1,0,-1,0,19.6,-0.7,1504.56,,2.14,344.0,344.0,344.0,10,10,1.0,63.4,62.4
159910,에코글로우,,3370,39.3,38.0,25.1,-41.4,44.3,2.1,-15.7,31.1,-8.4,-9.0,-3.3,0.39,5750,2335,10,True,True,False,128631,60076,0.8,4.7,2.2,2.14,3,False,False,True,False,+3%반등,50.4,-0.1,-0.1,-0.7,-1.1,True,0,강세,-1,0,-1,0,19.6,-0.7,1504.56,,2.14,344.0,344.0,344.0,10,10,1.0,63.4,62.4
277070,린드먼아시아,,4010,36.5,30.6,31.5,-34.3,5.5,1.1,-11.9,-23.2,-3.0,-4.3,-17.2,0.17,6100,3800,5,False,True,False,5564,11122,0.1,0.2,0.5,0.5,3,False,True,False,False,5일선회복,47.3,0.0,0.1,-1.5,0.3,True,8,강세,-1,0,-1,0,19.6,-0.7,1504.56,,2.14,344.0,344.0,344.0,10,10,1.0,63.3,62.3
440290,HB인베스트먼트,,1987,25.9,17.3,22.8,-20.2,5.7,-1.1,-6.3,-11.3,-5.0,-4.8,-6.8,0.57,2490,1879,5,False,True,False,87081,131803,1.5,1.7,2.8,0.66,3,False,True,False,False,5일선회복,55.3,-1.6,-0.1,-2.8,-3.9,True,0,강세,-1,0,-1,0,19.6,-0.7,1504.56,,2.14,344.0,344.0,344.0,10,10,1.0,63.3,62.3
220180,핸디소프트,,1750,38.2,36.0,24.0,-55.6,7.2,-2.8,-14.2,-8.4,-5.6,-9.0,-19.3,0.25,3940,1632,5,True,False,False,51802,36525,0.2,0.9,0.7,1.42,3,False,True,False,False,5일선회복,55.2,-1.0,0.0,-1.1,0.0,True,0,강세,-1,0,-1,0,19.6,-0.7,1504.56,,2.14,344.0,344.0,344.0,10,10,1.0,63.2,62.2
042600,새로닉스,,18610,33.4,42.6,33.3,-19.8,184.6,2.7,-9.2,35.1,-5.3,4.1,37.5,0.72,23200,6540,10,False,True,True,39082,65922,9.0,7.0,13.2,0.59,6,False,True,True,False,5일선회복/+3%반등,44.1,-10.2,7.1,-13.7,23.1,True,3,강세,-1,0,-1,0,19.6,-0.7,1504.56,,2.14,344.0,344.0,344.0,10,10,1.0,63.1,62.1
045970,코아시아,,5010,35.7,41.7,33.7,-36.2,77.0,2.2,-11.3,-16.9,-6.1,-3.7,-11.4,0.85,7850,2830,5,False,True,False,149439,218655,9.4,7.0,11.9,0.68,10,False,True,True,True,5일선회복/+3%반등/거래량동반양봉,48.1,-3.2,0.0,6.5,1.7,True,0,강세,-1,0,-1,0,19.6,-0.7,1504.56,,2.14,344.0,344.0,344.0,10,10,1.0,63.1,62.1
121440,골프존홀딩스,,4695,24.9,25.8,22.9,-29.3,7.3,-1.7,-6.7,-14.6,-4.4,-4.7,-8.3,0.75,6640,4375,0,False,False,False,80283,77531,2.7,3.8,3.8,1.04,3,False,True,False,False,5일선회복,57.0,-3.0,0.5,-6.0,3.1,True,3,강세,-1,0,-1,0,19.6,-0.7,1504.56,,2.14,344.0,344.0,344.0,10,10,1.0,63.0,62.0
067900,와이엔텍,,6730,26.6,10.2,8.2,-17.8,14.7,-4.3,-8.4,-11.6,-7.3,-5.5,0.4,0.95,8190,5870,0,False,False,False,57128,83982,5.4,3.9,6.1,0.68,0,False,False,False,False,-,63.0,-4.0,-0.3,-1.4,1.2,True,0,강세,-1,0,-1,0,19.6,-0.7,1504.56,,2.14,344.0,344.0,344.0,10,10,1.0,63.0,62.0
365900,브이씨,,2895,38.0,25.3,28.1,-33.0,17.4,3.2,-11.6,-2.7,-3.7,-4.8,-6.1,0.51,4320,2465,10,False,True,True,16202,16753,0.2,0.5,0.5,0.97,6,False,True,True,False,5일선회복/+3%반등,46.9,-0.0,0.0,0.3,0.0,True,0,강세,-1,0,-1,0,19.6,-0.7,1504.56,,2.14,344.0,344.0,344.0,10,10,1.0,62.9,61.9
060370,LS마린솔루션,,36650,20.8,22.9,36.1,-29.0,144.8,2.2,8.6,19.8,-7.3,6.9,25.9,0.39,51600,14972,5,False,True,False,313397,731584,97.6,110.9,306.4,0.43,6,False,True,True,False,5일선회복/+3%반등,48.9,-43.8,11.1,-37.4,81.2,True,3,강세,-1,0,-1,0,19.6,-0.7,1504.56,,2.14,344.0,344.0,344.0,10,10,1.0,62.9,61.9
153710,옵티팜,,4895,36.6,32.2,10.0,-21.7,3.6,-0.3,-10.2,-11.0,-3.4,-4.7,-5.1,0.61,6250,4725,10,False,True,True,19204,26876,0.8,1.0,1.4,0.71,3,False,False,True,False,+3%반등,49.9,-0.8,0.0,-4.5,0.0,True,0,강세,-1,0,-1,0,19.6,-0.7,1504.56,,2.14,344.0,344.0,344.0,10,10,1.0,62.9,61.9
018680,서울제약,,2580,18.4,34.2,22.5,-38.6,11.7,-2.3,-10.7,-9.8,-4.5,-5.8,-13.8,1.23,4205,2310,0,False,False,False,7403,11472,0.4,0.2,0.3,0.65,0,False,False,False,False,-,62.9,0.0,0.0,0.3,-0.0,True,0,강세,-1,0,-1,0,19.6,-0.7,1504.56,,2.14,344.0,344.0,344.0,10,10,1.0,62.9,61.9
0008Z0,에스엔시스,,33900,38.4,13.3,10.8,-42.0,29.6,-8.9,-17.4,-1.2,-14.7,-3.4,,0.64,58400,26150,0,False,False,False,108544,256703,44.6,37.1,109.2,0.42,0,False,False,False,False,-,62.8,-11.4,-35.0,30.5,-47.6,True,0,강세,-1,0,-1,0,19.6,-0.7,1504.56,,2.14,344.0,344.0,344.0,10,10,1.0,62.8,61.8
094840,슈프리마에이치큐,,10370,37.9,3.6,7.4,-18.9,77.0,-5.9,0.7,39.2,-9.1,9.3,40.1,0.55,12790,5860,5,False,True,False,40572,81466,4.0,4.3,9.3,0.5,0,False,False,False,False,-,47.8,3.0,2.3,23.5,10.8,True,10,강세,-1,0,-1,0,19.6,-0.7,1504.56,,2.14,344.0,344.0,344.0,10,10,1.0,62.8,61.8
006620,동구바이오제약,,4625,35.9,36.8,19.5,-27.6,6.1,-0.1,-10.7,-16.8,-5.7,-9.5,-12.6,0.83,6390,4360,5,False,True,False,126399,132829,5.2,5.9,6.5,0.95,0,False,False,False,False,-,49.7,-2.8,2.0,-26.6,5.8,True,8,강세,-1,0,-1,0,19.6,-0.7,1504.56,,2.14,344.0,344.0,344.0,10,10,1.0,62.7,61.7
195990,에이비프로바이오,,1092,42.7,9.3,18.8,-71.5,10.1,-4.6,-12.6,-8.9,-9.5,-22.1,-38.8,0.27,3828,992,0,False,False,False,96022,399084,1.2,1.1,5.1,0.24,0,False,False,False,False,-,54.7,0.2,0.0,-2.4,0.0,True,8,강세,-1,0,-1,0,19.6,-0.7,1504.56,,2.14,344.0,344.0,344.0,10,10,1.0,62.7,61.7
200710,에이디테크놀로지,,46350,37.5,42.8,36.6,-25.2,237.1,12.4,-17.8,8.2,-6.8,-9.5,33.4,1.12,62000,13750,5,False,True,False,247699,284838,147.4,106.0,144.4,0.87,6,False,True,True,False,5일선회복/+3%반등,43.7,40.5,-12.8,157.5,-60.9,True,8,강세,-1,0,-1,0,19.6,-0.7,1504.56,,2.14,344.0,344.0,344.0,10,10,1.0,62.7,61.7
017890,한국알콜,,12190,25.5,25.1,23.6,-16.3,37.9,0.0,-6.8,-4.5,-6.6,0.4,13.3,0.43,14570,8840,5,False,True,False,58952,123056,5.7,7.1,16.5,0.48,3,False,True,False,False,5일선회복,51.7,-0.6,5.8,13.5,-9.3,True,3,강세,-1,0,-1,0,19.6,-0.7,1504.56,,2.14,344.0,344.0,344.0,10,10,1.0,62.7,61.7
036640,HRS,,5010,27.6,27.7,30.1,-14.2,7.3,0.5,-4.8,-6.5,-2.5,-2.6,-4.5,0.85,5840,4670,10,False,True,True,49525,73840,3.1,2.5,3.8,0.67,3,False,True,False,False,5일선회복,46.6,-3.0,0.1,-7.2,0.0,True,3,강세,-1,0,-1,0,19.6,-0.7,1504.56,,2.14,344.0,344.0,344.0,10,10,1.0,62.6,61.6
003100,선광,,22250,21.5,6.3,27.8,-26.9,34.0,-7.5,6.0,-6.7,-9.2,-0.9,9.3,0.77,30450,16610,5,False,True,False,43455,66991,11.9,9.8,17.2,0.65,0,False,False,False,False,-,54.6,1.0,-3.1,30.5,-3.8,True,3,강세,-1,0,-1,0,19.6,-0.7,1504.56,,2.14,344.0,344.0,344.0,10,10,1.0,62.6,61.6
136480,하림,,2980,28.0,3.9,17.7,-23.7,5.3,-2.3,-10.4,-8.9,-5.5,-6.6,-2.6,0.86,3905,2830,0,False,False,False,646678,911467,22.9,19.4,29.0,0.71,0,False,False,False,False,-,62.6,-29.0,-2.5,-42.9,-2.2,True,0,강세,-1,0,-1,0,19.6,-0.7,1504.56,,2.14,344.0,344.0,344.0,10,10,1.0,62.6,61.6
093640,케이알엠,,4450,36.8,10.7,14.3,-28.6,38.0,-1.4,-14.3,21.1,-8.5,-7.1,5.1,0.59,6230,3225,5,False,True,False,83381,145708,3.2,3.8,7.3,0.57,0,False,False,False,False,-,57.5,-0.1,0.0,-6.3,-0.0,True,0,강세,-1,0,-1,0,19.6,-0.7,1504.56,,2.14,344.0,344.0,344.0,10,10,1.0,62.5,61.5
192390,윈하이텍,,1799,39.6,25.1,26.2,-50.3,3.6,-3.7,-10.3,-15.5,-3.8,-8.6,-20.4,0.89,3620,1737,0,False,False,False,29699,42073,0.7,0.5,0.8,0.71,3,False,False,True,False,+3%반등,51.5,0.2,0.0,0.2,-0.0,True,8,강세,-1,0,-1,0,19.6,-0.7,1504.56,,2.14,344.0,344.0,344.0,10,10,1.0,62.5,61.5
445680,큐리옥스바이오시스템즈,,91300,36.5,51.0,46.4,-38.8,265.9,1.2,-0.1,-17.8,-0.8,-3.9,7.7,1.05,149200,24950,5,False,True,False,82210,93514,90.3,71.0,86.7,0.88,10,False,True,True,True,5일선회복/+3%반등/거래량동반양봉,37.5,22.8,3.2,154.7,-128.0,True,10,강세,-1,0,-1,0,19.6,-0.7,1504.56,,2.14,344.0,344.0,344.0,10,10,1.0,62.5,61.5
405000,플라즈맵,,5540,9.8,1.4,-0.2,-61.8,10.4,-17.3,-29.1,2.6,-21.0,-25.7,-23.6,1.6,14500,5020,0,False,False,False,5962,5546,0.5,0.3,0.4,1.07,-30,True,False,False,False,⚠️떨어지는칼날,92.5,-0.0,0.0,-0.1,0.0,True,0,강세,-1,0,-1,0,19.6,-0.7,1504.56,,2.14,344.0,344.0,344.0,10,10,1.0,62.5,61.5
430690,한싹,,4425,40.1,38.1,36.6,-43.2,34.9,5.7,-19.5,3.5,-4.3,0.9,-9.5,1.03,7790,3280,5,False,True,False,235363,292983,11.6,10.0,14.2,0.8,10,False,True,True,True,5일선회복/+3%반등/거래량동반양봉,47.4,-1.0,-0.3,1.8,0.0,True,0,강세,-1,0,-1,0,19.6,-0.7,1504.56,,2.14,344.0,344.0,344.0,10,10,1.0,62.4,61.4
067280,멀티캠퍼스,,25700,29.2,24.2,25.5,-30.5,3.0,-1.7,-11.4,-13.9,-5.5,-7.5,-16.6,0.31,37000,24950,0,False,False,False,11891,23073,1.9,3.0,6.4,0.52,3,False,True,False,False,5일선회복,59.2,-2.6,-0.7,-4.7,-1.4,True,0,강세,-1,0,-1,0,19.6,-0.7,1504.56,,2.14,344.0,344.0,344.0,10,10,1.0,62.2,61.2
432720,퀄리타스반도체,,20600,19.1,22.2,37.8,-35.9,102.2,8.3,2.2,64.9,-7.1,11.2,34.4,0.38,32150,10190,5,False,True,False,563068,1808044,145.9,109.7,439.9,0.31,6,False,True,True,False,5일선회복/+3%반등,51.2,-42.8,-3.0,99.3,-6.6,True,0,강세,-1,0,-1,0,19.6,-0.7,1504.56,,2.14,344.0,344.0,344.0,10,10,1.0,62.2,61.2
213420,덕산네오룩스,,46850,35.2,43.6,31.7,-18.2,49.7,3.9,-12.1,7.5,-5.3,-5.0,8.1,1.06,57300,31300,5,False,True,False,171239,200226,96.4,77.0,99.2,0.86,6,False,True,True,False,5일선회복/+3%반등,43.1,1.8,-24.3,125.0,-330.6,True,8,강세,-1,0,-1,0,19.6,-0.7,1504.56,,2.14,344.0,344.0,344.0,10,10,1.0,62.1,61.1
115180,큐리언트,,31500,39.1,63.1,45.2,-49.9,235.1,17.5,-15.5,-2.5,-2.8,-13.9,17.2,0.87,62900,9400,10,False,True,True,210685,207244,56.1,59.5,67.3,1.02,6,False,True,True,False,5일선회복/+3%반등,46.0,-6.0,-45.3,64.3,-227.6,True,0,강세,-1,0,-1,0,19.6,-0.7,1504.56,,2.14,344.0,344.0,344.0,10,10,1.0,62.0,61.0
126600,BGF에코머티리얼즈,,3770,35.1,31.6,30.1,-42.2,42.3,-2.5,-7.6,-2.2,-4.9,-6.2,7.1,0.29,6520,2650,5,False,False,True,258913,793840,8.7,9.5,31.5,0.33,3,False,True,False,False,5일선회복,51.0,3.3,-1.5,-21.7,-3.6,True,3,강세,-1,0,-1,0,19.6,-0.7,1504.56,,2.14,344.0,344.0,344.0,10,10,1.0,62.0,61.0
023770,플레이위드,,2680,39.6,53.5,38.8,-60.6,9.8,-4.1,-11.4,-2.7,-2.6,-8.5,-23.5,1.25,6810,2440,5,False,False,True,14532,21682,0.8,0.4,0.6,0.67,10,False,True,True,True,5일선회복/+3%반등/거래량동반양봉,47.0,-0.2,0.0,-1.4,0.0,True,0,강세,-1,0,-1,0,19.6,-0.7,1504.56,,2.14,344.0,344.0,344.0,10,10,1.0,62.0,61.0
083470,이엠앤아이,,1026,47.7,34.6,35.3,-33.8,66.6,4.5,-16.2,18.1,-3.4,-5.3,7.8,4.36,1550,616,10,True,True,False,323279,201162,8.8,3.5,2.1,1.61,3,False,False,True,False,+3%반등,40.9,1.7,0.0,2.5,-0.0,True,8,강세,-1,0,-1,0,19.6,-0.7,1504.56,,2.14,344.0,344.0,344.0,10,10,1.0,61.9,60.9
158430,아톤,,7610,44.1,50.2,48.8,-45.6,39.1,14.3,-17.1,-3.3,-0.5,5.1,6.3,1.54,13990,5470,5,False,True,False,1194150,1426248,168.6,85.2,115.7,0.84,10,False,True,True,True,5일선회복/+3%반등/거래량동반양봉,38.8,-0.8,6.3,-20.4,5.9,True,8,강세,-1,0,-1,0,19.6,-0.7,1504.56,,2.14,344.0,344.0,344.0,10,10,1.0,61.8,60.8
198440,강동씨앤엘,,1033,19.2,19.6,31.5,-29.2,3.1,-0.5,-14.1,-6.3,-4.9,-7.2,-9.6,0.93,1460,1002,0,False,False,False,49948,68330,0.7,0.5,0.7,0.73,3,False,True,False,False,5일선회복,58.7,-0.1,0.0,-1.1,0.0,True,0,강세,-1,0,-1,0,19.6,-0.7,1504.56,,2.14,344.0,344.0,344.0,10,10,1.0,61.7,60.7
263600,덕우전자,,5550,33.8,31.2,21.7,-19.3,46.2,-0.2,-8.3,-4.6,-7.1,-1.2,13.0,0.54,6880,3795,5,False,True,False,48635,100030,3.0,2.7,6.0,0.49,6,False,True,True,False,5일선회복/+3%반등,47.5,0.5,0.0,6.2,-1.6,True,3,강세,-1,0,-1,0,19.6,-0.7,1504.56,,2.14,344.0,344.0,344.0,10,10,1.0,61.5,60.5
092130,이크레더블,,14250,26.5,0.0,15.5,-22.9,0.8,-2.6,-6.9,-9.5,-3.4,-4.3,-12.2,1.02,18490,14130,0,False,False,False,10722,11931,1.7,1.5,1.8,0.9,0,False,False,False,False,-,61.5,-1.5,0.0,-4.0,-0.1,True,0,강세,-1,0,-1,0,19.6,-0.7,1504.56,,2.14,344.0,344.0,344.0,10,10,1.0,61.5,60.5
290120,DH오토리드,,2800,30.2,43.2,46.3,-35.6,27.3,2.9,3.5,-3.3,-1.0,2.8,8.8,0.51,4345,2200,10,False,True,True,67171,117226,1.7,1.8,3.5,0.57,6,False,True,True,False,5일선회복/+3%반등,45.4,-0.6,-0.0,3.9,0.0,True,0,강세,-1,0,-1,0,19.6,-0.7,1504.56,,2.14,344.0,344.0,344.0,10,10,1.0,61.4,60.4
340810,시선AI,,3005,38.5,44.0,41.3,-57.3,36.3,5.4,-3.2,-3.2,-1.5,3.4,-4.7,0.24,7030,2205,10,False,True,True,174768,509767,3.9,5.3,16.5,0.34,6,False,True,True,False,5일선회복/+3%반등,42.3,1.0,0.0,1.2,0.0,True,3,강세,-1,0,-1,0,19.6,-0.7,1504.56,,2.14,344.0,344.0,344.0,10,10,1.0,61.3,60.3
019770,서연탑메탈,,3720,27.4,13.1,16.1,-20.0,6.1,-4.9,-10.8,-7.7,-6.8,-6.6,-3.9,0.59,4650,3505,0,False,False,False,54110,79511,1.8,2.0,3.2,0.68,0,False,False,False,False,-,61.2,-0.1,-0.0,0.5,0.2,True,0,강세,-1,0,-1,0,19.6,-0.7,1504.56,,2.14,344.0,344.0,344.0,10,10,1.0,61.2,60.2
378340,필에너지,,17450,38.8,39.0,35.1,-23.6,47.6,6.1,-20.1,11.6,-6.6,4.2,20.1,0.62,22850,11820,5,False,True,False,106395,238184,24.1,17.3,46.9,0.45,6,False,True,True,False,5일선회복/+3%반등,42.2,0.1,-4.6,8.8,-5.0,True,8,강세,-1,0,-1,0,19.6,-0.7,1504.56,,2.14,344.0,344.0,344.0,10,10,1.0,61.2,60.2
035600,KG이니시스,,10290,27.9,15.2,22.5,-21.3,18.8,-2.0,-9.5,-13.6,-5.1,-4.0,-3.0,0.95,13070,8660,0,False,False,False,93128,96187,9.5,9.6,10.4,0.97,3,False,True,False,False,5일선회복,58.0,-7.8,-2.4,-3.1,1.1,True,0,강세,-1,0,-1,0,19.6,-0.7,1504.56,,2.14,344.0,344.0,344.0,10,10,1.0,61.0,60.0
089230,THE E&M,,3150,37.2,25.0,23.4,-30.0,282.7,-1.6,-13.8,208.2,-12.6,0.1,90.7,0.74,4500,823,5,False,True,False,760205,767574,17.9,23.5,27.5,0.99,6,False,True,True,False,5일선회복/+3%반등,50.0,-12.9,-0.2,-4.5,-0.3,True,0,강세,-1,0,-1,0,19.6,-0.7,1504.56,,2.14,344.0,344.0,344.0,10,10,1.0,61.0,60.0
328130,루닛,,17900,37.3,18.5,32.9,-37.1,16.6,-0.6,-0.5,-11.4,-5.4,-1.7,-5.1,1.62,28452,15350,5,False,True,False,448684,476848,141.7,79.1,91.2,0.94,6,False,True,True,False,5일선회복/+3%반등,47.0,-14.9,7.2,-46.6,-298.1,True,3,강세,-1,0,-1,0,19.6,-0.7,1504.56,,2.14,344.0,344.0,344.0,10,10,1.0,61.0,60.0
044960,이글벳,,3670,36.2,9.0,18.7,-26.2,1.9,-0.5,-8.4,-15.8,-4.7,-5.3,-11.7,0.37,4970,3600,5,False,True,False,76499,164103,2.3,2.8,6.3,0.47,0,False,False,False,False,-,52.9,0.6,-0.6,-5.6,0.9,True,3,강세,-1,0,-1,0,19.6,-0.7,1504.56,,2.14,344.0,344.0,344.0,10,10,1.0,60.9,59.9
013030,하이록코리아,,39650,24.6,30.2,30.9,-17.6,47.7,1.3,-4.5,5.2,-5.2,-0.1,12.3,0.57,48100,26850,5,False,True,False,53239,99931,22.7,20.8,42.6,0.53,6,False,True,True,False,5일선회복/+3%반등,46.9,-6.5,14.4,3.0,-5.4,True,3,강세,-1,0,-1,0,19.6,-0.7,1504.56,,2.14,344.0,344.0,344.0,10,10,1.0,60.9,59.9
023410,유진기업,,3645,27.1,21.6,24.1,-29.9,13.4,-2.0,-12.7,-27.0,-5.2,-9.2,-2.7,0.88,5200,3215,0,False,False,False,231361,248894,8.1,8.5,9.6,0.93,0,False,False,False,False,-,60.8,-3.4,-3.9,-18.6,-8.9,True,0,강세,-1,0,-1,0,19.6,-0.7,1504.56,,2.14,344.0,344.0,344.0,10,10,1.0,60.8,59.8
094860,네오리진,,1428,33.7,37.4,22.2,-23.2,57.4,-2.1,-0.1,-4.8,-2.3,0.5,18.8,1.17,1859,907,5,False,False,True,244513,470824,4.6,3.5,7.0,0.52,7,False,False,True,True,+3%반등/거래량동반양봉,45.7,2.1,0.0,4.5,-0.0,True,3,강세,-1,0,-1,0,19.6,-0.7,1504.56,,2.14,344.0,344.0,344.0,10,10,1.0,60.7,59.7
033100,제룡전기,,67900,18.9,22.9,40.4,-27.6,120.5,2.1,30.6,24.8,-5.7,17.3,54.3,0.27,93800,30800,5,False,True,False,302212,777647,144.4,197.4,581.5,0.39,6,False,True,True,False,5일선회복/+3%반등,46.7,-96.1,34.3,-125.5,441.5,True,3,강세,-1,0,-1,0,19.6,-0.7,1504.56,,2.14,344.0,344.0,344.0,10,10,1.0,60.7,59.7
238090,앤디포스,,2750,42.7,12.0,12.5,-33.7,78.9,-9.4,-21.8,66.0,-14.0,-17.0,22.7,1.12,4150,1537,5,False,True,False,132886,175211,5.5,3.7,5.8,0.76,0,False,False,False,False,-,55.4,-0.6,0.0,-3.9,0.0,True,0,강세,-1,0,-1,0,19.6,-0.7,1504.56,,2.14,344.0,344.0,344.0,10,10,1.0,60.4,59.4
317330,덕산테코피아,,21950,42.5,16.3,26.1,-33.5,55.7,-6.6,-13.4,14.6,-12.0,3.5,14.2,0.52,33000,14100,5,False,True,False,283326,404400,45.0,60.8,104.1,0.7,3,False,True,False,False,5일선회복,44.3,26.2,-57.3,-16.4,-111.8,True,8,강세,-1,0,-1,0,19.6,-0.7,1504.56,,2.14,344.0,344.0,344.0,10,10,1.0,60.3,59.3
073560,우리손에프앤지,,1672,21.9,14.5,12.1,-22.2,22.9,-3.4,-4.8,-5.0,-3.7,-1.8,4.4,0.76,2150,1360,0,False,False,False,121747,191919,2.4,2.0,3.3,0.63,0,False,False,False,False,-,60.3,-1.2,0.0,1.6,-0.5,True,0,강세,-1,0,-1,0,19.6,-0.7,1504.56,,2.14,344.0,344.0,344.0,10,10,1.0,60.3,59.3
388210,씨엠티엑스,,127400,40.5,50.2,41.6,-25.2,78.2,7.0,-16.4,-16.5,-3.1,-6.1,,1.09,170300,71500,10,False,True,True,135348,120078,166.2,158.6,157.9,1.13,6,False,True,True,False,5일선회복/+3%반등,36.3,72.4,-103.4,37.2,-526.9,True,8,강세,-1,0,-1,0,19.6,-0.7,1504.56,,2.14,344.0,344.0,344.0,10,10,1.0,60.3,59.3
008470,부스타,,3535,27.7,15.2,15.5,-17.8,4.7,-2.5,-11.2,-6.6,-5.7,-7.7,-10.1,0.47,4300,3375,0,False,False,False,11804,12567,0.2,0.4,0.5,0.94,0,False,False,False,False,-,60.2,-0.0,0.0,-0.0,-0.1,True,0,강세,-1,0,-1,0,19.6,-0.7,1504.56,,2.14,344.0,344.0,344.0,10,10,1.0,60.2,59.2
099750,이지케어텍,,7620,34.6,39.1,32.2,-35.5,8.4,-1.3,-13.4,-17.8,-5.0,-10.3,-13.1,1.41,11810,7030,0,False,False,False,23488,26500,2.9,1.7,2.1,0.89,7,False,True,False,True,5일선회복/거래량동반양봉,53.2,-0.8,-0.2,-4.5,0.0,True,0,강세,-1,0,-1,0,19.6,-0.7,1504.56,,2.14,344.0,344.0,344.0,10,10,1.0,60.2,59.2
402490,그린리소스,,17840,39.8,35.1,34.2,-28.2,175.2,12.4,-22.6,83.2,-9.3,1.0,62.2,0.79,24850,6482,10,False,True,True,832309,962539,131.6,137.8,194.2,0.86,6,False,True,True,False,5일선회복/+3%반등,44.2,-55.8,-2.3,9.5,-45.8,True,0,강세,-1,0,-1,0,19.6,-0.7,1504.56,,2.14,344.0,344.0,344.0,10,10,1.0,60.2,59.2
065510,휴비츠,,7220,28.1,16.2,22.9,-28.4,1.5,-1.2,-8.6,-24.5,-4.3,-8.0,-15.4,1.02,10090,7110,0,False,False,False,50846,63514,4.7,3.7,4.8,0.8,0,False,False,False,False,-,60.1,-1.0,-1.2,-11.1,0.3,True,0,강세,-1,0,-1,0,19.6,-0.7,1504.56,,2.14,344.0,344.0,344.0,10,10,1.0,60.1,59.1
418620,E8,,1308,39.2,36.6,26.0,-74.7,23.3,0.8,-6.4,0.1,-4.8,-2.4,-33.4,0.45,5163,1061,5,False,True,False,202829,250466,1.5,2.7,3.5,0.81,3,False,False,True,False,+3%반등,49.0,0.6,-0.0,-1.7,-0.0,True,3,강세,-1,0,-1,0,19.6,-0.7,1504.56,,2.14,344.0,344.0,344.0,10,10,1.0,60.0,59.0
417200,LS머트리얼즈,,23750,26.8,36.5,37.2,-27.4,159.3,9.7,-5.6,47.5,-6.6,3.1,57.2,0.42,32725,9160,5,False,True,False,1809600,4264546,395.8,405.1,1169.4,0.42,6,False,True,True,False,5일선회복/+3%반등,48.9,-27.1,-1.8,145.3,-91.6,True,0,강세,-1,0,-1,0,19.6,-0.7,1504.56,,2.14,344.0,344.0,344.0,10,10,1.0,59.9,58.9
083790,CG인바이츠,,1137,40.9,47.2,34.0,-50.6,8.8,0.2,-13.5,-8.2,-3.8,-14.0,-22.8,1.59,2300,1045,0,False,False,False,236250,260748,4.6,2.6,3.1,0.91,10,False,True,True,True,5일선회복/+3%반등/거래량동반양봉,49.8,-0.3,-0.2,-1.3,-0.2,True,0,강세,-1,0,-1,0,19.6,-0.7,1504.56,,2.14,344.0,344.0,344.0,10,10,1.0,59.8,58.8
303360,프로티아,,4660,37.4,19.3,28.4,-32.4,58.8,1.6,-5.2,-13.1,-2.8,-2.6,-7.8,0.82,6890,2935,5,False,True,False,22408,26386,1.0,1.0,1.3,0.85,6,False,True,True,False,5일선회복/+3%반등,45.8,0.3,-0.1,-0.2,0.3,True,3,강세,-1,0,-1,0,19.6,-0.7,1504.56,,2.14,344.0,344.0,344.0,10,10,1.0,59.8,58.8
238490,힘스,,3185,31.8,20.1,18.5,-25.8,23.2,-6.5,-14.3,2.2,-6.5,-3.0,-7.3,0.66,4290,2585,0,False,False,False,32074,49481,1.1,1.0,1.7,0.65,0,False,False,False,False,-,59.8,-0.7,-0.1,-0.5,-1.1,True,0,강세,-1,0,-1,0,19.6,-0.7,1504.56,,2.14,344.0,344.0,344.0,10,10,1.0,59.8,58.8
047820,초록뱀미디어,,4870,39.0,11.0,2.0,-39.1,22.7,-19.9,-7.2,6.9,-10.7,-0.2,-4.6,0.42,8000,3970,0,False,False,False,79268,159861,3.2,4.1,8.9,0.5,0,False,False,False,False,-,59.7,-2.6,0.0,-14.8,63.2,True,0,강세,-1,0,-1,0,19.6,-0.7,1504.56,,2.14,344.0,344.0,344.0,10,10,1.0,59.7,58.7
027580,상보,,2840,45.8,80.4,51.8,-52.9,43.6,-5.0,-12.7,-20.6,0.9,-2.7,-26.2,7.18,6030,1978,10,True,False,True,267783,84910,15.5,6.5,2.2,3.15,7,False,True,False,True,5일선회복/거래량동반양봉,42.7,-3.2,-0.5,-3.1,-0.2,True,0,강세,-1,0,-1,0,19.6,-0.7,1504.56,,2.14,344.0,344.0,344.0,10,10,1.0,59.7,58.7
043260,성호전자,,40950,45.8,46.9,39.9,-31.3,3910.8,3.7,-20.6,78.0,-2.9,-8.0,137.2,1.49,59600,1021,10,True,True,False,3177602,2250409,1317.0,1242.1,957.7,1.41,6,False,True,True,False,5일선회복/+3%반등,35.6,-27.5,305.1,453.4,315.8,True,8,강세,-1,0,-1,0,19.6,-0.7,1504.56,,2.14,344.0,344.0,344.0,10,10,1.0,59.6,58.6
419050,삼기에너지솔루션즈,,1781,42.3,65.2,52.8,-31.9,23.8,6.5,-5.3,4.0,0.7,6.7,-5.2,2.91,2615,1439,10,False,True,True,626951,782446,38.9,10.8,14.1,0.8,10,False,True,True,True,5일선회복/+3%반등/거래량동반양봉,36.5,2.9,-0.0,1.6,-0.0,True,3,강세,-1,0,-1,0,19.6,-0.7,1504.56,,2.14,344.0,344.0,344.0,10,10,1.0,59.5,58.5
450330,하스,,6290,40.5,2.4,4.1,-34.4,13.7,-13.6,-16.2,-8.4,-10.5,-8.7,-7.0,0.23,9590,5530,0,False,False,False,39575,119411,1.7,2.6,8.8,0.33,0,False,False,False,False,-,59.5,-0.3,-0.4,2.4,0.1,True,0,강세,-1,0,-1,0,19.6,-0.7,1504.56,,2.14,344.0,344.0,344.0,10,10,1.0,59.5,58.5
425420,티에프이,,60400,28.5,31.3,34.0,-22.3,249.1,5.2,-0.2,34.7,-4.8,-1.9,34.0,0.81,77700,17300,5,False,True,False,127628,189343,92.2,75.7,121.4,0.67,6,False,True,True,False,5일선회복/+3%반등,45.4,-39.1,23.0,-125.4,-136.0,True,3,강세,-1,0,-1,0,19.6,-0.7,1504.56,,2.14,344.0,344.0,344.0,10,10,1.0,59.4,58.4
006140,피제이전자,,6410,42.4,19.4,16.7,-47.7,29.9,-4.5,-9.7,-15.5,-8.9,-6.8,1.2,0.43,12250,4935,5,False,True,False,102516,210134,6.0,6.6,15.6,0.49,0,False,False,False,False,-,51.3,2.7,-0.5,-8.4,-1.1,True,3,강세,-1,0,-1,0,19.6,-0.7,1504.56,,2.14,344.0,344.0,344.0,10,10,1.0,59.3,58.3
074430,아미노로직스,,1297,45.2,65.4,46.5,-33.1,51.7,7.1,-13.9,-17.5,-0.9,-6.6,5.7,1.51,1940,855,10,False,True,True,290612,277615,5.4,3.6,3.7,1.05,10,False,True,True,True,5일선회복/+3%반등/거래량동반양봉,31.3,0.7,-0.0,-2.7,-0.4,True,8,강세,-1,0,-1,0,19.6,-0.7,1504.56,,2.14,344.0,344.0,344.0,10,10,1.0,59.3,58.3
391710,코닉오토메이션,,2005,39.5,30.3,21.1,-45.8,40.6,-1.7,-5.4,-9.9,-6.2,0.5,-10.9,0.37,3700,1426,5,False,True,False,193640,399424,3.0,3.8,8.7,0.48,3,False,True,False,False,5일선회복,48.3,1.6,-0.2,-5.6,-0.2,True,3,강세,-1,0,-1,0,19.6,-0.7,1504.56,,2.14,344.0,344.0,344.0,10,10,1.0,59.3,58.3
387570,파인메딕스,,6910,31.9,31.9,33.4,-31.3,23.4,2.4,-3.6,-2.9,-3.3,-0.9,-8.5,0.36,10060,5600,5,False,True,False,7731,23937,0.6,0.5,1.8,0.32,6,False,True,True,False,5일선회복/+3%반등,48.1,-0.4,0.0,-0.4,0.0,True,0,강세,-1,0,-1,0,19.6,-0.7,1504.56,,2.14,344.0,344.0,344.0,10,10,1.0,59.1,58.1
054050,NH농우바이오,,7430,25.2,20.0,21.0,-19.2,2.3,-1.5,-8.4,-12.1,-4.4,-6.4,-9.6,0.81,9200,7260,0,False,False,False,45607,54085,3.3,3.4,4.2,0.84,3,False,True,False,False,5일선회복,56.0,-1.9,-0.1,-7.2,-0.3,True,0,강세,-1,0,-1,0,19.6,-0.7,1504.56,,2.14,344.0,344.0,344.0,10,10,1.0,59.0,58.0
393890,더블유씨피,,16220,36.4,35.3,36.3,-24.0,169.9,0.7,-19.1,64.3,-5.6,2.6,66.1,0.37,21350,6010,0,False,False,False,458142,978636,57.6,71.4,173.8,0.47,6,False,True,True,False,5일선회복/+3%반등,45.0,27.2,-17.8,58.2,-42.8,True,8,강세,-1,0,-1,0,19.6,-0.7,1504.56,,2.14,344.0,344.0,344.0,10,10,1.0,59.0,58.0
361570,알비더블유,,1810,42.6,38.6,32.4,-47.3,5.7,-1.6,-9.5,-11.3,-3.0,-6.2,-14.3,1.23,3435,1712,0,False,False,False,89795,71637,1.6,1.6,1.3,1.25,6,False,True,True,False,5일선회복/+3%반등,43.0,0.4,0.1,-3.7,-0.0,True,10,강세,-1,0,-1,0,19.6,-0.7,1504.56,,2.14,344.0,344.0,344.0,10,10,1.0,59.0,58.0
042110,에스씨디,,1430,30.8,21.0,8.4,-14.5,19.2,-3.2,-4.6,8.1,-5.6,-3.5,5.3,0.47,1672,1200,0,False,False,False,327854,508935,3.5,4.8,7.8,0.64,0,False,False,False,False,-,55.8,0.4,-0.0,0.9,-0.0,True,3,강세,-1,0,-1,0,19.6,-0.7,1504.56,,2.14,344.0,344.0,344.0,10,10,1.0,58.8,57.8
054090,삼진엘앤디,,1081,44.3,38.1,35.7,-27.9,80.2,4.4,-18.7,54.9,-2.9,3.3,24.2,0.46,1500,600,10,False,True,True,211571,397919,1.8,2.2,4.6,0.53,6,False,True,True,False,5일선회복/+3%반등,34.8,1.3,-0.6,2.2,0.0,True,8,강세,-1,0,-1,0,19.6,-0.7,1504.56,,2.14,344.0,344.0,344.0,10,10,1.0,58.8,57.8
092730,네오팜,,18430,27.2,24.0,23.9,-18.6,40.9,-2.2,-6.4,-8.8,-5.9,-0.2,-0.4,0.61,22650,13080,0,False,False,False,39943,67742,7.7,7.3,13.6,0.59,3,False,True,False,False,5일선회복,52.6,-3.4,1.0,42.5,-6.9,True,3,강세,-1,0,-1,0,19.6,-0.7,1504.56,,2.14,344.0,344.0,344.0,10,10,1.0,58.6,57.6
411080,샌즈랩,,7250,35.0,45.8,40.9,-31.6,36.5,10.9,-9.6,4.9,-3.8,3.9,-4.3,0.52,10600,5310,5,False,True,False,155599,688367,13.9,10.5,55.9,0.23,10,False,True,True,True,5일선회복/+3%반등/거래량동반양봉,43.6,-4.8,-0.0,-2.0,-0.1,True,0,강세,-1,0,-1,0,19.6,-0.7,1504.56,,2.14,344.0,344.0,344.0,10,10,1.0,58.6,57.6
040910,아이씨디,,5340,41.6,17.3,22.3,-23.3,47.3,-2.7,-11.4,9.1,-7.3,-5.1,17.1,0.43,6960,3625,5,False,True,False,47866,130359,2.9,2.5,7.8,0.37,3,False,True,False,False,5일선회복,41.9,0.1,-0.0,-0.8,0.0,True,8,강세,-1,0,-1,0,19.6,-0.7,1504.56,,2.14,344.0,344.0,344.0,10,10,1.0,57.9,56.9
241710,코스메카코리아,,74500,44.0,17.3,21.8,-30.0,86.5,-5.1,-12.9,-26.5,-7.8,-6.8,0.9,0.76,106400,39950,5,False,True,False,67807,82478,46.9,50.2,67.8,0.82,3,False,True,False,False,5일선회복,41.9,21.5,-44.6,209.7,-228.1,True,8,강세,-1,0,-1,0,19.6,-0.7,1504.56,,2.14,344.0,344.0,344.0,10,10,1.0,57.9,56.9
024120,KB오토시스,,3625,27.6,11.3,21.4,-18.4,10.0,-2.7,-8.8,-1.2,-4.7,-4.1,0.5,0.27,4440,3295,0,False,False,False,15572,40855,0.4,0.6,1.6,0.38,0,False,False,False,False,-,57.9,-0.1,-0.1,1.9,1.2,True,0,강세,-1,0,-1,0,19.6,-0.7,1504.56,,2.14,344.0,344.0,344.0,10,10,1.0,57.9,56.9
104830,원익머트리얼즈,,47500,29.4,43.2,32.7,-15.3,143.5,5.6,-7.4,6.9,-5.1,1.9,31.7,0.63,56100,19510,5,False,True,False,55440,92352,27.4,25.6,46.8,0.6,6,False,True,True,False,5일선회복/+3%반등,46.7,-11.0,0.0,158.2,-152.4,True,0,강세,-1,0,-1,0,19.6,-0.7,1504.56,,2.14,344.0,344.0,344.0,10,10,1.0,57.7,56.7
034810,해성산업,,7210,29.8,31.1,29.0,-20.7,12.8,0.4,-6.1,-14.2,-4.9,-4.1,-8.5,0.7,9090,6390,5,False,True,False,51771,66626,3.5,3.6,5.2,0.78,3,False,True,False,False,5일선회복,49.7,-2.1,0.0,-3.5,0.1,True,0,강세,-1,0,-1,0,19.6,-0.7,1504.56,,2.14,344.0,344.0,344.0,10,10,1.0,57.7,56.7
091440,한울소재과학,,2860,33.7,23.7,21.5,-24.4,44.2,-0.7,-4.8,-13.9,-5.6,-5.8,2.7,0.88,3785,1984,5,False,True,False,155493,313053,7.8,4.4,9.6,0.5,3,False,True,False,False,5일선회복,49.6,-0.4,-0.1,-2.5,-0.7,True,0,강세,-1,0,-1,0,19.6,-0.7,1504.56,,2.14,344.0,344.0,344.0,10,10,1.0,57.6,56.6
455900,엔젤로보틱스,,27400,39.2,38.9,23.1,-37.7,33.0,-5.5,-5.2,-19.9,-4.9,-1.7,-4.2,0.6,43950,20600,0,False,False,False,75803,104170,17.6,20.5,30.2,0.73,3,False,True,False,False,5일선회복,44.6,9.6,3.9,-19.7,24.5,True,10,강세,-1,0,-1,0,19.6,-0.7,1504.56,,2.14,344.0,344.0,344.0,10,10,1.0,57.6,56.6
384470,코어라인소프트,,3435,37.3,28.6,22.4,-61.4,20.1,-4.1,-2.3,-10.7,-5.5,-0.5,-15.0,0.69,8900,2860,0,False,False,False,93141,141585,3.5,3.2,5.2,0.66,3,False,False,True,False,+3%반등,51.6,-1.9,0.2,-5.1,0.5,True,3,강세,-1,0,-1,0,19.6,-0.7,1504.56,,2.14,344.0,344.0,344.0,10,10,1.0,57.6,56.6
035810,이지홀딩스,,5250,34.2,34.2,36.4,-43.5,52.8,3.6,-5.9,-11.6,-1.8,-6.1,8.6,0.78,9290,3435,5,False,True,False,441571,457149,18.4,23.3,24.6,0.97,3,False,False,True,False,+3%반등,49.5,-14.6,-1.1,10.4,1.6,True,0,강세,-1,0,-1,0,19.6,-0.7,1504.56,,2.14,344.0,344.0,344.0,10,10,1.0,57.5,56.5
222110,팬젠,,5170,43.4,3.0,1.7,-39.2,14.8,-17.3,-15.0,-0.6,-12.9,-9.0,-9.8,0.36,8510,4505,0,False,False,False,69283,163878,3.1,3.8,10.1,0.42,0,False,False,False,False,-,57.4,-0.2,-0.0,-2.2,-0.3,True,0,강세,-1,0,-1,0,19.6,-0.7,1504.56,,2.14,344.0,344.0,344.0,10,10,1.0,57.4,56.4
394280,오픈엣지테크놀로지,,18110,33.2,43.8,41.5,-20.2,75.7,13.3,-5.3,7.9,-3.9,4.3,28.1,0.74,22700,10310,5,False,True,False,233534,396953,52.3,38.5,77.3,0.59,10,False,True,True,True,5일선회복/+3%반등/거래량동반양봉,39.3,-10.4,1.5,-2.9,-10.7,True,3,강세,-1,0,-1,0,19.6,-0.7,1504.56,,2.14,344.0,344.0,344.0,10,10,1.0,57.3,56.3
029480,광무,,2010,38.1,29.5,21.6,-35.8,11.7,-1.0,-11.1,-21.2,-4.0,-6.2,-13.9,0.86,3130,1800,5,False,True,False,185432,293254,4.8,3.7,6.2,0.63,3,False,True,False,False,5일선회복,49.2,-0.3,-0.0,0.7,-0.1,True,0,강세,-1,0,-1,0,19.6,-0.7,1504.56,,2.14,344.0,344.0,344.0,10,10,1.0,57.2,56.2
352940,인바이오,,2195,38.5,20.0,-0.3,-21.6,20.9,-2.4,-7.6,3.8,-3.8,-0.9,-1.0,0.54,2800,1815,5,False,False,True,18930,23354,0.3,0.4,0.5,0.81,0,False,False,False,False,-,52.2,-0.0,0.0,0.1,0.0,True,0,강세,-1,0,-1,0,19.6,-0.7,1504.56,,2.14,344.0,344.0,344.0,10,10,1.0,57.2,56.2
023910,대한약품,,27250,37.4,12.9,12.3,-19.7,2.8,-2.2,-6.4,-11.2,-3.2,-4.8,-7.6,1.91,33950,26500,0,False,False,False,19012,19267,10.2,5.2,5.4,0.99,0,False,False,False,False,-,53.9,-0.1,1.2,-12.4,5.9,True,3,강세,-1,0,-1,0,19.6,-0.7,1504.56,,2.14,344.0,344.0,344.0,10,10,1.0,56.9,55.9
451220,아이엠티,,14710,34.7,34.4,42.9,-24.6,74.7,10.4,-2.4,13.5,-2.9,7.5,31.4,0.41,19500,8420,10,False,True,True,128837,364388,22.7,17.7,60.2,0.35,10,False,True,True,True,5일선회복/+3%반등/거래량동반양봉,36.8,-9.3,0.0,-16.6,-0.0,True,0,강세,-1,0,-1,0,19.6,-0.7,1504.56,,2.14,344.0,344.0,344.0,10,10,1.0,56.8,55.8
208140,정다운,,2395,19.1,14.7,16.2,-16.0,1.1,-1.0,-5.5,-9.1,-3.1,-3.7,-8.2,1.07,2850,2370,0,False,False,False,85446,90331,2.3,2.0,2.2,0.95,0,False,False,False,False,-,56.8,-0.8,0.0,0.3,0.0,True,0,강세,-1,0,-1,0,19.6,-0.7,1504.56,,2.14,344.0,344.0,344.0,10,10,1.0,56.8,55.8
358570,지아이이노베이션,,14140,41.3,67.6,50.7,-43.2,40.3,26.0,-2.8,-3.3,0.4,1.4,-12.6,1.19,24900,10080,15,True,True,True,1097213,821289,133.8,139.6,116.6,1.34,6,False,True,True,False,5일선회복/+3%반등,32.7,-70.3,106.3,-120.5,78.0,True,3,강세,-1,0,-1,0,19.6,-0.7,1504.56,,2.14,344.0,344.0,344.0,10,10,1.0,56.7,55.7
475430,키스트론,,5980,38.4,61.2,69.9,-44.6,50.1,23.6,28.9,22.0,9.7,23.6,24.2,1.29,10800,3985,10,False,True,True,2151070,2489875,198.6,122.4,150.5,0.86,10,False,True,True,True,5일선회복/+3%반등/거래량동반양봉,36.7,-10.4,-0.7,1.3,-2.3,True,0,강세,-1,0,-1,0,19.6,-0.7,1504.56,,2.14,344.0,344.0,344.0,10,10,1.0,56.7,55.7
195940,HK이노엔,,46300,33.4,34.6,23.1,-21.0,16.5,-0.9,-8.9,-18.6,-7.1,-7.8,-6.7,0.77,58600,39750,5,False,True,False,212367,195955,71.1,96.4,97.6,1.08,3,False,True,False,False,5일선회복,48.5,-11.6,-55.7,4.5,-112.7,True,0,강세,-1,0,-1,0,19.6,-0.7,1504.56,,2.14,344.0,344.0,344.0,10,10,1.0,56.5,55.5
018620,우진비앤지,,3240,0.0,5.8,-17.2,-38.0,0.9,-13.1,-12.3,-18.1,-11.5,-10.0,-22.2,2.03,5230,3210,5,True,False,False,26447,14443,0.9,0.9,0.5,1.83,-30,True,False,False,False,⚠️떨어지는칼날,81.5,-0.6,-0.4,-0.5,0.4,True,0,강세,-1,0,-1,0,19.6,-0.7,1504.56,,2.14,344.0,344.0,344.0,10,10,1.0,56.5,55.5
424960,스마트레이더시스템,,6570,43.1,26.3,34.3,-38.4,12.1,2.2,-8.9,-10.0,-3.5,-4.2,-15.6,0.31,10670,5860,10,False,True,True,101691,287541,6.2,6.4,20.3,0.35,6,False,True,True,False,5일선회복/+3%반등,37.4,3.2,0.0,-12.1,-0.1,True,3,강세,-1,0,-1,0,19.6,-0.7,1504.56,,2.14,344.0,344.0,344.0,10,10,1.0,56.4,55.4
014470,부방,,1330,36.4,52.4,45.5,-27.9,11.0,3.2,-6.7,-6.5,-1.1,-1.3,-6.3,1.74,1845,1198,10,True,True,False,243769,180047,4.2,3.1,2.4,1.35,6,False,True,True,False,5일선회복/+3%반등,40.4,-0.0,-0.0,-3.8,0.0,True,0,강세,-1,0,-1,0,19.6,-0.7,1504.56,,2.14,344.0,344.0,344.0,10,10,1.0,56.4,55.4
088910,동우팜투테이블,,2355,25.5,23.5,23.2,-13.7,20.1,-3.5,-5.0,-0.8,-4.2,-3.6,6.8,0.69,2730,1961,0,False,False,False,71981,82292,1.4,1.7,2.0,0.87,3,False,True,False,False,5일선회복,50.3,-0.1,0.2,2.0,0.7,True,3,강세,-1,0,-1,0,19.6,-0.7,1504.56,,2.14,344.0,344.0,344.0,10,10,1.0,56.3,55.3
187220,디티앤씨,,2865,26.8,33.6,33.5,-17.0,32.3,-0.3,-13.8,19.4,-3.9,-5.1,4.8,0.46,3450,2165,0,False,False,False,53694,64199,0.8,1.5,1.9,0.84,6,False,True,True,False,5일선회복/+3%반등,50.3,-1.2,-0.3,-2.6,-0.1,True,0,강세,-1,0,-1,0,19.6,-0.7,1504.56,,2.14,344.0,344.0,344.0,10,10,1.0,56.3,55.3
314140,알피바이오,,5990,32.1,43.3,32.4,-34.4,8.7,-2.0,-4.9,-12.4,-1.7,-3.6,-11.1,0.76,9130,5510,0,False,False,False,11400,17337,0.8,0.7,1.1,0.66,6,False,True,True,False,5일선회복/+3%반등,50.1,-0.6,-0.0,-2.9,-0.0,True,0,강세,-1,0,-1,0,19.6,-0.7,1504.56,,2.14,344.0,344.0,344.0,10,10,1.0,56.1,55.1
333620,엔시스,,6710,37.9,27.2,25.0,-20.6,22.0,-0.9,1.8,4.8,-4.0,4.2,0.6,0.11,8450,5500,10,False,True,True,33276,259614,2.0,2.2,18.8,0.13,6,False,True,True,False,5일선회복/+3%반등,37.1,0.2,-0.0,-6.9,-0.0,True,3,강세,-1,0,-1,0,19.6,-0.7,1504.56,,2.14,344.0,344.0,344.0,10,10,1.0,56.1,55.1
192250,케이사인,,11780,38.2,25.3,33.4,-26.4,38.6,1.6,-9.9,14.9,-4.9,1.3,6.3,0.44,16000,8500,5,False,True,False,85922,249920,12.7,9.7,32.7,0.34,10,False,True,True,True,5일선회복/+3%반등/거래량동반양봉,41.0,-1.5,-0.4,12.3,2.8,True,0,강세,-1,0,-1,0,19.6,-0.7,1504.56,,2.14,344.0,344.0,344.0,10,10,1.0,56.0,55.0
086900,메디톡스,,98300,40.6,15.0,15.0,-45.3,2.4,-2.3,-8.4,-25.6,-4.9,-5.7,-17.7,1.35,179800,96000,0,False,False,False,46428,43059,58.5,46.0,44.5,1.08,0,False,False,False,False,-,55.9,-0.4,-4.0,86.2,-63.0,True,0,강세,-1,0,-1,0,19.6,-0.7,1504.56,,2.14,344.0,344.0,344.0,10,10,1.0,55.9,54.9
018120,진로발효,,17300,20.6,8.7,17.3,-15.6,1.6,-1.0,-3.1,-6.2,-2.2,-2.6,-5.4,0.68,20500,17020,0,False,False,False,2337,4150,0.5,0.4,0.7,0.56,0,False,False,False,False,-,55.9,-0.3,-0.1,-0.5,-1.1,True,0,강세,-1,0,-1,0,19.6,-0.7,1504.56,,2.14,344.0,344.0,344.0,10,10,1.0,55.9,54.9
041510,에스엠,,86400,37.4,22.8,22.6,-44.3,5.4,-1.1,-6.8,-24.7,-5.0,-5.3,-23.8,0.83,155100,82000,0,False,False,False,109354,112800,82.6,95.3,103.0,0.97,0,False,False,False,False,-,52.8,-6.2,1.4,110.1,-226.7,True,3,강세,-1,0,-1,0,19.6,-0.7,1504.56,,2.14,344.0,344.0,344.0,10,10,1.0,55.8,54.8
054040,한국컴퓨터,,5290,33.6,23.9,5.6,-10.8,17.3,-4.3,-8.8,5.8,-4.9,-2.3,3.9,1.01,5930,4510,0,False,False,False,87066,76148,4.0,4.7,4.2,1.14,0,False,False,False,False,-,52.7,2.4,-0.0,8.1,0.2,True,3,강세,-1,0,-1,0,19.6,-0.7,1504.56,,2.14,344.0,344.0,344.0,10,10,1.0,55.7,54.7
141080,리가켐바이오,,156100,39.7,27.6,22.8,-30.6,64.0,-3.6,-17.1,-9.9,-13.1,-17.3,-8.2,0.71,225000,95200,5,False,True,False,553002,471266,521.7,827.3,843.8,1.17,3,False,True,False,False,5일선회복,47.7,-209.3,-60.6,-246.1,-691.5,True,0,강세,-1,0,-1,0,19.6,-0.7,1504.56,,2.14,344.0,344.0,344.0,10,10,1.0,55.7,54.7
232140,와이씨,,19210,34.8,37.1,33.9,-20.5,108.1,7.0,-8.3,-9.8,-6.8,-3.5,20.3,0.68,24150,9230,5,False,True,False,708793,1128495,147.7,129.8,241.6,0.63,6,False,True,True,False,5일선회복/+3%반등,41.6,-16.8,2.4,206.5,-30.7,True,3,강세,-1,0,-1,0,19.6,-0.7,1504.56,,2.14,344.0,344.0,344.0,10,10,1.0,55.6,54.6
094970,제이엠티,,3400,36.9,4.4,11.4,-20.5,54.9,-7.2,-8.7,21.9,-9.0,-1.2,16.7,0.81,4275,2195,0,False,False,False,236405,289903,8.0,8.2,10.9,0.82,0,False,False,False,False,-,52.6,0.9,-0.5,3.8,-1.1,True,3,강세,-1,0,-1,0,19.6,-0.7,1504.56,,2.14,344.0,344.0,344.0,10,10,1.0,55.6,54.6
256150,한독크린텍,,5220,29.6,29.0,24.3,-18.4,4.4,-0.4,-3.3,-2.6,-1.8,-0.6,-4.8,0.25,6400,5000,0,False,False,False,6180,9174,0.1,0.3,0.5,0.67,3,False,True,False,False,5일선회복,49.5,0.1,0.0,-0.1,0.0,True,3,강세,-1,0,-1,0,19.6,-0.7,1504.56,,2.14,344.0,344.0,344.0,10,10,1.0,55.5,54.5
140670,알에스오토메이션,,15810,42.5,37.6,27.0,-45.1,37.8,-2.3,-6.1,-23.8,-4.3,-5.2,-2.1,0.61,28800,11473,5,False,True,False,216250,398943,39.3,33.3,66.6,0.54,6,False,True,True,False,5일선회복/+3%반등,41.5,10.5,-0.2,-63.2,-0.3,True,3,강세,-1,0,-1,0,19.6,-0.7,1504.56,,2.14,344.0,344.0,344.0,10,10,1.0,55.5,54.5
317830,에스피시스템스,,9720,41.8,34.9,29.4,-43.8,65.9,-0.8,-6.4,-17.3,-5.6,-3.7,-6.6,0.46,17300,5860,5,False,True,False,108078,236770,11.0,10.0,25.2,0.46,6,False,True,True,False,5일선회복/+3%반등,41.3,3.9,-0.0,-11.0,0.0,True,3,강세,-1,0,-1,0,19.6,-0.7,1504.56,,2.14,344.0,344.0,344.0,10,10,1.0,55.3,54.3
254120,자비스,,1294,44.6,10.1,17.4,-35.1,26.5,-6.5,-10.3,-0.2,-11.2,-3.5,-8.0,0.17,1993,1023,10,False,True,True,339050,2020869,4.6,4.4,32.2,0.17,0,False,False,False,False,-,45.3,-1.0,0.0,5.7,0.0,True,0,강세,-1,0,-1,0,19.6,-0.7,1504.56,,2.14,344.0,344.0,344.0,10,10,1.0,55.3,54.3
475400,씨메스로보틱스,,30100,37.6,27.7,30.3,-35.9,54.9,-2.1,-5.6,-17.6,-6.4,-6.7,-4.2,0.27,46950,19430,5,False,True,False,90654,174391,14.8,25.9,58.0,0.52,3,False,True,False,False,5일선회복,44.2,13.1,-20.1,-0.6,-61.7,True,3,강세,-1,0,-1,0,19.6,-0.7,1504.56,,2.14,344.0,344.0,344.0,10,10,1.0,55.2,54.2
003800,에이스침대,,32750,33.0,32.8,21.3,-17.8,31.3,-0.8,-4.1,-17.0,-3.1,-3.5,4.2,1.19,39850,24950,5,False,True,False,9663,7495,2.8,3.1,2.5,1.29,3,False,True,False,False,5일선회복,47.1,-2.3,-0.2,-1.8,-0.2,True,0,강세,-1,0,-1,0,19.6,-0.7,1504.56,,2.14,344.0,344.0,344.0,10,10,1.0,55.1,54.1
348030,모비릭스,,2200,40.0,25.0,21.4,-55.3,4.8,-5.2,-14.7,-19.6,-6.1,-11.2,-32.7,0.64,4920,2100,0,False,False,False,39508,49988,0.7,0.9,1.2,0.79,0,False,False,False,False,-,55.0,-0.1,-0.0,-1.4,-0.0,True,0,강세,-1,0,-1,0,19.6,-0.7,1504.56,,2.14,344.0,344.0,344.0,10,10,1.0,55.0,54.0
197140,디지캡,,1900,40.0,47.3,33.1,-24.0,10.1,2.7,-8.4,-12.6,-3.1,-4.6,-8.7,1.08,2500,1725,10,True,True,False,36546,17968,0.4,0.7,0.4,2.03,6,False,True,True,False,5일선회복/+3%반등,36.0,0.1,0.0,-0.2,0.1,True,3,강세,-1,0,-1,0,19.6,-0.7,1504.56,,2.14,344.0,344.0,344.0,10,10,1.0,55.0,54.0
348350,위드텍,,10480,40.3,42.8,36.8,-27.4,45.0,8.9,0.6,8.9,-3.5,0.8,12.6,0.64,14440,7230,15,True,True,True,166211,113566,7.7,16.3,12.1,1.46,6,False,True,True,False,5일선회복/+3%반등,30.8,4.4,-0.0,8.1,0.0,True,3,강세,-1,0,-1,0,19.6,-0.7,1504.56,,2.14,344.0,344.0,344.0,10,10,1.0,54.8,53.8
091700,파트론,,7210,36.4,35.4,33.3,-17.4,15.7,-0.1,-13.3,-8.6,-4.3,-9.2,-0.1,0.64,8730,6230,0,False,False,False,276385,331880,15.6,19.7,25.0,0.83,6,False,True,True,False,5일선회복/+3%반등,40.7,2.6,-1.6,-23.9,0.7,True,8,강세,-1,0,-1,0,19.6,-0.7,1504.56,,2.14,344.0,344.0,344.0,10,10,1.0,54.7,53.7
053160,프리엠스,,8140,36.7,28.7,28.2,-21.0,27.2,0.1,-12.6,19.4,-5.1,-4.3,4.5,0.94,10300,6400,5,False,True,False,25871,29175,2.2,2.1,2.5,0.89,6,False,True,True,False,5일선회복/+3%반등,43.7,-0.2,-0.4,-4.6,-0.3,True,0,강세,-1,0,-1,0,19.6,-0.7,1504.56,,2.14,344.0,344.0,344.0,10,10,1.0,54.7,53.7
083930,아바코,,14550,38.9,47.9,36.9,-16.9,22.3,3.9,-9.7,-10.0,-3.6,0.3,0.1,0.8,17500,11900,5,False,True,False,132027,222186,25.4,18.7,34.2,0.59,6,False,True,True,False,5일선회복/+3%반등,33.5,8.9,0.1,-20.7,11.5,True,10,강세,-1,0,-1,0,19.6,-0.7,1504.56,,2.14,344.0,344.0,344.0,10,10,1.0,54.5,53.5
084850,아이티엠반도체,,15270,39.2,34.5,34.4,-22.2,77.1,8.0,-14.4,52.1,-6.3,3.7,25.4,0.57,19620,8620,10,False,True,True,52677,105303,8.6,7.6,17.8,0.5,6,False,True,True,False,5일선회복/+3%반등,38.5,-0.2,-0.9,1.4,0.1,True,0,강세,-1,0,-1,0,19.6,-0.7,1504.56,,2.14,344.0,344.0,344.0,10,10,1.0,54.5,53.5
354200,엔젠바이오,,1159,49.3,12.9,35.1,-58.1,6.2,-7.8,-32.9,-43.2,-7.5,-26.7,-32.4,0.19,2765,1091,0,False,False,False,188139,896689,2.1,2.2,11.7,0.21,0,False,False,False,False,-,46.3,0.8,-0.0,-1.0,0.0,True,8,강세,-1,0,-1,0,19.6,-0.7,1504.56,,2.14,344.0,344.0,344.0,10,10,1.0,54.3,53.3
118990,모트렉스,,8480,35.2,47.3,31.8,-26.7,20.1,3.4,-6.3,-14.5,-3.7,-2.3,-4.3,0.52,11570,7060,5,False,True,False,126687,212744,9.6,10.4,18.9,0.6,6,False,True,True,False,5일선회복/+3%반등,43.3,-0.4,-0.0,-1.3,0.1,True,0,강세,-1,0,-1,0,19.6,-0.7,1504.56,,2.14,344.0,344.0,344.0,10,10,1.0,54.3,53.3
122310,제노레이,,4385,42.2,0.6,-1.9,-30.3,16.8,-5.4,-4.9,-4.5,-6.8,-3.6,-6.2,0.99,6290,3755,0,False,False,False,41632,40480,1.8,1.9,1.9,1.03,0,False,False,False,False,-,51.3,0.2,0.0,2.7,0.0,True,3,강세,-1,0,-1,0,19.6,-0.7,1504.56,,2.14,344.0,344.0,344.0,10,10,1.0,54.3,53.3
282880,코윈테크,,15400,33.5,37.4,37.7,-27.2,35.4,1.3,-5.1,-10.6,-3.0,2.0,0.1,0.51,21150,11377,5,False,True,False,70974,139736,11.0,10.5,22.9,0.51,6,False,True,True,False,5일선회복/+3%반등,43.1,-1.8,0.0,-0.8,0.0,True,0,강세,-1,0,-1,0,19.6,-0.7,1504.56,,2.14,344.0,344.0,344.0,10,10,1.0,54.1,53.1
131760,파인텍,,5580,66.9,55.0,75.4,-45.3,100.7,7.7,-45.3,76.6,6.0,20.7,32.2,2.2,10200,2780,5,False,True,False,1012806,1538747,117.6,51.8,103.9,0.66,10,False,True,True,True,5일선회복/+3%반등/거래량동반양봉,39.1,-0.2,-2.0,0.2,0.2,True,0,강세,-1,0,-1,0,19.6,-0.7,1504.56,,2.14,344.0,344.0,344.0,10,10,1.0,54.1,53.1
267790,배럴,,3345,40.4,8.9,-8.7,-31.1,2.3,-5.6,-4.4,-13.3,-4.2,-4.4,-9.7,0.74,4855,3270,0,False,False,False,17931,25850,0.7,0.6,0.9,0.69,0,False,False,False,False,-,54.0,-0.1,0.0,0.3,0.0,True,0,강세,-1,0,-1,0,19.6,-0.7,1504.56,,2.14,344.0,344.0,344.0,10,10,1.0,54.0,53.0
256630,포인트엔지니어링,,5500,43.3,77.2,48.3,-12.8,30.6,19.6,-6.2,9.3,-0.7,4.1,2.1,5.67,6305,4210,15,True,True,True,56884,24105,7.2,2.8,1.2,2.36,10,False,True,True,True,5일선회복/+3%반등/거래량동반양봉,29.0,,,,,False,0,강세,-1,0,-1,0,19.6,-0.7,1504.56,,2.14,344.0,344.0,344.0,10,10,1.0,54.0,53.0
093190,빅솔론,,7530,37.3,4.0,3.4,-23.7,47.4,-7.0,-3.7,-5.2,-6.8,-4.3,13.9,0.85,9870,5110,0,False,False,False,26100,42191,2.8,2.0,3.4,0.62,0,False,False,False,False,-,54.0,-0.4,-3.1,2.4,-4.3,True,0,강세,-1,0,-1,0,19.6,-0.7,1504.56,,2.14,344.0,344.0,344.0,10,10,1.0,54.0,53.0
010470,오리콤,,5630,27.4,28.3,27.8,-18.5,3.7,-1.4,-8.2,-7.9,-3.2,-4.3,-4.7,0.77,6910,5430,0,False,False,False,20583,24403,1.1,1.1,1.4,0.84,3,False,True,False,False,5일선회복,50.8,-0.4,-0.0,-0.2,0.6,True,0,강세,-1,0,-1,0,19.6,-0.7,1504.56,,2.14,344.0,344.0,344.0,10,10,1.0,53.8,52.8
388720,유일로보틱스,,93800,38.5,37.7,18.6,-39.5,55.0,-6.7,-4.1,-21.4,-5.3,-2.2,4.8,0.63,155000,60500,0,False,False,False,63815,88994,54.5,59.5,88.4,0.72,3,False,True,False,False,5일선회복,47.7,-8.5,11.8,-103.3,-26.6,True,3,강세,-1,0,-1,0,19.6,-0.7,1504.56,,2.14,344.0,344.0,344.0,10,10,1.0,53.7,52.7
382840,원준,,9230,41.9,65.1,52.0,-23.4,30.0,17.4,-13.1,-9.6,0.9,2.3,3.4,1.93,12050,7100,15,True,True,True,792974,289846,52.2,63.8,24.9,2.74,6,False,True,True,False,5일선회복/+3%반등,32.7,-9.7,0.0,-10.5,-1.0,True,0,강세,-1,0,-1,0,19.6,-0.7,1504.56,,2.14,344.0,344.0,344.0,10,10,1.0,53.7,52.7
289010,아이스크림에듀,,1545,39.1,24.6,16.5,-39.5,12.4,-5.4,-3.7,-0.5,-2.7,-2.3,-10.6,1.99,2555,1375,0,False,False,False,84259,63422,2.0,1.3,1.0,1.33,0,False,False,False,False,-,53.7,0.0,0.0,-0.8,0.0,True,0,강세,-1,0,-1,0,19.6,-0.7,1504.56,,2.14,344.0,344.0,344.0,10,10,1.0,53.7,52.7
184230,SGA솔루션즈,,4100,58.5,67.5,79.6,-39.7,90.3,23.7,-23.2,39.0,10.9,21.4,24.9,6.47,6795,2155,10,True,True,False,1410589,821948,180.3,54.1,32.9,1.72,6,False,True,True,False,5일선회복/+3%반등,37.5,-4.2,-0.9,-0.1,0.3,True,0,강세,-1,0,-1,0,19.6,-0.7,1504.56,,2.14,344.0,344.0,344.0,10,10,1.0,53.5,52.5
121850,코이즈,,2465,44.8,40.2,45.1,-82.2,35.7,13.1,-15.3,-19.2,-1.6,-4.8,-51.2,0.42,13839,1816,10,True,True,False,300686,141171,1.4,7.6,3.6,2.13,6,False,True,True,False,5일선회복/+3%반등,37.4,-1.8,0.0,-2.6,0.0,True,0,강세,-1,0,-1,0,19.6,-0.7,1504.56,,2.14,344.0,344.0,344.0,10,10,1.0,53.4,52.4
051380,피씨디렉트,,2085,39.1,10.3,18.7,-24.9,25.9,-4.6,-9.2,10.3,-6.9,-4.8,-1.7,0.3,2775,1656,5,False,True,False,53966,168603,1.1,1.1,3.9,0.32,0,False,False,False,False,-,48.4,-0.6,0.0,-0.8,0.0,True,0,강세,-1,0,-1,0,19.6,-0.7,1504.56,,2.14,344.0,344.0,344.0,10,10,1.0,53.4,52.4
049520,유아이엘,,3845,32.7,42.1,30.3,-11.5,32.4,0.5,-7.8,-4.9,-2.3,-3.3,9.3,0.75,4345,2905,5,False,True,False,115909,135438,4.0,4.4,5.3,0.86,3,False,True,False,False,5일선회복,42.3,0.7,-1.2,4.2,-1.4,True,3,강세,-1,0,-1,0,19.6,-0.7,1504.56,,2.14,344.0,344.0,344.0,10,10,1.0,53.3,52.3
114840,아이패밀리에스씨,,10190,42.5,75.9,54.3,-62.3,19.2,10.9,-2.0,-28.1,1.4,-5.1,-34.4,0.84,27000,8550,5,False,True,False,105809,100783,8.6,10.2,10.3,1.05,6,False,True,True,False,5일선회복/+3%반등,32.2,3.5,7.7,-4.1,-12.1,True,10,강세,-1,0,-1,0,19.6,-0.7,1504.56,,2.14,344.0,344.0,344.0,10,10,1.0,53.2,52.2
004780,대륙제관,,3840,27.6,24.2,15.2,-6.3,12.9,-2.8,-4.5,-1.5,-2.7,-1.8,2.6,0.36,4100,3400,0,False,False,False,68239,52622,0.8,2.6,2.1,1.3,0,False,False,False,False,-,50.1,0.8,-0.0,2.0,0.1,True,3,강세,-1,0,-1,0,19.6,-0.7,1504.56,,2.14,344.0,344.0,344.0,10,10,1.0,53.1,52.1
187270,신화콘텍,,3625,33.0,31.5,34.0,-18.5,17.7,1.4,-5.7,-5.2,-3.0,-0.9,3.6,0.43,4450,3080,5,False,True,False,30818,49693,0.8,1.1,1.9,0.62,6,False,True,True,False,5일선회복/+3%반등,42.1,-0.7,0.0,-2.5,-0.1,True,0,강세,-1,0,-1,0,19.6,-0.7,1504.56,,2.14,344.0,344.0,344.0,10,10,1.0,53.1,52.1
205500,넥써쓰,,1878,53.6,68.5,79.6,-61.7,32.2,18.6,5.0,-0.4,10.1,12.8,-18.7,8.38,4900,1421,10,True,True,False,991751,438164,70.6,17.9,7.8,2.26,10,False,True,True,True,5일선회복/+3%반등/거래량동반양봉,30.0,7.3,-4.4,5.2,-5.8,True,3,강세,-1,0,-1,0,19.6,-0.7,1504.56,,2.14,344.0,344.0,344.0,10,10,1.0,53.0,52.0
084650,랩지노믹스,,1302,51.8,18.3,35.9,-60.4,7.7,2.4,-12.8,-20.5,-2.2,-3.6,-30.9,0.2,3285,1209,10,False,True,True,5800854,6194651,16.7,78.0,84.8,0.94,0,False,False,False,False,-,35.0,2.0,0.0,-14.2,-0.0,True,8,강세,-1,0,-1,0,19.6,-0.7,1504.56,,2.14,344.0,344.0,344.0,10,10,1.0,53.0,52.0
464280,티디에스팜,,8100,34.7,21.4,22.9,-35.7,3.1,-3.0,-5.6,-17.3,-5.5,-6.4,-15.0,0.88,12600,7860,0,False,False,False,27355,34072,2.3,2.2,2.9,0.8,0,False,False,False,False,-,53.0,-1.8,-0.1,-2.6,0.4,True,0,강세,-1,0,-1,0,19.6,-0.7,1504.56,,2.14,344.0,344.0,344.0,10,10,1.0,53.0,52.0
179530,애드바이오텍,,2625,41.9,42.9,39.1,-51.8,101.9,3.1,-5.9,63.2,-2.5,0.2,-4.8,1.08,5450,1300,10,False,True,True,197463,187419,5.3,5.5,5.2,1.05,3,False,False,True,False,+3%반등,39.9,-0.2,-0.0,0.4,-0.0,True,0,강세,-1,0,-1,0,19.6,-0.7,1504.56,,2.14,344.0,344.0,344.0,10,10,1.0,52.9,51.9
405100,큐알티,,19760,38.8,40.0,40.8,-18.3,68.2,5.7,-7.9,11.1,-2.7,3.6,20.6,0.62,24200,11750,5,False,True,False,86336,164143,20.3,16.2,34.1,0.53,6,False,True,True,False,5일선회복/+3%반등,31.8,7.6,0.1,28.6,-11.4,True,10,강세,-1,0,-1,0,19.6,-0.7,1504.56,,2.14,344.0,344.0,344.0,10,10,1.0,52.8,51.8
304840,피플바이오,,1242,44.9,45.1,38.2,-58.2,107.0,3.5,-8.9,54.3,-3.7,10.6,-12.1,0.91,2970,600,10,True,True,False,1552596,537510,5.9,21.1,7.3,2.89,6,False,True,True,False,5일선회복/+3%반등,36.8,-0.6,0.0,-1.8,0.0,True,0,강세,-1,0,-1,0,19.6,-0.7,1504.56,,2.14,344.0,344.0,344.0,10,10,1.0,52.8,51.8
039840,디오,,16000,37.8,44.4,32.9,-24.5,6.3,1.7,-7.6,-12.0,-2.9,-2.9,-5.3,0.62,21200,15050,5,False,True,False,35712,39082,3.9,5.6,6.4,0.91,6,False,True,True,False,5일선회복/+3%반등,38.7,-1.3,7.2,-12.0,31.0,True,3,강세,-1,0,-1,0,19.6,-0.7,1504.56,,2.14,344.0,344.0,344.0,10,10,1.0,52.7,51.7
102370,케이옥션,,3125,42.9,70.8,60.2,-44.5,18.4,5.4,-6.2,-23.6,2.0,-2.6,-18.5,1.23,5630,2640,10,False,True,True,143933,125109,4.9,4.3,3.8,1.15,10,False,True,True,True,5일선회복/+3%반등/거래량동반양봉,32.7,-2.1,-0.0,-3.8,-0.0,True,0,강세,-1,0,-1,0,19.6,-0.7,1504.56,,2.14,344.0,344.0,344.0,10,10,1.0,52.7,51.7
237690,에스티팜,,138600,38.2,44.8,37.6,-19.5,95.8,11.0,-2.3,-7.6,-4.6,-5.2,13.8,0.77,172100,70800,5,False,True,False,132768,165071,176.4,175.4,244.2,0.8,6,False,True,True,False,5일선회복/+3%반등,31.6,38.4,45.6,328.7,-218.0,True,10,강세,-1,0,-1,0,19.6,-0.7,1504.56,,2.14,344.0,344.0,344.0,10,10,1.0,52.6,51.6
405920,나라셀라,,2415,40.6,27.9,23.9,-30.2,11.3,-0.6,-8.7,-5.3,-3.9,-4.8,-4.0,0.63,3460,2170,5,False,False,True,13742,13641,0.2,0.3,0.3,1.01,3,False,False,True,False,+3%반등,41.5,0.1,-0.0,-0.0,0.0,True,3,강세,-1,0,-1,0,19.6,-0.7,1504.56,,2.14,344.0,344.0,344.0,10,10,1.0,52.5,51.5
093520,매커스,,24800,41.5,33.9,30.7,-26.7,120.2,2.3,-0.4,-0.4,-3.5,0.9,3.8,0.8,33850,11260,5,False,True,False,47578,64591,13.0,11.6,16.9,0.74,6,False,True,True,False,5일선회복/+3%반등,31.3,4.8,5.6,23.8,4.4,True,10,강세,-1,0,-1,0,19.6,-0.7,1504.56,,2.14,344.0,344.0,344.0,10,10,1.0,52.3,51.3
036480,대성미생물,,6800,36.3,41.7,34.6,-38.0,11.5,-1.0,-8.4,-8.8,-3.3,-11.2,-9.5,0.36,10960,6100,0,False,False,False,17563,25485,0.6,1.2,1.8,0.69,6,False,True,True,False,5일선회복/+3%반등,46.1,-0.0,-0.0,-1.6,-0.0,True,0,강세,-1,0,-1,0,19.6,-0.7,1504.56,,2.14,344.0,344.0,344.0,10,10,1.0,52.1,51.1
263690,디알젬,,5450,39.5,23.2,26.2,-23.5,11.5,0.6,-3.4,0.6,-2.4,0.1,-2.0,0.52,7120,4890,5,False,True,False,37808,54594,1.6,2.0,3.1,0.69,6,False,True,True,False,5일선회복/+3%반등,38.1,0.7,-0.1,-0.9,0.0,True,3,강세,-1,0,-1,0,19.6,-0.7,1504.56,,2.14,344.0,344.0,344.0,10,10,1.0,52.1,51.1
189860,서전기전,,6980,37.1,6.8,32.6,-39.3,147.5,-6.1,28.3,50.4,-11.2,7.7,64.0,0.18,11500,2820,5,False,True,False,197381,1440690,14.6,13.9,124.0,0.14,0,False,False,False,False,-,47.0,-1.0,-0.3,0.0,1.1,True,0,강세,-1,0,-1,0,19.6,-0.7,1504.56,,2.14,344.0,344.0,344.0,10,10,1.0,52.0,51.0
399720,가온칩스,,63200,37.9,42.5,34.1,-24.0,64.2,6.6,-7.5,-6.4,-6.4,-2.8,12.1,0.54,83200,38500,5,False,True,False,106847,202618,68.8,63.9,143.6,0.53,6,False,True,True,False,5일선회복/+3%반등,37.9,15.9,-10.9,5.4,91.0,True,3,강세,-1,0,-1,0,19.6,-0.7,1504.56,,2.14,344.0,344.0,344.0,10,10,1.0,51.9,50.9
061250,화일약품,,8710,43.5,75.8,51.0,-40.7,12.1,6.5,-7.6,-18.2,0.2,-6.1,-18.8,1.39,14700,7770,10,False,True,True,31601,29137,3.7,2.7,2.5,1.08,10,False,True,True,True,5일선회복/+3%반등/거래량동반양봉,31.8,-1.0,-0.0,-2.9,-1.9,True,0,강세,-1,0,-1,0,19.6,-0.7,1504.56,,2.14,344.0,344.0,344.0,10,10,1.0,51.8,50.8
451760,컨텍,,19660,40.0,31.1,35.1,-25.4,162.1,-2.7,-3.2,0.5,-5.6,-1.1,44.2,0.84,26350,7500,10,False,True,True,298344,507599,84.6,55.6,108.0,0.59,6,False,True,True,False,5일선회복/+3%반등,32.7,-3.5,2.7,-19.2,54.3,True,3,강세,-1,0,-1,0,19.6,-0.7,1504.56,,2.14,344.0,344.0,344.0,10,10,1.0,51.7,50.7
177900,쓰리에이로직스,,6650,36.4,31.3,28.1,-26.9,33.0,-0.2,-1.5,1.4,-6.1,0.6,0.5,0.34,9100,5000,5,False,True,False,93941,869056,10.1,6.1,65.5,0.11,6,False,True,True,False,5일선회복/+3%반등,40.7,-0.7,0.0,6.7,-0.2,True,0,강세,-1,0,-1,0,19.6,-0.7,1504.56,,2.14,344.0,344.0,344.0,10,10,1.0,51.7,50.7
089890,코세스,,40950,29.3,41.9,38.5,-20.3,522.3,-1.6,8.0,82.4,-3.2,25.6,69.4,0.44,51400,6580,0,False,False,False,167101,264350,47.7,65.7,113.0,0.63,6,False,True,True,False,5일선회복/+3%반등,42.7,4.2,-24.3,109.6,-261.0,True,3,강세,-1,0,-1,0,19.6,-0.7,1504.56,,2.14,344.0,344.0,344.0,10,10,1.0,51.7,50.7
066670,디티씨,,2660,43.7,0.0,5.9,-28.1,8.4,-5.5,-6.7,-9.8,-9.4,-4.6,-10.2,0.23,3700,2455,5,False,True,False,62215,236470,1.5,1.7,7.1,0.26,0,False,False,False,False,-,46.7,-0.0,-0.4,-0.8,-2.7,True,0,강세,-1,0,-1,0,19.6,-0.7,1504.56,,2.14,344.0,344.0,344.0,10,10,1.0,51.7,50.7
286750,나노실리칸첨단소재,,1400,40.3,20.6,22.1,-50.7,34.2,-6.2,-0.8,-13.0,-6.8,-0.1,-15.6,0.5,2840,1043,0,False,False,False,90545,205741,1.4,1.3,3.2,0.44,3,False,False,True,False,+3%반등,48.5,-0.9,0.0,-3.8,0.0,True,0,강세,-1,0,-1,0,19.6,-0.7,1504.56,,2.14,344.0,344.0,344.0,10,10,1.0,51.5,50.5
459510,나우로보틱스,,26150,37.8,17.5,39.2,-31.6,103.5,-7.4,15.7,-6.6,-4.1,10.7,13.3,0.18,38250,12850,0,False,False,False,150828,508751,25.0,39.2,149.9,0.3,3,False,True,False,False,5일선회복,38.4,5.9,4.8,28.0,-4.8,True,10,강세,-1,0,-1,0,19.6,-0.7,1504.56,,2.14,344.0,344.0,344.0,10,10,1.0,51.4,50.4
215600,신라젠,,3245,43.5,58.5,42.6,-39.9,22.5,7.8,-11.3,-10.9,-1.9,-8.9,-2.2,1.22,5400,2650,10,False,True,True,993249,935760,37.2,31.3,31.2,1.06,6,False,True,True,False,5일선회복/+3%반등,35.4,-8.7,0.0,-17.0,0.2,True,0,강세,-1,0,-1,0,19.6,-0.7,1504.56,,2.14,344.0,344.0,344.0,10,10,1.0,51.4,50.4
241790,티이엠씨씨엔에스,,7780,39.1,25.2,27.3,-20.6,37.9,0.6,-4.8,1.4,-6.5,-1.4,4.5,0.43,9800,5640,5,False,True,False,49474,122364,4.2,3.7,10.5,0.4,6,False,True,True,False,5일선회복/+3%반등,37.3,1.3,-0.0,0.1,-0.4,True,3,강세,-1,0,-1,0,19.6,-0.7,1504.56,,2.14,344.0,344.0,344.0,10,10,1.0,51.3,50.3
262260,에이프로,,9040,40.6,37.2,40.0,-29.9,105.0,5.7,28.2,56.4,-5.8,28.9,48.6,1.45,12900,4410,10,False,True,True,633028,510220,66.4,55.4,48.9,1.24,6,False,True,True,False,5일선회복/+3%반등,32.3,11.6,-36.2,27.0,-36.8,True,3,강세,-1,0,-1,0,19.6,-0.7,1504.56,,2.14,344.0,344.0,344.0,10,10,1.0,51.3,50.3
348340,뉴로메카,,62700,45.4,30.5,30.6,-54.9,inf,-3.8,-7.0,-19.6,-5.6,-3.5,31.1,0.31,139000,0,0,False,False,False,303576,692855,139.4,188.4,480.7,0.44,3,False,True,False,False,5일선회복,38.2,35.8,17.6,-271.6,133.9,True,10,강세,-1,0,-1,0,19.6,-0.7,1504.56,,2.14,344.0,344.0,344.0,10,10,1.0,51.2,50.2
234340,헥토파이낸셜,,29800,42.7,22.2,30.3,-33.8,238.0,1.4,-1.8,17.8,-8.7,-4.7,37.0,0.42,45000,8816,10,False,True,True,346123,767162,96.0,99.4,264.0,0.45,6,False,True,True,False,5일선회복/+3%반등,35.2,-12.7,-3.6,-6.1,40.2,True,0,강세,-1,0,-1,0,19.6,-0.7,1504.56,,2.14,344.0,344.0,344.0,10,10,1.0,51.2,50.2
168360,펨트론,,23100,42.9,38.0,37.1,-33.4,178.0,6.0,-5.5,11.9,-4.4,1.9,23.3,0.43,34700,8310,10,False,True,True,118787,289547,29.1,25.6,72.6,0.41,6,False,True,True,False,5일선회복/+3%반등,31.9,3.8,-4.6,-12.2,-12.6,True,3,강세,-1,0,-1,0,19.6,-0.7,1504.56,,2.14,344.0,344.0,344.0,10,10,1.0,50.9,49.9
318010,팜스빌,,3615,38.3,45.3,51.3,-39.9,10.9,2.4,-2.7,4.0,0.1,0.9,-2.6,0.48,6010,3260,10,False,True,True,14768,18632,0.3,0.5,0.7,0.79,6,False,True,True,False,5일선회복/+3%반등,34.9,-0.2,0.0,-0.2,0.0,True,0,강세,-1,0,-1,0,19.6,-0.7,1504.56,,2.14,344.0,344.0,344.0,10,10,1.0,50.9,49.9
137080,나래나노텍,,5160,35.4,16.9,13.3,-17.3,80.4,-6.2,-7.7,14.4,-8.7,-4.7,26.1,0.52,6240,2860,0,False,False,False,25414,37318,1.0,1.3,2.1,0.68,0,False,False,False,False,-,50.6,-0.0,-1.1,-2.3,-1.2,True,0,강세,-1,0,-1,0,19.6,-0.7,1504.56,,2.14,344.0,344.0,344.0,10,10,1.0,50.6,49.6
307930,컴퍼니케이,,8910,33.3,29.1,38.2,-19.7,73.0,1.8,-3.2,9.9,-2.9,5.5,29.5,0.68,11100,5150,5,False,False,True,135380,290334,17.0,12.0,27.9,0.47,6,False,True,True,False,5일선회복/+3%반등,39.5,-1.8,-0.0,38.8,0.0,True,0,강세,-1,0,-1,0,19.6,-0.7,1504.56,,2.14,344.0,344.0,344.0,10,10,1.0,50.5,49.5
104200,NHN벅스,,3700,38.6,29.3,32.0,-48.9,46.5,-0.8,-6.7,-41.1,-4.5,-11.6,-3.5,0.64,7240,2525,0,False,False,False,114553,111493,2.7,4.6,4.5,1.03,3,False,False,True,False,+3%반등,47.4,-0.8,0.0,-0.7,-0.0,True,0,강세,-1,0,-1,0,19.6,-0.7,1504.56,,2.14,344.0,344.0,344.0,10,10,1.0,50.4,49.4
086980,쇼박스,,2745,39.3,30.0,24.0,-21.3,18.1,-0.7,-6.9,-5.2,-4.7,-2.4,3.2,1.17,3490,2325,5,False,True,False,612489,597385,19.8,16.5,16.9,1.03,6,False,True,True,False,5일선회복/+3%반등,39.3,-1.6,-0.4,-5.1,-0.4,True,0,강세,-1,0,-1,0,19.6,-0.7,1504.56,,2.14,344.0,344.0,344.0,10,10,1.0,50.3,49.3
175140,휴먼테크놀로지,,3680,41.8,37.4,26.6,-46.4,11.5,-1.9,-7.9,-7.3,-3.4,-5.9,-18.7,0.9,6870,3300,0,False,False,False,95279,97457,3.2,3.6,3.7,0.98,3,False,False,True,False,+3%반등,44.2,0.3,0.0,-0.9,0.0,True,3,강세,-1,0,-1,0,19.6,-0.7,1504.56,,2.14,344.0,344.0,344.0,10,10,1.0,50.2,49.2
051780,큐로홀딩스,,3300,47.2,13.6,34.5,-67.2,21.1,-0.5,-9.2,-29.6,-12.4,-9.7,-31.2,0.47,10050,2725,5,False,True,False,113725,189198,3.1,3.6,8.7,0.6,6,False,True,True,False,5일선회복/+3%반등,39.1,-0.5,-0.0,0.5,0.2,True,0,강세,-1,0,-1,0,19.6,-0.7,1504.56,,2.14,344.0,344.0,344.0,10,10,1.0,50.1,49.1
317530,에피소드컴퍼니,,3820,44.2,63.3,54.7,-37.0,17.5,7.6,-7.3,-11.7,1.1,-2.7,-13.4,2.38,6060,3250,10,True,True,False,52971,24370,2.3,2.0,0.9,2.17,6,False,True,True,False,5일선회복/+3%반등,34.0,-1.7,0.0,-2.0,-0.0,True,0,강세,-1,0,-1,0,19.6,-0.7,1504.56,,2.14,344.0,344.0,344.0,10,10,1.0,50.0,49.0
272110,케이엔제이,,35900,37.9,33.6,34.9,-19.5,134.6,5.4,-7.9,5.9,-5.1,-3.0,30.2,0.86,44600,15300,5,False,True,False,115592,182227,55.3,39.6,70.4,0.63,6,False,True,True,False,5일선회복/+3%반등,35.9,0.5,-22.7,-48.9,-98.8,True,3,강세,-1,0,-1,0,19.6,-0.7,1504.56,,2.14,344.0,344.0,344.0,10,10,1.0,49.9,48.9
083310,엘오티베큠,,14110,38.9,36.8,32.1,-21.3,62.9,4.9,-13.1,3.6,-6.5,-0.7,8.1,0.63,17940,8660,5,False,True,False,185201,273436,23.3,24.8,42.1,0.68,6,False,True,True,False,5일선회복/+3%반등,38.9,-0.7,-2.9,12.2,-9.6,True,0,강세,-1,0,-1,0,19.6,-0.7,1504.56,,2.14,344.0,344.0,344.0,10,10,1.0,49.9,48.9
035610,솔본,,3555,36.5,29.2,24.7,-22.3,6.1,1.0,-4.3,-11.0,-3.0,-2.0,-7.3,1.0,4575,3350,5,False,True,False,23764,37107,1.3,0.8,1.4,0.64,3,False,True,False,False,5일선회복,41.6,-0.3,-0.0,-1.5,0.2,True,0,강세,-1,0,-1,0,19.6,-0.7,1504.56,,2.14,344.0,344.0,344.0,10,10,1.0,49.6,48.6
225220,제놀루션,,1803,37.4,68.6,43.4,-40.2,16.9,0.4,-7.5,-0.4,-1.1,-1.8,-11.7,0.34,3015,1542,5,False,False,True,31068,89005,0.6,0.6,1.6,0.35,3,False,False,True,False,+3%반등,41.4,-0.2,-0.0,-3.0,-0.0,True,0,강세,-1,0,-1,0,19.6,-0.7,1504.56,,2.14,344.0,344.0,344.0,10,10,1.0,49.4,48.4
225570,넥슨게임즈,,11070,37.0,36.0,34.9,-39.9,7.4,-1.3,-8.6,-9.5,-2.4,-3.3,-12.8,1.11,18420,10310,0,False,False,False,211824,158005,19.8,23.6,17.9,1.34,3,False,False,True,False,+3%반등,46.3,-2.4,-0.2,0.4,-38.1,True,0,강세,-1,0,-1,0,19.6,-0.7,1504.56,,2.14,344.0,344.0,344.0,10,10,1.0,49.3,48.3
079650,서산,,1227,45.8,20.2,35.3,-37.0,7.2,1.1,-7.4,-25.7,-3.6,-11.5,-18.9,0.26,1948,1145,10,False,True,True,19547,61483,0.2,0.2,0.8,0.32,6,False,True,True,False,5일선회복/+3%반등,33.1,-0.2,-0.0,0.7,0.0,True,0,강세,-1,0,-1,0,19.6,-0.7,1504.56,,2.14,344.0,344.0,344.0,10,10,1.0,49.1,48.1
214450,파마리서치,,312000,41.8,34.9,35.8,-56.2,12.0,0.2,2.8,-10.6,-2.8,0.1,-30.4,0.59,713000,278500,5,False,True,False,85610,129614,245.0,258.0,421.5,0.66,3,False,True,False,False,5일선회복,38.0,-60.4,54.4,-717.8,592.1,True,3,강세,-1,0,-1,0,19.6,-0.7,1504.56,,2.14,344.0,344.0,344.0,10,10,1.0,49.0,48.0
058630,엠게임,,4835,38.9,16.3,24.1,-36.9,2.9,-1.1,-7.7,-15.2,-4.9,-5.7,-17.5,0.84,7660,4700,0,False,False,False,105370,107577,4.5,5.1,5.5,0.98,0,False,False,False,False,-,49.0,-2.8,-3.2,-1.8,-3.4,True,0,강세,-1,0,-1,0,19.6,-0.7,1504.56,,2.14,344.0,344.0,344.0,10,10,1.0,49.0,48.0
171090,선익시스템,,95900,48.0,77.1,54.1,-33.4,188.9,14.0,-15.9,-26.8,1.9,1.1,44.1,1.87,144000,33200,10,False,True,True,168494,168080,284.0,149.7,162.8,1.0,10,False,True,True,True,5일선회복/+3%반등/거래량동반양봉,28.7,,,,,False,0,강세,-1,0,-1,0,19.6,-0.7,1504.56,,2.14,344.0,344.0,344.0,10,10,1.0,48.7,47.7
388790,라이콤,,5400,49.3,66.0,62.8,-42.1,inf,22.3,-10.9,85.2,4.4,-1.6,64.6,2.05,9330,0,10,False,True,True,957408,909248,99.4,46.7,48.0,1.05,10,False,True,True,True,5일선회복/+3%반등/거래량동반양봉,28.6,,,,,False,0,강세,-1,0,-1,0,19.6,-0.7,1504.56,,2.14,344.0,344.0,344.0,10,10,1.0,48.6,47.6
007370,진양제약,,4615,33.8,33.6,33.3,-33.0,6.5,-0.2,-2.9,-10.4,-2.3,-0.7,-11.1,0.48,6890,4335,0,False,False,False,28756,36792,0.8,1.3,1.8,0.78,3,False,True,False,False,5일선회복,45.6,-1.2,0.0,-3.8,0.0,True,0,강세,-1,0,-1,0,19.6,-0.7,1504.56,,2.14,344.0,344.0,344.0,10,10,1.0,48.6,47.6
217500,러셀,,2625,42.3,24.0,20.6,-55.7,61.7,-4.9,-1.5,-16.9,-6.1,-3.8,5.0,0.2,5930,1623,0,False,False,False,326604,1436021,7.9,8.6,41.4,0.23,0,False,False,False,False,-,45.6,1.9,-0.0,-29.3,-0.0,True,3,강세,-1,0,-1,0,19.6,-0.7,1504.56,,2.14,344.0,344.0,344.0,10,10,1.0,48.6,47.6
010240,흥국,,5580,33.0,14.5,21.5,-8.7,17.5,-1.1,-3.1,2.6,-2.7,0.1,6.6,1.51,6110,4750,0,False,False,False,33426,40260,3.5,1.9,2.3,0.83,0,False,False,False,False,-,48.4,-0.7,-0.2,-2.0,0.0,True,0,강세,-1,0,-1,0,19.6,-0.7,1504.56,,2.14,344.0,344.0,344.0,10,10,1.0,48.4,47.4
262840,아이퀘스트,,3440,42.3,14.0,25.6,-46.0,6.7,-2.1,-3.4,-0.2,-1.8,-2.7,-10.0,0.09,6370,3224,0,False,False,False,24776,160298,0.5,0.8,5.6,0.15,3,False,True,False,False,5일선회복,45.4,-0.4,-0.1,1.2,-0.0,True,0,강세,-1,0,-1,0,19.6,-0.7,1504.56,,2.14,344.0,344.0,344.0,10,10,1.0,48.4,47.4
204020,그리티,,2300,46.1,66.0,52.3,-50.7,23.5,5.5,5.5,8.5,0.3,6.6,0.3,1.5,4670,1863,10,False,True,True,71041,83646,3.0,1.6,1.9,0.85,10,False,True,True,True,5일선회복/+3%반등/거래량동반양봉,28.3,,,,,False,0,강세,-1,0,-1,0,19.6,-0.7,1504.56,,2.14,344.0,344.0,344.0,10,10,1.0,48.3,47.3
053700,삼보모터스,,6660,62.5,87.3,108.6,-33.3,75.0,23.1,9.2,-18.6,16.2,12.3,24.3,7.07,9990,3805,15,True,True,True,873339,478258,229.6,55.5,28.8,1.83,10,False,True,True,True,5일선회복/+3%반등/거래량동반양봉,23.3,,,,,False,0,강세,-1,0,-1,0,19.6,-0.7,1504.56,,2.14,344.0,344.0,344.0,10,10,1.0,48.3,47.3
143160,아이디스,,16790,36.5,41.6,23.6,-19.1,14.1,-2.7,-7.2,-14.8,-3.0,-4.8,-5.7,0.77,20750,14720,0,False,False,False,17220,13875,1.8,2.9,2.4,1.24,3,False,True,False,False,5일선회복,42.1,0.6,-0.0,-1.5,-0.0,True,3,강세,-1,0,-1,0,19.6,-0.7,1504.56,,2.14,344.0,344.0,344.0,10,10,1.0,48.1,47.1
093920,서원인텍,,5040,34.5,35.6,21.6,-14.7,3.5,-1.0,-2.9,-4.9,-1.8,-1.5,-6.6,1.03,5910,4870,0,False,False,False,32995,35059,1.8,1.7,1.8,0.94,3,False,True,False,False,5일선회복,42.1,1.0,0.0,-2.8,0.1,True,3,강세,-1,0,-1,0,19.6,-0.7,1504.56,,2.14,344.0,344.0,344.0,10,10,1.0,48.1,47.1
066700,테라젠이텍스,,2815,40.3,38.1,34.4,-18.9,18.8,3.5,-7.4,0.0,-2.8,-1.8,-1.2,0.73,3470,2370,10,False,True,True,98717,149405,3.1,2.7,4.3,0.66,6,False,True,True,False,5일선회복/+3%반등,32.1,-0.2,-0.5,-1.1,-0.1,True,0,강세,-1,0,-1,0,19.6,-0.7,1504.56,,2.14,344.0,344.0,344.0,10,10,1.0,48.1,47.1
073490,LIG아큐버,,47750,39.3,51.3,42.2,-23.6,170.2,9.0,-16.8,33.4,-2.6,3.7,60.5,0.84,62500,17670,5,False,True,False,188799,276829,109.8,84.3,138.8,0.68,6,False,True,True,False,5일선회복/+3%반등,37.0,-5.9,-4.8,-69.1,-50.7,True,0,강세,-1,0,-1,0,19.6,-0.7,1504.56,,2.14,344.0,344.0,344.0,10,10,1.0,48.0,47.0
030530,원익홀딩스,,31650,41.9,67.4,53.4,-37.5,inf,17.4,4.1,-9.2,1.4,3.6,18.2,1.17,50600,0,10,False,True,True,1112593,1882575,720.5,317.6,611.2,0.59,10,False,True,True,True,5일선회복/+3%반등/거래량동반양봉,28.0,,,,,False,0,강세,-1,0,-1,0,19.6,-0.7,1504.56,,2.14,344.0,344.0,344.0,10,10,1.0,48.0,47.0
036030,케이티알파,,4840,40.1,18.3,10.2,-20.7,22.1,-2.4,-3.8,-3.6,-3.3,-2.1,-6.7,1.19,6100,3965,0,False,False,False,43409,52760,3.1,2.1,2.6,0.82,0,False,False,False,False,-,44.8,-2.6,1.4,-2.0,2.9,True,3,강세,-1,0,-1,0,19.6,-0.7,1504.56,,2.14,344.0,344.0,344.0,10,10,1.0,47.8,46.8
011320,유니크,,4240,39.0,22.9,28.0,-17.3,22.5,1.4,-5.7,-0.7,-4.7,1.2,1.7,0.67,5130,3460,5,False,True,False,60277,123951,3.5,2.6,5.6,0.49,6,False,True,True,False,5일선회복/+3%반등,36.8,-1.4,0.0,-2.3,0.3,True,0,강세,-1,0,-1,0,19.6,-0.7,1504.56,,2.14,344.0,344.0,344.0,10,10,1.0,47.8,46.8
307280,원바이오젠,,6990,42.8,36.0,28.7,-16.8,inf,3.7,-7.4,-8.0,-3.7,-2.2,10.1,0.7,8400,0,15,True,True,True,91710,60340,3.0,6.6,4.4,1.52,3,False,False,True,False,+3%반등,29.7,,,,,False,0,강세,-1,0,-1,0,19.6,-0.7,1504.56,,2.14,344.0,344.0,344.0,10,10,1.0,47.7,46.7
024830,세원물산,,10580,37.5,42.7,35.1,-24.4,55.8,2.6,-4.1,-13.7,-1.8,-4.9,-1.8,0.23,14000,6790,5,False,True,False,7121,9357,0.2,0.8,1.0,0.76,6,False,True,True,False,5일선회복/+3%반등,36.5,-0.7,-0.0,-1.0,-0.0,True,0,강세,-1,0,-1,0,19.6,-0.7,1504.56,,2.14,344.0,344.0,344.0,10,10,1.0,47.5,46.5
032280,삼일,,1335,35.2,54.7,36.3,-19.8,6.0,2.5,-7.9,-8.6,-2.3,-4.2,-4.3,0.98,1665,1259,5,False,True,False,36928,43521,0.6,0.5,0.6,0.85,3,False,True,False,False,5일선회복,39.5,-0.1,0.0,-1.1,-0.0,True,0,강세,-1,0,-1,0,19.6,-0.7,1504.56,,2.14,344.0,344.0,344.0,10,10,1.0,47.5,46.5
381620,제닉스로보틱스,,13700,67.4,80.3,100.1,-31.3,110.8,26.3,48.9,10.4,23.8,37.7,14.2,3.08,19940,6500,15,True,True,True,2704218,1670337,737.5,334.9,196.0,1.62,10,False,True,True,True,5일선회복/+3%반등/거래량동반양봉,22.5,,,,,False,0,강세,-1,0,-1,0,19.6,-0.7,1504.56,,2.14,344.0,344.0,344.0,10,10,1.0,47.5,46.5
049950,미래컴퍼니,,15230,41.8,38.4,35.1,-30.0,19.0,1.1,-6.0,-10.0,-3.2,1.7,-5.1,0.59,21750,12800,5,False,True,False,47496,86423,7.8,7.1,13.9,0.55,6,False,True,True,False,5일선회복/+3%반등,33.3,4.5,-0.3,4.1,1.1,True,3,강세,-1,0,-1,0,19.6,-0.7,1504.56,,2.14,344.0,344.0,344.0,10,10,1.0,47.3,46.3
460940,피앤에스로보틱스,,7900,45.4,23.9,31.1,-46.6,30.5,-1.4,-3.2,-16.4,-5.5,-2.6,-14.0,0.27,14800,6055,5,False,True,False,171134,487489,10.9,13.2,44.2,0.35,3,False,True,False,False,5일선회복,36.2,1.4,-0.0,-31.3,-1.6,True,3,강세,-1,0,-1,0,19.6,-0.7,1504.56,,2.14,344.0,344.0,344.0,10,10,1.0,47.2,46.2
049830,승일,,7230,39.4,40.7,43.1,-26.2,3.4,1.1,-4.1,-8.1,-0.6,-2.3,-12.1,0.98,9800,6990,10,False,True,True,3767,4864,0.4,0.3,0.4,0.77,3,False,True,False,False,5일선회복,31.2,0.1,-0.0,0.2,0.0,True,3,강세,-1,0,-1,0,19.6,-0.7,1504.56,,2.14,344.0,344.0,344.0,10,10,1.0,47.2,46.2
225190,LK삼양,,2060,41.6,55.1,48.5,-34.7,79.4,1.5,-11.8,-12.0,-0.4,-0.1,18.9,0.89,3155,1148,0,False,False,False,1275927,1611762,28.7,25.5,34.3,0.79,6,False,True,True,False,5일선회복/+3%반등,33.0,2.2,-0.0,-0.6,-0.0,True,8,강세,-1,0,-1,0,19.6,-0.7,1504.56,,2.14,344.0,344.0,344.0,10,10,1.0,47.0,46.0
078860,아이오케이이엔엠,,4265,54.7,28.5,38.1,-78.4,13.4,1.9,-11.1,-60.3,-4.0,-9.9,-61.3,0.35,19728,3760,10,False,True,True,28939,70128,1.1,1.2,3.2,0.41,6,False,True,True,False,5일선회복/+3%반등,30.7,-0.1,0.0,-4.3,0.0,True,0,강세,-1,0,-1,0,19.6,-0.7,1504.56,,2.14,344.0,344.0,344.0,10,10,1.0,46.7,45.7
036000,예림당,,3150,40.0,58.9,49.3,-35.7,21.6,4.3,-2.0,-7.2,-0.1,-0.1,-2.4,0.79,4900,2590,10,False,True,True,52257,55442,1.4,1.6,1.7,0.94,6,False,True,True,False,5일선회복/+3%반등,30.6,-0.4,0.0,-1.4,0.0,True,0,강세,-1,0,-1,0,19.6,-0.7,1504.56,,2.14,344.0,344.0,344.0,10,10,1.0,46.6,45.6
067770,세진티에스,,2120,34.4,27.7,27.2,-17.8,15.0,-4.1,-6.4,0.2,-3.2,-3.1,-5.9,0.73,2580,1843,0,False,False,False,9297,15577,0.2,0.2,0.3,0.6,3,False,False,True,False,+3%반등,43.4,-0.4,0.0,-0.8,-0.0,True,0,강세,-1,0,-1,0,19.6,-0.7,1504.56,,2.14,344.0,344.0,344.0,10,10,1.0,46.4,45.4
389680,유디엠텍,,2620,48.5,5.6,35.6,-70.3,15.2,-6.4,-4.6,-42.7,-9.8,-9.6,-15.4,0.66,8835,2275,5,False,False,True,221043,269495,4.9,5.7,8.9,0.82,3,False,True,False,False,5일선회복,35.3,0.5,-0.0,-2.8,-0.7,True,3,강세,-1,0,-1,0,19.6,-0.7,1504.56,,2.14,344.0,344.0,344.0,10,10,1.0,46.3,45.3
021080,에이티넘인베스트,,3110,42.0,32.2,26.6,-22.2,34.6,-0.6,-10.1,-17.8,-5.7,-2.2,7.5,0.75,4000,2310,5,False,True,False,295846,400335,9.4,9.0,13.4,0.74,6,False,True,True,False,5일선회복/+3%반등,35.3,-6.4,-0.6,6.7,0.3,True,0,강세,-1,0,-1,0,19.6,-0.7,1504.56,,2.14,344.0,344.0,344.0,10,10,1.0,46.3,45.3
097800,윈팩,,2700,61.1,83.0,97.2,-28.3,52.5,25.0,17.6,25.6,16.9,23.2,7.4,8.27,3765,1770,15,True,True,True,537406,202763,36.2,12.9,4.8,2.65,10,False,True,True,True,5일선회복/+3%반등/거래량동반양봉,21.3,,,,,False,0,강세,-1,0,-1,0,19.6,-0.7,1504.56,,2.14,344.0,344.0,344.0,10,10,1.0,46.3,45.3
046970,우리로,,10390,62.5,81.8,107.2,-35.9,inf,33.5,3.0,622.5,17.2,30.6,247.8,2.34,16200,0,15,True,True,True,11956216,6828469,1652.5,1111.9,628.4,1.75,10,False,True,True,True,5일선회복/+3%반등/거래량동반양봉,21.1,,,,,False,0,강세,-1,0,-1,0,19.6,-0.7,1504.56,,2.14,344.0,344.0,344.0,10,10,1.0,46.1,45.1
008370,원풍,,5160,34.8,39.6,35.9,-10.1,26.9,0.4,-1.1,6.6,-1.2,1.0,4.5,0.31,5740,4065,10,False,True,True,3216,7629,0.1,0.2,0.4,0.42,3,False,True,False,False,5일선회복,33.0,-0.0,0.0,1.0,0.0,True,0,강세,-1,0,-1,0,19.6,-0.7,1504.56,,2.14,344.0,344.0,344.0,10,10,1.0,46.0,45.0
138080,오이솔루션,,41250,44.3,30.5,42.3,-28.8,379.7,9.6,-13.5,120.1,-4.1,0.5,101.9,0.5,57900,8600,10,False,True,True,683917,1195657,252.9,265.1,549.1,0.57,6,False,True,True,False,5일선회복/+3%반등,29.9,,,,,False,0,강세,-1,0,-1,0,19.6,-0.7,1504.56,,2.14,344.0,344.0,344.0,10,10,1.0,45.9,44.9
228340,동양파일,,2015,32.1,33.4,41.1,-21.9,30.0,-2.2,-1.0,-2.9,-1.5,-3.0,5.7,0.59,2580,1550,0,False,False,False,20215,41535,0.5,0.4,0.9,0.49,6,False,True,True,False,5일선회복/+3%반등,39.7,-0.4,0.0,-1.5,-0.1,True,0,강세,-1,0,-1,0,19.6,-0.7,1504.56,,2.14,344.0,344.0,344.0,10,10,1.0,45.7,44.7
267320,나인테크,,3300,44.9,28.2,40.3,-37.7,20.4,5.6,-9.2,-12.7,-2.6,2.0,-0.9,0.2,5300,2740,5,False,True,False,1035317,4483548,30.9,33.1,164.2,0.23,6,False,True,True,False,5일선회복/+3%반등,31.7,11.4,-0.2,-1.2,-7.9,True,3,강세,-1,0,-1,0,19.6,-0.7,1504.56,,2.14,344.0,344.0,344.0,10,10,1.0,45.7,44.7
163730,핑거,,18430,41.1,5.6,17.3,-28.1,111.8,-12.7,2.0,59.6,-11.0,23.7,47.4,0.8,25650,8700,0,False,False,False,239239,464667,44.3,45.5,92.3,0.51,0,False,False,False,False,-,42.7,8.8,-0.4,37.8,4.1,True,3,강세,-1,0,-1,0,19.6,-0.7,1504.56,,2.14,344.0,344.0,344.0,10,10,1.0,45.7,44.7
048410,현대바이오,,13630,45.5,77.4,61.6,-36.6,215.1,24.1,-1.2,-0.3,5.1,-0.5,58.2,1.53,21500,4325,15,True,True,True,4554096,2580536,547.8,566.0,335.8,1.76,6,False,True,True,False,5일선회복/+3%반등,24.6,,,,,False,0,강세,-1,0,-1,0,19.6,-0.7,1504.56,,2.14,344.0,344.0,344.0,10,10,1.0,45.6,44.6
290660,다이나믹솔루션,,1057,41.6,29.2,40.5,-44.9,65.2,1.1,5.6,50.6,-2.9,-5.9,6.1,0.66,1918,640,5,False,True,False,2762140,3124006,22.3,30.5,34.4,0.88,3,False,False,True,False,+3%반등,34.6,1.9,0.0,-11.8,-0.0,True,3,강세,-1,0,-1,0,19.6,-0.7,1504.56,,2.14,344.0,344.0,344.0,10,10,1.0,45.6,44.6
115160,휴맥스,,7870,37.2,64.2,65.0,-31.1,33.6,3.4,9.2,0.9,4.8,9.1,-8.9,0.27,11430,5890,5,False,False,True,28985,137780,3.1,2.2,11.7,0.21,6,False,True,True,False,5일선회복/+3%반등,31.6,0.4,-0.1,-1.9,-2.0,True,3,강세,-1,0,-1,0,19.6,-0.7,1504.56,,2.14,344.0,344.0,344.0,10,10,1.0,45.6,44.6
069330,유아이디,,1153,40.8,73.1,53.3,-11.9,47.8,4.9,-4.4,10.7,0.9,3.0,2.9,1.97,1308,780,10,True,False,True,130282,88992,2.0,1.5,1.0,1.46,10,False,True,True,True,5일선회복/+3%반등/거래량동반양봉,25.6,,,,,False,0,강세,-1,0,-1,0,19.6,-0.7,1504.56,,2.14,344.0,344.0,344.0,10,10,1.0,45.6,44.6
376270,HEM파마,,58300,46.3,12.5,32.2,-40.2,223.9,-3.3,-2.7,-28.3,-6.1,-10.5,20.6,0.43,97500,18000,5,False,True,False,15831,33568,8.4,9.1,21.7,0.47,6,False,True,True,False,5일선회복/+3%반등,34.5,-7.9,-3.6,22.0,-31.8,True,0,강세,-1,0,-1,0,19.6,-0.7,1504.56,,2.14,344.0,344.0,344.0,10,10,1.0,45.5,44.5
417010,나노팀,,10500,44.5,38.6,33.3,-31.1,148.2,-3.7,-14.1,-12.4,-4.8,-2.2,37.0,0.88,15250,4230,5,False,True,False,403315,483852,44.8,41.1,54.7,0.83,6,False,True,True,False,5일선회복/+3%반등,34.4,-2.5,0.0,3.3,-0.6,True,0,강세,-1,0,-1,0,19.6,-0.7,1504.56,,2.14,344.0,344.0,344.0,10,10,1.0,45.4,44.4
094170,동운아나텍,,44400,41.4,22.1,23.6,-21.3,172.7,-3.4,-0.3,41.9,-6.8,17.1,64.5,0.5,56400,16280,5,False,True,False,130840,201550,43.8,57.6,96.6,0.65,3,False,True,False,False,5일선회복,34.1,-3.7,0.1,17.5,20.4,True,3,강세,-1,0,-1,0,19.6,-0.7,1504.56,,2.14,344.0,344.0,344.0,10,10,1.0,45.1,44.1
321370,센서뷰,,3975,55.7,73.7,103.4,-25.0,343.6,7.9,31.2,47.0,19.0,17.3,82.9,3.55,5297,896,15,True,True,True,11078860,5651683,837.3,420.3,205.4,1.96,10,False,True,True,True,5일선회복/+3%반등/거래량동반양봉,20.0,,,,,False,0,강세,-1,0,-1,0,19.6,-0.7,1504.56,,2.14,344.0,344.0,344.0,10,10,1.0,45.0,44.0
131180,딜리,,4580,40.3,41.2,34.5,-21.6,6.5,-1.3,-2.2,-0.4,-1.4,-0.6,-3.6,1.08,5840,4300,5,True,False,False,12330,7628,0.4,0.6,0.3,1.62,6,False,True,True,False,5일선회복/+3%반등,30.9,0.2,0.0,0.2,-0.7,True,3,강세,-1,0,-1,0,19.6,-0.7,1504.56,,2.14,344.0,344.0,344.0,10,10,1.0,44.9,43.9
114810,한솔아이원스,,16270,41.8,50.3,45.7,-18.2,122.9,10.2,-13.2,-11.6,-1.3,1.6,21.2,1.18,19900,7300,10,False,True,True,322590,456122,84.1,49.8,78.5,0.71,6,False,True,True,False,5일선회복/+3%반등,28.8,,,,,False,0,강세,-1,0,-1,0,19.6,-0.7,1504.56,,2.14,344.0,344.0,344.0,10,10,1.0,44.8,43.8
105330,케이엔더블유,,9490,37.1,28.5,31.5,-16.8,150.7,5.0,2.3,64.8,-4.2,6.3,52.4,0.37,11400,3785,5,False,True,False,39381,90852,3.2,3.7,9.1,0.43,6,False,True,True,False,5일선회복/+3%반등,33.8,-0.5,-0.0,-5.3,0.1,True,0,강세,-1,0,-1,0,19.6,-0.7,1504.56,,2.14,344.0,344.0,344.0,10,10,1.0,44.8,43.8
220260,켐트로스,,5570,43.0,41.5,34.6,-41.8,50.7,-0.9,-10.9,-4.1,-3.7,-0.6,6.4,0.92,9570,3695,0,False,False,False,267463,400706,20.2,14.5,23.5,0.67,6,False,True,True,False,5일선회복/+3%반등,38.8,-4.3,-0.1,-1.2,0.0,True,0,강세,-1,0,-1,0,19.6,-0.7,1504.56,,2.14,344.0,344.0,344.0,10,10,1.0,44.8,43.8
065170,비엘팜텍,,2325,51.1,32.0,60.2,-71.5,inf,14.5,-1.1,-49.7,3.1,-16.7,36.8,1.59,8150,0,15,True,True,True,2934506,1267795,45.2,67.9,29.1,2.31,6,False,True,True,False,5일선회복/+3%반등,23.5,,,,,False,0,강세,-1,0,-1,0,19.6,-0.7,1504.56,,2.14,344.0,344.0,344.0,10,10,1.0,44.5,43.5
310210,보로노이,,273000,42.8,56.0,44.2,-27.3,200.0,9.4,-8.4,15.9,-1.6,-7.6,23.7,0.93,375500,91000,10,False,True,True,118366,106811,270.1,307.9,296.8,1.11,6,False,True,True,False,5일선회복/+3%반등,28.2,,,,,False,0,강세,-1,0,-1,0,19.6,-0.7,1504.56,,2.14,344.0,344.0,344.0,10,10,1.0,44.2,43.2
253590,네오셈,,16950,42.0,41.1,47.6,-20.8,122.7,11.7,-5.8,4.6,-1.0,-0.8,31.8,0.57,21400,7610,10,False,True,True,683334,1568321,153.3,107.6,284.9,0.44,10,False,True,True,True,5일선회복/+3%반등/거래량동반양봉,24.2,,,,,False,0,강세,-1,0,-1,0,19.6,-0.7,1504.56,,2.14,344.0,344.0,344.0,10,10,1.0,44.2,43.2
206640,바디텍메드,,11150,42.2,46.2,33.8,-35.5,7.5,-0.2,-5.6,-15.2,-1.9,-3.3,-14.5,0.91,17280,10370,0,False,False,False,48765,51969,5.3,5.4,5.9,0.94,6,False,True,True,False,5일선회복/+3%반등,35.2,2.5,-5.1,7.7,-10.0,True,3,강세,-1,0,-1,0,19.6,-0.7,1504.56,,2.14,344.0,344.0,344.0,10,10,1.0,44.2,43.2
099320,쎄트렉아이,,153400,42.2,33.5,26.3,-31.5,247.1,-8.1,-14.6,-14.1,-7.4,-10.8,40.1,0.95,224000,44200,0,False,False,False,134882,152178,223.5,201.4,253.9,0.89,3,False,True,False,False,5일선회복,41.1,-25.0,-118.2,-62.6,-316.1,True,0,강세,-1,0,-1,0,19.6,-0.7,1504.56,,2.14,344.0,344.0,344.0,10,10,1.0,44.1,43.1
046890,서울반도체,,14980,37.8,23.8,37.9,-21.0,161.4,-2.7,39.1,101.6,-5.2,20.2,80.8,0.26,18960,5730,5,False,True,False,1468513,3657166,149.3,218.3,588.8,0.4,6,False,True,True,False,5일선회복/+3%반등,33.1,-5.6,-16.0,128.5,-1.3,True,0,강세,-1,0,-1,0,19.6,-0.7,1504.56,,2.14,344.0,344.0,344.0,10,10,1.0,44.1,43.1
290720,푸드나무,,3190,45.8,50.8,40.1,-19.8,73.5,3.7,-14.9,41.2,-2.1,-2.5,33.7,1.47,3980,1839,10,False,True,True,77876,82572,4.0,2.5,2.6,0.94,6,False,True,True,False,5일선회복/+3%반등,28.0,,,,,False,0,강세,-1,0,-1,0,19.6,-0.7,1504.56,,2.14,344.0,344.0,344.0,10,10,1.0,44.0,43.0
041440,현대에버다임,,8610,42.8,23.0,31.8,-23.9,25.1,2.6,-6.8,-2.7,-4.9,-3.2,3.6,0.27,11320,6880,5,False,True,False,237848,978458,23.6,19.8,97.2,0.24,6,False,True,True,False,5일선회복/+3%반등,32.8,-0.9,-0.0,-35.8,0.6,True,0,강세,-1,0,-1,0,19.6,-0.7,1504.56,,2.14,344.0,344.0,344.0,10,10,1.0,43.8,42.8
365270,큐라클,,14370,45.9,33.4,38.7,-30.7,299.2,11.4,-9.6,-12.9,-5.0,-7.7,50.5,0.54,20750,3600,10,False,True,True,212773,446249,35.4,29.1,67.9,0.48,6,False,True,True,False,5일선회복/+3%반등,27.8,,,,,False,0,강세,-1,0,-1,0,19.6,-0.7,1504.56,,2.14,344.0,344.0,344.0,10,10,1.0,43.8,42.8
448280,에코아이,,11340,39.2,31.7,32.1,-31.0,29.0,-1.3,6.6,11.9,-3.6,-2.7,-5.2,0.28,16440,8790,5,False,False,True,35499,116324,3.6,4.1,14.0,0.31,3,False,False,True,False,+3%반등,35.8,-2.6,-0.0,-47.6,2.6,True,0,강세,-1,0,-1,0,19.6,-0.7,1504.56,,2.14,344.0,344.0,344.0,10,10,1.0,43.8,42.8
261780,차백신연구소,,3225,48.3,21.4,37.8,-52.0,41.4,-3.9,-6.5,22.9,-6.1,-11.1,8.1,0.37,6720,2280,5,False,False,True,6575784,6388030,79.4,229.5,236.3,1.03,3,False,False,True,False,+3%반등,32.8,0.2,-0.0,-12.1,0.6,True,3,강세,-1,0,-1,0,19.6,-0.7,1504.56,,2.14,344.0,344.0,344.0,10,10,1.0,43.8,42.8
050120,ES큐브,,2815,40.3,47.2,32.5,-22.1,32.5,-1.2,-6.2,2.9,-1.8,3.8,1.7,1.85,3615,2125,0,False,False,False,11872,12724,0.7,0.3,0.4,0.93,3,False,False,True,False,+3%반등,37.7,0.1,-0.0,0.1,-0.0,True,3,강세,-1,0,-1,0,19.6,-0.7,1504.56,,2.14,344.0,344.0,344.0,10,10,1.0,43.7,42.7
383310,에코프로에이치엔,,32000,47.4,86.8,68.5,-31.8,45.1,18.7,-5.9,-12.1,6.2,5.6,13.0,1.8,46900,22050,10,False,True,True,269867,275000,156.6,78.8,84.3,0.98,10,False,True,True,True,5일선회복/+3%반등/거래량동반양봉,23.6,,,,,False,0,강세,-1,0,-1,0,19.6,-0.7,1504.56,,2.14,344.0,344.0,344.0,10,10,1.0,43.6,42.6
040420,정상제이엘에스,,5840,32.5,39.4,32.8,-14.7,4.7,0.5,-2.7,-1.7,-1.1,-0.8,-4.6,0.9,6850,5580,0,False,False,False,26789,32456,1.7,1.6,1.9,0.83,3,False,True,False,False,5일선회복,40.4,-2.0,-0.4,-3.8,-2.1,True,0,강세,-1,0,-1,0,19.6,-0.7,1504.56,,2.14,344.0,344.0,344.0,10,10,1.0,43.4,42.4
090710,휴림로봇,,11810,44.6,29.9,26.7,-55.6,inf,-5.7,6.2,-17.4,-4.8,-2.9,40.9,0.35,26600,0,0,False,False,False,5119922,14813520,626.1,587.9,1894.1,0.35,6,False,True,True,False,5일선회복/+3%반등,37.4,-108.9,-4.1,-33.2,20.6,True,0,강세,-1,0,-1,0,19.6,-0.7,1504.56,,2.14,344.0,344.0,344.0,10,10,1.0,43.4,42.4
242040,나무기술,,6290,66.9,92.4,126.8,-21.1,380.9,39.5,18.2,71.2,29.7,14.3,125.5,5.16,7970,1308,15,True,True,True,3702286,2356059,759.4,212.7,121.8,1.57,10,False,True,True,True,5일선회복/+3%반등/거래량동반양봉,18.4,,,,,False,0,강세,-1,0,-1,0,19.6,-0.7,1504.56,,2.14,344.0,344.0,344.0,10,10,1.0,43.4,42.4
251630,브이원텍,,5970,46.7,19.2,31.8,-45.7,51.1,-8.2,-2.1,-14.7,-3.8,2.4,1.8,0.74,11000,3950,0,False,False,False,127724,196468,9.0,7.6,12.9,0.65,6,False,True,True,False,5일선회복/+3%반등,34.3,2.6,0.0,5.2,-0.0,True,3,강세,-1,0,-1,0,19.6,-0.7,1504.56,,2.14,344.0,344.0,344.0,10,10,1.0,43.3,42.3
448900,한국피아이엠,,108100,42.4,51.1,49.8,-39.4,856.6,12.1,8.3,40.2,-0.1,2.1,77.2,0.5,178400,11300,10,False,True,True,237778,288334,156.7,221.4,322.9,0.82,6,False,True,True,False,5일선회복/+3%반등,27.2,,,,,False,0,강세,-1,0,-1,0,19.6,-0.7,1504.56,,2.14,344.0,344.0,344.0,10,10,1.0,43.2,42.2
032190,다우데이타,,21800,39.6,34.8,31.2,-30.7,67.7,-4.2,-9.5,-27.1,-4.2,-6.8,7.5,0.88,31450,13000,0,False,False,False,130711,137659,26.4,27.7,31.3,0.95,3,False,True,False,False,5일선회복,40.1,-10.6,-0.4,-6.1,-97.3,True,0,강세,-1,0,-1,0,19.6,-0.7,1504.56,,2.14,344.0,344.0,344.0,10,10,1.0,43.1,42.1
031310,아이즈비전,,1675,47.1,42.5,43.6,-39.4,28.5,4.1,-9.9,10.6,-1.3,-4.9,6.3,1.06,2765,1303,5,False,True,False,574567,937509,16.8,9.2,16.2,0.61,10,False,True,True,True,5일선회복/+3%반등/거래량동반양봉,27.9,,,,,False,0,강세,-1,0,-1,0,19.6,-0.7,1504.56,,2.14,344.0,344.0,344.0,10,10,1.0,42.9,41.9
419080,엔젯,,5790,51.5,48.8,65.3,-54.8,24.7,13.3,-5.9,-14.2,4.4,7.4,-9.3,0.71,12800,4645,10,False,True,True,70896,166236,6.9,3.7,9.8,0.43,10,False,True,True,True,5일선회복/+3%반등/거래량동반양봉,22.9,,,,,False,0,강세,-1,0,-1,0,19.6,-0.7,1504.56,,2.14,344.0,344.0,344.0,10,10,1.0,42.9,41.9
051370,인터플렉스,,12520,44.4,61.5,46.6,-14.7,57.7,9.6,-11.1,-0.1,-1.1,-2.1,15.4,1.35,14670,7940,10,False,True,True,174541,216120,36.1,20.5,27.7,0.81,10,False,True,True,True,5일선회복/+3%반등/거래량동반양봉,22.9,,,,,False,0,강세,-1,0,-1,0,19.6,-0.7,1504.56,,2.14,344.0,344.0,344.0,10,10,1.0,42.9,41.9
064520,테크엘,,1820,47.8,71.4,48.3,-24.0,26.4,3.8,-7.6,-7.8,-0.2,2.6,-0.3,2.09,2395,1440,10,False,True,True,33028,40322,1.4,0.6,0.7,0.82,10,False,True,True,True,5일선회복/+3%반등/거래량동반양봉,22.8,,,,,False,0,강세,-1,0,-1,0,19.6,-0.7,1504.56,,2.14,344.0,344.0,344.0,10,10,1.0,42.8,41.8
065710,서호전기,,43800,41.0,65.6,44.6,-26.9,82.1,6.8,-7.6,-16.7,-1.2,-2.1,-2.9,1.29,59900,24050,5,False,True,False,25260,25142,14.5,10.6,11.2,1.0,6,False,True,True,False,5일선회복/+3%반등,31.7,-8.2,-0.2,-20.1,-0.2,True,0,강세,-1,0,-1,0,19.6,-0.7,1504.56,,2.14,344.0,344.0,344.0,10,10,1.0,42.7,41.7
490470,세미파이브,,42900,40.0,59.5,73.4,-16.4,110.3,12.6,21.0,49.7,8.8,27.8,,1.23,51300,20400,10,False,True,True,1129572,1989613,1055.2,435.2,807.2,0.57,10,False,True,True,True,5일선회복/+3%반등/거래량동반양봉,22.7,,,,,False,0,강세,-1,0,-1,0,19.6,-0.7,1504.56,,2.14,344.0,344.0,344.0,10,10,1.0,42.7,41.7
058470,리노공업,,110800,41.3,62.9,51.4,-14.1,188.9,9.7,-7.8,14.8,0.4,0.2,45.1,0.97,129000,38350,10,False,True,True,739903,1171371,1260.0,767.6,1315.4,0.63,10,False,True,True,True,5일선회복/+3%반등/거래량동반양봉,22.6,,,,,False,0,강세,-1,0,-1,0,19.6,-0.7,1504.56,,2.14,344.0,344.0,344.0,10,10,1.0,42.6,41.6
263860,지니언스,,17520,63.6,50.7,126.7,-41.6,39.0,17.8,9.7,-2.6,11.3,18.2,-5.2,6.1,30000,12600,10,True,True,False,256257,142524,153.0,43.6,23.0,1.8,6,False,True,True,False,5일선회복/+3%반등,26.6,,,,,False,0,강세,-1,0,-1,0,19.6,-0.7,1504.56,,2.14,344.0,344.0,344.0,10,10,1.0,42.6,41.6
215790,이노인스트루먼트,,2355,63.0,83.0,84.9,-53.6,inf,25.6,11.6,516.5,21.0,36.5,189.2,1.33,5080,0,15,True,True,True,25552217,15910464,503.2,564.1,332.8,1.61,6,False,True,True,False,5일선회복/+3%반등,21.6,,,,,False,0,강세,-1,0,-1,0,19.6,-0.7,1504.56,,2.14,344.0,344.0,344.0,10,10,1.0,42.6,41.6
062970,한국첨단소재,,4105,64.4,100.0,126.6,-18.7,inf,57.0,36.6,177.0,37.7,37.5,95.2,3.72,5050,0,15,True,True,True,14417901,7197737,1116.9,488.0,231.0,2.0,10,False,True,True,True,5일선회복/+3%반등/거래량동반양봉,17.5,,,,,False,0,강세,-1,0,-1,0,19.6,-0.7,1504.56,,2.14,344.0,344.0,344.0,10,10,1.0,42.5,41.5
122450,KX,,3125,41.5,31.8,57.4,-44.4,8.3,6.7,-1.7,-15.1,1.0,-0.5,-14.0,0.55,5620,2885,5,False,True,False,118966,226260,4.0,3.6,6.9,0.53,6,False,True,True,False,5일선회복/+3%반등,31.4,-0.3,-0.8,-3.5,-1.1,True,0,강세,-1,0,-1,0,19.6,-0.7,1504.56,,2.14,344.0,344.0,344.0,10,10,1.0,42.4,41.4
060590,씨티씨바이오,,3705,46.3,22.1,33.4,-51.8,6.5,-2.6,-4.5,-14.2,-2.7,-3.8,-25.4,0.31,7680,3480,0,False,False,False,66483,175913,2.1,2.5,7.0,0.38,6,False,True,True,False,5일선회복/+3%반등,36.4,-1.3,-0.0,-6.7,-0.4,True,0,강세,-1,0,-1,0,19.6,-0.7,1504.56,,2.14,344.0,344.0,344.0,10,10,1.0,42.4,41.4
373110,엑셀세라퓨틱스,,1560,47.9,44.4,51.8,-57.0,28.7,18.1,-4.4,-6.6,0.8,4.3,-19.1,1.15,3631,1212,10,True,True,False,1733672,583861,10.9,28.6,9.7,2.97,6,False,True,True,False,5일선회복/+3%반등,26.1,,,,,False,0,강세,-1,0,-1,0,19.6,-0.7,1504.56,,2.14,344.0,344.0,344.0,10,10,1.0,42.1,41.1
302550,리메드,,2975,43.6,72.6,56.3,-35.3,12.7,9.0,-4.3,-8.3,1.1,-1.9,-6.3,0.64,4595,2640,10,False,True,True,139730,104085,2.0,4.1,3.1,1.34,6,False,True,True,False,5일선회복/+3%반등,25.9,,,,,False,0,강세,-1,0,-1,0,19.6,-0.7,1504.56,,2.14,344.0,344.0,344.0,10,10,1.0,41.9,40.9
041520,이엘씨,,11930,36.9,43.5,37.9,-12.4,94.6,-2.9,6.0,54.9,-1.8,14.1,45.3,1.29,13620,6130,5,False,False,True,44060,57426,8.8,5.4,6.9,0.77,3,False,False,True,False,+3%반등,30.9,1.7,-0.0,-1.5,0.0,True,3,강세,-1,0,-1,0,19.6,-0.7,1504.56,,2.14,344.0,344.0,344.0,10,10,1.0,41.9,40.9
441270,파인엠텍,,10600,46.2,72.4,66.2,-24.6,110.7,8.6,-6.6,3.2,2.6,1.8,3.8,1.59,14060,5030,10,False,True,True,523348,457870,74.6,53.3,47.6,1.14,10,False,True,True,True,5일선회복/+3%반등/거래량동반양봉,21.8,,,,,False,0,강세,-1,0,-1,0,19.6,-0.7,1504.56,,2.14,344.0,344.0,344.0,10,10,1.0,41.8,40.8
035460,기산텔레콤,,3780,47.2,38.3,47.7,-47.7,124.6,9.1,-13.1,71.0,-0.6,4.9,62.7,0.52,7230,1683,5,False,True,False,532286,1021210,20.4,19.0,40.4,0.52,6,False,True,True,False,5일선회복/+3%반등,30.7,-2.5,-0.2,-3.0,0.1,True,0,강세,-1,0,-1,0,19.6,-0.7,1504.56,,2.14,344.0,344.0,344.0,10,10,1.0,41.7,40.7
045340,토탈소프트,,6950,42.9,49.3,33.7,-29.0,30.9,0.3,-3.5,-0.9,-1.7,-1.1,-6.8,0.69,9790,5310,5,False,False,True,53821,59564,2.8,3.7,4.2,0.9,3,False,False,True,False,+3%반등,30.5,-0.3,1.3,3.5,2.8,True,3,강세,-1,0,-1,0,19.6,-0.7,1504.56,,2.14,344.0,344.0,344.0,10,10,1.0,41.5,40.5
028080,휴맥스홀딩스,,8470,36.4,49.6,63.3,-30.3,21.3,4.3,12.6,-2.0,4.7,10.1,-0.2,0.21,12158,6984,0,False,False,False,22834,113989,2.2,1.9,10.8,0.2,6,False,True,True,False,5일선회복/+3%반등,32.5,0.4,0.0,1.6,-0.5,True,3,강세,-1,0,-1,0,19.6,-0.7,1504.56,,2.14,344.0,344.0,344.0,10,10,1.0,41.5,40.5
026910,광진실업,,2850,64.7,79.4,120.2,-16.2,97.6,37.0,14.9,17.3,28.2,39.7,15.1,4.04,3400,1442,15,True,True,True,586989,243250,28.4,15.9,6.1,2.41,10,False,True,True,True,5일선회복/+3%반등/거래량동반양봉,16.5,,,,,False,0,강세,-1,0,-1,0,19.6,-0.7,1504.56,,2.14,344.0,344.0,344.0,10,10,1.0,41.5,40.5
327260,RF머트리얼즈,,97400,42.6,28.8,41.2,-23.1,1821.1,-2.0,-2.6,119.8,-3.9,12.4,160.0,0.61,126600,5070,10,False,True,True,243207,357331,198.0,227.1,356.9,0.68,6,False,True,True,False,5일선회복/+3%반등,25.5,,,,,False,0,강세,-1,0,-1,0,19.6,-0.7,1504.56,,2.14,344.0,344.0,344.0,10,10,1.0,41.5,40.5
331380,포커스에이아이,,2325,48.1,89.0,79.0,-37.1,58.2,20.4,1.8,-18.3,9.8,-2.5,-6.5,1.74,3695,1470,10,False,True,True,122641,184678,7.6,2.6,4.0,0.66,10,False,True,True,True,5일선회복/+3%반등/거래량동반양봉,21.4,,,,,False,0,강세,-1,0,-1,0,19.6,-0.7,1504.56,,2.14,344.0,344.0,344.0,10,10,1.0,41.4,40.4
267980,매일유업,,34750,38.3,29.2,27.0,-16.6,3.9,-2.0,-3.5,-14.1,-1.8,-2.8,-3.3,0.94,41650,33450,0,False,False,False,6930,8798,2.5,2.4,3.1,0.79,3,False,True,False,False,5일선회복,35.3,-4.1,2.1,-6.0,6.3,True,3,강세,-1,0,-1,0,19.6,-0.7,1504.56,,2.14,344.0,344.0,344.0,10,10,1.0,41.3,40.3
060250,NHN KCP,,18750,44.1,42.7,43.7,-26.5,159.7,6.6,-6.7,-17.8,-1.6,1.5,9.7,0.64,25500,7220,10,False,True,True,354999,603756,72.6,63.8,117.1,0.59,6,False,True,True,False,5일선회복/+3%반등,25.3,,,,,False,0,강세,-1,0,-1,0,19.6,-0.7,1504.56,,2.14,344.0,344.0,344.0,10,10,1.0,41.3,40.3
040350,크레오에스지,,4435,67.7,80.3,111.0,-44.8,59.5,24.6,21.2,6.4,18.7,21.3,10.4,1.45,8030,2780,15,True,True,True,140601,95756,6.5,6.1,3.8,1.47,6,False,True,True,False,5일선회복/+3%반등,20.2,,,,,False,0,강세,-1,0,-1,0,19.6,-0.7,1504.56,,2.14,344.0,344.0,344.0,10,10,1.0,41.2,40.2
052300,오션인더블유,,1546,94.5,33.2,120.6,-51.1,14.6,10.4,10.4,-18.7,9.3,6.4,-16.2,9.82,3160,1349,5,False,True,False,477997,113808,18.2,7.4,1.8,4.2,6,False,True,True,False,5일선회복/+3%반등,30.0,-2.2,-0.2,-2.2,-0.2,True,0,강세,-1,0,-1,0,19.6,-0.7,1504.56,,2.14,344.0,344.0,344.0,10,10,1.0,41.0,40.0
032080,아즈텍WB,,1274,39.4,54.9,39.4,-14.8,10.3,5.0,-3.9,-2.3,-1.7,-3.4,-1.7,0.49,1495,1155,10,False,True,True,29777,47760,0.3,0.4,0.6,0.62,3,False,False,True,False,+3%반등,28.0,,,,,False,0,강세,-1,0,-1,0,19.6,-0.7,1504.56,,2.14,344.0,344.0,344.0,10,10,1.0,41.0,40.0
007770,한일화학,,7610,40.2,45.6,39.0,-24.0,5.7,-0.5,-3.5,-7.1,-0.9,-1.8,-8.7,1.7,10010,7200,0,False,False,False,5572,6244,0.8,0.4,0.5,0.89,7,False,True,False,True,5일선회복/거래량동반양봉,33.9,-0.1,0.0,0.0,0.0,True,0,강세,-1,0,-1,0,19.6,-0.7,1504.56,,2.14,344.0,344.0,344.0,10,10,1.0,40.9,39.9
059090,미코,,21950,38.6,32.1,43.0,-25.0,99.5,4.3,4.0,29.7,-2.8,19.5,39.5,0.59,29250,11000,5,False,True,False,420513,795910,103.9,86.3,188.3,0.53,6,False,True,True,False,5일선회복/+3%반등,29.9,,,,,False,0,강세,-1,0,-1,0,19.6,-0.7,1504.56,,2.14,344.0,344.0,344.0,10,10,1.0,40.9,39.9
160980,싸이맥스,,34300,38.8,35.0,34.9,-17.2,207.9,-2.3,12.1,59.9,-3.9,14.7,75.2,0.66,41450,11140,5,False,True,False,148808,238360,52.9,50.1,86.7,0.62,6,False,True,True,False,5일선회복/+3%반등,29.7,,,,,False,0,강세,-1,0,-1,0,19.6,-0.7,1504.56,,2.14,344.0,344.0,344.0,10,10,1.0,40.7,39.7
094360,칩스앤미디어,,17600,38.9,54.9,40.8,-16.8,28.3,5.4,-5.0,-6.2,-2.1,2.5,3.9,0.62,21150,13720,5,False,True,False,98055,185942,20.3,16.4,34.0,0.53,6,False,True,True,False,5일선회복/+3%반등,29.6,,,,,False,0,강세,-1,0,-1,0,19.6,-0.7,1504.56,,2.14,344.0,344.0,344.0,10,10,1.0,40.6,39.6
464500,아이언디바이스,,3530,44.3,45.8,41.9,-28.9,27.2,10.1,-2.5,5.8,-2.5,0.6,5.7,0.4,4965,2775,10,False,True,True,102063,308798,4.4,3.4,11.6,0.33,6,False,True,True,False,5일선회복/+3%반등,24.6,,,,,False,0,강세,-1,0,-1,0,19.6,-0.7,1504.56,,2.14,344.0,344.0,344.0,10,10,1.0,40.6,39.6
188260,세니젠,,2000,44.2,34.4,41.9,-31.4,49.1,6.7,1.9,17.5,-1.7,5.1,-4.6,0.31,2915,1341,10,False,True,True,24173,58916,0.4,0.5,1.2,0.41,6,False,True,True,False,5일선회복/+3%반등,24.5,,,,,False,0,강세,-1,0,-1,0,19.6,-0.7,1504.56,,2.14,344.0,344.0,344.0,10,10,1.0,40.5,39.5
069540,빛과전자,,6990,65.5,75.6,117.3,-13.7,inf,38.4,24.2,526.9,28.3,59.6,284.1,4.03,8100,0,15,True,True,True,32785843,16786877,4781.1,2051.9,980.0,1.95,10,False,True,True,True,5일선회복/+3%반등/거래량동반양봉,15.5,,,,,False,0,강세,-1,0,-1,0,19.6,-0.7,1504.56,,2.14,344.0,344.0,344.0,10,10,1.0,40.5,39.5
012340,뉴인텍,,1380,49.9,32.5,57.5,-70.1,17.0,8.1,-0.3,-58.3,2.8,-2.8,-36.4,0.37,4610,1179,10,False,True,True,145870,466372,2.5,1.9,6.4,0.31,10,False,True,True,True,5일선회복/+3%반등/거래량동반양봉,20.3,,,,,False,0,강세,-1,0,-1,0,19.6,-0.7,1504.56,,2.14,344.0,344.0,344.0,10,10,1.0,40.3,39.3
179900,유티아이,,23400,63.5,82.6,109.3,-20.1,66.8,20.9,7.8,2.0,12.9,18.1,2.6,2.44,29300,14030,15,True,True,True,399051,198770,116.3,90.0,42.6,2.01,10,False,True,True,True,5일선회복/+3%반등/거래량동반양봉,15.2,,,,,False,0,강세,-1,0,-1,0,19.6,-0.7,1504.56,,2.14,344.0,344.0,344.0,10,10,1.0,40.2,39.2
054300,팬스타엔터프라이즈,,1088,43.7,29.9,44.7,-52.0,12.6,2.8,-5.2,-32.8,-0.9,-1.6,-24.7,0.25,2266,966,0,False,False,False,323093,437105,1.2,3.6,4.8,0.74,3,False,False,True,False,+3%반등,34.2,0.3,0.0,-4.9,-1.5,True,3,강세,-1,0,-1,0,19.6,-0.7,1504.56,,2.14,344.0,344.0,344.0,10,10,1.0,40.2,39.2
049550,잉크테크,,3495,39.8,47.4,39.4,-21.5,27.8,0.1,5.0,-0.4,-1.4,3.3,8.7,1.19,4450,2735,5,False,True,False,27888,33836,1.3,1.0,1.2,0.82,6,False,True,True,False,5일선회복/+3%반등,29.1,,,,,False,0,강세,-1,0,-1,0,19.6,-0.7,1504.56,,2.14,344.0,344.0,344.0,10,10,1.0,40.1,39.1
208710,포톤,,3545,69.5,100.0,124.4,-12.8,inf,59.3,1.6,63.4,38.5,48.3,50.7,3.73,4065,0,15,True,True,True,792478,542158,52.7,23.5,15.3,1.46,10,False,True,True,True,5일선회복/+3%반등/거래량동반양봉,15.1,,,,,False,0,강세,-1,0,-1,0,19.6,-0.7,1504.56,,2.14,344.0,344.0,344.0,10,10,1.0,40.1,39.1
215200,메가스터디교육,,40750,27.3,2.7,1.9,-25.4,7.9,-6.4,-8.3,-14.2,-9.0,-10.3,-9.3,1.31,54600,37750,0,False,False,False,40927,35557,19.5,17.2,15.9,1.15,-30,True,False,False,False,⚠️떨어지는칼날,70.1,-12.2,-1.1,-2.1,-12.0,True,0,강세,-1,0,-1,0,19.6,-0.7,1504.56,,2.14,344.0,344.0,344.0,10,10,1.0,40.099999999999994,39.099999999999994
276730,한울앤제주,,13730,69.0,70.3,66.4,-59.3,83.3,2.5,48.4,14.2,11.5,32.3,-23.4,0.36,33767,7489,10,False,True,True,11946,45651,2.4,1.6,6.1,0.26,10,False,True,True,True,5일선회복/+3%반등/거래량동반양봉,20.0,,,,,False,0,강세,-1,0,-1,0,19.6,-0.7,1504.56,,2.14,344.0,344.0,344.0,10,10,1.0,40.0,39.0
408920,메쎄이상,,3385,43.3,3.4,10.5,-22.8,57.4,-8.6,1.0,-6.7,-4.5,-1.3,3.5,0.48,4385,2150,0,False,False,False,56139,139063,2.3,1.9,5.0,0.4,0,False,False,False,False,-,40.0,-2.1,-0.0,1.9,-0.1,True,0,강세,-1,0,-1,0,19.6,-0.7,1504.56,,2.14,344.0,344.0,344.0,10,10,1.0,40.0,39.0
424980,마이크로투나노,,13180,41.9,51.6,43.9,-19.3,83.6,10.0,-8.9,12.2,-1.8,-0.3,22.6,1.45,16340,7180,5,False,True,False,53164,47083,9.3,6.9,6.3,1.13,6,False,True,True,False,5일선회복/+3%반등,29.0,,,,,False,0,강세,-1,0,-1,0,19.6,-0.7,1504.56,,2.14,344.0,344.0,344.0,10,10,1.0,40.0,39.0
115500,케이씨에스,,20600,62.1,100.0,113.4,-25.1,164.8,48.1,8.4,119.6,27.1,54.9,92.0,3.96,27500,7780,10,True,True,False,2362208,1354432,1103.7,418.6,237.1,1.74,10,False,True,True,True,5일선회복/+3%반등/거래량동반양봉,20.0,,,,,False,0,강세,-1,0,-1,0,19.6,-0.7,1504.56,,2.14,344.0,344.0,344.0,10,10,1.0,40.0,39.0
382900,범한퓨얼셀,,31850,42.3,38.6,47.4,-27.9,104.8,14.6,-0.3,0.6,-1.3,4.3,10.4,1.19,44200,15550,5,False,True,False,152271,239012,94.3,44.4,84.1,0.64,10,False,True,True,True,5일선회복/+3%반등/거래량동반양봉,24.9,,,,,False,0,강세,-1,0,-1,0,19.6,-0.7,1504.56,,2.14,344.0,344.0,344.0,10,10,1.0,39.9,38.9
119830,아이텍,,7460,48.0,48.2,56.1,-23.3,49.5,11.3,3.8,-19.5,1.9,7.8,14.1,2.27,9730,4990,15,True,True,True,900007,446023,77.5,70.6,33.7,2.02,6,False,True,True,False,5일선회복/+3%반등,18.7,,,,,False,0,강세,-1,0,-1,0,19.6,-0.7,1504.56,,2.14,344.0,344.0,344.0,10,10,1.0,39.7,38.7
138360,앤로보틱스,,3280,44.7,12.6,30.6,-34.1,inf,-8.6,54.0,60.8,-6.7,23.9,100.9,0.16,4980,0,0,False,False,False,1395630,6272858,34.2,45.4,227.8,0.22,3,False,True,False,False,5일선회복,33.7,5.6,0.0,8.9,0.4,True,3,강세,-1,0,-1,0,19.6,-0.7,1504.56,,2.14,344.0,344.0,344.0,10,10,1.0,39.7,38.7
347850,디앤디파마텍,,76000,51.4,90.4,69.1,-33.2,300.1,22.4,-3.3,-10.5,7.2,2.4,8.5,1.93,113700,18994,10,False,True,True,537239,455472,671.8,362.6,325.6,1.18,10,False,True,True,True,5일선회복/+3%반등/거래량동반양봉,19.6,,,,,False,0,강세,-1,0,-1,0,19.6,-0.7,1504.56,,2.14,344.0,344.0,344.0,10,10,1.0,39.6,38.6
036890,진성티이씨,,15900,29.7,0.8,10.4,-24.6,70.8,-8.1,-8.6,-1.5,-10.9,-7.5,11.5,1.3,21100,9310,0,False,False,False,335111,351438,74.3,55.0,64.1,0.95,-30,True,False,False,False,⚠️떨어지는칼날,66.5,43.5,-73.6,109.4,-125.5,True,3,강세,-1,0,-1,0,19.6,-0.7,1504.56,,2.14,344.0,344.0,344.0,10,10,1.0,39.5,38.5
089140,넥스턴앤롤코리아,,2565,59.7,61.5,101.7,-26.3,30.5,14.5,16.3,-1.5,14.9,16.6,10.0,2.59,3480,1966,15,True,True,True,796188,289455,20.0,20.8,7.1,2.75,6,False,True,True,False,5일선회복/+3%반등,18.5,,,,,False,0,강세,-1,0,-1,0,19.6,-0.7,1504.56,,2.14,344.0,344.0,344.0,10,10,1.0,39.5,38.5
443250,레뷰코퍼레이션,,7600,49.7,78.0,52.8,-42.9,11.4,5.8,-11.5,-31.1,0.6,-12.0,-26.9,0.5,13300,6820,10,False,True,True,52854,93335,3.7,4.0,7.2,0.57,6,False,True,True,False,5일선회복/+3%반등,23.4,,,,,False,0,강세,-1,0,-1,0,19.6,-0.7,1504.56,,2.14,344.0,344.0,344.0,10,10,1.0,39.4,38.4
095910,에스에너지,,2150,39.1,30.2,42.3,-27.1,158.7,-1.4,13.9,58.0,-3.0,9.1,48.1,0.48,2950,831,0,False,False,False,1696347,3751847,40.2,37.5,88.8,0.45,6,False,True,True,False,5일선회복/+3%반등,30.3,6.2,0.0,44.7,0.3,True,3,강세,-1,0,-1,0,19.6,-0.7,1504.56,,2.14,344.0,344.0,344.0,10,10,1.0,39.3,38.3
476060,온코닉테라퓨틱스,,20200,44.2,26.5,31.6,-30.1,304.0,-1.9,-8.6,6.9,-3.6,-7.9,18.4,0.89,28900,5000,0,False,False,False,443425,522143,93.0,90.3,110.6,0.85,6,False,True,True,False,5일선회복/+3%반등,33.3,-31.1,-40.5,-159.3,58.1,True,0,강세,-1,0,-1,0,19.6,-0.7,1504.56,,2.14,344.0,344.0,344.0,10,10,1.0,39.3,38.3
462350,이노스페이스,,16120,44.3,47.5,51.0,-35.4,149.2,0.0,1.0,-14.0,0.2,3.4,22.0,1.32,24967,6469,5,False,True,False,430325,536365,109.4,67.4,86.6,0.8,10,False,True,True,True,5일선회복/+3%반등/거래량동반양봉,24.3,,,,,False,0,강세,-1,0,-1,0,19.6,-0.7,1504.56,,2.14,344.0,344.0,344.0,10,10,1.0,39.3,38.3
348210,넥스틴,,72500,49.5,85.7,63.4,-27.8,77.9,16.9,-5.1,-10.4,4.1,0.2,10.8,1.97,100400,40750,10,False,True,True,113743,100986,147.3,75.9,70.5,1.13,10,False,True,True,True,5일선회복/+3%반등/거래량동반양봉,19.3,,,,,False,0,강세,-1,0,-1,0,19.6,-0.7,1504.56,,2.14,344.0,344.0,344.0,10,10,1.0,39.3,38.3
127120,제이에스링크,,39400,40.3,47.7,45.6,-21.0,405.1,16.2,-7.0,7.9,-1.3,-2.9,50.1,0.83,49900,7800,5,False,True,False,205966,222670,74.2,76.9,88.3,0.92,6,False,True,True,False,5일선회복/+3%반등,28.2,,,,,False,0,강세,-1,0,-1,0,19.6,-0.7,1504.56,,2.14,344.0,344.0,344.0,10,10,1.0,39.2,38.2
092040,아미코젠,,1754,48.5,36.9,47.1,-64.8,51.2,2.8,-5.5,9.8,-0.6,1.7,-30.3,0.65,4980,1160,10,False,True,True,793913,689083,7.6,14.3,12.2,1.15,3,False,False,True,False,+3%반등,26.2,,,,,False,0,강세,-1,0,-1,0,19.6,-0.7,1504.56,,2.14,344.0,344.0,344.0,10,10,1.0,39.2,38.2
225430,케이엠제약,,2690,52.9,55.9,70.1,-60.7,60.1,4.1,4.1,13.5,4.0,-4.2,-6.2,2.61,6850,1680,5,False,True,False,620467,147730,10.9,15.6,3.7,4.2,6,False,True,True,False,5일선회복/+3%반등,28.0,,,,,False,0,강세,-1,0,-1,0,19.6,-0.7,1504.56,,2.14,344.0,344.0,344.0,10,10,1.0,39.0,38.0
290520,신도기연,,2390,45.5,4.7,22.0,-32.0,73.2,-10.8,6.0,42.8,-11.6,-1.8,28.5,0.16,3515,1380,0,False,False,False,139142,547755,2.2,3.4,15.7,0.25,0,False,False,False,False,-,35.8,1.2,-0.0,-2.0,-0.0,True,3,강세,-1,0,-1,0,19.6,-0.7,1504.56,,2.14,344.0,344.0,344.0,10,10,1.0,38.8,37.8
064550,바이오니아,,10170,49.1,60.5,55.8,-43.3,12.4,11.3,-8.0,-22.1,1.4,-5.2,-21.1,0.85,17950,9050,10,True,True,False,644018,260121,23.1,64.1,25.8,2.48,6,False,True,True,False,5일선회복/+3%반등,22.7,,,,,False,0,강세,-1,0,-1,0,19.6,-0.7,1504.56,,2.14,344.0,344.0,344.0,10,10,1.0,38.7,37.7
054210,이랜텍,,12200,40.5,42.5,42.2,-15.8,150.8,6.1,-4.1,11.3,-1.7,7.9,28.6,0.85,14490,4865,10,False,True,True,792119,600606,63.0,101.3,75.7,1.32,3,False,False,True,False,+3%반등,25.7,,,,,False,0,강세,-1,0,-1,0,19.6,-0.7,1504.56,,2.14,344.0,344.0,344.0,10,10,1.0,38.7,37.7
101170,우림피티에스,,13920,46.7,25.8,30.7,-42.0,187.3,-4.5,-0.1,-10.7,-6.6,0.0,25.4,0.19,24000,4845,5,False,True,False,289020,1221040,33.5,39.0,191.7,0.24,3,False,True,False,False,5일선회복,30.6,0.0,0.0,-87.3,-0.4,True,0,강세,-1,0,-1,0,19.6,-0.7,1504.56,,2.14,344.0,344.0,344.0,10,10,1.0,38.6,37.6
083550,케이엠,,3310,42.6,41.9,34.9,-16.2,18.1,2.6,-7.7,-11.4,-2.1,-6.6,-0.8,0.74,3950,2802,5,False,True,False,30490,49251,1.2,1.0,1.7,0.62,6,False,True,True,False,5일선회복/+3%반등,27.5,,,,,False,0,강세,-1,0,-1,0,19.6,-0.7,1504.56,,2.14,344.0,344.0,344.0,10,10,1.0,38.5,37.5
290650,엘앤씨바이오,,72500,64.2,86.1,96.6,-42.0,237.2,20.2,7.7,-38.7,11.5,5.5,18.5,1.31,125000,21500,10,False,True,True,316868,328457,310.2,212.5,214.0,0.96,10,False,True,True,True,5일선회복/+3%반등/거래량동반양봉,18.4,,,,,False,0,강세,-1,0,-1,0,19.6,-0.7,1504.56,,2.14,344.0,344.0,344.0,10,10,1.0,38.4,37.4
013310,아진산업,,3585,44.4,21.1,34.9,-26.8,36.3,-0.4,6.9,-0.1,-4.7,4.9,10.5,0.28,4895,2630,5,False,True,False,954241,2987037,30.8,33.5,119.0,0.32,6,False,True,True,False,5일선회복/+3%반등,27.4,,,,,False,0,강세,-1,0,-1,0,19.6,-0.7,1504.56,,2.14,344.0,344.0,344.0,10,10,1.0,38.4,37.4
306620,지아이에스,,3800,57.1,81.0,90.7,-8.2,116.2,47.9,14.8,40.2,18.5,20.2,54.3,3.12,4140,1758,15,True,True,True,3415352,2028663,249.7,116.2,69.0,1.68,10,False,True,True,True,5일선회복/+3%반등/거래량동반양봉,13.3,,,,,False,0,강세,-1,0,-1,0,19.6,-0.7,1504.56,,2.14,344.0,344.0,344.0,10,10,1.0,38.3,37.3
042520,한스바이오메드,,31000,51.9,95.5,76.8,-46.4,344.8,29.7,-7.3,-36.7,12.1,-9.2,11.4,0.8,57800,6970,10,False,True,True,361244,354926,90.0,102.8,95.9,1.02,6,False,True,True,False,5일선회복/+3%반등,22.2,,,,,False,0,강세,-1,0,-1,0,19.6,-0.7,1504.56,,2.14,344.0,344.0,344.0,10,10,1.0,38.2,37.2
036010,아비코전자,,12460,51.5,79.9,85.1,-8.0,159.0,38.4,17.2,45.1,18.2,27.3,53.3,6.79,13550,4810,15,True,True,True,872536,503632,438.0,103.9,56.8,1.73,10,False,True,True,True,5일선회복/+3%반등/거래량동반양봉,13.2,,,,,False,0,강세,-1,0,-1,0,19.6,-0.7,1504.56,,2.14,344.0,344.0,344.0,10,10,1.0,38.2,37.2
079950,인베니아,,1066,49.5,36.9,51.8,-85.7,inf,7.1,-12.8,-30.2,0.5,-4.5,-39.4,0.8,7440,0,5,False,True,False,374357,351270,3.0,4.0,3.8,1.07,6,False,True,True,False,5일선회복/+3%반등,27.1,,,,,False,0,강세,-1,0,-1,0,19.6,-0.7,1504.56,,2.14,344.0,344.0,344.0,10,10,1.0,38.1,37.1
101330,모베이스,,5010,53.8,39.0,61.5,-45.2,74.0,6.3,1.2,-5.5,3.1,4.7,21.8,0.64,9140,2880,10,False,True,True,317941,1046788,35.2,15.1,56.5,0.3,10,False,True,True,True,5일선회복/+3%반등/거래량동반양봉,18.1,,,,,False,0,강세,-1,0,-1,0,19.6,-0.7,1504.56,,2.14,344.0,344.0,344.0,10,10,1.0,38.1,37.1
059120,아진엑스텍,,10360,42.9,34.4,50.3,-28.6,240.1,2.3,40.0,42.7,0.2,21.5,74.7,0.27,14500,3046,10,False,True,True,985543,3337700,96.2,97.6,362.6,0.3,6,False,True,True,False,5일선회복/+3%반등,22.1,,,,,False,0,강세,-1,0,-1,0,19.6,-0.7,1504.56,,2.14,344.0,344.0,344.0,10,10,1.0,38.1,37.1
274090,켄코아에어로스페이스,,34250,71.6,84.0,127.0,-7.6,256.4,32.0,44.2,32.8,44.9,52.7,104.2,3.41,37050,9610,15,True,True,True,5006616,1581795,1915.7,1458.6,438.5,3.17,10,False,True,True,True,5일선회복/+3%반등/거래량동반양봉,13.0,,,,,False,0,강세,-1,0,-1,0,19.6,-0.7,1504.56,,2.14,344.0,344.0,344.0,10,10,1.0,38.0,37.0
417970,모델솔루션,,18050,46.0,28.5,28.2,-42.7,79.4,-5.8,-5.2,-21.0,-5.0,-5.1,-1.1,0.4,31500,10060,0,False,False,False,44683,94302,7.1,7.9,18.7,0.47,3,False,True,False,False,5일선회복,34.8,0.0,-0.0,-12.5,-0.0,True,0,강세,-1,0,-1,0,19.6,-0.7,1504.56,,2.14,344.0,344.0,344.0,10,10,1.0,37.8,36.8
089030,테크윙,,57500,44.1,63.6,56.1,-22.3,120.7,16.4,0.5,24.9,2.1,4.6,16.3,0.88,74000,26050,10,False,True,True,1033403,1432360,732.3,537.6,824.1,0.72,10,False,True,True,True,5일선회복/+3%반등/거래량동반양봉,17.8,,,,,False,0,강세,-1,0,-1,0,19.6,-0.7,1504.56,,2.14,344.0,344.0,344.0,10,10,1.0,37.8,36.8
109820,진매트릭스,,1992,49.0,25.2,38.7,-48.1,5.3,0.4,-6.5,-17.2,-1.1,-2.2,-16.3,0.41,3835,1891,5,True,False,False,360930,230494,1.9,7.4,4.7,1.57,3,False,False,True,False,+3%반등,29.7,,,,,False,0,강세,-1,0,-1,0,19.6,-0.7,1504.56,,2.14,344.0,344.0,344.0,10,10,1.0,37.7,36.7
215380,우정바이오,,3000,55.8,75.3,76.7,-33.8,116.8,7.1,-7.6,28.5,4.7,3.0,34.5,1.07,4535,1384,10,False,True,True,158930,231915,7.4,4.5,6.7,0.69,10,False,True,True,True,5일선회복/+3%반등/거래량동반양봉,17.7,,,,,False,0,강세,-1,0,-1,0,19.6,-0.7,1504.56,,2.14,344.0,344.0,344.0,10,10,1.0,37.7,36.7
323280,태성,,71600,45.4,46.1,41.8,-23.8,257.1,9.6,-3.5,-0.3,-3.3,8.8,48.8,0.59,94000,20050,10,False,True,True,364070,494137,205.2,245.3,378.5,0.74,6,False,True,True,False,5일선회복/+3%반등,21.5,,,,,False,0,강세,-1,0,-1,0,19.6,-0.7,1504.56,,2.14,344.0,344.0,344.0,10,10,1.0,37.5,36.5
035900,JYP Ent.,,60000,44.5,41.7,37.5,-32.2,6.2,-1.6,-5.4,-15.3,-1.7,-3.3,-13.9,1.11,88500,56500,5,False,False,True,237870,228750,152.5,144.7,140.4,1.04,3,False,False,True,False,+3%반등,29.4,,,,,False,0,강세,-1,0,-1,0,19.6,-0.7,1504.56,,2.14,344.0,344.0,344.0,10,10,1.0,37.4,36.4
039980,폴라리스AI,,8900,47.8,48.7,69.5,-45.2,49.9,11.3,20.1,9.6,6.0,7.5,-10.0,0.48,16235,5939,10,False,True,True,1179075,1973523,87.7,98.7,175.0,0.6,6,False,True,True,False,5일선회복/+3%반등,21.4,,,,,False,0,강세,-1,0,-1,0,19.6,-0.7,1504.56,,2.14,344.0,344.0,344.0,10,10,1.0,37.4,36.4
211270,AP위성,,18390,53.6,70.0,98.5,-17.9,75.1,2.1,5.9,-1.1,9.0,9.4,27.6,3.06,22400,10500,10,True,False,True,764891,499186,290.0,131.6,86.4,1.53,10,False,True,True,True,5일선회복/+3%반등/거래량동반양봉,17.2,,,,,False,0,강세,-1,0,-1,0,19.6,-0.7,1504.56,,2.14,344.0,344.0,344.0,10,10,1.0,37.2,36.2
288620,에스프리즘,,9840,46.6,39.1,39.5,-39.5,29.5,3.1,-2.0,-1.6,-2.8,3.2,-7.9,0.33,16260,7600,5,False,True,False,45047,121852,4.0,4.3,12.9,0.37,6,False,True,True,False,5일선회복/+3%반등,26.1,,,,,False,0,강세,-1,0,-1,0,19.6,-0.7,1504.56,,2.14,344.0,344.0,344.0,10,10,1.0,37.1,36.1
456010,아이씨티케이,,30800,65.3,88.0,126.5,-5.5,194.5,57.2,30.8,68.5,34.1,59.8,91.6,2.97,32600,10460,15,True,True,True,3568869,1589355,1469.5,944.6,391.0,2.25,10,False,True,True,True,5일선회복/+3%반등/거래량동반양봉,12.1,,,,,False,0,강세,-1,0,-1,0,19.6,-0.7,1504.56,,2.14,344.0,344.0,344.0,10,10,1.0,37.1,36.1
122640,예스티,,32100,62.0,81.6,112.4,-5.6,133.8,17.2,20.5,44.3,17.0,26.4,55.6,2.94,34000,13730,15,True,True,True,395143,286592,274.4,118.6,81.4,1.38,10,False,True,True,True,5일선회복/+3%반등/거래량동반양봉,11.9,,,,,False,0,강세,-1,0,-1,0,19.6,-0.7,1504.56,,2.14,344.0,344.0,344.0,10,10,1.0,36.9,35.9
053080,케이엔솔,,13350,43.7,27.7,38.1,-27.6,31.0,3.5,2.4,-2.3,-4.9,5.7,10.4,0.49,18430,10190,5,False,True,False,183319,476718,31.9,23.0,72.2,0.38,6,False,True,True,False,5일선회복/+3%반등,25.8,,,,,False,0,강세,-1,0,-1,0,19.6,-0.7,1504.56,,2.14,344.0,344.0,344.0,10,10,1.0,36.8,35.8
299660,셀리드,,3350,54.1,43.4,80.3,-66.2,47.3,10.9,-1.5,9.1,5.1,14.7,1.9,0.41,9910,2275,10,False,True,True,1083920,1661286,21.0,33.9,54.6,0.65,6,False,True,True,False,5일선회복/+3%반등,20.8,,,,,False,0,강세,-1,0,-1,0,19.6,-0.7,1504.56,,2.14,344.0,344.0,344.0,10,10,1.0,36.8,35.8
060720,KH바텍,,13430,43.2,64.2,49.7,-32.7,44.7,10.2,-4.9,-18.2,-0.1,-2.3,1.0,0.66,19960,9280,5,False,True,False,284488,365476,32.4,36.0,49.6,0.78,6,False,True,True,False,5일선회복/+3%반등,25.8,,,,,False,0,강세,-1,0,-1,0,19.6,-0.7,1504.56,,2.14,344.0,344.0,344.0,10,10,1.0,36.8,35.8
250000,보라티알,,7910,54.8,76.1,83.8,-27.0,14.8,12.7,1.8,-1.6,6.4,3.4,-5.4,3.39,10840,6890,10,True,True,False,66856,23540,6.6,5.2,1.8,2.84,6,False,True,True,False,5일선회복/+3%반등,20.8,,,,,False,0,강세,-1,0,-1,0,19.6,-0.7,1504.56,,2.14,344.0,344.0,344.0,10,10,1.0,36.8,35.8
307870,비투엔,,1094,47.4,40.5,49.0,-43.8,110.0,-4.0,-13.7,-13.6,-0.3,-6.3,-11.9,0.46,1948,521,5,True,False,False,3538882,1249304,6.3,41.8,14.4,2.83,3,False,False,True,False,+3%반등,28.7,,,,,False,0,강세,-1,0,-1,0,19.6,-0.7,1504.56,,2.14,344.0,344.0,344.0,10,10,1.0,36.7,35.7
489500,엘케이켐,,39200,59.2,88.0,102.7,-34.1,138.9,25.6,16.8,-13.8,15.1,16.1,44.4,1.41,59500,16410,15,True,True,True,191772,129398,73.1,71.2,45.3,1.48,6,False,True,True,False,5일선회복/+3%반등,15.7,,,,,False,0,강세,-1,0,-1,0,19.6,-0.7,1504.56,,2.14,344.0,344.0,344.0,10,10,1.0,36.7,35.7
340360,다보링크,,1474,45.2,47.0,32.6,-38.2,34.0,-8.4,-8.4,-6.6,-3.3,-10.2,-5.7,0.62,2385,1100,0,False,False,False,342851,461424,4.2,5.2,7.1,0.74,3,False,False,True,False,+3%반등,33.6,-3.4,0.0,2.7,0.0,True,0,강세,-1,0,-1,0,19.6,-0.7,1504.56,,2.14,344.0,344.0,344.0,10,10,1.0,36.6,35.6
200130,콜마비앤에이치,,11260,48.3,17.3,29.0,-44.5,3.8,-2.2,-3.3,-22.7,-2.3,-2.2,-15.9,0.62,20300,10850,0,False,False,False,90940,103361,7.4,10.4,12.0,0.88,0,False,False,False,False,-,33.6,-2.3,0.8,-8.1,-14.2,True,3,강세,-1,0,-1,0,19.6,-0.7,1504.56,,2.14,344.0,344.0,344.0,10,10,1.0,36.6,35.6
146320,비씨엔씨,,16560,39.5,52.0,38.5,-13.1,101.7,6.2,1.3,4.7,-3.1,6.0,19.2,0.55,19050,8210,5,False,True,False,66549,103346,9.7,10.4,17.8,0.64,6,False,True,True,False,5일선회복/+3%반등,25.6,,,,,False,0,강세,-1,0,-1,0,19.6,-0.7,1504.56,,2.14,344.0,344.0,344.0,10,10,1.0,36.6,35.6
039740,한국정보공학,,5050,66.7,50.2,104.7,-16.5,85.0,5.2,26.9,58.3,15.6,24.7,54.8,7.05,6050,2730,10,True,False,True,446666,167155,61.6,21.9,7.9,2.67,10,False,True,True,True,5일선회복/+3%반등/거래량동반양봉,16.6,,,,,False,0,강세,-1,0,-1,0,19.6,-0.7,1504.56,,2.14,344.0,344.0,344.0,10,10,1.0,36.6,35.6
308080,바이젠셀,,12920,66.1,80.5,107.3,-25.6,inf,25.4,74.8,71.4,18.6,65.9,100.1,2.26,17360,0,10,False,True,True,1535019,2350102,589.4,180.7,256.3,0.65,10,False,True,True,True,5일선회복/+3%반등/거래량동반양봉,16.5,,,,,False,0,강세,-1,0,-1,0,19.6,-0.7,1504.56,,2.14,344.0,344.0,344.0,10,10,1.0,36.5,35.5
173130,오파스넷,,7720,40.2,39.7,53.1,-9.9,27.4,2.0,-7.5,6.6,0.4,0.8,12.4,1.6,8570,6060,5,False,True,False,233468,267084,33.6,17.8,20.6,0.87,6,False,True,True,False,5일선회복/+3%반등,25.4,,,,,False,0,강세,-1,0,-1,0,19.6,-0.7,1504.56,,2.14,344.0,344.0,344.0,10,10,1.0,36.4,35.4
185490,아이진,,2055,71.4,50.8,86.3,-40.7,73.9,31.6,39.2,56.8,28.7,35.2,11.1,1.42,3466,1182,15,True,True,True,12088544,3488546,106.4,268.9,73.2,3.47,3,False,False,True,False,+3%반등,18.4,,,,,False,0,강세,-1,0,-1,0,19.6,-0.7,1504.56,,2.14,344.0,344.0,344.0,10,10,1.0,36.4,35.4
361670,삼영에스앤씨,,3195,41.6,68.3,54.7,-31.8,40.1,3.1,0.2,11.3,0.7,3.4,-10.1,0.61,4685,2280,5,False,False,True,9081,9524,0.2,0.3,0.3,0.95,6,False,True,True,False,5일선회복/+3%반등,25.3,,,,,False,0,강세,-1,0,-1,0,19.6,-0.7,1504.56,,2.14,344.0,344.0,344.0,10,10,1.0,36.3,35.3
108230,톱텍,,4255,43.6,65.9,49.3,-31.0,12.0,6.6,-5.8,-11.9,-0.2,-2.0,-7.3,0.77,6170,3800,5,False,True,False,126606,157272,5.1,5.2,6.7,0.81,6,False,True,True,False,5일선회복/+3%반등,25.2,,,,,False,0,강세,-1,0,-1,0,19.6,-0.7,1504.56,,2.14,344.0,344.0,344.0,10,10,1.0,36.2,35.2
013990,아가방컴퍼니,,5000,46.4,31.3,38.0,-29.1,20.5,0.6,-2.5,4.8,-1.4,0.9,4.3,0.66,7050,4150,10,False,True,True,302369,437104,14.9,15.1,22.3,0.69,3,False,True,False,False,5일선회복,23.1,,,,,False,0,강세,-1,0,-1,0,19.6,-0.7,1504.56,,2.14,344.0,344.0,344.0,10,10,1.0,36.1,35.1
065060,지엔코,,3060,54.0,54.1,90.4,-75.5,22.4,10.5,6.6,-10.5,7.2,8.1,-17.1,0.27,12500,2500,10,False,True,True,21546,53437,0.5,0.6,1.6,0.4,6,False,True,True,False,5일선회복/+3%반등,20.0,,,,,False,0,강세,-1,0,-1,0,19.6,-0.7,1504.56,,2.14,344.0,344.0,344.0,10,10,1.0,36.0,35.0
035620,바른손이앤에이,,1140,54.2,33.3,78.4,-55.4,26.7,10.5,8.3,-7.7,10.5,8.0,-27.4,0.72,2556,900,10,True,False,True,2174608,625007,5.4,23.2,6.6,3.48,6,False,True,True,False,5일선회복/+3%반등,20.0,,,,,False,0,강세,-1,0,-1,0,19.6,-0.7,1504.56,,2.14,344.0,344.0,344.0,10,10,1.0,36.0,35.0
109080,옵티시스,,15160,47.2,64.1,60.0,-33.5,93.9,15.6,-4.5,65.3,3.4,8.1,49.1,1.16,22800,7820,5,False,True,False,171496,182502,32.3,24.0,27.7,0.94,10,False,True,True,True,5일선회복/+3%반등/거래량동반양봉,20.6,,,,,False,0,강세,-1,0,-1,0,19.6,-0.7,1504.56,,2.14,344.0,344.0,344.0,10,10,1.0,35.6,34.6
005990,매일홀딩스,,12780,71.2,93.4,128.2,-1.5,26.5,22.8,14.5,14.0,14.9,14.5,15.9,6.31,12970,10100,15,True,True,True,22531,9538,8.0,2.7,1.1,2.36,10,False,True,True,True,5일선회복/+3%반등/거래량동반양봉,10.6,,,,,False,0,강세,-1,0,-1,0,19.6,-0.7,1504.56,,2.14,344.0,344.0,344.0,10,10,1.0,35.6,34.6
437730,삼현,,60000,59.4,91.2,109.7,-22.0,445.5,6.2,12.4,22.1,9.9,15.2,45.9,2.32,76900,11000,10,False,True,True,333415,323344,459.3,189.9,178.3,1.03,10,False,True,True,True,5일선회복/+3%반등/거래량동반양봉,15.4,,,,,False,0,강세,-1,0,-1,0,19.6,-0.7,1504.56,,2.14,344.0,344.0,344.0,10,10,1.0,35.4,34.4
036540,SFA반도체,,11010,69.6,84.7,116.7,-5.4,291.1,29.5,40.1,50.6,25.6,44.0,101.8,2.64,11640,2815,15,True,True,True,27660901,15411672,4609.2,2808.1,1461.6,1.79,10,False,True,True,True,5일선회복/+3%반등/거래량동반양봉,10.4,,,,,False,0,강세,-1,0,-1,0,19.6,-0.7,1504.56,,2.14,344.0,344.0,344.0,10,10,1.0,35.4,34.4
041910,폴라리스AI파마,,7020,45.1,25.5,34.1,-31.2,21.0,2.2,1.9,6.2,-2.3,-3.5,4.7,0.1,10200,5800,5,False,True,False,221684,1531687,11.2,15.7,114.1,0.14,3,False,False,True,False,+3%반등,27.3,,,,,False,0,강세,-1,0,-1,0,19.6,-0.7,1504.56,,2.14,344.0,344.0,344.0,10,10,1.0,35.3,34.3
238200,비피도,,2790,48.4,28.6,31.1,-36.4,13.4,1.1,-4.9,-0.9,-3.5,-3.7,-15.7,0.5,4390,2460,5,False,True,False,25875,31225,0.4,0.7,0.9,0.83,3,False,False,True,False,+3%반등,27.3,,,,,False,0,강세,-1,0,-1,0,19.6,-0.7,1504.56,,2.14,344.0,344.0,344.0,10,10,1.0,35.3,34.3
461300,아이스크림미디어,,17720,43.8,41.8,45.4,-35.7,25.4,-1.6,8.6,14.7,-0.6,3.5,-0.8,1.35,27550,14130,5,False,False,True,71462,67982,16.5,12.9,12.1,1.05,3,False,False,True,False,+3%반등,27.2,,,,,False,0,강세,-1,0,-1,0,19.6,-0.7,1504.56,,2.14,344.0,344.0,344.0,10,10,1.0,35.2,34.2
310870,디와이씨,,1772,58.2,36.7,67.9,-28.8,57.8,4.4,-1.1,42.9,8.1,7.8,25.2,4.73,2490,1123,10,True,False,True,2023837,1122366,97.7,37.2,19.3,1.8,3,False,False,True,False,+3%반등,22.1,,,,,False,0,강세,-1,0,-1,0,19.6,-0.7,1504.56,,2.14,344.0,344.0,344.0,10,10,1.0,35.1,34.1
092870,엑시콘,,34750,41.7,54.4,51.5,-16.7,271.7,19.2,1.3,17.4,0.6,10.5,69.7,0.74,41700,9350,10,False,True,True,337541,409728,104.6,109.5,143.0,0.82,6,False,True,True,False,5일선회복/+3%반등,19.1,,,,,False,0,강세,-1,0,-1,0,19.6,-0.7,1504.56,,2.14,344.0,344.0,344.0,10,10,1.0,35.1,34.1
457370,한켐,,12310,73.0,100.0,132.5,0.0,74.1,52.0,35.0,17.0,36.6,42.0,39.0,12.31,12310,7070,15,True,True,True,908409,271853,427.6,104.7,30.0,3.34,10,False,True,True,True,5일선회복/+3%반등/거래량동반양봉,10.0,,,,,False,0,강세,-1,0,-1,0,19.6,-0.7,1504.56,,2.14,344.0,344.0,344.0,10,10,1.0,35.0,34.0
140070,서플러스글로벌,,2415,41.6,47.5,35.0,-13.6,38.7,4.3,0.6,13.9,-3.3,9.1,7.3,0.64,2795,1741,5,False,True,False,183582,219176,3.5,4.3,5.5,0.84,6,False,True,True,False,5일선회복/+3%반등,24.0,,,,,False,0,강세,-1,0,-1,0,19.6,-0.7,1504.56,,2.14,344.0,344.0,344.0,10,10,1.0,35.0,34.0
043360,디지아이,,3915,82.3,100.0,144.8,0.0,109.2,40.3,49.4,54.7,40.3,47.8,64.7,9.65,3915,1871,15,True,True,True,145616,47359,18.5,5.2,1.6,3.07,10,False,True,True,True,5일선회복/+3%반등/거래량동반양봉,10.0,,,,,False,0,강세,-1,0,-1,0,19.6,-0.7,1504.56,,2.14,344.0,344.0,344.0,10,10,1.0,35.0,34.0
052710,아모텍,,29600,61.9,100.0,117.7,0.0,299.5,72.7,5.9,153.4,37.3,55.3,127.0,4.6,29600,7410,15,True,True,True,1661797,876474,1176.5,414.7,203.2,1.9,10,False,True,True,True,5일선회복/+3%반등/거래량동반양봉,10.0,,,,,False,0,강세,-1,0,-1,0,19.6,-0.7,1504.56,,2.14,344.0,344.0,344.0,10,10,1.0,35.0,34.0
229000,젠큐릭스,,2590,55.0,17.8,40.4,-64.6,87.0,-3.9,13.1,40.4,-6.9,-5.6,25.7,0.25,7320,1385,5,False,True,False,957409,2752498,18.6,24.4,92.6,0.35,3,False,True,False,False,5일선회복,26.9,,,,,False,0,강세,-1,0,-1,0,19.6,-0.7,1504.56,,2.14,344.0,344.0,344.0,10,10,1.0,34.9,33.9
126730,코칩,,23400,54.5,73.4,91.6,-11.9,119.9,45.4,15.0,28.5,18.1,22.6,47.3,2.81,26550,10640,15,True,True,True,2538778,851734,565.9,554.7,183.6,2.98,6,False,True,True,False,5일선회복/+3%반등,13.8,,,,,False,0,강세,-1,0,-1,0,19.6,-0.7,1504.56,,2.14,344.0,344.0,344.0,10,10,1.0,34.8,33.8
020180,대신정보통신,,1241,58.4,86.5,75.2,-22.4,33.9,13.3,-3.0,12.3,5.7,8.6,17.9,1.86,1600,927,10,False,True,True,869582,978255,21.9,10.2,11.7,0.89,10,False,True,True,True,5일선회복/+3%반등/거래량동반양봉,14.8,,,,,False,0,강세,-1,0,-1,0,19.6,-0.7,1504.56,,2.14,344.0,344.0,344.0,10,10,1.0,34.8,33.8
005670,푸드웰,,6510,47.3,13.2,26.5,-36.3,33.1,-4.0,-5.1,2.8,-3.0,3.2,-2.3,0.55,10220,4890,0,False,False,False,54401,84817,3.1,3.6,5.9,0.64,0,False,False,False,False,-,34.7,-0.9,-0.5,0.4,-1.5,True,0,강세,-1,0,-1,0,19.6,-0.7,1504.56,,2.14,344.0,344.0,344.0,10,10,1.0,34.7,33.7
226950,올릭스,,165600,44.7,69.9,47.3,-23.7,380.0,11.7,-0.3,27.3,-0.9,-4.3,28.7,0.75,217000,34500,10,False,True,True,322512,299715,370.9,499.3,500.8,1.08,6,False,True,True,False,5일선회복/+3%반등,18.7,,,,,False,0,강세,-1,0,-1,0,19.6,-0.7,1504.56,,2.14,344.0,344.0,344.0,10,10,1.0,34.7,33.7
082210,옵트론텍,,1804,49.6,49.9,49.9,-29.0,14.5,5.7,-12.9,-23.2,-0.0,-5.6,-4.4,0.82,2540,1575,10,False,True,True,135386,214998,3.1,2.3,3.9,0.63,6,False,True,True,False,5일선회복/+3%반등,18.7,,,,,False,0,강세,-1,0,-1,0,19.6,-0.7,1504.56,,2.14,344.0,344.0,344.0,10,10,1.0,34.7,33.7
304360,에스바이오메딕스,,33150,40.4,69.6,54.8,-22.2,84.9,13.1,1.2,-12.6,1.6,4.8,15.1,1.06,42600,17930,5,False,True,False,102144,89445,31.7,32.9,29.7,1.14,6,False,True,True,False,5일선회복/+3%반등,23.6,,,,,False,0,강세,-1,0,-1,0,19.6,-0.7,1504.56,,2.14,344.0,344.0,344.0,10,10,1.0,34.6,33.6
125490,한라캐스트,,16150,45.9,46.9,43.9,-36.3,270.8,7.5,-0.9,-11.7,-2.0,3.7,,0.49,25350,4355,5,False,True,False,1105685,2530595,207.5,166.6,435.5,0.44,6,False,True,True,False,5일선회복/+3%반등,23.6,,,,,False,0,강세,-1,0,-1,0,19.6,-0.7,1504.56,,2.14,344.0,344.0,344.0,10,10,1.0,34.6,33.6
357880,SKAI,,5370,82.2,83.4,117.9,-12.8,280.0,46.3,43.0,135.0,40.1,36.6,116.8,1.87,6160,1413,15,True,True,True,4672877,3376597,347.5,221.4,137.0,1.38,10,False,True,True,True,5일선회복/+3%반등/거래량동반양봉,9.5,,,,,False,0,강세,-1,0,-1,0,19.6,-0.7,1504.56,,2.14,344.0,344.0,344.0,10,10,1.0,34.5,33.5
474610,RF시스템즈,,14520,48.7,80.7,82.6,-18.2,273.7,19.2,-9.1,89.3,10.7,17.0,107.9,1.15,17750,3885,10,False,True,True,398400,547594,90.1,53.6,73.3,0.73,10,False,True,True,True,5일선회복/+3%반등/거래량동반양봉,14.5,,,,,False,0,강세,-1,0,-1,0,19.6,-0.7,1504.56,,2.14,344.0,344.0,344.0,10,10,1.0,34.5,33.5
043710,코스리거글로벌,,4470,48.5,43.6,67.7,-36.0,33.8,6.3,-1.2,-0.7,3.2,3.3,0.2,1.25,6985,3340,10,False,True,True,14674,13520,0.8,0.6,0.6,1.09,6,False,True,True,False,5일선회복/+3%반등,18.5,,,,,False,0,강세,-1,0,-1,0,19.6,-0.7,1504.56,,2.14,344.0,344.0,344.0,10,10,1.0,34.5,33.5
053270,구영테크,,2260,43.7,41.4,34.1,-24.8,14.2,-1.1,-5.4,-8.9,-2.0,-2.3,-0.4,0.94,3005,1979,0,False,False,False,140280,164678,3.6,3.1,3.8,0.85,6,False,True,True,False,5일선회복/+3%반등,28.4,,,,,False,0,강세,-1,0,-1,0,19.6,-0.7,1504.56,,2.14,344.0,344.0,344.0,10,10,1.0,34.4,33.4
060310,3S,,1499,48.9,21.6,42.6,-41.6,40.1,2.5,7.3,10.3,-2.4,6.3,-6.6,0.32,2565,1070,5,False,True,False,672035,3023618,11.2,9.8,49.0,0.22,6,False,True,True,False,5일선회복/+3%반등,23.4,,,,,False,0,강세,-1,0,-1,0,19.6,-0.7,1504.56,,2.14,344.0,344.0,344.0,10,10,1.0,34.4,33.4
068100,케이웨더,,2610,59.8,85.3,65.2,-38.4,14.0,6.5,-5.8,-15.9,2.9,-1.8,-10.2,0.58,4235,2290,10,False,True,True,57489,43365,0.7,1.4,1.1,1.33,6,False,True,True,False,5일선회복/+3%반등,18.3,,,,,False,0,강세,-1,0,-1,0,19.6,-0.7,1504.56,,2.14,344.0,344.0,344.0,10,10,1.0,34.3,33.3
032800,판타지오,,2040,54.0,29.9,70.8,-45.7,23.6,9.2,7.9,-2.1,7.0,10.1,-17.4,0.14,3757,1650,10,True,False,True,806754,552626,1.7,17.0,11.4,1.46,6,False,True,True,False,5일선회복/+3%반등,18.3,,,,,False,0,강세,-1,0,-1,0,19.6,-0.7,1504.56,,2.14,344.0,344.0,344.0,10,10,1.0,34.3,33.3
950130,엑세스바이오,,3460,52.1,32.9,52.0,-45.0,31.8,5.5,-0.4,-1.8,0.5,8.1,-8.4,0.35,6296,2625,10,True,False,True,1743200,1191529,15.0,61.3,43.3,1.46,6,False,True,True,False,5일선회복/+3%반등,18.2,,,,,False,0,강세,-1,0,-1,0,19.6,-0.7,1504.56,,2.14,344.0,344.0,344.0,10,10,1.0,34.2,33.2
382480,지아이텍,,2700,46.6,37.9,50.5,-17.3,46.3,3.8,-4.3,17.9,0.1,6.7,20.5,0.68,3265,1845,10,False,True,True,381432,913546,17.1,9.9,25.3,0.42,10,False,True,True,True,5일선회복/+3%반등/거래량동반양봉,14.2,,,,,False,0,강세,-1,0,-1,0,19.6,-0.7,1504.56,,2.14,344.0,344.0,344.0,10,10,1.0,34.2,33.2
221980,케이디켐,,10270,42.2,54.1,40.4,-11.6,3.3,0.0,-1.8,-1.6,-0.5,-0.3,-3.2,0.84,11620,9940,10,True,False,True,3419,2429,0.2,0.3,0.3,1.41,3,False,True,False,False,5일선회복,21.1,,,,,False,0,강세,-1,0,-1,0,19.6,-0.7,1504.56,,2.14,344.0,344.0,344.0,10,10,1.0,34.1,33.1
064290,인텍플러스,,42500,67.2,96.3,125.8,-1.7,419.6,68.0,42.6,153.7,40.9,70.9,151.4,2.69,43250,8180,15,True,True,True,1024083,734334,848.8,364.5,234.4,1.39,10,False,True,True,True,5일선회복/+3%반등/거래량동반양봉,9.1,,,,,False,0,강세,-1,0,-1,0,19.6,-0.7,1504.56,,2.14,344.0,344.0,344.0,10,10,1.0,34.1,33.1
900260,로스웰,,1644,50.0,87.3,92.6,-14.8,200.5,3.3,0.7,1.5,2.6,0.5,23.3,2.59,1929,547,10,False,True,True,36521,31400,1.3,0.6,0.5,1.16,10,False,True,True,True,5일선회복/+3%반등/거래량동반양봉,13.9,,,,,False,0,강세,-1,0,-1,0,19.6,-0.7,1504.56,,2.14,344.0,344.0,344.0,10,10,1.0,33.9,32.9
018700,졸스,,1895,57.8,26.5,64.8,-60.2,26.2,7.4,12.4,-21.0,6.5,12.2,-28.4,0.29,4763,1502,10,True,True,False,2712582,730107,4.2,56.9,15.0,3.72,3,False,False,True,False,+3%반등,20.9,,,,,False,0,강세,-1,0,-1,0,19.6,-0.7,1504.56,,2.14,344.0,344.0,344.0,10,10,1.0,33.9,32.9
007820,엠엑스로보틱스,,5070,46.6,32.4,37.6,-33.1,45.7,0.4,-4.9,-10.4,-2.9,-0.8,7.6,0.6,7580,3480,5,False,True,False,334156,692446,21.9,16.2,37.9,0.48,3,False,True,False,False,5일선회복,25.8,,,,,False,0,강세,-1,0,-1,0,19.6,-0.7,1504.56,,2.14,344.0,344.0,344.0,10,10,1.0,33.8,32.8
039340,한국경제TV,,4830,43.0,68.4,48.3,-25.1,13.1,-0.2,-3.0,-17.6,-0.2,-2.0,-10.0,0.79,6450,4270,5,False,False,True,17137,13986,0.5,0.8,0.7,1.23,6,False,True,True,False,5일선회복/+3%반등,22.7,,,,,False,0,강세,-1,0,-1,0,19.6,-0.7,1504.56,,2.14,344.0,344.0,344.0,10,10,1.0,33.7,32.7
086520,에코프로,,147000,45.3,63.0,53.2,-22.6,289.4,15.9,-10.5,-14.2,1.3,-0.3,38.4,1.27,190000,37750,5,False,True,False,1839321,1544959,2875.8,2534.7,2258.6,1.19,6,False,True,True,False,5일선회복/+3%반등,22.7,,,,,False,0,강세,-1,0,-1,0,19.6,-0.7,1504.56,,2.14,344.0,344.0,344.0,10,10,1.0,33.7,32.7
403870,HPSP,,60100,57.4,62.4,110.8,-11.4,184.2,15.1,25.2,30.9,12.2,23.6,61.3,2.73,67800,21150,10,False,True,True,2881001,3086056,4501.1,1612.0,1660.2,0.93,10,False,True,True,True,5일선회복/+3%반등/거래량동반양봉,13.2,,,,,False,0,강세,-1,0,-1,0,19.6,-0.7,1504.56,,2.14,344.0,344.0,344.0,10,10,1.0,33.2,32.2
084440,유비온,,1120,40.5,42.5,41.7,-18.0,26.7,-1.9,-3.7,0.9,-1.2,3.1,6.8,1.12,1366,884,0,False,False,False,54331,75503,1.0,0.6,0.9,0.72,6,False,True,True,False,5일선회복/+3%반등,27.2,,,,,False,0,강세,-1,0,-1,0,19.6,-0.7,1504.56,,2.14,344.0,344.0,344.0,10,10,1.0,33.2,32.2
376290,씨유테크,,2860,47.3,60.0,67.5,-20.0,11.5,4.4,0.7,-1.2,2.2,3.3,-3.5,2.19,3575,2565,5,False,True,False,19584,28853,1.8,0.5,0.8,0.68,10,False,True,True,True,5일선회복/+3%반등/거래량동반양봉,18.0,,,,,False,0,강세,-1,0,-1,0,19.6,-0.7,1504.56,,2.14,344.0,344.0,344.0,10,10,1.0,33.0,32.0
149950,아바텍,,16100,62.6,58.1,115.7,-17.4,106.9,33.1,16.0,44.4,19.8,35.6,60.7,8.96,19490,7780,10,True,True,False,641531,233426,340.6,100.8,34.8,2.75,6,False,True,True,False,5일선회복/+3%반등,17.0,,,,,False,0,강세,-1,0,-1,0,19.6,-0.7,1504.56,,2.14,344.0,344.0,344.0,10,10,1.0,33.0,32.0
066310,큐에스아이,,15670,50.1,73.5,77.3,-31.1,137.1,25.2,5.5,89.7,9.8,19.0,70.5,2.05,22750,6610,5,False,True,False,549852,594052,190.3,78.7,88.2,0.93,10,False,True,True,True,5일선회복/+3%반등/거래량동반양봉,17.7,,,,,False,0,강세,-1,0,-1,0,19.6,-0.7,1504.56,,2.14,344.0,344.0,344.0,10,10,1.0,32.7,31.700000000000003
264450,유비쿼스,,14730,44.3,33.2,45.3,-22.5,101.8,5.9,-4.4,12.1,-1.2,-2.7,31.2,0.5,19000,7300,5,False,True,False,152601,257965,18.8,21.6,40.4,0.59,6,False,True,True,False,5일선회복/+3%반등,21.6,,,,,False,0,강세,-1,0,-1,0,19.6,-0.7,1504.56,,2.14,344.0,344.0,344.0,10,10,1.0,32.6,31.6
024880,케이피에프,,5690,45.1,56.6,45.3,-17.3,42.6,6.4,-0.5,-10.4,-0.8,-1.5,2.8,0.75,6880,3990,10,False,True,True,212655,243433,10.4,11.7,14.0,0.87,6,False,True,True,False,5일선회복/+3%반등,16.4,,,,,False,0,강세,-1,0,-1,0,19.6,-0.7,1504.56,,2.14,344.0,344.0,344.0,10,10,1.0,32.4,31.4
066900,디에이피,,1843,72.4,66.5,70.6,-43.5,40.4,0.8,18.0,-4.6,4.4,15.8,-3.7,1.97,3260,1313,0,False,False,False,14157,21664,0.7,0.3,0.4,0.65,10,False,True,True,True,5일선회복/+3%반등/거래량동반양봉,22.2,,,,,False,0,강세,-1,0,-1,0,19.6,-0.7,1504.56,,2.14,344.0,344.0,344.0,10,10,1.0,32.2,31.200000000000003
317120,라닉스,,2460,47.2,55.0,57.0,-32.8,65.0,4.7,-7.5,24.6,1.4,9.1,17.7,0.9,3660,1491,5,False,True,False,656216,842550,18.9,15.6,21.4,0.78,6,False,True,True,False,5일선회복/+3%반등,21.1,,,,,False,0,강세,-1,0,-1,0,19.6,-0.7,1504.56,,2.14,344.0,344.0,344.0,10,10,1.0,32.1,31.1
445090,에이직랜드,,31000,47.6,78.1,69.3,-13.6,31.9,11.1,1.0,-3.0,3.7,7.5,4.9,1.6,35900,23500,10,False,True,True,154392,118449,59.6,45.5,35.6,1.3,10,False,True,True,True,5일선회복/+3%반등/거래량동반양봉,12.0,,,,,False,0,강세,-1,0,-1,0,19.6,-0.7,1504.56,,2.14,344.0,344.0,344.0,10,10,1.0,32.0,31.0
130740,티피씨글로벌,,2035,49.0,24.2,42.7,-41.8,26.4,-1.7,-6.9,-3.1,-1.9,-3.9,3.0,0.48,3495,1610,0,False,False,False,339300,408643,4.2,6.9,9.1,0.83,6,False,True,True,False,5일선회복/+3%반등,26.0,,,,,False,0,강세,-1,0,-1,0,19.6,-0.7,1504.56,,2.14,344.0,344.0,344.0,10,10,1.0,32.0,31.0
077360,덕산하이메탈,,17780,40.5,50.6,49.5,-15.7,374.1,3.4,12.9,37.8,-0.1,20.3,101.3,1.03,21100,3750,5,False,True,False,1501866,2130359,314.0,263.6,378.0,0.7,6,False,True,True,False,5일선회복/+3%반등,20.9,,,,,False,0,강세,-1,0,-1,0,19.6,-0.7,1504.56,,2.14,344.0,344.0,344.0,10,10,1.0,31.9,30.9
347700,스피어,,46750,57.2,64.7,89.7,-18.4,inf,-2.9,5.1,2.4,9.0,4.9,96.4,2.89,57300,0,5,True,False,False,2078242,1441883,1979.0,940.7,641.6,1.44,10,False,True,True,True,5일선회복/+3%반등/거래량동반양봉,16.8,,,,,False,0,강세,-1,0,-1,0,19.6,-0.7,1504.56,,2.14,344.0,344.0,344.0,10,10,1.0,31.8,30.8
140860,파크시스템스,,286500,41.5,41.3,48.1,-18.3,39.8,5.5,0.7,2.3,-0.5,6.4,13.0,0.77,350500,205000,5,False,True,False,49886,52301,117.1,134.8,151.3,0.95,6,False,True,True,False,5일선회복/+3%반등,20.8,,,,,False,0,강세,-1,0,-1,0,19.6,-0.7,1504.56,,2.14,344.0,344.0,344.0,10,10,1.0,31.8,30.8
042420,네오위즈홀딩스,,22800,56.7,48.1,74.5,-33.2,18.0,11.5,-0.9,-19.4,5.7,0.8,-7.1,0.41,34150,19320,15,True,True,True,143351,44693,4.4,33.0,10.1,3.21,3,False,False,True,False,+3%반등,13.7,,,,,False,0,강세,-1,0,-1,0,19.6,-0.7,1504.56,,2.14,344.0,344.0,344.0,10,10,1.0,31.7,30.7
078150,HB테크놀러지,,4360,65.1,39.8,70.7,-29.0,156.3,18.6,65.2,105.7,15.2,50.6,96.9,0.33,6140,1701,10,False,True,True,3134665,12198966,183.9,124.0,519.2,0.26,10,False,True,True,True,5일선회복/+3%반등/거래량동반양봉,11.6,,,,,False,0,강세,-1,0,-1,0,19.6,-0.7,1504.56,,2.14,344.0,344.0,344.0,10,10,1.0,31.6,30.6
178780,일월지엠엘,,2530,47.5,84.4,66.8,-24.3,14.7,6.8,-4.2,-7.5,2.5,-1.2,-8.6,0.67,3340,2205,10,False,True,True,25587,30405,0.5,0.6,0.8,0.84,6,False,True,True,False,5일선회복/+3%반등,15.6,,,,,False,0,강세,-1,0,-1,0,19.6,-0.7,1504.56,,2.14,344.0,344.0,344.0,10,10,1.0,31.6,30.6
192410,오늘이엔엠,,6430,65.6,61.5,52.9,-25.2,inf,0.5,-17.1,261.2,1.1,8.6,94.7,0.47,8600,0,10,False,True,True,157952,360851,11.3,10.4,23.0,0.44,3,False,False,True,False,+3%반등,18.6,,,,,False,0,강세,-1,0,-1,0,19.6,-0.7,1504.56,,2.14,344.0,344.0,344.0,10,10,1.0,31.6,30.6
056360,코위버,,11260,52.8,65.8,75.6,-22.6,155.6,26.5,15.0,126.3,11.3,25.2,80.5,2.52,14550,4405,5,False,True,False,883512,799405,232.2,88.4,85.3,1.11,10,False,True,True,True,5일선회복/+3%반등/거래량동반양봉,16.6,,,,,False,0,강세,-1,0,-1,0,19.6,-0.7,1504.56,,2.14,344.0,344.0,344.0,10,10,1.0,31.6,30.6
042510,라온시큐어,,13220,50.7,70.3,76.9,-22.1,76.7,17.1,0.2,38.9,7.1,20.9,30.6,2.53,16960,7480,5,False,True,False,740469,661923,214.6,90.3,84.2,1.12,10,False,True,True,True,5일선회복/+3%반등/거래량동반양봉,16.5,,,,,False,0,강세,-1,0,-1,0,19.6,-0.7,1504.56,,2.14,344.0,344.0,344.0,10,10,1.0,31.5,30.5
038010,제일테크노스,,6620,42.3,65.8,46.4,-17.1,19.3,1.1,-1.2,4.6,-0.4,2.4,3.6,0.49,7990,5550,5,False,True,False,27463,31884,1.0,1.8,2.1,0.86,6,False,True,True,False,5일선회복/+3%반등,20.4,,,,,False,0,강세,-1,0,-1,0,19.6,-0.7,1504.56,,2.14,344.0,344.0,344.0,10,10,1.0,31.4,30.4
054920,한컴위드,,6720,47.2,32.9,45.0,-25.2,168.3,12.8,3.2,28.2,-2.1,14.7,39.3,0.63,8980,2505,5,False,True,False,2541332,4230919,184.6,157.4,315.2,0.6,10,False,True,True,True,5일선회복/+3%반등/거래량동반양봉,16.3,,,,,False,0,강세,-1,0,-1,0,19.6,-0.7,1504.56,,2.14,344.0,344.0,344.0,10,10,1.0,31.3,30.3
105760,포스뱅크,,5430,44.7,46.9,37.3,-31.6,18.0,-3.0,-4.2,-3.6,-1.5,-1.3,-3.5,1.11,7940,4600,0,False,False,False,85017,70752,4.4,4.7,3.9,1.2,3,False,False,True,False,+3%반등,28.3,,,,,False,0,강세,-1,0,-1,0,19.6,-0.7,1504.56,,2.14,344.0,344.0,344.0,10,10,1.0,31.3,30.3
145020,휴젤,,260500,49.6,34.3,33.7,-33.5,24.9,-0.4,-1.3,0.6,-3.0,0.2,-2.2,0.77,392000,208500,10,False,True,True,57124,66652,136.8,149.3,181.4,0.86,0,False,False,False,False,-,21.2,,,,,False,0,강세,-1,0,-1,0,19.6,-0.7,1504.56,,2.14,344.0,344.0,344.0,10,10,1.0,31.2,30.2
196450,코아시아씨엠,,1490,54.3,50.0,81.3,-25.5,134.6,18.3,19.6,16.5,11.2,7.2,44.6,0.91,2000,635,15,True,True,True,1310878,841938,11.9,20.2,12.1,1.56,6,False,True,True,False,5일선회복/+3%반등,10.2,,,,,False,0,강세,-1,0,-1,0,19.6,-0.7,1504.56,,2.14,344.0,344.0,344.0,10,10,1.0,31.2,30.2
066980,한성크린텍,,2250,74.4,82.3,121.1,-8.2,109.5,62.8,43.8,80.4,38.8,47.4,65.6,2.36,2450,1074,15,True,True,True,14366579,3864292,214.6,265.2,69.9,3.72,6,False,True,True,False,5일선회복/+3%반등,10.1,,,,,False,0,강세,-1,0,-1,0,19.6,-0.7,1504.56,,2.14,344.0,344.0,344.0,10,10,1.0,31.1,30.1
061090,세나테크놀로지,,46350,54.9,54.4,61.2,-73.7,36.5,9.6,10.1,3.3,3.8,13.5,,0.67,176400,33950,5,False,True,False,45898,68745,22.0,20.3,32.4,0.67,6,False,True,True,False,5일선회복/+3%반등,20.0,,,,,False,0,강세,-1,0,-1,0,19.6,-0.7,1504.56,,2.14,344.0,344.0,344.0,10,10,1.0,31.0,30.0
052900,KX하이텍,,2060,76.4,68.9,96.3,-15.2,141.8,38.1,69.1,41.5,36.3,58.3,92.6,1.76,2430,852,15,True,True,True,11109526,7078859,268.9,213.7,117.2,1.57,6,False,True,True,False,5일선회복/+3%반등,9.9,,,,,False,0,강세,-1,0,-1,0,19.6,-0.7,1504.56,,2.14,344.0,344.0,344.0,10,10,1.0,30.9,29.9
067990,도이치모터스,,4610,31.6,2.3,0.0,-20.8,15.4,-8.0,2.0,4.7,-10.3,-2.8,-0.4,0.64,5820,3995,0,False,False,False,177610,456306,14.1,8.5,23.7,0.39,-30,True,False,False,False,⚠️떨어지는칼날,60.9,-6.5,-0.1,3.8,24.5,True,0,강세,-1,0,-1,0,19.6,-0.7,1504.56,,2.14,344.0,344.0,344.0,10,10,1.0,30.9,29.9
356680,엑스게이트,,27550,68.9,100.0,127.7,0.0,351.6,78.2,100.2,264.9,62.9,127.1,210.7,2.15,27550,6100,15,True,True,True,6389394,4313856,2499.7,1395.9,804.9,1.48,10,False,True,True,True,5일선회복/+3%반등/거래량동반양봉,5.8,,,,,False,0,강세,-1,0,-1,0,19.6,-0.7,1504.56,,2.14,344.0,344.0,344.0,10,10,1.0,30.8,29.8
397030,에이프릴바이오,,58000,50.3,30.0,38.6,-24.4,266.2,8.0,-0.7,-12.3,-4.2,-2.4,28.5,0.58,76700,15840,10,False,True,True,232414,298689,103.4,126.2,185.6,0.78,6,False,True,True,False,5일선회복/+3%반등,14.7,,,,,False,0,강세,-1,0,-1,0,19.6,-0.7,1504.56,,2.14,344.0,344.0,344.0,10,10,1.0,30.7,29.7
352090,스톰테크,,3720,45.3,16.5,21.7,-19.3,11.7,-2.4,-2.1,-0.7,-2.3,0.1,1.3,0.77,4610,3330,0,False,False,False,48656,83597,2.4,1.8,3.2,0.58,0,False,False,False,False,-,30.5,-1.6,-0.0,0.5,-0.4,True,0,강세,-1,0,-1,0,19.6,-0.7,1504.56,,2.14,344.0,344.0,344.0,10,10,1.0,30.5,29.5
091340,S&K폴리텍,,2600,41.3,57.4,56.3,-12.6,26.2,2.2,-2.6,13.3,0.6,3.8,7.7,0.78,2975,2060,5,False,False,True,45308,55527,1.1,1.2,1.4,0.82,6,False,True,True,False,5일선회복/+3%반등,19.4,,,,,False,0,강세,-1,0,-1,0,19.6,-0.7,1504.56,,2.14,344.0,344.0,344.0,10,10,1.0,30.4,29.4
444530,심플랫폼,,10800,56.6,68.0,72.5,-43.3,113.9,8.0,33.3,65.4,7.3,24.9,22.3,0.47,19060,5050,10,False,True,True,89587,114546,6.0,9.9,11.4,0.78,3,False,False,True,False,+3%반등,17.3,,,,,False,0,강세,-1,0,-1,0,19.6,-0.7,1504.56,,2.14,344.0,344.0,344.0,10,10,1.0,30.3,29.3
072950,빛샘전자,,16550,59.0,51.4,74.6,-35.6,279.2,14.4,26.8,148.5,12.2,38.5,131.7,0.51,25700,4365,10,False,True,True,1931793,2655713,231.8,287.9,424.1,0.73,6,False,True,True,False,5일선회복/+3%반등,14.2,,,,,False,0,강세,-1,0,-1,0,19.6,-0.7,1504.56,,2.14,344.0,344.0,344.0,10,10,1.0,30.2,29.2
100590,머큐리,,8220,54.2,34.8,56.3,-35.5,173.1,15.3,20.5,121.0,4.4,16.1,93.8,0.48,12750,3010,10,False,True,True,2142184,3847033,157.9,159.0,338.2,0.56,6,False,True,True,False,5일선회복/+3%반등,14.2,,,,,False,0,강세,-1,0,-1,0,19.6,-0.7,1504.56,,2.14,344.0,344.0,344.0,10,10,1.0,30.2,29.2
336570,원텍,,9000,62.9,80.8,89.6,-32.9,40.4,16.9,22.0,10.3,13.5,20.7,5.8,1.2,13410,6410,10,True,True,False,3069957,1833887,206.7,268.3,153.7,1.67,6,False,True,True,False,5일선회복/+3%반등,14.2,,,,,False,0,강세,-1,0,-1,0,19.6,-0.7,1504.56,,2.14,344.0,344.0,344.0,10,10,1.0,30.2,29.2
469750,아이비젼웍스,,1257,54.6,32.9,52.8,-40.1,47.7,4.8,-6.1,-2.6,0.8,4.9,-3.6,0.18,2100,851,5,False,True,False,303908,1390869,3.2,3.6,18.7,0.22,6,False,True,True,False,5일선회복/+3%반등,19.1,,,,,False,0,강세,-1,0,-1,0,19.6,-0.7,1504.56,,2.14,344.0,344.0,344.0,10,10,1.0,30.1,29.1
064850,에프앤가이드,,28250,47.4,30.0,44.0,-23.6,338.7,2.5,-6.6,86.1,-1.5,13.2,106.7,0.85,37000,6440,5,False,True,False,96792,144738,34.0,26.2,42.6,0.67,6,False,True,True,False,5일선회복/+3%반등,19.0,,,,,False,0,강세,-1,0,-1,0,19.6,-0.7,1504.56,,2.14,344.0,344.0,344.0,10,10,1.0,30.0,29.0
263020,디케이앤디,,3485,43.3,25.0,31.9,-28.5,30.0,-5.4,9.6,14.4,-4.6,3.7,11.1,0.23,4875,2680,0,False,False,False,316144,1138243,9.7,11.1,44.4,0.28,0,False,False,False,False,-,29.9,,,,,False,0,강세,-1,0,-1,0,19.6,-0.7,1504.56,,2.14,344.0,344.0,344.0,10,10,1.0,29.9,28.9
101680,한국정밀기계,,2990,50.8,86.2,68.2,-30.5,47.3,10.5,-3.2,6.0,4.0,3.3,17.8,0.98,4300,2030,10,False,True,True,86353,94811,2.7,2.5,2.7,0.91,6,False,True,True,False,5일선회복/+3%반등,13.8,,,,,False,0,강세,-1,0,-1,0,19.6,-0.7,1504.56,,2.14,344.0,344.0,344.0,10,10,1.0,29.8,28.8
123410,코리아에프티,,7060,48.5,85.2,67.5,-26.1,61.9,9.8,0.3,-23.7,3.4,1.0,0.9,1.23,9550,4360,10,True,True,False,311709,220598,19.6,21.1,15.1,1.41,6,False,True,True,False,5일선회복/+3%반등,13.8,,,,,False,0,강세,-1,0,-1,0,19.6,-0.7,1504.56,,2.14,344.0,344.0,344.0,10,10,1.0,29.8,28.8
452190,한빛레이저,,7700,46.6,31.0,43.0,-27.3,115.1,10.5,10.3,62.4,-2.9,28.4,51.0,0.41,10590,3580,5,False,True,False,1210553,4152316,132.4,91.3,349.3,0.29,6,False,True,True,False,5일선회복/+3%반등,18.8,,,,,False,0,강세,-1,0,-1,0,19.6,-0.7,1504.56,,2.14,344.0,344.0,344.0,10,10,1.0,29.8,28.8
230240,에치에프알,,34500,44.4,58.2,64.8,-13.1,202.1,18.8,16.9,101.3,7.1,13.6,80.9,0.85,39700,11420,10,False,True,True,539257,682132,204.0,169.8,227.2,0.79,6,False,True,True,False,5일선회복/+3%반등,13.6,,,,,False,0,강세,-1,0,-1,0,19.6,-0.7,1504.56,,2.14,344.0,344.0,344.0,10,10,1.0,29.6,28.6
072870,메가스터디,,12860,40.7,35.1,29.9,-6.2,21.8,-0.5,-2.6,10.3,-1.4,0.4,10.6,1.15,13710,10560,0,False,False,False,19998,30118,4.5,2.6,3.9,0.66,3,False,True,False,False,5일선회복,26.5,,,,,False,0,강세,-1,0,-1,0,19.6,-0.7,1504.56,,2.14,344.0,344.0,344.0,10,10,1.0,29.5,28.5
396270,넥스트칩,,5190,51.0,13.6,30.3,-31.4,182.7,-10.2,1.2,60.4,-9.3,8.8,47.7,0.71,7570,1836,5,False,True,False,576215,1040216,38.8,30.5,62.1,0.55,0,False,False,False,False,-,24.5,,,,,False,0,강세,-1,0,-1,0,19.6,-0.7,1504.56,,2.14,344.0,344.0,344.0,10,10,1.0,29.5,28.5
081150,티플랙스,,3655,49.9,11.3,35.5,-34.4,38.2,-6.3,2.0,15.1,-5.4,0.8,13.9,0.26,5570,2645,5,False,True,False,666628,2638232,26.0,24.9,116.9,0.25,0,False,False,False,False,-,24.4,,,,,False,0,강세,-1,0,-1,0,19.6,-0.7,1504.56,,2.14,344.0,344.0,344.0,10,10,1.0,29.4,28.4
351320,넥사다이내믹스,,1444,60.0,51.8,46.5,-49.9,87.3,-5.2,1.0,21.2,-0.7,5.2,2.6,0.34,2880,771,5,False,False,True,149125,287187,1.4,2.2,4.3,0.52,3,False,False,True,False,+3%반등,21.4,,,,,False,0,강세,-1,0,-1,0,19.6,-0.7,1504.56,,2.14,344.0,344.0,344.0,10,10,1.0,29.4,28.4
050760,에스폴리텍,,1333,44.7,62.6,60.1,-37.1,24.3,1.0,-0.9,7.3,1.4,-0.6,-6.0,0.94,2120,1072,0,False,False,False,86534,102309,1.2,1.2,1.3,0.85,6,False,True,True,False,5일선회복/+3%반등,23.2,,,,,False,0,강세,-1,0,-1,0,19.6,-0.7,1504.56,,2.14,344.0,344.0,344.0,10,10,1.0,29.2,28.2
031510,오스템,,1152,82.9,84.2,105.5,-2.5,21.3,5.9,9.8,13.9,9.7,10.6,10.8,2.63,1181,950,10,True,False,True,204783,107212,3.2,2.3,1.2,1.91,10,False,True,True,True,5일선회복/+3%반등/거래량동반양봉,9.1,,,,,False,0,강세,-1,0,-1,0,19.6,-0.7,1504.56,,2.14,344.0,344.0,344.0,10,10,1.0,29.1,28.1
215480,토박스코리아,,2450,65.2,98.8,101.7,-9.8,39.0,3.8,4.5,19.5,8.1,10.5,12.8,2.04,2715,1762,10,True,False,True,70735,43622,2.2,1.7,1.0,1.62,10,False,True,True,True,5일선회복/+3%반등/거래량동반양봉,9.1,,,,,False,0,강세,-1,0,-1,0,19.6,-0.7,1504.56,,2.14,344.0,344.0,344.0,10,10,1.0,29.1,28.1
130580,나이스디앤비,,5450,44.6,32.5,36.5,-17.3,14.7,-0.2,-4.2,-7.6,-1.4,-2.8,-4.1,1.12,6590,4750,0,False,False,False,8858,9901,0.6,0.5,0.5,0.89,6,False,True,True,False,5일선회복/+3%반등,23.1,,,,,False,0,강세,-1,0,-1,0,19.6,-0.7,1504.56,,2.14,344.0,344.0,344.0,10,10,1.0,29.1,28.1
099430,바이오플러스,,6100,55.2,87.0,89.5,-26.9,35.3,9.9,9.5,10.9,6.5,12.1,5.8,1.47,8350,4510,10,True,True,False,701938,485352,44.7,41.0,28.0,1.45,6,False,True,True,False,5일선회복/+3%반등,13.1,,,,,False,0,강세,-1,0,-1,0,19.6,-0.7,1504.56,,2.14,344.0,344.0,344.0,10,10,1.0,29.1,28.1
030520,한글과컴퓨터,,20500,51.3,77.3,65.1,-42.9,11.9,5.0,-1.9,-13.0,2.1,1.6,-11.7,1.0,35900,18320,5,False,True,False,156628,133239,27.4,30.8,26.7,1.18,6,False,True,True,False,5일선회복/+3%반등,18.1,,,,,False,0,강세,-1,0,-1,0,19.6,-0.7,1504.56,,2.14,344.0,344.0,344.0,10,10,1.0,29.1,28.1
142280,녹십자엠에스,,5790,69.7,70.1,91.3,-13.1,80.9,41.7,48.3,50.8,28.5,43.6,44.9,1.49,6660,3200,15,True,True,True,13996511,5313200,481.4,785.4,280.1,2.63,6,False,True,True,False,5일선회복/+3%반등,7.7,,,,,False,0,강세,-1,0,-1,0,19.6,-0.7,1504.56,,2.14,344.0,344.0,344.0,10,10,1.0,28.7,27.7
095190,신화프리텍,,2380,43.5,43.2,34.4,-19.7,24.4,-11.9,-3.6,1.9,-3.0,-1.0,7.2,0.48,2965,1913,0,False,False,False,239498,374700,4.3,5.8,9.3,0.64,3,False,False,True,False,+3%반등,25.7,,,,,False,0,강세,-1,0,-1,0,19.6,-0.7,1504.56,,2.14,344.0,344.0,344.0,10,10,1.0,28.7,27.7
037440,희림,,5790,48.9,29.8,38.8,-22.4,58.0,6.4,-5.2,27.0,-4.0,8.0,24.2,0.55,7460,3665,5,False,True,False,751837,1522266,49.4,42.6,102.1,0.49,6,False,True,True,False,5일선회복/+3%반등,17.7,,,,,False,0,강세,-1,0,-1,0,19.6,-0.7,1504.56,,2.14,344.0,344.0,344.0,10,10,1.0,28.7,27.7
223250,드림씨아이에스,,6160,60.5,35.9,57.0,-28.7,113.9,-4.5,22.7,2.7,4.1,16.0,23.3,0.77,8640,2880,10,False,True,True,1411207,2702906,134.2,82.6,187.8,0.52,7,False,True,False,True,5일선회복/거래량동반양봉,11.5,,,,,False,0,강세,-1,0,-1,0,19.6,-0.7,1504.56,,2.14,344.0,344.0,344.0,10,10,1.0,28.5,27.5
087010,펩트론,,270500,51.0,52.4,63.4,-31.1,79.1,13.2,6.9,-1.8,3.0,-2.9,-3.9,0.81,392500,151000,10,False,True,True,148879,168781,373.2,371.0,445.9,0.88,6,False,True,True,False,5일선회복/+3%반등,12.4,,,,,False,0,강세,-1,0,-1,0,19.6,-0.7,1504.56,,2.14,344.0,344.0,344.0,10,10,1.0,28.4,27.4
017250,인터엠,,1083,44.6,43.5,47.1,-15.1,11.2,1.1,-0.2,-1.5,-0.2,0.9,2.2,0.88,1275,974,10,True,False,True,235644,104852,1.0,2.6,1.2,2.25,3,False,False,True,False,+3%반등,15.4,,,,,False,0,강세,-1,0,-1,0,19.6,-0.7,1504.56,,2.14,344.0,344.0,344.0,10,10,1.0,28.4,27.4
069410,엔텔스,,4805,43.9,56.0,47.1,-22.5,20.1,-1.7,-6.0,-2.0,-0.3,-1.8,-3.8,0.48,6200,4000,0,False,False,False,36631,59294,1.3,1.7,2.9,0.62,6,False,True,True,False,5일선회복/+3%반등,22.3,,,,,False,0,강세,-1,0,-1,0,19.6,-0.7,1504.56,,2.14,344.0,344.0,344.0,10,10,1.0,28.3,27.3
080580,오킨스전자,,22950,48.2,55.2,50.5,-16.5,366.5,21.1,2.0,35.2,0.2,7.0,77.1,1.57,27500,4920,10,False,True,True,791452,697202,258.0,171.2,158.8,1.14,6,False,True,True,False,5일선회복/+3%반등,12.1,,,,,False,0,강세,-1,0,-1,0,19.6,-0.7,1504.56,,2.14,344.0,344.0,344.0,10,10,1.0,28.1,27.1
330860,네패스아크,,52000,63.5,84.6,103.4,-5.6,424.2,31.1,59.0,150.6,25.7,58.9,143.1,2.17,55100,9920,10,False,True,True,589587,696578,800.9,272.5,297.1,0.85,10,False,True,True,True,5일선회복/+3%반등/거래량동반양봉,8.1,,,,,False,0,강세,-1,0,-1,0,19.6,-0.7,1504.56,,2.14,344.0,344.0,344.0,10,10,1.0,28.1,27.1
095340,ISC,,240000,47.7,74.4,58.0,-17.9,394.8,14.8,0.2,28.3,2.5,2.0,78.6,1.48,292500,48500,5,False,True,False,209820,240975,839.2,455.3,568.2,0.87,10,False,True,True,True,5일선회복/+3%반등/거래량동반양봉,13.0,,,,,False,0,강세,-1,0,-1,0,19.6,-0.7,1504.56,,2.14,344.0,344.0,344.0,10,10,1.0,28.0,27.0
254490,미래반도체,,33450,54.9,30.9,59.4,-30.1,155.7,5.9,74.2,88.2,8.1,44.8,81.1,0.36,47850,13080,10,False,True,True,570069,1417620,178.9,185.4,462.8,0.4,6,False,True,True,False,5일선회복/+3%반등,12.0,,,,,False,0,강세,-1,0,-1,0,19.6,-0.7,1504.56,,2.14,344.0,344.0,344.0,10,10,1.0,28.0,27.0
406820,뷰티스킨,,3350,52.2,38.1,52.5,-62.4,90.8,11.3,68.6,22.0,1.4,34.7,10.8,0.17,8900,1756,5,False,True,False,3023111,3543963,21.0,110.4,119.3,0.85,3,False,False,True,False,+3%반등,20.0,,,,,False,0,강세,-1,0,-1,0,19.6,-0.7,1504.56,,2.14,344.0,344.0,344.0,10,10,1.0,28.0,27.0
170920,엘티씨,,45550,46.7,62.6,57.3,-12.6,397.3,16.5,9.8,65.9,1.9,23.7,95.6,1.33,52100,9160,10,False,True,True,362396,330468,172.4,165.6,150.6,1.1,6,False,True,True,False,5일선회복/+3%반등,11.6,,,,,False,0,강세,-1,0,-1,0,19.6,-0.7,1504.56,,2.14,344.0,344.0,344.0,10,10,1.0,27.6,26.6
171010,램테크놀러지,,4010,57.9,54.0,84.8,-19.0,41.2,6.9,5.2,8.5,4.2,12.1,2.1,0.42,4950,2840,10,False,True,True,147712,460131,8.1,5.6,18.2,0.32,10,False,True,True,True,5일선회복/+3%반등/거래량동반양봉,7.6,,,,,False,0,강세,-1,0,-1,0,19.6,-0.7,1504.56,,2.14,344.0,344.0,344.0,10,10,1.0,27.6,26.6
126340,비나텍,,170000,43.6,55.3,58.0,-16.9,560.2,18.8,19.2,51.7,4.0,21.5,98.9,0.66,204500,25749,5,False,True,False,150871,197322,223.7,238.0,332.2,0.76,6,False,True,True,False,5일선회복/+3%반등,16.4,,,,,False,0,강세,-1,0,-1,0,19.6,-0.7,1504.56,,2.14,344.0,344.0,344.0,10,10,1.0,27.4,26.4
005290,동진쎄미켐,,66000,61.6,71.4,108.7,-8.6,141.8,17.6,9.3,20.7,11.9,23.2,52.6,1.78,72200,27300,10,False,True,True,1058398,905420,1025.7,652.2,541.1,1.17,10,False,True,True,True,5일선회복/+3%반등/거래량동반양봉,7.3,,,,,False,0,강세,-1,0,-1,0,19.6,-0.7,1504.56,,2.14,344.0,344.0,344.0,10,10,1.0,27.3,26.3
488280,에스투더블유,,27700,52.6,74.7,69.9,-30.8,102.6,8.8,47.6,39.6,9.9,38.6,,0.88,40000,13670,5,False,True,False,362163,574161,142.8,90.0,148.3,0.63,10,False,True,True,True,5일선회복/+3%반등/거래량동반양봉,12.3,,,,,False,0,강세,-1,0,-1,0,19.6,-0.7,1504.56,,2.14,344.0,344.0,344.0,10,10,1.0,27.3,26.3
272290,이녹스첨단소재,,35450,48.1,59.7,61.5,-20.2,64.5,11.0,-0.6,-1.5,2.8,7.2,26.1,0.84,44400,21550,10,False,True,True,365573,381816,114.1,121.1,133.2,0.96,6,False,True,True,False,5일선회복/+3%반등,11.2,,,,,False,0,강세,-1,0,-1,0,19.6,-0.7,1504.56,,2.14,344.0,344.0,344.0,10,10,1.0,27.2,26.2
429270,시지트로닉스,,8970,57.0,41.0,69.4,-26.7,176.0,17.6,40.2,107.4,8.7,35.8,69.4,2.11,12230,3250,5,False,True,False,893163,917289,176.5,77.9,80.1,0.97,6,False,True,True,False,5일선회복/+3%반등,16.2,,,,,False,0,강세,-1,0,-1,0,19.6,-0.7,1504.56,,2.14,344.0,344.0,344.0,10,10,1.0,27.2,26.2
049070,인탑스,,21700,65.5,68.6,116.5,-13.0,66.9,13.7,18.6,7.2,12.3,19.7,25.6,1.4,24950,13000,10,False,True,True,157505,190729,60.2,32.0,38.3,0.83,10,False,True,True,True,5일선회복/+3%반등/거래량동반양봉,7.2,,,,,False,0,강세,-1,0,-1,0,19.6,-0.7,1504.56,,2.14,344.0,344.0,344.0,10,10,1.0,27.2,26.2
232830,아이티센피엔에스,,4355,44.2,14.8,35.3,-22.1,131.6,-11.9,4.9,118.0,-5.7,18.4,62.2,0.38,5590,1880,0,False,False,False,174879,306745,5.1,7.8,14.3,0.57,0,False,False,False,False,-,27.2,,,,,False,0,강세,-1,0,-1,0,19.6,-0.7,1504.56,,2.14,344.0,344.0,344.0,10,10,1.0,27.2,26.2
232680,라온로보틱스,,18400,55.8,85.0,83.6,-23.2,178.4,16.5,12.5,13.2,9.0,15.6,53.3,1.29,23950,6610,10,True,True,False,1156247,661219,162.3,209.0,115.6,1.75,6,False,True,True,False,5일선회복/+3%반등,10.7,,,,,False,0,강세,-1,0,-1,0,19.6,-0.7,1504.56,,2.14,344.0,344.0,344.0,10,10,1.0,26.7,25.7
297890,HB솔루션,,2350,49.7,24.9,38.7,-23.5,30.6,1.3,5.1,2.4,-2.6,7.8,2.8,0.43,3070,1800,5,False,True,False,447354,1469903,15.2,10.5,37.8,0.3,6,False,True,True,False,5일선회복/+3%반등,15.6,,,,,False,0,강세,-1,0,-1,0,19.6,-0.7,1504.56,,2.14,344.0,344.0,344.0,10,10,1.0,26.6,25.6
491000,리브스메드,,74200,55.4,82.8,91.2,-22.6,60.4,30.6,33.5,-9.7,11.9,8.8,,1.31,95900,46250,10,False,True,True,510788,438953,420.4,346.4,290.1,1.16,6,False,True,True,False,5일선회복/+3%반등,10.6,,,,,False,0,강세,-1,0,-1,0,19.6,-0.7,1504.56,,2.14,344.0,344.0,344.0,10,10,1.0,26.6,25.6
036930,주성엔지니어링,,234500,78.4,89.9,108.9,-5.1,800.2,28.7,94.8,320.3,49.5,121.0,351.1,1.7,247000,26050,15,True,True,True,5122454,2572157,10392.4,10270.2,4391.1,1.99,6,False,True,True,False,5일선회복/+3%반등,5.5,,,,,False,0,강세,-1,0,-1,0,19.6,-0.7,1504.56,,2.14,344.0,344.0,344.0,10,10,1.0,26.5,25.5
051160,지어소프트,,7750,54.3,63.2,94.8,-38.8,23.0,3.1,3.3,10.2,3.8,0.8,-0.4,0.75,12660,6300,5,False,False,True,44842,65321,3.9,3.4,5.0,0.69,6,False,True,True,False,5일선회복/+3%반등,15.5,,,,,False,0,강세,-1,0,-1,0,19.6,-0.7,1504.56,,2.14,344.0,344.0,344.0,10,10,1.0,26.5,25.5
082920,비츠로셀,,58000,50.9,48.1,59.9,-14.5,362.5,9.0,2.5,176.2,2.4,24.1,137.6,1.13,67800,12541,10,False,True,True,679180,706208,445.6,368.6,398.2,0.96,10,False,True,True,True,5일선회복/+3%반등/거래량동반양봉,6.5,,,,,False,0,강세,-1,0,-1,0,19.6,-0.7,1504.56,,2.14,344.0,344.0,344.0,10,10,1.0,26.5,25.5
102120,어보브반도체,,13800,44.5,43.1,54.9,-18.1,40.7,10.4,5.8,13.9,1.4,11.3,15.6,0.39,16850,9810,5,False,True,False,440753,1247146,65.9,57.6,177.9,0.35,6,False,True,True,False,5일선회복/+3%반등,15.5,,,,,False,0,강세,-1,0,-1,0,19.6,-0.7,1504.56,,2.14,344.0,344.0,344.0,10,10,1.0,26.5,25.5
036200,유니셈,,12100,49.5,53.7,60.3,-13.6,111.5,10.0,5.8,14.2,2.8,13.6,23.3,1.05,14000,5720,10,False,True,True,333273,581291,73.7,37.4,70.1,0.57,10,False,True,True,True,5일선회복/+3%반등/거래량동반양봉,6.4,,,,,False,0,강세,-1,0,-1,0,19.6,-0.7,1504.56,,2.14,344.0,344.0,344.0,10,10,1.0,26.4,25.4
290690,소룩스,,5310,67.0,54.3,78.4,-25.9,96.7,-7.3,42.9,42.4,25.4,35.6,21.7,0.87,7170,2700,10,True,False,True,11706597,6541148,315.6,644.9,358.0,1.79,6,False,True,True,False,5일선회복/+3%반등,10.4,,,,,False,0,강세,-1,0,-1,0,19.6,-0.7,1504.56,,2.14,344.0,344.0,344.0,10,10,1.0,26.4,25.4
024840,KBI메탈,,7250,52.8,61.6,56.5,-38.4,inf,7.4,174.6,293.0,8.7,77.4,202.2,0.33,11760,0,5,False,True,False,7210747,12464856,286.6,499.6,848.1,0.58,6,False,True,True,False,5일선회복/+3%반등,15.4,,,,,False,0,강세,-1,0,-1,0,19.6,-0.7,1504.56,,2.14,344.0,344.0,344.0,10,10,1.0,26.4,25.4
078890,가온그룹,,8620,58.4,42.9,58.8,-21.1,184.5,8.8,26.8,40.4,5.0,21.2,60.2,0.72,10920,3030,15,True,True,True,2596043,1737865,111.9,240.5,155.0,1.49,3,False,False,True,False,+3%반등,8.4,,,,,False,0,강세,-1,0,-1,0,19.6,-0.7,1504.56,,2.14,344.0,344.0,344.0,10,10,1.0,26.4,25.4
061970,LB세미콘,,6660,68.8,81.9,96.2,-6.5,116.2,22.9,31.9,29.3,15.8,33.1,44.7,1.74,7120,3080,10,False,True,True,1797730,1981015,239.7,110.0,118.2,0.91,10,False,True,True,True,5일선회복/+3%반등/거래량동반양봉,6.3,,,,,False,0,강세,-1,0,-1,0,19.6,-0.7,1504.56,,2.14,344.0,344.0,344.0,10,10,1.0,26.3,25.3
950160,코오롱티슈진,,109100,52.6,20.4,44.9,-26.8,249.1,0.6,9.6,20.4,-2.0,2.6,46.3,0.79,149000,31250,5,False,True,False,400529,580558,512.2,423.1,673.3,0.69,6,False,True,True,False,5일선회복/+3%반등,15.2,,,,,False,0,강세,-1,0,-1,0,19.6,-0.7,1504.56,,2.14,344.0,344.0,344.0,10,10,1.0,26.2,25.2
155650,와이엠씨,,4335,55.5,34.0,58.0,-15.5,39.4,1.4,5.7,13.2,1.8,11.2,16.9,0.15,5130,3110,10,False,True,True,75627,598889,4.2,3.1,26.6,0.13,10,False,True,True,True,5일선회복/+3%반등/거래량동반양봉,6.2,,,,,False,0,강세,-1,0,-1,0,19.6,-0.7,1504.56,,2.14,344.0,344.0,344.0,10,10,1.0,26.2,25.2
089010,켐트로닉스,,41400,55.9,50.8,68.3,-15.3,105.5,10.1,18.5,25.5,4.9,22.7,33.1,0.52,48900,20150,10,False,True,True,279723,688888,148.8,107.7,283.5,0.41,10,False,True,True,True,5일선회복/+3%반등/거래량동반양봉,6.1,,,,,False,0,강세,-1,0,-1,0,19.6,-0.7,1504.56,,2.14,344.0,344.0,344.0,10,10,1.0,26.1,25.1
168330,내츄럴엔도텍,,2755,59.2,59.2,77.0,-56.3,40.7,-0.4,6.0,-7.2,7.3,13.8,2.0,0.71,6300,1958,0,False,False,False,79905,127577,2.6,2.2,3.5,0.63,6,False,True,True,False,5일선회복/+3%반등,20.0,,,,,False,0,강세,-1,0,-1,0,19.6,-0.7,1504.56,,2.14,344.0,344.0,344.0,10,10,1.0,26.0,25.0
047310,파워로직스,,5200,48.0,75.1,60.3,-24.1,35.2,6.6,-4.8,-16.5,1.7,3.1,9.3,0.93,6850,3845,5,False,True,False,274803,334749,16.4,13.7,17.2,0.82,6,False,True,True,False,5일선회복/+3%반등,15.0,,,,,False,0,강세,-1,0,-1,0,19.6,-0.7,1504.56,,2.14,344.0,344.0,344.0,10,10,1.0,26.0,25.0
321260,프로이천,,4850,67.8,93.7,95.5,-2.3,233.3,39.2,76.7,188.2,37.0,76.6,126.9,2.01,4965,1455,10,False,True,True,4940027,5222078,528.8,213.0,202.5,0.95,10,False,True,True,True,5일선회복/+3%반등/거래량동반양봉,6.0,,,,,False,0,강세,-1,0,-1,0,19.6,-0.7,1504.56,,2.14,344.0,344.0,344.0,10,10,1.0,26.0,25.0
048770,TPC로보틱스,,6690,62.0,41.6,70.7,-37.4,261.6,-5.8,90.9,90.6,25.6,65.7,125.3,0.53,10690,1850,5,False,False,True,2139371,2109996,78.7,127.6,126.1,1.01,6,False,True,True,False,5일선회복/+3%반등,15.0,,,,,False,0,강세,-1,0,-1,0,19.6,-0.7,1504.56,,2.14,344.0,344.0,344.0,10,10,1.0,26.0,25.0
205470,휴마시스,,4200,58.3,69.8,78.6,-56.8,26.7,-0.4,4.9,-0.2,3.1,6.3,-21.7,0.58,9725,3315,0,False,False,False,252462,224495,5.8,10.6,9.1,1.12,6,False,True,True,False,5일선회복/+3%반등,20.0,,,,,False,0,강세,-1,0,-1,0,19.6,-0.7,1504.56,,2.14,344.0,344.0,344.0,10,10,1.0,26.0,25.0
247660,나노씨엠에스,,4910,51.3,77.0,65.4,-19.1,40.3,2.0,-4.5,0.2,2.1,3.9,1.3,0.92,6070,3500,10,True,True,False,91824,47219,2.1,4.4,2.3,1.94,6,False,True,True,False,5일선회복/+3%반등,9.9,,,,,False,0,강세,-1,0,-1,0,19.6,-0.7,1504.56,,2.14,344.0,344.0,344.0,10,10,1.0,25.9,24.9
067170,오텍,,4035,67.4,79.2,78.5,-8.6,144.5,23.4,54.6,112.7,21.9,58.7,95.3,1.5,4415,1650,10,False,True,True,2931340,2202475,138.6,109.5,81.9,1.33,10,False,True,True,True,5일선회복/+3%반등/거래량동반양봉,5.9,,,,,False,0,강세,-1,0,-1,0,19.6,-0.7,1504.56,,2.14,344.0,344.0,344.0,10,10,1.0,25.9,24.9
145170,노브랜드,,4630,48.9,16.4,30.2,-24.6,40.3,-4.6,1.0,14.3,-3.6,6.1,5.4,0.09,6140,3300,0,False,False,False,225418,1864972,6.3,10.4,94.5,0.12,3,False,True,False,False,5일선회복,22.8,,,,,False,0,강세,-1,0,-1,0,19.6,-0.7,1504.56,,2.14,344.0,344.0,344.0,10,10,1.0,25.8,24.8
198940,한주라이트메탈,,1968,67.6,100.0,106.7,-9.9,71.1,14.3,36.7,45.3,16.9,29.3,36.0,2.36,2184,1150,5,False,True,False,525767,544376,25.3,9.1,9.3,0.97,10,False,True,True,True,5일선회복/+3%반등/거래량동반양봉,10.8,,,,,False,0,강세,-1,0,-1,0,19.6,-0.7,1504.56,,2.14,344.0,344.0,344.0,10,10,1.0,25.8,24.8
440320,오픈놀,,4205,47.2,50.4,55.3,-46.4,33.9,-5.4,14.0,14.1,1.1,13.7,3.4,0.19,7840,3140,0,False,False,False,137721,845453,7.0,5.8,35.8,0.16,3,False,False,True,False,+3%반등,22.8,,,,,False,0,강세,-1,0,-1,0,19.6,-0.7,1504.56,,2.14,344.0,344.0,344.0,10,10,1.0,25.8,24.8
071280,로체시스템즈,,9610,52.0,59.3,57.0,-36.5,36.3,8.0,3.4,-2.3,1.4,9.7,-6.2,0.9,15130,7050,5,False,True,False,86896,156283,13.7,8.0,15.1,0.56,6,False,True,True,False,5일선회복/+3%반등,14.6,,,,,False,0,강세,-1,0,-1,0,19.6,-0.7,1504.56,,2.14,344.0,344.0,344.0,10,10,1.0,25.6,24.6
112290,와이씨켐,,16550,63.3,74.7,88.1,-6.5,79.5,14.7,41.1,28.5,14.9,26.7,44.6,1.59,17700,9218,10,False,True,True,825772,1163348,321.4,126.9,177.2,0.71,10,False,True,True,True,5일선회복/+3%반등/거래량동반양봉,5.6,,,,,False,0,강세,-1,0,-1,0,19.6,-0.7,1504.56,,2.14,344.0,344.0,344.0,10,10,1.0,25.6,24.6
452200,민테크,,3970,64.0,52.1,69.5,-23.7,105.2,14.7,45.7,59.1,14.7,40.5,41.7,0.43,5200,1935,10,False,True,True,762237,1900037,34.3,27.9,78.4,0.4,6,False,True,True,False,5일선회복/+3%반등,9.5,,,,,False,0,강세,-1,0,-1,0,19.6,-0.7,1504.56,,2.14,344.0,344.0,344.0,10,10,1.0,25.5,24.5
037030,파워넷,,7680,51.3,35.4,58.2,-26.2,245.2,9.4,14.3,159.5,5.2,23.5,108.2,0.4,10400,2225,5,False,True,False,1424803,4233238,133.1,98.6,343.9,0.34,10,False,True,True,True,5일선회복/+3%반등/거래량동반양봉,10.5,,,,,False,0,강세,-1,0,-1,0,19.6,-0.7,1504.56,,2.14,344.0,344.0,344.0,10,10,1.0,25.5,24.5
115440,우리넷,,15860,53.2,48.1,65.0,-25.7,158.7,20.4,9.6,120.3,7.0,20.7,84.5,0.97,21350,6130,5,False,True,False,1133239,1788583,284.1,160.0,289.4,0.63,10,False,True,True,True,5일선회복/+3%반등/거래량동반양봉,10.3,,,,,False,0,강세,-1,0,-1,0,19.6,-0.7,1504.56,,2.14,344.0,344.0,344.0,10,10,1.0,25.3,24.3
019540,일지테크,,7170,49.2,63.0,60.2,-13.0,93.0,5.3,-5.9,37.6,1.4,4.7,44.2,0.97,8240,3715,10,False,True,True,109624,175134,12.3,7.5,12.4,0.63,6,False,True,True,False,5일선회복/+3%반등,9.3,,,,,False,0,강세,-1,0,-1,0,19.6,-0.7,1504.56,,2.14,344.0,344.0,344.0,10,10,1.0,25.3,24.3
059270,해성에어로보틱스,,11110,64.3,76.1,92.7,-48.1,122.2,3.7,15.1,-13.3,9.4,9.0,17.8,0.69,21400,5000,0,False,False,False,420808,541882,42.6,46.0,55.2,0.78,6,False,True,True,False,5일선회복/+3%반등,19.2,,,,,False,0,강세,-1,0,-1,0,19.6,-0.7,1504.56,,2.14,344.0,344.0,344.0,10,10,1.0,25.2,24.2
100030,인지소프트,,19100,52.6,39.0,33.0,-19.4,26.5,-0.3,-0.3,-13.4,-1.8,2.2,-3.3,1.1,23700,15100,10,False,True,True,15687,15532,3.4,3.0,3.1,1.01,0,False,False,False,False,-,15.2,,,,,False,0,강세,-1,0,-1,0,19.6,-0.7,1504.56,,2.14,344.0,344.0,344.0,10,10,1.0,25.2,24.2
320000,한울반도체,,13250,71.5,60.5,78.3,-21.6,87.2,10.6,72.8,38.1,27.1,49.0,31.0,1.31,16900,7079,5,False,True,False,298624,603665,110.1,37.3,78.7,0.49,10,False,True,True,True,5일선회복/+3%반등/거래량동반양봉,10.2,,,,,False,0,강세,-1,0,-1,0,19.6,-0.7,1504.56,,2.14,344.0,344.0,344.0,10,10,1.0,25.2,24.2
054450,텔레칩스,,18450,68.2,79.3,94.3,-5.5,68.2,11.8,31.5,25.1,15.3,31.0,34.8,1.57,19530,10970,10,False,True,True,482734,655969,197.3,83.6,109.5,0.74,10,False,True,True,True,5일선회복/+3%반등/거래량동반양봉,5.1,,,,,False,0,강세,-1,0,-1,0,19.6,-0.7,1504.56,,2.14,344.0,344.0,344.0,10,10,1.0,25.1,24.1
019010,베뉴지,,5300,54.2,17.2,43.0,-27.4,147.7,-4.0,3.5,-11.7,-2.7,3.3,51.0,0.44,7300,2140,5,False,True,False,135351,293767,6.9,7.1,17.3,0.46,3,False,True,False,False,5일선회복,17.0,,,,,False,0,강세,-1,0,-1,0,19.6,-0.7,1504.56,,2.14,344.0,344.0,344.0,10,10,1.0,25.0,24.0
190510,나무가,,19220,49.4,40.5,53.4,-32.8,54.4,2.2,0.6,-17.0,0.8,4.9,3.2,0.6,28600,12450,5,False,True,False,89045,145718,17.3,16.3,29.6,0.61,6,False,True,True,False,5일선회복/+3%반등,14.0,,,,,False,0,강세,-1,0,-1,0,19.6,-0.7,1504.56,,2.14,344.0,344.0,344.0,10,10,1.0,25.0,24.0
950170,JTC,,4885,46.8,35.5,62.0,-35.0,45.8,0.3,16.2,2.0,3.4,2.2,-7.5,0.68,7520,3350,0,False,False,False,97741,145813,5.0,4.8,7.1,0.67,6,False,True,True,False,5일선회복/+3%반등,18.8,,,,,False,0,강세,-1,0,-1,0,19.6,-0.7,1504.56,,2.14,344.0,344.0,344.0,10,10,1.0,24.8,23.8
076610,해성옵틱스,,2575,62.3,66.8,75.9,-12.1,430.9,8.0,73.4,177.8,19.5,47.3,160.0,0.53,2930,485,10,False,True,True,2554444,8114799,115.5,61.9,180.8,0.31,10,False,True,True,True,5일선회복/+3%반등/거래량동반양봉,4.8,,,,,False,0,강세,-1,0,-1,0,19.6,-0.7,1504.56,,2.14,344.0,344.0,344.0,10,10,1.0,24.8,23.8
166480,코아스템켐온,,3675,54.4,21.4,48.9,-27.8,262.4,-0.7,14.5,7.9,-0.5,21.3,57.9,0.49,5090,1014,5,False,True,False,478383,872076,16.1,17.5,34.2,0.55,6,False,True,True,False,5일선회복/+3%반등,13.7,,,,,False,0,강세,-1,0,-1,0,19.6,-0.7,1504.56,,2.14,344.0,344.0,344.0,10,10,1.0,24.7,23.7
086960,MDS테크,,3565,67.2,60.5,85.1,-21.7,36.1,8.5,27.8,1.1,14.5,20.9,7.1,0.48,4554,2619,10,True,False,True,7728024,5351596,95.6,273.3,179.3,1.44,6,False,True,True,False,5일선회복/+3%반등,8.7,,,,,False,0,강세,-1,0,-1,0,19.6,-0.7,1504.56,,2.14,344.0,344.0,344.0,10,10,1.0,24.7,23.7
010170,대한광통신,,27800,69.9,73.2,84.2,-11.7,4803.0,20.3,82.7,576.4,30.2,76.9,392.3,0.75,31500,567,10,False,True,True,18750365,38785523,8302.7,4617.5,8411.3,0.48,10,False,True,True,True,5일선회복/+3%반등/거래량동반양봉,4.7,,,,,False,0,강세,-1,0,-1,0,19.6,-0.7,1504.56,,2.14,344.0,344.0,344.0,10,10,1.0,24.7,23.7
172670,에이엘티,,18530,44.2,48.7,50.2,-12.6,186.4,4.9,46.6,27.6,0.0,28.6,58.0,0.37,21200,6470,5,False,True,False,213900,361453,25.6,40.0,65.2,0.59,6,False,True,True,False,5일선회복/+3%반등,13.7,,,,,False,0,강세,-1,0,-1,0,19.6,-0.7,1504.56,,2.14,344.0,344.0,344.0,10,10,1.0,24.7,23.7
440110,파두,,116800,71.2,76.5,83.7,-9.7,inf,18.1,78.6,128.1,22.5,61.7,212.6,1.93,129400,0,10,False,True,True,2210430,1704826,3927.7,2582.5,1652.8,1.3,6,False,True,True,False,5일선회복/+3%반등,8.5,,,,,False,0,강세,-1,0,-1,0,19.6,-0.7,1504.56,,2.14,344.0,344.0,344.0,10,10,1.0,24.5,23.5
036800,나이스정보통신,,28600,46.0,58.1,47.2,-21.3,49.8,-1.4,-5.6,4.0,-0.2,4.9,15.4,0.62,36350,19090,0,False,False,False,29574,53310,8.5,8.4,15.4,0.55,6,False,True,True,False,5일선회복/+3%반등,18.4,,,,,False,0,강세,-1,0,-1,0,19.6,-0.7,1504.56,,2.14,344.0,344.0,344.0,10,10,1.0,24.4,23.4
264850,이랜시스,,7530,59.6,43.3,61.2,-21.0,78.4,3.2,23.8,-2.5,4.9,16.0,23.6,0.53,9530,4220,10,False,True,True,3628531,5499775,230.0,257.8,440.6,0.66,6,False,True,True,False,5일선회복/+3%반등,8.4,,,,,False,0,강세,-1,0,-1,0,19.6,-0.7,1504.56,,2.14,344.0,344.0,344.0,10,10,1.0,24.4,23.4
260970,에스앤디,,62700,56.2,49.6,63.3,-58.1,26.5,-12.7,6.6,-4.1,5.5,9.5,-19.8,1.26,149800,49550,0,False,False,False,77612,64756,53.1,50.6,41.2,1.2,3,False,False,True,False,+3%반등,21.3,,,,,False,0,강세,-1,0,-1,0,19.6,-0.7,1504.56,,2.14,344.0,344.0,344.0,10,10,1.0,24.3,23.3
396470,워트,,8340,51.7,26.0,43.5,-23.9,41.8,4.2,7.6,13.5,-2.5,8.4,10.4,0.44,10960,5880,5,False,True,False,299506,674881,25.9,24.3,63.3,0.44,6,False,True,True,False,5일선회복/+3%반등,13.2,,,,,False,0,강세,-1,0,-1,0,19.6,-0.7,1504.56,,2.14,344.0,344.0,344.0,10,10,1.0,24.2,23.2
302430,이노메트리,,10330,64.4,63.8,85.4,-10.5,84.5,17.0,26.4,43.7,11.5,31.1,36.5,0.72,11540,5600,10,False,True,True,90785,181103,13.9,8.7,17.7,0.5,10,False,True,True,True,5일선회복/+3%반등/거래량동반양봉,4.2,,,,,False,0,강세,-1,0,-1,0,19.6,-0.7,1504.56,,2.14,344.0,344.0,344.0,10,10,1.0,24.2,23.2
033160,엠케이전자,,34000,63.2,76.8,97.4,-8.1,358.8,22.7,26.4,235.3,16.6,46.2,170.3,0.67,37000,7410,15,True,True,True,1591764,1110502,245.5,522.5,330.4,1.43,6,False,True,True,False,5일선회복/+3%반등,3.2,,,,,False,0,강세,-1,0,-1,0,19.6,-0.7,1504.56,,2.14,344.0,344.0,344.0,10,10,1.0,24.2,23.2
219420,링크제니시스,,5260,56.8,77.5,84.5,-18.2,19.7,9.6,4.4,-3.5,4.0,6.5,2.6,1.37,6430,4395,5,False,True,False,108805,109327,8.1,5.4,5.5,1.0,10,False,True,True,True,5일선회복/+3%반등/거래량동반양봉,9.1,,,,,False,0,강세,-1,0,-1,0,19.6,-0.7,1504.56,,2.14,344.0,344.0,344.0,10,10,1.0,24.1,23.1
093380,풍강,,2855,48.0,89.9,78.1,-14.8,16.5,0.7,4.4,2.3,4.1,5.5,1.5,1.83,3350,2450,5,False,False,True,24797,20858,1.1,0.7,0.6,1.19,6,False,True,True,False,5일선회복/+3%반등,13.1,,,,,False,0,강세,-1,0,-1,0,19.6,-0.7,1504.56,,2.14,344.0,344.0,344.0,10,10,1.0,24.1,23.1
357780,솔브레인,,452000,48.8,63.8,51.3,-14.7,191.6,10.8,-2.6,8.3,0.4,5.5,37.9,1.01,530000,155000,5,False,True,False,47173,54584,250.2,199.4,244.6,0.86,10,False,True,True,True,5일선회복/+3%반등/거래량동반양봉,9.0,,,,,False,0,강세,-1,0,-1,0,19.6,-0.7,1504.56,,2.14,344.0,344.0,344.0,10,10,1.0,24.0,23.0
059100,아이컴포넌트,,5890,56.7,72.7,81.3,-26.9,33.9,4.4,6.7,-7.1,5.6,7.4,11.8,0.86,8060,4400,10,True,False,True,112323,64557,3.3,6.7,3.7,1.74,3,False,False,True,False,+3%반등,10.8,,,,,False,0,강세,-1,0,-1,0,19.6,-0.7,1504.56,,2.14,344.0,344.0,344.0,10,10,1.0,23.8,22.8
053800,안랩,,62600,48.9,47.9,43.3,-16.5,8.9,3.0,-3.8,-3.8,-0.8,-0.0,1.2,0.71,75000,57500,5,False,True,False,48935,49395,22.0,30.3,31.2,0.99,6,False,True,True,False,5일선회복/+3%반등,12.8,,,,,False,0,강세,-1,0,-1,0,19.6,-0.7,1504.56,,2.14,344.0,344.0,344.0,10,10,1.0,23.8,22.8
083500,에프엔에스테크,,22550,58.4,74.9,91.6,-6.6,159.8,17.1,11.1,37.2,9.6,21.6,47.4,0.82,24150,8680,15,True,True,True,579892,344051,65.2,127.2,72.6,1.69,6,False,True,True,False,5일선회복/+3%반등,2.6,,,,,False,0,강세,-1,0,-1,0,19.6,-0.7,1504.56,,2.14,344.0,344.0,344.0,10,10,1.0,23.6,22.6
196170,알테오젠,,365500,47.8,52.7,55.4,-35.8,15.8,2.2,1.7,-9.1,0.9,1.2,-15.1,0.88,569000,315500,0,False,False,False,569748,518034,1696.6,2064.7,1876.0,1.1,6,False,True,True,False,5일선회복/+3%반등,17.6,,,,,False,0,강세,-1,0,-1,0,19.6,-0.7,1504.56,,2.14,344.0,344.0,344.0,10,10,1.0,23.6,22.6
240550,동방메디컬,,7440,57.6,52.5,52.3,-50.8,19.0,-4.9,5.7,-8.4,0.6,6.2,-13.0,1.1,15130,6250,0,False,False,False,297900,280506,23.5,23.4,21.2,1.06,3,False,False,True,False,+3%반등,20.5,,,,,False,0,강세,-1,0,-1,0,19.6,-0.7,1504.56,,2.14,344.0,344.0,344.0,10,10,1.0,23.5,22.5
170030,현대공업,,5810,51.1,22.4,40.2,-24.1,10.9,-0.7,0.3,-10.2,-1.4,1.4,-4.9,0.21,7650,5240,5,False,True,False,115584,516697,6.5,6.7,32.0,0.22,3,False,True,False,False,5일선회복,15.5,,,,,False,0,강세,-1,0,-1,0,19.6,-0.7,1504.56,,2.14,344.0,344.0,344.0,10,10,1.0,23.5,22.5
036630,세종텔레콤,,10110,55.4,47.3,48.1,-34.6,149.3,-5.2,-11.7,25.3,-0.3,1.7,20.3,0.85,15450,4055,0,False,False,False,16957,15691,1.4,1.7,1.6,1.08,3,False,False,True,False,+3%반등,20.5,,,,,False,0,강세,-1,0,-1,0,19.6,-0.7,1504.56,,2.14,344.0,344.0,344.0,10,10,1.0,23.5,22.5
445180,퓨릿,,12390,50.1,69.2,70.6,-7.5,136.5,6.3,10.5,30.7,4.1,21.2,42.0,1.08,13400,5240,10,False,True,True,146319,231590,30.0,17.5,28.0,0.63,10,False,True,True,True,5일선회복/+3%반등/거래량동반양봉,3.4,,,,,False,0,강세,-1,0,-1,0,19.6,-0.7,1504.56,,2.14,344.0,344.0,344.0,10,10,1.0,23.4,22.4
065680,우주일렉트로,,43350,57.5,75.8,77.9,-5.8,87.7,3.7,17.8,29.6,5.7,27.9,20.7,1.19,46000,23100,10,False,True,True,31733,40949,18.8,12.9,16.7,0.77,10,False,True,True,True,5일선회복/+3%반등/거래량동반양봉,3.3,,,,,False,0,강세,-1,0,-1,0,19.6,-0.7,1504.56,,2.14,344.0,344.0,344.0,10,10,1.0,23.3,22.3
295310,에이치브이엠,,133000,65.4,82.3,111.2,-7.6,512.9,6.1,47.8,60.2,34.5,40.7,132.6,2.06,144000,21700,5,False,False,True,514998,380661,1073.9,599.8,407.0,1.35,10,False,True,True,True,5일선회복/+3%반등/거래량동반양봉,8.3,,,,,False,0,강세,-1,0,-1,0,19.6,-0.7,1504.56,,2.14,344.0,344.0,344.0,10,10,1.0,23.3,22.3
355150,코스텍시스,,47800,46.8,36.8,44.5,-25.4,623.1,-17.0,87.5,197.1,-2.9,43.5,164.4,0.97,64100,6610,0,False,False,False,507694,570514,231.3,225.0,248.6,0.89,6,False,True,True,False,5일선회복/+3%반등,17.2,,,,,False,0,강세,-1,0,-1,0,19.6,-0.7,1504.56,,2.14,344.0,344.0,344.0,10,10,1.0,23.2,22.2
275630,에스에스알,,4070,48.2,37.0,30.5,-11.5,92.4,0.0,0.5,52.1,-1.1,7.2,25.5,0.95,4600,2115,5,False,False,True,26810,24991,1.0,1.1,1.0,1.07,3,False,False,True,False,+3%반등,15.1,,,,,False,0,강세,-1,0,-1,0,19.6,-0.7,1504.56,,2.14,344.0,344.0,344.0,10,10,1.0,23.1,22.1
039830,오로라,,18410,51.2,87.1,78.6,-30.3,209.4,16.1,39.3,18.4,13.0,44.7,11.7,0.76,26400,5950,5,False,True,False,201015,283812,39.9,34.3,46.7,0.71,6,False,True,True,False,5일선회복/+3%반등,12.1,,,,,False,0,강세,-1,0,-1,0,19.6,-0.7,1504.56,,2.14,344.0,344.0,344.0,10,10,1.0,23.1,22.1
200470,에이팩트,,9520,55.0,75.6,71.6,-7.6,367.8,23.2,16.1,13.3,7.3,18.8,56.0,0.79,10300,2035,10,False,True,True,534507,1117795,84.8,46.4,102.2,0.48,10,False,True,True,True,5일선회복/+3%반등/거래량동반양봉,3.0,,,,,False,0,강세,-1,0,-1,0,19.6,-0.7,1504.56,,2.14,344.0,344.0,344.0,10,10,1.0,23.0,22.0
120240,대정화금,,14010,61.3,91.6,77.1,-10.5,16.5,1.9,-0.1,5.7,3.1,1.9,6.2,1.73,15660,12030,5,False,False,True,29103,30965,7.7,4.0,4.2,0.94,10,False,True,True,True,5일선회복/+3%반등/거래량동반양봉,7.9,,,,,False,0,강세,-1,0,-1,0,19.6,-0.7,1504.56,,2.14,344.0,344.0,344.0,10,10,1.0,22.9,21.9
072020,중앙백신,,9810,44.1,27.0,22.2,-5.2,11.7,-1.9,0.8,0.1,-1.3,2.8,1.5,0.53,10350,8780,0,False,False,False,22434,41423,2.1,2.2,4.1,0.54,0,False,False,False,False,-,22.8,,,,,False,0,강세,-1,0,-1,0,19.6,-0.7,1504.56,,2.14,344.0,344.0,344.0,10,10,1.0,22.8,21.8
036710,심텍홀딩스,,5740,65.3,73.3,86.9,-11.7,333.9,35.2,49.5,119.1,26.4,62.8,101.2,1.43,6500,1323,10,True,True,False,2042052,1320806,111.1,115.4,67.7,1.55,6,False,True,True,False,5일선회복/+3%반등,6.8,,,,,False,0,강세,-1,0,-1,0,19.6,-0.7,1504.56,,2.14,344.0,344.0,344.0,10,10,1.0,22.8,21.8
024910,경창산업,,2000,50.5,34.0,48.9,-34.1,43.2,0.6,-5.4,-2.2,-0.2,-1.4,10.7,0.52,3035,1397,0,False,False,False,265788,436163,4.7,5.1,8.9,0.61,6,False,True,True,False,5일선회복/+3%반등,16.8,,,,,False,0,강세,-1,0,-1,0,19.6,-0.7,1504.56,,2.14,344.0,344.0,344.0,10,10,1.0,22.8,21.8
079940,가비아,,31700,54.2,26.2,54.0,-13.7,69.1,0.6,4.4,-2.8,0.6,8.4,9.3,1.66,36750,18750,10,True,True,False,36927,25834,13.7,11.7,8.1,1.43,3,False,True,False,False,5일선회복,9.7,,,,,False,0,강세,-1,0,-1,0,19.6,-0.7,1504.56,,2.14,344.0,344.0,344.0,10,10,1.0,22.7,21.7
340570,티앤엘,,62700,52.0,81.1,71.3,-16.2,45.5,9.2,2.6,14.4,4.5,11.8,21.4,0.64,74800,43100,10,False,True,True,69682,70067,29.0,43.2,42.4,0.99,6,False,True,True,False,5일선회복/+3%반등,6.5,,,,,False,0,강세,-1,0,-1,0,19.6,-0.7,1504.56,,2.14,344.0,344.0,344.0,10,10,1.0,22.5,21.5
065130,탑엔지니어링,,4575,76.6,80.9,100.4,-7.5,58.9,16.6,35.8,32.2,25.7,36.4,31.5,1.71,4945,2880,10,True,False,True,334594,184744,15.0,14.6,7.2,1.81,6,False,True,True,False,5일선회복/+3%반등,6.5,,,,,False,0,강세,-1,0,-1,0,19.6,-0.7,1504.56,,2.14,344.0,344.0,344.0,10,10,1.0,22.5,21.5
086390,유니테스트,,18860,48.0,61.2,60.2,-20.4,90.5,9.8,0.0,-11.2,2.8,5.6,14.8,0.68,23700,9900,5,False,True,False,264485,478899,63.2,45.5,91.1,0.55,6,False,True,True,False,5일선회복/+3%반등,11.2,,,,,False,0,강세,-1,0,-1,0,19.6,-0.7,1504.56,,2.14,344.0,344.0,344.0,10,10,1.0,22.2,21.2
074600,원익QnC,,38450,48.5,57.1,62.6,-9.6,140.2,6.4,2.8,22.1,1.9,9.8,47.7,0.81,42550,16010,10,False,True,True,348588,437757,134.3,128.5,164.4,0.8,6,False,True,True,False,5일선회복/+3%반등,6.1,,,,,False,0,강세,-1,0,-1,0,19.6,-0.7,1504.56,,2.14,344.0,344.0,344.0,10,10,1.0,22.1,21.1
017480,삼현철강,,5050,51.9,88.1,70.2,-17.8,22.9,3.5,6.5,10.3,2.8,6.3,9.7,0.49,6140,4110,5,False,False,True,68620,216078,5.6,3.4,11.3,0.32,10,False,True,True,True,5일선회복/+3%반등/거래량동반양봉,7.1,,,,,False,0,강세,-1,0,-1,0,19.6,-0.7,1504.56,,2.14,344.0,344.0,344.0,10,10,1.0,22.1,21.1
243070,휴온스,,32150,61.0,36.4,53.7,-22.5,31.0,-0.8,20.4,10.3,1.9,13.7,12.8,0.86,41500,24550,10,True,True,False,199662,133300,38.3,73.6,45.5,1.5,3,False,False,True,False,+3%반등,9.0,,,,,False,0,강세,-1,0,-1,0,19.6,-0.7,1504.56,,2.14,344.0,344.0,344.0,10,10,1.0,22.0,21.0
420570,제이투케이바이오,,10010,64.2,54.8,76.6,-22.4,39.6,6.6,20.3,18.9,12.1,20.8,16.0,0.45,12900,7170,10,True,False,True,488120,295575,13.8,50.1,29.2,1.65,3,False,False,True,False,+3%반등,9.0,,,,,False,0,강세,-1,0,-1,0,19.6,-0.7,1504.56,,2.14,344.0,344.0,344.0,10,10,1.0,22.0,21.0
204270,제이앤티씨,,22250,59.9,72.3,89.0,-26.1,53.6,5.7,14.0,2.8,8.1,19.6,8.5,1.08,30100,14490,5,False,True,False,367907,448813,110.6,78.3,94.7,0.82,6,False,True,True,False,5일선회복/+3%반등,10.8,,,,,False,0,강세,-1,0,-1,0,19.6,-0.7,1504.56,,2.14,344.0,344.0,344.0,10,10,1.0,21.8,20.8
038060,루멘스,,1408,56.9,28.1,55.5,-33.0,142.3,2.5,2.7,129.3,2.5,28.8,74.0,0.23,2100,581,5,False,True,False,1261978,3612720,11.3,18.0,54.7,0.35,3,False,False,True,False,+3%반등,13.7,,,,,False,0,강세,-1,0,-1,0,19.6,-0.7,1504.56,,2.14,344.0,344.0,344.0,10,10,1.0,21.7,20.7
331920,셀레믹스,,15510,55.6,54.7,60.5,-21.8,511.8,-2.7,-11.4,231.4,3.8,16.4,170.0,1.26,19840,2535,0,False,False,False,268789,228781,45.5,41.5,35.5,1.17,6,False,True,True,False,5일선회복/+3%반등,15.7,,,,,False,0,강세,-1,0,-1,0,19.6,-0.7,1504.56,,2.14,344.0,344.0,344.0,10,10,1.0,21.7,20.7
108490,로보티즈,,313000,49.9,44.9,44.6,-20.6,733.8,2.3,13.4,12.0,-1.9,11.3,40.2,0.33,394000,37540,5,False,True,False,240901,436930,456.0,689.6,1434.9,0.55,6,False,True,True,False,5일선회복/+3%반등,10.6,,,,,False,0,강세,-1,0,-1,0,19.6,-0.7,1504.56,,2.14,344.0,344.0,344.0,10,10,1.0,21.6,20.6
049960,쎌바이오텍,,18110,76.6,90.3,93.9,-1.5,59.6,4.2,13.4,30.0,7.8,16.3,32.5,0.61,18390,11350,15,True,True,True,51811,34821,4.0,9.2,5.9,1.49,6,False,True,True,False,5일선회복/+3%반등,0.6,,,,,False,0,강세,-1,0,-1,0,19.6,-0.7,1504.56,,2.14,344.0,344.0,344.0,10,10,1.0,21.6,20.6
459100,위츠,,6890,49.9,62.1,69.1,-25.8,33.0,12.6,8.8,2.7,5.5,11.7,2.9,0.4,9290,5180,5,False,True,False,107837,293036,8.3,7.0,20.3,0.37,6,False,True,True,False,5일선회복/+3%반등,10.5,,,,,False,0,강세,-1,0,-1,0,19.6,-0.7,1504.56,,2.14,344.0,344.0,344.0,10,10,1.0,21.5,20.5
356860,티엘비,,131900,74.2,91.6,117.9,-2.9,670.0,33.2,60.3,113.4,34.2,58.5,116.0,1.07,135900,17130,10,False,True,True,220898,240530,339.6,248.6,235.1,0.92,10,False,True,True,True,5일선회복/+3%반등/거래량동반양봉,1.5,,,,,False,0,강세,-1,0,-1,0,19.6,-0.7,1504.56,,2.14,344.0,344.0,344.0,10,10,1.0,21.5,20.5
241770,메카로,,37500,52.7,44.0,37.8,-12.8,249.5,-5.2,-11.0,52.4,-1.9,0.3,49.3,0.39,43000,10730,0,False,False,False,22235,38235,5.6,8.3,14.8,0.58,6,False,True,True,False,5일선회복/+3%반등,15.5,,,,,False,0,강세,-1,0,-1,0,19.6,-0.7,1504.56,,2.14,344.0,344.0,344.0,10,10,1.0,21.5,20.5
058610,에스피지,,127700,49.2,53.7,51.4,-22.9,467.6,4.4,10.0,-3.8,0.4,7.3,63.3,0.42,165700,22500,5,False,True,False,398852,556413,304.7,473.8,721.0,0.72,6,False,True,True,False,5일선회복/+3%반등,10.4,,,,,False,0,강세,-1,0,-1,0,19.6,-0.7,1504.56,,2.14,344.0,344.0,344.0,10,10,1.0,21.4,20.4
439090,마녀공장,,16470,53.4,41.9,51.4,-21.0,48.9,3.9,25.4,16.2,0.3,17.4,10.4,0.32,20850,11060,10,False,True,True,343369,562288,30.6,58.3,93.2,0.61,3,False,False,True,False,+3%반등,8.4,,,,,False,0,강세,-1,0,-1,0,19.6,-0.7,1504.56,,2.14,344.0,344.0,344.0,10,10,1.0,21.4,20.4
007390,네이처셀,,29250,72.9,100.0,143.7,-25.7,76.7,67.1,41.6,23.4,48.6,52.9,33.5,0.23,39350,16550,5,False,True,False,316764,333534,23.3,60.1,64.0,0.95,6,False,True,True,False,5일선회복/+3%반등,10.3,,,,,False,0,강세,-1,0,-1,0,19.6,-0.7,1504.56,,2.14,344.0,344.0,344.0,10,10,1.0,21.3,20.3
240810,원익IPS,,122000,49.7,33.4,46.1,-19.5,483.7,5.1,2.4,2.3,-1.0,0.8,50.8,1.06,151500,20900,5,False,True,False,515358,690209,887.0,618.1,860.2,0.75,6,False,True,True,False,5일선회복/+3%반등,10.1,,,,,False,0,강세,-1,0,-1,0,19.6,-0.7,1504.56,,2.14,344.0,344.0,344.0,10,10,1.0,21.1,20.1
012860,모베이스전자,,4410,55.5,18.2,49.7,-37.6,inf,-2.8,15.7,10.5,-0.2,10.8,69.7,0.33,7070,0,0,False,False,False,2543230,8570717,128.3,111.3,425.6,0.3,3,False,True,False,False,5일선회복,18.1,,,,,False,0,강세,-1,0,-1,0,19.6,-0.7,1504.56,,2.14,344.0,344.0,344.0,10,10,1.0,21.1,20.1
420770,기가비스,,142200,69.0,93.2,111.0,-2.2,511.6,13.9,52.1,141.0,24.3,50.6,169.0,2.05,145400,23250,5,False,False,True,155911,149237,421.7,202.2,170.2,1.04,10,False,True,True,True,5일선회복/+3%반등/거래량동반양봉,6.1,,,,,False,0,강세,-1,0,-1,0,19.6,-0.7,1504.56,,2.14,344.0,344.0,344.0,10,10,1.0,21.1,20.1
222800,심텍,,132800,76.4,84.8,97.6,-5.8,721.8,32.3,53.3,158.9,27.4,67.1,145.4,1.53,141000,16160,10,False,True,True,1027578,854637,1737.0,1248.0,904.8,1.2,6,False,True,True,False,5일선회복/+3%반등,5.0,,,,,False,0,강세,-1,0,-1,0,19.6,-0.7,1504.56,,2.14,344.0,344.0,344.0,10,10,1.0,21.0,20.0
038540,상상인,,2155,44.0,63.9,49.6,-10.2,34.6,-2.5,-3.6,0.9,-0.0,-1.5,9.3,0.64,2400,1601,0,False,False,False,65185,107089,1.5,1.4,2.3,0.61,6,False,True,True,False,5일선회복/+3%반등,15.0,,,,,False,0,강세,-1,0,-1,0,19.6,-0.7,1504.56,,2.14,344.0,344.0,344.0,10,10,1.0,21.0,20.0
319400,현대무벡스,,37850,58.1,40.2,61.1,-24.9,inf,0.8,25.3,37.9,5.7,19.8,92.8,0.28,50400,0,5,False,True,False,2156296,4407735,481.8,777.3,1687.4,0.49,6,False,True,True,False,5일선회복/+3%반등,10.0,,,,,False,0,강세,-1,0,-1,0,19.6,-0.7,1504.56,,2.14,344.0,344.0,344.0,10,10,1.0,21.0,20.0
084370,유진테크,,138700,53.3,61.4,60.1,-12.2,349.6,19.7,3.0,2.4,3.2,7.3,49.4,0.95,158000,30850,10,False,True,True,166284,245144,327.7,214.8,330.8,0.68,6,False,True,True,False,5일선회복/+3%반등,4.9,,,,,False,0,강세,-1,0,-1,0,19.6,-0.7,1504.56,,2.14,344.0,344.0,344.0,10,10,1.0,20.9,19.9
396300,세아메카닉스,,6040,44.8,37.8,54.0,-17.7,172.1,-9.9,35.3,37.3,1.8,29.0,67.2,0.23,7340,2220,0,False,False,False,1361774,4016880,57.2,80.3,240.5,0.34,6,False,True,True,False,5일선회복/+3%반등,14.9,,,,,False,0,강세,-1,0,-1,0,19.6,-0.7,1504.56,,2.14,344.0,344.0,344.0,10,10,1.0,20.9,19.9
056190,에스에프에이,,32450,49.7,84.6,71.4,-11.1,60.8,20.9,2.9,2.7,5.2,10.2,22.9,1.0,36500,20175,10,False,True,True,207752,157756,52.1,63.0,48.4,1.32,6,False,True,True,False,5일선회복/+3%반등,4.9,,,,,False,0,강세,-1,0,-1,0,19.6,-0.7,1504.56,,2.14,344.0,344.0,344.0,10,10,1.0,20.9,19.9
352910,오비고,,5500,50.0,28.1,43.8,-24.7,38.7,-0.5,3.8,11.2,-1.0,8.6,16.0,0.6,7300,3965,5,False,True,False,30053,65755,2.2,1.6,3.8,0.46,3,False,True,False,False,5일선회복,12.8,,,,,False,0,강세,-1,0,-1,0,19.6,-0.7,1504.56,,2.14,344.0,344.0,344.0,10,10,1.0,20.8,19.8
123860,아나패스,,21900,70.0,85.0,111.6,-4.4,57.6,21.7,24.8,25.9,20.2,25.8,24.3,1.57,22900,13900,10,True,True,False,382422,143492,51.4,77.9,27.8,2.67,6,False,True,True,False,5일선회복/+3%반등,4.6,,,,,False,0,강세,-1,0,-1,0,19.6,-0.7,1504.56,,2.14,344.0,344.0,344.0,10,10,1.0,20.6,19.6
332370,아이디피,,5210,51.2,45.5,29.1,-10.3,21.4,-2.6,-1.0,-1.5,-0.9,0.3,2.0,1.73,5810,4290,0,False,False,False,10397,8506,0.8,0.5,0.4,1.22,4,False,False,False,True,거래량동반양봉,16.6,,,,,False,0,강세,-1,0,-1,0,19.6,-0.7,1504.56,,2.14,344.0,344.0,344.0,10,10,1.0,20.6,19.6
109860,동일금속,,7650,56.6,75.0,95.6,-13.9,9.3,2.7,3.8,-0.3,2.2,4.0,-1.1,0.62,8880,7000,5,False,True,False,4448,10259,0.5,0.3,0.8,0.43,10,False,True,True,True,5일선회복/+3%반등/거래량동반양봉,5.6,,,,,False,0,강세,-1,0,-1,0,19.6,-0.7,1504.56,,2.14,344.0,344.0,344.0,10,10,1.0,20.6,19.6
125020,티씨머티리얼즈,,9200,53.9,72.2,90.7,-11.6,207.7,34.3,53.8,65.2,21.5,47.6,88.9,0.59,10410,2990,10,False,True,True,6624560,5852347,320.5,604.1,469.2,1.13,6,False,True,True,False,5일선회복/+3%반등,4.6,,,,,False,0,강세,-1,0,-1,0,19.6,-0.7,1504.56,,2.14,344.0,344.0,344.0,10,10,1.0,20.6,19.6
033200,모아텍,,4035,52.4,55.3,69.7,-23.9,44.1,6.6,1.8,4.5,1.9,5.6,15.1,0.46,5300,2800,5,False,True,False,22855,25819,0.5,0.9,1.0,0.89,6,False,True,True,False,5일선회복/+3%반등,9.6,,,,,False,0,강세,-1,0,-1,0,19.6,-0.7,1504.56,,2.14,344.0,344.0,344.0,10,10,1.0,20.6,19.6
066430,아이로보틱스,,3480,65.6,47.1,74.5,-31.5,247.3,-13.0,83.4,24.3,26.8,50.9,84.5,0.33,5080,1002,5,True,False,False,22640331,9530538,116.2,907.8,352.9,2.38,3,False,False,True,False,+3%반등,12.6,,,,,False,0,강세,-1,0,-1,0,19.6,-0.7,1504.56,,2.14,344.0,344.0,344.0,10,10,1.0,20.6,19.6
119610,인터로조,,21650,48.7,75.6,66.9,-6.3,45.6,15.7,7.2,16.2,4.2,8.0,18.5,0.64,23100,14870,10,False,True,True,144979,116149,16.2,30.9,24.3,1.25,6,False,True,True,False,5일선회복/+3%반등,4.5,,,,,False,0,강세,-1,0,-1,0,19.6,-0.7,1504.56,,2.14,344.0,344.0,344.0,10,10,1.0,20.5,19.5
212710,아이에스티이,,12240,66.5,90.1,100.3,-18.4,75.6,5.5,41.8,33.3,20.0,40.1,30.9,1.6,15000,6970,0,False,False,False,317095,322899,65.1,36.2,34.2,0.98,10,False,True,True,True,5일선회복/+3%반등/거래량동반양봉,10.4,,,,,False,0,강세,-1,0,-1,0,19.6,-0.7,1504.56,,2.14,344.0,344.0,344.0,10,10,1.0,20.4,19.4
098120,마이크로컨텍솔,,36700,51.7,67.8,58.7,-9.5,261.9,15.8,5.3,15.4,2.4,14.1,52.1,1.11,40550,10140,10,False,True,True,246587,273500,110.9,86.8,95.1,0.9,6,False,True,True,False,5일선회복/+3%반등,4.4,,,,,False,0,강세,-1,0,-1,0,19.6,-0.7,1504.56,,2.14,344.0,344.0,344.0,10,10,1.0,20.4,19.4
063760,이엘피,,3660,54.2,23.6,49.3,-18.7,101.2,-1.1,5.5,41.0,-0.1,12.5,45.9,0.56,4500,1819,5,False,True,False,97876,160031,3.3,3.6,6.1,0.61,6,False,True,True,False,5일선회복/+3%반등,9.4,,,,,False,0,강세,-1,0,-1,0,19.6,-0.7,1504.56,,2.14,344.0,344.0,344.0,10,10,1.0,20.4,19.4
482630,삼양엔씨켐,,22300,61.3,77.2,93.2,-10.8,198.7,16.1,9.9,-1.5,10.5,19.6,66.0,0.98,25000,7465,10,False,True,True,487650,466918,105.2,105.2,96.5,1.04,6,False,True,True,False,5일선회복/+3%반등,4.3,,,,,False,0,강세,-1,0,-1,0,19.6,-0.7,1504.56,,2.14,344.0,344.0,344.0,10,10,1.0,20.3,19.3
228850,레이언스,,6970,74.4,93.9,97.9,-6.1,44.2,5.0,14.1,33.8,9.0,11.3,21.3,1.57,7420,4835,5,False,False,True,64791,68894,7.9,4.4,4.5,0.94,10,False,True,True,True,5일선회복/+3%반등/거래량동반양봉,5.3,,,,,False,0,강세,-1,0,-1,0,19.6,-0.7,1504.56,,2.14,344.0,344.0,344.0,10,10,1.0,20.3,19.3
446540,메가터치,,9840,68.6,75.4,104.6,-10.5,203.2,25.2,61.0,137.1,31.6,72.3,124.7,0.73,10990,3245,10,False,True,True,674518,689227,49.5,60.9,51.9,0.98,6,False,True,True,False,5일선회복/+3%반등,4.2,,,,,False,0,강세,-1,0,-1,0,19.6,-0.7,1504.56,,2.14,344.0,344.0,344.0,10,10,1.0,20.2,19.2
052400,코나아이,,58700,54.3,18.8,43.3,-31.7,55.3,-5.5,-4.1,-9.1,-1.6,-0.8,9.6,0.75,86000,37800,0,False,False,False,167239,196846,88.4,101.7,121.9,0.85,0,False,False,False,False,-,20.2,,,,,False,0,강세,-1,0,-1,0,19.6,-0.7,1504.56,,2.14,344.0,344.0,344.0,10,10,1.0,20.2,19.2
189330,씨이랩,,9200,66.4,77.3,97.1,-13.0,170.6,17.8,20.3,106.3,21.3,52.1,74.3,0.8,10578,3400,5,False,True,False,377871,788873,56.0,30.9,63.9,0.48,10,False,True,True,True,5일선회복/+3%반등/거래량동반양봉,5.2,,,,,False,0,강세,-1,0,-1,0,19.6,-0.7,1504.56,,2.14,344.0,344.0,344.0,10,10,1.0,20.2,19.2
425040,티이엠씨,,27100,73.3,67.5,81.8,-10.6,351.7,12.9,117.8,172.9,23.7,69.0,162.9,0.46,30300,6000,10,False,True,True,2841179,3552692,464.5,748.0,733.6,0.8,6,False,True,True,False,5일선회복/+3%반등,4.2,,,,,False,0,강세,-1,0,-1,0,19.6,-0.7,1504.56,,2.14,344.0,344.0,344.0,10,10,1.0,20.2,19.2
054800,아이디스홀딩스,,15530,45.6,24.9,28.8,-8.5,70.7,-6.8,2.1,2.2,-2.0,-1.6,19.3,1.02,16980,9100,0,False,False,False,18560,18646,2.9,2.9,3.0,1.0,0,False,False,False,False,-,19.9,,,,,False,0,강세,-1,0,-1,0,19.6,-0.7,1504.56,,2.14,344.0,344.0,344.0,10,10,1.0,19.9,18.9
187790,나노,,6850,56.5,65.5,82.6,-9.4,inf,9.1,17.5,77.0,7.6,39.5,103.7,0.57,7560,0,10,False,True,True,1128389,1443494,53.7,75.9,91.3,0.78,6,False,True,True,False,5일선회복/+3%반등,3.8,,,,,False,0,강세,-1,0,-1,0,19.6,-0.7,1504.56,,2.14,344.0,344.0,344.0,10,10,1.0,19.8,18.8
098460,고영,,40800,54.2,68.6,60.5,-9.3,201.1,12.4,23.3,27.9,2.8,23.6,65.4,0.36,45000,13550,10,False,True,True,2090273,6133169,920.4,785.4,2515.4,0.34,6,False,True,True,False,5일선회복/+3%반등,3.7,,,,,False,0,강세,-1,0,-1,0,19.6,-0.7,1504.56,,2.14,344.0,344.0,344.0,10,10,1.0,19.7,18.7
253840,수젠텍,,6650,60.1,47.3,62.3,-29.2,54.3,2.9,8.0,13.7,5.3,19.7,5.0,0.27,9390,4310,5,False,False,True,6580537,5175810,96.9,483.7,352.3,1.27,3,False,False,True,False,+3%반등,11.7,,,,,False,0,강세,-1,0,-1,0,19.6,-0.7,1504.56,,2.14,344.0,344.0,344.0,10,10,1.0,19.7,18.7
460470,아이빔테크놀로지,,4500,63.9,66.4,77.4,-9.0,67.9,4.5,29.3,33.3,11.5,21.4,36.5,0.9,4945,2680,10,False,True,True,154581,281924,11.9,6.7,11.8,0.55,6,False,True,True,False,5일선회복/+3%반등,3.6,,,,,False,0,강세,-1,0,-1,0,19.6,-0.7,1504.56,,2.14,344.0,344.0,344.0,10,10,1.0,19.6,18.6
458650,성우,,13890,47.7,59.9,64.0,-10.0,46.2,1.7,-0.8,-0.6,1.7,5.8,13.8,1.16,15440,9500,5,False,False,True,212529,164703,26.7,29.3,22.6,1.29,6,False,True,True,False,5일선회복/+3%반등,8.6,,,,,False,0,강세,-1,0,-1,0,19.6,-0.7,1504.56,,2.14,344.0,344.0,344.0,10,10,1.0,19.6,18.6
218410,RFHIC,,103200,54.3,40.2,67.4,-18.7,565.4,6.6,-2.2,63.3,4.3,12.4,108.1,0.66,126900,15510,5,False,True,False,390293,571907,394.4,387.1,573.6,0.68,6,False,True,True,False,5일선회복/+3%반등,8.6,,,,,False,0,강세,-1,0,-1,0,19.6,-0.7,1504.56,,2.14,344.0,344.0,344.0,10,10,1.0,19.6,18.6
078350,한양디지텍,,40500,64.4,77.4,101.5,-8.6,366.6,19.1,38.7,56.4,20.5,33.8,84.1,0.96,44300,8680,10,False,True,True,368344,383017,137.9,140.4,130.4,0.96,6,False,True,True,False,5일선회복/+3%반등,3.4,,,,,False,0,강세,-1,0,-1,0,19.6,-0.7,1504.56,,2.14,344.0,344.0,344.0,10,10,1.0,19.4,18.4
277810,레인보우로보틱스,,772000,57.3,43.1,61.2,-21.1,209.4,3.5,29.5,8.4,4.9,17.2,55.3,0.37,979000,249500,5,False,True,False,162473,264903,769.1,1142.1,2001.7,0.61,6,False,True,True,False,5일선회복/+3%반등,8.4,,,,,False,0,강세,-1,0,-1,0,19.6,-0.7,1504.56,,2.14,344.0,344.0,344.0,10,10,1.0,19.4,18.4
389500,에스비비테크,,90900,63.6,53.8,72.3,-21.0,388.7,9.3,45.7,63.5,14.9,43.1,109.4,0.31,115000,18600,5,False,True,False,164126,424970,120.2,135.5,360.6,0.39,6,False,True,True,False,5일선회복/+3%반등,8.4,,,,,False,0,강세,-1,0,-1,0,19.6,-0.7,1504.56,,2.14,344.0,344.0,344.0,10,10,1.0,19.4,18.4
033640,네패스,,37100,58.8,85.6,97.0,-4.9,426.2,27.1,35.2,108.7,14.3,43.4,103.3,1.27,39000,7050,10,False,True,True,584320,562482,271.0,203.2,185.2,1.04,6,False,True,True,False,5일선회복/+3%반등,3.3,,,,,False,0,강세,-1,0,-1,0,19.6,-0.7,1504.56,,2.14,344.0,344.0,344.0,10,10,1.0,19.3,18.3
085910,네오티스,,30500,58.9,65.4,88.0,-10.8,895.1,11.3,12.3,88.3,10.1,26.3,164.5,0.85,34200,3065,5,False,True,False,135563,209194,53.3,37.5,58.9,0.65,10,False,True,True,True,5일선회복/+3%반등/거래량동반양봉,4.3,,,,,False,0,강세,-1,0,-1,0,19.6,-0.7,1504.56,,2.14,344.0,344.0,344.0,10,10,1.0,19.3,18.3
252990,샘씨엔에스,,14540,52.8,78.0,80.8,-6.2,241.7,24.0,6.4,31.6,9.4,25.5,74.8,1.16,15500,4255,10,False,True,True,1209397,966906,162.7,168.8,131.1,1.25,6,False,True,True,False,5일선회복/+3%반등,3.3,,,,,False,0,강세,-1,0,-1,0,19.6,-0.7,1504.56,,2.14,344.0,344.0,344.0,10,10,1.0,19.3,18.3
065690,파커스,,1528,52.2,93.3,88.2,-8.0,77.3,8.5,8.9,11.5,5.3,5.0,23.3,0.99,1660,862,10,False,True,True,55410,56946,0.9,0.8,0.8,0.97,6,False,True,True,False,5일선회복/+3%반등,3.2,,,,,False,0,강세,-1,0,-1,0,19.6,-0.7,1504.56,,2.14,344.0,344.0,344.0,10,10,1.0,19.2,18.2
032500,케이엠더블유,,35600,58.6,73.6,89.7,-7.5,341.7,23.2,13.6,69.9,11.6,18.4,89.0,0.97,38500,8060,10,False,True,True,892591,674838,238.7,302.9,220.7,1.32,6,False,True,True,False,5일선회복/+3%반등,3.0,,,,,False,0,강세,-1,0,-1,0,19.6,-0.7,1504.56,,2.14,344.0,344.0,344.0,10,10,1.0,19.0,18.0
290550,디케이티,,28000,53.7,43.7,51.2,-19.9,367.4,5.7,6.9,155.2,0.5,20.5,130.1,0.41,34950,5990,5,False,True,False,274508,527679,60.1,71.7,146.2,0.52,6,False,True,True,False,5일선회복/+3%반등,8.0,,,,,False,0,강세,-1,0,-1,0,19.6,-0.7,1504.56,,2.14,344.0,344.0,344.0,10,10,1.0,19.0,18.0
037460,삼지전자,,51600,71.1,59.7,87.5,-20.0,421.2,-8.5,52.9,124.8,28.0,59.0,168.3,1.0,64500,9900,5,True,False,False,900109,622557,331.2,435.6,300.3,1.45,6,False,True,True,False,5일선회복/+3%반등,8.0,,,,,False,0,강세,-1,0,-1,0,19.6,-0.7,1504.56,,2.14,344.0,344.0,344.0,10,10,1.0,19.0,18.0
094940,푸른기술,,12570,61.8,61.6,89.2,-19.9,78.3,7.3,22.9,15.3,12.1,21.8,36.3,0.54,15700,7050,5,False,False,True,322570,617486,43.5,37.7,72.9,0.52,6,False,True,True,False,5일선회복/+3%반등,8.0,,,,,False,0,강세,-1,0,-1,0,19.6,-0.7,1504.56,,2.14,344.0,344.0,344.0,10,10,1.0,19.0,18.0
033560,블루콤,,3480,54.8,93.8,72.0,-14.4,29.6,5.5,-4.1,12.4,2.7,2.5,9.9,0.45,4065,2685,5,False,True,False,22211,35291,0.6,0.7,1.2,0.63,6,False,True,True,False,5일선회복/+3%반등,7.8,,,,,False,0,강세,-1,0,-1,0,19.6,-0.7,1504.56,,2.14,344.0,344.0,344.0,10,10,1.0,18.8,17.8
161580,필옵틱스,,52200,53.8,41.9,53.6,-19.6,82.5,4.6,3.0,6.4,1.2,14.7,23.1,0.59,64900,28600,5,False,True,False,303265,727159,228.4,148.4,409.7,0.42,6,False,True,True,False,5일선회복/+3%반등,7.8,,,,,False,0,강세,-1,0,-1,0,19.6,-0.7,1504.56,,2.14,344.0,344.0,344.0,10,10,1.0,18.8,17.8
052330,코텍,,11700,48.7,8.5,39.8,-19.3,38.8,-5.3,5.4,14.4,-2.2,6.2,22.2,0.3,14500,8430,0,False,False,False,35225,84752,3.1,4.1,10.9,0.42,0,False,False,False,False,-,18.7,,,,,False,0,강세,-1,0,-1,0,19.6,-0.7,1504.56,,2.14,344.0,344.0,344.0,10,10,1.0,18.7,17.7
247540,에코프로비엠,,220000,51.5,65.7,67.6,-15.4,171.3,15.5,0.9,2.8,5.5,8.2,31.4,1.3,260000,81100,5,False,True,False,752187,705989,2024.9,1525.7,1485.4,1.07,6,False,True,True,False,5일선회복/+3%반등,7.7,,,,,False,0,강세,-1,0,-1,0,19.6,-0.7,1504.56,,2.14,344.0,344.0,344.0,10,10,1.0,18.7,17.7
034950,한국기업평가,,103200,35.7,23.9,17.8,-10.3,14.7,-1.4,-1.2,-9.4,-2.8,0.0,3.1,0.62,115000,90000,5,False,True,False,2577,3903,2.6,2.7,4.2,0.66,-30,True,False,True,False,⚠️떨어지는칼날/+3%반등,40.6,0.1,-1.3,14.1,-8.9,True,3,강세,-1,0,-1,0,19.6,-0.7,1504.56,,2.14,344.0,344.0,344.0,10,10,1.0,18.6,17.6
050890,쏠리드,,18340,48.2,59.7,77.9,-12.2,206.7,19.1,10.0,92.0,8.5,16.6,92.2,0.76,20900,5980,5,False,True,False,6310716,7969730,1151.8,1094.1,1409.7,0.79,6,False,True,True,False,5일선회복/+3%반등,7.6,,,,,False,0,강세,-1,0,-1,0,19.6,-0.7,1504.56,,2.14,344.0,344.0,344.0,10,10,1.0,18.6,17.6
053620,태양,,7300,53.1,69.6,76.6,-2.3,23.5,0.1,1.7,6.0,1.4,2.4,9.6,1.54,7470,5910,5,False,False,True,12605,14787,1.7,0.9,1.1,0.85,10,False,True,True,True,5일선회복/+3%반등/거래량동반양봉,3.6,,,,,False,0,강세,-1,0,-1,0,19.6,-0.7,1504.56,,2.14,344.0,344.0,344.0,10,10,1.0,18.6,17.6
060850,영림원소프트랩,,6320,46.2,67.2,53.8,-13.9,17.5,-1.1,-2.3,1.6,0.4,2.1,1.1,0.64,7340,5380,0,False,False,False,23168,31223,1.3,1.5,2.0,0.74,6,False,True,True,False,5일선회복/+3%반등,12.4,,,,,False,0,강세,-1,0,-1,0,19.6,-0.7,1504.56,,2.14,344.0,344.0,344.0,10,10,1.0,18.4,17.4
031980,피에스케이홀딩스,,131900,49.9,76.6,71.4,-5.4,336.8,12.8,15.1,45.6,4.6,15.8,94.3,0.94,139400,30200,10,False,True,True,196846,210675,259.1,251.0,264.8,0.93,6,False,True,True,False,5일선회복/+3%반등,2.3,,,,,False,0,강세,-1,0,-1,0,19.6,-0.7,1504.56,,2.14,344.0,344.0,344.0,10,10,1.0,18.3,17.3
031330,에스에이엠티,,18170,77.6,85.7,95.3,-8.9,573.0,-2.3,162.2,262.0,66.7,133.4,279.9,1.72,19950,2700,5,True,False,False,5170145,2455558,795.5,812.3,325.8,2.11,6,False,True,True,False,5일선회복/+3%반등,7.2,,,,,False,0,강세,-1,0,-1,0,19.6,-0.7,1504.56,,2.14,344.0,344.0,344.0,10,10,1.0,18.2,17.2
143540,영우디에스피,,1479,54.8,44.1,67.0,-12.9,168.9,2.2,4.4,24.7,4.1,8.4,53.5,0.92,1698,550,10,True,False,True,1295184,680796,9.5,20.4,10.1,1.9,3,False,False,True,False,+3%반등,5.2,,,,,False,0,강세,-1,0,-1,0,19.6,-0.7,1504.56,,2.14,344.0,344.0,344.0,10,10,1.0,18.2,17.2
319660,피에스케이,,114800,60.6,73.7,83.8,-5.4,553.0,8.3,32.1,89.4,10.7,27.1,128.4,0.93,121300,17580,10,False,True,True,337247,353687,378.3,372.5,365.4,0.95,6,False,True,True,False,5일선회복/+3%반등,2.2,,,,,False,0,강세,-1,0,-1,0,19.6,-0.7,1504.56,,2.14,344.0,344.0,344.0,10,10,1.0,18.2,17.2
089790,제이티,,6680,57.1,56.4,78.1,-16.9,75.3,13.2,7.2,-2.3,5.4,12.3,30.6,0.98,8040,3810,5,False,True,False,268211,341902,23.1,17.1,22.1,0.78,6,False,True,True,False,5일선회복/+3%반등,6.8,,,,,False,0,강세,-1,0,-1,0,19.6,-0.7,1504.56,,2.14,344.0,344.0,344.0,10,10,1.0,17.8,16.8
017650,대림제지,,9480,43.9,72.6,42.1,-13.7,46.3,-0.3,1.9,-5.0,-0.4,3.7,16.9,0.32,10990,6480,0,False,False,False,15124,27604,0.9,1.4,2.6,0.55,0,False,False,False,False,-,17.8,,,,,False,0,강세,-1,0,-1,0,19.6,-0.7,1504.56,,2.14,344.0,344.0,344.0,10,10,1.0,17.8,16.8
330730,스톤브릿지벤처스,,7070,57.8,90.8,106.5,-2.8,74.6,6.6,11.5,9.6,7.6,14.1,32.4,1.09,7270,4050,10,False,True,True,186662,180970,14.4,12.7,11.9,1.03,6,False,True,True,False,5일선회복/+3%반등,1.6,,,,,False,0,강세,-1,0,-1,0,19.6,-0.7,1504.56,,2.14,344.0,344.0,344.0,10,10,1.0,17.6,16.6
083450,GST,,59300,62.3,43.3,61.9,-16.2,242.8,-0.3,32.5,98.7,5.6,41.5,101.6,0.79,70800,17300,5,False,True,False,313503,449706,210.3,178.8,254.4,0.7,6,False,True,True,False,5일선회복/+3%반등,6.5,,,,,False,0,강세,-1,0,-1,0,19.6,-0.7,1504.56,,2.14,344.0,344.0,344.0,10,10,1.0,17.5,16.5
147760,피엠티,,9580,74.4,93.1,109.8,-3.4,456.7,43.0,203.9,160.1,49.6,119.5,224.3,0.72,9920,1721,10,False,True,True,831514,900098,53.7,68.7,53.5,0.92,6,False,True,True,False,5일선회복/+3%반등,1.4,,,,,False,0,강세,-1,0,-1,0,19.6,-0.7,1504.56,,2.14,344.0,344.0,344.0,10,10,1.0,17.4,16.4
307180,아이엘,,8760,56.3,59.9,79.3,-15.8,265.0,14.5,37.7,48.5,16.3,43.2,117.0,0.81,10400,2400,5,False,True,False,2987432,2514461,177.5,261.7,197.2,1.19,6,False,True,True,False,5일선회복/+3%반등,6.3,,,,,False,0,강세,-1,0,-1,0,19.6,-0.7,1504.56,,2.14,344.0,344.0,344.0,10,10,1.0,17.3,16.3
311320,지오엘리먼트,,9190,53.1,37.0,52.8,-15.8,51.9,-0.4,3.0,23.2,0.8,14.1,26.7,0.49,10910,6050,5,False,True,False,85476,194641,9.0,7.6,18.8,0.44,6,False,True,True,False,5일선회복/+3%반등,6.3,,,,,False,0,강세,-1,0,-1,0,19.6,-0.7,1504.56,,2.14,344.0,344.0,344.0,10,10,1.0,17.3,16.3
183300,코미코,,94500,64.8,88.5,101.8,-3.2,242.3,23.0,22.5,65.8,19.7,35.9,74.7,0.73,97585,27604,10,False,True,True,305068,324403,227.9,254.9,265.1,0.94,6,False,True,True,False,5일선회복/+3%반등,1.3,,,,,False,0,강세,-1,0,-1,0,19.6,-0.7,1504.56,,2.14,344.0,344.0,344.0,10,10,1.0,17.3,16.3
142210,유니트론텍,,8720,73.9,91.1,93.5,-3.1,77.8,22.0,56.6,41.1,26.4,45.3,43.8,0.98,9000,4905,10,False,True,True,2434381,1985957,176.7,199.4,154.4,1.23,6,False,True,True,False,5일선회복/+3%반등,1.2,,,,,False,0,강세,-1,0,-1,0,19.6,-0.7,1504.56,,2.14,344.0,344.0,344.0,10,10,1.0,17.2,16.2
332570,PS일렉트로닉스,,12700,60.6,60.1,73.5,-15.3,382.9,0.0,52.1,134.3,15.4,60.2,107.5,0.34,14990,2630,5,False,False,True,2895570,8253465,345.8,346.5,914.6,0.35,6,False,True,True,False,5일선회복/+3%반등,6.1,,,,,False,0,강세,-1,0,-1,0,19.6,-0.7,1504.56,,2.14,344.0,344.0,344.0,10,10,1.0,17.1,16.1
064760,티씨케이,,303500,51.4,46.1,47.7,-12.9,260.0,3.6,6.5,42.2,-0.5,12.1,61.5,0.77,348500,84300,5,False,True,False,59184,72338,166.0,172.3,221.6,0.82,6,False,True,True,False,5일선회복/+3%반등,6.1,,,,,False,0,강세,-1,0,-1,0,19.6,-0.7,1504.56,,2.14,344.0,344.0,344.0,10,10,1.0,17.1,16.1
052860,아이앤씨,,6370,57.0,44.0,48.2,-13.3,287.5,-0.2,18.0,100.9,-0.5,20.4,96.3,0.45,7350,1644,5,False,True,False,109554,172816,4.9,6.7,11.1,0.63,6,False,True,True,False,5일선회복/+3%반등,6.0,,,,,False,0,강세,-1,0,-1,0,19.6,-0.7,1504.56,,2.14,344.0,344.0,344.0,10,10,1.0,17.0,16.0
058450,한주에이알티,,5700,53.6,48.2,70.8,-26.6,250.8,-0.9,91.3,43.1,12.0,50.3,36.7,0.08,7770,1625,0,False,False,False,31769,270955,1.2,1.8,13.4,0.12,6,False,True,True,False,5일선회복/+3%반등,10.6,,,,,False,0,강세,-1,0,-1,0,19.6,-0.7,1504.56,,2.14,344.0,344.0,344.0,10,10,1.0,16.6,15.600000000000001
209640,와이제이링크,,8930,52.4,52.0,65.0,-13.7,273.6,3.8,47.6,91.2,3.6,42.1,106.9,0.32,10350,2390,5,False,True,False,947807,5090387,141.5,81.0,423.0,0.19,6,False,True,True,False,5일선회복/+3%반등,5.5,,,,,False,0,강세,-1,0,-1,0,19.6,-0.7,1504.56,,2.14,344.0,344.0,344.0,10,10,1.0,16.5,15.5
159010,아스플로,,18400,83.5,97.4,92.0,-1.1,438.8,15.4,135.9,174.6,31.2,97.6,227.3,0.34,18600,3415,10,False,True,True,115999,442244,28.1,19.7,56.8,0.26,6,False,True,True,False,5일선회복/+3%반등,0.4,,,,,False,0,강세,-1,0,-1,0,19.6,-0.7,1504.56,,2.14,344.0,344.0,344.0,10,10,1.0,16.4,15.399999999999999
106240,파인테크닉스,,2170,50.4,57.0,44.5,-17.8,127.0,-1.4,-8.1,16.7,-0.7,-2.7,31.8,0.66,2640,956,0,False,False,False,349589,275422,4.0,7.7,6.1,1.27,3,False,False,True,False,+3%반등,13.4,,,,,False,0,강세,-1,0,-1,0,19.6,-0.7,1504.56,,2.14,344.0,344.0,344.0,10,10,1.0,16.4,15.399999999999999
045100,한양이엔지,,33350,52.4,55.2,57.6,-11.5,113.2,7.8,-1.2,12.1,1.7,4.5,34.8,0.61,37700,15640,5,False,True,False,124565,183125,36.2,39.3,60.8,0.68,6,False,True,True,False,5일선회복/+3%반등,5.2,,,,,False,0,강세,-1,0,-1,0,19.6,-0.7,1504.56,,2.14,344.0,344.0,344.0,10,10,1.0,16.2,15.2
096530,씨젠,,31900,76.6,93.1,84.9,-13.0,47.0,6.5,28.4,16.2,15.4,27.6,24.8,0.72,36650,21700,5,False,False,True,476366,528078,124.9,146.4,152.6,0.9,6,False,True,True,False,5일선회복/+3%반등,5.2,,,,,False,0,강세,-1,0,-1,0,19.6,-0.7,1504.56,,2.14,344.0,344.0,344.0,10,10,1.0,16.2,15.2
122990,와이솔,,8480,69.1,59.8,89.6,-9.2,57.9,0.5,11.9,31.3,9.2,14.4,33.7,1.28,9340,5370,5,True,False,False,421331,296149,33.4,35.3,24.1,1.42,6,False,True,True,False,5일선회복/+3%반등,5.1,,,,,False,0,강세,-1,0,-1,0,19.6,-0.7,1504.56,,2.14,344.0,344.0,344.0,10,10,1.0,16.1,15.100000000000001
465480,인스피언,,6010,52.2,31.3,67.3,-23.5,27.9,-0.5,-1.2,13.8,1.8,8.2,6.1,0.15,7860,4700,0,False,False,False,79567,431644,4.1,4.8,25.8,0.18,6,False,True,True,False,5일선회복/+3%반등,10.0,,,,,False,0,강세,-1,0,-1,0,19.6,-0.7,1504.56,,2.14,344.0,344.0,344.0,10,10,1.0,16.0,15.0
121890,에스디시스템,,2940,66.2,100.0,102.8,0.0,124.1,43.4,84.2,81.7,34.6,60.1,77.7,0.75,2940,1312,10,False,True,True,429691,413271,9.4,11.1,9.5,1.04,6,False,True,True,False,5일선회복/+3%반등,0.0,,,,,False,0,강세,-1,0,-1,0,19.6,-0.7,1504.56,,2.14,344.0,344.0,344.0,10,10,1.0,16.0,15.0
354320,알멕,,92900,46.4,68.2,63.8,-10.7,391.5,-0.7,0.8,47.2,4.3,26.0,123.7,1.05,104000,18900,0,False,False,False,224193,234968,233.9,201.7,206.0,0.95,6,False,True,True,False,5일선회복/+3%반등,9.9,,,,,False,0,강세,-1,0,-1,0,19.6,-0.7,1504.56,,2.14,344.0,344.0,344.0,10,10,1.0,15.9,14.9
331520,밸로프,,2680,53.7,50.0,64.7,-24.8,10.5,0.8,2.3,-5.1,1.4,0.7,-5.3,0.64,3565,2425,0,False,False,False,84588,112557,2.0,2.2,3.0,0.75,6,False,True,True,False,5일선회복/+3%반등,9.9,,,,,False,0,강세,-1,0,-1,0,19.6,-0.7,1504.56,,2.14,344.0,344.0,344.0,10,10,1.0,15.9,14.9
049720,고려신용정보,,9820,35.5,18.9,14.8,-13.1,0.7,-0.9,-4.2,-8.7,-1.6,-3.5,-5.8,0.84,11300,9750,0,False,False,False,45701,54083,4.5,4.5,5.4,0.85,-30,True,False,False,False,⚠️떨어지는칼날,45.9,-2.5,-0.9,-23.8,-3.7,True,0,강세,-1,0,-1,0,19.6,-0.7,1504.56,,2.14,344.0,344.0,344.0,10,10,1.0,15.899999999999999,14.899999999999999
265520,AP시스템,,27350,54.1,47.9,61.3,-12.1,71.2,4.2,18.1,19.4,2.5,16.4,32.7,0.55,31100,15980,5,False,True,False,117087,259768,39.9,30.6,71.3,0.45,6,False,True,True,False,5일선회복/+3%반등,4.8,,,,,False,0,강세,-1,0,-1,0,19.6,-0.7,1504.56,,2.14,344.0,344.0,344.0,10,10,1.0,15.8,14.8
357230,에이치피오,,2835,47.2,30.4,65.4,-14.0,23.5,1.8,9.2,17.4,2.9,10.3,12.8,0.28,3295,2295,0,False,False,False,260445,1190517,9.8,7.3,33.2,0.22,6,False,True,True,False,5일선회복/+3%반등,9.8,,,,,False,0,강세,-1,0,-1,0,19.6,-0.7,1504.56,,2.14,344.0,344.0,344.0,10,10,1.0,15.8,14.8
089970,브이엠,,66200,63.3,75.8,111.9,-8.1,542.7,18.2,21.5,87.5,15.4,31.2,117.7,1.31,72000,10300,5,False,True,False,481063,437731,374.2,291.1,253.6,1.1,6,False,True,True,False,5일선회복/+3%반등,4.8,,,,,False,0,강세,-1,0,-1,0,19.6,-0.7,1504.56,,2.14,344.0,344.0,344.0,10,10,1.0,15.8,14.8
203650,드림시큐리티,,4615,68.3,97.0,116.5,-1.3,229.6,45.6,17.4,176.3,37.0,78.2,142.6,1.03,4675,1400,5,False,True,False,12888599,20675106,982.6,492.1,771.2,0.62,10,False,True,True,True,5일선회복/+3%반등/거래량동반양봉,0.7,,,,,False,0,강세,-1,0,-1,0,19.6,-0.7,1504.56,,2.14,344.0,344.0,344.0,10,10,1.0,15.7,14.7
100120,뷰웍스,,29150,57.5,13.5,38.6,-16.5,61.9,-8.6,5.4,9.6,-3.0,3.1,27.2,0.39,34900,18010,0,False,False,False,68610,137265,16.0,20.3,41.8,0.5,0,False,False,False,False,-,15.3,,,,,False,0,강세,-1,0,-1,0,19.6,-0.7,1504.56,,2.14,344.0,344.0,344.0,10,10,1.0,15.3,14.3
166090,하나머티리얼즈,,80000,50.9,62.6,71.6,-9.0,241.2,8.8,12.0,29.9,4.5,16.9,61.2,1.15,87900,23450,5,False,True,False,226390,226519,209.4,173.3,173.4,1.0,6,False,True,True,False,5일선회복/+3%반등,4.3,,,,,False,0,강세,-1,0,-1,0,19.6,-0.7,1504.56,,2.14,344.0,344.0,344.0,10,10,1.0,15.3,14.3
418420,라온텍,,9650,61.8,51.5,68.9,-22.8,268.3,-5.5,34.2,49.1,12.5,35.1,72.5,0.53,12500,2620,0,False,False,False,927463,1735216,82.0,86.9,164.2,0.53,6,False,True,True,False,5일선회복/+3%반등,9.1,,,,,False,0,강세,-1,0,-1,0,19.6,-0.7,1504.56,,2.14,344.0,344.0,344.0,10,10,1.0,15.1,14.1
043370,피에이치에이,,13400,53.3,84.8,81.9,-14.1,36.6,1.7,3.6,-1.8,2.6,4.9,12.9,1.68,15600,9810,0,False,False,False,57019,46257,10.5,7.4,6.0,1.23,6,False,True,True,False,5일선회복/+3%반등,9.0,,,,,False,0,강세,-1,0,-1,0,19.6,-0.7,1504.56,,2.14,344.0,344.0,344.0,10,10,1.0,15.0,14.0
039030,이오테크닉스,,547000,58.5,70.8,88.9,-8.5,329.0,12.8,13.3,46.8,11.5,19.8,69.6,1.07,598000,127500,5,False,True,False,131440,119117,706.2,687.4,581.7,1.1,6,False,True,True,False,5일선회복/+3%반등,3.8,,,,,False,0,강세,-1,0,-1,0,19.6,-0.7,1504.56,,2.14,344.0,344.0,344.0,10,10,1.0,14.8,13.8
051390,YW,,4500,47.9,33.6,41.5,-8.1,23.3,-4.2,2.2,11.1,-0.8,2.9,11.7,0.5,4895,3650,5,False,False,True,18672,15453,0.4,0.8,0.7,1.21,0,False,False,False,False,-,9.8,,,,,False,0,강세,-1,0,-1,0,19.6,-0.7,1504.56,,2.14,344.0,344.0,344.0,10,10,1.0,14.8,13.8
092190,서울바이오시스,,13610,56.5,70.6,57.8,-29.4,inf,-22.5,209.3,327.3,9.9,88.8,249.9,0.44,19270,0,0,False,False,False,902805,2493776,157.4,135.5,299.7,0.36,3,False,False,True,False,+3%반등,11.8,,,,,False,0,강세,-1,0,-1,0,19.6,-0.7,1504.56,,2.14,344.0,344.0,344.0,10,10,1.0,14.8,13.8
045300,성우테크론,,3465,61.5,44.9,78.3,-9.9,30.8,1.2,10.4,10.9,3.8,10.8,12.2,1.15,3845,2650,0,False,False,False,62895,79042,3.2,2.1,2.7,0.8,10,False,True,True,True,5일선회복/+3%반등/거래량동반양봉,4.7,,,,,False,0,강세,-1,0,-1,0,19.6,-0.7,1504.56,,2.14,344.0,344.0,344.0,10,10,1.0,14.7,13.7
187870,디바이스,,22800,58.4,42.3,52.2,-23.2,323.6,-14.6,31.6,132.1,1.2,37.0,139.7,1.49,29700,5383,0,False,False,False,478176,438695,152.6,112.9,100.5,1.09,3,False,False,True,False,+3%반등,11.7,,,,,False,0,강세,-1,0,-1,0,19.6,-0.7,1504.56,,2.14,344.0,344.0,344.0,10,10,1.0,14.7,13.7
452280,한선엔지니어링,,33900,76.8,82.7,90.8,-9.1,417.6,21.7,81.3,214.8,39.2,80.2,186.1,0.39,37300,6550,5,False,False,True,1081546,1060066,143.3,357.4,266.0,1.02,6,False,True,True,False,5일선회복/+3%반등,3.6,,,,,False,0,강세,-1,0,-1,0,19.6,-0.7,1504.56,,2.14,344.0,344.0,344.0,10,10,1.0,14.6,13.6
090360,로보스타,,85000,60.0,56.9,82.0,-21.3,260.9,-0.7,31.0,10.4,12.7,26.7,33.4,0.69,108000,23550,0,False,False,False,371607,361099,221.8,311.2,294.2,1.03,6,False,True,True,False,5일선회복/+3%반등,8.5,,,,,False,0,강세,-1,0,-1,0,19.6,-0.7,1504.56,,2.14,344.0,344.0,344.0,10,10,1.0,14.5,13.5
071850,캐스텍코리아,,1523,54.1,82.9,80.5,-20.1,10.0,1.2,-0.3,0.9,1.7,0.9,-3.2,0.5,1907,1385,0,False,False,False,6069,9979,0.1,0.1,0.1,0.61,6,False,True,True,False,5일선회복/+3%반등,8.2,,,,,False,0,강세,-1,0,-1,0,19.6,-0.7,1504.56,,2.14,344.0,344.0,344.0,10,10,1.0,14.2,13.2
417840,저스템,,18540,73.9,82.6,84.8,-6.8,604.9,9.0,51.2,180.9,24.0,74.3,200.7,0.8,19900,2630,5,False,False,True,1680057,1496646,222.6,302.6,234.6,1.12,6,False,True,True,False,5일선회복/+3%반등,2.7,,,,,False,0,강세,-1,0,-1,0,19.6,-0.7,1504.56,,2.14,344.0,344.0,344.0,10,10,1.0,13.7,12.7
412350,레이저쎌,,10780,63.2,49.3,66.6,-26.4,585.3,-23.4,39.5,127.9,14.0,29.1,166.8,0.48,14640,1573,0,False,False,False,1357605,2004751,106.4,152.7,216.4,0.68,3,False,False,True,False,+3%반등,10.6,,,,,False,0,강세,-1,0,-1,0,19.6,-0.7,1504.56,,2.14,344.0,344.0,344.0,10,10,1.0,13.6,12.6
041830,인바디,,46000,78.0,85.3,75.0,-5.9,101.3,3.8,55.9,33.7,19.3,40.0,50.5,0.62,48900,22850,5,False,True,False,69696,111367,32.7,31.4,47.9,0.63,6,False,True,True,False,5일선회복/+3%반등,2.4,,,,,False,0,강세,-1,0,-1,0,19.6,-0.7,1504.56,,2.14,344.0,344.0,344.0,10,10,1.0,13.4,12.4
273060,와이즈버즈,,1177,58.3,43.2,62.0,-18.3,47.1,-4.2,7.3,-3.7,2.7,7.8,10.9,0.36,1441,800,0,False,False,False,312115,673207,2.9,3.7,8.0,0.46,6,False,True,True,False,5일선회복/+3%반등,7.3,,,,,False,0,강세,-1,0,-1,0,19.6,-0.7,1504.56,,2.14,344.0,344.0,344.0,10,10,1.0,13.3,12.3
018310,삼목에스폼,,21350,70.4,87.9,85.4,-13.2,28.5,0.7,14.0,4.7,11.2,12.8,7.1,0.95,24600,16610,5,True,False,False,67960,40467,8.6,14.5,8.3,1.68,3,False,False,True,False,+3%반등,5.3,,,,,False,0,강세,-1,0,-1,0,19.6,-0.7,1504.56,,2.14,344.0,344.0,344.0,10,10,1.0,13.3,12.3
001540,안국약품,,10360,70.2,63.4,76.0,-13.1,47.2,-1.1,26.5,12.6,14.7,23.7,26.4,0.45,11920,7040,5,False,False,True,475252,447093,21.9,51.3,45.4,1.06,3,False,False,True,False,+3%반등,5.2,,,,,False,0,강세,-1,0,-1,0,19.6,-0.7,1504.56,,2.14,344.0,344.0,344.0,10,10,1.0,13.2,12.2
123010,알엔티엑스,,2350,65.5,48.9,69.5,-25.0,260.4,0.9,49.2,103.5,16.5,45.3,95.1,0.72,3135,652,0,False,False,False,2576004,2342370,40.7,63.4,52.2,1.1,3,False,False,True,False,+3%반등,10.0,,,,,False,0,강세,-1,0,-1,0,19.6,-0.7,1504.56,,2.14,344.0,344.0,344.0,10,10,1.0,13.0,12.0
051360,토비스,,20100,64.7,77.9,95.2,-4.1,47.7,6.8,21.9,24.5,8.2,18.8,24.9,1.07,20950,13610,5,False,True,False,73051,77447,15.7,14.4,14.4,0.94,6,False,True,True,False,5일선회복/+3%반등,2.0,,,,,False,0,강세,-1,0,-1,0,19.6,-0.7,1504.56,,2.14,344.0,344.0,344.0,10,10,1.0,13.0,12.0
027360,아주IB투자,,16510,54.1,43.1,52.9,-17.2,763.0,-2.9,16.7,234.2,0.8,36.4,218.1,0.67,19950,1913,0,False,False,False,14958864,17281342,1915.0,2495.0,2895.9,0.87,6,False,True,True,False,5일선회복/+3%반등,6.9,,,,,False,0,강세,-1,0,-1,0,19.6,-0.7,1504.56,,2.14,344.0,344.0,344.0,10,10,1.0,12.9,11.9
060540,에스에이티,,1419,54.6,55.1,60.7,-12.3,19.5,-2.6,1.5,6.5,1.0,5.6,7.5,0.62,1618,1187,5,False,False,True,124392,116768,1.0,1.8,1.7,1.07,3,False,False,True,False,+3%반등,4.9,,,,,False,0,강세,-1,0,-1,0,19.6,-0.7,1504.56,,2.14,344.0,344.0,344.0,10,10,1.0,12.9,11.9
092460,한라IMS,,21150,59.7,78.7,79.2,-4.5,156.4,4.7,11.9,28.0,4.4,19.7,31.4,0.6,22150,8250,5,False,True,False,146656,230540,29.5,30.3,46.7,0.64,6,False,True,True,False,5일선회복/+3%반등,1.8,,,,,False,0,강세,-1,0,-1,0,19.6,-0.7,1504.56,,2.14,344.0,344.0,344.0,10,10,1.0,12.8,11.8
222040,코스맥스엔비티,,8110,72.0,75.2,73.5,-11.8,183.6,4.6,73.1,126.9,21.0,59.6,109.3,0.47,9200,2860,5,False,True,False,451852,485158,19.1,38.1,35.7,0.93,3,False,False,True,False,+3%반등,4.7,,,,,False,0,강세,-1,0,-1,0,19.6,-0.7,1504.56,,2.14,344.0,344.0,344.0,10,10,1.0,12.7,11.7
073110,엘엠에스,,6120,64.7,69.2,92.5,-16.7,36.2,-0.3,6.1,15.9,3.0,9.5,8.7,1.01,7350,4495,0,False,False,False,21547,19312,1.2,1.3,1.1,1.12,6,False,True,True,False,5일선회복/+3%반등,6.7,,,,,False,0,강세,-1,0,-1,0,19.6,-0.7,1504.56,,2.14,344.0,344.0,344.0,10,10,1.0,12.7,11.7
100790,미래에셋벤처투자,,61100,57.2,52.0,69.4,-13.6,1209.8,-9.3,5.9,162.2,5.2,44.8,219.1,1.25,70700,4665,0,False,False,False,3433628,3823290,2691.2,2018.7,2295.9,0.9,6,False,True,True,False,5일선회복/+3%반등,6.7,,,,,False,0,강세,-1,0,-1,0,19.6,-0.7,1504.56,,2.14,344.0,344.0,344.0,10,10,1.0,12.7,11.7
194700,노바렉스,,16770,57.2,62.2,71.4,-24.1,45.8,-1.1,14.5,11.8,6.5,15.2,4.8,0.9,22100,11500,0,False,False,False,283226,210156,32.9,49.5,34.7,1.35,3,False,False,True,False,+3%반등,9.6,,,,,False,0,강세,-1,0,-1,0,19.6,-0.7,1504.56,,2.14,344.0,344.0,344.0,10,10,1.0,12.6,11.6
144960,뉴파워프라즈마,,10450,69.3,62.5,75.9,-16.0,122.6,-2.3,57.4,68.0,21.0,52.5,76.2,0.75,12440,4695,0,False,False,False,1270060,1752679,143.0,124.2,174.5,0.72,6,False,True,True,False,5일선회복/+3%반등,6.4,,,,,False,0,강세,-1,0,-1,0,19.6,-0.7,1504.56,,2.14,344.0,344.0,344.0,10,10,1.0,12.4,11.4
010280,아이티센엔텍,,7190,68.3,68.7,73.8,-10.2,90.8,-1.5,25.5,33.4,10.0,21.5,33.8,0.71,8006,3768,5,False,False,True,136999,203688,10.9,9.9,13.5,0.67,3,False,False,True,False,+3%반등,4.1,,,,,False,0,강세,-1,0,-1,0,19.6,-0.7,1504.56,,2.14,344.0,344.0,344.0,10,10,1.0,12.1,11.1
189300,인텔리안테크,,153700,54.7,50.3,55.9,-14.7,333.0,-8.0,13.2,26.5,2.0,13.4,89.0,0.84,180200,35500,0,False,False,False,212051,189274,249.2,306.1,286.7,1.12,6,False,True,True,False,5일선회복/+3%반등,5.9,,,,,False,0,강세,-1,0,-1,0,19.6,-0.7,1504.56,,2.14,344.0,344.0,344.0,10,10,1.0,11.9,10.9
011560,세보엠이씨,,25450,65.9,91.2,103.2,-1.9,159.7,7.4,29.2,61.6,11.3,24.0,62.5,0.73,25950,9800,5,False,True,False,50799,65874,12.5,12.4,15.0,0.77,6,False,True,True,False,5일선회복/+3%반등,0.8,,,,,False,0,강세,-1,0,-1,0,19.6,-0.7,1504.56,,2.14,344.0,344.0,344.0,10,10,1.0,11.8,10.8
212560,네오오토,,14860,82.9,96.1,94.4,-1.8,197.5,11.6,83.0,55.4,39.2,65.7,93.4,0.94,15130,4995,5,False,False,True,347347,438644,63.8,46.8,51.3,0.79,6,False,True,True,False,5일선회복/+3%반등,0.7,,,,,False,0,강세,-1,0,-1,0,19.6,-0.7,1504.56,,2.14,344.0,344.0,344.0,10,10,1.0,11.7,10.7
230360,에코마케팅,,16000,50.0,0.0,35.1,-1.8,99.3,0.0,0.0,0.4,-0.0,0.2,14.4,0.31,16300,8030,0,False,False,False,34716,37985,1.9,5.6,6.1,0.91,0,False,False,False,False,-,11.7,,,,,False,0,강세,-1,0,-1,0,19.6,-0.7,1504.56,,2.14,344.0,344.0,344.0,10,10,1.0,11.7,10.7
053060,세동,,1438,59.1,40.6,75.3,-14.3,32.8,1.1,16.0,9.2,5.5,12.1,10.0,0.55,1678,1083,0,False,False,False,211713,562583,4.7,3.0,8.0,0.38,6,False,True,True,False,5일선회복/+3%반등,5.7,,,,,False,0,강세,-1,0,-1,0,19.6,-0.7,1504.56,,2.14,344.0,344.0,344.0,10,10,1.0,11.7,10.7
078600,대주전자재료,,162100,52.3,82.7,65.8,-11.6,175.2,3.2,11.6,75.4,4.8,18.6,79.5,1.16,183300,58900,0,False,False,False,517432,481963,927.4,772.9,764.8,1.07,6,False,True,True,False,5일선회복/+3%반등,5.4,,,,,False,0,강세,-1,0,-1,0,19.6,-0.7,1504.56,,2.14,344.0,344.0,344.0,10,10,1.0,11.4,10.4
092300,현우산업,,4295,60.2,50.3,77.8,-13.6,66.2,-2.8,24.0,15.8,8.2,22.3,31.5,0.46,4972,2585,0,False,False,False,495966,900808,18.5,20.8,37.5,0.55,6,False,True,True,False,5일선회복/+3%반등,5.4,,,,,False,0,강세,-1,0,-1,0,19.6,-0.7,1504.56,,2.14,344.0,344.0,344.0,10,10,1.0,11.4,10.4
095610,테스,,126800,79.3,72.9,84.1,-10.5,496.7,9.2,35.9,71.8,21.2,49.4,128.7,1.22,141700,21250,0,False,False,False,461389,408806,630.5,563.5,441.8,1.13,6,False,True,True,False,5일선회복/+3%반등,5.3,,,,,False,0,강세,-1,0,-1,0,19.6,-0.7,1504.56,,2.14,344.0,344.0,344.0,10,10,1.0,11.3,10.3
080220,제주반도체,,118900,92.1,78.4,96.8,-13.3,873.8,28.4,153.2,160.2,62.3,118.5,270.6,0.54,137100,12210,0,False,False,False,4916909,5913896,3949.3,5479.3,4347.2,0.83,6,False,True,True,False,5일선회복/+3%반등,5.3,,,,,False,0,강세,-1,0,-1,0,19.6,-0.7,1504.56,,2.14,344.0,344.0,344.0,10,10,1.0,11.3,10.3
382800,지앤비에스 에코,,8860,50.8,42.7,62.5,-12.7,247.5,1.8,19.1,136.0,2.2,26.9,115.3,0.39,10150,2550,0,False,False,False,1218631,2336460,83.6,106.4,203.5,0.52,6,False,True,True,False,5일선회복/+3%반등,5.1,,,,,False,0,강세,-1,0,-1,0,19.6,-0.7,1504.56,,2.14,344.0,344.0,344.0,10,10,1.0,11.1,10.1
032580,피델릭스,,8460,99.9,100.0,105.0,0.0,inf,97.9,621.8,620.0,160.7,331.0,525.3,0.0,8460,0,5,False,False,True,4913562,3886973,0.0,312.2,166.0,1.26,6,False,True,True,False,5일선회복/+3%반등,0.0,,,,,False,0,강세,-1,0,-1,0,19.6,-0.7,1504.56,,2.14,344.0,344.0,344.0,10,10,1.0,11.0,10.0
131970,두산테스나,,178700,67.1,76.8,79.0,-9.2,710.4,3.1,43.1,179.2,16.7,48.9,172.0,1.24,196900,22050,0,False,False,False,376839,420782,924.7,644.9,647.4,0.9,6,False,True,True,False,5일선회복/+3%반등,4.9,,,,,False,0,강세,-1,0,-1,0,19.6,-0.7,1504.56,,2.14,344.0,344.0,344.0,10,10,1.0,10.9,9.9
067310,하나마이크론,,51400,64.4,63.5,84.2,-12.1,412.5,5.0,28.8,47.5,14.4,36.8,85.8,0.45,58500,10030,0,False,False,False,2805478,2926010,683.0,1441.8,1367.0,0.96,6,False,True,True,False,5일선회복/+3%반등,4.8,,,,,False,0,강세,-1,0,-1,0,19.6,-0.7,1504.56,,2.14,344.0,344.0,344.0,10,10,1.0,10.8,9.8
198080,캐프,,3080,51.0,38.1,55.1,-10.6,56.3,3.4,-0.6,28.3,0.6,8.2,26.4,1.06,3445,1970,0,False,False,False,142153,166284,5.3,4.3,5.1,0.85,6,False,True,True,False,5일선회복/+3%반등,4.8,,,,,False,0,강세,-1,0,-1,0,19.6,-0.7,1504.56,,2.14,344.0,344.0,344.0,10,10,1.0,10.8,9.8
323350,다원넥스뷰,,20600,66.0,49.3,59.1,-26.7,315.3,-15.2,75.2,10.2,9.4,40.1,120.9,0.44,28100,4960,0,False,False,False,195449,350836,31.9,40.9,69.2,0.56,0,False,False,False,False,-,10.7,,,,,False,0,강세,-1,0,-1,0,19.6,-0.7,1504.56,,2.14,344.0,344.0,344.0,10,10,1.0,10.7,9.7
339950,아이비김영,,2710,50.0,40.0,41.6,-8.3,51.4,-4.1,-1.6,29.4,-1.0,6.1,25.9,0.72,2955,1790,0,False,False,False,147455,170824,3.4,4.1,4.7,0.86,3,False,False,True,False,+3%반등,7.5,,,,,False,0,강세,-1,0,-1,0,19.6,-0.7,1504.56,,2.14,344.0,344.0,344.0,10,10,1.0,10.5,9.5
041930,SY동아,,7080,54.4,63.7,75.2,-18.1,27.1,-1.7,5.7,1.1,4.4,9.4,10.0,0.66,8640,5570,0,False,False,False,354336,275301,13.5,25.2,19.5,1.29,3,False,False,True,False,+3%반등,7.2,,,,,False,0,강세,-1,0,-1,0,19.6,-0.7,1504.56,,2.14,344.0,344.0,344.0,10,10,1.0,10.2,9.2
126640,화신정공,,1839,74.6,56.7,73.5,-10.1,49.5,-4.2,16.5,21.1,7.3,14.9,30.9,0.65,2045,1230,0,False,False,False,513443,761147,9.5,9.4,13.6,0.67,6,False,True,True,False,5일선회복/+3%반등,4.0,,,,,False,0,강세,-1,0,-1,0,19.6,-0.7,1504.56,,2.14,344.0,344.0,344.0,10,10,1.0,10.0,9.0
452430,사피엔반도체,,50500,60.6,65.1,85.8,-9.8,179.2,6.7,37.8,46.4,9.8,31.1,52.7,1.0,56000,18090,0,False,False,False,110614,172598,69.7,54.6,81.5,0.64,6,False,True,True,False,5일선회복/+3%반등,3.9,,,,,False,0,강세,-1,0,-1,0,19.6,-0.7,1504.56,,2.14,344.0,344.0,344.0,10,10,1.0,9.9,8.9
037760,쎄니트,,2405,57.0,57.7,63.4,-5.9,60.2,-4.9,1.5,30.1,1.3,7.3,28.2,1.29,2555,1501,0,False,False,False,45498,51342,1.7,1.1,1.2,0.89,6,False,True,True,False,5일선회복/+3%반등,3.8,,,,,False,0,강세,-1,0,-1,0,19.6,-0.7,1504.56,,2.14,344.0,344.0,344.0,10,10,1.0,9.8,8.8
024800,유성티엔에스,,4520,53.0,23.4,40.3,-10.7,114.2,-5.5,10.4,21.7,-1.7,7.5,47.6,0.49,5060,2110,0,False,False,False,64422,122893,2.8,3.0,5.7,0.52,0,False,False,False,False,-,9.8,,,,,False,0,강세,-1,0,-1,0,19.6,-0.7,1504.56,,2.14,344.0,344.0,344.0,10,10,1.0,9.8,8.8
071200,인피니트헬스케어,,8340,57.2,67.1,80.8,-9.2,58.9,-5.7,24.7,21.8,10.3,21.9,30.1,0.56,9180,5250,0,False,False,False,164163,219368,10.6,13.5,17.2,0.75,6,False,True,True,False,5일선회복/+3%반등,3.7,,,,,False,0,강세,-1,0,-1,0,19.6,-0.7,1504.56,,2.14,344.0,344.0,344.0,10,10,1.0,9.7,8.7
053610,프로텍,,93800,63.8,68.5,84.0,-7.9,325.4,1.8,26.1,58.2,9.2,34.9,111.3,1.09,101900,22050,0,False,False,False,88282,94202,98.3,82.0,81.1,0.94,6,False,True,True,False,5일선회복/+3%반등,3.6,,,,,False,0,강세,-1,0,-1,0,19.6,-0.7,1504.56,,2.14,344.0,344.0,344.0,10,10,1.0,9.6,8.6
047080,한빛소프트,,1452,52.4,64.6,86.1,-8.7,38.3,4.2,10.2,18.0,7.6,10.7,15.5,0.73,1590,1050,0,False,False,False,759769,572398,6.3,11.0,7.9,1.33,6,False,True,True,False,5일선회복/+3%반등,3.5,,,,,False,0,강세,-1,0,-1,0,19.6,-0.7,1504.56,,2.14,344.0,344.0,344.0,10,10,1.0,9.5,8.5
068930,디지털대성,,8310,52.0,37.3,43.2,-9.5,22.9,-1.8,0.7,-2.7,-0.6,-0.9,4.8,0.78,9180,6760,0,False,False,False,66920,71011,4.4,5.5,5.9,0.94,3,False,True,False,False,5일선회복,6.5,,,,,False,0,강세,-1,0,-1,0,19.6,-0.7,1504.56,,2.14,344.0,344.0,344.0,10,10,1.0,9.5,8.5
110990,디아이티,,26550,53.6,59.8,81.8,-8.4,139.8,1.0,17.0,28.3,4.3,16.7,50.4,0.98,29000,11070,0,False,False,False,242965,261280,67.8,63.0,66.4,0.93,6,False,True,True,False,5일선회복/+3%반등,3.4,,,,,False,0,강세,-1,0,-1,0,19.6,-0.7,1504.56,,2.14,344.0,344.0,344.0,10,10,1.0,9.4,8.4
219130,타이거일렉,,64200,67.2,70.6,77.8,-8.2,448.7,6.3,52.9,101.6,14.6,51.3,126.7,0.54,69900,11700,0,False,False,False,59597,81524,27.9,38.3,44.7,0.73,6,False,True,True,False,5일선회복/+3%반등,3.3,,,,,False,0,강세,-1,0,-1,0,19.6,-0.7,1504.56,,2.14,344.0,344.0,344.0,10,10,1.0,9.3,8.3
093320,케이아이엔엑스,,113400,57.2,47.3,58.5,-21.8,50.0,-2.3,5.0,-10.9,1.6,5.5,9.0,0.5,145100,75600,0,False,False,False,5833,10573,6.2,6.6,12.0,0.55,0,False,False,False,False,-,8.7,,,,,False,0,강세,-1,0,-1,0,19.6,-0.7,1504.56,,2.14,344.0,344.0,344.0,10,10,1.0,8.7,7.699999999999999
004590,한국가구,,6810,60.8,38.0,57.3,-20.7,55.7,-12.1,30.5,30.5,4.0,21.2,31.1,0.53,8590,4375,0,False,False,False,176794,297354,11.2,12.8,21.5,0.59,0,False,False,False,False,-,8.3,,,,,False,0,강세,-1,0,-1,0,19.6,-0.7,1504.56,,2.14,344.0,344.0,344.0,10,10,1.0,8.3,7.300000000000001
192440,슈피겐코리아,,31250,69.7,81.4,90.7,-4.1,48.8,3.8,12.4,22.5,11.1,17.5,28.9,1.02,32600,21000,0,False,False,False,23384,19473,6.4,7.2,5.7,1.2,6,False,True,True,False,5일선회복/+3%반등,1.7,,,,,False,0,강세,-1,0,-1,0,19.6,-0.7,1504.56,,2.14,344.0,344.0,344.0,10,10,1.0,7.7,6.7
178320,서진시스템,,78600,69.1,86.6,93.1,-4.1,326.9,8.0,47.7,108.2,21.0,44.9,132.8,0.64,82000,18410,0,False,False,False,2388452,2830823,1393.0,1720.8,1803.0,0.84,6,False,True,True,False,5일선회복/+3%반등,1.6,,,,,False,0,강세,-1,0,-1,0,19.6,-0.7,1504.56,,2.14,344.0,344.0,344.0,10,10,1.0,7.6,6.6
066620,국보디자인,,24250,54.7,52.2,64.5,-9.3,40.8,-0.8,5.9,-5.6,1.1,4.6,9.4,1.04,26750,17220,0,False,False,False,12544,12537,3.2,3.0,3.0,1.0,3,False,True,False,False,5일선회복,3.9,,,,,False,0,강세,-1,0,-1,0,19.6,-0.7,1504.56,,2.14,344.0,344.0,344.0,10,10,1.0,6.9,5.9
019210,와이지-원,,18080,60.8,70.6,72.5,-9.1,269.0,-6.3,31.3,101.6,7.4,23.3,118.6,0.55,19900,4900,0,False,False,False,705109,1114621,110.8,129.8,189.6,0.63,3,False,False,True,False,+3%반등,3.6,,,,,False,0,강세,-1,0,-1,0,19.6,-0.7,1504.56,,2.14,344.0,344.0,344.0,10,10,1.0,6.6,5.6
131290,티에스이,,227500,68.4,74.0,84.7,-9.0,529.3,2.0,34.4,150.6,19.4,50.1,178.3,0.91,250000,36150,0,False,False,False,149726,114171,242.6,342.5,224.6,1.31,3,False,False,True,False,+3%반등,3.6,,,,,False,0,강세,-1,0,-1,0,19.6,-0.7,1504.56,,2.14,344.0,344.0,344.0,10,10,1.0,6.6,5.6
080010,이상네트웍스,,7810,60.0,60.0,65.8,-4.2,45.4,-1.6,10.0,6.7,2.2,10.7,13.6,0.56,8150,5370,0,False,False,False,11954,15492,0.7,0.9,1.2,0.77,3,False,False,True,False,+3%반등,1.7,,,,,False,0,강세,-1,0,-1,0,19.6,-0.7,1504.56,,2.14,344.0,344.0,344.0,10,10,1.0,4.7,3.7
