h20,6월,7월,8월,h40,8말(중간),9월(중간),9월 5일,양수기간,최악,name
0.29168546,0.113596745,0.24488792,0.53940165,0.030286299,0.5416597,0.08069632,0.037682682,5,0.08069632,v30 +0.3·reversal_score −0.7·roe_value
0.27263677,0.03293388,0.24488792,0.5620072,-0.028889356,0.5416597,0.08069632,0.037682682,5,0.03293388,v30 +0.3·reversal_score −0.3·roe_value
0.3623004,0.17377752,0.24488792,0.70937157,0.19893084,0.5416597,0.08069632,0.037682682,5,0.08069632,v30 +0.3·reversal_score +0.3·roe_value
0.3179249,0.14106381,0.24488792,0.597136,0.23872435,0.5416597,0.08069632,0.037682682,5,0.08069632,v30 +0.3·reversal_score +0.7·roe_value
2.7457614,1.2502011,4.4360847,2.2218914,5.0372005,0.17967343,2.7682714,1.2904315,5,0.17967343,v30 −0.7·supply_score_v2 −0.7·return_3m_%
2.1108966,0.38999668,3.476828,2.2319393,2.5798733,1.1341945,0.011114005,0.3350109,5,0.011114005,v30 −0.3·supply_score_v2 +0.7·RSI
1.2876852,0.25060204,1.7630705,1.7953544,0.6798122,1.4886423,0.9245931,1.1076761,5,0.25060204,v30 −0.7·oversold_component −0.3·return_3m_%
0.9931697,0.30356932,1.1110108,1.578569,0.46411705,1.0155629,0.012973428,0.21011977,5,0.012973428,v30 −0.3·oversold_component +0.3·RSI
2.0051708,0.32756686,4.135289,1.1249769,2.1025207,0.22999702,0.7110531,0.5764631,5,0.22999702,v30 −0.3·PBR −0.3·return_3m_%
0.74891657,0.024426265,0.30922183,2.068306,-1.0329672,0.867543,0.19213736,0.029350221,5,0.024426265,v30 −0.7·DIV −0.3·foreign_20d_억
1.3721803,3.525843,0.22455835,0.5184408,1.2531292,0.62076104,0.00496536,-0.4535865,5,0.00496536,v30 −0.7·amt_avg_1m_억 +0.7·distance_to_52w_low_%
0.76678026,1.9377238,0.031148564,0.44219303,-0.034701362,0.52287567,0.46117127,-0.3011192,5,0.031148564,v30 −0.3·amt_avg_1m_억 +0.3·distance_to_52w_low_%
2.1523893,0.44988683,4.106229,1.5189989,2.4459896,0.80994344,0.029838514,0.057578642,5,0.029838514,v30 −0.3·amt_avg_1m_억 −0.3·drawdown_52w_high_%
2.536542,1.4090242,4.2863536,1.547265,4.25222,1.066148,0.4640438,0.46418294,5,0.4640438,v30 −0.7·amt_avg_1m_억 −0.7·return_3m_%
2.2361646,1.2612021,3.7782567,1.3444483,2.1872213,0.96237904,0.87322015,0.432781,5,0.87322015,v30 −0.3·amt_avg_1m_억 −0.3·return_3m_%
1.9376639,0.7655889,3.35595,1.4101361,4.251549,0.44055563,0.55344456,0.2952562,5,0.44055563,v30 −0.3·amt_avg_1m_억 −0.7·vs_SMA200_%
1.0085316,1.8020221,0.5105284,0.78795207,0.6168014,0.30289856,0.6959836,-0.11355797,5,0.30289856,v30 +0.3·drawdown_52w_high_% −0.3·return_3m_%
1.2624847,1.660019,1.2257779,0.8859885,0.77443236,0.026088025,0.70164245,-0.049866635,5,0.026088025,v30 +0.7·drawdown_52w_high_% −0.7·return_3m_%
0.51957136,0.3668918,0.7273085,0.4221222,-0.47870773,0.6055621,0.6735022,0.038164437,5,0.3668918,v30 −0.3·drawdown_52w_high_% +0.7·return_1m_%
1.0703102,0.952758,1.3272755,0.8740034,-0.8411733,0.28787625,1.1663544,0.5452576,5,0.28787625,v30 −0.3·return_3m_% +0.7·return_1m_%
0.7775909,0.7650436,0.9747801,0.5444355,-0.26756826,0.8774021,0.0038938313,0.045769054,5,0.0038938313,v30 +0.3·return_1m_% +0.3·RSI
1.3564178,0.8888911,1.8272526,1.2646219,0.8120836,1.2320833,0.1263827,0.27872607,5,0.1263827,v30 +0.3·return_1m_% +0.7·RSI
0.69698936,1.2974172,0.33153513,0.5158528,-0.61963946,1.2046117,0.25332057,0.5004441,5,0.25332057,v30 +0.7·return_1m_% +0.7·RSI
1.9009106,0.2525533,3.640469,1.4778423,2.264157,0.91155106,0.38669223,0.36783528,5,0.2525533,v30 +0.7·RSI −0.3·foreign_20d_억
0.40484104,0.50208634,0.3549954,0.363825,-0.5384218,0.3916957,0.20941818,0.3343371,5,0.20941818,v30 −0.3·value_score +0.7·quality_score −0.3·PBR
1.6610432,0.1343031,2.9182305,1.7117203,1.4970392,1.0451068,1.1997185,0.22278917,5,0.1343031,v30 +0.3·value_score −0.7·quality_score −0.7·return_3m_%
2.6791713,1.0056884,4.7429876,1.877476,3.720409,0.93262947,0.081481494,0.02319616,5,0.081481494,v30 +0.7·value_score −0.3·quality_score −0.7·return_3m_%
2.621889,0.23767312,5.1515303,1.9930663,4.0796146,1.1911612,0.22185025,-0.066005945,5,0.22185025,v30 +0.7·value_score +0.3·turnaround_score −0.7·return_3m_%
0.34662125,0.08725926,0.08942051,0.94369423,0.93174124,1.5319579,0.40020525,-0.37036863,5,0.08725926,v30 −0.7·value_score −0.7·reversal_score −0.7·amt_avg_1m_억
0.98528856,0.5649268,1.2045505,1.1578461,0.79382545,0.10388442,0.082876705,-0.04882149,5,0.082876705,v30 +0.3·value_score −0.7·reversal_score −0.3·return_3m_%
1.366328,0.10928569,2.8231866,0.8808628,2.8093522,0.34305212,0.63115513,0.3466805,5,0.10928569,v30 +0.3·value_score +0.3·reversal_score −0.3·return_3m_%
2.3932977,0.45301446,4.6780787,1.5988709,4.1139436,1.2764937,0.2054266,0.2621118,5,0.2054266,v30 +0.7·value_score +0.3·reversal_score −0.7·return_3m_%
1.9140364,0.9053633,3.4723575,1.0378501,3.8025634,0.94584435,0.2523369,0.121181644,5,0.2523369,v30 +0.7·value_score +0.7·reversal_score −0.7·return_3m_%
2.5060935,0.5763429,4.6300707,1.9014823,4.85074,1.1095432,1.4269415,0.8716329,5,0.5763429,v30 +0.3·value_score −0.3·supply_score_v2 −0.7·return_3m_%
0.24642214,0.024214674,0.055365156,0.72133887,-0.07514181,0.43347624,0.04674832,0.21977048,5,0.024214674,v30 +0.3·value_score −0.7·oversold_component +0.7·distance_to_52w_low_%
1.9744365,0.34885535,3.693786,1.5524297,2.6443543,1.1703311,0.95370597,1.0015489,5,0.34885535,v30 +0.3·value_score −0.7·oversold_component −0.7·return_3m_%
1.4397478,1.6608663,0.7398026,2.079741,1.1317511,1.1686608,0.27520862,-0.04596113,5,0.27520862,v30 −0.7·value_score −0.7·PBR −0.7·DIV
0.59173876,0.33385995,0.068611085,1.5196446,-0.49061716,0.5806605,0.08601459,-0.16639815,5,0.068611085,v30 −0.7·value_score −0.7·PBR −0.3·DIV
1.2143519,0.18252422,1.603488,1.8242491,2.2116754,0.87236965,0.58935416,0.22208707,5,0.18252422,v30 −0.7·value_score −0.7·PBR −0.3·return_3m_%
2.6594238,1.2206602,4.6348114,1.718875,3.132923,0.6312832,1.065103,0.7853047,5,0.6312832,v30 −0.3·value_score −0.7·PBR −0.7·return_3m_%
2.465715,0.49766058,4.8599787,1.5639426,3.109716,0.5246235,0.30312914,0.19145869,5,0.30312914,v30 +0.3·value_score −0.3·PBR −0.7·return_3m_%
1.6370023,0.27661374,3.2210648,1.1023369,5.314746,0.08868265,0.2297178,-0.5518815,5,0.08868265,v30 −0.7·value_score −0.7·PBR −0.7·vs_SMA200_%
1.4554144,0.057370607,2.6414654,1.4582714,2.9487846,0.70718014,0.06714709,-0.0974263,5,0.057370607,v30 −0.3·value_score −0.3·PBR −0.3·vs_SMA200_%
1.3625777,0.22760245,1.4827166,2.4183154,1.3212415,1.8548827,1.4070866,0.86626977,5,0.22760245,v30 +0.7·value_score +0.7·PER −0.7·drawdown_52w_high_%
1.285026,0.42257476,1.8284528,1.5220966,1.0564952,1.4837928,2.3200848,1.2273922,5,0.42257476,v30 +0.7·value_score +0.7·PER −0.7·return_3m_%
1.237285,0.0013529273,2.604173,0.8418525,1.7865534,0.39841238,1.0169483,0.6965216,5,0.0013529273,v30 +0.3·value_score +0.3·PER −0.7·vs_SMA200_%
1.641816,0.917556,2.590976,1.2248914,1.8322672,0.51785785,0.5258829,0.3778262,5,0.51785785,v30 +0.3·value_score +0.3·PER −0.3·vs_SMA200_%
1.438537,2.9300103,0.35939068,1.2027795,1.6775799,0.5098843,0.17682795,0.2120649,5,0.17682795,v30 +0.7·value_score +0.7·PER −0.7·vs_SMA200_%
1.431534,0.7212004,0.23281136,3.684667,-1.595411,1.8274812,0.77425027,0.4538504,5,0.23281136,v30 +0.3·value_score −0.7·DIV −0.3·drawdown_52w_high_%
2.1771188,1.7441107,1.8388453,3.0600321,1.7573559,1.0099131,0.26700458,0.5836937,5,0.26700458,v30 +0.7·value_score −0.7·DIV −0.7·drawdown_52w_high_%
1.470502,1.3959169,0.7802509,2.412563,0.06889782,1.0633785,1.4703585,0.8686104,5,0.7802509,v30 +0.3·value_score −0.7·DIV −0.3·return_3m_%
2.2435765,0.8674276,3.3549874,2.3164716,2.6097808,0.98293805,0.45328784,0.19805111,5,0.45328784,v30 +0.7·value_score −0.7·DIV −0.7·return_3m_%
1.0293745,0.7103138,0.13452056,2.4869444,-0.5152097,1.5599556,0.022950172,0.04443279,5,0.022950172,v30 +0.3·value_score −0.7·DIV +0.7·RSI
0.6699717,0.9080306,0.3410233,0.82821935,0.16463256,0.22742309,0.40599594,-0.43221578,5,0.22742309,v30 +0.3·value_score −0.3·amt_avg_1m_억 +0.7·distance_to_52w_low_%
1.6374538,0.42576018,2.6934352,1.6049018,5.1488447,1.3183445,1.108896,-0.055760622,5,0.42576018,v30 −0.3·value_score −0.7·amt_avg_1m_억 −0.7·drawdown_52w_high_%
2.822101,1.0481379,5.0889225,1.8734106,3.108122,1.1800141,1.0099361,0.60415226,5,1.0099361,v30 +0.3·value_score −0.3·amt_avg_1m_억 −0.7·return_3m_%
1.2600405,0.38356227,2.1959424,1.0214216,4.3636804,0.5185032,0.19467895,-0.65613997,5,0.19467895,v30 −0.3·value_score −0.7·amt_avg_1m_억 −0.7·vs_SMA200_%
0.4681683,0.07454944,0.49134812,0.85741335,2.8784158,1.8797796,0.23130669,-0.3863895,5,0.07454944,v30 −0.7·value_score −0.7·amt_avg_1m_억 +0.3·RSI
2.6201046,1.1629113,4.6810503,1.5921901,3.0147374,0.54632276,0.20003982,0.0993366,5,0.20003982,v30 +0.3·value_score −0.3·distance_to_52w_low_% −0.7·return_3m_%
1.9485736,0.13045953,4.0626955,1.2376666,2.8717728,0.49628586,1.18849,0.30295965,5,0.13045953,v30 +0.3·value_score +0.3·drawdown_52w_high_% −0.7·return_3m_%
1.3813034,0.3486924,1.3879769,2.470112,1.2353045,0.17881252,0.13937871,0.44954363,5,0.13937871,v30 +0.3·value_score −0.3·drawdown_52w_high_% +0.7·inst_20d_억
2.6874359,0.07408883,5.601798,1.8211646,4.4820824,0.6950807,0.08528491,0.05599277,5,0.07408883,v30 +0.7·value_score −0.7·return_3m_% −0.3·return_1m_%
2.851182,1.2075644,5.121413,1.7597349,3.685057,1.0363219,0.5567496,0.24027021,5,0.5567496,v30 +0.7·value_score −0.7·return_3m_% −0.7·vs_SMA200_%
3.0800326,1.050159,5.727536,1.9273962,3.7580504,0.83756065,0.099660575,0.2547828,5,0.099660575,v30 +0.7·value_score −0.7·return_3m_% −0.3·vs_SMA200_%
1.885124,0.15086465,3.7324486,1.4186184,2.8273633,0.42551035,0.15541781,0.4660008,5,0.15086465,v30 +0.3·value_score −0.3·return_3m_% +0.3·RSI
2.6686673,0.25141433,5.3874326,1.8385407,4.127153,1.0914228,1.5217328,1.2943093,5,0.25141433,v30 +0.3·value_score −0.7·return_3m_% −0.3·foreign_20d_억
3.4849834,2.3601058,6.339301,1.1122664,2.7548192,0.31189004,0.5651692,0.0008057356,5,0.31189004,v30 −0.7·quality_score −0.7·turnaround_score −0.7·return_3m_%
0.2525127,0.46480283,0.11100616,0.2038376,-1.0467376,0.63459516,0.07894673,-0.07642616,5,0.07894673,v30 +0.3·quality_score +0.7·supply_score_v2 −0.3·oversold_component
3.2779295,1.2207354,4.481649,3.9590487,5.126065,0.22623613,0.43818542,-0.29402772,5,0.22623613,v30 −0.3·quality_score −0.7·supply_score_v2 −0.7·drawdown_52w_high_%
2.9250188,1.771394,3.1642058,3.8517625,2.528436,0.9830266,0.29102904,-0.67342305,5,0.29102904,v30 −0.7·quality_score −0.7·supply_score_v2 −0.3·return_3m_%
2.7509825,0.58027506,4.9872985,2.2619634,4.457434,0.72563785,3.0781465,1.1918947,5,0.58027506,v30 −0.3·quality_score −0.7·supply_score_v2 −0.7·return_3m_%
2.187515,0.20049137,4.3168206,1.6370964,4.497848,0.01365516,2.9691482,1.3498907,5,0.01365516,v30 +0.3·quality_score −0.7·supply_score_v2 −0.7·return_3m_%
1.4014837,0.20665255,1.6852528,2.31628,0.52654546,1.8706003,2.7529926,1.7366457,5,0.20665255,v30 −0.7·quality_score −0.7·oversold_component −0.7·return_3m_%
0.8454809,0.60022074,0.73394114,1.2454946,0.71242976,1.5910852,0.08920936,0.3885367,5,0.08920936,v30 −0.3·quality_score −0.7·oversold_component −0.7·foreign_20d_억
1.8812429,0.08502848,3.3190417,1.9924724,1.9670255,1.06268,0.7489178,-0.103236556,5,0.08502848,v30 −0.7·quality_score −0.3·PBR −0.7·return_3m_%
2.1707692,0.05937338,3.9254055,2.220833,2.3793452,1.902459,1.6597633,0.83480567,5,0.05937338,v30 −0.3·quality_score −0.3·PBR −0.7·return_3m_%
0.42531702,0.14137508,0.12182418,1.1063712,0.054157086,1.3837593,0.5078416,0.32420364,5,0.12182418,v30 +0.3·quality_score +0.3·PER −0.3·foreign_20d_억
1.429252,0.27774602,2.536001,1.2692906,2.0160432,0.66463345,0.07529715,-0.15745817,5,0.07529715,v30 −0.7·quality_score +0.7·DIV −0.7·return_3m_%
2.043661,0.06552679,4.314208,1.3072459,4.097693,1.1162425,0.7139657,0.3373709,5,0.06552679,v30 −0.3·quality_score +0.7·DIV −0.7·return_3m_%
0.6948871,0.26431477,0.250219,1.7082053,-0.22621027,1.0346694,0.7890381,0.5965921,5,0.250219,v30 +0.3·quality_score −0.7·DIV −0.3·vs_SMA200_%
0.72623646,2.0049222,0.1423871,0.09744511,1.0117569,0.6404814,0.22305612,-0.29747662,5,0.09744511,v30 +0.3·quality_score −0.7·amt_avg_1m_억 +0.7·distance_to_52w_low_%
0.4405467,0.59206164,0.29864612,0.45693773,-0.25126314,0.67722106,0.6671227,0.43219614,5,0.29864612,v30 +0.3·quality_score −0.3·amt_avg_1m_억 +0.3·distance_to_52w_low_%
1.067782,1.5218239,1.2375005,0.3732139,1.8889437,0.8123168,0.3219056,-0.010002871,5,0.3219056,v30 +0.7·quality_score −0.7·amt_avg_1m_억 +0.7·distance_to_52w_low_%
0.6040087,0.38832656,0.9296293,0.42614502,0.8192041,0.8373139,0.1313445,0.28016415,5,0.1313445,v30 +0.7·quality_score −0.3·amt_avg_1m_억 +0.3·distance_to_52w_low_%
2.1720562,1.8467112,2.5097106,2.0956676,0.81364536,1.3477582,0.8385545,-0.12750228,5,0.8385545,v30 −0.7·quality_score −0.3·amt_avg_1m_억 −0.7·return_3m_%
1.4313319,1.1608979,1.3967535,1.7618911,0.7328598,1.2512171,0.0631991,-0.42187223,5,0.0631991,v30 −0.3·quality_score −0.3·amt_avg_1m_억 −0.3·return_3m_%
2.3816948,0.9082411,4.4780455,1.326803,4.5821943,0.8437725,0.9591565,0.90569353,5,0.8437725,v30 +0.3·quality_score −0.7·amt_avg_1m_억 −0.7·return_3m_%
1.4682139,0.09202584,3.555362,0.321478,2.24488,0.54668665,0.6759324,0.59486204,5,0.09202584,v30 +0.3·quality_score −0.3·amt_avg_1m_억 −0.3·return_3m_%
2.236331,0.7074122,4.4148583,1.1376479,5.0046864,1.0071855,0.48101,0.43526366,5,0.48101,v30 +0.7·quality_score −0.7·amt_avg_1m_억 −0.7·return_3m_%
1.8091369,0.27108052,4.0362115,0.6594788,3.5141146,1.2756089,0.27961826,0.6002924,5,0.27108052,v30 +0.7·quality_score −0.3·amt_avg_1m_억 −0.3·return_3m_%
1.407568,0.22873233,2.4989545,1.2958474,1.3184602,0.47520193,0.061914556,-0.30578458,5,0.061914556,v30 −0.3·quality_score −0.3·distance_to_52w_low_% −0.3·return_3m_%
1.6908429,0.08223966,4.3588057,0.06503089,3.1343877,0.22176215,0.07291866,0.2819962,5,0.06503089,v30 +0.7·quality_score −0.3·distance_to_52w_low_% −0.3·return_3m_%
0.46230924,0.10454447,0.5616814,0.71821916,-0.77583396,0.6460708,0.4158426,-0.10870507,5,0.10454447,v30 +0.3·quality_score +0.3·drawdown_52w_high_% −0.3·return_3m_%
2.7466545,0.45572272,4.415219,3.0950644,1.8033861,1.4598148,0.39166713,-0.83741933,5,0.39166713,v30 −0.7·quality_score −0.7·drawdown_52w_high_% −0.7·vs_SMA200_%
1.2743202,1.3189299,1.7615906,0.61783457,-0.00088830676,0.3781565,0.9321187,0.38945377,5,0.3781565,v30 +0.3·quality_score −0.3·return_3m_% +0.7·return_1m_%
0.95383596,1.1348659,1.3724815,0.23818466,-0.18474539,0.66173774,0.12769702,-0.22392298,5,0.12769702,v30 +0.7·quality_score −0.3·return_3m_% +0.7·return_1m_%
0.52211386,0.46653175,0.19116786,0.9948524,-0.8393803,0.41860437,0.60124785,-0.57765144,5,0.19116786,v30 −0.3·quality_score +0.7·return_1m_% −0.7·vs_SMA200_%
0.855445,0.6222057,0.4281078,1.6374333,-0.16478531,0.7545456,0.06695785,0.20950007,5,0.06695785,v30 −0.3·quality_score +0.3·return_1m_% +0.7·RSI
2.7358043,0.13501847,4.5854864,3.1870363,5.6150346,0.58967674,1.2189488,0.46974766,5,0.13501847,v30 −0.3·turnaround_score −0.7·supply_score_v2 −0.7·drawdown_52w_high_%
2.3709283,0.44026285,3.5552528,2.941854,3.3423884,0.48881117,1.5215671,0.38305584,5,0.44026285,v30 +0.3·turnaround_score −0.7·supply_score_v2 −0.7·drawdown_52w_high_%
2.4467921,1.037261,3.3750358,2.7841144,3.3483331,0.59526247,0.78675556,-0.025154522,5,0.59526247,v30 +0.7·turnaround_score −0.7·supply_score_v2 −0.7·drawdown_52w_high_%
2.1694324,0.18841197,4.4143414,1.4681301,4.451312,0.9438214,1.5911473,0.56401706,5,0.18841197,v30 −0.7·turnaround_score −0.7·supply_score_v2 −0.7·return_3m_%
2.6179624,0.91895485,4.5554676,2.0012753,5.0921116,0.43110982,2.545566,1.1440547,5,0.43110982,v30 −0.3·turnaround_score −0.7·supply_score_v2 −0.7·return_3m_%
2.646753,1.0198642,4.067291,2.5996501,4.0827065,0.84504265,3.3387818,1.3118492,5,0.84504265,v30 +0.3·turnaround_score −0.7·supply_score_v2 −0.7·return_3m_%
1.9523753,0.12945762,3.188968,2.3434834,3.2195807,1.0586984,3.5420897,1.0962502,5,0.12945762,v30 +0.7·turnaround_score −0.7·supply_score_v2 −0.7·return_3m_%
1.8934283,0.8488885,3.0557148,1.5503939,2.8375113,0.29623768,0.41824654,-0.4966642,5,0.29623768,v30 +0.7·turnaround_score −0.7·supply_score_v2 −0.3·return_3m_%
1.4206135,0.38671032,2.5388474,1.121343,2.1758418,0.970165,0.33642176,0.39201224,5,0.33642176,v30 −0.7·turnaround_score −0.3·supply_score_v2 +0.7·RSI
0.39877334,0.18561351,0.09075564,1.0102775,-1.3246037,1.3655654,0.2289933,-0.026554385,5,0.09075564,v30 +0.3·turnaround_score −0.7·oversold_component +0.3·PER
0.94903743,0.31246695,0.7902634,1.8238611,0.5283389,1.8031148,0.8104759,0.97328323,5,0.31246695,v30 +0.3·turnaround_score −0.7·oversold_component −0.3·return_3m_%
1.2549889,1.0137103,1.2967229,1.4591796,0.7794082,1.2528915,0.2088028,0.5879753,5,0.2088028,v30 −0.3·turnaround_score −0.7·oversold_component +0.3·RSI
0.6681504,0.19284928,0.3410036,1.5820913,-0.27267087,1.5263579,0.09103471,0.20568097,5,0.09103471,v30 +0.3·turnaround_score −0.7·oversold_component +0.3·RSI
1.8872263,3.5015492,0.07110313,2.4421632,0.29579616,1.2225881,0.11921187,-0.06381207,5,0.07110313,v30 +0.3·turnaround_score −0.3·PBR −0.7·DIV
2.4489102,0.39818978,5.059924,1.3640319,1.7507252,0.85718125,0.31133753,-0.018834284,5,0.31133753,v30 −0.7·turnaround_score −0.3·PBR −0.7·return_3m_%
2.5089555,1.1255169,4.1101065,1.9774203,2.9813392,1.0719674,0.011687197,0.35723177,5,0.011687197,v30 +0.3·turnaround_score −0.7·PBR −0.7·return_3m_%
1.440899,0.39689654,2.3403907,1.4257872,1.497527,0.6493781,0.23019324,0.10107183,5,0.23019324,v30 +0.3·turnaround_score −0.3·PBR −0.3·return_3m_%
1.8676647,3.6178942,0.11761932,2.1956017,-0.36697116,1.3558156,0.10681793,-0.037843812,5,0.10681793,v30 +0.3·turnaround_score −0.7·DIV −0.3·amt_avg_1m_억
1.0529182,0.8654027,1.4490125,0.75703585,-0.23939642,0.44166008,0.6916108,-0.07187843,5,0.44166008,v30 −0.7·turnaround_score −0.7·DIV −0.7·vs_SMA200_%
2.130558,0.106812194,4.6912336,1.0799434,2.2064335,1.1501622,0.6358011,0.1662517,5,0.106812194,v30 −0.7·turnaround_score −0.3·amt_avg_1m_억 −0.7·return_3m_%
2.597343,1.8402807,3.8803215,1.7979985,3.377587,0.94874924,0.5859977,0.108269304,5,0.5859977,v30 +0.3·turnaround_score −0.7·amt_avg_1m_억 −0.7·return_3m_%
1.711391,1.2533691,2.1524038,1.6467733,1.2941458,1.4458072,0.69626886,-0.08310456,5,0.69626886,v30 +0.3·turnaround_score −0.3·amt_avg_1m_억 −0.3·return_3m_%
1.880005,2.1936147,1.7093585,1.7601022,1.1636227,0.9516528,0.5497617,-0.24750991,5,0.5497617,v30 +0.7·turnaround_score −0.7·amt_avg_1m_억 −0.7·return_3m_%
1.5226419,0.75580966,2.1365683,1.5699928,3.4731014,0.6303014,0.13881995,-0.24895878,5,0.13881995,v30 +0.3·turnaround_score −0.3·amt_avg_1m_억 −0.7·vs_SMA200_%
1.1348085,1.7722822,0.25272605,1.5600947,0.45478046,0.85168594,1.0078701,0.16670947,5,0.25272605,v30 +0.3·turnaround_score +0.7·drawdown_52w_high_% −0.7·return_3m_%
0.32174382,0.3128786,0.24155478,0.43139923,-0.13993667,0.5373349,0.62539333,0.18535797,5,0.24155478,v30 +0.3·turnaround_score −0.3·drawdown_52w_high_% +0.7·return_1m_%
1.0835718,0.66412437,1.1873394,1.3995247,0.92378455,0.120499164,0.22137159,-0.18735643,5,0.120499164,v30 +0.3·turnaround_score +0.3·drawdown_52w_high_% −0.7·vs_SMA200_%
1.0748214,1.5971378,0.7039256,0.9834794,0.8323709,0.72074974,0.1681051,-0.5938035,5,0.1681051,v30 +0.3·turnaround_score +0.7·return_1m_% −0.7·vs_SMA200_%
1.0857505,2.2302532,0.03353631,1.1849838,1.3142685,1.001606,0.35854074,-0.70163846,5,0.03353631,v30 +0.7·turnaround_score +0.7·return_1m_% −0.7·vs_SMA200_%
0.80206287,0.9059765,0.99311954,0.4528333,-1.0660503,0.7906754,0.005906568,0.3615645,5,0.005906568,v30 −0.3·turnaround_score +0.7·return_1m_% +0.7·RSI
0.62766236,0.93648916,0.12957278,0.92214596,-0.17804885,1.2759643,0.044421546,-0.052576344,5,0.044421546,v30 +0.3·turnaround_score +0.3·return_1m_% +0.3·RSI
0.2856072,0.41149905,0.14699042,0.32511815,-1.5204337,0.56022334,0.5082988,0.29019752,5,0.14699042,v30 −0.7·turnaround_score +0.7·return_1m_% −0.7·foreign_20d_억
2.926686,0.68298876,4.5971246,3.2225654,5.5458655,0.85848767,1.5001383,0.11409988,5,0.68298876,v30 +0.3·reversal_score −0.7·supply_score_v2 −0.7·drawdown_52w_high_%
1.6602015,0.32302547,2.0213184,2.629555,2.3994482,0.90364593,1.9365631,0.6595989,5,0.32302547,v30 −0.7·reversal_score −0.7·supply_score_v2 −0.7·return_3m_%
2.1705985,0.39521897,3.3040066,2.640179,3.6654375,0.408013,2.605387,0.89154583,5,0.39521897,v30 −0.3·reversal_score −0.7·supply_score_v2 −0.7·return_3m_%
1.5408792,0.31631273,3.2022433,0.7652751,4.3855767,0.25340074,0.055883836,-0.14212172,5,0.055883836,v30 +0.7·reversal_score −0.3·supply_score_v2 −0.7·vs_SMA200_%
1.929014,1.1500012,2.4134903,2.1511202,2.9818609,1.2215478,0.12971376,0.17912869,5,0.12971376,v30 +0.3·reversal_score −0.7·supply_score_v2 +0.7·RSI
1.2619504,0.02786053,1.8698553,1.8132899,1.9538506,0.63228995,0.4787782,0.2165292,5,0.02786053,v30 +0.7·reversal_score −0.7·supply_score_v2 +0.7·RSI
0.4379999,0.06702364,0.18199126,1.1521728,-0.33004925,0.55283874,0.019164352,0.3135889,5,0.019164352,v30 +0.3·reversal_score −0.3·PBR +0.3·distance_to_52w_low_%
1.4313027,0.055804282,2.5805726,1.4561826,1.2286806,0.81617606,1.1087224,0.8306144,5,0.055804282,v30 −0.7·reversal_score −0.3·PBR −0.7·return_3m_%
2.182201,1.5115796,3.2470067,1.5637283,1.8079758,0.5493839,0.10741858,0.08957777,5,0.10741858,v30 −0.3·reversal_score −0.3·PBR −0.3·return_3m_%
1.5754913,0.5158358,3.047058,0.8619169,2.234484,0.586112,0.142098,0.094863206,5,0.142098,v30 +0.3·reversal_score −0.3·PBR −0.3·return_3m_%
0.7653621,1.6944032,0.14411347,0.55481684,0.7883254,0.848737,0.17373027,0.056377977,5,0.14411347,v30 +0.3·reversal_score −0.3·amt_avg_1m_억 +0.3·distance_to_52w_low_%
2.3606577,2.2373102,2.529263,2.2809584,2.5573905,0.85448825,0.5041116,0.2629439,5,0.5041116,v30 −0.7·reversal_score −0.7·amt_avg_1m_억 −0.7·return_3m_%
1.2367699,1.1316633,1.178714,1.4210144,1.0593219,0.51591104,0.4769977,0.3262919,5,0.4769977,v30 −0.7·reversal_score −0.3·amt_avg_1m_억 −0.3·return_3m_%
2.6522076,2.1069005,3.8118343,1.7820628,3.696277,1.223214,0.8318683,0.36767033,5,0.8318683,v30 −0.3·reversal_score −0.7·amt_avg_1m_억 −0.7·return_3m_%
1.8702034,1.501875,2.8459725,1.041841,1.6261761,0.739846,0.70630485,0.3687307,5,0.70630485,v30 −0.3·reversal_score −0.3·amt_avg_1m_억 −0.3·return_3m_%
1.539437,0.64636374,2.7077928,1.0278825,2.8969822,0.8587992,0.035968542,-0.16167013,5,0.035968542,v30 +0.3·reversal_score −0.3·amt_avg_1m_억 −0.3·return_3m_%
0.6331091,1.24102,0.20224848,0.5257794,-0.08012685,0.34264144,0.06218098,-0.124397896,5,0.06218098,v30 +0.3·reversal_score +0.3·drawdown_52w_high_% −0.3·return_3m_%
1.2333839,2.1820686,0.9800744,0.5420436,1.354417,0.38680136,0.6520695,0.020180097,5,0.38680136,v30 +0.3·reversal_score +0.7·drawdown_52w_high_% −0.7·return_3m_%
0.45884675,1.1668104,0.13333687,0.11352285,0.4868529,0.35036522,0.47886097,0.40781128,5,0.11352285,v30 +0.7·reversal_score +0.7·drawdown_52w_high_% −0.7·return_3m_%
0.31139246,0.7512835,0.12635218,0.0753085,0.25224206,0.68721735,0.77423733,0.056310635,5,0.0753085,v30 +0.3·reversal_score −0.3·drawdown_52w_high_% +0.7·return_1m_%
0.66484624,0.8325449,0.4562892,0.74736255,-1.6172606,0.030949593,0.8194839,0.26844016,5,0.030949593,v30 −0.3·reversal_score −0.3·return_3m_% +0.7·return_1m_%
0.8551186,0.20084979,1.372926,0.90302026,-0.4911019,0.22561261,0.07509071,-0.61760324,5,0.07509071,v30 −0.3·reversal_score +0.7·return_1m_% −0.7·vs_SMA200_%
0.69134796,0.42286208,1.0465133,0.53265756,1.5087844,0.11983633,0.25432676,-0.3954635,5,0.11983633,v30 +0.7·reversal_score +0.7·return_1m_% −0.7·vs_SMA200_%
0.40975344,0.5542866,0.17724118,0.54682744,-1.6872505,0.8396859,0.1459765,0.2712365,5,0.1459765,v30 −0.3·reversal_score +0.7·return_1m_% +0.7·RSI
0.53715277,0.14762236,0.80805385,0.6124025,-0.40377557,1.3085375,0.051228467,0.15251605,5,0.051228467,v30 +0.3·reversal_score +0.3·return_1m_% +0.3·RSI
0.5751503,1.1293259,0.28930324,0.34364784,-0.4580076,0.73577285,0.30425298,0.4045706,5,0.28930324,v30 +0.3·reversal_score +0.7·return_1m_% +0.7·RSI
0.35474434,0.49058342,0.16907632,0.44250023,-0.5247617,0.12384958,0.7529223,0.43181586,5,0.12384958,v30 +0.7·reversal_score +0.7·return_1m_% +0.7·RSI
1.1291754,0.0669889,2.1945891,0.92598146,1.9043932,0.31220636,0.012638914,-0.059320807,5,0.012638914,v30 −0.7·reversal_score −0.7·vs_SMA200_% +0.3·inst_20d_억
0.35107183,0.1745964,0.28662285,0.6191383,0.64563054,0.14233345,0.08090059,-0.103321455,5,0.08090059,v30 −0.7·reversal_score −0.3·vs_SMA200_% +0.3·inst_20d_억
0.81583,0.0046121934,1.5228573,0.79396486,1.748863,0.42917636,0.31236404,0.007804016,5,0.0046121934,v30 −0.3·reversal_score −0.3·vs_SMA200_% +0.3·inst_20d_억
1.2089784,0.005919821,2.113962,1.3559985,1.8668008,0.91135895,0.37639526,0.7187821,5,0.005919821,v30 +0.3·reversal_score +0.7·RSI −0.3·foreign_20d_억
0.7655487,1.4448477,0.25067225,0.6873895,0.82203174,0.5377199,0.1837712,-0.22936504,5,0.1837712,v30 −0.7·supply_score_v2 −0.7·oversold_component +0.3·distance_to_52w_low_%
0.4921704,0.45899838,0.07030312,1.0547498,-0.040962253,0.6309125,0.03943868,0.26944646,5,0.03943868,v30 −0.3·supply_score_v2 −0.7·oversold_component +0.3·distance_to_52w_low_%
2.9898174,1.6394038,4.7041783,2.281679,6.5216928,2.2594252,0.466543,-0.00023066998,5,0.466543,v30 −0.7·supply_score_v2 −0.7·oversold_component −0.7·drawdown_52w_high_%
2.9537387,1.4553479,4.187364,3.0037487,6.003331,1.9038664,0.91534305,0.10653629,5,0.91534305,v30 −0.7·supply_score_v2 −0.3·oversold_component −0.7·drawdown_52w_high_%
1.9210149,1.4054563,2.761283,1.418461,2.6252449,1.0143651,0.22139081,0.81582576,5,0.22139081,v30 −0.3·supply_score_v2 −0.7·oversold_component −0.3·drawdown_52w_high_%
2.423081,1.401946,3.951331,1.5977236,4.438647,1.9929385,1.9353968,1.0962051,5,1.401946,v30 −0.7·supply_score_v2 −0.7·oversold_component −0.7·return_3m_%
2.2442324,3.1328712,2.4151754,1.0863764,3.4467862,0.8062144,0.0628304,-0.058570284,5,0.0628304,v30 −0.7·supply_score_v2 −0.7·oversold_component −0.3·return_3m_%
2.9862962,1.8103236,4.4147816,2.4501598,5.753677,1.7691281,2.6557841,1.1987659,5,1.7691281,v30 −0.7·supply_score_v2 −0.3·oversold_component −0.7·return_3m_%
1.9523026,1.317865,2.5270448,1.9079651,2.2737472,1.0539931,0.44858724,0.644579,5,0.44858724,v30 −0.3·supply_score_v2 −0.7·oversold_component −0.3·return_3m_%
2.4906826,1.2978679,4.357356,1.4247069,3.7317011,1.0102552,0.7643609,0.19899945,5,0.7643609,v30 −0.3·supply_score_v2 −0.3·oversold_component −0.3·return_3m_%
1.288112,0.8896778,1.5261841,1.413857,1.6485053,1.3702861,0.25809398,0.41369295,5,0.25809398,v30 −0.7·supply_score_v2 −0.7·oversold_component +0.7·RSI
1.6453706,1.2900101,1.9555748,1.6351863,2.3394237,0.8880991,0.021931857,0.06199646,5,0.021931857,v30 −0.7·supply_score_v2 −0.3·oversold_component +0.7·RSI
1.20992,1.2204702,1.2576342,1.1390676,1.0915271,1.0094185,0.03757965,0.30433354,5,0.03757965,v30 −0.3·supply_score_v2 −0.7·oversold_component +0.3·RSI
1.0726441,0.072672114,1.4576267,1.6538863,1.0098001,1.5092438,0.31404927,0.6691174,5,0.072672114,v30 −0.3·supply_score_v2 −0.7·oversold_component +0.7·RSI
1.6635215,0.45889238,2.3451755,2.0913727,1.5465502,1.3665695,0.10313398,0.38921222,5,0.10313398,v30 −0.3·supply_score_v2 −0.3·oversold_component +0.7·RSI
1.1231962,1.146834,0.6591898,1.678089,0.51029086,1.9123728,0.07343625,0.19762881,5,0.07343625,v30 −0.3·supply_score_v2 −0.7·oversold_component −0.7·foreign_20d_억
2.4647248,0.38898122,4.763514,1.7967166,3.9664907,1.1978192,1.0792508,0.84273285,5,0.38898122,v30 −0.3·supply_score_v2 −0.3·PBR −0.7·return_3m_%
2.1921768,1.1513668,3.9343503,1.1203196,2.0142124,0.14892462,0.4335131,0.7430864,5,0.14892462,v30 +0.3·supply_score_v2 −0.7·PBR −0.7·return_3m_%
1.794197,0.4655051,3.3166585,1.3028556,1.3177029,0.011903684,0.1757102,0.38139543,5,0.011903684,v30 +0.7·supply_score_v2 −0.7·PBR −0.7·return_3m_%
1.6016798,0.95948994,0.9141099,3.143468,0.9815869,0.42106396,4.7649183,1.2986107,5,0.42106396,v30 −0.7·supply_score_v2 +0.7·PER −0.3·return_3m_%
2.1996136,1.452718,3.503667,1.3631239,4.853266,0.18476036,1.4227654,0.44344544,5,0.18476036,v30 −0.7·supply_score_v2 +0.3·PER −0.7·vs_SMA200_%
2.6982825,1.0325416,4.264269,2.5106492,3.405021,1.1170281,2.9248183,1.4936419,5,1.0325416,v30 −0.7·supply_score_v2 +0.7·PER −0.7·vs_SMA200_%
2.2083392,2.6473584,1.4652334,2.6707637,2.096039,0.27158153,2.1129806,0.7013599,5,0.27158153,v30 −0.7·supply_score_v2 +0.7·PER −0.3·vs_SMA200_%
1.0355064,0.65896904,1.5181968,0.8322142,0.9704983,0.85219973,1.4979666,0.9129727,5,0.65896904,v30 −0.3·supply_score_v2 +0.3·PER −0.3·vs_SMA200_%
1.3910737,1.6003909,0.37206453,2.4424357,1.207045,0.7954926,0.31503233,-0.059815627,5,0.31503233,v30 −0.3·supply_score_v2 +0.3·PER +0.3·inst_20d_억
2.6781564,1.1208658,4.4360847,2.135367,4.9905896,0.17967343,2.7450123,1.2630306,5,0.17967343,v30 −0.7·supply_score_v2 −0.7·roe_value −0.7·return_3m_%
2.7958398,1.3706975,4.4360847,2.2597456,5.20842,0.17967343,2.7682714,1.2904315,5,0.17967343,v30 −0.7·supply_score_v2 −0.3·roe_value −0.7·return_3m_%
2.656866,1.0251341,4.4360847,2.166557,4.963107,0.17967343,2.7682714,1.2904315,5,0.17967343,v30 −0.7·supply_score_v2 +0.3·roe_value −0.7·return_3m_%
2.6706066,0.92161,4.4360847,2.3220682,4.878103,0.17967343,2.7682714,1.2904315,5,0.17967343,v30 −0.7·supply_score_v2 +0.7·roe_value −0.7·return_3m_%
2.13339,0.46372434,3.476828,2.228112,2.5753515,1.1341945,0.011114005,0.3350109,5,0.011114005,v30 −0.3·supply_score_v2 −0.7·roe_value +0.7·RSI
2.1169407,0.47774056,3.476828,2.158732,2.6461678,1.1341945,0.011114005,0.3350109,5,0.011114005,v30 −0.3·supply_score_v2 −0.3·roe_value +0.7·RSI
2.1635997,0.45510513,3.476828,2.3373396,2.6655672,1.1341945,0.011114005,0.3350109,5,0.011114005,v30 −0.3·supply_score_v2 +0.3·roe_value +0.7·RSI
2.1550663,0.35522985,3.476828,2.4151902,2.6825497,1.1341945,0.011114005,0.3350109,5,0.011114005,v30 −0.3·supply_score_v2 +0.7·roe_value +0.7·RSI
2.1451025,0.20537116,2.3909423,3.898768,-0.4878179,0.059689097,3.6289897,1.0576173,5,0.059689097,v30 −0.7·supply_score_v2 −0.7·DIV −0.7·drawdown_52w_high_%
1.3952864,0.18563016,0.7965745,3.4289362,-1.0503917,1.4435588,2.0560422,0.70321447,5,0.18563016,v30 −0.3·supply_score_v2 −0.7·DIV −0.3·drawdown_52w_high_%
2.3985863,0.34835854,4.1557837,2.380458,3.1421602,0.56080747,4.2662325,1.4366094,5,0.34835854,v30 −0.7·supply_score_v2 −0.7·DIV −0.7·return_3m_%
2.4442759,1.1622443,4.326973,1.4530628,5.3844724,0.32918927,0.7150014,0.35594591,5,0.32918927,v30 −0.7·supply_score_v2 +0.3·DIV −0.7·return_3m_%
2.1699595,0.9133006,4.044791,1.1616195,5.038019,0.71080995,0.0030086865,0.09352758,5,0.0030086865,v30 −0.7·supply_score_v2 +0.7·DIV −0.7·return_3m_%
1.7105767,1.7648221,1.7250919,1.6347972,0.79438967,0.2641798,0.49115276,0.15478912,5,0.2641798,v30 −0.3·supply_score_v2 −0.7·DIV −0.3·vs_SMA200_%
1.9306331,0.47156188,3.7629313,1.1905229,4.232177,0.034769613,0.7332812,0.6261473,5,0.034769613,v30 −0.3·supply_score_v2 −0.3·DIV −0.7·vs_SMA200_%
2.0136027,2.0897155,2.4717126,1.360096,2.0506897,0.4016996,0.3142639,0.21148424,5,0.3142639,v30 −0.3·supply_score_v2 −0.3·DIV −0.3·vs_SMA200_%
1.49749,2.314865,0.33543432,2.0815992,2.0057993,0.7575337,0.56935185,-0.19439013,5,0.33543432,v30 −0.7·supply_score_v2 −0.3·DIV +0.7·RSI
1.5517025,1.8775456,0.5909475,2.406438,0.48321435,1.3705866,0.17990167,-0.19711836,5,0.17990167,v30 −0.3·supply_score_v2 −0.3·DIV +0.3·RSI
1.0664612,2.1802962,0.4160491,0.6960267,1.057373,1.2009568,0.19025175,-0.3337477,5,0.19025175,v30 +0.3·supply_score_v2 −0.7·amt_avg_1m_억 +0.7·distance_to_52w_low_%
0.33357325,0.38305384,0.16361454,0.49344844,-0.19827177,0.9282451,0.83407587,-0.11816409,5,0.16361454,v30 +0.3·supply_score_v2 −0.3·amt_avg_1m_억 +0.3·distance_to_52w_low_%
0.58653873,1.047724,0.44541892,0.27292904,1.4507021,0.41405466,0.8157338,-0.27042797,5,0.27292904,v30 +0.7·supply_score_v2 −0.7·amt_avg_1m_억 +0.7·distance_to_52w_low_%
2.8327348,0.90060043,4.753663,2.484466,6.54885,1.4305042,0.4413988,0.3044257,5,0.4413988,v30 −0.3·supply_score_v2 −0.3·amt_avg_1m_억 −0.7·drawdown_52w_high_%
2.303533,1.2902097,3.7502923,1.5717416,3.5304058,0.34061608,0.3670871,0.06946111,5,0.34061608,v30 +0.7·supply_score_v2 −0.7·amt_avg_1m_억 −0.7·drawdown_52w_high_%
2.7157898,2.289141,3.7372622,1.8922632,4.465084,0.056000575,0.34232944,-0.0042100153,5,0.056000575,v30 −0.7·supply_score_v2 −0.3·amt_avg_1m_억 −0.7·return_3m_%
2.6310341,1.2371093,4.3742476,1.9330611,4.3249035,1.1724191,2.1117694,1.1914207,5,1.1724191,v30 −0.3·supply_score_v2 −0.3·amt_avg_1m_억 −0.7·return_3m_%
1.9131081,0.75891775,3.4082723,1.2704788,3.2864454,0.9619165,0.9794207,0.42189452,5,0.75891775,v30 +0.3·supply_score_v2 −0.7·amt_avg_1m_억 −0.7·return_3m_%
1.5299306,0.33006057,2.8044722,1.2116159,1.0937222,0.4613403,0.74566925,0.19649631,5,0.33006057,v30 +0.3·supply_score_v2 −0.3·amt_avg_1m_억 −0.3·return_3m_%
1.8111165,0.99688286,3.1387582,1.016687,2.9020407,0.3395416,0.81861144,0.30818078,5,0.3395416,v30 +0.7·supply_score_v2 −0.7·amt_avg_1m_억 −0.7·return_3m_%
0.385747,0.28490773,0.18121324,0.748556,-0.5551637,0.22361247,0.8788662,0.14891748,5,0.18121324,v30 +0.3·supply_score_v2 +0.3·drawdown_52w_high_% −0.3·return_3m_%
0.9814029,1.2344607,0.9093968,0.80253625,-0.25856322,0.6355964,1.3147632,0.14727326,5,0.6355964,v30 +0.3·supply_score_v2 +0.7·drawdown_52w_high_% −0.7·return_3m_%
0.24939191,0.45885542,0.09792856,0.21616633,-1.0975245,0.27947718,1.1078584,0.037324637,5,0.09792856,v30 +0.7·supply_score_v2 +0.7·drawdown_52w_high_% −0.7·return_3m_%
2.3321168,0.94759357,3.525721,2.3111668,5.3540998,1.0296113,0.80856144,0.18181194,5,0.80856144,v30 −0.7·supply_score_v2 −0.7·drawdown_52w_high_% +0.3·return_1m_%
1.3677317,1.4120802,2.1775866,0.30829236,4.105444,0.7439122,0.7112983,0.41467083,5,0.30829236,v30 −0.7·supply_score_v2 −0.7·drawdown_52w_high_% +0.7·return_1m_%
1.9254067,1.5500263,3.2080193,0.72098327,4.2167363,0.33115923,0.58152294,0.013738692,5,0.33115923,v30 −0.3·supply_score_v2 −0.3·drawdown_52w_high_% +0.3·return_1m_%
2.2925143,0.8445777,4.1016035,1.5695844,5.200467,1.0576177,1.5731797,0.2633082,5,0.8445777,v30 −0.7·supply_score_v2 −0.7·drawdown_52w_high_% −0.7·vs_SMA200_%
2.6104233,1.1237392,4.210286,2.190197,5.167453,0.54417896,1.7199342,0.38687614,5,0.54417896,v30 −0.7·supply_score_v2 −0.7·drawdown_52w_high_% −0.3·vs_SMA200_%
2.3794029,1.076829,4.1905994,1.4993914,5.0210967,0.03962808,0.6972319,0.0898362,5,0.03962808,v30 −0.7·supply_score_v2 −0.3·drawdown_52w_high_% −0.7·vs_SMA200_%
2.4983013,0.21518186,4.1031766,2.9180222,5.3352985,1.7716358,1.4386649,0.46835423,5,0.21518186,v30 −0.7·supply_score_v2 −0.7·drawdown_52w_high_% +0.3·RSI
2.4014924,0.53974205,3.8646388,2.550669,4.77826,1.4690994,0.37430245,0.32244575,5,0.37430245,v30 −0.7·supply_score_v2 −0.3·drawdown_52w_high_% +0.7·RSI
2.369528,1.3239183,3.9504485,1.5043379,4.5046086,0.4438679,2.1164908,0.2758452,5,0.4438679,v30 −0.7·supply_score_v2 −0.7·return_3m_% +0.3·return_1m_%
2.086737,3.1459234,1.9690195,1.1084988,3.8608158,0.1971399,1.7117127,0.44913456,5,0.1971399,v30 −0.7·supply_score_v2 −0.7·return_3m_% +0.7·return_1m_%
1.5881457,0.48544687,2.713535,1.3530256,1.6308178,0.32069287,2.7965596,0.6850161,5,0.32069287,v30 −0.3·supply_score_v2 −0.7·return_3m_% +0.7·return_1m_%
1.7092195,1.2617847,2.5576942,1.1240255,2.6433923,0.063277066,1.2444344,0.010086715,5,0.063277066,v30 −0.3·supply_score_v2 −0.3·return_3m_% +0.3·return_1m_%
0.583913,0.13090754,0.72324955,0.8910608,-1.5885978,0.23127158,1.0730885,0.054551046,5,0.13090754,v30 +0.3·supply_score_v2 −0.3·return_3m_% +0.7·return_1m_%
2.556304,0.237575,5.118281,1.8174816,4.918498,0.49580866,2.7221992,1.3108125,5,0.237575,v30 −0.7·supply_score_v2 −0.7·return_3m_% −0.7·vs_SMA200_%
2.2158492,0.3764484,3.8289294,2.153863,5.3431787,1.7175052,3.2314882,1.4546071,5,0.3764484,v30 −0.7·supply_score_v2 −0.7·return_3m_% +0.3·RSI
2.581934,2.8654108,3.290001,1.3956565,5.6471467,0.15508445,0.36913642,-0.009745087,5,0.15508445,v30 −0.7·supply_score_v2 −0.3·return_3m_% +0.3·RSI
2.1636026,1.1006049,3.303637,1.8679944,4.3970213,1.1540408,1.0204858,0.697584,5,1.0204858,v30 −0.7·supply_score_v2 −0.3·return_3m_% +0.7·RSI
2.6403484,0.8957223,4.7721853,1.8292165,6.230021,1.0494891,1.6284986,0.78103304,5,0.8957223,v30 −0.7·supply_score_v2 −0.7·return_3m_% −0.7·foreign_20d_억
3.1922326,1.9385219,5.1443815,2.0841143,6.7990766,0.21897857,1.1947126,0.47430035,5,0.21897857,v30 −0.7·supply_score_v2 −0.7·return_3m_% −0.3·foreign_20d_억
2.7984037,1.7243531,4.7348967,1.5189643,5.2001634,0.27458143,0.7847063,0.5835406,5,0.27458143,v30 −0.3·supply_score_v2 −0.3·return_3m_% −0.3·foreign_20d_억
2.628659,0.8596676,5.0789456,1.4453547,4.913264,0.894662,1.234803,0.7973821,5,0.8596676,v30 −0.7·supply_score_v2 −0.7·return_3m_% +0.3·inst_20d_억
3.2488983,1.5246977,5.8406897,1.8411226,5.8863597,2.3907511,1.0546283,0.932261,5,1.0546283,v30 −0.7·supply_score_v2 −0.7·return_3m_% +0.7·inst_20d_억
1.6939459,0.47714195,3.3260455,0.9466771,3.9551923,0.18480302,0.5305602,0.5468741,5,0.18480302,v30 −0.3·supply_score_v2 −0.3·return_3m_% +0.3·inst_20d_억
1.6775615,0.48330325,3.091683,1.1788102,3.5149188,0.9685903,0.3481194,-0.1762954,5,0.3481194,v30 −0.3·supply_score_v2 +0.3·return_1m_% −0.7·vs_SMA200_%
1.3401918,1.3198502,1.8365891,0.7413082,1.5888627,0.34055716,0.4297582,-0.41640958,5,0.34055716,v30 −0.3·supply_score_v2 +0.7·return_1m_% −0.7·vs_SMA200_%
0.98643136,2.6670249,0.1551203,0.23993917,0.37986723,0.7843076,0.069426045,0.41890335,5,0.069426045,v30 −0.3·supply_score_v2 +0.7·return_1m_% +0.7·RSI
0.5232921,0.23941281,0.51211274,0.8388884,-1.2211751,0.60516137,0.46065643,0.2705278,5,0.23941281,v30 +0.3·supply_score_v2 +0.3·return_1m_% +0.3·RSI
0.5188664,0.6286235,0.30682263,0.66730475,-1.3536271,0.9903573,0.4181864,0.528552,5,0.30682263,v30 +0.3·supply_score_v2 +0.7·return_1m_% +0.7·RSI
0.21312065,0.13595,0.14156136,0.38456354,-1.4129648,0.046729784,0.111395516,-0.34554052,5,0.046729784,v30 +0.7·supply_score_v2 +0.3·return_1m_% +0.3·RSI
1.7842137,0.3384367,3.340765,1.3746637,3.987967,0.26201743,1.1388125,0.33207974,5,0.26201743,v30 −0.7·supply_score_v2 −0.7·vs_SMA200_% +0.3·foreign_20d_억
2.0768125,0.2416995,3.9762492,1.6523252,2.7710834,1.1049893,0.066948295,0.5479594,5,0.066948295,v30 −0.7·oversold_component −0.3·PBR −0.7·drawdown_52w_high_%
2.5942013,1.7476196,4.155082,1.5425937,3.0100746,1.1455009,1.0869398,1.2399014,5,1.0869398,v30 −0.7·oversold_component −0.3·PBR −0.7·return_3m_%
2.4359274,0.76871693,4.746176,1.3195293,3.8568256,0.93315953,1.3820435,0.9388878,5,0.76871693,v30 −0.3·oversold_component −0.3·PBR −0.7·return_3m_%
1.1358413,0.5702222,1.0082275,1.896329,0.29219007,2.6485782,0.59073627,0.8057987,5,0.5702222,v30 −0.7·oversold_component +0.3·PER −0.7·foreign_20d_억
0.9434746,1.3787998,0.25953737,1.3358632,-0.13500421,1.6651597,0.39087588,0.46547553,5,0.25953737,v30 −0.3·oversold_component +0.3·PER −0.3·foreign_20d_억
1.1951941,0.20029417,1.7630705,1.5424302,0.6615956,1.4886423,0.9245931,1.1076761,5,0.20029417,v30 −0.7·oversold_component −0.7·roe_value −0.3·return_3m_%
1.2119523,0.1760742,1.7630705,1.6236751,0.6722057,1.4886423,0.9245931,1.1076761,5,0.1760742,v30 −0.7·oversold_component −0.3·roe_value −0.3·return_3m_%
1.2998114,0.2511341,1.7630705,1.8349571,0.8040959,1.4886423,0.9245931,1.1076761,5,0.2511341,v30 −0.7·oversold_component +0.3·roe_value −0.3·return_3m_%
1.2822441,0.24365269,1.7630705,1.7847145,0.8161825,1.4886423,0.9245931,1.1076761,5,0.24365269,v30 −0.7·oversold_component +0.7·roe_value −0.3·return_3m_%
0.93583554,0.19487199,1.1110108,1.5041401,0.42315787,1.0155629,0.012973428,0.21011977,5,0.012973428,v30 −0.3·oversold_component −0.7·roe_value +0.3·RSI
0.93274784,0.25635347,1.1110108,1.4285882,0.49723297,1.0831119,0.012973428,0.21011977,5,0.012973428,v30 −0.3·oversold_component −0.3·roe_value +0.3·RSI
0.9803214,0.19488275,1.1110108,1.6514878,0.5178611,1.0831119,0.012973428,0.21011977,5,0.012973428,v30 −0.3·oversold_component +0.3·roe_value +0.3·RSI
1.0140113,0.25257793,1.1110108,1.7017847,0.56254363,1.0831119,0.012973428,0.21011977,5,0.012973428,v30 −0.3·oversold_component +0.7·roe_value +0.3·RSI
1.7650664,0.23095085,3.468879,1.2652979,2.11562,1.7205914,0.8565552,0.82862306,5,0.23095085,v30 −0.7·oversold_component +0.7·DIV −0.7·return_3m_%
1.4974935,0.44847745,2.995486,0.739583,1.6484445,0.5220959,0.29546627,0.55151856,5,0.29546627,v30 −0.3·oversold_component +0.3·DIV −0.3·return_3m_%
2.2970967,0.033424348,4.846165,1.5159125,3.7489998,1.409896,1.0347054,1.0258231,5,0.033424348,v30 −0.3·oversold_component +0.7·DIV −0.7·return_3m_%
0.91079843,0.19182988,0.6891066,1.9518173,0.20401426,2.3813152,0.44834423,-0.5065425,5,0.19182988,v30 −0.7·oversold_component −0.7·DIV −0.7·vs_SMA200_%
1.4732314,0.47200343,1.9567521,1.9326353,0.6889361,1.2745266,1.2787504,0.19662297,5,0.47200343,v30 −0.3·oversold_component −0.7·DIV −0.7·vs_SMA200_%
0.8951484,0.60441124,0.14575922,2.1407933,-0.52137613,2.0630026,1.2732571,0.35989955,5,0.14575922,v30 −0.3·oversold_component −0.7·DIV −0.3·vs_SMA200_%
1.0330253,0.81172526,0.5601632,1.8592339,-0.00686997,1.9705244,0.029536402,0.23882055,5,0.029536402,v30 −0.7·oversold_component −0.3·DIV −0.7·foreign_20d_억
0.40743718,0.118549235,0.33176076,0.8089763,0.4354326,0.8944075,0.19005041,0.25204355,5,0.118549235,v30 −0.7·oversold_component −0.3·amt_avg_1m_억 +0.7·distance_to_52w_low_%
0.7815003,0.07433058,0.48607278,1.9021521,0.47027543,1.2860693,1.1210167,0.3482108,5,0.07433058,v30 −0.3·oversold_component −0.3·amt_avg_1m_억 +0.7·distance_to_52w_low_%
2.3114026,0.5720426,3.5615642,2.59677,3.7304418,1.8290863,0.34761414,0.4730457,5,0.34761414,v30 −0.7·oversold_component −0.3·amt_avg_1m_억 −0.7·drawdown_52w_high_%
1.9898603,0.25765958,3.4579632,1.9951948,3.0555353,1.2341684,0.32438782,-0.05559647,5,0.25765958,v30 −0.7·oversold_component −0.3·amt_avg_1m_억 −0.7·return_3m_%
2.2759762,1.4137222,3.5307918,1.6236012,3.402296,0.7431164,1.239788,0.7366269,5,0.7431164,v30 +0.3·oversold_component −0.7·amt_avg_1m_억 −0.7·return_3m_%
2.0562983,0.2226047,3.7130852,1.9336131,2.0590367,0.1600318,0.19014905,0.16484316,5,0.1600318,v30 +0.7·oversold_component −0.3·amt_avg_1m_억 +0.7·RSI
0.60652614,0.25481948,0.35052776,1.3002124,0.307284,1.380974,0.1032569,0.37735543,5,0.1032569,v30 −0.7·oversold_component +0.3·distance_to_52w_low_% −0.3·foreign_20d_억
1.0743045,2.554998,0.33299235,0.42770812,0.22734138,0.18142629,0.03854828,-0.10474137,5,0.03854828,v30 −0.3·oversold_component +0.7·drawdown_52w_high_% −0.7·return_3m_%
0.8323496,0.21326289,1.4568722,0.7094761,0.05391644,1.328924,0.5409448,0.5868825,5,0.21326289,v30 −0.7·oversold_component −0.3·drawdown_52w_high_% +0.3·return_1m_%
0.48912215,1.3320833,0.1523376,0.014456868,-0.27655903,0.62504405,0.16748871,-0.07826563,5,0.014456868,v30 −0.7·oversold_component −0.3·drawdown_52w_high_% +0.7·return_1m_%
0.41742626,0.69137764,0.4901266,0.035477787,-0.52672577,0.79324836,0.5058797,0.20878434,5,0.035477787,v30 −0.3·oversold_component −0.3·drawdown_52w_high_% +0.7·return_1m_%
1.3704437,0.284491,2.1899412,1.499896,2.046572,1.7613362,0.3199339,0.7377817,5,0.284491,v30 −0.7·oversold_component −0.3·drawdown_52w_high_% −0.7·foreign_20d_억
0.9987324,0.106461555,1.0866362,1.8368908,1.2089071,2.2110164,0.020397877,0.23379463,5,0.020397877,v30 −0.7·oversold_component −0.3·drawdown_52w_high_% +0.3·inst_20d_억
1.4130987,0.4385412,1.9842554,1.7346201,0.54095787,1.6634413,1.5411597,0.82681084,5,0.4385412,v30 −0.7·oversold_component −0.7·return_3m_% +0.7·return_1m_%
0.9328917,1.1071105,0.6487197,1.1029993,-0.0004303932,1.82311,0.4084575,0.4317306,5,0.4084575,v30 −0.7·oversold_component −0.3·return_3m_% +0.3·return_1m_%
0.9626431,0.21856326,1.2912097,1.3425194,-0.62799764,1.5342757,1.2060558,0.76114124,5,0.21856326,v30 −0.3·oversold_component −0.3·return_3m_% +0.3·return_1m_%
0.75485736,1.0710709,0.072853096,1.2713853,0.29349557,1.4041791,0.7376813,0.60545063,5,0.072853096,v30 −0.7·oversold_component −0.3·return_3m_% +0.3·vs_SMA200_%
1.0074977,0.7417951,1.0386362,1.250883,0.09078494,1.5393789,0.5144736,0.52893275,5,0.5144736,v30 −0.7·oversold_component −0.3·return_3m_% −0.3·RSI
1.315793,0.89637125,1.7139819,1.2636926,1.917191,1.7442718,0.79900885,1.0397509,5,0.79900885,v30 −0.7·oversold_component −0.3·return_3m_% −0.7·foreign_20d_억
1.6980835,0.76129407,2.3410192,1.8897535,1.8130938,2.016288,0.3283102,0.5571354,5,0.3283102,v30 −0.7·oversold_component −0.3·return_3m_% −0.3·foreign_20d_억
1.6303238,0.36504257,3.2983537,0.8896475,2.4231899,1.312842,1.1428157,1.3590927,5,0.36504257,v30 −0.3·oversold_component −0.3·return_3m_% −0.3·foreign_20d_억
0.9904836,1.7523168,0.24945119,1.1073267,0.14105336,1.5240012,0.07872058,0.060100436,5,0.07872058,v30 −0.7·oversold_component +0.3·return_1m_% +0.3·RSI
1.2978729,1.0712997,1.0993947,1.7867044,-0.19486852,1.5071678,0.32092893,0.438007,5,0.32092893,v30 −0.7·oversold_component +0.3·return_1m_% +0.7·RSI
0.78455865,1.5328616,0.31199676,0.5801895,-0.2157085,0.9134319,0.09206004,0.12669754,5,0.09206004,v30 −0.3·oversold_component +0.3·return_1m_% +0.3·RSI
1.3462561,0.85593474,1.6941506,1.4323545,0.6851991,1.2291075,0.22520562,0.41326925,5,0.22520562,v30 −0.3·oversold_component +0.3·return_1m_% +0.7·RSI
0.38618588,0.93173826,0.14016682,0.11406007,-1.3410379,0.11269988,0.38623324,0.558001,5,0.11269988,v30 +0.3·oversold_component +0.7·return_1m_% +0.7·RSI
0.52966297,0.103201106,0.3794338,1.1705655,0.048981965,1.0491662,0.08252204,0.51574624,5,0.08252204,v30 −0.3·oversold_component +0.3·return_1m_% −0.7·foreign_20d_억
0.9408653,0.57002234,1.1438104,1.0812049,0.97623664,1.7590215,0.004730884,0.556953,5,0.004730884,v30 −0.7·oversold_component +0.3·RSI −0.7·foreign_20d_억
1.1009314,0.8793677,0.930171,1.549793,1.2548038,1.4583422,0.08374012,0.18057685,5,0.08374012,v30 −0.7·oversold_component +0.3·RSI −0.3·foreign_20d_억
1.2099749,0.059507363,1.5984819,1.9467129,1.1914793,1.1822572,0.21509838,0.23006348,5,0.059507363,v30 −0.7·oversold_component +0.7·RSI −0.3·foreign_20d_억
1.7044814,0.6203017,2.458417,1.9140024,1.774739,1.5043814,0.3437195,0.65912,5,0.3437195,v30 −0.3·oversold_component +0.7·RSI −0.3·foreign_20d_억
1.1831472,0.5029006,0.55009854,2.6972196,0.15916376,2.0022507,2.1179936,1.6883911,5,0.5029006,v30 −0.7·PBR +0.7·PER −0.7·drawdown_52w_high_%
1.856575,0.46677268,3.323801,1.4992079,2.4454544,1.432512,1.5593765,1.0674939,5,0.46677268,v30 −0.7·PBR +0.3·PER −0.7·return_3m_%
0.9453562,0.6670704,0.46857792,1.8370072,0.46796805,1.9114639,2.7467678,1.4809848,5,0.46857792,v30 −0.7·PBR +0.7·PER −0.7·return_3m_%
2.7221198,0.82329255,5.16895,1.6810853,4.327226,0.4068196,0.19274186,0.38020262,5,0.19274186,v30 −0.3·PBR −0.3·PER −0.7·return_3m_%
1.62748,3.5713322,0.39734256,1.0998086,1.5472559,0.6866692,0.34974465,0.58709264,5,0.34974465,v30 −0.7·PBR +0.7·PER −0.7·vs_SMA200_%
1.9295808,1.4745202,2.7730267,1.3587763,2.3739336,0.6702102,1.1978834,0.89938766,5,0.6702102,v30 −0.3·PBR +0.3·PER −0.7·vs_SMA200_%
1.5731106,2.215206,1.3380926,1.1846567,1.3247093,0.7316234,1.0324239,0.8856356,5,0.7316234,v30 −0.3·PBR +0.3·PER −0.3·vs_SMA200_%
1.1998389,0.8270375,1.3209836,1.4445088,1.2321683,0.9997563,1.893848,1.2135713,5,0.8270375,v30 −0.3·PBR +0.7·PER −0.7·vs_SMA200_%
1.4169278,2.4130116,0.13738367,1.9580202,-0.07182149,1.6450422,1.483507,0.81410235,5,0.13738367,v30 −0.3·PBR +0.7·PER −0.3·vs_SMA200_%
1.9325029,1.2757876,2.3841703,2.065679,0.9750469,1.3130889,0.024008708,0.25542048,5,0.024008708,v30 −0.3·PBR +0.3·PER +0.7·RSI
1.4147071,1.7253445,0.26044482,2.5274816,0.93448967,0.34911007,0.010054455,0.2704418,5,0.010054455,v30 −0.3·PBR +0.3·PER +0.7·inst_20d_억
1.0940813,1.1000859,0.4380905,1.9076892,-0.65666187,0.9585416,0.30082327,0.47748312,5,0.30082327,v30 −0.3·PBR +0.7·PER +0.7·inst_20d_억
1.9839945,0.23073019,4.12763,1.1672932,1.9857275,0.22999702,0.7119674,0.5764631,5,0.22999702,v30 −0.3·PBR −0.7·roe_value −0.3·return_3m_%
1.9426142,0.27188158,4.12763,0.98649716,2.0947855,0.22999702,0.7119674,0.5764631,5,0.22999702,v30 −0.3·PBR −0.3·roe_value −0.3·return_3m_%
1.9231548,0.15314257,4.12763,1.0481983,2.0171466,0.22999702,0.7119674,0.5764631,5,0.15314257,v30 −0.3·PBR +0.3·roe_value −0.3·return_3m_%
1.9728315,0.15604337,4.135289,1.2000954,1.9887146,0.22999702,0.7110531,0.5764631,5,0.15604337,v30 −0.3·PBR +0.7·roe_value −0.3·return_3m_%
2.029711,2.2755985,0.9225424,3.1524167,0.08320051,1.202809,0.237831,-0.11691263,5,0.237831,v30 −0.3·PBR −0.7·DIV −0.3·drawdown_52w_high_%
2.8081598,2.8289754,3.0955162,2.4268486,2.8978744,1.1346644,0.0030626452,0.16701138,5,0.0030626452,v30 −0.7·PBR −0.7·DIV −0.7·return_3m_%
2.5459306,1.6131021,3.7425048,2.041343,3.218709,0.6689581,0.034354836,0.3570181,5,0.034354836,v30 −0.7·PBR −0.3·DIV −0.7·return_3m_%
2.1064656,1.8399091,2.037805,2.475508,1.1586605,0.8539583,1.0338808,0.57454807,5,0.8539583,v30 −0.3·PBR −0.7·DIV −0.3·return_3m_%
1.9885131,1.3965752,2.614487,1.8349799,2.2038648,0.75463134,0.77223235,0.27596208,5,0.75463134,v30 −0.3·PBR −0.3·DIV −0.3·return_3m_%
2.3292677,0.09691623,4.9129686,1.471517,3.3530262,0.8274664,1.7259063,0.9411331,5,0.09691623,v30 −0.3·PBR +0.3·DIV −0.7·return_3m_%
2.0017896,0.21941201,4.323989,0.9928148,3.1563008,0.18640058,0.50874,0.5265512,5,0.18640058,v30 −0.3·PBR +0.7·DIV −0.7·return_3m_%
3.113632,1.9449494,4.9364996,2.0767727,3.530574,1.0789307,0.7360705,0.60087657,5,0.7360705,v30 −0.3·PBR −0.3·amt_avg_1m_억 −0.7·return_3m_%
2.3608062,0.38038993,4.809867,1.4036734,3.2529438,0.5570886,1.9064192,1.2778679,5,0.38038993,v30 −0.7·PBR +0.3·distance_to_52w_low_% −0.7·return_3m_%
1.49633,0.17349064,2.5634341,1.567967,0.9974121,0.8029243,0.22566913,0.1078715,5,0.17349064,v30 −0.3·PBR +0.3·distance_to_52w_low_% −0.3·vs_SMA200_%
0.8599572,0.22950096,0.86845386,1.5191964,0.3696445,0.41946054,0.28707746,0.22772144,5,0.22950096,v30 −0.3·PBR +0.3·distance_to_52w_low_% +0.3·RSI
2.6808429,0.24789156,5.4733496,1.7752196,3.3947759,1.3851206,1.2477396,1.0569044,5,0.24789156,v30 −0.7·PBR −0.7·drawdown_52w_high_% −0.7·return_3m_%
3.061056,1.0405381,5.550452,2.0961082,3.1826391,0.90754867,0.5440364,0.8288574,5,0.5440364,v30 −0.7·PBR −0.3·drawdown_52w_high_% −0.7·return_3m_%
2.186206,1.0091583,3.9227402,1.266153,2.2135608,0.33126494,1.328468,0.37977472,5,0.33126494,v30 −0.3·PBR +0.3·drawdown_52w_high_% −0.7·return_3m_%
2.5579436,0.9216242,4.7686396,1.5331628,3.7614188,0.7858469,0.20480673,0.47302625,5,0.20480673,v30 −0.3·PBR −0.3·drawdown_52w_high_% −0.3·vs_SMA200_%
1.0617634,0.88449633,0.31152606,2.1879065,0.6089695,0.11699487,0.05997345,0.42944026,5,0.05997345,v30 −0.3·PBR −0.3·drawdown_52w_high_% +0.7·inst_20d_억
2.4921594,0.5749461,4.6952624,1.7753192,4.370202,0.5658727,0.32016352,0.46512762,5,0.32016352,v30 −0.7·PBR −0.7·return_3m_% −0.7·return_1m_%
2.6188734,1.090169,4.530394,1.8537203,3.9042196,0.18780833,0.27356914,0.5134778,5,0.18780833,v30 −0.7·PBR −0.7·return_3m_% −0.3·return_1m_%
1.8426944,1.2966986,2.4205725,1.700469,0.14395435,0.4159704,1.1277075,0.3712587,5,0.4159704,v30 −0.3·PBR −0.7·return_3m_% +0.7·return_1m_%
2.2265337,0.0025207996,4.1695,2.1608386,3.840199,1.2400819,1.3986406,0.90883285,5,0.0025207996,v30 −0.3·PBR −0.7·return_3m_% −0.7·vs_SMA200_%
2.2251647,0.057155523,4.142212,2.1323652,3.1237702,1.5760988,1.6311191,1.0230303,5,0.057155523,v30 −0.3·PBR −0.7·return_3m_% −0.3·vs_SMA200_%
2.3106956,0.15704662,4.630845,1.6987607,3.6772192,0.7855016,0.41028866,0.38085958,5,0.15704662,v30 −0.3·PBR −0.3·return_3m_% −0.7·vs_SMA200_%
2.483618,1.3289479,4.365232,1.3584372,3.1838367,0.49692237,0.5595204,0.48989496,5,0.49692237,v30 −0.3·PBR −0.3·return_3m_% −0.3·vs_SMA200_%
1.9484859,0.76624256,3.3320966,1.4751054,2.3383496,0.5481961,0.19112825,0.47942305,5,0.19112825,v30 −0.3·PBR −0.3·return_3m_% +0.3·RSI
2.1183383,0.34295535,3.6541367,2.0849333,2.329805,1.0004369,0.03684612,0.4626523,5,0.03684612,v30 −0.3·PBR −0.3·return_3m_% +0.7·RSI
2.1760356,0.42300147,4.1219764,1.6062082,1.8846848,0.44961125,0.7149694,0.42637303,5,0.42300147,v30 −0.7·PBR −0.7·return_3m_% +0.3·foreign_20d_억
2.3176856,0.25547284,4.7978544,1.4085758,3.5043552,0.9238457,1.8903745,1.5306996,5,0.25547284,v30 −0.3·PBR −0.7·return_3m_% −0.3·foreign_20d_억
2.656572,0.62680906,5.064441,1.8033588,3.0074146,0.8028929,0.6321846,0.34760723,5,0.62680906,v30 −0.7·PBR −0.7·return_3m_% −0.3·inst_20d_억
1.6790507,0.058098037,3.4391208,1.2012242,3.2273197,0.29275924,0.12200012,0.14361529,5,0.058098037,v30 −0.3·PBR −0.7·vs_SMA200_% +0.3·foreign_20d_억
2.6242733,1.9077162,3.2978902,2.5435934,2.7713969,1.173682,0.53946596,0.5423011,5,0.53946596,v30 +0.3·PER −0.7·amt_avg_1m_억 −0.7·drawdown_52w_high_%
1.474932,1.1285675,0.9080459,2.5515513,-0.118245356,1.7800115,2.3966,1.428472,5,0.9080459,v30 +0.7·PER −0.7·amt_avg_1m_억 −0.7·drawdown_52w_high_%
1.6162331,3.702854,0.2410188,1.1182168,0.13531335,1.2955097,0.66729283,0.14936735,5,0.2410188,v30 +0.7·PER −0.7·amt_avg_1m_억 −0.3·drawdown_52w_high_%
2.5672479,0.373074,4.906476,1.9745221,4.938374,1.1300997,0.75640047,0.6000371,5,0.373074,v30 −0.3·PER −0.3·amt_avg_1m_억 −0.7·return_3m_%
2.1244152,1.9058998,2.691666,1.6475241,1.4164199,1.190207,1.9279909,0.6931098,5,1.190207,v30 +0.3·PER −0.7·amt_avg_1m_억 −0.7·return_3m_%
1.4889597,0.51334596,2.491352,1.27256,0.95999855,1.538342,1.8295933,0.8715472,5,0.51334596,v30 +0.3·PER −0.3·amt_avg_1m_억 −0.3·return_3m_%
0.8649116,0.628544,0.8509369,1.1335212,-0.5661745,0.94812256,3.1577108,1.3254925,5,0.628544,v30 +0.7·PER −0.7·amt_avg_1m_억 −0.7·return_3m_%
1.3464186,1.8073363,1.3204705,0.88912845,0.8049426,0.97681683,1.0011574,0.60161686,5,0.88912845,v30 +0.3·PER −0.3·amt_avg_1m_억 −0.3·vs_SMA200_%
1.1477703,2.4264717,0.24943395,0.91207045,0.21336304,1.2965126,1.0905118,0.34550714,5,0.24943395,v30 +0.7·PER −0.7·amt_avg_1m_억 −0.7·vs_SMA200_%
1.0725307,1.6407825,0.37613362,1.3392599,0.09716895,1.5421863,1.4450094,0.51058406,5,0.37613362,v30 +0.7·PER −0.3·amt_avg_1m_억 −0.3·vs_SMA200_%
1.7961662,2.7203724,1.1489284,1.6232445,0.46710062,1.1069086,0.11771763,0.1249614,5,0.11771763,v30 +0.3·PER −0.3·amt_avg_1m_억 +0.3·RSI
1.1114316,0.7756938,0.4166761,2.3365972,-0.51406455,2.2967455,0.91414005,0.758626,5,0.4166761,v30 +0.7·PER −0.3·amt_avg_1m_억 +0.7·RSI
1.965982,0.7209212,3.4647,1.4154605,1.6522413,0.5021444,0.070669144,-0.07116378,5,0.070669144,v30 +0.3·PER −0.7·distance_to_52w_low_% −0.7·return_3m_%
0.60458994,0.642252,0.2914558,0.9559916,-0.9023038,0.50632745,1.2559417,0.4265314,5,0.2914558,v30 +0.7·PER −0.3·distance_to_52w_low_% −0.3·vs_SMA200_%
1.2251781,0.32352296,1.9506733,1.2763178,1.2359664,0.17601125,2.239529,0.37180814,5,0.17601125,v30 −0.3·PER −0.7·return_3m_% +0.7·return_1m_%
0.46594355,0.21475013,0.34142074,0.8884899,-0.68148154,0.8147449,0.7974425,0.12993364,5,0.21475013,v30 +0.3·PER +0.3·return_1m_% −0.3·vs_SMA200_%
0.7352766,1.2185451,0.10107658,1.0145539,-0.6542122,0.4729591,0.8851838,-0.026273081,5,0.10107658,v30 +0.3·PER +0.7·return_1m_% −0.7·vs_SMA200_%
0.7676814,1.1203763,0.6316143,0.5630275,-0.53814965,0.5782693,0.042265613,0.18009429,5,0.042265613,v30 −0.3·PER +0.7·return_1m_% +0.7·RSI
0.8446659,1.4225515,0.34779835,0.85174626,-0.494709,1.53469,1.2038082,0.69008374,5,0.34779835,v30 +0.3·PER +0.3·return_1m_% +0.3·RSI
0.7659805,1.0170076,0.3912971,0.9676178,-0.60819274,1.0165441,0.9176108,0.74208695,5,0.3912971,v30 +0.3·PER +0.7·return_1m_% +0.7·RSI
0.500998,0.18739787,0.42369795,0.9308237,0.06234308,0.25561586,0.4370083,0.6590724,5,0.18739787,v30 +0.3·PER −0.3·foreign_20d_억 +0.3·inst_20d_억
0.9789797,0.03911453,0.82013494,2.1761422,-0.021661745,0.7934747,1.2492819,0.65668184,5,0.03911453,v30 +0.3·roe_value −0.7·DIV −0.3·vs_SMA200_%
0.7714704,0.072006084,0.30922183,2.092462,-1.0485768,0.867543,0.19213736,0.029350221,5,0.072006084,v30 +0.3·roe_value −0.7·DIV −0.3·foreign_20d_억
0.8021976,0.09948088,0.30922183,2.1650538,-1.0529469,0.867543,0.19213736,0.029350221,5,0.09948088,v30 +0.7·roe_value −0.7·DIV −0.3·foreign_20d_억
1.4730685,3.664165,0.22455835,0.7056661,1.166215,0.62076104,0.00496536,-0.4535865,5,0.00496536,v30 −0.7·roe_value −0.7·amt_avg_1m_억 +0.7·distance_to_52w_low_%
0.71216834,1.854867,0.031148564,0.34932646,-0.21969543,0.52287567,0.46117127,-0.3011192,5,0.031148564,v30 −0.7·roe_value −0.3·amt_avg_1m_억 +0.3·distance_to_52w_low_%
1.3304633,3.4174743,0.22455835,0.49539596,1.0512794,0.62076104,0.00496536,-0.4535865,5,0.00496536,v30 −0.3·roe_value −0.7·amt_avg_1m_억 +0.7·distance_to_52w_low_%
0.7307819,1.9356375,0.031148564,0.32516518,-0.2121672,0.52287567,0.46117127,-0.3011192,5,0.031148564,v30 −0.3·roe_value −0.3·amt_avg_1m_억 +0.3·distance_to_52w_low_%
1.3881669,3.4360828,0.22455835,0.6667672,1.2275766,0.62076104,0.00496536,-0.4535865,5,0.00496536,v30 +0.3·roe_value −0.7·amt_avg_1m_억 +0.7·distance_to_52w_low_%
0.7297557,1.762809,0.031148564,0.5053957,-0.09974325,0.52287567,0.46117127,-0.3011192,5,0.031148564,v30 +0.3·roe_value −0.3·amt_avg_1m_억 +0.3·distance_to_52w_low_%
1.362393,3.404922,0.22455835,0.6144987,1.2252164,0.62076104,0.00496536,-0.4535865,5,0.00496536,v30 +0.7·roe_value −0.7·amt_avg_1m_억 +0.7·distance_to_52w_low_%
0.6869166,1.683031,0.031148564,0.4482553,-0.10726354,0.52287567,0.46117127,-0.3011192,5,0.031148564,v30 +0.7·roe_value −0.3·amt_avg_1m_억 +0.3·distance_to_52w_low_%
2.2524898,0.66277456,4.106229,1.6243887,2.7052302,0.80994344,0.029838514,0.057578642,5,0.029838514,v30 −0.7·roe_value −0.3·amt_avg_1m_억 −0.3·drawdown_52w_high_%
2.1371524,0.37562668,4.106229,1.5474277,2.363283,0.80994344,0.01944149,0.057578642,5,0.01944149,v30 −0.3·roe_value −0.3·amt_avg_1m_억 −0.3·drawdown_52w_high_%
2.1972516,0.4580577,4.106229,1.6589246,2.4997149,0.80994344,0.01944149,0.057578642,5,0.01944149,v30 +0.3·roe_value −0.3·amt_avg_1m_억 −0.3·drawdown_52w_high_%
2.141009,0.27813506,4.106229,1.663789,2.4651349,0.80994344,0.029838514,0.057578642,5,0.029838514,v30 +0.7·roe_value −0.3·amt_avg_1m_억 −0.3·drawdown_52w_high_%
2.6447377,1.618298,4.2863536,1.6833117,4.431016,1.066148,0.45995578,0.44414786,5,0.45995578,v30 −0.7·roe_value −0.7·amt_avg_1m_억 −0.7·return_3m_%
2.2210855,1.2369801,3.7782567,1.3202345,2.2293737,0.9439933,0.87322015,0.432781,5,0.87322015,v30 −0.7·roe_value −0.3·amt_avg_1m_억 −0.3·return_3m_%
2.6472828,1.6014409,4.2863536,1.7096521,4.443321,1.066148,0.45995578,0.44414786,5,0.45995578,v30 −0.3·roe_value −0.7·amt_avg_1m_억 −0.7·return_3m_%
2.2472012,1.2448684,3.7782567,1.3983614,2.2126176,0.9439933,0.87322015,0.432781,5,0.87322015,v30 −0.3·roe_value −0.3·amt_avg_1m_억 −0.3·return_3m_%
2.5335252,1.2504883,4.2863536,1.705716,4.1472526,1.066148,0.45995578,0.44414786,5,0.45995578,v30 +0.3·roe_value −0.7·amt_avg_1m_억 −0.7·return_3m_%
2.2134655,1.0438895,3.7782567,1.5001521,2.072417,0.9439933,0.87322015,0.432781,5,0.87322015,v30 +0.3·roe_value −0.3·amt_avg_1m_억 −0.3·return_3m_%
2.5717556,1.1786222,4.2863536,1.9087132,4.171766,1.066148,0.45995578,0.44414786,5,0.45995578,v30 +0.7·roe_value −0.7·amt_avg_1m_억 −0.7·return_3m_%
2.1550863,1.0039636,3.7782567,1.3491919,2.0698538,0.9439933,0.87322015,0.432781,5,0.87322015,v30 +0.7·roe_value −0.3·amt_avg_1m_억 −0.3·return_3m_%
1.9655955,0.8372445,3.35595,1.4265248,4.3457155,0.44055563,0.55344456,0.2952562,5,0.44055563,v30 −0.7·roe_value −0.3·amt_avg_1m_억 −0.7·vs_SMA200_%
1.9656872,0.93440056,3.35595,1.3236003,4.4438868,0.44055563,0.55344456,0.2952562,5,0.44055563,v30 −0.3·roe_value −0.3·amt_avg_1m_억 −0.7·vs_SMA200_%
1.8662355,0.54631066,3.35595,1.4065124,4.15244,0.44055563,0.55344456,0.2952562,5,0.44055563,v30 +0.3·roe_value −0.3·amt_avg_1m_억 −0.7·vs_SMA200_%
1.8543127,0.62365866,3.35595,1.2848356,4.2360272,0.44055563,0.55344456,0.2952562,5,0.44055563,v30 +0.7·roe_value −0.3·amt_avg_1m_억 −0.7·vs_SMA200_%
0.96008825,1.7454703,0.5105284,0.68756986,0.49353066,0.30289856,0.6959836,-0.11355797,5,0.30289856,v30 −0.7·roe_value +0.3·drawdown_52w_high_% −0.3·return_3m_%
1.2572167,1.6020645,1.2257779,0.93011487,0.79001546,0.026088025,0.70164245,-0.049866635,5,0.026088025,v30 −0.7·roe_value +0.7·drawdown_52w_high_% −0.7·return_3m_%
0.91546637,1.6846895,0.5105284,0.60433924,0.46444696,0.30289856,0.6959836,-0.11355797,5,0.30289856,v30 −0.3·roe_value +0.3·drawdown_52w_high_% −0.3·return_3m_%
1.2593421,1.6617149,1.2257779,0.87377656,0.8309717,0.026088025,0.70164245,-0.049866635,5,0.026088025,v30 −0.3·roe_value +0.7·drawdown_52w_high_% −0.7·return_3m_%
0.9977293,1.7005527,0.5105284,0.8599807,0.59117156,0.30289856,0.6959836,-0.11355797,5,0.30289856,v30 +0.3·roe_value +0.3·drawdown_52w_high_% −0.3·return_3m_%
1.272582,1.564986,1.2257779,1.0204083,0.6810551,0.026088025,0.70164245,-0.049866635,5,0.026088025,v30 +0.3·roe_value +0.7·drawdown_52w_high_% −0.7·return_3m_%
0.9123576,1.639747,0.5105284,0.641793,0.5502462,0.30289856,0.6959836,-0.11355797,5,0.30289856,v30 +0.7·roe_value +0.3·drawdown_52w_high_% −0.3·return_3m_%
1.2831918,1.5250142,1.2257779,1.0980226,0.7661218,0.026088025,0.70164245,-0.049866635,5,0.026088025,v30 +0.7·roe_value +0.7·drawdown_52w_high_% −0.7·return_3m_%
0.38887677,0.12734067,0.7273085,0.24371932,-0.620097,0.6055621,0.6741193,0.038164437,5,0.12734067,v30 −0.7·roe_value −0.3·drawdown_52w_high_% +0.7·return_1m_%
0.4432175,0.28723788,0.7273085,0.2538321,-0.5451689,0.6055621,0.6735022,0.038164437,5,0.2538321,v30 −0.3·roe_value −0.3·drawdown_52w_high_% +0.7·return_1m_%
0.4997947,0.25047752,0.7273085,0.480302,-0.3841237,0.6055621,0.6735022,0.038164437,5,0.25047752,v30 +0.3·roe_value −0.3·drawdown_52w_high_% +0.7·return_1m_%
0.5166171,0.17478669,0.7273085,0.6164478,-0.43194914,0.6055621,0.6735022,0.038164437,5,0.17478669,v30 +0.7·roe_value −0.3·drawdown_52w_high_% +0.7·return_1m_%
1.0066397,0.91814905,1.3134811,0.7171098,-0.99395424,0.28787625,1.1663179,0.54549164,5,0.28787625,v30 −0.7·roe_value −0.3·return_3m_% +0.7·return_1m_%
1.0362006,0.9915967,1.3134811,0.73699236,-1.0038929,0.28787625,1.1663544,0.5452576,5,0.28787625,v30 −0.3·roe_value −0.3·return_3m_% +0.7·return_1m_%
1.0854986,1.0045942,1.3134811,0.8864813,-0.8265658,0.28787625,1.1663544,0.5452576,5,0.28787625,v30 +0.3·roe_value −0.3·return_3m_% +0.7·return_1m_%
1.1058049,0.9661901,1.3134811,0.99455094,-0.8404481,0.28787625,1.1663544,0.5452576,5,0.28787625,v30 +0.7·roe_value −0.3·return_3m_% +0.7·return_1m_%
0.805905,0.8959605,0.9747801,0.49912703,-0.18540427,0.8774021,0.0038938313,0.045769054,5,0.0038938313,v30 −0.7·roe_value +0.3·return_1m_% +0.3·RSI
1.3153948,0.82786036,1.8272526,1.1935779,0.7390858,1.2320833,0.1263827,0.27872607,5,0.1263827,v30 −0.7·roe_value +0.3·return_1m_% +0.7·RSI
0.67693293,1.338134,0.33153513,0.40615404,-0.63402283,1.2046117,0.25332057,0.5004441,5,0.25332057,v30 −0.7·roe_value +0.7·return_1m_% +0.7·RSI
0.8117193,0.92531395,0.9747801,0.48719853,-0.24515267,0.8774021,0.0038938313,0.045769054,5,0.0038938313,v30 −0.3·roe_value +0.3·return_1m_% +0.3·RSI
1.2612168,0.74901783,1.8272526,1.0978833,0.6036585,1.2320833,0.1263827,0.27872607,5,0.1263827,v30 −0.3·roe_value +0.3·return_1m_% +0.7·RSI
0.67903495,1.3883535,0.33153513,0.35975894,-0.5873092,1.2046117,0.25332057,0.5004441,5,0.25332057,v30 −0.3·roe_value +0.7·return_1m_% +0.7·RSI
0.7965359,0.83667207,0.9747801,0.531086,-0.13911608,0.8774021,0.0038938313,0.045769054,5,0.0038938313,v30 +0.3·roe_value +0.3·return_1m_% +0.3·RSI
1.3554024,0.75766057,1.8272526,1.4006908,0.81578046,1.2320833,0.1263827,0.27872607,5,0.1263827,v30 +0.3·roe_value +0.3·return_1m_% +0.7·RSI
0.702658,1.2862521,0.33153513,0.54649305,-0.57840586,1.2046117,0.25332057,0.5004441,5,0.25332057,v30 +0.3·roe_value +0.7·return_1m_% +0.7·RSI
0.79758775,0.7410505,0.9747801,0.636168,-0.15247798,0.8774021,0.006358715,0.049260974,5,0.006358715,v30 +0.7·roe_value +0.3·return_1m_% +0.3·RSI
1.3869803,0.80800754,1.8272526,1.4517994,0.9110858,1.2320833,0.1263827,0.27872607,5,0.1263827,v30 +0.7·roe_value +0.3·return_1m_% +0.7·RSI
0.82290065,1.3789554,0.33153513,0.84629977,-0.46854433,1.2046117,0.25332057,0.5004441,5,0.25332057,v30 +0.7·roe_value +0.7·return_1m_% +0.7·RSI
1.976008,0.34330195,3.640469,1.6301819,2.2758932,0.91155106,0.38669223,0.36783528,5,0.34330195,v30 −0.7·roe_value +0.7·RSI −0.3·foreign_20d_억
1.9414055,0.43847954,3.640469,1.414435,2.410283,0.91155106,0.38669223,0.36783528,5,0.38669223,v30 −0.3·roe_value +0.7·RSI −0.3·foreign_20d_억
1.9341741,0.2573733,3.640469,1.5829061,2.3129468,0.91155106,0.38669223,0.36783528,5,0.2573733,v30 +0.3·roe_value +0.7·RSI −0.3·foreign_20d_억
1.9850427,0.29962748,3.640469,1.7065133,2.353143,0.91155106,0.38669223,0.36783528,5,0.29962748,v30 +0.7·roe_value +0.7·RSI −0.3·foreign_20d_억
2.7026243,4.2060204,1.731096,2.319676,3.5168533,1.1079848,1.3047829,-0.21600533,5,1.1079848,v30 −0.7·DIV −0.7·amt_avg_1m_억 −0.7·drawdown_52w_high_%
1.3798133,1.4755487,0.15109035,2.8139977,0.3032084,1.0888288,0.678319,0.19475146,5,0.15109035,v30 −0.7·DIV −0.3·amt_avg_1m_억 −0.3·drawdown_52w_high_%
3.2088356,4.2442074,3.1232944,2.2156785,4.1766043,1.2078547,0.20494638,-0.38477063,5,0.20494638,v30 −0.3·DIV −0.7·amt_avg_1m_억 −0.7·drawdown_52w_high_%
2.0666783,2.0324214,1.5880475,2.701365,2.1710498,1.9764233,0.30450964,0.0656786,5,0.30450964,v30 −0.3·DIV −0.3·amt_avg_1m_억 −0.3·drawdown_52w_high_%
2.0136585,3.5622895,1.0272202,1.6012863,2.932774,0.49673086,0.74803174,0.4008726,5,0.49673086,v30 −0.7·DIV −0.7·amt_avg_1m_억 −0.7·return_3m_%
1.4630772,1.7289724,0.68658173,2.151182,1.0706947,1.1839793,1.0327529,0.5372042,5,0.68658173,v30 −0.7·DIV −0.3·amt_avg_1m_억 −0.3·return_3m_%
2.6705992,2.8250759,3.4869761,1.4859962,3.687149,0.46567577,0.58501893,0.24765873,5,0.46567577,v30 −0.3·DIV −0.7·amt_avg_1m_억 −0.7·return_3m_%
1.8408806,1.1942016,2.2910557,1.9652587,2.50028,1.1922182,0.92615175,0.21518542,5,0.92615175,v30 −0.3·DIV −0.3·amt_avg_1m_억 −0.3·return_3m_%
2.5490265,1.5498545,4.1547666,1.6034697,3.2113101,1.3609718,0.04320808,0.10580846,5,0.04320808,v30 +0.3·DIV −0.7·amt_avg_1m_억 −0.7·return_3m_%
2.490965,0.023283117,4.927928,2.0666716,4.0512486,1.7226946,1.7931112,1.070244,5,0.023283117,v30 +0.3·DIV −0.3·amt_avg_1m_억 −0.7·return_3m_%
2.1241472,0.18148713,4.3379946,1.4209138,2.9448137,1.3982968,0.75260997,0.5247659,5,0.18148713,v30 +0.7·DIV −0.3·amt_avg_1m_억 −0.7·return_3m_%
1.3456827,1.4663393,0.46086913,2.3235025,0.11028287,0.54786897,0.5308108,0.2545351,5,0.46086913,v30 −0.7·DIV −0.3·amt_avg_1m_억 −0.3·return_1m_%
1.4805263,1.6538519,1.7905203,0.9088764,2.2349625,0.46908125,0.87359416,0.1171247,5,0.46908125,v30 −0.7·DIV −0.3·amt_avg_1m_억 −0.7·vs_SMA200_%
1.2654043,0.81020814,1.7282892,1.1704444,2.6789808,0.56275046,0.6342419,-0.13885133,5,0.56275046,v30 −0.3·DIV −0.3·amt_avg_1m_억 −0.7·vs_SMA200_%
1.714392,0.0570004,3.6321082,1.0782254,3.1744947,0.20320967,0.42598498,0.4193404,5,0.0570004,v30 +0.7·DIV −0.3·distance_to_52w_low_% −0.7·return_3m_%
1.7033616,0.2716259,3.703117,0.72488624,2.9024515,0.36050764,1.0211456,0.3267523,5,0.2716259,v30 +0.7·DIV +0.3·drawdown_52w_high_% −0.7·return_3m_%
0.97624284,1.3881632,0.75598705,0.81389767,-0.8275825,0.016109254,0.14303291,0.26767763,5,0.016109254,v30 +0.3·DIV −0.3·return_3m_% +0.7·return_1m_%
0.84700817,0.052854903,0.7885591,1.7638574,0.038947664,0.42241123,0.0043454655,-0.43745637,5,0.0043454655,v30 −0.7·DIV +0.3·return_3m_% −0.7·vs_SMA200_%
0.4359473,0.3030261,0.23084357,0.8335558,-1.2295898,0.83223695,1.2184244,-0.32014135,5,0.23084357,v30 −0.3·DIV +0.7·return_1m_% −0.7·vs_SMA200_%
2.119119,0.88261616,3.71205,1.4417387,3.4011374,0.42688924,0.8654521,0.05679804,5,0.42688924,v30 −0.7·DIV −0.7·vs_SMA200_% −0.7·foreign_20d_억
1.284946,0.7513138,1.410045,1.6955563,0.08703245,0.8389988,0.6536966,0.3641267,5,0.6536966,v30 −0.7·DIV −0.3·vs_SMA200_% +0.3·inst_20d_억
1.2272165,0.07875878,1.3575928,2.2844825,-0.7583723,0.94946045,0.091460444,0.050974626,5,0.07875878,v30 −0.7·DIV −0.3·vs_SMA200_% +0.7·inst_20d_억
1.5189866,0.26330674,2.9253168,1.0952342,2.6548095,0.7907595,0.0029180225,0.8963044,5,0.0029180225,v30 +0.3·DIV +0.7·RSI −0.7·foreign_20d_억
2.631063,1.1178753,4.4513726,1.9634387,5.478154,1.4754132,0.23041917,0.04867633,5,0.23041917,v30 −0.7·amt_avg_1m_억 +0.3·distance_to_52w_low_% −0.7·drawdown_52w_high_%
1.7972649,1.1776524,2.194415,1.959166,2.9317834,2.153795,1.3825498,0.40176645,5,1.1776524,v30 −0.7·amt_avg_1m_억 +0.7·distance_to_52w_low_% −0.3·drawdown_52w_high_%
2.3132598,0.8559308,4.220967,1.4770386,4.617977,1.7068915,1.6363931,0.71691895,5,0.8559308,v30 −0.7·amt_avg_1m_억 +0.3·distance_to_52w_low_% −0.7·return_3m_%
1.7079217,1.328833,2.340833,1.3195653,3.6319761,1.7495471,1.3127633,0.16649814,5,1.3127633,v30 −0.7·amt_avg_1m_억 +0.7·distance_to_52w_low_% −0.3·return_3m_%
2.315851,0.9510437,3.803228,1.9067385,3.3503392,0.5965902,1.2282709,0.6507496,5,0.5965902,v30 −0.3·amt_avg_1m_억 −0.3·distance_to_52w_low_% −0.7·return_3m_%
2.0399637,1.4769671,2.9270084,1.5293407,5.688972,1.6648787,1.4666636,0.5710239,5,1.4666636,v30 −0.7·amt_avg_1m_억 +0.7·distance_to_52w_low_% −0.7·vs_SMA200_%
1.8233699,2.5571885,1.7551081,1.1290154,3.1804247,1.5056602,0.7030702,-0.09171597,5,0.7030702,v30 −0.7·amt_avg_1m_억 +0.7·distance_to_52w_low_% −0.3·vs_SMA200_%
2.087271,1.0589808,3.1123786,1.8984452,2.8799706,1.5803506,0.8374302,0.176836,5,0.8374302,v30 −0.3·amt_avg_1m_억 +0.3·distance_to_52w_low_% −0.3·vs_SMA200_%
1.53566,1.0936975,1.4563376,2.1043978,1.8699439,0.9299043,0.33539954,-0.34303668,5,0.33539954,v30 −0.3·amt_avg_1m_억 +0.3·distance_to_52w_low_% +0.3·RSI
1.6058244,0.47149435,2.0009468,2.3171465,1.4342515,1.7149576,0.12857333,0.12488655,5,0.12857333,v30 −0.3·amt_avg_1m_억 +0.3·distance_to_52w_low_% +0.7·RSI
1.325662,2.7235126,0.2643584,1.1670761,2.7066944,1.0802846,0.011283138,-0.04330389,5,0.011283138,v30 −0.7·amt_avg_1m_억 +0.7·distance_to_52w_low_% −0.7·foreign_20d_억
2.5917315,0.9075691,5.022498,1.3426964,5.6536045,1.1014043,2.0267491,1.1287004,5,0.9075691,v30 −0.7·amt_avg_1m_억 −0.7·drawdown_52w_high_% −0.7·return_3m_%
2.9802902,2.2672248,4.7399397,1.5383598,5.6106133,1.172716,0.47100997,0.25039127,5,0.47100997,v30 −0.7·amt_avg_1m_억 −0.7·drawdown_52w_high_% −0.3·return_3m_%
2.776162,1.4153115,4.986792,1.4587761,5.6714725,1.1058637,1.4864362,1.0138817,5,1.1058637,v30 −0.7·amt_avg_1m_억 −0.3·drawdown_52w_high_% −0.7·return_3m_%
2.027022,1.3450853,3.1723685,1.3198969,2.5565872,0.76054645,1.4648448,0.5413018,5,0.76054645,v30 −0.3·amt_avg_1m_억 +0.3·drawdown_52w_high_% −0.7·return_3m_%
2.4076092,0.47380862,3.8641255,2.641627,5.457348,1.1385474,0.067126505,0.43030843,5,0.067126505,v30 −0.7·amt_avg_1m_억 −0.7·drawdown_52w_high_% −0.7·return_1m_%
2.3521447,0.8026275,4.422053,1.411122,3.9518058,1.2639432,0.9071491,0.17096,5,0.8026275,v30 −0.3·amt_avg_1m_억 −0.7·drawdown_52w_high_% +0.3·return_1m_%
1.6316034,1.4415487,2.5868435,0.6394861,2.2237558,0.7389306,0.49204558,-0.32283366,5,0.49204558,v30 −0.3·amt_avg_1m_억 −0.7·drawdown_52w_high_% +0.7·return_1m_%
2.4834445,1.7512188,3.8965707,1.4950264,3.8975198,0.36807,0.5894219,-0.006245941,5,0.36807,v30 −0.7·amt_avg_1m_억 −0.3·drawdown_52w_high_% −0.7·inst_20d_억
2.1559043,0.7333331,3.8363357,1.5668474,5.9755507,0.81320393,0.7190731,0.7786824,5,0.7190731,v30 −0.7·amt_avg_1m_억 −0.7·return_3m_% −0.7·return_1m_%
2.8672636,1.6726979,4.624959,1.9393704,5.743853,1.2988311,0.86848396,0.7619358,5,0.86848396,v30 −0.7·amt_avg_1m_억 −0.7·return_3m_% −0.3·return_1m_%
2.1370883,1.5696633,3.2139974,1.3938408,2.6174023,0.49042395,0.14553836,0.05424869,5,0.14553836,v30 −0.7·amt_avg_1m_억 −0.7·return_3m_% +0.3·return_1m_%
1.3478022,0.0718489,2.2791243,1.53935,0.35752335,0.67569757,1.5564886,-0.036803246,5,0.0718489,v30 −0.3·amt_avg_1m_억 −0.7·return_3m_% +0.7·return_1m_%
2.1847577,0.3355306,4.0023966,1.8775125,3.6148443,0.98941433,0.8464206,0.50085443,5,0.3355306,v30 −0.3·amt_avg_1m_억 −0.3·return_3m_% −0.3·return_1m_%
2.2078404,0.940999,3.9359012,1.393783,5.48791,0.7139465,0.8998099,0.62989825,5,0.7139465,v30 −0.7·amt_avg_1m_억 −0.7·return_3m_% −0.7·vs_SMA200_%
2.6314294,1.3796695,4.3240976,1.8455911,5.1915402,0.87446,1.0447376,0.58925,5,0.87446,v30 −0.7·amt_avg_1m_억 −0.7·return_3m_% −0.3·vs_SMA200_%
2.216639,0.11236289,4.248098,1.9131086,4.1862264,1.3038765,1.3260216,0.71517926,5,0.11236289,v30 −0.3·amt_avg_1m_억 −0.3·return_3m_% −0.3·vs_SMA200_%
1.3045015,1.49446,1.4164455,0.9627405,1.8125267,0.390089,0.13901985,0.40527073,5,0.13901985,v30 −0.7·amt_avg_1m_억 −0.7·return_3m_% −0.7·RSI
2.1020901,1.550823,3.0215662,1.5384662,2.510955,1.1273301,0.41800582,0.37675917,5,0.41800582,v30 −0.7·amt_avg_1m_억 −0.7·return_3m_% −0.3·RSI
2.726591,1.7104671,4.5125055,1.5738298,4.7168007,1.0242552,0.014724046,0.18925834,5,0.014724046,v30 −0.7·amt_avg_1m_억 −0.7·return_3m_% +0.3·RSI
2.3602707,1.4609619,3.56066,1.8153008,3.9617956,0.8543268,0.0012317844,-0.021415392,5,0.0012317844,v30 −0.7·amt_avg_1m_억 −0.7·return_3m_% +0.7·RSI
1.150883,1.1395113,1.077844,1.2542642,1.1509442,0.4653026,0.65738016,0.36240065,5,0.4653026,v30 −0.3·amt_avg_1m_억 −0.3·return_3m_% −0.3·RSI
2.411147,0.86997706,4.763541,1.1081475,4.4008465,0.5743053,0.1258215,0.32606325,5,0.1258215,v30 −0.7·amt_avg_1m_억 −0.7·return_3m_% −0.7·foreign_20d_억
2.602219,1.0180082,4.615579,1.7687445,4.318192,1.2762417,1.029369,0.18224107,5,1.0180082,v30 −0.7·amt_avg_1m_억 −0.7·return_3m_% +0.3·foreign_20d_억
2.4915614,0.5340849,4.677599,1.8388321,4.739201,1.438782,1.8819789,1.3838404,5,0.5340849,v30 −0.3·amt_avg_1m_억 −0.7·return_3m_% −0.3·foreign_20d_억
2.4168248,0.75740826,4.4584208,1.6279614,4.5108824,0.8831169,0.69779754,0.48451647,5,0.69779754,v30 −0.7·amt_avg_1m_억 −0.7·return_3m_% −0.3·inst_20d_억
2.1519086,1.514823,3.5168018,1.1226959,3.729678,0.5864783,0.17728655,0.24130936,5,0.17728655,v30 −0.7·amt_avg_1m_억 −0.7·return_3m_% +0.3·inst_20d_억
1.3293352,0.845984,2.3471391,0.5706415,2.6403015,0.543424,0.13741948,0.21504831,5,0.13741948,v30 −0.7·amt_avg_1m_억 −0.7·return_3m_% +0.7·inst_20d_억
2.5657406,2.3584206,3.970054,1.0306263,2.9863136,0.45601776,0.6296395,0.18125689,5,0.45601776,v30 −0.7·amt_avg_1m_억 −0.3·return_3m_% −0.7·inst_20d_억
2.216363,0.600315,4.153951,1.5114292,4.1014833,0.76227117,0.04177904,0.2570539,5,0.04177904,v30 −0.3·amt_avg_1m_억 −0.7·vs_SMA200_% +0.3·RSI
1.6398697,0.3385412,3.3071983,0.9383702,2.5610278,0.80951947,0.029491762,-0.11829161,5,0.029491762,v30 −0.3·amt_avg_1m_억 −0.3·vs_SMA200_% +0.3·foreign_20d_억
2.3626714,1.4122965,3.8377926,1.5285411,2.7928715,0.19932498,0.22850178,-0.09604016,5,0.19932498,v30 −0.3·amt_avg_1m_억 −0.3·vs_SMA200_% −0.3·inst_20d_억
2.5038424,0.6631074,4.871294,1.5003079,2.485761,0.74764156,0.24848169,0.37074557,5,0.24848169,v30 −0.7·distance_to_52w_low_% −0.7·drawdown_52w_high_% −0.7·return_3m_%
1.7503585,0.66988426,3.214394,1.0683192,2.091554,0.037990384,0.9678416,0.111735426,5,0.037990384,v30 −0.3·distance_to_52w_low_% +0.3·drawdown_52w_high_% −0.7·return_3m_%
1.642672,1.3630121,2.544281,0.812799,2.4298112,0.22297223,1.2391024,0.5682229,5,0.22297223,v30 −0.3·distance_to_52w_low_% −0.7·drawdown_52w_high_% +0.7·return_1m_%
1.6064237,0.3737333,2.8733826,1.3324589,1.7711124,0.4192906,0.16721769,-0.12378464,5,0.16721769,v30 −0.7·distance_to_52w_low_% −0.7·return_3m_% +0.3·foreign_20d_억
2.2229846,0.12997615,4.4642515,1.6452225,2.2725446,0.192676,1.2324898,0.8614443,5,0.12997615,v30 −0.3·distance_to_52w_low_% −0.7·return_3m_% −0.3·foreign_20d_억
0.3322315,0.29896626,0.33916658,0.35890684,-0.82388616,0.8770162,1.0515329,0.70887023,5,0.29896626,v30 +0.3·distance_to_52w_low_% +0.7·return_1m_% +0.7·RSI
0.9432241,1.044701,0.59625405,1.2691172,-1.2755643,0.30000576,1.6696165,0.40642834,5,0.30000576,v30 +0.3·drawdown_52w_high_% −0.7·return_3m_% +0.7·return_1m_%
1.8518234,0.1306549,3.4794343,1.6460524,3.2749808,0.33896023,0.7658608,0.28842258,5,0.1306549,v30 +0.7·drawdown_52w_high_% −0.7·return_3m_% −0.7·vs_SMA200_%
1.2067156,0.95489806,1.6038675,0.9778316,0.48365256,0.69105446,0.26330024,-0.16623126,5,0.26330024,v30 +0.3·drawdown_52w_high_% −0.3·return_3m_% +0.3·RSI
1.352722,1.449854,1.472849,1.0993608,1.0445645,0.7967837,0.6313178,0.2465843,5,0.6313178,v30 +0.7·drawdown_52w_high_% −0.7·return_3m_% +0.3·RSI
1.1434898,0.18771963,2.1107972,0.9498615,0.41131738,1.1944598,0.5664083,0.32788584,5,0.18771963,v30 +0.7·drawdown_52w_high_% −0.7·return_3m_% +0.7·RSI
0.37659457,0.32780492,0.17274693,0.6832432,0.8398833,0.108212404,0.12666681,0.04293567,5,0.108212404,v30 +0.3·drawdown_52w_high_% −0.3·return_3m_% +0.7·inst_20d_억
0.9818515,0.39080366,1.8124373,0.5716078,-0.01624858,0.50095856,0.5086947,0.39267254,5,0.39080366,v30 −0.3·drawdown_52w_high_% +0.7·return_1m_% +0.3·RSI
0.93712056,0.15700793,1.6988895,0.8137789,-0.17615572,0.7837719,0.24077311,0.47899473,5,0.15700793,v30 −0.3·drawdown_52w_high_% +0.7·return_1m_% +0.7·RSI
0.7161715,0.25230855,1.1197593,0.7045411,0.68669426,0.4678291,0.5590665,0.4083016,5,0.25230855,v30 −0.3·drawdown_52w_high_% +0.7·return_1m_% −0.3·foreign_20d_억
0.38308492,0.36079153,0.21768484,0.6135217,-0.3146371,0.7921835,1.3527004,0.3941547,5,0.21768484,v30 −0.3·return_3m_% +0.3·return_1m_% +0.3·vs_SMA200_%
0.8218928,0.019898696,1.3164552,1.0558085,-0.7903741,0.5138142,0.92110646,0.42488876,5,0.019898696,v30 −0.3·return_3m_% +0.7·return_1m_% +0.3·RSI
1.1008455,0.26414055,2.1424248,0.6878706,0.2538537,1.1969923,0.82721925,0.5232388,5,0.26414055,v30 −0.3·return_3m_% +0.7·return_1m_% +0.7·RSI
0.6269985,0.109043285,1.1783177,0.48817706,0.7623179,0.06244604,1.2338828,0.8514247,5,0.06244604,v30 −0.3·return_3m_% +0.3·return_1m_% −0.7·foreign_20d_억
0.9674051,0.29896933,1.7740139,0.6693569,0.47878772,0.3574552,1.25703,0.48676983,5,0.29896933,v30 −0.3·return_3m_% +0.3·return_1m_% −0.3·foreign_20d_억
0.96833295,1.088058,0.2234169,1.7722708,-0.4796401,0.5895694,1.0940816,0.4273584,5,0.2234169,v30 −0.3·return_3m_% +0.7·return_1m_% −0.3·foreign_20d_억
0.76158965,1.1436858,0.3471401,0.8736742,0.082436405,0.3563476,0.73011655,-0.59438545,5,0.3471401,v30 +0.7·return_1m_% −0.7·vs_SMA200_% −0.3·RSI
0.3972675,0.24615717,0.712942,0.16322955,0.35573038,0.329503,0.15675072,0.0038774211,5,0.15675072,v30 +0.3·return_1m_% −0.3·vs_SMA200_% −0.7·foreign_20d_억
0.64572746,0.41046202,0.44995585,1.1404116,0.172255,0.8672006,0.7232064,0.33178094,5,0.41046202,v30 +0.7·return_1m_% −0.7·vs_SMA200_% −0.7·foreign_20d_억
1.168486,0.71825397,1.988409,0.6219535,1.1772456,0.2733933,0.5352903,-0.31137526,5,0.2733933,v30 +0.7·return_1m_% −0.7·vs_SMA200_% −0.3·foreign_20d_억
0.61731535,0.17535818,0.78180444,0.88128346,0.88984203,0.41945636,0.46438643,0.96472764,5,0.17535818,v30 +0.3·return_1m_% +0.3·RSI −0.7·foreign_20d_억
1.1205362,1.1356002,1.2633104,0.92606306,1.0179223,0.89189476,0.36659297,0.9274757,5,0.36659297,v30 +0.3·return_1m_% +0.7·RSI −0.7·foreign_20d_억
1.7703946,1.4840208,2.0852757,1.681065,1.4199797,1.4914362,0.29849762,0.58324206,5,0.29849762,v30 +0.3·return_1m_% +0.7·RSI −0.3·foreign_20d_억
0.5135154,1.236321,0.081474826,0.28558555,-0.70963264,0.44297382,0.0680916,0.11991147,5,0.0680916,v30 +0.7·return_1m_% +0.3·RSI −0.3·foreign_20d_억
0.9927337,1.4598771,0.748268,0.8019759,0.35917234,0.9156873,0.8270605,1.1547161,5,0.748268,v30 +0.7·return_1m_% +0.7·RSI −0.7·foreign_20d_억
1.0287203,2.0096633,0.4944106,0.6543545,0.4924884,1.3519135,0.19511169,0.46535,5,0.19511169,v30 +0.7·return_1m_% +0.7·RSI −0.3·foreign_20d_억
0.35815674,0.57593447,0.31300822,0.18320385,1.4510971,0.27601755,0.31502256,1.034988,5,0.18320385,v30 +0.3·return_1m_% −0.7·foreign_20d_억 +0.7·inst_20d_억
1.2520978,0.717264,2.5194874,0.23612139,3.9013236,0.377785,0.08934263,0.78994375,5,0.08934263,v30 −0.7·vs_SMA200_% −0.7·foreign_20d_억 +0.7·inst_20d_억
2.3167868,2.8087559,2.4125881,1.6743194,7.05285,1.3559619,0.6467151,0.4568905,5,0.6467151,−1·value_score −1·amt_avg_1m_억
3.1299064,1.1558725,6.0120244,1.6246709,5.4121714,2.3793452,1.142667,0.22598422,5,1.142667,−1·turnaround_score −1·return_3m_%
2.4578137,1.0777379,4.4136705,1.4793239,0.7976213,2.0106373,1.405503,-0.34750926,5,1.0777379,−1·reversal_score −1·vs_SMA200_%
3.297968,0.70253676,7.2163544,1.1576313,2.8370926,0.7148229,4.1892586,1.8441349,5,0.70253676,−1·DIV −1·vs_SMA200_%
1.4221283,1.0007393,1.3012722,2.020924,3.7358825,3.1252394,1.067965,0.89689773,5,1.0007393,−1·value_score +1·quality_score −1·amt_avg_1m_억
1.382203,2.3926508,1.0588341,0.7128149,3.4979832,0.8195593,0.47015023,-0.22413695,5,0.47015023,−1·value_score +1·turnaround_score −1·amt_avg_1m_억
2.271126,3.0862923,1.9962898,1.7485567,3.0040493,1.7831372,0.8091052,0.46332565,5,0.8091052,−1·value_score −1·reversal_score −1·amt_avg_1m_억
1.6466483,1.9068133,2.0009809,0.9273075,4.3531094,0.10055961,0.019284276,0.7675181,5,0.019284276,−1·value_score +1·reversal_score −1·amt_avg_1m_억
5.675209,4.4846673,9.639032,1.9853808,7.323856,1.9859017,6.309106,3.620227,5,1.9853808,−1·value_score −1·PBR −1·return_3m_%
5.410312,6.1479616,7.64387,1.8346078,9.195357,1.4248977,2.4248455,1.4897231,5,1.4248977,−1·value_score −1·PBR −1·vs_SMA200_%
0.5812356,0.54166603,0.36973226,0.8876574,-2.5992973,3.6657012,0.50392675,0.04821664,5,0.36973226,−1·value_score +1·PER −1·amt_avg_1m_억
2.3154385,2.9621418,2.4125881,1.506879,7.065514,1.3433369,0.6467151,0.4568905,5,0.6467151,−1·value_score −1·roe_value −1·amt_avg_1m_억
2.223391,2.6921318,2.4125881,1.4888583,6.930905,1.3559619,0.60630643,0.4036717,5,0.60630643,−1·value_score +1·roe_value −1·amt_avg_1m_억
2.3184257,2.4662948,2.9100528,1.4217807,6.7546344,1.3176848,0.7080027,0.70131254,5,0.7080027,−1·value_score −1·DIV −1·amt_avg_1m_억
1.801602,1.6834339,2.54917,0.992696,7.751389,2.77454,2.8726158,0.988815,5,0.992696,−1·value_score −1·amt_avg_1m_억 +1·distance_to_52w_low_%
3.929294,1.4773858,7.726786,1.7875803,7.7476325,2.154238,4.431804,2.7172458,5,1.4773858,−1·value_score −1·amt_avg_1m_억 −1·drawdown_52w_high_%
3.8328233,1.0668104,7.1992693,2.5636578,5.9450145,3.4974692,5.234535,2.8629637,5,1.0668104,−1·value_score −1·amt_avg_1m_억 −1·return_3m_%
3.1976528,0.95047706,6.1090837,1.9459871,7.061474,1.6146735,2.1498752,1.1288317,5,0.95047706,−1·value_score −1·amt_avg_1m_억 −1·vs_SMA200_%
1.5323411,2.3522453,1.2017646,1.074414,4.5131483,2.0938444,0.0071831467,0.6643544,5,0.0071831467,−1·value_score −1·amt_avg_1m_억 +1·RSI
4.472608,1.6499288,8.427729,2.5278034,7.689211,2.4858608,0.091634244,0.06536428,5,0.091634244,+1·value_score −1·drawdown_52w_high_% −1·return_3m_%
1.4609765,1.6854144,1.2326133,1.5079658,0.6119629,1.1225927,0.1484833,-0.14729317,5,0.1484833,+1·value_score −1·return_3m_% +1·return_1m_%
2.324636,0.24597771,5.0397944,1.1392617,6.177711,1.4182162,1.3630038,0.70098495,5,0.24597771,+1·value_score −1·return_3m_% +1·vs_SMA200_%
0.64110696,0.28192273,0.8314765,0.78477824,0.4543571,1.7436004,0.22628695,0.3441728,5,0.22628695,+1·quality_score −1·turnaround_score −1·oversold_component
2.6181526,1.4015931,3.7687232,2.472533,4.0949426,3.3342035,3.8883219,1.7095157,5,1.4015931,+1·quality_score −1·turnaround_score −1·return_3m_%
0.7870743,1.1512,0.16082731,1.1829994,0.7150119,0.86742467,0.0640139,-0.22157232,5,0.0640139,+1·quality_score −1·supply_score_v2 −1·oversold_component
1.3310289,0.04439532,2.2285094,1.5762267,1.7137202,0.5170911,0.02836393,-0.25016114,5,0.02836393,−1·quality_score +1·DIV −1·return_3m_%
0.7917501,0.21386792,1.0397656,1.0957305,1.804687,0.8761173,2.3742537,1.1773466,5,0.21386792,+1·quality_score −1·DIV −1·vs_SMA200_%
1.7068785,2.996897,1.8579029,0.14745311,4.7999945,0.97398305,0.34149563,-0.17320077,5,0.14745311,+1·quality_score −1·amt_avg_1m_억 +1·distance_to_52w_low_%
3.44819,2.3822818,5.7183137,1.7430654,7.5487123,2.7241197,0.49349645,0.5812709,5,0.49349645,+1·quality_score −1·amt_avg_1m_억 −1·return_3m_%
4.766052,1.1506535,10.100649,1.9391665,6.8260107,0.9064086,1.5359097,1.5595284,5,0.9064086,−1·quality_score −1·drawdown_52w_high_% −1·return_3m_%
4.3033667,0.76121664,9.153986,2.0036278,4.291538,0.9342285,1.2970452,0.45266452,5,0.76121664,−1·quality_score −1·return_3m_% −1·vs_SMA200_%
0.6682159,0.9036109,0.34406248,0.8232999,-1.844179,2.0939603,0.11473738,-0.0151266055,5,0.11473738,+1·quality_score +1·return_1m_% +1·RSI
0.8504784,1.2124174,0.50504893,0.89770466,1.7200335,0.009160638,1.4903334,0.5560582,5,0.009160638,+1·quality_score −1·vs_SMA200_% −1·RSI
2.689465,2.2496138,4.2489777,1.2074172,4.2488313,1.4452367,0.048032068,-0.7085876,5,0.048032068,−1·turnaround_score −1·reversal_score −1·return_3m_%
2.023167,1.0072229,3.4769585,1.2853686,3.3458552,2.4909315,0.0022156518,0.081431866,5,0.0022156518,+1·turnaround_score −1·oversold_component −1·vs_SMA200_%
3.9178495,5.7594743,4.65137,1.0442253,4.274263,1.1917403,0.38877296,0.27797458,5,0.38877296,−1·turnaround_score −1·PER −1·vs_SMA200_%
3.1131828,1.2660046,6.0120244,1.4522578,5.339467,2.3793452,1.142667,0.22598422,5,1.142667,−1·turnaround_score −1·roe_value −1·return_3m_%
2.938177,0.6285186,5.956141,1.6197343,5.2069755,2.3793454,1.142667,0.22598422,5,0.6285186,−1·turnaround_score +1·roe_value −1·return_3m_%
1.069608,0.14290243,1.8930506,1.0249295,1.7239327,1.4411721,0.24534073,-0.55515385,5,0.14290243,−1·turnaround_score −1·roe_value −1·vs_SMA200_%
3.2037034,0.09226524,7.24094,1.4630612,4.480388,0.9432727,1.1126105,0.42304432,5,0.09226524,−1·turnaround_score −1·DIV −1·return_3m_%
1.9091629,0.5032371,3.295608,1.6699024,3.7457724,1.8580731,1.9697499,0.6466899,5,0.5032371,+1·turnaround_score +1·DIV −1·return_3m_%
3.4474168,3.8001642,4.0204134,2.3563757,5.773271,0.64270425,1.3099934,0.27788928,5,0.64270425,+1·turnaround_score −1·amt_avg_1m_억 −1·drawdown_52w_high_%
2.7670205,3.3349564,2.602626,2.369082,3.8375292,0.71769226,1.239998,0.69046164,5,0.71769226,+1·turnaround_score −1·amt_avg_1m_억 −1·return_3m_%
2.9210255,0.021156998,6.5160346,1.5083722,6.0261025,0.39046258,0.45451364,0.39544928,5,0.021156998,−1·turnaround_score −1·drawdown_52w_high_% −1·return_3m_%
2.458586,1.9277074,3.978785,1.1223946,2.6279044,0.65411496,0.94259095,-0.034056872,5,0.65411496,−1·turnaround_score −1·drawdown_52w_high_% −1·vs_SMA200_%
0.80079734,0.6951175,0.36259466,1.4608356,-0.74865675,1.4285014,3.354929,1.5329595,5,0.36259466,+1·turnaround_score −1·return_3m_% +1·return_1m_%
2.609215,1.0817457,5.1386776,1.070324,5.0905786,1.3490872,0.7967855,0.1697402,5,0.7967855,−1·turnaround_score −1·return_3m_% −1·vs_SMA200_%
3.6660445,1.5739244,7.44281,1.1679608,3.3184862,0.608656,0.29222915,-0.2039833,5,0.29222915,−1·turnaround_score −1·return_3m_% −1·RSI
2.0398562,3.2848263,1.1373985,1.8451483,2.8985488,1.906467,0.6963905,-0.81389713,5,0.6963905,+1·turnaround_score +1·return_1m_% −1·vs_SMA200_%
1.5268084,0.60946935,3.1979525,0.41255024,0.4654831,0.09528848,0.45174205,-0.47086453,5,0.09528848,−1·turnaround_score −1·vs_SMA200_% −1·RSI
1.5183482,0.8679166,2.8544931,0.53925014,0.24999052,0.6061324,0.30388615,-0.5259819,5,0.30388615,−1·reversal_score +1·supply_score_v2 −1·vs_SMA200_%
2.524673,0.3676681,4.6428556,2.168763,2.6860135,1.0255909,0.92203295,0.86415595,5,0.3676681,+1·reversal_score −1·supply_score_v2 −1·vs_SMA200_%
0.8562904,0.12861855,1.3184185,1.0517814,1.4381723,2.0065706,0.5034709,1.1173059,5,0.12861855,+1·reversal_score −1·oversold_component −1·vs_SMA200_%
2.522558,0.99685645,4.4136705,1.7797246,0.8179139,2.0106373,1.405503,-0.34750926,5,0.99685645,−1·reversal_score −1·roe_value −1·vs_SMA200_%
2.3091378,0.63671535,4.4136705,1.4554205,0.9597484,2.0106373,1.405503,-0.34750926,5,0.63671535,−1·reversal_score +1·roe_value −1·vs_SMA200_%
1.9797022,0.52554154,2.8000777,2.499278,0.55113,3.177703,0.24841665,-0.20165105,5,0.24841665,−1·reversal_score +1·DIV −1·return_3m_%
3.7898245,6.8718114,2.2451255,2.4460871,3.6722348,1.0367488,0.49704087,0.10056203,5,0.49704087,−1·reversal_score −1·amt_avg_1m_억 −1·drawdown_52w_high_%
3.9819248,7.0160604,2.8024075,2.2325532,2.932643,1.8570769,0.09731406,-0.02995967,5,0.09731406,−1·reversal_score −1·amt_avg_1m_억 −1·return_3m_%
3.7522984,3.8690689,5.409127,1.5571961,3.985179,0.8848,0.12479631,1.5188913,5,0.12479631,+1·reversal_score −1·amt_avg_1m_억 −1·return_3m_%
2.1259232,0.9684067,2.8918853,2.3983312,0.44769195,1.157571,0.0014765245,-1.0909474,5,0.0014765245,−1·reversal_score −1·distance_to_52w_low_% −1·vs_SMA200_%
1.3739356,1.4243805,1.4512317,1.2237179,-0.3530558,1.3315654,0.30458486,-0.14571528,5,0.30458486,−1·reversal_score +1·drawdown_52w_high_% −1·return_3m_%
0.46007276,0.53971016,0.36677903,0.49207485,-0.22730407,0.30247584,1.2460259,0.6905983,5,0.30247584,+1·reversal_score +1·drawdown_52w_high_% −1·return_3m_%
2.2594545,0.7941065,4.292036,1.2756605,1.1490059,1.3446258,2.236183,0.05162708,5,0.7941065,−1·reversal_score −1·drawdown_52w_high_% −1·vs_SMA200_%
2.4244277,0.82416105,5.0437665,0.8505372,2.019013,1.7640244,0.38353455,0.2822064,5,0.38353455,−1·reversal_score −1·vs_SMA200_% +1·inst_20d_억
1.3256427,0.5379871,1.716059,1.6745064,0.43522474,3.0377538,0.082250156,0.96604276,5,0.082250156,−1·supply_score_v2 −1·oversold_component −1·vs_SMA200_%
3.4655402,0.5628358,6.826429,2.3485496,3.735442,0.6302467,3.656067,1.3807298,5,0.5628358,−1·supply_score_v2 −1·PER −1·return_3m_%
3.2820148,0.19898069,6.5029917,2.53152,4.355853,0.63435435,2.8671663,1.4208096,5,0.19898069,−1·supply_score_v2 −1·PER −1·vs_SMA200_%
1.6783113,0.5923372,2.7469082,1.4964118,1.2661897,2.111934,1.2955556,0.5395023,5,0.5923372,+1·supply_score_v2 +1·DIV −1·return_3m_%
0.53967583,0.0012875164,1.0579154,0.46391395,1.6824564,1.9104947,1.0621958,0.83588296,5,0.0012875164,−1·supply_score_v2 −1·drawdown_52w_high_% +1·return_1m_%
3.396776,0.13150375,7.0928755,2.246005,5.276558,0.98375404,4.060807,2.0845087,5,0.13150375,−1·supply_score_v2 −1·drawdown_52w_high_% −1·vs_SMA200_%
0.9904418,1.0997477,0.5651962,1.4058611,-0.6789033,1.6152784,2.6203322,1.1181318,5,0.5651962,−1·supply_score_v2 −1·return_3m_% +1·return_1m_%
2.9580297,2.0164669,5.0607023,1.3300993,2.9986267,0.83731735,1.9216174,1.7443161,5,0.83731735,−1·supply_score_v2 −1·vs_SMA200_% +1·inst_20d_억
1.5132468,1.143357,1.8096571,1.535742,1.5621344,3.044511,1.3117973,0.8046059,5,1.143357,−1·oversold_component +1·DIV −1·return_3m_%
1.6323619,0.99918556,2.3764153,1.3750453,2.1061876,2.195632,0.75619525,0.6150153,5,0.75619525,−1·oversold_component −1·DIV −1·vs_SMA200_%
3.464573,0.3112388,7.1923027,2.1553276,3.6035695,1.9499838,2.34668,1.5136203,5,0.3112388,−1·oversold_component −1·return_3m_% −1·RSI
1.287336,2.342442,0.3515849,1.3359749,-0.56651694,0.2703852,0.9596443,-0.10227901,5,0.2703852,+1·oversold_component +1·return_1m_% −1·vs_SMA200_%
1.4586759,0.8679094,2.4359388,0.864786,1.4772625,0.698509,0.5837318,-0.12305313,5,0.5837318,−1·oversold_component −1·vs_SMA200_% −1·RSI
1.1646917,0.5604739,1.6811384,1.1611149,4.072507,0.27662084,0.9634085,-0.0637722,5,0.27662084,+1·PBR −1·PER −1·amt_avg_1m_억
2.9226391,1.6924545,3.8259912,3.1005204,5.212672,2.3522165,1.6420116,0.99373037,5,1.6420116,−1·PBR +1·PER −1·drawdown_52w_high_%
2.2856183,1.1041582,3.2036793,2.393344,3.170604,3.174002,1.4682024,0.5791559,5,1.1041582,−1·PBR +1·PER −1·return_3m_%
0.9309398,0.27421665,1.5654131,0.8356166,2.1105857,1.154477,0.8804498,-0.074170075,5,0.27421665,+1·PBR −1·DIV −1·amt_avg_1m_억
3.3016772,2.2083316,5.0303063,2.3025706,8.331207,0.60285556,1.0125494,1.0592086,5,0.60285556,−1·PBR +1·distance_to_52w_low_% −1·drawdown_52w_high_%
4.1869726,2.9121892,6.3772154,2.803627,7.725368,3.2984514,2.5934036,1.7921835,5,2.5934036,−1·PBR +1·distance_to_52w_low_% −1·return_3m_%
6.1372676,6.365395,8.806115,2.5588183,10.147286,2.3999786,0.62662596,1.0341073,5,0.62662596,−1·PBR −1·drawdown_52w_high_% −1·return_3m_%
2.4474707,5.985703,0.6260086,0.9649263,2.4853778,2.1887205,0.10892984,0.6119702,5,0.10892984,−1·PBR −1·drawdown_52w_high_% +1·return_1m_%
3.865612,3.455773,5.64327,2.0789924,7.1888976,1.075597,0.038262423,0.17601712,5,0.038262423,−1·PBR −1·drawdown_52w_high_% −1·foreign_20d_억
2.419116,5.8802342,0.25842208,1.4425464,0.5652126,2.3520086,0.36791667,0.32645264,5,0.25842208,−1·PBR −1·return_3m_% +1·return_1m_%
2.7454562,1.3536431,4.854371,1.5881122,3.6841972,2.093973,0.95374286,0.60956234,5,0.95374286,−1·PBR −1·return_3m_% +1·vs_SMA200_%
3.0214453,2.5677366,4.7820916,1.3027035,3.617627,1.7240602,0.33426705,-0.10442489,5,0.33426705,−1·PBR −1·return_3m_% +1·foreign_20d_억
1.631931,0.74194574,2.5925384,1.3767807,3.5323105,0.2540208,0.6793341,-0.21291561,5,0.2540208,−1·PBR −1·return_3m_% −1·inst_20d_억
2.4575474,3.1328363,2.082398,2.2089896,1.4850934,2.44047,0.9193893,0.24781322,5,0.9193893,+1·PER −1·amt_avg_1m_억 −1·drawdown_52w_high_%
2.5949502,3.4230983,2.0494914,2.396865,1.7677237,2.6519606,1.1477956,0.06683407,5,1.1477956,+1·PER −1·amt_avg_1m_억 −1·return_3m_%
2.7989192,1.0948372,6.3759456,0.1382193,1.6543019,0.4072346,1.6449825,1.349357,5,0.1382193,−1·PER −1·vs_SMA200_% +1·inst_20d_억
3.231295,0.49269283,7.2163544,1.1597365,2.951967,0.7148229,4.1920705,1.8441349,5,0.49269283,−1·roe_value −1·DIV −1·vs_SMA200_%
3.3238564,0.51641846,7.2163544,1.4411371,2.866894,0.7148229,4.1892586,1.8441349,5,0.51641846,+1·roe_value −1·DIV −1·vs_SMA200_%
5.558868,9.156752,5.2283573,2.1492572,8.363569,1.2904577,1.0351286,0.13038416,5,1.0351286,−1·DIV −1·amt_avg_1m_억 −1·drawdown_52w_high_%
5.435993,8.877527,4.919791,2.4246125,8.348856,1.6419286,1.2200868,0.44585684,5,1.2200868,−1·DIV −1·amt_avg_1m_억 −1·vs_SMA200_%
1.6321725,1.8955632,0.9823063,2.1646528,-0.4271421,3.1409826,0.31068233,0.99495345,5,0.31068233,+1·DIV −1·drawdown_52w_high_% +1·return_1m_%
3.6745074,1.3773681,7.838739,0.9099287,2.9407985,0.46068704,5.0170493,2.7856824,5,0.46068704,−1·DIV −1·drawdown_52w_high_% −1·vs_SMA200_%
1.9657918,0.55977803,3.5106876,1.5285612,2.6722615,2.6718981,0.7148204,0.609421,5,0.55977803,+1·DIV −1·return_3m_% +1·RSI
1.0792272,1.5250686,0.5555508,1.2601168,0.6178048,1.424636,0.10001048,-0.67776537,5,0.10001048,−1·DIV +1·return_1m_% −1·vs_SMA200_%
3.7280607,5.437132,3.734483,1.9041442,9.392165,1.0758158,4.2368097,1.916221,5,1.0758158,−1·amt_avg_1m_억 +1·distance_to_52w_low_% −1·drawdown_52w_high_%
4.708959,5.61718,5.4500685,2.8175879,8.181534,3.9029744,3.6324215,2.292888,5,2.8175879,−1·amt_avg_1m_억 +1·distance_to_52w_low_% −1·return_3m_%
3.0174882,1.9848626,4.055586,2.8170316,5.3488774,0.88840044,0.18817978,0.5313346,5,0.18817978,−1·amt_avg_1m_억 +1·distance_to_52w_low_% −1·return_1m_%
4.154019,7.3617105,3.1245928,2.032628,8.540826,2.3778493,1.0203706,0.07704493,5,1.0203706,−1·amt_avg_1m_억 +1·distance_to_52w_low_% −1·vs_SMA200_%
5.1062407,6.4852843,6.5219026,1.8714297,5.0069275,0.6534331,2.2217875,1.8345224,5,0.6534331,−1·amt_avg_1m_억 −1·drawdown_52w_high_% −1·return_3m_%
3.7838566,9.96154,0.5561856,1.2546561,2.7412379,1.3354399,0.30299917,-0.09472281,5,0.30299917,−1·amt_avg_1m_억 −1·drawdown_52w_high_% +1·return_1m_%
4.9692163,8.066464,4.9903555,1.6519661,6.2177725,0.26664144,1.5645518,0.6251938,5,0.26664144,−1·amt_avg_1m_억 −1·drawdown_52w_high_% −1·vs_SMA200_%
5.239357,7.7189555,5.124945,2.747799,9.144028,1.7672893,0.4952172,0.55117077,5,0.4952172,−1·amt_avg_1m_억 −1·drawdown_52w_high_% −1·foreign_20d_억
4.8543572,7.3033533,6.2673235,0.48609176,7.232735,0.2794204,0.03975944,0.60178137,5,0.03975944,−1·amt_avg_1m_억 −1·drawdown_52w_high_% +1·inst_20d_억
6.21605,4.3158283,10.994043,2.262544,8.026349,0.5072563,1.1324899,1.7277883,5,0.5072563,−1·amt_avg_1m_억 −1·return_3m_% −1·return_1m_%
6.0325036,9.13195,6.886561,1.6717671,8.336489,0.77364546,0.50277704,0.6112216,5,0.50277704,−1·amt_avg_1m_억 −1·return_3m_% −1·vs_SMA200_%
5.431997,7.8725605,5.9582644,2.1810646,8.59971,2.1601834,0.30599442,0.5063863,5,0.30599442,−1·amt_avg_1m_억 −1·return_3m_% −1·foreign_20d_억
3.6335685,6.037307,3.512968,1.2303445,1.2592905,1.2770364,1.6878384,1.8168751,5,1.2303445,−1·amt_avg_1m_억 −1·return_3m_% +1·foreign_20d_억
5.2307763,7.2208385,6.792897,1.1636829,5.667672,2.6596777,0.17397578,0.7652524,5,0.17397578,−1·amt_avg_1m_억 −1·return_3m_% +1·inst_20d_억
4.0294013,8.383675,3.1789973,0.46599257,4.567985,0.12750244,0.104618706,-0.20143278,5,0.104618706,−1·amt_avg_1m_억 −1·vs_SMA200_% +1·foreign_20d_억
3.7910974,3.77381,5.8508024,1.2348311,2.921644,0.012619151,0.12482619,-0.39030862,5,0.012619151,−1·distance_to_52w_low_% −1·drawdown_52w_high_% −1·vs_SMA200_%
3.406184,1.7938936,6.1852465,1.6454148,4.8500185,1.7939175,0.6740801,0.2549711,5,0.6740801,+1·drawdown_52w_high_% −1·return_3m_% −1·vs_SMA200_%
1.5388824,2.2436883,0.50532454,2.0819736,-0.3255808,2.6996095,0.70327276,-0.41401324,5,0.50532454,−1·drawdown_52w_high_% +1·return_1m_% −1·vs_SMA200_%
2.9534993,0.768332,6.6203623,0.6916641,2.3764782,0.9599461,2.0417373,1.5331291,5,0.6916641,−1·drawdown_52w_high_% −1·vs_SMA200_% +1·inst_20d_억
1.1476252,2.411184,0.3096459,0.85256875,-1.0911797,0.6024767,2.641203,1.1460792,5,0.3096459,−1·return_3m_% +1·return_1m_% −1·RSI
0.6559802,1.2998211,0.062760845,0.7134237,-2.467411,2.263756,0.0040400205,0.15957315,5,0.0040400205,+1·return_1m_% −1·vs_SMA200_% +1·inst_20d_억
1.0659742,0.7885283,1.2396318,1.143689,0.7168485,1.0777807,0.07977562,0.14985971,5,0.07977562,v30 −0.5·oversold_component [amt_avg_1m_억 하위20% 제외]
1.6719979,0.5536287,2.4999654,1.8253047,1.1531535,1.8270438,0.03857389,0.4504482,5,0.03857389,v30 −0.5·oversold_component [drawdown_52w_high_% 상위20% 제외]
1.2918744,0.042361666,2.5410035,1.0580703,0.4943561,1.4331431,0.09872364,0.1515503,5,0.042361666,v30 +0.5·RSI [drawdown_52w_high_% 하위20% 제외]
1.2563574,0.90391743,1.4149712,1.4325573,0.6447876,0.8160131,0.12900378,0.8650768,5,0.12900378,v30 −0.5·oversold_component [return_3m_% 상위20% 제외]
1.5599704,0.3047771,2.3158555,1.9487567,1.2242454,0.018956635,0.02672651,0.11482543,5,0.018956635,v30 [vs_SMA200_% 상위20% 제외]
1.5520229,0.2476331,2.3158555,1.9831462,1.1120157,0.018956635,0.02672651,0.11482543,5,0.018956635,v30 −0.5·roe_value [vs_SMA200_% 상위20% 제외]
1.599407,0.29831555,2.3158555,2.0862563,1.2815155,0.018956635,0.02672651,0.11482543,5,0.018956635,v30 +0.5·roe_value [vs_SMA200_% 상위20% 제외]
0.7951303,0.21969369,0.0946842,2.2820892,-1.2804219,0.6347053,1.0299034,0.3831583,5,0.0946842,v30 −0.5·DIV [vs_SMA200_% 상위20% 제외]
0.51181555,0.13330068,0.2194475,1.2794478,-0.3380333,0.03254124,0.16211902,-0.2689085,5,0.03254124,v30 [RSI 하위20% 제외]
0.47593063,0.016440531,0.2194475,1.2847428,-0.42861667,0.03254124,0.16211902,-0.2689085,5,0.016440531,v30 −0.5·roe_value [RSI 하위20% 제외]
7.3208213,11.933109,7.050026,2.7587574,10.268929,-0.6550217,-1.6844504,-0.8158521,3,-1.6844504,−1·PBR −1·PER −1·drawdown_52w_high_%
7.135315,10.026118,8.621614,2.2059622,10.67838,1.6538674,-0.9615476,-0.45483562,4,-0.9615476,−1·PBR −1·DIV −1·return_3m_%
7.1340075,12.751462,6.790339,1.5950451,9.000341,0.5545345,-1.4300911,-1.1660632,4,-1.4300911,−1·PBR −1·PER −1·return_3m_%
6.8601484,11.806482,6.542108,2.002218,9.827406,-0.14924262,0.08870014,-0.004105369,4,-0.14924262,−1·PER −1·amt_avg_1m_억 −1·return_3m_%
6.779582,9.428567,7.0392585,3.6404402,11.46477,0.66749126,-1.0545952,-0.6515923,4,-1.0545952,−1·PBR −1·DIV −1·drawdown_52w_high_%
6.3716593,7.521227,9.302541,1.486644,8.499767,1.5787889,-1.146865,-0.18547952,4,-1.146865,−1·PBR −1·return_3m_% +1·inst_20d_억
6.217594,8.344083,8.057565,1.6582355,11.808296,0.8337033,-1.5781335,-0.8857722,4,-1.5781335,−1·quality_score −1·PBR −1·return_3m_%
6.0914617,9.723871,6.0698423,2.259049,8.927686,1.2337341,-0.53311086,0.45678696,4,-0.53311086,−1·DIV −1·amt_avg_1m_억 −1·return_3m_%
5.9773803,2.989707,9.718245,4.4757004,10.1385975,-1.083228,-1.6914374,-0.8673506,3,-1.6914374,−1·PBR −1·drawdown_52w_high_% −1·return_1m_%
5.976202,10.167686,5.7016783,1.8659037,9.32541,-0.47693503,0.5171428,0.20158756,4,-0.47693503,−1·PER −1·amt_avg_1m_억 −1·vs_SMA200_%
5.974723,9.843277,6.94925,0.64622205,5.7543907,-0.5315091,-0.6574565,0.5221958,3,-0.6574565,−1·quality_score −1·amt_avg_1m_억 −1·return_3m_%
5.946096,5.0953355,9.074713,2.9392595,7.3271666,-1.6973901,0.053891428,1.061521,4,-1.6973901,−1·amt_avg_1m_억 −1·drawdown_52w_high_% −1·return_1m_%
5.8798776,8.059182,5.8373265,3.6175582,7.5519853,-0.70689565,-2.680771,-1.0354537,3,-2.680771,−1·PBR −1·drawdown_52w_high_%
5.839827,7.978484,5.8373265,3.5706308,7.5659885,-0.70689565,-2.6585681,-1.0192456,3,-2.6585681,−1·PBR −1·roe_value −1·drawdown_52w_high_%
5.8132415,8.233769,6.812471,1.9923941,7.0583777,1.727694,-1.3154346,-0.8780157,4,-1.3154346,−1·PBR −1·return_3m_% −1·vs_SMA200_%
5.753782,6.1316032,8.385633,2.062529,6.293371,-1.1915889,-2.0616024,-0.06364075,3,-2.0616024,−1·PER −1·amt_avg_1m_억 −1·return_1m_%
5.708279,12.307243,4.0003557,0.8317823,6.9150705,-0.37305647,-1.515296,-0.9263249,3,-1.515296,−1·PBR −1·PER −1·vs_SMA200_%
5.6755757,8.978831,6.0800695,1.6602552,8.238392,-0.9534006,0.39229748,-0.16087532,4,-0.9534006,−1·PER −1·amt_avg_1m_억 −1·drawdown_52w_high_%
5.6645236,11.102781,4.0806494,1.8662171,5.1780167,-0.5618565,-2.5166478,-1.0537058,3,-2.5166478,−1·PBR −1·amt_avg_1m_억 −1·drawdown_52w_high_%
5.6284094,5.6626186,8.549802,1.9403237,6.1255646,-0.9895864,0.87605995,0.34237203,4,-0.9895864,+1·oversold_component −1·amt_avg_1m_억 −1·return_3m_%
5.624221,8.706657,6.353444,1.4375994,6.9289665,0.012458324,-1.7186096,-0.8848381,4,-1.7186096,−1·PBR −1·drawdown_52w_high_% −1·vs_SMA200_%
5.5682735,6.5364985,6.532531,3.3342097,12.35799,-1.3984301,-1.6164916,-0.38838425,3,-1.6164916,−1·quality_score −1·PBR −1·drawdown_52w_high_%
5.552811,7.6298943,5.8373265,2.9902642,7.828911,-0.70689565,-2.680771,-1.0354537,3,-2.680771,−1·PBR +1·roe_value −1·drawdown_52w_high_%
5.5240893,6.0992246,7.534632,2.3998277,6.023326,-0.6275593,-2.840849,-0.8941284,3,-2.840849,−1·PBR −1·drawdown_52w_high_% +1·inst_20d_억
5.4822664,13.0630245,1.9371685,1.8590839,3.6436691,0.077817254,-2.585089,-1.2952255,4,-2.585089,−1·PBR −1·amt_avg_1m_억 −1·vs_SMA200_%
5.4732213,11.1866255,3.8228855,1.4656428,7.910228,-1.1898607,-1.9642863,-1.322939,3,-1.9642863,−1·PER −1·amt_avg_1m_억 −1·foreign_20d_억
5.464811,11.589915,2.8720021,2.1979008,3.679841,0.27617955,-2.3799527,-1.3422918,4,-2.3799527,−1·PBR −1·amt_avg_1m_억 −1·return_3m_%
5.4492483,8.090444,6.0715647,1.8650815,5.8394866,0.7086528,-1.505216,-0.16312993,4,-1.505216,−1·roe_value −1·amt_avg_1m_억 −1·return_3m_%
5.4382257,13.596999,2.068556,0.98161596,5.6566763,-0.60682833,-1.9253683,-0.6360184,3,-1.9253683,−1·PER −1·amt_avg_1m_억
5.436004,8.670002,5.53451,1.8767517,6.577105,-1.3618407,-0.5458501,0.32616416,3,-1.3618407,−1·quality_score −1·amt_avg_1m_억 −1·drawdown_52w_high_%
5.428637,13.605172,2.037147,0.98043066,5.6197486,-0.60682833,-1.9200432,-0.6360184,3,-1.9200432,−1·PER −1·roe_value −1·amt_avg_1m_억
5.3913217,10.390647,4.3097715,1.4314806,8.632455,1.5901805,-0.6065551,-0.25253156,4,-0.6065551,−1·PBR −1·DIV −1·vs_SMA200_%
5.370358,8.272971,5.6149836,1.9805527,6.094637,0.2733668,-1.5102378,-0.6918401,4,-1.5102378,−1·turnaround_score −1·PBR −1·drawdown_52w_high_%
5.3449674,5.9503117,6.005272,3.8764055,7.9480667,0.93457055,-0.08347111,-0.2752656,4,-0.08347111,+1·value_score −1·DIV −1·drawdown_52w_high_%
5.3145537,7.5002346,6.1118484,1.9956486,5.700963,0.7086528,-1.505216,-0.16312993,4,-1.505216,−1·amt_avg_1m_억 −1·return_3m_%
5.312707,6.064187,6.771,2.691389,5.735488,-0.59538925,-2.084726,-0.51411766,3,-2.084726,−1·roe_value −1·amt_avg_1m_억 −1·return_1m_%
5.30908,5.811856,7.3349013,2.2426062,6.9651055,0.10607295,-0.43213257,-0.26019445,4,-0.43213257,+1·oversold_component −1·PBR −1·return_3m_%
5.2751503,4.179925,7.817672,3.2606788,7.6630564,-1.9294853,-0.9739096,0.17944717,3,-1.9294853,+1·oversold_component −1·PBR −1·drawdown_52w_high_%
5.2649064,9.111424,5.6978683,0.6367801,5.685875,0.3690887,-2.313271,-0.9929984,4,-2.313271,−1·PBR −1·vs_SMA200_% +1·inst_20d_억
5.25402,6.61638,6.7995424,1.8746138,5.6356053,-1.4985044,0.8836407,0.5633502,4,-1.4985044,+1·oversold_component −1·amt_avg_1m_억 −1·drawdown_52w_high_%
5.2400618,9.201365,4.666485,1.7481449,6.5848083,-0.52725387,-2.516386,-0.78684527,3,-2.516386,−1·value_score −1·PBR −1·DIV
5.237579,13.199323,2.068556,0.7395024,5.64567,-0.60682833,-1.9253683,-0.6360184,3,-1.9253683,−1·PER +1·roe_value −1·amt_avg_1m_억
5.225431,3.7723756,9.447426,1.491812,8.731224,1.0150877,-0.44797316,-0.4332025,4,-0.44797316,−1·PBR −1·return_3m_% −1·return_1m_%
5.1916957,7.2437525,6.1046844,1.8701508,5.4890394,0.7086528,-1.505216,-0.16312993,4,-1.505216,+1·roe_value −1·amt_avg_1m_억 −1·return_3m_%
5.1788006,12.584577,2.1621797,1.0809374,5.39405,-0.8167861,-2.6418629,-1.1649241,3,-2.6418629,−1·value_score −1·PBR −1·amt_avg_1m_억
5.149329,3.2243323,7.407193,4.372313,8.110844,-0.47885984,-2.3738034,-1.1480486,3,-2.3738034,−1·PBR −1·DIV −1·return_1m_%
5.1340685,10.098816,3.8683133,1.4412162,6.757972,-0.28287777,-2.7329512,-1.636542,3,-2.7329512,−1·PBR −1·roe_value −1·vs_SMA200_%
5.1314564,10.305168,3.8683133,1.2133169,6.824353,-0.28287777,-2.723073,-1.636542,3,-2.723073,−1·PBR −1·vs_SMA200_%
5.118116,6.9993877,6.390416,1.5288906,7.3051014,0.15540081,-1.1163557,-0.6810375,4,-1.1163557,−1·PBR −1·roe_value −1·return_3m_%
5.088172,6.845938,6.390416,1.592742,7.24225,0.15540081,-1.1163557,-0.6810375,4,-1.1163557,−1·PBR −1·return_3m_%
5.039906,4.657276,7.943937,1.8164126,7.7166495,-0.2991051,-1.5891477,-1.0074275,3,-1.5891477,−1·PBR −1·return_1m_% −1·vs_SMA200_%
5.031622,0.833741,8.938405,4.6083922,8.187574,-0.61283785,-2.5132735,-1.6995219,3,-2.5132735,−1·quality_score −1·PBR −1·return_1m_%
5.0240126,7.8661437,5.234941,1.7405896,7.426382,0.04516265,-0.33236623,-0.037665445,4,-0.33236623,−1·roe_value −1·amt_avg_1m_억 −1·drawdown_52w_high_%
5.0168357,5.2137346,5.5250177,4.1724057,8.02048,0.88979965,-0.98192495,-0.24974759,4,-0.98192495,−1·supply_score_v2 −1·PBR −1·drawdown_52w_high_%
5.01494,6.4788613,6.390416,1.7401791,7.1471004,0.15540081,-1.1163557,-0.6810375,4,-1.1163557,−1·PBR +1·roe_value −1·return_3m_%
5.0099263,5.569169,6.7572885,2.2315257,5.702403,-0.5953891,-2.084726,-0.51411766,3,-2.084726,−1·amt_avg_1m_억 −1·return_1m_%
4.9822526,5.8418465,7.2227707,1.2682868,6.958664,-0.6203058,0.16150959,0.79136926,4,-0.6203058,−1·amt_avg_1m_억 −1·return_1m_% −1·vs_SMA200_%
4.962511,9.808145,3.8683133,1.181773,6.684946,-0.28287777,-2.7329512,-1.636542,3,-2.7329512,−1·PBR +1·roe_value −1·vs_SMA200_%
4.9563465,8.847965,5.0878096,0.6571735,5.566079,-2.376523,-1.8800502,-1.2483593,3,-2.376523,−1·quality_score +1·oversold_component −1·amt_avg_1m_억
4.9187374,5.4808807,6.7572885,2.0232694,5.5489826,-0.51951903,-2.084726,-0.51411766,3,-2.084726,+1·roe_value −1·amt_avg_1m_억 −1·return_1m_%
4.8912086,11.8017025,2.3061137,0.78017926,8.475631,-1.0091763,-1.6298494,-0.8037898,3,-1.6298494,−1·PER −1·amt_avg_1m_억 +1·distance_to_52w_low_%
4.8854766,8.038662,4.1968637,2.3959823,7.8268,2.4861307,-0.083715044,0.42562738,4,-0.083715044,−1·amt_avg_1m_억 −1·vs_SMA200_% −1·foreign_20d_억
4.862812,1.8394988,8.393721,3.661447,6.8989835,1.1055623,-1.3197306,-0.5442806,4,-1.3197306,+1·value_score −1·roe_value −1·drawdown_52w_high_%
4.861838,2.7629323,9.270445,1.5811651,8.397944,0.372725,-0.7983367,-0.810141,4,-0.7983367,+1·value_score −1·PER −1·return_3m_%
4.8538494,4.042259,7.9493957,1.8467311,5.5569263,-1.0666318,-2.0163867,-0.62710804,3,-2.0163867,−1·quality_score −1·amt_avg_1m_억 −1·return_1m_%
4.8532186,11.06716,2.8435903,0.76294297,7.2245955,-0.3155545,-1.734476,-0.75327414,3,-1.734476,−1·PER −1·DIV −1·amt_avg_1m_억
4.84578,9.406899,3.9554386,1.1125164,4.59466,-2.0916245,-0.63967365,-0.39702693,3,-2.0916245,+1·oversold_component −1·PER −1·amt_avg_1m_억
4.8448296,-1.1015651,12.2504225,1.9058849,6.7796817,-0.43443912,-0.841104,-0.37860224,2,-1.1015651,−1·quality_score −1·PER −1·return_3m_%
4.843626,9.51085,4.2449617,0.63303304,3.8572762,-1.2874641,-1.0401846,-0.2612622,3,-1.2874641,−1·quality_score −1·amt_avg_1m_억 −1·vs_SMA200_%
4.8252764,5.9736004,6.104373,2.006312,5.2312884,-1.3685327,-1.7798231,0.8623252,3,-1.7798231,−1·DIV −1·amt_avg_1m_억 −1·return_1m_%
4.8191485,7.747158,4.153515,2.540181,5.4182305,-0.66542804,-2.8168359,-1.4811789,3,-2.8168359,−1·PBR −1·amt_avg_1m_억 −1·return_1m_%
4.8187723,7.3744025,5.1652536,1.6703153,7.2440176,0.07263427,-0.35542417,-0.035727262,4,-0.35542417,−1·amt_avg_1m_억 −1·drawdown_52w_high_%
4.8176694,1.9603395,8.412198,3.3604226,7.012942,1.1055623,-1.3197306,-0.54428065,4,-1.3197306,+1·value_score −1·drawdown_52w_high_%
4.814512,10.976723,2.9968,0.5393042,5.777594,-1.9491258,-2.1462548,-0.6507552,3,-2.1462548,−1·quality_score −1·PER −1·amt_avg_1m_억
4.800228,0.832109,10.054722,2.4482381,6.751378,-1.7947421,-2.7629397,-1.1631202,3,-2.7629397,−1·quality_score −1·PER −1·drawdown_52w_high_%
4.7832556,3.3970127,7.537758,2.81301,6.720989,-1.8719697,-1.7187111,-0.5407872,3,-1.8719697,−1·PBR −1·drawdown_52w_high_% −1·RSI
4.763853,7.8487334,4.5991316,1.6920698,4.3468785,-0.72235066,0.29938886,0.10367537,4,-0.72235066,+1·oversold_component −1·amt_avg_1m_억 −1·vs_SMA200_%
4.7566204,6.622207,5.665312,1.6385695,2.6036274,0.46169868,-0.92596805,-0.35179874,4,-0.92596805,+1·supply_score_v2 −1·PBR −1·return_3m_%
4.755494,2.7558715,8.051076,2.7606196,8.171232,-0.22581922,-1.3008431,-1.0312897,3,-1.3008431,+1·value_score −1·PER −1·drawdown_52w_high_%
4.744252,5.204861,6.5057974,2.0529222,6.316688,0.3403468,-1.2235134,-0.5389354,4,-1.2235134,−1·PBR −1·return_3m_% −1·RSI
4.736297,2.9402235,8.738223,1.6422205,4.3819137,-0.20014559,-0.4341959,-0.23872502,3,-0.4341959,−1·distance_to_52w_low_% −1·drawdown_52w_high_% −1·return_3m_%
4.7352915,8.514661,4.5033793,1.009599,6.9312005,0.040199067,-3.2763555,-1.8545047,4,-3.2763555,−1·quality_score −1·PBR −1·vs_SMA200_%
4.7198043,1.7939167,8.393721,3.236165,7.1172757,1.1055623,-1.3337659,-0.57932407,4,-1.3337659,+1·value_score +1·roe_value −1·drawdown_52w_high_%
4.7065873,6.435344,5.44571,1.9458785,5.964712,-0.7142607,-2.2715204,-1.2976103,3,-2.2715204,−1·PBR −1·distance_to_52w_low_% −1·drawdown_52w_high_%
4.691937,6.084883,4.9392285,2.902817,2.608231,0.4887288,-1.8407038,-0.72984236,4,-1.8407038,+1·value_score −1·amt_avg_1m_억 −1·drawdown_52w_high_%
4.6836386,5.3597445,6.1257057,2.1626894,4.977542,-1.7570212,-1.1906378,-0.2965137,3,-1.7570212,+1·oversold_component −1·amt_avg_1m_억 −1·return_1m_%
4.6684914,14.265047,-0.29598814,0.6777508,5.089109,0.0756329,-2.1651704,-0.8519707,3,-2.1651704,−1·PBR −1·DIV −1·amt_avg_1m_억
4.6549125,7.2876544,4.5213127,2.024624,8.175075,1.2139467,-1.6800674,-0.8528538,4,-1.6800674,−1·PBR +1·distance_to_52w_low_% −1·vs_SMA200_%
4.6534815,9.518822,3.0389466,1.5022209,4.485449,-1.1881943,-3.2267094,-1.6506519,3,-3.2267094,−1·value_score −1·PBR −1·PER
4.6494966,6.8310227,5.2631216,1.5645955,7.0637746,0.07263427,-0.35542417,-0.035727262,4,-0.35542417,+1·roe_value −1·amt_avg_1m_억 −1·drawdown_52w_high_%
4.642582,6.1891418,5.589088,1.8162317,2.496654,-0.23465344,-2.425437,-1.340717,3,-2.425437,−1·amt_avg_1m_억 −1·distance_to_52w_low_% −1·return_3m_%
4.632386,5.725829,4.996354,3.0156465,5.5402226,-0.4822075,-1.2820295,-0.40663517,3,-1.2820295,+1·reversal_score −1·PBR −1·drawdown_52w_high_%
4.6066866,13.122415,0.46951294,0.7301937,6.5044837,-0.32475796,-1.8337946,-0.44330525,3,-1.8337946,−1·DIV −1·amt_avg_1m_억 −1·foreign_20d_억
4.5904408,3.8766592,8.528716,0.42599013,4.487713,0.69504917,-0.92949605,0.19085546,4,-0.92949605,−1·distance_to_52w_low_% −1·return_3m_% +1·inst_20d_억
4.583404,8.047141,4.1149335,1.4887731,4.7958,1.0694864,-1.9847686,-1.0453997,4,-1.9847686,+1·reversal_score −1·PBR −1·vs_SMA200_%
4.5734854,6.451315,4.39326,2.8035734,8.224383,-0.45884147,-3.9097626,-1.8660682,3,-3.9097626,−1·quality_score −1·PBR −1·DIV
4.55694,11.956602,1.4652956,0.5593544,9.015632,0.6671817,-0.81900793,-0.4522214,4,-0.81900793,−1·DIV −1·amt_avg_1m_억 +1·distance_to_52w_low_%
4.5537314,5.9578943,5.951383,1.3147439,5.558819,-0.2131791,-1.5792549,-1.2370411,3,-1.5792549,−1·PBR −1·distance_to_52w_low_% −1·return_3m_%
4.5279326,6.376076,4.847165,2.1652389,3.532539,0.020851532,-1.9835917,-1.0259355,4,-1.9835917,−1·amt_avg_1m_억 −1·distance_to_52w_low_% −1·drawdown_52w_high_%
4.5152535,5.282537,6.731926,0.92917395,3.721285,-0.78330106,0.40580893,0.08666178,4,-0.78330106,−1·amt_avg_1m_억 −1·drawdown_52w_high_% −1·RSI
4.4986463,4.9862537,5.8955717,2.2344105,6.160237,-1.28663,-2.4011517,-1.4352411,3,-2.4011517,−1·PBR −1·PER −1·return_1m_%
4.4817343,5.889386,5.82547,1.3064361,4.3039064,-0.037315685,0.12345586,-0.13113593,4,-0.037315685,−1·amt_avg_1m_억 −1·return_3m_% −1·RSI
4.480167,6.9572716,4.067694,2.3638308,6.458309,-0.1961016,-2.5691047,-1.052584,3,-2.5691047,−1·PBR −1·DIV +1·inst_20d_억
4.4708233,5.883673,4.7467237,2.6247916,7.7906337,-2.060357,-2.8326075,-1.7789501,3,-2.8326075,−1·quality_score +1·oversold_component −1·PBR
4.464951,7.6856833,3.7597268,1.924453,4.6921377,-0.31424597,-1.6963962,-0.6833003,3,-1.6963962,−1·PER −1·amt_avg_1m_억 −1·inst_20d_억
4.4457335,6.527294,4.2693577,2.4545453,4.413462,1.9817243,-0.7240437,0.13382135,4,-0.7240437,−1·supply_score_v2 −1·amt_avg_1m_억 −1·return_3m_%
4.4455833,-0.38597628,10.432613,2.0953262,5.458894,0.045319755,1.3832256,1.8143791,4,-0.38597628,−1·PER −1·drawdown_52w_high_% −1·return_3m_%
4.4366345,4.590891,5.8041415,2.5633523,6.8582253,0.6784009,-1.9458066,-0.6863675,4,-1.9458066,+1·value_score −1·drawdown_52w_high_% +1·inst_20d_억
4.4302363,8.540994,2.9578366,1.9030571,1.1750321,1.6575937,-2.4948442,-1.2839152,4,-2.4948442,−1·turnaround_score −1·amt_avg_1m_억 −1·return_3m_%
4.4075193,10.735006,1.6180222,1.1714369,6.4256463,0.084110804,-1.8928086,-0.15271004,4,-1.8928086,−1·supply_score_v2 −1·DIV −1·amt_avg_1m_억
4.375314,2.263617,7.682978,2.4844124,6.832624,-0.06572194,2.4024024,2.573644,4,-0.06572194,−1·value_score −1·PBR −1·drawdown_52w_high_%
4.3621764,1.088781,9.120119,1.8927281,5.0448546,-0.43420184,-0.41312167,-0.08001677,3,-0.43420184,−1·PER −1·distance_to_52w_low_% −1·drawdown_52w_high_%
4.360585,1.3452408,9.524382,1.109642,4.363121,-0.28721347,-0.09533027,-0.35207167,3,-0.28721347,−1·PER −1·distance_to_52w_low_% −1·return_3m_%
4.355318,8.529653,2.6492534,2.0526705,5.0366483,1.1282567,-0.6397782,-0.049176496,4,-0.6397782,−1·roe_value −1·amt_avg_1m_억 −1·vs_SMA200_%
4.3532767,5.078531,5.674915,1.9306488,3.555832,-0.07994017,-1.5574168,-0.52627295,3,-1.5574168,v30 −0.7·PBR −0.7·amt_avg_1m_억 −0.7·drawdown_52w_high_%
4.3492236,5.325468,4.4595428,3.174064,5.782079,0.597822,-1.1128782,-0.032553714,4,-1.1128782,−1·reversal_score −1·PBR −1·drawdown_52w_high_%
4.3445807,6.6613855,4.7378016,1.3914517,5.026889,-0.7699905,-1.8062679,-0.9344745,3,-1.8062679,+1·oversold_component −1·PBR −1·vs_SMA200_%
4.3438835,-1.7814578,11.964534,1.3262424,5.666627,2.6708393,1.1770983,1.9109262,4,-1.7814578,−1·quality_score −1·return_3m_% +1·inst_20d_억
4.3365097,10.276875,2.768209,-0.0147530995,7.1575303,-2.1965759,-2.4592154,-0.6220052,2,-2.4592154,−1·quality_score −1·DIV −1·amt_avg_1m_억
4.3321347,6.1862435,4.23789,2.4799504,6.0410314,1.2906498,-1.08411,-0.6916153,4,-1.08411,−1·supply_score_v2 −1·PBR −1·return_3m_%
4.3280716,8.520957,2.6492534,1.9716554,4.9345546,1.172775,-0.6397782,-0.049176496,4,-0.6397782,−1·amt_avg_1m_억 −1·vs_SMA200_%
4.3137727,-2.0966885,11.596451,2.02154,7.140731,1.1612458,0.70299774,1.0460433,4,-2.0966885,−1·quality_score −1·return_3m_%
4.2951307,6.131096,4.406537,2.2051601,5.6669493,-2.7356393,-2.1601744,-0.8912799,3,-2.7356393,+1·oversold_component −1·PBR −1·DIV
4.2805915,5.0078697,6.0711513,1.2696574,5.463352,0.85414743,-0.7588059,-0.061677117,4,-0.7588059,+1·reversal_score −1·PBR −1·return_3m_%
4.261516,5.9852843,5.3959455,1.0119747,5.967279,0.026954638,-1.1800423,-1.4671093,4,-1.1800423,+1·value_score −1·PER −1·vs_SMA200_%
4.2599664,2.2625966,8.51708,1.0607823,5.2269263,-0.026470847,-1.6259376,-0.19253872,3,-1.6259376,−1·amt_avg_1m_억 −1·return_1m_% +1·inst_20d_억
4.247165,12.249651,0.29254788,0.68779814,2.9069235,-0.8216579,-2.1425927,-1.5516624,3,-2.1425927,−1·PBR −1·PER −1·amt_avg_1m_억
4.245404,2.2087307,7.7718,2.0013726,7.8471394,0.98107785,-1.4537113,-1.0935806,4,-1.4537113,+1·value_score −1·quality_score −1·return_3m_%
4.2398353,9.685642,2.3781881,0.78072333,2.3009558,1.0290856,-2.0254562,-1.1219159,4,-2.0254562,−1·turnaround_score −1·PBR −1·vs_SMA200_%
4.238211,9.606126,2.1612573,1.1309923,4.119432,-2.2375674,-0.5548385,0.43917093,3,-2.2375674,+1·oversold_component −1·DIV −1·amt_avg_1m_억
4.206103,12.329281,0.24059816,0.5321051,4.5627584,-1.3682739,-3.0205564,-1.6416515,3,-3.0205564,−1·quality_score −1·PBR −1·amt_avg_1m_억
4.204915,4.625908,5.952354,1.5733116,5.05469,-0.7832256,0.6869905,-0.20167518,4,-0.7832256,−1·amt_avg_1m_억 −1·return_3m_% −1·inst_20d_억
4.19944,8.548205,2.4431512,1.7742383,4.9204636,-0.34416977,-1.3147058,-0.47990355,3,-1.3147058,−1·supply_score_v2 −1·PER −1·amt_avg_1m_억
4.1832366,3.7626157,5.8832006,2.50519,5.388613,0.23281781,-2.0442538,-1.4096521,4,-2.0442538,+1·value_score −1·distance_to_52w_low_% −1·drawdown_52w_high_%
4.1756124,4.922829,4.592232,2.8609211,5.888313,1.5808606,-0.061119635,0.35983977,4,-0.061119635,−1·supply_score_v2 −1·amt_avg_1m_억 −1·drawdown_52w_high_%
4.1566887,4.5641427,5.8542366,1.601833,4.229504,-0.1305762,-1.2374561,-0.5521978,3,-1.2374561,v30 −0.3·PBR −0.7·amt_avg_1m_억 −0.7·drawdown_52w_high_%
4.1445546,-2.5073774,11.555338,1.9487536,6.9439893,1.0937673,0.70299774,1.0460433,4,-2.5073774,−1·quality_score −1·roe_value −1·return_3m_%
4.1389823,11.261978,0.9361347,0.5743544,3.6179028,-0.19559444,-2.1813936,-1.1321197,3,-2.1813936,−1·PER −1·amt_avg_1m_억 +1·foreign_20d_억
4.1368403,-2.7764752,11.596451,2.157727,6.9441395,1.1612458,0.70299774,1.0460433,4,-2.7764752,−1·quality_score +1·roe_value −1·return_3m_%
4.131386,-2.3106437,10.478206,3.0425184,5.9335666,-2.2080743,-0.17932945,-0.52456266,2,-2.3106437,−1·quality_score +1·oversold_component −1·drawdown_52w_high_%
4.1254253,8.079836,2.6492534,1.7690816,4.796992,1.172775,-0.6397782,-0.049176496,4,-0.6397782,+1·roe_value −1·amt_avg_1m_억 −1·vs_SMA200_%
4.1120505,-1.8594161,10.647295,2.2876794,4.0183706,-0.8627863,3.9349158,1.7062598,3,-1.8594161,+1·oversold_component −1·DIV −1·return_3m_%
4.11061,3.1612215,5.6004667,3.2570152,7.885821,-0.27666783,-1.0537367,-1.1452996,3,-1.0537367,+1·value_score −1·quality_score −1·drawdown_52w_high_%
4.099154,8.785866,2.4181192,1.2208173,4.6197762,-0.50510883,-3.182592,-1.6276501,3,-3.182592,−1·value_score −1·PBR −1·roe_value
4.0939584,3.1923916,7.1115074,1.279935,3.6001844,-0.68018126,0.81733465,0.3343685,4,-0.68018126,−1·quality_score −1·drawdown_52w_high_% −1·vs_SMA200_%
4.0765214,3.5672152,6.5783033,1.4904343,3.7318826,0.23999198,-0.5420899,0.18603264,4,-0.5420899,−1·turnaround_score −1·PER −1·return_3m_%
4.070279,6.217619,3.7582555,2.1787605,6.113577,1.6944633,-1.4860461,-0.99763626,4,-1.4860461,−1·supply_score_v2 −1·PBR −1·vs_SMA200_%
4.070077,3.748557,4.8717985,3.4095395,3.8565228,0.008367724,-1.6542486,-0.7448411,4,-1.6542486,+1·value_score −1·PBR −1·drawdown_52w_high_%
4.0520716,-0.98572093,9.723749,2.315128,9.999653,-1.5834936,-0.6289146,0.4798652,2,-1.5834936,−1·quality_score −1·drawdown_52w_high_%
4.046477,3.0742214,7.7562494,0.44228435,5.254957,-0.41791824,-0.2916609,-0.76387197,3,-0.41791824,−1·quality_score −1·vs_SMA200_%
4.042921,5.58997,5.008758,1.1918874,3.7156742,1.1310912,-1.192656,-0.89521104,4,-1.192656,−1·turnaround_score −1·PBR −1·return_3m_%
4.0397086,8.892499,2.4181192,0.9106063,4.7089458,-0.50510883,-3.182592,-1.6276501,3,-3.182592,−1·value_score −1·PBR
4.035611,2.9665465,7.7562494,0.5206965,5.242154,-0.39254212,-0.2916609,-0.76387197,3,-0.39254212,−1·quality_score −1·roe_value −1·vs_SMA200_%
4.0350947,-0.97081083,9.723749,2.2430513,9.8718195,-1.5834936,-0.6289146,0.4798652,2,-1.5834936,−1·quality_score −1·roe_value −1·drawdown_52w_high_%
4.0329456,9.029676,1.8843629,1.4096467,5.4197793,0.5421449,-2.001745,-0.6364351,4,-2.001745,+1·reversal_score −1·DIV −1·amt_avg_1m_억
4.032688,8.856754,2.2573712,1.1262646,2.4436934,-0.3587221,-1.5796832,-1.0410125,3,-1.5796832,−1·PBR −1·vs_SMA200_% +1·foreign_20d_억
4.0199265,8.579657,2.4181192,1.177473,4.768773,-0.50510883,-3.182592,-1.6276501,3,-3.182592,−1·value_score −1·PBR +1·roe_value
4.009966,6.5904884,3.3349662,2.1119092,4.31473,-1.8605618,-3.1382027,-1.3098944,3,-3.1382027,−1·quality_score −1·PBR +1·inst_20d_억
4.0084805,11.467018,0.21300296,0.82813334,3.0122902,-1.0396467,-3.0435054,-1.6813084,3,-3.0435054,−1·turnaround_score −1·PER −1·amt_avg_1m_억
4.006546,-1.363483,11.164953,0.7641928,4.438323,0.50141495,0.5037444,1.6223903,4,-1.363483,−1·PER −1·return_3m_% +1·inst_20d_억
4.0017753,3.349283,7.048804,0.88626295,2.7762642,-0.53828305,-1.1300873,0.15672554,3,-1.1300873,−1·distance_to_52w_low_% −1·drawdown_52w_high_% +1·inst_20d_억
3.9978185,2.652803,6.976579,1.7034477,3.9611878,-0.9856408,-1.1542833,-0.20522153,3,-1.1542833,+1·reversal_score −1·distance_to_52w_low_% −1·drawdown_52w_high_%
3.9907906,-0.81207776,8.060433,4.006785,8.8497,-1.1323378,-1.0275513,-0.71954936,2,-1.1323378,+1·value_score −1·drawdown_52w_high_% −1·return_1m_%
3.9888792,5.2823124,3.8530087,2.7844455,3.9963543,2.0507333,-0.8440603,0.004633268,4,-0.8440603,−1·supply_score_v2 −1·amt_avg_1m_억 −1·vs_SMA200_%
3.978271,-2.075878,10.636849,2.08758,4.8884683,-0.04304128,0.54734015,-0.27367482,3,-2.075878,−1·quality_score +1·oversold_component −1·return_3m_%
3.968356,-1.2914633,9.852129,2.2021964,4.346858,-0.056127507,3.8377507,1.586459,3,-1.2914633,+1·oversold_component −1·drawdown_52w_high_% −1·return_3m_%
3.9566455,2.6005375,7.7562494,0.6480063,5.2875524,-0.41791824,-0.2916609,-0.76387197,3,-0.41791824,−1·quality_score +1·roe_value −1·vs_SMA200_%
3.9495928,2.7123158,6.3931704,2.2097244,6.287919,2.517888,-0.45017973,-0.13712195,4,-0.45017973,+1·value_score −1·return_3m_% +1·inst_20d_억
3.9421184,1.5391737,6.4396577,3.3733203,6.374776,-0.9421551,-1.2741383,-0.48415962,3,-1.2741383,+1·value_score +1·oversold_component −1·drawdown_52w_high_%
3.9375668,9.909536,-0.5003954,3.1398058,5.091264,-0.26421118,-2.7906857,-1.6857518,2,-2.7906857,−1·quality_score +1·turnaround_score −1·PBR
3.936711,10.490714,1.4760956,0.04885412,4.0151367,-1.8099208,-3.0069604,-1.857294,3,-3.0069604,−1·quality_score −1·amt_avg_1m_억
3.9363935,8.324833,1.2605957,2.6184258,4.537847,-0.38791344,-2.8962831,-1.1755958,3,-2.8962831,−1·PBR −1·DIV
3.9132035,6.051327,5.01163,0.26841313,2.6486456,-1.5782117,-0.9364337,-0.29873124,3,-1.5782117,+1·oversold_component −1·amt_avg_1m_억 +1·inst_20d_억
3.907607,8.876255,1.7561442,1.3177509,3.662466,-1.3794371,-2.2005215,-1.06035,3,-2.2005215,−1·PBR −1·DIV −1·foreign_20d_억
3.9042993,1.4107349,8.419458,0.90976155,5.925203,-0.10698841,2.7540867,1.1536516,4,-0.10698841,−1·PER −1·roe_value −1·vs_SMA200_%
3.9032915,7.805918,0.71521133,3.7418501,5.0832825,-0.12338996,-2.322466,-1.4708608,3,-2.322466,v30 −0.7·quality_score −0.7·supply_score_v2 −0.7·PBR
3.9016747,1.4107349,8.419458,0.90106714,5.925203,-0.10698841,2.7540867,1.1536516,4,-0.10698841,−1·PER −1·vs_SMA200_%
3.8981931,3.865391,5.8368263,1.5097492,3.7339892,-0.9529817,-1.3737321,-0.72808415,3,-1.3737321,−1·distance_to_52w_low_% −1·drawdown_52w_high_%
3.8961225,8.349826,1.2605957,2.4584723,4.5561514,-0.38791344,-2.8962831,-1.1755958,3,-2.8962831,−1·PBR −1·roe_value −1·DIV
3.8936422,10.441982,1.3465989,0.11983491,4.0676746,-1.8099208,-3.0069604,-1.857294,3,-3.0069604,−1·quality_score −1·roe_value −1·amt_avg_1m_억
3.8935738,8.038493,0.9584001,3.158562,3.046978,0.08687128,-2.0021062,-1.3121053,4,-2.0021062,+1·turnaround_score −1·PBR −1·DIV
3.8882654,7.665969,2.834413,1.1917665,5.376241,1.411986,-0.7494138,-0.70220065,4,-0.7494138,+1·value_score −1·DIV −1·vs_SMA200_%
3.8841763,1.2247343,7.164163,2.6098514,4.966047,2.2325032,-0.60812014,-0.24572165,4,-0.60812014,+1·value_score −1·roe_value −1·return_3m_%
3.8819237,8.263152,1.2994828,2.45492,4.5261354,-0.38791344,-2.8962831,-1.1755958,3,-2.8962831,−1·PBR +1·roe_value −1·DIV
3.8792794,-0.9091052,9.733845,1.6487314,5.4497147,0.9837833,3.6882834,2.4826694,4,-0.9091052,−1·PER −1·return_3m_% −1·vs_SMA200_%
3.8784986,2.4235284,6.515733,2.1278615,4.4323564,-0.2120711,-1.6345001,-0.5150506,3,-1.6345001,v30 −0.7·PBR −0.3·amt_avg_1m_억 −0.7·drawdown_52w_high_%
3.8783765,0.47353756,7.31989,3.1941254,6.286506,-0.54247254,-2.261861,-1.0007111,3,-2.261861,−1·PBR −1·return_1m_% +1·inst_20d_억
3.8689616,-2.726175,9.215277,4.1934013,2.763201,-0.7212789,-1.3324202,-0.7705137,2,-2.726175,−1·distance_to_52w_low_% −1·drawdown_52w_high_% −1·return_1m_%
3.863277,-1.342112,9.66937,2.1363854,4.8000655,0.996027,4.633774,3.170872,4,-1.342112,−1·DIV −1·drawdown_52w_high_% −1·return_3m_%
3.8616343,-6.580029,11.740617,5.107176,6.771303,-1.3485137,-1.9185919,-0.99833775,2,-6.580029,−1·quality_score −1·drawdown_52w_high_% −1·return_1m_%
3.8606927,5.6804914,3.4284172,2.4675002,5.7048745,1.8356773,-0.806586,-0.38657963,4,-0.806586,−1·reversal_score −1·PBR −1·return_3m_%
3.8452873,8.015044,2.111978,1.5815566,4.5497117,-1.6375192,-3.4183002,-1.6506344,3,-3.4183002,−1·PBR −1·PER −1·DIV
3.8403153,-0.3686048,8.9249115,1.956547,3.895732,0.83662367,-1.2804309,0.15337189,3,-1.2804309,+1·supply_score_v2 −1·PER −1·return_3m_%
3.835388,3.815421,4.949318,2.4641898,0.33673146,0.9285184,-1.8039987,-0.9646444,4,-1.8039987,+1·value_score −1·amt_avg_1m_억 −1·return_3m_%
3.8274534,-2.0570052,9.47231,3.0236173,7.9706297,-1.6164786,-0.904309,-0.019077102,2,-2.0570052,−1·quality_score −1·DIV −1·drawdown_52w_high_%
3.8164287,8.119635,1.431399,2.2255604,5.6785426,-1.1797861,-2.3635232,-1.3277532,3,-2.3635232,−1·supply_score_v2 −1·PBR −1·DIV
3.8138237,4.4844804,4.296502,2.4979045,6.0928783,-0.023685548,-2.1350188,-0.6931793,3,-2.1350188,+1·value_score −1·DIV +1·inst_20d_억
3.8095472,1.0654681,7.1497,2.549942,5.044674,2.2325032,-0.60812014,-0.24572165,4,-0.60812014,+1·value_score −1·return_3m_%
3.8077297,1.6630533,7.4531336,1.5296919,3.7345965,-0.43896866,0.04733506,-0.25643298,4,-0.43896866,−1·turnaround_score +1·oversold_component −1·return_3m_%
3.8070593,10.097542,0.5905816,1.1440213,4.057386,-0.4149848,-1.5057708,-1.3087717,3,-1.5057708,−1·reversal_score −1·PER −1·amt_avg_1m_억
3.8015363,7.8776093,1.7058799,2.0902798,1.7277529,1.233981,-2.522254,-0.8626192,4,-2.522254,−1·turnaround_score −1·amt_avg_1m_억 −1·drawdown_52w_high_%
3.7948396,2.7440467,6.8741164,1.0622114,8.294498,1.6747229,-0.5428472,0.29704228,4,-0.5428472,+1·quality_score −1·amt_avg_1m_억 −1·drawdown_52w_high_%
3.7907164,3.5549679,5.8589067,1.4559575,3.4089847,-1.1583982,-1.3737321,-0.72808415,3,-1.3737321,−1·roe_value −1·distance_to_52w_low_% −1·drawdown_52w_high_%
3.7796054,-1.4100182,9.469639,2.1810389,4.7532353,-0.7035925,3.9953663,1.7305312,3,-1.4100182,+1·oversold_component −1·return_3m_%
3.765127,3.4952486,5.15061,2.3200192,3.6629417,0.34361327,-1.3534033,-0.57607394,4,-1.3534033,v30 +0.3·value_score −0.7·amt_avg_1m_억 −0.7·drawdown_52w_high_%
3.7587252,-1.5761504,9.723749,1.9707503,9.86924,-1.5834936,-0.6289146,0.4798652,2,-1.5834936,−1·quality_score +1·roe_value −1·drawdown_52w_high_%
3.7550755,10.122864,1.4175478,-0.088788755,4.0261383,-1.8077626,-3.0107992,-1.857294,2,-3.0107992,−1·quality_score +1·roe_value −1·amt_avg_1m_억
3.7538924,2.0899074,7.3531356,1.0228221,2.5708036,0.25436422,-0.09320789,-0.5689854,4,-0.09320789,−1·distance_to_52w_low_% −1·return_3m_% −1·vs_SMA200_%
3.7505298,1.0451769,8.419458,0.78880465,5.928988,-0.10698841,2.7540867,1.1536516,4,-0.10698841,−1·PER +1·roe_value −1·vs_SMA200_%
3.7474647,6.365639,3.4531105,1.3335978,3.2415123,1.2071137,-1.3618228,-0.066179134,4,-1.3618228,−1·amt_avg_1m_억 −1·vs_SMA200_% +1·inst_20d_억
3.7463272,3.5398602,5.8589067,1.324969,3.8535388,-1.077812,-1.3715732,-0.7215106,3,-1.3715732,+1·roe_value −1·distance_to_52w_low_% −1·drawdown_52w_high_%
3.7460523,3.7458863,4.6999326,2.5538788,5.241019,0.8582542,-0.9450117,0.3012345,4,-0.9450117,−1·supply_score_v2 −1·amt_avg_1m_억 −1·return_1m_%
3.7324495,11.092946,-0.3807008,1.0533596,5.4050756,-0.23025554,-1.3701696,-0.7049641,2,-1.3701696,−1·quality_score −1·amt_avg_1m_억 +1·distance_to_52w_low_%
3.7320886,9.13412,1.0856558,1.30047,4.7347813,-2.4600477,-2.2501519,-1.3309356,3,-2.4600477,−1·amt_avg_1m_억 −1·drawdown_52w_high_% +1·return_3m_%
3.7291205,-3.1879883,11.017224,1.9684212,4.000842,1.0834303,1.2619056,1.306443,4,-3.1879883,−1·PER −1·roe_value −1·return_3m_%
3.7283728,2.3699393,6.2950616,1.9633477,6.220876,1.3207003,-0.23651631,-0.8601115,4,-0.23651631,+1·value_score −1·DIV −1·return_3m_%
3.7191927,6.328666,3.1794355,1.621324,2.4786186,0.3689872,-1.4426229,-0.39548063,4,-1.4426229,+1·supply_score_v2 −1·PBR −1·drawdown_52w_high_%
3.71678,5.851925,3.588698,1.6082884,3.5119486,-1.273534,-0.19718516,0.17293696,3,-1.273534,−1·amt_avg_1m_억 −1·drawdown_52w_high_% −1·inst_20d_억
3.715418,0.90002465,7.1753564,2.3818526,4.981032,2.2325032,-0.60812014,-0.24572165,4,-0.60812014,+1·value_score +1·roe_value −1·return_3m_%
3.7137966,4.68056,4.5067034,1.6954782,5.2021923,-0.14532685,0.14414012,0.95264864,4,-0.14532685,+1·reversal_score −1·amt_avg_1m_억 −1·drawdown_52w_high_%
3.7066014,10.992297,-0.6903827,1.4617811,2.2970502,0.12836832,-2.0115612,-1.1569134,3,-2.0115612,−1·amt_avg_1m_억 +1·return_3m_% −1·vs_SMA200_%
3.706469,-3.2154531,11.017224,1.9225693,3.9812965,1.0834303,1.2619056,1.306443,4,-3.2154531,−1·PER −1·return_3m_%
3.7004232,5.726705,3.204492,2.1674132,6.394966,1.7965022,-1.3057618,-1.0192477,4,-1.3057618,−1·PBR −1·vs_SMA200_% −1·foreign_20d_억
3.698444,6.6279354,3.7221234,0.5562626,2.7024763,0.07384917,-1.6308177,-1.0651876,4,-1.6308177,v30 −0.7·PBR −0.7·amt_avg_1m_억 −0.7·vs_SMA200_%
3.6978543,5.3239083,3.3308225,2.428961,4.1947985,1.496218,-1.3916668,-0.6111767,4,-1.3916668,+1·turnaround_score −1·PBR −1·return_3m_%
3.6927364,-3.301271,11.017224,1.9682622,3.988206,1.0834303,1.2619056,1.306443,4,-3.301271,−1·PER +1·roe_value −1·return_3m_%
3.6893394,3.3597698,5.451072,1.8373423,2.9376087,-0.22013451,-2.6610959,-1.6938206,3,-2.6610959,−1·amt_avg_1m_억 −1·distance_to_52w_low_% −1·return_1m_%
3.688734,0.7233162,7.9204116,1.5498931,3.5810058,-2.437034,-0.33786258,-0.6393873,3,-2.437034,+1·oversold_component −1·distance_to_52w_low_% −1·drawdown_52w_high_%
3.6828003,-3.712533,11.49208,1.7787405,3.267231,-0.5558265,1.5941668,1.5366879,3,-3.712533,−1·PER −1·DIV −1·return_3m_%
3.6657841,-0.012006662,7.9124246,2.2651358,7.399934,1.2182832,-0.49457958,-0.48587143,3,-0.49457958,+1·value_score −1·return_3m_% −1·return_1m_%
3.662835,11.637735,-0.30967203,0.15513825,5.1051,-1.0668201,-1.3872782,0.31277573,2,-1.3872782,−1·roe_value −1·DIV −1·amt_avg_1m_억
3.661347,2.6402357,4.596011,3.57795,4.2293234,0.7687979,-1.177324,-0.87644476,4,-1.177324,+1·turnaround_score −1·PBR −1·drawdown_52w_high_%
3.6593018,3.5694065,4.84339,2.2747047,5.4647903,1.0640177,-0.59011763,-0.43904635,4,-0.59011763,v30 −0.7·amt_avg_1m_억 −0.7·drawdown_52w_high_% +0.3·RSI
3.6575253,4.39797,4.5954714,1.6983725,6.5039716,-0.35037583,-0.6322666,-0.59480053,3,-0.6322666,v30 −0.7·PER −0.7·amt_avg_1m_억 −0.7·drawdown_52w_high_%
3.657415,-1.4887381,9.463402,1.8677182,4.9207788,-0.7035925,3.9953663,1.7305312,3,-1.4887381,+1·oversold_component −1·roe_value −1·return_3m_%
3.6517262,5.187945,3.947063,1.6503211,3.873815,-0.76259387,-1.9376699,-1.1118286,3,-1.9376699,−1·PBR −1·drawdown_52w_high_% +1·foreign_20d_억
3.6457274,3.2561545,5.295871,1.9969683,6.7369814,1.3491274,-0.05000059,-0.15674612,4,-0.05000059,−1·PBR −1·return_3m_% −1·foreign_20d_억
3.6413486,4.898163,4.358482,1.4095666,4.5788207,-1.0794511,1.6347677,0.237294,4,-1.0794511,v30 −0.7·supply_score_v2 −0.7·DIV −0.7·vs_SMA200_%
3.6391778,4.1005535,4.2555323,2.3785226,5.1529293,0.5965123,-0.42385548,0.032669675,4,-0.42385548,v30 −0.3·reversal_score −0.7·amt_avg_1m_억 −0.7·drawdown_52w_high_%
3.6348128,-2.744115,9.852665,2.6401083,5.46541,-3.355223,-0.09808628,-0.5611555,2,-3.355223,−1·quality_score −1·drawdown_52w_high_% −1·RSI
3.6335752,6.9812603,2.0586505,2.0453115,4.4658237,-1.0583558,-3.8467107,-2.047296,3,-3.8467107,−1·quality_score −1·PBR −1·PER
3.6309388,1.7589194,7.2338905,1.1162717,3.3559794,-0.53400016,-1.3697978,-1.2149345,3,-1.3697978,−1·roe_value −1·distance_to_52w_low_% −1·return_3m_%
3.6301293,1.7495741,7.2220016,1.13838,3.248721,-0.49846438,-1.3697978,-1.2149345,3,-1.3697978,−1·distance_to_52w_low_% −1·return_3m_%
3.6298885,9.218424,1.6409699,0.17822134,2.5706134,-1.0947547,-3.0933323,-1.44461,3,-3.0933323,−1·quality_score −1·amt_avg_1m_억 +1·inst_20d_억
3.6222432,4.527622,3.4290707,2.9017425,2.2447228,-0.490142,-2.681161,-1.6495632,3,-2.681161,−1·quality_score −1·PBR +1·foreign_20d_억
3.619058,-2.6144717,10.781464,1.2891763,3.9755197,-1.2505546,3.5084028,1.7627195,3,-2.6144717,−1·DIV −1·return_3m_% −1·RSI
3.6177487,-0.67387605,8.753789,1.7575488,3.7592673,3.2705739,1.8891029,2.0967422,4,-0.67387605,−1·supply_score_v2 −1·return_3m_% +1·inst_20d_억
3.6114283,5.249691,4.163436,1.1807632,6.5471525,-0.028657543,-1.105627,-0.4840889,3,-1.105627,v30 −0.7·supply_score_v2 −0.3·vs_SMA200_% +0.7·inst_20d_억
3.603467,6.575933,3.1885855,0.963823,3.623518,-2.7931814,-2.2823033,-1.3406553,3,-2.7931814,+1·oversold_component −1·PBR −1·PER
3.6028008,-4.6351786,11.35489,2.6655428,5.221797,0.15417801,0.49583226,1.3537741,4,-4.6351786,−1·quality_score −1·drawdown_52w_high_% +1·inst_20d_억
3.5910363,10.989719,-0.56519985,0.9252317,4.1052675,0.065172166,-1.1968188,-0.24089175,3,-1.1968188,−1·reversal_score −1·DIV −1·amt_avg_1m_억
3.5909812,-1.2473762,6.8290353,4.684167,5.685823,-0.21624377,-1.3544079,-1.3781637,2,-1.3544079,+1·value_score −1·quality_score −1·return_1m_%
3.5842216,3.2554407,5.103656,2.0342572,4.5328135,0.9425996,-1.1755915,-0.5561702,4,-1.1755915,v30 −0.7·PBR −0.3·return_3m_% −0.7·vs_SMA200_%
3.5741801,-1.9191859,9.89033,1.5156949,4.418799,-3.2459474,2.2516363,0.93926173,3,-3.2459474,+1·oversold_component −1·roe_value −1·drawdown_52w_high_%
3.5704226,-0.5586484,6.315011,4.526824,4.7109637,1.1942041,-0.21343401,-0.53672105,3,-0.5586484,v30 −0.7·quality_score −0.7·supply_score_v2 −0.7·drawdown_52w_high_%
3.5621853,1.6432924,7.2220016,1.0262406,3.2683525,-0.49846438,-1.3697978,-1.2149345,3,-1.3697978,+1·roe_value −1·distance_to_52w_low_% −1·return_3m_%
3.5549479,6.5496855,1.767713,2.6070845,4.0891438,-0.51796913,-3.3601332,-1.6095929,3,-3.3601332,−1·quality_score −1·PBR
3.552592,-2.3616009,8.903565,3.1477072,3.2562966,0.2929209,1.1203048,0.30484366,4,-2.3616009,−1·quality_score −1·drawdown_52w_high_% +1·foreign_20d_억
3.5411477,-1.837033,9.459081,1.8580484,4.5626726,-0.7035925,3.9953663,1.7305312,3,-1.837033,+1·oversold_component +1·roe_value −1·return_3m_%
3.5405374,7.9146323,1.3732568,1.6021634,2.0568264,-1.0694436,-3.348767,-1.7994646,3,-3.348767,−1·quality_score +1·supply_score_v2 −1·PBR
3.539983,6.1911383,3.759967,0.44815302,3.1096127,-0.55372506,0.47739658,0.46483883,4,-0.55372506,−1·amt_avg_1m_억 −1·drawdown_52w_high_% +1·foreign_20d_억
3.539509,8.274641,0.4231388,2.403893,3.6591504,1.1591516,-1.3182362,0.0006945531,4,-1.3182362,−1·DIV −1·amt_avg_1m_억 +1·RSI
3.5393174,-4.512567,11.569775,2.0563715,6.538334,0.47513157,3.2323065,2.0880392,4,-4.512567,−1·drawdown_52w_high_% −1·return_3m_% −1·return_1m_%
3.538682,11.175701,-0.28202364,0.20023054,5.012896,-1.0668201,-1.3872782,0.31277573,2,-1.3872782,−1·DIV −1·amt_avg_1m_억
3.5368412,-1.8785268,9.89033,1.3488104,4.3053613,-3.2459474,2.2525375,0.94053847,3,-3.2459474,+1·oversold_component −1·drawdown_52w_high_%
3.5355484,-2.5784433,9.601887,2.4487429,2.5894685,-3.2523682,3.4672923,1.1309716,3,-3.2523682,+1·oversold_component −1·DIV −1·drawdown_52w_high_%
3.520989,4.858337,3.1541362,2.5586236,6.3567176,-0.17489621,-2.9342792,-1.8393798,3,-2.9342792,+1·value_score −1·quality_score −1·DIV
