rank,ticker,market,wu_score,n_universe,wu_b_score,wu_b_rank,name,sector,v3_bucket,mcap_조,lv63,nh252_%,mom12_%,r20d_%,amt20_억,foreign_5d_억,foreign_20d_억,inst_5d_억,inst_20d_억,top50,top10pct
1,055550,KOSPI,3.669,1212,1.777,21.0,신한지주,,,50.93,0.0278,-1.2,69.5,9.3,1573.5,-1170.7,-529.9,1930.3,1474.9,1,1
2,033780,KOSPI,3.651,1212,1.716,35.0,KT&G,담배,,19.13,0.0221,-2.5,47.7,-0.4,533.9,-15.9,226.6,208.3,-107.6,1,1
3,105560,KOSPI,3.585,1212,1.692,43.0,KB금융,,,60.65,0.0279,-1.3,40.9,11.0,2468.8,-2786.2,-2405.4,3744.5,3555.6,1,1
4,086790,KOSPI,3.55,1212,1.683,44.0,하나금융지주,,,33.56,0.0291,-7.3,42.5,3.7,1065.1,-735.8,63.2,1221.9,853.9,1,1
5,000810,KOSPI,3.498,1212,1.704,39.0,삼성화재,,,29.96,0.0342,-8.1,48.4,8.9,990.3,-17.0,343.7,87.0,-165.2,1,1
6,316140,KOSPI,3.472,1212,1.544,109.0,우리금융지주,,,22.35,0.023,-24.8,33.0,3.0,684.7,-101.7,418.0,471.5,303.7,1,1
7,138930,KOSPI,3.467,1212,1.595,84.0,BNK금융지주,,,5.56,0.0233,-20.8,37.6,6.9,211.9,-142.2,-719.3,273.9,1045.6,1,1
8,271560,KOSPI,3.465,1212,1.603,74.0,오리온,식료품,,5.55,0.0243,-3.9,23.2,5.9,187.1,31.4,546.9,90.9,-261.2,1,1
9,010950,KOSPI,3.455,1212,1.804,13.0,S-Oil,석유정제,,14.82,0.0394,-6.9,90.5,18.8,465.7,-171.7,481.2,914.8,500.1,1,1
10,139130,KOSPI,3.437,1212,1.63,61.0,iM금융지주,,,2.91,0.0257,-16.4,39.1,4.6,117.2,54.2,231.2,29.4,-122.1,1,1
11,161390,KOSPI,3.437,1212,1.792,17.0,한국타이어앤테크놀로지,고무·플라스틱,,9.04,0.0388,-3.8,81.4,3.4,282.4,-17.4,174.1,178.7,-80.0,1,1
12,078930,KOSPI,3.432,1212,1.753,27.0,GS,금융(은행),,7.3,0.0371,-4.3,59.7,8.3,250.3,-329.4,-68.1,469.2,230.8,1,1
13,417310,KOSPI,3.406,1212,1.798,15.0,,,,0.4,0.0115,-5.2,84.8,-0.9,12.9,1.8,-2.2,7.7,60.6,1,1
14,278470,KOSPI,3.402,1212,1.854,8.0,에이피알,화학,,14.43,0.0448,-16.0,171.3,-6.1,1150.8,-719.4,-1765.8,1028.9,1416.8,1,1
15,003690,KOSPI,3.393,1212,1.631,59.0,코리안리,보험,,2.43,0.028,-5.5,31.0,5.0,64.7,4.1,275.2,12.9,-223.4,1,1
16,005935,KOSPI,3.392,1212,1.883,4.0,삼성전자우,,,149.96,0.0492,-20.5,303.8,-2.4,9458.1,-1504.1,-6976.6,1663.0,2577.4,1,1
17,001450,KOSPI,3.39,1212,1.658,51.0,현대해상,,,3.24,0.0326,-8.0,37.9,1.1,195.8,-69.8,32.2,148.6,349.7,1,1
18,000270,KOSPI,3.379,1212,1.67,47.0,기아,자동차·부품,,61.22,0.0383,-23.9,65.8,-1.8,1881.3,795.2,1586.6,886.1,80.1,1,1
19,005940,KOSPI,3.365,1212,1.66,50.0,NH투자증권,,,10.92,0.0367,-21.8,53.2,0.5,259.7,-10.1,278.7,191.0,-124.3,1,1
20,028670,KOSPI,3.365,1212,1.617,69.0,팬오션,운수·물류,,2.76,0.0302,-16.6,37.5,0.6,116.6,-2.2,99.8,59.4,11.2,1,1
21,415640,KOSPI,3.364,1212,1.562,100.0,KB발해인프라,금융(은행),,1.32,0.0151,-3.7,14.8,14.5,17.5,50.9,80.5,-5.2,-13.0,1,1
22,000815,KOSPI,3.36,1212,1.589,89.0,삼성화재우,,,1.19,0.0204,-12.3,25.8,-1.2,62.3,51.8,299.7,8.4,6.1,1,1
23,024110,KOSPI,3.351,1212,1.398,211.0,기업은행,,,16.71,0.0176,-26.6,11.0,0.2,310.6,126.9,-155.9,118.3,688.5,1,1
24,005930,KOSPI,3.322,1212,1.886,3.0,삼성전자,반도체·전자부품,OBSERVE,1622.34,0.053,-23.4,434.9,-8.3,103332.3,-53916.0,-154859.2,-4369.8,3895.9,1,1
25,071055,KOSPI,3.318,1212,1.713,37.0,한국금융지주우,,,0.9,0.0324,-20.9,78.6,-4.6,32.4,6.4,-5.8,14.1,33.0,1,1
26,030200,KOSPI,3.317,1212,1.399,210.0,KT,통신,,13.96,0.0223,-19.6,2.7,-0.9,215.3,-4.6,-29.4,219.8,550.4,1,1
27,111770,KOSPI,3.292,1212,1.58,94.0,영원무역,도매,,3.78,0.0343,-12.9,24.0,9.3,71.0,-48.1,-5.5,95.8,54.2,1,1
28,017670,KOSPI,3.285,1212,1.593,87.0,SK텔레콤,통신,OBSERVE,18.04,0.0378,-32.9,90.7,-20.5,1108.9,596.6,2064.8,-64.6,-1191.8,1,1
29,005830,KOSPI,3.283,1212,1.438,178.0,DB손해보험,,,9.92,0.028,-26.3,15.4,6.2,327.4,-192.8,-333.9,220.1,236.6,1,1
30,007070,KOSPI,3.283,1212,1.649,54.0,GS리테일,소매,,2.09,0.0354,-14.9,40.4,7.5,47.1,-49.9,-131.7,83.9,217.1,1,1
31,068270,KOSPI,3.28,1212,1.417,196.0,셀트리온,제약·바이오,,41.12,0.0296,-25.4,11.3,5.7,1111.0,-240.5,732.6,774.6,343.8,1,1
32,081660,KOSPI,3.278,1212,1.534,114.0,미스토홀딩스,도매,,2.54,0.0299,-11.7,14.6,18.6,102.8,-46.2,-287.7,86.8,391.1,1,1
33,138040,KOSPI,3.265,1212,1.334,282.0,메리츠금융지주,,,19.03,0.0223,-22.2,-4.2,5.1,335.4,-25.8,-176.8,447.9,1183.6,1,1
34,032640,KOSPI,3.264,1212,1.428,187.0,LG유플러스,통신,,6.29,0.0275,-16.8,4.3,0.5,170.8,46.3,157.3,57.8,136.1,1,1
35,023530,KOSPI,3.255,1212,1.793,16.0,롯데쇼핑,소매,OBSERVE,4.51,0.0472,-21.6,139.3,-18.4,334.9,-80.4,711.3,21.3,-734.1,1,1
36,192080,KOSPI,3.249,1212,1.581,93.0,더블유게임즈,출판·SW,,1.37,0.0312,-13.5,25.0,-8.1,62.5,5.3,113.2,19.5,-51.4,1,1
37,088980,KOSPI,3.244,1212,1.333,283.0,맥쿼리인프라,금융(은행),OBSERVE,4.79,0.0082,-15.5,-7.8,-7.6,245.4,72.0,-248.0,-14.6,105.2,1,1
38,093050,KOSPI,3.244,1212,1.582,92.0,LF,의복,,0.68,0.025,-11.8,23.9,6.4,9.8,-2.4,-28.3,11.2,38.6,1,1
39,009970,KOSPI,3.241,1212,1.558,103.0,영원무역홀딩스,금융(은행),,2.4,0.0338,-25.9,39.3,-0.2,28.5,-3.8,9.3,13.6,5.2,1,1
40,241560,KOSPI,3.238,1212,1.425,189.0,두산밥캣,기계·장비,OBSERVE,5.89,0.0286,-19.9,6.2,-3.0,183.7,73.2,336.4,25.0,-128.5,1,1
41,071050,KOSPI,3.234,1212,1.696,41.0,한국금융지주,,,13.01,0.0453,-20.2,62.7,2.0,656.2,-12.2,-116.8,702.7,1138.2,1,1
42,005440,KOSPI,3.22,1212,1.638,56.0,현대지에프홀딩스,금융(은행),,2.2,0.0376,-24.9,57.6,6.9,48.5,-4.1,0.8,44.5,151.2,1,1
43,175330,KOSPI,3.206,1212,1.425,188.0,JB금융지주,,,4.89,0.0306,-30.7,25.7,2.0,174.4,-88.1,-359.7,150.2,581.8,1,1
44,005945,KOSPI,3.204,1212,1.599,80.0,NH투자증권우,,,0.46,0.0221,-16.1,32.2,1.9,12.8,4.8,-4.7,2.0,7.3,1,1
45,004170,KOSPI,3.202,1212,1.871,6.0,신세계,소매,OBSERVE,5.9,0.0544,-19.5,241.5,-8.8,718.5,630.6,1178.9,-477.4,-1205.0,1,1
46,005380,KOSPI,3.202,1212,1.607,72.0,현대차,자동차·부품,WATCH,94.7,0.0445,-38.3,205.0,-23.2,6358.7,-6.2,-7732.3,1002.5,-6880.9,1,1
47,082640,KOSPI,3.201,1212,1.475,158.0,동양생명,,,1.2,0.0253,-15.6,8.7,1.6,10.0,5.0,-9.2,-1.7,23.8,1,1
48,267250,KOSPI,3.197,1212,1.515,133.0,HD현대,금융(은행),WATCH,15.3,0.038,-37.6,90.2,-20.1,436.4,20.3,968.0,34.4,-906.9,1,1
49,005387,KOSPI,3.191,1212,1.486,151.0,현대차2우B,,,7.38,0.0361,-34.8,53.0,-11.3,342.7,106.5,303.4,-201.8,-788.6,1,1
50,005385,KOSPI,3.189,1212,1.502,141.0,현대차우,,,4.95,0.0361,-34.1,54.5,-11.7,211.5,-56.8,92.4,-7.8,-188.4,1,1
51,003490,KOSPI,3.182,1212,1.466,162.0,대한항공,운수·물류,,10.37,0.0361,-6.2,3.5,10.6,1000.4,-331.3,1668.9,1071.0,2769.1,0,1
52,000240,KOSPI,3.168,1212,1.531,119.0,한국앤컴퍼니,금융(은행),,2.43,0.036,-26.1,34.2,-1.0,53.2,-2.7,-222.9,26.3,295.1,0,1
53,047810,KOSPI,3.16,1212,1.483,154.0,한국항공우주,조선·기타운송,,13.84,0.038,-29.7,34.8,3.2,717.2,-710.5,-2180.4,1021.8,2791.0,0,1
54,010140,KOSPI,3.159,1212,1.443,174.0,삼성중공업,조선·기타운송,OBSERVE,18.61,0.0369,-38.5,58.4,-18.7,1166.8,-409.8,-1461.8,237.3,571.3,0,1
55,069960,KOSPI,3.154,1212,1.792,18.0,현대백화점,소매,WATCH,3.64,0.0514,-18.5,120.9,-1.3,382.2,394.1,430.8,-450.4,-562.6,0,1
56,036570,KOSPI,3.151,1212,1.593,86.0,NC,출판·SW,,5.57,0.0428,-23.5,40.5,0.6,288.0,-46.0,449.0,197.8,266.9,0,1
57,032830,KOSPI,3.141,1212,1.736,31.0,삼성생명,,,69.2,0.0542,-30.4,213.1,-6.0,2081.7,165.1,968.6,126.2,309.3,0,1
58,030000,KOSPI,3.141,1212,1.304,309.0,제일기획,엔지니어링,,2.18,0.0186,-18.0,-9.0,3.0,125.1,26.7,-505.4,39.6,913.8,0,1
59,021240,KOSPI,3.136,1212,1.348,266.0,코웨이,미분류,,6.49,0.0312,-19.0,-5.1,-0.3,208.7,4.5,218.3,63.1,-90.2,0,1
60,267270,KOSPI,3.134,1212,1.523,126.0,HD건설기계,기계·장비,WATCH,6.0,0.0399,-36.7,88.6,-13.1,544.0,-133.4,-1726.7,169.1,781.4,0,1
61,001800,KOSPI,3.129,1212,1.561,102.0,오리온홀딩스,금융(은행),,1.57,0.037,-8.0,17.4,3.0,43.2,21.8,-86.4,1.4,94.0,0,1
62,282330,KOSPI,3.128,1212,1.48,155.0,BGF리테일,소매,,2.17,0.0349,-15.2,9.0,-3.6,145.0,-118.2,413.0,154.7,-317.6,0,1
63,214320,KOSPI,3.122,1212,1.398,213.0,이노션,엔지니어링,,0.74,0.0187,-15.0,-1.0,-7.0,24.8,9.0,-51.7,-3.5,54.2,0,1
64,034730,KOSPI,3.122,1212,1.719,34.0,SK,금융(은행),WATCH,43.21,0.054,-30.5,191.9,2.9,2673.3,-51.1,-1509.3,-183.6,1871.0,0,1
65,031210,KOSPI,3.113,1212,1.281,331.0,서울보증보험,,,2.99,0.024,-31.0,4.0,-2.7,19.7,4.8,-54.9,5.8,39.4,0,1
66,329180,KOSPI,3.112,1212,1.515,132.0,HD현대중공업,조선·기타운송,OBSERVE,54.26,0.0441,-30.6,44.5,-19.3,2127.3,-383.3,404.8,643.2,732.0,0,1
67,007340,KOSPI,3.112,1212,1.596,82.0,DN오토모티브,전기장비,OBSERVE,2.07,0.0409,-30.9,80.1,-10.7,69.9,-8.4,-35.2,25.8,89.7,0,1
68,029780,KOSPI,3.112,1212,1.229,382.0,삼성카드,,,5.66,0.0225,-27.5,-7.9,5.7,111.1,12.0,-294.4,15.1,492.8,0,1
69,012450,KOSPI,3.104,1212,1.358,251.0,한화에어로스페이스,조선·기타운송,WATCH,53.68,0.0365,-32.3,15.7,1.0,2657.0,-501.3,-487.2,1885.1,2637.2,0,1
70,088350,KOSPI,3.099,1212,1.487,150.0,한화생명,,,3.77,0.0386,-34.3,51.8,-9.4,294.9,-3.5,227.5,20.5,8.9,0,1
71,000660,KOSPI,3.098,1212,1.826,10.0,SK하이닉스,반도체·전자부품,WATCH,1479.57,0.0632,-28.9,656.0,1.4,148026.9,-46137.0,-178742.1,-27690.7,-23975.8,0,1
72,005850,KOSPI,3.097,1212,1.723,32.0,에스엘,자동차·부품,WAIT,2.67,0.0498,-24.7,102.2,-9.6,111.7,33.8,136.3,-5.0,-99.6,0,1
73,161890,KOSPI,3.094,1212,1.374,235.0,한국콜마,화학,,2.65,0.0318,-4.8,-7.5,35.1,395.6,270.5,-28.5,236.1,936.9,0,1
74,453340,KOSPI,3.087,1212,1.434,183.0,현대그린푸드,소매,,0.6,0.0231,-4.9,-0.8,6.6,8.4,1.1,-8.7,3.1,6.8,0,1
75,011200,KOSPI,3.084,1212,1.178,442.0,HMM,운수·물류,,18.91,0.0247,-22.7,-17.6,9.1,312.7,45.1,-119.4,127.0,152.1,0,1
76,383220,KOSPI,3.08,1212,1.38,231.0,F&F,의복,,3.07,0.0343,-6.9,-6.8,1.5,82.6,-31.4,-207.8,51.9,278.8,0,1
77,026960,KOSPI,3.072,1212,1.245,372.0,동서,도매,,2.54,0.0226,-19.6,-14.1,1.8,25.5,-13.3,-9.9,23.7,35.5,0,1
78,049430,KOSDAQ,3.064,1212,1.746,29.0,코메론,의료·정밀·광학,,0.18,0.0243,-15.5,78.6,8.7,6.7,-2.2,-4.4,14.4,36.1,0,1
79,207940,KOSPI,3.053,1212,1.149,472.0,삼성바이오로직스,제약·바이오,,63.09,0.0272,-30.6,-11.9,5.0,873.0,79.6,1902.7,499.0,-589.9,0,1
80,004370,KOSPI,3.051,1212,1.223,386.0,농심,식료품,,2.2,0.0205,-30.7,-4.5,-0.1,98.4,83.7,29.9,43.6,-24.1,0,1
81,010955,KOSPI,3.05,1212,1.667,48.0,S-Oil우,,,0.26,0.029,-0.2,36.3,23.3,13.1,16.0,8.8,13.7,64.1,0,1
82,293940,KOSPI,3.044,1212,1.34,272.0,신한알파리츠,,,0.64,0.0176,-15.7,-6.9,0.8,14.2,15.6,-3.9,-4.5,38.4,0,1
83,001120,KOSPI,3.043,1212,1.348,265.0,LX인터내셔널,도매,,1.42,0.0292,-35.3,24.4,-4.7,93.1,54.3,370.7,-39.4,-455.9,0,1
84,009540,KOSPI,3.04,1212,1.278,333.0,HD한국조선해양,금융(은행),WATCH,24.06,0.0356,-29.1,0.0,-11.8,965.0,163.7,-787.2,-35.6,1547.3,0,1
85,298040,KOSPI,3.039,1212,1.602,75.0,효성중공업,전기장비,OBSERVE,25.07,0.0519,-41.6,301.7,-21.8,2074.7,-1239.6,-1535.6,558.4,1240.6,0,1
86,002960,KOSPI,3.035,1212,1.532,116.0,한국쉘석유,석유정제,,0.67,0.036,-10.9,13.7,5.0,10.9,11.3,-11.8,-1.1,11.8,0,1
87,017940,KOSPI,3.034,1212,1.397,214.0,E1,도매,,0.59,0.0246,-24.1,6.9,4.1,10.8,7.4,-5.0,4.2,16.5,0,1
88,028260,KOSPI,3.028,1212,1.768,22.0,삼성물산,도매,,64.06,0.0633,-26.2,167.1,-3.1,3464.7,659.6,-3792.2,-336.3,1372.9,0,1
89,089860,KOSPI,3.027,1212,1.319,295.0,롯데렌탈,미분류,,1.17,0.0264,-8.3,-12.0,7.5,14.3,3.4,-8.2,17.4,17.1,0,1
90,086280,KOSPI,3.022,1212,1.454,169.0,현대글로비스,운수·물류,WAIT,14.28,0.044,-34.5,44.2,-2.5,527.9,311.4,1037.9,10.8,-411.8,0,1
91,092730,KOSDAQ,3.015,1212,1.566,99.0,네오팜,화학,,0.31,0.0285,-11.8,21.6,14.7,9.3,14.2,7.8,2.1,-6.0,0,1
92,003850,KOSPI,3.01,1212,1.357,252.0,보령,제약·바이오,OBSERVE,0.7,0.0265,-23.2,0.5,-0.6,11.9,-3.8,-6.6,-0.3,-0.7,0,1
93,093320,KOSDAQ,3.008,1212,1.537,113.0,케이아이엔엑스,IT서비스,,0.63,0.0364,-7.6,13.1,15.1,20.8,25.6,15.1,-0.6,55.8,0,1
94,002380,KOSPI,3.007,1212,1.515,131.0,KCC,화학,WATCH,3.85,0.0452,-34.2,60.4,-8.4,201.0,62.6,445.0,-34.6,-345.0,0,1
95,395400,KOSPI,2.995,1212,1.42,193.0,SK리츠,,,1.79,0.0371,-15.9,2.4,11.6,26.7,0.1,-67.8,9.7,109.8,0,1
96,267260,KOSPI,2.992,1212,1.439,177.0,HD현대일렉트릭,전기장비,OBSERVE,29.34,0.0461,-42.7,95.0,-17.4,2102.4,-1157.5,-5125.0,587.5,5037.5,0,1
97,420770,KOSDAQ,2.987,1212,1.864,7.0,기가비스,기계·장비,,1.84,0.0621,-24.3,359.3,11.2,255.2,140.2,-346.2,-92.9,825.8,0,1
98,005389,KOSPI,2.985,1212,1.489,149.0,현대차3우B,,,0.47,0.0317,-33.6,48.9,-10.5,28.3,-2.5,-27.2,-1.0,-4.4,0,1
99,002350,KOSPI,2.984,1212,1.347,268.0,넥센타이어,고무·플라스틱,,0.67,0.0267,-29.9,9.8,-1.4,9.4,4.0,24.6,0.8,1.4,0,1
100,036460,KOSPI,2.978,1212,1.097,531.0,한국가스공사,전력·가스,,3.06,0.0169,-29.9,-16.9,-5.5,71.6,26.2,91.3,28.3,15.4,0,1
101,280360,KOSPI,2.975,1212,1.274,337.0,롯데웰푸드,식료품,,0.97,0.026,-22.1,-9.7,2.3,19.7,1.6,-22.6,11.9,-10.6,0,1
102,035250,KOSPI,2.974,1212,1.089,538.0,강원랜드,예술·스포츠,,3.16,0.0162,-28.1,-20.3,-1.6,108.5,14.7,-483.9,32.3,498.7,0,1
103,051910,KOSPI,2.97,1212,1.396,216.0,LG화학,화학,WATCH,18.0,0.0441,-40.6,52.3,-21.1,846.1,87.8,803.1,-239.9,-996.4,0,1
104,016360,KOSPI,2.968,1212,1.629,62.0,삼성증권,,,9.97,0.0552,-25.3,55.2,-0.4,631.0,-323.6,-185.4,534.8,121.2,0,1
105,180640,KOSPI,2.965,1212,1.321,292.0,한진칼,금융(은행),,9.09,0.0388,-21.3,-6.0,17.7,146.9,-130.7,-175.8,100.9,60.9,0,1
106,006400,KOSPI,2.957,1212,1.542,111.0,삼성SDI,전기장비,OBSERVE,33.2,0.0532,-42.1,195.0,-17.0,2621.8,-178.2,-499.8,-92.0,-2324.2,0,1
107,096770,KOSPI,2.952,1212,1.255,362.0,SK이노베이션,석유정제,,16.87,0.0375,-33.4,5.4,-3.8,451.6,-27.3,99.8,214.8,-689.8,0,1
108,127120,KOSDAQ,2.95,1212,1.825,11.0,제이에스링크,지주·전문서비스,,1.27,0.0597,-25.4,255.8,18.1,45.3,12.6,23.6,-5.0,53.9,0,1
109,131290,KOSDAQ,2.948,1212,1.923,1.0,티에스이,의료·정밀·광학,,2.54,0.0723,-16.8,426.5,10.6,323.5,-248.8,-375.0,221.4,465.4,0,1
110,028300,KOSDAQ,2.947,1212,1.325,288.0,HLB,제약·바이오,,6.67,0.0396,-26.5,1.7,3.3,424.3,26.2,-267.2,67.5,29.6,0,1
111,402340,KOSPI,2.943,1212,1.713,36.0,SK스퀘어,금융(은행),WATCH,167.59,0.0658,-35.5,577.2,7.4,22878.3,-12618.2,-72656.1,12384.2,43375.8,0,1
112,020000,KOSPI,2.942,1212,1.6,79.0,한섬,의복,,0.5,0.0404,-16.1,32.7,3.3,25.9,-5.0,69.2,27.7,-30.6,0,1
113,290650,KOSDAQ,2.942,1212,1.631,60.0,엘앤씨바이오,제약·바이오,WATCH,2.04,0.0511,-36.0,189.2,1.5,355.1,-14.4,21.3,-2.5,521.9,0,1
114,005490,KOSPI,2.941,1212,1.273,339.0,POSCO홀딩스,철강·1차금속,OBSERVE,24.09,0.0395,-43.2,36.3,-16.3,1302.2,-220.2,555.0,302.8,-1587.2,0,1
115,012750,KOSPI,2.939,1212,1.391,223.0,에스원,사업지원,,2.73,0.0408,-23.7,5.9,0.3,77.9,-21.1,-132.7,24.9,210.8,0,1
116,028050,KOSPI,2.936,1212,1.62,66.0,삼성E&A,연구개발,WAIT,8.53,0.0562,-32.5,105.1,-8.0,1359.0,-15.0,-1301.2,448.7,1441.4,0,1
117,330590,KOSPI,2.933,1212,1.24,373.0,롯데리츠,,,1.05,0.0269,-25.3,-9.9,0.6,12.7,0.5,-36.9,4.3,58.9,0,1
118,039490,KOSPI,2.931,1212,1.523,125.0,키움증권,,,8.77,0.0512,-32.5,52.5,-2.3,504.7,-376.3,-1069.2,449.7,1105.2,0,1
119,000070,KOSPI,2.927,1212,1.312,299.0,삼양홀딩스,금융(은행),,0.44,0.0191,-23.5,-5.6,4.6,6.3,13.1,3.4,6.7,14.6,0,1
120,010130,KOSPI,2.924,1212,1.188,425.0,고려아연,철강·1차금속,WATCH,21.58,0.0364,-51.1,52.8,-12.8,238.7,-26.8,135.6,87.7,-94.7,0,1
121,051915,KOSPI,2.922,1212,1.316,297.0,LG화학우,,,0.94,0.0328,-41.1,35.0,-16.5,41.7,3.8,66.8,-4.3,-34.0,0,1
122,025540,KOSPI,2.919,1212,1.355,259.0,한국단자,전기장비,OBSERVE,0.66,0.0319,-28.2,7.7,-11.8,19.2,10.2,-16.0,-8.4,-0.8,0,0
123,241770,KOSDAQ,2.917,1212,1.767,23.0,메카로,반도체·전자부품,OBSERVE,0.35,0.046,-29.2,235.1,-9.9,16.1,2.7,49.0,-0.1,3.6,0,0
124,079550,KOSPI,2.908,1212,1.496,143.0,LIG디펜스앤에어로스페이스,금속가공,WATCH,15.71,0.0523,-30.0,38.4,-9.6,1903.5,-156.8,985.9,201.0,1071.0,0,0
125,950160,KOSDAQ,2.906,1212,1.59,88.0,코오롱티슈진,제약·바이오,EXCLUDE,7.39,0.0562,-37.3,151.6,-12.8,339.6,-44.4,-69.7,19.9,-74.6,0,0
126,006280,KOSPI,2.897,1212,1.203,405.0,녹십자,제약·바이오,,1.42,0.0293,-32.8,-3.9,-0.7,55.6,6.2,84.5,24.2,-12.6,0,0
127,034310,KOSPI,2.896,1212,1.306,306.0,NICE,엔지니어링,,0.41,0.0207,-27.0,0.6,-12.2,5.8,-2.7,-0.8,2.5,9.4,0,0
128,483650,KOSPI,2.895,1212,1.451,171.0,달바글로벌,화학,,2.72,0.0463,-16.3,7.1,7.7,428.0,126.2,119.1,-19.0,609.6,0,0
129,008770,KOSPI,2.894,1212,1.372,237.0,호텔신라,소매,,2.02,0.0402,-25.8,6.2,-8.2,173.2,-166.4,-167.7,319.0,306.5,0,0
130,009150,KOSPI,2.893,1212,1.739,30.0,삼성전기,반도체·전자부품,OBSERVE,110.47,0.0723,-34.8,1318.3,-18.1,22980.4,-1529.9,25688.8,-4952.9,-14077.3,0,0
131,192400,KOSPI,2.89,1212,1.137,485.0,쿠쿠홀딩스,금융(은행),,0.93,0.0188,-25.0,-18.9,3.6,6.0,0.3,-13.9,1.2,21.1,0,0
132,007310,KOSPI,2.89,1212,1.108,522.0,오뚜기,식료품,,1.27,0.02,-26.7,-19.1,0.3,16.4,5.0,-12.8,6.3,18.9,0,0
133,058650,KOSPI,2.889,1212,1.361,248.0,세아홀딩스,철강·1차금속,,0.5,0.031,-34.3,23.3,-4.5,5.5,0.3,4.9,4.6,-2.2,0,0
134,185750,KOSPI,2.888,1212,1.136,488.0,종근당,제약·바이오,,0.96,0.0196,-28.8,-15.1,-1.3,23.7,-6.5,41.0,14.1,-45.2,0,0
135,011780,KOSPI,2.888,1212,1.362,247.0,금호석유화학,화학,OBSERVE,2.83,0.0418,-26.7,7.1,-6.2,103.7,77.8,110.7,-40.4,-47.4,0,0
136,034020,KOSPI,2.887,1212,1.252,363.0,두산에너빌리티,기계·장비,OBSERVE,47.4,0.0419,-45.7,42.7,-18.8,2843.5,-339.0,-2013.7,358.9,97.6,0,0
137,014680,KOSPI,2.885,1212,1.551,107.0,한솔케미칼,화학,WATCH,2.62,0.0515,-29.6,48.9,-9.2,191.4,-23.6,-140.2,44.0,248.2,0,0
138,041960,KOSDAQ,2.882,1212,1.557,104.0,코미팜,제약·바이오,WATCH,0.54,0.0426,-28.6,47.4,-8.0,19.3,-7.2,-41.1,2.4,-6.4,0,0
139,090430,KOSPI,2.882,1212,1.181,434.0,아모레퍼시픽,화학,,7.27,0.0363,-24.7,-15.7,11.2,388.6,43.1,-129.8,701.3,700.4,0,0
140,001720,KOSPI,2.881,1212,1.384,229.0,신영증권,,,2.53,0.0429,-39.6,46.6,-8.4,31.4,-2.7,44.0,17.3,16.0,0,0
141,030190,KOSPI,2.879,1212,1.181,435.0,NICE평가정보,IT서비스,,0.83,0.0243,-22.9,-17.0,-1.1,10.3,-2.7,-12.9,7.6,24.8,0,0
142,097950,KOSPI,2.879,1212,1.079,554.0,CJ제일제당,식료품,,2.98,0.0268,-26.5,-23.5,1.8,137.5,78.7,-195.9,95.8,-70.4,0,0
143,000880,KOSPI,2.877,1212,1.327,287.0,한화,화학,WATCH,6.59,0.0438,-38.1,28.8,-21.6,218.1,9.1,62.2,70.7,-81.3,0,0
144,005300,KOSPI,2.872,1212,1.115,511.0,롯데칠성,음료,,0.93,0.0184,-32.2,-13.1,-1.5,23.9,24.2,75.1,-12.4,-115.4,0,0
145,128940,KOSPI,2.87,1212,1.463,163.0,한미약품,제약·바이오,,5.24,0.0501,-34.7,47.5,-0.6,478.5,-433.8,147.0,558.2,481.2,0,0
146,319660,KOSDAQ,2.868,1212,1.831,9.0,피에스케이,기계·장비,OBSERVE,4.39,0.0756,-28.4,608.7,3.8,1158.9,-31.7,-1238.8,-185.2,1155.9,0,0
147,323410,KOSPI,2.867,1212,1.022,616.0,카카오뱅크,금융(은행),,10.5,0.0282,-31.2,-22.2,-11.1,213.2,136.0,140.7,100.3,42.2,0,0
148,353810,KOSDAQ,2.864,1212,1.542,110.0,이지바이오,식료품,,0.2,0.0278,-24.7,32.5,-7.6,5.8,-2.7,-22.8,3.4,18.8,0,0
149,236200,KOSDAQ,2.863,1212,1.533,115.0,슈프리마,반도체·전자부품,,0.32,0.0361,-19.1,21.7,7.9,14.7,0.8,-10.2,12.1,55.8,0,0
150,003545,KOSPI,2.862,1212,1.212,395.0,대신증권우,,,0.5,0.0177,-33.2,-0.5,-0.4,13.4,2.7,-23.4,-2.6,-7.6,0,0
151,034220,KOSPI,2.861,1212,1.514,135.0,LG디스플레이,반도체·전자부품,BUY,5.62,0.0535,-32.7,50.2,-12.9,658.7,-342.8,-665.7,78.4,-72.2,0,0
152,357120,KOSPI,2.859,1212,1.303,310.0,,,,0.4,0.024,-15.4,-11.2,5.4,10.2,-0.3,-2.7,4.2,31.9,0,0
153,078020,KOSDAQ,2.856,1212,1.479,156.0,,,,0.36,0.0352,-28.6,30.7,0.9,9.6,-7.1,-22.0,1.2,4.5,0,0
154,023590,KOSPI,2.856,1212,1.152,469.0,다우기술,IT서비스,,1.56,0.029,-41.5,7.3,-2.8,24.2,-8.2,-5.9,3.5,-14.1,0,0
155,004000,KOSPI,2.851,1212,1.259,355.0,롯데정밀화학,화학,WAIT,1.12,0.0345,-39.1,17.9,-6.9,28.3,22.0,72.8,-20.8,-88.1,0,0
156,017800,KOSPI,2.851,1212,1.046,588.0,현대엘리베이터,기계·장비,WATCH,2.71,0.0252,-38.0,-10.7,-8.9,169.6,6.4,163.9,-12.6,-252.3,0,0
157,053800,KOSDAQ,2.849,1212,1.187,427.0,안랩,출판·SW,WAIT,0.6,0.0224,-22.4,-17.0,-6.3,21.3,1.0,5.6,1.0,-46.9,0,0
158,373220,KOSPI,2.849,1212,1.34,275.0,LG에너지솔루션,전기장비,WATCH,73.83,0.049,-38.6,33.5,-18.2,1680.3,365.5,2552.0,-766.9,-2805.2,0,0
159,027410,KOSPI,2.848,1212,1.306,307.0,BGF,금융(은행),,0.38,0.0239,-25.7,-2.1,-2.8,7.0,2.6,30.6,-0.8,-2.1,0,0
160,003610,KOSPI,2.846,1212,1.532,117.0,방림,섬유,,0.17,0.0233,-16.2,18.5,-0.2,6.1,8.6,1.9,1.6,6.0,0,0
161,004990,KOSPI,2.845,1212,1.109,519.0,롯데지주,금융(은행),WATCH,2.39,0.0296,-37.8,-5.3,-6.6,80.0,25.7,368.3,6.5,-412.5,0,0
162,326030,KOSPI,2.844,1212,1.086,542.0,SK바이오팜,지주·전문서비스,WATCH,6.43,0.0333,-41.6,0.0,-5.0,193.8,-12.7,-191.6,15.2,290.1,0,0
163,047050,KOSPI,2.843,1212,1.154,467.0,포스코인터내셔널,도매,WATCH,8.58,0.0369,-44.2,15.1,-16.4,310.7,-100.8,-613.2,114.0,181.5,0,0
164,003230,KOSPI,2.84,1212,1.113,514.0,삼양식품,식료품,,8.63,0.0355,-29.7,-15.8,0.9,631.5,214.0,-65.2,422.5,954.2,0,0
165,017890,KOSDAQ,2.838,1212,1.527,123.0,한국알콜,화학,,0.27,0.0344,-11.5,13.7,1.4,9.0,21.5,44.5,-0.5,-9.7,0,0
166,079160,KOSPI,2.831,1212,1.123,504.0,CJ CGV,미디어·엔터,,0.76,0.022,-30.3,-14.5,3.5,15.5,12.3,-14.3,1.9,1.0,0,0
167,145990,KOSPI,2.83,1212,1.189,422.0,삼양사,식료품,,0.48,0.0175,-22.0,-17.0,8.7,7.1,7.5,1.8,17.8,29.1,0,0
168,051900,KOSPI,2.829,1212,1.075,559.0,LG생활건강,화학,,3.83,0.0318,-24.5,-27.7,9.2,143.7,104.7,267.7,141.9,39.8,0,0
169,012330,KOSPI,2.828,1212,1.547,108.0,현대모비스,자동차·부품,WAIT,44.32,0.0615,-36.4,102.0,-14.3,2763.3,110.0,1.0,245.7,-858.4,0,0
170,136480,KOSDAQ,2.827,1212,1.301,313.0,하림,식료품,,0.29,0.0166,-19.2,-8.6,-1.3,29.0,0.6,-47.0,0.0,-0.6,0,0
171,003540,KOSPI,2.827,1212,1.186,428.0,대신증권,,,1.36,0.0332,-43.7,20.6,-4.8,36.6,-8.6,58.0,27.3,-96.4,0,0
172,008060,KOSPI,2.823,1212,1.554,105.0,대덕,금융(은행),OBSERVE,0.44,0.0426,-39.6,146.6,-26.7,17.8,14.6,43.6,-11.1,2.2,0,0
173,009420,KOSPI,2.823,1212,1.783,19.0,한올바이오파마,제약·바이오,,3.07,0.0729,-17.0,109.2,17.2,361.7,-125.0,-493.8,136.3,469.8,0,0
174,010120,KOSPI,2.821,1212,1.578,96.0,LS ELECTRIC,전기장비,OBSERVE,27.52,0.0634,-42.4,286.4,-22.2,2961.8,-2078.5,-750.4,624.8,-1854.9,0,0
175,365550,KOSPI,2.816,1212,1.108,521.0,ESR켄달스퀘어리츠,,,0.84,0.0236,-27.5,-18.7,-2.2,15.7,-4.4,-29.8,3.3,15.4,0,0
176,001060,KOSPI,2.813,1212,1.262,351.0,JW중외제약,제약·바이오,OBSERVE,0.56,0.0311,-38.3,15.7,-8.5,13.8,4.3,25.3,2.1,5.1,0,0
177,069260,KOSPI,2.812,1212,1.247,371.0,TKG휴켐스,화학,,0.64,0.0318,-26.3,-7.8,2.7,22.8,7.8,-9.0,-0.7,-6.7,0,0
178,448730,KOSPI,2.81,1212,1.423,191.0,삼성FN리츠,,,0.5,0.0379,-24.8,10.5,13.0,6.0,-0.6,-3.2,4.4,16.3,0,0
179,248070,KOSPI,2.798,1212,1.296,315.0,솔루엠,반도체·전자부품,OBSERVE,0.71,0.0363,-36.7,18.0,-17.8,28.2,-14.4,-21.9,12.2,41.7,0,0
180,018670,KOSPI,2.797,1212,1.136,487.0,SK가스,도매,,1.99,0.0338,-27.5,-16.3,-0.5,30.4,7.3,-26.4,40.0,34.7,0,0
181,094800,KOSPI,2.793,1212,1.419,194.0,맵스리얼티,금융(은행),OBSERVE,0.53,0.0392,-28.6,17.1,13.3,7.9,1.6,1.4,3.6,54.5,0,0
182,011560,KOSDAQ,2.789,1212,1.722,33.0,세보엠이씨,건설,,0.23,0.0441,-18.6,74.0,2.5,14.8,-1.9,2.5,4.5,16.1,0,0
183,102940,KOSDAQ,2.788,1212,1.342,271.0,코오롱생명과학,,,0.54,0.0364,-42.1,47.3,-14.1,15.7,0.8,-38.6,-1.3,12.4,0,0
184,101160,KOSDAQ,2.787,1212,1.497,142.0,월덱스,반도체·전자부품,,0.44,0.0414,-23.6,21.3,6.6,42.2,22.0,104.0,13.3,-23.5,0,0
185,244920,KOSPI,2.786,1212,1.528,122.0,에이플러스에셋,금융보조,,0.24,0.0352,-29.6,43.7,6.3,10.3,0.9,38.7,3.4,50.6,0,0
186,011210,KOSPI,2.786,1212,1.416,198.0,현대위아,자동차·부품,WAIT,1.65,0.0475,-40.2,57.9,-16.5,116.6,54.9,277.5,-35.2,-141.8,0,0
187,000080,KOSPI,2.785,1212,1.022,615.0,하이트진로,음료,,1.06,0.019,-31.1,-22.4,-4.7,22.6,19.5,25.9,6.0,-1.0,0,0
188,036800,KOSDAQ,2.784,1212,1.619,67.0,나이스정보통신,통신,,0.28,0.0424,-11.1,31.7,9.6,6.3,0.8,4.2,3.6,6.6,0,0
189,035420,KOSPI,2.78,1212,1.21,397.0,NAVER,IT서비스,WATCH,30.23,0.045,-32.9,-1.5,-15.1,3435.5,870.2,2515.5,71.0,364.0,0,0
190,060980,KOSPI,2.78,1212,1.306,305.0,HL홀딩스,금융(은행),OBSERVE,0.35,0.0281,-27.7,1.0,-5.5,13.8,-5.7,-32.2,2.2,23.6,0,0
191,000150,KOSPI,2.777,1212,1.494,146.0,두산,반도체·전자부품,WAIT,20.53,0.0605,-42.4,137.6,-19.9,1420.3,207.4,2150.1,-388.0,-2711.6,0,0
192,095570,KOSPI,2.777,1212,1.406,205.0,AJ네트웍스,미분류,,0.19,0.0212,-22.3,6.0,-2.5,6.5,1.0,-11.4,1.9,7.4,0,0
193,005180,KOSPI,2.776,1212,1.099,530.0,빙그레,식료품,,0.62,0.0209,-29.1,-17.6,-1.0,14.7,18.6,19.0,-2.8,-41.5,0,0
194,069620,KOSPI,2.773,1212,1.075,560.0,대웅제약,제약·바이오,,1.56,0.0295,-30.5,-18.1,11.6,59.6,-91.7,-70.7,173.6,146.4,0,0
195,383800,KOSPI,2.771,1212,1.18,438.0,LX홀딩스,금융(은행),,0.58,0.0282,-24.9,-15.5,-3.6,11.4,5.5,4.2,-0.9,-4.2,0,0
196,041830,KOSDAQ,2.77,1212,1.748,28.0,인바디,의료·정밀·광학,,0.73,0.0623,-12.6,71.6,18.7,73.1,-93.6,-201.3,174.0,342.0,0,0
197,347850,KOSDAQ,2.766,1212,1.78,20.0,디앤디파마텍,지주·전문서비스,,3.65,0.081,-26.1,185.5,-5.4,1694.2,-242.3,-616.1,179.4,1175.9,0,0
198,019210,KOSDAQ,2.763,1212,1.802,14.0,와이지-원,금속가공,,0.82,0.0674,-17.6,127.3,59.2,236.2,-60.0,174.5,-1.5,-222.9,0,0
199,030610,KOSPI,2.762,1212,1.257,358.0,교보증권,,,1.11,0.038,-42.0,26.5,-9.9,10.2,-4.1,12.5,2.5,-3.2,0,0
200,006800,KOSPI,2.761,1212,1.31,302.0,미래에셋증권,,,22.66,0.0509,-51.7,136.7,-20.9,1569.3,-353.9,1006.5,343.2,412.5,0,0
201,122900,KOSPI,2.761,1212,1.287,322.0,아이마켓코리아,도매,,0.24,0.0134,-14.9,-13.2,-0.3,6.1,5.8,8.8,-0.8,10.1,0,0
202,001680,KOSPI,2.761,1212,1.085,543.0,대상,식료품,,0.61,0.0211,-28.7,-19.6,-2.1,18.9,1.0,28.9,5.8,-73.7,0,0
203,294870,KOSPI,2.761,1212,1.13,500.0,IPARK현대산업개발,건설,OBSERVE,1.19,0.0326,-26.2,-18.4,-8.3,33.9,27.0,69.7,26.6,-15.5,0,0
204,089970,KOSDAQ,2.76,1212,1.82,12.0,브이엠,기계·장비,,2.11,0.08,-29.0,512.3,5.2,833.6,186.8,-1414.6,-330.2,1667.7,0,0
205,120110,KOSPI,2.759,1212,1.31,303.0,코오롱인더,화학,OBSERVE,1.68,0.0434,-44.4,49.4,-18.7,161.0,9.0,79.9,47.8,110.5,0,0
206,443060,KOSPI,2.759,1212,1.312,298.0,HD현대마린솔루션,연구개발,OBSERVE,8.86,0.0495,-29.6,4.7,-13.7,475.4,263.1,41.6,-5.2,1096.6,0,0
207,065710,KOSDAQ,2.751,1212,1.41,203.0,서호전기,전기장비,OBSERVE,0.22,0.0285,-26.5,12.2,-4.2,9.7,0.1,-13.7,-0.1,-1.8,0,0
208,012630,KOSPI,2.748,1212,1.105,527.0,HDC,금융(은행),,1.23,0.0319,-31.5,-14.4,1.0,16.2,0.2,15.6,-1.7,-30.5,0,0
209,097230,KOSPI,2.744,1212,1.37,240.0,HJ중공업,건설,WATCH,1.53,0.0469,-49.3,149.1,-17.2,161.9,-30.8,-424.7,19.9,476.8,0,0
210,139480,KOSPI,2.743,1212,1.165,455.0,이마트,소매,,2.24,0.0378,-36.4,0.3,-7.3,122.1,4.8,60.4,20.6,-299.1,0,0
211,073240,KOSPI,2.731,1212,1.438,179.0,금호타이어,고무·플라스틱,,1.84,0.0519,-15.0,3.9,39.6,343.1,-122.2,-306.0,-50.5,-203.7,0,0
212,353200,KOSPI,2.73,1212,1.567,98.0,대덕전자,반도체·전자부품,OBSERVE,5.22,0.0648,-44.6,755.9,-28.8,1584.7,1180.2,1690.4,-1275.8,-831.6,0,0
213,178320,KOSDAQ,2.729,1212,1.485,153.0,서진시스템,전기장비,WATCH,2.78,0.0568,-46.0,233.0,-37.4,973.5,364.0,1008.4,119.3,560.8,0,0
214,004690,KOSPI,2.726,1212,1.136,489.0,삼천리,전력·가스,WAIT,0.41,0.0208,-33.5,-8.1,-2.4,14.1,5.1,1.2,0.9,-4.9,0,0
215,064960,KOSPI,2.72,1212,1.116,510.0,SNT모티브,자동차·부품,WAIT,0.69,0.0301,-33.7,-9.9,-5.9,17.4,9.8,-75.4,-2.3,38.4,0,0
216,032350,KOSPI,2.718,1212,1.107,523.0,롯데관광개발,사업지원,WATCH,1.23,0.0342,-41.7,2.5,-14.0,68.0,-58.6,-37.4,39.6,-74.3,0,0
217,015760,KOSPI,2.716,1212,0.901,752.0,한국전력,전력·가스,OBSERVE,23.59,0.0325,-45.9,-11.1,1.0,972.5,-487.8,-727.9,863.9,1427.2,0,0
218,004800,KOSPI,2.715,1212,1.431,186.0,효성,금융(은행),,2.5,0.0538,-46.0,143.4,-17.4,59.9,25.3,81.3,-16.0,-8.7,0,0
219,462870,KOSPI,2.714,1212,1.009,636.0,시프트업,출판·SW,,2.11,0.0311,-26.4,-32.7,15.4,47.7,12.7,25.8,58.9,105.0,0,0
220,006260,KOSPI,2.708,1212,1.425,190.0,LS,금융(은행),WATCH,9.63,0.0585,-44.2,109.5,-20.9,775.6,-967.5,-666.4,983.8,1533.6,0,0
221,031980,KOSDAQ,2.708,1212,1.757,25.0,피에스케이홀딩스,기계·장비,,2.51,0.0812,-30.2,247.7,-16.2,385.2,97.9,173.1,-25.6,289.1,0,0
222,000640,KOSPI,2.706,1212,1.038,602.0,동아쏘시오홀딩스,금융(은행),,0.57,0.0205,-30.2,-22.5,1.8,13.9,2.7,41.8,-2.9,-47.2,0,0
223,204610,KOSDAQ,2.706,1212,1.509,138.0,티쓰리,출판·SW,,0.17,0.033,-17.8,15.3,19.2,7.7,-1.3,-4.8,4.5,9.3,0,0
224,005290,KOSDAQ,2.702,1212,1.495,144.0,동진쎄미켐,화학,OBSERVE,2.17,0.0573,-35.4,61.0,-18.3,526.3,-95.8,-75.0,3.2,106.3,0,0
225,035600,KOSDAQ,2.701,1212,1.226,383.0,KG이니시스,출판·SW,,0.26,0.02,-26.0,-10.4,-3.7,7.8,11.4,4.7,-2.0,-10.8,0,0
226,279570,KOSPI,2.7,1212,,,케이뱅크,금융(은행),WATCH,2.16,0.0315,,,-11.8,322.3,-37.1,57.7,21.8,929.2,0,0
227,302440,KOSPI,2.699,1212,0.945,698.0,SK바이오사이언스,제약·바이오,,2.98,0.0305,-36.9,-20.5,-1.7,48.7,15.4,26.6,19.5,9.0,0,0
228,215200,KOSDAQ,2.696,1212,1.141,480.0,메가스터디교육,교육,,0.43,0.0255,-20.6,-22.9,8.4,19.4,-0.3,15.1,4.8,-31.6,0,0
229,001040,KOSPI,2.695,1212,1.238,376.0,CJ,금융(은행),WATCH,4.15,0.0472,-38.7,13.4,-16.4,212.9,-5.9,6.4,-19.1,-216.0,0,0
230,281820,KOSPI,2.694,1212,1.709,38.0,케이씨텍,의료·정밀·광학,,1.65,0.072,-29.3,143.7,27.6,328.4,75.3,-119.7,-77.2,191.2,0,0
231,009450,KOSPI,2.693,1212,1.192,417.0,경동나비엔,전기장비,WATCH,0.91,0.0374,-32.9,-4.4,-8.1,29.3,21.6,27.4,-19.9,-56.0,0,0
232,005430,KOSPI,2.691,1212,1.635,57.0,한국공항,운수·물류,,0.25,0.0463,-10.7,34.1,9.0,12.6,-6.0,-11.6,0.1,-0.4,0,0
233,259960,KOSPI,2.688,1212,0.92,727.0,크래프톤,출판·SW,,11.3,0.034,-33.0,-31.8,5.6,309.7,-82.2,32.9,234.0,29.4,0,0
234,074600,KOSDAQ,2.687,1212,1.578,97.0,원익QnC,비금속광물(시멘트·유리),WATCH,0.74,0.0567,-32.9,82.7,-15.4,186.4,-57.9,23.6,17.0,99.2,0,0
235,002900,KOSPI,2.687,1212,1.363,244.0,TYM,기계·장비,,0.26,0.0332,-31.9,16.3,3.7,12.4,1.3,-16.1,-2.4,1.0,0,0
236,013030,KOSDAQ,2.684,1212,1.299,314.0,하이록코리아,철강·1차금속,OBSERVE,0.35,0.0344,-35.3,15.1,-11.0,13.4,0.4,18.6,-0.2,-35.6,0,0
237,451800,KOSPI,2.681,1212,1.307,304.0,한화리츠,,,0.87,0.044,-29.3,3.9,8.8,10.3,-3.2,-17.2,3.3,27.7,0,0
238,084370,KOSDAQ,2.68,1212,1.7,40.0,유진테크,기계·장비,WATCH,3.1,0.0804,-34.5,271.8,-12.7,579.4,282.7,-107.0,-213.2,337.7,0,0
239,002790,KOSPI,2.68,1212,1.016,623.0,아모레퍼시픽홀딩스,화학,,1.9,0.0335,-29.2,-26.0,7.1,37.4,20.4,94.5,28.2,-23.5,0,0
240,300720,KOSPI,2.679,1212,0.989,655.0,한일시멘트,비금속광물(시멘트·유리),,1.06,0.0275,-32.1,-25.3,1.5,22.2,-8.4,-33.8,6.4,2.0,0,0
241,005680,KOSPI,2.677,1212,1.519,129.0,삼영전자,반도체·전자부품,,0.31,0.0443,-6.4,10.3,24.3,18.0,4.0,4.4,2.9,16.7,0,0
242,002310,KOSPI,2.677,1212,1.16,461.0,아세아제지,펄프·종이,,0.31,0.0221,-29.8,-12.1,7.2,10.4,-5.9,-6.5,6.6,27.6,0,0
243,031430,KOSPI,2.676,1212,1.403,207.0,신세계인터내셔날,소매,OBSERVE,0.43,0.0421,-26.9,12.3,-15.6,15.7,5.1,36.3,4.1,-22.6,0,0
244,004020,KOSPI,2.675,1212,1.147,475.0,현대제철,철강·1차금속,WATCH,3.59,0.0429,-42.2,8.6,-19.1,224.8,5.2,45.3,-26.3,-374.5,0,0
245,086670,KOSDAQ,2.674,1212,1.676,45.0,비엠티,기계·장비,OBSERVE,0.14,0.0397,-20.4,55.8,-5.3,9.5,-9.3,1.4,0.7,5.3,0,0
246,067310,KOSDAQ,2.674,1212,1.609,71.0,하나마이크론,반도체·전자부품,OBSERVE,2.27,0.0673,-39.9,247.7,-19.4,1298.5,-37.2,-317.5,-117.9,286.7,0,0
247,006040,KOSPI,2.671,1212,0.926,721.0,동원산업,금융(은행),,1.55,0.0257,-33.4,-30.2,8.3,24.2,-22.6,32.8,49.3,61.7,0,0
248,458870,KOSDAQ,2.671,1212,1.49,148.0,씨어스,의료·정밀·광학,,1.29,0.0563,-46.4,255.9,19.9,122.3,-4.8,-232.6,-43.4,64.0,0,0
249,091700,KOSDAQ,2.668,1212,1.205,403.0,파트론,반도체·전자부품,WATCH,0.29,0.0249,-33.4,-1.2,-9.3,15.3,0.1,-14.2,3.0,3.9,0,0
250,166090,KOSDAQ,2.661,1212,1.539,112.0,하나머티리얼즈,반도체·전자부품,WATCH,0.95,0.0578,-40.7,145.0,-20.9,138.8,30.0,48.0,-117.3,-88.2,0,0
251,045100,KOSDAQ,2.659,1212,1.673,46.0,한양이엔지,연구개발,,0.51,0.0602,-24.1,68.6,-1.4,62.4,1.1,-0.6,88.0,140.9,0,0
252,003670,KOSPI,2.657,1212,1.177,443.0,포스코퓨처엠,전기장비,EXCLUDE,12.87,0.0485,-51.1,49.7,-22.9,544.2,135.6,619.1,-289.8,-676.2,0,0
253,032190,KOSDAQ,2.654,1212,1.14,481.0,다우데이타,도매,WATCH,0.68,0.0357,-41.9,7.3,-3.0,17.5,-3.2,13.7,0.2,-17.0,0,0
254,219130,KOSDAQ,2.654,1212,1.902,2.0,타이거일렉,반도체·전자부품,,0.4,0.0738,-19.8,384.0,0.0,71.0,-69.1,-110.4,33.2,87.8,0,0
255,001750,KOSPI,2.654,1212,1.348,267.0,,,,0.26,0.0341,-34.7,22.0,-8.4,7.4,4.3,-0.7,1.4,-10.3,0,0
256,020560,KOSPI,2.652,1212,1.043,597.0,아시아나항공,운수·물류,,1.56,0.0353,-25.3,-29.9,12.4,16.8,5.2,15.5,25.7,135.4,0,0
257,000670,KOSPI,2.648,1212,1.083,546.0,영풍,철강·1차금속,OBSERVE,0.67,0.0328,-47.6,14.0,-19.5,12.7,-3.3,13.3,-0.3,-39.8,0,0
258,000120,KOSPI,2.648,1212,0.875,774.0,CJ대한통운,운수·물류,WAIT,1.69,0.024,-49.0,-7.6,-7.5,43.7,2.6,-39.5,-2.9,-48.6,0,0
259,092460,KOSDAQ,2.646,1212,1.553,106.0,한라IMS,조선·기타운송,WAIT,0.24,0.0433,-35.7,101.6,-25.3,10.7,-7.2,-5.5,4.7,6.9,0,0
260,252990,KOSDAQ,2.644,1212,1.655,52.0,샘씨엔에스,반도체·전자부품,OBSERVE,0.65,0.0632,-33.5,158.3,-15.0,123.6,-21.8,13.1,1.6,-98.4,0,0
261,123890,KOSPI,2.642,1212,1.17,448.0,,,,0.28,0.023,-24.8,-16.4,2.5,7.9,2.6,-0.4,0.6,21.2,0,0
262,083450,KOSDAQ,2.638,1212,1.623,63.0,GST,기계·장비,OBSERVE,0.78,0.0633,-36.4,175.6,-26.6,167.4,-35.7,162.9,4.1,131.7,0,0
263,499790,KOSPI,2.637,1212,1.39,224.0,GS피앤엘,금융(은행),,0.83,0.0501,-34.9,31.7,-15.7,63.6,-55.0,21.7,99.8,-17.5,0,0
264,000370,KOSPI,2.637,1212,1.25,367.0,한화손해보험,,,0.67,0.0413,-38.0,13.4,-8.7,33.0,-13.2,5.6,4.4,30.8,0,0
265,064290,KOSDAQ,2.637,1212,1.871,5.0,인텍플러스,기계·장비,WATCH,0.52,0.0801,-22.8,309.1,3.2,230.2,43.0,-6.6,52.1,320.1,0,0
266,028100,KOSPI,2.634,1212,1.257,359.0,동아지질,건설,,0.23,0.0263,-8.8,-16.8,19.1,8.8,1.4,-12.6,11.4,67.3,0,0
267,104830,KOSDAQ,2.631,1212,1.475,157.0,원익머트리얼즈,화학,,0.42,0.0483,-39.4,83.1,-16.9,38.9,18.8,73.2,-17.7,-73.9,0,0
268,064350,KOSPI,2.629,1212,1.081,548.0,현대로템,조선·기타운송,WAIT,18.46,0.0457,-37.1,-8.0,-10.7,1164.8,626.8,2689.7,-114.0,-698.1,0,0
269,039200,KOSDAQ,2.625,1212,1.183,430.0,오스코텍,제약·바이오,WATCH,1.21,0.042,-48.9,40.0,-18.6,86.2,29.6,96.2,-4.9,-10.5,0,0
270,263750,KOSDAQ,2.623,1212,0.882,767.0,펄어비스,출판·SW,WAIT,2.28,0.0289,-49.5,-6.1,-9.4,138.3,36.1,32.2,61.1,208.4,0,0
271,340570,KOSDAQ,2.621,1212,1.355,258.0,티앤엘,제약·바이오,WAIT,0.42,0.0423,-21.2,-1.4,-13.0,27.3,49.3,61.4,-48.1,-68.2,0,0
272,003550,KOSPI,2.621,1212,1.37,241.0,LG,금융(은행),WATCH,15.5,0.0617,-38.2,38.3,-5.7,603.2,293.0,2409.3,-30.4,-1660.4,0,0
273,181710,KOSPI,2.62,1212,1.443,175.0,NHN,출판·SW,,1.27,0.0563,-35.1,44.1,-4.6,63.9,-4.2,67.9,20.1,-129.2,0,0
274,044450,KOSPI,2.619,1212,1.271,342.0,KSS해운,운수·물류,,0.22,0.0277,-30.6,1.7,-1.4,5.9,-1.3,-8.2,2.8,-4.4,0,0
275,277810,KOSDAQ,2.618,1212,1.296,316.0,레인보우로보틱스,기계·장비,EXCLUDE,8.31,0.0558,-51.3,119.4,-28.3,569.9,-163.2,-638.2,179.4,-222.0,0,0
276,068760,KOSDAQ,2.615,1212,0.878,770.0,셀트리온제약,제약·바이오,WAIT,1.81,0.0278,-46.1,-12.8,-2.0,38.1,-7.5,2.6,9.3,10.4,0,0
277,194370,KOSPI,2.613,1212,1.285,324.0,제이에스코퍼레이션,가죽·신발,,0.34,0.0364,-24.1,-6.9,0.9,14.8,-7.1,-70.5,18.3,113.3,0,0
278,053610,KOSDAQ,2.613,1212,1.597,81.0,프로텍,기계·장비,WATCH,0.53,0.0587,-39.0,204.2,-23.6,43.0,-3.0,4.6,3.5,59.2,0,0
279,004490,KOSPI,2.613,1212,1.044,595.0,세방전지,전기장비,WATCH,0.73,0.0332,-29.0,-24.2,0.6,46.2,6.0,97.7,-3.3,-94.5,0,0
280,007660,KOSPI,2.61,1212,1.419,195.0,이수페타시스,반도체·전자부품,EXCLUDE,6.45,0.0635,-45.6,129.3,-22.3,1551.6,-2571.0,-3915.1,3348.7,5109.8,0,0
281,036530,KOSPI,2.608,1212,0.919,731.0,SNT홀딩스,금융(은행),,0.81,0.0247,-43.7,-13.5,0.8,9.6,3.0,-17.9,2.8,9.5,0,0
282,016380,KOSPI,2.604,1212,1.133,495.0,KG스틸,철강·1차금속,WAIT,0.52,0.0351,-31.0,-12.7,-9.5,22.3,-11.5,-73.4,4.6,61.2,0,0
283,001500,KOSPI,2.602,1212,1.193,412.0,현대차증권,,,0.49,0.0369,-42.0,14.5,-9.3,14.7,6.2,22.6,-0.8,-9.2,0,0
284,034830,KOSPI,2.6,1212,1.15,470.0,,,,0.29,0.0263,-35.0,-5.4,-4.5,6.2,2.1,-8.9,-1.2,-3.4,0,0
285,267290,KOSPI,2.599,1212,1.354,260.0,경동도시가스,전력·가스,,0.11,0.014,-19.2,-4.0,-2.9,6.1,1.8,-3.0,-0.6,-25.9,0,0
286,018880,KOSPI,2.593,1212,1.437,181.0,한온시스템,기계·장비,,3.67,0.064,-37.6,51.1,-17.2,661.6,-94.5,-345.8,54.0,112.2,0,0
287,001790,KOSPI,2.587,1212,1.261,352.0,대한제당,식료품,,0.25,0.0321,-13.3,-15.4,20.0,17.1,7.0,-0.7,1.1,-7.0,0,0
288,002840,KOSPI,2.585,1212,1.012,632.0,미원상사,화학,,0.59,0.03,-26.6,-31.5,3.9,6.8,-0.4,-1.2,1.4,2.2,0,0
289,007690,KOSPI,2.58,1212,1.287,323.0,국도화학,화학,,0.33,0.0375,-20.0,-9.4,13.6,7.9,0.5,-7.9,8.4,39.1,0,0
290,037460,KOSDAQ,2.579,1212,1.595,83.0,삼지전자,반도체·전자부품,WATCH,0.54,0.0613,-41.6,269.4,-20.0,44.6,-18.1,3.0,11.4,37.2,0,0
291,071320,KOSPI,2.579,1212,0.872,777.0,지역난방공사,전력·가스,,0.78,0.0225,-40.0,-24.5,-1.7,9.0,3.8,-19.0,2.6,7.3,0,0
292,062040,KOSPI,2.576,1212,1.44,176.0,산일전기,전기장비,OBSERVE,5.46,0.0666,-46.6,175.1,-18.4,769.9,-434.4,-1028.4,153.0,810.0,0,0
293,006120,KOSPI,2.574,1212,1.102,529.0,SK디스커버리,금융(은행),,0.87,0.0386,-27.0,-19.6,11.4,26.4,-13.4,-60.6,3.3,15.6,0,0
294,000400,KOSPI,2.573,1212,1.355,256.0,롯데손해보험,,,0.64,0.0496,-24.8,2.4,10.6,18.7,-3.5,-16.1,-0.5,0.4,0,0
295,094840,KOSDAQ,2.573,1212,1.618,68.0,슈프리마에이치큐,반도체·전자부품,,0.11,0.0387,-7.8,28.9,16.7,5.8,4.8,13.9,2.1,14.1,0,0
296,016610,KOSPI,2.569,1212,1.161,460.0,,,,0.4,0.0349,-46.7,27.6,-9.7,12.9,5.2,31.7,-1.6,-30.0,0,0
297,049070,KOSDAQ,2.568,1212,1.422,192.0,인탑스,반도체·전자부품,OBSERVE,0.28,0.043,-28.6,17.5,-9.6,28.3,-14.1,-24.2,26.4,81.6,0,0
298,042660,KOSPI,2.567,1212,1.19,421.0,한화오션,조선·기타운송,WATCH,25.13,0.0548,-45.3,27.3,-25.6,2759.9,-1702.8,-1333.2,-1014.7,-1864.4,0,0
299,102260,KOSPI,2.567,1212,1.217,389.0,동성케미컬,화학,WAIT,0.18,0.0212,-25.2,-12.6,-5.3,5.1,2.1,1.3,-0.1,1.4,0,0
300,090435,KOSPI,2.565,1212,1.066,567.0,아모레퍼시픽우,,,0.41,0.0289,-30.3,-19.1,12.1,8.5,2.8,22.9,4.9,-8.1,0,0
301,078520,KOSPI,2.565,1212,1.406,204.0,에이블씨엔씨,화학,,0.26,0.0411,-36.8,41.7,-4.3,7.2,-1.4,15.2,2.2,-13.3,0,0
302,095340,KOSDAQ,2.565,1212,1.396,215.0,ISC,도매,OBSERVE,2.91,0.062,-49.3,193.9,-23.9,792.7,1847.4,2689.2,-1843.3,-2833.3,0,0
303,100120,KOSDAQ,2.564,1212,1.358,250.0,뷰웍스,의료·정밀·광학,WAIT,0.2,0.0356,-31.1,14.0,-8.7,6.6,-1.7,4.2,0.1,4.4,0,0
304,001200,KOSPI,2.561,1212,1.369,243.0,,,,0.41,0.0458,-34.2,24.9,-4.6,26.9,-5.7,-26.1,3.6,18.9,0,0
305,003555,KOSPI,2.56,1212,1.356,255.0,LG우,,,0.19,0.035,-29.2,9.2,-5.4,7.9,1.6,-26.5,-0.4,-0.2,0,0
306,440110,KOSDAQ,2.558,1212,1.47,159.0,파두,반도체·전자부품,,3.24,0.0689,-49.6,727.6,-35.0,934.2,598.1,2185.1,-265.3,-1115.4,0,0
307,108670,KOSPI,2.553,1212,1.353,262.0,LX하우시스,고무·플라스틱,,0.29,0.0411,-23.4,0.2,3.2,7.4,3.1,8.8,3.1,5.0,0,0
308,264900,KOSPI,2.551,1212,1.337,279.0,크라운제과,식료품,,0.11,0.0184,-12.4,-8.5,4.2,9.9,0.9,5.4,2.9,12.2,0,0
309,008930,KOSPI,2.55,1212,0.874,775.0,한미사이언스,금융(은행),,2.3,0.0338,-35.2,-33.3,14.1,41.1,-53.1,-47.4,43.5,35.3,0,0
310,002450,KOSPI,2.548,1212,1.382,230.0,삼익악기,기타제조,,0.11,0.0245,-17.2,-0.8,-7.8,5.9,0.2,-1.7,-0.1,-1.7,0,0
311,003090,KOSPI,2.546,1212,0.873,776.0,대웅,제약·바이오,,1.04,0.0284,-39.3,-25.4,4.3,12.0,2.7,1.2,5.8,15.4,0,0
312,251270,KOSPI,2.545,1212,0.756,868.0,넷마블,출판·SW,,3.18,0.0282,-42.9,-32.6,-3.0,89.8,34.9,3.5,-5.7,-47.1,0,0
313,439260,KOSPI,2.542,1212,0.837,811.0,대한조선,조선·기타운송,OBSERVE,1.81,0.0303,-56.2,,-22.0,45.8,23.5,-5.6,-2.4,4.1,0,0
314,457190,KOSPI,2.54,1212,1.178,441.0,이수스페셜티케미컬,화학,OBSERVE,1.82,0.0485,-53.7,78.5,-24.0,122.1,-31.0,64.7,9.8,-39.3,0,0
315,298020,KOSPI,2.538,1212,1.107,524.0,효성티앤씨,화학,WAIT,1.16,0.0423,-49.9,29.3,-18.3,67.9,-1.9,169.5,1.2,-215.9,0,0
316,003620,KOSPI,2.537,1212,1.056,579.0,KG모빌리티,자동차·부품,WATCH,0.58,0.0357,-35.6,-12.9,-9.5,17.5,0.9,-33.6,-4.7,-0.7,0,0
317,011070,KOSPI,2.534,1212,1.454,170.0,LG이노텍,반도체·전자부품,OBSERVE,18.06,0.0771,-50.1,648.0,-30.0,4107.1,2101.3,2568.2,-1599.4,-2874.4,0,0
318,151860,KOSDAQ,2.533,1212,1.191,418.0,KG에코솔루션,자동차·부품,,0.26,0.0319,-26.2,-13.9,2.2,11.5,-4.8,-28.2,0.5,1.6,0,0
319,097955,KOSPI,2.532,1212,1.189,423.0,CJ제일제당우,,,0.16,0.0135,-21.5,-17.2,-1.6,8.1,-1.5,8.1,0.0,-10.4,0,0
320,005090,KOSPI,2.53,1212,1.463,164.0,SGC에너지,전력·가스,WATCH,0.58,0.0564,-41.8,100.0,-22.4,39.2,-18.0,38.8,23.7,21.4,0,0
321,039030,KOSDAQ,2.526,1212,1.486,152.0,이오테크닉스,기계·장비,OBSERVE,4.25,0.0749,-43.6,152.3,-21.2,1140.4,1303.6,2710.4,-2016.4,-3251.1,0,0
322,272210,KOSPI,2.525,1212,0.982,662.0,한화시스템,반도체·전자부품,WATCH,12.26,0.045,-60.1,47.5,-29.1,751.0,-161.5,575.6,-16.1,-536.2,0,0
323,080220,KOSDAQ,2.523,1212,1.579,95.0,제주반도체,반도체·전자부품,WATCH,2.6,0.0829,-43.7,508.5,-19.4,4308.7,180.7,-2253.7,-124.9,411.6,0,0
324,094170,KOSDAQ,2.519,1212,1.411,202.0,동운아나텍,반도체·전자부품,WATCH,0.64,0.0552,-44.6,105.2,-19.2,41.2,-19.5,-8.5,0.0,-15.2,0,0
325,009160,KOSPI,2.519,1212,1.267,347.0,SIMPAC,철강·1차금속,,0.33,0.0396,-23.8,-8.5,14.9,6.9,-2.1,-7.9,-0.7,-1.4,0,0
326,034230,KOSPI,2.517,1212,1.009,637.0,파라다이스,예술·스포츠,WAIT,1.2,0.0385,-45.4,0.3,-14.6,95.0,-53.2,-11.6,3.8,8.4,0,0
327,015750,KOSDAQ,2.515,1212,1.047,587.0,성우하이텍,자동차·부품,WAIT,0.46,0.0336,-48.8,12.3,-10.5,25.6,2.5,2.7,0.4,-7.8,0,0
328,122990,KOSDAQ,2.513,1212,1.324,289.0,와이솔,반도체·전자부품,OBSERVE,0.16,0.0319,-31.9,10.5,-13.6,7.8,1.0,-6.0,2.9,18.8,0,0
329,306200,KOSPI,2.512,1212,1.132,498.0,세아제강,철강·1차금속,WATCH,0.34,0.0343,-34.1,-7.8,-15.2,14.6,-1.4,-10.0,10.8,33.4,0,0
330,011760,KOSPI,2.512,1212,1.11,517.0,현대코퍼레이션,도매,WATCH,0.3,0.0312,-30.0,-15.6,-5.4,7.1,0.0,-2.1,1.1,3.2,0,0
331,404990,KOSPI,2.512,1212,1.386,227.0,,,,0.23,0.041,-23.6,4.5,-16.5,10.2,1.1,-9.4,1.4,71.5,0,0
332,000990,KOSPI,2.509,1212,1.436,182.0,DB하이텍,반도체·전자부품,WATCH,4.86,0.0723,-49.3,268.2,-27.3,1447.8,2667.8,1015.2,-2784.6,-450.1,0,0
333,001540,KOSDAQ,2.508,1212,1.644,55.0,안국약품,제약·바이오,,0.13,0.0465,-10.8,36.7,-5.6,8.2,-0.3,-2.8,-0.3,-0.5,0,0
334,066970,KOSPI,2.506,1212,1.211,396.0,엘앤에프,전기장비,EXCLUDE,3.72,0.055,-56.9,148.3,-27.4,449.3,-138.8,496.6,10.1,-910.3,0,0
335,019010,KOSDAQ,2.505,1212,1.652,53.0,베뉴지,소매,OBSERVE,0.22,0.0547,-30.7,114.0,-2.3,8.6,-1.2,4.4,3.7,10.0,0,0
336,114090,KOSPI,2.501,1212,0.897,754.0,GKL,예술·스포츠,OBSERVE,0.63,0.0285,-41.4,-19.4,-15.1,36.0,-12.4,31.0,5.8,-101.0,0,0
337,140410,KOSDAQ,2.5,1212,0.883,764.0,메지온,지주·전문서비스,EXCLUDE,1.67,0.0353,-68.1,61.5,-10.3,63.2,-27.8,12.9,0.1,-27.5,0,0
338,006405,KOSPI,2.5,1212,1.371,239.0,삼성SDI우,,,0.3,0.045,-48.6,131.2,-21.0,20.4,-1.2,-12.7,-0.4,-2.5,0,0
339,218410,KOSDAQ,2.5,1212,1.251,366.0,RFHIC,반도체·전자부품,OBSERVE,1.31,0.0525,-56.1,188.5,-32.1,191.6,131.3,434.1,-83.5,-250.4,0,0
340,170900,KOSPI,2.499,1212,0.983,660.0,동아에스티,제약·바이오,,0.34,0.024,-36.0,-18.5,-2.6,6.0,3.6,14.9,-1.7,-23.6,0,0
341,170920,KOSDAQ,2.497,1212,1.754,26.0,엘티씨,화학,WATCH,0.42,0.0761,-31.7,316.3,-21.3,194.6,-26.3,19.4,40.5,106.6,0,0
342,000100,KOSPI,2.497,1212,0.696,912.0,유한양행,제약·바이오,WATCH,5.5,0.0291,-49.1,-24.8,-10.1,225.5,-4.9,38.7,22.9,-11.9,0,0
343,010780,KOSPI,2.494,1212,1.259,354.0,아이에스동서,비금속광물(시멘트·유리),WAIT,0.63,0.0486,-37.4,13.7,-14.1,20.2,4.5,30.2,-5.1,-30.9,0,0
344,000720,KOSPI,2.491,1212,1.282,329.0,현대건설,건설,WATCH,11.21,0.0639,-46.6,55.0,-22.7,1147.6,121.4,-524.5,93.8,129.8,0,0
345,476060,KOSDAQ,2.49,1212,1.215,392.0,온코닉테라퓨틱스,지주·전문서비스,,0.5,0.0438,-58.3,195.6,-30.4,36.1,15.0,72.6,0.5,-31.5,0,0
346,009290,KOSPI,2.487,1212,1.051,582.0,광동제약,제약·바이오,,0.3,0.0285,-45.4,5.9,-1.5,13.7,-6.4,-34.1,1.5,0.6,0,0
347,036890,KOSDAQ,2.487,1212,1.355,257.0,진성티이씨,기계·장비,WAIT,0.29,0.0445,-36.0,28.2,-8.7,13.7,1.7,-28.1,-0.7,34.8,0,0
348,000155,KOSPI,2.482,1212,1.29,320.0,두산우,,,1.69,0.057,-42.7,37.7,-23.1,71.7,23.9,14.9,-4.8,23.8,0,0
349,054950,KOSDAQ,2.482,1212,1.007,640.0,제이브이엠,기계·장비,,0.26,0.0192,-36.2,-16.1,-1.1,5.3,2.8,32.9,-1.4,-15.4,0,0
350,356860,KOSDAQ,2.479,1212,1.457,166.0,티엘비,반도체·전자부품,,0.62,0.0604,-49.3,368.5,-34.3,195.8,73.2,165.5,-124.1,-503.7,0,0
351,319400,KOSDAQ,2.479,1212,1.391,222.0,현대무벡스,기계·장비,WATCH,2.42,0.0661,-53.2,594.6,-38.7,476.8,-23.5,-713.1,15.6,1331.8,0,0
352,009155,KOSPI,2.477,1212,1.594,85.0,삼성전기우,,,1.57,0.085,-43.5,928.8,-8.0,1124.0,412.2,-1040.8,-23.8,-155.9,0,0
353,029460,KOSPI,2.476,1212,1.412,200.0,케이씨,의료·정밀·광학,OBSERVE,0.3,0.0485,-32.7,28.6,-8.6,16.1,0.2,3.2,6.7,13.0,0,0
354,001740,KOSPI,2.475,1212,1.584,91.0,SK네트웍스,도매,OBSERVE,1.71,0.0854,-40.4,215.8,-34.3,852.3,115.2,297.7,1.4,17.9,0,0
355,005880,KOSPI,2.473,1212,1.283,327.0,대한해운,운수·물류,WAIT,0.62,0.0506,-38.2,20.2,-0.5,63.3,5.4,39.3,-13.4,-3.1,0,0
356,200880,KOSPI,2.473,1212,1.156,466.0,서연이화,자동차·부품,BUY,0.29,0.0358,-35.4,-2.9,-6.3,12.0,2.0,-9.6,0.3,-10.5,0,0
357,009240,KOSPI,2.472,1212,0.888,761.0,한샘,도매,,0.81,0.033,-33.3,-36.2,6.5,18.3,-18.7,-54.8,36.6,95.7,0,0
358,456040,KOSPI,2.47,1212,1.404,206.0,OCI,화학,WAIT,0.75,0.0594,-44.2,90.7,-20.6,71.1,-10.6,74.3,-8.0,-64.5,0,0
359,192820,KOSPI,2.47,1212,0.825,822.0,코스맥스,화학,,2.04,0.0348,-35.7,-39.3,9.4,137.3,-124.7,-135.0,201.3,145.0,0,0
360,035720,KOSPI,2.466,1212,0.611,977.0,카카오,IT서비스,WATCH,15.35,0.0284,-48.8,-37.4,-9.2,672.4,146.3,-151.6,244.1,5.8,0,0
361,225570,KOSDAQ,2.465,1212,0.812,830.0,넥슨게임즈,출판·SW,,0.58,0.0228,-40.3,-31.3,-5.3,13.6,-0.4,16.5,2.1,-32.8,0,0
362,000210,KOSPI,2.459,1212,1.084,544.0,DL,화학,WATCH,0.93,0.0442,-42.3,1.6,-6.9,46.9,14.6,121.6,1.2,-105.2,0,0
363,900070,KOSDAQ,2.459,1212,1.601,77.0,글로벌에스엠,,,0.03,0.0335,-24.9,47.3,-14.3,5.1,1.8,6.1,-0.0,-0.9,0,0
364,005070,KOSPI,2.457,1212,1.166,454.0,코스모신소재,화학,WATCH,1.19,0.0498,-45.5,23.2,-14.3,54.5,41.9,88.2,-5.6,-10.2,0,0
365,317400,KOSPI,2.457,1212,1.402,208.0,자이에스앤디,부동산,,0.18,0.0411,-7.0,-4.8,39.5,10.1,8.3,2.9,8.3,18.3,0,0
366,031330,KOSDAQ,2.455,1212,1.607,73.0,에스에이엠티,도매,WATCH,1.09,0.0842,-42.2,426.8,-27.2,214.5,12.5,-34.6,-3.9,25.3,0,0
367,017960,KOSPI,2.453,1212,0.956,691.0,한국카본,금속가공,WATCH,1.24,0.039,-54.0,16.6,-22.3,102.4,56.8,-89.2,-47.9,36.0,0,0
368,012030,KOSPI,2.45,1212,1.336,280.0,DB,IT서비스,OBSERVE,0.3,0.0462,-38.1,31.0,-19.9,13.8,-7.9,11.8,-0.8,-5.1,0,0
369,003240,KOSPI,2.45,1212,0.813,828.0,태광산업,화학,,0.93,0.0305,-47.1,-16.4,-8.2,20.2,5.7,2.5,0.8,-29.3,0,0
370,082740,KOSPI,2.449,1212,1.283,325.0,한화엔진,기계·장비,WATCH,3.73,0.0634,-50.0,89.1,-15.7,510.7,-249.4,-873.8,41.6,88.3,0,0
371,042700,KOSPI,2.448,1212,1.337,277.0,한미반도체,기계·장비,OBSERVE,18.99,0.0739,-51.4,166.6,-26.2,4045.4,1565.4,3753.9,-2874.7,-9245.2,0,0
372,950190,KOSDAQ,2.447,1212,1.264,350.0,고스트스튜디오,출판·SW,,0.12,0.0262,-15.0,-14.5,3.2,5.6,8.1,39.3,-0.0,-1.3,0,0
373,098460,KOSDAQ,2.446,1212,1.456,167.0,고영,기계·장비,OBSERVE,1.71,0.0723,-42.5,107.2,-19.2,745.3,28.7,291.2,-75.6,-136.2,0,0
374,035810,KOSDAQ,2.446,1212,1.012,631.0,이지홀딩스,식료품,,0.28,0.0264,-49.9,11.4,-0.6,11.7,3.9,-17.3,-0.3,12.4,0,0
375,003470,KOSPI,2.443,1212,1.269,345.0,유안타증권,,,0.85,0.0541,-43.4,36.0,-8.3,32.9,-13.2,30.1,5.1,-74.5,0,0
376,290550,KOSDAQ,2.443,1212,1.529,121.0,디케이티,반도체·전자부품,OBSERVE,0.37,0.0601,-43.3,214.1,-11.9,81.1,-31.6,-52.7,24.4,136.0,0,0
377,103590,KOSPI,2.442,1212,1.208,401.0,일진전기,전기장비,OBSERVE,2.99,0.0581,-56.4,138.3,-20.5,305.7,-248.3,-785.0,106.5,20.5,0,0
378,099190,KOSDAQ,2.441,1212,1.012,630.0,아이센스,의료·정밀·광학,,0.45,0.0352,-42.3,-6.9,-7.7,8.3,-0.4,-23.4,0.8,19.7,0,0
379,352820,KOSPI,2.438,1212,0.753,871.0,하이브,미디어·엔터,,9.91,0.0372,-43.1,-32.5,12.2,676.0,-684.4,-698.8,1468.1,1828.7,0,0
380,334890,KOSPI,2.434,1212,0.991,650.0,,,,0.24,0.0216,-26.7,-34.2,8.7,5.7,1.3,0.3,2.4,11.4,0,0
381,307950,KOSPI,2.432,1212,1.363,245.0,현대오토에버,출판·SW,OBSERVE,12.11,0.0766,-52.9,269.0,-35.4,693.2,201.6,1179.4,-57.0,-667.1,0,0
382,066570,KOSPI,2.432,1212,1.401,209.0,LG전자,반도체·전자부품,WATCH,31.89,0.0885,-50.1,232.0,-12.6,4254.2,675.2,-429.4,308.2,330.8,0,0
383,000430,KOSPI,2.431,1212,1.513,136.0,대원강업,자동차·부품,WAIT,0.25,0.0527,-33.8,58.3,-25.1,26.1,-3.8,-32.2,0.2,-2.9,0,0
384,000140,KOSPI,2.431,1212,1.039,601.0,하이트진로홀딩스,금융(은행),,0.19,0.0183,-29.7,-23.5,3.1,6.2,-0.2,0.7,-0.1,-0.9,0,0
385,383310,KOSDAQ,2.426,1212,1.196,409.0,에코프로에이치엔,화학,EXCLUDE,0.54,0.0476,-41.4,12.5,-7.4,110.8,-9.7,227.2,-15.6,-219.5,0,0
386,119610,KOSDAQ,2.424,1212,1.269,346.0,인터로조,의료·정밀·광학,EXCLUDE,0.17,0.0357,-33.4,7.1,-11.3,12.6,-3.7,-20.1,-4.7,-28.5,0,0
387,145020,KOSDAQ,2.423,1212,0.813,829.0,휴젤,제약·바이오,,2.95,0.0377,-38.3,-35.9,0.0,151.7,-11.3,52.6,10.8,69.7,0,0
388,066575,KOSPI,2.421,1212,1.491,147.0,LG전자우,,,1.24,0.0756,-41.9,123.1,-5.6,135.5,72.4,364.9,-5.1,16.8,0,0
389,060250,KOSDAQ,2.417,1212,1.192,415.0,NHN KCP,금융보조,WAIT,0.49,0.0464,-48.4,39.0,-16.5,35.6,5.3,99.2,2.1,-39.8,0,0
390,006650,KOSPI,2.416,1212,1.217,390.0,대한유화,화학,OBSERVE,0.67,0.0509,-46.2,37.4,-14.2,40.0,9.1,-10.1,-14.1,50.0,0,0
391,088260,KOSPI,2.411,1212,1.047,586.0,,,,0.22,0.0264,-35.2,-14.3,-12.4,20.7,-0.4,69.6,6.4,-189.8,0,0
392,009830,KOSPI,2.41,1212,1.08,549.0,한화솔루션,화학,EXCLUDE,5.13,0.0541,-45.9,10.1,-13.5,682.4,-439.7,-741.6,-199.1,-524.9,0,0
393,008490,KOSPI,2.409,1212,1.164,456.0,서흥,화학,,0.23,0.0358,-35.0,-3.1,12.2,5.4,-1.2,0.4,1.0,-2.8,0,0
394,011170,KOSPI,2.408,1212,1.108,520.0,롯데케미칼,화학,OBSERVE,2.6,0.0533,-48.6,21.9,-19.0,108.7,10.5,-7.6,-23.7,31.9,0,0
395,006360,KOSPI,2.408,1212,1.358,249.0,GS건설,건설,,2.43,0.0695,-34.1,22.2,6.0,633.6,120.9,457.7,384.1,-166.5,0,0
396,014830,KOSPI,2.406,1212,0.92,729.0,유니드,화학,WAIT,0.42,0.031,-36.0,-25.3,-6.1,13.9,10.9,-5.3,-10.2,-8.8,0,0
397,095660,KOSDAQ,2.406,1212,0.865,786.0,네오위즈,출판·SW,,0.39,0.0249,-41.5,-22.6,-6.4,15.2,3.0,17.2,2.3,-11.4,0,0
398,344820,KOSPI,2.405,1212,0.855,794.0,KCC글라스,비금속광물(시멘트·유리),,0.36,0.0219,-35.5,-35.0,-0.4,6.0,2.4,-12.0,0.5,-27.4,0,0
399,064850,KOSDAQ,2.398,1212,1.621,64.0,에프앤가이드,IT서비스,OBSERVE,0.24,0.0605,-37.2,202.1,-17.1,26.3,-12.9,-41.2,1.1,-25.6,0,0
400,375500,KOSPI,2.397,1212,1.224,385.0,DL이앤씨,건설,WAIT,2.31,0.0603,-41.8,19.6,-15.2,502.8,97.3,57.4,68.9,182.5,0,0
401,210540,KOSPI,2.395,1212,1.194,411.0,디와이파워,기계·장비,WAIT,0.12,0.0259,-32.1,-5.8,-8.9,8.0,-0.1,7.5,0.4,-35.4,0,0
402,108490,KOSDAQ,2.393,1212,1.393,220.0,로보티즈,기계·장비,WATCH,2.85,0.0763,-52.0,321.8,-29.2,568.3,-44.8,40.2,-239.3,-374.1,0,0
403,013700,KOSPI,2.392,1212,1.433,184.0,까뮤이앤씨,건설,,0.08,0.0341,-14.1,2.9,16.0,9.8,-2.1,-2.6,0.0,-0.1,0,0
404,085660,KOSDAQ,2.391,1212,0.759,867.0,차바이오텍,제약·바이오,EXCLUDE,0.92,0.0309,-58.6,2.1,-12.6,38.7,-13.8,-3.6,11.2,27.0,0,0
405,051500,KOSDAQ,2.39,1212,1.057,578.0,CJ프레시웨이,도매,,0.27,0.0337,-36.1,-12.4,-1.7,5.4,1.3,18.4,0.6,-15.0,0,0
406,003160,KOSPI,2.387,1212,1.351,264.0,디아이,의료·정밀·광학,WATCH,0.6,0.0589,-45.2,72.2,-23.0,91.8,-30.7,39.1,-2.1,-142.7,0,0
407,051905,KOSPI,2.386,1212,0.998,645.0,LG생활건강우,,,0.2,0.0206,-31.6,-24.9,-5.9,7.3,2.3,13.6,0.3,2.2,0,0
408,243070,KOSDAQ,2.386,1212,1.323,290.0,휴온스,제약·바이오,,0.32,0.0494,-31.2,9.5,-8.0,6.2,-1.8,-11.4,0.1,-1.5,0,0
409,033240,KOSPI,2.386,1212,1.259,356.0,자화전자,반도체·전자부품,WATCH,0.56,0.0528,-53.7,132.9,-24.0,37.8,-16.6,61.3,5.4,-50.0,0,0
410,005810,KOSPI,2.386,1212,0.95,696.0,풍산홀딩스,금융(은행),WATCH,0.49,0.0358,-37.8,-19.1,-4.3,12.1,7.3,-19.8,-1.3,36.1,0,0
411,137310,KOSPI,2.385,1212,0.79,848.0,에스디바이오센서,의료·정밀·광학,OBSERVE,0.78,0.0315,-40.7,-33.8,-9.6,7.5,-0.1,7.3,2.3,-0.5,0,0
412,067900,KOSDAQ,2.384,1212,1.251,365.0,와이엔텍,수도·환경,,0.11,0.0287,-23.4,-11.6,0.8,13.0,2.8,-4.4,-0.7,-1.9,0,0
413,058610,KOSDAQ,2.384,1212,1.248,370.0,에스피지,전기장비,OBSERVE,1.47,0.0598,-58.1,253.8,-25.2,150.1,29.9,426.1,6.7,-135.6,0,0
414,050890,KOSDAQ,2.382,1212,1.269,344.0,쏠리드,반도체·전자부품,OBSERVE,0.58,0.0539,-49.7,80.1,-21.9,129.7,43.9,254.9,0.4,-11.8,0,0
415,001230,KOSPI,2.381,1212,1.202,406.0,동국홀딩스,금융(은행),WATCH,0.26,0.0401,-34.5,0.9,-7.0,13.1,-1.7,-15.6,-0.9,1.9,0,0
416,089030,KOSDAQ,2.379,1212,1.322,291.0,테크윙,기계·장비,EXCLUDE,1.41,0.0649,-46.6,77.4,-34.1,1541.6,-298.6,-566.6,8.5,178.4,0,0
417,007810,KOSPI,2.379,1212,1.372,238.0,코리아써키트,반도체·전자부품,EXCLUDE,1.55,0.0692,-54.3,955.3,-44.0,420.6,235.6,456.4,-312.2,-771.1,0,0
418,298050,KOSPI,2.378,1212,0.916,736.0,HS효성첨단소재,화학,OBSERVE,0.67,0.0374,-45.9,-9.2,-21.0,25.4,-3.3,-10.8,-3.9,-30.4,0,0
419,265520,KOSDAQ,2.377,1212,1.353,261.0,AP시스템,기계·장비,OBSERVE,0.29,0.0499,-37.2,31.7,-14.8,15.0,-5.9,7.6,-3.6,-4.6,0,0
420,178920,KOSPI,2.374,1212,1.182,433.0,PI첨단소재,고무·플라스틱,OBSERVE,0.51,0.0488,-44.1,21.0,-18.7,19.1,5.5,77.8,-1.0,-33.7,0,0
421,085620,KOSPI,2.373,1212,1.417,197.0,미래에셋생명,,,2.32,0.0794,-50.3,283.3,-24.1,611.6,13.6,172.2,-1.6,339.4,0,0
422,310210,KOSDAQ,2.369,1212,1.132,496.0,보로노이,지주·전문서비스,EXCLUDE,2.95,0.0575,-55.9,70.3,-19.0,167.6,-40.8,-119.4,19.4,136.1,0,0
423,437730,KOSDAQ,2.368,1212,1.231,378.0,삼현,자동차·부품,WATCH,0.96,0.0568,-58.7,237.2,-38.7,85.7,-12.8,-185.8,35.4,337.4,0,0
424,005950,KOSPI,2.367,1212,1.633,58.0,이수화학,화학,WATCH,0.32,0.0706,-27.9,73.2,-2.2,152.7,-68.4,-81.4,27.7,117.4,0,0
425,102710,KOSDAQ,2.367,1212,1.167,450.0,이엔에프테크놀로지,화학,OBSERVE,0.53,0.0487,-41.3,8.3,-14.6,64.5,14.8,33.3,-44.6,-4.0,0,0
426,123410,KOSDAQ,2.365,1212,1.264,349.0,코리아에프티,자동차·부품,WAIT,0.15,0.0361,-41.6,26.0,-10.6,8.0,-6.1,-11.9,5.1,3.3,0,0
427,004150,KOSPI,2.36,1212,1.379,233.0,한솔홀딩스,금융(은행),WATCH,0.12,0.0386,-28.9,11.8,-13.4,8.5,1.3,-3.6,-0.1,-1.8,0,0
428,039830,KOSDAQ,2.353,1212,1.695,42.0,오로라,전문서비스,,0.22,0.0664,-21.0,67.5,19.3,19.4,2.9,12.0,7.6,-1.0,0,0
429,105330,KOSDAQ,2.351,1212,1.437,180.0,케이엔더블유,자동차·부품,EXCLUDE,0.1,0.0388,-41.6,81.1,-31.2,8.0,-0.7,6.2,0.5,0.5,0,0
430,018260,KOSPI,2.348,1212,1.249,368.0,삼성에스디에스,IT서비스,WATCH,15.03,0.074,-46.3,44.4,-13.6,903.0,-33.3,-34.1,378.4,478.6,0,0
431,461300,KOSDAQ,2.34,1212,0.979,667.0,아이스크림미디어,출판·SW,,0.22,0.0264,-37.7,-16.7,0.9,8.6,1.1,23.9,0.3,-48.4,0,0
432,213500,KOSPI,2.337,1212,1.027,610.0,한솔제지,펄프·종이,,0.16,0.0219,-28.4,-26.5,4.7,5.2,2.3,5.7,-0.0,-13.3,0,0
433,001390,KOSPI,2.334,1212,1.035,605.0,KG케미칼,화학,WAIT,0.28,0.0358,-41.2,-7.4,-7.0,10.4,-0.6,-21.8,0.0,-2.0,0,0
434,005960,KOSPI,2.331,1212,1.34,273.0,동부건설,건설,,0.16,0.0425,-31.1,11.5,15.9,8.3,-4.4,-5.6,1.0,-3.2,0,0
435,368770,KOSDAQ,2.329,1212,1.24,374.0,파이버프로,의료·정밀·광학,OBSERVE,0.39,0.0504,-55.1,140.6,-16.6,31.7,2.2,20.3,3.0,-3.1,0,0
436,047040,KOSPI,2.329,1212,1.295,318.0,대우건설,건설,OBSERVE,6.5,0.0784,-57.4,385.0,-23.7,2302.7,163.7,-1276.6,56.2,-278.2,0,0
437,051600,KOSPI,2.329,1212,0.953,694.0,한전KPS,건설,WAIT,1.98,0.0482,-35.0,-23.8,-6.3,90.1,-3.4,-153.8,11.8,-6.6,0,0
438,105630,KOSPI,2.328,1212,0.871,779.0,한세실업,의복,,0.35,0.0296,-43.3,-17.7,3.3,6.6,-4.0,-13.2,18.7,8.6,0,0
439,160980,KOSDAQ,2.321,1212,1.6,78.0,싸이맥스,기계·장비,OBSERVE,0.31,0.0709,-39.9,231.9,-31.7,91.3,13.9,-22.9,-7.7,105.8,0,0
440,126720,KOSPI,2.321,1212,0.955,693.0,수산인더스트리,건설,EXCLUDE,0.3,0.0334,-41.6,-14.3,-12.4,7.5,-4.9,-2.4,3.3,-3.8,0,0
441,211050,KOSDAQ,2.317,1212,0.787,855.0,인카금융서비스,,,0.5,0.0306,-39.8,-36.5,9.8,15.9,-5.8,-20.0,13.1,48.2,0,0
442,317450,KOSPI,2.317,1212,0.683,921.0,명인제약,제약·바이오,,0.63,0.0262,-64.7,,-1.7,9.8,2.3,38.4,-0.5,-56.1,0,0
443,214370,KOSDAQ,2.315,1212,1.119,507.0,케어젠,제약·바이오,OBSERVE,3.19,0.0609,-60.5,126.1,-18.3,73.1,-16.9,22.6,45.7,62.2,0,0
444,217730,KOSDAQ,2.314,1212,1.385,228.0,강스템바이오텍,제약·바이오,,0.24,0.0516,-45.2,91.7,2.4,14.2,-21.8,-14.4,0.1,-0.2,0,0
445,475960,KOSDAQ,2.314,1212,1.159,463.0,토모큐브,의료·정밀·광학,EXCLUDE,0.43,0.0485,-51.1,45.7,-11.8,17.7,-7.1,-1.4,5.3,-0.0,0,0
446,257720,KOSDAQ,2.313,1212,0.726,893.0,실리콘투,도매,,2.36,0.0376,-41.7,-41.2,4.3,199.0,-246.0,-63.2,401.6,245.1,0,0
447,366030,KOSDAQ,2.313,1212,1.375,234.0,나인앤컴퍼니,의복,,0.11,0.0395,-26.5,7.9,10.8,6.8,-2.8,-3.5,0.0,-0.0,0,0
448,339770,KOSPI,2.312,1212,0.936,706.0,교촌에프앤비,도매,WAIT,0.19,0.0189,-38.6,-19.1,-9.0,6.3,2.6,-0.3,0.0,-1.2,0,0
449,249420,KOSPI,2.311,1212,0.883,765.0,일동제약,제약·바이오,OBSERVE,0.48,0.0359,-65.7,48.7,-18.9,20.8,-2.3,47.9,9.8,13.1,0,0
450,002220,KOSPI,2.31,1212,1.613,70.0,한일철강,철강·1차금속,OBSERVE,0.11,0.0509,-33.1,109.6,-32.7,11.9,-3.8,-4.8,0.0,-0.0,0,0
451,003920,KOSPI,2.308,1212,0.871,778.0,남양유업,식료품,,0.26,0.0236,-36.7,-30.5,1.3,5.9,-1.8,-9.3,0.4,29.2,0,0
452,121440,KOSDAQ,2.306,1212,1.282,330.0,골프존홀딩스,도매,,0.28,0.0498,-0.2,-16.5,43.2,35.0,5.7,0.0,153.7,347.3,0,0
453,264450,KOSDAQ,2.302,1212,1.273,340.0,유비쿼스,반도체·전자부품,WAIT,0.14,0.038,-46.0,48.6,-15.7,6.5,-4.6,-6.1,3.5,9.0,0,0
454,001820,KOSPI,2.302,1212,1.504,140.0,삼화콘덴서,반도체·전자부품,OBSERVE,1.06,0.1012,-46.5,343.0,-7.2,1572.6,-89.5,-41.0,65.6,122.5,0,0
455,067990,KOSDAQ,2.301,1212,1.219,388.0,도이치모터스,자동차판매,,0.12,0.0337,-29.0,-7.4,-5.1,5.4,1.5,-1.8,0.6,-1.7,0,0
456,039130,KOSPI,2.296,1212,0.69,917.0,하나투어,사업지원,WAIT,0.49,0.0238,-44.6,-37.2,-6.9,14.8,13.4,14.9,-9.8,-70.9,0,0
457,110990,KOSDAQ,2.294,1212,1.388,226.0,디아이티,기계·장비,OBSERVE,0.3,0.0573,-41.7,55.6,-25.3,33.3,-15.0,30.6,0.4,-29.4,0,0
458,089890,KOSDAQ,2.292,1212,1.495,145.0,코세스,기계·장비,OBSERVE,0.44,0.0718,-47.9,387.1,-27.8,51.5,-36.1,-31.9,-25.0,-71.3,0,0
459,071970,KOSPI,2.288,1212,1.052,581.0,HD현대마린엔진,기계·장비,WAIT,1.9,0.0549,-51.6,24.0,-12.0,149.5,-314.3,-378.4,280.7,295.5,0,0
460,173130,KOSDAQ,2.288,1212,1.411,201.0,오파스넷,IT서비스,WAIT,0.08,0.0376,-25.9,10.9,-16.4,7.5,-1.1,-5.8,0.0,0.0,0,0
461,010060,KOSPI,2.287,1212,1.34,274.0,OCI홀딩스,금융(은행),EXCLUDE,3.37,0.0872,-53.5,248.3,-31.5,653.4,-127.9,159.6,-55.6,-381.5,0,0
462,037710,KOSPI,2.284,1212,1.516,130.0,광주신세계,소매,,0.35,0.0691,-13.3,12.7,29.2,326.6,21.5,-43.1,0.1,-23.2,0,0
463,006340,KOSPI,2.283,1212,1.51,137.0,대원전선,전기장비,WATCH,0.78,0.0951,-45.0,239.6,-0.8,1679.5,-54.4,-589.7,7.0,18.9,0,0
464,365340,KOSDAQ,2.279,1212,1.026,612.0,성일하이텍,화학,EXCLUDE,0.44,0.0436,-59.5,55.0,-33.2,36.7,-1.0,235.7,-10.4,-311.4,0,0
465,281740,KOSDAQ,2.279,1212,0.93,716.0,레이크머티리얼즈,화학,WATCH,0.8,0.0444,-56.1,19.3,-21.0,73.6,3.1,158.6,1.0,-131.6,0,0
466,093520,KOSDAQ,2.273,1212,1.106,526.0,매커스,도매,WAIT,0.2,0.0369,-49.8,28.8,-14.6,5.8,-0.8,-9.4,-0.1,0.6,0,0
467,014820,KOSPI,2.27,1212,0.747,877.0,동원시스템즈,고무·플라스틱,,0.55,0.0328,-41.4,-39.4,-6.1,15.3,0.0,7.3,1.8,-3.6,0,0
468,195870,KOSPI,2.269,1212,1.32,293.0,해성디에스,반도체·전자부품,OBSERVE,0.84,0.0691,-52.0,153.4,-33.6,171.7,227.0,381.3,-236.2,-542.9,0,0
469,101530,KOSPI,2.268,1212,1.057,577.0,해태제과식품,식료품,,0.16,0.0311,-31.7,-17.7,-0.4,31.8,-0.4,6.8,-0.0,-0.7,0,0
470,322000,KOSPI,2.268,1212,1.252,364.0,HD현대에너지솔루션,반도체·전자부품,OBSERVE,1.18,0.0663,-56.8,219.6,-28.7,367.1,-18.0,-484.9,7.2,341.3,0,0
471,159010,KOSDAQ,2.264,1212,1.765,24.0,아스플로,기계·장비,EXCLUDE,0.21,0.0825,-31.3,357.1,-17.0,27.7,-9.6,-1.0,1.4,39.6,0,0
472,114810,KOSDAQ,2.259,1212,1.274,338.0,한솔아이원스,기계·장비,OBSERVE,0.32,0.0533,-43.0,35.3,-17.6,40.3,-16.7,-65.3,-7.9,65.0,0,0
473,090710,KOSDAQ,2.257,1212,1.062,571.0,휴림로봇,기계·장비,EXCLUDE,0.78,0.0523,-69.7,322.1,-37.7,328.9,-11.1,-271.8,21.0,800.1,0,0
474,489790,KOSPI,2.252,1212,0.997,646.0,한화비전,반도체·전자부품,WATCH,2.17,0.0543,-53.7,22.7,-36.7,251.7,106.6,337.2,-75.0,-348.1,0,0
475,003200,KOSPI,2.252,1212,1.21,399.0,일신방직,섬유,,0.25,0.0469,-32.1,-3.9,2.2,23.7,-3.1,-8.4,0.4,0.3,0,0
476,033530,KOSPI,2.249,1212,1.179,439.0,SJG세종,자동차·부품,WAIT,0.16,0.0382,-50.6,48.1,-11.6,7.2,-0.8,-1.1,1.3,0.6,0,0
477,007860,KOSPI,2.247,1212,0.958,689.0,서연,금융(은행),OBSERVE,0.18,0.0276,-38.3,-17.5,-7.3,6.3,-2.7,13.4,-0.0,-1.0,0,0
478,272110,KOSDAQ,2.245,1212,1.393,221.0,케이엔제이,반도체·전자부품,WATCH,0.19,0.0524,-44.1,83.7,-25.6,38.7,-13.0,-30.4,-1.2,24.8,0,0
479,222040,KOSDAQ,2.242,1212,1.621,65.0,코스맥스엔비티,식료품,,0.15,0.0614,-17.5,38.7,7.2,9.4,-1.6,-6.8,0.2,-5.0,0,0
480,200710,KOSDAQ,2.241,1212,1.356,254.0,에이디테크놀로지,반도체·전자부품,WATCH,0.42,0.0639,-48.2,112.2,-9.7,72.8,-150.3,-97.0,34.4,-7.0,0,0
481,232140,KOSDAQ,2.239,1212,1.023,614.0,와이씨,기계·장비,OBSERVE,0.83,0.0517,-57.1,42.8,-28.8,107.0,-23.0,144.5,-1.1,-243.8,0,0
482,083930,KOSDAQ,2.236,1212,1.143,479.0,아바코,기계·장비,OBSERVE,0.15,0.0363,-39.1,2.1,-19.6,13.6,-9.2,-60.0,-0.0,11.1,0,0
483,088910,KOSDAQ,2.235,1212,1.466,161.0,동우팜투테이블,식료품,WAIT,0.05,0.0395,-19.4,10.6,-7.2,9.9,0.3,0.0,0.8,4.3,0,0
484,336260,KOSPI,2.235,1212,1.231,380.0,두산퓨얼셀,전기장비,EXCLUDE,2.79,0.0758,-58.0,212.4,-40.7,350.2,-209.4,-464.1,280.7,377.8,0,0
485,036810,KOSDAQ,2.232,1212,1.076,558.0,에프에스티,반도체·전자부품,OBSERVE,0.45,0.0489,-58.1,66.2,-28.6,40.7,21.4,54.1,-26.7,-23.8,0,0
486,036200,KOSDAQ,2.23,1212,1.47,160.0,유니셈,기계·장비,WATCH,0.25,0.0629,-37.0,60.8,-17.3,43.1,-30.8,21.7,19.6,16.3,0,0
487,129890,KOSDAQ,2.23,1212,1.266,348.0,앱코,,,0.04,0.027,-33.6,7.3,-8.3,8.8,2.0,-1.5,0.0,0.0,0,0
488,237880,KOSDAQ,2.228,1212,0.972,674.0,클리오,화학,,0.22,0.034,-26.7,-37.1,15.5,8.1,3.7,7.8,2.2,2.2,0,0
489,001440,KOSPI,2.228,1212,1.114,513.0,대한전선,전기장비,EXCLUDE,5.53,0.0688,-61.0,133.0,-24.7,1335.4,-719.9,-2581.5,108.0,3.7,0,0
490,136490,KOSPI,2.228,1212,0.939,701.0,선진,식료품,,0.22,0.0315,-39.0,-18.5,-0.9,9.2,17.1,8.7,0.1,0.4,0,0
491,183300,KOSDAQ,2.226,1212,1.32,294.0,코미코,기계·장비,,1.36,0.0797,-52.3,162.0,-38.0,284.8,158.9,726.6,-181.6,-705.2,0,0
492,075580,KOSPI,2.226,1212,0.91,741.0,세진중공업,조선·기타운송,OBSERVE,0.65,0.0446,-56.4,16.7,-18.2,25.2,-11.3,-89.8,9.3,130.9,0,0
493,000220,KOSPI,2.223,1212,1.187,426.0,유유제약,제약·바이오,OBSERVE,0.06,0.0232,-23.8,-16.0,-5.5,6.6,1.4,1.6,0.0,-0.0,0,0
494,122640,KOSDAQ,2.223,1212,1.447,173.0,예스티,기계·장비,WATCH,0.53,0.0803,-38.0,57.0,2.5,463.5,-29.4,7.6,-8.4,79.2,0,0
495,039440,KOSDAQ,2.221,1212,1.305,308.0,에스티아이,기계·장비,OBSERVE,0.36,0.0591,-42.6,40.3,-13.3,50.1,-19.0,45.3,28.3,-1.0,0,0
496,006805,KOSPI,2.218,1212,1.275,335.0,미래에셋증권우,,,0.2,0.0483,-48.9,70.5,-7.5,21.9,-16.0,-32.8,23.8,99.0,0,0
497,144960,KOSDAQ,2.214,1212,1.52,128.0,뉴파워프라즈마,기계·장비,,0.34,0.0757,-33.5,58.8,-2.5,68.6,-65.4,-22.4,14.2,-23.6,0,0
498,064820,KOSDAQ,2.213,1212,1.19,420.0,케이프,조선·기타운송,WATCH,0.25,0.0482,-51.2,54.7,-18.0,8.2,-0.1,-1.2,-0.3,8.6,0,0
499,036540,KOSDAQ,2.212,1212,1.223,387.0,SFA반도체,반도체·전자부품,OBSERVE,0.82,0.0656,-54.6,115.2,-26.3,146.5,-34.4,-3.0,40.5,-32.2,0,0
500,204620,KOSDAQ,2.212,1212,0.927,718.0,글로벌텍스프리,금융보조,,0.36,0.039,-33.1,-30.7,10.2,54.5,36.2,84.9,-12.0,-3.4,0,0
501,475150,KOSPI,2.211,1212,1.33,285.0,SK이터닉스,건설,,1.4,0.0834,-39.6,33.7,-7.1,3156.0,-11.3,-552.4,38.1,911.2,0,0
502,052690,KOSPI,2.209,1212,0.962,684.0,한전기술,연구개발,OBSERVE,3.63,0.058,-51.3,8.7,-20.1,252.8,-30.6,-422.4,-4.9,77.2,0,0
503,376270,KOSDAQ,2.208,1212,1.161,458.0,HEM파마,지주·전문서비스,EXCLUDE,0.29,0.0489,-57.2,107.7,-6.1,7.1,-3.1,-7.8,1.2,3.2,0,0
504,108320,KOSPI,2.206,1212,0.841,805.0,LX세미콘,반도체·전자부품,WAIT,0.64,0.0417,-41.2,-25.9,-18.7,58.9,-9.9,97.7,-6.7,-186.6,0,0
505,104480,KOSDAQ,2.206,1212,1.095,532.0,티케이케미칼,화학,WAIT,0.14,0.0349,-43.4,6.0,-9.4,5.5,1.1,-6.0,0.0,-1.1,0,0
506,019180,KOSPI,2.205,1212,1.53,120.0,티에이치엔,전기장비,WATCH,0.1,0.052,-40.3,135.7,-15.4,11.4,1.5,-22.2,-0.6,6.5,0,0
507,298690,KOSPI,2.199,1212,0.924,723.0,에어부산,운수·물류,,0.24,0.0347,-34.3,-29.1,-7.6,6.1,1.7,1.8,-0.1,-5.3,0,0
508,183190,KOSPI,2.198,1212,0.92,728.0,아세아시멘트,비금속광물(시멘트·유리),,0.34,0.0385,-36.4,-24.9,-1.9,10.1,6.2,-0.5,-0.3,-11.5,0,0
509,020150,KOSPI,2.197,1212,1.131,499.0,롯데에너지머티리얼즈,반도체·전자부품,EXCLUDE,1.68,0.0654,-59.2,113.8,-29.6,125.5,77.1,16.4,-119.8,6.8,0,0
510,450080,KOSPI,2.196,1212,0.832,817.0,에코프로머티,전기장비,OBSERVE,2.54,0.0498,-58.5,10.9,-32.1,214.3,18.8,-29.8,-43.2,43.6,0,0
511,145720,KOSPI,2.195,1212,0.72,895.0,덴티움,의료·정밀·광학,OBSERVE,0.34,0.0276,-45.3,-30.7,-10.5,12.7,-1.4,-19.1,12.3,28.4,0,0
512,022100,KOSPI,2.192,1212,0.895,755.0,포스코DX,연구개발,OBSERVE,2.93,0.054,-55.1,10.4,-25.6,100.4,23.2,42.0,-23.5,-39.5,0,0
513,454910,KOSPI,2.188,1212,1.14,482.0,두산로보틱스,기계·장비,EXCLUDE,4.7,0.0742,-56.5,87.8,-32.0,694.5,-44.4,-776.6,129.6,469.4,0,0
514,097520,KOSPI,2.186,1212,0.807,833.0,엠씨넥스,반도체·전자부품,OBSERVE,0.32,0.0338,-43.2,-25.1,-11.3,11.4,0.2,-13.7,0.0,-6.1,0,0
515,013120,KOSDAQ,2.186,1212,1.162,457.0,동원개발,건설,,0.24,0.047,-26.4,-15.4,14.0,82.2,-8.6,-12.6,-1.8,-3.6,0,0
516,115180,KOSDAQ,2.183,1212,1.063,570.0,큐리언트,지주·전문서비스,EXCLUDE,0.7,0.056,-63.1,114.8,-24.5,28.6,-1.6,16.2,3.4,-20.5,0,0
517,064400,KOSPI,2.181,1212,1.083,545.0,LG씨엔에스,IT서비스,OBSERVE,6.9,0.0718,-50.5,26.1,-24.1,1129.0,113.5,221.4,84.0,22.6,0,0
518,099320,KOSDAQ,2.181,1212,1.051,583.0,쎄트렉아이,조선·기타운송,,0.82,0.0564,-64.9,134.2,-33.3,116.0,-27.6,-308.6,9.9,425.3,0,0
519,121600,KOSDAQ,2.178,1212,0.978,671.0,나노신소재,화학,WATCH,0.53,0.0489,-51.1,10.5,-20.4,40.1,1.3,64.2,-18.5,-77.5,0,0
520,030520,KOSDAQ,2.174,1212,0.693,915.0,한글과컴퓨터,출판·SW,WAIT,0.41,0.0309,-44.0,-39.0,-11.1,28.4,-9.1,-33.0,-10.9,-14.5,0,0
521,189300,KOSDAQ,2.171,1212,1.064,569.0,인텔리안테크,반도체·전자부품,WATCH,0.7,0.0564,-62.1,102.8,-33.6,118.1,18.2,220.6,-17.0,-80.8,0,0
522,004960,KOSPI,2.169,1212,1.319,296.0,한신공영,건설,,0.13,0.0469,-36.7,22.6,11.5,9.3,-0.2,-0.7,7.4,13.6,0,0
523,093370,KOSPI,2.166,1212,1.332,284.0,후성,화학,WATCH,1.15,0.089,-52.1,172.9,-33.9,1424.5,-311.6,788.2,3.7,280.8,0,0
524,105840,KOSPI,2.165,1212,1.104,528.0,우진,의료·정밀·광학,WATCH,0.28,0.0475,-56.0,57.9,-21.4,41.9,-1.1,-41.1,2.8,54.3,0,0
525,213420,KOSDAQ,2.165,1212,0.888,758.0,덕산네오룩스,반도체·전자부품,OBSERVE,0.7,0.0476,-49.3,-6.2,-17.7,65.1,-25.8,29.5,-14.0,-113.1,0,0
526,003000,KOSPI,2.165,1212,0.849,802.0,부광약품,제약·바이오,WATCH,0.39,0.0384,-59.2,14.3,-7.7,19.8,-5.5,-68.4,0.2,45.8,0,0
527,214180,KOSDAQ,2.161,1212,0.988,656.0,헥토이노베이션,IT서비스,WAIT,0.17,0.0347,-47.1,1.3,-12.6,7.9,-2.2,1.6,-0.1,0.8,0,0
528,089590,KOSPI,2.161,1212,0.765,865.0,제주항공,운수·물류,OBSERVE,0.35,0.0341,-39.4,-40.7,5.5,30.9,2.2,9.4,-0.1,5.7,0,0
529,002020,KOSPI,2.159,1212,1.012,629.0,코오롱,금융(은행),WATCH,0.56,0.0519,-48.0,6.1,-9.6,24.9,-15.7,-131.9,24.4,131.9,0,0
530,212560,KOSDAQ,2.158,1212,1.602,76.0,네오오토,자동차·부품,,0.15,0.0657,-30.7,82.6,10.3,13.4,-7.0,-21.1,0.0,0.0,0,0
531,003680,KOSPI,2.157,1212,1.166,452.0,한성기업,식료품,,0.03,0.0229,-28.8,-13.0,13.0,5.8,-0.4,-0.6,0.0,0.0,0,0
532,036620,KOSDAQ,2.156,1212,0.854,795.0,감성코퍼레이션,도매,WAIT,0.37,0.0386,-43.9,-18.3,-18.1,30.3,-14.2,41.8,13.8,-63.3,0,0
533,005690,KOSPI,2.155,1212,0.97,677.0,파미셀,반도체·전자부품,WATCH,0.67,0.0517,-45.1,-5.9,-16.4,93.9,-16.1,21.4,-10.1,-43.9,0,0
534,060720,KOSDAQ,2.154,1212,0.919,730.0,KH바텍,반도체·전자부품,EXCLUDE,0.23,0.0359,-49.8,-0.3,-8.2,21.6,-11.4,-19.6,-3.2,-8.2,0,0
535,023410,KOSDAQ,2.151,1212,1.225,384.0,유진기업,비금속광물(시멘트·유리),,0.28,0.0543,-29.4,-6.2,7.6,139.5,-34.0,-71.5,1.2,2.0,0,0
536,365270,KOSDAQ,2.149,1212,1.372,236.0,큐라클,지주·전문서비스,EXCLUDE,0.22,0.0595,-48.5,130.1,-9.9,22.4,-3.1,-26.9,2.2,59.1,0,0
537,452260,KOSPI,2.145,1212,1.345,270.0,한화갤러리아,소매,OBSERVE,0.37,0.0673,-47.4,93.4,-22.5,36.2,-1.3,5.0,0.4,4.8,0,0
538,030530,KOSDAQ,2.145,1212,1.118,508.0,원익홀딩스,화학,WATCH,1.27,0.0662,-66.3,373.6,-31.2,255.9,44.2,-323.2,3.8,650.8,0,0
539,000850,KOSPI,2.143,1212,1.311,300.0,화천기공,기계·장비,,0.07,0.0386,-25.3,-1.7,3.1,31.4,-2.5,-14.8,0.4,-0.0,0,0
540,425420,KOSDAQ,2.142,1212,1.198,407.0,티에프이,반도체·전자부품,WATCH,0.43,0.0601,-53.7,85.5,-32.2,45.7,19.9,35.5,18.5,2.6,0,0
541,014530,KOSPI,2.142,1212,0.918,733.0,극동유화,석유정제,WATCH,0.11,0.0158,-48.8,-4.1,-5.8,5.2,-0.1,-6.6,0.0,-1.0,0,0
542,000390,KOSPI,2.14,1212,0.904,748.0,SP삼화,화학,WATCH,0.16,0.0285,-52.5,4.2,-7.1,9.2,1.4,9.2,-0.4,-1.6,0,0
543,171090,KOSDAQ,2.139,1212,1.11,518.0,선익시스템,기계·장비,WATCH,0.52,0.0576,-60.8,123.1,-30.6,41.9,-4.5,0.4,-7.8,6.6,0,0
544,001430,KOSPI,2.137,1212,0.866,783.0,세아베스틸지주,철강·1차금속,OBSERVE,1.08,0.0503,-66.6,48.6,-34.7,102.4,13.2,177.5,23.0,-66.6,0,0
545,024850,KOSDAQ,2.134,1212,1.041,598.0,HLB이노베이션,반도체·전자부품,,0.36,0.0493,-58.0,50.6,-18.3,18.1,-4.0,-8.2,-0.3,13.9,0,0
546,229640,KOSPI,2.129,1212,1.174,444.0,LS에코에너지,금융(은행),OBSERVE,1.34,0.0734,-53.3,67.8,-23.1,103.3,-44.4,-277.1,39.5,297.3,0,0
547,004430,KOSPI,2.127,1212,1.15,471.0,송원산업,화학,,0.29,0.0527,-22.8,-20.3,20.4,15.9,-1.6,-23.6,14.7,17.5,0,0
548,900140,KOSPI,2.126,1212,0.791,847.0,엘브이엠씨홀딩스,자동차판매,WATCH,0.23,0.0301,-42.8,-28.3,-15.9,7.8,6.0,5.7,0.0,0.0,0,0
549,011790,KOSPI,2.122,1212,1.088,539.0,SKC,화학,EXCLUDE,4.4,0.0759,-49.1,21.3,-28.5,621.2,-27.1,-340.2,59.6,-58.3,0,0
550,117580,KOSPI,2.119,1212,0.736,886.0,대성에너지,전력·가스,,0.19,0.0188,-51.9,-14.9,-0.9,7.8,1.9,-2.3,0.3,0.5,0,0
551,009190,KOSPI,2.114,1212,1.585,90.0,대양금속,철강·1차금속,,0.09,0.0581,-9.7,23.1,8.2,13.7,-3.7,-17.8,0.0,0.0,0,0
552,330860,KOSDAQ,2.112,1212,1.454,168.0,네패스아크,전문서비스,OBSERVE,0.38,0.0854,-46.1,182.1,-24.7,190.4,26.0,-113.2,-5.3,363.6,0,0
553,033640,KOSDAQ,2.111,1212,1.338,276.0,네패스,반도체·전자부품,OBSERVE,0.43,0.0736,-51.9,180.4,-39.4,110.1,22.6,180.6,-20.9,-190.6,0,0
554,067630,KOSDAQ,2.107,1212,0.683,925.0,,,,0.37,0.0333,-44.9,-37.6,-0.8,7.2,-3.1,-7.8,0.0,0.0,0,0
555,194700,KOSDAQ,2.107,1212,0.901,750.0,노바렉스,식료품,,0.24,0.0374,-40.0,-20.6,-9.1,13.9,-2.3,-11.5,8.8,-6.1,0,0
556,042110,KOSDAQ,2.107,1212,1.106,525.0,에스씨디,전기장비,WAIT,0.05,0.0255,-32.9,-12.8,-10.2,7.3,-4.9,-2.9,0.0,0.0,0,0
557,039010,KOSDAQ,2.105,1212,1.393,219.0,현대에이치티,반도체·전자부품,OBSERVE,0.07,0.0444,-37.4,40.6,-31.1,6.1,-2.6,-12.0,0.0,0.0,0,0
558,032820,KOSDAQ,2.105,1212,1.072,563.0,우리기술,전기장비,EXCLUDE,1.68,0.0676,-66.5,227.1,-25.7,634.9,23.9,-492.2,27.3,237.6,0,0
559,067390,KOSDAQ,2.101,1212,0.933,711.0,,,,0.21,0.0371,-47.1,-5.9,-6.2,5.2,0.7,-6.0,-0.0,0.0,0,0
560,215000,KOSDAQ,2.098,1212,0.649,947.0,골프존,출판·SW,,0.25,0.0217,-48.0,-34.1,-9.7,16.7,2.4,34.5,-1.2,-85.5,0,0
561,482630,KOSDAQ,2.098,1212,1.345,269.0,삼양엔씨켐,화학,,0.28,0.0654,-44.4,61.4,-13.4,87.6,-17.6,-31.3,1.6,67.2,0,0
562,475830,KOSDAQ,2.097,1212,1.061,573.0,오름테라퓨틱,제약·바이오,EXCLUDE,1.03,0.0639,-66.9,220.5,-25.8,150.9,-25.5,-680.0,-2.8,806.4,0,0
563,087010,KOSDAQ,2.094,1212,0.882,768.0,펩트론,제약·바이오,EXCLUDE,3.74,0.0606,-58.4,18.4,-33.7,415.3,-86.6,160.8,-59.3,-783.5,0,0
564,005500,KOSPI,2.093,1212,1.303,312.0,삼진제약,제약·바이오,EXCLUDE,0.24,0.0596,-27.7,0.7,-4.9,14.8,7.1,12.1,0.2,-0.2,0,0
565,001510,KOSPI,2.093,1212,1.133,494.0,SK증권,,,0.53,0.0626,-59.4,116.8,-20.2,106.4,2.2,57.4,0.6,47.3,0,0
566,009410,KOSPI,2.086,1212,0.648,948.0,태영건설,건설,WATCH,0.48,0.0356,-44.4,-45.2,-2.7,6.7,-0.2,2.0,0.0,5.8,0,0
567,253590,KOSDAQ,2.085,1212,1.045,591.0,네오셈,기계·장비,WAIT,0.42,0.0538,-53.8,33.9,-23.1,51.6,9.3,28.7,0.3,14.9,0,0
568,090460,KOSPI,2.077,1212,1.195,410.0,비에이치,반도체·전자부품,WATCH,0.6,0.0701,-56.0,113.4,-30.5,114.7,-11.2,128.3,-9.7,-251.5,0,0
569,417200,KOSDAQ,2.076,1212,0.951,695.0,LS머트리얼즈,반도체·전자부품,OBSERVE,0.81,0.0565,-61.5,46.2,-26.3,132.7,-10.6,70.8,-11.5,-78.1,0,0
570,054210,KOSDAQ,2.075,1212,1.171,447.0,이랜텍,반도체·전자부품,OBSERVE,0.17,0.048,-51.0,47.7,-23.3,12.8,-14.3,-32.5,1.3,-0.9,0,0
571,032500,KOSDAQ,2.073,1212,1.111,516.0,케이엠더블유,반도체·전자부품,EXCLUDE,0.64,0.0646,-60.4,117.8,-42.9,65.9,14.1,34.1,-15.2,-43.7,0,0
572,060280,KOSDAQ,2.07,1212,0.754,870.0,큐렉소,소매,WATCH,0.34,0.0368,-60.0,5.2,-19.3,24.4,-1.2,56.2,5.9,-3.8,0,0
573,005010,KOSPI,2.069,1212,0.957,690.0,휴스틸,철강·1차금속,OBSERVE,0.21,0.0398,-47.4,-1.5,-19.5,29.9,-1.9,-24.0,0.1,-0.5,0,0
574,013580,KOSPI,2.069,1212,1.178,440.0,계룡건설,건설,,0.18,0.0492,-33.7,-4.2,2.6,131.5,-49.6,-65.2,0.2,-0.7,0,0
575,059090,KOSDAQ,2.066,1212,1.249,369.0,미코,반도체·전자부품,WATCH,0.51,0.0735,-45.1,38.8,-23.7,129.5,20.4,219.6,3.1,-253.4,0,0
576,466100,KOSDAQ,2.065,1212,0.923,725.0,클로봇,출판·SW,EXCLUDE,0.62,0.0531,-67.6,81.8,-27.3,69.4,16.1,127.6,10.3,28.3,0,0
577,000490,KOSPI,2.065,1212,0.778,861.0,대동,기계·장비,WATCH,0.2,0.0302,-41.8,-32.6,-4.7,13.3,7.2,13.7,-3.6,-9.6,0,0
578,013310,KOSDAQ,2.065,1212,1.124,503.0,아진산업,자동차·부품,WATCH,0.1,0.0374,-41.3,3.1,-13.9,8.2,2.2,-10.2,-0.3,-0.3,0,0
579,285130,KOSPI,2.065,1212,0.56,1015.0,SK케미칼,화학,OBSERVE,0.7,0.0361,-49.1,-44.5,-0.4,32.8,-23.0,-17.6,35.8,24.2,0,0
580,205100,KOSDAQ,2.062,1212,0.935,707.0,엑셈,출판·SW,,0.11,0.0295,-36.2,-23.1,-6.7,14.8,-2.9,37.8,0.3,-75.2,0,0
581,388720,KOSDAQ,2.061,1212,0.841,806.0,유일로보틱스,기계·장비,EXCLUDE,0.75,0.0509,-57.7,10.0,-24.0,40.6,-16.2,22.5,36.6,-24.3,0,0
582,008700,KOSPI,2.061,1212,1.016,622.0,아남전자,반도체·전자부품,,0.09,0.031,-32.9,-20.5,-0.3,6.5,-2.5,-5.1,3.8,15.1,0,0
583,323280,KOSDAQ,2.057,1212,1.079,553.0,태성,기계·장비,EXCLUDE,1.07,0.0685,-61.0,103.2,-31.3,135.0,-23.9,-12.0,-1.8,5.5,0,0
584,052020,KOSDAQ,2.054,1212,0.888,759.0,에스티큐브,도매,EXCLUDE,0.5,0.0498,-66.4,54.0,-30.4,27.3,10.1,36.7,0.7,-0.5,0,0
585,043260,KOSDAQ,2.054,1212,1.181,436.0,성호전자,반도체·전자부품,WATCH,1.34,0.0839,-64.9,3988.2,-54.0,1118.7,245.3,-287.6,-222.0,115.8,0,0
586,000157,KOSPI,2.05,1212,1.058,576.0,두산우7,,,0.32,0.0532,-42.8,-0.3,-15.1,6.2,6.0,23.2,-1.2,-14.8,0,0
587,048410,KOSDAQ,2.048,1212,0.992,649.0,현대바이오,화학,,0.67,0.0589,-65.4,97.3,-17.1,86.3,-0.3,89.0,5.4,-6.5,0,0
588,377190,KOSPI,2.047,1212,0.753,872.0,,,,0.18,0.027,-46.3,-24.2,-16.2,18.2,-2.8,63.8,-0.5,-165.6,0,0
589,389470,KOSDAQ,2.046,1212,0.856,792.0,인벤티지랩,지주·전문서비스,EXCLUDE,0.48,0.0478,-63.8,32.8,-17.8,30.5,-23.7,31.0,17.8,18.6,0,0
590,272450,KOSPI,2.046,1212,0.668,938.0,진에어,운수·물류,OBSERVE,0.28,0.0314,-44.0,-42.8,1.3,17.2,6.9,13.6,0.2,3.0,0,0
591,056080,KOSDAQ,2.042,1212,0.839,808.0,유진로봇,기계·장비,EXCLUDE,0.47,0.0469,-73.3,71.9,-32.3,49.1,-1.9,212.1,3.3,4.0,0,0
592,000250,KOSDAQ,2.042,1212,0.77,863.0,삼천당제약,제약·바이오,OBSERVE,4.43,0.0569,-84.0,59.6,-26.9,363.8,38.5,110.1,-18.4,67.9,0,0
593,010170,KOSDAQ,2.037,1212,1.189,424.0,대한광통신,전기장비,EXCLUDE,1.61,0.0965,-64.5,1984.1,-36.6,1570.7,297.1,608.9,-32.4,60.7,0,0
594,047920,KOSDAQ,2.037,1212,0.7,907.0,HLB제약,지주·전문서비스,WATCH,0.38,0.0372,-44.8,-34.8,4.1,14.0,-0.2,-14.6,0.3,0.3,0,0
595,090360,KOSDAQ,2.036,1212,1.276,334.0,로보스타,기계·장비,EXCLUDE,0.66,0.0903,-57.5,304.5,-34.8,355.7,16.2,-180.4,13.4,398.3,0,0
596,037350,KOSDAQ,2.036,1212,1.398,212.0,성도이엔지,연구개발,OBSERVE,0.12,0.0567,-43.6,82.8,-8.8,50.6,-19.2,-52.3,-0.7,-1.6,0,0
597,003780,KOSPI,2.03,1212,0.999,644.0,진양산업,고무·플라스틱,BUY,0.06,0.0248,-40.5,-11.9,-9.7,5.3,0.5,0.6,0.0,-0.0,0,0
598,000680,KOSPI,2.03,1212,0.924,724.0,LS네트웍스,도매,WAIT,0.22,0.0414,-39.0,-20.3,-8.7,6.1,-4.8,-12.7,0.2,-0.4,0,0
599,439090,KOSDAQ,2.027,1212,1.159,462.0,마녀공장,화학,,0.29,0.0586,-9.1,-27.8,26.9,41.8,-1.0,-15.3,25.6,98.2,0,0
600,206650,KOSDAQ,2.024,1212,0.668,939.0,유바이오로직스,제약·바이오,OBSERVE,0.3,0.0342,-49.8,-25.7,-11.0,24.5,0.7,-27.5,-1.1,-4.6,0,0
601,007390,KOSDAQ,2.024,1212,1.077,555.0,네이처셀,제약·바이오,WATCH,1.4,0.0742,-42.5,1.0,-29.4,134.8,-27.8,-6.7,17.9,-62.9,0,0
602,265740,KOSDAQ,2.023,1212,1.069,565.0,엔에프씨,화학,,0.09,0.0361,-44.3,5.1,1.9,9.1,-2.5,-2.9,0.6,-11.4,0,0
603,026890,KOSPI,2.021,1212,0.731,888.0,스틱인베스트먼트,금융(은행),,0.29,0.0364,-43.4,-34.7,6.1,7.7,5.8,23.8,0.0,-12.4,0,0
604,003530,KOSPI,2.019,1212,0.685,919.0,한화투자증권,,,0.96,0.0469,-53.1,-16.8,-17.6,68.9,-7.4,100.3,2.5,-89.4,0,0
605,077500,KOSPI,2.018,1212,1.229,381.0,유니퀘스트,도매,OBSERVE,0.12,0.0483,-36.6,8.0,-21.1,13.4,-1.5,-9.6,-0.6,0.3,0,0
606,001340,KOSPI,2.011,1212,1.174,445.0,PKC,화학,OBSERVE,0.25,0.0574,-30.5,-9.2,1.3,33.2,0.6,-25.5,-0.0,-0.9,0,0
607,006220,KOSPI,2.008,1212,0.68,927.0,,,,0.35,0.037,-51.1,-21.6,-26.4,202.1,-4.6,-13.6,-0.1,-14.5,0,0
608,141000,KOSDAQ,2.007,1212,1.231,379.0,비아트론,기계·장비,,0.1,0.0462,-34.1,3.5,-5.1,5.1,-2.6,-9.4,0.2,1.5,0,0
609,103140,KOSPI,2.004,1212,0.284,1130.0,풍산,철강·1차금속,WATCH,1.75,0.0288,-62.1,-47.4,-10.8,90.7,15.3,106.9,22.9,-21.3,0,0
610,460860,KOSPI,2.0,1212,0.853,796.0,동국제강,철강·1차금속,EXCLUDE,0.4,0.0481,-50.0,-7.4,-10.6,24.4,-9.0,-81.6,-2.3,39.0,0,0
611,012800,KOSPI,1.999,1212,1.044,594.0,대창,철강·1차금속,EXCLUDE,0.1,0.0371,-39.7,-8.1,-11.3,8.0,-1.8,-23.1,-0.0,-1.6,0,0
612,085910,KOSDAQ,1.998,1212,1.303,311.0,네오티스,자동차·부품,WATCH,0.2,0.0622,-57.8,776.9,-49.8,48.2,92.7,199.4,-78.0,-99.8,0,0
613,021080,KOSDAQ,1.998,1212,1.079,550.0,에이티넘인베스트,금융(은행),OBSERVE,0.1,0.0386,-45.0,7.8,-26.2,10.8,0.2,15.7,-1.2,-0.6,0,0
614,381970,KOSPI,1.997,1212,0.46,1064.0,케이카,자동차판매,OBSERVE,0.39,0.025,-53.0,-47.3,-5.1,10.5,-1.5,-9.0,-2.9,6.0,0,0
615,241520,KOSDAQ,1.995,1212,1.067,566.0,DSC인베스트먼트,금융(은행),WATCH,0.22,0.0499,-56.5,50.7,-24.3,33.0,6.4,83.0,-0.6,-12.4,0,0
616,259630,KOSDAQ,1.993,1212,1.183,431.0,엠플러스,기계·장비,WATCH,0.12,0.0472,-49.6,43.9,-17.6,9.9,-0.9,-4.4,-3.3,-4.1,0,0
617,397030,KOSDAQ,1.989,1212,1.079,552.0,에이프릴바이오,지주·전문서비스,EXCLUDE,0.62,0.0678,-64.0,141.7,-38.9,153.5,146.5,46.6,-176.5,-30.0,0,0
618,005250,KOSPI,1.988,1212,0.738,884.0,녹십자홀딩스,엔지니어링,WAIT,0.47,0.0442,-41.9,-38.8,-2.0,17.9,-2.2,43.7,-1.8,-45.0,0,0
619,002800,KOSDAQ,1.986,1212,0.955,692.0,신신제약,제약·바이오,,0.07,0.0257,-34.9,-23.5,-4.0,15.3,0.2,-7.1,0.0,-0.2,0,0
620,004100,KOSPI,1.984,1212,1.27,343.0,태양금속,자동차·부품,WATCH,0.08,0.0473,-36.8,14.2,-21.1,15.1,0.4,2.8,0.0,0.0,0,0
621,263810,KOSDAQ,1.983,1212,0.978,670.0,상신전자,반도체·전자부품,OBSERVE,0.04,0.0226,-39.6,-14.5,-8.9,5.1,-0.0,-1.2,-0.1,-0.0,0,0
622,314930,KOSDAQ,1.982,1212,0.695,913.0,바이오다인,의료·정밀·광학,WAIT,0.26,0.0352,-46.7,-30.0,-14.3,5.2,0.7,1.0,0.8,3.9,0,0
623,092070,KOSDAQ,1.979,1212,1.094,533.0,디엔에프,화학,OBSERVE,0.14,0.046,-52.4,37.1,-28.5,9.0,-10.5,-10.1,-0.4,-2.4,0,0
624,078600,KOSDAQ,1.978,1212,1.045,592.0,대주전자재료,반도체·전자부품,WATCH,1.17,0.0737,-59.4,60.9,-35.5,222.8,204.2,526.0,-181.5,-654.7,0,0
625,042520,KOSDAQ,1.977,1212,1.279,332.0,한스바이오메드,제약·바이오,,0.36,0.0773,-54.3,167.2,7.8,55.4,18.2,58.7,9.5,-82.4,0,0
626,006910,KOSDAQ,1.975,1212,1.134,491.0,보성파워텍,금속가공,EXCLUDE,0.31,0.0617,-60.5,140.7,-22.1,108.8,-43.5,-115.0,0.1,-1.0,0,0
627,278280,KOSDAQ,1.974,1212,0.749,875.0,천보,화학,WATCH,0.42,0.0443,-57.0,-3.2,-13.9,23.8,-7.6,-61.4,0.9,28.8,0,0
628,003570,KOSPI,1.972,1212,0.548,1021.0,SNT다이내믹스,자동차·부품,WATCH,1.11,0.0425,-55.3,-25.7,-21.2,28.4,-4.7,22.8,4.3,-21.9,0,0
629,010960,KOSPI,1.971,1212,1.337,278.0,삼호개발,건설,,0.11,0.0546,0.0,-12.6,46.0,191.7,-8.6,-11.6,-15.8,-15.8,0,0
630,446540,KOSDAQ,1.971,1212,1.432,185.0,메가터치,전기장비,WATCH,0.17,0.0709,-41.3,71.8,-15.8,16.1,-7.7,-18.2,2.8,4.6,0,0
631,025820,KOSPI,1.97,1212,1.011,633.0,이구산업,철강·1차금속,WATCH,0.13,0.041,-42.5,-6.9,-11.8,9.8,-6.0,-25.4,0.0,-0.8,0,0
632,003280,KOSPI,1.97,1212,0.702,905.0,흥아해운,운수·물류,OBSERVE,0.39,0.041,-64.0,7.0,-13.4,141.8,7.3,4.7,0.4,0.0,0,0
633,417840,KOSDAQ,1.965,1212,1.462,165.0,저스템,기계·장비,,0.22,0.0872,-48.4,274.8,-31.4,124.5,-21.4,-36.1,-22.4,-27.2,0,0
634,003350,KOSPI,1.963,1212,0.834,816.0,한국화장품제조,화학,,0.18,0.0371,-41.9,-25.0,-2.5,8.1,2.8,-1.2,3.8,8.6,0,0
635,041440,KOSDAQ,1.96,1212,1.073,562.0,현대에버다임,기계·장비,WATCH,0.11,0.0427,-38.4,-7.1,-15.5,14.3,-0.8,5.1,-0.4,-0.5,0,0
636,039740,KOSDAQ,1.96,1212,1.256,361.0,한국정보공학,도매,WAIT,0.02,0.0401,-41.0,21.8,-12.4,6.0,0.1,-3.9,0.0,0.1,0,0
637,271940,KOSPI,1.959,1212,0.612,971.0,일진하이솔루스,조선·기타운송,EXCLUDE,0.34,0.0361,-54.0,-21.8,-26.8,6.0,1.8,-7.9,-0.2,2.6,0,0
638,004560,KOSPI,1.959,1212,0.934,710.0,현대비앤지스틸,철강·1차금속,WAIT,0.16,0.041,-50.9,4.3,-12.6,10.0,-0.7,0.4,-0.6,5.6,0,0
639,123860,KOSDAQ,1.959,1212,0.983,661.0,아나패스,반도체·전자부품,WATCH,0.17,0.0438,-39.3,-14.5,-6.8,6.6,-6.0,-26.2,0.0,-0.1,0,0
640,112610,KOSPI,1.957,1212,0.789,851.0,씨에스윈드,금속가공,WAIT,1.65,0.0583,-49.2,-15.1,-5.6,340.2,5.5,-629.9,58.0,-7.2,0,0
641,080580,KOSDAQ,1.955,1212,1.289,321.0,오킨스전자,반도체·전자부품,WATCH,0.26,0.0716,-53.8,168.4,-27.8,46.9,-11.0,27.8,2.6,-28.9,0,0
642,089980,KOSDAQ,1.954,1212,0.829,818.0,상아프론테크,고무·플라스틱,EXCLUDE,0.22,0.0404,-52.7,-5.5,-21.6,7.7,-0.5,6.1,-3.3,1.3,0,0
643,174900,KOSDAQ,1.953,1212,0.961,686.0,앱클론,제약·바이오,EXCLUDE,0.46,0.0577,-74.1,194.5,-20.5,47.7,6.2,-2.5,9.5,43.1,0,0
644,327260,KOSDAQ,1.953,1212,1.197,408.0,RF머트리얼즈,반도체·전자부품,WATCH,0.36,0.0712,-63.9,1064.8,-29.3,84.1,-13.5,123.5,-19.8,-177.0,0,0
645,002700,KOSPI,1.953,1212,1.018,618.0,신일전자,도매,WAIT,0.08,0.0349,-33.2,-19.3,-4.8,32.7,-15.4,-20.0,0.0,-0.8,0,0
646,036630,KOSDAQ,1.951,1212,1.527,124.0,세종텔레콤,건설,,0.09,0.0645,-39.4,117.9,-27.1,6.6,-0.3,-5.7,0.0,0.0,0,0
647,002030,KOSPI,1.949,1212,0.494,1055.0,아세아,엔지니어링,,0.39,0.0314,-52.5,-44.8,6.5,11.3,-3.5,-18.9,3.6,8.8,0,0
648,347890,KOSDAQ,1.945,1212,0.938,704.0,엠엑스온,의료·정밀·광학,EXCLUDE,0.07,0.0286,-44.6,-9.1,-14.5,9.7,0.7,-2.1,0.1,1.0,0,0
649,048550,KOSDAQ,1.945,1212,1.045,590.0,SM C&C,엔지니어링,,0.15,0.0459,-16.0,-40.2,70.5,21.0,-3.4,17.4,0.1,-0.2,0,0
650,078350,KOSDAQ,1.937,1212,1.26,353.0,한양디지텍,반도체·전자부품,OBSERVE,0.29,0.0738,-55.1,163.0,-19.7,55.5,-28.0,-44.0,-4.5,-69.1,0,0
651,012610,KOSPI,1.935,1212,1.043,596.0,경인양행,화학,OBSERVE,0.12,0.044,-50.8,19.8,-24.8,11.0,-3.7,-5.4,-0.0,1.0,0,0
652,009900,KOSPI,1.935,1212,0.857,791.0,명신산업,자동차·부품,WAIT,0.37,0.0501,-52.1,-2.0,-13.6,13.0,-4.2,-19.6,5.7,-5.6,0,0
653,117730,KOSDAQ,1.935,1212,0.931,714.0,티로보틱스,기계·장비,WATCH,0.26,0.0495,-59.7,33.6,-25.6,17.6,0.0,21.6,2.2,7.6,0,0
654,215600,KOSDAQ,1.931,1212,0.611,975.0,신라젠,지주·전문서비스,EXCLUDE,0.3,0.0359,-56.7,-16.4,-11.3,13.4,0.5,-5.9,0.1,0.0,0,0
655,091580,KOSDAQ,1.931,1212,1.184,429.0,상신이디피,전기장비,EXCLUDE,0.18,0.0568,-56.1,108.6,-19.7,26.4,-10.0,3.6,3.6,10.9,0,0
656,033500,KOSDAQ,1.923,1212,0.578,1004.0,동성화인텍,화학,,0.48,0.0395,-52.5,-30.9,-11.1,30.4,4.1,6.8,-0.6,-35.5,0,0
657,009070,KOSPI,1.922,1212,0.808,832.0,KCTC,운수·물류,WAIT,0.12,0.0315,-50.8,-10.5,-7.3,5.1,0.9,2.9,-0.0,-1.8,0,0
658,001530,KOSPI,1.922,1212,0.672,934.0,DI동일,도매,,0.48,0.0444,-44.4,-40.3,1.8,12.8,-3.4,-2.1,1.0,-20.5,0,0
659,004980,KOSPI,1.915,1212,1.132,497.0,성신양회,비금속광물(시멘트·유리),,0.23,0.0594,-29.9,-14.2,15.6,26.7,-8.3,-7.4,0.0,-0.4,0,0
660,060370,KOSDAQ,1.914,1212,0.867,780.0,LS마린솔루션,건설,WATCH,1.23,0.0644,-53.0,1.0,-19.5,61.3,-71.3,-7.2,89.9,-36.8,0,0
661,445680,KOSDAQ,1.913,1212,0.888,760.0,큐리옥스바이오시스템즈,의료·정밀·광학,EXCLUDE,0.68,0.0614,-71.9,91.8,-43.3,79.1,-30.6,161.3,7.8,-66.8,0,0
662,146320,KOSDAQ,1.91,1212,1.293,319.0,비씨엔씨,반도체·전자부품,WAIT,0.13,0.0595,-43.6,40.7,-17.1,10.6,-2.4,-40.4,1.0,-1.1,0,0
663,311320,KOSDAQ,1.908,1212,1.394,217.0,지오엘리먼트,반도체·전자부품,,0.12,0.0645,-17.1,0.6,37.0,28.3,-16.8,-15.6,14.0,36.1,0,0
664,048870,KOSDAQ,1.907,1212,0.672,933.0,시너지이노베이션,의료·정밀·광학,WATCH,0.15,0.0274,-45.4,-37.1,-5.3,6.5,2.6,5.0,0.9,0.9,0,0
665,388210,KOSDAQ,1.907,1212,0.801,837.0,씨엠티엑스,반도체·전자부품,OBSERVE,0.67,0.0559,-58.1,,-35.0,70.8,7.4,-40.6,-25.0,-19.9,0,0
666,051370,KOSDAQ,1.903,1212,0.901,751.0,인터플렉스,반도체·전자부품,OBSERVE,0.16,0.041,-54.0,8.4,-25.3,9.2,-7.6,-21.3,2.3,-0.1,0,0
667,041920,KOSDAQ,1.901,1212,1.013,627.0,메디아나,의료·정밀·광학,OBSERVE,0.18,0.0495,-66.0,123.4,-24.6,11.7,11.9,18.1,0.1,1.4,0,0
668,347700,KOSDAQ,1.901,1212,1.088,540.0,스피어,출판·SW,,0.97,0.0908,-64.7,167.6,-36.8,613.0,19.7,39.6,30.8,191.8,0,0
669,130660,KOSPI,1.9,1212,0.603,981.0,한전산업,연구개발,,0.35,0.0382,-57.9,-15.5,-14.0,35.6,4.0,-53.3,0.1,8.3,0,0
670,052460,KOSDAQ,1.897,1212,1.394,218.0,아이크래프트,IT서비스,,0.05,0.0526,-28.2,12.4,13.9,6.2,-0.4,-12.7,0.1,0.1,0,0
671,089010,KOSDAQ,1.895,1212,0.971,675.0,켐트로닉스,화학,OBSERVE,0.35,0.058,-54.6,21.7,-25.4,39.5,6.0,2.3,-3.0,-27.7,0,0
672,399720,KOSDAQ,1.894,1212,1.014,626.0,가온칩스,반도체·전자부품,EXCLUDE,0.51,0.067,-46.4,3.3,-8.9,99.8,-48.8,-24.5,-59.7,-15.6,0,0
673,061970,KOSDAQ,1.891,1212,1.204,404.0,LB세미콘,반도체·전자부품,WATCH,0.22,0.0652,-42.3,17.5,-7.4,22.1,-14.8,-45.8,15.7,50.4,0,0
674,331920,KOSDAQ,1.891,1212,1.561,101.0,셀레믹스,제약·바이오,EXCLUDE,0.1,0.0762,-44.2,396.7,-32.5,6.3,-0.8,-6.4,0.0,6.6,0,0
675,036710,KOSDAQ,1.885,1212,1.447,172.0,심텍홀딩스,엔지니어링,,0.17,0.0835,-47.4,210.9,-28.0,22.2,-8.7,-9.5,-1.5,-10.2,0,0
676,372320,KOSDAQ,1.883,1212,0.746,879.0,큐로셀,지주·전문서비스,,0.46,0.0499,-53.2,-11.7,7.6,24.5,0.0,-57.6,-4.8,-1.3,0,0
677,001360,KOSPI,1.883,1212,0.85,801.0,삼성제약,제약·바이오,EXCLUDE,0.12,0.0365,-42.2,-22.4,-4.3,7.5,-0.2,-2.9,-0.0,-2.3,0,0
678,200470,KOSDAQ,1.881,1212,1.275,336.0,에이팩트,반도체·전자부품,WATCH,0.22,0.0724,-57.7,309.1,-42.6,103.7,-28.6,-16.8,-6.9,-10.9,0,0
679,128820,KOSPI,1.879,1212,0.798,842.0,대성산업,소매,OBSERVE,0.19,0.0398,-64.7,23.9,-19.1,11.9,1.5,23.6,0.0,-2.2,0,0
680,040350,KOSDAQ,1.877,1212,1.506,139.0,크레오에스지,IT서비스,,0.16,0.0947,-32.4,47.7,-18.4,26.7,-8.1,-0.4,0.9,0.9,0,0
681,032580,KOSDAQ,1.876,1212,1.532,118.0,피델릭스,반도체·전자부품,EXCLUDE,0.15,0.1123,-45.2,348.0,-8.8,76.1,-55.7,-60.5,-0.5,3.1,0,0
682,065680,KOSDAQ,1.876,1212,1.061,572.0,우주일렉트로,반도체·전자부품,OBSERVE,0.25,0.0589,-43.2,0.8,-29.1,7.8,-6.0,-13.5,0.0,-1.0,0,0
683,295310,KOSDAQ,1.875,1212,1.114,512.0,에이치브이엠,철강·1차금속,WATCH,0.55,0.083,-65.5,263.8,-54.7,242.0,-51.0,3.3,3.4,128.4,0,0
684,187660,KOSDAQ,1.874,1212,1.016,621.0,페니트리움바이오,지주·전문서비스,EXCLUDE,0.24,0.056,-76.4,455.6,-29.8,26.3,7.4,61.2,0.0,0.0,0,0
685,077970,KOSPI,1.873,1212,0.905,747.0,STX엔진,기계·장비,OBSERVE,0.98,0.0689,-63.2,40.7,-25.5,103.1,-32.9,13.4,-2.9,-327.1,0,0
686,006110,KOSPI,1.872,1212,1.122,506.0,삼아알미늄,철강·1차금속,EXCLUDE,0.51,0.0822,-64.9,238.5,-44.6,78.3,12.7,242.2,-8.6,-127.6,0,0
687,168360,KOSDAQ,1.866,1212,1.087,541.0,펨트론,기계·장비,WATCH,0.31,0.0659,-55.4,49.6,-33.0,32.3,-13.5,0.2,8.0,8.1,0,0
688,058430,KOSPI,1.865,1212,1.146,476.0,포스코스틸리온,철강·1차금속,OBSERVE,0.28,0.0686,-48.6,30.8,-9.1,139.1,0.3,-64.0,0.5,2.9,0,0
689,382800,KOSDAQ,1.862,1212,1.207,402.0,지앤비에스 에코,기계·장비,WATCH,0.14,0.0583,-51.7,64.5,-25.5,24.9,-7.5,25.8,-1.1,4.0,0,0
690,059210,KOSDAQ,1.862,1212,0.738,883.0,메타바이오메드,제약·바이오,,0.1,0.0274,-42.9,-35.2,5.5,6.9,0.4,-4.4,-0.4,-3.1,0,0
691,138080,KOSDAQ,1.862,1212,1.148,474.0,오이솔루션,반도체·전자부품,EXCLUDE,0.25,0.0657,-62.8,222.8,-31.2,67.5,24.4,175.0,5.1,-53.9,0,0
692,243840,KOSDAQ,1.861,1212,0.979,665.0,신흥에스이씨,전기장비,OBSERVE,0.17,0.049,-61.2,50.6,-24.7,11.1,-2.1,-4.0,-0.4,-0.6,0,0
693,377300,KOSPI,1.86,1212,0.38,1096.0,카카오페이,금융보조,WATCH,5.16,0.0467,-56.0,-52.9,-10.2,108.4,43.1,116.3,-12.8,147.1,0,0
694,011500,KOSPI,1.859,1212,0.823,825.0,한농화성,화학,OBSERVE,0.19,0.0424,-55.5,2.3,-23.0,14.3,0.6,28.6,-0.8,-2.6,0,0
695,073490,KOSDAQ,1.859,1212,1.004,643.0,LIG아큐버,반도체·전자부품,EXCLUDE,0.17,0.0507,-60.5,55.7,-30.3,28.3,3.1,56.2,-3.8,1.6,0,0
696,052710,KOSDAQ,1.856,1212,1.362,246.0,아모텍,반도체·전자부품,WATCH,0.23,0.0935,-50.0,161.6,-32.9,206.2,-56.8,-109.7,-4.4,73.8,0,0
697,228760,KOSDAQ,1.856,1212,0.583,1000.0,지노믹트리,지주·전문서비스,EXCLUDE,0.27,0.0362,-66.0,-1.7,-10.1,9.9,-3.6,3.4,0.9,-1.9,0,0
698,118990,KOSDAQ,1.855,1212,0.695,914.0,모트렉스,자동차·부품,WAIT,0.13,0.0308,-48.7,-25.7,-19.2,6.6,1.9,9.5,0.0,-0.0,0,0
699,234340,KOSDAQ,1.853,1212,0.975,673.0,헥토파이낸셜,금융보조,,0.24,0.0541,-58.1,37.6,-25.4,38.4,12.5,75.1,-12.5,-33.8,0,0
700,003720,KOSPI,1.853,1212,1.169,449.0,삼영,고무·플라스틱,OBSERVE,0.2,0.0629,-57.4,115.5,-29.7,36.9,-3.2,41.3,-0.5,7.9,0,0
701,005740,KOSPI,1.852,1212,0.795,845.0,크라운해태홀딩스,금융(은행),WAIT,0.08,0.0277,-44.2,-24.2,-2.7,6.1,0.7,-1.1,-0.0,-2.2,0,0
702,114190,KOSDAQ,1.85,1212,0.99,653.0,강원에너지,전기장비,,0.21,0.0534,-56.1,31.3,-13.0,18.9,-11.0,-15.9,-1.4,-3.7,0,0
703,126340,KOSDAQ,1.848,1212,1.146,477.0,비나텍,전기장비,WATCH,0.51,0.0925,-63.4,233.4,-33.9,144.2,-176.9,-97.3,72.9,-29.1,0,0
704,234690,KOSDAQ,1.845,1212,0.796,843.0,녹십자웰빙,제약·바이오,,0.14,0.0374,-47.4,-17.2,1.1,8.6,-3.8,-18.8,0.0,-3.3,0,0
705,042500,KOSDAQ,1.845,1212,1.21,398.0,링네트,IT서비스,,0.09,0.0519,-36.8,6.6,-1.4,8.8,5.2,2.3,-0.0,-0.2,0,0
706,043650,KOSDAQ,1.844,1212,1.046,589.0,국순당,음료,,0.06,0.0392,-27.6,-25.5,4.9,45.7,-1.8,-4.7,-0.3,-0.5,0,0
707,393890,KOSDAQ,1.844,1212,1.04,600.0,더블유씨피,전기장비,EXCLUDE,0.28,0.0625,-59.8,61.6,-32.7,27.3,0.6,47.4,-1.3,-29.7,0,0
708,094820,KOSDAQ,1.836,1212,0.916,735.0,일진파워,건설,OBSERVE,0.16,0.0468,-53.0,7.6,-13.3,25.0,-1.6,-67.9,-0.2,3.6,0,0
709,007680,KOSDAQ,1.835,1212,1.283,326.0,대원,건설,,0.06,0.0515,-10.9,-14.4,13.5,9.7,-0.3,-0.1,-0.2,-0.3,0,0
710,083500,KOSDAQ,1.834,1212,1.335,281.0,에프엔에스테크,기계·장비,OBSERVE,0.11,0.0631,-45.2,62.8,-26.4,21.1,-7.5,3.9,-4.4,-39.3,0,0
711,452430,KOSDAQ,1.833,1212,1.148,473.0,사피엔반도체,반도체·전자부품,OBSERVE,0.22,0.0649,-50.2,39.4,-23.8,16.3,-16.1,-26.8,0.9,-4.4,0,0
712,077360,KOSDAQ,1.826,1212,1.192,416.0,덕산하이메탈,반도체·전자부품,OBSERVE,0.35,0.0862,-60.3,227.5,-40.3,91.5,15.6,81.2,-34.2,-169.2,0,0
713,107640,KOSDAQ,1.822,1212,1.051,584.0,한중엔시에스,전기장비,WATCH,0.27,0.0633,-59.2,61.2,-28.1,30.1,1.4,10.6,-4.6,-50.0,0,0
714,098120,KOSDAQ,1.822,1212,1.135,490.0,마이크로컨텍솔,반도체·전자부품,OBSERVE,0.17,0.0604,-48.0,25.2,-24.5,20.3,-13.0,-19.6,-0.3,-17.6,0,0
715,304360,KOSDAQ,1.817,1212,1.055,580.0,에스바이오메딕스,제약·바이오,EXCLUDE,0.23,0.0612,-53.7,35.8,-39.1,23.0,-5.6,-19.9,2.1,-13.1,0,0
716,001250,KOSPI,1.817,1212,0.922,726.0,GS글로벌,도매,EXCLUDE,0.21,0.0514,-52.9,7.4,-13.2,38.6,-18.7,-44.7,0.0,-4.0,0,0
717,336370,KOSPI,1.815,1212,0.987,658.0,솔루스첨단소재,반도체·전자부품,EXCLUDE,0.53,0.073,-53.6,20.6,-30.1,39.1,10.0,10.8,-16.8,-26.0,0,0
718,376900,KOSDAQ,1.813,1212,0.97,676.0,로킷헬스케어,제약·바이오,WATCH,0.57,0.0731,-75.5,225.1,-27.7,92.0,-2.7,-78.1,-3.4,-14.4,0,0
719,263800,KOSDAQ,1.811,1212,1.193,414.0,데이타솔루션,도매,,0.1,0.0539,0.0,-25.7,38.8,5.5,-1.4,-3.8,0.0,-0.4,0,0
720,348210,KOSDAQ,1.808,1212,0.801,838.0,넥스틴,기계·장비,EXCLUDE,0.41,0.0551,-60.5,12.0,-28.2,65.5,-27.6,146.8,-11.7,-264.2,0,0
721,033160,KOSDAQ,1.807,1212,1.213,393.0,엠케이전자,반도체·전자부품,WATCH,0.34,0.0966,-58.8,207.7,-36.2,257.9,247.6,11.0,-197.2,25.9,0,0
722,079960,KOSDAQ,1.806,1212,0.885,763.0,동양이엔피,전기장비,WAIT,0.15,0.0452,-46.6,-11.0,-6.3,7.5,1.2,-3.8,-0.1,-0.6,0,0
723,138360,KOSDAQ,1.805,1212,1.357,253.0,앤로보틱스,기계·장비,WATCH,0.14,0.0758,-53.0,254.0,-22.8,14.1,-2.5,-1.6,1.0,1.4,0,0
724,019170,KOSPI,1.804,1212,0.623,957.0,신풍제약,제약·바이오,WATCH,0.42,0.0468,-49.3,-32.9,-9.0,6.7,4.6,19.9,0.1,0.1,0,0
725,100790,KOSDAQ,1.803,1212,1.015,624.0,미래에셋벤처투자,금융(은행),OBSERVE,0.8,0.0919,-77.6,502.8,-61.7,632.4,17.8,193.2,2.8,377.7,0,0
726,025900,KOSDAQ,1.803,1212,0.693,916.0,동화기업,목재,OBSERVE,0.29,0.0453,-55.2,-12.6,-25.1,6.1,-2.9,-2.0,1.2,0.6,0,0
727,033790,KOSDAQ,1.799,1212,0.944,699.0,피노,전기장비,WATCH,0.45,0.0667,-70.8,128.3,-40.8,64.1,3.2,45.5,0.2,-32.6,0,0
728,189330,KOSDAQ,1.798,1212,1.514,134.0,씨이랩,출판·SW,,0.12,0.1009,0.0,7.9,53.3,20.2,-7.9,-24.3,0.0,-0.9,0,0
729,004090,KOSPI,1.79,1212,0.533,1029.0,한국석유,비금속광물(시멘트·유리),WATCH,0.14,0.0233,-61.2,-15.9,-8.5,25.2,5.0,12.1,0.0,-0.2,0,0
730,063160,KOSPI,1.788,1212,0.727,892.0,종근당바이오,제약·바이오,WATCH,0.07,0.0249,-45.4,-29.5,-13.5,20.8,0.3,3.4,0.0,-1.3,0,0
731,010690,KOSPI,1.787,1212,1.145,478.0,화신,자동차·부품,OBSERVE,0.3,0.0783,-45.5,20.1,-18.1,224.3,6.9,-0.2,-5.5,-55.0,0,0
732,066980,KOSDAQ,1.784,1212,1.521,127.0,한성크린텍,연구개발,,0.1,0.0859,-25.8,31.4,7.3,89.5,-3.0,2.1,-2.9,0.5,0,0
733,161000,KOSPI,1.783,1212,0.787,854.0,애경케미칼,화학,WATCH,0.45,0.0572,-51.9,-10.1,-9.7,22.2,-0.8,-11.0,-1.0,-7.3,0,0
734,094360,KOSDAQ,1.783,1212,0.827,821.0,칩스앤미디어,반도체·전자부품,EXCLUDE,0.24,0.0506,-43.5,-22.1,-15.9,27.3,-44.2,-23.5,2.2,-3.4,0,0
735,064260,KOSDAQ,1.781,1212,0.587,997.0,다날,출판·SW,,0.3,0.0415,-64.3,-6.8,-22.0,30.3,11.8,64.2,0.5,5.3,0,0
736,035510,KOSPI,1.78,1212,0.703,903.0,신세계 I&C,IT서비스,OBSERVE,0.17,0.0388,-48.0,-26.0,-15.8,13.0,4.1,-0.1,-0.1,-6.5,0,0
737,037070,KOSDAQ,1.779,1212,1.19,419.0,파세코,전기장비,,0.14,0.0619,-32.9,-5.1,5.3,98.7,1.6,-9.7,0.5,0.5,0,0
738,348340,KOSDAQ,1.778,1212,0.858,788.0,뉴로메카,기계·장비,,0.38,0.0595,-73.7,85.5,-30.5,66.2,8.4,82.7,33.1,41.1,0,0
739,462350,KOSDAQ,1.778,1212,0.934,709.0,이노스페이스,조선·기타운송,,0.19,0.0522,-65.2,60.2,-48.0,40.9,-10.7,-1.4,-23.6,-129.8,0,0
740,124500,KOSDAQ,1.776,1212,0.866,782.0,아이티센글로벌,IT서비스,WATCH,0.46,0.0632,-72.7,84.6,-54.8,128.9,-10.1,-188.1,2.1,460.8,0,0
741,024740,KOSDAQ,1.773,1212,0.99,651.0,한일단조,자동차·부품,WAIT,0.07,0.0409,-48.2,3.7,-11.5,9.0,1.1,-7.4,0.0,0.0,0,0
742,242040,KOSDAQ,1.77,1212,1.353,263.0,나무기술,출판·SW,WATCH,0.14,0.0775,-54.4,396.2,-48.3,93.0,-6.7,15.9,0.3,0.6,0,0
743,187870,KOSDAQ,1.769,1212,1.327,286.0,디바이스,기계·장비,,0.18,0.0835,-54.7,292.3,-42.7,39.5,2.1,95.5,-20.2,-73.1,0,0
744,053690,KOSPI,1.768,1212,0.8,840.0,한미글로벌,연구개발,WAIT,0.18,0.0455,-49.6,-13.7,-5.3,26.6,0.5,-64.8,-3.1,26.5,0,0
745,052900,KOSDAQ,1.768,1212,1.379,232.0,KX하이텍,고무·플라스틱,WAIT,0.09,0.0666,-42.6,60.3,-19.8,26.9,-4.7,16.8,-2.8,-21.8,0,0
746,009270,KOSPI,1.767,1212,0.599,986.0,신원,의복,WATCH,0.11,0.0266,-48.8,-39.5,-5.1,5.9,3.2,4.7,-0.7,-1.9,0,0
747,086900,KOSDAQ,1.767,1212,0.326,1117.0,메디톡스,제약·바이오,OBSERVE,0.53,0.0365,-59.0,-52.2,-10.5,52.8,-5.4,197.0,3.1,-243.2,0,0
748,161580,KOSDAQ,1.764,1212,0.839,809.0,필옵틱스,기계·장비,WATCH,0.67,0.0678,-54.8,3.1,-25.8,77.1,-2.3,-63.2,-6.1,-6.1,0,0
749,086890,KOSDAQ,1.758,1212,0.617,965.0,이수앱지스,제약·바이오,,0.13,0.0324,-47.1,-40.8,5.1,5.2,0.4,-6.3,-0.0,-4.6,0,0
750,005860,KOSDAQ,1.757,1212,0.666,941.0,한일사료,식료품,,0.09,0.028,-47.8,-32.5,-3.0,13.6,-0.7,-6.2,0.0,-0.1,0,0
751,079900,KOSPI,1.752,1212,0.736,885.0,전진건설로봇,기계·장비,WATCH,0.5,0.0575,-52.7,-14.0,-32.2,37.8,-8.4,15.3,-4.2,-27.9,0,0
752,332570,KOSDAQ,1.75,1212,1.158,464.0,PS일렉트로닉스,반도체·전자부품,WATCH,0.27,0.0804,-59.9,154.2,-29.6,92.0,-8.6,109.0,-0.8,-2.5,0,0
753,491000,KOSDAQ,1.75,1212,0.729,889.0,리브스메드,의료·정밀·광학,EXCLUDE,0.86,0.0639,-62.2,,-14.8,84.7,-18.1,3.2,1.1,17.5,0,0
754,144510,KOSDAQ,1.748,1212,0.683,923.0,지씨셀,전문서비스,WAIT,0.21,0.0428,-51.0,-21.4,-17.4,8.0,-1.6,-2.4,0.1,1.2,0,0
755,014910,KOSPI,1.747,1212,1.663,49.0,성문전자,반도체·전자부품,,0.05,0.1079,-27.5,86.7,15.9,111.3,8.1,-20.4,-0.0,0.0,0,0
756,001795,KOSPI,1.746,1212,1.215,391.0,대한제당우,,,0.01,0.0487,-23.5,-14.3,4.5,5.0,-0.5,1.0,0.0,0.0,0,0
757,000650,KOSPI,1.744,1212,1.137,486.0,천일고속,운수·물류,OBSERVE,0.23,0.0729,-65.4,366.7,-17.4,30.5,-0.4,-2.7,0.0,0.6,0,0
758,099430,KOSDAQ,1.737,1212,0.611,974.0,바이오플러스,제약·바이오,WATCH,0.24,0.0415,-49.8,-33.3,-14.0,14.7,5.0,7.9,1.6,2.9,0,0
759,015860,KOSPI,1.736,1212,0.925,722.0,일진홀딩스,금융(은행),WATCH,0.27,0.0613,-61.3,39.0,-19.1,11.6,-5.4,-25.5,-0.1,1.0,0,0
760,086820,KOSDAQ,1.736,1212,0.598,987.0,바이오솔루션,제약·바이오,EXCLUDE,0.14,0.0338,-57.5,-16.6,-21.5,6.4,0.2,-3.8,-0.5,0.0,0,0
761,441270,KOSDAQ,1.734,1212,0.839,807.0,파인엠텍,반도체·전자부품,EXCLUDE,0.25,0.054,-57.4,8.4,-18.8,22.5,-44.7,-16.4,6.0,-57.4,0,0
762,460930,KOSDAQ,1.733,1212,0.376,1098.0,현대힘스,조선·기타운송,OBSERVE,0.39,0.0368,-64.1,-28.3,-18.2,28.2,2.3,98.4,-0.6,-110.6,0,0
763,003030,KOSPI,1.732,1212,0.405,1086.0,세아제강지주,금융(은행),WATCH,0.44,0.039,-58.5,-38.3,-22.5,37.3,16.5,30.9,3.0,-72.2,0,0
764,204270,KOSDAQ,1.731,1212,0.795,844.0,제이앤티씨,반도체·전자부품,EXCLUDE,0.85,0.0706,-50.0,-13.1,-5.5,130.4,-16.3,-39.7,-0.6,-24.3,0,0
765,119850,KOSDAQ,1.729,1212,0.764,866.0,지엔씨에너지,전기장비,,0.43,0.0586,-40.2,-39.3,22.9,68.3,-28.5,-58.1,70.9,112.2,0,0
766,493280,KOSDAQ,1.729,1212,,,아이엠바이오로직스,지주·전문서비스,WAIT,0.3,0.07,,,-22.8,24.1,8.6,47.4,0.3,-38.7,0,0
767,003220,KOSPI,1.728,1212,0.898,753.0,대원제약,제약·바이오,WATCH,0.18,0.0525,-40.2,-20.5,-16.9,8.5,2.3,14.3,-0.0,-0.9,0,0
768,190510,KOSDAQ,1.728,1212,0.931,713.0,나무가,반도체·전자부품,OBSERVE,0.16,0.0527,-56.5,21.7,-26.2,7.6,0.6,-0.6,0.0,0.1,0,0
769,226400,KOSDAQ,1.721,1212,0.729,890.0,오스테오닉,의료·정밀·광학,,0.09,0.0343,-46.3,-26.4,-1.7,5.3,-1.9,-7.8,0.2,-1.6,0,0
770,039860,KOSDAQ,1.72,1212,1.015,625.0,나노엔텍,의료·정밀·광학,WAIT,0.14,0.0545,-53.3,24.8,-15.0,9.5,-0.5,3.0,-0.3,-0.1,0,0
771,092870,KOSDAQ,1.719,1212,1.077,556.0,엑시콘,기계·장비,WATCH,0.19,0.0655,-63.7,136.5,-41.0,58.6,-9.5,57.7,-3.3,-31.1,0,0
772,053300,KOSDAQ,1.718,1212,0.535,1027.0,한국정보인증,출판·SW,WATCH,0.17,0.034,-52.8,-36.4,-21.3,6.9,1.2,-4.9,-0.4,17.2,0,0
773,474650,KOSDAQ,1.718,1212,0.886,762.0,링크솔루션,기계·장비,EXCLUDE,0.14,0.0485,-72.6,96.4,-36.8,19.2,0.1,31.9,-2.0,4.8,0,0
774,086390,KOSDAQ,1.717,1212,0.965,681.0,유니테스트,기계·장비,EXCLUDE,0.21,0.0593,-56.2,26.8,-30.0,26.0,17.6,54.6,-41.9,-91.7,0,0
775,289080,KOSDAQ,1.714,1212,0.93,717.0,SV인베스트먼트,금융(은행),EXCLUDE,0.1,0.0466,-62.3,43.1,-26.6,10.3,-5.2,-8.1,0.0,-0.2,0,0
776,099440,KOSDAQ,1.71,1212,0.523,1043.0,스맥,기계·장비,EXCLUDE,0.19,0.0352,-65.3,-10.3,-15.2,10.9,-3.4,13.0,0.0,0.4,0,0
777,338840,KOSDAQ,1.707,1212,0.804,835.0,와이바이오로직스,지주·전문서비스,EXCLUDE,0.16,0.0472,-70.3,47.5,-19.3,12.1,4.8,34.3,-6.8,-25.8,0,0
778,123330,KOSDAQ,1.707,1212,0.856,793.0,제닉,화학,,0.22,0.0542,-32.5,-43.8,22.0,57.7,-31.3,-27.0,19.3,72.2,0,0
779,039560,KOSDAQ,1.703,1212,0.799,841.0,다산네트웍스,반도체·전자부품,,0.1,0.039,-59.4,8.3,-27.3,7.6,-2.4,-4.7,0.0,4.3,0,0
780,142210,KOSDAQ,1.701,1212,1.183,432.0,유니트론텍,도매,WATCH,0.11,0.0627,-38.5,6.2,-16.5,17.7,-5.2,-12.7,-0.0,0.2,0,0
781,298830,KOSDAQ,1.7,1212,0.612,972.0,슈어소프트테크,출판·SW,WATCH,0.21,0.0412,-61.5,-8.4,-20.9,15.3,0.7,16.9,-0.0,0.1,0,0
782,041190,KOSDAQ,1.7,1212,0.309,1121.0,우리기술투자,금융(은행),EXCLUDE,0.37,0.0349,-63.9,-38.5,-15.5,28.7,6.4,41.4,1.0,0.4,0,0
783,005420,KOSPI,1.7,1212,0.546,1023.0,코스모화학,화학,WATCH,0.36,0.0463,-55.9,-25.5,-19.1,18.0,-4.8,1.1,2.8,9.5,0,0
784,011930,KOSPI,1.699,1212,0.902,749.0,신성이엔지,반도체·전자부품,EXCLUDE,0.33,0.0656,-62.5,37.8,-17.5,81.0,-17.9,-97.8,0.0,3.6,0,0
785,060260,KOSDAQ,1.698,1212,1.091,536.0,뉴보텍,고무·플라스틱,,0.02,0.045,-18.0,-31.0,29.2,8.9,1.0,-5.1,-0.1,13.8,0,0
786,012860,KOSDAQ,1.697,1212,1.065,568.0,모베이스전자,자동차·부품,OBSERVE,0.17,0.0632,-62.3,104.5,-22.8,16.4,3.8,12.7,0.0,1.6,0,0
787,126640,KOSDAQ,1.694,1212,1.39,225.0,화신정공,자동차·부품,WAIT,0.13,0.0995,-49.0,163.3,-18.7,520.0,2.5,-47.2,-0.4,-6.2,0,0
788,018000,KOSDAQ,1.69,1212,0.603,980.0,유니슨,기계·장비,,0.22,0.0425,-49.3,-36.8,-4.8,56.6,-22.6,-24.4,-1.4,-9.8,0,0
789,025860,KOSPI,1.688,1212,0.675,931.0,남해화학,화학,OBSERVE,0.28,0.0499,-52.0,-19.8,-8.4,16.8,3.5,-14.4,-7.6,-10.4,0,0
790,054450,KOSDAQ,1.686,1212,0.843,804.0,텔레칩스,반도체·전자부품,EXCLUDE,0.15,0.0489,-47.3,-14.1,-18.9,16.3,-13.9,-26.6,0.1,1.3,0,0
791,004380,KOSPI,1.682,1212,0.745,881.0,삼익THK,기계·장비,OBSERVE,0.16,0.0454,-44.0,-30.8,-11.0,7.3,-1.2,4.1,0.0,-25.1,0,0
792,307180,KOSDAQ,1.68,1212,1.213,394.0,아이엘,전기장비,,0.15,0.0741,-57.4,162.4,-38.1,27.8,-0.4,1.0,0.8,-2.9,0,0
793,079370,KOSDAQ,1.68,1212,0.578,1003.0,제우스,기계·장비,OBSERVE,0.27,0.0446,-57.3,-18.6,-17.4,44.3,-8.8,106.7,0.7,-130.8,0,0
794,002780,KOSPI,1.676,1212,1.258,357.0,진흥기업,건설,,0.13,0.0754,-38.9,16.8,0.7,90.8,-5.3,2.4,-0.4,-0.4,0,0
795,098070,KOSDAQ,1.676,1212,0.571,1010.0,한텍,금속가공,OBSERVE,0.25,0.0438,-62.2,-12.1,-26.4,16.8,11.5,40.3,-10.3,-45.1,0,0
796,049630,KOSDAQ,1.675,1212,0.835,813.0,재영솔루텍,의료·정밀·광학,,0.14,0.0486,-83.0,94.8,-29.5,22.0,1.4,41.5,-0.3,-0.3,0,0
797,394280,KOSDAQ,1.675,1212,0.786,856.0,오픈엣지테크놀로지,출판·SW,EXCLUDE,0.26,0.0554,-54.0,-5.9,-23.3,13.8,-5.3,-10.3,-1.3,0.9,0,0
798,317850,KOSDAQ,1.675,1212,0.946,697.0,대모,기계·장비,WATCH,0.05,0.0411,-42.2,-13.9,-11.5,5.7,-0.7,2.6,-0.3,-0.3,0,0
799,149950,KOSDAQ,1.675,1212,1.256,360.0,아바텍,반도체·전자부품,OBSERVE,0.12,0.0719,-50.9,83.1,-37.0,72.8,7.3,14.7,0.5,-6.3,0,0
800,112290,KOSDAQ,1.671,1212,1.07,564.0,와이씨켐,화학,,0.18,0.0672,-45.0,6.8,-29.6,27.0,-1.4,-1.0,-1.1,-0.9,0,0
801,187790,KOSDAQ,1.671,1212,1.295,317.0,나노,화학,OBSERVE,0.1,0.0709,-56.1,278.2,-31.4,13.4,-3.6,16.1,2.3,-23.1,0,0
802,000520,KOSPI,1.67,1212,0.641,954.0,삼일제약,제약·바이오,WATCH,0.13,0.0375,-50.1,-28.7,-12.4,6.3,-0.5,3.0,-0.6,-0.5,0,0
803,010820,KOSPI,1.669,1212,0.981,663.0,퍼스텍,금속가공,WATCH,0.27,0.0703,-65.9,99.5,-30.9,110.1,19.7,-41.3,6.5,0.5,0,0
804,027360,KOSDAQ,1.666,1212,0.978,668.0,아주IB투자,금융(은행),EXCLUDE,0.45,0.0882,-80.2,279.4,-58.6,220.8,5.8,627.0,-1.5,-18.4,0,0
805,025320,KOSDAQ,1.665,1212,0.593,992.0,시노펙스,반도체·전자부품,,0.37,0.0509,-49.4,-37.5,-4.0,55.8,-45.4,-46.0,4.8,7.6,0,0
806,378340,KOSDAQ,1.657,1212,0.827,820.0,필에너지,기계·장비,,0.23,0.0566,-51.3,-7.4,-13.7,9.6,-10.4,-8.7,0.0,0.0,0,0
807,477850,KOSDAQ,1.654,1212,,,마키나락스,,,0.48,0.1458,,,34.5,581.4,-20.4,-110.6,-14.5,-92.9,0,0
808,042370,KOSDAQ,1.654,1212,0.913,739.0,비츠로테크,금융(은행),OBSERVE,0.21,0.0604,-59.9,31.2,-25.2,20.5,-3.5,15.6,0.0,-5.3,0,0
809,356680,KOSDAQ,1.65,1212,1.093,534.0,엑스게이트,출판·SW,EXCLUDE,0.31,0.1243,-60.3,103.2,-30.6,294.5,32.7,9.2,4.6,5.8,0,0
810,214430,KOSDAQ,1.639,1212,0.53,1034.0,아이쓰리시스템,반도체·전자부품,WAIT,0.44,0.0509,-53.3,-34.5,-7.6,33.5,-28.7,-43.5,8.1,26.9,0,0
811,083310,KOSDAQ,1.638,1212,0.97,678.0,엘오티베큠,기계·장비,OBSERVE,0.15,0.0583,-50.8,8.0,-17.8,13.7,-9.6,-22.2,0.0,-0.1,0,0
812,008420,KOSPI,1.637,1212,1.129,501.0,문배철강,철강·1차금속,WATCH,0.04,0.0522,-33.0,-9.9,-11.0,17.7,1.4,-2.3,-0.2,-0.2,0,0
813,092790,KOSPI,1.635,1212,0.905,746.0,넥스틸,철강·1차금속,WATCH,0.27,0.0666,-51.7,2.5,-24.8,93.3,20.4,9.1,-1.6,-9.5,0,0
814,046940,KOSDAQ,1.633,1212,1.133,493.0,우원개발,건설,,0.06,0.0548,-43.0,9.2,3.4,81.3,-28.0,-26.1,-0.7,-3.9,0,0
815,108380,KOSDAQ,1.632,1212,0.666,940.0,대양전기공업,조선·기타운송,WAIT,0.15,0.0428,-53.5,-17.3,-13.5,16.6,-5.6,-4.9,4.3,-44.1,0,0
816,046120,KOSDAQ,1.631,1212,0.79,849.0,오르비텍,연구개발,EXCLUDE,0.16,0.0498,-66.4,31.4,-31.1,23.5,1.7,48.5,-0.2,1.3,0,0
817,014940,KOSDAQ,1.631,1212,0.558,1018.0,오리엔탈정공,기계·장비,OBSERVE,0.2,0.0412,-65.5,-6.7,-17.2,13.9,2.8,8.4,-0.0,-0.7,0,0
818,084990,KOSDAQ,1.629,1212,0.962,685.0,헬릭스미스,지주·전문서비스,EXCLUDE,0.17,0.0613,-60.9,47.3,-17.2,9.6,-1.2,6.9,0.1,0.1,0,0
819,448900,KOSDAQ,1.628,1212,1.029,608.0,한국피아이엠,자동차·부품,OBSERVE,0.28,0.0811,-73.3,375.1,-42.2,56.0,17.3,37.1,-3.3,-3.3,0,0
820,297890,KOSDAQ,1.625,1212,0.751,874.0,HB솔루션,기계·장비,WAIT,0.12,0.0441,-44.9,-28.1,-6.4,6.5,-1.9,-4.3,0.1,0.1,0,0
821,082210,KOSDAQ,1.625,1212,1.092,535.0,옵트론텍,의료·정밀·광학,,0.05,0.052,-35.2,-9.7,10.3,5.6,-0.3,-2.7,0.0,0.0,0,0
822,115450,KOSDAQ,1.623,1212,0.465,1062.0,HLB테라퓨틱스,도매,EXCLUDE,0.19,0.0367,-53.1,-46.5,-13.2,7.7,0.7,-7.4,0.1,-0.1,0,0
823,216080,KOSDAQ,1.622,1212,0.583,999.0,제테마,제약·바이오,,0.18,0.0414,-55.2,-22.4,3.8,10.1,-2.9,-1.6,2.8,2.8,0,0
824,078130,KOSDAQ,1.621,1212,0.642,952.0,국일제지,펄프·종이,,0.42,0.0574,-52.6,-22.6,4.2,7.9,-1.1,-8.2,2.7,18.8,0,0
825,004830,KOSPI,1.62,1212,0.683,922.0,덕성,고무·플라스틱,,0.05,0.0309,-43.9,-40.6,-2.8,15.2,1.9,4.3,0.0,0.0,0,0
826,067370,KOSDAQ,1.619,1212,1.172,446.0,선바이오,제약·바이오,OBSERVE,0.07,0.06,-27.7,-13.5,0.0,6.9,-0.1,-1.8,0.0,0.0,0,0
827,010100,KOSPI,1.615,1212,0.749,876.0,한국무브넥스,자동차·부품,WAIT,0.11,0.043,-50.8,-15.4,-3.0,7.7,0.8,3.9,0.4,-10.1,0,0
828,307930,KOSDAQ,1.613,1212,1.157,465.0,컴퍼니케이,금융(은행),OBSERVE,0.09,0.0625,-47.2,28.0,-24.0,6.8,-1.0,-12.1,0.0,0.0,0,0
829,290690,KOSDAQ,1.612,1212,1.074,561.0,소룩스,전기장비,EXCLUDE,0.2,0.0764,-35.5,-11.2,-12.9,149.3,-7.0,-1.8,-0.1,-13.6,0,0
830,109610,KOSDAQ,1.61,1212,0.906,744.0,에스와이,금속가공,,0.12,0.0533,-30.4,-40.3,17.6,26.0,-0.3,3.0,-0.0,-0.5,0,0
831,001260,KOSPI,1.61,1212,1.193,413.0,남광토건,건설,,0.11,0.0695,-8.1,-23.9,51.0,80.5,-15.5,-21.6,1.9,2.0,0,0
832,439960,KOSDAQ,1.609,1212,,,코스모로보틱스,,,0.39,0.1386,,,-44.6,512.2,22.3,-3.1,-1.1,-205.7,0,0
833,017900,KOSPI,1.604,1212,1.05,585.0,광전자,반도체·전자부품,OBSERVE,0.3,0.1197,-70.6,352.7,-39.6,236.9,18.7,-35.4,0.8,0.4,0,0
834,352480,KOSDAQ,1.603,1212,0.362,1102.0,씨앤씨인터내셔널,화학,WATCH,0.27,0.0373,-59.6,-41.3,1.4,7.7,-1.6,-13.0,-0.6,23.0,0,0
835,361610,KOSPI,1.602,1212,0.416,1079.0,SK아이이테크놀로지,전기장비,EXCLUDE,1.18,0.055,-58.0,-38.0,-14.8,39.4,-2.3,6.3,1.2,-5.2,0,0
836,012210,KOSDAQ,1.601,1212,0.993,648.0,삼미금속,금속가공,,0.14,0.0618,-66.2,110.0,-28.1,7.5,2.4,11.9,0.0,0.0,0,0
837,389650,KOSDAQ,1.598,1212,0.615,967.0,넥스트바이오메디컬,의료·정밀·광학,,0.33,0.0537,-59.8,-11.7,1.2,23.7,-8.7,-27.6,10.2,50.5,0,0
838,403850,KOSDAQ,1.597,1212,0.542,1025.0,더핑크퐁컴퍼니,미디어·엔터,WAIT,0.15,0.0378,-74.9,,-8.7,9.0,4.2,6.8,-0.6,-1.9,0,0
839,405100,KOSDAQ,1.597,1212,0.882,766.0,큐알티,전문서비스,OBSERVE,0.13,0.0532,-54.0,6.5,-28.7,7.5,-4.0,-3.1,-0.8,-3.1,0,0
840,109070,KOSPI,1.596,1212,1.413,199.0,주성코퍼레이션,반도체·전자부품,WATCH,0.07,0.0834,-44.2,101.6,-13.5,6.9,0.8,-5.5,0.0,0.0,0,0
841,290740,KOSDAQ,1.591,1212,0.905,745.0,액트로,반도체·전자부품,OBSERVE,0.08,0.0475,-75.1,126.0,-33.1,5.9,-1.1,-6.2,0.2,2.3,0,0
842,100090,KOSPI,1.59,1212,0.601,983.0,SK오션플랜트,철강·1차금속,WATCH,0.85,0.0659,-55.1,-20.5,-19.4,294.7,10.7,-258.6,26.3,59.2,0,0
843,328130,KOSDAQ,1.588,1212,0.357,1107.0,루닛,출판·SW,,0.8,0.0506,-60.4,-39.6,-31.2,65.5,-10.0,89.6,3.6,-194.5,0,0
844,203650,KOSDAQ,1.586,1212,1.14,483.0,드림시큐리티,출판·SW,,0.21,0.1062,-54.6,61.9,-29.2,69.3,7.2,-33.4,1.1,18.9,0,0
845,008730,KOSPI,1.585,1212,0.297,1124.0,율촌화학,고무·플라스틱,WAIT,0.35,0.0384,-63.4,-40.9,-19.2,15.5,6.8,36.5,-5.7,-54.9,0,0
846,456160,KOSDAQ,1.584,1212,0.555,1019.0,지투지바이오,제약·바이오,,0.53,0.0581,-73.0,,-31.4,78.9,-36.3,91.5,-13.0,-115.8,0,0
847,100840,KOSPI,1.584,1212,0.435,1072.0,SNT에너지,기계·장비,EXCLUDE,0.49,0.05,-62.9,-23.0,-27.9,41.3,1.3,-0.7,-7.2,-66.4,0,0
848,200670,KOSDAQ,1.583,1212,0.206,1157.0,휴메딕스,제약·바이오,,0.3,0.0325,-65.1,-53.2,0.6,9.6,-5.8,-19.6,10.3,37.4,0,0
849,119830,KOSDAQ,1.583,1212,1.005,642.0,아이텍,전문서비스,WATCH,0.14,0.0634,-44.6,-2.7,-12.5,18.3,-6.8,-27.4,2.2,3.6,0,0
850,389500,KOSDAQ,1.58,1212,1.01,634.0,에스비비테크,기계·장비,EXCLUDE,0.22,0.0761,-68.7,167.3,-39.6,50.2,27.4,62.8,-51.6,-56.1,0,0
851,038110,KOSDAQ,1.577,1212,0.562,1013.0,에코플라스틱,자동차·부품,WAIT,0.08,0.0312,-53.4,-29.8,-9.3,8.7,1.4,1.2,-0.4,-0.5,0,0
852,004440,KOSPI,1.574,1212,0.967,680.0,삼일씨엔에스,비금속광물(시멘트·유리),,0.07,0.0509,-43.8,-8.2,26.3,20.0,0.7,-12.0,0.0,0.0,0,0
853,004310,KOSPI,1.571,1212,0.889,757.0,현대약품,제약·바이오,WATCH,0.14,0.0571,-68.4,68.6,-19.0,536.5,10.8,-111.7,0.8,-1.6,0,0
854,047770,KOSDAQ,1.57,1212,1.152,468.0,코데즈컴바인,의복,OBSERVE,0.1,0.0676,-51.2,45.2,3.5,51.0,-1.2,-30.7,0.0,-0.0,0,0
855,035890,KOSDAQ,1.569,1212,0.618,963.0,서희건설,건설,,0.47,0.0609,-48.8,-36.8,-7.4,26.5,-0.3,-5.4,2.1,16.4,0,0
856,452280,KOSDAQ,1.567,1212,1.079,551.0,한선엔지니어링,금속가공,WATCH,0.22,0.0897,-66.3,229.7,-46.8,73.6,-14.8,126.7,-3.1,-192.9,0,0
857,147830,KOSDAQ,1.567,1212,0.978,669.0,제룡산업,금속가공,WAIT,0.13,0.0612,-52.9,15.0,-13.9,17.7,-9.4,-14.4,1.0,1.7,0,0
858,455900,KOSDAQ,1.566,1212,0.701,906.0,엔젤로보틱스,기계·장비,EXCLUDE,0.25,0.0555,-59.5,-3.9,-28.8,14.6,2.6,1.8,-6.0,7.5,0,0
859,002230,KOSDAQ,1.565,1212,0.697,911.0,피에스텍,의료·정밀·광학,OBSERVE,0.09,0.0389,-71.9,27.6,-18.9,5.0,0.7,-2.1,0.0,-0.0,0,0
860,065450,KOSDAQ,1.565,1212,0.67,935.0,빅텍,의료·정밀·광학,WAIT,0.09,0.0382,-53.3,-17.6,-13.0,19.5,-0.4,-22.2,0.2,0.2,0,0
861,264660,KOSDAQ,1.563,1212,0.927,720.0,씨앤지하이테크,기계·장비,WATCH,0.11,0.0554,-53.3,9.3,-16.7,9.3,-9.4,-23.4,0.0,0.1,0,0
862,314130,KOSDAQ,1.562,1212,1.038,603.0,지놈앤컴퍼니,제약·바이오,EXCLUDE,0.16,0.0698,-64.9,122.4,-39.8,21.8,2.2,30.0,-0.0,-0.3,0,0
863,047310,KOSDAQ,1.555,1212,0.641,953.0,파워로직스,전기장비,OBSERVE,0.11,0.0403,-54.0,-18.7,-22.6,10.7,-2.6,0.5,0.0,0.0,0,0
864,308430,KOSDAQ,1.553,1212,0.611,976.0,셀비온,제약·바이오,EXCLUDE,0.19,0.0477,-63.1,-6.3,-16.3,6.3,-3.2,-16.4,1.4,13.6,0,0
865,451220,KOSDAQ,1.552,1212,1.127,502.0,아이엠티,기계·장비,WATCH,0.07,0.0613,-49.1,29.7,-25.5,15.9,-6.2,14.3,0.0,-0.4,0,0
866,036170,KOSDAQ,1.552,1212,1.111,515.0,에이치엠넥스,반도체·전자부품,WATCH,0.18,0.0839,-67.3,466.2,-37.7,29.4,3.3,36.4,0.2,3.1,0,0
867,092190,KOSDAQ,1.551,1212,1.036,604.0,서울바이오시스,반도체·전자부품,WATCH,0.26,0.0992,-67.8,196.8,-39.7,18.3,1.6,65.6,0.0,-0.2,0,0
868,053700,KOSDAQ,1.55,1212,0.78,859.0,삼보모터스,자동차·부품,WATCH,0.1,0.0463,-60.1,8.3,-18.0,11.2,-1.0,0.4,0.7,-9.2,0,0
869,900290,KOSDAQ,1.543,1212,0.656,944.0,GRT,금융(은행),WATCH,0.19,0.0509,-66.6,8.0,-24.9,27.9,-32.3,-80.7,13.5,-6.4,0,0
870,066430,KOSDAQ,1.539,1212,1.37,242.0,아이로보틱스,도매,WATCH,0.08,0.1023,-51.7,231.1,-40.1,108.6,0.3,35.4,0.0,0.0,0,0
871,285490,KOSDAQ,1.538,1212,0.429,1073.0,노바텍,기타제조,OBSERVE,0.12,0.0319,-62.8,-24.5,-18.1,5.8,1.2,0.6,0.8,2.2,0,0
872,340450,KOSDAQ,1.536,1212,0.523,1044.0,지씨지놈,전문서비스,WAIT,0.11,0.036,-50.4,-45.7,-9.2,7.0,0.5,-5.0,0.0,-2.1,0,0
873,101170,KOSDAQ,1.535,1212,0.907,742.0,우림피티에스,기계·장비,WAIT,0.1,0.0531,-68.4,80.6,-22.0,8.4,-1.2,15.8,0.2,-0.8,0,0
874,255220,KOSDAQ,1.533,1212,0.6,984.0,SG,비금속광물(시멘트·유리),WATCH,0.16,0.0458,-55.6,-19.9,-20.9,42.6,3.8,0.8,0.0,0.0,0,0
875,417500,KOSDAQ,1.531,1212,0.85,800.0,제이아이테크,화학,WATCH,0.1,0.0509,-48.7,-11.1,-6.2,8.1,-4.1,-5.1,0.0,2.5,0,0
876,376300,KOSDAQ,1.53,1212,0.195,1160.0,디어유,출판·SW,,0.52,0.0412,-65.0,-58.7,-0.5,16.8,-7.2,-17.5,10.8,7.0,0,0
877,484590,KOSDAQ,1.529,1212,0.56,1017.0,삼양컴텍,금속가공,OBSERVE,0.24,0.0499,-72.5,,-19.3,37.1,-10.4,-15.2,5.6,-21.4,0,0
878,475580,KOSDAQ,1.528,1212,0.582,1001.0,에이럭스,기타제조,EXCLUDE,0.09,0.0368,-51.8,-31.8,-8.1,8.6,-2.8,-17.2,0.5,0.0,0,0
879,046970,KOSDAQ,1.526,1212,1.083,547.0,우리로,도매,OBSERVE,0.19,0.0923,-68.9,389.0,-27.5,235.4,16.4,-26.0,1.7,2.2,0,0
880,489500,KOSDAQ,1.525,1212,0.836,812.0,엘케이켐,화학,EXCLUDE,0.11,0.053,-64.9,33.4,-31.9,10.5,-1.6,10.8,1.6,2.9,0,0
881,054540,KOSDAQ,1.522,1212,0.817,826.0,삼영엠텍,금속가공,WATCH,0.08,0.0474,-68.7,45.3,-26.1,9.5,0.8,14.5,-0.1,-1.4,0,0
882,078150,KOSDAQ,1.52,1212,0.963,683.0,HB테크놀러지,기계·장비,OBSERVE,0.18,0.0703,-61.5,48.2,-31.5,56.5,-6.6,-30.8,0.0,0.1,0,0
883,251370,KOSDAQ,1.517,1212,0.927,719.0,와이엠티,화학,OBSERVE,0.16,0.0652,-60.0,34.5,-27.9,15.2,-7.5,-10.9,0.6,-9.1,0,0
884,025980,KOSDAQ,1.517,1212,0.218,1152.0,아난티,숙박·음식,WATCH,0.37,0.0386,-64.4,-57.3,-12.0,42.3,-7.2,-55.2,1.1,20.2,0,0
885,451760,KOSDAQ,1.517,1212,0.851,799.0,컨텍,IT서비스,EXCLUDE,0.13,0.0566,-66.0,42.4,-39.4,21.0,1.9,50.6,-5.7,-17.0,0,0
886,126730,KOSDAQ,1.514,1212,1.167,451.0,코칩,반도체·전자부품,OBSERVE,0.12,0.0826,-55.6,88.8,-32.3,128.8,8.0,-30.4,2.1,2.0,0,0
887,308080,KOSDAQ,1.512,1212,1.161,459.0,바이젠셀,지주·전문서비스,EXCLUDE,0.12,0.0819,-63.0,250.4,-37.3,21.7,3.0,7.7,0.0,0.0,0,0
888,388790,KOSDAQ,1.509,1212,1.238,375.0,라이콤,반도체·전자부품,WATCH,0.12,0.1031,-57.1,195.1,-46.7,125.4,4.4,72.0,-1.1,-25.3,0,0
889,214420,KOSPI,1.508,1212,0.457,1066.0,토니모리,화학,,0.14,0.037,-52.6,-52.1,6.1,7.4,-2.5,5.3,-0.3,-2.5,0,0
890,490470,KOSDAQ,1.505,1212,0.698,909.0,세미파이브,연구개발,EXCLUDE,0.6,0.0784,-63.9,,-33.2,111.7,-30.5,230.4,-0.9,-227.9,0,0
891,045390,KOSDAQ,1.504,1212,0.445,1071.0,대아티아이,전기장비,WATCH,0.18,0.0408,-54.4,-44.8,-9.5,21.1,-2.0,-2.1,-0.2,0.6,0,0
892,230240,KOSDAQ,1.504,1212,0.891,756.0,에치에프알,반도체·전자부품,OBSERVE,0.21,0.0694,-58.5,21.0,-31.5,44.3,-8.1,87.4,2.5,-30.5,0,0
893,061090,KOSDAQ,1.504,1212,0.866,785.0,세나테크놀로지,반도체·전자부품,,0.2,0.0665,-54.7,,-10.9,9.7,0.4,2.2,4.1,-6.6,0,0
894,024840,KOSDAQ,1.5,1212,1.139,484.0,KBI메탈,철강·1차금속,WATCH,0.16,0.1231,-60.5,146.7,-15.4,277.3,-44.8,-130.2,-0.0,-22.8,0,0
895,221800,KOSDAQ,1.497,1212,0.932,712.0,지구홀딩스,연구개발,EXCLUDE,0.09,0.0557,-80.5,194.0,-34.8,5.2,0.8,14.3,0.0,0.0,0,0
896,355690,KOSDAQ,1.496,1212,0.937,705.0,에이텀,반도체·전자부품,EXCLUDE,0.04,0.0491,-50.3,3.3,-13.5,14.0,-0.0,8.2,0.0,-0.1,0,0
897,036010,KOSDAQ,1.494,1212,1.18,437.0,아비코전자,반도체·전자부품,OBSERVE,0.08,0.0719,-54.7,87.7,-37.9,45.9,8.9,-28.9,-12.7,-16.5,0,0
898,126700,KOSDAQ,1.49,1212,0.527,1038.0,하이비젼시스템,의료·정밀·광학,EXCLUDE,0.14,0.0414,-56.4,-25.5,-17.0,14.6,-5.0,-34.5,2.4,-2.0,0,0
899,044490,KOSDAQ,1.488,1212,0.619,962.0,태웅,금속가공,OBSERVE,0.51,0.0681,-56.5,-16.1,-18.7,73.8,-15.1,-159.4,-6.0,67.3,0,0
900,318060,KOSDAQ,1.486,1212,0.585,998.0,그래피,화학,EXCLUDE,0.21,0.051,-70.3,,-12.9,21.2,-4.6,4.6,-0.8,10.2,0,0
901,125490,KOSDAQ,1.485,1212,0.606,979.0,한라캐스트,자동차·부품,OBSERVE,0.27,0.0568,-68.7,,-35.8,82.8,-4.1,-121.0,3.6,134.8,0,0
902,456010,KOSDAQ,1.484,1212,1.013,628.0,아이씨티케이,반도체·전자부품,,0.21,0.0902,-59.8,52.6,-35.9,75.4,-10.9,-36.9,0.1,-8.4,0,0
903,475400,KOSDAQ,1.482,1212,0.677,930.0,씨메스로보틱스,기계·장비,EXCLUDE,0.19,0.0543,-62.7,0.8,-33.3,10.3,4.3,10.1,-6.5,-3.7,0,0
904,336570,KOSDAQ,1.481,1212,0.445,1070.0,원텍,의료·정밀·광학,WATCH,0.49,0.0561,-58.9,-31.0,-24.1,69.2,-16.9,50.1,25.4,-139.0,0,0
905,192650,KOSPI,1.481,1212,0.646,950.0,드림텍,반도체·전자부품,OBSERVE,0.27,0.0591,-52.8,-21.7,-12.2,43.3,-3.8,-24.7,-1.1,-18.6,0,0
906,425040,KOSDAQ,1.481,1212,0.98,664.0,티이엠씨,화학,EXCLUDE,0.19,0.079,-68.6,133.5,-45.8,111.0,44.6,49.6,0.6,3.0,0,0
907,012320,KOSPI,1.478,1212,0.597,988.0,경동인베스트,금융(은행),OBSERVE,0.11,0.0414,-54.3,-22.9,-7.1,9.7,0.6,-7.7,-0.5,-1.8,0,0
908,122350,KOSDAQ,1.476,1212,1.31,301.0,삼기,자동차·부품,,0.07,0.0868,-11.0,-12.3,81.4,117.9,-0.8,-23.5,0.0,-1.3,0,0
909,317770,KOSDAQ,1.471,1212,0.711,899.0,엑스페릭스,반도체·전자부품,EXCLUDE,0.09,0.0448,-44.6,-33.8,-8.3,5.9,-1.6,-5.1,0.2,-0.1,0,0
910,030960,KOSDAQ,1.47,1212,0.65,946.0,양지사,인쇄,OBSERVE,0.08,0.0404,-46.2,-38.5,-7.7,70.4,-2.3,-11.9,0.0,0.0,0,0
911,486990,KOSDAQ,1.468,1212,0.615,968.0,노타,출판·SW,EXCLUDE,0.38,0.0641,-68.0,,-33.2,48.9,-27.1,-10.6,0.5,-88.9,0,0
912,432320,KOSPI,1.467,1212,0.205,1158.0,,,,0.21,0.0334,-64.7,-61.8,-6.1,13.5,3.2,3.6,0.7,-51.6,0,0
913,067080,KOSDAQ,1.467,1212,0.427,1074.0,대화제약,제약·바이오,WAIT,0.16,0.0396,-62.5,-25.0,-19.3,10.3,-11.8,21.4,-0.1,-46.4,0,0
914,102120,KOSDAQ,1.466,1212,0.668,937.0,어보브반도체,반도체·전자부품,WATCH,0.13,0.0489,-53.6,-16.9,-27.5,15.3,-4.8,-19.9,0.6,0.3,0,0
915,330350,KOSDAQ,1.463,1212,0.824,823.0,위더스제약,제약·바이오,WAIT,0.08,0.0508,-47.8,-14.7,-5.0,124.0,0.2,-26.3,0.0,0.7,0,0
916,024060,KOSDAQ,1.463,1212,0.533,1030.0,흥구석유,도매,,0.16,0.0448,-68.1,-4.6,-12.3,138.1,3.6,35.1,0.0,-0.1,0,0
917,017510,KOSDAQ,1.463,1212,0.846,803.0,세명전기,금속가공,EXCLUDE,0.1,0.0548,-59.0,13.5,-18.1,22.4,-12.3,-27.8,0.2,0.6,0,0
918,212710,KOSDAQ,1.46,1212,1.06,574.0,아이에스티이,반도체·전자부품,OBSERVE,0.08,0.0653,-41.1,-5.7,-4.2,18.5,-6.3,-18.3,7.1,6.1,0,0
919,065350,KOSDAQ,1.46,1212,0.216,1153.0,신성델타테크,전기장비,OBSERVE,0.76,0.0498,-65.5,-46.7,-28.7,68.9,-57.2,68.5,9.9,-3.1,0,0
920,029480,KOSDAQ,1.46,1212,0.643,951.0,광무,반도체·전자부품,,0.09,0.0433,-48.3,-34.1,4.2,7.3,-2.1,-0.8,-0.0,0.0,0,0
921,357880,KOSDAQ,1.456,1212,1.028,609.0,SKAI,출판·SW,EXCLUDE,0.12,0.0725,-60.8,69.1,-49.5,55.3,3.9,-2.5,-0.0,-0.9,0,0
922,065660,KOSDAQ,1.455,1212,0.631,955.0,안트로젠,도매,EXCLUDE,0.15,0.05,-73.5,17.2,-37.2,7.9,-0.7,4.6,0.1,0.2,0,0
923,012200,KOSPI,1.455,1212,1.134,492.0,계양전기,기계·장비,EXCLUDE,0.12,0.0854,-65.3,328.2,-26.3,98.9,1.8,-11.6,-0.1,-0.1,0,0
924,092200,KOSPI,1.454,1212,0.915,737.0,디아이씨,자동차·부품,OBSERVE,0.16,0.0679,-72.4,117.3,-56.4,60.8,6.6,17.0,0.3,-4.9,0,0
925,232680,KOSDAQ,1.454,1212,1.007,638.0,라온로보틱스,기계·장비,WATCH,0.11,0.0673,-63.7,83.1,-39.7,20.2,-6.5,7.9,0.0,-26.9,0,0
926,091810,KOSPI,1.452,1212,0.194,1161.0,,,,0.28,0.0373,-65.0,-61.6,-10.9,13.3,-0.7,-7.2,-4.9,-2.5,0,0
927,474170,KOSDAQ,1.452,1212,0.722,894.0,루미르,조선·기타운송,WATCH,0.12,0.0509,-69.6,25.8,-36.3,13.0,1.1,17.1,-0.3,-3.9,0,0
928,256840,KOSDAQ,1.451,1212,0.345,1113.0,한국비엔씨,제약·바이오,OBSERVE,0.17,0.0371,-59.9,-43.5,-14.6,18.0,2.2,15.4,0.0,-4.2,0,0
929,095500,KOSDAQ,1.451,1212,0.802,836.0,미래나노텍,고무·플라스틱,,0.22,0.0672,-48.7,-15.1,0.3,51.2,-18.0,-30.8,0.2,0.1,0,0
930,217190,KOSDAQ,1.451,1212,1.045,593.0,제너셈,기계·장비,,0.06,0.0608,-48.9,12.5,-11.0,13.1,-1.0,-9.6,0.1,0.0,0,0
931,125020,KOSDAQ,1.449,1212,0.985,659.0,티씨머티리얼즈,전기장비,EXCLUDE,0.15,0.0756,-54.3,22.5,-37.8,54.9,-3.2,-53.4,0.4,-1.4,0,0
932,053030,KOSDAQ,1.445,1212,0.274,1135.0,바이넥스,제약·바이오,EXCLUDE,0.23,0.0384,-62.4,-48.3,-11.5,18.9,-0.0,113.5,2.9,-116.6,0,0
933,042000,KOSDAQ,1.442,1212,0.181,1163.0,카페24,IT서비스,OBSERVE,0.4,0.0415,-65.5,-60.4,-11.6,15.9,1.8,27.4,0.5,0.1,0,0
934,058820,KOSDAQ,1.441,1212,0.355,1109.0,CMG제약,제약·바이오,,0.13,0.0353,-58.0,-47.6,-16.1,7.1,-0.6,4.5,0.0,0.0,0,0
935,362320,KOSDAQ,1.439,1212,0.472,1061.0,청담글로벌,도매,,0.1,0.0366,-53.9,-41.2,18.3,6.2,-0.4,-8.4,0.0,-0.8,0,0
936,488900,KOSDAQ,1.437,1212,0.536,1026.0,비츠로넥스텍,조선·기타운송,EXCLUDE,0.21,0.0508,-76.1,,-35.8,7.5,1.6,12.8,-0.0,-4.4,0,0
937,354320,KOSDAQ,1.437,1212,0.918,734.0,알멕,철강·1차금속,WATCH,0.16,0.0719,-74.7,136.1,-53.6,50.0,-17.6,210.4,5.5,-155.7,0,0
938,112040,KOSDAQ,1.433,1212,0.495,1054.0,위메이드,출판·SW,,0.59,0.0655,-50.4,-52.3,3.9,58.9,-67.2,-31.3,8.0,14.0,0,0
939,085670,KOSDAQ,1.43,1212,0.679,928.0,뉴프렉스,반도체·전자부품,OBSERVE,0.08,0.0439,-56.6,-10.6,-19.5,6.0,-3.4,-13.2,0.0,-0.1,0,0
940,026150,KOSDAQ,1.43,1212,0.595,989.0,특수건설,건설,,0.07,0.0386,-46.4,-46.5,-0.4,10.6,-5.4,-4.0,0.0,-0.8,0,0
941,394420,KOSDAQ,1.428,1212,,,리센스메디컬,의료·정밀·광학,EXCLUDE,0.15,0.08,,,-24.7,51.6,-12.6,-54.5,6.1,-7.5,0,0
942,417970,KOSDAQ,1.428,1212,0.77,864.0,모델솔루션,기계·장비,OBSERVE,0.07,0.0472,-64.7,18.6,-19.8,5.2,-0.0,-1.3,0.0,-0.6,0,0
943,017000,KOSDAQ,1.427,1212,0.989,654.0,신원종합개발,건설,,0.03,0.0544,-33.9,-21.5,8.3,18.7,-8.1,-7.5,-0.2,-0.2,0,0
944,361390,KOSDAQ,1.425,1212,0.527,1039.0,제노코,반도체·전자부품,EXCLUDE,0.13,0.044,-62.7,-14.9,-23.1,11.6,-6.2,3.0,0.6,-3.7,0,0
945,091440,KOSDAQ,1.422,1212,0.94,700.0,한울소재과학,반도체·전자부품,,0.08,0.0585,-32.7,-30.5,27.7,9.2,-2.0,-1.3,-1.1,-1.1,0,0
946,125210,KOSDAQ,1.418,1212,0.875,772.0,아모그린텍,반도체·전자부품,WAIT,0.1,0.0584,-62.3,31.6,-31.7,13.5,-5.7,-24.7,-1.4,-8.2,0,0
947,053260,KOSDAQ,1.413,1212,1.116,509.0,금강철강,철강·1차금속,OBSERVE,0.09,0.076,-38.9,-1.4,-2.0,42.2,-1.5,4.2,0.0,0.0,0,0
948,264850,KOSDAQ,1.411,1212,0.827,819.0,이랜시스,반도체·전자부품,OBSERVE,0.11,0.0584,-59.1,11.4,-29.9,12.0,1.3,14.6,0.0,0.5,0,0
949,457370,KOSDAQ,1.409,1212,1.234,377.0,한켐,화학,OBSERVE,0.06,0.0815,-50.9,70.5,-40.0,154.2,11.0,9.4,0.0,-4.2,0,0
950,053080,KOSDAQ,1.408,1212,0.835,815.0,케이엔솔,기계·장비,EXCLUDE,0.11,0.0588,-50.0,-8.9,-21.7,13.0,-3.1,-3.0,-0.0,0.0,0,0
951,099220,KOSDAQ,1.398,1212,0.683,924.0,SDN,도매,,0.05,0.0415,-46.9,-31.3,-17.2,18.7,2.4,-2.5,0.0,0.0,0,0
952,306620,KOSDAQ,1.394,1212,1.017,619.0,지아이에스,기계·장비,WATCH,0.09,0.0684,-50.5,13.8,-21.7,40.5,-6.4,-19.6,-1.6,5.5,0,0
953,017550,KOSPI,1.394,1212,1.029,607.0,수산세보틱스,기계·장비,OBSERVE,0.11,0.0754,-55.3,37.3,-29.3,32.2,-0.8,-4.7,0.0,-0.4,0,0
954,071090,KOSPI,1.394,1212,0.669,936.0,하이스틸,철강·1차금속,EXCLUDE,0.06,0.0425,-51.1,-22.5,-5.6,29.9,-0.5,-17.8,-0.0,-0.0,0,0
955,003010,KOSPI,1.393,1212,0.907,743.0,혜인,도매,WAIT,0.05,0.0543,-46.4,-9.0,-10.3,6.1,-0.4,-2.1,-0.5,-2.7,0,0
956,008830,KOSDAQ,1.392,1212,0.588,996.0,대동기어,기계·장비,,0.09,0.0429,-56.0,-20.4,-29.2,13.5,2.3,0.5,0.0,-0.9,0,0
957,001780,KOSPI,1.391,1212,0.678,929.0,알루코,철강·1차금속,OBSERVE,0.15,0.056,-54.3,-15.0,-18.8,11.4,0.9,-12.8,-3.0,-4.5,0,0
958,220260,KOSDAQ,1.39,1212,0.599,985.0,켐트로스,화학,WATCH,0.11,0.0464,-62.9,-7.8,-23.4,5.9,-0.9,8.0,0.6,0.6,0,0
959,250060,KOSDAQ,1.385,1212,0.719,896.0,모비스,IT서비스,EXCLUDE,0.08,0.0489,-67.5,20.9,-20.1,14.6,-0.4,9.8,0.0,0.0,0,0
960,199800,KOSDAQ,1.384,1212,0.745,882.0,툴젠,지주·전문서비스,EXCLUDE,0.31,0.0805,-75.2,43.7,-22.1,19.6,7.4,-34.7,-0.2,-0.1,0,0
961,037560,KOSPI,1.384,1212,0.689,918.0,LG헬로비전,방송,OBSERVE,0.12,0.0538,-53.2,-16.3,-29.3,12.3,-2.2,-8.8,0.0,2.8,0,0
962,018290,KOSDAQ,1.379,1212,0.107,1181.0,브이티,화학,,0.41,0.0414,-69.9,-63.8,-5.2,19.7,16.0,49.6,-0.1,-1.9,0,0
963,474610,KOSDAQ,1.379,1212,1.026,613.0,RF시스템즈,금속가공,OBSERVE,0.09,0.0697,-62.5,82.6,-29.4,34.1,-0.9,-32.6,1.0,4.3,0,0
964,198940,KOSDAQ,1.377,1212,1.273,341.0,한주라이트메탈,철강·1차금속,,0.03,0.0827,-45.4,46.6,-28.3,11.8,0.1,-0.1,0.0,0.0,0,0
965,254490,KOSDAQ,1.376,1212,0.867,781.0,미래반도체,도매,WATCH,0.22,0.0833,-65.0,40.5,-35.5,42.2,0.7,-15.8,0.2,-50.5,0,0
966,037270,KOSPI,1.375,1212,0.146,1170.0,YG PLUS,IT서비스,WAIT,0.21,0.035,-67.7,-57.7,-5.2,11.2,-1.7,11.1,0.4,0.3,0,0
967,069540,KOSDAQ,1.373,1212,0.969,679.0,빛과전자,반도체·전자부품,EXCLUDE,0.19,0.1141,-76.2,228.8,-49.8,183.6,1.4,92.0,1.1,-41.1,0,0
968,424870,KOSDAQ,1.372,1212,0.361,1104.0,이뮨온시아,지주·전문서비스,EXCLUDE,0.27,0.0497,-79.8,-12.5,-27.7,18.7,10.1,55.4,-1.1,-52.8,0,0
969,094480,KOSDAQ,1.372,1212,0.267,1137.0,갤럭시아머니트리,출판·SW,WATCH,0.19,0.0385,-61.7,-53.6,-19.5,8.8,1.7,24.7,-0.1,-0.9,0,0
970,468530,KOSDAQ,1.371,1212,0.523,1042.0,프로티나,지주·전문서비스,EXCLUDE,0.26,0.0573,-79.2,,-27.5,17.3,7.7,3.2,0.6,23.5,0,0
971,078890,KOSDAQ,1.371,1212,1.077,557.0,가온그룹,반도체·전자부품,OBSERVE,0.08,0.0728,-59.0,77.5,-26.5,16.4,-1.1,-17.1,0.0,-2.2,0,0
972,059120,KOSDAQ,1.371,1212,1.007,639.0,아진엑스텍,반도체·전자부품,,0.09,0.0688,-65.3,106.6,-30.7,12.3,-1.2,3.0,0.2,0.2,0,0
973,394800,KOSDAQ,1.368,1212,0.521,1045.0,쓰리빌리언,지주·전문서비스,EXCLUDE,0.18,0.051,-70.4,-1.4,-22.7,13.3,-2.0,26.2,-3.9,-46.3,0,0
974,025770,KOSDAQ,1.363,1212,0.592,994.0,한국정보통신,통신,,0.28,0.0649,-52.6,-29.3,0.4,5.8,2.3,-6.9,2.2,7.2,0,0
975,211270,KOSDAQ,1.361,1212,0.62,960.0,AP위성,반도체·전자부품,EXCLUDE,0.12,0.051,-62.6,-6.5,-32.9,15.9,-3.0,-0.5,-0.2,-7.7,0,0
976,355150,KOSDAQ,1.361,1212,0.994,647.0,코스텍시스,반도체·전자부품,OBSERVE,0.14,0.0856,-69.4,159.7,-43.9,26.2,-13.2,6.4,7.7,18.4,0,0
977,322310,KOSDAQ,1.358,1212,0.877,771.0,오로스테크놀로지,기계·장비,OBSERVE,0.16,0.0748,-61.6,30.6,-31.2,43.3,-12.9,35.4,2.2,16.7,0,0
978,289930,KOSDAQ,1.355,1212,0.621,958.0,웨이비스,반도체·전자부품,WATCH,0.09,0.0475,-70.0,10.1,-31.9,9.7,-4.0,-28.4,0.2,5.4,0,0
979,016880,KOSPI,1.355,1212,0.347,1112.0,웅진,엔지니어링,WAIT,0.15,0.0402,-63.6,-32.9,-2.4,7.0,-1.5,-15.8,4.9,20.5,0,0
980,445090,KOSDAQ,1.353,1212,0.712,898.0,에이직랜드,반도체·전자부품,EXCLUDE,0.19,0.0651,-49.6,-21.3,-33.2,27.7,-11.3,1.2,-5.8,2.0,0,0
981,402490,KOSDAQ,1.351,1212,0.858,789.0,그린리소스,반도체·전자부품,,0.12,0.0668,-69.6,59.7,-33.7,21.4,5.1,47.0,0.0,-0.4,0,0
982,246710,KOSDAQ,1.349,1212,0.478,1058.0,티앤알바이오팹,제약·바이오,,0.1,0.0414,-52.9,-45.6,5.7,5.1,-1.1,-0.6,0.3,0.3,0,0
983,100130,KOSDAQ,1.346,1212,0.524,1041.0,동국S&C,금속가공,WAIT,0.09,0.0415,-49.4,-49.7,0.2,9.8,0.7,-3.8,0.1,-0.3,0,0
984,172670,KOSDAQ,1.345,1212,0.988,657.0,에이엘티,반도체·전자부품,OBSERVE,0.08,0.0664,-57.8,38.2,-28.2,7.9,-2.2,-5.6,0.2,-0.6,0,0
985,008350,KOSPI,1.341,1212,0.621,959.0,남선알미늄,철강·1차금속,EXCLUDE,0.13,0.0533,-67.0,5.3,-19.8,14.8,1.8,5.0,-0.0,1.4,0,0
986,065170,KOSDAQ,1.34,1212,1.166,453.0,비엘팜텍,도매,,0.08,0.1129,-56.1,92.9,84.7,110.4,-0.8,-15.2,1.2,1.2,0,0
987,059270,KOSDAQ,1.337,1212,0.71,900.0,해성에어로보틱스,금속가공,WATCH,0.06,0.0483,-73.0,32.8,-26.6,6.0,3.0,5.7,0.0,0.6,0,0
988,011690,KOSPI,1.331,1212,0.752,873.0,와이투솔루션,반도체·전자부품,EXCLUDE,0.11,0.058,-68.1,29.9,-32.2,9.9,4.2,13.0,-0.3,0.2,0,0
989,457600,KOSDAQ,1.329,1212,0.96,687.0,벡트,반도체·전자부품,,0.04,0.0591,-22.4,-47.9,33.4,5.0,-0.6,2.6,0.0,-0.0,0,0
990,018470,KOSPI,1.327,1212,0.573,1008.0,조일알미늄,철강·1차금속,,0.11,0.0492,-54.6,-25.2,-20.9,8.4,2.0,4.5,-0.0,-0.4,0,0
991,240550,KOSDAQ,1.325,1212,0.381,1094.0,동방메디컬,의료·정밀·광학,,0.12,0.0408,-56.2,-50.3,-3.1,6.0,-2.6,-7.3,6.3,-1.0,0,0
992,006345,KOSPI,1.317,1212,1.282,328.0,대원전선우,,,0.03,0.1306,-53.6,152.4,10.4,133.0,-1.8,-14.8,0.2,0.2,0,0
993,091970,KOSDAQ,1.316,1212,1.21,400.0,LSK아이로봇,고무·플라스틱,,0.03,0.0824,-30.7,-5.7,22.3,10.3,-0.4,-1.5,-0.1,-0.0,0,0
994,041020,KOSDAQ,1.315,1212,0.406,1085.0,폴라리스오피스,출판·SW,WAIT,0.14,0.0446,-56.6,-42.8,-14.7,23.2,-9.5,11.8,0.9,-55.0,0,0
995,453450,KOSDAQ,1.314,1212,0.562,1014.0,그리드위즈,전문서비스,EXCLUDE,0.1,0.0475,-52.9,-32.4,-17.7,8.3,1.0,-3.3,-0.0,-0.4,0,0
996,037030,KOSDAQ,1.312,1212,1.058,575.0,파워넷,전기장비,WATCH,0.1,0.0853,-61.4,90.3,-27.2,24.0,-4.8,-0.3,-0.4,0.3,0,0
997,101730,KOSDAQ,1.311,1212,0.619,961.0,위메이드맥스,출판·SW,,0.39,0.0805,-43.6,-58.7,41.8,31.1,-4.5,-4.2,-0.3,-0.8,0,0
998,388050,KOSDAQ,1.308,1212,0.534,1028.0,지투파워,전기장비,OBSERVE,0.13,0.0506,-59.5,-18.9,-20.5,25.3,-3.3,-14.8,2.4,10.8,0,0
999,108860,KOSDAQ,1.308,1212,0.368,1100.0,셀바스AI,출판·SW,OBSERVE,0.18,0.0472,-59.0,-42.7,-25.4,27.9,5.4,57.3,2.2,-26.0,0,0
1000,138610,KOSDAQ,1.307,1212,0.261,1139.0,나이벡,제약·바이오,OBSERVE,0.18,0.041,-70.4,-28.8,-15.4,5.1,1.4,9.4,-0.1,2.8,0,0
1001,003310,KOSDAQ,1.307,1212,0.53,1033.0,대주산업,식료품,WAIT,0.05,0.039,-71.5,0.9,-15.9,5.7,-0.0,6.6,0.0,0.0,0,0
1002,160190,KOSDAQ,1.303,1212,0.191,1162.0,하이젠알앤엠,전기장비,EXCLUDE,0.52,0.0528,-80.4,-29.3,-34.8,19.3,8.6,23.2,-6.6,3.7,0,0
1003,156100,KOSDAQ,1.299,1212,0.354,1110.0,엘앤케이바이오,의료·정밀·광학,,0.1,0.0379,-70.5,-17.3,-6.8,5.2,-0.0,1.3,0.3,-2.8,0,0
1004,088130,KOSDAQ,1.298,1212,0.975,672.0,동아엘텍,기계·장비,OBSERVE,0.08,0.0717,-67.9,122.0,-29.4,10.4,2.7,23.9,-0.4,-1.2,0,0
1005,082270,KOSDAQ,1.297,1212,0.013,1200.0,젬백스,기계·장비,WATCH,0.48,0.0429,-83.0,-78.5,-16.4,34.7,0.7,-45.7,-0.9,-1.2,0,0
1006,002710,KOSPI,1.297,1212,0.426,1076.0,TCC스틸,철강·1차금속,WATCH,0.23,0.0543,-60.4,-29.6,-25.1,9.4,1.2,4.3,-0.3,-0.2,0,0
1007,389030,KOSDAQ,1.296,1212,0.754,869.0,지니너스,지주·전문서비스,EXCLUDE,0.08,0.0557,-66.8,25.1,-29.8,8.7,2.7,0.5,0.2,-4.3,0,0
1008,086960,KOSDAQ,1.291,1212,0.553,1020.0,MDS테크,출판·SW,,0.08,0.0459,-56.0,-24.5,-22.4,8.8,2.2,9.9,-0.0,1.2,0,0
1009,131030,KOSDAQ,1.289,1212,0.49,1056.0,옵투스제약,제약·바이오,,0.1,0.0454,-70.0,-6.2,-0.3,6.3,0.6,-3.8,0.0,0.0,0,0
1010,293580,KOSDAQ,1.287,1212,0.835,814.0,나우IB,금융(은행),WATCH,0.13,0.071,-59.3,12.6,-14.3,8.2,-1.3,1.0,-0.0,-0.0,0,0
1011,457550,KOSDAQ,1.285,1212,0.393,1091.0,우진엔텍,전문서비스,OBSERVE,0.14,0.0451,-57.7,-42.1,-29.3,12.0,3.8,7.0,0.0,-0.4,0,0
1012,274090,KOSDAQ,1.276,1212,0.866,784.0,켄코아에어로스페이스,조선·기타운송,EXCLUDE,0.13,0.0773,-71.8,81.3,-57.0,103.8,-6.3,62.6,-0.4,-11.7,0,0
1013,064550,KOSDAQ,1.273,1212,0.293,1127.0,바이오니아,제약·바이오,OBSERVE,0.17,0.0438,-60.9,-48.7,-12.9,12.1,-1.5,-2.2,-0.0,-0.1,0,0
1014,067170,KOSDAQ,1.273,1212,1.123,505.0,오텍,자동차·부품,,0.07,0.0963,-36.8,-4.8,28.2,70.1,-0.1,-18.9,-0.0,-7.3,0,0
1015,215100,KOSDAQ,1.271,1212,0.512,1050.0,로보로보,전기장비,OBSERVE,0.07,0.0429,-73.7,1.4,-28.2,6.6,1.5,7.9,0.4,0.2,0,0
1016,475230,KOSDAQ,1.268,1212,0.528,1035.0,엔알비,금속가공,EXCLUDE,0.07,0.0435,-77.6,,-33.3,9.4,8.0,6.7,-8.8,-27.6,0,0
1017,388870,KOSDAQ,1.266,1212,0.781,857.0,파로스아이바이오,지주·전문서비스,EXCLUDE,0.07,0.0562,-56.1,-0.9,-16.1,5.9,0.3,-0.3,0.0,-0.0,0,0
1018,417010,KOSDAQ,1.265,1212,0.857,790.0,나노팀,기계·장비,EXCLUDE,0.09,0.0665,-68.3,53.2,-42.7,12.3,-1.2,3.8,0.2,1.0,0,0
1019,413630,KOSDAQ,1.264,1212,1.027,611.0,씨피시스템,고무·플라스틱,EXCLUDE,0.07,0.0767,-65.2,118.8,-24.8,76.0,-3.5,-16.9,0.2,0.2,0,0
1020,396300,KOSDAQ,1.264,1212,1.009,635.0,세아메카닉스,금속가공,EXCLUDE,0.08,0.0765,-58.0,43.1,-36.4,18.7,0.1,-1.2,-0.0,-1.4,0,0
1021,307870,KOSDAQ,1.264,1212,0.875,773.0,비투엔,출판·SW,,0.07,0.0641,-45.4,-14.1,-0.3,5.1,1.3,1.3,0.0,0.3,0,0
1022,089230,KOSDAQ,1.26,1212,1.007,641.0,THE E&M,IT서비스,EXCLUDE,0.05,0.0704,-67.3,140.2,-41.0,8.3,-0.5,-8.0,-0.0,-0.0,0,0
1023,293780,KOSDAQ,1.258,1212,0.416,1078.0,압타바이오,지주·전문서비스,EXCLUDE,0.12,0.0458,-59.7,-32.7,-16.7,5.2,-1.3,-4.9,0.0,-0.5,0,0
1024,005870,KOSPI,1.258,1212,0.409,1081.0,휴니드,반도체·전자부품,EXCLUDE,0.06,0.0368,-58.4,-37.9,-20.7,5.3,-1.4,-1.1,0.0,-0.7,0,0
1025,011700,KOSPI,1.257,1212,0.452,1068.0,한신기계,기계·장비,EXCLUDE,0.08,0.0409,-57.5,-33.5,-12.8,14.7,-0.6,-13.6,0.0,-0.8,0,0
1026,322180,KOSDAQ,1.256,1212,0.616,966.0,LS티라유텍,출판·SW,EXCLUDE,0.08,0.0504,-62.7,-6.7,-28.9,8.5,-3.7,-4.9,-0.0,-0.5,0,0
1027,192410,KOSDAQ,1.255,1212,0.939,702.0,오늘이엔엠,반도체·전자부품,,0.08,0.0711,-60.6,39.8,-30.8,9.4,0.9,-9.4,0.0,0.0,0,0
1028,396470,KOSDAQ,1.251,1212,0.697,910.0,워트,기계·장비,OBSERVE,0.08,0.0554,-51.4,-18.6,-17.6,6.1,-2.6,-1.3,0.0,-0.3,0,0
1029,398120,KOSDAQ,1.245,1212,0.547,1022.0,에스지헬스케어,의료·정밀·광학,WATCH,0.02,0.0406,-54.8,-28.2,-11.9,6.2,0.3,-1.0,0.0,0.0,0,0
1030,056090,KOSDAQ,1.241,1212,0.793,846.0,시지메드텍,의료·정밀·광학,WATCH,0.11,0.0665,-69.2,40.5,-17.1,45.3,-0.1,-70.1,1.5,4.5,0,0
1031,487580,KOSDAQ,1.238,1212,,,,,,0.09,0.0861,,,-2.6,30.9,0.2,-0.1,-1.4,-23.3,0,0
1032,054920,KOSDAQ,1.235,1212,0.789,850.0,한컴위드,출판·SW,OBSERVE,0.08,0.0625,-63.3,17.4,-27.4,11.3,-0.4,15.6,-0.2,-0.3,0,0
1033,084670,KOSPI,1.234,1212,0.99,652.0,동양고속,운수·물류,EXCLUDE,0.08,0.0781,-79.9,331.0,-27.6,62.0,-1.3,-3.1,0.0,0.0,0,0
1034,076610,KOSDAQ,1.232,1212,1.041,599.0,해성옵틱스,의료·정밀·광학,,0.06,0.0777,-65.6,144.4,-31.2,12.8,-1.5,-4.7,0.0,-14.5,0,0
1035,140670,KOSDAQ,1.228,1212,0.357,1106.0,알에스오토메이션,반도체·전자부품,EXCLUDE,0.11,0.0434,-67.4,-21.7,-22.6,15.5,0.0,-28.9,0.5,50.7,0,0
1036,226590,KOSDAQ,1.228,1212,0.713,897.0,엠디바이스,반도체·전자부품,WATCH,0.13,0.0657,-67.6,19.7,-17.4,12.2,-2.1,-10.5,-0.0,-0.4,0,0
1037,459510,KOSDAQ,1.218,1212,0.58,1002.0,나우로보틱스,기계·장비,EXCLUDE,0.16,0.0617,-64.6,-6.9,-33.0,10.4,-0.1,17.3,0.6,-39.5,0,0
1038,950250,KOSDAQ,1.211,1212,0.507,1052.0,테라뷰,금융(은행),OBSERVE,0.08,0.0479,-86.0,,-22.9,12.8,2.2,0.8,-0.0,0.0,0,0
1039,321370,KOSDAQ,1.21,1212,0.918,732.0,센서뷰,반도체·전자부품,,0.08,0.0734,-67.0,75.9,-42.1,38.3,-2.0,-2.3,0.0,-2.6,0,0
1040,008970,KOSPI,1.207,1212,0.142,1171.0,KBI동양철관,철강·1차금속,EXCLUDE,0.12,0.0346,-70.5,-46.4,-16.3,30.0,3.0,0.1,-0.0,-1.7,0,0
1041,380550,KOSDAQ,1.204,1212,0.532,1031.0,뉴로핏,출판·SW,EXCLUDE,0.11,0.0523,-76.4,,-28.2,15.2,1.2,40.3,-1.8,-29.2,0,0
1042,220100,KOSDAQ,1.198,1212,0.233,1146.0,퓨쳐켐,제약·바이오,,0.2,0.0471,-74.4,-26.1,-23.5,9.8,1.3,38.8,0.4,-34.2,0,0
1043,323350,KOSDAQ,1.197,1212,0.938,703.0,다원넥스뷰,기계·장비,OBSERVE,0.07,0.074,-66.3,79.9,-32.8,8.6,-0.3,-11.4,-0.2,-3.7,0,0
1044,006660,KOSPI,1.195,1212,0.813,827.0,삼성공조,자동차·부품,WAIT,0.07,0.0644,-48.5,-14.6,-19.6,32.6,-16.8,-18.9,-0.2,-0.3,0,0
1045,317330,KOSDAQ,1.194,1212,0.507,1051.0,덕산테코피아,화학,EXCLUDE,0.21,0.0633,-67.8,-6.9,-32.0,14.3,2.4,-9.8,-7.6,-17.3,0,0
1046,416180,KOSDAQ,1.194,1212,0.472,1060.0,신성에스티,자동차·부품,EXCLUDE,0.17,0.0574,-64.3,-16.9,-27.0,8.4,-3.6,1.9,1.5,0.2,0,0
1047,163730,KOSDAQ,1.193,1212,0.703,902.0,핑거,출판·SW,WATCH,0.11,0.0643,-61.6,1.8,-29.9,11.5,0.6,-3.4,0.5,-0.2,0,0
1048,287840,KOSDAQ,1.192,1212,0.221,1149.0,인투셀,지주·전문서비스,,0.34,0.0547,-68.0,-39.0,-4.0,16.3,-10.9,-5.8,7.5,-15.3,0,0
1049,389260,KOSDAQ,1.19,1212,0.403,1087.0,대명에너지,건설,,0.22,0.0583,-55.0,-51.2,-12.3,93.7,7.1,-38.6,-0.7,-23.2,0,0
1050,267320,KOSDAQ,1.188,1212,0.376,1097.0,나인테크,기계·장비,WATCH,0.11,0.0469,-57.6,-45.7,-20.9,10.9,-1.4,10.9,0.4,-0.1,0,0
1051,017860,KOSPI,1.184,1212,0.326,1118.0,DS단석,화학,WATCH,0.2,0.0525,-59.9,-46.5,-21.9,11.5,4.0,12.2,-2.8,-6.6,0,0
1052,078160,KOSDAQ,1.183,1212,0.362,1103.0,메디포스트,제약·바이오,EXCLUDE,0.34,0.0642,-69.1,-18.5,-7.8,11.2,-3.7,-2.8,1.5,0.2,0,0
1053,419050,KOSDAQ,1.18,1212,0.93,715.0,삼기에너지솔루션즈,자동차·부품,,0.09,0.0829,-35.2,-25.4,20.9,199.1,-17.2,-10.3,-0.0,-0.4,0,0
1054,032940,KOSDAQ,1.176,1212,0.601,982.0,원익,도매,OBSERVE,0.1,0.0563,-64.6,-5.3,-20.3,16.7,-4.0,-11.9,0.1,-0.1,0,0
1055,070300,KOSDAQ,1.173,1212,1.019,617.0,엑스큐어,출판·SW,,0.06,0.0867,-43.0,-5.6,34.3,16.3,-1.0,-6.8,1.1,1.1,0,0
1056,294630,KOSDAQ,1.169,1212,0.806,834.0,서남,전기장비,EXCLUDE,0.07,0.0642,-55.2,-0.2,-12.7,14.5,-1.2,-1.8,0.0,0.0,0,0
1057,084110,KOSDAQ,1.167,1212,0.29,1128.0,휴온스글로벌,제약·바이오,,0.34,0.0605,-64.7,-39.0,-0.9,10.6,-4.8,1.0,1.8,-5.9,0,0
1058,049480,KOSDAQ,1.166,1212,0.684,920.0,오픈베이스,IT서비스,WATCH,0.06,0.0552,-47.7,-29.9,-7.5,9.3,-0.4,-4.0,0.0,-0.1,0,0
1059,115440,KOSDAQ,1.161,1212,0.934,708.0,우리넷,반도체·전자부품,WATCH,0.07,0.0791,-63.7,49.1,-25.5,32.4,3.8,-6.5,-0.0,3.0,0,0
1060,418420,KOSDAQ,1.161,1212,0.839,810.0,라온텍,반도체·전자부품,EXCLUDE,0.11,0.0819,-68.8,50.4,-33.0,13.1,0.6,5.3,0.0,-11.2,0,0
1061,199820,KOSDAQ,1.16,1212,0.589,995.0,제일일렉트릭,전기장비,OBSERVE,0.16,0.0658,-65.8,-1.4,-23.5,22.8,-12.5,-21.3,-0.4,-0.9,0,0
1062,002880,KOSPI,1.155,1212,0.788,853.0,,,,0.04,0.0603,-40.1,-35.3,13.8,21.7,0.6,-0.1,1.4,2.1,0,0
1063,494120,KOSDAQ,1.152,1212,0.573,1006.0,큐리오시스,의료·정밀·광학,,0.19,0.0706,-71.2,,-2.3,31.2,16.8,-43.6,7.3,58.9,0,0
1064,209640,KOSDAQ,1.15,1212,0.852,798.0,와이제이링크,기계·장비,,0.1,0.0787,-65.1,38.3,-34.9,46.1,4.6,8.5,-0.0,15.4,0,0
1065,340440,KOSDAQ,1.149,1212,0.609,978.0,세림B&G,고무·플라스틱,,0.03,0.0491,-63.2,-6.6,-27.2,5.9,0.5,1.8,0.0,-0.1,0,0
1066,147760,KOSDAQ,1.146,1212,1.09,537.0,피엠티,의료·정밀·광학,EXCLUDE,0.04,0.1058,-65.2,203.4,-43.1,8.8,-5.3,-2.5,3.2,7.2,0,0
1067,282720,KOSDAQ,1.146,1212,0.401,1089.0,금양그린파워,건설,WATCH,0.08,0.0445,-63.1,-26.3,-15.9,15.2,0.7,-26.0,0.1,1.6,0,0
1068,123420,KOSDAQ,1.141,1212,0.628,956.0,위메이드플레이,출판·SW,,0.06,0.0541,-46.4,-41.0,1.0,17.3,-6.9,-6.8,0.0,0.0,0,0
1069,052420,KOSDAQ,1.135,1212,0.39,1093.0,오성첨단소재,고무·플라스틱,,0.08,0.0446,-56.4,-46.6,1.1,5.5,-0.3,-6.3,2.2,1.5,0,0
1070,288180,KOSDAQ,1.134,1212,,,,,,0.07,0.0982,,,-12.4,19.4,0.9,-0.3,0.0,2.0,0,0
1071,321550,KOSDAQ,1.132,1212,0.612,973.0,티움바이오,지주·전문서비스,EXCLUDE,0.12,0.064,-70.1,8.8,-30.3,13.1,-2.1,6.6,0.8,-44.0,0,0
1072,322510,KOSDAQ,1.128,1212,0.461,1063.0,제이엘케이,출판·SW,EXCLUDE,0.1,0.0522,-56.2,-35.9,-4.7,9.9,1.6,-12.6,0.4,17.2,0,0
1073,026940,KOSPI,1.127,1212,1.029,606.0,부국철강,철강·1차금속,,0.05,0.0926,-35.2,-15.6,25.3,188.8,-12.0,6.6,0.0,-1.4,0,0
1074,217590,KOSPI,1.12,1212,0.593,993.0,티엠씨,전기장비,OBSERVE,0.25,0.0903,-69.8,,-53.7,96.3,32.1,65.8,-30.3,43.6,0,0
1075,195500,KOSDAQ,1.118,1212,0.56,1016.0,마니커에프앤지,식료품,WATCH,0.03,0.0483,-50.2,-40.2,-8.6,9.5,0.2,-2.3,0.0,-0.4,0,0
1076,382840,KOSDAQ,1.114,1212,0.567,1011.0,원준,기계·장비,OBSERVE,0.07,0.0535,-56.3,-21.7,-30.8,10.7,-0.4,-6.6,-0.0,-0.9,0,0
1077,484810,KOSDAQ,1.111,1212,0.39,1092.0,티엑스알로보틱스,기계·장비,EXCLUDE,0.13,0.0535,-65.0,-24.1,-27.8,7.4,-2.3,3.7,1.6,14.3,0,0
1078,066310,KOSDAQ,1.11,1212,0.801,839.0,큐에스아이,반도체·전자부품,OBSERVE,0.06,0.0675,-61.8,14.7,-27.8,8.6,-0.0,13.3,0.1,0.0,0,0
1079,478340,KOSDAQ,1.108,1212,0.514,1048.0,나라스페이스테크놀로지,조선·기타운송,EXCLUDE,0.13,0.0608,-81.8,,-45.5,26.1,11.0,78.7,-10.2,-23.1,0,0
1080,358570,KOSDAQ,1.101,1212,0.266,1138.0,지아이이노베이션,지주·전문서비스,EXCLUDE,0.52,0.072,-63.2,-46.8,-32.3,80.0,15.4,-106.0,-54.5,-76.6,0,0
1081,045520,KOSDAQ,1.097,1212,0.774,862.0,크린앤사이언스,기계·장비,,0.02,0.0607,-35.2,-50.8,23.8,6.1,0.3,0.4,0.0,-0.0,0,0
1082,073010,KOSDAQ,1.095,1212,0.364,1101.0,케이에스피,기계·장비,WATCH,0.11,0.0492,-67.3,-21.0,-27.6,7.5,0.4,-9.4,0.0,0.0,0,0
1083,084680,KOSPI,1.095,1212,0.308,1122.0,이월드,기타제조,,0.09,0.0444,-66.8,-29.1,-44.3,6.8,0.7,-2.4,0.0,-0.5,0,0
1084,260970,KOSDAQ,1.094,1212,0.201,1159.0,에스앤디,식료품,,0.14,0.046,-64.5,-65.1,3.2,12.4,-7.7,-26.6,12.1,27.4,0,0
1085,007110,KOSPI,1.093,1212,0.215,1154.0,일신석재,도매,,0.07,0.0363,-64.4,-58.6,-13.7,7.4,3.3,3.7,-0.8,-2.5,0,0
1086,412350,KOSDAQ,1.091,1212,0.958,688.0,레이저쎌,기계·장비,EXCLUDE,0.06,0.0949,-68.6,114.6,-24.9,30.9,-8.5,6.2,0.5,-14.4,0,0
1087,290660,KOSDAQ,1.09,1212,0.403,1088.0,다이나믹솔루션,의료·정밀·광학,,0.06,0.0447,-58.5,-38.0,-24.9,5.6,-1.2,-1.6,0.1,1.1,0,0
1088,071280,KOSDAQ,1.084,1212,0.426,1075.0,로체시스템즈,기계·장비,WAIT,0.09,0.0511,-54.9,-46.1,-8.8,6.4,-5.4,-3.6,-1.9,2.4,0,0
1089,044340,KOSDAQ,1.083,1212,0.368,1099.0,위닉스,전기장비,EXCLUDE,0.06,0.0432,-58.1,-45.6,-7.3,8.2,-2.6,-2.2,0.0,-0.1,0,0
1090,139990,KOSPI,1.076,1212,0.489,1057.0,아주스틸,철강·1차금속,EXCLUDE,0.08,0.0531,-52.8,-44.2,-4.1,6.4,0.3,0.2,0.0,-1.4,0,0
1091,299030,KOSDAQ,1.074,1212,0.334,1114.0,하나기술,기계·장비,,0.1,0.0479,-65.6,-28.9,-32.0,5.3,-1.0,-17.2,0.4,2.2,0,0
1092,048770,KOSDAQ,1.071,1212,0.979,666.0,TPC로보틱스,기계·장비,EXCLUDE,0.05,0.0927,-68.9,138.2,-32.2,9.0,-1.3,11.7,-1.4,-1.6,0,0
1093,051630,KOSPI,1.068,1212,0.746,878.0,진양화학,고무·플라스틱,EXCLUDE,0.04,0.0625,-52.2,-13.9,-17.7,9.4,0.2,3.8,0.0,-0.0,0,0
1094,448710,KOSDAQ,1.064,1212,0.358,1105.0,코츠테크놀로지,반도체·전자부품,WAIT,0.06,0.0433,-60.0,-40.3,-21.1,7.1,-1.7,2.8,0.1,-19.0,0,0
1095,037440,KOSDAQ,1.062,1212,0.88,769.0,희림,연구개발,WAIT,0.05,0.0778,-47.9,-9.3,-19.1,76.5,-12.2,-24.8,-0.0,-0.0,0,0
1096,007610,KOSPI,1.057,1212,0.911,740.0,선도전기,전기장비,WATCH,0.08,0.1863,-69.7,89.7,-16.3,84.3,-29.4,-34.3,-0.2,-0.1,0,0
1097,389020,KOSDAQ,1.056,1212,0.395,1090.0,자람테크놀로지,반도체·전자부품,,0.14,0.0581,-66.2,-19.4,-34.8,14.7,-7.3,24.0,0.3,-38.1,0,0
1098,131400,KOSDAQ,1.053,1212,0.78,858.0,이브이첨단소재,반도체·전자부품,,0.06,0.0694,-62.3,12.6,-32.6,9.3,-0.8,-3.4,-0.0,-0.0,0,0
1099,456070,KOSDAQ,1.044,1212,0.295,1126.0,이엔셀,제약·바이오,EXCLUDE,0.07,0.0435,-66.9,-30.2,-22.4,5.4,-0.1,2.8,0.0,0.5,0,0
1100,331740,KOSDAQ,1.036,1212,0.531,1032.0,아우토크립트,출판·SW,EXCLUDE,0.07,0.0554,-77.1,,-26.6,5.2,0.7,5.3,-1.8,-8.2,0,0
1101,142280,KOSDAQ,1.036,1212,0.656,945.0,녹십자엠에스,제약·바이오,OBSERVE,0.07,0.0632,-55.6,-15.0,-19.3,8.5,0.2,-3.2,-0.1,-0.2,0,0
1102,047560,KOSDAQ,1.031,1212,0.166,1165.0,이스트소프트,출판·SW,EXCLUDE,0.09,0.0397,-66.7,-56.6,-22.4,7.1,-0.0,24.4,2.3,-22.2,0,0
1103,381620,KOSDAQ,1.03,1212,0.613,970.0,제닉스로보틱스,기계·장비,WATCH,0.07,0.0608,-71.7,11.6,-36.8,9.8,1.2,6.8,0.0,-0.1,0,0
1104,320000,KOSDAQ,1.029,1212,0.852,797.0,한울반도체,기계·장비,,0.08,0.105,-46.5,-14.2,11.5,404.5,-6.6,-12.4,-0.1,0.0,0,0
1105,012205,KOSPI,1.025,1212,1.017,620.0,계양전기우,,,0.01,0.1198,-69.7,207.3,-25.2,26.8,0.0,0.8,0.0,0.0,0,0
1106,071670,KOSDAQ,1.024,1212,0.648,949.0,에이테크솔루션,기계·장비,,0.05,0.0606,-63.6,-0.8,-15.4,24.0,-1.0,-12.4,0.0,-0.0,0,0
1107,276730,KOSDAQ,1.021,1212,0.779,860.0,한울앤제주,음료,,0.04,0.0696,-34.6,-52.6,46.2,5.8,-1.6,-1.9,0.0,0.0,0,0
1108,056360,KOSDAQ,1.016,1212,0.861,787.0,코위버,반도체·전자부품,OBSERVE,0.05,0.0802,-60.8,23.4,-26.9,8.2,-0.7,4.7,0.1,-0.2,0,0
1109,464080,KOSDAQ,1.015,1212,0.38,1095.0,에스오에스랩,의료·정밀·광학,EXCLUDE,0.16,0.0614,-66.7,-20.3,-15.6,37.8,-2.3,-11.3,-2.8,31.8,0,0
1110,094940,KOSDAQ,1.009,1212,0.573,1007.0,푸른로보틱스,반도체·전자부품,OBSERVE,0.04,0.0561,-60.5,-13.9,-24.3,5.9,-2.2,-11.3,0.1,0.1,0,0
1111,129920,KOSDAQ,1.008,1212,0.702,904.0,대성하이텍,기계·장비,EXCLUDE,0.07,0.0693,-71.1,26.5,-29.0,11.0,-1.3,-20.4,0.1,5.9,0,0
1112,215790,KOSDAQ,1.006,1212,0.964,682.0,이노인스트루먼트,반도체·전자부품,,0.03,0.1293,-81.6,253.6,-46.8,32.2,4.2,16.4,0.0,-0.0,0,0
1113,072950,KOSDAQ,1.003,1212,0.913,738.0,빛샘전자,반도체·전자부품,OBSERVE,0.06,0.117,-70.8,104.6,-32.2,17.0,-1.0,13.8,0.3,0.8,0,0
1114,323990,KOSDAQ,1.002,1212,0.275,1134.0,박셀바이오,지주·전문서비스,EXCLUDE,0.1,0.0485,-62.1,-50.8,-13.6,13.7,-1.1,-16.1,0.0,-1.0,0,0
1115,357580,KOSDAQ,0.989,1212,0.728,891.0,아모센스,반도체·전자부품,WATCH,0.07,0.0729,-77.3,41.6,-37.9,11.9,-11.9,5.1,-1.3,-37.6,0,0
1116,194480,KOSDAQ,0.983,1212,0.1,1182.0,데브시스터즈,출판·SW,,0.21,0.0515,-70.0,-66.1,20.4,12.1,-6.4,-21.0,0.8,0.6,0,0
1117,027740,KOSPI,0.979,1212,0.574,1005.0,마니커,식료품,,0.03,0.0567,-48.8,-43.5,-3.5,11.9,-0.7,-4.9,-0.0,-0.1,0,0
1118,092220,KOSPI,0.973,1212,0.614,969.0,KEC,반도체·전자부품,WATCH,0.12,0.0823,-67.7,5.5,-25.4,30.2,7.0,44.3,-0.0,-1.6,0,0
1119,253840,KOSDAQ,0.971,1212,0.572,1009.0,수젠텍,제약·바이오,EXCLUDE,0.06,0.0611,-53.2,-29.6,-24.4,6.5,1.3,1.0,0.0,-0.2,0,0
1120,067290,KOSDAQ,0.96,1212,0.709,901.0,JW신약,제약·바이오,WATCH,0.08,0.0794,-53.0,-15.1,11.0,498.8,-1.8,-10.5,-0.0,-0.9,0,0
1121,473980,KOSDAQ,0.952,1212,0.119,1178.0,노머스,예술·스포츠,OBSERVE,0.12,0.0471,-69.5,-58.7,-11.0,9.1,-6.2,18.5,12.3,-10.1,0,0
1122,115500,KOSDAQ,0.949,1212,0.732,887.0,케이씨에스,IT서비스,OBSERVE,0.1,0.0988,-65.5,15.2,-31.2,34.9,-0.8,-5.2,0.0,0.0,0,0
1123,079000,KOSDAQ,0.945,1212,0.699,908.0,와토스코리아,고무·플라스틱,OBSERVE,0.03,0.0676,-63.0,4.3,-9.8,15.1,0.2,-1.6,-0.4,-0.6,0,0
1124,067000,KOSDAQ,0.943,1212,0.276,1133.0,조이시티,출판·SW,,0.07,0.0481,-65.9,-36.0,-9.7,5.2,-3.3,-4.4,0.0,-0.9,0,0
1125,058970,KOSDAQ,0.941,1212,0.093,1184.0,엠로,출판·SW,OBSERVE,0.19,0.0522,-71.7,-58.6,-28.5,18.9,-2.9,56.7,3.4,-73.9,0,0
1126,348370,KOSDAQ,0.931,1212,0.083,1188.0,엔켐,화학,,0.48,0.0681,-77.6,-47.0,-28.5,51.9,-15.2,-68.0,-15.4,59.6,0,0
1127,101360,KOSDAQ,0.927,1212,0.139,1173.0,에코앤드림,전기장비,EXCLUDE,0.13,0.0497,-72.0,-44.2,-39.1,15.5,-2.1,80.9,1.1,-84.6,0,0
1128,100590,KOSDAQ,0.922,1212,0.81,831.0,머큐리,반도체·전자부품,WATCH,0.06,0.0944,-71.6,51.3,-35.4,11.3,-0.0,12.8,0.1,-3.4,0,0
1129,484870,KOSPI,0.92,1212,0.296,1125.0,엠앤씨솔루션,기계·장비,,0.27,0.0768,-59.8,-58.5,28.1,33.6,5.6,-67.2,7.6,45.0,0,0
1130,489460,KOSDAQ,0.91,1212,0.087,1185.0,바이오비쥬,화학,,0.1,0.0433,-71.5,-64.8,-6.3,6.4,2.1,0.6,-0.2,-1.2,0,0
1131,304100,KOSDAQ,0.91,1212,0.049,1194.0,솔트룩스,출판·SW,EXCLUDE,0.14,0.0476,-75.6,-65.6,-28.2,17.6,0.4,95.0,0.3,-99.2,0,0
1132,452450,KOSDAQ,0.909,1212,0.135,1174.0,피아이이,기계·장비,EXCLUDE,0.11,0.0484,-68.8,-55.1,-29.1,6.0,-2.0,2.9,0.4,0.4,0,0
1133,459550,KOSDAQ,0.907,1212,0.515,1047.0,알트,반도체·전자부품,OBSERVE,0.03,0.0568,-81.7,,-45.4,10.2,0.2,6.0,0.0,1.9,0,0
1134,270660,KOSDAQ,0.9,1212,0.407,1084.0,에브리봇,전기장비,EXCLUDE,0.13,0.0678,-63.3,-25.5,-17.0,18.7,-9.8,-12.1,1.5,28.3,0,0
1135,321260,KOSDAQ,0.893,1212,0.789,852.0,프로이천,반도체·전자부품,OBSERVE,0.05,0.0895,-66.1,30.3,-34.6,14.1,1.6,8.4,0.1,0.1,0,0
1136,271830,KOSDAQ,0.885,1212,0.823,824.0,팸텍,기계·장비,,0.03,0.0947,-65.6,35.2,-56.1,18.9,-0.9,2.5,0.0,0.1,0,0
1137,297090,KOSDAQ,0.882,1212,0.356,1108.0,씨에스베어링,기계·장비,EXCLUDE,0.1,0.0607,-59.4,-43.8,-12.9,19.1,-4.4,-31.7,-0.7,-14.8,0,0
1138,146060,KOSDAQ,0.879,1212,0.525,1040.0,율촌,철강·1차금속,,0.02,0.0588,-53.6,-34.5,8.3,18.5,0.4,-6.4,0.0,0.1,0,0
1139,114450,KOSDAQ,0.863,1212,0.528,1037.0,,,,0.04,0.0616,-55.9,-28.5,-13.7,5.3,0.6,2.0,-0.2,-0.2,0,0
1140,469610,KOSDAQ,0.863,1212,0.512,1049.0,이노테크,기계·장비,WAIT,0.12,0.0817,-82.6,,-3.3,33.3,-1.3,-1.2,-3.0,-4.8,0,0
1141,097800,KOSDAQ,0.861,1212,0.683,926.0,윈팩,반도체·전자부품,,0.05,0.0775,-48.0,-29.4,-2.7,19.7,-0.8,-4.2,0.0,0.1,0,0
1142,452190,KOSDAQ,0.859,1212,0.595,991.0,한빛레이저,기계·장비,OBSERVE,0.08,0.0781,-65.7,-1.3,-30.0,13.0,-1.3,9.7,0.2,0.2,0,0
1143,082800,KOSDAQ,0.85,1212,0.235,1145.0,비보존 제약,제약·바이오,EXCLUDE,0.17,0.0641,-65.0,-46.6,-25.8,27.6,-12.5,-2.1,0.0,-0.8,0,0
1144,042510,KOSDAQ,0.835,1212,0.563,1012.0,라온시큐어,출판·SW,WAIT,0.08,0.0752,-54.5,-25.9,-17.8,10.4,-1.6,-3.2,-0.1,-0.4,0,0
1145,419530,KOSDAQ,0.823,1212,0.061,1191.0,SAMG엔터,미디어·엔터,WATCH,0.25,0.0626,-73.2,-72.6,1.2,28.3,-2.0,19.6,5.8,-22.7,0,0
1146,090410,KOSDAQ,0.818,1212,0.595,990.0,덕신이피씨,금속가공,,0.04,0.0704,-48.2,-41.3,-11.8,24.3,-2.6,-3.6,-0.1,0.0,0,0
1147,010660,KOSPI,0.815,1212,0.328,1116.0,화천기계,기계·장비,WATCH,0.06,0.0546,-59.6,-47.3,-4.2,10.2,2.1,3.2,-0.0,-0.3,0,0
1148,463020,KOSDAQ,0.813,1212,0.506,1053.0,뉴엔AI,출판·SW,OBSERVE,0.06,0.0659,-86.3,,-25.0,15.2,-0.5,-11.7,0.2,20.9,0,0
1149,488280,KOSDAQ,0.81,1212,0.543,1024.0,에스투더블유,출판·SW,EXCLUDE,0.1,0.0873,-74.7,,-35.6,15.2,2.4,15.1,-0.6,-5.5,0,0
1150,261780,KOSDAQ,0.801,1212,0.618,964.0,아리바이오랩,지주·전문서비스,EXCLUDE,0.06,0.0813,-59.6,-11.8,-7.8,23.0,0.3,-4.2,0.0,0.0,0,0
1151,065440,KOSDAQ,0.791,1212,0.666,942.0,이루온,출판·SW,WATCH,0.04,0.0825,-71.8,21.4,-35.2,6.2,1.2,18.1,0.1,0.1,0,0
1152,432720,KOSDAQ,0.791,1212,0.409,1082.0,퀄리타스반도체,반도체·전자부품,EXCLUDE,0.11,0.0738,-73.5,-10.2,-39.5,31.1,-0.6,-29.7,0.0,1.9,0,0
1153,365330,KOSDAQ,0.784,1212,0.147,1169.0,에스와이스틸텍,금속가공,EXCLUDE,0.09,0.0519,-67.8,-57.1,-15.5,33.7,2.2,2.0,0.0,-4.2,0,0
1154,208710,KOSDAQ,0.784,1212,0.746,880.0,포톤,반도체·전자부품,EXCLUDE,0.02,0.1047,-60.6,6.1,-25.1,6.9,-1.1,-5.7,0.0,0.0,0,0
1155,315640,KOSDAQ,0.784,1212,0.054,1192.0,딥노이드,출판·SW,,0.04,0.0406,-75.9,-63.1,-35.4,6.2,1.3,12.8,-0.1,-4.4,0,0
1156,340360,KOSDAQ,0.781,1212,0.458,1065.0,다보링크,반도체·전자부품,,0.03,0.062,-72.9,-6.2,-56.2,7.6,5.6,5.6,0.0,0.0,0,0
1157,189860,KOSDAQ,0.755,1212,0.674,932.0,서전기전,전기장비,EXCLUDE,0.04,0.092,-67.1,11.9,-20.2,14.8,-1.9,-18.3,0.1,0.1,0,0
1158,338220,KOSDAQ,0.752,1212,0.079,1189.0,뷰노,출판·SW,EXCLUDE,0.11,0.0526,-72.2,-63.6,-1.5,6.5,0.1,-24.4,0.2,13.4,0,0
1159,229000,KOSDAQ,0.746,1212,0.656,943.0,젠큐릭스,제약·바이오,EXCLUDE,0.04,0.0893,-73.5,22.1,-26.7,19.6,1.7,-2.8,0.0,0.0,0,0
1160,225190,KOSDAQ,0.728,1212,0.214,1155.0,LK삼양,의료·정밀·광학,,0.05,0.0524,-73.7,-29.6,-48.3,6.8,-0.7,15.8,0.0,0.0,0,0
1161,081180,KOSDAQ,0.723,1212,0.237,1143.0,쎄크,기계·장비,EXCLUDE,0.05,0.0537,-70.4,-31.1,-29.4,6.2,-0.4,-6.3,-0.6,-5.1,0,0
1162,418550,KOSDAQ,0.718,1212,0.219,1150.0,제이오,연구개발,OBSERVE,0.13,0.0681,-70.8,-33.1,-26.1,7.4,-2.0,-6.4,0.0,-0.4,0,0
1163,062970,KOSDAQ,0.71,1212,0.528,1036.0,한국첨단소재,반도체·전자부품,,0.06,0.08,-75.2,4.3,-50.8,28.1,1.3,0.6,-0.1,-0.2,0,0
1164,115610,KOSDAQ,0.709,1212,0.421,1077.0,이미지스,반도체·전자부품,,0.02,0.0627,-72.9,-9.4,-38.2,9.7,-0.1,-4.9,-0.0,0.0,0,0
1165,389140,KOSDAQ,0.708,1212,0.139,1172.0,포바이포,미디어·엔터,EXCLUDE,0.07,0.0523,-69.0,-52.2,-21.1,6.0,1.2,1.2,-0.0,0.1,0,0
1166,043200,KOSDAQ,0.704,1212,0.218,1151.0,,,,0.02,0.0514,-64.7,-54.1,-24.2,12.4,-0.1,-3.8,0.0,0.1,0,0
1167,095910,KOSDAQ,0.703,1212,0.45,1069.0,에스에너지,전기장비,,0.03,0.0665,-71.1,-8.4,-40.5,11.4,-4.8,-8.0,-0.0,-0.2,0,0
1168,158430,KOSDAQ,0.684,1212,0.237,1144.0,아톤,출판·SW,WATCH,0.09,0.0637,-65.3,-45.3,-25.0,10.8,-0.5,11.0,0.2,-2.0,0,0
1169,014950,KOSDAQ,0.68,1212,0.519,1046.0,삼익제약,제약·바이오,EXCLUDE,0.04,0.0781,-80.2,,-27.4,295.3,2.0,-17.5,0.1,-25.6,0,0
1170,096250,KOSDAQ,0.666,1212,0.289,1129.0,와이즈넛,출판·SW,WATCH,0.09,0.0674,-60.2,-55.2,-10.1,24.8,-6.1,-5.2,0.0,-64.0,0,0
1171,300080,KOSDAQ,0.663,1212,0.273,1136.0,플리토,IT서비스,,0.11,0.0728,-66.8,-33.8,-14.0,6.6,1.8,-2.4,0.1,2.2,0,0
1172,093240,KOSPI,0.648,1212,0.009,1202.0,,,,0.03,0.0439,-86.6,-73.1,-37.3,6.4,1.8,4.0,-0.6,-3.0,0,0
1173,205500,KOSDAQ,0.647,1212,0.176,1164.0,넥써쓰,출판·SW,WATCH,0.09,0.0625,-66.9,-49.2,-22.7,17.4,-3.9,-9.0,0.0,-0.6,0,0
1174,095270,KOSDAQ,0.644,1212,0.473,1059.0,웨이브일렉트로,의료·정밀·광학,OBSERVE,0.05,0.079,-66.2,-13.4,-8.7,8.8,-2.2,-20.2,0.1,-0.7,0,0
1175,396270,KOSDAQ,0.64,1212,0.316,1120.0,넥스트칩,반도체·전자부품,,0.07,0.0676,-70.3,-22.0,-36.9,7.1,0.0,-4.3,0.1,0.0,0,0
1176,460940,KOSDAQ,0.612,1212,0.246,1140.0,피앤에스로보틱스,의료·정밀·광학,,0.05,0.0617,-71.1,-29.4,-22.4,19.4,1.0,-2.0,0.0,-0.5,0,0
1177,079810,KOSDAQ,0.612,1212,0.28,1132.0,APS이노베이션,전기장비,OBSERVE,0.06,0.0651,-64.2,-41.4,-23.2,5.4,-0.6,-0.3,-0.0,-0.1,0,0
1178,317240,KOSDAQ,0.61,1212,0.3,1123.0,TS트릴리온,화학,,0.02,0.0616,-76.2,-18.3,-19.7,20.1,0.0,-9.9,0.0,0.0,0,0
1179,053950,KOSDAQ,0.588,1212,0.23,1148.0,경남제약,제약·바이오,,0.02,0.0588,-67.7,-38.3,-20.4,8.5,0.3,-1.2,0.0,-0.2,0,0
1180,033340,KOSDAQ,0.566,1212,0.084,1186.0,좋은사람들,의복,,0.05,0.054,-81.6,-45.4,-38.1,14.3,6.3,-4.2,0.0,0.0,0,0
1181,001000,KOSDAQ,0.565,1212,0.331,1115.0,신라섬유,부동산,,0.02,0.0667,-66.1,-28.0,-44.2,22.4,2.7,0.4,-0.0,0.0,0,0
1182,092040,KOSDAQ,0.564,1212,0.062,1190.0,아미코젠,식료품,EXCLUDE,0.08,0.057,-73.7,-64.8,-12.1,20.6,0.6,-11.5,-0.7,0.3,0,0
1183,262260,KOSDAQ,0.537,1212,0.408,1083.0,에이프로,전기장비,EXCLUDE,0.04,0.0828,-76.3,-8.2,-52.5,7.9,-2.1,-21.7,0.3,19.3,0,0
1184,377480,KOSDAQ,0.533,1212,0.21,1156.0,마음AI,출판·SW,EXCLUDE,0.06,0.0657,-66.8,-44.2,-34.3,11.1,0.8,-3.2,0.0,0.0,0,0
1185,034940,KOSDAQ,0.532,1212,0.455,1067.0,,,,0.02,0.0848,-56.3,-36.6,-13.1,35.8,-2.4,-4.2,0.0,-0.2,0,0
1186,051980,KOSDAQ,0.53,1212,0.108,1180.0,중앙첨단소재,반도체·전자부품,,0.1,0.0662,-79.0,-42.1,-33.4,11.3,1.6,11.5,-0.0,-0.2,0,0
1187,042940,KOSDAQ,0.508,1212,0.348,1111.0,상지건설,건설,EXCLUDE,0.05,0.0788,-58.2,-47.9,3.6,60.3,-3.3,-1.5,-0.0,0.1,0,0
1188,039980,KOSDAQ,0.492,1212,0.126,1176.0,폴라리스AI,IT서비스,,0.06,0.0633,-69.9,-52.9,-32.3,6.4,0.9,12.2,0.0,-0.2,0,0
1189,065770,KOSDAQ,0.467,1212,0.41,1080.0,CS,반도체·전자부품,,0.02,0.0894,-70.6,-13.1,5.4,15.4,-3.7,-1.0,-0.0,-0.0,0,0
1190,177350,KOSDAQ,0.458,1212,0.317,1119.0,,,,0.01,0.0742,-65.3,-31.8,-10.6,6.1,-0.7,-1.8,0.4,3.6,0,0
1191,328380,KOSDAQ,0.443,1212,0.282,1131.0,솔트웨어,IT서비스,,0.02,0.0733,-61.7,-48.4,-44.4,6.8,-0.3,-2.3,0.8,2.2,0,0
1192,240600,KOSDAQ,0.387,1212,0.24,1142.0,유진테크놀로지,금속가공,EXCLUDE,0.01,0.074,-64.1,-49.3,-4.1,9.4,-0.2,-1.2,0.0,0.1,0,0
1193,900250,KOSDAQ,0.368,1212,0.147,1168.0,크리스탈신소재,,,0.04,0.0707,-72.2,-41.4,-50.0,7.6,-0.6,0.1,0.0,0.0,0,0
1194,452200,KOSDAQ,0.347,1212,0.241,1141.0,민테크,의료·정밀·광학,EXCLUDE,0.04,0.0856,-65.6,-42.2,-32.4,6.6,-5.9,-5.2,0.0,-0.0,0,0
1195,084650,KOSDAQ,0.336,1212,0.098,1183.0,랩지노믹스,지주·전문서비스,,0.05,0.0712,-72.3,-52.4,-43.6,9.8,-0.3,-1.8,0.0,8.3,0,0
1196,950220,KOSDAQ,0.324,1212,0.084,1187.0,네오이뮨텍,,,0.04,0.0695,-80.2,-45.8,-28.7,5.5,0.8,0.9,-0.0,-1.3,0,0
1197,406820,KOSDAQ,0.29,1212,0.232,1147.0,뷰티스킨,화학,,0.03,0.1011,-66.6,-40.4,21.9,14.6,0.6,-4.4,0.0,0.0,0,0
1198,299660,KOSDAQ,0.246,1212,0.116,1179.0,셀리드,지주·전문서비스,EXCLUDE,0.04,0.0824,-71.7,-49.0,-43.7,9.7,4.7,0.2,0.0,-2.2,0,0
1199,417860,KOSDAQ,0.239,1212,0.158,1166.0,오브젠,출판·SW,,0.03,0.0891,-70.1,-45.0,-53.0,12.4,-1.0,1.4,0.0,-0.5,0,0
1200,389680,KOSDAQ,0.226,1212,0.157,1167.0,유디엠텍,출판·SW,,0.01,0.0849,-77.7,-34.8,-42.0,11.8,-0.1,-4.2,0.0,0.1,0,0
1201,203400,KOSDAQ,0.226,1212,0.012,1201.0,에이비온,지주·전문서비스,,0.06,0.0764,-88.8,-71.4,-45.4,12.3,-0.9,0.5,0.0,-0.4,0,0
1202,023790,KOSDAQ,0.211,1212,0.132,1175.0,동일스틸럭스,철강·1차금속,,0.01,0.083,-86.4,-35.2,-0.2,25.9,0.4,-2.0,-0.0,-0.0,0,0
1203,900270,KOSDAQ,0.196,1212,0.033,1195.0,,,,0.01,0.0729,-79.0,-71.9,-14.0,13.8,0.1,-2.3,0.0,0.0,0,0
1204,291810,KOSDAQ,0.17,1212,0.125,1177.0,핀텔,출판·SW,,0.01,0.0905,-78.2,-39.7,-32.1,5.4,0.2,-0.3,0.0,-0.4,0,0
1205,355390,KOSDAQ,0.169,1212,0.018,1198.0,크라우드웍스,출판·SW,EXCLUDE,0.03,0.0761,-82.1,-73.4,-37.3,7.1,-0.4,-0.3,0.0,-0.2,0,0
1206,378800,KOSDAQ,0.163,1212,0.029,1196.0,샤페론,제약·바이오,,0.02,0.077,-83.0,-63.3,-51.6,20.3,1.8,0.4,0.0,0.0,0,0
1207,308100,KOSDAQ,0.12,1212,0.003,1205.0,,,,0.01,0.0772,-91.7,-82.2,-18.4,5.1,0.6,-1.1,-0.0,0.0,0,0
1208,012170,KOSPI,0.115,1212,0.05,1193.0,아센디오,미디어·엔터,,0.02,0.0879,-75.9,-64.8,-10.5,6.2,-0.4,-1.4,0.0,0.0,0,0
1209,012340,KOSDAQ,0.054,1212,0.018,1197.0,뉴인텍,자동차·부품,,0.01,0.0924,-84.6,-65.8,-38.6,9.2,0.6,-0.3,-0.1,-0.9,0,0
1210,011080,KOSDAQ,0.038,1212,0.014,1199.0,형지I&C,의복,,0.01,0.0999,-84.5,-72.9,-14.1,8.3,0.3,0.3,0.0,-0.0,0,0
1211,087260,KOSDAQ,0.036,1212,0.006,1203.0,모바일어플라이언스,출판·SW,,0.01,0.0958,-89.8,-75.3,-51.1,11.8,-3.8,-10.6,-0.0,0.0,0,0
1212,900300,KOSDAQ,0.024,1212,0.003,1204.0,오가닉티코스메틱,,,0.02,0.113,-93.4,-80.6,-54.1,8.4,-1.2,-2.6,0.0,0.0,0,0
