market,run_id,run_timestamp,ticker,name,sector,price,RSI,Stoch_K,BB_pct,drawdown_52w_high_%,distance_to_52w_low_%,return_1w_%,return_1m_%,return_3m_%,vs_SMA20_%,vs_SMA50_%,vs_SMA200_%,volume_vs_avg,52w_high,52w_low,acc_score,acc_signal_vol,acc_signal_return,acc_signal_candle,avg_volume_1w,avg_volume_1m,amt_today_억,amt_avg_1w_억,amt_avg_1m_억,vol_1w_vs_1m_ratio,trend_score,falling_knife,reversal_above_sma5,reversal_rebound_3pct,reversal_vol_up_candle,trend_details,oversold_score,foreign_5d_억,inst_5d_억,foreign_20d_억,inst_20d_억,supply_fetched,supply_score,market_regime,regime_score,regime_kospi_score,regime_fx_score,regime_flow_score,kospi_vs_sma200_%,kospi_return_1m_%,usdkrw,usdkrw_vs_sma20_%,usdkrw_return_1m_%,foreign_kospi_5d_억,foreign_kospi_5d_raw_억,foreign_kospi_5d_adjusted_억,foreign_proxy_success,foreign_proxy_total,foreign_proxy_coverage,stock_score_stage1,composite_score,stock_code,corp_code,danger_count,warning_count,fp_avoided_count,soft_downgraded_count,danger_details,warning_details,fp_avoided_details,soft_downgraded_details,danger_urls,warning_urls,fp_avoided_urls,soft_downgraded_urls,danger_rcept_nos,warning_rcept_nos,risk_level,annual_year,annual_latest_억,annual_prev_억,annual_yoy_%,annual_fs_div,annual_op_account_nm,annual_op_account_id,ocf_latest_억,ocf_prev_억,ocf_account_nm,ocf_account_id,dart_annual_status,dart_annual_message,dart_ocf_status,dart_ocf_message,q_period,q_basis,q_latest_억,q_prev_억,quarterly_yoy_%,q_latest_key,q_prev_key,q_fs_div,q_source_api,q_op_account_nm,q_op_account_id,dart_q_status,dart_q_message,earnings_pattern,fundamental_score,ocf_score,ocf_pattern,ocf_to_op_ratio,ocf_threshold_group,momentum_score,stock_score,final_score,smartmoney_score,smartmoney_trigger,roe_value,roe_gate,insider_score,insider_source,buyback_cancel_flag,catalyst_score,realized_vol,dart_status,os_count_20d,os_streak,os_is_new20,drop_acuteness,reversal_score,supply_score_v2,supply_intensity,quality_score,turnaround_score,oversold_component,PBR,PER,DIV,BPS,EPS,value_score,value_source,main_candidate,final_score_v3,entry_score,grade,bucket,v30_final_score_v3,v30_grade,v30_bucket,dscore_v3
kosdaq,20260714,20260714_2021,133750,메가엠디,교육,1345,41.9,40.8,28.1,-38.4,4.8,-3.9,-12.0,-26.5,-3.7,-12.0,-24.2,0.34,2185,1283,0,0,0,0,19540,19372,0.1,0.3,0.3,1.01,3,0,1,0,0,5일선회복,42.3,0.1,0.0,0.2,1.0,1,8,약세,-8,-7,0,-1,-21.9,-24.2,1496.48,,-1.11,-2212.0,-2212.0,-2212.0,10,10,1.0,53.3,45.3,133750,807555,0,0,0,0,,,,,,,,,,,안전,2025.0,18.1,22.4,-18.9,OFS,영업이익(손실),dart_OperatingIncomeLoss,51.0,83.9,영업활동현금흐름,ifrs-full_CashFlowsFromUsedInOperatingActivities,ok,연간 영업이익 YoY 계산 성공,ok,OCF 추출 성공,2026 Q1,3개월,1.5,-4.9,130.4,thstrm_amount,frmtrm_q_amount,OFS,fnlttSinglAcntAll,영업이익(손실),dart_OperatingIncomeLoss,ok,3개월 기준 YoY 계산 성공,턴어라운드,20,5,현금창출양호,2.82,default,0,78.3,70.3,2.0,0.0,4.19,0.0,0.0,OFF,0.0,0.0,0.024479286750207854,SAFE,10.0,6.0,0.0,0.325,4,15.0,0.333,20.0,17.0,10.575,0.45,10.67,4.46,3007.0,126.0,15.0,PYKRX,True,84.1,57.1,B,WAIT,81.6,B,WAIT,2.5
kosdaq,20260714,20260714_2021,170790,파이오링크,반도체·전자부품,7570,40.9,41.9,25.8,-47.5,4.3,-2.9,-13.0,-25.0,-3.8,-14.5,-17.5,1.84,14420,7260,0,0,0,0,17931,15249,2.2,1.4,1.2,1.18,3,0,0,1,0,+3%반등,53.0,1.5,0.0,2.7,0.1,1,8,약세,-8,-7,0,-1,-21.9,-24.2,1496.48,,-1.11,-2212.0,-2212.0,-2212.0,10,10,1.0,64.0,56.0,170790,492353,0,0,0,0,,,,,,,,,,,안전,2025.0,54.0,25.9,108.4,CFS,영업이익(손실),dart_OperatingIncomeLoss,109.8,60.6,영업활동현금흐름,ifrs-full_CashFlowsFromUsedInOperatingActivities,ok,연간 영업이익 YoY 계산 성공,ok,OCF 추출 성공,2026 Q1,3개월,-14.8,-14.9,0.7,thstrm_amount,frmtrm_q_amount,CFS,fnlttSinglAcntAll,영업이익(손실),dart_OperatingIncomeLoss,ok,3개월 기준 YoY 계산 성공,성장지속,10,5,현금창출양호,2.03,default,3,82.0,74.0,2.0,0.0,8.54,1.0,0.0,OFF,0.0,0.0,0.030000817268488963,SAFE,16.0,0.0,0.0,0.22307692307692306,7,15.0,1.25,20.0,6.0,13.25,0.56,6.53,4.76,13588.0,1160.0,15.0,PYKRX,True,81.7,56.2,B,WAIT,76.2,B,WAIT,5.5
kosdaq,20260714,20260714_2021,038290,마크로젠,전문서비스,11540,44.9,31.4,20.1,-44.8,4.9,-7.3,-17.1,-28.7,-5.8,-12.9,-26.2,1.26,20900,11000,0,0,0,0,33534,31907,4.6,3.9,3.9,1.05,4,0,0,0,1,거래량동반양봉,47.4,1.2,0.0,8.6,-0.1,1,8,약세,-8,-7,0,-1,-21.9,-24.2,1496.48,,-1.11,-2212.0,-2212.0,-2212.0,10,10,1.0,59.4,51.4,038290,261373,0,0,0,0,,,,,,,,,,,안전,2025.0,1.8,-64.6,102.8,CFS,영업이익(손실),dart_OperatingIncomeLoss,223.5,71.2,영업활동현금흐름,ifrs-full_CashFlowsFromUsedInOperatingActivities,ok,연간 영업이익 YoY 계산 성공,ok,OCF 추출 성공,2026 Q1,3개월,-5.1,-30.5,83.3,thstrm_amount,frmtrm_q_amount,CFS,fnlttSinglAcntAll,영업이익(손실),dart_OperatingIncomeLoss,ok,3개월 기준 YoY 계산 성공,성장지속,10,5,현금창출양호,124.17,default,2,76.4,68.4,5.0,0.0,1.29,0.0,0.0,OFF,0.0,0.0,0.03095370579662729,SAFE,8.0,1.0,0.0,0.4269005847953216,4,15.0,0.308,18.0,11.0,11.85,0.8,61.71,4.33,14505.0,187.0,15.0,PYKRX,True,78.1,51.7,B,WAIT,74.8,B,WAIT,3.3
kosdaq,20260714,20260714_2021,077360,덕산하이메탈,반도체·전자부품,9120,39.3,28.2,28.0,-56.8,126.0,7.3,-37.9,-26.5,-15.4,-34.7,-9.8,1.17,21100,4035,10,0,1,1,762027,737375,79.5,66.8,80.3,1.03,6,0,1,1,0,5일선회복/+3%반등,61.2,-15.6,40.7,105.2,-119.5,1,8,약세,-8,-7,0,-1,-21.9,-24.2,1496.48,,-1.11,-2212.0,-2212.0,-2212.0,10,10,1.0,85.2,77.2,077360,471068,0,0,0,0,,,,,,,,,,,안전,2025.0,28.1,186.4,-84.9,CFS,영업이익(손실),dart_OperatingIncomeLoss,48.4,137.8,영업활동현금흐름,ifrs-full_CashFlowsFromUsedInOperatingActivities,ok,연간 영업이익 YoY 계산 성공,ok,OCF 추출 성공,2026 Q1,3개월,-6.7,-13.9,52.0,thstrm_amount,frmtrm_q_amount,CFS,fnlttSinglAcntAll,영업이익(손실),dart_OperatingIncomeLoss,ok,3개월 기준 YoY 계산 성공,턴어라운드,20,5,현금창출양호,1.72,default,7,117.2,109.2,5.0,0.0,0.0,0.0,0.0,OFF,0.0,0.0,0.08849609521016351,SAFE,16.0,7.0,0.0,-0.19261213720316622,11,15.0,0.313,20.0,17.0,15.3,2.01,0.0,0.0,4544.0,0.0,-5.0,PYKRX,True,76.2,72.5,B,WAIT,73.3,B,WAIT,2.9
kosdaq,20260714,20260714_2021,050860,아세아텍,기계·장비,1723,33.5,27.5,1.1,-26.4,4.4,-3.4,-7.5,-13.6,-4.9,-7.7,-10.8,0.95,2340,1650,5,0,0,1,40039,49461,0.8,0.7,0.9,0.81,4,0,0,0,1,거래량동반양봉,59.2,0.2,0.0,0.4,0.0,1,3,약세,-8,-7,0,-1,-21.9,-24.2,1496.48,,-1.11,-2212.0,-2212.0,-2212.0,10,10,1.0,71.2,63.2,050860,138747,0,0,0,0,,,,,,,,,,,안전,2025.0,39.9,63.9,-37.6,OFS,영업이익(손실),dart_OperatingIncomeLoss,132.2,-200.5,영업활동현금흐름,ifrs-full_CashFlowsFromUsedInOperatingActivities,ok,연간 영업이익 YoY 계산 성공,ok,OCF 추출 성공,2025 Q3,3개월,49.6,44.6,11.1,thstrm_amount,frmtrm_q_amount,OFS,fnlttSinglAcntAll,영업이익(손실),dart_OperatingIncomeLoss,ok,3개월 기준 YoY 계산 성공,턴어라운드,20,5,현금창출양호,3.31,default,2,98.2,90.2,5.0,0.0,2.12,0.0,0.0,OFF,0.0,0.0,0.013216073137376773,SAFE,4.0,2.0,0.0,0.4533333333333333,4,10.0,0.222,20.0,12.0,14.8,0.26,12.05,2.9,6756.0,143.0,15.0,PYKRX,True,74.9,48.8,B,WAIT,75.8,B,WAIT,-0.9
kosdaq,20260714,20260714_2021,060250,NHN KCP,금융보조,12410,45.1,34.4,29.1,-51.3,16.0,-3.3,-20.5,-27.1,-5.4,-21.4,-27.5,1.04,25500,10700,0,0,0,0,219629,237359,30.3,27.4,31.4,0.93,3,0,0,1,0,+3%반등,46.2,12.1,10.9,75.8,-5.8,1,15,약세,-8,-7,0,-1,-21.9,-24.2,1496.48,,-1.11,-2212.0,-2212.0,-2212.0,10,10,1.0,64.2,56.2,060250,357740,0,0,0,0,,,,,,,,,,,안전,2025.0,546.9,437.8,24.9,CFS,영업이익(손실),dart_OperatingIncomeLoss,2003.3,-611.9,영업활동현금흐름,ifrs-full_CashFlowsFromUsedInOperatingActivities,ok,연간 영업이익 YoY 계산 성공,ok,OCF 추출 성공,2026 Q1,3개월,137.8,109.1,26.4,thstrm_amount,frmtrm_q_amount,CFS,fnlttSinglAcntAll,영업이익(손실),dart_OperatingIncomeLoss,ok,3개월 기준 YoY 계산 성공,성장지속,10,5,현금창출양호,3.66,default,4,83.2,75.2,4.0,0.0,15.3,0.0,0.0,OFF,0.0,0.0,0.04139392911574091,SAFE,19.0,0.0,0.0,0.16097560975609757,7,15.0,0.732,23.0,11.0,11.55,1.59,10.38,2.01,7810.0,1195.0,3.0,PYKRX,True,71.7,61.6,B,WAIT,70.6,B,WAIT,1.1
kosdaq,20260714,20260714_2021,240810,원익IPS,기계·장비,127100,40.2,30.5,32.5,-32.3,378.7,12.8,-27.2,4.1,-10.9,-4.0,30.3,1.03,187800,26550,10,0,1,1,2285129,2188052,2899.7,2743.0,3185.3,1.04,6,0,1,1,0,5일선회복/+3%반등,48.4,-1841.6,2348.7,-974.4,-682.6,1,8,약세,-8,-7,0,-1,-21.9,-24.2,1496.48,,-1.11,-2212.0,-2212.0,-2212.0,10,10,1.0,72.4,64.4,240810,1135941,0,0,0,0,,,,,,,,,,,안전,2025.0,738.1,106.4,593.6,CFS,영업순손익,dart_OperatingIncomeLoss,1566.1,782.8,영업활동현금흐름,ifrs-full_CashFlowsFromUsedInOperatingActivities,ok,연간 영업이익 YoY 계산 성공,ok,OCF 추출 성공,2026 Q1,3개월,107.3,-73.8,245.4,thstrm_amount,frmtrm_q_amount,CFS,fnlttSinglAcntAll,영업순손익,dart_OperatingIncomeLoss,ok,3개월 기준 YoY 계산 성공,성장지속,10,5,현금창출양호,2.12,default,7,94.4,86.4,5.0,0.0,8.66,0.0,0.0,OFF,0.0,0.0,0.08557387574162148,SAFE,7.0,7.0,0.0,-0.4705882352941177,11,10.0,0.159,23.0,11.0,12.1,6.38,73.6,0.16,19936.0,1727.0,0.0,PYKRX,True,70.2,63.7,B,WAIT,67.1,B,WAIT,3.1
kosdaq,20260714,20260714_2021,102710,이엔에프테크놀로지,화학,39750,36.7,26.7,26.9,-38.8,15.6,1.3,-23.1,-21.1,-10.3,-15.4,-21.4,0.72,65000,34400,5,0,1,0,95479,120064,34.2,37.5,54.6,0.8,6,0,1,1,0,5일선회복/+3%반등,57.1,-11.0,28.6,35.6,-26.4,1,8,약세,-8,-7,0,-1,-21.9,-24.2,1496.48,,-1.11,-2212.0,-2212.0,-2212.0,10,10,1.0,76.1,68.1,102710,530185,0,0,0,0,,,,,,,,,,,안전,2025.0,780.8,593.3,31.6,CFS,영업이익,dart_OperatingIncomeLoss,1030.8,1078.5,영업활동으로 인한 현금흐름,ifrs-full_CashFlowsFromUsedInOperatingActivities,ok,연간 영업이익 YoY 계산 성공,ok,OCF 추출 성공,2026 Q1,3개월,249.2,214.6,16.1,thstrm_amount,frmtrm_q_amount,CFS,fnlttSinglAcntAll,영업이익,dart_OperatingIncomeLoss,ok,3개월 기준 YoY 계산 성공,성장지속,10,5,현금창출양호,1.32,default,5,96.1,88.1,2.0,0.0,11.6,0.0,0.0,OFF,0.0,0.0,0.0467157012404402,SAFE,7.0,7.0,0.0,-0.05627705627705627,11,15.0,0.322,23.0,6.0,14.275,1.27,10.94,0.5,31327.0,3635.0,0.0,PYKRX,True,68.2,66.9,B,WAIT,69.3,B,WAIT,-1.1
kosdaq,20260714,20260714_2021,058470,리노공업,반도체·전자부품,73100,34.4,23.1,25.6,-43.3,66.1,1.7,-24.5,-34.6,-10.0,-22.7,-12.2,0.63,129000,44000,5,0,1,0,978071,1225863,565.4,700.5,1007.4,0.8,6,0,1,1,0,5일선회복/+3%반등,64.5,492.5,-259.4,3035.2,-3350.5,1,8,약세,-8,-7,0,-1,-21.9,-24.2,1496.48,,-1.11,-2212.0,-2212.0,-2212.0,10,10,1.0,83.5,75.5,058470,369657,0,0,0,0,,,,,,,,,,,안전,2025.0,188.6,223.4,-15.6,OFS,영업외이익(손실),dart_NonOperatingProfitLoss,1794.7,1101.1,영업활동현금흐름,ifrs-full_CashFlowsFromUsedInOperatingActivities,ok,연간 영업이익 YoY 계산 성공,ok,OCF 추출 성공,2026 Q1,3개월,58.4,30.7,90.1,thstrm_amount,frmtrm_q_amount,OFS,fnlttSinglAcntAll,영업외이익(손실),dart_NonOperatingProfitLoss,ok,3개월 기준 YoY 계산 성공,턴어라운드,20,5,현금창출양호,9.52,default,5,113.5,105.5,2.0,0.0,20.78,0.0,0.0,OFF,0.0,0.0,0.03400491831950804,SAFE,15.0,14.0,0.0,-0.06938775510204082,11,10.0,0.231,15.0,17.0,16.125,7.59,36.51,1.09,9635.0,2002.0,0.0,PYKRX,True,68.0,62.7,B,WAIT,69.1,B,WAIT,-1.1
kosdaq,20260714,20260714_2021,039030,이오테크닉스,기계·장비,357000,27.1,11.3,19.8,-42.7,104.2,-3.5,-32.8,-20.3,-17.3,-22.8,-1.6,0.6,623000,174800,5,0,1,0,141794,189891,412.6,508.3,831.7,0.75,3,0,1,0,0,5일선회복,78.8,21.2,23.9,2759.7,-3270.0,1,15,약세,-8,-7,0,-1,-21.9,-24.2,1496.48,,-1.11,-2212.0,-2212.0,-2212.0,10,10,1.0,101.8,93.8,039030,246417,0,0,0,0,,,,,,,,,,,안전,2025.0,807.5,312.0,158.8,CFS,영업이익(손실),dart_OperatingIncomeLoss,1002.9,553.6,영업활동현금흐름,ifrs-full_CashFlowsFromUsedInOperatingActivities,ok,연간 영업이익 YoY 계산 성공,ok,OCF 추출 성공,2026 Q1,3개월,298.0,144.8,105.8,thstrm_amount,frmtrm_q_amount,CFS,fnlttSinglAcntAll,영업이익(손실),dart_OperatingIncomeLoss,ok,3개월 기준 YoY 계산 성공,성장지속,10,5,현금창출양호,1.24,default,2,118.8,110.8,4.0,0.0,8.4,0.0,0.0,OFF,0.0,0.0,0.06124412027659268,SAFE,8.0,8.0,0.0,0.10670731707317074,7,8.0,0.054,23.0,11.0,19.7,6.39,76.14,0.34,55838.0,4689.0,0.0,PYKRX,True,66.7,55.6,B,WAIT,68.7,B,WAIT,-2.0
kosdaq,20260714,20260714_2021,067310,하나마이크론,반도체·전자부품,38250,31.8,22.5,24.5,-34.6,267.8,2.7,-24.9,23.4,-14.9,-15.3,15.9,0.6,58500,10400,10,0,1,1,1579592,2334199,534.8,585.7,1102.5,0.68,6,0,1,1,0,5일선회복/+3%반등,65.7,62.9,65.0,131.4,-13.1,1,15,약세,-8,-7,0,-1,-21.9,-24.2,1496.48,,-1.11,-2212.0,-2212.0,-2212.0,10,10,1.0,96.7,88.7,067310,445054,0,0,0,0,,,,,,,,,,,안전,2025.0,1276.9,1067.9,19.6,CFS,영업이익(손실),dart_OperatingIncomeLoss,1749.2,409.7,영업활동현금흐름,ifrs-full_CashFlowsFromUsedInOperatingActivities,ok,연간 영업이익 YoY 계산 성공,ok,OCF 추출 성공,2026 Q1,3개월,720.4,117.4,513.6,thstrm_amount,frmtrm_q_amount,CFS,fnlttSinglAcntAll,영업이익,dart_OperatingIncomeLoss,ok,3개월 기준 YoY 계산 성공,성장지속,10,5,현금창출양호,1.37,default,5,116.7,108.7,7.0,0.0,10.6,0.0,0.0,OFF,0.0,0.0,0.07647397296081773,SAFE,7.0,7.0,0.0,-0.10843373493975905,11,8.0,0.116,23.0,11.0,16.425,6.37,60.05,0.18,6007.0,637.0,0.0,PYKRX,True,66.2,62.6,B,WAIT,69.4,B,WAIT,-3.2
kosdaq,20260714,20260714_2021,110990,디아이티,기계·장비,17120,43.5,21.5,27.5,-41.0,54.7,-0.1,-32.3,-15.5,-11.5,-22.5,-10.1,0.79,29000,11070,5,0,1,0,113253,141922,19.1,19.3,28.1,0.8,6,0,1,1,0,5일선회복/+3%반등,52.3,13.8,3.3,41.2,-32.7,1,15,약세,-8,-7,0,-1,-21.9,-24.2,1496.48,,-1.11,-2212.0,-2212.0,-2212.0,10,10,1.0,78.3,70.3,110990,576798,0,0,0,0,,,,,,,,,,,안전,2025.0,230.6,240.9,-4.3,CFS,영업이익(손실),dart_OperatingIncomeLoss,246.7,381.1,영업활동현금흐름,ifrs-full_CashFlowsFromUsedInOperatingActivities,ok,연간 영업이익 YoY 계산 성공,ok,OCF 추출 성공,2026 Q1,3개월,164.4,52.8,211.5,thstrm_amount,frmtrm_q_amount,CFS,fnlttSinglAcntAll,영업이익(손실),dart_OperatingIncomeLoss,ok,3개월 기준 YoY 계산 성공,관망,0,5,현금창출양호,1.07,default,2,85.3,77.3,4.0,0.0,12.86,0.0,0.0,OFF,0.0,0.0,0.057186768815333966,SAFE,12.0,7.0,0.0,0.003095975232198143,11,15.0,0.609,20.0,5.0,13.075,1.34,10.41,2.45,12787.0,1644.0,3.0,PYKRX,True,66.0,63.4,B,WAIT,67.1,B,WAIT,-1.1
kosdaq,20260714,20260714_2021,089150,케이씨티,IT서비스,1756,43.6,22.9,18.6,-64.5,3.8,-6.1,-17.6,-53.8,-7.2,-27.4,-41.5,0.78,4950,1692,5,0,0,1,38568,63500,0.8,0.7,1.2,0.61,4,0,0,0,1,거래량동반양봉,52.7,0.6,0.0,-0.1,0.0,1,8,약세,-8,-7,0,-1,-21.9,-24.2,1496.48,,-1.11,-2212.0,-2212.0,-2212.0,10,10,1.0,69.7,61.7,089150,441447,0,0,0,0,,,,,,,,,,,안전,2025.0,40.3,16.1,151.0,OFS,영업이익(손실),dart_OperatingIncomeLoss,38.4,4.8,I. 영업활동현금흐름,ifrs-full_CashFlowsFromUsedInOperatingActivities,ok,연간 영업이익 YoY 계산 성공,ok,OCF 추출 성공,2026 Q1,3개월,1.8,1.6,15.9,thstrm_amount,frmtrm_q_amount,OFS,fnlttSinglAcntAll,영업이익(손실),dart_OperatingIncomeLoss,ok,3개월 기준 YoY 계산 성공,성장지속,10,5,현금창출양호,0.95,default,0,84.7,76.7,5.0,0.0,7.73,0.0,0.0,OFF,0.0,0.0,0.03804995716240179,SAFE,19.0,1.0,0.0,0.34659090909090906,4,15.0,0.5,23.0,6.0,13.175,0.84,10.84,4.56,2095.0,162.0,9.0,PYKRX,True,65.8,52.6,B,WAIT,70.2,B,WAIT,-4.4
kosdaq,20260714,20260714_2021,0010F0,보원케미칼,고무·플라스틱,2130,36.6,18.2,20.4,-83.7,6.8,-6.8,-31.2,-74.8,-14.3,-37.7,,1.14,13100,1995,10,0,1,1,90738,147518,2.7,2.0,4.1,0.62,4,0,0,0,1,거래량동반양봉,70.6,1.0,0.0,1.7,0.0,1,8,약세,-8,-7,0,-1,-21.9,-24.2,1496.48,,-1.11,-2212.0,-2212.0,-2212.0,10,10,1.0,92.6,84.6,0010F0,871587,0,0,0,0,,,,,,,,,,,안전,2025.0,51.2,47.6,7.5,OFS,영업이익(손실),dart_OperatingIncomeLoss,52.9,75.9,영업활동현금흐름,ifrs-full_CashFlowsFromUsedInOperatingActivities,ok,연간 영업이익 YoY 계산 성공,ok,OCF 추출 성공,2026 Q1,3개월,9.7,7.8,24.9,thstrm_amount,frmtrm_q_amount,OFS,fnlttSinglAcntAll,영업이익(손실),dart_OperatingIncomeLoss,ok,3개월 기준 YoY 계산 성공,성장지속,10,5,현금창출양호,1.03,default,4,111.6,103.6,5.0,0.0,,0.0,0.0,OFF,0.0,0.0,0.04682681557979069,SAFE,18.0,18.0,0.0,0.21794871794871795,7,10.0,0.244,23.0,11.0,17.65,0.0,0.0,0.0,0.0,0.0,1.0,PYKRX,True,65.4,57.4,B,WAIT,69.6,B,WAIT,-4.2
kosdaq,20260714,20260714_2021,078070,유비쿼스홀딩스,금융(은행),8120,46.4,45.2,36.8,-62.3,7.4,0.7,-21.2,-51.7,-4.0,-27.2,-31.4,1.16,21550,7560,10,0,1,1,46478,53486,5.1,3.8,4.6,0.87,10,0,1,1,1,5일선회복/+3%반등/거래량동반양봉,42.1,-2.3,-0.3,5.2,-0.7,1,0,약세,-8,-7,0,-1,-21.9,-24.2,1496.48,,-1.11,-2212.0,-2212.0,-2212.0,10,10,1.0,62.1,54.1,078070,411385,0,0,0,0,,,,,,,,,,,안전,2025.0,306.1,143.5,113.3,CFS,영업이익,dart_OperatingIncomeLoss,321.2,429.3,영업활동현금흐름,ifrs-full_CashFlowsFromUsedInOperatingActivities,ok,연간 영업이익 YoY 계산 성공,ok,OCF 추출 성공,2026 Q1,3개월,57.5,44.9,28.2,thstrm_amount,frmtrm_q_amount,CFS,fnlttSinglAcntAll,영업이익,dart_OperatingIncomeLoss,ok,3개월 기준 YoY 계산 성공,성장지속,10,5,현금창출양호,1.05,default,7,84.1,76.1,3.0,0.0,7.68,0.0,0.0,OFF,1.0,8.0,0.038007410340030454,SAFE,19.0,1.0,0.0,-0.0330188679245283,15,-10.0,-0.565,23.0,11.0,10.525,0.51,6.58,2.96,16069.0,1234.0,15.0,PYKRX,True,64.6,47.3,B,WAIT,64.5,B,WAIT,0.1
kosdaq,20260714,20260714_2021,357780,솔브레인,화학,304500,41.7,18.9,27.3,-42.5,73.0,-0.7,-28.7,-29.1,-9.3,-20.3,-12.9,0.79,530000,176000,5,0,1,0,70809,105047,250.4,213.5,358.4,0.67,6,0,1,1,0,5일선회복/+3%반등,55.7,102.5,-62.6,1765.1,-2002.9,1,8,약세,-8,-7,0,-1,-21.9,-24.2,1496.48,,-1.11,-2212.0,-2212.0,-2212.0,10,10,1.0,74.7,66.7,357780,1489648,0,0,0,0,,,,,,,,,,,안전,2025.0,1336.4,1679.5,-20.4,CFS,영업이익,dart_OperatingIncomeLoss,1469.2,2623.5,영업활동으로 인한 현금흐름,ifrs-full_CashFlowsFromUsedInOperatingActivities,ok,연간 영업이익 YoY 계산 성공,ok,OCF 추출 성공,2026 Q1,3개월,447.0,360.5,24.0,thstrm_amount,frmtrm_q_amount,CFS,fnlttSinglAcntAll,영업이익,dart_OperatingIncomeLoss,ok,3개월 기준 YoY 계산 성공,턴어라운드,20,5,현금창출양호,1.1,default,2,101.7,93.7,2.0,0.0,7.46,0.0,0.0,OFF,0.0,0.0,0.05717788782504574,SAFE,12.0,8.0,0.0,0.024390243902439022,11,5.0,0.111,20.0,17.0,13.925,2.21,29.61,0.77,137853.0,10285.0,0.0,PYKRX,True,63.6,60.1,B,WAIT,66.9,B,WAIT,-3.3
kosdaq,20260714,20260714_2021,095340,ISC,도매,150000,30.5,20.9,24.0,-48.7,172.2,-0.1,-28.4,-41.7,-12.4,-25.0,-3.5,0.85,292500,55100,10,0,1,1,340449,365378,475.8,501.2,624.3,0.93,3,0,1,0,0,5일선회복,75.6,399.1,-257.1,3503.0,-3480.6,1,8,약세,-8,-7,0,-1,-21.9,-24.2,1496.48,,-1.11,-2212.0,-2212.0,-2212.0,10,10,1.0,96.6,88.6,095340,572905,0,0,0,0,,,,,,,,,,,안전,2025.0,600.5,447.8,34.1,CFS,영업이익,dart_OperatingIncomeLoss,417.1,506.7,영업활동으로 인한 현금흐름,ifrs-full_CashFlowsFromUsedInOperatingActivities,ok,연간 영업이익 YoY 계산 성공,ok,OCF 추출 성공,2026 Q1,3개월,236.2,69.9,237.8,thstrm_amount,frmtrm_q_amount,CFS,fnlttSinglAcntAll,영업이익,dart_OperatingIncomeLoss,ok,3개월 기준 YoY 계산 성공,성장지속,10,2,현금창출보통,0.69,default,4,112.6,104.6,5.0,0.0,10.46,0.0,0.0,OFF,0.0,0.0,0.04320044604821363,SAFE,12.0,8.0,0.0,0.003521126760563381,7,10.0,0.227,15.0,11.0,18.9,5.72,54.68,0.57,26223.0,2743.0,0.0,PYKRX,True,63.0,51.4,B,WAIT,61.9,B,WAIT,1.1
kosdaq,20260714,20260714_2021,083450,GST,기계·장비,46250,44.3,32.4,30.2,-34.7,155.4,4.0,-28.1,43.0,-7.5,-15.0,32.2,0.74,70800,18110,10,0,1,1,172530,237699,79.5,78.1,122.1,0.73,6,0,1,1,0,5일선회복/+3%반등,44.4,21.9,18.5,136.3,33.1,1,15,약세,-8,-7,0,-1,-21.9,-24.2,1496.48,,-1.11,-2212.0,-2212.0,-2212.0,10,10,1.0,75.4,67.4,083450,540863,0,0,0,0,,,,,,,,,,,안전,2025.0,591.7,585.7,1.0,CFS,영업이익,dart_OperatingIncomeLoss,415.9,544.1,영업활동으로 인한 현금흐름,ifrs-full_CashFlowsFromUsedInOperatingActivities,ok,연간 영업이익 YoY 계산 성공,ok,OCF 추출 성공,2026 Q1,3개월,201.9,99.0,104.0,thstrm_amount,frmtrm_q_amount,CFS,fnlttSinglAcntAll,영업이익,dart_OperatingIncomeLoss,ok,3개월 기준 YoY 계산 성공,관망,0,5,현금창출양호,0.7,default,5,85.4,77.4,7.0,0.0,15.04,0.0,0.0,OFF,0.0,0.0,0.05886650505021554,SAFE,8.0,7.0,0.0,-0.14234875444839856,11,15.0,0.331,23.0,5.0,11.1,2.75,18.26,1.41,16838.0,2533.0,0.0,PYKRX,True,62.8,65.2,B,WAIT,65.1,B,WAIT,-2.3
kosdaq,20260714,20260714_2021,388210,씨엠티엑스,반도체·전자부품,84200,42.4,42.8,35.8,-50.6,24.0,9.8,-25.2,-34.0,-6.7,-21.5,,1.12,170300,67900,5,0,1,0,87914,71935,68.1,69.8,65.0,1.22,6,0,1,1,0,5일선회복/+3%반등,50.3,-10.8,39.9,-8.0,6.7,1,8,약세,-8,-7,0,-1,-21.9,-24.2,1496.48,,-1.11,-2212.0,-2212.0,-2212.0,10,10,1.0,69.3,61.3,388210,1529982,0,0,0,0,,,,,,,,,,,안전,2025.0,517.8,236.4,119.1,CFS,영업이익(손실),dart_OperatingIncomeLoss,361.9,354.9,영업활동현금흐름,ifrs-full_CashFlowsFromUsedInOperatingActivities,ok,연간 영업이익 YoY 계산 성공,ok,OCF 추출 성공,2026 Q1,3개월,135.1,126.2,7.0,thstrm_amount,frmtrm_q_amount,CFS,fnlttSinglAcntAll,영업이익(손실),dart_OperatingIncomeLoss,ok,3개월 기준 YoY 계산 성공,성장지속,10,2,현금창출보통,0.7,default,7,88.3,80.3,2.0,0.0,0.0,0.0,0.0,OFF,0.0,0.0,0.06101569680526353,SAFE,14.0,14.0,0.0,-0.38888888888888895,11,15.0,0.448,17.0,6.0,12.575,4.38,0.0,0.0,19207.0,0.0,-5.0,PYKRX,True,62.7,61.6,B,WAIT,56.6,B,WAIT,6.1
kosdaq,20260714,20260714_2021,065370,위세아이텍,출판·SW,2880,44.7,42.9,30.3,-66.3,9.1,-2.4,-22.5,-44.8,-6.6,-24.8,-44.7,1.37,8540,2640,0,0,0,0,17359,18329,0.7,0.5,0.6,0.95,3,0,0,1,0,+3%반등,48.9,-0.6,0.0,0.2,0.0,1,0,약세,-8,-7,0,-1,-21.9,-24.2,1496.48,,-1.11,-2212.0,-2212.0,-2212.0,10,10,1.0,51.9,43.9,065370,374738,0,0,0,0,,,,,,,,,,,안전,2025.0,7.9,9.3,-15.3,CFS,영업이익(손실),dart_OperatingIncomeLoss,22.0,15.2,영업활동현금흐름,ifrs-full_CashFlowsFromUsedInOperatingActivities,ok,연간 영업이익 YoY 계산 성공,ok,OCF 추출 성공,2026 Q1,3개월,3.9,-10.7,136.4,thstrm_amount,frmtrm_q_amount,CFS,fnlttSinglAcntAll,영업이익(손실),dart_OperatingIncomeLoss,ok,3개월 기준 YoY 계산 성공,턴어라운드,20,5,현금창출양호,2.78,default,2,78.9,70.9,0.0,0.0,4.72,0.0,0.0,OFF,0.0,0.0,0.04594949703879398,SAFE,19.0,2.0,0.0,0.10666666666666666,7,-10.0,-1.0,20.0,17.0,12.225,0.64,13.65,5.21,4468.0,211.0,15.0,PYKRX,True,62.7,33.6,B,WAIT,61.2,B,WAIT,1.5
kosdaq,20260714,20260714_2021,099410,동방선기,조선·기타운송,2890,40.0,15.4,18.4,-60.6,3.6,-7.7,-27.7,-39.0,-11.9,-28.0,-40.7,0.96,7340,2790,5,0,0,1,56671,81253,2.3,1.7,2.7,0.7,4,0,0,0,1,거래량동반양봉,65.1,0.4,0.0,2.3,-1.4,1,8,약세,-8,-7,0,-1,-21.9,-24.2,1496.48,,-1.11,-2212.0,-2212.0,-2212.0,10,10,1.0,82.1,74.1,099410,526678,0,0,0,0,,,,,,,,,,,안전,2025.0,92.9,40.8,127.6,OFS,영업이익(손실),dart_OperatingIncomeLoss,101.1,49.6,영업활동현금흐름,ifrs-full_CashFlowsFromUsedInOperatingActivities,ok,연간 영업이익 YoY 계산 성공,ok,OCF 추출 성공,2026 Q1,3개월,15.5,4.2,268.6,thstrm_amount,frmtrm_q_amount,OFS,fnlttSinglAcntAll,영업이익(손실),dart_OperatingIncomeLoss,ok,3개월 기준 YoY 계산 성공,성장지속,10,5,현금창출양호,1.09,default,2,99.1,91.1,5.0,0.0,15.95,1.0,0.0,OFF,0.0,0.0,0.04890584307604315,SAFE,20.0,33.0,0.0,0.2779783393501805,4,5.0,0.148,23.0,11.0,16.275,0.81,5.07,0.0,3574.0,570.0,6.0,PYKRX,True,62.4,45.0,B,WAIT,65.3,B,WAIT,-2.9
kosdaq,20260714,20260714_2021,413630,씨피시스템,고무·플라스틱,2300,28.5,19.4,32.2,-62.8,83.3,8.5,-12.5,-36.4,-11.3,-21.7,-39.1,0.53,6190,1255,10,0,1,1,2227698,2944310,37.6,52.3,84.1,0.76,6,0,1,1,0,5일선회복/+3%반등,66.0,-5.3,0.0,-17.8,0.2,1,0,약세,-8,-7,0,-1,-21.9,-24.2,1496.48,,-1.11,-2212.0,-2212.0,-2212.0,10,10,1.0,82.0,74.0,413630,1601222,0,0,0,0,,,,,,,,,,,안전,2025.0,21.4,33.2,-35.5,CFS,영업이익(손실),dart_OperatingIncomeLoss,39.9,44.6,영업활동현금흐름,ifrs-full_CashFlowsFromUsedInOperatingActivities,ok,연간 영업이익 YoY 계산 성공,ok,OCF 추출 성공,2026 Q1,3개월,5.3,4.8,12.3,thstrm_amount,frmtrm_q_amount,CFS,fnlttSinglAcntAll,영업이익(손실),dart_OperatingIncomeLoss,ok,3개월 기준 YoY 계산 성공,턴어라운드,20,5,현금창출양호,1.86,default,5,112.0,104.0,3.0,0.0,4.52,0.0,0.0,OFF,1.0,8.0,0.12969833908744224,SAFE,13.0,7.0,0.0,-0.68,11,0.0,-0.063,20.0,12.0,16.5,1.93,42.59,2.61,1194.0,54.0,3.0,PYKRX,True,60.7,51.4,B,WAIT,62.5,B,WAIT,-1.8
kosdaq,20260714,20260714_2021,330860,네패스아크,전문서비스,37000,42.4,51.9,41.1,-41.7,178.0,12.3,-35.9,28.7,-6.1,-11.2,43.3,1.13,63500,13310,5,0,1,0,317554,324380,132.3,118.2,130.4,0.98,6,0,1,1,0,5일선회복/+3%반등,47.3,-74.8,85.4,-28.0,94.2,1,8,약세,-8,-7,0,-1,-21.9,-24.2,1496.48,,-1.11,-2212.0,-2212.0,-2212.0,10,10,1.0,66.3,58.3,330860,1368354,0,0,0,0,,,,,,,,,,,안전,2025.0,47.6,-26.3,280.6,OFS,영업이익(손실),dart_OperatingIncomeLoss,465.9,557.7,영업활동현금흐름,ifrs-full_CashFlowsFromUsedInOperatingActivities,ok,연간 영업이익 YoY 계산 성공,ok,OCF 추출 성공,2026 Q1,3개월,50.1,-8.2,708.1,thstrm_amount,frmtrm_q_amount,OFS,fnlttSinglAcntAll,영업이익(손실),dart_OperatingIncomeLoss,ok,3개월 기준 YoY 계산 성공,성장지속,10,5,현금창출양호,9.79,default,7,88.3,80.3,2.0,0.0,2.02,0.0,0.0,OFF,0.0,0.0,0.07826234347112221,SAFE,12.0,12.0,0.0,-0.34261838440111425,11,5.0,0.081,18.0,11.0,11.825,2.67,132.14,0.0,13841.0,280.0,0.0,PYKRX,True,58.8,53.6,B,WAIT,56.8,B,WAIT,2.0
kosdaq,20260714,20260714_2021,033320,제이씨현시스템,도매,2715,42.2,30.3,24.6,-55.6,4.4,-3.9,-17.7,-45.9,-5.7,-23.1,-37.0,1.0,6110,2600,5,0,0,1,57431,70595,1.9,1.6,2.0,0.81,4,0,0,0,1,거래량동반양봉,50.7,0.3,0.0,3.2,0.1,1,8,약세,-8,-7,0,-1,-21.9,-24.2,1496.48,,-1.11,-2212.0,-2212.0,-2212.0,10,10,1.0,67.7,59.7,033320,223513,0,0,0,0,,,,,,,,,,,안전,2025.0,77.0,36.4,111.4,CFS,영업이익(손실),dart_OperatingIncomeLoss,87.4,260.0,영업활동현금흐름,ifrs-full_CashFlowsFromUsedInOperatingActivities,ok,연간 영업이익 YoY 계산 성공,ok,OCF 추출 성공,2026 Q1,3개월,35.8,39.3,-8.9,thstrm_amount,frmtrm_q_amount,CFS,fnlttSinglAcntAll,영업이익(손실),dart_OperatingIncomeLoss,ok,3개월 기준 YoY 계산 성공,관망,0,5,현금창출양호,1.14,default,4,76.7,68.7,5.0,0.0,7.53,0.0,0.0,OFF,0.0,0.0,0.03531202116935388,SAFE,19.0,1.0,0.0,0.22033898305084745,7,10.0,0.15,18.0,0.0,12.675,0.44,5.88,1.84,6135.0,462.0,11.0,PYKRX,True,57.7,44.2,B,WAIT,58.7,B,WAIT,-1.0
kosdaq,20260714,20260714_2021,052900,KX하이텍,고무·플라스틱,1201,48.4,32.6,28.3,-50.6,41.0,-2.7,-20.8,4.3,-6.0,-18.3,4.1,0.91,2430,852,10,0,1,1,2363150,1969045,21.4,29.4,25.7,1.2,3,0,0,1,0,+3%반등,41.5,0.3,-5.1,10.5,-27.9,1,8,약세,-8,-7,0,-1,-21.9,-24.2,1496.48,,-1.11,-2212.0,-2212.0,-2212.0,10,10,1.0,62.5,54.5,052900,276834,0,0,0,0,,,,,,,,,,,안전,2025.0,53.6,92.1,-41.8,CFS,영업이익(손실),dart_OperatingIncomeLoss,208.2,176.8,영업활동현금흐름,ifrs-full_CashFlowsFromUsedInOperatingActivities,ok,연간 영업이익 YoY 계산 성공,ok,OCF 추출 성공,2026 Q1,3개월,74.9,16.6,351.3,thstrm_amount,frmtrm_q_amount,CFS,fnlttSinglAcntAll,영업이익(손실),dart_OperatingIncomeLoss,ok,3개월 기준 YoY 계산 성공,턴어라운드,20,5,현금창출양호,3.88,default,4,91.5,83.5,5.0,0.0,3.8,0.0,0.0,OFF,0.0,0.0,0.06758605133329201,SAFE,18.0,1.0,0.0,0.12980769230769232,7,-10.0,-0.187,20.0,17.0,10.375,0.57,15.01,0.0,2108.0,80.0,6.0,PYKRX,True,56.2,33.0,B,WAIT,50.4,B,WAIT,5.8
kosdaq,20260714,20260714_2021,051390,YW,도매,3755,33.7,25.8,21.8,-23.3,4.3,1.1,-16.6,-13.0,-6.6,-12.3,-7.9,0.19,4895,3600,5,0,1,0,8246,12402,0.1,0.3,0.5,0.66,3,0,1,0,0,5일선회복,54.4,-0.1,0.0,0.5,4.0,1,0,약세,-8,-7,0,-1,-21.9,-24.2,1496.48,,-1.11,-2212.0,-2212.0,-2212.0,10,10,1.0,62.4,54.4,051390,296263,0,0,0,0,,,,,,,,,,,안전,2025.0,5.7,-0.5,1195.9,CFS,영업외손익,dart_NonOperatingProfitLoss,173.0,64.4,영업활동으로 인한 현금흐름,ifrs-full_CashFlowsFromUsedInOperatingActivities,ok,연간 영업이익 YoY 계산 성공,ok,OCF 추출 성공,2026 Q1,3개월,0.1,-1.1,110.2,thstrm_amount,frmtrm_q_amount,CFS,fnlttSinglAcntAll,영업외손익,dart_NonOperatingProfitLoss,ok,3개월 기준 YoY 계산 성공,성장지속,10,5,현금창출양호,30.35,default,5,82.4,74.4,0.0,0.0,6.02,0.0,0.0,OFF,0.0,0.0,0.03029989118918502,SAFE,8.0,5.0,0.0,-0.06626506024096386,7,-10.0,-0.2,18.0,11.0,13.6,0.36,5.94,6.13,10506.0,632.0,20.0,PYKRX,True,56.1,28.2,B,WAIT,59.6,B,WAIT,-3.5
kosdaq,20260714,20260714_2021,125020,티씨머티리얼즈,전기장비,4960,45.3,31.1,33.3,-52.4,65.9,1.1,-29.0,-5.0,-9.1,-25.9,-2.7,0.71,10410,2990,10,0,1,1,585742,767743,26.5,27.8,44.1,0.76,6,0,1,1,0,5일선회복/+3%반등,48.2,4.7,-0.4,15.0,1.1,1,8,약세,-8,-7,0,-1,-21.9,-24.2,1496.48,,-1.11,-2212.0,-2212.0,-2212.0,10,10,1.0,72.2,64.2,125020,381756,0,0,0,0,,,,,,,,,,,안전,2025.0,68.0,109.3,-37.8,OFS,영업이익(손실),dart_OperatingIncomeLoss,40.4,135.1,영업활동현금흐름,ifrs-full_CashFlowsFromUsedInOperatingActivities,ok,연간 영업이익 YoY 계산 성공,ok,OCF 추출 성공,2026 Q1,3개월,63.7,23.7,169.4,thstrm_amount,frmtrm_q_amount,OFS,fnlttSinglAcntAll,영업이익(손실),dart_OperatingIncomeLoss,ok,3개월 기준 YoY 계산 성공,턴어라운드,20,2,현금창출보통,0.59,default,5,99.2,91.2,5.0,0.0,2.3,0.0,0.0,OFF,0.0,0.0,0.06629072384547252,SAFE,20.0,21.0,0.0,-0.03793103448275863,11,5.0,0.098,12.0,17.0,12.05,2.23,97.25,0.0,2222.0,51.0,0.0,PYKRX,True,55.2,53.1,B,WAIT,57.0,B,WAIT,-1.8
kosdaq,20260714,20260714_2021,489500,엘케이켐,화학,19500,35.4,25.8,28.2,-67.2,18.8,-1.2,-35.1,-37.4,-13.1,-30.9,-31.2,1.28,59500,16410,5,0,1,0,40152,40442,10.2,7.6,9.1,0.99,3,0,1,0,0,5일선회복,68.1,-2.4,-1.1,8.9,1.8,1,0,약세,-8,-7,0,-1,-21.9,-24.2,1496.48,,-1.11,-2212.0,-2212.0,-2212.0,10,10,1.0,76.1,68.1,489500,1747977,0,0,0,0,,,,,,,,,,,안전,2025.0,45.7,101.4,-54.9,CFS,영업이익(손실),dart_OperatingIncomeLoss,46.1,102.7,영업활동현금흐름,ifrs-full_CashFlowsFromUsedInOperatingActivities,ok,연간 영업이익 YoY 계산 성공,ok,OCF 추출 성공,2026 Q1,3개월,11.1,4.8,130.7,thstrm_amount,frmtrm_q_amount,CFS,fnlttSinglAcntAll,영업이익(손실),dart_OperatingIncomeLoss,ok,3개월 기준 YoY 계산 성공,턴어라운드,20,5,현금창출양호,1.01,default,4,105.1,97.1,0.0,0.0,7.46,0.0,0.0,OFF,0.0,0.0,0.05204374199096313,SAFE,19.0,15.0,0.0,0.034188034188034185,7,-10.0,-0.385,20.0,17.0,17.025,2.05,27.54,0.0,9491.0,708.0,0.0,PYKRX,True,53.2,35.0,B,WAIT,51.0,B,WAIT,2.2
kosdaq,20260714,20260714_2021,405100,큐알티,전문서비스,10650,29.8,21.2,23.2,-56.0,7.0,-3.2,-31.3,-45.6,-13.6,-33.0,-35.7,1.03,24200,9950,5,0,1,0,65771,57506,6.3,7.0,7.1,1.14,3,0,1,0,0,5일선회복,78.1,0.1,-2.7,-2.2,-6.6,1,8,약세,-8,-7,0,-1,-21.9,-24.2,1496.48,,-1.11,-2212.0,-2212.0,-2212.0,10,10,1.0,94.1,86.1,405100,1033591,0,0,0,0,,,,,,,,,,,안전,2025.0,47.8,47.7,0.3,CFS,영업이익,dart_OperatingIncomeLoss,137.9,160.1,영업활동현금흐름,ifrs-full_CashFlowsFromUsedInOperatingActivities,ok,연간 영업이익 YoY 계산 성공,ok,OCF 추출 성공,2026 Q1,3개월,29.8,5.7,425.4,thstrm_amount,frmtrm_q_amount,CFS,fnlttSinglAcntAll,영업이익,dart_OperatingIncomeLoss,ok,3개월 기준 YoY 계산 성공,관망,0,5,현금창출양호,2.88,default,4,103.1,95.1,2.0,0.0,3.23,0.0,0.0,OFF,0.0,0.0,0.03742486297747585,SAFE,20.0,29.0,0.0,0.10223642172523963,7,-10.0,-0.366,23.0,5.0,19.525,1.39,43.12,4.51,7641.0,247.0,3.0,PYKRX,True,52.3,29.8,B,WAIT,47.5,B,WAIT,4.8
kosdaq,20260714,20260714_2021,253590,네오셈,기계·장비,9780,36.9,18.8,23.6,-54.3,28.5,-0.6,-31.4,-36.0,-11.7,-28.1,-27.6,0.74,21400,7610,10,0,1,1,488537,400756,28.5,47.7,44.5,1.22,3,0,1,0,0,5일선회복,68.0,23.8,-0.6,88.4,17.4,1,8,약세,-8,-7,0,-1,-21.9,-24.2,1496.48,,-1.11,-2212.0,-2212.0,-2212.0,10,10,1.0,89.0,81.0,253590,1170865,0,0,0,0,,,,,,,,,,,안전,2025.0,40.6,164.7,-75.4,CFS,영업이익(손실),dart_OperatingIncomeLoss,37.4,192.9,영업활동현금흐름,ifrs-full_CashFlowsFromUsedInOperatingActivities,ok,연간 영업이익 YoY 계산 성공,ok,OCF 추출 성공,2026 Q1,3개월,6.0,15.2,-60.7,thstrm_amount,frmtrm_q_amount,CFS,fnlttSinglAcntAll,영업이익(손실),dart_OperatingIncomeLoss,ok,3개월 기준 YoY 계산 성공,하락지속,-10,5,현금창출양호,0.92,default,2,86.0,78.0,5.0,0.0,4.49,0.0,0.0,OFF,0.0,0.0,0.04273677616842141,SAFE,18.0,17.0,0.0,0.01910828025477707,7,15.0,0.521,15.0,-10.0,17.0,3.49,77.62,1.02,2805.0,126.0,0.0,PYKRX,True,50.2,42.1,B,WAIT,44.0,B,WAIT,6.2
kosdaq,20260714,20260714_2021,064760,티씨케이,비금속광물(시멘트·유리),236500,42.4,30.1,31.0,-32.1,161.6,2.6,-18.6,-1.9,-6.0,-13.2,11.0,1.35,348500,90400,5,0,1,0,87994,79274,252.0,200.7,200.5,1.11,10,0,1,1,1,5일선회복/+3%반등/거래량동반양봉,42.9,51.6,-52.1,307.9,-210.7,1,8,약세,-8,-7,0,-1,-21.9,-24.2,1496.48,,-1.11,-2212.0,-2212.0,-2212.0,10,10,1.0,65.9,57.900000000000006,064760,245472,0,0,0,0,,,,,,,,,,,안전,2025.0,838.9,807.5,3.9,OFS,영업이익,dart_OperatingIncomeLoss,541.1,744.2,영업활동으로 인한 현금흐름,ifrs-full_CashFlowsFromUsedInOperatingActivities,ok,연간 영업이익 YoY 계산 성공,ok,OCF 추출 성공,2026 Q1,3개월,285.5,234.7,21.6,thstrm_amount,frmtrm_q_amount,OFS,fnlttSinglAcntAll,영업이익,dart_OperatingIncomeLoss,ok,3개월 기준 YoY 계산 성공,관망,0,2,현금창출보통,0.65,default,5,72.9,64.9,5.0,0.0,13.21,0.0,0.0,OFF,0.0,0.0,0.05001389098616035,SAFE,7.0,7.0,0.0,-0.13978494623655913,15,0.0,-0.002,15.0,5.0,10.725,5.09,38.53,0.6,46452.0,6138.0,0.0,PYKRX,True,50.0,48.7,B,WAIT,45.7,B,WAIT,4.3
kosdaq,20260714,20260714_2021,190510,나무가,반도체·전자부품,12380,46.2,46.3,32.4,-56.7,7.7,-1.1,-24.2,-28.4,-5.8,-22.8,-32.4,1.11,28600,11500,5,0,0,1,65468,57037,7.9,8.1,7.5,1.15,6,0,1,1,0,5일선회복/+3%반등,45.4,-1.9,5.4,3.9,5.4,1,8,약세,-8,-7,0,-1,-21.9,-24.2,1496.48,,-1.11,-2212.0,-2212.0,-2212.0,10,10,1.0,64.4,56.400000000000006,190510,819374,0,0,0,0,,,,,,,,,,,안전,2025.0,281.9,209.5,34.5,CFS,영업이익(손실),dart_OperatingIncomeLoss,378.1,604.9,영업활동현금흐름,ifrs-full_CashFlowsFromUsedInOperatingActivities,ok,연간 영업이익 YoY 계산 성공,ok,OCF 추출 성공,2026 Q1,3개월,38.8,94.2,-58.8,thstrm_amount,frmtrm_q_amount,CFS,fnlttSinglAcntAll,영업이익(손실),dart_OperatingIncomeLoss,ok,3개월 기준 YoY 계산 성공,피크아웃,-15,5,현금창출양호,1.34,default,4,58.4,50.4,5.0,0.0,14.24,0.0,0.0,OFF,0.0,0.0,0.04473328778696708,SAFE,19.0,1.0,0.0,0.04545454545454546,11,15.0,0.467,18.0,-15.0,11.35,1.01,7.11,5.88,12226.0,1741.0,3.0,PYKRX,True,48.3,47.3,B,WAIT,43.4,B,WAIT,4.9
kosdaq,20260714,20260714_2021,054210,이랜텍,반도체·전자부품,6960,45.1,30.6,27.3,-52.0,20.8,-1.6,-22.3,-33.5,-7.1,-27.4,-27.2,0.97,14490,5760,10,0,1,1,166544,160751,10.9,11.5,12.1,1.04,3,0,1,0,0,5일선회복,47.6,-8.2,2.3,-26.6,3.0,1,8,약세,-8,-7,0,-1,-21.9,-24.2,1496.48,,-1.11,-2212.0,-2212.0,-2212.0,10,10,1.0,68.6,60.6,054210,206659,0,0,0,0,,,,,,,,,,,안전,2025.0,-18.2,-103.4,82.4,CFS,영업외손익,dart_NonOperatingProfitLoss,346.5,794.6,영업활동현금흐름,ifrs-full_CashFlowsFromUsedInOperatingActivities,ok,연간 영업이익 YoY 계산 성공,ok,OCF 추출 성공,2026 Q1,3개월,175.3,-5.9,3046.6,thstrm_amount,frmtrm_q_amount,CFS,fnlttSinglAcntAll,영업이익(손실),dart_OperatingIncomeLoss,ok,3개월 기준 YoY 계산 성공,성장지속,10,0,회계손실현금유입,,default,4,82.6,74.6,5.0,0.0,9.8,1.0,0.0,OFF,0.0,0.0,0.046461859695135936,SAFE,20.0,31.0,0.0,0.07174887892376682,7,-10.0,-0.488,13.0,11.0,11.9,0.65,6.59,1.44,10776.0,1056.0,12.0,PYKRX,True,48.0,23.7,B,WAIT,44.9,B,WAIT,3.1
kosdaq,20260714,20260714_2021,126640,화신정공,자동차·부품,3925,40.2,33.6,36.7,-50.2,219.1,7.1,-25.4,156.9,-10.6,21.0,111.5,0.2,7880,1230,10,0,1,1,1450951,6123530,41.8,55.6,325.1,0.24,6,0,1,1,0,5일선회복/+3%반등,52.7,2.7,0.0,49.4,0.0,1,8,약세,-8,-7,0,-1,-21.9,-24.2,1496.48,,-1.11,-2212.0,-2212.0,-2212.0,10,10,1.0,76.7,68.7,126640,825223,0,0,0,0,,,,,,,,,,,안전,2025.0,117.8,13.4,778.7,OFS,영업이익(손실),dart_OperatingIncomeLoss,292.2,4.1,영업활동현금흐름,ifrs-full_CashFlowsFromUsedInOperatingActivities,ok,연간 영업이익 YoY 계산 성공,ok,OCF 추출 성공,2026 Q1,3개월,121.6,18.5,557.7,thstrm_amount,frmtrm_q_amount,OFS,fnlttSinglAcntAll,영업이익(손실),dart_OperatingIncomeLoss,ok,3개월 기준 YoY 계산 성공,성장지속,10,5,현금창출양호,2.48,default,5,96.7,88.7,5.0,0.0,8.7,0.0,0.0,OFF,0.0,0.0,0.12635702416438355,SAFE,7.0,7.0,0.0,-0.2795275590551181,11,0.0,0.008,23.0,11.0,13.175,1.16,13.35,1.91,3381.0,294.0,0.0,PYKRX,True,47.4,52.1,B,WAIT,58.2,B,WAIT,-10.8
kosdaq,20260714,20260714_2021,078350,한양디지텍,반도체·전자부품,20400,42.1,26.9,22.4,-54.0,135.0,0.5,-23.5,-27.4,-8.5,-26.3,-17.1,0.91,44300,8680,5,0,1,0,154639,204013,37.7,32.7,46.0,0.76,3,0,0,1,0,+3%반등,55.4,-7.2,-2.3,-2.0,-54.4,1,0,약세,-8,-7,0,-1,-21.9,-24.2,1496.48,,-1.11,-2212.0,-2212.0,-2212.0,10,10,1.0,63.4,55.4,078350,488989,0,0,0,0,,,,,,,,,,,안전,2025.0,238.7,350.4,-31.9,CFS,영업이익,dart_OperatingIncomeLoss,271.9,517.9,영업활동현금흐름,ifrs-full_CashFlowsFromUsedInOperatingActivities,ok,연간 영업이익 YoY 계산 성공,ok,OCF 추출 성공,2026 Q1,3개월,67.6,47.3,43.1,thstrm_amount,frmtrm_q_amount,CFS,fnlttSinglAcntAll,영업이익,dart_OperatingIncomeLoss,ok,3개월 기준 YoY 계산 성공,턴어라운드,20,5,현금창출양호,1.14,default,7,95.4,87.4,0.0,0.0,8.79,0.0,0.0,OFF,0.0,0.0,0.06621157176251806,SAFE,16.0,0.0,0.0,-0.02127659574468085,7,-10.0,-0.207,20.0,17.0,13.85,1.75,19.9,0.0,11658.0,1025.0,0.0,PYKRX,True,46.0,34.1,B,WAIT,47.8,B,WAIT,-1.8
kosdaq,20260714,20260714_2021,063760,이엘피,의료·정밀·광학,2465,41.7,45.0,31.7,-45.2,35.5,-1.2,-13.4,-26.9,-3.9,-18.8,-5.9,0.85,4500,1819,0,0,0,0,20572,33921,0.7,0.5,0.9,0.61,3,0,0,1,0,+3%반등,44.5,-0.7,0.0,-2.1,-0.4,1,0,약세,-8,-7,0,-1,-21.9,-24.2,1496.48,,-1.11,-2212.0,-2212.0,-2212.0,10,10,1.0,47.5,39.5,063760,374020,0,0,0,0,,,,,,,,,,,안전,2025.0,23.0,-42.0,154.8,CFS,영업이익(손실),dart_OperatingIncomeLoss,8.4,53.6,영업활동현금흐름,ifrs-full_CashFlowsFromUsedInOperatingActivities,ok,연간 영업이익 YoY 계산 성공,ok,OCF 추출 성공,2026 Q1,3개월,6.9,-20.1,134.2,thstrm_amount,frmtrm_q_amount,CFS,fnlttSinglAcntAll,영업이익(손실),dart_OperatingIncomeLoss,ok,3개월 기준 YoY 계산 성공,성장지속,10,2,현금창출보통,0.37,default,4,63.5,55.5,0.0,0.0,4.03,0.0,0.0,OFF,0.0,0.0,0.03675859673317984,SAFE,17.0,0.0,0.0,0.08955223880597014,7,-10.0,-0.778,15.0,11.0,11.125,0.32,8.06,4.06,7586.0,306.0,15.0,PYKRX,True,44.7,25.0,B,WAIT,49.1,B,WAIT,-4.4
kosdaq,20260714,20260714_2021,323350,다원넥스뷰,기계·장비,8830,33.4,24.5,26.9,-68.6,78.0,-0.8,-37.4,-33.2,-13.3,-40.6,-13.7,0.57,28100,4960,10,0,1,1,41028,66515,3.4,3.7,7.1,0.62,3,0,0,1,0,+3%반등,70.5,-5.6,0.3,-6.8,0.5,1,8,약세,-8,-7,0,-1,-21.9,-24.2,1496.48,,-1.11,-2212.0,-2212.0,-2212.0,10,10,1.0,91.5,83.5,323350,1344363,0,0,0,0,,,,,,,,,,,안전,2025.0,40.3,12.8,215.0,OFS,영업손익,dart_OperatingIncomeLoss,49.5,12.5,영업활동현금흐름,ifrs-full_CashFlowsFromUsedInOperatingActivities,ok,연간 영업이익 YoY 계산 성공,ok,OCF 추출 성공,2026 Q1,3개월,6.3,1.0,522.6,thstrm_amount,frmtrm_q_amount,OFS,fnlttSinglAcntAll,영업손익,dart_OperatingIncomeLoss,ok,3개월 기준 YoY 계산 성공,성장지속,10,5,현금창출양호,1.23,default,2,108.5,100.5,5.0,0.0,18.46,0.0,0.0,OFF,0.0,0.0,0.049487293242655606,SAFE,20.0,29.0,0.0,0.021390374331550804,7,-10.0,-0.746,23.0,11.0,17.625,3.76,20.35,0.0,2351.0,434.0,0.0,PYKRX,True,44.4,33.4,B,WAIT,48.6,B,WAIT,-4.2
kosdaq,20260714,20260714_2021,033100,제룡전기,전기장비,45600,47.9,30.9,34.8,-51.4,43.2,-1.9,-18.3,-6.0,-5.8,-22.3,-1.9,1.45,93800,31850,5,0,1,0,212038,242826,161.8,93.3,120.7,0.87,7,0,1,0,1,5일선회복/거래량동반양봉,40.6,-10.3,57.8,-92.8,90.7,1,8,약세,-8,-7,0,-1,-21.9,-24.2,1496.48,,-1.11,-2212.0,-2212.0,-2212.0,10,10,1.0,60.6,52.6,033100,185356,0,0,0,0,,,,,,,,,,,안전,2025.0,670.3,978.5,-31.5,OFS,영업이익(손실),dart_OperatingIncomeLoss,671.7,956.9,영업활동현금흐름,ifrs-full_CashFlowsFromUsedInOperatingActivities,ok,연간 영업이익 YoY 계산 성공,ok,OCF 추출 성공,2026 Q1,3개월,58.9,160.7,-63.4,thstrm_amount,frmtrm_q_amount,OFS,fnlttSinglAcntAll,영업이익(손실),dart_OperatingIncomeLoss,ok,3개월 기준 YoY 계산 성공,하락지속,-10,5,현금창출양호,1.0,default,2,57.6,49.6,5.0,0.0,24.53,0.0,0.0,OFF,0.0,0.0,0.06561638829503157,SAFE,16.0,5.0,0.0,0.10382513661202185,11,15.0,0.394,15.0,-10.0,10.15,3.06,12.48,2.41,14901.0,3655.0,3.0,PYKRX,True,44.3,48.0,B,WAIT,44.2,B,WAIT,0.1
kosdaq,20260714,20260714_2021,493330,지에프아이,기계·장비,9900,29.5,8.7,16.0,-58.4,2.1,-4.1,-24.3,-38.0,-9.4,-28.5,,1.06,23800,9700,10,0,1,1,8443,13481,1.4,0.9,1.5,0.63,4,0,0,0,1,거래량동반양봉,81.0,-0.7,0.6,-6.4,0.3,1,8,약세,-8,-7,0,-1,-21.9,-24.2,1496.48,,-1.11,-2212.0,-2212.0,-2212.0,10,10,1.0,103.0,95.0,493330,1450938,0,0,0,0,,,,,,,,,,,안전,2025.0,67.5,54.9,23.0,CFS,영업이익(손실),dart_OperatingIncomeLoss,32.5,53.5,영업활동현금흐름,ifrs-full_CashFlowsFromUsedInOperatingActivities,ok,연간 영업이익 YoY 계산 성공,ok,OCF 추출 성공,2026 Q1,3개월,29.0,13.8,110.4,thstrm_amount,frmtrm_q_amount,CFS,fnlttSinglAcntAll,영업이익(손실),dart_OperatingIncomeLoss,ok,3개월 기준 YoY 계산 성공,성장지속,10,2,현금창출보통,0.48,default,4,119.0,111.0,5.0,0.0,0.0,0.0,0.0,OFF,0.0,0.0,0.034494294598954096,SAFE,20.0,33.0,0.0,0.16872427983539093,7,0.0,-0.067,15.0,11.0,20.0,1.28,0.0,0.0,7719.0,0.0,-5.0,PYKRX,True,43.9,39.7,B,WAIT,48.0,B,WAIT,-4.1
kosdaq,20260714,20260714_2021,475230,엔알비,금속가공,7030,34.5,20.1,24.8,-76.3,10.0,-3.0,-34.1,-66.8,-13.4,-40.5,-55.7,0.45,29650,6390,10,0,1,1,87848,108218,3.5,5.9,8.7,0.81,3,0,1,0,0,5일선회복,70.8,0.6,-6.1,10.6,-29.2,1,8,약세,-8,-7,0,-1,-21.9,-24.2,1496.48,,-1.11,-2212.0,-2212.0,-2212.0,10,10,1.0,91.8,83.8,475230,1708163,0,0,0,0,,,,,,,,,,,안전,2025.0,45.0,62.2,-27.6,CFS,Ⅳ. 영업이익,dart_OperatingIncomeLoss,30.1,200.5,Ⅰ. 영업활동으로 인한 현금흐름,ifrs-full_CashFlowsFromUsedInOperatingActivities,ok,연간 영업이익 YoY 계산 성공,ok,OCF 추출 성공,2026 Q1,3개월,14.7,5.0,191.3,thstrm_amount,frmtrm_q_amount,CFS,fnlttSinglAcntAll,Ⅳ. 영업이익,dart_OperatingIncomeLoss,ok,3개월 기준 YoY 계산 성공,턴어라운드,20,2,현금창출보통,0.67,default,2,115.8,107.8,5.0,0.0,0.0,0.0,0.0,OFF,0.0,0.0,0.05736508480638501,SAFE,20.0,33.0,0.0,0.0879765395894428,7,-10.0,-0.632,12.0,17.0,17.7,0.86,0.0,0.0,8135.0,0.0,1.0,PYKRX,True,43.8,28.8,B,WAIT,44.7,B,WAIT,-0.9
kosdaq,20260714,20260714_2021,098120,마이크로컨텍솔,반도체·전자부품,22000,42.9,32.6,25.8,-45.7,41.9,-0.2,-27.5,-26.3,-9.5,-25.3,-13.4,1.17,40550,15500,5,0,1,0,88977,78700,20.3,19.7,19.2,1.13,3,0,0,1,0,+3%반등,53.2,-14.8,0.0,-15.8,-16.8,1,0,약세,-8,-7,0,-1,-21.9,-24.2,1496.48,,-1.11,-2212.0,-2212.0,-2212.0,10,10,1.0,61.2,53.2,098120,568188,0,0,0,0,,,,,,,,,,,안전,2025.0,177.4,102.0,73.9,CFS,영업이익(손실),dart_OperatingIncomeLoss,186.4,46.6,영업활동현금흐름,ifrs-full_CashFlowsFromUsedInOperatingActivities,ok,연간 영업이익 YoY 계산 성공,ok,OCF 추출 성공,2026 Q1,3개월,53.8,49.8,8.0,thstrm_amount,frmtrm_q_amount,CFS,fnlttSinglAcntAll,영업이익(손실),dart_OperatingIncomeLoss,ok,3개월 기준 YoY 계산 성공,성장지속,10,5,현금창출양호,1.05,default,4,80.2,72.2,0.0,0.0,20.76,0.0,0.0,OFF,0.0,0.0,0.05114349984868235,SAFE,18.0,14.0,0.0,0.007272727272727273,7,-10.0,-0.771,20.0,6.0,13.3,2.25,10.83,0.45,9781.0,2031.0,0.0,PYKRX,True,40.9,26.2,B,WAIT,36.3,B,WAIT,4.6
kosdaq,20260714,20260714_2021,214370,케어젠,제약·바이오,62700,41.4,36.2,24.1,-59.2,78.9,-8.1,-17.6,-26.8,-8.2,-22.2,-26.3,0.83,153800,35050,0,0,0,0,109228,93722,49.3,66.2,63.7,1.17,3,0,1,0,0,5일선회복,52.1,-2.3,0.7,6.0,86.3,1,8,약세,-8,-7,0,-1,-21.9,-24.2,1496.48,,-1.11,-2212.0,-2212.0,-2212.0,10,10,1.0,63.1,55.1,214370,549891,0,0,0,0,,,,,,,,,,,안전,2025.0,204.0,342.5,-40.4,CFS,영업이익,dart_OperatingIncomeLoss,185.9,134.9,영업활동현금흐름,ifrs-full_CashFlowsFromUsedInOperatingActivities,ok,연간 영업이익 YoY 계산 성공,ok,OCF 추출 성공,2026 Q1,3개월,102.1,101.7,0.4,thstrm_amount,frmtrm_q_amount,CFS,fnlttSinglAcntAll,영업이익,dart_OperatingIncomeLoss,ok,3개월 기준 YoY 계산 성공,관망,0,5,현금창출양호,0.91,default,2,70.1,62.1,2.0,0.0,9.45,0.0,0.0,OFF,0.0,0.0,0.06569963728254496,SAFE,18.0,7.0,0.0,0.46022727272727265,4,0.0,-0.025,17.0,0.0,13.025,14.42,152.55,0.7,4348.0,411.0,0.0,PYKRX,True,39.3,25.5,B,WAIT,34.0,B,WAIT,5.3
kosdaq,20260714,20260714_2021,083500,에프엔에스테크,기계·장비,14180,47.5,36.8,34.1,-41.3,26.0,4.2,-28.3,-18.3,-8.2,-21.3,-11.2,0.74,24150,11250,10,0,1,1,78298,113410,11.7,10.6,17.7,0.69,6,0,1,1,0,5일선회복/+3%반등,40.8,-2.7,0.0,5.8,-42.2,1,0,약세,-8,-7,0,-1,-21.9,-24.2,1496.48,,-1.11,-2212.0,-2212.0,-2212.0,10,10,1.0,56.8,48.8,083500,476036,0,0,0,0,,,,,,,,,,,안전,2025.0,103.5,88.1,17.5,CFS,영업이익(손실),dart_OperatingIncomeLoss,71.5,102.0,영업활동현금흐름,ifrs-full_CashFlowsFromUsedInOperatingActivities,ok,연간 영업이익 YoY 계산 성공,ok,OCF 추출 성공,2026 Q1,3개월,35.0,11.8,197.2,thstrm_amount,frmtrm_q_amount,CFS,fnlttSinglAcntAll,영업이익(손실),dart_OperatingIncomeLoss,ok,3개월 기준 YoY 계산 성공,성장지속,10,2,현금창출보통,0.69,default,5,73.8,65.8,3.0,0.0,10.37,0.0,0.0,OFF,1.0,8.0,0.06039628841020145,SAFE,12.0,7.0,0.0,-0.14840989399293286,11,-10.0,-0.153,15.0,11.0,10.2,1.31,12.6,2.4,10847.0,1125.0,3.0,PYKRX,True,37.2,32.8,B,WAIT,40.2,B,WAIT,-3.0
kosdaq,20260714,20260714_2021,064850,에프앤가이드,IT서비스,21050,38.6,13.9,6.9,-43.1,189.9,-8.9,-16.6,-15.8,-17.1,-19.7,27.4,0.6,37000,7260,10,0,1,1,41712,88844,11.4,9.0,23.4,0.47,4,0,0,0,1,거래량동반양봉,63.9,1.8,-7.0,-36.4,-19.8,1,8,약세,-8,-7,0,-1,-21.9,-24.2,1496.48,,-1.11,-2212.0,-2212.0,-2212.0,10,10,1.0,85.9,77.9,064850,331016,0,0,0,0,,,,,,,,,,,안전,2025.0,106.6,76.5,39.4,CFS,영업이익(손실),dart_OperatingIncomeLoss,107.5,65.7,영업활동현금흐름,ifrs-full_CashFlowsFromUsedInOperatingActivities,ok,연간 영업이익 YoY 계산 성공,ok,OCF 추출 성공,2026 Q1,3개월,46.8,20.9,124.0,thstrm_amount,frmtrm_q_amount,CFS,fnlttSinglAcntAll,영업이익(손실),dart_OperatingIncomeLoss,ok,3개월 기준 YoY 계산 성공,성장지속,10,5,현금창출양호,1.01,default,-3,97.9,89.9,5.0,0.0,14.33,0.0,0.0,OFF,0.0,0.0,0.07036108410617013,SAFE,6.0,1.0,0.0,0.536144578313253,4,-10.0,-0.222,23.0,11.0,15.975,3.48,24.31,1.24,6042.0,866.0,0.0,PYKRX,True,37.1,26.9,B,WAIT,44.0,B,WAIT,-6.9
kosdaq,20260714,20260714_2021,403870,HPSP,기계·장비,42000,38.5,19.3,24.4,-54.3,72.8,1.2,-49.7,-7.8,-15.0,-19.9,1.0,0.49,92000,24300,10,0,1,1,3215226,6039617,1198.8,1331.3,3212.1,0.53,6,0,1,1,0,5일선회복/+3%반등,65.2,116.0,56.1,1436.5,-5264.8,1,15,약세,-8,-7,0,-1,-21.9,-24.2,1496.48,,-1.11,-2212.0,-2212.0,-2212.0,10,10,1.0,96.2,88.2,403870,1288827,0,0,0,0,,,,,,,,,,,안전,2025.0,899.0,939.5,-4.3,OFS,영업이익,dart_OperatingIncomeLoss,1002.1,838.3,영업활동으로 인한 현금흐름,ifrs-full_CashFlowsFromUsedInOperatingActivities,ok,연간 영업이익 YoY 계산 성공,ok,OCF 추출 성공,2026 Q1,3개월,161.4,187.1,-13.7,thstrm_amount,frmtrm_q_amount,OFS,fnlttSinglAcntAll,영업이익,dart_OperatingIncomeLoss,ok,3개월 기준 YoY 계산 성공,하락지속,-10,5,현금창출양호,1.11,default,5,96.2,88.2,7.0,0.0,23.64,0.0,0.0,OFF,0.0,0.0,0.08177964328747889,SAFE,7.0,7.0,0.0,-0.02414486921529175,11,8.0,0.054,15.0,-10.0,16.3,11.02,46.61,1.19,3811.0,901.0,0.0,PYKRX,True,34.5,41.5,B,WAIT,40.3,B,WAIT,-5.8
kosdaq,20260714,20260714_2021,434480,모니터랩,출판·SW,2185,45.2,25.2,20.8,-59.9,7.4,-7.8,-21.1,-35.9,-8.9,-28.7,-41.7,0.65,5450,2035,5,0,0,1,20723,42423,0.6,0.5,1.0,0.49,4,0,0,0,1,거래량동반양봉,50.6,0.6,0.0,2.7,0.0,1,8,약세,-8,-7,0,-1,-21.9,-24.2,1496.48,,-1.11,-2212.0,-2212.0,-2212.0,10,10,1.0,67.6,59.6,434480,1583652,0,0,0,0,,,,,,,,,,,안전,2025.0,9.4,-6.4,246.5,CFS,영업이익(손실),dart_OperatingIncomeLoss,8.6,27.5,영업활동현금흐름,ifrs-full_CashFlowsFromUsedInOperatingActivities,ok,연간 영업이익 YoY 계산 성공,ok,OCF 추출 성공,2026 Q1,3개월,-7.1,-4.6,-52.9,thstrm_amount,frmtrm_q_amount,CFS,fnlttSinglAcntAll,영업이익(손실),dart_OperatingIncomeLoss,ok,3개월 기준 YoY 계산 성공,피크아웃,-15,5,현금창출양호,0.91,default,0,57.6,49.6,5.0,0.0,1.82,0.0,0.0,OFF,0.0,0.0,0.04669256120971429,SAFE,19.0,5.0,0.0,0.3696682464454976,4,15.0,0.6,18.0,-15.0,12.65,0.71,39.02,0.0,3084.0,56.0,6.0,PYKRX,True,34.2,33.7,B,WAIT,40.6,B,WAIT,-6.4
kosdaq,20260714,20260714_2021,297890,HB솔루션,기계·장비,1637,46.2,24.1,23.3,-46.7,7.6,-3.4,-16.4,-20.0,-6.4,-18.6,-25.8,1.32,3070,1522,15,1,1,1,514971,378201,8.3,8.4,6.5,1.36,3,0,0,1,0,+3%반등,46.3,-0.9,-0.1,-3.0,0.0,1,0,약세,-8,-7,0,-1,-21.9,-24.2,1496.48,,-1.11,-2212.0,-2212.0,-2212.0,10,10,1.0,64.3,56.3,297890,523936,0,0,0,0,,,,,,,,,,,안전,2025.0,44.0,193.4,-77.3,CFS,영업이익(손실),dart_OperatingIncomeLoss,189.3,384.8,영업활동으로 인한 현금흐름,ifrs-full_CashFlowsFromUsedInOperatingActivities,ok,연간 영업이익 YoY 계산 성공,ok,OCF 추출 성공,2026 Q1,3개월,-11.3,28.8,-139.3,thstrm_amount,frmtrm_q_amount,CFS,fnlttSinglAcntAll,영업이익(손실),dart_OperatingIncomeLoss,ok,3개월 기준 YoY 계산 성공,하락지속,-10,5,현금창출양호,4.3,default,2,61.3,53.3,3.0,0.0,10.75,1.0,0.0,OFF,0.0,0.0,0.04597740277468344,SAFE,14.0,1.0,0.0,0.20731707317073172,7,-10.0,-0.154,15.0,-10.0,11.575,0.49,4.52,1.83,3367.0,362.0,12.0,PYKRX,True,34.2,10.5,B,WAIT,25.6,B,WAIT,8.6
kosdaq,20260714,20260714_2021,146320,비씨엔씨,반도체·전자부품,10380,41.8,18.4,20.5,-45.5,20.4,-6.8,-18.9,-27.2,-10.0,-24.9,-26.7,0.54,19050,8620,0,0,0,0,39366,67570,3.8,4.0,8.0,0.58,6,0,1,1,0,5일선회복/+3%반등,54.6,-1.9,-0.1,-40.2,-1.1,1,0,약세,-8,-7,0,-1,-21.9,-24.2,1496.48,,-1.11,-2212.0,-2212.0,-2212.0,10,10,1.0,60.6,52.6,146320,1301623,0,0,0,0,,,,,,,,,,,안전,2025.0,39.3,-20.6,290.4,CFS,영업이익(손실),dart_OperatingIncomeLoss,21.2,-5.5,영업활동으로 인한 순현금흐름,-표준계정코드 미사용-,ok,연간 영업이익 YoY 계산 성공,ok,OCF 추출 성공,2026 Q1,3개월,8.0,-0.7,1330.0,thstrm_amount,frmtrm_q_amount,CFS,fnlttSinglAcntAll,영업이익(손실),dart_OperatingIncomeLoss,ok,3개월 기준 YoY 계산 성공,성장지속,10,2,현금창출보통,0.54,default,0,72.6,64.6,0.0,0.0,1.46,0.0,0.0,OFF,0.0,0.0,0.06630314559958782,SAFE,16.0,7.0,0.0,0.3597883597883598,8,-10.0,-0.25,15.0,11.0,13.65,1.68,115.33,0.0,6182.0,90.0,0.0,PYKRX,True,32.7,27.8,B,WAIT,37.6,B,WAIT,-4.9
kosdaq,20260714,20260714_2021,397810,애드포러스,엔지니어링,4755,38.8,27.0,-2.0,-73.3,8.9,-0.8,-9.9,-23.6,-5.5,-10.5,-34.0,1.44,17800,4365,15,1,1,1,14716,10313,0.7,0.7,0.5,1.43,3,0,0,1,0,+3%반등,64.7,-0.1,0.0,0.5,0.0,1,0,약세,-8,-7,0,-1,-21.9,-24.2,1496.48,,-1.11,-2212.0,-2212.0,-2212.0,10,10,1.0,82.7,74.7,397810,1551042,0,0,0,0,,,,,,,,,,,안전,2025.0,24.2,30.5,-20.7,CFS,영업이익,dart_OperatingIncomeLoss,23.8,32.7,영업활동현금흐름,ifrs-full_CashFlowsFromUsedInOperatingActivities,ok,연간 영업이익 YoY 계산 성공,ok,OCF 추출 성공,2026 Q1,3개월,6.8,9.0,-25.1,thstrm_amount,frmtrm_q_amount,CFS,fnlttSinglAcntAll,영업이익,dart_OperatingIncomeLoss,ok,3개월 기준 YoY 계산 성공,하락지속,-10,5,현금창출양호,0.98,default,2,79.7,71.7,3.0,0.0,0.0,0.0,0.0,OFF,0.0,0.0,0.020508617409518776,SAFE,6.0,0.0,0.0,0.08080808080808081,7,-10.0,-0.2,15.0,-10.0,16.175,0.55,0.0,5.26,8705.0,0.0,4.0,PYKRX,True,32.0,11.9,B,WAIT,22.2,B,WAIT,9.8
kosdaq,20260714,20260714_2021,119500,포메탈,금속가공,2475,45.4,48.6,32.0,-60.1,7.6,-0.8,-17.6,-39.6,-4.9,-23.4,-32.8,1.2,6210,2300,10,0,1,1,36758,49720,1.4,0.9,1.3,0.74,10,0,1,1,1,5일선회복/+3%반등/거래량동반양봉,43.9,-0.5,0.0,1.1,-0.4,1,0,약세,-8,-7,0,-1,-21.9,-24.2,1496.48,,-1.11,-2212.0,-2212.0,-2212.0,10,10,1.0,63.9,55.9,119500,188797,0,0,0,0,,,,,,,,,,,안전,2025.0,19.4,14.9,29.8,OFS,영업이익(손실),dart_OperatingIncomeLoss,48.8,68.6,영업활동현금흐름,ifrs-full_CashFlowsFromUsedInOperatingActivities,ok,연간 영업이익 YoY 계산 성공,ok,OCF 추출 성공,2026 Q1,3개월,3.7,4.8,-23.6,thstrm_amount,frmtrm_q_amount,OFS,fnlttSinglAcntAll,영업이익(손실),dart_OperatingIncomeLoss,ok,3개월 기준 YoY 계산 성공,피크아웃,-15,5,현금창출양호,2.52,default,4,57.9,49.9,3.0,0.0,4.2,0.0,0.0,OFF,0.0,0.0,0.035837388231762766,SAFE,20.0,33.0,0.0,0.045454545454545456,15,-10.0,-0.385,18.0,-15.0,10.975,0.57,13.6,2.42,4336.0,182.0,15.0,PYKRX,True,31.8,25.2,B,WAIT,34.0,B,WAIT,-2.2
kosdaq,20260714,20260714_2021,479960,위너스일렉,전기장비,6220,47.2,25.8,30.6,-59.9,13.9,-4.2,-19.6,-38.0,-5.7,-26.3,-38.9,1.04,15510,5460,5,0,0,1,11268,11960,0.8,0.7,0.8,0.94,4,0,0,0,1,거래량동반양봉,43.0,-0.5,0.0,-0.4,0.0,1,0,약세,-8,-7,0,-1,-21.9,-24.2,1496.48,,-1.11,-2212.0,-2212.0,-2212.0,10,10,1.0,52.0,44.0,479960,1137860,0,0,0,0,,,,,,,,,,,안전,2025.0,52.7,29.3,80.2,OFS,영업이익,dart_OperatingIncomeLoss,26.1,48.8,영업활동현금흐름,ifrs-full_CashFlowsFromUsedInOperatingActivities,ok,연간 영업이익 YoY 계산 성공,ok,OCF 추출 성공,2026 Q1,3개월,6.2,5.9,4.3,thstrm_amount,frmtrm_q_amount,OFS,fnlttSinglAcntAll,영업이익,dart_OperatingIncomeLoss,ok,3개월 기준 YoY 계산 성공,성장지속,10,2,현금창출보통,0.5,default,4,68.0,60.0,3.0,0.0,11.84,0.0,0.0,OFF,0.0,0.0,0.04744650282191982,SAFE,20.0,33.0,0.0,0.21428571428571427,7,-10.0,-0.625,12.0,6.0,10.75,1.05,8.84,8.04,5948.0,704.0,3.0,PYKRX,True,30.1,19.0,B,WAIT,28.8,B,WAIT,1.3
kosdaq,20260714,20260714_2021,114810,한솔아이원스,기계·장비,11950,40.7,21.1,24.1,-39.9,47.0,0.1,-21.9,-24.9,-9.3,-16.5,-15.7,0.86,19900,8130,5,0,1,0,217386,246044,25.8,25.7,33.1,0.88,3,0,1,0,0,5일선회복,53.4,-3.3,6.2,-39.1,27.9,1,8,약세,-8,-7,0,-1,-21.9,-24.2,1496.48,,-1.11,-2212.0,-2212.0,-2212.0,10,10,1.0,69.4,61.400000000000006,114810,625942,0,0,0,0,,,,,,,,,,,안전,2025.0,333.2,230.7,44.4,CFS,영업이익(손실),dart_OperatingIncomeLoss,236.4,371.7,영업활동현금흐름,ifrs-full_CashFlowsFromUsedInOperatingActivities,ok,연간 영업이익 YoY 계산 성공,ok,OCF 추출 성공,2026 Q1,3개월,71.2,119.1,-40.2,thstrm_amount,frmtrm_q_amount,CFS,fnlttSinglAcntAll,영업이익(손실),dart_OperatingIncomeLoss,ok,3개월 기준 YoY 계산 성공,피크아웃,-15,5,현금창출양호,0.71,default,7,66.4,58.4,2.0,0.0,13.53,0.0,0.0,OFF,1.0,8.0,0.05394067938613516,SAFE,7.0,7.0,0.0,-0.004566210045662101,7,5.0,0.088,18.0,-15.0,13.35,1.57,11.61,0.0,7607.0,1029.0,0.0,PYKRX,True,28.6,27.9,B,WAIT,28.4,B,WAIT,0.2
kosdaq,20260714,20260714_2021,047080,한빛소프트,출판·SW,1031,42.7,37.6,34.7,-46.9,5.7,-1.2,-24.2,-16.1,-5.8,-20.0,-17.3,0.54,1942,975,5,0,0,1,100876,223513,1.2,1.0,2.6,0.45,10,0,1,1,1,5일선회복/+3%반등/거래량동반양봉,47.9,0.2,0.0,1.1,-0.2,1,8,약세,-8,-7,0,-1,-21.9,-24.2,1496.48,,-1.11,-2212.0,-2212.0,-2212.0,10,10,1.0,70.9,62.900000000000006,047080,348292,0,0,0,0,,,,,,,,,,,안전,2025.0,55.4,30.6,80.8,CFS,영업외손익,dart_NonOperatingProfitLoss,46.2,0.0,영업활동현금흐름,ifrs-full_CashFlowsFromUsedInOperatingActivities,ok,연간 영업이익 YoY 계산 성공,ok,OCF 추출 성공,2026 Q1,3개월,6.7,7.5,-11.7,thstrm_amount,frmtrm_q_amount,CFS,fnlttSinglAcntAll,영업외손익,dart_NonOperatingProfitLoss,ok,3개월 기준 YoY 계산 성공,피크아웃,-15,5,현금창출양호,0.83,default,2,62.9,54.9,5.0,0.0,30.17,0.0,0.0,OFF,0.0,0.0,0.040891976579453926,SAFE,16.0,16.0,0.0,0.049586776859504134,15,5.0,0.077,18.0,-15.0,11.975,1.48,4.91,0.0,696.0,210.0,0.0,PYKRX,True,27.8,43.5,B,WAIT,35.0,B,WAIT,-7.2
kosdaq,20260714,20260714_2021,263810,상신전자,반도체·전자부품,2400,40.2,44.2,33.1,-43.1,4.1,1.3,-7.9,-16.4,-1.9,-9.8,-20.3,0.15,4215,2305,10,0,1,1,46511,192321,0.7,1.1,4.9,0.24,6,0,1,1,0,5일선회복/+3%반등,42.6,0.0,0.1,-0.8,0.1,1,3,약세,-8,-7,0,-1,-21.9,-24.2,1496.48,,-1.11,-2212.0,-2212.0,-2212.0,10,10,1.0,61.6,53.6,263810,760999,0,0,0,0,,,,,,,,,,,안전,2025.0,25.6,21.3,20.4,CFS,영업이익,dart_OperatingIncomeLoss,35.3,12.9,영업활동현금흐름,ifrs-full_CashFlowsFromUsedInOperatingActivities,ok,연간 영업이익 YoY 계산 성공,ok,OCF 추출 성공,2026 Q1,3개월,-6.2,9.0,-168.4,thstrm_amount,frmtrm_q_amount,CFS,fnlttSinglAcntAll,영업이익,dart_OperatingIncomeLoss,ok,3개월 기준 YoY 계산 성공,피크아웃,-15,5,현금창출양호,1.38,default,5,56.6,48.6,5.0,0.0,3.44,0.0,0.0,OFF,0.0,0.0,0.01711190297153224,SAFE,18.0,0.0,0.0,-0.16455696202531644,11,0.0,0.02,18.0,-15.0,10.65,0.72,21.05,0.0,3315.0,114.0,12.0,PYKRX,True,25.8,29.1,B,WAIT,36.6,B,WAIT,-10.8
kosdaq,20260714,20260714_2021,241790,티이엠씨씨엔에스,기계·장비,4725,44.5,8.7,23.9,-51.8,4.8,-2.0,-25.8,-36.3,-12.2,-27.6,-34.4,0.13,9800,4510,5,0,1,0,69634,360483,2.3,3.3,22.2,0.19,3,0,1,0,0,5일선회복,56.6,-1.2,0.0,-10.5,-5.2,1,0,약세,-8,-7,0,-1,-21.9,-24.2,1496.48,,-1.11,-2212.0,-2212.0,-2212.0,10,10,1.0,64.6,56.6,241790,1113754,0,0,0,0,,,,,,,,,,,안전,2025.0,90.0,59.2,51.9,CFS,영업이익(손실),dart_OperatingIncomeLoss,174.2,94.8,영업활동현금흐름,ifrs-full_CashFlowsFromUsedInOperatingActivities,ok,연간 영업이익 YoY 계산 성공,ok,OCF 추출 성공,2026 Q1,3개월,-36.1,28.6,-226.3,thstrm_amount,frmtrm_q_amount,CFS,fnlttSinglAcntAll,영업이익(손실),dart_OperatingIncomeLoss,ok,3개월 기준 YoY 계산 성공,피크아웃,-15,5,현금창출양호,1.94,default,2,56.6,48.6,0.0,0.0,3.69,0.0,0.0,OFF,0.0,0.0,0.08152883333533235,SAFE,16.0,7.0,0.0,0.07751937984496124,7,0.0,-0.054,18.0,-15.0,14.15,0.4,10.79,1.48,11871.0,438.0,12.0,PYKRX,True,24.5,22.1,B,WAIT,36.2,B,WAIT,-11.7
kosdaq,20260714,20260714_2021,056700,신화인터텍,고무·플라스틱,1506,38.2,67.2,-1.1,-31.7,5.6,-0.9,-2.8,-17.2,-1.2,-6.6,-15.5,0.53,2205,1426,5,0,0,1,49001,87054,0.7,0.7,1.3,0.56,3,0,0,1,0,+3%반등,51.8,-0.2,0.0,-1.9,0.0,1,0,약세,-8,-7,0,-1,-21.9,-24.2,1496.48,,-1.11,-2212.0,-2212.0,-2212.0,10,10,1.0,59.8,51.8,056700,228350,0,0,0,0,,,,,,,,,,,안전,2025.0,91.0,58.1,56.6,CFS,영업이익(손실),dart_OperatingIncomeLoss,232.9,-48.0,영업활동현금흐름,ifrs-full_CashFlowsFromUsedInOperatingActivities,ok,연간 영업이익 YoY 계산 성공,ok,OCF 추출 성공,2026 Q1,3개월,5.8,44.2,-86.9,thstrm_amount,frmtrm_q_amount,CFS,fnlttSinglAcntAll,영업이익(손실),dart_OperatingIncomeLoss,ok,3개월 기준 YoY 계산 성공,피크아웃,-15,5,현금창출양호,2.56,default,0,49.8,41.8,3.0,0.0,3.45,0.0,0.0,OFF,0.0,0.0,0.004691307763943607,SAFE,16.0,0.0,0.0,,4,-10.0,-0.154,18.0,-15.0,12.95,0.45,12.98,0.0,3366.0,116.0,6.0,PYKRX,True,10.7,3.8,B,WAIT,16.0,B,WAIT,-5.3
kosdaq,20260714,20260714_2021,085670,뉴프렉스,반도체·전자부품,3015,37.1,10.5,13.2,-58.6,4.0,-8.9,-25.4,-45.7,-12.2,-33.0,-43.0,1.97,7280,2900,0,0,0,0,234427,184149,11.2,7.3,6.3,1.27,0,0,0,0,0,-,76.5,1.5,0.0,-7.4,-0.1,1,8,약세,-8,-7,0,-1,-21.9,-24.2,1496.48,,-1.11,-2212.0,-2212.0,-2212.0,10,10,1.0,84.5,76.5,085670,493510,0,0,0,0,,,,,,,,,,,안전,2025.0,92.3,146.4,-36.9,CFS,영업이익,dart_OperatingIncomeLoss,147.4,427.4,영업활동현금흐름,ifrs-full_CashFlowsFromUsedInOperatingActivities,ok,연간 영업이익 YoY 계산 성공,ok,OCF 추출 성공,2026 Q1,3개월,13.0,-1.3,1071.0,thstrm_amount,frmtrm_q_amount,CFS,fnlttSinglAcntAll,영업외손익,dart_NonOperatingProfitLoss,ok,3개월 기준 YoY 계산 성공,턴어라운드,20,5,현금창출양호,1.6,default,1,110.5,102.5,2.0,0.0,8.12,1.0,0.0,OFF,0.0,0.0,0.03724333484228465,SAFE,20.0,33.0,0.0,0.3503937007874016,0,10.0,0.238,20.0,17.0,19.125,0.68,8.38,3.32,4434.0,360.0,15.0,PYKRX,True,88.2,45.6,B,OBSERVE,81.1,B,OBSERVE,7.1
kosdaq,20260714,20260714_2021,088130,동아엘텍,기계·장비,4850,39.8,21.0,24.6,-66.8,65.8,-0.1,-27.4,-33.3,-9.8,-33.4,-21.9,0.7,14620,2925,5,0,1,0,174775,155839,5.4,8.5,8.4,1.12,0,0,0,0,0,-,61.4,3.0,-0.1,24.4,-1.6,1,8,약세,-8,-7,0,-1,-21.9,-24.2,1496.48,,-1.11,-2212.0,-2212.0,-2212.0,10,10,1.0,74.4,66.4,088130,489243,0,0,0,0,,,,,,,,,,,안전,2025.0,1132.3,147.3,668.7,CFS,영업이익(손실),dart_OperatingIncomeLoss,938.7,-204.6,영업활동현금흐름,ifrs-full_CashFlowsFromUsedInOperatingActivities,ok,연간 영업이익 YoY 계산 성공,ok,OCF 추출 성공,2026 Q1,3개월,40.2,-31.3,228.3,thstrm_amount,frmtrm_q_amount,CFS,fnlttSinglAcntAll,영업이익(손실),dart_OperatingIncomeLoss,ok,3개월 기준 YoY 계산 성공,성장지속,10,5,현금창출양호,0.83,default,2,91.4,83.4,2.0,0.0,28.9,1.0,0.0,OFF,0.0,0.0,0.0494134726770234,SAFE,20.0,33.0,0.0,0.0036496350364963507,3,15.0,0.345,23.0,11.0,15.35,0.5,1.73,3.09,9726.0,2811.0,15.0,PYKRX,True,86.8,54.7,B,OBSERVE,82.4,B,OBSERVE,4.4
kosdaq,20260714,20260714_2021,192250,케이사인,출판·SW,6810,38.6,21.8,12.4,-57.4,4.9,-7.3,-18.1,-39.1,-8.1,-27.6,-35.2,0.99,16000,6490,0,0,0,0,23210,24953,1.7,1.6,1.9,0.93,0,0,0,0,0,-,63.2,2.5,0.0,2.0,0.1,1,8,약세,-8,-7,0,-1,-21.9,-24.2,1496.48,,-1.11,-2212.0,-2212.0,-2212.0,10,10,1.0,71.2,63.2,192250,1003040,0,0,0,0,,,,,,,,,,,안전,2025.0,29.0,13.1,121.7,CFS,영업이익(손실),dart_OperatingIncomeLoss,32.2,58.2,영업활동현금흐름,ifrs-full_CashFlowsFromUsedInOperatingActivities,ok,연간 영업이익 YoY 계산 성공,ok,OCF 추출 성공,2026 Q1,3개월,2.4,-9.4,125.6,thstrm_amount,frmtrm_q_amount,CFS,fnlttSinglAcntAll,영업이익(손실),dart_OperatingIncomeLoss,ok,3개월 기준 YoY 계산 성공,성장지속,10,5,현금창출양호,1.11,default,2,88.2,80.2,2.0,0.0,2.82,0.0,0.0,OFF,0.0,0.0,0.024862096540186916,SAFE,20.0,33.0,0.0,0.4033149171270718,0,15.0,1.316,23.0,11.0,15.8,0.52,18.36,2.94,13139.0,371.0,15.0,PYKRX,True,80.9,48.8,B,OBSERVE,79.8,B,OBSERVE,1.1
kosdaq,20260714,20260714_2021,021080,에이티넘인베스트,금융(은행),2090,37.8,12.5,29.4,-47.8,2.0,-1.2,-28.3,-32.4,-7.8,-24.4,-28.0,1.14,4000,2050,0,0,0,0,356962,460768,10.9,7.6,10.5,0.77,0,0,0,0,0,-,64.9,0.6,0.4,17.3,-0.4,1,15,약세,-8,-7,0,-1,-21.9,-24.2,1496.48,,-1.11,-2212.0,-2212.0,-2212.0,10,10,1.0,79.9,71.9,021080,161462,0,0,0,0,,,,,,,,,,,안전,2025.0,319.8,135.0,136.8,OFS,영업이익(손실),dart_OperatingIncomeLoss,397.7,120.4,영업활동으로 인한 현금흐름,ifrs-full_CashFlowsFromUsedInOperatingActivities,ok,연간 영업이익 YoY 계산 성공,ok,OCF 추출 성공,2026 Q1,3개월,43.4,21.6,101.0,thstrm_amount,frmtrm_q_amount,OFS,fnlttSinglAcntAll,영업이익(손실),dart_OperatingIncomeLoss,ok,3개월 기준 YoY 계산 성공,성장지속,10,5,현금창출양호,1.24,default,4,98.9,90.9,4.0,0.0,12.26,1.0,0.0,OFF,0.0,0.0,0.03708122140755534,SAFE,19.0,19.0,0.0,0.04240282685512367,3,8.0,0.095,23.0,11.0,16.225,0.47,3.83,6.7,4446.0,545.0,20.0,PYKRX,True,79.6,46.6,B,OBSERVE,81.2,B,OBSERVE,-1.6
kosdaq,20260714,20260714_2021,045300,성우테크론,반도체·전자부품,2390,39.9,25.0,16.2,-37.8,5.5,-4.0,-20.6,-21.5,-7.9,-18.8,-21.6,0.65,3845,2265,10,0,1,1,36696,40474,0.6,0.9,1.0,0.91,0,0,0,0,0,-,55.3,0.3,0.0,0.5,-0.2,1,8,약세,-8,-7,0,-1,-21.9,-24.2,1496.48,,-1.11,-2212.0,-2212.0,-2212.0,10,10,1.0,73.3,65.3,045300,350482,0,0,0,0,,,,,,,,,,,안전,2025.0,19.5,11.8,64.9,CFS,영업이익(손실),dart_OperatingIncomeLoss,70.4,51.0,영업활동현금흐름,ifrs-full_CashFlowsFromUsedInOperatingActivities,ok,연간 영업이익 YoY 계산 성공,ok,OCF 추출 성공,2026 Q1,3개월,13.7,5.0,172.2,thstrm_amount,frmtrm_q_amount,CFS,fnlttSinglAcntAll,영업이익(손실),dart_OperatingIncomeLoss,ok,3개월 기준 YoY 계산 성공,성장지속,10,5,현금창출양호,3.61,default,2,90.3,82.3,5.0,0.0,6.36,0.0,0.0,OFF,0.0,0.0,0.03236519149441452,SAFE,19.0,8.0,0.0,0.1941747572815534,3,15.0,0.3,23.0,11.0,13.825,0.33,5.14,0.84,7311.0,465.0,12.0,PYKRX,True,78.6,54.2,B,OBSERVE,77.8,B,OBSERVE,0.8
kosdaq,20260714,20260714_2021,309960,LB인베스트먼트,금융(은행),4030,47.5,30.6,17.2,-48.0,4.8,-5.6,-10.8,-26.2,-5.1,-15.4,-25.4,2.52,7750,3845,0,0,0,0,60615,48119,5.1,2.5,2.0,1.26,0,0,0,0,0,-,49.1,1.4,0.0,0.4,0.0,1,8,약세,-8,-7,0,-1,-21.9,-24.2,1496.48,,-1.11,-2212.0,-2212.0,-2212.0,10,10,1.0,57.1,49.1,309960,231901,0,0,0,0,,,,,,,,,,,안전,2025.0,96.7,108.5,-10.9,CFS,영업이익(손실),dart_OperatingIncomeLoss,56.4,-25.6,영업활동현금흐름,ifrs-full_CashFlowsFromUsedInOperatingActivities,ok,연간 영업이익 YoY 계산 성공,ok,OCF 추출 성공,2026 Q1,3개월,21.1,10.2,107.2,thstrm_amount,frmtrm_q_amount,CFS,fnlttSinglAcntAll,영업이익(손실),dart_OperatingIncomeLoss,ok,3개월 기준 YoY 계산 성공,턴어라운드,20,2,현금창출보통,0.58,default,-2,77.1,69.1,4.0,0.0,9.8,1.0,0.0,OFF,0.0,0.0,0.030646804601953057,SAFE,12.0,0.0,0.0,0.5185185185185185,0,15.0,0.7,12.0,17.0,12.275,0.73,7.45,4.96,5521.0,541.0,15.0,PYKRX,True,78.1,43.2,B,OBSERVE,71.3,B,OBSERVE,6.8
kosdaq,20260714,20260714_2021,041920,메디아나,의료·정밀·광학,9190,29.7,11.1,16.1,-69.0,89.5,-12.4,-32.4,-53.5,-19.0,-36.7,-32.0,0.91,29600,4850,0,0,0,0,144565,106607,9.2,13.7,12.0,1.36,0,0,0,0,0,-,83.3,19.1,-0.1,42.4,0.3,1,8,약세,-8,-7,0,-1,-21.9,-24.2,1496.48,,-1.11,-2212.0,-2212.0,-2212.0,10,10,1.0,91.3,83.3,041920,273439,0,0,0,0,,,,,,,,,,,안전,2025.0,59.5,13.1,354.5,CFS,영업이익,dart_OperatingIncomeLoss,55.0,51.1,영업활동으로 인한 현금흐름,ifrs-full_CashFlowsFromUsedInOperatingActivities,ok,연간 영업이익 YoY 계산 성공,ok,OCF 추출 성공,2026 Q1,3개월,16.1,12.6,28.1,thstrm_amount,frmtrm_q_amount,CFS,fnlttSinglAcntAll,영업이익,dart_OperatingIncomeLoss,ok,3개월 기준 YoY 계산 성공,성장지속,10,5,현금창출양호,0.92,default,2,108.3,100.3,2.0,0.0,3.9,0.0,0.0,OFF,0.0,0.0,0.060374379319261956,SAFE,19.0,17.0,0.0,0.3827160493827161,0,15.0,1.583,23.0,11.0,20.0,1.25,32.13,0.0,7340.0,286.0,0.0,PYKRX,True,77.6,50.1,B,OBSERVE,69.0,B,OBSERVE,8.6
kosdaq,20260714,20260714_2021,009520,포스코엠텍,철강·1차금속,10700,35.1,9.3,16.7,-53.7,2.9,-6.3,-30.9,-40.8,-14.0,-30.1,-35.4,1.02,23100,10400,5,0,1,0,164990,163838,18.1,18.2,20.3,1.01,0,0,0,0,0,-,75.8,2.4,9.6,2.3,19.0,1,15,약세,-8,-7,0,-1,-21.9,-24.2,1496.48,,-1.11,-2212.0,-2212.0,-2212.0,10,10,1.0,95.8,87.8,009520,128111,0,0,0,0,,,,,,,,,,,안전,2025.0,10.3,14.2,-27.3,OFS,영업이익,dart_OperatingIncomeLoss,15.6,-76.9,영업활동으로 인한 현금흐름,ifrs-full_CashFlowsFromUsedInOperatingActivities,ok,연간 영업이익 YoY 계산 성공,ok,OCF 추출 성공,2026 Q1,3개월,24.8,-8.0,411.5,thstrm_amount,frmtrm_q_amount,OFS,fnlttSinglAcntAll,영업이익(손실),dart_OperatingIncomeLoss,ok,3개월 기준 YoY 계산 성공,턴어라운드,20,5,현금창출양호,1.51,default,4,124.8,116.8,4.0,0.0,1.24,0.0,0.0,OFF,0.0,0.0,0.04957175114554501,SAFE,20.0,33.0,0.0,0.20388349514563106,3,15.0,0.591,20.0,17.0,18.95,3.9,314.71,0.09,2744.0,34.0,0.0,PYKRX,True,76.5,57.6,B,OBSERVE,74.0,B,OBSERVE,2.5
kosdaq,20260714,20260714_2021,099390,브레인즈컴퍼니,출판·SW,3165,40.3,14.9,20.6,-53.7,2.8,-5.5,-20.7,-26.1,-7.5,-17.1,-32.0,1.67,6830,3080,0,0,0,0,16573,13906,0.7,0.5,0.5,1.19,0,0,0,0,0,-,63.8,0.0,0.0,-0.2,0.0,1,0,약세,-8,-7,0,-1,-21.9,-24.2,1496.48,,-1.11,-2212.0,-2212.0,-2212.0,10,10,1.0,63.8,55.8,099390,642897,0,0,0,0,,,,,,,,,,,안전,2025.0,21.1,36.0,-41.4,CFS,영업이익(손실),dart_OperatingIncomeLoss,57.6,52.4,영업활동현금흐름,ifrs-full_CashFlowsFromUsedInOperatingActivities,ok,연간 영업이익 YoY 계산 성공,ok,OCF 추출 성공,2026 Q1,3개월,-12.2,-19.4,37.0,thstrm_amount,frmtrm_q_amount,CFS,fnlttSinglAcntAll,영업이익(손실),dart_OperatingIncomeLoss,ok,3개월 기준 YoY 계산 성공,턴어라운드,20,5,현금창출양호,2.73,default,0,88.8,80.8,0.0,0.0,9.39,1.0,0.0,OFF,0.0,0.0,0.028403809681649107,SAFE,15.0,14.0,0.0,0.26570048309178745,0,0.0,0.0,20.0,17.0,15.95,0.45,4.78,5.37,7049.0,662.0,15.0,PYKRX,True,73.6,32.7,B,OBSERVE,68.0,B,OBSERVE,5.6
kosdaq,20260714,20260714_2021,208370,셀바스헬스케어,의료·정밀·광학,2435,36.9,6.8,8.6,-67.5,2.1,-13.2,-26.0,-43.3,-13.2,-26.2,-43.9,0.91,7490,2385,0,0,0,0,122473,133515,3.0,3.2,3.7,0.92,0,0,0,0,0,-,74.2,3.2,0.0,15.7,0.1,1,8,약세,-8,-7,0,-1,-21.9,-24.2,1496.48,,-1.11,-2212.0,-2212.0,-2212.0,10,10,1.0,82.2,74.2,208370,1047451,0,0,0,0,,,,,,,,,,,안전,2025.0,-1.6,32.7,-104.9,CFS,영업이익(손실),dart_OperatingIncomeLoss,3.0,45.0,영업활동현금흐름,ifrs-full_CashFlowsFromUsedInOperatingActivities,ok,연간 영업이익 YoY 계산 성공,ok,OCF 추출 성공,2026 Q1,3개월,6.7,3.5,91.5,thstrm_amount,frmtrm_q_amount,CFS,fnlttSinglAcntAll,영업이익(손실),dart_OperatingIncomeLoss,ok,3개월 기준 YoY 계산 성공,턴어라운드,20,0,회계손실현금유입,,default,-1,101.2,93.2,2.0,0.0,5.46,0.0,0.0,OFF,0.0,0.0,0.03917091979394267,SAFE,20.0,33.0,0.0,0.5076923076923077,0,15.0,0.865,10.0,17.0,18.55,0.88,16.13,0.0,2766.0,151.0,12.0,PYKRX,True,73.5,43.5,C,OBSERVE,72.6,C,OBSERVE,0.9
kosdaq,20260714,20260714_2021,098070,한텍,금속가공,23050,39.2,18.5,22.5,-62.9,5.5,-4.0,-29.1,-48.6,-13.0,-29.4,-38.7,0.66,62200,21850,5,0,1,0,44123,50039,7.4,10.2,13.6,0.88,0,0,0,0,0,-,64.6,9.6,-5.3,35.2,-35.2,1,8,약세,-8,-7,0,-1,-21.9,-24.2,1496.48,,-1.11,-2212.0,-2212.0,-2212.0,10,10,1.0,77.6,69.6,098070,404941,0,0,0,0,,,,,,,,,,,안전,2025.0,381.8,167.7,127.7,CFS,영업이익(손실),dart_OperatingIncomeLoss,588.4,269.5,영업활동으로 인한 현금흐름,ifrs-full_CashFlowsFromUsedInOperatingActivities,ok,연간 영업이익 YoY 계산 성공,ok,OCF 추출 성공,2026 Q1,3개월,76.3,21.3,257.7,thstrm_amount,frmtrm_q_amount,CFS,fnlttSinglAcntAll,영업이익(손실),dart_OperatingIncomeLoss,ok,3개월 기준 YoY 계산 성공,성장지속,10,5,현금창출양호,1.54,default,2,94.6,86.6,2.0,0.0,19.73,0.0,0.0,OFF,0.0,0.0,0.055342612463752563,SAFE,17.0,16.0,0.0,0.1374570446735395,3,15.0,0.316,23.0,11.0,16.15,1.58,8.0,1.63,14605.0,2881.0,5.0,PYKRX,True,73.4,54.9,B,OBSERVE,73.2,B,OBSERVE,0.2
kosdaq,20260714,20260714_2021,464280,티디에스팜,제약·바이오,5420,41.2,2.0,8.4,-53.6,0.7,-8.1,-21.6,-36.0,-11.1,-23.4,-38.5,1.21,11690,5380,0,0,0,0,17790,18779,1.3,1.0,1.2,0.95,0,0,0,0,0,-,66.7,0.4,0.0,1.3,-0.2,1,8,약세,-8,-7,0,-1,-21.9,-24.2,1496.48,,-1.11,-2212.0,-2212.0,-2212.0,10,10,1.0,74.7,66.7,464280,1232192,0,0,0,0,,,,,,,,,,,안전,2025.0,37.7,37.3,1.0,OFS,영업이익,dart_OperatingIncomeLoss,37.8,39.3,영업활동현금흐름,ifrs-full_CashFlowsFromUsedInOperatingActivities,ok,연간 영업이익 YoY 계산 성공,ok,OCF 추출 성공,2026 Q1,3개월,13.4,1.9,612.2,thstrm_amount,frmtrm_q_amount,OFS,fnlttSinglAcntAll,영업이익,dart_OperatingIncomeLoss,ok,3개월 기준 YoY 계산 성공,관망,0,5,현금창출양호,1.0,default,2,81.7,73.7,2.0,0.0,9.99,1.0,0.0,OFF,0.0,0.0,0.047456121310361005,SAFE,18.0,7.0,0.0,0.37499999999999994,0,15.0,0.333,23.0,5.0,16.675,0.67,6.71,0.0,8090.0,808.0,12.0,PYKRX,True,73.2,44.9,B,OBSERVE,71.7,B,OBSERVE,1.5
kosdaq,20260714,20260714_2021,0015S0,페스카로,전문서비스,6610,37.6,14.1,15.9,-85.9,4.1,-10.1,-32.4,-56.1,-15.2,-34.9,,0.99,47000,6350,0,0,0,0,29043,37715,2.5,2.0,3.0,0.77,0,0,0,0,0,-,71.2,1.0,0.0,5.4,0.1,1,8,약세,-8,-7,0,-1,-21.9,-24.2,1496.48,,-1.11,-2212.0,-2212.0,-2212.0,10,10,1.0,79.2,71.2,0015S0,1817920,0,0,0,0,,,,,,,,,,,안전,2025.0,8.8,13.2,-33.5,CFS,영업이익(손실),dart_OperatingIncomeLoss,38.3,41.5,영업활동현금흐름,ifrs-full_CashFlowsFromUsedInOperatingActivities,ok,연간 영업이익 YoY 계산 성공,ok,OCF 추출 성공,2026 Q1,3개월,5.7,0.9,543.5,thstrm_amount,frmtrm_q_amount,CFS,fnlttSinglAcntAll,영업이익(손실),dart_OperatingIncomeLoss,ok,3개월 기준 YoY 계산 성공,턴어라운드,20,5,현금창출양호,4.35,default,2,106.2,98.2,2.0,0.0,4.83,0.0,0.0,OFF,0.0,0.0,0.048216171941976166,SAFE,20.0,33.0,0.0,0.3117283950617284,0,15.0,0.333,20.0,17.0,17.8,1.05,21.67,0.0,6312.0,305.0,5.0,PYKRX,True,73.2,51.2,B,OBSERVE,74.8,B,OBSERVE,-1.6
kosdaq,20260714,20260714_2021,218410,RFHIC,반도체·전자부품,44750,21.9,10.5,8.3,-64.7,94.6,-18.5,-43.9,-51.3,-26.6,-43.9,-21.4,1.43,126900,23000,5,1,0,0,425269,306040,193.6,208.5,185.9,1.39,0,0,0,0,0,-,88.7,353.1,-320.5,631.8,-360.1,1,8,약세,-8,-7,0,-1,-21.9,-24.2,1496.48,,-1.11,-2212.0,-2212.0,-2212.0,10,10,1.0,101.7,93.7,218410,1078178,0,0,0,0,,,,,,,,,,,안전,2025.0,308.9,15.3,1919.2,CFS,영업이익,dart_OperatingIncomeLoss,295.0,324.2,영업활동현금흐름,ifrs-full_CashFlowsFromUsedInOperatingActivities,ok,연간 영업이익 YoY 계산 성공,ok,OCF 추출 성공,2026 Q1,3개월,77.4,37.4,107.1,thstrm_amount,frmtrm_q_amount,CFS,fnlttSinglAcntAll,영업이익,dart_OperatingIncomeLoss,ok,3개월 기준 YoY 계산 성공,성장지속,10,5,현금창출양호,0.96,default,0,116.7,108.7,2.0,0.0,8.46,0.0,0.0,OFF,0.0,0.0,0.05338768402708282,SAFE,20.0,29.0,0.0,0.4214123006833713,0,10.0,0.175,23.0,11.0,20.0,3.35,39.57,0.89,13376.0,1131.0,0.0,PYKRX,True,73.1,44.1,B,OBSERVE,64.0,B,OBSERVE,9.1
kosdaq,20260714,20260714_2021,066310,큐에스아이,반도체·전자부품,7080,36.6,19.1,24.8,-68.9,7.1,-3.4,-27.8,-42.1,-10.6,-33.6,-24.7,0.64,22750,6610,10,0,1,1,73893,93686,4.2,5.3,7.6,0.79,0,0,0,0,0,-,66.8,1.9,0.0,17.7,0.0,1,8,약세,-8,-7,0,-1,-21.9,-24.2,1496.48,,-1.11,-2212.0,-2212.0,-2212.0,10,10,1.0,84.8,76.8,066310,411446,0,0,0,0,,,,,,,,,,,안전,2025.0,2.9,11.8,-75.2,CFS,영업이익,dart_OperatingIncomeLoss,47.5,32.3,영업활동현금흐름,ifrs-full_CashFlowsFromUsedInOperatingActivities,ok,연간 영업이익 YoY 계산 성공,ok,OCF 추출 성공,2026 Q1,3개월,5.3,-0.3,1698.3,thstrm_amount,frmtrm_q_amount,CFS,fnlttSinglAcntAll,영업이익,dart_OperatingIncomeLoss,ok,3개월 기준 YoY 계산 성공,턴어라운드,20,5,현금창출양호,16.38,default,2,111.8,103.8,5.0,0.0,2.92,0.0,0.0,OFF,0.0,0.0,0.04539881129860594,SAFE,20.0,31.0,0.0,0.12230215827338128,3,10.0,0.25,15.0,17.0,16.7,0.73,25.11,1.41,9645.0,282.0,12.0,PYKRX,True,72.4,46.9,B,OBSERVE,73.7,B,OBSERVE,-1.3
kosdaq,20260714,20260714_2021,088910,동우팜투테이블,식료품,2070,28.8,5.9,17.6,-24.2,4.7,-7.6,-13.6,-14.6,-8.2,-10.9,-7.2,0.2,2730,1978,0,0,0,0,140760,372652,1.6,3.0,8.9,0.38,0,0,0,0,0,-,64.4,3.3,0.0,5.7,3.5,1,8,약세,-8,-7,0,-1,-21.9,-24.2,1496.48,,-1.11,-2212.0,-2212.0,-2212.0,10,10,1.0,72.4,64.4,088910,228712,0,0,0,0,,,,,,,,,,,안전,2025.0,131.5,-43.1,405.2,CFS,영업이익(손실),dart_OperatingIncomeLoss,254.6,-61.9,영업활동현금흐름,ifrs-full_CashFlowsFromUsedInOperatingActivities,ok,연간 영업이익 YoY 계산 성공,ok,OCF 추출 성공,2026 Q1,3개월,42.0,2.6,1487.0,thstrm_amount,frmtrm_q_amount,CFS,fnlttSinglAcntAll,영업이익(손실),dart_OperatingIncomeLoss,ok,3개월 기준 YoY 계산 성공,성장지속,10,5,현금창출양호,1.94,default,-3,84.4,76.4,2.0,0.0,11.81,1.0,0.0,OFF,1.0,8.0,0.05565769198898166,SAFE,4.0,1.0,0.0,0.5588235294117647,0,15.0,0.371,23.0,11.0,16.1,0.22,1.88,2.42,9312.0,1100.0,15.0,PYKRX,True,71.7,48.9,B,OBSERVE,80.1,B,OBSERVE,-8.4
kosdaq,20260714,20260714_2021,282880,코윈테크,기계·장비,9410,35.8,13.5,14.3,-55.5,3.3,-6.7,-26.1,-34.3,-11.0,-27.1,-38.1,1.0,21150,9110,0,0,0,0,43901,46614,4.5,4.3,4.9,0.94,0,0,0,0,0,-,72.8,-0.4,1.4,-0.1,4.1,1,8,약세,-8,-7,0,-1,-21.9,-24.2,1496.48,,-1.11,-2212.0,-2212.0,-2212.0,10,10,1.0,80.8,72.8,282880,1211232,0,0,0,0,,,,,,,,,,,안전,2025.0,-254.5,36.0,-806.3,CFS,영업이익(손실),dart_OperatingIncomeLoss,205.9,-347.0,영업활동현금흐름,ifrs-full_CashFlowsFromUsedInOperatingActivities,ok,연간 영업이익 YoY 계산 성공,ok,OCF 추출 성공,2026 Q1,3개월,-10.4,-25.3,59.0,thstrm_amount,frmtrm_q_amount,CFS,fnlttSinglAcntAll,영업이익(손실),dart_OperatingIncomeLoss,ok,3개월 기준 YoY 계산 성공,턴어라운드,20,0,회계손실현금유입,,default,2,102.8,94.8,2.0,0.0,0.99,0.0,0.0,OFF,0.0,0.0,0.04085488985073946,SAFE,20.0,32.0,0.0,0.2567049808429119,0,10.0,0.204,10.0,17.0,18.2,0.63,63.58,2.13,15009.0,148.0,15.0,PYKRX,True,71.5,37.4,C,OBSERVE,70.2,C,OBSERVE,1.3
kosdaq,20260714,20260714_2021,017510,세명전기,금속가공,6710,41.7,16.0,15.0,-62.7,6.3,-8.7,-24.9,-28.3,-12.6,-32.5,-32.1,1.35,17970,6310,0,0,0,0,209943,273658,24.8,14.5,21.7,0.77,0,0,0,0,0,-,64.1,11.6,0.0,-3.1,0.7,1,8,약세,-8,-7,0,-1,-21.9,-24.2,1496.48,,-1.11,-2212.0,-2212.0,-2212.0,10,10,1.0,72.1,64.1,017510,133751,0,0,0,0,,,,,,,,,,,안전,2025.0,148.2,30.3,389.0,OFS,영업이익(손실),dart_OperatingIncomeLoss,121.7,154.9,영업활동현금흐름,ifrs-full_CashFlowsFromUsedInOperatingActivities,ok,연간 영업이익 YoY 계산 성공,ok,OCF 추출 성공,2026 Q1,3개월,39.7,29.5,34.4,thstrm_amount,frmtrm_q_amount,OFS,fnlttSinglAcntAll,영업이익(손실),dart_OperatingIncomeLoss,ok,3개월 기준 YoY 계산 성공,성장지속,10,5,현금창출양호,0.82,default,0,87.1,79.1,2.0,0.0,14.16,0.0,0.0,OFF,0.0,0.0,0.06037309641926072,SAFE,19.0,7.0,0.0,0.3493975903614458,0,15.0,0.535,23.0,11.0,16.025,1.14,8.02,3.28,5911.0,837.0,8.0,PYKRX,True,71.4,48.9,B,OBSERVE,73.0,B,OBSERVE,-1.6
kosdaq,20260714,20260714_2021,307280,원바이오젠,제약·바이오,5300,45.7,23.3,22.7,-36.9,11.2,-4.3,-15.3,-21.9,-4.1,-15.4,-17.4,0.47,8400,4765,0,0,0,0,19108,20028,0.5,1.0,1.1,0.95,0,0,0,0,0,-,41.5,0.5,-0.2,1.4,-0.2,1,8,약세,-8,-7,0,-1,-21.9,-24.2,1496.48,,-1.11,-2212.0,-2212.0,-2212.0,10,10,1.0,49.5,41.5,307280,1326224,0,0,0,0,,,,,,,,,,,안전,2025.0,79.3,64.1,23.7,CFS,영업이익(손실),dart_OperatingIncomeLoss,84.8,88.5,영업활동현금흐름,ifrs-full_CashFlowsFromUsedInOperatingActivities,ok,연간 영업이익 YoY 계산 성공,ok,OCF 추출 성공,2026 Q1,3개월,21.2,15.3,38.1,thstrm_amount,frmtrm_q_amount,CFS,fnlttSinglAcntAll,영업이익(손실),dart_OperatingIncomeLoss,ok,3개월 기준 YoY 계산 성공,성장지속,10,5,현금창출양호,1.07,default,0,64.5,56.5,2.0,0.0,15.37,1.0,0.0,OFF,0.0,0.0,0.03285893283254845,SAFE,16.0,0.0,0.0,0.28104575163398693,0,10.0,0.273,23.0,11.0,10.375,0.87,5.68,2.64,6072.0,933.0,15.0,PYKRX,True,70.9,41.2,B,OBSERVE,69.4,B,OBSERVE,1.5
kosdaq,20260714,20260714_2021,452300,캡스톤파트너스,금융(은행),2110,38.4,14.0,18.1,-63.2,2.9,-6.4,-26.6,-56.0,-10.8,-30.4,-32.7,1.18,5730,2050,0,0,0,0,117908,116740,3.0,2.5,2.8,1.01,0,0,0,0,0,-,68.4,3.5,0.0,7.6,0.0,1,8,약세,-8,-7,0,-1,-21.9,-24.2,1496.48,,-1.11,-2212.0,-2212.0,-2212.0,10,10,1.0,76.4,68.4,452300,1497124,0,0,0,0,,,,,,,,,,,안전,2025.0,0.0,0.0,-2520.9,OFS,영업외손익,dart_NonOperatingProfitLoss,10.1,-30.8,영업활동현금흐름,ifrs-full_CashFlowsFromUsedInOperatingActivities,ok,연간 영업이익 YoY 계산 성공,ok,OCF 추출 성공,2026 Q1,3개월,0.0,0.0,5017.1,thstrm_amount,frmtrm_q_amount,OFS,fnlttSinglAcntAll,영업외손익,dart_NonOperatingProfitLoss,ok,3개월 기준 YoY 계산 성공,턴어라운드,20,0,회계손실현금유입,,default,4,100.4,92.4,2.0,0.0,6.7,0.0,0.0,OFF,0.0,0.0,0.03821623691958401,SAFE,20.0,33.0,0.0,0.24060150375939848,3,15.0,1.25,10.0,17.0,17.1,0.87,12.94,1.37,2434.0,163.0,6.0,PYKRX,True,70.6,49.0,C,OBSERVE,68.1,C,OBSERVE,2.5
kosdaq,20260714,20260714_2021,274400,이노시뮬레이션,출판·SW,1868,35.4,5.2,10.0,-68.1,2.1,-14.3,-36.0,-51.1,-19.8,-35.8,-49.4,1.18,5860,1830,0,0,0,0,28381,24959,0.6,0.6,0.6,1.14,0,0,0,0,0,-,78.8,0.5,0.0,1.2,0.0,1,8,약세,-8,-7,0,-1,-21.9,-24.2,1496.48,,-1.11,-2212.0,-2212.0,-2212.0,10,10,1.0,86.8,78.8,274400,965318,0,0,0,0,,,,,,,,,,,안전,2025.0,-19.9,-48.1,58.7,OFS,영업이익(손실),dart_OperatingIncomeLoss,27.1,-15.0,영업활동현금흐름,ifrs-full_CashFlowsFromUsedInOperatingActivities,ok,연간 영업이익 YoY 계산 성공,ok,OCF 추출 성공,2026 Q1,3개월,-4.6,-12.0,61.7,thstrm_amount,frmtrm_q_amount,OFS,fnlttSinglAcntAll,영업이익(손실),dart_OperatingIncomeLoss,ok,3개월 기준 YoY 계산 성공,성장지속,10,0,회계손실현금유입,,default,2,98.8,90.8,2.0,0.0,0.0,0.0,0.0,OFF,0.0,0.0,0.06723308796457034,SAFE,18.0,17.0,0.0,0.39722222222222225,0,15.0,0.833,13.0,11.0,19.7,0.56,0.0,0.0,3320.0,0.0,7.0,PYKRX,True,70.5,42.0,B,OBSERVE,65.7,B,OBSERVE,4.8
kosdaq,20260714,20260714_2021,241770,메카로,반도체·전자부품,34300,25.3,18.1,15.9,-28.5,219.4,-1.2,-28.5,-10.1,-16.2,-13.6,14.7,0.41,48000,10740,5,0,1,0,24814,24753,3.4,8.7,10.1,1.0,0,0,0,0,0,-,72.3,1.4,0.3,0.0,-0.9,1,15,약세,-8,-7,0,-1,-21.9,-24.2,1496.48,,-1.11,-2212.0,-2212.0,-2212.0,10,10,1.0,92.3,84.3,241770,652007,0,0,0,0,,,,,,,,,,,안전,2025.0,153.6,41.2,273.0,CFS,영업이익(손실),dart_OperatingIncomeLoss,159.4,96.7,영업활동현금흐름,ifrs-full_CashFlowsFromUsedInOperatingActivities,ok,연간 영업이익 YoY 계산 성공,ok,OCF 추출 성공,2026 Q1,3개월,41.1,33.1,24.1,thstrm_amount,frmtrm_q_amount,CFS,fnlttSinglAcntAll,영업이익(손실),dart_OperatingIncomeLoss,ok,3개월 기준 YoY 계산 성공,성장지속,10,5,현금창출양호,1.04,default,2,109.3,101.3,4.0,0.0,6.2,0.0,0.0,OFF,0.0,0.0,0.04113643995259602,SAFE,7.0,7.0,0.0,0.042105263157894736,3,13.0,0.168,23.0,11.0,18.075,1.67,26.84,1.02,20599.0,1278.0,0.0,PYKRX,True,70.4,53.1,B,OBSERVE,68.1,B,OBSERVE,2.3
kosdaq,20260714,20260714_2021,219420,링크제니시스,출판·SW,3350,36.9,24.6,21.1,-47.9,4.7,-5.6,-23.8,-29.5,-10.2,-23.5,-32.5,0.6,6430,3200,0,0,0,0,30695,46573,0.8,1.1,1.8,0.66,0,0,0,0,0,-,63.6,0.9,0.0,2.1,-0.2,1,8,약세,-8,-7,0,-1,-21.9,-24.2,1496.48,,-1.11,-2212.0,-2212.0,-2212.0,10,10,1.0,71.6,63.6,219420,1109955,0,0,0,0,,,,,,,,,,,안전,2025.0,12.2,-0.8,1630.8,CFS,영업이익(손실),dart_OperatingIncomeLoss,8.9,31.9,영업활동현금흐름,ifrs-full_CashFlowsFromUsedInOperatingActivities,ok,연간 영업이익 YoY 계산 성공,ok,OCF 추출 성공,2026 Q1,3개월,11.6,-3.1,475.5,thstrm_amount,frmtrm_q_amount,CFS,fnlttSinglAcntAll,영업이익(손실),dart_OperatingIncomeLoss,ok,3개월 기준 YoY 계산 성공,성장지속,10,5,현금창출양호,0.73,default,2,88.6,80.6,2.0,0.0,6.09,0.0,0.0,OFF,0.0,0.0,0.037041332655630414,SAFE,20.0,20.0,0.0,0.2352941176470588,3,15.0,0.5,23.0,11.0,15.9,0.82,13.45,0.0,4088.0,249.0,6.0,PYKRX,True,70.4,54.9,B,OBSERVE,73.9,B,OBSERVE,-3.5
kosdaq,20260714,20260714_2021,264450,유비쿼스,반도체·전자부품,9340,37.1,29.9,24.0,-50.8,18.7,-2.6,-22.1,-42.3,-8.0,-23.9,-19.4,0.77,19000,7870,0,0,0,0,42709,57021,4.1,4.0,5.9,0.75,0,0,0,0,0,-,60.8,-1.2,1.9,-2.6,9.4,1,8,약세,-8,-7,0,-1,-21.9,-24.2,1496.48,,-1.11,-2212.0,-2212.0,-2212.0,10,10,1.0,68.8,60.8,264450,1203376,0,0,0,0,,,,,,,,,,,안전,2025.0,231.0,123.7,86.8,CFS,영업이익,dart_OperatingIncomeLoss,245.4,384.0,영업활동현금흐름,ifrs-full_CashFlowsFromUsedInOperatingActivities,ok,연간 영업이익 YoY 계산 성공,ok,OCF 추출 성공,2026 Q1,3개월,36.6,28.8,27.0,thstrm_amount,frmtrm_q_amount,CFS,fnlttSinglAcntAll,영업이익,dart_OperatingIncomeLoss,ok,3개월 기준 YoY 계산 성공,성장지속,10,5,현금창출양호,1.06,default,2,85.8,77.8,2.0,0.0,12.19,1.0,0.0,OFF,0.0,0.0,0.03062388006805209,SAFE,20.0,31.0,0.0,0.11764705882352941,3,5.0,0.119,23.0,11.0,15.2,0.7,5.74,5.03,13350.0,1627.0,15.0,PYKRX,True,70.2,42.7,B,OBSERVE,72.2,B,OBSERVE,-2.0
kosdaq,20260714,20260714_2021,314930,바이오다인,의료·정밀·광학,8000,36.4,14.9,6.7,-52.6,6.1,-13.0,-19.4,-32.7,-13.1,-19.7,-36.2,1.13,16860,7540,0,0,0,0,55445,54001,5.0,4.7,5.1,1.03,0,0,0,0,0,-,71.8,5.7,-1.7,7.8,1.6,1,8,약세,-8,-7,0,-1,-21.9,-24.2,1496.48,,-1.11,-2212.0,-2212.0,-2212.0,10,10,1.0,79.8,71.8,314930,1117413,0,0,0,0,,,,,,,,,,,안전,2025.0,6.5,-17.3,137.7,CFS,영업이익(손실),dart_OperatingIncomeLoss,8.3,8.8,영업활동현금흐름,ifrs-full_CashFlowsFromUsedInOperatingActivities,ok,연간 영업이익 YoY 계산 성공,ok,OCF 추출 성공,2026 Q1,3개월,-4.0,-8.1,50.1,thstrm_amount,frmtrm_q_amount,CFS,fnlttSinglAcntAll,영업이익(손실),dart_OperatingIncomeLoss,ok,3개월 기준 YoY 계산 성공,성장지속,10,5,현금창출양호,1.28,default,-1,93.8,85.8,2.0,0.0,1.94,0.0,0.0,OFF,0.0,0.0,0.04327963257072259,SAFE,13.0,6.0,0.0,0.6701030927835052,0,15.0,0.784,23.0,11.0,17.95,5.35,275.86,0.0,1495.0,29.0,0.0,PYKRX,True,69.8,49.5,B,OBSERVE,67.0,B,OBSERVE,2.8
kosdaq,20260714,20260714_2021,065530,와이어블,통신,1029,35.2,13.3,20.2,-68.8,2.6,-4.3,-27.5,-64.6,-10.2,-31.1,-32.7,0.96,3300,1003,10,1,1,0,205028,143505,1.4,2.2,1.7,1.43,0,0,0,0,0,-,72.0,-1.1,0.0,-0.7,0.0,1,0,약세,-8,-7,0,-1,-21.9,-24.2,1496.48,,-1.11,-2212.0,-2212.0,-2212.0,10,10,1.0,82.0,74.0,065530,250137,0,0,0,0,,,,,,,,,,,안전,2025.0,54.8,38.3,43.1,CFS,영업이익(손실),dart_OperatingIncomeLoss,157.0,159.6,영업활동현금흐름,ifrs-full_CashFlowsFromUsedInOperatingActivities,ok,연간 영업이익 YoY 계산 성공,ok,OCF 추출 성공,2026 Q1,3개월,13.3,3.1,325.5,thstrm_amount,frmtrm_q_amount,CFS,fnlttSinglAcntAll,영업이익(손실),dart_OperatingIncomeLoss,ok,3개월 기준 YoY 계산 성공,성장지속,10,5,현금창출양호,2.86,default,4,101.0,93.0,0.0,0.0,5.82,0.0,0.0,OFF,0.0,0.0,0.033860962577300514,SAFE,20.0,33.0,0.0,0.15636363636363634,3,-10.0,-0.647,23.0,11.0,18.0,0.63,10.83,4.86,1631.0,95.0,15.0,PYKRX,True,69.8,25.5,B,OBSERVE,60.0,B,OBSERVE,9.8
kosdaq,20260714,20260714_2021,072950,빛샘전자,반도체·전자부품,7260,41.8,19.5,26.9,-71.8,57.8,-1.1,-30.7,-32.7,-10.8,-35.4,-7.5,0.8,25700,4600,15,1,1,1,380784,227546,12.5,29.4,19.2,1.67,0,0,0,0,0,-,59.2,-0.4,-0.3,18.0,0.5,1,0,약세,-8,-7,0,-1,-21.9,-24.2,1496.48,,-1.11,-2212.0,-2212.0,-2212.0,10,10,1.0,74.2,66.2,072950,359261,0,0,0,0,,,,,,,,,,,안전,2025.0,89.9,50.7,77.2,CFS,영업이익(손실),dart_OperatingIncomeLoss,28.1,23.0,영업활동현금흐름,ifrs-full_CashFlowsFromUsedInOperatingActivities,ok,연간 영업이익 YoY 계산 성공,ok,OCF 추출 성공,2026 Q1,3개월,37.9,15.4,146.1,thstrm_amount,frmtrm_q_amount,CFS,fnlttSinglAcntAll,영업이익(손실),dart_OperatingIncomeLoss,ok,3개월 기준 YoY 계산 성공,성장지속,10,2,현금창출보통,0.31,default,4,90.2,82.2,3.0,0.0,9.1,1.0,0.0,OFF,0.0,0.0,0.05414425916519586,SAFE,20.0,30.0,0.0,0.035830618892508145,3,0.0,-0.036,15.0,11.0,14.8,0.7,7.7,0.96,10357.0,943.0,12.0,PYKRX,True,69.8,30.1,B,OBSERVE,55.8,B,OBSERVE,14.0
kosdaq,20260714,20260714_2021,451250,삐아,화학,7000,41.6,6.8,-1.1,-44.4,12.9,-8.5,-12.1,-16.5,-8.3,-9.2,-22.3,1.18,12580,6200,0,0,0,0,35278,42904,3.6,2.6,3.3,0.82,0,0,0,0,0,-,62.3,1.7,0.3,-1.4,18.5,1,15,약세,-8,-7,0,-1,-21.9,-24.2,1496.48,,-1.11,-2212.0,-2212.0,-2212.0,10,10,1.0,77.3,69.3,451250,1283974,0,0,0,0,,,,,,,,,,,안전,2025.0,44.7,55.4,-19.3,CFS,영업이익(손실),dart_OperatingIncomeLoss,31.5,-9.8,영업활동현금흐름,ifrs-full_CashFlowsFromUsedInOperatingActivities,ok,연간 영업이익 YoY 계산 성공,ok,OCF 추출 성공,2026 Q1,3개월,29.4,12.6,133.6,thstrm_amount,frmtrm_q_amount,CFS,fnlttSinglAcntAll,영업이익(손실),dart_OperatingIncomeLoss,ok,3개월 기준 YoY 계산 성공,턴어라운드,20,5,현금창출양호,0.7,default,-1,101.3,93.3,4.0,0.0,10.74,0.0,0.0,OFF,0.0,0.0,0.03234062927712629,SAFE,1.0,0.0,0.0,0.7024793388429752,0,15.0,0.606,20.0,17.0,15.575,1.55,14.4,2.86,4524.0,486.0,3.0,PYKRX,True,69.8,50.6,B,OBSERVE,70.6,B,OBSERVE,-0.8
kosdaq,20260714,20260714_2021,045660,에이텍,기계·장비,7710,38.6,15.1,24.7,-50.0,2.1,-1.0,-10.7,-19.6,-3.4,-10.5,-22.8,0.6,15410,7550,5,0,0,1,20857,31599,1.5,1.6,2.5,0.66,0,0,0,0,0,-,56.3,1.0,0.0,-0.8,0.0,1,8,약세,-8,-7,0,-1,-21.9,-24.2,1496.48,,-1.11,-2212.0,-2212.0,-2212.0,10,10,1.0,69.3,61.3,045660,256502,0,0,0,0,,,,,,,,,,,안전,2025.0,87.0,20.8,319.2,CFS,영업이익,dart_OperatingIncomeLoss,102.3,195.7,영업활동현금흐름,ifrs-full_CashFlowsFromUsedInOperatingActivities,ok,연간 영업이익 YoY 계산 성공,ok,OCF 추출 성공,2026 Q1,3개월,41.9,40.2,4.2,thstrm_amount,frmtrm_q_amount,CFS,fnlttSinglAcntAll,영업이익,dart_OperatingIncomeLoss,ok,3개월 기준 YoY 계산 성공,성장지속,10,5,현금창출양호,1.18,default,2,86.3,78.3,5.0,0.0,0.47,0.0,0.0,OFF,0.0,0.0,0.026806271513737986,SAFE,17.0,0.0,0.0,0.09345794392523366,3,15.0,0.4,20.0,6.0,14.075,0.58,122.38,4.54,13373.0,63.0,15.0,PYKRX,True,69.5,48.4,B,OBSERVE,73.1,B,OBSERVE,-3.6
kosdaq,20260714,20260714_2021,015750,성우하이텍,자동차·부품,5650,39.9,15.7,18.8,-52.9,4.8,-5.2,-21.3,-33.8,-8.7,-21.0,-23.4,0.98,11990,5390,0,0,0,0,318478,371832,19.2,18.4,23.5,0.86,0,0,0,0,0,-,61.9,3.1,2.9,9.6,17.5,1,15,약세,-8,-7,0,-1,-21.9,-24.2,1496.48,,-1.11,-2212.0,-2212.0,-2212.0,10,10,1.0,76.9,68.9,015750,132992,0,0,0,0,,,,,,,,,,,안전,2025.0,2426.8,2058.8,17.9,CFS,영업이익(손실),dart_OperatingIncomeLoss,4533.3,4156.4,영업활동현금흐름,ifrs-full_CashFlowsFromUsedInOperatingActivities,ok,연간 영업이익 YoY 계산 성공,ok,OCF 추출 성공,2026 Q1,3개월,545.0,582.5,-6.4,thstrm_amount,frmtrm_q_amount,CFS,fnlttSinglAcntAll,영업이익(손실),dart_OperatingIncomeLoss,ok,3개월 기준 YoY 계산 성공,관망,0,5,현금창출양호,1.87,default,4,85.9,77.9,4.0,0.0,9.95,1.0,0.0,OFF,0.0,0.0,0.03813062839746953,SAFE,18.0,16.0,0.0,0.24413145539906103,3,13.0,0.255,18.0,0.0,15.475,0.27,2.68,3.54,21208.0,2110.0,20.0,PYKRX,True,69.4,40.6,B,OBSERVE,69.5,B,OBSERVE,-0.1
kosdaq,20260714,20260714_2021,475460,미트박스,IT서비스,5550,49.9,30.8,24.5,-71.5,7.1,-5.8,-14.9,-29.2,-5.6,-17.6,-31.4,1.45,19490,5180,5,0,0,1,14563,14529,1.2,0.8,0.9,1.0,0,0,0,0,0,-,40.1,0.3,0.0,-1.1,0.0,1,8,약세,-8,-7,0,-1,-21.9,-24.2,1496.48,,-1.11,-2212.0,-2212.0,-2212.0,10,10,1.0,53.1,45.1,475460,1374717,0,0,0,0,,,,,,,,,,,안전,2025.0,29.1,31.2,-6.8,CFS,영업이익(손실),dart_OperatingIncomeLoss,15.3,83.6,영업활동현금흐름,ifrs-full_CashFlowsFromUsedInOperatingActivities,ok,연간 영업이익 YoY 계산 성공,ok,OCF 추출 성공,2026 Q1,3개월,15.9,2.2,624.5,thstrm_amount,frmtrm_q_amount,CFS,fnlttSinglAcntAll,영업이익(손실),dart_OperatingIncomeLoss,ok,3개월 기준 YoY 계산 성공,턴어라운드,20,2,현금창출보통,0.53,default,0,75.1,67.1,5.0,0.0,4.72,0.0,0.0,OFF,0.0,0.0,0.04817669048911248,SAFE,15.0,0.0,0.0,0.38926174496644295,0,15.0,0.333,12.0,17.0,10.025,0.83,17.68,1.8,6649.0,314.0,12.0,PYKRX,True,68.4,42.5,B,OBSERVE,66.0,B,OBSERVE,2.4
kosdaq,20260714,20260714_2021,272290,이녹스첨단소재,반도체·전자부품,20650,32.8,11.3,13.5,-53.5,3.8,-7.8,-29.3,-34.4,-15.2,-28.2,-27.2,1.15,44400,19900,5,0,1,0,142912,143680,34.7,30.5,35.2,0.99,0,0,0,0,0,-,80.5,0.2,8.2,30.4,28.4,1,15,약세,-8,-7,0,-1,-21.9,-24.2,1496.48,,-1.11,-2212.0,-2212.0,-2212.0,10,10,1.0,100.5,92.5,272290,1237540,0,0,0,0,,,,,,,,,,,안전,2025.0,-62.5,54.2,-215.2,CFS,영업외손익,dart_NonOperatingProfitLoss,683.0,1066.9,영업활동현금흐름,ifrs-full_CashFlowsFromUsedInOperatingActivities,ok,연간 영업이익 YoY 계산 성공,ok,OCF 추출 성공,2026 Q1,3개월,32.8,-6.9,574.0,thstrm_amount,frmtrm_q_amount,CFS,fnlttSinglAcntAll,영업외손익,dart_NonOperatingProfitLoss,ok,3개월 기준 YoY 계산 성공,턴어라운드,20,0,회계손실현금유입,,default,2,122.5,114.5,4.0,0.0,14.74,1.0,0.0,OFF,0.0,0.0,0.0503271029534747,SAFE,18.0,16.0,0.0,0.2662116040955631,0,13.0,0.239,10.0,17.0,20.0,0.99,6.7,1.69,20895.0,3080.0,6.0,PYKRX,True,68.2,41.5,C,OBSERVE,66.0,C,OBSERVE,2.2
kosdaq,20260714,20260714_2021,265520,AP시스템,기계·장비,19510,44.2,19.4,22.7,-37.3,17.2,-4.1,-23.9,-6.4,-8.3,-18.1,-8.9,1.07,31100,16650,5,0,1,0,68172,63528,13.2,13.5,13.5,1.07,0,0,0,0,0,-,49.5,-1.9,0.8,0.6,-7.2,1,8,약세,-8,-7,0,-1,-21.9,-24.2,1496.48,,-1.11,-2212.0,-2212.0,-2212.0,10,10,1.0,62.5,54.5,265520,1203808,0,0,0,0,,,,,,,,,,,안전,2025.0,333.3,471.9,-29.4,CFS,영업이익(손실),dart_OperatingIncomeLoss,339.0,506.1,영업활동으로 인한 현금흐름,ifrs-full_CashFlowsFromUsedInOperatingActivities,ok,연간 영업이익 YoY 계산 성공,ok,OCF 추출 성공,2026 Q1,3개월,179.9,76.4,135.4,thstrm_amount,frmtrm_q_amount,CFS,fnlttSinglAcntAll,영업이익,dart_OperatingIncomeLoss,ok,3개월 기준 YoY 계산 성공,턴어라운드,20,5,현금창출양호,1.02,default,4,91.5,83.5,2.0,0.0,6.46,0.0,0.0,OFF,0.0,0.0,0.047095711537828794,SAFE,10.0,1.0,0.0,0.17154811715481172,3,0.0,-0.081,20.0,17.0,12.375,0.79,12.16,1.74,24853.0,1605.0,12.0,PYKRX,True,67.9,37.6,B,OBSERVE,64.4,B,OBSERVE,3.5
kosdaq,20260714,20260714_2021,462860,더즌,통신,1844,40.7,11.1,17.1,-72.9,2.4,-5.8,-29.1,-46.6,-12.2,-29.4,-49.8,0.96,6800,1800,0,0,0,0,151290,186572,3.3,2.9,4.0,0.81,0,0,0,0,0,-,66.4,2.4,0.3,13.3,1.2,1,15,약세,-8,-7,0,-1,-21.9,-24.2,1496.48,,-1.11,-2212.0,-2212.0,-2212.0,10,10,1.0,81.4,73.4,462860,1563667,0,0,0,0,,,,,,,,,,,안전,2025.0,136.3,100.2,36.0,CFS,영업이익(손실),dart_OperatingIncomeLoss,623.6,208.9,영업활동현금흐름,ifrs-full_CashFlowsFromUsedInOperatingActivities,ok,연간 영업이익 YoY 계산 성공,ok,OCF 추출 성공,2026 Q1,3개월,39.0,26.1,49.4,thstrm_amount,frmtrm_q_amount,CFS,fnlttSinglAcntAll,영업이익(손실),dart_OperatingIncomeLoss,ok,3개월 기준 YoY 계산 성공,성장지속,10,5,현금창출양호,4.58,default,4,100.4,92.4,4.0,0.0,16.93,0.0,0.0,OFF,1.0,8.0,0.05059999269851417,SAFE,20.0,33.0,0.0,0.1993127147766323,3,15.0,0.675,23.0,11.0,16.6,1.8,10.66,1.63,1022.0,173.0,0.0,PYKRX,True,67.7,55.1,B,OBSERVE,68.6,B,OBSERVE,-0.9
kosdaq,20260714,20260714_2021,104480,티케이케미칼,화학,1495,44.6,17.7,22.0,-48.7,3.2,-5.1,-16.6,-39.5,-5.2,-20.0,-19.0,0.55,2915,1448,0,0,0,0,269927,337680,2.8,4.1,5.4,0.8,0,0,0,0,0,-,50.2,1.1,0.0,-0.9,-0.7,1,8,약세,-8,-7,0,-1,-21.9,-24.2,1496.48,,-1.11,-2212.0,-2212.0,-2212.0,10,10,1.0,58.2,50.2,104480,693554,0,0,0,0,,,,,,,,,,,안전,2025.0,24.0,-15.9,251.6,OFS,영업이익(손실),dart_OperatingIncomeLoss,1451.0,-299.3,영업활동으로 인한 현금흐름,ifrs-full_CashFlowsFromUsedInOperatingActivities,ok,연간 영업이익 YoY 계산 성공,ok,OCF 추출 성공,2026 Q1,3개월,56.2,-15.8,456.7,thstrm_amount,frmtrm_q_amount,OFS,fnlttSinglAcntAll,영업이익(손실),dart_OperatingIncomeLoss,ok,3개월 기준 YoY 계산 성공,성장지속,10,5,현금창출양호,60.46,default,0,73.2,65.2,2.0,0.0,9.49,1.0,0.0,OFF,0.0,0.0,0.0329082325239944,SAFE,19.0,1.0,0.0,0.30722891566265054,0,10.0,0.204,18.0,11.0,12.55,0.11,1.17,0.0,13505.0,1282.0,17.0,PYKRX,True,67.4,37.9,B,OBSERVE,68.6,B,OBSERVE,-1.2
kosdaq,20260714,20260714_2021,058610,에스피지,전기장비,66200,36.8,18.3,13.9,-60.0,194.2,-7.5,-32.8,-38.4,-15.0,-34.7,-25.7,0.62,165700,22500,5,0,1,0,202007,175149,72.2,142.4,137.3,1.15,0,0,0,0,0,-,72.2,-25.1,114.7,268.6,135.9,1,8,약세,-8,-7,0,-1,-21.9,-24.2,1496.48,,-1.11,-2212.0,-2212.0,-2212.0,10,10,1.0,85.2,77.2,058610,220686,0,0,0,0,,,,,,,,,,,안전,2025.0,179.4,123.4,45.4,CFS,영업이익,dart_OperatingIncomeLoss,283.7,113.0,영업활동현금흐름,ifrs-full_CashFlowsFromUsedInOperatingActivities,ok,연간 영업이익 YoY 계산 성공,ok,OCF 추출 성공,2026 Q1,3개월,44.9,40.9,9.7,thstrm_amount,frmtrm_q_amount,CFS,fnlttSinglAcntAll,영업이익,dart_OperatingIncomeLoss,ok,3개월 기준 YoY 계산 성공,성장지속,10,5,현금창출양호,1.58,default,2,102.2,94.2,2.0,0.0,3.54,0.0,0.0,OFF,0.0,0.0,0.05429125940650659,SAFE,20.0,26.0,0.0,0.22865853658536586,3,15.0,0.653,20.0,6.0,18.05,5.69,160.68,0.38,11633.0,412.0,0.0,PYKRX,True,67.0,49.6,B,OBSERVE,62.0,B,OBSERVE,5.0
kosdaq,20260714,20260714_2021,033640,네패스,반도체·전자부품,19990,25.5,13.7,24.8,-51.4,96.6,-3.2,-44.3,-20.5,-22.3,-34.2,-5.8,0.76,41150,10170,5,0,1,0,209981,301562,40.9,42.8,86.1,0.7,0,0,0,0,0,-,79.2,4.5,12.4,103.4,-125.2,1,15,약세,-8,-7,0,-1,-21.9,-24.2,1496.48,,-1.11,-2212.0,-2212.0,-2212.0,10,10,1.0,99.2,91.2,033640,227333,0,0,0,0,,,,,,,,,,,안전,2025.0,237.6,34.0,598.5,CFS,영업이익(손실),dart_OperatingIncomeLoss,1035.4,1091.3,영업활동현금흐름,ifrs-full_CashFlowsFromUsedInOperatingActivities,ok,연간 영업이익 YoY 계산 성공,ok,OCF 추출 성공,2026 Q1,3개월,108.7,36.4,199.0,thstrm_amount,frmtrm_q_amount,CFS,fnlttSinglAcntAll,영업이익(손실),dart_OperatingIncomeLoss,ok,3개월 기준 YoY 계산 성공,성장지속,10,5,현금창출양호,4.36,default,2,116.2,108.2,4.0,0.0,13.41,0.0,0.0,OFF,0.0,0.0,0.07212075364271532,SAFE,14.0,14.0,0.0,0.07223476297968398,3,13.0,0.196,23.0,11.0,19.8,3.73,27.8,0.0,5360.0,719.0,0.0,PYKRX,True,67.0,53.6,B,OBSERVE,69.8,B,OBSERVE,-2.8
kosdaq,20260714,20260714_2021,360070,탑머티리얼,전기장비,8230,38.2,4.6,15.1,-71.3,1.6,-9.8,-34.5,-53.8,-16.2,-36.3,-57.2,1.16,28650,8100,5,1,0,0,44336,32317,3.2,3.8,3.1,1.37,0,0,0,0,0,-,72.5,0.4,0.0,5.6,-0.1,1,8,약세,-8,-7,0,-1,-21.9,-24.2,1496.48,,-1.11,-2212.0,-2212.0,-2212.0,10,10,1.0,85.5,77.5,360070,1360875,0,0,0,0,,,,,,,,,,,안전,2025.0,-352.0,-72.1,-388.2,OFS,영업이익(손실),dart_OperatingIncomeLoss,7.8,-297.3,영업활동현금흐름,ifrs-full_CashFlowsFromUsedInOperatingActivities,ok,연간 영업이익 YoY 계산 성공,ok,OCF 추출 성공,2026 Q1,3개월,-27.4,-37.5,26.8,thstrm_amount,frmtrm_q_amount,CFS,fnlttSinglAcntAll,영업이익(손실),dart_OperatingIncomeLoss,ok,3개월 기준 YoY 계산 성공,턴어라운드,20,0,회계손실현금유입,,default,2,107.5,99.5,2.0,0.0,0.0,0.0,0.0,OFF,0.0,0.0,0.06461072634174571,SAFE,20.0,33.0,0.0,0.28405797101449276,0,5.0,0.129,10.0,17.0,18.125,0.6,0.0,0.0,13681.0,0.0,7.0,PYKRX,True,65.9,31.3,C,OBSERVE,57.1,C,OBSERVE,8.8
kosdaq,20260714,20260714_2021,138610,나이벡,제약·바이오,14530,35.4,8.1,1.9,-73.2,2.0,-14.1,-23.1,-43.6,-13.5,-25.9,-52.7,0.99,54300,14250,0,0,0,0,29935,29841,4.3,4.6,5.1,1.0,0,0,0,0,0,-,77.7,2.0,-1.0,9.3,1.7,1,8,약세,-8,-7,0,-1,-21.9,-24.2,1496.48,,-1.11,-2212.0,-2212.0,-2212.0,10,10,1.0,85.7,77.7,138610,767628,0,0,0,0,,,,,,,,,,,안전,2025.0,50.3,-49.3,202.0,OFS,영업이익(손실),dart_OperatingIncomeLoss,58.2,2.9,영업활동현금흐름,ifrs-full_CashFlowsFromUsedInOperatingActivities,ok,연간 영업이익 YoY 계산 성공,ok,OCF 추출 성공,2026 Q1,3개월,1.4,-12.2,111.2,thstrm_amount,frmtrm_q_amount,OFS,fnlttSinglAcntAll,영업이익(손실),dart_OperatingIncomeLoss,ok,3개월 기준 YoY 계산 성공,성장지속,10,5,현금창출양호,1.16,default,-1,99.7,91.7,2.0,0.0,10.32,0.0,0.0,OFF,0.0,0.0,0.044597045701771934,SAFE,20.0,33.0,0.0,0.6103896103896104,0,10.0,0.196,23.0,11.0,19.425,3.6,34.93,0.0,4032.0,416.0,0.0,PYKRX,True,65.8,43.9,B,OBSERVE,63.4,B,OBSERVE,2.4
kosdaq,20260714,20260714_2021,263720,디앤씨미디어,출판·SW,6640,41.9,24.0,21.3,-64.5,6.8,-15.4,-27.2,-46.0,-10.8,-26.9,-44.2,0.44,18700,6220,5,1,0,0,105874,47013,1.4,7.0,3.3,2.25,0,0,0,0,0,-,58.7,6.3,-17.7,9.6,-18.4,1,8,약세,-8,-7,0,-1,-21.9,-24.2,1496.48,,-1.11,-2212.0,-2212.0,-2212.0,10,10,1.0,71.7,63.7,263720,1186404,0,0,0,0,,,,,,,,,,,안전,2025.0,173.4,108.6,59.7,CFS,영업이익(손실),dart_OperatingIncomeLoss,150.5,140.5,영업활동현금흐름,ifrs-full_CashFlowsFromUsedInOperatingActivities,ok,연간 영업이익 YoY 계산 성공,ok,OCF 추출 성공,2026 Q1,3개월,34.9,22.6,54.5,thstrm_amount,frmtrm_q_amount,CFS,fnlttSinglAcntAll,영업이익(손실),dart_OperatingIncomeLoss,ok,3개월 기준 YoY 계산 성공,성장지속,10,5,현금창출양호,0.87,default,-3,83.7,75.7,2.0,0.0,8.38,1.0,0.0,OFF,0.0,0.0,0.0462649778310224,SAFE,20.0,33.0,0.0,0.5661764705882353,0,-10.0,-3.455,23.0,11.0,14.675,0.87,10.34,0.0,7665.0,642.0,6.0,PYKRX,True,65.7,18.5,B,OBSERVE,44.7,B,OBSERVE,21.0
kosdaq,20260714,20260714_2021,065950,웰크론,섬유,1015,44.9,18.1,28.7,-62.5,11.4,-2.9,-3.3,-32.9,-2.7,-11.8,-35.3,14.5,2705,911,5,1,0,0,533055,172441,25.9,5.4,1.8,3.09,7,0,1,0,1,5일선회복/거래량동반양봉,50.8,-0.8,0.0,-0.7,0.0,1,0,약세,-8,-7,0,-1,-21.9,-24.2,1496.48,,-1.11,-2212.0,-2212.0,-2212.0,10,10,1.0,62.8,54.8,065950,362159,0,0,0,0,,,,,,,,,,,안전,2025.0,-111.2,21.7,-612.0,CFS,영업이익(손실),dart_OperatingIncomeLoss,217.3,-57.9,영업활동현금흐름,ifrs-full_CashFlowsFromUsedInOperatingActivities,ok,연간 영업이익 YoY 계산 성공,ok,OCF 추출 성공,2026 Q1,3개월,5.7,-9.6,159.1,thstrm_amount,frmtrm_q_amount,CFS,fnlttSinglAcntAll,영업이익(손실),dart_OperatingIncomeLoss,ok,3개월 기준 YoY 계산 성공,턴어라운드,20,0,회계손실현금유입,,default,-2,80.8,72.8,9.0,0.0,0.0,0.0,0.0,OFF,0.0,0.0,0.030386200933732926,SAFE,8.0,0.0,0.0,0.8787878787878788,8,-10.0,-0.444,10.0,17.0,12.7,0.68,0.0,1.97,1488.0,0.0,7.0,PYKRX,True,65.7,27.7,C,OBSERVE,44.7,C,OBSERVE,21.0
kosdaq,20260714,20260714_2021,049070,인탑스,반도체·전자부품,16720,42.0,15.5,24.7,-33.0,28.6,-1.4,-15.6,-2.5,-6.9,-10.9,-5.9,0.72,24950,13000,5,0,1,0,99364,143926,16.8,17.1,26.5,0.69,0,0,0,0,0,-,46.7,-4.0,25.6,-23.8,105.9,1,8,약세,-8,-7,0,-1,-21.9,-24.2,1496.48,,-1.11,-2212.0,-2212.0,-2212.0,10,10,1.0,59.7,51.7,049070,226866,0,0,0,0,,,,,,,,,,,안전,2025.0,-113.0,37.8,-398.7,CFS,영업이익(손실),dart_OperatingIncomeLoss,85.8,457.5,영업활동 현금흐름,ifrs-full_CashFlowsFromUsedInOperatingActivities,ok,연간 영업이익 YoY 계산 성공,ok,OCF 추출 성공,2026 Q1,3개월,63.9,2.6,2395.5,thstrm_amount,frmtrm_q_amount,CFS,fnlttSinglAcntAll,영업이익,dart_OperatingIncomeLoss,ok,3개월 기준 YoY 계산 성공,턴어라운드,20,0,회계손실현금유입,,default,2,81.7,73.7,2.0,0.0,2.43,0.0,0.0,OFF,1.0,8.0,0.05324053361383031,SAFE,7.0,0.0,0.0,0.08974358974358974,3,15.0,0.815,10.0,17.0,11.675,0.4,16.34,1.2,42138.0,1023.0,12.0,PYKRX,True,65.7,47.4,C,OBSERVE,68.7,C,OBSERVE,-3.0
kosdaq,20260714,20260714_2021,125490,한라캐스트,자동차·부품,7460,36.0,15.1,18.4,-70.6,71.3,-9.0,-40.1,-44.1,-17.2,-40.3,-48.2,0.93,25350,4355,0,0,0,0,473437,482854,32.3,37.0,45.2,0.98,0,0,0,0,0,-,72.4,10.1,6.0,34.2,2.6,1,15,약세,-8,-7,0,-1,-21.9,-24.2,1496.48,,-1.11,-2212.0,-2212.0,-2212.0,10,10,1.0,87.4,79.4,125490,683061,0,0,0,0,,,,,,,,,,,안전,2025.0,-61.5,3.8,-1707.3,CFS,영업외손익,dart_NonOperatingProfitLoss,43.8,93.0,영업활동현금흐름,ifrs-full_CashFlowsFromUsedInOperatingActivities,ok,연간 영업이익 YoY 계산 성공,ok,OCF 추출 성공,2026 Q1,3개월,5.5,-26.7,120.8,thstrm_amount,frmtrm_q_amount,CFS,fnlttSinglAcntAll,영업외손익,dart_NonOperatingProfitLoss,ok,3개월 기준 YoY 계산 성공,턴어라운드,20,0,회계손실현금유입,,default,4,111.4,103.4,4.0,0.0,4.43,0.0,0.0,OFF,0.0,0.0,0.059267979226458746,SAFE,20.0,29.0,0.0,0.22443890274314213,3,15.0,0.356,10.0,17.0,18.1,2.58,58.28,0.0,2892.0,128.0,0.0,PYKRX,True,65.1,49.3,C,OBSERVE,63.1,C,OBSERVE,2.0
kosdaq,20260714,20260714_2021,038070,서린바이오,도매,4295,45.0,58.2,31.4,-48.2,12.6,-2.1,-15.1,-31.1,-4.6,-17.7,-29.9,0.59,8284,3815,0,0,0,0,14905,24753,0.7,0.6,1.1,0.6,0,0,0,0,0,-,41.8,0.4,0.0,1.9,0.0,1,8,약세,-8,-7,0,-1,-21.9,-24.2,1496.48,,-1.11,-2212.0,-2212.0,-2212.0,10,10,1.0,49.8,41.8,038070,373447,0,0,0,0,,,,,,,,,,,안전,2025.0,6.9,9.5,-27.4,CFS,영업이익(손실),dart_OperatingIncomeLoss,47.6,-46.1,영업활동현금흐름,ifrs-full_CashFlowsFromUsedInOperatingActivities,ok,연간 영업이익 YoY 계산 성공,ok,OCF 추출 성공,2026 Q1,3개월,1.7,1.0,79.8,thstrm_amount,frmtrm_q_amount,CFS,fnlttSinglAcntAll,영업이익(손실),dart_OperatingIncomeLoss,ok,3개월 기준 YoY 계산 성공,턴어라운드,20,5,현금창출양호,6.9,default,2,76.8,68.8,2.0,0.0,0.87,0.0,0.0,OFF,0.0,0.0,0.03234611088751667,SAFE,18.0,0.0,0.0,0.13907284768211922,3,15.0,0.364,15.0,17.0,10.45,0.45,51.75,2.33,9559.0,83.0,9.0,PYKRX,True,64.9,51.0,B,OBSERVE,69.4,B,OBSERVE,-4.5
kosdaq,20260714,20260714_2021,033230,인성정보,IT서비스,1002,41.2,24.1,26.5,-60.3,5.9,-3.2,-20.7,-41.4,-6.9,-27.2,-40.7,1.02,2525,946,5,0,0,1,230006,233450,2.4,2.3,2.5,0.99,0,0,0,0,0,-,54.5,1.1,0.0,5.3,0.0,1,8,약세,-8,-7,0,-1,-21.9,-24.2,1496.48,,-1.11,-2212.0,-2212.0,-2212.0,10,10,1.0,67.5,59.5,033230,229021,0,0,0,0,,,,,,,,,,,안전,2025.0,-42.8,-47.5,9.9,CFS,영업이익(손실),dart_OperatingIncomeLoss,213.9,152.2,영업활동현금흐름,ifrs-full_CashFlowsFromUsedInOperatingActivities,ok,연간 영업이익 YoY 계산 성공,ok,OCF 추출 성공,2026 Q1,3개월,-19.8,-36.3,45.6,thstrm_amount,frmtrm_q_amount,CFS,fnlttSinglAcntAll,영업이익(손실),dart_OperatingIncomeLoss,ok,3개월 기준 YoY 계산 성공,성장지속,10,0,회계손실현금유입,,default,4,81.5,73.5,5.0,0.0,0.0,0.0,0.0,OFF,0.0,0.0,0.04721051729430231,SAFE,19.0,3.0,0.0,0.15458937198067635,3,15.0,0.44,13.0,11.0,13.625,0.58,0.0,0.0,1738.0,0.0,7.0,PYKRX,True,64.8,46.2,B,OBSERVE,62.6,B,OBSERVE,2.2
kosdaq,20260714,20260714_2021,0008Z0,에스엔시스,전기장비,20750,36.7,11.5,18.9,-64.5,3.2,-7.0,-30.0,-35.5,-13.1,-29.9,-37.5,0.63,58400,20100,0,0,0,0,25213,41279,5.4,5.2,10.3,0.61,0,0,0,0,0,-,72.0,2.0,0.7,-15.8,0.9,1,15,약세,-8,-7,0,-1,-21.9,-24.2,1496.48,,-1.11,-2212.0,-2212.0,-2212.0,10,10,1.0,87.0,79.0,0008Z0,1294110,0,0,0,0,,,,,,,,,,,안전,2025.0,18.8,26.0,-27.8,CFS,영업외손익,dart_NonOperatingProfitLoss,180.0,211.1,영업활동현금흐름,ifrs-full_CashFlowsFromUsedInOperatingActivities,ok,연간 영업이익 YoY 계산 성공,ok,OCF 추출 성공,2026 Q1,3개월,9.7,6.1,58.6,thstrm_amount,frmtrm_q_amount,CFS,fnlttSinglAcntAll,영업외손익,dart_NonOperatingProfitLoss,ok,3개월 기준 YoY 계산 성공,턴어라운드,20,5,현금창출양호,9.57,default,2,114.0,106.0,4.0,0.0,11.85,0.0,0.0,OFF,0.0,0.0,0.05411568349440991,SAFE,17.0,9.0,0.0,0.23333333333333334,3,13.0,0.262,15.0,17.0,18.0,1.13,9.57,2.3,18298.0,2169.0,3.0,PYKRX,True,64.6,50.9,B,OBSERVE,69.0,B,OBSERVE,-4.4
kosdaq,20260714,20260714_2021,068760,셀트리온제약,제약·바이오,39700,43.8,17.2,18.3,-49.3,1.9,-4.8,-9.9,-29.1,-3.9,-13.0,-30.7,1.09,78300,38950,0,0,0,0,84170,82998,36.3,34.0,34.3,1.01,0,0,0,0,0,-,50.3,-20.3,33.5,-43.4,89.0,1,3,약세,-8,-7,0,-1,-21.9,-24.2,1496.48,,-1.11,-2212.0,-2212.0,-2212.0,10,10,1.0,53.3,45.3,068760,541349,0,0,0,0,,,,,,,,,,,안전,2025.0,560.9,372.2,50.7,OFS,영업이익(손실),dart_OperatingIncomeLoss,864.3,565.9,영업활동현금흐름,ifrs-full_CashFlowsFromUsedInOperatingActivities,ok,연간 영업이익 YoY 계산 성공,ok,OCF 추출 성공,2026 Q1,3개월,129.0,107.4,20.2,thstrm_amount,frmtrm_q_amount,OFS,fnlttSinglAcntAll,영업이익(손실),dart_OperatingIncomeLoss,ok,3개월 기준 YoY 계산 성공,성장지속,10,5,현금창출양호,1.54,default,2,70.3,62.3,2.0,0.0,8.89,0.0,0.0,OFF,0.0,0.0,0.03150429475891974,SAFE,11.0,0.0,0.0,0.4848484848484848,0,15.0,0.385,23.0,11.0,12.575,4.03,45.37,0.5,9844.0,875.0,0.0,PYKRX,True,64.1,47.9,B,OBSERVE,61.6,B,OBSERVE,2.5
kosdaq,20260714,20260714_2021,046890,서울반도체,반도체·전자부품,9040,30.7,13.2,14.4,-52.3,57.8,-6.5,-31.3,-16.9,-16.7,-32.0,-1.1,0.77,18960,5730,5,0,1,0,401721,541848,37.6,37.7,60.8,0.74,0,0,0,0,0,-,82.4,21.1,3.3,122.0,9.4,1,15,약세,-8,-7,0,-1,-21.9,-24.2,1496.48,,-1.11,-2212.0,-2212.0,-2212.0,10,10,1.0,102.4,94.4,046890,130763,0,0,0,0,,,,,,,,,,,안전,2025.0,-315.2,-108.2,-191.1,CFS,영업이익,dart_OperatingIncomeLoss,878.8,596.4,영업활동현금흐름,ifrs-full_CashFlowsFromUsedInOperatingActivities,ok,연간 영업이익 YoY 계산 성공,ok,OCF 추출 성공,2026 Q1,3개월,17.8,-206.6,108.6,thstrm_amount,frmtrm_q_amount,CFS,fnlttSinglAcntAll,영업이익(손실),dart_OperatingIncomeLoss,ok,3개월 기준 YoY 계산 성공,턴어라운드,20,0,회계손실현금유입,,default,2,124.4,116.4,4.0,0.0,0.0,0.0,0.0,OFF,0.0,0.0,0.05259139588080074,SAFE,19.0,16.0,0.0,0.20766773162939298,3,15.0,0.401,10.0,17.0,20.0,0.82,0.0,0.0,10993.0,0.0,1.0,PYKRX,True,63.9,49.9,C,OBSERVE,66.0,C,OBSERVE,-2.1
kosdaq,20260714,20260714_2021,198080,캐프,반도체·전자부품,2090,43.9,31.6,30.0,-41.9,6.1,-3.5,-27.1,-25.8,-8.0,-22.5,-15.1,0.93,3595,1970,0,0,0,0,93822,86297,1.7,2.0,1.9,1.09,0,0,0,0,0,-,47.5,0.6,0.0,0.4,0.0,1,8,약세,-8,-7,0,-1,-21.9,-24.2,1496.48,,-1.11,-2212.0,-2212.0,-2212.0,10,10,1.0,55.5,47.5,198080,876643,0,0,0,0,,,,,,,,,,,안전,2025.0,242.7,199.5,21.6,CFS,영업이익(손실),dart_OperatingIncomeLoss,143.3,265.7,영업활동현금흐름,ifrs-full_CashFlowsFromUsedInOperatingActivities,ok,연간 영업이익 YoY 계산 성공,ok,OCF 추출 성공,2026 Q1,3개월,73.7,72.2,2.1,thstrm_amount,frmtrm_q_amount,CFS,fnlttSinglAcntAll,영업이익(손실),dart_OperatingIncomeLoss,ok,3개월 기준 YoY 계산 성공,성장지속,10,2,현금창출보통,0.59,default,4,71.5,63.5,2.0,0.0,14.79,1.0,0.0,OFF,0.0,0.0,0.039794256163745725,SAFE,17.0,17.0,0.0,0.12915129151291513,3,15.0,0.316,12.0,6.0,11.875,0.34,2.31,0.0,6111.0,904.0,12.0,PYKRX,True,63.8,41.4,B,OBSERVE,59.9,B,OBSERVE,3.9
kosdaq,20260714,20260714_2021,333430,일승,조선·기타운송,3010,38.9,20.4,19.5,-71.1,5.6,-5.6,-26.6,-44.4,-12.1,-28.7,-48.7,0.92,10430,2850,5,0,0,1,91955,86937,2.5,2.8,3.0,1.06,0,0,0,0,0,-,64.6,3.1,0.0,7.0,0.0,1,8,약세,-8,-7,0,-1,-21.9,-24.2,1496.48,,-1.11,-2212.0,-2212.0,-2212.0,10,10,1.0,77.6,69.6,333430,1396676,0,0,0,0,,,,,,,,,,,안전,2025.0,108.6,69.1,57.1,CFS,영업이익(손실),dart_OperatingIncomeLoss,67.3,97.4,영업활동현금흐름,ifrs-full_CashFlowsFromUsedInOperatingActivities,ok,연간 영업이익 YoY 계산 성공,ok,OCF 추출 성공,2026 Q1,3개월,23.0,7.0,228.0,thstrm_amount,frmtrm_q_amount,CFS,fnlttSinglAcntAll,영업이익(손실),dart_OperatingIncomeLoss,ok,3개월 기준 YoY 계산 성공,성장지속,10,2,현금창출보통,0.62,default,4,93.6,85.6,5.0,0.0,16.27,0.0,0.0,OFF,0.0,0.0,0.05633824807130833,SAFE,20.0,33.0,0.0,0.21052631578947367,3,15.0,1.033,15.0,11.0,16.15,2.01,12.39,0.0,1494.0,243.0,0.0,PYKRX,True,63.5,48.5,B,OBSERVE,60.2,B,OBSERVE,3.3
kosdaq,20260714,20260714_2021,234340,헥토파이낸셜,금융보조,16980,36.3,12.9,20.9,-62.3,19.2,-4.6,-28.5,-36.3,-11.8,-32.4,-24.7,0.89,45000,14242,5,0,1,0,135266,173857,25.0,23.2,34.4,0.78,0,0,0,0,0,-,70.7,17.9,-9.2,102.4,-32.6,1,8,약세,-8,-7,0,-1,-21.9,-24.2,1496.48,,-1.11,-2212.0,-2212.0,-2212.0,10,10,1.0,83.7,75.7,234340,763701,0,0,0,0,,,,,,,,,,,안전,2025.0,155.8,132.9,17.2,CFS,영업이익(손실),dart_OperatingIncomeLoss,644.0,644.8,영업활동현금흐름,ifrs-full_CashFlowsFromUsedInOperatingActivities,ok,연간 영업이익 YoY 계산 성공,ok,OCF 추출 성공,2026 Q1,3개월,91.4,36.6,149.8,thstrm_amount,frmtrm_q_amount,CFS,fnlttSinglAcntAll,영업이익(손실),dart_OperatingIncomeLoss,ok,3개월 기준 YoY 계산 성공,성장지속,10,5,현금창출양호,4.13,default,4,102.7,94.7,2.0,0.0,5.56,0.0,0.0,OFF,0.0,0.0,0.03971538047581296,SAFE,1.0,1.0,0.0,0.1614035087719298,3,10.0,0.253,23.0,11.0,17.675,1.35,24.22,1.3,12613.0,701.0,0.0,PYKRX,True,63.2,49.4,B,OBSERVE,64.7,B,OBSERVE,-1.5
kosdaq,20260714,20260714_2021,318410,비비씨,화학,5600,46.4,37.9,18.0,-47.5,4.1,-2.8,-10.3,-21.8,-3.9,-12.8,-25.4,0.94,10670,5380,0,0,0,0,8495,10194,0.5,0.5,0.6,0.83,0,0,0,0,0,-,42.4,0.4,0.1,0.8,-1.8,1,15,약세,-8,-7,0,-1,-21.9,-24.2,1496.48,,-1.11,-2212.0,-2212.0,-2212.0,10,10,1.0,57.4,49.4,318410,1153105,0,0,0,0,,,,,,,,,,,안전,2025.0,61.9,57.3,8.1,CFS,영업이익(손실),dart_OperatingIncomeLoss,113.3,37.3,영업활동현금흐름,ifrs-full_CashFlowsFromUsedInOperatingActivities,ok,연간 영업이익 YoY 계산 성공,ok,OCF 추출 성공,2026 Q1,3개월,21.2,30.5,-30.6,thstrm_amount,frmtrm_q_amount,CFS,fnlttSinglAcntAll,영업이익(손실),dart_OperatingIncomeLoss,ok,3개월 기준 YoY 계산 성공,관망,0,5,현금창출양호,1.83,default,2,64.4,56.4,4.0,0.0,6.88,0.0,0.0,OFF,0.0,0.0,0.025138780917330353,SAFE,14.0,0.0,0.0,0.27184466019417475,0,15.0,0.833,18.0,0.0,10.6,0.39,5.65,7.14,14424.0,992.0,20.0,PYKRX,True,63.0,35.6,B,OBSERVE,63.6,B,OBSERVE,-0.6
kosdaq,20260714,20260714_2021,060480,국일신동,철강·1차금속,1361,25.9,36.2,8.8,-32.8,6.0,-4.7,-10.8,-20.9,-6.0,-13.8,-16.1,1.48,2025,1284,0,0,0,0,36132,28845,0.6,0.5,0.4,1.25,0,0,0,0,0,-,67.4,-0.1,0.1,-0.1,0.1,1,8,약세,-8,-7,0,-1,-21.9,-24.2,1496.48,,-1.11,-2212.0,-2212.0,-2212.0,10,10,1.0,75.4,67.4,060480,203847,0,0,0,0,,,,,,,,,,,안전,2025.0,-2.1,-17.0,87.6,OFS,영업이익(손실),dart_OperatingIncomeLoss,46.2,-30.4,영업활동현금흐름,ifrs-full_CashFlowsFromUsedInOperatingActivities,ok,연간 영업이익 YoY 계산 성공,ok,OCF 추출 성공,2026 Q1,3개월,3.5,0.0,8415.3,thstrm_amount,frmtrm_q_amount,OFS,fnlttSinglAcntAll,영업이익(손실),dart_OperatingIncomeLoss,ok,3개월 기준 YoY 계산 성공,성장지속,10,0,회계손실현금유입,,default,0,85.4,77.4,2.0,0.0,0.24,0.0,0.0,OFF,0.0,0.0,0.016832092478965884,SAFE,12.0,7.0,0.0,0.4351851851851852,0,0.0,0.0,13.0,11.0,16.85,0.36,151.22,2.2,3816.0,9.0,15.0,PYKRX,True,62.5,23.2,B,OBSERVE,55.8,B,OBSERVE,6.7
kosdaq,20260714,20260714_2021,078150,HB테크놀러지,기계·장비,1899,31.5,11.3,18.8,-69.1,11.6,-5.0,-36.5,-19.9,-16.2,-37.6,-18.7,0.5,6140,1701,5,0,1,0,1001602,2051978,19.5,19.4,49.9,0.49,0,0,0,0,0,-,79.9,-1.3,0.0,-18.3,0.1,1,0,약세,-8,-7,0,-1,-21.9,-24.2,1496.48,,-1.11,-2212.0,-2212.0,-2212.0,10,10,1.0,84.9,76.9,078150,255275,0,0,0,0,,,,,,,,,,,안전,2025.0,62.4,-165.1,137.8,CFS,영업이익(손실),dart_OperatingIncomeLoss,124.0,30.8,영업활동현금흐름,ifrs-full_CashFlowsFromUsedInOperatingActivities,ok,연간 영업이익 YoY 계산 성공,ok,OCF 추출 성공,2026 Q1,3개월,5.3,-30.7,117.2,thstrm_amount,frmtrm_q_amount,CFS,fnlttSinglAcntAll,영업이익(손실),dart_OperatingIncomeLoss,ok,3개월 기준 YoY 계산 성공,성장지속,10,5,현금창출양호,1.99,default,2,101.9,93.9,0.0,0.0,9.98,1.0,0.0,OFF,0.0,0.0,0.04731682062351324,SAFE,20.0,30.0,0.0,0.136986301369863,3,0.0,-0.026,23.0,11.0,19.975,0.59,5.93,1.05,3208.0,320.0,12.0,PYKRX,True,62.5,38.1,B,OBSERVE,69.0,B,OBSERVE,-6.5
kosdaq,20260714,20260714_2021,176750,듀켐바이오,제약·바이오,5890,33.1,24.6,7.3,-53.9,6.5,-5.5,-8.3,-34.3,-6.1,-16.2,-33.6,1.8,12770,5530,5,1,0,0,30026,25682,2.1,1.8,1.6,1.17,0,0,0,0,0,-,71.9,0.2,0.0,1.3,0.1,1,3,약세,-8,-7,0,-1,-21.9,-24.2,1496.48,,-1.11,-2212.0,-2212.0,-2212.0,10,10,1.0,79.9,71.9,176750,867034,0,0,0,0,,,,,,,,,,,안전,2025.0,74.4,50.8,46.6,CFS,영업이익(손실),dart_OperatingIncomeLoss,99.4,70.3,영업활동으로 인한 현금흐름,ifrs-full_CashFlowsFromUsedInOperatingActivities,ok,연간 영업이익 YoY 계산 성공,ok,OCF 추출 성공,2026 Q1,3개월,12.6,6.7,87.5,thstrm_amount,frmtrm_q_amount,CFS,fnlttSinglAcntAll,영업이익(손실),dart_OperatingIncomeLoss,ok,3개월 기준 YoY 계산 성공,성장지속,10,5,현금창출양호,1.34,default,-2,92.9,84.9,2.0,0.0,13.18,0.0,0.0,OFF,0.0,0.0,0.029381534802569605,SAFE,11.0,6.0,0.0,0.6626506024096385,0,5.0,0.125,23.0,11.0,17.975,3.39,25.72,0.0,1737.0,229.0,0.0,PYKRX,True,62.3,37.5,B,OBSERVE,57.0,B,OBSERVE,5.3
kosdaq,20260714,20260714_2021,069410,엔텔스,출판·SW,2930,29.3,19.1,11.9,-52.7,4.6,-10.7,-27.1,-47.7,-12.4,-27.5,-37.8,1.28,6200,2800,5,1,0,0,34267,21849,0.8,1.0,0.7,1.57,0,0,0,0,0,-,82.9,1.2,0.0,1.0,0.0,1,8,약세,-8,-7,0,-1,-21.9,-24.2,1496.48,,-1.11,-2212.0,-2212.0,-2212.0,10,10,1.0,95.9,87.9,069410,415707,0,0,0,0,,,,,,,,,,,안전,2025.0,21.6,-2.4,990.1,CFS,영업이익(손실),dart_OperatingIncomeLoss,78.7,15.2,영업활동현금흐름,ifrs-full_CashFlowsFromUsedInOperatingActivities,ok,연간 영업이익 YoY 계산 성공,ok,OCF 추출 성공,2026 Q1,3개월,1.5,4.2,-65.1,thstrm_amount,frmtrm_q_amount,CFS,fnlttSinglAcntAll,영업이익(손실),dart_OperatingIncomeLoss,ok,3개월 기준 YoY 계산 성공,피크아웃,-15,5,현금창출양호,3.64,default,2,87.9,79.9,2.0,0.0,5.69,0.0,0.0,OFF,0.0,0.0,0.0324444090999997,SAFE,20.0,28.0,0.0,0.3948339483394833,0,15.0,1.714,18.0,-15.0,20.0,0.52,9.13,0.0,5643.0,321.0,12.0,PYKRX,True,62.2,27.9,B,OBSERVE,50.0,B,OBSERVE,12.2
kosdaq,20260714,20260714_2021,094820,일진파워,건설,10810,40.5,19.6,20.1,-55.9,20.5,-7.4,-28.2,-36.2,-13.0,-26.8,-24.4,0.97,24500,8970,0,0,0,0,131516,161248,16.7,14.6,20.8,0.82,0,0,0,0,0,-,62.9,5.4,-0.8,-12.6,-1.3,1,8,약세,-8,-7,0,-1,-21.9,-24.2,1496.48,,-1.11,-2212.0,-2212.0,-2212.0,10,10,1.0,70.9,62.900000000000006,094820,485177,0,0,1,0,,,[20250722] 주권매매거래정지해제              (상장적격성 실질심사 대상 제외 결정) (20250722900436),,,,https://dart.fss.or.kr/dsaf001/main.do?rcpNo=20250722900436,,,,안전,2025.0,241.2,102.7,134.8,CFS,영업이익(손실),dart_OperatingIncomeLoss,370.0,25.0,영업활동현금흐름,ifrs-full_CashFlowsFromUsedInOperatingActivities,ok,연간 영업이익 YoY 계산 성공,ok,OCF 추출 성공,2026 Q1,3개월,70.0,22.9,205.1,thstrm_amount,frmtrm_q_amount,CFS,fnlttSinglAcntAll,영업이익(손실),dart_OperatingIncomeLoss,ok,3개월 기준 YoY 계산 성공,성장지속,10,5,현금창출양호,1.53,default,2,87.9,79.9,2.0,0.0,12.79,0.0,0.0,OFF,0.0,0.0,0.055466412670428004,SAFE,11.0,7.0,0.0,0.26241134751773054,0,10.0,0.221,23.0,11.0,15.725,1.11,8.65,3.33,9773.0,1250.0,3.0,PYKRX,True,62.0,42.8,B,OBSERVE,62.7,B,OBSERVE,-0.7
kosdaq,20260714,20260714_2021,443670,에스피소프트,IT서비스,2690,41.8,20.9,25.2,-63.4,4.7,-5.1,-26.8,-43.2,-8.9,-31.0,-47.2,0.92,7350,2570,5,0,0,1,66738,85557,2.2,1.8,2.5,0.78,0,0,0,0,0,-,57.9,1.6,0.0,8.8,-0.1,1,8,약세,-8,-7,0,-1,-21.9,-24.2,1496.48,,-1.11,-2212.0,-2212.0,-2212.0,10,10,1.0,70.9,62.900000000000006,443670,1381391,0,0,0,0,,,,,,,,,,,안전,2025.0,36.2,37.6,-3.7,CFS,영업이익(손실),dart_OperatingIncomeLoss,33.0,13.1,영업활동현금흐름,ifrs-full_CashFlowsFromUsedInOperatingActivities,ok,연간 영업이익 YoY 계산 성공,ok,OCF 추출 성공,2026 Q1,3개월,8.5,6.4,31.9,thstrm_amount,frmtrm_q_amount,CFS,fnlttSinglAcntAll,영업이익(손실),dart_OperatingIncomeLoss,ok,3개월 기준 YoY 계산 성공,관망,0,5,현금창출양호,0.91,default,4,79.9,71.9,5.0,0.0,5.59,0.0,0.0,OFF,1.0,8.0,0.04334791757062304,SAFE,20.0,33.0,0.0,0.19029850746268656,3,15.0,0.64,20.0,5.0,14.475,0.97,17.35,0.0,2772.0,155.0,6.0,PYKRX,True,62.0,47.8,B,OBSERVE,63.5,B,OBSERVE,-1.5
kosdaq,20260714,20260714_2021,007530,와이엠,금속가공,1918,42.8,39.6,19.2,-36.9,19.6,-1.6,-8.0,-19.6,-3.1,-8.1,-21.8,1.34,3040,1604,0,0,0,0,22294,16045,0.4,0.4,0.3,1.39,0,0,0,0,0,-,43.6,-0.2,-0.1,-0.1,0.0,1,0,약세,-8,-7,0,-1,-21.9,-24.2,1496.48,,-1.11,-2212.0,-2212.0,-2212.0,10,10,1.0,43.6,35.6,007530,140858,0,0,0,0,,,,,,,,,,,안전,2025.0,39.9,61.1,-34.7,CFS,영업이익,dart_OperatingIncomeLoss,48.5,105.1,영업활동으로 인한 현금흐름,ifrs-full_CashFlowsFromUsedInOperatingActivities,ok,연간 영업이익 YoY 계산 성공,ok,OCF 추출 성공,2026 Q1,3개월,14.4,9.9,45.1,thstrm_amount,frmtrm_q_amount,CFS,fnlttSinglAcntAll,영업이익,dart_OperatingIncomeLoss,ok,3개월 기준 YoY 계산 성공,턴어라운드,20,5,현금창출양호,1.22,default,2,70.6,62.6,0.0,0.0,4.53,0.0,0.0,OFF,0.0,0.0,0.01833200834120438,SAFE,8.0,3.0,0.0,0.2,3,-10.0,-1.0,20.0,17.0,10.9,0.74,16.39,1.04,2585.0,117.0,12.0,PYKRX,True,62.0,25.2,B,OBSERVE,52.9,B,OBSERVE,9.1
kosdaq,20260714,20260714_2021,232140,와이씨,기계·장비,9950,29.5,11.0,14.9,-58.8,5.7,-9.5,-38.4,-49.0,-19.8,-36.7,-39.4,1.08,24150,9410,5,0,1,0,793815,691667,73.6,81.2,86.7,1.15,0,0,0,0,0,-,84.2,20.4,-16.6,53.4,-63.6,1,8,약세,-8,-7,0,-1,-21.9,-24.2,1496.48,,-1.11,-2212.0,-2212.0,-2212.0,10,10,1.0,97.2,89.2,232140,1109539,0,0,0,0,,,,,,,,,,,안전,2025.0,169.9,106.0,60.3,CFS,영업이익(손실),dart_OperatingIncomeLoss,411.9,-235.5,영업활동현금흐름,ifrs-full_CashFlowsFromUsedInOperatingActivities,ok,연간 영업이익 YoY 계산 성공,ok,OCF 추출 성공,2026 Q1,3개월,39.9,-15.1,365.3,thstrm_amount,frmtrm_q_amount,CFS,fnlttSinglAcntAll,영업이익(손실),dart_OperatingIncomeLoss,ok,3개월 기준 YoY 계산 성공,성장지속,10,5,현금창출양호,2.42,default,4,116.2,108.2,2.0,0.0,5.32,0.0,0.0,OFF,0.0,0.0,0.04683068331054034,SAFE,19.0,14.0,0.0,0.24739583333333334,3,0.0,0.044,23.0,11.0,20.0,2.22,41.63,0.0,4490.0,239.0,0.0,PYKRX,True,62.0,38.1,B,OBSERVE,57.0,B,OBSERVE,5.0
kosdaq,20260714,20260714_2021,036010,아비코전자,반도체·전자부품,6100,25.4,6.7,23.1,-57.2,15.7,-8.8,-50.4,-36.2,-26.7,-38.1,-29.8,0.46,14260,5270,5,0,1,0,169972,381336,9.7,10.8,37.6,0.45,0,0,0,0,0,-,80.8,-0.3,0.0,-2.9,-14.9,1,0,약세,-8,-7,0,-1,-21.9,-24.2,1496.48,,-1.11,-2212.0,-2212.0,-2212.0,10,10,1.0,85.8,77.8,036010,138598,0,0,0,0,,,,,,,,,,,안전,2025.0,83.1,-48.8,270.5,CFS,영업이익(손실),dart_OperatingIncomeLoss,118.6,86.1,영업활동현금흐름,ifrs-full_CashFlowsFromUsedInOperatingActivities,ok,연간 영업이익 YoY 계산 성공,ok,OCF 추출 성공,2026 Q1,3개월,19.5,9.3,108.2,thstrm_amount,frmtrm_q_amount,CFS,fnlttSinglAcntAll,영업이익(손실),dart_OperatingIncomeLoss,ok,3개월 기준 YoY 계산 성공,성장지속,10,5,현금창출양호,1.43,default,2,102.8,94.8,0.0,0.0,8.15,1.0,0.0,OFF,0.0,0.0,0.07254829737864725,SAFE,14.0,14.0,0.0,0.17460317460317462,3,0.0,-0.008,23.0,11.0,20.0,0.69,8.52,0.49,8782.0,716.0,12.0,PYKRX,True,61.8,38.1,B,OBSERVE,69.0,B,OBSERVE,-7.2
kosdaq,20260714,20260714_2021,263750,펄어비스,출판·SW,34150,42.4,15.5,7.9,-55.9,17.8,-8.6,-14.6,-38.6,-7.3,-19.6,-23.3,0.81,77400,29000,0,0,0,0,277644,325864,90.4,99.6,120.6,0.85,0,0,0,0,0,-,59.2,-38.1,99.7,98.4,316.4,1,8,약세,-8,-7,0,-1,-21.9,-24.2,1496.48,,-1.11,-2212.0,-2212.0,-2212.0,10,10,1.0,67.2,59.2,263750,1152470,0,0,0,0,,,,,,,,,,,안전,2025.0,55.0,249.7,-78.0,CFS,기타손익,dart_NonOperatingProfitLoss,239.3,-53.9,영업활동현금흐름,ifrs-full_CashFlowsFromUsedInOperatingActivities,ok,연간 영업이익 YoY 계산 성공,ok,OCF 추출 성공,2026 Q1,3개월,-0.5,-1.5,68.7,thstrm_amount,frmtrm_q_amount,CFS,fnlttSinglAcntAll,기타손익,dart_NonOperatingProfitLoss,ok,3개월 기준 YoY 계산 성공,턴어라운드,20,5,현금창출양호,4.35,default,-1,91.2,83.2,2.0,0.0,0.0,0.0,0.0,OFF,1.0,8.0,0.032101894750721505,SAFE,18.0,1.0,0.0,0.589041095890411,0,15.0,0.511,20.0,17.0,14.8,2.62,0.0,0.0,13011.0,0.0,-5.0,PYKRX,True,61.6,50.3,B,OBSERVE,61.8,B,OBSERVE,-0.2
kosdaq,20260714,20260714_2021,023160,태광,철강·1차금속,21550,35.4,7.1,16.2,-58.0,15.5,-8.5,-31.6,-53.8,-16.0,-30.8,-27.0,0.58,51300,18660,5,0,0,1,156061,234841,29.1,35.6,63.7,0.66,0,0,0,0,0,-,75.4,6.1,16.4,42.5,19.4,1,15,약세,-8,-7,0,-1,-21.9,-24.2,1496.48,,-1.11,-2212.0,-2212.0,-2212.0,10,10,1.0,95.4,87.4,023160,153375,0,0,0,0,,,,,,,,,,,안전,2025.0,387.3,398.7,-2.9,CFS,영업이익(손실),dart_OperatingIncomeLoss,193.7,592.4,영업활동현금흐름,ifrs-full_CashFlowsFromUsedInOperatingActivities,ok,연간 영업이익 YoY 계산 성공,ok,OCF 추출 성공,2026 Q1,3개월,93.5,74.0,26.3,thstrm_amount,frmtrm_q_amount,CFS,fnlttSinglAcntAll,영업이익(손실),dart_OperatingIncomeLoss,ok,3개월 기준 YoY 계산 성공,관망,0,2,현금창출보통,0.5,default,0,97.4,89.4,7.0,0.0,10.23,1.0,0.0,OFF,0.0,0.0,0.061398415856976925,SAFE,16.0,7.0,0.0,0.2689873417721519,0,15.0,0.353,12.0,5.0,18.85,0.89,8.73,2.48,24145.0,2469.0,14.0,PYKRX,True,61.3,36.8,B,OBSERVE,64.8,B,OBSERVE,-3.5
kosdaq,20260714,20260714_2021,149950,아바텍,반도체·전자부품,8780,31.1,7.6,24.8,-55.0,12.9,-3.0,-39.3,-22.9,-23.9,-32.9,-18.7,0.23,19490,7780,5,0,1,0,200151,483219,9.8,18.1,68.5,0.41,0,0,0,0,0,-,78.4,0.2,1.5,29.1,-3.3,1,15,약세,-8,-7,0,-1,-21.9,-24.2,1496.48,,-1.11,-2212.0,-2212.0,-2212.0,10,10,1.0,98.4,90.4,149950,442048,0,0,0,0,,,,,,,,,,,안전,2025.0,61.5,58.0,6.0,OFS,영업이익,dart_OperatingIncomeLoss,98.7,162.1,영업활동현금흐름,ifrs-full_CashFlowsFromUsedInOperatingActivities,ok,연간 영업이익 YoY 계산 성공,ok,OCF 추출 성공,2026 Q1,3개월,7.7,-11.6,166.0,thstrm_amount,frmtrm_q_amount,OFS,fnlttSinglAcntAll,영업이익,dart_OperatingIncomeLoss,ok,3개월 기준 YoY 계산 성공,성장지속,10,5,현금창출양호,1.6,default,2,115.4,107.4,4.0,0.0,4.55,0.0,0.0,OFF,0.0,0.0,0.08816036131681645,SAFE,13.0,13.0,0.0,0.07633587786259542,3,3.0,0.025,23.0,11.0,19.6,0.79,17.35,2.28,11122.0,506.0,9.0,PYKRX,True,60.7,41.6,B,OBSERVE,68.6,B,OBSERVE,-7.9
kosdaq,20260714,20260714_2021,109080,옵티시스,반도체·전자부품,7900,36.4,9.0,10.0,-65.4,1.8,-8.9,-25.5,-55.3,-10.9,-30.4,-23.0,0.91,22800,7760,5,1,0,0,42696,30922,2.2,3.5,2.7,1.38,0,0,0,0,0,-,74.2,1.2,0.0,3.4,0.1,1,8,약세,-8,-7,0,-1,-21.9,-24.2,1496.48,,-1.11,-2212.0,-2212.0,-2212.0,10,10,1.0,87.2,79.2,109080,660291,0,0,0,0,,,,,,,,,,,안전,2025.0,45.1,27.1,66.9,OFS,영업이익(손실),dart_OperatingIncomeLoss,73.4,50.3,영업활동현금흐름,ifrs-full_CashFlowsFromUsedInOperatingActivities,ok,연간 영업이익 YoY 계산 성공,ok,OCF 추출 성공,2026 Q1,3개월,12.5,15.8,-20.8,thstrm_amount,frmtrm_q_amount,OFS,fnlttSinglAcntAll,영업이익(손실),dart_OperatingIncomeLoss,ok,3개월 기준 YoY 계산 성공,피크아웃,-15,5,현금창출양호,1.63,default,2,79.2,71.2,2.0,0.0,7.47,0.0,0.0,OFF,0.0,0.0,0.035325219714700165,SAFE,20.0,30.0,0.0,0.3490196078431373,0,15.0,0.444,18.0,-15.0,18.55,0.63,8.44,3.16,12530.0,936.0,15.0,PYKRX,True,60.5,27.5,B,OBSERVE,51.6,B,OBSERVE,8.9
kosdaq,20260714,20260714_2021,457550,우진엔텍,전문서비스,14480,37.3,12.0,19.7,-58.5,3.4,-8.3,-35.2,-41.8,-15.5,-31.6,-39.0,0.99,34900,14000,0,0,0,0,47499,59681,8.2,7.1,10.6,0.8,0,0,0,0,0,-,70.7,6.2,-0.9,20.3,-1.1,1,8,약세,-8,-7,0,-1,-21.9,-24.2,1496.48,,-1.11,-2212.0,-2212.0,-2212.0,10,10,1.0,78.7,70.7,457550,1030503,0,0,0,0,,,,,,,,,,,안전,2025.0,50.6,53.2,-4.9,OFS,영업이익(손실),dart_OperatingIncomeLoss,39.5,79.8,영업활동현금흐름,ifrs-full_CashFlowsFromUsedInOperatingActivities,ok,연간 영업이익 YoY 계산 성공,ok,OCF 추출 성공,2026 Q1,3개월,18.7,1.9,875.2,thstrm_amount,frmtrm_q_amount,OFS,fnlttSinglAcntAll,영업이익(손실),dart_OperatingIncomeLoss,ok,3개월 기준 YoY 계산 성공,관망,0,5,현금창출양호,0.78,default,4,87.7,79.7,2.0,0.0,10.43,0.0,0.0,OFF,0.0,0.0,0.05705978770513697,SAFE,16.0,16.0,0.0,0.23579545454545456,3,15.0,0.5,20.0,5.0,17.675,2.64,25.31,1.04,5483.0,572.0,0.0,PYKRX,True,59.6,48.8,B,OBSERVE,60.7,B,OBSERVE,-1.1
kosdaq,20260714,20260714_2021,098460,고영,기계·장비,25250,37.1,12.6,12.1,-43.9,86.3,-6.8,-32.5,-7.7,-16.1,-25.9,-8.4,0.83,45000,13550,5,0,1,0,1137149,1363007,281.7,297.3,420.5,0.83,0,0,0,0,0,-,71.4,92.1,-29.3,416.5,-220.0,1,8,약세,-8,-7,0,-1,-21.9,-24.2,1496.48,,-1.11,-2212.0,-2212.0,-2212.0,10,10,1.0,84.4,76.4,098460,579999,0,0,0,0,,,,,,,,,,,안전,2025.0,173.4,33.2,422.0,CFS,영업이익,dart_OperatingIncomeLoss,180.9,364.0,영업활동으로 인한 현금흐름,ifrs-full_CashFlowsFromUsedInOperatingActivities,ok,연간 영업이익 YoY 계산 성공,ok,OCF 추출 성공,2026 Q1,3개월,98.5,31.9,209.1,thstrm_amount,frmtrm_q_amount,CFS,fnlttSinglAcntAll,영업이익,dart_OperatingIncomeLoss,ok,3개월 기준 YoY 계산 성공,성장지속,10,5,현금창출양호,1.04,default,4,103.4,95.4,2.0,0.0,4.41,0.0,0.0,OFF,1.0,8.0,0.05603943611000963,SAFE,10.0,7.0,0.0,0.20923076923076922,3,5.0,0.149,23.0,11.0,17.85,4.97,112.72,0.55,5079.0,224.0,0.0,PYKRX,True,59.3,43.5,B,OBSERVE,59.8,B,OBSERVE,-0.5
kosdaq,20260714,20260714_2021,147830,제룡산업,금속가공,6390,45.3,25.7,21.7,-58.5,12.3,-7.4,-19.7,-16.4,-7.6,-25.7,-13.0,0.75,15410,5690,0,0,0,0,193266,227143,10.9,12.6,15.9,0.85,0,0,0,0,0,-,49.3,3.7,-0.1,-2.2,2.0,1,8,약세,-8,-7,0,-1,-21.9,-24.2,1496.48,,-1.11,-2212.0,-2212.0,-2212.0,10,10,1.0,57.3,49.3,147830,899556,0,0,0,0,,,,,,,,,,,안전,2025.0,105.7,40.9,158.6,OFS,영업이익(손실),dart_OperatingIncomeLoss,130.1,76.3,영업활동현금흐름,ifrs-full_CashFlowsFromUsedInOperatingActivities,ok,연간 영업이익 YoY 계산 성공,ok,OCF 추출 성공,2026 Q1,3개월,48.4,25.2,92.0,thstrm_amount,frmtrm_q_amount,OFS,fnlttSinglAcntAll,영업이익(손실),dart_OperatingIncomeLoss,ok,3개월 기준 YoY 계산 성공,성장지속,10,5,현금창출양호,1.23,default,0,72.3,64.3,2.0,0.0,13.32,0.0,0.0,OFF,0.0,0.0,0.04930897475528766,SAFE,18.0,1.0,0.0,0.3756345177664975,0,10.0,0.226,23.0,11.0,12.325,1.42,10.65,4.69,4503.0,600.0,3.0,PYKRX,True,59.1,41.8,B,OBSERVE,59.3,B,OBSERVE,-0.2
kosdaq,20260714,20260714_2021,388050,지투파워,전기장비,6640,36.9,14.8,10.3,-64.0,5.4,-11.8,-27.0,-45.8,-15.5,-34.1,-32.1,0.85,18460,6300,0,0,0,0,279187,290063,15.0,19.6,23.7,0.96,0,0,0,0,0,-,72.8,21.6,-19.7,23.3,-13.9,1,8,약세,-8,-7,0,-1,-21.9,-24.2,1496.48,,-1.11,-2212.0,-2212.0,-2212.0,10,10,1.0,80.8,72.8,388050,1462605,0,0,0,0,,,,,,,,,,,안전,2025.0,88.1,36.7,139.9,CFS,영업이익(손실),dart_OperatingIncomeLoss,180.2,69.1,영업활동으로 인한 현금흐름,ifrs-full_CashFlowsFromUsedInOperatingActivities,ok,연간 영업이익 YoY 계산 성공,ok,OCF 추출 성공,2026 Q1,3개월,22.7,-3.2,815.3,thstrm_amount,frmtrm_q_amount,CFS,fnlttSinglAcntAll,영업이익(손실),dart_OperatingIncomeLoss,ok,3개월 기준 YoY 계산 성공,성장지속,10,5,현금창출양호,2.05,default,2,97.8,89.8,2.0,0.0,13.19,0.0,0.0,OFF,0.0,0.0,0.056818895592367635,SAFE,19.0,7.0,0.0,0.43703703703703706,0,5.0,0.08,23.0,11.0,18.2,2.95,22.36,1.51,2252.0,297.0,0.0,PYKRX,True,58.9,37.6,B,OBSERVE,57.2,B,OBSERVE,1.7
kosdaq,20260714,20260714_2021,038110,에코플라스틱,자동차·부품,1931,42.6,15.9,25.6,-62.7,3.8,-2.5,-16.4,-48.6,-5.1,-22.7,-37.5,0.57,5180,1861,5,1,0,0,770946,386113,4.3,15.4,7.8,2.0,0,0,0,0,0,-,52.6,-2.1,0.0,4.4,-0.5,1,0,약세,-8,-7,0,-1,-21.9,-24.2,1496.48,,-1.11,-2212.0,-2212.0,-2212.0,10,10,1.0,57.6,49.6,038110,139153,0,0,0,0,,,,,,,,,,,안전,2025.0,357.4,328.9,8.7,CFS,영업이익(손실),dart_OperatingIncomeLoss,363.3,779.3,영업활동현금흐름,ifrs-full_CashFlowsFromUsedInOperatingActivities,ok,연간 영업이익 YoY 계산 성공,ok,OCF 추출 성공,2026 Q1,3개월,67.8,197.2,-65.6,thstrm_amount,frmtrm_q_amount,CFS,fnlttSinglAcntAll,영업이익(손실),dart_OperatingIncomeLoss,ok,3개월 기준 YoY 계산 성공,관망,0,5,현금창출양호,1.02,default,2,64.6,56.6,0.0,0.0,0.57,0.0,0.0,OFF,0.0,0.0,0.02960177460815379,SAFE,20.0,33.0,0.0,0.15243902439024393,3,-10.0,-0.269,18.0,0.0,13.15,0.22,38.62,2.59,8738.0,50.0,15.0,PYKRX,True,58.8,12.3,B,OBSERVE,39.2,B,OBSERVE,19.6
kosdaq,20260714,20260714_2021,460930,현대힘스,조선·기타운송,10800,37.3,16.9,16.7,-67.7,4.0,-8.6,-27.1,-41.0,-12.6,-27.5,-42.0,0.77,33450,10380,0,0,0,0,100355,140639,11.8,11.1,17.8,0.71,0,0,0,0,0,-,69.2,14.3,0.3,17.0,11.5,1,15,약세,-8,-7,0,-1,-21.9,-24.2,1496.48,,-1.11,-2212.0,-2212.0,-2212.0,10,10,1.0,84.2,76.2,460930,667373,0,0,0,0,,,,,,,,,,,안전,2025.0,287.6,215.5,33.5,CFS,영업이익(손실),dart_OperatingIncomeLoss,370.2,313.8,영업활동현금흐름,ifrs-full_CashFlowsFromUsedInOperatingActivities,ok,연간 영업이익 YoY 계산 성공,ok,OCF 추출 성공,2026 Q1,3개월,85.3,72.4,17.8,thstrm_amount,frmtrm_q_amount,CFS,fnlttSinglAcntAll,영업이익(손실),dart_OperatingIncomeLoss,ok,3개월 기준 YoY 계산 성공,성장지속,10,5,현금창출양호,1.29,default,0,99.2,91.2,4.0,0.0,8.48,0.0,0.0,OFF,0.0,0.0,0.04626007255843246,SAFE,20.0,33.0,0.0,0.3173431734317343,0,15.0,0.82,23.0,6.0,17.3,1.52,17.88,1.2,7122.0,604.0,0.0,PYKRX,True,58.6,45.8,B,OBSERVE,61.3,B,OBSERVE,-2.7
kosdaq,20260714,20260714_2021,060720,KH바텍,반도체·전자부품,9370,37.6,20.2,15.4,-53.1,5.6,-5.9,-20.2,-30.9,-10.5,-19.4,-28.2,0.97,19960,8870,0,0,0,0,151242,183140,15.6,14.5,19.7,0.83,0,0,0,0,0,-,65.0,0.1,-0.8,-18.9,-9.9,1,8,약세,-8,-7,0,-1,-21.9,-24.2,1496.48,,-1.11,-2212.0,-2212.0,-2212.0,10,10,1.0,73.0,65.0,060720,378628,0,0,0,0,,,,,,,,,,,안전,2025.0,-146.1,51.1,-385.9,CFS,영업외손익,dart_NonOperatingProfitLoss,150.8,110.3,영업활동 현금흐름,ifrs-full_CashFlowsFromUsedInOperatingActivities,ok,연간 영업이익 YoY 계산 성공,ok,OCF 추출 성공,2026 Q1,3개월,5.3,-7.5,170.7,thstrm_amount,frmtrm_q_amount,CFS,fnlttSinglAcntAll,영업외손익,dart_NonOperatingProfitLoss,ok,3개월 기준 YoY 계산 성공,턴어라운드,20,0,회계손실현금유입,,default,2,95.0,87.0,2.0,0.0,7.36,0.0,0.0,OFF,0.0,0.0,0.046598666877755004,SAFE,11.0,1.0,0.0,0.2920792079207921,0,0.0,-0.036,10.0,17.0,16.25,0.75,10.13,3.9,12563.0,925.0,15.0,PYKRX,True,57.7,24.8,C,OBSERVE,58.2,C,OBSERVE,-0.5
kosdaq,20260714,20260714_2021,000250,삼천당제약,제약·바이오,180000,31.2,8.7,12.6,-85.4,21.7,-10.4,-32.3,-64.4,-18.0,-38.7,-52.2,0.97,1233000,147900,0,0,0,0,148673,139554,246.5,281.6,311.8,1.07,0,0,0,0,0,-,83.2,-3.3,11.0,228.5,291.4,1,8,약세,-8,-7,0,-1,-21.9,-24.2,1496.48,,-1.11,-2212.0,-2212.0,-2212.0,10,10,1.0,91.2,83.2,000250,128546,0,0,0,0,,,,,,,,,,,안전,2025.0,84.7,26.4,220.5,CFS,영업이익(손실),dart_OperatingIncomeLoss,97.9,217.7,영업활동현금흐름,ifrs-full_CashFlowsFromUsedInOperatingActivities,ok,연간 영업이익 YoY 계산 성공,ok,OCF 추출 성공,2026 Q1,3개월,54.5,6.9,692.4,thstrm_amount,frmtrm_q_amount,CFS,fnlttSinglAcntAll,영업이익(손실),dart_OperatingIncomeLoss,ok,3개월 기준 YoY 계산 성공,성장지속,10,5,현금창출양호,1.16,default,2,108.2,100.2,2.0,0.0,1.9,0.0,0.0,OFF,0.0,0.0,0.053093697734384535,SAFE,20.0,33.0,0.0,0.32198142414860687,0,0.0,0.025,23.0,11.0,20.0,15.17,796.46,0.03,11868.0,226.0,0.0,PYKRX,True,57.6,32.1,B,OBSERVE,54.0,B,OBSERVE,3.6
kosdaq,20260714,20260714_2021,042000,카페24,IT서비스,16300,44.1,9.2,17.8,-65.8,2.3,-5.2,-18.1,-37.3,-7.7,-18.5,-45.0,1.07,47650,15940,0,0,0,0,83527,82593,14.4,13.9,14.7,1.01,0,0,0,0,0,-,56.1,10.4,6.8,23.4,22.7,1,15,약세,-8,-7,0,-1,-21.9,-24.2,1496.48,,-1.11,-2212.0,-2212.0,-2212.0,10,10,1.0,71.1,63.1,042000,260879,0,0,0,0,,,,,,,,,,,안전,2025.0,402.3,319.4,25.9,CFS,영업이익,dart_OperatingIncomeLoss,825.5,712.1,영업활동으로 인한 현금흐름,ifrs-full_CashFlowsFromUsedInOperatingActivities,ok,연간 영업이익 YoY 계산 성공,ok,OCF 추출 성공,2026 Q1,3개월,62.4,59.6,4.7,thstrm_amount,frmtrm_q_amount,CFS,fnlttSinglAcntAll,영업이익,dart_OperatingIncomeLoss,ok,3개월 기준 YoY 계산 성공,성장지속,10,5,현금창출양호,2.05,default,2,88.1,80.1,4.0,0.0,14.68,0.0,0.0,OFF,0.0,0.0,0.05449789513877625,SAFE,15.0,1.0,0.0,0.287292817679558,0,15.0,1.17,20.0,6.0,14.025,1.48,10.09,0.0,10998.0,1615.0,0.0,PYKRX,True,57.6,42.4,B,OBSERVE,55.0,B,OBSERVE,2.6
kosdaq,20260714,20260714_2021,106190,하이텍팜,제약·바이오,11410,21.0,6.5,3.2,-54.4,6.6,-9.3,-17.4,-41.4,-10.8,-20.7,-20.8,1.12,25000,10700,0,0,0,0,45980,38966,5.1,5.5,5.0,1.18,0,0,0,0,0,-,83.0,2.0,0.0,-8.8,-0.4,1,8,약세,-8,-7,0,-1,-21.9,-24.2,1496.48,,-1.11,-2212.0,-2212.0,-2212.0,10,10,1.0,91.0,83.0,106190,409964,0,0,0,0,,,,,,,,,,,안전,2025.0,128.6,155.6,-17.4,OFS,영업이익(손실),dart_OperatingIncomeLoss,170.3,146.9,영업활동현금흐름,ifrs-full_CashFlowsFromUsedInOperatingActivities,ok,연간 영업이익 YoY 계산 성공,ok,OCF 추출 성공,2026 Q1,3개월,-11.0,25.6,-142.8,thstrm_amount,frmtrm_q_amount,OFS,fnlttSinglAcntAll,영업이익(손실),dart_OperatingIncomeLoss,ok,3개월 기준 YoY 계산 성공,하락지속,-10,5,현금창출양호,1.32,default,-1,85.0,77.0,2.0,0.0,8.78,1.0,0.0,OFF,0.0,0.0,0.022488557493163867,SAFE,19.0,17.0,0.0,0.5344827586206897,0,15.0,0.4,15.0,-10.0,20.0,0.93,10.57,1.31,12290.0,1079.0,12.0,PYKRX,True,57.5,29.0,B,OBSERVE,52.0,B,OBSERVE,5.5
kosdaq,20260714,20260714_2021,101330,모베이스,반도체·전자부품,3170,45.0,27.3,24.0,-65.3,10.1,-4.5,-16.4,-31.8,-6.4,-20.9,-24.1,0.68,9140,2880,0,0,0,0,65021,83608,1.8,2.1,2.8,0.78,0,0,0,0,0,-,46.8,-0.3,0.0,1.6,0.0,1,0,약세,-8,-7,0,-1,-21.9,-24.2,1496.48,,-1.11,-2212.0,-2212.0,-2212.0,10,10,1.0,46.8,38.8,101330,498001,0,0,0,0,,,,,,,,,,,안전,2025.0,418.0,533.3,-21.6,CFS,영업이익(손실),dart_OperatingIncomeLoss,1050.3,902.2,영업활동으로 인한 현금흐름,ifrs-full_CashFlowsFromUsedInOperatingActivities,ok,연간 영업이익 YoY 계산 성공,ok,OCF 추출 성공,2026 Q1,3개월,99.5,83.5,19.2,thstrm_amount,frmtrm_q_amount,CFS,fnlttSinglAcntAll,영업이익(손실),dart_OperatingIncomeLoss,ok,3개월 기준 YoY 계산 성공,턴어라운드,20,5,현금창출양호,2.51,default,0,71.8,63.8,0.0,0.0,3.26,0.0,0.0,OFF,0.0,0.0,0.039500539019230334,SAFE,19.0,1.0,0.0,0.27439024390243905,0,0.0,-0.107,20.0,12.0,11.7,0.2,6.04,4.42,16124.0,525.0,15.0,PYKRX,True,57.2,27.9,B,OBSERVE,58.7,B,OBSERVE,-1.5
kosdaq,20260714,20260714_2021,368770,파이버프로,의료·정밀·광학,11950,35.3,11.8,10.0,-60.1,126.3,-5.9,-20.4,-47.4,-13.1,-29.1,-13.3,0.65,29950,5280,0,0,0,0,153341,208573,16.1,19.1,29.6,0.74,0,0,0,0,0,-,72.8,15.6,-0.4,33.8,8.9,1,8,약세,-8,-7,0,-1,-21.9,-24.2,1496.48,,-1.11,-2212.0,-2212.0,-2212.0,10,10,1.0,80.8,72.8,368770,1513440,0,0,0,0,,,,,,,,,,,안전,2025.0,101.2,72.1,40.4,CFS,영업이익(손실),dart_OperatingIncomeLoss,52.0,59.1,영업활동현금흐름,ifrs-full_CashFlowsFromUsedInOperatingActivities,ok,연간 영업이익 YoY 계산 성공,ok,OCF 추출 성공,2026 Q1,3개월,47.6,12.4,282.8,thstrm_amount,frmtrm_q_amount,CFS,fnlttSinglAcntAll,영업이익(손실),dart_OperatingIncomeLoss,ok,3개월 기준 YoY 계산 성공,성장지속,10,2,현금창출보통,0.51,default,0,92.8,84.8,2.0,0.0,20.39,0.0,0.0,OFF,0.0,0.0,0.0517145505340681,SAFE,19.0,7.0,0.0,0.28921568627450983,0,15.0,0.514,15.0,11.0,18.2,8.55,41.93,0.72,1398.0,285.0,0.0,PYKRX,True,57.1,43.2,B,OBSERVE,59.2,B,OBSERVE,-2.1
kosdaq,20260714,20260714_2021,108380,대양전기공업,조선·기타운송,16360,47.7,25.4,26.6,-55.4,6.0,-3.8,-21.7,-36.7,-6.9,-22.9,-38.4,0.75,36650,15430,0,0,0,0,52361,70556,8.2,8.6,12.7,0.74,0,0,0,0,0,-,44.8,3.8,0.8,10.2,-23.3,1,15,약세,-8,-7,0,-1,-21.9,-24.2,1496.48,,-1.11,-2212.0,-2212.0,-2212.0,10,10,1.0,59.8,51.8,108380,111193,0,0,0,0,,,,,,,,,,,안전,2025.0,270.6,156.9,72.5,CFS,영업이익(손실),dart_OperatingIncomeLoss,155.6,-42.6,영업활동현금흐름,ifrs-full_CashFlowsFromUsedInOperatingActivities,ok,연간 영업이익 YoY 계산 성공,ok,OCF 추출 성공,2026 Q1,3개월,62.7,57.1,9.9,thstrm_amount,frmtrm_q_amount,CFS,fnlttSinglAcntAll,영업이익(손실),dart_OperatingIncomeLoss,ok,3개월 기준 YoY 계산 성공,성장지속,10,2,현금창출보통,0.58,default,2,73.8,65.8,4.0,0.0,9.23,1.0,0.0,OFF,0.0,0.0,0.057066982244628896,SAFE,15.0,0.0,0.0,0.17511520737327188,3,15.0,0.362,12.0,6.0,11.2,0.56,6.1,1.22,29042.0,2680.0,12.0,PYKRX,True,57.1,41.2,B,OBSERVE,59.2,B,OBSERVE,-2.1
kosdaq,20260714,20260714_2021,417970,모델솔루션,기계·장비,10280,41.7,15.6,23.3,-67.4,2.8,-6.4,-29.2,-45.0,-9.7,-30.4,-44.7,0.88,31500,10000,0,0,0,0,17609,22600,1.9,1.8,2.7,0.78,0,0,0,0,0,-,61.3,0.0,0.4,3.6,0.6,1,8,약세,-8,-7,0,-1,-21.9,-24.2,1496.48,,-1.11,-2212.0,-2212.0,-2212.0,10,10,1.0,69.3,61.3,417970,657783,0,0,0,0,,,,,,,,,,,안전,2025.0,80.7,41.9,92.8,CFS,영업이익(손실),dart_OperatingIncomeLoss,28.1,159.5,영업활동현금흐름,ifrs-full_CashFlowsFromUsedInOperatingActivities,ok,연간 영업이익 YoY 계산 성공,ok,OCF 추출 성공,2026 Q1,3개월,7.5,5.1,46.0,thstrm_amount,frmtrm_q_amount,OFS,fnlttSinglAcntAll,영업이익(손실),dart_OperatingIncomeLoss,ok,3개월 기준 YoY 계산 성공,성장지속,10,2,현금창출보통,0.35,default,4,85.3,77.3,2.0,0.0,9.45,1.0,0.0,OFF,0.0,0.0,0.046824577658035146,SAFE,20.0,31.0,0.0,0.21917808219178084,3,5.0,0.148,15.0,11.0,15.325,0.91,9.63,2.72,11302.0,1068.0,9.0,PYKRX,True,56.9,36.3,B,OBSERVE,58.3,B,OBSERVE,-1.4
kosdaq,20260714,20260714_2021,411080,샌즈랩,출판·SW,3815,39.1,17.4,20.6,-64.0,4.2,-4.0,-27.2,-39.4,-11.4,-32.5,-45.2,0.91,10600,3660,10,0,1,1,36165,40493,1.4,1.4,1.8,0.89,0,0,0,0,0,-,64.9,1.4,0.0,7.4,0.0,1,8,약세,-8,-7,0,-1,-21.9,-24.2,1496.48,,-1.11,-2212.0,-2212.0,-2212.0,10,10,1.0,82.9,74.9,411080,1242241,0,0,0,0,,,,,,,,,,,안전,2025.0,-17.7,-37.1,52.3,CFS,영업이익(손실),dart_OperatingIncomeLoss,3.2,-2.1,영업활동현금흐름,ifrs-full_CashFlowsFromUsedInOperatingActivities,ok,연간 영업이익 YoY 계산 성공,ok,OCF 추출 성공,2026 Q1,3개월,-10.1,-14.5,30.3,thstrm_amount,frmtrm_q_amount,CFS,fnlttSinglAcntAll,영업이익(손실),dart_OperatingIncomeLoss,ok,3개월 기준 YoY 계산 성공,성장지속,10,0,회계손실현금유입,,default,4,96.9,88.9,5.0,0.0,0.0,0.0,0.0,OFF,0.0,0.0,0.044706513920365995,SAFE,20.0,33.0,0.0,0.14705882352941177,3,15.0,0.778,13.0,11.0,16.225,1.08,0.0,3.93,3538.0,0.0,-2.0,PYKRX,True,56.7,47.0,B,OBSERVE,56.2,B,OBSERVE,0.5
kosdaq,20260714,20260714_2021,044990,에이치엔에스하이텍,반도체·전자부품,10440,32.9,12.2,8.7,-56.9,3.4,-11.7,-26.7,-29.4,-14.9,-25.5,-34.2,1.14,24200,10100,0,0,0,0,21574,22790,2.6,2.4,2.8,0.95,0,0,0,0,0,-,80.7,1.3,-0.1,3.7,-0.1,1,8,약세,-8,-7,0,-1,-21.9,-24.2,1496.48,,-1.11,-2212.0,-2212.0,-2212.0,10,10,1.0,88.7,80.7,044990,311216,0,0,0,0,,,,,,,,,,,안전,2025.0,96.6,133.7,-27.7,CFS,영업이익(손실),dart_OperatingIncomeLoss,107.0,180.0,영업활동현금흐름,ifrs-full_CashFlowsFromUsedInOperatingActivities,ok,연간 영업이익 YoY 계산 성공,ok,OCF 추출 성공,2026 Q1,3개월,30.7,42.6,-28.0,thstrm_amount,frmtrm_q_amount,CFS,fnlttSinglAcntAll,영업이익(손실),dart_OperatingIncomeLoss,ok,3개월 기준 YoY 계산 성공,하락지속,-10,5,현금창출양호,1.11,default,2,85.7,77.7,2.0,0.0,8.49,1.0,0.0,OFF,0.0,0.0,0.03669744355696264,SAFE,13.0,8.0,0.0,0.4382022471910112,0,15.0,0.429,15.0,-10.0,20.0,0.73,8.59,2.39,14317.0,1216.0,15.0,PYKRX,True,56.5,29.0,B,OBSERVE,55.0,B,OBSERVE,1.5
kosdaq,20260714,20260714_2021,294570,쿠콘,IT서비스,17060,39.1,15.4,12.9,-66.8,3.2,-8.8,-23.7,-38.5,-11.6,-25.4,-42.7,0.97,51400,16530,0,0,0,0,12964,16529,2.7,2.3,3.2,0.78,0,0,0,0,0,-,66.7,3.0,0.0,17.4,0.0,1,8,약세,-8,-7,0,-1,-21.9,-24.2,1496.48,,-1.11,-2212.0,-2212.0,-2212.0,10,10,1.0,74.7,66.7,294570,1311055,0,0,0,0,,,,,,,,,,,안전,2025.0,188.6,165.9,13.7,OFS,영업이익,dart_OperatingIncomeLoss,450.0,525.2,영업활동현금흐름,ifrs-full_CashFlowsFromUsedInOperatingActivities,ok,연간 영업이익 YoY 계산 성공,ok,OCF 추출 성공,2026 Q1,3개월,44.7,43.9,1.9,thstrm_amount,frmtrm_q_amount,OFS,fnlttSinglAcntAll,영업이익,dart_OperatingIncomeLoss,ok,3개월 기준 YoY 계산 성공,성장지속,10,5,현금창출양호,2.39,default,2,91.7,83.7,2.0,0.0,12.53,0.0,0.0,OFF,0.0,0.0,0.04436088284241263,SAFE,20.0,33.0,0.0,0.37130801687763715,0,15.0,0.938,20.0,6.0,16.675,1.01,8.02,1.76,16970.0,2127.0,0.0,PYKRX,True,56.2,43.2,B,OBSERVE,57.7,B,OBSERVE,-1.5
kosdaq,20260714,20260714_2021,493280,아이엠바이오로직스,지주·전문서비스,18720,37.5,18.3,10.6,-82.0,7.6,-13.9,-29.4,-61.9,-15.2,-37.6,,1.08,104000,17400,0,0,0,0,98856,109466,22.6,19.9,24.3,0.9,0,0,0,0,0,-,72.5,-4.0,2.5,40.8,-29.2,1,8,약세,-8,-7,0,-1,-21.9,-24.2,1496.48,,-1.11,-2212.0,-2212.0,-2212.0,10,10,1.0,80.5,72.5,493280,1859500,0,0,0,0,,,,,,,,,,,안전,2025.0,3.0,140.0,-97.9,OFS,영업이익(손실),dart_OperatingIncomeLoss,3.9,168.8,영업활동으로 인한 현금흐름,ifrs-full_CashFlowsFromUsedInOperatingActivities,ok,연간 영업이익 YoY 계산 성공,ok,OCF 추출 성공,2026 Q1,3개월,27.3,-18.6,246.7,thstrm_amount,frmtrm_q_amount,OFS,fnlttSinglAcntAll,영업이익(손실),dart_OperatingIncomeLoss,ok,3개월 기준 YoY 계산 성공,턴어라운드,20,5,현금창출양호,1.3,default,2,107.5,99.5,2.0,0.0,2.22,0.0,0.0,OFF,0.0,0.0,0.07071944194481629,SAFE,20.0,27.0,0.0,0.47278911564625853,0,0.0,-0.062,20.0,17.0,18.125,3.24,146.25,0.0,5770.0,128.0,0.0,PYKRX,True,55.7,33.3,B,OBSERVE,55.1,B,OBSERVE,0.6
kosdaq,20260714,20260714_2021,035760,CJ ENM,방송,30150,40.7,2.4,17.2,-63.4,0.3,-8.4,-21.9,-43.5,-8.3,-22.0,-48.4,0.87,82300,30050,5,1,0,0,108421,78840,20.9,35.4,26.0,1.38,0,0,0,0,0,-,63.0,-56.1,42.1,-73.4,49.6,1,8,약세,-8,-7,0,-1,-21.9,-24.2,1496.48,,-1.11,-2212.0,-2212.0,-2212.0,10,10,1.0,76.0,68.0,035760,265324,0,0,0,0,,,,,,,,,,,안전,2025.0,1328.9,1044.8,27.2,CFS,영업이익(손실),dart_OperatingIncomeLoss,11663.7,14025.8,영업활동 현금흐름,ifrs-full_CashFlowsFromUsedInOperatingActivities,ok,연간 영업이익 YoY 계산 성공,ok,OCF 추출 성공,2026 Q1,3개월,14.6,7.0,107.2,thstrm_amount,frmtrm_q_amount,CFS,fnlttSinglAcntAll,영업이익(손실),dart_OperatingIncomeLoss,ok,3개월 기준 YoY 계산 성공,성장지속,10,5,현금창출양호,8.78,default,2,93.0,85.0,2.0,0.0,1.06,0.0,0.0,OFF,0.0,0.0,0.03680534974721603,SAFE,20.0,33.0,0.0,0.3835616438356165,0,-10.0,-0.538,18.0,11.0,15.75,0.22,21.2,0.0,134460.0,1422.0,12.0,PYKRX,True,55.7,14.8,B,OBSERVE,46.8,B,OBSERVE,8.9
kosdaq,20260714,20260714_2021,213420,덕산네오룩스,반도체·전자부품,28750,35.6,18.7,21.0,-49.8,4.7,-2.2,-26.0,-46.2,-10.1,-25.5,-31.2,0.55,57300,27450,5,0,1,0,154901,172731,27.6,44.9,55.5,0.9,0,0,0,0,0,-,68.9,-1.5,-3.4,43.3,-104.6,1,0,약세,-8,-7,0,-1,-21.9,-24.2,1496.48,,-1.11,-2212.0,-2212.0,-2212.0,10,10,1.0,73.9,65.9,213420,1061558,0,0,0,0,,,,,,,,,,,안전,2025.0,607.4,524.7,15.8,CFS,영업이익,dart_OperatingIncomeLoss,605.5,588.3,Ⅰ.영업활동으로 인한 현금흐름,ifrs-full_CashFlowsFromUsedInOperatingActivities,ok,연간 영업이익 YoY 계산 성공,ok,OCF 추출 성공,2026 Q1,3개월,170.9,99.0,72.7,thstrm_amount,frmtrm_q_amount,CFS,fnlttSinglAcntAll,영업이익,dart_OperatingIncomeLoss,ok,3개월 기준 YoY 계산 성공,성장지속,10,5,현금창출양호,1.0,default,2,90.9,82.9,0.0,0.0,11.77,0.0,0.0,OFF,0.0,0.0,0.04057271216847445,SAFE,17.0,8.0,0.0,0.08461538461538462,3,0.0,-0.088,23.0,11.0,17.225,1.56,13.28,0.0,18395.0,2165.0,0.0,PYKRX,True,54.8,37.3,B,OBSERVE,54.2,B,OBSERVE,0.6
kosdaq,20260714,20260714_2021,012860,모베이스전자,자동차·부품,2225,35.5,18.8,17.9,-68.5,76.3,-5.7,-29.9,-38.8,-13.2,-34.9,-20.9,0.79,7070,1262,5,0,1,0,461286,551282,9.5,10.5,14.5,0.84,0,0,0,0,0,-,72.3,2.2,0.0,20.3,1.5,1,8,약세,-8,-7,0,-1,-21.9,-24.2,1496.48,,-1.11,-2212.0,-2212.0,-2212.0,10,10,1.0,85.3,77.3,012860,137234,0,0,0,0,,,,,,,,,,,안전,2025.0,367.9,343.9,7.0,CFS,영업이익,dart_OperatingIncomeLoss,688.3,223.8,I. 영업활동으로 인한 현금흐름,ifrs-full_CashFlowsFromUsedInOperatingActivities,ok,연간 영업이익 YoY 계산 성공,ok,OCF 추출 성공,2026 Q1,3개월,74.2,80.8,-8.2,thstrm_amount,frmtrm_q_amount,CFS,fnlttSinglAcntAll,영업이익,dart_OperatingIncomeLoss,ok,3개월 기준 YoY 계산 성공,관망,0,5,현금창출양호,1.87,default,2,92.3,84.3,2.0,0.0,8.19,1.0,0.0,OFF,0.0,0.0,0.046941567994365045,SAFE,20.0,28.0,0.0,0.19063545150501673,3,10.0,0.152,18.0,0.0,18.075,0.66,8.12,1.8,3346.0,274.0,6.0,PYKRX,True,54.7,37.8,B,OBSERVE,55.1,B,OBSERVE,-0.4
kosdaq,20260714,20260714_2021,094940,푸른로보틱스,반도체·전자부품,5070,34.4,21.2,19.4,-67.7,7.5,-6.8,-28.9,-47.0,-13.4,-39.0,-43.6,0.92,15700,4715,5,0,0,1,60030,84231,3.8,3.1,5.1,0.71,4,0,0,0,1,거래량동반양봉,72.3,1.4,0.0,-6.4,0.1,1,8,약세,-8,-7,0,-1,-21.9,-24.2,1496.48,,-1.11,-2212.0,-2212.0,-2212.0,10,10,1.0,89.3,81.3,094940,537832,0,0,0,0,,,,,,,,,,,안전,2025.0,-10.1,22.8,-144.4,CFS,영업이익(손실),dart_OperatingIncomeLoss,13.7,3.4,영업활동현금흐름,ifrs-full_CashFlowsFromUsedInOperatingActivities,ok,연간 영업이익 YoY 계산 성공,ok,OCF 추출 성공,2026 Q1,3개월,-5.3,-8.4,36.9,thstrm_amount,frmtrm_q_amount,CFS,fnlttSinglAcntAll,영업이익(손실),dart_OperatingIncomeLoss,ok,3개월 기준 YoY 계산 성공,턴어라운드,20,0,회계손실현금유입,,default,4,113.3,105.3,5.0,0.0,0.0,0.0,0.0,OFF,0.0,0.0,0.04463319511677785,SAFE,20.0,29.0,0.0,0.23529411764705882,7,10.0,0.275,10.0,17.0,18.075,1.09,0.0,0.0,4670.0,0.0,-5.0,PYKRX,True,54.4,51.3,C,OBSERVE,57.1,C,OBSERVE,-2.7
kosdaq,20260714,20260714_2021,290740,액트로,반도체·전자부품,7640,29.7,12.3,21.6,-76.6,59.2,-8.1,-34.1,-52.2,-17.5,-39.1,-46.3,0.8,32700,4800,5,0,1,0,55250,59455,3.7,4.3,5.9,0.93,0,0,0,0,0,-,80.8,1.4,-2.5,-1.3,-1.7,1,8,약세,-8,-7,0,-1,-21.9,-24.2,1496.48,,-1.11,-2212.0,-2212.0,-2212.0,10,10,1.0,93.8,85.8,290740,1141942,0,0,0,0,,,,,,,,,,,안전,2025.0,65.8,24.2,172.2,CFS,영업이익(손실),dart_OperatingIncomeLoss,198.7,-3.4,영업활동현금흐름,ifrs-full_CashFlowsFromUsedInOperatingActivities,ok,연간 영업이익 YoY 계산 성공,ok,OCF 추출 성공,2026 Q1,3개월,-4.9,-9.3,47.6,thstrm_amount,frmtrm_q_amount,CFS,fnlttSinglAcntAll,영업이익(손실),dart_OperatingIncomeLoss,ok,3개월 기준 YoY 계산 성공,성장지속,10,5,현금창출양호,3.02,default,4,112.8,104.8,2.0,0.0,10.05,1.0,0.0,OFF,0.0,0.0,0.05327842465284801,SAFE,20.0,33.0,0.0,0.23753665689149558,3,-10.0,-0.186,23.0,11.0,20.0,0.96,9.53,1.31,7978.0,802.0,6.0,PYKRX,True,54.1,26.1,B,OBSERVE,53.0,B,OBSERVE,1.1
kosdaq,20260714,20260714_2021,047310,파워로직스,전기장비,2970,37.6,17.2,22.5,-56.6,5.7,-3.4,-26.6,-38.1,-10.1,-27.7,-35.9,1.25,6850,2810,10,0,1,1,296765,337518,12.9,8.9,10.9,0.88,0,0,0,0,0,-,67.3,-1.1,0.0,-8.4,0.1,1,0,약세,-8,-7,0,-1,-21.9,-24.2,1496.48,,-1.11,-2212.0,-2212.0,-2212.0,10,10,1.0,77.3,69.3,047310,269612,0,0,0,0,,,,,,,,,,,안전,2025.0,-63.7,24.2,-362.9,CFS,영업이익(손실),dart_OperatingIncomeLoss,166.4,-50.7,영업활동현금흐름,ifrs-full_CashFlowsFromUsedInOperatingActivities,ok,연간 영업이익 YoY 계산 성공,ok,OCF 추출 성공,2026 Q1,3개월,78.2,-41.0,290.6,thstrm_amount,frmtrm_q_amount,CFS,fnlttSinglAcntAll,영업이익(손실),dart_OperatingIncomeLoss,ok,3개월 기준 YoY 계산 성공,턴어라운드,20,0,회계손실현금유입,,default,4,101.3,93.3,3.0,0.0,0.0,0.0,0.0,OFF,0.0,0.0,0.04312172576330512,SAFE,20.0,29.0,0.0,0.12781954887218044,3,0.0,-0.101,10.0,17.0,16.825,0.55,0.0,0.0,5394.0,0.0,7.0,PYKRX,True,54.1,30.9,C,OBSERVE,53.8,C,OBSERVE,0.3
kosdaq,20260714,20260714_2021,474610,RF시스템즈,금속가공,5710,35.0,13.9,15.0,-67.8,47.0,-13.5,-31.5,-51.1,-19.5,-41.0,-25.0,0.52,17750,3885,0,0,0,0,130320,363543,8.6,7.8,31.1,0.36,0,0,0,0,0,-,75.5,5.0,-0.1,-14.1,3.1,1,8,약세,-8,-7,0,-1,-21.9,-24.2,1496.48,,-1.11,-2212.0,-2212.0,-2212.0,10,10,1.0,83.5,75.5,474610,1286476,0,0,0,0,,,,,,,,,,,안전,2025.0,40.6,16.9,140.6,OFS,영업이익(손실),dart_OperatingIncomeLoss,41.1,12.1,영업활동현금흐름,ifrs-full_CashFlowsFromUsedInOperatingActivities,ok,연간 영업이익 YoY 계산 성공,ok,OCF 추출 성공,2026 Q1,3개월,11.2,2.9,285.1,thstrm_amount,frmtrm_q_amount,OFS,fnlttSinglAcntAll,영업이익(손실),dart_OperatingIncomeLoss,ok,3개월 기준 YoY 계산 성공,성장지속,10,5,현금창출양호,1.01,default,0,98.5,90.5,2.0,0.0,10.61,0.0,0.0,OFF,1.0,8.0,0.07279770966622963,SAFE,20.0,29.0,0.0,0.42857142857142855,0,10.0,0.158,23.0,11.0,18.875,1.53,14.42,0.0,3732.0,396.0,0.0,PYKRX,True,54.1,43.8,B,OBSERVE,62.9,B,OBSERVE,-8.8
kosdaq,20260714,20260714_2021,024940,PN풍년,도매,2035,48.5,20.9,26.5,-66.1,3.6,-4.0,-12.3,-38.6,-4.3,-17.3,-51.8,0.57,6000,1965,0,0,0,0,34311,43118,0.5,0.7,0.9,0.8,0,0,0,0,0,-,40.1,0.8,0.0,1.9,-0.1,1,8,약세,-8,-7,0,-1,-21.9,-24.2,1496.48,,-1.11,-2212.0,-2212.0,-2212.0,10,10,1.0,48.1,40.1,024940,133557,0,0,0,0,,,,,,,,,,,안전,2025.0,15.7,9.2,70.2,CFS,영업이익(손실),dart_OperatingIncomeLoss,35.3,58.0,영업활동현금흐름,ifrs-full_CashFlowsFromUsedInOperatingActivities,ok,연간 영업이익 YoY 계산 성공,ok,OCF 추출 성공,2026 Q1,3개월,7.5,7.8,-4.3,thstrm_amount,frmtrm_q_amount,CFS,fnlttSinglAcntAll,영업이익(손실),dart_OperatingIncomeLoss,ok,3개월 기준 YoY 계산 성공,관망,0,5,현금창출양호,2.25,default,0,53.1,45.1,2.0,0.0,5.54,0.0,0.0,OFF,0.0,0.0,0.029834589657251314,SAFE,19.0,1.0,0.0,0.3252032520325203,0,15.0,0.889,18.0,0.0,10.025,0.37,6.65,1.72,5519.0,306.0,12.0,PYKRX,True,53.9,35.4,B,OBSERVE,55.0,B,OBSERVE,-1.1
kosdaq,20260714,20260714_2021,089790,제이티,기계·장비,4145,43.3,28.2,28.6,-48.4,8.9,0.5,-16.6,-23.8,-6.4,-20.0,-20.6,0.76,8040,3805,10,0,1,1,69499,99522,3.2,2.8,4.4,0.7,6,0,1,1,0,5일선회복/+3%반등,46.7,-0.5,0.0,-7.7,-0.5,1,0,약세,-8,-7,0,-1,-21.9,-24.2,1496.48,,-1.11,-2212.0,-2212.0,-2212.0,10,10,1.0,62.7,54.7,089790,365457,0,0,0,0,,,,,,,,,,,안전,2025.0,-22.0,4.4,-603.5,CFS,영업이익(손실),dart_OperatingIncomeLoss,13.8,164.5,영업활동현금흐름,ifrs-full_CashFlowsFromUsedInOperatingActivities,ok,연간 영업이익 YoY 계산 성공,ok,OCF 추출 성공,2026 Q1,3개월,16.9,-18.2,193.0,thstrm_amount,frmtrm_q_amount,CFS,fnlttSinglAcntAll,영업이익(손실),dart_OperatingIncomeLoss,ok,3개월 기준 YoY 계산 성공,턴어라운드,20,0,회계손실현금유입,,default,5,87.7,79.7,3.0,0.0,0.0,0.0,0.0,OFF,0.0,0.0,0.052725730240684346,SAFE,13.0,5.0,0.0,-0.03012048192771084,11,0.0,-0.114,10.0,17.0,11.675,0.59,0.0,0.0,6972.0,0.0,7.0,PYKRX,True,53.8,45.4,C,OBSERVE,56.7,C,OBSERVE,-2.9
kosdaq,20260714,20260714_2021,126730,코칩,반도체·전자부품,13440,35.9,10.3,24.3,-63.2,21.8,-8.3,-42.4,-27.3,-21.4,-32.4,-21.7,0.15,36500,11030,5,0,1,0,70966,496305,10.3,10.0,110.7,0.14,0,0,0,0,0,-,71.4,5.9,0.0,-4.5,2.1,1,8,약세,-8,-7,0,-1,-21.9,-24.2,1496.48,,-1.11,-2212.0,-2212.0,-2212.0,10,10,1.0,84.4,76.4,126730,446901,0,0,0,0,,,,,,,,,,,안전,2025.0,11.4,29.0,-60.7,CFS,영업이익(손실),dart_OperatingIncomeLoss,46.1,44.0,영업활동현금흐름,ifrs-full_CashFlowsFromUsedInOperatingActivities,ok,연간 영업이익 YoY 계산 성공,ok,OCF 추출 성공,2026 Q1,3개월,10.7,4.5,138.5,thstrm_amount,frmtrm_q_amount,CFS,fnlttSinglAcntAll,영업이익(손실),dart_OperatingIncomeLoss,ok,3개월 기준 YoY 계산 성공,턴어라운드,20,5,현금창출양호,4.04,default,2,111.4,103.4,2.0,0.0,5.1,0.0,0.0,OFF,0.0,0.0,0.07940722054578968,SAFE,14.0,14.0,0.0,0.1957547169811321,3,5.0,0.053,20.0,17.0,17.85,1.92,37.65,2.98,7001.0,357.0,3.0,PYKRX,True,53.3,45.3,B,OBSERVE,65.8,B,OBSERVE,-12.5
kosdaq,20260714,20260714_2021,014190,원익큐브,도매,1147,42.0,32.6,22.2,-58.0,7.1,-4.5,-18.4,-35.0,-6.4,-17.7,-29.9,1.42,2730,1071,0,0,0,0,108797,106990,1.8,1.3,1.3,1.02,0,0,0,0,0,-,54.4,-0.2,0.0,1.1,-0.1,1,0,약세,-8,-7,0,-1,-21.9,-24.2,1496.48,,-1.11,-2212.0,-2212.0,-2212.0,10,10,1.0,54.4,46.4,014190,128175,0,0,0,0,,,,,,,,,,,안전,2025.0,33.1,35.6,-7.2,CFS,영업이익,dart_OperatingIncomeLoss,172.7,10.2,영업활동현금흐름,ifrs-full_CashFlowsFromUsedInOperatingActivities,ok,연간 영업이익 YoY 계산 성공,ok,OCF 추출 성공,2026 Q1,3개월,25.3,6.4,298.6,thstrm_amount,frmtrm_q_amount,CFS,fnlttSinglAcntAll,영업이익,dart_OperatingIncomeLoss,ok,3개월 기준 YoY 계산 성공,턴어라운드,20,5,현금창출양호,5.22,default,2,81.4,73.4,0.0,0.0,2.54,0.0,0.0,OFF,1.0,8.0,0.02987520110495587,SAFE,19.0,17.0,0.0,0.24456521739130438,3,-10.0,-0.154,15.0,17.0,13.6,0.37,14.52,0.0,3111.0,79.0,12.0,PYKRX,True,53.3,22.0,B,OBSERVE,50.6,B,OBSERVE,2.7
kosdaq,20260714,20260714_2021,043150,바텍,의료·정밀·광학,17470,46.8,22.8,16.4,-36.1,2.9,-4.0,-9.8,-23.4,-4.4,-10.8,-16.7,1.77,27350,16970,5,1,0,0,41405,26204,8.2,7.4,4.8,1.58,0,0,0,0,0,-,43.2,-0.6,0.1,-6.8,0.8,1,3,약세,-8,-7,0,-1,-21.9,-24.2,1496.48,,-1.11,-2212.0,-2212.0,-2212.0,10,10,1.0,51.2,43.2,043150,264255,0,0,0,0,,,,,,,,,,,안전,2025.0,547.8,539.6,1.5,CFS,영업이익,dart_OperatingIncomeLoss,603.2,393.5,영업활동으로 인한 현금흐름,ifrs-full_CashFlowsFromUsedInOperatingActivities,ok,연간 영업이익 YoY 계산 성공,ok,OCF 추출 성공,2026 Q1,3개월,109.9,132.1,-16.7,thstrm_amount,frmtrm_q_amount,CFS,fnlttSinglAcntAll,영업이익,dart_OperatingIncomeLoss,ok,3개월 기준 YoY 계산 성공,관망,0,5,현금창출양호,1.1,default,0,56.2,48.2,2.0,0.0,8.09,1.0,0.0,OFF,0.0,0.0,0.028064810916711275,SAFE,6.0,0.0,0.0,0.4081632653061224,0,0.0,-0.104,18.0,0.0,10.8,0.52,6.47,1.72,33371.0,2701.0,12.0,PYKRX,True,53.2,17.6,B,OBSERVE,40.8,B,OBSERVE,12.4
kosdaq,20260714,20260714_2021,148150,세경하이테크,반도체·전자부품,2835,41.2,9.8,13.2,-68.3,1.8,-8.0,-20.7,-38.9,-9.3,-23.1,-40.3,1.18,8950,2785,0,0,0,0,80655,93169,3.2,2.4,2.9,0.87,0,0,0,0,0,-,64.2,-1.2,0.0,1.8,-0.6,1,0,약세,-8,-7,0,-1,-21.9,-24.2,1496.48,,-1.11,-2212.0,-2212.0,-2212.0,10,10,1.0,64.2,56.2,148150,913689,0,0,0,0,,,,,,,,,,,안전,2025.0,17.6,315.0,-94.4,CFS,영업이익(손실),dart_OperatingIncomeLoss,145.6,652.4,영업활동으로 인한 현금흐름,ifrs-full_CashFlowsFromUsedInOperatingActivities,ok,연간 영업이익 YoY 계산 성공,ok,OCF 추출 성공,2026 Q1,3개월,-21.7,-31.5,31.2,thstrm_amount,frmtrm_q_amount,CFS,fnlttSinglAcntAll,영업이익(손실),dart_OperatingIncomeLoss,ok,3개월 기준 YoY 계산 성공,턴어라운드,20,5,현금창출양호,8.27,default,2,91.2,83.2,0.0,0.0,28.63,1.0,0.0,OFF,0.0,0.0,0.04122262044115522,SAFE,20.0,33.0,0.0,0.3864734299516908,0,-10.0,-0.414,15.0,17.0,16.05,0.58,2.01,3.53,4921.0,1409.0,15.0,PYKRX,True,53.2,16.7,B,OBSERVE,53.0,B,OBSERVE,0.2
kosdaq,20260714,20260714_2021,013030,하이록코리아,철강·1차금속,30000,43.9,20.2,23.6,-37.6,6.2,-3.2,-15.7,-30.9,-5.8,-15.9,-15.2,1.15,48100,28250,0,0,0,0,34115,39789,13.5,10.4,12.9,0.86,0,0,0,0,0,-,45.8,1.4,-3.9,20.4,-28.4,1,8,약세,-8,-7,0,-1,-21.9,-24.2,1496.48,,-1.11,-2212.0,-2212.0,-2212.0,10,10,1.0,53.8,45.8,013030,165060,0,0,0,0,,,,,,,,,,,안전,2025.0,589.1,501.3,17.5,CFS,영업이익(손실),dart_OperatingIncomeLoss,472.8,481.3,영업활동현금흐름,ifrs-full_CashFlowsFromUsedInOperatingActivities,ok,연간 영업이익 YoY 계산 성공,ok,OCF 추출 성공,2026 Q1,3개월,156.9,127.0,23.5,thstrm_amount,frmtrm_q_amount,CFS,fnlttSinglAcntAll,영업이익(손실),dart_OperatingIncomeLoss,ok,3개월 기준 YoY 계산 성공,성장지속,10,5,현금창출양호,0.8,default,4,72.8,64.8,2.0,0.0,10.91,1.0,0.0,OFF,0.0,0.0,0.03268467548794799,SAFE,13.0,0.0,0.0,0.20382165605095542,3,-10.0,-0.194,23.0,11.0,11.45,0.78,7.12,4.5,38609.0,4211.0,14.0,PYKRX,True,52.4,23.5,B,OBSERVE,52.4,B,OBSERVE,0.0
kosdaq,20260714,20260714_2021,251370,와이엠티,화학,9250,35.1,17.1,24.1,-60.6,6.2,-2.1,-35.6,-44.6,-15.3,-32.4,-31.3,0.87,23500,8710,5,0,1,0,99468,111821,9.1,9.2,12.4,0.89,0,0,0,0,0,-,70.9,-0.5,-3.9,0.6,-13.5,1,0,약세,-8,-7,0,-1,-21.9,-24.2,1496.48,,-1.11,-2212.0,-2212.0,-2212.0,10,10,1.0,75.9,67.9,251370,602172,0,0,0,0,,,,,,,,,,,안전,2025.0,129.2,35.9,259.6,CFS,영업이익(손실),dart_OperatingIncomeLoss,175.3,70.3,영업활동현금흐름,ifrs-full_CashFlowsFromUsedInOperatingActivities,ok,연간 영업이익 YoY 계산 성공,ok,OCF 추출 성공,2026 Q1,3개월,25.8,15.4,67.7,thstrm_amount,frmtrm_q_amount,CFS,fnlttSinglAcntAll,영업이익(손실),dart_OperatingIncomeLoss,ok,3개월 기준 YoY 계산 성공,성장지속,10,5,현금창출양호,1.36,default,4,94.9,86.9,0.0,0.0,0.0,0.0,0.0,OFF,0.0,0.0,0.05424585672695627,SAFE,16.0,16.0,0.0,0.05898876404494382,3,-10.0,-0.355,23.0,11.0,17.725,0.85,0.0,0.0,10941.0,0.0,7.0,PYKRX,True,52.2,25.4,B,OBSERVE,51.7,B,OBSERVE,0.5
kosdaq,20260714,20260714_2021,007770,한일화학,화학,6630,35.5,57.3,41.0,-33.0,8.3,0.0,-10.3,-15.0,-1.6,-7.8,-16.5,1.2,9900,6120,0,0,0,0,2377,1986,0.2,0.2,0.1,1.2,6,0,1,1,0,5일선회복/+3%반등,44.7,-0.1,0.0,-0.1,0.0,1,0,약세,-8,-7,0,-1,-21.9,-24.2,1496.48,,-1.11,-2212.0,-2212.0,-2212.0,10,10,1.0,50.7,42.7,007770,267979,0,0,0,0,,,,,,,,,,,안전,2025.0,-119.9,-65.7,-82.5,CFS,영업이익(손실),dart_OperatingIncomeLoss,27.6,-74.4,영업활동현금흐름,ifrs-full_CashFlowsFromUsedInOperatingActivities,ok,연간 영업이익 YoY 계산 성공,ok,OCF 추출 성공,2026 Q1,3개월,-8.2,-23.7,65.6,thstrm_amount,frmtrm_q_amount,CFS,fnlttSinglAcntAll,영업이익(손실),dart_OperatingIncomeLoss,ok,3개월 기준 YoY 계산 성공,턴어라운드,20,0,회계손실현금유입,,default,4,74.7,66.7,2.0,0.0,0.0,0.0,0.0,OFF,0.0,0.0,0.018712566678800734,SAFE,16.0,16.0,0.0,0.0,11,-10.0,-1.0,10.0,17.0,11.175,0.26,0.0,0.0,25319.0,0.0,7.0,PYKRX,True,52.0,33.3,C,OBSERVE,46.2,C,OBSERVE,5.8
kosdaq,20260714,20260714_2021,393210,토마토시스템,출판·SW,2040,31.8,11.5,15.2,-73.2,3.9,-9.5,-32.7,-51.5,-16.3,-34.7,-56.8,0.71,7600,1964,5,0,1,0,41645,56082,0.8,0.9,1.4,0.74,0,0,0,0,0,-,80.8,1.1,0.0,3.6,0.0,1,8,약세,-8,-7,0,-1,-21.9,-24.2,1496.48,,-1.11,-2212.0,-2212.0,-2212.0,10,10,1.0,93.8,85.8,393210,1436479,0,0,0,0,,,,,,,,,,,안전,2025.0,-23.7,-34.1,30.3,CFS,영업이익(손실),dart_OperatingIncomeLoss,3.4,-24.8,영업활동현금흐름,ifrs-full_CashFlowsFromUsedInOperatingActivities,ok,연간 영업이익 YoY 계산 성공,ok,OCF 추출 성공,2026 Q1,3개월,2.4,-8.1,129.6,thstrm_amount,frmtrm_q_amount,CFS,fnlttSinglAcntAll,영업이익(손실),dart_OperatingIncomeLoss,ok,3개월 기준 YoY 계산 성공,성장지속,10,0,회계손실현금유입,,default,0,103.8,95.8,2.0,0.0,0.0,0.0,0.0,OFF,0.0,0.0,0.046547880308153086,SAFE,20.0,33.0,0.0,0.290519877675841,0,15.0,0.786,13.0,11.0,20.0,1.21,0.0,0.0,1683.0,0.0,-5.0,PYKRX,True,51.9,42.1,B,OBSERVE,54.0,B,OBSERVE,-2.1
kosdaq,20260714,20260714_2021,036000,예림당,출판·SW,2625,22.2,16.6,16.3,-46.4,4.8,-7.1,-20.0,-18.9,-11.5,-14.3,-16.6,0.5,4900,2505,0,0,0,0,30238,57937,0.8,0.8,1.7,0.52,0,0,0,0,0,-,75.4,0.0,0.0,-5.5,0.0,1,0,약세,-8,-7,0,-1,-21.9,-24.2,1496.48,,-1.11,-2212.0,-2212.0,-2212.0,10,10,1.0,75.4,67.4,036000,259934,0,0,0,0,,,,,,,,,,,안전,2025.0,-14.2,3.6,-493.1,OFS,영업이익(손실),dart_OperatingIncomeLoss,23.8,9.2,영업활동현금흐름,ifrs-full_CashFlowsFromUsedInOperatingActivities,ok,연간 영업이익 YoY 계산 성공,ok,OCF 추출 성공,2026 Q1,3개월,1.4,-1.4,197.0,thstrm_amount,frmtrm_q_amount,OFS,fnlttSinglAcntAll,영업이익(손실),dart_OperatingIncomeLoss,ok,3개월 기준 YoY 계산 성공,턴어라운드,20,0,회계손실현금유입,,default,0,95.4,87.4,0.0,0.0,49.33,1.0,0.0,OFF,0.0,0.0,0.030445516896804366,SAFE,10.0,10.0,0.0,0.355,0,0.0,0.0,10.0,17.0,18.85,0.24,0.48,0.0,11107.0,5479.0,12.0,PYKRX,True,51.9,25.6,C,OBSERVE,57.8,C,OBSERVE,-5.9
kosdaq,20260714,20260714_2021,039860,나노엔텍,의료·정밀·광학,3520,45.9,13.9,20.9,-62.5,16.7,-4.3,-21.3,-29.3,-7.4,-24.3,-24.1,0.57,9390,3015,5,0,0,1,144953,218596,4.5,5.2,8.5,0.66,0,0,0,0,0,-,52.5,0.9,0.0,9.3,-0.4,1,8,약세,-8,-7,0,-1,-21.9,-24.2,1496.48,,-1.11,-2212.0,-2212.0,-2212.0,10,10,1.0,65.5,57.5,039860,230425,0,0,0,0,,,,,,,,,,,안전,2025.0,11.0,6.2,77.4,CFS,영업이익(손실),dart_OperatingIncomeLoss,41.5,-24.6,영업활동현금흐름,ifrs-full_CashFlowsFromUsedInOperatingActivities,ok,연간 영업이익 YoY 계산 성공,ok,OCF 추출 성공,2026 Q1,3개월,1.5,0.8,82.7,thstrm_amount,frmtrm_q_amount,CFS,fnlttSinglAcntAll,영업이익(손실),dart_OperatingIncomeLoss,ok,3개월 기준 YoY 계산 성공,성장지속,10,5,현금창출양호,3.77,default,2,82.5,74.5,5.0,0.0,1.96,0.0,0.0,OFF,0.0,0.0,0.043868698459786346,SAFE,20.0,21.0,0.0,0.20187793427230044,3,5.0,0.106,23.0,11.0,13.125,1.46,74.89,0.0,2404.0,47.0,0.0,PYKRX,True,51.6,42.0,B,OBSERVE,55.1,B,OBSERVE,-3.5
kosdaq,20260714,20260714_2021,005290,동진쎄미켐,화학,43750,26.7,13.0,16.4,-39.4,56.5,-5.2,-28.2,-11.6,-17.9,-21.5,-7.4,0.49,72200,27950,5,0,1,0,497881,724815,154.1,218.8,404.8,0.69,0,0,0,0,0,-,77.5,-55.1,80.9,-232.2,320.4,1,8,약세,-8,-7,0,-1,-21.9,-24.2,1496.48,,-1.11,-2212.0,-2212.0,-2212.0,10,10,1.0,90.5,82.5,005290,118804,0,0,0,0,,,,,,,,,,,안전,2025.0,-506.3,107.1,-572.8,CFS,기타영업외손익,dart_NonOperatingProfitLoss,1912.6,2268.6,영업활동으로 인한 현금흐름,ifrs-full_CashFlowsFromUsedInOperatingActivities,ok,연간 영업이익 YoY 계산 성공,ok,OCF 추출 성공,2026 Q1,3개월,308.2,-24.6,1353.4,thstrm_amount,frmtrm_q_amount,CFS,fnlttSinglAcntAll,기타영업외손익,dart_NonOperatingProfitLoss,ok,3개월 기준 YoY 계산 성공,턴어라운드,20,0,회계손실현금유입,,default,2,112.5,104.5,2.0,0.0,9.14,0.0,0.0,OFF,1.0,8.0,0.0531512532879062,SAFE,7.0,7.0,0.0,0.1843971631205674,3,5.0,0.064,10.0,17.0,19.375,2.07,22.7,1.49,21091.0,1927.0,0.0,PYKRX,True,51.4,37.7,C,OBSERVE,54.4,C,OBSERVE,-3.0
kosdaq,20260714,20260714_2021,035900,JYP Ent.,미디어·엔터,47750,43.9,7.5,7.4,-46.0,1.7,-12.2,-14.6,-20.7,-8.7,-14.3,-27.6,1.0,88500,46950,0,0,0,0,214635,209416,102.4,107.0,109.5,1.02,0,0,0,0,0,-,56.9,2.5,-6.1,68.4,97.6,1,8,약세,-8,-7,0,-1,-21.9,-24.2,1496.48,,-1.11,-2212.0,-2212.0,-2212.0,10,10,1.0,64.9,56.900000000000006,035900,258689,0,0,0,0,,,,,,,,,,,안전,2025.0,1552.5,1282.6,21.0,CFS,영업이익,dart_OperatingIncomeLoss,1243.3,892.9,영업활동현금흐름,ifrs-full_CashFlowsFromUsedInOperatingActivities,ok,연간 영업이익 YoY 계산 성공,ok,OCF 추출 성공,2026 Q1,3개월,333.7,196.3,70.0,thstrm_amount,frmtrm_q_amount,CFS,fnlttSinglAcntAll,영업이익,dart_OperatingIncomeLoss,ok,3개월 기준 YoY 계산 성공,성장지속,10,5,현금창출양호,0.8,default,-1,78.9,70.9,2.0,0.0,25.87,0.0,0.0,OFF,0.0,0.0,0.03816162929262472,SAFE,6.0,0.0,0.0,0.8356164383561644,0,0.0,-0.033,23.0,11.0,14.225,2.55,9.85,1.84,18730.0,4846.0,0.0,PYKRX,True,50.9,30.4,B,OBSERVE,48.2,B,OBSERVE,2.7
kosdaq,20260714,20260714_2021,108860,셀바스AI,출판·SW,6550,36.4,16.7,19.0,-62.7,4.5,-8.1,-37.1,-50.1,-14.6,-31.7,-45.3,0.73,17580,6270,0,0,0,0,126827,161214,7.1,8.6,12.9,0.79,0,0,0,0,0,-,71.1,6.3,-0.2,16.8,3.6,1,8,약세,-8,-7,0,-1,-21.9,-24.2,1496.48,,-1.11,-2212.0,-2212.0,-2212.0,10,10,1.0,79.1,71.1,108860,666064,0,0,0,0,,,,,,,,,,,안전,2025.0,14.8,8.0,85.3,CFS,영업이익,dart_OperatingIncomeLoss,94.0,52.3,영업활동현금흐름,ifrs-full_CashFlowsFromUsedInOperatingActivities,ok,연간 영업이익 YoY 계산 성공,ok,OCF 추출 성공,2026 Q1,3개월,-3.7,-4.1,9.5,thstrm_amount,frmtrm_q_amount,CFS,fnlttSinglAcntAll,영업이익,dart_OperatingIncomeLoss,ok,3개월 기준 YoY 계산 성공,성장지속,10,5,현금창출양호,6.35,default,2,96.1,88.1,2.0,0.0,0.0,0.0,0.0,OFF,0.0,0.0,0.04711148200991917,SAFE,17.0,17.0,0.0,0.21832884097035038,3,15.0,0.473,15.0,6.0,17.775,1.6,0.0,0.0,4090.0,0.0,-5.0,PYKRX,True,50.5,45.5,B,OBSERVE,51.8,B,OBSERVE,-1.3
kosdaq,20260714,20260714_2021,072470,우리산업홀딩스,자동차·부품,2250,38.7,12.7,21.1,-57.6,2.3,-8.0,-22.8,-37.6,-8.0,-24.7,-34.0,0.6,5310,2200,0,0,0,0,18522,28712,0.4,0.4,0.7,0.65,0,0,0,0,0,-,64.2,-0.4,0.0,-1.6,-0.4,1,0,약세,-8,-7,0,-1,-21.9,-24.2,1496.48,,-1.11,-2212.0,-2212.0,-2212.0,10,10,1.0,64.2,56.2,072470,359623,0,0,0,0,,,,,,,,,,,안전,2025.0,342.4,150.3,127.9,CFS,영업이익,dart_OperatingIncomeLoss,453.1,520.2,영업활동현금흐름,ifrs-full_CashFlowsFromUsedInOperatingActivities,ok,연간 영업이익 YoY 계산 성공,ok,OCF 추출 성공,2026 Q1,3개월,86.3,54.4,58.5,thstrm_amount,frmtrm_q_amount,CFS,fnlttSinglAcntAll,영업이익,dart_OperatingIncomeLoss,ok,3개월 기준 YoY 계산 성공,성장지속,10,5,현금창출양호,1.32,default,0,79.2,71.2,0.0,0.0,7.77,0.0,0.0,OFF,0.0,0.0,0.031113184980818203,SAFE,20.0,33.0,0.0,0.3508771929824561,0,-10.0,-0.571,23.0,11.0,16.05,0.3,3.87,2.67,7488.0,582.0,14.0,PYKRX,True,50.3,18.9,B,OBSERVE,54.0,B,OBSERVE,-3.7
kosdaq,20260714,20260714_2021,079810,APS이노베이션,전기장비,2800,39.4,8.1,23.3,-66.8,1.8,-4.1,-27.9,-55.6,-10.3,-32.5,-45.8,0.57,8440,2750,0,0,0,0,106116,156925,2.5,3.0,4.9,0.68,0,0,0,0,0,-,65.5,-0.9,0.0,1.4,0.0,1,0,약세,-8,-7,0,-1,-21.9,-24.2,1496.48,,-1.11,-2212.0,-2212.0,-2212.0,10,10,1.0,65.5,57.5,079810,445160,0,0,0,0,,,,,,,,,,,안전,2025.0,25.5,53.6,-52.4,CFS,영업이익,dart_OperatingIncomeLoss,279.5,86.2,영업활동으로 인한 현금흐름,ifrs-full_CashFlowsFromUsedInOperatingActivities,ok,연간 영업이익 YoY 계산 성공,ok,OCF 추출 성공,2026 Q1,3개월,30.0,12.4,142.0,thstrm_amount,frmtrm_q_amount,CFS,fnlttSinglAcntAll,영업이익,dart_OperatingIncomeLoss,ok,3개월 기준 YoY 계산 성공,턴어라운드,20,5,현금창출양호,10.96,default,2,92.5,84.5,0.0,0.0,0.05,0.0,0.0,OFF,0.0,0.0,0.04610589440433033,SAFE,20.0,33.0,0.0,0.14695340501792115,3,-10.0,-0.184,15.0,17.0,16.375,0.36,700.0,0.0,7818.0,4.0,12.0,PYKRX,True,50.2,22.8,B,OBSERVE,53.4,B,OBSERVE,-3.2
kosdaq,20260714,20260714_2021,195940,HK이노엔,제약·바이오,37400,46.8,7.6,5.2,-36.2,1.2,-9.6,-11.6,-22.6,-7.1,-14.3,-23.4,1.14,58600,36950,0,0,0,0,155404,163563,70.4,60.7,66.0,0.95,0,0,0,0,0,-,48.7,-12.9,-1.1,-52.0,83.4,1,0,약세,-8,-7,0,-1,-21.9,-24.2,1496.48,,-1.11,-2212.0,-2212.0,-2212.0,10,10,1.0,48.7,40.7,195940,1012066,0,0,0,0,,,,,,,,,,,안전,2025.0,1108.8,882.2,25.7,OFS,영업이익,dart_OperatingIncomeLoss,1620.1,1058.8,영업활동현금흐름,ifrs-full_CashFlowsFromUsedInOperatingActivities,ok,연간 영업이익 YoY 계산 성공,ok,OCF 추출 성공,2026 Q1,3개월,331.9,253.7,30.8,thstrm_amount,frmtrm_q_amount,OFS,fnlttSinglAcntAll,영업이익,dart_OperatingIncomeLoss,ok,3개월 기준 YoY 계산 성공,성장지속,10,5,현금창출양호,1.46,default,-1,62.7,54.7,0.0,0.0,5.7,0.0,0.0,OFF,0.0,0.0,0.040906245200991065,SAFE,8.0,0.0,0.0,0.8275862068965517,0,-10.0,-0.212,23.0,11.0,12.175,0.8,14.0,1.1,46890.0,2672.0,12.0,PYKRX,True,49.7,17.8,B,OBSERVE,48.2,B,OBSERVE,1.5
kosdaq,20260714,20260714_2021,243840,신흥에스이씨,전기장비,4310,37.3,15.7,13.0,-64.9,11.9,-8.8,-31.8,-47.2,-15.1,-36.2,-30.8,1.27,12290,3850,0,0,0,0,199599,203779,11.4,9.0,10.4,0.98,0,0,0,0,0,-,73.8,-4.7,1.1,-4.9,0.5,1,8,약세,-8,-7,0,-1,-21.9,-24.2,1496.48,,-1.11,-2212.0,-2212.0,-2212.0,10,10,1.0,81.8,73.8,243840,807379,0,0,0,0,,,,,,,,,,,안전,2025.0,59.3,131.7,-55.0,CFS,영업이익(손실),dart_OperatingIncomeLoss,523.4,670.1,영업활동으로 인한 현금흐름,ifrs-full_CashFlowsFromUsedInOperatingActivities,ok,연간 영업이익 YoY 계산 성공,ok,OCF 추출 성공,2026 Q1,3개월,15.9,-42.9,137.1,thstrm_amount,frmtrm_q_amount,CFS,fnlttSinglAcntAll,영업이익(손실),dart_OperatingIncomeLoss,ok,3개월 기준 YoY 계산 성공,턴어라운드,20,5,현금창출양호,8.83,default,2,108.8,100.8,2.0,0.0,0.0,0.0,0.0,OFF,0.0,0.0,0.05079574919309835,SAFE,20.0,33.0,0.0,0.27672955974842767,0,-10.0,-0.346,15.0,17.0,18.45,0.55,0.0,0.0,7821.0,0.0,7.0,PYKRX,True,49.5,17.4,B,OBSERVE,47.4,B,OBSERVE,2.1
kosdaq,20260714,20260714_2021,372170,윤성에프앤씨,기계·장비,15360,35.1,10.4,19.8,-65.0,3.0,-6.9,-34.9,-48.3,-14.8,-36.1,-50.0,1.66,43900,14910,10,1,1,0,19788,13822,3.6,3.1,2.5,1.43,0,0,0,0,0,-,77.6,1.8,0.1,5.1,0.3,1,15,약세,-8,-7,0,-1,-21.9,-24.2,1496.48,,-1.11,-2212.0,-2212.0,-2212.0,10,10,1.0,102.6,94.6,372170,925374,0,0,0,0,,,,,,,,,,,안전,2025.0,-316.4,319.1,-199.1,CFS,영업이익,dart_OperatingIncomeLoss,46.6,240.8,영업활동으로 인한 현금흐름,ifrs-full_CashFlowsFromUsedInOperatingActivities,ok,연간 영업이익 YoY 계산 성공,ok,OCF 추출 성공,2026 Q1,3개월,-14.8,-5.9,-150.8,thstrm_amount,frmtrm_q_amount,CFS,fnlttSinglAcntAll,영업이익,dart_OperatingIncomeLoss,ok,3개월 기준 YoY 계산 성공,하락지속,-10,0,회계손실현금유입,,default,2,94.6,86.6,4.0,0.0,0.0,0.0,0.0,OFF,0.0,0.0,0.05784168591456752,SAFE,20.0,33.0,0.0,0.19770773638968483,3,15.0,0.76,5.0,-10.0,19.4,0.69,0.0,0.52,22214.0,0.0,7.0,PYKRX,True,49.2,26.8,C,OBSERVE,39.4,C,OBSERVE,9.8
kosdaq,20260714,20260714_2021,090360,로보스타,기계·장비,63000,24.7,9.1,9.8,-63.3,152.5,-12.5,-43.9,5.4,-24.2,-30.2,-16.4,0.51,171600,24950,5,0,1,0,103258,199008,62.8,69.3,175.9,0.52,0,0,0,0,0,-,86.1,20.7,7.0,10.2,71.5,1,15,약세,-8,-7,0,-1,-21.9,-24.2,1496.48,,-1.11,-2212.0,-2212.0,-2212.0,10,10,1.0,106.1,98.1,090360,536523,0,0,0,0,,,,,,,,,,,안전,2025.0,-56.6,1.5,-3910.8,CFS,영업이익(손실),dart_OperatingIncomeLoss,0.6,88.6,영업활동현금흐름,ifrs-full_CashFlowsFromUsedInOperatingActivities,ok,연간 영업이익 YoY 계산 성공,ok,OCF 추출 성공,2026 Q1,3개월,0.7,-23.8,103.1,thstrm_amount,frmtrm_q_amount,CFS,fnlttSinglAcntAll,영업이익(손실),dart_OperatingIncomeLoss,ok,3개월 기준 YoY 계산 성공,턴어라운드,20,0,회계손실현금유입,,default,0,126.1,118.1,4.0,0.0,0.0,0.0,0.0,OFF,0.0,0.0,0.060311821326502944,SAFE,13.0,8.0,0.0,0.2847380410022779,0,13.0,0.157,10.0,17.0,20.0,7.08,0.0,0.0,8904.0,0.0,-5.0,PYKRX,True,49.0,41.5,C,OBSERVE,55.0,C,OBSERVE,-6.0
kosdaq,20260714,20260714_2021,155650,와이엠씨,반도체·전자부품,2815,47.2,27.8,26.5,-45.1,5.0,-4.3,-17.7,-23.3,-5.4,-20.3,-22.2,0.33,5130,2680,5,0,0,1,47762,96053,0.9,1.4,2.9,0.5,0,0,0,0,0,-,41.0,-0.6,0.0,-2.1,-0.5,1,0,약세,-8,-7,0,-1,-21.9,-24.2,1496.48,,-1.11,-2212.0,-2212.0,-2212.0,10,10,1.0,46.0,38.0,155650,870861,0,0,0,0,,,,,,,,,,,안전,2025.0,45.7,69.0,-33.7,CFS,영업이익(손실),dart_OperatingIncomeLoss,41.6,113.6,영업활동현금흐름,ifrs-full_CashFlowsFromUsedInOperatingActivities,ok,연간 영업이익 YoY 계산 성공,ok,OCF 추출 성공,2026 Q1,3개월,11.0,0.2,5051.3,thstrm_amount,frmtrm_q_amount,CFS,fnlttSinglAcntAll,영업이익(손실),dart_OperatingIncomeLoss,ok,3개월 기준 YoY 계산 성공,턴어라운드,20,5,현금창출양호,0.91,default,2,73.0,65.0,3.0,0.0,1.16,0.0,0.0,OFF,0.0,0.0,0.0363949543730301,SAFE,18.0,1.0,0.0,0.24293785310734464,3,-10.0,-0.207,20.0,17.0,10.25,0.44,37.53,2.66,6461.0,75.0,15.0,PYKRX,True,48.9,25.0,B,OBSERVE,55.2,B,OBSERVE,-6.3
kosdaq,20260714,20260714_2021,0001A0,덕양에너젠,전력·가스,7900,40.3,11.6,19.8,-81.5,2.2,-8.1,-27.9,-51.9,-11.0,-34.2,,0.75,42800,7730,0,0,0,0,75061,96838,5.7,6.2,8.8,0.78,0,0,0,0,0,-,65.2,-2.3,1.9,10.6,-7.8,1,8,약세,-8,-7,0,-1,-21.9,-24.2,1496.48,,-1.11,-2212.0,-2212.0,-2212.0,10,10,1.0,73.2,65.2,0001A0,1516933,0,0,0,0,,,,,,,,,,,안전,2025.0,66.8,60.2,10.9,CFS,영업이익,dart_OperatingIncomeLoss,77.7,85.1,영업활동현금흐름,ifrs-full_CashFlowsFromUsedInOperatingActivities,ok,연간 영업이익 YoY 계산 성공,ok,OCF 추출 성공,2026 Q1,3개월,13.9,6.4,117.9,thstrm_amount,frmtrm_q_amount,CFS,fnlttSinglAcntAll,영업이익,dart_OperatingIncomeLoss,ok,3개월 기준 YoY 계산 성공,성장지속,10,5,현금창출양호,1.16,default,0,88.2,80.2,2.0,0.0,10.5,0.0,0.0,OFF,0.0,0.0,0.04925278772981156,SAFE,20.0,33.0,0.0,0.2903225806451613,0,0.0,-0.045,23.0,11.0,16.3,3.32,31.6,0.0,2381.0,250.0,0.0,PYKRX,True,48.8,31.0,B,OBSERVE,50.3,B,OBSERVE,-1.5
kosdaq,20260714,20260714_2021,187270,신화콘텍,전기장비,2810,39.4,31.1,21.9,-36.9,4.3,-3.1,-17.7,-21.5,-6.2,-15.8,-18.1,0.67,4450,2695,0,0,0,0,13740,15057,0.3,0.4,0.4,0.91,0,0,0,0,0,-,50.8,0.2,0.0,-0.2,0.0,1,8,약세,-8,-7,0,-1,-21.9,-24.2,1496.48,,-1.11,-2212.0,-2212.0,-2212.0,10,10,1.0,58.8,50.8,187270,925189,0,0,0,0,,,,,,,,,,,안전,2025.0,48.0,69.6,-31.1,CFS,영업이익,dart_OperatingIncomeLoss,65.4,89.1,영업활동현금흐름,ifrs-full_CashFlowsFromUsedInOperatingActivities,ok,연간 영업이익 YoY 계산 성공,ok,OCF 추출 성공,2026 Q1,3개월,13.8,20.9,-34.0,thstrm_amount,frmtrm_q_amount,CFS,fnlttSinglAcntAll,영업이익,dart_OperatingIncomeLoss,ok,3개월 기준 YoY 계산 성공,하락지속,-10,5,현금창출양호,1.36,default,2,55.8,47.8,2.0,0.0,4.35,0.0,0.0,OFF,0.0,0.0,0.02965462100171963,SAFE,17.0,0.0,0.0,0.17514124293785313,3,15.0,0.5,15.0,-10.0,12.7,0.36,8.34,1.78,7740.0,337.0,12.0,PYKRX,True,48.5,32.8,B,OBSERVE,47.7,B,OBSERVE,0.8
kosdaq,20260714,20260714_2021,011320,유니크,자동차·부품,3520,38.6,21.6,8.6,-31.4,3.2,-8.0,-12.3,-16.6,-6.4,-13.8,-15.8,1.29,5130,3410,0,0,0,0,47538,42553,2.0,1.7,1.6,1.12,0,0,0,0,0,-,55.9,-1.8,0.0,-5.2,-0.3,1,0,약세,-8,-7,0,-1,-21.9,-24.2,1496.48,,-1.11,-2212.0,-2212.0,-2212.0,10,10,1.0,55.9,47.9,011320,147152,0,0,0,0,,,,,,,,,,,안전,2025.0,144.2,83.5,72.8,CFS,영업이익(손실),dart_OperatingIncomeLoss,198.6,121.1,영업활동현금흐름,ifrs-full_CashFlowsFromUsedInOperatingActivities,ok,연간 영업이익 YoY 계산 성공,ok,OCF 추출 성공,2026 Q1,3개월,50.8,32.8,54.7,thstrm_amount,frmtrm_q_amount,CFS,fnlttSinglAcntAll,영업이익(손실),dart_OperatingIncomeLoss,ok,3개월 기준 YoY 계산 성공,성장지속,10,5,현금창출양호,1.38,default,-1,69.9,61.9,0.0,0.0,7.92,0.0,0.0,OFF,0.0,0.0,0.02711750283144346,SAFE,14.0,1.0,0.0,0.6504065040650406,0,-10.0,-1.125,23.0,11.0,13.975,0.5,6.3,1.7,7054.0,559.0,6.0,PYKRX,True,48.4,18.3,B,OBSERVE,44.0,B,OBSERVE,4.4
kosdaq,20260714,20260714_2021,100660,서암기계공업,기계·장비,2975,27.9,2.1,22.3,-51.9,1.5,-5.3,-12.9,-33.1,-11.0,-18.9,-28.5,0.17,6180,2930,0,0,0,0,143830,606793,3.2,4.4,20.7,0.24,0,0,0,0,0,-,72.5,0.3,0.0,-9.0,0.0,1,8,약세,-8,-7,0,-1,-21.9,-24.2,1496.48,,-1.11,-2212.0,-2212.0,-2212.0,10,10,1.0,80.5,72.5,100660,166528,0,0,0,0,,,,,,,,,,,안전,2025.0,0.4,-12.9,103.4,CFS,영업이익(손실),dart_OperatingIncomeLoss,15.1,26.9,영업활동현금흐름,ifrs-full_CashFlowsFromUsedInOperatingActivities,ok,연간 영업이익 YoY 계산 성공,ok,OCF 추출 성공,2026 Q1,3개월,-3.7,-7.7,51.8,thstrm_amount,frmtrm_q_amount,CFS,fnlttSinglAcntAll,영업이익(손실),dart_OperatingIncomeLoss,ok,3개월 기준 YoY 계산 성공,성장지속,10,5,현금창출양호,37.75,default,0,95.5,87.5,2.0,0.0,1.79,0.0,0.0,OFF,0.0,0.0,0.10754996289411854,SAFE,13.0,1.0,0.0,0.4108527131782945,0,0.0,0.014,18.0,11.0,18.125,0.56,31.32,0.34,5313.0,95.0,12.0,PYKRX,True,48.3,27.5,B,OBSERVE,59.1,B,OBSERVE,-10.8
kosdaq,20260714,20260714_2021,041020,폴라리스오피스,출판·SW,2675,43.0,12.5,6.8,-61.9,4.1,-10.1,-16.9,-36.5,-10.5,-25.9,-40.3,0.44,7030,2570,0,0,0,0,278208,555013,6.5,7.8,16.9,0.5,0,0,0,0,0,-,60.6,3.3,0.0,-1.9,-4.8,1,8,약세,-8,-7,0,-1,-21.9,-24.2,1496.48,,-1.11,-2212.0,-2212.0,-2212.0,10,10,1.0,68.6,60.6,041020,269852,0,0,0,0,,,,,,,,,,,안전,2025.0,91.2,48.0,89.9,CFS,영업이익(손실),dart_OperatingIncomeLoss,249.7,181.1,영업활동현금흐름,ifrs-full_CashFlowsFromUsedInOperatingActivities,ok,연간 영업이익 YoY 계산 성공,ok,OCF 추출 성공,2026 Q1,3개월,23.9,20.2,18.5,thstrm_amount,frmtrm_q_amount,CFS,fnlttSinglAcntAll,영업이익(손실),dart_OperatingIncomeLoss,ok,3개월 기준 YoY 계산 성공,성장지속,10,5,현금창출양호,2.74,default,-3,80.6,72.6,2.0,0.0,5.45,0.0,0.0,OFF,0.0,0.0,0.04810634990521854,SAFE,18.0,1.0,0.0,0.5976331360946746,0,10.0,0.195,23.0,6.0,15.15,1.49,27.3,0.0,1798.0,98.0,0.0,PYKRX,True,47.8,39.1,B,OBSERVE,54.2,B,OBSERVE,-6.4
kosdaq,20260714,20260714_2021,099750,이지케어텍,출판·SW,5960,40.3,12.7,17.1,-49.5,3.1,-5.5,-16.2,-31.7,-6.6,-15.3,-29.1,0.36,11810,5780,5,0,0,1,16649,17434,0.4,1.0,1.1,0.95,0,0,0,0,0,-,59.9,0.1,0.0,-0.4,0.1,1,8,약세,-8,-7,0,-1,-21.9,-24.2,1496.48,,-1.11,-2212.0,-2212.0,-2212.0,10,10,1.0,72.9,64.9,099750,490090,0,0,0,0,,,,,,,,,,,안전,2025.0,22.1,2.4,836.5,CFS,영업이익(손실),dart_OperatingIncomeLoss,108.7,46.0,영업활동현금흐름,ifrs-full_CashFlowsFromUsedInOperatingActivities,ok,연간 영업이익 YoY 계산 성공,ok,OCF 추출 성공,2025 Q3,3개월,10.6,10.1,5.9,thstrm_amount,frmtrm_q_amount,CFS,fnlttSinglAcntAll,영업이익(손실),dart_OperatingIncomeLoss,ok,3개월 기준 YoY 계산 성공,성장지속,10,5,현금창출양호,4.92,default,0,87.9,79.9,5.0,0.0,6.27,0.0,0.0,OFF,0.0,0.0,0.029568344118924884,SAFE,15.0,9.0,0.0,0.3395061728395062,0,5.0,0.091,20.0,6.0,14.975,2.19,34.85,0.0,2727.0,171.0,0.0,PYKRX,True,47.5,30.7,B,OBSERVE,46.0,B,OBSERVE,1.5
kosdaq,20260714,20260714_2021,356680,엑스게이트,출판·SW,10800,12.9,6.1,17.5,-64.6,77.0,-9.8,-42.3,45.4,-28.7,-37.1,2.8,0.35,30550,6100,10,0,1,1,766145,1553316,59.7,87.0,275.5,0.49,0,0,0,0,0,-,83.0,29.5,0.0,53.6,5.7,1,8,약세,-8,-7,0,-1,-21.9,-24.2,1496.48,,-1.11,-2212.0,-2212.0,-2212.0,10,10,1.0,101.0,93.0,356680,1372782,0,0,0,0,,,,,,,,,,,안전,2025.0,37.5,34.9,7.7,OFS,영업이익(손실),dart_OperatingIncomeLoss,14.2,37.4,영업활동현금흐름,ifrs-full_CashFlowsFromUsedInOperatingActivities,ok,연간 영업이익 YoY 계산 성공,ok,OCF 추출 성공,2026 Q1,3개월,2.5,-9.3,126.7,thstrm_amount,frmtrm_q_amount,OFS,fnlttSinglAcntAll,영업이익(손실),dart_OperatingIncomeLoss,ok,3개월 기준 YoY 계산 성공,성장지속,10,2,현금창출보통,0.38,default,2,115.0,107.0,5.0,0.0,8.04,0.0,0.0,OFF,0.0,0.0,0.10108824727764427,SAFE,15.0,8.0,0.0,0.23167848699763596,3,5.0,0.107,15.0,11.0,20.0,6.38,79.41,0.0,1692.0,136.0,0.0,PYKRX,True,47.5,37.7,B,OBSERVE,54.0,B,OBSERVE,-6.5
kosdaq,20260714,20260714_2021,465480,인스피언,출판·SW,3335,44.1,25.9,21.9,-57.6,5.5,-6.6,-23.4,-35.0,-8.3,-28.4,-37.1,0.55,7860,3160,5,0,0,1,13721,16813,0.3,0.5,0.6,0.82,0,0,0,0,0,-,52.8,0.5,0.0,0.8,0.0,1,8,약세,-8,-7,0,-1,-21.9,-24.2,1496.48,,-1.11,-2212.0,-2212.0,-2212.0,10,10,1.0,65.8,57.8,465480,1284876,0,0,0,0,,,,,,,,,,,안전,2025.0,25.5,37.8,-32.6,CFS,영업손익,dart_OperatingIncomeLoss,50.0,25.3,영업활동현금흐름,ifrs-full_CashFlowsFromUsedInOperatingActivities,ok,연간 영업이익 YoY 계산 성공,ok,OCF 추출 성공,2026 Q1,3개월,6.9,9.2,-25.0,thstrm_amount,frmtrm_q_amount,OFS,fnlttSinglAcntAll,영업외이익(손실),dart_NonOperatingProfitLoss,ok,3개월 기준 YoY 계산 성공,하락지속,-10,5,현금창출양호,1.96,default,0,60.8,52.8,5.0,0.0,4.78,0.0,0.0,OFF,0.0,0.0,0.0462497254875367,SAFE,19.0,1.0,0.0,0.28205128205128205,0,15.0,0.833,15.0,-10.0,13.2,0.6,12.63,3.0,5526.0,264.0,15.0,PYKRX,True,47.4,27.0,B,OBSERVE,48.2,B,OBSERVE,-0.8
kosdaq,20260714,20260714_2021,100790,미래에셋벤처투자,금융(은행),14560,30.1,11.5,17.0,-79.4,146.8,-12.7,-52.7,-47.9,-23.9,-61.5,-36.5,0.4,70700,5900,0,0,0,0,414999,992815,52.5,63.9,223.2,0.42,0,0,0,0,0,-,82.7,29.6,3.4,623.3,12.3,1,15,약세,-8,-7,0,-1,-21.9,-24.2,1496.48,,-1.11,-2212.0,-2212.0,-2212.0,10,10,1.0,97.7,89.7,100790,340096,0,0,0,0,,,,,,,,,,,안전,2025.0,-0.2,-0.2,13.8,CFS,IV. 영업외손익,dart_NonOperatingProfitLoss,488.1,1292.5,영업활동현금흐름,ifrs-full_CashFlowsFromUsedInOperatingActivities,ok,연간 영업이익 YoY 계산 성공,ok,OCF 추출 성공,2026 Q1,3개월,0.0,-0.1,80.4,thstrm_amount,frmtrm_q_amount,CFS,fnlttSinglAcntAll,IV. 영업외손익,dart_NonOperatingProfitLoss,ok,3개월 기준 YoY 계산 성공,성장지속,10,0,회계손실현금유입,,default,2,109.7,101.7,4.0,0.0,8.17,0.0,0.0,OFF,1.0,8.0,0.0670223250262395,SAFE,20.0,29.0,0.0,0.24098671726755216,3,8.0,0.148,13.0,11.0,20.0,2.04,25.02,0.0,7122.0,582.0,0.0,PYKRX,True,47.3,39.7,B,OBSERVE,55.0,B,OBSERVE,-7.7
kosdaq,20260714,20260714_2021,032940,원익,도매,5410,35.1,13.5,20.4,-69.6,4.4,-5.4,-37.2,-40.4,-13.5,-28.7,-41.0,1.28,17800,5180,0,0,0,0,122539,128946,8.5,6.8,8.4,0.95,0,0,0,0,0,-,74.7,0.6,0.2,-6.6,0.5,1,15,약세,-8,-7,0,-1,-21.9,-24.2,1496.48,,-1.11,-2212.0,-2212.0,-2212.0,10,10,1.0,89.7,81.7,032940,210980,0,0,0,0,,,,,,,,,,,안전,2025.0,89.2,93.2,-4.2,CFS,영업이익(손실),dart_OperatingIncomeLoss,10.9,100.0,영업활동현금흐름,ifrs-full_CashFlowsFromUsedInOperatingActivities,ok,연간 영업이익 YoY 계산 성공,ok,OCF 추출 성공,2026 Q1,3개월,26.7,26.4,1.2,thstrm_amount,frmtrm_q_amount,CFS,fnlttSinglAcntAll,영업이익(손실),dart_OperatingIncomeLoss,ok,3개월 기준 YoY 계산 성공,관망,0,-3,현금창출약함,0.12,default,4,90.7,82.7,4.0,0.0,4.05,0.0,0.0,OFF,0.0,0.0,0.049306259292390554,SAFE,14.0,14.0,0.0,0.14516129032258066,3,8.0,0.095,4.0,0.0,18.675,0.35,8.56,0.0,15605.0,632.0,12.0,PYKRX,True,47.2,24.4,C,OBSERVE,45.7,C,OBSERVE,1.5
kosdaq,20260714,20260714_2021,173130,오파스넷,IT서비스,5960,34.0,19.9,22.1,-30.5,2.8,-4.2,-23.3,-25.0,-8.1,-16.1,-13.9,0.83,8570,5800,0,0,0,0,60518,89402,4.3,3.7,5.9,0.68,0,0,0,0,0,-,61.5,-2.2,0.0,-11.1,0.0,1,0,약세,-8,-7,0,-1,-21.9,-24.2,1496.48,,-1.11,-2212.0,-2212.0,-2212.0,10,10,1.0,61.5,53.5,173130,867849,0,0,0,0,,,,,,,,,,,안전,2025.0,140.4,106.5,31.9,CFS,영업이익(손실),dart_OperatingIncomeLoss,316.6,113.6,영업활동으로 인한 현금흐름,ifrs-full_CashFlowsFromUsedInOperatingActivities,ok,연간 영업이익 YoY 계산 성공,ok,OCF 추출 성공,2026 Q1,3개월,14.1,5.6,149.0,thstrm_amount,frmtrm_q_amount,CFS,fnlttSinglAcntAll,영업이익(손실),dart_OperatingIncomeLoss,ok,3개월 기준 YoY 계산 성공,성장지속,10,5,현금창출양호,2.25,default,4,80.5,72.5,0.0,0.0,19.57,0.0,0.0,OFF,0.0,0.0,0.026213586884661248,SAFE,13.0,12.0,0.0,0.18025751072961374,3,-10.0,-0.373,23.0,11.0,15.375,1.2,6.14,4.19,4962.0,971.0,8.0,PYKRX,True,47.2,24.7,B,OBSERVE,50.4,B,OBSERVE,-3.2
kosdaq,20260714,20260714_2021,066670,디티씨,부동산,2390,37.4,13.3,19.5,-35.4,3.0,-4.0,-11.5,-8.1,-5.9,-10.9,-16.9,0.48,3700,2320,5,0,1,0,14355,24064,0.3,0.3,0.6,0.6,3,0,1,0,0,5일선회복,55.2,0.2,0.0,0.4,-0.1,1,8,약세,-8,-7,0,-1,-21.9,-24.2,1496.48,,-1.11,-2212.0,-2212.0,-2212.0,10,10,1.0,71.2,63.2,066670,371740,0,0,0,0,,,,,,,,,,,안전,2025.0,-17.6,24.4,-172.4,CFS,영업이익,dart_OperatingIncomeLoss,193.9,25.2,영업활동으로 인한 현금흐름,ifrs-full_CashFlowsFromUsedInOperatingActivities,ok,연간 영업이익 YoY 계산 성공,ok,OCF 추출 성공,2026 Q1,3개월,18.5,18.1,2.4,thstrm_amount,frmtrm_q_amount,CFS,fnlttSinglAcntAll,영업이익,dart_OperatingIncomeLoss,ok,3개월 기준 YoY 계산 성공,관망,0,0,회계손실현금유입,,default,0,71.2,63.2,2.0,0.0,2.27,0.0,0.0,OFF,0.0,0.0,0.025620511629680907,SAFE,7.0,7.0,0.0,0.34782608695652173,4,15.0,0.333,7.0,0.0,13.8,0.23,9.96,0.0,10582.0,240.0,12.0,PYKRX,True,47.2,35.7,C,OBSERVE,51.8,C,OBSERVE,-4.6
kosdaq,20260714,20260714_2021,403850,더핑크퐁컴퍼니,미디어·엔터,10090,49.4,14.6,17.6,-83.6,3.0,-7.3,-14.0,-40.8,-6.8,-18.4,,0.58,61500,9800,0,0,0,0,102303,82375,5.0,10.8,8.9,1.24,0,0,0,0,0,-,44.7,-6.9,7.7,25.6,9.8,1,8,약세,-8,-7,0,-1,-21.9,-24.2,1496.48,,-1.11,-2212.0,-2212.0,-2212.0,10,10,1.0,52.7,44.7,403850,1138364,0,0,0,0,,,,,,,,,,,안전,2025.0,193.6,188.1,2.9,CFS,영업이익,dart_OperatingIncomeLoss,209.4,276.0,영업활동현금흐름,ifrs-full_CashFlowsFromUsedInOperatingActivities,ok,연간 영업이익 YoY 계산 성공,ok,OCF 추출 성공,2026 Q1,3개월,29.4,61.0,-51.9,thstrm_amount,frmtrm_q_amount,CFS,fnlttSinglAcntAll,영업이익,dart_OperatingIncomeLoss,ok,3개월 기준 YoY 계산 성공,관망,0,5,현금창출양호,1.08,default,-3,54.7,46.7,2.0,0.0,11.24,1.0,0.0,OFF,0.0,0.0,0.04224543623899347,SAFE,13.0,1.0,0.0,0.5214285714285715,0,5.0,0.09,18.0,0.0,11.175,0.79,6.99,0.0,12838.0,1443.0,6.0,PYKRX,True,46.7,23.8,B,OBSERVE,40.2,B,OBSERVE,6.5
kosdaq,20260714,20260714_2021,466410,사이냅소프트,출판·SW,7730,44.5,32.0,18.0,-48.7,5.6,-5.3,-16.1,-29.8,-6.6,-18.5,-33.5,0.92,15060,7320,0,0,0,0,12502,14005,1.0,1.0,1.1,0.89,0,0,0,0,0,-,48.6,0.2,-0.6,2.2,-1.1,1,8,약세,-8,-7,0,-1,-21.9,-24.2,1496.48,,-1.11,-2212.0,-2212.0,-2212.0,10,10,1.0,56.6,48.6,466410,1207901,0,0,0,0,,,,,,,,,,,안전,2025.0,3.1,7.0,-56.1,OFS,기타영업외손익,dart_NonOperatingProfitLoss,62.3,62.5,영업활동현금흐름,ifrs-full_CashFlowsFromUsedInOperatingActivities,ok,연간 영업이익 YoY 계산 성공,ok,OCF 추출 성공,2026 Q1,3개월,1.6,0.3,416.1,thstrm_amount,frmtrm_q_amount,OFS,fnlttSinglAcntAll,기타영업외손익,dart_NonOperatingProfitLoss,ok,3개월 기준 YoY 계산 성공,턴어라운드,20,5,현금창출양호,20.1,default,2,83.6,75.6,2.0,0.0,8.18,1.0,0.0,OFF,0.0,0.0,0.034497017314270684,SAFE,19.0,1.0,0.0,0.3291925465838509,0,-10.0,-0.364,15.0,17.0,12.15,0.54,6.55,0.0,14441.0,1181.0,12.0,PYKRX,True,46.6,15.5,B,OBSERVE,46.2,B,OBSERVE,0.4
kosdaq,20260714,20260714_2021,054930,유신,연구개발,16000,44.1,11.6,16.7,-45.1,3.2,-10.4,-19.2,-41.9,-8.4,-20.1,-28.5,0.73,29150,15500,0,0,0,0,19725,22993,2.7,3.3,4.0,0.86,0,0,0,0,0,-,54.4,1.4,0.3,-0.1,-1.1,1,15,약세,-8,-7,0,-1,-21.9,-24.2,1496.48,,-1.11,-2212.0,-2212.0,-2212.0,10,10,1.0,69.4,61.400000000000006,054930,144650,0,0,0,0,,,,,,,,,,,안전,2025.0,92.4,58.1,59.0,OFS,영업이익(손실),dart_OperatingIncomeLoss,389.8,1.6,영업활동현금흐름,ifrs-full_CashFlowsFromUsedInOperatingActivities,ok,연간 영업이익 YoY 계산 성공,ok,OCF 추출 성공,2026 Q1,3개월,-7.6,16.2,-147.3,thstrm_amount,frmtrm_q_amount,OFS,fnlttSinglAcntAll,영업이익(손실),dart_OperatingIncomeLoss,ok,3개월 기준 YoY 계산 성공,피크아웃,-15,5,현금창출양호,4.22,default,-3,56.4,48.4,4.0,0.0,6.78,0.0,0.0,OFF,0.0,0.0,0.03437736288130909,SAFE,19.0,7.0,0.0,0.5416666666666667,0,15.0,0.425,18.0,-15.0,13.6,0.31,4.56,5.63,51711.0,3507.0,15.0,PYKRX,True,46.5,26.0,B,OBSERVE,46.6,B,OBSERVE,-0.1
kosdaq,20260714,20260714_2021,065350,신성델타테크,전기장비,27750,32.0,8.1,23.8,-66.6,3.4,-5.0,-35.8,-50.6,-15.5,-32.9,-50.1,0.6,83000,26850,5,0,1,0,166242,205606,34.9,47.0,64.7,0.81,0,0,0,0,0,-,77.5,6.6,16.4,44.1,47.6,1,15,약세,-8,-7,0,-1,-21.9,-24.2,1496.48,,-1.11,-2212.0,-2212.0,-2212.0,10,10,1.0,97.5,89.5,065350,136226,0,0,0,0,,,,,,,,,,,안전,2025.0,276.9,264.7,4.6,CFS,영업이익(손실),dart_OperatingIncomeLoss,143.8,9.2,영업활동현금흐름,ifrs-full_CashFlowsFromUsedInOperatingActivities,ok,연간 영업이익 YoY 계산 성공,ok,OCF 추출 성공,2026 Q1,3개월,71.1,103.7,-31.5,thstrm_amount,frmtrm_q_amount,CFS,fnlttSinglAcntAll,영업이익(손실),dart_OperatingIncomeLoss,ok,3개월 기준 YoY 계산 성공,관망,0,2,현금창출보통,0.52,default,2,101.5,93.5,4.0,0.0,8.8,0.0,0.0,OFF,0.0,0.0,0.07405572488723701,SAFE,20.0,33.0,0.0,0.13966480446927376,3,15.0,0.355,10.0,0.0,19.375,3.06,34.82,0.43,9059.0,797.0,0.0,PYKRX,True,46.4,37.8,C,OBSERVE,47.4,C,OBSERVE,-1.0
kosdaq,20260714,20260714_2021,450330,하스,제약·바이오,4460,42.1,14.0,5.3,-48.7,3.7,-11.5,-19.2,-35.0,-11.1,-22.4,-30.4,0.51,8700,4300,0,0,0,0,8841,11496,0.3,0.4,0.6,0.77,0,0,0,0,0,-,62.8,0.2,0.0,-0.4,0.0,1,8,약세,-8,-7,0,-1,-21.9,-24.2,1496.48,,-1.11,-2212.0,-2212.0,-2212.0,10,10,1.0,70.8,62.8,450330,1663569,0,0,0,0,,,,,,,,,,,안전,2025.0,9.0,12.4,-27.1,CFS,영업이익(손실),dart_OperatingIncomeLoss,18.2,11.5,영업활동현금흐름,ifrs-full_CashFlowsFromUsedInOperatingActivities,ok,연간 영업이익 YoY 계산 성공,ok,OCF 추출 성공,2026 Q1,3개월,-8.2,-7.0,-17.7,thstrm_amount,frmtrm_q_amount,CFS,fnlttSinglAcntAll,영업이익(손실),dart_OperatingIncomeLoss,ok,3개월 기준 YoY 계산 성공,하락지속,-10,5,현금창출양호,2.02,default,-3,62.8,54.8,2.0,0.0,3.42,0.0,0.0,OFF,0.0,0.0,0.03581524460587644,SAFE,15.0,5.0,0.0,0.5989583333333334,0,15.0,0.333,15.0,-10.0,15.7,0.79,22.99,1.35,5666.0,194.0,12.0,PYKRX,True,46.1,27.7,B,OBSERVE,47.7,B,OBSERVE,-1.6
kosdaq,20260714,20260714_2021,137080,나래나노텍,기계·장비,4800,44.4,0.0,-3.1,-23.1,67.8,-14.3,6.5,-15.2,-12.1,-8.1,9.8,2.17,6240,2860,5,1,0,0,53712,40802,4.1,2.9,2.2,1.32,0,0,0,0,0,-,48.5,-0.8,0.0,-0.5,0.0,1,0,약세,-8,-7,0,-1,-21.9,-24.2,1496.48,,-1.11,-2212.0,-2212.0,-2212.0,10,10,1.0,53.5,45.5,137080,362122,0,0,0,0,,,,,,,,,,,안전,2025.0,-88.4,-221.1,60.0,CFS,영업이익(손실),dart_OperatingIncomeLoss,137.0,-169.9,영업활동현금흐름,ifrs-full_CashFlowsFromUsedInOperatingActivities,ok,연간 영업이익 YoY 계산 성공,ok,OCF 추출 성공,2026 Q1,3개월,6.6,-43.1,115.3,thstrm_amount,frmtrm_q_amount,CFS,fnlttSinglAcntAll,영업이익(손실),dart_OperatingIncomeLoss,ok,3개월 기준 YoY 계산 성공,성장지속,10,0,회계손실현금유입,,default,1,64.5,56.5,0.0,0.0,34.34,1.0,0.0,OFF,1.0,8.0,0.05647563651493773,SAFE,1.0,0.0,0.0,,0,-10.0,-0.364,13.0,11.0,12.125,0.46,1.33,0.0,10520.0,3613.0,12.0,PYKRX,True,46.0,9.7,B,OBSERVE,38.1,B,OBSERVE,7.9
kosdaq,20260714,20260714_2021,179290,엠아이텍,의료·정밀·광학,4215,48.4,35.2,22.0,-49.5,5.4,-4.9,-15.2,-37.1,-4.4,-15.8,-33.6,1.42,8340,4000,5,0,0,1,55798,67688,4.0,2.4,3.0,0.82,0,0,0,0,0,-,43.1,1.0,0.0,3.5,-0.2,1,8,약세,-8,-7,0,-1,-21.9,-24.2,1496.48,,-1.11,-2212.0,-2212.0,-2212.0,10,10,1.0,56.1,48.1,179290,531829,0,0,0,0,,,,,,,,,,,안전,2025.0,206.7,175.8,17.6,CFS,영업이익,dart_OperatingIncomeLoss,148.7,236.6,영업활동현금흐름,ifrs-full_CashFlowsFromUsedInOperatingActivities,ok,연간 영업이익 YoY 계산 성공,ok,OCF 추출 성공,2026 Q1,3개월,49.1,66.7,-26.3,thstrm_amount,frmtrm_q_amount,CFS,fnlttSinglAcntAll,영업이익,dart_OperatingIncomeLoss,ok,3개월 기준 YoY 계산 성공,관망,0,5,현금창출양호,0.72,default,0,61.1,53.1,5.0,0.0,16.14,0.0,0.0,OFF,0.0,0.0,0.028086464118614065,SAFE,15.0,0.0,0.0,0.32236842105263164,0,15.0,0.333,18.0,0.0,10.775,1.08,6.71,2.85,3891.0,628.0,3.0,PYKRX,True,46.0,35.6,B,OBSERVE,46.8,B,OBSERVE,-0.8
kosdaq,20260714,20260714_2021,250000,보라티알,도매,5400,37.6,51.4,29.3,-48.7,7.4,-3.6,-13.7,-29.9,-4.1,-15.7,-30.5,0.84,10530,5030,0,0,0,0,3965,5541,0.3,0.2,0.3,0.72,0,0,0,0,0,-,53.2,0.1,0.0,0.2,0.0,1,8,약세,-8,-7,0,-1,-21.9,-24.2,1496.48,,-1.11,-2212.0,-2212.0,-2212.0,10,10,1.0,61.2,53.2,250000,1124680,0,0,0,0,,,,,,,,,,,안전,2025.0,91.5,128.0,-28.6,CFS,영업이익(손실),dart_OperatingIncomeLoss,80.5,4.3,영업활동현금흐름,ifrs-full_CashFlowsFromUsedInOperatingActivities,ok,연간 영업이익 YoY 계산 성공,ok,OCF 추출 성공,2026 Q1,3개월,15.1,21.8,-30.8,thstrm_amount,frmtrm_q_amount,CFS,fnlttSinglAcntAll,영업이익(손실),dart_OperatingIncomeLoss,ok,3개월 기준 YoY 계산 성공,하락지속,-10,5,현금창출양호,0.88,default,2,58.2,50.2,2.0,0.0,0.26,0.0,0.0,OFF,0.0,0.0,0.023297571405310934,SAFE,20.0,30.0,0.0,0.26277372262773724,0,15.0,0.333,15.0,-10.0,13.3,0.4,154.29,7.41,13583.0,35.0,15.0,PYKRX,True,45.8,27.0,B,OBSERVE,48.3,B,OBSERVE,-2.5
kosdaq,20260714,20260714_2021,002230,피에스텍,의료·정밀·광학,4565,42.3,22.3,23.9,-73.1,22.9,-1.7,-21.0,-53.0,-7.4,-30.4,-41.7,0.88,16990,3715,5,0,1,0,85175,93340,3.7,3.9,4.7,0.91,0,0,0,0,0,-,54.4,1.1,0.0,1.0,0.0,1,8,약세,-8,-7,0,-1,-21.9,-24.2,1496.48,,-1.11,-2212.0,-2212.0,-2212.0,10,10,1.0,67.4,59.400000000000006,002230,155638,0,0,0,0,,,,,,,,,,,안전,2025.0,52.8,34.3,54.0,CFS,영업이익(손실),dart_OperatingIncomeLoss,191.3,-16.2,영업활동현금흐름,ifrs-full_CashFlowsFromUsedInOperatingActivities,ok,연간 영업이익 YoY 계산 성공,ok,OCF 추출 성공,2026 Q1,3개월,4.1,17.5,-76.4,thstrm_amount,frmtrm_q_amount,CFS,fnlttSinglAcntAll,영업이익(손실),dart_OperatingIncomeLoss,ok,3개월 기준 YoY 계산 성공,피크아웃,-15,5,현금창출양호,3.62,default,4,61.4,53.4,2.0,0.0,6.93,0.0,0.0,OFF,1.0,8.0,0.03702941512191213,SAFE,20.0,33.0,0.0,0.08095238095238096,3,10.0,0.234,18.0,-15.0,13.6,0.57,8.17,5.48,8061.0,559.0,15.0,PYKRX,True,45.4,26.0,B,OBSERVE,44.6,B,OBSERVE,0.8
kosdaq,20260714,20260714_2021,078890,가온그룹,반도체·전자부품,4015,35.4,12.0,14.2,-63.2,32.1,-11.0,-31.5,-30.8,-17.1,-37.8,-29.9,0.69,10920,3040,0,0,0,0,126843,264039,7.2,5.4,14.1,0.48,0,0,0,0,0,-,75.7,0.3,0.0,-6.7,-1.5,1,8,약세,-8,-7,0,-1,-21.9,-24.2,1496.48,,-1.11,-2212.0,-2212.0,-2212.0,10,10,1.0,83.7,75.7,078890,441304,0,0,0,0,,,,,,,,,,,안전,2025.0,125.3,-418.9,129.9,CFS,영업이익,dart_OperatingIncomeLoss,21.8,414.5,영업활동으로 인한 현금흐름,ifrs-full_CashFlowsFromUsedInOperatingActivities,ok,연간 영업이익 YoY 계산 성공,ok,OCF 추출 성공,2026 Q1,3개월,113.0,4.4,2448.6,thstrm_amount,frmtrm_q_amount,CFS,fnlttSinglAcntAll,영업이익,dart_OperatingIncomeLoss,ok,3개월 기준 YoY 계산 성공,성장지속,10,-3,현금창출약함,0.17,default,0,90.7,82.7,2.0,0.0,5.53,0.0,0.0,OFF,0.0,0.0,0.0492358080200053,SAFE,20.0,29.0,0.0,0.3492063492063492,0,0.0,0.021,10.0,11.0,18.925,0.56,10.16,1.74,7147.0,395.0,12.0,PYKRX,True,45.3,21.4,C,OBSERVE,51.9,C,OBSERVE,-6.6
kosdaq,20260714,20260714_2021,118990,모트렉스,자동차·부품,5090,36.1,12.3,18.5,-56.0,2.0,-9.4,-27.5,-40.3,-11.1,-28.0,-39.2,1.31,11570,4990,0,0,0,0,96247,106210,7.2,5.1,6.1,0.91,0,0,0,0,0,-,73.2,6.6,0.0,15.1,0.0,1,8,약세,-8,-7,0,-1,-21.9,-24.2,1496.48,,-1.11,-2212.0,-2212.0,-2212.0,10,10,1.0,81.2,73.2,118990,876908,0,0,0,0,,,,,,,,,,,안전,2025.0,417.9,436.1,-4.2,CFS,영업이익(손실),dart_OperatingIncomeLoss,566.0,248.6,영업활동현금흐름,ifrs-full_CashFlowsFromUsedInOperatingActivities,ok,연간 영업이익 YoY 계산 성공,ok,OCF 추출 성공,2026 Q1,3개월,117.1,196.8,-40.5,thstrm_amount,frmtrm_q_amount,CFS,fnlttSinglAcntAll,영업이익(손실),dart_OperatingIncomeLoss,ok,3개월 기준 YoY 계산 성공,하락지속,-10,5,현금창출양호,1.35,default,0,76.2,68.2,2.0,0.0,2.93,0.0,0.0,OFF,0.0,0.0,0.037724146279387936,SAFE,20.0,32.0,0.0,0.34181818181818185,0,15.0,1.082,15.0,-10.0,18.3,0.5,16.91,0.0,10261.0,301.0,6.0,PYKRX,True,45.1,28.5,B,OBSERVE,44.3,B,OBSERVE,0.8
kosdaq,20260714,20260714_2021,475430,키스트론,전기장비,4185,33.6,3.7,17.2,-46.5,5.0,-12.9,-8.6,-5.2,-22.3,-20.1,-12.7,0.08,7820,3985,5,0,1,0,763050,5394484,18.5,33.1,323.9,0.14,0,0,0,0,0,-,65.6,4.2,0.0,16.6,0.0,1,3,약세,-8,-7,0,-1,-21.9,-24.2,1496.48,,-1.11,-2212.0,-2212.0,-2212.0,10,10,1.0,73.6,65.6,475430,204323,0,0,0,0,,,,,,,,,,,안전,2025.0,74.0,59.0,25.3,OFS,영업이익(손실),dart_OperatingIncomeLoss,103.3,64.8,영업활동현금흐름,ifrs-full_CashFlowsFromUsedInOperatingActivities,ok,연간 영업이익 YoY 계산 성공,ok,OCF 추출 성공,2026 Q1,3개월,20.7,18.1,14.3,thstrm_amount,frmtrm_q_amount,OFS,fnlttSinglAcntAll,영업이익(손실),dart_OperatingIncomeLoss,ok,3개월 기준 YoY 계산 성공,성장지속,10,5,현금창출양호,1.4,default,-3,85.6,77.6,2.0,0.0,5.18,0.0,0.0,OFF,0.0,0.0,0.09920059899449463,SAFE,7.0,4.0,0.0,1.5,0,0.0,0.013,23.0,6.0,16.4,0.39,7.6,1.19,10628.0,551.0,12.0,PYKRX,True,44.9,27.5,B,OBSERVE,57.4,B,OBSERVE,-12.5
kosdaq,20260714,20260714_2021,042370,비츠로테크,금융(은행),7920,34.3,17.6,16.0,-66.7,5.6,-9.9,-31.5,-33.4,-15.0,-35.4,-26.3,1.21,23800,7500,0,0,0,0,175300,194902,18.5,14.2,18.5,0.9,0,0,0,0,0,-,76.3,-3.3,0.0,13.9,0.5,1,0,약세,-8,-7,0,-1,-21.9,-24.2,1496.48,,-1.11,-2212.0,-2212.0,-2212.0,10,10,1.0,76.3,68.3,042370,103644,0,0,0,0,,,,,,,,,,,안전,2025.0,557.2,511.4,8.9,CFS,영업이익,dart_OperatingIncomeLoss,805.5,546.2,영업활동으로 인한 현금흐름,ifrs-full_CashFlowsFromUsedInOperatingActivities,ok,연간 영업이익 YoY 계산 성공,ok,OCF 추출 성공,2026 Q1,3개월,133.1,114.2,16.5,thstrm_amount,frmtrm_q_amount,CFS,fnlttSinglAcntAll,영업이익,dart_OperatingIncomeLoss,ok,3개월 기준 YoY 계산 성공,성장지속,10,5,현금창출양호,1.45,default,2,93.3,85.3,0.0,0.0,2.55,0.0,0.0,OFF,1.0,8.0,0.04773683666187446,SAFE,20.0,33.0,0.0,0.3142857142857143,0,-10.0,-0.178,23.0,6.0,19.075,0.8,31.43,0.76,9877.0,252.0,6.0,PYKRX,True,44.7,16.3,B,OBSERVE,44.1,B,OBSERVE,0.6
kosdaq,20260714,20260714_2021,355150,코스텍시스,반도체·전자부품,18460,30.6,10.4,16.4,-71.2,101.1,-6.6,-44.2,-11.3,-25.5,-49.3,-13.2,1.34,64100,9180,10,0,1,1,90133,90977,22.0,18.0,23.1,0.99,0,0,0,0,0,-,84.1,-12.1,-1.0,18.3,-1.9,1,0,약세,-8,-7,0,-1,-21.9,-24.2,1496.48,,-1.11,-2212.0,-2212.0,-2212.0,10,10,1.0,94.1,86.1,355150,1476219,0,0,0,0,,,,,,,,,,,안전,2025.0,1.8,-18.9,109.7,OFS,영업이익(손실),dart_OperatingIncomeLoss,5.4,-13.4,영업활동현금흐름,ifrs-full_CashFlowsFromUsedInOperatingActivities,ok,연간 영업이익 YoY 계산 성공,ok,OCF 추출 성공,2026 Q1,3개월,11.3,-3.9,393.4,thstrm_amount,frmtrm_q_amount,OFS,fnlttSinglAcntAll,영업이익(손실),dart_OperatingIncomeLoss,ok,3개월 기준 YoY 계산 성공,성장지속,10,5,현금창출양호,3.0,default,2,111.1,103.1,3.0,0.0,0.0,0.0,0.0,OFF,0.0,0.0,0.07832882407681935,SAFE,20.0,30.0,0.0,0.14932126696832576,3,-10.0,-0.567,23.0,11.0,20.0,6.09,0.0,0.0,3033.0,0.0,-5.0,PYKRX,True,44.2,26.1,B,OBSERVE,42.0,B,OBSERVE,2.2
kosdaq,20260714,20260714_2021,037350,성도이엔지,연구개발,8130,43.8,10.5,19.4,-43.7,82.1,-6.0,-13.9,-24.4,-11.0,-17.2,0.7,0.35,14450,4465,5,0,1,0,235745,504501,14.8,19.2,48.5,0.47,0,0,0,0,0,-,50.8,2.8,-0.2,-38.0,-2.7,1,8,약세,-8,-7,0,-1,-21.9,-24.2,1496.48,,-1.11,-2212.0,-2212.0,-2212.0,10,10,1.0,63.8,55.8,037350,216498,0,0,0,0,,,,,,,,,,,안전,2025.0,577.0,273.0,111.4,CFS,영업이익,dart_OperatingIncomeLoss,443.6,406.1,영업활동현금흐름,ifrs-full_CashFlowsFromUsedInOperatingActivities,ok,연간 영업이익 YoY 계산 성공,ok,OCF 추출 성공,2026 Q1,3개월,78.0,80.2,-2.7,thstrm_amount,frmtrm_q_amount,CFS,fnlttSinglAcntAll,영업이익,dart_OperatingIncomeLoss,ok,3개월 기준 YoY 계산 성공,관망,0,5,현금창출양호,0.77,default,0,68.8,60.8,2.0,0.0,10.27,1.0,0.0,OFF,0.0,0.0,0.06930783288930938,SAFE,6.0,4.0,0.0,0.4316546762589928,0,5.0,0.054,18.0,0.0,12.7,0.42,4.1,3.08,19295.0,1982.0,15.0,PYKRX,True,43.9,24.2,B,OBSERVE,50.7,B,OBSERVE,-6.8
kosdaq,20260714,20260714_2021,025900,동화기업,목재,5760,37.4,13.9,24.3,-55.6,4.2,-2.2,-30.4,-46.5,-11.1,-29.9,-38.5,1.58,12980,5530,5,0,1,0,107428,89835,8.3,6.3,5.8,1.2,0,0,0,0,0,-,71.1,2.2,1.3,0.3,5.9,1,15,약세,-8,-7,0,-1,-21.9,-24.2,1496.48,,-1.11,-2212.0,-2212.0,-2212.0,10,10,1.0,91.1,83.1,025900,173032,0,0,0,0,,,,,,,,,,,안전,2025.0,-137.9,75.4,-283.0,CFS,영업이익(손실),dart_OperatingIncomeLoss,15.4,971.8,영업활동현금흐름,ifrs-full_CashFlowsFromUsedInOperatingActivities,ok,연간 영업이익 YoY 계산 성공,ok,OCF 추출 성공,2026 Q1,3개월,-48.8,-17.9,-173.5,thstrm_amount,frmtrm_q_amount,CFS,fnlttSinglAcntAll,영업이익(손실),dart_OperatingIncomeLoss,ok,3개월 기준 YoY 계산 성공,하락지속,-10,0,회계손실현금유입,,default,2,83.1,75.1,4.0,0.0,0.0,0.0,0.0,OFF,0.0,0.0,0.05540446686996201,SAFE,20.0,33.0,0.0,0.07236842105263158,3,15.0,0.603,5.0,-10.0,17.775,0.32,0.0,0.0,17795.0,0.0,7.0,PYKRX,True,43.6,26.3,C,OBSERVE,37.8,C,OBSERVE,5.8
kosdaq,20260714,20260714_2021,087600,픽셀플러스,반도체·전자부품,3800,43.5,21.6,14.6,-55.0,4.1,-3.9,-19.3,-37.1,-7.9,-22.2,-35.8,3.11,8450,3650,10,0,1,1,6297,6224,0.7,0.2,0.3,1.01,4,0,0,0,1,거래량동반양봉,65.7,-0.1,0.4,-0.3,0.6,1,8,약세,-8,-7,0,-1,-21.9,-24.2,1496.48,,-1.11,-2212.0,-2212.0,-2212.0,10,10,1.0,87.7,79.7,087600,495086,0,0,0,0,,,,,,,,,,,안전,2025.0,-56.3,8.5,-765.2,OFS,영업이익(손실),dart_OperatingIncomeLoss,29.5,-3.4,영업활동현금흐름,ifrs-full_CashFlowsFromUsedInOperatingActivities,ok,연간 영업이익 YoY 계산 성공,ok,OCF 추출 성공,2026 Q1,3개월,-20.5,-8.9,-130.8,thstrm_amount,frmtrm_q_amount,OFS,fnlttSinglAcntAll,영업이익(손실),dart_OperatingIncomeLoss,ok,3개월 기준 YoY 계산 성공,하락지속,-10,0,회계손실현금유입,,default,3,80.7,72.7,7.0,0.0,0.0,0.0,0.0,OFF,0.0,0.0,0.033227675224523585,SAFE,19.0,0.0,0.0,0.20207253886010362,7,15.0,1.0,5.0,-10.0,16.425,0.29,0.0,0.0,12982.0,0.0,7.0,PYKRX,True,43.0,33.9,C,OBSERVE,40.4,C,OBSERVE,2.6
kosdaq,20260714,20260714_2021,104620,노랑풍선,사업지원,3130,38.4,10.4,14.2,-58.7,1.6,-10.2,-22.0,-30.8,-9.9,-19.6,-35.6,0.78,7580,3080,0,0,0,0,41243,61098,1.4,1.4,2.2,0.68,0,0,0,0,0,-,67.6,0.1,0.0,3.6,0.0,1,8,약세,-8,-7,0,-1,-21.9,-24.2,1496.48,,-1.11,-2212.0,-2212.0,-2212.0,10,10,1.0,75.6,67.6,104620,632845,0,0,0,0,,,,,,,,,,,안전,2025.0,22.4,-65.5,134.2,CFS,영업이익(손실),dart_OperatingIncomeLoss,68.1,185.4,영업활동 현금흐름,ifrs-full_CashFlowsFromUsedInOperatingActivities,ok,연간 영업이익 YoY 계산 성공,ok,OCF 추출 성공,2026 Q1,3개월,23.8,3.6,570.1,thstrm_amount,frmtrm_q_amount,CFS,fnlttSinglAcntAll,영업이익,dart_OperatingIncomeLoss,ok,3개월 기준 YoY 계산 성공,성장지속,10,5,현금창출양호,3.04,default,0,90.6,82.6,2.0,0.0,0.0,0.0,0.0,OFF,0.0,0.0,0.03579274318016871,SAFE,15.0,14.0,0.0,0.4636363636363636,0,0.0,0.045,23.0,11.0,16.9,1.32,0.0,0.0,2380.0,0.0,-5.0,PYKRX,True,42.7,31.2,B,OBSERVE,45.9,B,OBSERVE,-3.2
kosdaq,20260714,20260714_2021,122990,와이솔,반도체·전자부품,5950,37.1,15.8,25.6,-36.3,10.8,-2.5,-23.0,-14.8,-8.6,-16.9,-8.3,0.7,9340,5370,5,0,1,0,68096,93018,3.9,4.1,6.2,0.73,0,0,0,0,0,-,58.7,-3.9,2.6,-7.5,10.9,1,8,약세,-8,-7,0,-1,-21.9,-24.2,1496.48,,-1.11,-2212.0,-2212.0,-2212.0,10,10,1.0,71.7,63.7,122990,759294,0,0,0,0,,,,,,,,,,,안전,2025.0,-362.8,4.6,-7966.7,CFS,영업이익(손실),dart_OperatingIncomeLoss,60.8,422.1,영업활동현금흐름,ifrs-full_CashFlowsFromUsedInOperatingActivities,ok,연간 영업이익 YoY 계산 성공,ok,OCF 추출 성공,2026 Q1,3개월,21.3,-115.1,118.5,thstrm_amount,frmtrm_q_amount,CFS,fnlttSinglAcntAll,영업이익(손실),dart_OperatingIncomeLoss,ok,3개월 기준 YoY 계산 성공,턴어라운드,20,0,회계손실현금유입,,default,2,93.7,85.7,2.0,0.0,0.0,0.0,0.0,OFF,0.0,0.0,0.0308948590638902,SAFE,14.0,14.0,0.0,0.10869565217391304,3,-10.0,-0.21,10.0,17.0,14.675,0.54,0.0,8.4,11034.0,0.0,10.0,PYKRX,True,42.4,18.3,C,OBSERVE,44.7,C,OBSERVE,-2.3
kosdaq,20260714,20260714_2021,357550,석경에이티,화학,35850,42.1,34.9,24.2,-52.4,9.3,-3.6,-17.8,-30.5,-7.5,-20.6,-32.0,1.77,75300,32800,0,0,0,0,10046,7921,5.2,3.6,3.0,1.27,0,0,0,0,0,-,54.9,1.9,0.9,7.4,2.0,1,15,약세,-8,-7,0,-1,-21.9,-24.2,1496.48,,-1.11,-2212.0,-2212.0,-2212.0,10,10,1.0,69.9,61.900000000000006,357550,921916,0,0,0,0,,,,,,,,,,,안전,2025.0,39.0,20.2,93.0,CFS,영업이익,dart_OperatingIncomeLoss,53.5,44.0,영업활동현금흐름,ifrs-full_CashFlowsFromUsedInOperatingActivities,ok,연간 영업이익 YoY 계산 성공,ok,OCF 추출 성공,2026 Q1,3개월,12.8,20.5,-37.7,thstrm_amount,frmtrm_q_amount,CFS,fnlttSinglAcntAll,영업이익,dart_OperatingIncomeLoss,ok,3개월 기준 YoY 계산 성공,피크아웃,-15,5,현금창출양호,1.37,default,2,61.9,53.9,4.0,0.0,8.62,0.0,0.0,OFF,0.0,0.0,0.04774550470352056,SAFE,20.0,33.0,0.0,0.20224719101123595,3,15.0,0.933,18.0,-15.0,13.725,4.42,51.29,0.0,8109.0,699.0,0.0,PYKRX,True,41.8,32.0,B,OBSERVE,34.7,B,OBSERVE,7.1
kosdaq,20260714,20260714_2021,056190,SFA,기계·장비,20850,37.6,13.8,17.3,-42.9,3.3,-5.0,-24.7,-25.9,-10.7,-21.2,-21.6,1.1,36500,20175,0,0,0,0,107329,97095,22.2,23.1,22.8,1.11,0,0,0,0,0,-,65.7,-7.3,5.9,-21.8,12.1,1,8,약세,-8,-7,0,-1,-21.9,-24.2,1496.48,,-1.11,-2212.0,-2212.0,-2212.0,10,10,1.0,73.7,65.7,056190,358271,0,0,0,0,,,,,,,,,,,안전,2025.0,858.6,-484.0,277.4,CFS,영업이익(손실),dart_OperatingIncomeLoss,1516.4,4026.5,영업활동으로 인한 현금흐름,ifrs-full_CashFlowsFromUsedInOperatingActivities,ok,연간 영업이익 YoY 계산 성공,ok,OCF 추출 성공,2026 Q1,3개월,154.5,290.5,-46.8,thstrm_amount,frmtrm_q_amount,CFS,fnlttSinglAcntAll,영업이익(손실),dart_OperatingIncomeLoss,ok,3개월 기준 YoY 계산 성공,피크아웃,-15,5,현금창출양호,1.77,default,4,67.7,59.7,2.0,0.0,5.96,0.0,0.0,OFF,0.0,0.0,0.03902354279518892,SAFE,11.0,7.0,0.0,0.20242914979757085,3,0.0,-0.061,18.0,-15.0,16.425,0.65,10.88,4.56,32160.0,1916.0,15.0,PYKRX,True,41.7,14.8,B,OBSERVE,37.4,B,OBSERVE,4.3
kosdaq,20260714,20260714_2021,263860,지니언스,출판·SW,11800,46.1,38.9,23.1,-60.7,7.2,-5.1,-18.1,-9.2,-5.3,-16.6,-32.2,0.97,30000,11010,5,0,0,1,25582,29155,3.3,3.1,3.6,0.88,0,0,0,0,0,-,45.7,-1.8,-0.4,-5.0,1.7,1,0,약세,-8,-7,0,-1,-21.9,-24.2,1496.48,,-1.11,-2212.0,-2212.0,-2212.0,10,10,1.0,50.7,42.7,263860,962223,0,0,0,0,,,,,,,,,,,안전,2025.0,70.1,98.4,-28.8,CFS,영업이익(손실),dart_OperatingIncomeLoss,60.3,97.9,영업활동현금흐름,ifrs-full_CashFlowsFromUsedInOperatingActivities,ok,연간 영업이익 YoY 계산 성공,ok,OCF 추출 성공,2026 Q1,3개월,17.4,0.4,4670.8,thstrm_amount,frmtrm_q_amount,CFS,fnlttSinglAcntAll,영업이익(손실),dart_OperatingIncomeLoss,ok,3개월 기준 YoY 계산 성공,턴어라운드,20,5,현금창출양호,0.86,default,2,77.7,69.7,3.0,0.0,12.09,0.0,0.0,OFF,0.0,0.0,0.036125524490001316,SAFE,19.0,1.0,0.0,0.2817679558011049,0,-10.0,-0.611,20.0,17.0,11.425,1.65,13.61,2.54,7171.0,867.0,3.0,PYKRX,True,41.7,19.3,B,OBSERVE,41.4,B,OBSERVE,0.3
kosdaq,20260714,20260714_2021,089010,켐트로닉스,화학,20900,34.9,13.9,16.8,-57.3,4.7,-7.3,-32.5,-30.4,-15.4,-33.8,-34.1,0.9,48900,19960,5,0,1,0,122517,134312,25.4,26.1,34.0,0.91,0,0,0,0,0,-,75.0,19.3,0.1,33.4,-4.6,1,15,약세,-8,-7,0,-1,-21.9,-24.2,1496.48,,-1.11,-2212.0,-2212.0,-2212.0,10,10,1.0,95.0,87.0,089010,371485,0,0,0,0,,,,,,,,,,,안전,2025.0,232.0,373.2,-37.8,CFS,영업이익(손실),dart_OperatingIncomeLoss,6.5,696.0,영업활동현금흐름,ifrs-full_CashFlowsFromUsedInOperatingActivities,ok,연간 영업이익 YoY 계산 성공,ok,OCF 추출 성공,2026 Q1,3개월,74.2,71.4,4.0,thstrm_amount,frmtrm_q_amount,CFS,fnlttSinglAcntAll,영업이익(손실),dart_OperatingIncomeLoss,ok,3개월 기준 YoY 계산 성공,관망,0,-3,현금창출약함,0.03,default,4,96.0,88.0,4.0,0.0,4.76,0.0,0.0,OFF,0.0,0.0,0.05193511293701966,SAFE,20.0,30.0,0.0,0.2246153846153846,3,15.0,0.571,4.0,0.0,18.75,1.49,31.33,1.05,14012.0,667.0,0.0,PYKRX,True,41.5,32.8,C,OBSERVE,40.8,C,OBSERVE,0.7
kosdaq,20260714,20260714_2021,009300,삼아제약,제약·바이오,12300,43.8,23.6,22.2,-36.1,2.2,-4.0,-10.9,-22.6,-3.8,-12.9,-21.6,0.75,19250,12040,5,0,0,1,4046,4418,0.4,0.5,0.6,0.92,0,0,0,0,0,-,41.9,0.1,0.0,0.1,0.3,1,8,약세,-8,-7,0,-1,-21.9,-24.2,1496.48,,-1.11,-2212.0,-2212.0,-2212.0,10,10,1.0,54.9,46.9,009300,126788,0,0,0,0,,,,,,,,,,,안전,2025.0,109.8,244.7,-55.1,CFS,영업이익,dart_OperatingIncomeLoss,107.2,252.5,영업활동으로 인한 현금흐름,ifrs-full_CashFlowsFromUsedInOperatingActivities,ok,연간 영업이익 YoY 계산 성공,ok,OCF 추출 성공,2026 Q1,3개월,20.8,74.4,-72.0,thstrm_amount,frmtrm_q_amount,CFS,fnlttSinglAcntAll,영업이익,dart_OperatingIncomeLoss,ok,3개월 기준 YoY 계산 성공,하락지속,-10,5,현금창출양호,0.98,default,0,49.9,41.9,5.0,0.0,5.67,0.0,0.0,OFF,0.0,0.0,0.019972028025736357,SAFE,18.0,0.0,0.0,0.36697247706422015,0,10.0,0.167,15.0,-10.0,10.475,0.33,5.8,6.91,37375.0,2120.0,15.0,PYKRX,True,41.4,20.1,B,OBSERVE,40.5,B,OBSERVE,0.9
kosdaq,20260714,20260714_2021,302430,이노메트리,기계·장비,5770,44.5,14.4,17.2,-50.0,3.0,-6.9,-24.7,-16.5,-9.3,-26.5,-22.8,1.09,11540,5600,5,0,0,1,34809,35787,2.2,2.1,2.3,0.97,0,0,0,0,0,-,58.1,0.1,0.0,-1.1,0.1,1,8,약세,-8,-7,0,-1,-21.9,-24.2,1496.48,,-1.11,-2212.0,-2212.0,-2212.0,10,10,1.0,71.1,63.1,302430,1258710,0,0,0,0,,,,,,,,,,,안전,2025.0,-57.0,-72.3,21.1,CFS,영업이익(손실),dart_OperatingIncomeLoss,56.8,147.6,영업활동으로 인한 현금흐름,ifrs-full_CashFlowsFromUsedInOperatingActivities,ok,연간 영업이익 YoY 계산 성공,ok,OCF 추출 성공,2026 Q1,3개월,2.5,-21.9,111.2,thstrm_amount,frmtrm_q_amount,CFS,fnlttSinglAcntAll,영업이익(손실),dart_OperatingIncomeLoss,ok,3개월 기준 YoY 계산 성공,성장지속,10,0,회계손실현금유입,,default,2,83.1,75.1,5.0,0.0,0.0,0.0,0.0,OFF,0.0,0.0,0.037311914776555904,SAFE,20.0,29.0,0.0,0.2793522267206478,0,0.0,0.043,13.0,11.0,14.525,0.95,0.0,0.0,6059.0,0.0,1.0,PYKRX,True,41.4,22.5,B,OBSERVE,39.5,B,OBSERVE,1.9
kosdaq,20260714,20260714_2021,452160,제이엔비,기계·장비,3135,40.5,24.1,28.1,-69.4,5.7,-6.8,-29.2,-42.8,-10.0,-28.9,-48.3,0.51,10250,2965,0,0,0,0,16125,20775,0.3,0.5,0.7,0.78,0,0,0,0,0,-,59.1,0.4,0.0,1.3,0.0,1,8,약세,-8,-7,0,-1,-21.9,-24.2,1496.48,,-1.11,-2212.0,-2212.0,-2212.0,10,10,1.0,67.1,59.1,452160,1309421,0,0,0,0,,,,,,,,,,,안전,2025.0,1.8,33.6,-94.8,CFS,영업이익(손실),dart_OperatingIncomeLoss,25.2,46.7,영업활동현금흐름,ifrs-full_CashFlowsFromUsedInOperatingActivities,ok,연간 영업이익 YoY 계산 성공,ok,OCF 추출 성공,2026 Q1,3개월,-3.7,11.4,-132.5,thstrm_amount,frmtrm_q_amount,CFS,fnlttSinglAcntAll,영업이익(손실),dart_OperatingIncomeLoss,ok,3개월 기준 YoY 계산 성공,하락지속,-10,5,현금창출양호,14.0,default,2,64.1,56.1,2.0,0.0,0.0,0.0,0.0,OFF,0.0,0.0,0.05954546604419519,SAFE,20.0,33.0,0.0,0.2328767123287671,3,15.0,0.571,10.0,-10.0,14.775,0.77,0.0,3.19,4084.0,0.0,10.0,PYKRX,True,41.3,29.4,C,OBSERVE,42.8,C,OBSERVE,-1.5
kosdaq,20260714,20260714_2021,086900,메디톡스,제약·바이오,70000,40.3,9.4,12.9,-60.7,2.2,-6.3,-21.4,-31.3,-10.1,-20.7,-37.3,0.81,178100,68500,0,0,0,0,26855,35799,20.0,19.2,28.3,0.75,0,0,0,0,0,-,65.1,-3.2,3.9,11.6,-2.0,1,8,약세,-8,-7,0,-1,-21.9,-24.2,1496.48,,-1.11,-2212.0,-2212.0,-2212.0,10,10,1.0,73.1,65.1,086900,580199,0,0,0,0,,,,,,,,,,,안전,2025.0,-104.2,-28.5,-265.7,CFS,영업외손익,dart_NonOperatingProfitLoss,614.1,365.6,영업활동현금흐름,ifrs-full_CashFlowsFromUsedInOperatingActivities,ok,연간 영업이익 YoY 계산 성공,ok,OCF 추출 성공,2026 Q1,3개월,23.3,-9.3,351.1,thstrm_amount,frmtrm_q_amount,CFS,fnlttSinglAcntAll,영업외손익,dart_NonOperatingProfitLoss,ok,3개월 기준 YoY 계산 성공,턴어라운드,20,0,회계손실현금유입,,default,2,95.1,87.1,2.0,0.0,3.67,0.0,0.0,OFF,1.0,8.0,0.046294421094890695,SAFE,17.0,7.0,0.0,0.294392523364486,0,0.0,0.025,10.0,17.0,16.275,1.08,29.52,1.71,64588.0,2371.0,0.0,PYKRX,True,41.3,24.8,C,OBSERVE,43.3,C,OBSERVE,-2.0
kosdaq,20260714,20260714_2021,200670,휴메딕스,제약·바이오,25700,42.0,16.9,18.7,-66.7,8.0,-2.8,-10.8,-22.7,-3.9,-10.2,-35.0,0.99,77200,23800,0,0,0,0,40019,36564,9.4,10.5,9.8,1.09,0,0,0,0,0,-,53.2,-8.2,9.7,-19.7,37.7,1,8,약세,-8,-7,0,-1,-21.9,-24.2,1496.48,,-1.11,-2212.0,-2212.0,-2212.0,10,10,1.0,61.2,53.2,200670,614478,0,0,0,0,,,,,,,,,,,안전,2025.0,423.3,431.4,-1.9,OFS,영업이익,dart_OperatingIncomeLoss,451.5,507.4,영업활동현금흐름,ifrs-full_CashFlowsFromUsedInOperatingActivities,ok,연간 영업이익 YoY 계산 성공,ok,OCF 추출 성공,2026 Q1,3개월,89.1,114.2,-22.0,thstrm_amount,frmtrm_q_amount,OFS,fnlttSinglAcntAll,영업이익,dart_OperatingIncomeLoss,ok,3개월 기준 YoY 계산 성공,하락지속,-10,5,현금창출양호,1.07,default,2,58.2,50.2,2.0,0.0,18.59,1.0,0.0,OFF,0.0,0.0,0.039218074507766904,SAFE,5.0,0.0,0.0,0.25925925925925924,0,10.0,0.153,15.0,-10.0,13.3,0.95,5.12,3.58,26994.0,5017.0,9.0,PYKRX,True,41.2,21.0,B,OBSERVE,37.3,B,OBSERVE,3.9
kosdaq,20260714,20260714_2021,198440,강동씨앤엘,비금속광물(시멘트·유리),1506,39.1,16.0,22.3,-48.6,65.3,-16.4,27.6,26.6,-16.8,11.5,28.5,0.15,2930,911,0,0,0,0,7079728,11615507,27.6,130.9,225.3,0.61,0,0,0,0,0,-,50.4,7.2,0.6,5.9,1.0,1,10,약세,-8,-7,0,-1,-21.9,-24.2,1496.48,,-1.11,-2212.0,-2212.0,-2212.0,10,10,1.0,60.4,52.4,198440,1032583,0,0,0,0,,,,,,,,,,,안전,2025.0,74.0,55.5,33.4,OFS,영업이익(손실),dart_OperatingIncomeLoss,39.1,160.3,영업활동현금흐름,ifrs-full_CashFlowsFromUsedInOperatingActivities,ok,연간 영업이익 YoY 계산 성공,ok,OCF 추출 성공,2026 Q1,3개월,-7.9,-8.2,3.7,thstrm_amount,frmtrm_q_amount,OFS,fnlttSinglAcntAll,영업이익(손실),dart_OperatingIncomeLoss,ok,3개월 기준 YoY 계산 성공,성장지속,10,2,현금창출보통,0.53,default,0,72.4,64.4,4.0,0.0,0.5,0.0,0.0,OFF,0.0,0.0,0.16944640890189386,SAFE,1.0,1.0,0.0,,0,3.0,0.035,12.0,6.0,12.6,0.68,136.91,0.0,2208.0,11.0,12.0,PYKRX,True,41.2,21.2,B,OBSERVE,45.6,B,OBSERVE,-4.4
kosdaq,20260714,20260714_2021,056360,코위버,반도체·전자부품,4905,38.4,19.6,24.1,-66.3,11.4,-3.6,-31.1,-52.3,-11.4,-35.7,-23.8,0.45,14550,4405,10,0,1,1,92812,122211,2.7,4.6,7.1,0.76,0,0,0,0,0,-,65.4,1.6,0.3,8.8,0.8,1,15,약세,-8,-7,0,-1,-21.9,-24.2,1496.48,,-1.11,-2212.0,-2212.0,-2212.0,10,10,1.0,90.4,82.4,056360,360674,0,0,0,0,,,,,,,,,,,안전,2025.0,3.1,-76.3,104.0,CFS,영업이익(손실),dart_OperatingIncomeLoss,36.7,-114.4,영업활동현금흐름,ifrs-full_CashFlowsFromUsedInOperatingActivities,ok,연간 영업이익 YoY 계산 성공,ok,OCF 추출 성공,2026 Q1,3개월,-21.9,-18.6,-17.8,thstrm_amount,frmtrm_q_amount,CFS,fnlttSinglAcntAll,영업이익(손실),dart_OperatingIncomeLoss,ok,3개월 기준 YoY 계산 성공,피크아웃,-15,5,현금창출양호,11.84,default,2,82.4,74.4,7.0,0.0,2.19,0.0,0.0,OFF,0.0,0.0,0.047669529610432866,SAFE,20.0,30.0,0.0,0.1157556270096463,3,13.0,0.268,13.0,-15.0,16.35,0.28,12.94,1.02,17332.0,379.0,12.0,PYKRX,True,40.5,26.4,B,OBSERVE,42.4,B,OBSERVE,-1.9
kosdaq,20260714,20260714_2021,037230,한국팩키지,펄프·종이,1374,46.2,15.1,26.8,-64.3,4.9,-3.5,-11.6,-41.9,-3.9,-20.3,-30.1,0.8,3850,1310,10,1,0,1,637458,217392,2.5,9.0,3.1,2.93,0,0,0,0,0,-,44.5,-0.1,-1.0,0.2,-0.3,1,0,약세,-8,-7,0,-1,-21.9,-24.2,1496.48,,-1.11,-2212.0,-2212.0,-2212.0,10,10,1.0,54.5,46.5,037230,198192,0,0,0,0,,,,,,,,,,,안전,2025.0,99.4,67.9,46.4,OFS,영업이익,dart_OperatingIncomeLoss,195.1,84.1,영업활동으로 인한 현금흐름,ifrs-full_CashFlowsFromUsedInOperatingActivities,ok,연간 영업이익 YoY 계산 성공,ok,OCF 추출 성공,2026 Q1,3개월,11.8,23.1,-48.7,thstrm_amount,frmtrm_q_amount,OFS,fnlttSinglAcntAll,영업이익,dart_OperatingIncomeLoss,ok,3개월 기준 YoY 계산 성공,피크아웃,-15,5,현금창출양호,1.96,default,2,46.5,38.5,3.0,0.0,5.09,0.0,0.0,OFF,0.0,0.0,0.02753694075976065,SAFE,19.0,1.0,0.0,0.3017241379310345,0,-10.0,-0.355,18.0,-15.0,11.125,0.37,7.19,3.64,3754.0,191.0,15.0,PYKRX,True,40.1,-4.8,B,OBSERVE,19.1,B,OBSERVE,21.0
kosdaq,20260714,20260714_2021,317830,에스피시스템스,기계·장비,4310,33.7,16.1,13.5,-75.1,6.6,-11.0,-36.3,-57.3,-17.9,-41.6,-57.4,0.62,17300,4045,0,0,0,0,41372,61386,1.7,1.9,3.3,0.67,0,0,0,0,0,-,77.5,1.1,0.0,7.9,0.1,1,8,약세,-8,-7,0,-1,-21.9,-24.2,1496.48,,-1.11,-2212.0,-2212.0,-2212.0,10,10,1.0,85.5,77.5,317830,624749,0,0,0,0,,,,,,,,,,,안전,2025.0,-7.6,-28.0,72.7,CFS,영업이익(손실),dart_OperatingIncomeLoss,49.8,10.0,영업활동현금흐름,ifrs-full_CashFlowsFromUsedInOperatingActivities,ok,연간 영업이익 YoY 계산 성공,ok,OCF 추출 성공,2026 Q1,3개월,-15.9,-15.1,-4.8,thstrm_amount,frmtrm_q_amount,CFS,fnlttSinglAcntAll,영업이익(손실),dart_OperatingIncomeLoss,ok,3개월 기준 YoY 계산 성공,관망,0,0,회계손실현금유입,,default,0,85.5,77.5,2.0,0.0,0.0,0.0,0.0,OFF,0.0,0.0,0.05757119069626494,SAFE,20.0,33.0,0.0,0.30303030303030304,0,15.0,0.333,8.0,0.0,19.375,0.87,0.0,0.0,4982.0,0.0,1.0,PYKRX,True,40.0,30.2,C,OBSERVE,43.4,C,OBSERVE,-3.4
kosdaq,20260714,20260714_2021,014940,오리엔탈정공,기계·장비,4275,37.9,23.6,16.5,-67.1,6.3,-5.1,-26.0,-37.8,-12.1,-26.3,-44.8,0.75,12990,4020,0,0,0,0,246426,277308,9.1,10.9,13.8,0.89,0,0,0,0,0,-,66.2,14.2,0.0,16.7,0.0,1,8,약세,-8,-7,0,-1,-21.9,-24.2,1496.48,,-1.11,-2212.0,-2212.0,-2212.0,10,10,1.0,74.2,66.2,014940,141608,0,0,0,0,,,,,,,,,,,안전,2025.0,242.8,248.7,-2.4,CFS,영업이익(손실),dart_OperatingIncomeLoss,279.1,251.9,영업활동현금흐름,ifrs-full_CashFlowsFromUsedInOperatingActivities,ok,연간 영업이익 YoY 계산 성공,ok,OCF 추출 성공,2026 Q1,3개월,79.8,82.0,-2.6,thstrm_amount,frmtrm_q_amount,CFS,fnlttSinglAcntAll,영업이익(손실),dart_OperatingIncomeLoss,ok,3개월 기준 YoY 계산 성공,하락지속,-10,5,현금창출양호,1.15,default,2,71.2,63.2,2.0,0.0,15.26,0.0,0.0,OFF,0.0,0.0,0.05005232855122316,SAFE,19.0,7.0,0.0,0.19615384615384615,3,15.0,1.029,15.0,-10.0,16.55,1.55,10.18,0.0,2752.0,420.0,0.0,PYKRX,True,40.0,34.0,B,OBSERVE,39.6,B,OBSERVE,0.4
kosdaq,20260714,20260714_2021,030520,한글과컴퓨터,출판·SW,16430,40.8,19.1,9.0,-47.3,5.2,-9.1,-19.3,-18.7,-9.5,-14.0,-25.5,0.99,31150,15620,0,0,0,0,159241,141136,23.3,27.1,25.7,1.13,0,0,0,0,0,-,61.5,7.0,-7.8,-30.2,-17.6,1,8,약세,-8,-7,0,-1,-21.9,-24.2,1496.48,,-1.11,-2212.0,-2212.0,-2212.0,10,10,1.0,69.5,61.5,030520,204262,0,0,0,0,,,,,,,,,,,안전,2025.0,364.0,404.2,-10.0,CFS,영업이익(손실),dart_OperatingIncomeLoss,697.3,559.7,영업활동현금흐름,ifrs-full_CashFlowsFromUsedInOperatingActivities,ok,연간 영업이익 YoY 계산 성공,ok,OCF 추출 성공,2026 Q1,3개월,85.6,83.9,2.1,thstrm_amount,frmtrm_q_amount,CFS,fnlttSinglAcntAll,영업이익(손실),dart_OperatingIncomeLoss,ok,3개월 기준 YoY 계산 성공,관망,0,5,현금창출양호,1.92,default,2,76.5,68.5,2.0,0.0,9.29,0.0,0.0,OFF,0.0,0.0,0.03869707158881267,SAFE,11.0,5.0,0.0,0.4715025906735751,0,0.0,-0.031,17.0,0.0,15.375,1.07,11.51,2.43,15357.0,1427.0,3.0,PYKRX,True,40.0,18.2,B,OBSERVE,35.4,B,OBSERVE,4.6
kosdaq,20260714,20260714_2021,950140,잉글우드랩,화학,7930,45.5,13.2,4.7,-53.1,3.5,-10.9,-14.5,-30.1,-8.0,-17.3,-32.2,2.18,16910,7660,0,0,0,0,42316,31289,5.6,3.6,2.7,1.35,0,0,0,0,0,-,62.2,0.1,-2.3,3.2,-3.3,1,8,약세,-8,-7,0,-1,-21.9,-24.2,1496.48,,-1.11,-2212.0,-2212.0,-2212.0,10,10,1.0,70.2,62.2,950140,1165739,0,0,0,0,,,,,,,,,,,안전,2025.0,0.3,0.1,90.7,CFS,영업이익(손실),dart_OperatingIncomeLoss,0.2,0.1,영업활동현금흐름,ifrs-full_CashFlowsFromUsedInOperatingActivities,ok,연간 영업이익 YoY 계산 성공,ok,OCF 추출 성공,2026 Q1,3개월,0.0,0.0,21.5,thstrm_amount,frmtrm_q_amount,CFS,fnlttSinglAcntAll,영업이익,dart_OperatingIncomeLoss,ok,3개월 기준 YoY 계산 성공,성장지속,10,2,현금창출보통,0.67,default,-2,80.2,72.2,4.0,0.0,,,0.0,OFF,0.0,0.0,0.03240206273965948,SAFE,12.0,0.0,0.0,0.7517241379310345,0,-10.0,-0.815,15.0,11.0,15.55,,,,,,0.0,PYKRX,True,40.0,12.4,B,OBSERVE,31.6,B,OBSERVE,8.4
kosdaq,20260714,20260714_2021,047770,코데즈컴바인,의복,2625,40.2,18.3,24.7,-56.0,61.5,-11.0,-26.8,-46.0,-9.9,-20.1,-23.3,0.33,5960,1625,0,0,0,0,389318,1232794,9.3,10.5,40.1,0.32,0,0,0,0,0,-,61.1,1.1,0.0,-12.7,0.0,1,8,약세,-8,-7,0,-1,-21.9,-24.2,1496.48,,-1.11,-2212.0,-2212.0,-2212.0,10,10,1.0,69.1,61.1,047770,329093,0,0,0,0,,,,,,,,,,,안전,2025.0,24.2,10.6,128.2,CFS,영업이익,dart_OperatingIncomeLoss,45.6,40.1,영업활동현금흐름,ifrs-full_CashFlowsFromUsedInOperatingActivities,ok,연간 영업이익 YoY 계산 성공,ok,OCF 추출 성공,2026 Q1,3개월,7.8,4.4,77.4,thstrm_amount,frmtrm_q_amount,CFS,fnlttSinglAcntAll,영업이익,dart_OperatingIncomeLoss,ok,3개월 기준 YoY 계산 성공,성장지속,10,5,현금창출양호,1.88,default,0,84.1,76.1,2.0,0.0,6.31,0.0,0.0,OFF,1.0,8.0,0.0843547211083905,SAFE,8.0,7.0,0.0,0.4104477611940298,0,0.0,0.027,23.0,11.0,15.275,1.42,22.44,0.0,1855.0,117.0,0.0,PYKRX,True,39.8,30.7,B,OBSERVE,49.3,B,OBSERVE,-9.5
kosdaq,20260714,20260714_2021,036620,감성코퍼레이션,도매,3925,43.9,36.7,30.6,-49.0,10.9,-8.2,-21.7,-26.8,-6.9,-19.4,-30.2,0.8,7700,3540,0,0,0,0,312250,627090,20.0,12.6,26.6,0.5,0,0,0,0,0,-,47.4,-13.5,12.8,3.7,-12.7,1,8,약세,-8,-7,0,-1,-21.9,-24.2,1496.48,,-1.11,-2212.0,-2212.0,-2212.0,10,10,1.0,55.4,47.4,036620,261009,0,0,0,0,,,,,,,,,,,안전,2025.0,446.3,360.5,23.8,OFS,영업이익(손실),dart_OperatingIncomeLoss,390.0,58.2,영업활동현금흐름,ifrs-full_CashFlowsFromUsedInOperatingActivities,ok,연간 영업이익 YoY 계산 성공,ok,OCF 추출 성공,2026 Q1,3개월,94.7,68.5,38.3,thstrm_amount,frmtrm_q_amount,OFS,fnlttSinglAcntAll,영업이익(손실),dart_OperatingIncomeLoss,ok,3개월 기준 YoY 계산 성공,성장지속,10,5,현금창출양호,0.87,default,2,72.4,64.4,2.0,0.0,26.06,0.0,0.0,OFF,1.0,8.0,0.047233368941629536,SAFE,15.0,1.0,0.0,0.3778801843317972,0,0.0,-0.026,23.0,11.0,11.85,2.64,10.14,0.0,1485.0,387.0,0.0,PYKRX,True,39.5,29.7,B,OBSERVE,45.8,B,OBSERVE,-6.3
kosdaq,20260714,20260714_2021,264850,이랜시스,반도체·전자부품,3705,36.2,15.9,16.8,-61.1,5.1,-6.3,-33.7,-37.2,-14.6,-35.7,-39.7,0.87,9530,3525,5,0,1,0,199669,225966,7.3,7.6,10.0,0.88,0,0,0,0,0,-,72.5,2.5,0.4,15.9,0.9,1,15,약세,-8,-7,0,-1,-21.9,-24.2,1496.48,,-1.11,-2212.0,-2212.0,-2212.0,10,10,1.0,92.5,84.5,264850,1199189,0,0,0,0,,,,,,,,,,,안전,2025.0,38.9,58.5,-33.6,CFS,영업이익,dart_OperatingIncomeLoss,51.6,79.0,영업활동현금흐름,ifrs-full_CashFlowsFromUsedInOperatingActivities,ok,연간 영업이익 YoY 계산 성공,ok,OCF 추출 성공,2026 Q1,3개월,11.8,13.9,-15.4,thstrm_amount,frmtrm_q_amount,CFS,fnlttSinglAcntAll,영업이익,dart_OperatingIncomeLoss,ok,3개월 기준 YoY 계산 성공,하락지속,-10,5,현금창출양호,1.33,default,4,91.5,83.5,4.0,0.0,7.87,0.0,0.0,OFF,0.0,0.0,0.05066918243517696,SAFE,20.0,30.0,0.0,0.18694362017804153,3,13.0,0.29,15.0,-10.0,18.125,2.08,26.46,1.35,1780.0,140.0,0.0,PYKRX,True,39.4,32.0,B,OBSERVE,39.1,B,OBSERVE,0.3
kosdaq,20260714,20260714_2021,221980,케이디켐,화학,9480,37.5,26.0,-10.9,-18.4,1.4,-3.4,-5.7,-8.2,-3.0,-5.2,-8.5,1.5,11620,9350,0,0,0,0,574,1129,0.1,0.1,0.1,0.51,0,0,0,0,0,-,52.5,0.0,0.0,0.2,0.0,1,0,약세,-8,-7,0,-1,-21.9,-24.2,1496.48,,-1.11,-2212.0,-2212.0,-2212.0,10,10,1.0,52.5,44.5,221980,370918,0,0,0,0,,,,,,,,,,,안전,2025.0,69.7,74.7,-6.7,CFS,Ⅳ.영업이익,dart_OperatingIncomeLoss,65.1,70.4,Ⅰ.영업활동으로 인한 현금흐름,ifrs-full_CashFlowsFromUsedInOperatingActivities,ok,연간 영업이익 YoY 계산 성공,ok,OCF 추출 성공,2026 Q1,3개월,19.8,18.4,7.6,thstrm_amount,frmtrm_q_amount,CFS,fnlttSinglAcntAll,Ⅳ.영업이익,dart_OperatingIncomeLoss,ok,3개월 기준 YoY 계산 성공,관망,0,5,현금창출양호,0.93,default,-3,54.5,46.5,0.0,0.0,3.42,0.0,0.0,OFF,0.0,0.0,0.010770857845606772,SAFE,2.0,0.0,0.0,0.5964912280701754,0,0.0,0.0,17.0,0.0,13.125,0.35,10.13,5.27,27391.0,936.0,15.0,PYKRX,True,39.0,17.5,B,OBSERVE,45.1,B,OBSERVE,-6.1
kosdaq,20260714,20260714_2021,461300,아이스크림미디어,출판·SW,15360,40.5,8.3,1.6,-44.2,8.7,-5.2,-8.5,-1.2,-5.9,-9.2,-10.9,0.77,27550,14130,5,0,0,1,28652,46267,5.4,4.5,7.6,0.62,0,0,0,0,0,-,60.5,-4.2,-2.3,5.1,-31.6,1,0,약세,-8,-7,0,-1,-21.9,-24.2,1496.48,,-1.11,-2212.0,-2212.0,-2212.0,10,10,1.0,65.5,57.5,461300,657224,0,0,0,0,,,,,,,,,,,안전,2025.0,617.6,461.0,34.0,OFS,영업이익,dart_OperatingIncomeLoss,573.0,400.1,영업활동으로 인한 현금흐름,ifrs-full_CashFlowsFromUsedInOperatingActivities,ok,연간 영업이익 YoY 계산 성공,ok,OCF 추출 성공,2026 Q1,3개월,-84.3,-95.2,11.5,thstrm_amount,frmtrm_q_amount,OFS,fnlttSinglAcntAll,영업이익,dart_OperatingIncomeLoss,ok,3개월 기준 YoY 계산 성공,성장지속,10,5,현금창출양호,0.93,default,-3,77.5,69.5,3.0,0.0,24.18,1.0,0.0,OFF,0.0,0.0,0.026844045315205862,SAFE,5.0,0.0,0.0,0.611764705882353,0,-10.0,-0.855,23.0,6.0,15.125,0.95,3.95,10.12,16098.0,3893.0,9.0,PYKRX,True,38.9,15.1,B,OBSERVE,43.1,B,OBSERVE,-4.2
kosdaq,20260714,20260714_2021,044490,태웅,금속가공,25850,42.9,12.7,22.8,-57.8,14.6,-8.7,-24.4,-42.6,-14.9,-29.2,-25.8,0.61,61300,22550,0,0,0,0,137877,212583,26.9,37.8,73.0,0.65,0,0,0,0,0,-,58.1,-16.7,3.2,-66.7,37.8,1,8,약세,-8,-7,0,-1,-21.9,-24.2,1496.48,,-1.11,-2212.0,-2212.0,-2212.0,10,10,1.0,66.1,58.1,044490,186799,0,0,0,0,,,,,,,,,,,안전,2025.0,50.2,228.2,-78.0,OFS,영업이익(손실),dart_OperatingIncomeLoss,278.2,666.9,영업활동으로 인한 현금흐름,ifrs-full_CashFlowsFromUsedInOperatingActivities,ok,연간 영업이익 YoY 계산 성공,ok,OCF 추출 성공,2026 Q1,3개월,27.9,9.4,196.2,thstrm_amount,frmtrm_q_amount,OFS,fnlttSinglAcntAll,영업이익(손실),dart_OperatingIncomeLoss,ok,3개월 기준 YoY 계산 성공,턴어라운드,20,5,현금창출양호,5.54,default,0,91.1,83.1,2.0,0.0,0.89,0.0,0.0,OFF,0.0,0.0,0.10028889364091079,SAFE,12.0,1.0,0.0,0.35655737704918034,0,-10.0,-0.185,15.0,17.0,14.525,0.85,95.39,0.0,30459.0,271.0,6.0,PYKRX,True,38.8,16.3,B,OBSERVE,42.5,B,OBSERVE,-3.7
kosdaq,20260714,20260714_2021,110790,크리스에프앤씨,의복,2865,41.7,24.5,8.2,-44.8,4.9,-7.4,-11.8,-27.1,-5.1,-14.1,-27.0,0.93,5190,2730,5,0,0,1,5406,8502,0.2,0.2,0.3,0.64,4,0,0,0,1,거래량동반양봉,54.4,0.1,0.0,0.1,0.0,1,8,약세,-8,-7,0,-1,-21.9,-24.2,1496.48,,-1.11,-2212.0,-2212.0,-2212.0,10,10,1.0,71.4,63.400000000000006,110790,522007,0,0,0,0,,,,,,,,,,,안전,2025.0,-47.3,121.4,-138.9,CFS,영업이익(손실),dart_OperatingIncomeLoss,394.4,57.3,영업활동 현금흐름,ifrs-full_CashFlowsFromUsedInOperatingActivities,ok,연간 영업이익 YoY 계산 성공,ok,OCF 추출 성공,2026 Q1,3개월,-67.2,-46.5,-44.5,thstrm_amount,frmtrm_q_amount,CFS,fnlttSinglAcntAll,영업이익(손실),dart_OperatingIncomeLoss,ok,3개월 기준 YoY 계산 성공,하락지속,-10,0,회계손실현금유입,,default,-1,60.4,52.4,5.0,0.0,3.53,0.0,0.0,OFF,0.0,0.0,0.0186063812964682,SAFE,17.0,0.0,0.0,0.6271186440677966,4,15.0,0.333,5.0,-10.0,13.6,0.16,4.66,11.17,17440.0,615.0,15.0,PYKRX,True,38.7,27.1,C,OBSERVE,42.6,C,OBSERVE,-3.9
kosdaq,20260714,20260714_2021,396470,워트,기계·장비,5100,41.7,15.3,16.5,-53.5,5.0,-6.1,-27.7,-29.3,-11.0,-27.2,-29.8,0.76,10960,4855,0,0,0,0,60000,89650,3.5,3.1,5.2,0.67,0,0,0,0,0,-,63.4,0.6,0.0,-0.3,-0.3,1,8,약세,-8,-7,0,-1,-21.9,-24.2,1496.48,,-1.11,-2212.0,-2212.0,-2212.0,10,10,1.0,71.4,63.400000000000006,396470,866451,0,0,0,0,,,,,,,,,,,안전,2025.0,24.8,20.3,22.3,CFS,영업이익,dart_OperatingIncomeLoss,19.3,58.6,영업활동으로 인한 현금흐름,ifrs-full_CashFlowsFromUsedInOperatingActivities,ok,연간 영업이익 YoY 계산 성공,ok,OCF 추출 성공,2026 Q1,3개월,9.6,10.3,-6.9,thstrm_amount,frmtrm_q_amount,CFS,fnlttSinglAcntAll,영업이익,dart_OperatingIncomeLoss,ok,3개월 기준 YoY 계산 성공,관망,0,5,현금창출양호,0.78,default,2,78.4,70.4,2.0,0.0,5.39,0.0,0.0,OFF,0.0,0.0,0.05183997250605072,SAFE,19.0,7.0,0.0,0.22021660649819494,3,5.0,0.115,18.0,0.0,15.85,1.24,23.08,1.37,4097.0,221.0,0.0,PYKRX,True,38.5,31.2,B,OBSERVE,41.8,B,OBSERVE,-3.3
kosdaq,20260714,20260714_2021,452190,한빛레이저,기계·장비,3395,34.8,16.5,21.4,-67.9,5.8,-7.7,-36.4,-22.0,-16.3,-40.8,-33.5,0.72,10590,3210,0,0,0,0,167601,259899,6.2,5.8,11.2,0.64,0,0,0,0,0,-,72.6,0.5,0.0,13.2,0.2,1,8,약세,-8,-7,0,-1,-21.9,-24.2,1496.48,,-1.11,-2212.0,-2212.0,-2212.0,10,10,1.0,80.6,72.6,452190,607496,0,0,0,0,,,,,,,,,,,안전,2025.0,19.6,-25.6,176.5,CFS,영업이익(손실),dart_OperatingIncomeLoss,3.0,38.9,영업활동현금흐름,ifrs-full_CashFlowsFromUsedInOperatingActivities,ok,연간 영업이익 YoY 계산 성공,ok,OCF 추출 성공,2026 Q1,3개월,1.7,-12.3,113.9,thstrm_amount,frmtrm_q_amount,CFS,fnlttSinglAcntAll,영업이익(손실),dart_OperatingIncomeLoss,ok,3개월 기준 YoY 계산 성공,성장지속,10,-3,현금창출약함,0.15,default,2,89.6,81.6,2.0,0.0,7.93,0.0,0.0,OFF,0.0,0.0,0.05152211610169038,SAFE,20.0,31.0,0.0,0.21153846153846156,3,0.0,0.045,10.0,11.0,18.15,2.59,32.64,0.0,1311.0,104.0,0.0,PYKRX,True,38.3,27.1,C,OBSERVE,42.2,C,OBSERVE,-3.9
kosdaq,20260714,20260714_2021,139670,키네마스터,출판·SW,1421,42.8,38.6,26.8,-53.3,7.2,-3.9,-11.0,-26.2,-4.2,-14.3,-28.8,0.97,3040,1326,5,0,0,1,23685,25506,0.4,0.3,0.4,0.93,0,0,0,0,0,-,45.6,-0.1,0.0,0.2,0.0,1,0,약세,-8,-7,0,-1,-21.9,-24.2,1496.48,,-1.11,-2212.0,-2212.0,-2212.0,10,10,1.0,50.6,42.6,139670,535375,0,0,0,0,,,,,,,,,,,안전,2025.0,9.3,5.9,56.3,CFS,영업이익(손실),dart_OperatingIncomeLoss,29.3,34.8,영업활동현금흐름,ifrs-full_CashFlowsFromUsedInOperatingActivities,ok,연간 영업이익 YoY 계산 성공,ok,OCF 추출 성공,2026 Q1,3개월,3.2,2.8,15.1,thstrm_amount,frmtrm_q_amount,CFS,fnlttSinglAcntAll,영업이익(손실),dart_OperatingIncomeLoss,ok,3개월 기준 YoY 계산 성공,성장지속,10,5,현금창출양호,3.15,default,2,67.6,59.6,3.0,0.0,13.52,1.0,0.0,OFF,0.0,0.0,0.03201119820267821,SAFE,18.0,3.0,0.0,0.35454545454545455,0,-10.0,-0.25,23.0,6.0,11.4,0.79,5.87,0.0,1790.0,242.0,6.0,PYKRX,True,37.5,14.0,B,OBSERVE,36.4,B,OBSERVE,1.1
kosdaq,20260714,20260714_2021,256840,한국비엔씨,제약·바이오,2320,38.9,15.0,9.4,-62.5,4.0,-9.0,-21.5,-37.9,-10.4,-22.9,-46.1,0.73,6180,2230,0,0,0,0,411652,677668,11.7,9.9,17.6,0.61,0,0,0,0,0,-,67.4,2.6,0.0,17.2,0.0,1,8,약세,-8,-7,0,-1,-21.9,-24.2,1496.48,,-1.11,-2212.0,-2212.0,-2212.0,10,10,1.0,75.4,67.4,256840,1179617,0,0,0,0,,,,,,,,,,,안전,2025.0,16.3,107.1,-84.8,CFS,영업이익,dart_OperatingIncomeLoss,71.6,167.0,영업활동현금흐름,ifrs-full_CashFlowsFromUsedInOperatingActivities,ok,연간 영업이익 YoY 계산 성공,ok,OCF 추출 성공,2026 Q1,3개월,-14.8,38.0,-139.0,thstrm_amount,frmtrm_q_amount,CFS,fnlttSinglAcntAll,영업이익,dart_OperatingIncomeLoss,ok,3개월 기준 YoY 계산 성공,하락지속,-10,5,현금창출양호,4.39,default,0,70.4,62.4,2.0,0.0,1.23,0.0,0.0,OFF,0.0,0.0,0.049719457044814244,SAFE,17.0,7.0,0.0,0.4186046511627907,0,5.0,0.148,15.0,-10.0,16.85,0.68,55.24,3.02,3417.0,42.0,15.0,PYKRX,True,37.4,16.1,B,OBSERVE,41.8,B,OBSERVE,-4.4
kosdaq,20260714,20260714_2021,019010,베뉴지,소매,4200,35.6,9.6,5.1,-42.5,90.9,-14.7,-20.8,-18.6,-18.2,-20.5,5.3,0.79,7300,2200,5,0,1,0,111936,157469,5.4,4.9,8.3,0.71,0,0,0,0,0,-,72.0,-0.8,1.9,3.1,11.7,1,8,약세,-8,-7,0,-1,-21.9,-24.2,1496.48,,-1.11,-2212.0,-2212.0,-2212.0,10,10,1.0,85.0,77.0,019010,267906,0,0,0,0,,,,,,,,,,,안전,2025.0,150.5,184.3,-18.4,CFS,영업이익,dart_OperatingIncomeLoss,179.5,178.7,영업활동현금흐름,ifrs-full_CashFlowsFromUsedInOperatingActivities,ok,연간 영업이익 YoY 계산 성공,ok,OCF 추출 성공,2026 Q1,3개월,19.2,21.4,-10.3,thstrm_amount,frmtrm_q_amount,CFS,fnlttSinglAcntAll,영업이익(손실),dart_OperatingIncomeLoss,ok,3개월 기준 YoY 계산 성공,하락지속,-10,5,현금창출양호,1.19,default,-3,77.0,69.0,2.0,0.0,23.99,1.0,0.0,OFF,0.0,0.0,0.05387233452711665,SAFE,4.0,4.0,0.0,0.7067307692307692,0,5.0,0.133,15.0,-10.0,18.0,0.43,1.8,1.67,9718.0,2331.0,12.0,PYKRX,True,37.3,16.4,B,OBSERVE,40.0,B,OBSERVE,-2.7
kosdaq,20260714,20260714_2021,330350,위더스제약,제약·바이오,6080,29.2,6.7,26.5,-49.1,2.0,-1.1,-25.7,-28.9,-11.8,-16.4,-21.5,0.7,11950,5960,10,0,1,1,229484,1355603,53.0,14.1,109.1,0.17,0,0,0,0,0,-,76.9,-6.4,-0.6,0.9,0.1,1,0,약세,-8,-7,0,-1,-21.9,-24.2,1496.48,,-1.11,-2212.0,-2212.0,-2212.0,10,10,1.0,86.9,78.9,330350,765851,0,0,0,0,,,,,,,,,,,안전,2025.0,56.6,56.6,0.0,OFS,영업이익,dart_OperatingIncomeLoss,67.8,96.3,영업활동현금흐름,ifrs-full_CashFlowsFromUsedInOperatingActivities,ok,연간 영업이익 YoY 계산 성공,ok,OCF 추출 성공,2026 Q1,3개월,2.4,20.8,-88.3,thstrm_amount,frmtrm_q_amount,OFS,fnlttSinglAcntAll,영업이익,dart_OperatingIncomeLoss,ok,3개월 기준 YoY 계산 성공,관망,0,5,현금창출양호,1.2,default,2,93.9,85.9,3.0,0.0,5.06,0.0,0.0,OFF,0.0,0.0,0.08309067713966158,SAFE,7.0,7.0,0.0,0.04280155642023347,3,0.0,-0.064,15.0,0.0,19.225,0.82,16.17,0.0,7425.0,376.0,12.0,PYKRX,True,37.2,23.8,B,OBSERVE,49.2,B,OBSERVE,-12.0
kosdaq,20260714,20260714_2021,417790,트루엔,반도체·전자부품,5670,33.5,12.7,-3.4,-42.2,2.7,-13.4,-12.1,-23.4,-9.2,-14.6,-25.9,0.96,9810,5520,5,1,0,0,28335,20493,1.1,1.7,1.3,1.38,0,0,0,0,0,-,72.0,-1.5,0.3,-0.4,1.8,1,8,약세,-8,-7,0,-1,-21.9,-24.2,1496.48,,-1.11,-2212.0,-2212.0,-2212.0,10,10,1.0,85.0,77.0,417790,1134216,0,0,0,0,,,,,,,,,,,안전,2025.0,132.5,154.6,-14.2,OFS,영업이익(손실),dart_OperatingIncomeLoss,127.8,167.0,영업활동현금흐름,ifrs-full_CashFlowsFromUsedInOperatingActivities,ok,연간 영업이익 YoY 계산 성공,ok,OCF 추출 성공,2026 Q1,3개월,16.8,24.6,-31.6,thstrm_amount,frmtrm_q_amount,OFS,fnlttSinglAcntAll,영업이익(손실),dart_OperatingIncomeLoss,ok,3개월 기준 YoY 계산 성공,하락지속,-10,5,현금창출양호,0.96,default,-1,79.0,71.0,2.0,0.0,11.06,1.0,0.0,OFF,0.0,0.0,0.025356105300573528,SAFE,12.0,1.0,0.0,1.1074380165289257,0,-10.0,-0.923,15.0,-10.0,18.0,0.54,4.9,3.53,10450.0,1156.0,15.0,PYKRX,True,36.9,-1.6,B,OBSERVE,28.0,B,OBSERVE,8.9
kosdaq,20260714,20260714_2021,019990,에너토크,기계·장비,4790,39.4,22.9,21.7,-59.6,5.6,-6.4,-23.7,-45.6,-10.4,-30.4,-39.9,0.54,11860,4535,5,0,0,1,42509,63685,1.5,2.0,3.6,0.67,0,0,0,0,0,-,60.8,-0.4,0.0,-1.5,0.0,1,0,약세,-8,-7,0,-1,-21.9,-24.2,1496.48,,-1.11,-2212.0,-2212.0,-2212.0,10,10,1.0,65.8,57.8,019990,169215,0,0,0,0,,,,,,,,,,,안전,2025.0,-41.0,0.8,-4987.3,CFS,영업이익(손실),dart_OperatingIncomeLoss,1.7,4.5,영업활동현금흐름,ifrs-full_CashFlowsFromUsedInOperatingActivities,ok,연간 영업이익 YoY 계산 성공,ok,OCF 추출 성공,2026 Q1,3개월,0.7,-1.1,167.9,thstrm_amount,frmtrm_q_amount,CFS,fnlttSinglAcntAll,영업이익(손실),dart_OperatingIncomeLoss,ok,3개월 기준 YoY 계산 성공,턴어라운드,20,0,회계손실현금유입,,default,0,85.8,77.8,3.0,0.0,0.0,0.0,0.0,OFF,0.0,0.0,0.050000626480899146,SAFE,20.0,33.0,0.0,0.27004219409282704,0,0.0,-0.111,10.0,17.0,15.2,1.21,0.0,2.09,3958.0,0.0,-2.0,PYKRX,True,36.8,24.5,C,OBSERVE,40.2,C,OBSERVE,-3.4
kosdaq,20260714,20260714_2021,079370,제우스,기계·장비,9440,46.5,31.1,32.0,-54.9,9.8,0.6,-21.4,-38.7,-5.8,-21.6,-36.3,0.9,20950,8600,5,0,1,0,325509,298819,25.8,30.2,30.0,1.09,6,0,1,1,0,5일선회복/+3%반등,43.2,9.6,14.3,19.8,19.8,1,15,약세,-8,-7,0,-1,-21.9,-24.2,1496.48,,-1.11,-2212.0,-2212.0,-2212.0,10,10,1.0,69.2,61.2,079370,442570,0,0,0,0,,,,,,,,,,,안전,2025.0,-44.6,491.7,-109.1,CFS,영업이익,dart_OperatingIncomeLoss,280.4,580.0,영업활동현금흐름,ifrs-full_CashFlowsFromUsedInOperatingActivities,ok,연간 영업이익 YoY 계산 성공,ok,OCF 추출 성공,2026 Q1,3개월,-171.4,-4.0,-4238.7,thstrm_amount,frmtrm_q_amount,CFS,fnlttSinglAcntAll,영업이익,dart_OperatingIncomeLoss,ok,3개월 기준 YoY 계산 성공,하락지속,-10,0,회계손실현금유입,,default,7,66.2,58.2,4.0,0.0,0.0,0.0,0.0,OFF,0.0,0.0,0.045917498536280035,SAFE,18.0,8.0,0.0,-0.028037383177570093,11,15.0,0.797,5.0,-10.0,10.8,0.87,0.0,0.53,10867.0,0.0,1.0,PYKRX,True,36.7,40.2,C,OBSERVE,32.8,C,OBSERVE,3.9
kosdaq,20260714,20260714_2021,469610,이노테크,기계·장비,12860,45.1,8.7,24.7,-84.9,3.3,-6.8,-15.6,-31.8,-13.9,-25.6,,0.36,85000,12450,0,0,0,0,82759,190817,9.3,11.0,32.5,0.43,0,0,0,0,0,-,50.3,3.2,0.0,-1.1,-4.5,1,8,약세,-8,-7,0,-1,-21.9,-24.2,1496.48,,-1.11,-2212.0,-2212.0,-2212.0,10,10,1.0,58.3,50.3,469610,1745173,0,0,0,0,,,,,,,,,,,안전,2025.0,86.4,57.0,51.4,CFS,영업이익(손실),dart_OperatingIncomeLoss,104.1,68.8,영업활동현금흐름,ifrs-full_CashFlowsFromUsedInOperatingActivities,ok,연간 영업이익 YoY 계산 성공,ok,OCF 추출 성공,2026 Q1,3개월,30.5,30.2,0.8,thstrm_amount,frmtrm_q_amount,CFS,fnlttSinglAcntAll,영업이익(손실),dart_OperatingIncomeLoss,ok,3개월 기준 YoY 계산 성공,성장지속,10,5,현금창출양호,1.2,default,0,73.3,65.3,2.0,0.0,15.95,0.0,0.0,OFF,0.0,0.0,0.10593016744113183,SAFE,12.0,1.0,0.0,0.4358974358974359,0,5.0,0.098,20.0,6.0,12.575,1.85,11.59,0.0,6961.0,1110.0,0.0,PYKRX,True,36.1,30.0,B,OBSERVE,43.6,B,OBSERVE,-7.5
kosdaq,20260714,20260714_2021,299170,더블유에스아이,도매,1236,42.2,17.5,16.1,-75.3,3.9,-8.3,-22.3,-49.6,-10.0,-26.6,-47.9,0.85,5000,1190,0,0,0,0,174617,253928,2.7,2.3,3.5,0.69,0,0,0,0,0,-,59.5,0.5,0.0,6.8,0.0,1,8,약세,-8,-7,0,-1,-21.9,-24.2,1496.48,,-1.11,-2212.0,-2212.0,-2212.0,10,10,1.0,67.5,59.5,299170,1318261,0,0,0,0,,,,,,,,,,,안전,2025.0,39.2,38.5,1.7,CFS,영업이익(손실),dart_OperatingIncomeLoss,30.9,67.4,영업활동현금흐름,ifrs-full_CashFlowsFromUsedInOperatingActivities,ok,연간 영업이익 YoY 계산 성공,ok,OCF 추출 성공,2026 Q1,3개월,-1.7,10.5,-116.4,thstrm_amount,frmtrm_q_amount,CFS,fnlttSinglAcntAll,영업이익(손실),dart_OperatingIncomeLoss,ok,3개월 기준 YoY 계산 성공,관망,0,5,현금창출양호,0.79,default,2,74.5,66.5,2.0,0.0,0.0,0.0,0.0,OFF,0.0,0.0,0.05373037220717709,SAFE,19.0,1.0,0.0,0.3721973094170404,0,5.0,0.143,18.0,0.0,14.875,0.86,0.0,0.0,1436.0,0.0,1.0,PYKRX,True,35.9,24.9,B,OBSERVE,38.9,B,OBSERVE,-3.0
kosdaq,20260714,20260714_2021,051370,인터플렉스,반도체·전자부품,6670,37.5,30.1,26.4,-54.5,8.6,-3.3,-29.9,-45.6,-10.9,-31.2,-38.1,2.18,14670,6140,10,1,1,0,170242,127640,18.6,11.4,9.5,1.33,0,0,0,0,0,-,69.0,-15.4,0.0,-33.6,0.0,1,0,약세,-8,-7,0,-1,-21.9,-24.2,1496.48,,-1.11,-2212.0,-2212.0,-2212.0,10,10,1.0,79.0,71.0,051370,369170,0,0,0,0,,,,,,,,,,,안전,2025.0,286.5,343.7,-16.7,CFS,영업손익,dart_OperatingIncomeLoss,251.3,644.5,영업활동현금흐름,ifrs-full_CashFlowsFromUsedInOperatingActivities,ok,연간 영업이익 YoY 계산 성공,ok,OCF 추출 성공,2026 Q1,3개월,52.9,85.7,-38.4,thstrm_amount,frmtrm_q_amount,CFS,fnlttSinglAcntAll,영업손익,dart_OperatingIncomeLoss,ok,3개월 기준 YoY 계산 성공,하락지속,-10,5,현금창출양호,0.88,default,3,77.0,69.0,0.0,0.0,10.6,1.0,0.0,OFF,0.0,0.0,0.03918339768418165,SAFE,20.0,31.0,0.0,0.11036789297658862,3,-10.0,-1.621,15.0,-10.0,17.25,0.5,4.73,0.0,13306.0,1410.0,12.0,PYKRX,True,35.3,4.2,B,OBSERVE,27.2,B,OBSERVE,8.1
kosdaq,20260714,20260714_2021,101490,에스앤에스텍,반도체·전자부품,45300,34.1,17.3,21.9,-58.2,7.1,-2.5,-29.4,-53.8,-13.6,-31.5,-33.8,1.22,108400,42300,5,0,1,0,256762,213679,116.4,117.1,113.2,1.2,0,0,0,0,0,-,74.1,-13.3,-21.1,138.0,-131.1,1,0,약세,-8,-7,0,-1,-21.9,-24.2,1496.48,,-1.11,-2212.0,-2212.0,-2212.0,10,10,1.0,79.1,71.1,101490,411048,0,0,0,0,,,,,,,,,,,안전,2025.0,503.9,294.8,70.9,CFS,영업이익,dart_OperatingIncomeLoss,468.8,360.5,영업활동으로 인한 현금흐름,ifrs-full_CashFlowsFromUsedInOperatingActivities,ok,연간 영업이익 YoY 계산 성공,ok,OCF 추출 성공,2026 Q1,3개월,113.8,118.8,-4.2,thstrm_amount,frmtrm_q_amount,CFS,fnlttSinglAcntAll,영업이익,dart_OperatingIncomeLoss,ok,3개월 기준 YoY 계산 성공,관망,0,5,현금창출양호,0.93,default,4,88.1,80.1,0.0,0.0,19.22,0.0,0.0,OFF,0.0,0.0,0.0485992961920156,SAFE,19.0,16.0,0.0,0.08503401360544217,3,-10.0,-0.304,18.0,0.0,18.525,3.11,16.2,0.44,14549.0,2797.0,0.0,PYKRX,True,35.3,14.0,B,OBSERVE,29.5,B,OBSERVE,5.8
kosdaq,20260714,20260714_2021,052220,iMBC,방송,1830,40.4,10.0,16.1,-57.7,1.6,-5.5,-16.1,-41.7,-7.2,-21.3,-38.7,0.57,4325,1801,0,0,0,0,24274,60884,0.6,0.5,1.3,0.4,0,0,0,0,0,-,61.0,-0.1,0.0,0.8,0.0,1,0,약세,-8,-7,0,-1,-21.9,-24.2,1496.48,,-1.11,-2212.0,-2212.0,-2212.0,10,10,1.0,61.0,53.0,052220,370006,0,0,0,0,,,,,,,,,,,안전,2025.0,-76.3,6.3,-1302.8,CFS,영업이익(손실),dart_OperatingIncomeLoss,85.9,66.9,영업활동현금흐름,ifrs-full_CashFlowsFromUsedInOperatingActivities,ok,연간 영업이익 YoY 계산 성공,ok,OCF 추출 성공,2026 Q1,3개월,0.0,-5.3,100.5,thstrm_amount,frmtrm_q_amount,CFS,fnlttSinglAcntAll,영업이익(손실),dart_OperatingIncomeLoss,ok,3개월 기준 YoY 계산 성공,턴어라운드,20,0,회계손실현금유입,,default,0,81.0,73.0,0.0,0.0,0.0,0.0,0.0,OFF,0.0,0.0,0.030571585774366913,SAFE,19.0,0.0,0.0,0.3416149068322981,0,0.0,-0.077,10.0,17.0,15.25,0.76,0.0,0.0,2413.0,0.0,1.0,PYKRX,True,35.2,24.5,C,OBSERVE,43.2,C,OBSERVE,-8.0
kosdaq,20260714,20260714_2021,131970,두산테스나,전문서비스,87900,25.9,13.3,14.2,-55.4,242.7,-14.8,-46.2,-0.3,-22.6,-36.4,7.8,0.86,196900,25650,0,0,0,0,295095,313233,236.6,271.9,360.8,0.94,0,0,0,0,0,-,83.5,290.6,-170.0,1239.0,-744.0,1,8,약세,-8,-7,0,-1,-21.9,-24.2,1496.48,,-1.11,-2212.0,-2212.0,-2212.0,10,10,1.0,91.5,83.5,131970,563545,0,0,0,0,,,,,,,,,,,안전,2025.0,24.0,-80.2,130.0,OFS,영업외손익,dart_NonOperatingProfitLoss,1472.2,2192.4,영업활동현금흐름,ifrs-full_CashFlowsFromUsedInOperatingActivities,ok,연간 영업이익 YoY 계산 성공,ok,OCF 추출 성공,2026 Q1,3개월,-12.9,12.0,-207.8,thstrm_amount,frmtrm_q_amount,OFS,fnlttSinglAcntAll,영업외손익,dart_NonOperatingProfitLoss,ok,3개월 기준 YoY 계산 성공,피크아웃,-15,5,현금창출양호,61.34,default,2,83.5,75.5,2.0,0.0,0.34,0.0,0.0,OFF,0.0,0.0,0.052001581056724776,SAFE,15.0,14.0,0.0,0.3203463203463203,0,15.0,0.334,13.0,-15.0,20.0,3.87,1126.92,0.18,22719.0,78.0,0.0,PYKRX,True,34.3,23.9,B,OBSERVE,33.0,B,OBSERVE,1.3
kosdaq,20260714,20260714_2021,050890,쏠리드,반도체·전자부품,9430,36.3,14.5,12.8,-54.9,54.8,-5.0,-27.3,-44.8,-12.9,-31.2,-10.3,0.68,20900,6090,5,0,1,0,910113,1001672,63.7,89.9,110.4,0.91,0,0,0,0,0,-,73.0,27.3,16.4,291.9,15.1,1,15,약세,-8,-7,0,-1,-21.9,-24.2,1496.48,,-1.11,-2212.0,-2212.0,-2212.0,10,10,1.0,93.0,85.0,050890,364403,0,0,0,0,,,,,,,,,,,안전,2025.0,332.8,351.4,-5.3,CFS,영업이익(손실),dart_OperatingIncomeLoss,228.4,569.1,영업활동현금흐름,ifrs-full_CashFlowsFromUsedInOperatingActivities,ok,연간 영업이익 YoY 계산 성공,ok,OCF 추출 성공,2026 Q1,3개월,-21.3,2.6,-915.7,thstrm_amount,frmtrm_q_amount,CFS,fnlttSinglAcntAll,영업이익(손실),dart_OperatingIncomeLoss,ok,3개월 기준 YoY 계산 성공,하락지속,-10,2,현금창출보통,0.69,default,2,87.0,79.0,4.0,0.0,10.36,0.0,0.0,OFF,0.0,0.0,0.04203897449075229,SAFE,20.0,28.0,0.0,0.18315018315018314,3,15.0,0.396,7.0,-10.0,18.25,1.6,15.46,0.53,5886.0,610.0,0.0,PYKRX,True,34.0,28.1,C,OBSERVE,33.2,C,OBSERVE,0.8
kosdaq,20260714,20260714_2021,092070,디엔에프,화학,12500,41.8,20.5,20.7,-51.9,7.6,-5.4,-31.2,-39.3,-12.8,-31.2,-29.1,0.61,26000,11620,5,0,1,0,31801,52256,3.9,4.0,7.6,0.61,0,0,0,0,0,-,61.4,-3.6,0.0,-16.9,-0.9,1,0,약세,-8,-7,0,-1,-21.9,-24.2,1496.48,,-1.11,-2212.0,-2212.0,-2212.0,10,10,1.0,66.4,58.400000000000006,092070,569691,0,0,0,0,,,,,,,,,,,안전,2025.0,-6.7,-10.2,33.9,OFS,영업이익(손실),dart_OperatingIncomeLoss,172.0,160.4,영업활동현금흐름,ifrs-full_CashFlowsFromUsedInOperatingActivities,ok,연간 영업이익 YoY 계산 성공,ok,OCF 추출 성공,2026 Q1,3개월,7.1,-5.3,233.0,thstrm_amount,frmtrm_q_amount,OFS,fnlttSinglAcntAll,영업이익(손실),dart_OperatingIncomeLoss,ok,3개월 기준 YoY 계산 성공,성장지속,10,0,회계손실현금유입,,default,2,78.4,70.4,0.0,0.0,0.82,0.0,0.0,OFF,0.0,0.0,0.04998368683218815,SAFE,20.0,32.0,0.0,0.1730769230769231,3,-10.0,-0.474,13.0,11.0,15.35,0.94,114.68,0.8,13305.0,109.0,6.0,PYKRX,True,33.9,16.7,B,OBSERVE,38.4,B,OBSERVE,-4.5
kosdaq,20260714,20260714_2021,014970,삼륭물산,펄프·종이,4280,41.5,12.3,18.6,-66.3,5.5,-6.1,-17.7,-45.8,-7.3,-21.0,-37.5,0.38,12700,4055,5,1,0,0,345165,99190,1.7,15.3,4.4,3.48,0,0,0,0,0,-,58.6,-1.5,0.0,-1.6,0.0,1,0,약세,-8,-7,0,-1,-21.9,-24.2,1496.48,,-1.11,-2212.0,-2212.0,-2212.0,10,10,1.0,63.6,55.6,014970,125488,0,0,0,0,,,,,,,,,,,안전,2025.0,65.2,57.9,12.6,CFS,영업이익,dart_OperatingIncomeLoss,13.3,71.1,영업활동현금흐름,ifrs-full_CashFlowsFromUsedInOperatingActivities,ok,연간 영업이익 YoY 계산 성공,ok,OCF 추출 성공,2026 Q1,3개월,6.8,11.1,-38.9,thstrm_amount,frmtrm_q_amount,CFS,fnlttSinglAcntAll,영업이익(손실),dart_OperatingIncomeLoss,ok,3개월 기준 YoY 계산 성공,관망,0,-3,현금창출약함,0.2,default,0,60.6,52.6,0.0,0.0,10.56,0.0,0.0,OFF,0.0,0.0,0.03734867379105477,SAFE,20.0,33.0,0.0,0.3446327683615819,0,-10.0,-0.341,5.0,0.0,14.65,1.11,10.49,2.45,3863.0,408.0,3.0,PYKRX,True,33.6,-3.6,C,OBSERVE,12.6,C,OBSERVE,21.0
kosdaq,20260714,20260714_2021,172670,에이엘티,반도체·전자부품,8800,39.5,20.6,24.9,-58.5,36.0,-3.0,-31.9,-21.6,-13.3,-35.9,-28.4,0.86,21200,6470,5,0,1,0,58271,68174,5.2,5.1,7.0,0.85,0,0,0,0,0,-,63.1,-3.1,0.0,-3.0,-0.6,1,0,약세,-8,-7,0,-1,-21.9,-24.2,1496.48,,-1.11,-2212.0,-2212.0,-2212.0,10,10,1.0,68.1,60.1,172670,493325,0,0,0,0,,,,,,,,,,,안전,2025.0,-73.9,-122.1,39.4,CFS,영업이익(손실),dart_OperatingIncomeLoss,129.5,71.6,영업활동현금흐름,ifrs-full_CashFlowsFromUsedInOperatingActivities,ok,연간 영업이익 YoY 계산 성공,ok,OCF 추출 성공,2026 Q1,3개월,-8.6,-31.4,72.7,thstrm_amount,frmtrm_q_amount,CFS,fnlttSinglAcntAll,영업이익(손실),dart_OperatingIncomeLoss,ok,3개월 기준 YoY 계산 성공,성장지속,10,0,회계손실현금유입,,default,4,82.1,74.1,0.0,0.0,0.0,0.0,0.0,OFF,0.0,0.0,0.06082017155108901,SAFE,19.0,15.0,0.0,0.09404388714733543,3,-10.0,-0.443,13.0,11.0,15.775,0.84,0.0,0.0,10470.0,0.0,1.0,PYKRX,True,33.5,16.8,B,OBSERVE,33.8,B,OBSERVE,-0.3
kosdaq,20260714,20260714_2021,238120,얼라인드,의료·정밀·광학,3135,54.7,27.3,29.4,-48.2,7.0,-4.3,-5.6,-23.4,-3.7,-12.3,-17.1,3.12,6050,2930,0,0,0,0,18709,18066,1.8,0.6,0.6,1.04,0,0,0,0,0,-,41.0,0.6,0.0,0.6,0.0,1,3,약세,-8,-7,0,-1,-21.9,-24.2,1496.48,,-1.11,-2212.0,-2212.0,-2212.0,10,10,1.0,44.0,36.0,238120,1073678,0,0,0,0,,,,,,,,,,,안전,2025.0,24.4,27.8,-12.1,CFS,영업이익(손실),dart_OperatingIncomeLoss,36.1,30.7,영업활동으로 인한 현금흐름,ifrs-full_CashFlowsFromUsedInOperatingActivities,ok,연간 영업이익 YoY 계산 성공,ok,OCF 추출 성공,2026 Q1,3개월,2.3,5.3,-56.7,thstrm_amount,frmtrm_q_amount,CFS,fnlttSinglAcntAll,영업이익(손실),dart_OperatingIncomeLoss,ok,3개월 기준 YoY 계산 성공,하락지속,-10,5,현금창출양호,1.48,default,-2,37.0,29.0,6.0,0.0,7.79,0.0,0.0,OFF,1.0,8.0,0.040598464940348564,SAFE,10.0,0.0,0.0,0.7678571428571429,0,15.0,1.0,15.0,-10.0,10.25,1.19,15.22,0.0,2643.0,206.0,0.0,PYKRX,True,33.3,26.1,B,OBSERVE,30.2,B,OBSERVE,3.1
kosdaq,20260714,20260714_2021,217820,원익피앤이,기계·장비,1737,40.3,9.6,20.4,-62.4,2.2,-4.3,-25.5,-46.3,-10.0,-30.8,-47.1,1.64,4625,1699,5,1,0,0,313976,191566,5.4,5.6,3.7,1.64,0,0,0,0,0,-,67.3,-0.6,-0.1,-1.9,-0.1,1,0,약세,-8,-7,0,-1,-21.9,-24.2,1496.48,,-1.11,-2212.0,-2212.0,-2212.0,10,10,1.0,72.3,64.3,217820,1020843,0,0,0,0,,,,,,,,,,,안전,2025.0,14.0,-487.5,102.9,CFS,영업이익,dart_OperatingIncomeLoss,613.7,-424.2,영업활동으로 인한 현금흐름,ifrs-full_CashFlowsFromUsedInOperatingActivities,ok,연간 영업이익 YoY 계산 성공,ok,OCF 추출 성공,2026 Q1,3개월,-60.8,90.4,-167.3,thstrm_amount,frmtrm_q_amount,CFS,fnlttSinglAcntAll,영업이익,dart_OperatingIncomeLoss,ok,3개월 기준 YoY 계산 성공,피크아웃,-15,5,현금창출양호,43.84,default,2,64.3,56.3,0.0,0.0,1.95,0.0,0.0,OFF,0.0,0.0,0.050190024127093266,SAFE,20.0,33.0,0.0,0.16862745098039214,3,-10.0,-0.189,13.0,-15.0,16.825,0.75,38.6,0.0,2304.0,45.0,12.0,PYKRX,True,33.3,-1.1,B,OBSERVE,19.8,B,OBSERVE,13.5
kosdaq,20260714,20260714_2021,046970,우리로,도매,4455,31.9,8.4,22.7,-72.5,269.4,-4.4,-32.2,-38.6,-20.0,-36.3,20.7,0.19,16200,1206,10,0,1,1,1309413,3391081,30.1,61.8,228.6,0.39,0,0,0,0,0,-,78.1,-0.2,2.6,-7.5,5.0,1,8,약세,-8,-7,0,-1,-21.9,-24.2,1496.48,,-1.11,-2212.0,-2212.0,-2212.0,10,10,1.0,96.1,88.1,046970,296005,0,0,0,0,,,,,,,,,,,안전,2025.0,-6.8,-30.0,77.5,CFS,영업이익(손실),dart_OperatingIncomeLoss,11.6,-31.9,영업활동현금흐름,ifrs-full_CashFlowsFromUsedInOperatingActivities,ok,연간 영업이익 YoY 계산 성공,ok,OCF 추출 성공,2026 Q1,3개월,14.7,-10.8,235.1,thstrm_amount,frmtrm_q_amount,CFS,fnlttSinglAcntAll,영업이익(손실),dart_OperatingIncomeLoss,ok,3개월 기준 YoY 계산 성공,성장지속,10,0,회계손실현금유입,,default,2,108.1,100.1,5.0,0.0,0.0,0.0,0.0,OFF,0.0,0.0,0.09643985539748759,SAFE,17.0,14.0,0.0,0.13664596273291926,3,0.0,0.01,13.0,11.0,19.525,4.93,0.0,0.0,903.0,0.0,-5.0,PYKRX,True,33.3,30.0,B,OBSERVE,41.5,B,OBSERVE,-8.2
kosdaq,20260714,20260714_2021,448710,코츠테크놀로지,반도체·전자부품,10170,40.3,19.0,22.6,-63.0,3.9,-6.2,-25.2,-50.3,-10.0,-31.4,-42.9,0.68,27450,9790,0,0,0,0,31286,49541,2.9,3.3,6.0,0.63,0,0,0,0,0,-,60.9,0.3,0.5,-1.3,-2.7,1,15,약세,-8,-7,0,-1,-21.9,-24.2,1496.48,,-1.11,-2212.0,-2212.0,-2212.0,10,10,1.0,75.9,67.9,448710,959210,0,0,0,0,,,,,,,,,,,안전,2025.0,83.2,94.8,-12.3,OFS,영업이익,dart_OperatingIncomeLoss,62.6,-71.7,영업활동현금흐름,ifrs-full_CashFlowsFromUsedInOperatingActivities,ok,연간 영업이익 YoY 계산 성공,ok,OCF 추출 성공,2026 Q1,3개월,13.7,19.5,-29.8,thstrm_amount,frmtrm_q_amount,OFS,fnlttSinglAcntAll,영업이익,dart_OperatingIncomeLoss,ok,3개월 기준 YoY 계산 성공,하락지속,-10,5,현금창출양호,0.75,default,2,72.9,64.9,4.0,0.0,13.71,1.0,0.0,OFF,0.0,0.0,0.049303618203514483,SAFE,20.0,33.0,0.0,0.24603174603174605,3,8.0,0.133,15.0,-10.0,15.225,0.86,6.25,1.47,11871.0,1627.0,6.0,PYKRX,True,33.2,25.2,B,OBSERVE,37.2,B,OBSERVE,-4.0
kosdaq,20260714,20260714_2021,462980,아이지넷,IT서비스,1318,52.8,20.0,21.7,-58.0,7.2,-12.1,-12.8,-46.3,-8.2,-19.5,-33.7,0.32,3140,1230,0,0,0,0,41080,107107,0.5,0.6,1.5,0.38,0,0,0,0,0,-,40.2,0.2,0.0,0.9,-0.8,1,8,약세,-8,-7,0,-1,-21.9,-24.2,1496.48,,-1.11,-2212.0,-2212.0,-2212.0,10,10,1.0,48.2,40.2,462980,1728167,0,0,0,0,,,,,,,,,,,안전,2025.0,33.3,3.5,844.7,CFS,영업이익(손실),dart_OperatingIncomeLoss,16.2,14.1,영업활동현금흐름,ifrs-full_CashFlowsFromUsedInOperatingActivities,ok,연간 영업이익 YoY 계산 성공,ok,OCF 추출 성공,2026 Q1,3개월,6.4,0.2,2489.9,thstrm_amount,frmtrm_q_amount,CFS,fnlttSinglAcntAll,영업이익(손실),dart_OperatingIncomeLoss,ok,3개월 기준 YoY 계산 성공,성장지속,10,2,현금창출보통,0.49,default,-3,57.2,49.2,2.0,0.0,11.72,0.0,0.0,OFF,0.0,0.0,0.05941916589614926,SAFE,11.0,0.0,0.0,0.9453124999999999,0,5.0,0.133,15.0,11.0,10.05,1.09,9.28,0.0,1212.0,142.0,0.0,PYKRX,True,32.7,28.7,B,OBSERVE,41.0,B,OBSERVE,-8.3
kosdaq,20260714,20260714_2021,0011A0,액스비스,전기장비,8880,37.8,12.1,18.4,-82.5,4.1,-9.5,-37.6,-56.9,-17.2,-45.0,,0.65,50600,8530,0,0,0,0,66809,82960,4.8,6.2,9.3,0.81,0,0,0,0,0,-,70.4,-3.8,2.3,2.0,-9.1,1,8,약세,-8,-7,0,-1,-21.9,-24.2,1496.48,,-1.11,-2212.0,-2212.0,-2212.0,10,10,1.0,78.4,70.4,0011A0,1554508,0,0,0,0,,,,,,,,,,,안전,2025.0,43.1,24.2,78.3,CFS,영업이익(손실),dart_OperatingIncomeLoss,26.1,-46.1,영업활동현금흐름,ifrs-full_CashFlowsFromUsedInOperatingActivities,ok,연간 영업이익 YoY 계산 성공,ok,OCF 추출 성공,2026 Q1,3개월,7.9,-0.2,3954.9,thstrm_amount,frmtrm_q_amount,CFS,fnlttSinglAcntAll,영업이익(손실),dart_OperatingIncomeLoss,ok,3개월 기준 YoY 계산 성공,성장지속,10,2,현금창출보통,0.61,default,0,90.4,82.4,2.0,0.0,18.19,0.0,0.0,OFF,0.0,0.0,0.06747363170465094,SAFE,20.0,33.0,0.0,0.2526595744680851,0,-10.0,-0.161,15.0,11.0,17.6,2.2,12.1,0.0,4036.0,734.0,0.0,PYKRX,True,32.7,13.0,B,OBSERVE,33.6,B,OBSERVE,-0.9
kosdaq,20260714,20260714_2021,297090,씨에스베어링,기계·장비,3785,44.9,17.6,21.0,-60.6,5.0,-3.9,-16.2,-51.9,-8.6,-27.4,-40.8,0.43,9600,3605,5,0,1,0,120510,366411,4.8,4.6,17.5,0.33,0,0,0,0,0,-,50.5,-2.0,0.0,-22.9,-2.0,1,0,약세,-8,-7,0,-1,-21.9,-24.2,1496.48,,-1.11,-2212.0,-2212.0,-2212.0,10,10,1.0,55.5,47.5,297090,765462,0,0,0,0,,,,,,,,,,,안전,2025.0,110.9,21.1,425.5,CFS,영업이익(손실),dart_OperatingIncomeLoss,75.9,20.2,Ⅰ. 영업활동으로 인한 현금흐름,ifrs-full_CashFlowsFromUsedInOperatingActivities,ok,연간 영업이익 YoY 계산 성공,ok,OCF 추출 성공,2026 Q1,3개월,18.3,12.4,47.6,thstrm_amount,frmtrm_q_amount,CFS,fnlttSinglAcntAll,영업이익(손실),dart_OperatingIncomeLoss,ok,3개월 기준 YoY 계산 성공,성장지속,10,2,현금창출보통,0.68,default,2,69.5,61.5,0.0,0.0,11.13,0.0,0.0,OFF,0.0,0.0,0.09298177443909489,SAFE,15.0,6.0,0.0,0.24074074074074076,3,0.0,-0.114,15.0,11.0,12.625,1.02,9.19,0.0,3703.0,412.0,0.0,PYKRX,True,32.4,29.5,B,OBSERVE,41.6,B,OBSERVE,-9.2
kosdaq,20260714,20260714_2021,083930,아바코,기계·장비,10010,34.1,12.9,15.5,-42.8,2.9,-6.5,-24.1,-27.1,-11.1,-22.2,-30.0,0.88,17500,9730,0,0,0,0,88181,104860,9.2,9.0,12.0,0.84,0,0,0,0,0,-,71.1,1.0,-0.1,-44.1,-0.3,1,8,약세,-8,-7,0,-1,-21.9,-24.2,1496.48,,-1.11,-2212.0,-2212.0,-2212.0,10,10,1.0,79.1,71.1,083930,442145,0,0,0,0,,,,,,,,,,,안전,2025.0,346.2,204.0,69.7,CFS,영업이익(손실),dart_OperatingIncomeLoss,156.9,-318.3,영업활동현금흐름,ifrs-full_CashFlowsFromUsedInOperatingActivities,ok,연간 영업이익 YoY 계산 성공,ok,OCF 추출 성공,2026 Q1,3개월,-40.0,-33.8,-18.3,thstrm_amount,frmtrm_q_amount,CFS,fnlttSinglAcntAll,영업이익(손실),dart_OperatingIncomeLoss,ok,3개월 기준 YoY 계산 성공,피크아웃,-15,2,현금창출보통,0.45,default,2,68.1,60.1,2.0,0.0,12.79,1.0,0.0,OFF,0.0,0.0,0.03289784742509919,SAFE,15.0,14.0,0.0,0.2697095435684647,0,5.0,0.075,10.0,-15.0,17.775,0.64,5.04,5.0,15532.0,1987.0,15.0,PYKRX,True,32.4,8.8,C,OBSERVE,32.8,C,OBSERVE,-0.4
kosdaq,20260714,20260714_2021,340570,티앤엘,제약·바이오,51000,44.8,17.2,15.9,-25.0,18.3,-7.8,-10.7,-1.2,-5.0,-9.6,-1.0,0.46,68000,43100,0,0,0,0,39332,47358,11.5,20.4,25.5,0.83,0,0,0,0,0,-,40.0,-2.9,14.4,70.7,-66.9,1,8,약세,-8,-7,0,-1,-21.9,-24.2,1496.48,,-1.11,-2212.0,-2212.0,-2212.0,10,10,1.0,48.0,40.0,340570,608440,0,0,0,0,,,,,,,,,,,안전,2025.0,463.5,569.6,-18.6,CFS,영업이익(손실),dart_OperatingIncomeLoss,376.9,465.7,영업활동현금흐름,ifrs-full_CashFlowsFromUsedInOperatingActivities,ok,연간 영업이익 YoY 계산 성공,ok,OCF 추출 성공,2026 Q1,3개월,182.7,202.2,-9.7,thstrm_amount,frmtrm_q_amount,CFS,fnlttSinglAcntAll,영업이익(손실),dart_OperatingIncomeLoss,ok,3개월 기준 YoY 계산 성공,하락지속,-10,5,현금창출양호,0.81,default,-3,40.0,32.0,2.0,0.0,18.83,0.0,0.0,OFF,0.0,0.0,0.03532887045774097,SAFE,5.0,0.0,0.0,0.7289719626168225,0,15.0,0.451,15.0,-10.0,10.0,2.03,10.79,2.94,25091.0,4725.0,3.0,PYKRX,True,32.4,26.0,B,OBSERVE,33.0,B,OBSERVE,-0.6
kosdaq,20260714,20260714_2021,321260,프로이천,반도체·전자부품,1670,35.3,14.7,24.4,-70.2,14.8,-3.5,-38.9,-39.6,-15.5,-42.2,-23.7,0.5,5610,1455,10,0,1,1,248855,419913,3.4,4.2,9.0,0.59,0,0,0,0,0,-,71.1,1.7,0.0,11.7,0.1,1,8,약세,-8,-7,0,-1,-21.9,-24.2,1496.48,,-1.11,-2212.0,-2212.0,-2212.0,10,10,1.0,89.1,81.1,321260,1359736,0,0,0,0,,,,,,,,,,,안전,2025.0,27.7,11.8,135.5,CFS,영업이익(손실),dart_OperatingIncomeLoss,30.4,87.8,영업활동현금흐름,ifrs-full_CashFlowsFromUsedInOperatingActivities,ok,연간 영업이익 YoY 계산 성공,ok,OCF 추출 성공,2026 Q1,3개월,-7.4,15.5,-147.6,thstrm_amount,frmtrm_q_amount,CFS,fnlttSinglAcntAll,영업이익(손실),dart_OperatingIncomeLoss,ok,3개월 기준 YoY 계산 성공,피크아웃,-15,5,현금창출양호,1.1,default,2,81.1,73.1,5.0,0.0,9.14,0.0,0.0,OFF,0.0,0.0,0.05161450667532272,SAFE,20.0,26.0,0.0,0.08997429305912596,3,10.0,0.189,18.0,-15.0,17.775,1.06,11.6,3.59,1575.0,144.0,3.0,PYKRX,True,32.0,27.2,B,OBSERVE,36.8,B,OBSERVE,-4.8
kosdaq,20260714,20260714_2021,432980,엠에프씨,제약·바이오,2715,18.3,24.2,15.3,-40.1,17.8,-6.4,-12.7,-22.1,-7.5,-10.0,-21.8,0.86,4530,2305,0,0,0,0,24661,34011,0.7,0.7,1.0,0.73,0,0,0,0,0,-,67.7,0.1,0.0,-1.1,-1.2,1,8,약세,-8,-7,0,-1,-21.9,-24.2,1496.48,,-1.11,-2212.0,-2212.0,-2212.0,10,10,1.0,75.7,67.7,432980,1217795,0,0,0,0,,,,,,,,,,,안전,2025.0,3.0,14.6,-79.7,OFS,영업이익(손실),dart_OperatingIncomeLoss,23.9,26.5,영업활동현금흐름,ifrs-full_CashFlowsFromUsedInOperatingActivities,ok,연간 영업이익 YoY 계산 성공,ok,OCF 추출 성공,2026 Q1,3개월,-3.5,1.1,-424.6,thstrm_amount,frmtrm_q_amount,OFS,fnlttSinglAcntAll,영업이익(손실),dart_OperatingIncomeLoss,ok,3개월 기준 YoY 계산 성공,하락지속,-10,5,현금창출양호,7.97,default,-1,69.7,61.7,2.0,0.0,2.77,0.0,0.0,OFF,0.0,0.0,0.03473960023271645,SAFE,7.0,7.0,0.0,0.5039370078740159,0,5.0,0.1,10.0,-10.0,16.925,0.73,26.36,0.0,3722.0,103.0,12.0,PYKRX,True,31.6,12.1,C,OBSERVE,33.9,C,OBSERVE,-2.3
kosdaq,20260714,20260714_2021,199820,제일일렉트릭,전기장비,6970,37.2,18.2,16.7,-68.7,6.7,-8.0,-31.1,-32.3,-15.0,-38.4,-33.5,0.7,22300,6530,0,0,0,0,180254,242805,11.9,12.9,20.6,0.74,0,0,0,0,0,-,70.5,0.0,0.0,-14.0,-1.0,1,0,약세,-8,-7,0,-1,-21.9,-24.2,1496.48,,-1.11,-2212.0,-2212.0,-2212.0,10,10,1.0,70.5,62.5,199820,148470,0,0,0,0,,,,,,,,,,,안전,2025.0,117.6,89.0,32.1,CFS,영업이익,dart_OperatingIncomeLoss,63.7,144.2,영업활동으로인한순현금흐름,ifrs-full_CashFlowsFromUsedInOperatingActivities,ok,연간 영업이익 YoY 계산 성공,ok,OCF 추출 성공,2026 Q1,3개월,25.2,26.8,-6.2,thstrm_amount,frmtrm_q_amount,CFS,fnlttSinglAcntAll,영업이익,dart_OperatingIncomeLoss,ok,3개월 기준 YoY 계산 성공,관망,0,2,현금창출보통,0.54,default,0,72.5,64.5,0.0,0.0,4.22,0.0,0.0,OFF,0.0,0.0,0.05547040062383938,SAFE,20.0,33.0,0.0,0.2572347266881029,0,0.0,0.0,10.0,0.0,17.625,0.99,23.39,1.43,7066.0,298.0,6.0,PYKRX,True,31.5,13.3,C,OBSERVE,33.6,C,OBSERVE,-2.1
kosdaq,20260714,20260714_2021,047820,초록뱀미디어,미디어·엔터,3190,33.2,3.4,13.8,-60.1,0.8,-6.3,-23.3,-27.6,-10.3,-25.7,-33.6,0.64,8000,3165,0,0,0,0,18680,26398,0.5,0.6,1.0,0.71,0,0,0,0,0,-,76.3,0.1,0.0,0.3,-0.2,1,8,약세,-8,-7,0,-1,-21.9,-24.2,1496.48,,-1.11,-2212.0,-2212.0,-2212.0,10,10,1.0,84.3,76.3,047820,299464,0,0,0,0,,,,,,,,,,,안전,2025.0,28.3,-153.8,118.4,CFS,영업이익(손실),dart_OperatingIncomeLoss,359.8,543.1,영업활동현금흐름,ifrs-full_CashFlowsFromUsedInOperatingActivities,ok,연간 영업이익 YoY 계산 성공,ok,OCF 추출 성공,2026 Q1,3개월,-8.0,23.8,-133.4,thstrm_amount,frmtrm_q_amount,CFS,fnlttSinglAcntAll,영업이익(손실),dart_OperatingIncomeLoss,ok,3개월 기준 YoY 계산 성공,피크아웃,-15,5,현금창출양호,12.71,default,0,74.3,66.3,2.0,0.0,1.04,0.0,0.0,OFF,0.0,0.0,0.030602487363119112,SAFE,19.0,9.0,0.0,0.27038626609442057,0,5.0,0.1,13.0,-15.0,19.075,0.29,27.74,0.0,11069.0,115.0,12.0,PYKRX,True,31.4,11.6,B,OBSERVE,34.1,B,OBSERVE,-2.7
kosdaq,20260714,20260714_2021,307930,컴퍼니케이,금융(은행),5700,48.0,22.0,23.1,-48.6,10.7,-4.5,-21.6,-31.9,-6.9,-25.3,-18.0,0.61,11100,5150,5,0,1,0,66338,91044,3.1,3.8,5.6,0.73,0,0,0,0,0,-,46.0,-1.8,0.0,-11.8,0.0,1,0,약세,-8,-7,0,-1,-21.9,-24.2,1496.48,,-1.11,-2212.0,-2212.0,-2212.0,10,10,1.0,51.0,43.0,307930,598198,0,0,0,0,,,,,,,,,,,안전,2025.0,97.7,32.6,199.5,OFS,III. 영업이익(손실),ifrs-full_ProfitLossFromOperatingActivities,44.8,36.0,I. 영업활동으로 인한 현금흐름,ifrs-full_CashFlowsFromUsedInOperatingActivities,ok,연간 영업이익 YoY 계산 성공,ok,OCF 추출 성공,2026 Q1,3개월,54.4,17.5,211.5,thstrm_amount,frmtrm_q_amount,OFS,fnlttSinglAcntAll,III. 영업이익(손실),ifrs-full_ProfitLossFromOperatingActivities,ok,3개월 기준 YoY 계산 성공,성장지속,10,2,현금창출보통,0.46,default,2,65.0,57.0,0.0,0.0,8.83,0.0,0.0,OFF,0.0,0.0,0.035509121786206174,SAFE,18.0,0.0,0.0,0.20833333333333331,3,-10.0,-0.321,15.0,11.0,11.5,1.09,12.28,2.81,5253.0,464.0,3.0,PYKRX,True,31.2,17.2,B,OBSERVE,33.5,B,OBSERVE,-2.3
kosdaq,20260714,20260714_2021,452430,사피엔반도체,반도체·전자부품,27700,40.2,18.4,24.8,-50.5,20.2,-3.0,-23.7,-13.6,-8.3,-27.2,-18.8,0.57,56000,23050,5,0,1,0,33640,49416,7.5,9.5,15.3,0.68,3,0,0,1,0,+3%반등,59.5,-10.3,0.3,-27.8,-6.4,1,8,약세,-8,-7,0,-1,-21.9,-24.2,1496.48,,-1.11,-2212.0,-2212.0,-2212.0,10,10,1.0,75.5,67.5,452430,1676642,0,0,0,0,,,,,,,,,,,안전,2025.0,-45.7,-34.5,-32.5,OFS,영업이익(손실),dart_OperatingIncomeLoss,45.3,-40.0,영업활동현금흐름,ifrs-full_CashFlowsFromUsedInOperatingActivities,ok,연간 영업이익 YoY 계산 성공,ok,OCF 추출 성공,2026 Q1,3개월,1.0,-16.0,106.3,thstrm_amount,frmtrm_q_amount,OFS,fnlttSinglAcntAll,영업이익(손실),dart_OperatingIncomeLoss,ok,3개월 기준 YoY 계산 성공,턴어라운드,20,0,회계손실현금유입,,default,2,97.5,89.5,2.0,0.0,0.0,0.0,0.0,OFF,0.0,0.0,0.05736563370700814,SAFE,19.0,1.0,0.0,0.12658227848101267,7,-10.0,-0.654,10.0,17.0,14.875,17.69,0.0,0.0,1566.0,0.0,-5.0,PYKRX,True,30.7,26.4,C,OBSERVE,33.9,C,OBSERVE,-3.2
kosdaq,20260714,20260714_2021,014620,성광벤드,철강·1차금속,25650,43.1,17.1,25.9,-51.9,5.3,-0.8,-22.0,-35.6,-8.6,-20.1,-20.1,0.93,53300,24350,5,0,1,0,104905,137049,32.1,27.0,39.5,0.77,0,0,0,0,0,-,54.2,11.2,-1.1,72.9,-0.1,1,8,약세,-8,-7,0,-1,-21.9,-24.2,1496.48,,-1.11,-2212.0,-2212.0,-2212.0,10,10,1.0,67.2,59.2,014620,132318,0,0,0,0,,,,,,,,,,,안전,2025.0,419.6,419.9,-0.1,CFS,영업이익,dart_OperatingIncomeLoss,378.8,285.1,영업활동으로 인한 현금흐름,ifrs-full_CashFlowsFromUsedInOperatingActivities,ok,연간 영업이익 YoY 계산 성공,ok,OCF 추출 성공,2026 Q1,3개월,65.7,107.5,-38.9,thstrm_amount,frmtrm_q_amount,CFS,fnlttSinglAcntAll,영업이익,dart_OperatingIncomeLoss,ok,3개월 기준 YoY 계산 성공,하락지속,-10,5,현금창출양호,0.9,default,4,66.2,58.2,2.0,0.0,6.27,0.0,0.0,OFF,0.0,0.0,0.06383652780121293,SAFE,9.0,7.0,0.0,0.03636363636363637,3,10.0,0.256,15.0,-10.0,13.55,1.24,19.78,0.78,20691.0,1297.0,0.0,PYKRX,True,29.9,27.1,B,OBSERVE,31.6,B,OBSERVE,-1.7
kosdaq,20260714,20260714_2021,067900,와이엔텍,수도·환경,6080,38.2,11.8,20.5,-25.8,3.6,-3.5,-5.1,-14.1,-3.8,-7.8,-8.4,0.61,8190,5870,0,0,0,0,137764,218588,8.4,8.6,13.9,0.63,0,0,0,0,0,-,46.9,2.0,-0.1,0.2,-1.9,1,3,약세,-8,-7,0,-1,-21.9,-24.2,1496.48,,-1.11,-2212.0,-2212.0,-2212.0,10,10,1.0,49.9,41.9,067900,190756,0,0,0,0,,,,,,,,,,,안전,2025.0,260.7,302.8,-13.9,CFS,영업이익,dart_OperatingIncomeLoss,353.3,382.7,영업활동으로 인한 현금흐름,ifrs-full_CashFlowsFromUsedInOperatingActivities,ok,연간 영업이익 YoY 계산 성공,ok,OCF 추출 성공,2026 Q1,3개월,42.1,44.3,-4.9,thstrm_amount,frmtrm_q_amount,CFS,fnlttSinglAcntAll,영업이익,dart_OperatingIncomeLoss,ok,3개월 기준 YoY 계산 성공,하락지속,-10,5,현금창출양호,1.36,default,-3,41.9,33.9,2.0,0.0,8.78,1.0,0.0,OFF,0.0,0.0,0.043427838425478156,SAFE,0.0,0.0,1.0,0.6862745098039216,0,5.0,0.137,15.0,-10.0,11.725,0.32,3.62,1.64,19155.0,1681.0,12.0,PYKRX,True,29.7,14.5,B,OBSERVE,33.7,B,OBSERVE,-4.0
kosdaq,20260714,20260714_2021,458350,에스팀,사업지원,3720,47.5,22.2,26.9,-91.2,6.3,-12.5,-24.5,-60.4,-8.5,-33.5,,0.68,42350,3500,0,0,0,0,76382,57939,1.5,2.9,2.3,1.32,0,0,0,0,0,-,47.2,3.1,-2.2,4.8,-1.0,1,8,약세,-8,-7,0,-1,-21.9,-24.2,1496.48,,-1.11,-2212.0,-2212.0,-2212.0,10,10,1.0,55.2,47.2,458350,1379563,0,0,0,0,,,,,,,,,,,안전,2025.0,24.6,20.1,22.5,CFS,영업이익(손실),dart_OperatingIncomeLoss,16.7,34.2,영업활동현금흐름,ifrs-full_CashFlowsFromUsedInOperatingActivities,ok,연간 영업이익 YoY 계산 성공,ok,OCF 추출 성공,2026 Q1,3개월,-5.7,0.4,-1461.0,thstrm_amount,frmtrm_q_amount,CFS,fnlttSinglAcntAll,영업이익(손실),dart_OperatingIncomeLoss,ok,3개월 기준 YoY 계산 성공,피크아웃,-15,2,현금창출보통,0.68,default,-3,39.2,31.2,2.0,0.0,13.48,0.0,0.0,OFF,0.0,0.0,0.05751077021323966,SAFE,20.0,33.0,0.0,0.5102040816326531,0,15.0,0.391,10.0,-15.0,11.8,1.65,12.24,0.0,2256.0,304.0,0.0,PYKRX,True,29.7,19.0,C,OBSERVE,21.8,C,OBSERVE,7.9
kosdaq,20260714,20260714_2021,054920,한컴위드,출판·SW,2975,39.5,23.4,26.8,-66.9,5.1,-4.3,-29.2,-40.5,-9.4,-37.6,-36.8,0.75,8980,2830,0,0,0,0,386150,320346,7.2,11.5,10.6,1.21,0,0,0,0,0,-,61.3,-7.1,0.0,11.4,-0.3,1,0,약세,-8,-7,0,-1,-21.9,-24.2,1496.48,,-1.11,-2212.0,-2212.0,-2212.0,10,10,1.0,61.3,53.3,054920,363592,0,0,0,0,,,,,,,,,,,안전,2025.0,60.9,12.8,376.1,CFS,영업이익(손실),dart_OperatingIncomeLoss,65.0,19.0,영업활동현금흐름,ifrs-full_CashFlowsFromUsedInOperatingActivities,ok,연간 영업이익 YoY 계산 성공,ok,OCF 추출 성공,2026 Q1,3개월,0.6,20.0,-97.1,thstrm_amount,frmtrm_q_amount,CFS,fnlttSinglAcntAll,영업이익(손실),dart_OperatingIncomeLoss,ok,3개월 기준 YoY 계산 성공,피크아웃,-15,5,현금창출양호,1.07,default,2,53.3,45.3,0.0,0.0,5.41,0.0,0.0,OFF,0.0,0.0,0.043061328217301256,SAFE,20.0,31.0,0.0,0.14726027397260275,3,-10.0,-0.67,18.0,-15.0,15.325,0.51,9.47,0.0,5802.0,314.0,12.0,PYKRX,True,29.3,2.5,B,OBSERVE,23.3,B,OBSERVE,6.0
kosdaq,20260714,20260714_2021,006920,모헨즈,비금속광물(시멘트·유리),3300,26.5,3.6,26.6,-56.7,23.4,-14.2,-21.0,-35.9,-14.0,-15.9,-13.5,0.21,7630,2675,5,0,0,1,276656,1567181,11.1,9.4,71.1,0.18,0,0,0,0,0,-,74.9,0.6,0.0,1.3,0.2,1,8,약세,-8,-7,0,-1,-21.9,-24.2,1496.48,,-1.11,-2212.0,-2212.0,-2212.0,10,10,1.0,87.9,79.9,006920,163318,0,0,0,0,,,,,,,,,,,안전,2025.0,-29.6,27.3,-208.4,CFS,영업이익(손실),dart_OperatingIncomeLoss,1.3,10.2,영업활동현금흐름,ifrs-full_CashFlowsFromUsedInOperatingActivities,ok,연간 영업이익 YoY 계산 성공,ok,OCF 추출 성공,2026 Q1,3개월,-7.5,-13.7,45.6,thstrm_amount,frmtrm_q_amount,CFS,fnlttSinglAcntAll,영업이익(손실),dart_OperatingIncomeLoss,ok,3개월 기준 YoY 계산 성공,턴어라운드,20,0,회계손실현금유입,,default,-3,104.9,96.9,5.0,0.0,0.0,0.0,0.0,OFF,0.0,0.0,0.13573613696851303,SAFE,3.0,1.0,0.0,0.6761904761904761,0,0.0,0.008,10.0,17.0,18.725,1.19,0.0,0.0,2772.0,0.0,-5.0,PYKRX,True,28.9,25.5,C,OBSERVE,40.7,C,OBSERVE,-11.8
kosdaq,20260714,20260714_2021,206650,유바이오로직스,제약·바이오,7860,36.0,11.1,12.7,-55.6,2.1,-7.5,-27.4,-40.9,-9.1,-21.0,-35.8,0.84,17700,7700,0,0,0,0,130126,183082,11.0,10.5,16.4,0.71,0,0,0,0,0,-,74.3,4.7,-0.2,10.4,-2.8,1,8,약세,-8,-7,0,-1,-21.9,-24.2,1496.48,,-1.11,-2212.0,-2212.0,-2212.0,10,10,1.0,82.3,74.3,206650,927558,0,0,0,0,,,,,,,,,,,안전,2025.0,606.6,343.2,76.8,OFS,영업이익(손실),dart_OperatingIncomeLoss,491.0,432.1,영업활동현금흐름,ifrs-full_CashFlowsFromUsedInOperatingActivities,ok,연간 영업이익 YoY 계산 성공,ok,OCF 추출 성공,2026 Q1,3개월,21.9,169.1,-87.0,thstrm_amount,frmtrm_q_amount,OFS,fnlttSinglAcntAll,영업이익(손실),dart_OperatingIncomeLoss,ok,3개월 기준 YoY 계산 성공,피크아웃,-15,5,현금창출양호,0.81,default,2,74.3,66.3,2.0,0.0,23.57,0.0,0.0,OFF,0.0,0.0,0.04840714293847375,SAFE,15.0,7.0,0.0,0.2737226277372263,0,10.0,0.274,18.0,-15.0,18.575,1.64,6.97,0.0,4782.0,1127.0,0.0,PYKRX,True,28.9,21.5,B,OBSERVE,31.6,B,OBSERVE,-2.7
kosdaq,20260714,20260714_2021,083650,비에이치아이,기계·장비,44450,36.0,11.4,14.3,-61.1,28.7,-10.4,-34.2,-51.2,-17.8,-35.1,-34.6,0.68,114200,34550,0,0,0,0,195163,254218,76.1,89.3,142.3,0.77,0,0,0,0,0,-,74.9,12.2,14.5,69.8,-29.5,1,15,약세,-8,-7,0,-1,-21.9,-24.2,1496.48,,-1.11,-2212.0,-2212.0,-2212.0,10,10,1.0,89.9,81.9,083650,409788,0,0,0,0,,,,,,,,,,,안전,2025.0,39.7,-258.7,115.3,CFS,영업외손익,dart_NonOperatingProfitLoss,1123.0,399.6,영업활동현금흐름,ifrs-full_CashFlowsFromUsedInOperatingActivities,ok,연간 영업이익 YoY 계산 성공,ok,OCF 추출 성공,2026 Q1,3개월,-285.2,-10.5,-2613.0,thstrm_amount,frmtrm_q_amount,CFS,fnlttSinglAcntAll,영업외손익,dart_NonOperatingProfitLoss,ok,3개월 기준 YoY 계산 성공,피크아웃,-15,5,현금창출양호,28.29,default,0,79.9,71.9,4.0,0.0,36.71,0.0,0.0,OFF,0.0,0.0,0.069627773532464,SAFE,19.0,7.0,0.0,0.30409356725146197,0,13.0,0.188,13.0,-15.0,18.725,7.75,21.1,0.0,5739.0,2107.0,0.0,PYKRX,True,28.1,21.1,B,OBSERVE,29.7,B,OBSERVE,-1.6
kosdaq,20260714,20260714_2021,109820,진매트릭스,지주·전문서비스,1329,30.9,32.6,21.1,-65.3,6.2,-3.6,-19.8,-33.9,-9.3,-21.9,-40.1,0.87,3835,1251,5,0,1,0,26188,34560,0.4,0.4,0.5,0.76,0,0,0,0,0,-,70.1,0.3,0.0,0.9,0.0,1,8,약세,-8,-7,0,-1,-21.9,-24.2,1496.48,,-1.11,-2212.0,-2212.0,-2212.0,10,10,1.0,83.1,75.1,109820,552992,0,0,0,0,,,,,,,,,,,안전,2025.0,-6.8,-16.4,58.6,OFS,영업이익(손실),dart_OperatingIncomeLoss,12.9,-2.0,영업활동현금흐름,ifrs-full_CashFlowsFromUsedInOperatingActivities,ok,연간 영업이익 YoY 계산 성공,ok,OCF 추출 성공,2026 Q1,3개월,-3.3,-2.9,-13.5,thstrm_amount,frmtrm_q_amount,OFS,fnlttSinglAcntAll,영업이익(손실),dart_OperatingIncomeLoss,ok,3개월 기준 YoY 계산 성공,피크아웃,-15,0,회계손실현금유입,,default,4,72.1,64.1,2.0,0.0,0.0,0.0,0.0,OFF,0.0,0.0,0.028603595822619978,SAFE,20.0,31.0,0.0,0.18181818181818182,3,15.0,0.6,8.0,-15.0,17.525,1.52,0.0,0.0,875.0,0.0,1.0,PYKRX,True,27.7,25.2,C,OBSERVE,29.5,C,OBSERVE,-1.8
kosdaq,20260714,20260714_2021,115500,케이씨에스,IT서비스,8000,23.6,20.4,21.7,-70.9,9.4,-5.9,-36.7,-15.5,-15.3,-37.7,-27.6,0.24,27500,7310,5,0,1,0,87312,304831,5.9,7.1,31.1,0.29,0,0,0,0,0,-,78.7,3.8,0.0,3.3,0.0,1,8,약세,-8,-7,0,-1,-21.9,-24.2,1496.48,,-1.11,-2212.0,-2212.0,-2212.0,10,10,1.0,91.7,83.7,115500,441650,0,0,0,0,,,,,,,,,,,안전,2025.0,20.6,19.8,4.0,OFS,영업이익,dart_OperatingIncomeLoss,0.6,23.6,영업활동으로 인한 현금흐름,ifrs-full_CashFlowsFromUsedInOperatingActivities,ok,연간 영업이익 YoY 계산 성공,ok,OCF 추출 성공,2026 Q1,3개월,2.4,2.3,4.3,thstrm_amount,frmtrm_q_amount,OFS,fnlttSinglAcntAll,영업이익,dart_OperatingIncomeLoss,ok,3개월 기준 YoY 계산 성공,관망,0,-3,현금창출약함,0.03,default,2,90.7,82.7,2.0,0.0,12.87,0.0,0.0,OFF,0.0,0.0,0.0513844270241012,SAFE,20.0,28.0,0.0,0.16076294277929154,3,5.0,0.122,7.0,0.0,19.675,4.88,37.91,2.25,1640.0,211.0,3.0,PYKRX,True,27.7,23.5,C,OBSERVE,37.7,C,OBSERVE,-10.0
kosdaq,20260714,20260714_2021,214430,아이쓰리시스템,반도체·전자부품,56900,44.1,32.7,23.1,-58.7,6.4,-8.2,-22.4,-40.2,-8.4,-23.4,-33.6,0.68,137900,53500,0,0,0,0,54712,43819,16.5,32.4,27.4,1.25,0,0,0,0,0,-,50.8,2.7,-19.1,-10.9,-5.5,1,8,약세,-8,-7,0,-1,-21.9,-24.2,1496.48,,-1.11,-2212.0,-2212.0,-2212.0,10,10,1.0,58.8,50.8,214430,612489,0,0,0,0,,,,,,,,,,,안전,2025.0,164.6,147.6,11.5,OFS,영업이익(손실),dart_OperatingIncomeLoss,188.1,81.5,영업활동현금흐름,ifrs-full_CashFlowsFromUsedInOperatingActivities,ok,연간 영업이익 YoY 계산 성공,ok,OCF 추출 성공,2026 Q1,3개월,43.7,57.9,-24.4,thstrm_amount,frmtrm_q_amount,OFS,fnlttSinglAcntAll,영업이익(손실),dart_OperatingIncomeLoss,ok,3개월 기준 YoY 계산 성공,관망,0,5,현금창출양호,1.14,default,0,63.8,55.8,2.0,0.0,13.89,0.0,0.0,OFF,0.0,0.0,0.048007632819624176,SAFE,18.0,0.0,0.0,0.36607142857142855,0,-10.0,-0.599,18.0,0.0,12.7,2.98,21.42,0.79,19122.0,2657.0,0.0,PYKRX,True,27.4,6.2,B,OBSERVE,20.7,B,OBSERVE,6.7
kosdaq,20260714,20260714_2021,171010,램테크놀러지,화학,2530,43.7,20.8,14.4,-48.8,4.3,-5.8,-20.7,-23.3,-9.1,-22.2,-32.3,0.57,4945,2425,0,0,0,0,43370,57211,0.9,1.1,1.6,0.76,0,0,0,0,0,-,55.9,-0.5,0.0,-2.0,0.1,1,0,약세,-8,-7,0,-1,-21.9,-24.2,1496.48,,-1.11,-2212.0,-2212.0,-2212.0,10,10,1.0,55.9,47.9,171010,654272,0,0,0,0,,,,,,,,,,,안전,2025.0,-9.5,-16.5,42.3,CFS,영업이익(손실),dart_OperatingIncomeLoss,81.4,-24.1,영업활동현금흐름,ifrs-full_CashFlowsFromUsedInOperatingActivities,ok,연간 영업이익 YoY 계산 성공,ok,OCF 추출 성공,2026 Q1,3개월,4.7,1.6,192.7,thstrm_amount,frmtrm_q_amount,CFS,fnlttSinglAcntAll,영업이익(손실),dart_OperatingIncomeLoss,ok,3개월 기준 YoY 계산 성공,성장지속,10,0,회계손실현금유입,,default,0,65.9,57.9,0.0,0.0,0.0,0.0,0.0,OFF,0.0,0.0,0.03879739017885598,SAFE,19.0,8.0,0.0,0.28019323671497587,0,-10.0,-0.312,13.0,11.0,13.975,0.91,0.0,0.0,2778.0,0.0,1.0,PYKRX,True,27.2,10.3,B,OBSERVE,29.0,B,OBSERVE,-1.8
kosdaq,20260714,20260714_2021,459550,알트,반도체·전자부품,1049,28.6,8.1,21.0,-83.2,2.8,-6.2,-41.9,-61.6,-15.8,-39.0,,0.42,6250,1020,10,0,1,1,200760,359179,1.5,2.1,5.0,0.56,0,0,0,0,0,-,81.6,0.7,0.0,2.3,9.6,1,8,약세,-8,-7,0,-1,-21.9,-24.2,1496.48,,-1.11,-2212.0,-2212.0,-2212.0,10,10,1.0,99.6,91.6,459550,1466373,0,0,0,0,,,,,,,,,,,안전,2025.0,89.7,153.0,-41.4,CFS,영업이익(손실),dart_OperatingIncomeLoss,24.2,206.1,영업활동현금흐름,ifrs-full_CashFlowsFromUsedInOperatingActivities,ok,연간 영업이익 YoY 계산 성공,ok,OCF 추출 성공,2026 Q1,3개월,-7.9,55.0,-114.3,thstrm_amount,frmtrm_q_amount,CFS,fnlttSinglAcntAll,영업이익(손실),dart_OperatingIncomeLoss,ok,3개월 기준 YoY 계산 성공,하락지속,-10,-3,현금창출약함,0.27,default,2,88.6,80.6,5.0,0.0,11.57,1.0,0.0,OFF,0.0,0.0,0.04469471946433295,SAFE,19.0,19.0,0.0,0.1479713603818616,3,5.0,0.14,2.0,-10.0,20.0,0.54,4.7,0.0,1928.0,223.0,12.0,PYKRX,True,26.7,12.6,C,OBSERVE,32.0,C,OBSERVE,-5.3
kosdaq,20260714,20260714_2021,458650,성우,전기장비,8100,44.1,28.7,27.1,-47.5,6.3,-2.8,-28.6,-36.1,-8.1,-26.9,-30.8,0.38,15440,7620,0,0,0,0,16252,27752,0.9,1.3,2.5,0.59,0,0,0,0,0,-,51.6,-0.3,0.0,1.3,3.1,1,0,약세,-8,-7,0,-1,-21.9,-24.2,1496.48,,-1.11,-2212.0,-2212.0,-2212.0,10,10,1.0,51.6,43.6,458650,319272,0,0,0,0,,,,,,,,,,,안전,2025.0,10.4,146.3,-92.9,CFS,영업이익(손실),dart_OperatingIncomeLoss,204.2,375.7,영업활동현금흐름,ifrs-full_CashFlowsFromUsedInOperatingActivities,ok,연간 영업이익 YoY 계산 성공,ok,OCF 추출 성공,2026 Q1,3개월,2.2,8.1,-73.1,thstrm_amount,frmtrm_q_amount,CFS,fnlttSinglAcntAll,영업이익(손실),dart_OperatingIncomeLoss,ok,3개월 기준 YoY 계산 성공,하락지속,-10,5,현금창출양호,19.63,default,2,48.6,40.6,0.0,0.0,2.14,0.0,0.0,OFF,0.0,0.0,0.046832567137824396,SAFE,20.0,29.0,0.0,0.09790209790209789,3,0.0,-0.12,10.0,-10.0,12.9,0.55,25.63,3.7,14759.0,316.0,15.0,PYKRX,True,26.2,10.9,C,OBSERVE,30.9,C,OBSERVE,-4.7
kosdaq,20260714,20260714_2021,036540,SFA반도체,반도체·전자부품,5300,36.6,30.5,31.8,-54.5,73.8,3.9,-28.1,-23.2,-9.4,-26.7,-11.8,1.33,11640,3050,10,0,1,1,2476464,2141110,151.5,127.3,126.0,1.16,10,0,1,1,1,5일선회복/+3%반등/거래량동반양봉,63.1,-89.6,94.0,-106.7,150.2,1,8,약세,-8,-7,0,-1,-21.9,-24.2,1496.48,,-1.11,-2212.0,-2212.0,-2212.0,10,10,1.0,91.1,83.1,036540,301246,0,0,0,0,,,,,,,,,,,안전,2025.0,-196.3,-0.3,-63203.2,CFS,영업이익(손실),dart_OperatingIncomeLoss,54.6,530.8,영업활동현금흐름,ifrs-full_CashFlowsFromUsedInOperatingActivities,ok,연간 영업이익 YoY 계산 성공,ok,OCF 추출 성공,2026 Q1,3개월,-61.8,-60.1,-2.7,thstrm_amount,frmtrm_q_amount,CFS,fnlttSinglAcntAll,영업이익(손실),dart_OperatingIncomeLoss,ok,3개월 기준 YoY 계산 성공,하락지속,-10,0,회계손실현금유입,,default,5,86.1,78.1,5.0,0.0,0.0,0.0,0.0,OFF,0.0,0.0,0.045560018492822284,SAFE,20.0,25.0,0.0,-0.1387900355871886,15,0.0,0.035,5.0,-10.0,15.775,1.84,0.0,0.0,2884.0,0.0,-5.0,PYKRX,True,25.9,31.7,C,OBSERVE,20.8,C,OBSERVE,5.1
kosdaq,20260714,20260714_2021,382840,원준,기계·장비,4490,31.0,11.8,16.5,-63.0,4.9,-11.4,-38.8,-48.2,-20.5,-38.4,-46.9,0.49,12150,4280,0,0,0,0,73343,151369,3.4,3.5,9.8,0.48,0,0,0,0,0,-,81.5,0.1,0.0,-1.1,-0.9,1,8,약세,-8,-7,0,-1,-21.9,-24.2,1496.48,,-1.11,-2212.0,-2212.0,-2212.0,10,10,1.0,89.5,81.5,382840,1459212,0,0,0,0,,,,,,,,,,,안전,2025.0,69.8,124.3,-43.9,CFS,영업이익,dart_OperatingIncomeLoss,325.6,-12.9,영업활동으로 인한 현금흐름,ifrs-full_CashFlowsFromUsedInOperatingActivities,ok,연간 영업이익 YoY 계산 성공,ok,OCF 추출 성공,2026 Q1,3개월,-44.8,26.1,-271.7,thstrm_amount,frmtrm_q_amount,CFS,fnlttSinglAcntAll,영업이익,dart_OperatingIncomeLoss,ok,3개월 기준 YoY 계산 성공,하락지속,-10,5,현금창출양호,4.66,default,0,84.5,76.5,2.0,0.0,0.0,0.0,0.0,OFF,0.0,0.0,0.057381664519160235,SAFE,20.0,27.0,0.0,0.29381443298969073,0,0.0,0.01,15.0,-10.0,20.0,0.64,0.0,0.0,6969.0,0.0,7.0,PYKRX,True,25.3,11.0,B,OBSERVE,32.0,B,OBSERVE,-6.7
kosdaq,20260714,20260714_2021,285490,노바텍,기타제조,11240,39.0,21.2,25.7,-64.8,3.6,-2.3,-24.5,-46.2,-7.8,-28.9,-45.4,0.82,31900,10850,0,0,0,0,30466,43986,4.0,3.5,5.4,0.69,0,0,0,0,0,-,60.7,-1.9,0.0,-0.8,0.4,1,0,약세,-8,-7,0,-1,-21.9,-24.2,1496.48,,-1.11,-2212.0,-2212.0,-2212.0,10,10,1.0,60.7,52.7,285490,1259232,0,0,0,0,,,,,,,,,,,안전,2025.0,67.0,126.1,-46.9,CFS,영업이익(손실),dart_OperatingIncomeLoss,134.1,159.6,영업활동현금흐름,ifrs-full_CashFlowsFromUsedInOperatingActivities,ok,연간 영업이익 YoY 계산 성공,ok,OCF 추출 성공,2026 Q1,3개월,-0.2,34.6,-100.6,thstrm_amount,frmtrm_q_amount,CFS,fnlttSinglAcntAll,영업이익(손실),dart_OperatingIncomeLoss,ok,3개월 기준 YoY 계산 성공,하락지속,-10,5,현금창출양호,2.0,default,4,59.7,51.7,0.0,0.0,11.16,1.0,0.0,OFF,0.0,0.0,0.03548950165361651,SAFE,20.0,33.0,0.0,0.09387755102040815,3,-10.0,-0.352,15.0,-10.0,15.175,0.67,5.96,25.54,16898.0,1885.0,15.0,PYKRX,True,25.2,3.6,B,OBSERVE,28.2,B,OBSERVE,-3.0
kosdaq,20260714,20260714_2021,094360,칩스앤미디어,반도체·전자부품,10530,42.2,10.2,10.3,-50.2,5.4,-13.5,-28.3,-34.6,-15.5,-28.8,-36.1,0.63,21150,9990,0,0,0,0,169639,216355,14.9,19.5,28.5,0.78,0,0,0,0,0,-,66.7,11.6,0.1,-15.2,0.0,1,15,약세,-8,-7,0,-1,-21.9,-24.2,1496.48,,-1.11,-2212.0,-2212.0,-2212.0,10,10,1.0,81.7,73.7,094360,579971,0,0,0,0,,,,,,,,,,,안전,2025.0,69.6,52.8,31.9,CFS,영업이익(손실),dart_OperatingIncomeLoss,33.4,67.6,영업활동으로 인한 현금흐름,ifrs-full_CashFlowsFromUsedInOperatingActivities,ok,연간 영업이익 YoY 계산 성공,ok,OCF 추출 성공,2026 Q1,3개월,1.8,2.0,-11.1,thstrm_amount,frmtrm_q_amount,CFS,fnlttSinglAcntAll,영업이익(손실),dart_OperatingIncomeLoss,ok,3개월 기준 YoY 계산 성공,피크아웃,-15,2,현금창출보통,0.48,default,0,68.7,60.7,4.0,0.0,7.06,0.0,0.0,OFF,0.0,0.0,0.05107138169972945,SAFE,17.0,1.0,0.0,0.47703180212014135,0,15.0,0.411,10.0,-15.0,16.675,2.56,36.19,1.1,4120.0,291.0,0.0,PYKRX,True,25.2,20.5,C,OBSERVE,26.7,C,OBSERVE,-1.5
kosdaq,20260714,20260714_2021,024830,세원물산,자동차·부품,8700,28.1,31.9,20.6,-37.9,9.2,-2.9,-16.1,-20.3,-8.0,-13.5,-18.4,0.06,14000,7970,0,0,0,0,2084,15683,0.1,0.2,1.5,0.13,0,0,0,0,0,-,65.0,-0.1,0.0,-0.5,0.0,1,0,약세,-8,-7,0,-1,-21.9,-24.2,1496.48,,-1.11,-2212.0,-2212.0,-2212.0,10,10,1.0,65.0,57.0,024830,173591,0,0,0,0,,,,,,,,,,,안전,2025.0,30.6,13.4,127.8,OFS,영업이익(손실),dart_OperatingIncomeLoss,190.5,502.5,영업활동현금흐름,ifrs-full_CashFlowsFromUsedInOperatingActivities,ok,연간 영업이익 YoY 계산 성공,ok,OCF 추출 성공,2026 Q1,3개월,-19.6,-16.2,-20.7,thstrm_amount,frmtrm_q_amount,OFS,fnlttSinglAcntAll,영업이익(손실),dart_OperatingIncomeLoss,ok,3개월 기준 YoY 계산 성공,피크아웃,-15,5,현금창출양호,6.23,default,2,57.0,49.0,0.0,0.0,4.7,0.0,0.0,OFF,0.0,0.0,0.02376072795497323,SAFE,12.0,12.0,0.0,0.18012422360248445,3,0.0,-0.067,13.0,-15.0,16.25,0.18,3.9,2.3,47436.0,2230.0,20.0,PYKRX,True,24.5,10.8,B,OBSERVE,37.2,B,OBSERVE,-12.7
kosdaq,20260714,20260714_2021,457370,한켐,화학,7250,25.3,9.3,23.6,-57.5,5.8,-8.3,-47.0,-11.3,-26.1,-29.4,-20.7,0.13,17040,6850,10,0,1,1,129830,896339,8.3,9.8,118.8,0.14,0,0,0,0,0,-,80.6,-2.1,-1.3,-4.1,-5.4,1,0,약세,-8,-7,0,-1,-21.9,-24.2,1496.48,,-1.11,-2212.0,-2212.0,-2212.0,10,10,1.0,90.6,82.6,457370,1016309,0,0,0,0,,,,,,,,,,,안전,2025.0,48.5,65.4,-25.8,OFS,IV.영업이익,dart_OperatingIncomeLoss,55.8,81.1,영업활동현금흐름,ifrs-full_CashFlowsFromUsedInOperatingActivities,ok,연간 영업이익 YoY 계산 성공,ok,OCF 추출 성공,2026 Q1,3개월,4.6,13.0,-64.6,thstrm_amount,frmtrm_q_amount,OFS,fnlttSinglAcntAll,영업이익(손실),dart_OperatingIncomeLoss,ok,3개월 기준 YoY 계산 성공,하락지속,-10,5,현금창출양호,1.15,default,2,87.6,79.6,3.0,0.0,9.68,1.0,0.0,OFF,0.0,0.0,0.07388698203725558,SAFE,13.0,13.0,0.0,0.17659574468085107,3,0.0,-0.029,15.0,-10.0,20.0,0.96,9.88,2.76,7581.0,734.0,9.0,PYKRX,True,24.5,17.0,B,OBSERVE,37.0,B,OBSERVE,-12.5
kosdaq,20260714,20260714_2021,036810,에프에스티,반도체·전자부품,21450,33.9,14.4,22.2,-57.9,18.2,-3.6,-36.0,-45.6,-15.3,-31.0,-38.2,0.71,51000,18147,5,0,1,0,139812,139662,21.4,30.3,35.4,1.0,0,0,0,0,0,-,74.2,15.7,-7.4,93.7,-58.0,1,8,약세,-8,-7,0,-1,-21.9,-24.2,1496.48,,-1.11,-2212.0,-2212.0,-2212.0,10,10,1.0,87.2,79.2,036810,223434,0,0,0,0,,,,,,,,,,,안전,2025.0,-5.5,22.9,-123.9,CFS,영업이익(손실),dart_OperatingIncomeLoss,140.7,-53.9,영업활동현금흐름,ifrs-full_CashFlowsFromUsedInOperatingActivities,ok,연간 영업이익 YoY 계산 성공,ok,OCF 추출 성공,2026 Q1,3개월,14.2,27.5,-48.4,thstrm_amount,frmtrm_q_amount,CFS,fnlttSinglAcntAll,영업이익(손실),dart_OperatingIncomeLoss,ok,3개월 기준 YoY 계산 성공,하락지속,-10,0,회계손실현금유입,,default,2,79.2,71.2,2.0,0.0,0.0,0.0,0.0,OFF,0.0,0.0,0.048558770181229644,SAFE,14.0,14.0,0.0,0.1,3,10.0,0.234,5.0,-10.0,18.55,1.82,0.0,0.0,11763.0,0.0,-5.0,PYKRX,True,23.9,20.6,C,OBSERVE,21.6,C,OBSERVE,2.3
kosdaq,20260714,20260714_2021,215100,로보로보,전기장비,3585,38.2,19.1,17.9,-76.6,5.4,-7.5,-32.1,-47.0,-13.2,-33.9,-51.8,0.78,15300,3400,0,0,0,0,95406,120567,3.4,3.5,5.1,0.79,0,0,0,0,0,-,68.3,2.0,0.0,12.3,0.2,1,8,약세,-8,-7,0,-1,-21.9,-24.2,1496.48,,-1.11,-2212.0,-2212.0,-2212.0,10,10,1.0,76.3,68.3,215100,1063990,0,0,0,0,,,,,,,,,,,안전,2025.0,-19.6,-15.4,-27.6,CFS,영업이익(손실),dart_OperatingIncomeLoss,5.7,-16.4,영업활동현금흐름,ifrs-full_CashFlowsFromUsedInOperatingActivities,ok,연간 영업이익 YoY 계산 성공,ok,OCF 추출 성공,2026 Q1,3개월,-10.2,-3.8,-164.7,thstrm_amount,frmtrm_q_amount,CFS,fnlttSinglAcntAll,영업이익(손실),dart_OperatingIncomeLoss,ok,3개월 기준 YoY 계산 성공,하락지속,-10,0,회계손실현금유입,,default,2,68.3,60.3,2.0,0.0,0.0,0.0,0.0,OFF,0.0,0.0,0.044911951833545107,SAFE,20.0,33.0,0.0,0.2336448598130841,3,15.0,0.392,5.0,-10.0,17.075,2.44,0.0,0.0,1469.0,0.0,-5.0,PYKRX,True,23.8,26.1,C,OBSERVE,25.1,C,OBSERVE,-1.3
kosdaq,20260714,20260714_2021,463020,뉴엔AI,출판·SW,5790,25.1,8.2,23.6,-88.2,4.5,-13.6,-36.5,-60.0,-25.9,-39.9,-62.9,0.49,48950,5540,0,0,0,0,35490,106119,2.3,2.2,11.1,0.33,0,0,0,0,0,-,80.6,0.8,0.0,-2.6,15.6,1,8,약세,-8,-7,0,-1,-21.9,-24.2,1496.48,,-1.11,-2212.0,-2212.0,-2212.0,10,10,1.0,88.6,80.6,463020,1639508,0,0,0,0,,,,,,,,,,,안전,2025.0,-11.1,4.3,-358.5,OFS,영업이익(손실),dart_OperatingIncomeLoss,9.7,0.6,영업활동현금흐름,ifrs-full_CashFlowsFromUsedInOperatingActivities,ok,연간 영업이익 YoY 계산 성공,ok,OCF 추출 성공,2026 Q1,3개월,-7.5,-8.2,9.5,thstrm_amount,frmtrm_q_amount,OFS,fnlttSinglAcntAll,영업이익(손실),dart_OperatingIncomeLoss,ok,3개월 기준 YoY 계산 성공,관망,0,0,회계손실현금유입,,default,0,88.6,80.6,2.0,0.0,0.0,0.0,0.0,OFF,0.0,0.0,0.08655730699615072,SAFE,15.0,14.0,0.0,0.37260273972602737,0,5.0,0.072,7.0,0.0,20.0,0.96,0.0,0.0,6023.0,0.0,1.0,PYKRX,True,23.7,17.6,C,OBSERVE,33.0,C,OBSERVE,-9.3
kosdaq,20260714,20260714_2021,144510,지씨셀,전문서비스,13010,38.9,14.6,14.8,-54.3,4.7,-7.4,-24.9,-43.7,-11.6,-27.3,-42.2,1.35,28450,12430,0,0,0,0,55714,55085,9.4,7.6,8.2,1.01,0,0,0,0,0,-,68.8,-6.0,0.0,-4.9,-5.2,1,0,약세,-8,-7,0,-1,-21.9,-24.2,1496.48,,-1.11,-2212.0,-2212.0,-2212.0,10,10,1.0,68.8,60.8,144510,1010642,0,0,0,0,,,,,,,,,,,안전,2025.0,-137.9,-200.0,31.0,CFS,영업이익(손실),dart_OperatingIncomeLoss,91.9,113.4,영업활동현금흐름,ifrs-full_CashFlowsFromUsedInOperatingActivities,ok,연간 영업이익 YoY 계산 성공,ok,OCF 추출 성공,2026 Q1,3개월,-51.1,-56.9,10.2,thstrm_amount,frmtrm_q_amount,CFS,fnlttSinglAcntAll,영업이익(손실),dart_OperatingIncomeLoss,ok,3개월 기준 YoY 계산 성공,성장지속,10,0,회계손실현금유입,,default,0,78.8,70.8,0.0,0.0,0.0,0.0,0.0,OFF,0.0,0.0,0.061202526530255916,SAFE,19.0,9.0,0.0,0.29718875502008035,0,-10.0,-0.732,13.0,6.0,17.2,1.05,0.0,0.0,12404.0,0.0,-5.0,PYKRX,True,23.7,7.8,B,OBSERVE,21.2,B,OBSERVE,2.5
kosdaq,20260714,20260714_2021,217270,넵튠,출판·SW,2115,36.9,21.4,12.2,-80.4,4.4,-10.2,-25.1,-44.4,-11.5,-26.5,-53.0,0.9,10780,2025,0,0,0,0,78725,70634,1.4,1.7,1.7,1.11,0,0,0,0,0,-,69.5,0.9,-1.1,1.1,-1.2,1,8,약세,-8,-7,0,-1,-21.9,-24.2,1496.48,,-1.11,-2212.0,-2212.0,-2212.0,10,10,1.0,77.5,69.5,217270,1067808,0,0,0,0,,,,,,,,,,,안전,2025.0,-514.3,-15.1,-3298.3,CFS,영업외손익,dart_NonOperatingProfitLoss,89.1,207.9,영업활동 현금흐름,ifrs-full_CashFlowsFromUsedInOperatingActivities,ok,연간 영업이익 YoY 계산 성공,ok,OCF 추출 성공,2026 Q1,3개월,58.1,92.9,-37.4,thstrm_amount,frmtrm_q_amount,CFS,fnlttSinglAcntAll,영업외손익,dart_NonOperatingProfitLoss,ok,3개월 기준 YoY 계산 성공,하락지속,-10,0,회계손실현금유입,,default,2,69.5,61.5,2.0,0.0,0.0,0.0,0.0,OFF,0.0,0.0,0.038766437791476566,SAFE,20.0,33.0,0.0,0.40637450199203184,0,0.0,-0.118,5.0,-10.0,17.375,0.3,0.0,0.0,7036.0,0.0,7.0,PYKRX,True,23.6,2.2,C,OBSERVE,19.4,C,OBSERVE,4.2
kosdaq,20260714,20260714_2021,251120,바이오에프디엔씨,제약·바이오,8020,47.9,24.5,18.1,-63.2,5.0,-10.1,-14.5,-42.3,-5.8,-21.3,-43.6,0.42,21800,7640,0,0,0,0,18280,25692,0.9,1.5,2.2,0.71,0,0,0,0,0,-,44.5,0.3,0.0,0.4,0.0,1,8,약세,-8,-7,0,-1,-21.9,-24.2,1496.48,,-1.11,-2212.0,-2212.0,-2212.0,10,10,1.0,52.5,44.5,251120,1160974,0,0,0,0,,,,,,,,,,,안전,2025.0,62.5,48.5,28.9,OFS,영업이익(손실),dart_OperatingIncomeLoss,72.8,60.4,영업활동현금흐름,ifrs-full_CashFlowsFromUsedInOperatingActivities,ok,연간 영업이익 YoY 계산 성공,ok,OCF 추출 성공,2026 Q1,3개월,10.3,14.4,-28.8,thstrm_amount,frmtrm_q_amount,OFS,fnlttSinglAcntAll,영업이익(손실),dart_OperatingIncomeLoss,ok,3개월 기준 YoY 계산 성공,피크아웃,-15,5,현금창출양호,1.16,default,-3,39.5,31.5,2.0,0.0,9.56,1.0,0.0,OFF,0.0,0.0,0.04224944620693374,SAFE,17.0,1.0,0.0,0.696551724137931,0,5.0,0.136,18.0,-15.0,11.125,0.98,10.26,0.0,8184.0,782.0,6.0,PYKRX,True,22.5,13.2,B,OBSERVE,25.1,B,OBSERVE,-2.6
kosdaq,20260714,20260714_2021,066700,테라젠이텍스,제약·바이오,1939,41.5,32.2,23.4,-44.1,4.0,-5.6,-19.7,-33.6,-6.2,-20.1,-28.9,1.5,3470,1865,0,0,0,0,90843,93057,2.8,1.8,1.9,0.98,0,0,0,0,0,-,53.4,-0.7,0.0,0.3,0.1,1,0,약세,-8,-7,0,-1,-21.9,-24.2,1496.48,,-1.11,-2212.0,-2212.0,-2212.0,10,10,1.0,53.4,45.4,066700,249894,0,0,0,0,,,,,,,,,,,안전,2025.0,102.1,125.0,-18.3,CFS,영업이익(손실),dart_OperatingIncomeLoss,109.7,17.9,영업활동현금흐름,ifrs-full_CashFlowsFromUsedInOperatingActivities,ok,연간 영업이익 YoY 계산 성공,ok,OCF 추출 성공,2026 Q1,3개월,19.4,45.0,-56.8,thstrm_amount,frmtrm_q_amount,CFS,fnlttSinglAcntAll,영업이익(손실),dart_OperatingIncomeLoss,ok,3개월 기준 YoY 계산 성공,하락지속,-10,5,현금창출양호,1.07,default,0,48.4,40.4,0.0,0.0,7.81,0.0,0.0,OFF,0.0,0.0,0.03370701178511462,SAFE,19.0,0.0,0.0,0.28426395939086296,0,-10.0,-0.368,15.0,-10.0,13.35,0.51,6.55,0.0,3789.0,296.0,12.0,PYKRX,True,22.4,-3.0,B,OBSERVE,20.4,B,OBSERVE,2.0
kosdaq,20260714,20260714_2021,101170,우림피티에스,기계·장비,6740,40.7,17.5,16.9,-71.9,39.1,-8.3,-32.2,-47.5,-13.3,-38.1,-42.7,0.9,24000,4845,0,0,0,0,59008,87906,5.1,4.2,7.1,0.67,0,0,0,0,0,-,65.3,0.8,0.0,14.1,0.2,1,8,약세,-8,-7,0,-1,-21.9,-24.2,1496.48,,-1.11,-2212.0,-2212.0,-2212.0,10,10,1.0,73.3,65.3,101170,567222,0,0,0,0,,,,,,,,,,,안전,2025.0,11.9,-16.0,174.3,CFS,영업이익(손실),dart_OperatingIncomeLoss,33.9,182.8,영업활동현금흐름,ifrs-full_CashFlowsFromUsedInOperatingActivities,ok,연간 영업이익 YoY 계산 성공,ok,OCF 추출 성공,2026 Q1,3개월,-3.7,2.0,-283.1,thstrm_amount,frmtrm_q_amount,CFS,fnlttSinglAcntAll,영업이익(손실),dart_OperatingIncomeLoss,ok,3개월 기준 YoY 계산 성공,피크아웃,-15,5,현금창출양호,2.85,default,2,65.3,57.3,2.0,0.0,2.89,0.0,0.0,OFF,0.0,0.0,0.05067439300279626,SAFE,20.0,31.0,0.0,0.2577639751552795,0,5.0,0.113,18.0,-15.0,16.325,1.07,37.24,0.74,6273.0,181.0,0.0,PYKRX,True,21.0,14.8,B,OBSERVE,24.3,B,OBSERVE,-3.3
kosdaq,20260714,20260714_2021,064550,바이오니아,제약·바이오,6050,38.3,12.7,15.6,-64.8,2.7,-5.0,-29.7,-42.0,-10.0,-25.6,-48.2,0.97,17200,5890,0,0,0,0,92274,126190,6.9,5.8,8.7,0.73,0,0,0,0,0,-,70.5,0.3,0.0,13.6,0.0,1,8,약세,-8,-7,0,-1,-21.9,-24.2,1496.48,,-1.11,-2212.0,-2212.0,-2212.0,10,10,1.0,78.5,70.5,064550,326731,0,0,0,0,,,,,,,,,,,안전,2025.0,152.3,-134.2,213.5,CFS,영업이익(손실),dart_OperatingIncomeLoss,103.3,-134.8,영업활동현금흐름,ifrs-full_CashFlowsFromUsedInOperatingActivities,ok,연간 영업이익 YoY 계산 성공,ok,OCF 추출 성공,2026 Q1,3개월,-5.3,43.4,-112.1,thstrm_amount,frmtrm_q_amount,CFS,fnlttSinglAcntAll,영업이익(손실),dart_OperatingIncomeLoss,ok,3개월 기준 YoY 계산 성공,피크아웃,-15,2,현금창출보통,0.68,default,4,69.5,61.5,2.0,0.0,0.0,0.0,0.0,OFF,0.0,0.0,0.05369788959842693,SAFE,16.0,16.0,0.0,0.16835016835016836,3,0.0,0.034,10.0,-15.0,17.625,0.74,0.0,0.0,8124.0,0.0,7.0,PYKRX,True,20.3,8.8,C,OBSERVE,22.6,C,OBSERVE,-2.3
kosdaq,20260714,20260714_2021,417200,LS머트리얼즈,반도체·전자부품,11790,33.0,10.7,13.9,-64.0,28.7,-9.9,-31.9,-41.0,-18.1,-37.7,-26.8,0.76,32725,9160,0,0,0,0,649560,781635,67.8,78.4,116.7,0.83,0,0,0,0,0,-,79.8,15.6,-4.1,92.4,16.8,1,8,약세,-8,-7,0,-1,-21.9,-24.2,1496.48,,-1.11,-2212.0,-2212.0,-2212.0,10,10,1.0,87.8,79.8,417200,1528141,0,0,0,0,,,,,,,,,,,안전,2025.0,-1.4,62.0,-102.3,CFS,영업이익,dart_OperatingIncomeLoss,56.4,-109.2,영업활동현금흐름,ifrs-full_CashFlowsFromUsedInOperatingActivities,ok,연간 영업이익 YoY 계산 성공,ok,OCF 추출 성공,2026 Q1,3개월,-11.5,-10.8,-6.0,thstrm_amount,frmtrm_q_amount,CFS,fnlttSinglAcntAll,영업이익(손실),dart_OperatingIncomeLoss,ok,3개월 기준 YoY 계산 성공,하락지속,-10,0,회계손실현금유입,,default,0,77.8,69.8,2.0,0.0,0.22,0.0,0.0,OFF,0.0,0.0,0.058000340400827535,SAFE,20.0,33.0,0.0,0.3103448275862069,0,5.0,0.099,5.0,-10.0,19.95,4.31,1965.0,0.19,2736.0,6.0,0.0,PYKRX,True,19.4,9.0,C,OBSERVE,20.0,C,OBSERVE,-0.6
kosdaq,20260714,20260714_2021,083310,엘오티베큠,기계·장비,8290,40.8,7.5,13.6,-53.8,3.8,-7.8,-30.0,-36.4,-14.7,-30.0,-35.7,0.82,17940,7990,5,0,1,0,86237,113185,7.7,7.4,11.2,0.76,0,0,0,0,0,-,68.4,-3.4,0.0,-22.3,0.0,1,0,약세,-8,-7,0,-1,-21.9,-24.2,1496.48,,-1.11,-2212.0,-2212.0,-2212.0,10,10,1.0,73.4,65.4,083310,484682,0,0,0,0,,,,,,,,,,,안전,2025.0,-80.5,-41.7,-93.1,CFS,영업이익(손실),dart_OperatingIncomeLoss,64.7,44.3,영업활동현금흐름,ifrs-full_CashFlowsFromUsedInOperatingActivities,ok,연간 영업이익 YoY 계산 성공,ok,OCF 추출 성공,2026 Q1,3개월,-54.2,-59.9,9.5,thstrm_amount,frmtrm_q_amount,CFS,fnlttSinglAcntAll,영업이익(손실),dart_OperatingIncomeLoss,ok,3개월 기준 YoY 계산 성공,관망,0,0,회계손실현금유입,,default,2,75.4,67.4,0.0,0.0,0.0,0.0,0.0,OFF,0.0,0.0,0.058607726495863786,SAFE,16.0,7.0,0.0,0.26,0,-10.0,-0.304,7.0,0.0,17.1,0.54,0.0,0.0,15352.0,0.0,7.0,PYKRX,True,19.3,-1.3,C,OBSERVE,21.1,C,OBSERVE,-1.8
kosdaq,20260714,20260714_2021,237820,플레이디,엔지니어링,2830,41.6,22.3,8.0,-51.1,4.2,-11.1,-11.7,-39.5,-8.1,-19.0,-35.0,1.5,5790,2715,0,0,0,0,15687,16497,0.7,0.5,0.5,0.95,0,0,0,0,0,-,59.7,-0.2,0.0,-1.6,0.0,1,0,약세,-8,-7,0,-1,-21.9,-24.2,1496.48,,-1.11,-2212.0,-2212.0,-2212.0,10,10,1.0,59.7,51.7,237820,862853,0,0,0,0,,,,,,,,,,,안전,2025.0,62.2,40.0,55.5,CFS,영업이익,dart_OperatingIncomeLoss,69.1,153.0,영업활동현금흐름,ifrs-full_CashFlowsFromUsedInOperatingActivities,ok,연간 영업이익 YoY 계산 성공,ok,OCF 추출 성공,2026 Q1,3개월,-1.0,0.5,-312.6,thstrm_amount,frmtrm_q_amount,CFS,fnlttSinglAcntAll,영업이익,dart_OperatingIncomeLoss,ok,3개월 기준 YoY 계산 성공,피크아웃,-15,5,현금창출양호,1.11,default,-3,46.7,38.7,0.0,0.0,6.46,0.0,0.0,OFF,0.0,0.0,0.03009654502144854,SAFE,14.0,1.0,0.0,0.9487179487179488,0,-10.0,-0.4,18.0,-15.0,14.925,0.4,6.18,6.71,7089.0,458.0,9.0,PYKRX,True,18.4,-3.6,B,OBSERVE,16.9,B,OBSERVE,1.5
kosdaq,20260714,20260714_2021,037440,희림,연구개발,3680,46.2,12.1,27.2,-50.7,5.0,-10.2,-30.8,-40.7,-8.0,-25.8,-20.6,0.2,7460,3505,0,0,0,0,428011,1299851,8.9,16.5,55.6,0.33,0,0,0,0,0,-,54.3,-1.7,0.0,-7.0,0.0,1,0,약세,-8,-7,0,-1,-21.9,-24.2,1496.48,,-1.11,-2212.0,-2212.0,-2212.0,10,10,1.0,54.3,46.3,037440,236863,0,0,0,0,,,,,,,,,,,안전,2025.0,91.4,152.8,-40.2,CFS,영업이익,dart_OperatingIncomeLoss,140.0,249.6,영업활동으로 인한 현금흐름,ifrs-full_CashFlowsFromUsedInOperatingActivities,ok,연간 영업이익 YoY 계산 성공,ok,OCF 추출 성공,2026 Q1,3개월,11.6,24.1,-52.0,thstrm_amount,frmtrm_q_amount,CFS,fnlttSinglAcntAll,영업이익,dart_OperatingIncomeLoss,ok,3개월 기준 YoY 계산 성공,하락지속,-10,5,현금창출양호,1.53,default,0,49.3,41.3,0.0,0.0,8.93,1.0,0.0,OFF,0.0,0.0,0.05276186257042623,SAFE,16.0,1.0,0.0,0.3311688311688311,0,0.0,-0.031,15.0,-10.0,13.575,0.53,5.95,2.72,6930.0,619.0,9.0,PYKRX,True,18.3,9.1,B,OBSERVE,27.6,B,OBSERVE,-9.3
kosdaq,20260714,20260714_2021,142280,녹십자엠에스,제약·바이오,2675,36.7,12.0,16.4,-59.8,2.5,-8.1,-22.6,-27.6,-10.8,-29.2,-31.2,0.82,6660,2610,0,0,0,0,167494,223685,4.8,4.6,6.9,0.75,0,0,0,0,0,-,69.2,-0.1,-0.4,2.6,-0.9,1,0,약세,-8,-7,0,-1,-21.9,-24.2,1496.48,,-1.11,-2212.0,-2212.0,-2212.0,10,10,1.0,69.2,61.2,142280,513948,0,0,0,0,,,,,,,,,,,안전,2025.0,28.9,23.3,23.7,CFS,영업이익(손실),dart_OperatingIncomeLoss,72.0,36.6,영업활동현금흐름,ifrs-full_CashFlowsFromUsedInOperatingActivities,ok,연간 영업이익 YoY 계산 성공,ok,OCF 추출 성공,2026 Q1,3개월,2.9,5.0,-41.1,thstrm_amount,frmtrm_q_amount,CFS,fnlttSinglAcntAll,영업손익,dart_OperatingIncomeLoss,ok,3개월 기준 YoY 계산 성공,피크아웃,-15,5,현금창출양호,2.49,default,2,61.2,53.2,0.0,0.0,8.28,0.0,0.0,OFF,0.0,0.0,0.03478583518417449,SAFE,20.0,26.0,0.0,0.35840707964601765,0,0.0,-0.072,18.0,-15.0,17.3,1.31,15.83,0.0,2040.0,169.0,0.0,PYKRX,True,18.3,9.1,B,OBSERVE,20.3,B,OBSERVE,-2.0
kosdaq,20260714,20260714_2021,0004V0,엔비알모션,금속가공,5580,27.0,11.8,11.6,-81.2,7.1,-18.9,-51.9,-68.9,-27.3,-56.0,,3.82,29700,5210,0,0,0,0,233631,202704,39.8,13.8,16.6,1.15,0,0,0,0,0,-,94.9,14.3,-26.9,27.3,-27.5,1,8,약세,-8,-7,0,-1,-21.9,-24.2,1496.48,,-1.11,-2212.0,-2212.0,-2212.0,10,10,1.0,102.9,94.9,0004V0,924931,0,0,0,0,,,,,,,,,,,안전,2025.0,-39.3,-41.0,4.3,CFS,영업이익(손실),dart_OperatingIncomeLoss,69.1,-47.9,영업활동현금흐름,ifrs-full_CashFlowsFromUsedInOperatingActivities,ok,연간 영업이익 YoY 계산 성공,ok,OCF 추출 성공,2026 Q1,3개월,-12.3,0.0,-46706.9,thstrm_amount,frmtrm_q_amount,CFS,fnlttSinglAcntAll,영업이익(손실),dart_OperatingIncomeLoss,ok,3개월 기준 YoY 계산 성공,관망,0,0,회계손실현금유입,,default,1,103.9,95.9,4.0,0.0,0.0,0.0,0.0,OFF,0.0,0.0,0.07941216312961823,SAFE,20.0,33.0,0.0,0.36416184971098264,0,-10.0,-0.759,8.0,0.0,20.0,1.69,0.0,0.0,3306.0,0.0,-5.0,PYKRX,True,18.0,0.4,C,OBSERVE,13.0,C,OBSERVE,5.0
kosdaq,20260714,20260714_2021,122310,제노레이,의료·정밀·광학,3220,42.1,27.0,14.1,-48.8,3.9,-4.2,-9.8,-27.5,-4.2,-17.1,-26.0,1.64,6290,3100,5,0,0,1,11558,13571,0.7,0.4,0.5,0.85,4,0,0,0,1,거래량동반양봉,54.6,-0.1,0.0,0.0,0.0,1,0,약세,-8,-7,0,-1,-21.9,-24.2,1496.48,,-1.11,-2212.0,-2212.0,-2212.0,10,10,1.0,63.6,55.6,122310,799539,0,0,0,0,,,,,,,,,,,안전,2025.0,-2.4,65.1,-103.7,CFS,영업이익(손실),dart_OperatingIncomeLoss,52.6,132.7,영업활동현금흐름,ifrs-full_CashFlowsFromUsedInOperatingActivities,ok,연간 영업이익 YoY 계산 성공,ok,OCF 추출 성공,2026 Q1,3개월,-15.8,0.8,-2113.9,thstrm_amount,frmtrm_q_amount,CFS,fnlttSinglAcntAll,영업이익(손실),dart_OperatingIncomeLoss,ok,3개월 기준 YoY 계산 성공,하락지속,-10,0,회계손실현금유입,,default,0,53.6,45.6,3.0,0.0,0.92,0.0,0.0,OFF,0.0,0.0,0.027892982896678787,SAFE,13.0,0.0,0.0,0.42857142857142855,4,-10.0,-0.2,5.0,-10.0,13.65,0.49,52.79,4.66,6636.0,61.0,15.0,PYKRX,True,17.4,-2.9,C,OBSERVE,17.6,C,OBSERVE,-0.2
kosdaq,20260714,20260714_2021,0009K0,에임드바이오,지주·전문서비스,21550,40.1,9.7,1.1,-73.1,3.4,-16.8,-22.3,-54.7,-13.0,-30.9,,0.67,80200,20850,0,0,0,0,167558,248911,35.3,39.0,62.6,0.67,0,0,0,0,0,-,70.6,-6.2,8.4,-19.9,24.4,1,8,약세,-8,-7,0,-1,-21.9,-24.2,1496.48,,-1.11,-2212.0,-2212.0,-2212.0,10,10,1.0,78.6,70.6,0009K0,1781999,0,0,0,0,,,,,,,,,,,안전,2025.0,207.7,-4.1,5193.4,CFS,영업이익(손실),dart_OperatingIncomeLoss,178.6,-48.7,영업활동현금흐름,ifrs-full_CashFlowsFromUsedInOperatingActivities,ok,연간 영업이익 YoY 계산 성공,ok,OCF 추출 성공,2026 Q1,3개월,-39.6,-11.3,-250.1,thstrm_amount,frmtrm_q_amount,CFS,fnlttSinglAcntAll,영업이익(손실),dart_OperatingIncomeLoss,ok,3개월 기준 YoY 계산 성공,피크아웃,-15,5,현금창출양호,0.86,default,-3,65.6,57.6,2.0,0.0,3.6,0.0,0.0,OFF,0.0,0.0,0.05821651463124023,SAFE,13.0,1.0,0.0,0.7533632286995515,0,0.0,0.035,18.0,-15.0,17.65,7.18,199.54,0.0,3002.0,108.0,0.0,PYKRX,True,17.3,9.2,B,OBSERVE,20.6,B,OBSERVE,-3.3
kosdaq,20260714,20260714_2021,418550,제이오,연구개발,4130,38.6,6.9,19.5,-73.9,1.8,-6.0,-32.0,-50.6,-12.7,-41.6,-48.1,1.07,15840,4055,5,0,1,0,140075,140288,6.3,5.9,6.7,1.0,0,0,0,0,0,-,69.6,-0.6,0.0,-4.3,-0.3,1,0,약세,-8,-7,0,-1,-21.9,-24.2,1496.48,,-1.11,-2212.0,-2212.0,-2212.0,10,10,1.0,74.6,66.6,418550,411808,0,0,0,0,,,,,,,,,,,안전,2025.0,-42.3,-54.6,22.4,CFS,영업이익(손실),dart_OperatingIncomeLoss,8.7,-49.1,영업활동현금흐름,ifrs-full_CashFlowsFromUsedInOperatingActivities,ok,연간 영업이익 YoY 계산 성공,ok,OCF 추출 성공,2026 Q1,3개월,-19.6,1.7,-1253.3,thstrm_amount,frmtrm_q_amount,CFS,fnlttSinglAcntAll,영업이익(손실),dart_OperatingIncomeLoss,ok,3개월 기준 YoY 계산 성공,피크아웃,-15,0,회계손실현금유입,,default,4,63.6,55.6,0.0,0.0,0.0,0.0,0.0,OFF,0.0,0.0,0.05702672381546125,SAFE,20.0,33.0,0.0,0.1875,3,0.0,-0.09,8.0,-15.0,17.4,0.72,0.0,0.0,5708.0,0.0,1.0,PYKRX,True,16.8,7.1,C,OBSERVE,14.4,C,OBSERVE,2.4
kosdaq,20260714,20260714_2021,230240,에치에프알,반도체·전자부품,15890,32.7,10.8,22.7,-60.0,39.1,-2.9,-42.4,-46.8,-17.3,-39.7,-21.3,1.63,39700,11420,5,0,1,0,238241,206113,53.7,39.4,40.2,1.16,0,0,0,0,0,-,79.8,14.7,-19.3,121.0,-68.9,1,8,약세,-8,-7,0,-1,-21.9,-24.2,1496.48,,-1.11,-2212.0,-2212.0,-2212.0,10,10,1.0,92.8,84.8,230240,1108442,0,0,0,0,,,,,,,,,,,안전,2025.0,-15.8,-202.4,92.2,CFS,영업이익(손실),dart_OperatingIncomeLoss,95.5,-59.1,영업활동현금흐름,ifrs-full_CashFlowsFromUsedInOperatingActivities,ok,연간 영업이익 YoY 계산 성공,ok,OCF 추출 성공,2026 Q1,3개월,-57.2,-30.0,-90.3,thstrm_amount,frmtrm_q_amount,CFS,fnlttSinglAcntAll,영업이익(손실),dart_OperatingIncomeLoss,ok,3개월 기준 YoY 계산 성공,피크아웃,-15,0,회계손실현금유입,,default,2,79.8,71.8,2.0,0.0,0.0,0.0,0.0,OFF,0.0,0.0,0.0610149352787355,SAFE,20.0,25.0,0.0,0.06839622641509434,3,0.0,-0.114,8.0,-15.0,19.95,1.45,0.0,0.0,10988.0,0.0,-5.0,PYKRX,True,16.1,7.9,C,OBSERVE,11.0,C,OBSERVE,5.1
kosdaq,20260714,20260714_2021,058970,엠로,출판·SW,14290,37.2,11.3,12.5,-72.6,3.6,-12.9,-35.0,-45.0,-15.0,-33.5,-56.8,0.58,52200,13790,0,0,0,0,43354,65637,5.4,6.5,11.1,0.66,0,0,0,0,0,-,73.9,0.8,-0.3,0.5,3.6,1,8,약세,-8,-7,0,-1,-21.9,-24.2,1496.48,,-1.11,-2212.0,-2212.0,-2212.0,10,10,1.0,81.9,73.9,058970,396925,0,0,0,0,,,,,,,,,,,안전,2025.0,9.1,86.1,-89.4,CFS,영업이익,dart_OperatingIncomeLoss,87.8,141.9,영업활동현금흐름,ifrs-full_CashFlowsFromUsedInOperatingActivities,ok,연간 영업이익 YoY 계산 성공,ok,OCF 추출 성공,2026 Q1,3개월,-27.6,9.6,-387.0,thstrm_amount,frmtrm_q_amount,OFS,fnlttSinglAcntAll,영업이익,dart_OperatingIncomeLoss,ok,3개월 기준 YoY 계산 성공,하락지속,-10,5,현금창출양호,9.65,default,0,76.9,68.9,2.0,0.0,3.08,0.0,0.0,OFF,0.0,0.0,0.046436235763870466,SAFE,20.0,27.0,0.0,0.3685714285714286,0,0.0,0.045,10.0,-10.0,18.475,1.85,60.04,0.0,7728.0,238.0,0.0,PYKRX,True,14.9,6.5,C,OBSERVE,18.5,C,OBSERVE,-3.6
kosdaq,20260714,20260714_2021,053260,금강철강,철강·1차금속,4670,28.8,12.0,22.5,-42.6,25.5,-1.5,-10.0,-22.7,-8.2,-13.3,1.4,0.05,8130,3720,5,0,1,0,38622,723713,1.6,1.8,40.2,0.05,0,0,0,0,0,-,67.5,-0.3,0.0,5.4,0.0,1,0,약세,-8,-7,0,-1,-21.9,-24.2,1496.48,,-1.11,-2212.0,-2212.0,-2212.0,10,10,1.0,72.5,64.5,053260,105475,0,0,0,0,,,,,,,,,,,안전,2025.0,15.0,38.1,-60.5,CFS,영업이익(손실),dart_OperatingIncomeLoss,55.0,81.5,영업활동현금흐름,ifrs-full_CashFlowsFromUsedInOperatingActivities,ok,연간 영업이익 YoY 계산 성공,ok,OCF 추출 성공,2026 Q1,3개월,0.3,11.0,-97.2,thstrm_amount,frmtrm_q_amount,CFS,fnlttSinglAcntAll,영업이익(손실),dart_OperatingIncomeLoss,ok,3개월 기준 YoY 계산 성공,하락지속,-10,5,현금창출양호,3.67,default,2,69.5,61.5,0.0,0.0,0.0,0.0,0.0,OFF,0.0,0.0,0.06240971388141986,SAFE,6.0,5.0,0.0,0.15,3,0.0,-0.007,15.0,-10.0,16.875,0.58,0.0,3.64,8115.0,0.0,4.0,PYKRX,True,14.8,16.1,B,OBSERVE,28.9,B,OBSERVE,-14.1
kosdaq,20260714,20260714_2021,473980,노머스,예술·스포츠,10170,48.3,26.2,25.2,-73.2,8.0,-6.4,-24.3,-47.6,-7.4,-24.2,-51.0,0.51,38000,9420,5,0,0,1,60564,78708,4.2,6.8,8.6,0.77,0,0,0,0,0,-,45.6,-11.3,16.7,5.0,6.5,1,8,약세,-8,-7,0,-1,-21.9,-24.2,1496.48,,-1.11,-2212.0,-2212.0,-2212.0,10,10,1.0,58.6,50.6,473980,1703849,0,0,0,0,,,,,,,,,,,안전,2025.0,123.4,81.8,50.8,CFS,영업이익,dart_OperatingIncomeLoss,7.6,-322.1,영업활동현금흐름,ifrs-full_CashFlowsFromUsedInOperatingActivities,ok,연간 영업이익 YoY 계산 성공,ok,OCF 추출 성공,2026 Q1,3개월,40.0,46.0,-13.0,thstrm_amount,frmtrm_q_amount,CFS,fnlttSinglAcntAll,영업이익,dart_OperatingIncomeLoss,ok,3개월 기준 YoY 계산 성공,피크아웃,-15,-3,현금창출약함,0.06,default,0,40.6,32.6,5.0,0.0,14.43,0.0,0.0,OFF,1.0,8.0,0.052120584667597156,SAFE,17.0,0.0,0.0,0.26337448559670784,0,15.0,0.628,5.0,-15.0,11.4,1.08,7.48,0.0,9419.0,1359.0,0.0,PYKRX,True,14.8,14.9,C,OBSERVE,16.4,C,OBSERVE,-1.6
kosdaq,20260714,20260714_2021,322310,오로스테크놀로지,기계·장비,18000,35.9,17.1,26.8,-65.4,8.0,-4.3,-39.0,-43.6,-16.9,-32.4,-33.8,1.01,52000,16670,5,0,1,0,113359,134648,22.9,20.4,30.5,0.84,3,0,1,0,0,5일선회복,68.7,-2.3,1.4,-14.8,10.6,1,8,약세,-8,-7,0,-1,-21.9,-24.2,1496.48,,-1.11,-2212.0,-2212.0,-2212.0,10,10,1.0,84.7,76.7,322310,1016479,0,0,0,0,,,,,,,,,,,안전,2025.0,-83.7,60.8,-237.6,CFS,영업이익(손실),dart_OperatingIncomeLoss,16.7,-52.8,영업활동현금흐름,ifrs-full_CashFlowsFromUsedInOperatingActivities,ok,연간 영업이익 YoY 계산 성공,ok,OCF 추출 성공,2026 Q1,3개월,-68.2,-3.0,-2147.1,thstrm_amount,frmtrm_q_amount,CFS,fnlttSinglAcntAll,영업이익(손실),dart_OperatingIncomeLoss,ok,3개월 기준 YoY 계산 성공,하락지속,-10,0,회계손실현금유입,,default,4,78.7,70.7,2.0,0.0,0.0,0.0,0.0,OFF,0.0,0.0,0.06765120950320519,SAFE,14.0,14.0,0.0,0.11025641025641025,7,0.0,-0.03,5.0,-10.0,17.175,2.62,0.0,0.0,6873.0,0.0,-5.0,PYKRX,True,13.8,16.2,C,OBSERVE,14.2,C,OBSERVE,-0.4
kosdaq,20260714,20260714_2021,950250,테라뷰,금융(은행),2250,42.6,12.1,14.4,-89.2,6.9,-12.8,-30.3,-67.2,-13.9,-39.8,,0.56,20800,2105,0,0,0,0,239434,437906,5.6,5.7,11.6,0.55,0,0,0,0,0,-,64.8,1.2,0.0,1.0,0.0,1,8,약세,-8,-7,0,-1,-21.9,-24.2,1496.48,,-1.11,-2212.0,-2212.0,-2212.0,10,10,1.0,72.8,64.8,950250,1957282,0,0,0,0,,,,,,,,,,,안전,,,,,,,,,,,,not_found,2024 OFS: 013 조회된 데이타가 없습니다.,not_found,OCF 항목을 찾지 못함,2025 H1,3개월,0.0,0.0,-10.1,thstrm_amount,frmtrm_q_amount,CFS,fnlttSinglAcntAll,영업이익(손실),dart_OperatingIncomeLoss,ok,3개월 기준 YoY 계산 성공,데이터부족,0,0,데이터없음,,default,0,72.8,64.8,2.0,0.0,,,0.0,OFF,0.0,0.0,0.05469457593275274,SAFE,20.0,33.0,0.0,0.42244224422442245,0,5.0,0.103,-2.0,0.0,16.2,,,,,,0.0,PYKRX,True,13.8,9.3,C,OBSERVE,19.2,C,OBSERVE,-5.4
kosdaq,20260714,20260714_2021,136410,아셈스,고무·플라스틱,4870,44.1,26.5,19.3,-60.6,4.7,-4.1,-13.3,-32.7,-6.2,-14.9,-42.6,2.69,12350,4650,0,0,0,0,19599,16660,2.2,1.0,0.9,1.18,0,0,0,0,0,-,57.1,-0.1,-0.2,-0.6,0.0,1,0,약세,-8,-7,0,-1,-21.9,-24.2,1496.48,,-1.11,-2212.0,-2212.0,-2212.0,10,10,1.0,57.1,49.1,136410,922304,0,0,0,0,,,,,,,,,,,안전,2025.0,120.0,92.2,30.1,CFS,영업이익(손실),dart_OperatingIncomeLoss,80.3,79.3,영업활동현금흐름,ifrs-full_CashFlowsFromUsedInOperatingActivities,ok,연간 영업이익 YoY 계산 성공,ok,OCF 추출 성공,2026 Q1,3개월,24.2,42.0,-42.4,thstrm_amount,frmtrm_q_amount,CFS,fnlttSinglAcntAll,영업이익(손실),dart_OperatingIncomeLoss,ok,3개월 기준 YoY 계산 성공,피크아웃,-15,2,현금창출보통,0.67,default,1,45.1,37.1,2.0,0.0,12.32,1.0,0.0,OFF,0.0,0.0,0.04090405037464115,SAFE,10.0,0.0,0.0,0.3082706766917293,0,-10.0,-0.333,10.0,-15.0,14.275,0.72,5.84,2.67,6767.0,834.0,9.0,PYKRX,True,13.8,-10.2,C,OBSERVE,8.3,C,OBSERVE,5.5
kosdaq,20260714,20260714_2021,030960,양지사,인쇄,4665,16.0,9.9,17.6,-52.5,6.0,-9.9,-16.2,-31.0,-14.8,-18.4,-37.3,0.1,9820,4400,0,0,0,0,141854,1067726,5.3,6.8,64.6,0.13,0,0,0,0,0,-,76.1,3.4,0.0,-2.0,0.0,1,8,약세,-8,-7,0,-1,-21.9,-24.2,1496.48,,-1.11,-2212.0,-2212.0,-2212.0,10,10,1.0,84.1,76.1,030960,139685,0,0,0,0,,,,,,,,,,,안전,2025.0,-60.8,1.6,-3997.3,OFS,영업이익(손실),dart_OperatingIncomeLoss,13.2,-17.0,영업활동현금흐름,ifrs-full_CashFlowsFromUsedInOperatingActivities,ok,연간 영업이익 YoY 계산 성공,ok,OCF 추출 성공,2025 Q3,3개월,-39.8,1.9,-2212.9,thstrm_amount,frmtrm_q_amount,OFS,fnlttSinglAcntAll,영업이익(손실),dart_OperatingIncomeLoss,ok,3개월 기준 YoY 계산 성공,하락지속,-10,0,회계손실현금유입,,default,-3,71.1,63.1,2.0,0.0,0.0,0.0,0.0,OFF,0.0,0.0,0.05586316150512511,SAFE,7.0,6.0,0.0,0.6111111111111112,0,5.0,0.053,5.0,-10.0,19.025,0.35,0.0,1.07,13435.0,0.0,7.0,PYKRX,True,13.3,8.7,C,OBSERVE,26.0,C,OBSERVE,-12.7
kosdaq,20260714,20260714_2021,122870,와이지엔터테인먼트,미디어·엔터,40500,44.7,21.8,21.0,-63.1,4.4,-8.4,-10.0,-20.9,-5.8,-10.6,-36.8,0.66,109800,38800,0,0,0,0,110421,116309,31.5,45.8,50.4,0.95,0,0,0,0,0,-,46.6,-13.5,9.2,-42.4,77.3,1,8,약세,-8,-7,0,-1,-21.9,-24.2,1496.48,,-1.11,-2212.0,-2212.0,-2212.0,10,10,1.0,54.6,46.6,122870,613318,0,0,0,0,,,,,,,,,,,안전,2025.0,36.8,268.0,-86.3,CFS,영업외손익,dart_NonOperatingProfitLoss,909.1,0.5,영업활동현금흐름,ifrs-full_CashFlowsFromUsedInOperatingActivities,ok,연간 영업이익 YoY 계산 성공,ok,OCF 추출 성공,2026 Q1,3개월,-26.5,31.9,-182.9,thstrm_amount,frmtrm_q_amount,CFS,fnlttSinglAcntAll,영업외손익,dart_NonOperatingProfitLoss,ok,3개월 기준 YoY 계산 성공,하락지속,-10,5,현금창출양호,24.7,default,-3,46.6,38.6,2.0,0.0,7.19,0.0,0.0,OFF,0.0,0.0,0.04658404419996508,SAFE,6.0,0.0,0.0,0.8400000000000001,0,0.0,-0.085,10.0,-10.0,11.65,1.46,20.35,0.74,27689.0,1990.0,0.0,PYKRX,True,13.1,4.5,C,OBSERVE,11.6,C,OBSERVE,1.5
kosdaq,20260714,20260714_2021,014950,삼익제약,제약·바이오,3850,4.9,2.3,16.0,-84.6,3.9,-15.4,-50.0,-60.8,-38.5,-43.9,,0.8,25050,3705,5,0,1,0,819630,3624019,109.2,32.4,285.5,0.23,0,0,0,0,0,-,83.6,-2.9,-0.1,3.6,-17.2,1,0,약세,-8,-7,0,-1,-21.9,-24.2,1496.48,,-1.11,-2212.0,-2212.0,-2212.0,10,10,1.0,88.6,80.6,014950,127875,0,0,0,0,,,,,,,,,,,안전,2025.0,32.7,36.8,-11.0,CFS,영업이익(손실),dart_OperatingIncomeLoss,20.8,43.8,영업활동현금흐름,ifrs-full_CashFlowsFromUsedInOperatingActivities,ok,연간 영업이익 YoY 계산 성공,ok,OCF 추출 성공,2026 Q1,3개월,9.3,10.1,-8.5,thstrm_amount,frmtrm_q_amount,CFS,fnlttSinglAcntAll,영업이익(손실),dart_OperatingIncomeLoss,ok,3개월 기준 YoY 계산 성공,하락지속,-10,2,현금창출보통,0.64,default,2,82.6,74.6,0.0,0.0,0.0,0.0,0.0,OFF,0.0,0.0,0.13193041993873061,SAFE,8.0,7.0,0.0,0.308,0,0.0,-0.011,7.0,-10.0,20.0,0.51,0.0,1.04,7503.0,0.0,7.0,PYKRX,True,13.0,4.6,C,OBSERVE,24.0,C,OBSERVE,-11.0
kosdaq,20260714,20260714_2021,258610,케일럼,금속가공,1009,38.0,7.7,-6.0,-59.0,11.2,-6.3,-7.4,-29.2,-8.8,-10.7,-28.6,0.2,2460,907,0,0,0,0,53033,352601,0.7,0.6,4.0,0.15,0,0,0,0,0,-,66.7,0.4,0.0,-0.1,0.0,1,3,약세,-8,-7,0,-1,-21.9,-24.2,1496.48,,-1.11,-2212.0,-2212.0,-2212.0,10,10,1.0,69.7,61.7,258610,961507,0,0,0,0,,,,,,,,,,,안전,2025.0,-8.1,27.7,-129.3,CFS,영업이익(손실),dart_OperatingIncomeLoss,51.7,29.1,영업활동현금흐름,ifrs-full_CashFlowsFromUsedInOperatingActivities,ok,연간 영업이익 YoY 계산 성공,ok,OCF 추출 성공,2026 Q1,3개월,8.7,13.0,-33.0,thstrm_amount,frmtrm_q_amount,CFS,fnlttSinglAcntAll,영업이익(손실),dart_OperatingIncomeLoss,ok,3개월 기준 YoY 계산 성공,하락지속,-10,0,회계손실현금유입,,default,-3,56.7,48.7,2.0,0.0,0.0,0.0,0.0,OFF,0.0,0.0,0.02972938384489238,SAFE,6.0,5.0,0.0,0.8513513513513513,0,5.0,0.1,5.0,-10.0,16.675,0.81,0.0,0.0,1239.0,0.0,7.0,PYKRX,True,11.3,8.0,C,OBSERVE,23.7,C,OBSERVE,-12.4
kosdaq,20260714,20260714_2021,039020,이건홀딩스,목재,2450,45.8,19.3,20.6,-54.5,3.4,-10.1,-20.5,-26.2,-8.3,-15.3,-33.8,1.1,5390,2370,0,0,0,0,74167,72191,1.9,1.9,1.9,1.03,0,0,0,0,0,-,51.5,-0.3,-0.3,-1.1,-0.4,1,0,약세,-8,-7,0,-1,-21.9,-24.2,1496.48,,-1.11,-2212.0,-2212.0,-2212.0,10,10,1.0,51.5,43.5,039020,184889,0,0,0,0,,,,,,,,,,,안전,2025.0,-12.4,65.6,-118.9,CFS,영업손실,dart_OperatingIncomeLoss,94.0,89.6,영업활동현금흐름,ifrs-full_CashFlowsFromUsedInOperatingActivities,ok,연간 영업이익 YoY 계산 성공,ok,OCF 추출 성공,2026 Q1,3개월,32.4,41.2,-21.3,thstrm_amount,frmtrm_q_amount,CFS,fnlttSinglAcntAll,영업이익(손실),dart_OperatingIncomeLoss,ok,3개월 기준 YoY 계산 성공,하락지속,-10,0,회계손실현금유입,,default,2,43.5,35.5,0.0,0.0,0.0,0.0,0.0,OFF,0.0,0.0,0.04098920521414533,SAFE,14.0,14.0,0.0,0.4926829268292683,0,-10.0,-0.316,5.0,-10.0,12.875,0.3,0.0,2.04,8206.0,0.0,10.0,PYKRX,True,10.8,-11.1,C,OBSERVE,7.9,C,OBSERVE,2.9
kosdaq,20260714,20260714_2021,187790,나노,화학,2770,30.0,11.7,8.4,-63.4,119.7,-19.2,-38.6,-20.7,-22.3,-44.3,-26.6,0.57,7560,1261,0,0,0,0,315215,349864,5.4,9.5,13.1,0.9,0,0,0,0,0,-,86.2,2.0,-3.5,20.2,-22.8,1,8,약세,-8,-7,0,-1,-21.9,-24.2,1496.48,,-1.11,-2212.0,-2212.0,-2212.0,10,10,1.0,94.2,86.2,187790,994994,0,0,0,0,,,,,,,,,,,안전,2025.0,55.3,16.6,233.4,CFS,영업이익,dart_OperatingIncomeLoss,1.3,81.1,영업활동현금흐름,ifrs-full_CashFlowsFromUsedInOperatingActivities,ok,연간 영업이익 YoY 계산 성공,ok,OCF 추출 성공,2026 Q1,3개월,-8.9,-2.6,-237.3,thstrm_amount,frmtrm_q_amount,CFS,fnlttSinglAcntAll,영업이익,dart_OperatingIncomeLoss,ok,3개월 기준 YoY 계산 성공,피크아웃,-15,-3,현금창출약함,0.02,default,0,76.2,68.2,2.0,0.0,16.44,0.0,0.0,OFF,0.0,0.0,0.06015587310733675,SAFE,20.0,24.0,0.0,0.49740932642487046,0,0.0,-0.115,5.0,-15.0,20.0,1.99,12.1,0.0,1393.0,229.0,0.0,PYKRX,True,10.6,-0.5,C,OBSERVE,10.0,C,OBSERVE,0.6
kosdaq,20260714,20260714_2021,262260,에이프로,전기장비,2765,31.0,11.6,23.0,-78.6,5.1,-9.6,-55.4,-46.4,-22.4,-56.1,-52.2,0.57,12900,2630,5,0,1,0,77300,152442,2.3,2.2,6.4,0.51,0,0,0,0,0,-,78.9,-1.4,-0.4,-8.3,2.3,1,0,약세,-8,-7,0,-1,-21.9,-24.2,1496.48,,-1.11,-2212.0,-2212.0,-2212.0,10,10,1.0,83.9,75.9,262260,604268,0,0,0,0,,,,,,,,,,,안전,2025.0,-58.3,33.6,-273.6,CFS,영업이익(손실),dart_OperatingIncomeLoss,244.8,-282.2,영업활동현금흐름,ifrs-full_CashFlowsFromUsedInOperatingActivities,ok,연간 영업이익 YoY 계산 성공,ok,OCF 추출 성공,2026 Q1,3개월,-9.7,40.0,-124.3,thstrm_amount,frmtrm_q_amount,CFS,fnlttSinglAcntAll,영업이익(손실),dart_OperatingIncomeLoss,ok,3개월 기준 YoY 계산 성공,하락지속,-10,0,회계손실현금유입,,default,2,75.9,67.9,0.0,0.0,0.0,0.0,0.0,OFF,0.0,0.0,0.06414708736763117,SAFE,20.0,31.0,0.0,0.17328519855595667,3,-10.0,-0.281,5.0,-10.0,19.725,0.56,0.0,1.81,4901.0,0.0,7.0,PYKRX,True,8.6,-3.1,C,OBSERVE,14.7,C,OBSERVE,-6.1
kosdaq,20260714,20260714_2021,137400,피엔티,기계·장비,29100,31.9,8.6,8.4,-53.1,3.4,-12.9,-33.9,-41.3,-18.0,-31.3,-34.1,1.24,62000,28150,0,0,0,0,166049,139509,51.2,50.7,49.4,1.19,0,0,0,0,0,-,85.0,-37.1,26.1,-9.0,47.3,1,8,약세,-8,-7,0,-1,-21.9,-24.2,1496.48,,-1.11,-2212.0,-2212.0,-2212.0,10,10,1.0,93.0,85.0,137400,612294,0,0,0,0,,,,,,,,,,,안전,2025.0,956.5,1639.6,-41.7,CFS,영업이익,dart_OperatingIncomeLoss,44.5,397.2,영업활동현금흐름,ifrs-full_CashFlowsFromUsedInOperatingActivities,ok,연간 영업이익 YoY 계산 성공,ok,OCF 추출 성공,2026 Q1,3개월,87.9,144.1,-39.0,thstrm_amount,frmtrm_q_amount,CFS,fnlttSinglAcntAll,영업이익,dart_OperatingIncomeLoss,ok,3개월 기준 YoY 계산 성공,하락지속,-10,-3,현금창출약함,0.05,default,2,82.0,74.0,2.0,0.0,11.68,0.0,0.0,OFF,0.0,0.0,0.05432045066595831,SAFE,17.0,9.0,0.0,0.38053097345132747,0,-10.0,-0.223,2.0,-10.0,20.0,1.06,9.09,0.69,27402.0,3200.0,0.0,PYKRX,True,7.6,-11.4,C,OBSERVE,2.0,C,OBSERVE,5.6
kosdaq,20260714,20260714_2021,389650,넥스트바이오메디컬,의료·정밀·광학,35150,36.0,11.0,-1.3,-65.2,3.4,-14.9,-14.4,-47.2,-12.0,-21.4,-46.9,1.09,101000,34000,0,0,0,0,44585,53411,20.2,16.6,21.6,0.83,0,0,0,0,0,-,73.4,-4.1,5.0,-27.0,25.5,1,8,약세,-8,-7,0,-1,-21.9,-24.2,1496.48,,-1.11,-2212.0,-2212.0,-2212.0,10,10,1.0,81.4,73.4,389650,1385050,0,0,0,0,,,,,,,,,,,안전,2025.0,-7.2,-35.7,79.9,OFS,영업이익(손실),dart_OperatingIncomeLoss,12.5,-12.0,영업활동현금흐름,ifrs-full_CashFlowsFromUsedInOperatingActivities,ok,연간 영업이익 YoY 계산 성공,ok,OCF 추출 성공,2026 Q1,3개월,-11.9,-6.7,-78.4,thstrm_amount,frmtrm_q_amount,OFS,fnlttSinglAcntAll,영업이익(손실),dart_OperatingIncomeLoss,ok,3개월 기준 YoY 계산 성공,피크아웃,-15,0,회계손실현금유입,,default,-1,65.4,57.4,2.0,0.0,0.0,0.0,0.0,OFF,0.0,0.0,0.06013326366474046,SAFE,10.0,3.0,0.0,1.0347222222222223,0,0.0,0.042,8.0,-15.0,18.35,5.99,0.0,0.0,5864.0,0.0,-5.0,PYKRX,True,5.8,1.4,C,OBSERVE,6.4,C,OBSERVE,-0.6
kosdaq,20260714,20260714_2021,125210,아모그린텍,반도체·전자부품,5660,36.0,11.9,23.0,-66.2,3.7,-11.1,-37.5,-37.2,-16.6,-41.0,-28.4,0.88,16750,5460,0,0,0,0,88084,156666,6.7,5.3,11.5,0.56,0,0,0,0,0,-,71.3,-3.8,0.0,1.9,-20.0,1,0,약세,-8,-7,0,-1,-21.9,-24.2,1496.48,,-1.11,-2212.0,-2212.0,-2212.0,10,10,1.0,71.3,63.3,125210,611912,0,0,0,0,,,,,,,,,,,안전,2025.0,93.8,44.7,109.9,CFS,영업이익(손실),dart_OperatingIncomeLoss,217.4,86.3,영업활동현금흐름,ifrs-full_CashFlowsFromUsedInOperatingActivities,ok,연간 영업이익 YoY 계산 성공,ok,OCF 추출 성공,2026 Q1,3개월,16.4,18.5,-11.3,thstrm_amount,frmtrm_q_amount,CFS,fnlttSinglAcntAll,영업이익(손실),dart_OperatingIncomeLoss,ok,3개월 기준 YoY 계산 성공,피크아웃,-15,5,현금창출양호,2.32,default,2,63.3,55.3,0.0,0.0,7.26,0.0,0.0,OFF,0.0,0.0,0.054082466498075306,SAFE,20.0,33.0,0.0,0.296,0,-10.0,-0.33,18.0,-15.0,17.825,1.15,15.85,0.0,4917.0,357.0,0.0,PYKRX,True,5.6,-2.8,B,OBSERVE,10.8,B,OBSERVE,-5.2
kosdaq,20260714,20260714_2021,065710,서호전기,전기장비,42150,42.2,8.1,7.2,-29.6,21.3,-4.9,-11.0,-4.2,-6.1,-4.3,-8.9,0.58,59900,34750,0,0,0,0,11727,17952,4.4,5.1,8.2,0.65,0,0,0,0,0,-,51.2,-1.8,-0.6,-12.4,-2.0,1,0,약세,-8,-7,0,-1,-21.9,-24.2,1496.48,,-1.11,-2212.0,-2212.0,-2212.0,10,10,1.0,51.2,43.2,065710,220622,0,0,0,0,,,,,,,,,,,안전,2025.0,253.3,16.5,1439.0,CFS,영업이익,dart_OperatingIncomeLoss,362.7,-27.1,영업활동현금흐름,ifrs-full_CashFlowsFromUsedInOperatingActivities,ok,연간 영업이익 YoY 계산 성공,ok,OCF 추출 성공,2026 Q1,3개월,80.4,99.4,-19.1,thstrm_amount,frmtrm_q_amount,CFS,fnlttSinglAcntAll,영업이익,dart_OperatingIncomeLoss,ok,3개월 기준 YoY 계산 성공,피크아웃,-15,5,현금창출양호,1.43,default,0,41.2,33.2,0.0,0.0,25.32,0.0,0.0,OFF,0.0,0.0,0.02430557982698943,SAFE,3.0,0.0,0.0,0.4454545454545455,0,-10.0,-0.293,18.0,-15.0,12.8,2.33,9.19,14.23,18120.0,4588.0,3.0,PYKRX,True,5.1,-4.3,B,OBSERVE,8.8,B,OBSERVE,-3.7
kosdaq,20260714,20260714_2021,045970,코아시아,반도체·전자부품,2775,44.4,38.4,35.4,-64.6,11.7,-4.6,-29.4,-42.6,-6.7,-29.8,-47.7,0.83,7850,2485,0,0,0,0,139463,152512,3.6,4.0,4.5,0.91,3,0,0,1,0,+3%반등,48.9,-2.1,0.0,-13.8,0.7,1,0,약세,-8,-7,0,-1,-21.9,-24.2,1496.48,,-1.11,-2212.0,-2212.0,-2212.0,10,10,1.0,51.9,43.9,045970,271501,0,0,0,0,,,,,,,,,,,안전,2025.0,-22.4,-396.1,94.4,CFS,영업이익(손실),dart_OperatingIncomeLoss,129.6,-391.7,영업활동현금흐름,ifrs-full_CashFlowsFromUsedInOperatingActivities,ok,연간 영업이익 YoY 계산 성공,ok,OCF 추출 성공,2026 Q1,3개월,-20.3,18.3,-211.1,thstrm_amount,frmtrm_q_amount,CFS,fnlttSinglAcntAll,영업이익(손실),dart_OperatingIncomeLoss,ok,3개월 기준 YoY 계산 성공,피크아웃,-15,0,회계손실현금유입,,default,4,40.9,32.9,0.0,0.0,0.0,0.0,0.0,OFF,0.0,0.0,0.05069583560887666,SAFE,19.0,1.0,0.0,0.1564625850340136,7,-10.0,-0.467,8.0,-15.0,12.225,0.9,0.0,0.0,3100.0,0.0,1.0,PYKRX,True,4.0,1.6,C,OBSERVE,3.2,C,OBSERVE,0.8
kosdaq,20260714,20260714_2021,484590,삼양컴텍,금속가공,5740,35.5,6.2,18.2,-74.7,2.5,-11.3,-28.6,-52.1,-20.5,-33.8,-54.2,0.93,22650,5600,0,0,0,0,300609,352300,17.5,17.9,27.5,0.85,0,0,0,0,0,-,73.8,-4.1,-1.8,-24.1,-6.1,1,0,약세,-8,-7,0,-1,-21.9,-24.2,1496.48,,-1.11,-2212.0,-2212.0,-2212.0,10,10,1.0,73.8,65.8,484590,141583,0,0,0,0,,,,,,,,,,,안전,2025.0,266.3,180.6,47.5,OFS,영업이익(손실),dart_OperatingIncomeLoss,177.0,-69.4,영업활동현금흐름,ifrs-full_CashFlowsFromUsedInOperatingActivities,ok,연간 영업이익 YoY 계산 성공,ok,OCF 추출 성공,2026 Q1,3개월,20.0,55.6,-64.1,thstrm_amount,frmtrm_q_amount,OFS,fnlttSinglAcntAll,영업이익(손실),dart_OperatingIncomeLoss,ok,3개월 기준 YoY 계산 성공,피크아웃,-15,2,현금창출보통,0.66,default,2,62.8,54.8,0.0,0.0,17.09,0.0,0.0,OFF,0.0,0.0,0.07053392970387638,SAFE,14.0,6.0,0.0,0.3951048951048951,0,-10.0,-0.215,10.0,-15.0,18.45,1.51,8.84,0.0,3797.0,649.0,0.0,PYKRX,True,3.2,-9.0,C,OBSERVE,3.4,C,OBSERVE,-0.2
kosdaq,20260714,20260714_2021,079000,와토스코리아,고무·플라스틱,4500,13.1,3.3,31.1,-66.4,2.3,-5.2,-12.5,-49.6,-10.5,-21.6,-32.4,0.06,13400,4400,0,0,0,0,17044,255524,0.7,0.8,14.4,0.07,0,0,0,0,0,-,68.8,-0.1,-0.1,-2.8,-1.0,1,0,약세,-8,-7,0,-1,-21.9,-24.2,1496.48,,-1.11,-2212.0,-2212.0,-2212.0,10,10,1.0,68.8,60.8,079000,455875,0,0,0,0,,,,,,,,,,,안전,2025.0,-43.2,-2.5,-1645.7,OFS,영업이익(손실),dart_OperatingIncomeLoss,19.5,41.8,영업활동현금흐름,ifrs-full_CashFlowsFromUsedInOperatingActivities,ok,연간 영업이익 YoY 계산 성공,ok,OCF 추출 성공,2026 Q1,3개월,-8.3,-7.9,-5.8,thstrm_amount,frmtrm_q_amount,OFS,fnlttSinglAcntAll,영업이익(손실),dart_OperatingIncomeLoss,ok,3개월 기준 YoY 계산 성공,하락지속,-10,0,회계손실현금유입,,default,0,58.8,50.8,0.0,0.0,0.0,0.0,0.0,OFF,0.0,0.0,0.10794704426938259,SAFE,16.0,1.0,0.0,0.41600000000000004,0,0.0,-0.014,5.0,-10.0,17.2,0.4,0.0,8.96,11179.0,0.0,4.0,PYKRX,True,2.4,2.2,C,OBSERVE,16.2,C,OBSERVE,-13.8
kosdaq,20260714,20260714_2021,0011T0,채비,전기장비,5200,36.0,10.1,14.5,-83.1,4.9,-15.2,-42.4,,-20.6,-50.6,,0.71,30750,4955,0,0,0,0,233191,324190,12.0,12.8,22.0,0.72,0,0,0,0,0,-,75.2,-2.8,-0.6,-19.4,-1.2,1,0,약세,-8,-7,0,-1,-21.9,-24.2,1496.48,,-1.11,-2212.0,-2212.0,-2212.0,10,10,1.0,75.2,67.2,0011T0,1279698,0,0,0,0,,,,,,,,,,,안전,,,,,,,,,,,,not_found,2024 OFS: 013 조회된 데이타가 없습니다.,not_found,OCF 항목을 찾지 못함,2026 Q1,3개월,-96.6,-105.3,8.2,thstrm_amount,frmtrm_q_amount,CFS,fnlttSinglAcntAll,영업손실,dart_OperatingIncomeLoss,ok,3개월 기준 YoY 계산 성공,데이터부족,0,0,데이터없음,,default,0,75.2,67.2,0.0,0.0,0.0,0.0,0.0,OFF,0.0,0.0,,SAFE,1.0,1.0,0.0,0.3584905660377358,0,-10.0,-0.155,0.0,0.0,18.8,2.85,0.0,0.0,1822.0,0.0,-5.0,PYKRX,True,1.3,-6.4,C,OBSERVE,3.8,C,OBSERVE,-2.5
kosdaq,20260714,20260714_2021,450950,아스테라시스,의료·정밀·광학,6250,46.3,33.5,21.8,-64.2,11.6,-7.5,-14.1,-42.0,-8.5,-23.8,-47.0,0.64,17480,5600,0,0,0,0,28760,51255,2.1,1.8,3.6,0.56,0,0,0,0,0,-,43.9,-0.1,0.0,0.0,3.1,1,0,약세,-8,-7,0,-1,-21.9,-24.2,1496.48,,-1.11,-2212.0,-2212.0,-2212.0,10,10,1.0,43.9,35.9,450950,1590528,0,0,0,0,,,,,,,,,,,안전,2025.0,103.9,66.6,55.9,CFS,영업이익(손실),dart_OperatingIncomeLoss,49.9,43.6,영업활동현금흐름,ifrs-full_CashFlowsFromUsedInOperatingActivities,ok,연간 영업이익 YoY 계산 성공,ok,OCF 추출 성공,2026 Q1,3개월,-17.8,5.9,-401.6,thstrm_amount,frmtrm_q_amount,CFS,fnlttSinglAcntAll,영업이익(손실),dart_OperatingIncomeLoss,ok,3개월 기준 YoY 계산 성공,피크아웃,-15,2,현금창출보통,0.48,default,-3,27.9,19.9,0.0,0.0,20.05,0.0,0.0,OFF,0.0,0.0,0.05823215700467098,SAFE,15.0,5.0,0.0,0.5319148936170213,0,0.0,-0.028,10.0,-15.0,10.975,5.01,25.0,1.7,1247.0,250.0,0.0,PYKRX,True,0.7,0.8,C,OBSERVE,6.0,C,OBSERVE,-5.3
kosdaq,20260714,20260714_2021,042600,새로닉스,반도체·전자부품,8900,34.8,9.7,11.7,-61.6,27.3,-11.7,-34.8,-58.2,-17.4,-39.1,-37.2,1.7,23200,6990,0,0,0,0,14387,16212,2.5,1.3,1.8,0.89,0,0,0,0,0,-,81.6,-1.0,0.0,-5.5,0.2,1,0,약세,-8,-7,0,-1,-21.9,-24.2,1496.48,,-1.11,-2212.0,-2212.0,-2212.0,10,10,1.0,81.6,73.6,042600,147994,0,0,0,0,,,,,,,,,,,안전,2025.0,-26.3,72.8,-136.2,CFS,영업이익(손실),dart_OperatingIncomeLoss,11.3,132.5,영업활동현금흐름,ifrs-full_CashFlowsFromUsedInOperatingActivities,ok,연간 영업이익 YoY 계산 성공,ok,OCF 추출 성공,2026 Q1,3개월,-5.8,-1.4,-322.7,thstrm_amount,frmtrm_q_amount,CFS,fnlttSinglAcntAll,영업이익(손실),dart_OperatingIncomeLoss,ok,3개월 기준 YoY 계산 성공,하락지속,-10,0,회계손실현금유입,,default,0,71.6,63.6,0.0,0.0,0.0,0.0,0.0,OFF,0.0,0.0,0.06415543286682147,SAFE,20.0,28.0,0.0,0.33620689655172414,0,-10.0,-0.556,5.0,-10.0,20.0,1.22,0.0,0.0,7276.0,0.0,-5.0,PYKRX,True,0.5,-9.0,C,OBSERVE,0.0,C,OBSERVE,0.5
kosdaq,20260714,20260714_2021,408470,한패스,금융(은행),5320,40.5,17.6,24.9,-88.9,4.3,-9.1,-36.3,-67.1,-14.4,-40.9,,0.84,47750,5100,0,0,0,0,41718,73398,3.3,2.3,4.6,0.57,0,0,0,0,0,-,62.4,-1.7,0.0,7.9,-11.3,1,0,약세,-8,-7,0,-1,-21.9,-24.2,1496.48,,-1.11,-2212.0,-2212.0,-2212.0,10,10,1.0,62.4,54.4,408470,1445024,0,0,0,0,,,,,,,,,,,안전,2025.0,82.3,51.8,58.9,CFS,영업이익,dart_OperatingIncomeLoss,34.0,-54.8,영업활동현금흐름,ifrs-full_CashFlowsFromUsedInOperatingActivities,ok,연간 영업이익 YoY 계산 성공,ok,OCF 추출 성공,2026 Q1,3개월,-7.5,27.2,-127.5,thstrm_amount,frmtrm_q_amount,CFS,fnlttSinglAcntAll,영업이익,dart_OperatingIncomeLoss,ok,3개월 기준 YoY 계산 성공,피크아웃,-15,2,현금창출보통,0.41,default,2,51.4,43.4,0.0,0.0,20.14,0.0,0.0,OFF,0.0,0.0,0.0570394915163471,SAFE,20.0,24.0,0.0,0.2506887052341598,0,-10.0,-0.37,10.0,-15.0,15.6,1.19,5.92,0.0,4459.0,898.0,5.0,PYKRX,True,0.5,-9.8,C,OBSERVE,5.6,C,OBSERVE,-5.1
kosdaq,20260714,20260714_2021,290670,대보마그네틱,전기장비,5070,46.3,31.7,33.7,-76.0,25.0,0.2,-25.1,-55.4,-7.7,-31.8,-58.2,0.27,21100,4055,5,0,1,0,23336,64193,0.9,1.2,3.7,0.36,0,0,0,0,0,-,44.6,-0.1,0.0,-0.2,-0.5,1,0,약세,-8,-7,0,-1,-21.9,-24.2,1496.48,,-1.11,-2212.0,-2212.0,-2212.0,10,10,1.0,49.6,41.6,290670,1259418,0,0,0,0,,,,,,,,,,,안전,2025.0,-104.4,-98.0,-6.6,CFS,영업이익(손실),dart_OperatingIncomeLoss,13.2,-9.0,영업활동현금흐름,ifrs-full_CashFlowsFromUsedInOperatingActivities,ok,연간 영업이익 YoY 계산 성공,ok,OCF 추출 성공,2026 Q1,3개월,-18.6,-12.2,-52.0,thstrm_amount,frmtrm_q_amount,CFS,fnlttSinglAcntAll,영업이익(손실),dart_OperatingIncomeLoss,ok,3개월 기준 YoY 계산 성공,하락지속,-10,0,회계손실현금유입,,default,5,44.6,36.6,0.0,0.0,0.0,0.0,0.0,OFF,0.0,0.0,0.10108338364882567,SAFE,18.0,0.0,0.0,-0.00796812749003984,3,0.0,-0.027,5.0,-10.0,11.15,2.11,0.0,0.0,2406.0,0.0,-5.0,PYKRX,True,-4.6,6.3,C,OBSERVE,4.2,C,OBSERVE,-8.8
kosdaq,20260714,20260714_2021,067370,선바이오,제약·바이오,5720,38.5,12.5,19.5,-32.7,18.2,-6.5,-4.3,7.3,-9.4,-12.9,-4.8,0.12,8500,4840,0,0,0,0,19544,94468,0.7,1.2,6.7,0.21,0,0,0,0,0,-,49.1,-1.5,0.0,-2.5,0.0,1,0,약세,-8,-7,0,-1,-21.9,-24.2,1496.48,,-1.11,-2212.0,-2212.0,-2212.0,10,10,1.0,49.1,41.1,067370,407036,0,0,0,0,,,,,,,,,,,안전,2025.0,50.4,-5.3,1044.4,OFS,영업이익(손실),dart_OperatingIncomeLoss,38.2,11.7,영업활동현금흐름,ifrs-full_CashFlowsFromUsedInOperatingActivities,ok,연간 영업이익 YoY 계산 성공,ok,OCF 추출 성공,2026 Q1,3개월,4.6,11.9,-61.5,thstrm_amount,frmtrm_q_amount,OFS,fnlttSinglAcntAll,영업이익(손실),dart_OperatingIncomeLoss,ok,3개월 기준 YoY 계산 성공,피크아웃,-15,5,현금창출양호,0.76,default,-3,36.1,28.1,0.0,0.0,9.65,0.0,0.0,OFF,0.0,0.0,0.07966981238118903,SAFE,6.0,0.0,0.0,1.5116279069767442,0,-10.0,-0.224,18.0,-15.0,12.275,2.41,24.98,0.0,2373.0,229.0,0.0,PYKRX,True,-6.1,-4.4,B,OBSERVE,5.3,B,OBSERVE,-11.4
kosdaq,20260714,20260714_2021,187420,HLB제넥스,제약·바이오,1462,15.7,17.9,-0.3,-60.3,10.5,-26.2,-34.1,-46.2,-25.5,-33.7,-45.7,0.85,3680,1323,5,1,0,0,352478,182572,2.2,5.4,3.4,1.93,0,0,0,0,0,-,88.0,3.4,-0.1,2.4,-1.6,1,8,약세,-8,-7,0,-1,-21.9,-24.2,1496.48,,-1.11,-2212.0,-2212.0,-2212.0,10,10,1.0,101.0,93.0,187420,983916,0,4,0,0,,[20260612] 전환사채(해외전환사채포함)발행후만기전사채취득               (20260612900632) || [20260406] 전환사채(해외전환사채포함)발행후만기전사채취득               (20260406900660) || [20251212] 주요사항보고서(제3자의전환사채매수선택권행사) (20251212000216),,,,https://dart.fss.or.kr/dsaf001/main.do?rcpNo=20260612900632 || https://dart.fss.or.kr/dsaf001/main.do?rcpNo=20260406900660 || https://dart.fss.or.kr/dsaf001/main.do?rcpNo=20251212000216,,,,20260612900632 || 20260406900660 || 20251212000216,주의,2025.0,12.1,-18.8,164.3,CFS,영업이익(손실),dart_OperatingIncomeLoss,35.0,28.7,영업활동현금흐름,ifrs-full_CashFlowsFromUsedInOperatingActivities,ok,연간 영업이익 YoY 계산 성공,ok,OCF 추출 성공,2026 Q1,3개월,10.0,8.1,23.3,thstrm_amount,frmtrm_q_amount,CFS,fnlttSinglAcntAll,영업이익,dart_OperatingIncomeLoss,ok,3개월 기준 YoY 계산 성공,성장지속,10,5,현금창출양호,2.89,default,-1,115.0,107.0,2.0,0.0,55.24,0.0,0.0,OFF,0.0,0.0,0.0569680352852832,SAFE,16.0,14.0,0.0,0.7683284457478006,0,15.0,0.971,23.0,11.0,20.0,1.04,1.89,0.0,1403.0,775.0,0.0,PYKRX,False,77.5,50.1,WATCH,WATCH,59.0,WATCH,WATCH,18.5
kosdaq,20260714,20260714_2021,318000,KBG,화학,2915,44.1,31.3,29.1,-54.0,3.7,-3.5,-13.8,-31.2,-4.4,-17.0,-32.4,1.19,6340,2810,0,0,0,0,13237,15557,0.6,0.4,0.5,0.85,0,0,0,0,0,-,45.1,0.4,0.0,1.5,-0.2,1,8,약세,-8,-7,0,-1,-21.9,-24.2,1496.48,,-1.11,-2212.0,-2212.0,-2212.0,10,10,1.0,53.1,45.1,318000,876166,0,1,0,0,,[20260513] [첨부정정]주요사항보고서(전환사채권발행결정) (20260513000171),,,,https://dart.fss.or.kr/dsaf001/main.do?rcpNo=20260513000171,,,,20260513000171,주의,2025.0,23.3,31.6,-26.3,CFS,영업이익,dart_OperatingIncomeLoss,73.4,42.9,영업활동현금흐름,ifrs-full_CashFlowsFromUsedInOperatingActivities,ok,연간 영업이익 YoY 계산 성공,ok,OCF 추출 성공,2026 Q1,3개월,7.2,5.2,38.1,thstrm_amount,frmtrm_q_amount,CFS,fnlttSinglAcntAll,영업이익,dart_OperatingIncomeLoss,ok,3개월 기준 YoY 계산 성공,턴어라운드,20,5,현금창출양호,3.15,default,2,80.1,72.1,2.0,0.0,5.52,0.0,0.0,OFF,0.0,0.0,0.032747234285489146,SAFE,17.0,0.0,0.0,0.25362318840579706,0,15.0,0.8,20.0,17.0,11.275,0.54,9.78,2.06,5394.0,298.0,20.0,PYKRX,False,73.0,49.3,WATCH,WATCH,73.3,WATCH,WATCH,-0.3
kosdaq,20260714,20260714_2021,038500,삼표시멘트,비금속광물(시멘트·유리),7640,34.1,5.5,16.9,-67.5,inf,-7.7,-32.6,-55.3,-12.4,-32.0,-18.0,0.42,23500,0,0,0,0,0,641698,1036461,33.0,50.4,93.1,0.62,0,0,0,0,0,-,77.1,39.6,7.7,143.2,22.3,1,15,약세,-8,-7,0,-1,-21.9,-24.2,1496.48,,-1.11,-2212.0,-2212.0,-2212.0,10,10,1.0,92.1,84.1,038500,239639,0,3,0,0,,[20260429] [기재정정]최대주주변경을수반하는주식담보제공계약체결               (20260429901069) || [20251229] [기재정정]최대주주변경을수반하는주식담보제공계약체결               (20251229900859) || [20251216] [기재정정]최대주주변경을수반하는주식담보제공계약체결               (20251216901816),,,,https://dart.fss.or.kr/dsaf001/main.do?rcpNo=20260429901069 || https://dart.fss.or.kr/dsaf001/main.do?rcpNo=20251229900859 || https://dart.fss.or.kr/dsaf001/main.do?rcpNo=20251216901816,,,,20260429901069 || 20251229900859 || 20251216901816,주의,2025.0,765.8,1039.3,-26.3,CFS,영업이익,dart_OperatingIncomeLoss,938.5,1261.2,영업활동으로 인한 현금흐름,ifrs-full_CashFlowsFromUsedInOperatingActivities,ok,연간 영업이익 YoY 계산 성공,ok,OCF 추출 성공,2026 Q1,3개월,100.3,21.1,375.5,thstrm_amount,frmtrm_q_amount,CFS,fnlttSinglAcntAll,영업이익,dart_OperatingIncomeLoss,ok,3개월 기준 YoY 계산 성공,턴어라운드,20,5,현금창출양호,1.23,default,2,119.1,111.1,4.0,0.0,5.19,0.0,0.0,OFF,0.0,0.0,0.0416816088441541,SAFE,20.0,33.0,0.0,0.2361963190184049,3,15.0,0.508,20.0,17.0,19.275,1.04,20.11,1.58,7323.0,380.0,6.0,PYKRX,False,66.0,57.7,WATCH,WATCH,70.3,WATCH,WATCH,-4.3
kosdaq,20260714,20260714_2021,053300,한국정보인증,출판·SW,4150,42.0,22.1,26.6,-54.5,3.8,-2.2,-23.9,-31.7,-6.6,-20.0,-31.0,0.83,9130,4000,5,0,1,0,104384,129862,4.6,4.3,5.8,0.8,3,0,1,0,0,5일선회복,55.3,2.8,0.1,11.2,-1.2,1,15,약세,-8,-7,0,-1,-21.9,-24.2,1496.48,,-1.11,-2212.0,-2212.0,-2212.0,10,10,1.0,78.3,70.3,053300,306454,0,1,0,0,,[20260311] 주요사항보고서(감자결정) (20260311004572),,,,https://dart.fss.or.kr/dsaf001/main.do?rcpNo=20260311004572,,,,20260311004572,주의,2025.0,270.6,188.6,43.5,CFS,영업이익(손실),dart_OperatingIncomeLoss,154.3,289.2,영업활동현금흐름,ifrs-full_CashFlowsFromUsedInOperatingActivities,ok,연간 영업이익 YoY 계산 성공,ok,OCF 추출 성공,2026 Q1,3개월,91.2,62.8,45.4,thstrm_amount,frmtrm_q_amount,CFS,fnlttSinglAcntAll,영업이익(손실),dart_OperatingIncomeLoss,ok,3개월 기준 YoY 계산 성공,성장지속,10,2,현금창출보통,0.57,default,4,94.3,86.3,4.0,0.0,12.81,1.0,0.0,OFF,0.0,0.0,0.0369029906656837,SAFE,19.0,19.0,0.0,0.09205020920502094,7,15.0,0.5,15.0,11.0,13.825,0.81,6.35,4.82,5107.0,654.0,9.0,PYKRX,False,59.7,55.8,WATCH,WATCH,60.8,WATCH,WATCH,-1.1
kosdaq,20260714,20260714_2021,166090,하나머티리얼즈,반도체·전자부품,52900,41.6,20.4,24.9,-39.8,125.6,2.3,-28.9,-12.6,-11.0,-20.8,-4.9,0.89,87900,23450,5,0,1,0,170362,195412,92.6,89.5,117.4,0.87,6,0,1,1,0,5일선회복/+3%반등,55.4,34.2,-6.9,80.3,-143.3,1,8,약세,-8,-7,0,-1,-21.9,-24.2,1496.48,,-1.11,-2212.0,-2212.0,-2212.0,10,10,1.0,74.4,66.4,166090,660750,0,19,0,0,,[20260622] [기재정정]최대주주변경을수반하는주식담보제공계약체결               (20260622900725) || [20260518] [기재정정]최대주주변경을수반하는주식담보제공계약체결               (20260518900580) || [20260504] [기재정정]최대주주변경을수반하는주식담보제공계약체결               (20260504900501),,,,https://dart.fss.or.kr/dsaf001/main.do?rcpNo=20260622900725 || https://dart.fss.or.kr/dsaf001/main.do?rcpNo=20260518900580 || https://dart.fss.or.kr/dsaf001/main.do?rcpNo=20260504900501,,,,20260622900725 || 20260518900580 || 20260504900501,주의,2025.0,500.8,434.1,15.4,CFS,영업이익(손실),dart_OperatingIncomeLoss,685.4,756.8,영업활동현금흐름,ifrs-full_CashFlowsFromUsedInOperatingActivities,ok,연간 영업이익 YoY 계산 성공,ok,OCF 추출 성공,2026 Q1,3개월,213.0,87.2,144.3,thstrm_amount,frmtrm_q_amount,CFS,fnlttSinglAcntAll,영업이익(손실),dart_OperatingIncomeLoss,ok,3개월 기준 YoY 계산 성공,성장지속,10,5,현금창출양호,1.37,default,7,96.4,88.4,2.0,0.0,8.25,0.0,0.0,OFF,0.0,0.0,0.06197292622400347,SAFE,9.0,7.0,0.0,-0.07958477508650519,11,10.0,0.233,23.0,11.0,13.85,2.2,26.66,0.57,24038.0,1984.0,0.0,PYKRX,False,59.0,64.3,WATCH,WATCH,58.8,WATCH,WATCH,0.2
kosdaq,20260714,20260714_2021,337930,젝시믹스,IT서비스,2955,46.6,12.2,18.9,-57.2,5.2,-5.3,-13.1,-29.3,-5.2,-12.5,-34.1,1.01,6900,2810,0,0,0,0,85870,88340,2.7,2.6,2.8,0.97,0,0,0,0,0,-,48.6,2.4,1.2,-0.6,8.8,1,15,약세,-8,-7,0,-1,-21.9,-24.2,1496.48,,-1.11,-2212.0,-2212.0,-2212.0,10,10,1.0,63.6,55.6,337930,1391103,0,3,0,0,,[20260604] 전환사채(해외전환사채포함)발행후만기전사채취득              (제1회차) (20260604900681) || [20260430] [첨부추가]전환사채(해외전환사채포함)발행후만기전사채취득              (제1회차) (20260430901349) || [20250910] 전환사채(해외전환사채포함)발행후만기전사채취득              (제1회차) (20250910900243),,,,https://dart.fss.or.kr/dsaf001/main.do?rcpNo=20260604900681 || https://dart.fss.or.kr/dsaf001/main.do?rcpNo=20260430901349 || https://dart.fss.or.kr/dsaf001/main.do?rcpNo=20250910900243,,,,20260604900681 || 20260430901349 || 20250910900243,주의,2025.0,173.5,249.0,-30.3,CFS,영업이익,dart_OperatingIncomeLoss,27.2,297.6,영업활동으로 인한 현금흐름,ifrs-full_CashFlowsFromUsedInOperatingActivities,ok,연간 영업이익 YoY 계산 성공,ok,OCF 추출 성공,2026 Q1,3개월,11.0,7.9,39.1,thstrm_amount,frmtrm_q_amount,CFS,fnlttSinglAcntAll,영업이익,dart_OperatingIncomeLoss,ok,3개월 기준 YoY 계산 성공,턴어라운드,20,-3,현금창출약함,0.16,default,2,82.6,74.6,4.0,0.0,10.22,1.0,0.0,OFF,0.0,0.0,0.04128121033190369,SAFE,5.0,1.0,0.0,0.40458015267175573,0,15.0,1.286,7.0,17.0,12.15,0.75,7.39,6.77,3915.0,400.0,15.0,PYKRX,False,58.0,39.1,WATCH,WATCH,56.2,WATCH,WATCH,1.8
kosdaq,20260714,20260714_2021,054540,삼영엠텍,금속가공,6110,36.5,13.9,13.8,-73.2,22.2,-9.5,-33.7,-45.2,-17.9,-34.0,-52.3,0.92,22800,5000,0,0,0,0,99503,114345,6.1,6.4,8.8,0.87,0,0,0,0,0,-,73.8,9.0,0.3,26.0,-0.1,1,15,약세,-8,-7,0,-1,-21.9,-24.2,1496.48,,-1.11,-2212.0,-2212.0,-2212.0,10,10,1.0,88.8,80.8,054540,250614,0,10,0,0,,[20260430] 최대주주변경을수반하는주식담보제공계약체결               (20260430901789) || [20260430] 최대주주변경을수반하는주식담보제공계약해제ㆍ취소등               (20260430900805) || [20260323] [기재정정]최대주주변경을수반하는주식담보제공계약체결               (20260323901438),,,,https://dart.fss.or.kr/dsaf001/main.do?rcpNo=20260430901789 || https://dart.fss.or.kr/dsaf001/main.do?rcpNo=20260430900805 || https://dart.fss.or.kr/dsaf001/main.do?rcpNo=20260323901438,,,,20260430901789 || 20260430900805 || 20260323901438,주의,2025.0,102.2,103.0,-0.8,CFS,영업이익(손실),dart_OperatingIncomeLoss,98.0,109.1,영업활동현금흐름,ifrs-full_CashFlowsFromUsedInOperatingActivities,ok,연간 영업이익 YoY 계산 성공,ok,OCF 추출 성공,2026 Q1,3개월,56.1,28.7,95.6,thstrm_amount,frmtrm_q_amount,CFS,fnlttSinglAcntAll,영업이익(손실),dart_OperatingIncomeLoss,ok,3개월 기준 YoY 계산 성공,관망,0,5,현금창출양호,0.96,default,2,95.8,87.8,4.0,0.0,10.79,1.0,0.0,OFF,0.0,0.0,0.05628894495668485,SAFE,20.0,33.0,0.0,0.28189910979228483,0,15.0,1.057,20.0,5.0,18.45,0.99,9.17,2.7,6172.0,666.0,9.0,PYKRX,False,57.6,43.0,WATCH,WATCH,57.4,WATCH,WATCH,0.2
kosdaq,20260714,20260714_2021,092300,현우산업,반도체·전자부품,2310,30.0,12.2,17.4,-53.5,3.8,-10.6,-30.8,-26.4,-16.1,-32.1,-30.3,1.49,4972,2225,0,0,0,0,147968,132767,4.4,3.5,3.8,1.11,4,0,0,0,1,거래량동반양봉,84.9,-1.5,0.1,-11.7,1.3,1,8,약세,-8,-7,0,-1,-21.9,-24.2,1496.48,,-1.11,-2212.0,-2212.0,-2212.0,10,10,1.0,96.9,88.9,092300,367455,0,3,0,0,,[20251121] [기재정정]주요사항보고서(전환사채권발행결정) (20251121000388) || [20251120] 주요사항보고서(전환사채권발행결정) (20251120000308) || [20250926] 전환사채(해외전환사채포함)발행후만기전사채취득               (20250926900241),,,,https://dart.fss.or.kr/dsaf001/main.do?rcpNo=20251121000388 || https://dart.fss.or.kr/dsaf001/main.do?rcpNo=20251120000308 || https://dart.fss.or.kr/dsaf001/main.do?rcpNo=20250926900241,,,,20251121000388 || 20251120000308 || 20250926900241,주의,2025.0,110.4,77.5,42.5,CFS,영업이익(손실),dart_OperatingIncomeLoss,238.5,182.0,영업활동현금흐름,ifrs-full_CashFlowsFromUsedInOperatingActivities,ok,연간 영업이익 YoY 계산 성공,ok,OCF 추출 성공,2026 Q1,3개월,33.6,9.7,248.0,thstrm_amount,frmtrm_q_amount,CFS,fnlttSinglAcntAll,영업이익(손실),dart_OperatingIncomeLoss,ok,3개월 기준 YoY 계산 성공,성장지속,10,5,현금창출양호,2.16,default,0,111.9,103.9,5.0,0.0,6.72,0.0,0.0,OFF,0.0,0.0,0.03889937584442671,SAFE,20.0,27.0,0.0,0.34415584415584416,4,-10.0,-0.368,23.0,11.0,20.0,0.38,5.61,3.03,6129.0,412.0,15.0,PYKRX,False,57.3,28.1,WATCH,WATCH,53.0,WATCH,WATCH,4.3
kosdaq,20260714,20260714_2021,064820,케이프,조선·기타운송,8200,40.5,21.2,23.3,-53.1,38.3,-4.2,-23.4,-24.6,-9.7,-25.6,-28.8,0.6,17500,5930,0,0,0,0,63640,82838,4.1,5.3,7.7,0.77,0,0,0,0,0,-,58.8,0.6,0.3,1.6,6.6,1,15,약세,-8,-7,0,-1,-21.9,-24.2,1496.48,,-1.11,-2212.0,-2212.0,-2212.0,10,10,1.0,73.8,65.8,064820,152437,0,1,0,0,,[20250911] [기재정정]최대주주변경을수반하는주식담보제공계약체결               (20250911900444),,,,https://dart.fss.or.kr/dsaf001/main.do?rcpNo=20250911900444,,,,20250911900444,주의,2025.0,499.6,389.9,28.1,CFS,영업이익(손실),dart_OperatingIncomeLoss,1884.3,-1841.2,영업활동현금흐름,ifrs-full_CashFlowsFromUsedInOperatingActivities,ok,연간 영업이익 YoY 계산 성공,ok,OCF 추출 성공,2026 Q1,3개월,281.9,43.2,552.7,thstrm_amount,frmtrm_q_amount,CFS,fnlttSinglAcntAll,영업이익(손실),dart_OperatingIncomeLoss,ok,3개월 기준 YoY 계산 성공,성장지속,10,5,현금창출양호,3.77,default,2,90.8,82.8,4.0,0.0,20.56,1.0,0.0,OFF,0.0,0.0,0.0457376909279085,SAFE,19.0,17.0,0.0,0.17948717948717952,3,8.0,0.117,23.0,11.0,14.7,0.84,4.08,8.54,9768.0,2008.0,9.0,PYKRX,False,57.1,46.1,WATCH,WATCH,58.7,WATCH,WATCH,-1.6
kosdaq,20260714,20260714_2021,048870,시너지이노베이션,의료·정밀·광학,1599,42.4,35.0,13.4,-48.4,5.2,-4.5,-15.9,-20.8,-5.6,-11.1,-27.7,1.47,3100,1520,5,1,0,0,546221,409177,9.6,9.0,6.9,1.33,0,0,0,0,0,-,55.7,5.1,-0.3,13.8,-0.2,1,8,약세,-8,-7,0,-1,-21.9,-24.2,1496.48,,-1.11,-2212.0,-2212.0,-2212.0,10,10,1.0,68.7,60.7,048870,475985,0,5,0,0,,[20260623] 전환사채(해외전환사채포함)발행후만기전사채취득               (20260623900253) || [20260622] 전환사채(해외전환사채포함)발행후만기전사채취득               (20260622900307) || [20260605] 기타경영사항(자율공시)              (자기사채(제14회차 전환사채) 소각 결정의 건) (20260605900257),,,,https://dart.fss.or.kr/dsaf001/main.do?rcpNo=20260623900253 || https://dart.fss.or.kr/dsaf001/main.do?rcpNo=20260622900307 || https://dart.fss.or.kr/dsaf001/main.do?rcpNo=20260605900257,,,,20260623900253 || 20260622900307 || 20260605900257,주의,2025.0,191.6,161.1,19.0,CFS,영업이익(손실),dart_OperatingIncomeLoss,147.8,264.7,I. 영업활동으로 인한 현금흐름,ifrs-full_CashFlowsFromUsedInOperatingActivities,ok,연간 영업이익 YoY 계산 성공,ok,OCF 추출 성공,2026 Q1,3개월,38.2,47.9,-20.2,thstrm_amount,frmtrm_q_amount,CFS,fnlttSinglAcntAll,영업이익(손실),dart_OperatingIncomeLoss,ok,3개월 기준 YoY 계산 성공,관망,0,5,현금창출양호,0.77,default,0,73.7,65.7,2.0,0.0,1.46,0.0,0.0,OFF,0.0,0.0,0.03180113452580353,SAFE,10.0,0.0,0.0,0.2830188679245283,0,15.0,0.696,18.0,0.0,13.925,0.67,45.69,0.0,2401.0,35.0,12.0,PYKRX,False,57.0,36.6,WATCH,WATCH,48.9,WATCH,WATCH,8.1
kosdaq,20260714,20260714_2021,138360,앤로보틱스,기계·장비,1840,42.8,6.1,18.9,-63.1,176.3,-3.9,-25.8,-17.7,-13.2,-31.5,-1.9,1.06,4980,666,15,1,1,1,1359463,795679,15.8,27.4,17.3,1.71,0,0,0,0,0,-,61.4,-1.5,0.0,-4.2,1.4,1,0,약세,-8,-7,0,-1,-21.9,-24.2,1496.48,,-1.11,-2212.0,-2212.0,-2212.0,10,10,1.0,76.4,68.4,138360,808068,0,19,0,0,,[20260710] [기재정정]주요사항보고서(유상증자결정) (20260710000216) || [20260626] 증권발행결과(자율공시)              (제3자배정 유상증자) (20260626900960) || [20260622] [기재정정]주요사항보고서(유상증자결정) (20260622000221),,,,https://dart.fss.or.kr/dsaf001/main.do?rcpNo=20260710000216 || https://dart.fss.or.kr/dsaf001/main.do?rcpNo=20260626900960 || https://dart.fss.or.kr/dsaf001/main.do?rcpNo=20260622000221,,,,20260710000216 || 20260626900960 || 20260622000221,주의,2025.0,5.8,-11.7,149.6,OFS,영업이익(손실),dart_OperatingIncomeLoss,25.1,-14.9,영업활동현금흐름,ifrs-full_CashFlowsFromUsedInOperatingActivities,ok,연간 영업이익 YoY 계산 성공,ok,OCF 추출 성공,2026 Q1,3개월,3.8,-10.9,135.2,thstrm_amount,frmtrm_q_amount,CFS,fnlttSinglAcntAll,영업이익(손실),dart_OperatingIncomeLoss,ok,3개월 기준 YoY 계산 성공,성장지속,10,5,현금창출양호,4.33,default,4,95.4,87.4,3.0,0.0,12.25,0.0,0.0,OFF,1.0,8.0,0.06616209058622169,SAFE,18.0,6.0,0.0,0.1511627906976744,3,0.0,-0.087,23.0,11.0,15.35,1.66,13.53,0.0,1110.0,136.0,0.0,PYKRX,False,57.0,36.7,WATCH,WATCH,42.4,WATCH,WATCH,14.6
kosdaq,20260714,20260714_2021,060590,씨티씨바이오,제약·바이오,2805,43.6,29.1,13.7,-63.5,4.7,-6.2,-14.0,-24.4,-6.0,-15.8,-35.9,0.92,7680,2680,0,0,0,0,69740,73723,1.9,2.0,2.2,0.95,0,0,0,0,0,-,51.3,0.6,-0.4,2.4,0.1,1,8,약세,-8,-7,0,-1,-21.9,-24.2,1496.48,,-1.11,-2212.0,-2212.0,-2212.0,10,10,1.0,59.3,51.3,060590,362292,0,3,0,0,,[20251028] 최대주주변경               (20251028900001) || [20251028] [기재정정]최대주주변경을수반하는주식양수도계약체결               (20251028900005) || [20250926] 최대주주변경을수반하는주식양수도계약체결               (20250926900702),,,,https://dart.fss.or.kr/dsaf001/main.do?rcpNo=20251028900001 || https://dart.fss.or.kr/dsaf001/main.do?rcpNo=20251028900005 || https://dart.fss.or.kr/dsaf001/main.do?rcpNo=20250926900702,,,,20251028900001 || 20251028900005 || 20250926900702,주의,2025.0,62.5,-50.1,224.7,CFS,영업이익(손실),dart_OperatingIncomeLoss,43.8,45.0,영업활동현금흐름,ifrs-full_CashFlowsFromUsedInOperatingActivities,ok,연간 영업이익 YoY 계산 성공,ok,OCF 추출 성공,2026 Q1,3개월,46.0,8.9,414.1,thstrm_amount,frmtrm_q_amount,CFS,fnlttSinglAcntAll,영업이익(손실),dart_OperatingIncomeLoss,ok,3개월 기준 YoY 계산 성공,성장지속,10,5,현금창출양호,0.7,default,2,76.3,68.3,2.0,0.0,4.47,0.0,0.0,OFF,0.0,0.0,0.0368596497670874,SAFE,15.0,0.0,0.0,0.4428571428571429,0,5.0,0.091,23.0,11.0,12.825,0.92,20.63,0.0,3042.0,136.0,12.0,PYKRX,False,55.3,35.9,WATCH,WATCH,53.8,WATCH,WATCH,1.5
kosdaq,20260714,20260714_2021,281740,레이크머티리얼즈,화학,11960,34.4,14.7,15.8,-58.3,4.9,-7.3,-32.5,-40.1,-14.6,-29.6,-31.8,0.98,28700,11400,5,0,1,0,360733,421190,45.5,44.0,61.2,0.86,0,0,0,0,0,-,75.9,-11.5,15.0,70.5,-32.1,1,8,약세,-8,-7,0,-1,-21.9,-24.2,1496.48,,-1.11,-2212.0,-2212.0,-2212.0,10,10,1.0,88.9,80.9,281740,1255652,0,1,0,0,,[20260513] 주요사항보고서(전환사채권발행결정) (20260513000690),,,,https://dart.fss.or.kr/dsaf001/main.do?rcpNo=20260513000690,,,,20260513000690,주의,2025.0,132.7,221.7,-40.1,CFS,영업이익,dart_OperatingIncomeLoss,154.8,9.0,영업활동으로 인한 현금흐름,ifrs-full_CashFlowsFromUsedInOperatingActivities,ok,연간 영업이익 YoY 계산 성공,ok,OCF 추출 성공,2026 Q1,3개월,42.5,27.6,53.8,thstrm_amount,frmtrm_q_amount,CFS,fnlttSinglAcntAll,영업이익,dart_OperatingIncomeLoss,ok,3개월 기준 YoY 계산 성공,턴어라운드,20,5,현금창출양호,1.17,default,4,117.9,109.9,2.0,0.0,5.71,0.0,0.0,OFF,0.0,0.0,0.04679244644727677,SAFE,19.0,9.0,0.0,0.2246153846153846,3,5.0,0.057,20.0,17.0,18.975,5.84,102.22,0.25,2049.0,117.0,0.0,PYKRX,False,53.9,45.6,WATCH,WATCH,54.0,WATCH,WATCH,-0.1
kosdaq,20260714,20260714_2021,317850,대모,기계·장비,5600,40.5,14.3,16.2,-48.7,4.3,-11.3,-24.8,-40.9,-10.2,-22.1,-28.1,0.86,10910,5370,0,0,0,0,53392,72654,3.4,3.1,4.7,0.73,0,0,0,0,0,-,63.6,1.3,0.0,4.6,-0.3,1,8,약세,-8,-7,0,-1,-21.9,-24.2,1496.48,,-1.11,-2212.0,-2212.0,-2212.0,10,10,1.0,71.6,63.6,317850,450995,0,1,0,0,,[20250804] [기재정정]유상증자결정(종속회사의주요경영사항)               (20250804900251),,,,https://dart.fss.or.kr/dsaf001/main.do?rcpNo=20250804900251,,,,20250804900251,주의,2025.0,19.1,1.2,1535.4,CFS,영업이익(손실),dart_OperatingIncomeLoss,25.7,-4.0,영업활동현금흐름,ifrs-full_CashFlowsFromUsedInOperatingActivities,ok,연간 영업이익 YoY 계산 성공,ok,OCF 추출 성공,2026 Q1,3개월,10.2,4.7,116.1,thstrm_amount,frmtrm_q_amount,CFS,fnlttSinglAcntAll,영업이익(손실),dart_OperatingIncomeLoss,ok,3개월 기준 YoY 계산 성공,성장지속,10,5,현금창출양호,1.35,default,2,88.6,80.6,2.0,0.0,3.93,0.0,0.0,OFF,0.0,0.0,0.04533206851513948,SAFE,14.0,1.0,0.0,0.4556451612903226,0,10.0,0.277,23.0,11.0,15.9,0.97,24.67,1.07,5781.0,227.0,6.0,PYKRX,False,53.6,42.9,WATCH,WATCH,55.9,WATCH,WATCH,-2.3
kosdaq,20260714,20260714_2021,171090,선익시스템,기계·장비,51900,34.4,19.6,23.5,-64.0,52.6,-3.5,-30.1,-38.9,-11.7,-29.6,-27.3,0.82,144000,34000,5,0,1,0,61503,60958,25.6,32.5,36.5,1.01,0,0,0,0,0,-,71.6,-5.9,10.5,16.8,15.4,1,8,약세,-8,-7,0,-1,-21.9,-24.2,1496.48,,-1.11,-2212.0,-2212.0,-2212.0,10,10,1.0,84.6,76.6,171090,327819,0,2,0,0,,[20260622] 전환사채(해외전환사채포함)발행후만기전사채취득               (20260622900633) || [20260323] 전환사채(해외전환사채포함)발행후만기전사채취득               (20260323901895),,,,https://dart.fss.or.kr/dsaf001/main.do?rcpNo=20260622900633 || https://dart.fss.or.kr/dsaf001/main.do?rcpNo=20260323901895,,,,20260622900633 || 20260323901895,주의,2025.0,1115.3,79.1,1310.5,CFS,영업이익(손실),dart_OperatingIncomeLoss,973.0,-340.0,영업활동현금흐름,ifrs-full_CashFlowsFromUsedInOperatingActivities,ok,연간 영업이익 YoY 계산 성공,ok,OCF 추출 성공,2026 Q1,3개월,14.7,-17.9,182.2,thstrm_amount,frmtrm_q_amount,CFS,fnlttSinglAcntAll,영업이익(손실),dart_OperatingIncomeLoss,ok,3개월 기준 YoY 계산 성공,성장지속,10,5,현금창출양호,0.87,default,4,103.6,95.6,2.0,0.0,67.23,0.0,0.0,OFF,0.0,0.0,0.044345835335834326,SAFE,20.0,20.0,0.0,0.11627906976744186,3,5.0,0.126,23.0,11.0,17.9,3.18,4.74,1.93,16300.0,10959.0,0.0,PYKRX,False,52.4,43.5,WATCH,WATCH,49.9,WATCH,WATCH,2.5
kosdaq,20260714,20260714_2021,220260,켐트로스,화학,3255,35.7,17.0,15.2,-66.0,5.2,-9.0,-33.0,-41.2,-14.6,-29.9,-37.9,1.11,9570,3095,0,0,0,0,163432,143887,5.3,5.4,5.5,1.14,0,0,0,0,0,-,74.2,2.1,0.0,6.2,0.6,1,8,약세,-8,-7,0,-1,-21.9,-24.2,1496.48,,-1.11,-2212.0,-2212.0,-2212.0,10,10,1.0,82.2,74.2,220260,1089350,0,1,0,0,,[20260202] 최대주주변경               (20260202901821),,,,https://dart.fss.or.kr/dsaf001/main.do?rcpNo=20260202901821,,,,20260202901821,주의,2025.0,10.5,37.9,-72.3,OFS,영업이익(손실),dart_OperatingIncomeLoss,5.9,106.3,영업활동현금흐름,ifrs-full_CashFlowsFromUsedInOperatingActivities,ok,연간 영업이익 YoY 계산 성공,ok,OCF 추출 성공,2026 Q1,3개월,21.9,2.5,786.1,thstrm_amount,frmtrm_q_amount,OFS,fnlttSinglAcntAll,영업이익(손실),dart_OperatingIncomeLoss,ok,3개월 기준 YoY 계산 성공,턴어라운드,20,2,현금창출보통,0.56,default,2,106.2,98.2,2.0,0.0,0.0,0.0,0.0,OFF,0.0,0.0,0.04919105499170881,SAFE,20.0,31.0,0.0,0.2727272727272727,0,15.0,0.382,12.0,17.0,18.55,1.58,0.0,0.0,2061.0,0.0,-5.0,PYKRX,False,52.3,45.1,WATCH,WATCH,47.6,WATCH,WATCH,4.7
kosdaq,20260714,20260714_2021,047920,HLB제약,지주·전문서비스,6600,26.1,8.5,-11.6,-70.3,10.0,-45.8,-39.8,-62.1,-42.2,-47.6,-56.4,3.4,22250,6000,5,1,0,0,372107,185674,35.7,25.5,18.1,2.0,4,0,0,0,1,거래량동반양봉,100.0,13.6,0.0,12.4,0.2,1,8,약세,-8,-7,0,-1,-21.9,-24.2,1496.48,,-1.11,-2212.0,-2212.0,-2212.0,10,10,1.0,117.0,109.0,047920,336817,0,2,0,0,,[20260618] [기재정정]주요사항보고서(유상증자결정) (20260618000270) || [20260513] 주요사항보고서(유상증자결정) (20260513000704),,,,https://dart.fss.or.kr/dsaf001/main.do?rcpNo=20260618000270 || https://dart.fss.or.kr/dsaf001/main.do?rcpNo=20260513000704,,,,20260618000270 || 20260513000704,주의,2025.0,10.6,14.7,-27.8,CFS,영업이익(손실),dart_OperatingIncomeLoss,5.7,68.4,영업활동현금흐름,ifrs-full_CashFlowsFromUsedInOperatingActivities,ok,연간 영업이익 YoY 계산 성공,ok,OCF 추출 성공,2026 Q1,3개월,10.3,19.9,-48.0,thstrm_amount,frmtrm_q_amount,CFS,fnlttSinglAcntAll,영업이익(손실),dart_OperatingIncomeLoss,ok,3개월 기준 YoY 계산 성공,하락지속,-10,2,현금창출보통,0.54,default,-2,107.0,99.0,5.0,0.0,3.69,0.0,0.0,OFF,0.0,0.0,0.1046854751961786,SAFE,5.0,2.0,0.0,1.150753768844221,4,15.0,0.751,7.0,-10.0,20.0,1.73,46.81,0.0,3816.0,141.0,6.0,PYKRX,False,51.7,30.6,WATCH,WATCH,32.0,WATCH,WATCH,19.7
kosdaq,20260714,20260714_2021,089980,상아프론테크,고무·플라스틱,13400,31.0,10.0,14.7,-55.4,2.9,-8.1,-31.5,-43.7,-15.1,-31.7,-30.7,1.1,30050,13020,0,0,0,0,37054,41808,6.1,5.1,6.8,0.89,0,0,0,0,0,-,83.1,2.8,-0.1,7.2,-2.2,1,8,약세,-8,-7,0,-1,-21.9,-24.2,1496.48,,-1.11,-2212.0,-2212.0,-2212.0,10,10,1.0,91.1,83.1,089980,181299,0,3,0,0,,[20260511] 전환사채(해외전환사채포함)발행후만기전사채취득               (20260511900530) || [20260429] [기재정정]주요사항보고서(전환사채권발행결정) (20260429000835) || [20260428] 주요사항보고서(전환사채권발행결정) (20260428000579),,,,https://dart.fss.or.kr/dsaf001/main.do?rcpNo=20260511900530 || https://dart.fss.or.kr/dsaf001/main.do?rcpNo=20260429000835 || https://dart.fss.or.kr/dsaf001/main.do?rcpNo=20260428000579,,,,20260511900530 || 20260429000835 || 20260428000579,주의,2025.0,67.1,58.5,14.7,CFS,영업이익,dart_OperatingIncomeLoss,80.4,216.3,영업활동으로 인한 현금흐름,ifrs-full_CashFlowsFromUsedInOperatingActivities,ok,연간 영업이익 YoY 계산 성공,ok,OCF 추출 성공,2026 Q1,3개월,11.7,10.8,7.7,thstrm_amount,frmtrm_q_amount,CFS,fnlttSinglAcntAll,영업이익,dart_OperatingIncomeLoss,ok,3개월 기준 YoY 계산 성공,성장지속,10,5,현금창출양호,1.2,default,2,108.1,100.1,2.0,0.0,3.32,0.0,0.0,OFF,0.0,0.0,0.041764078804635854,SAFE,20.0,33.0,0.0,0.2571428571428571,0,15.0,0.397,20.0,6.0,20.0,1.03,30.95,1.49,13041.0,433.0,0.0,PYKRX,False,51.5,44.2,WATCH,WATCH,51.0,WATCH,WATCH,0.5
kosdaq,20260714,20260714_2021,100590,머큐리,반도체·전자부품,3235,38.2,11.7,19.9,-74.6,7.5,-6.5,-40.5,-65.2,-16.4,-43.7,-27.7,0.62,12750,3010,5,0,1,0,228707,202149,4.0,7.8,8.2,1.13,0,0,0,0,0,-,69.3,0.8,-0.1,18.1,-0.8,1,8,약세,-8,-7,0,-1,-21.9,-24.2,1496.48,,-1.11,-2212.0,-2212.0,-2212.0,10,10,1.0,82.3,74.3,100590,364740,0,3,0,0,,[20260513] 주요사항보고서(전환사채권발행결정) (20260513000712) || [20260413] 전환사채(해외전환사채포함)발행후만기전사채취득               (20260413900822) || [20260112] 전환사채(해외전환사채포함)발행후만기전사채취득               (20260112900345),,,,https://dart.fss.or.kr/dsaf001/main.do?rcpNo=20260513000712 || https://dart.fss.or.kr/dsaf001/main.do?rcpNo=20260413900822 || https://dart.fss.or.kr/dsaf001/main.do?rcpNo=20260112900345,,,,20260513000712 || 20260413900822 || 20260112900345,주의,2025.0,-7.3,-8.9,17.2,CFS,영업이익,dart_OperatingIncomeLoss,110.2,57.6,영업활동현금흐름,ifrs-full_CashFlowsFromUsedInOperatingActivities,ok,연간 영업이익 YoY 계산 성공,ok,OCF 추출 성공,2026 Q1,3개월,-11.7,-22.9,49.1,thstrm_amount,frmtrm_q_amount,CFS,fnlttSinglAcntAll,영업이익,dart_OperatingIncomeLoss,ok,3개월 기준 YoY 계산 성공,성장지속,10,0,회계손실현금유입,,default,2,94.3,86.3,2.0,0.0,0.0,0.0,0.0,OFF,0.0,0.0,0.05482471531749687,SAFE,20.0,31.0,0.0,0.16049382716049382,3,5.0,0.085,13.0,11.0,17.325,0.36,0.0,0.0,8897.0,0.0,7.0,PYKRX,False,50.9,35.3,WATCH,WATCH,46.3,WATCH,WATCH,4.6
kosdaq,20260714,20260714_2021,278280,천보,화학,34750,33.9,23.9,15.0,-56.9,6.9,-2.0,-20.7,-35.6,-10.2,-23.6,-33.8,0.6,80600,32500,10,0,1,1,35606,50298,10.5,12.7,19.9,0.71,0,0,0,0,0,-,70.0,-6.2,14.6,-43.7,23.4,1,8,약세,-8,-7,0,-1,-21.9,-24.2,1496.48,,-1.11,-2212.0,-2212.0,-2212.0,10,10,1.0,88.0,80.0,278280,897752,0,1,0,0,,[20260522] 전환사채권발행결정(자회사의 주요경영사항)               (20260522900917),,,,https://dart.fss.or.kr/dsaf001/main.do?rcpNo=20260522900917,,,,20260522900917,주의,2025.0,-665.4,-49.5,-1243.2,CFS,영업외손익,dart_NonOperatingProfitLoss,80.3,224.9,영업활동현금흐름,ifrs-full_CashFlowsFromUsedInOperatingActivities,ok,연간 영업이익 YoY 계산 성공,ok,OCF 추출 성공,2026 Q1,3개월,-8.0,-10.5,23.9,thstrm_amount,frmtrm_q_amount,CFS,fnlttSinglAcntAll,영업외손익,dart_NonOperatingProfitLoss,ok,3개월 기준 YoY 계산 성공,턴어라운드,20,0,회계손실현금유입,,default,2,110.0,102.0,5.0,0.0,0.0,0.0,0.0,OFF,0.0,0.0,0.03969761681539708,SAFE,18.0,8.0,0.0,0.0966183574879227,3,15.0,0.422,10.0,17.0,17.5,0.95,0.0,0.0,36443.0,0.0,1.0,PYKRX,False,50.8,49.2,WATCH,WATCH,53.5,WATCH,WATCH,-2.7
kosdaq,20260714,20260714_2021,074600,원익QnC,비금속광물(시멘트·유리),29450,38.4,15.7,20.9,-35.1,75.4,-4.2,-28.3,-6.5,-11.9,-16.2,2.5,0.64,45400,16790,5,0,1,0,360530,398871,75.2,106.1,136.3,0.9,0,0,0,0,0,-,60.8,65.7,-31.6,46.4,-100.0,1,8,약세,-8,-7,0,-1,-21.9,-24.2,1496.48,,-1.11,-2212.0,-2212.0,-2212.0,10,10,1.0,73.8,65.8,074600,468374,0,1,0,0,,[20251022] 유상증자결정(종속회사의주요경영사항)               (20251022900546),,,,https://dart.fss.or.kr/dsaf001/main.do?rcpNo=20251022900546,,,,20251022900546,주의,2025.0,596.1,906.1,-34.2,CFS,영업이익,dart_OperatingIncomeLoss,848.5,798.7,영업활동현금흐름,ifrs-full_CashFlowsFromUsedInOperatingActivities,ok,연간 영업이익 YoY 계산 성공,ok,OCF 추출 성공,2026 Q1,3개월,218.6,190.8,14.6,thstrm_amount,frmtrm_q_amount,CFS,fnlttSinglAcntAll,영업이익,dart_OperatingIncomeLoss,ok,3개월 기준 YoY 계산 성공,턴어라운드,20,5,현금창출양호,1.42,default,2,100.8,92.8,2.0,0.0,4.62,0.0,0.0,OFF,0.0,0.0,0.06168604060030327,SAFE,7.0,7.0,0.0,0.14840989399293286,3,10.0,0.25,20.0,12.0,15.2,1.59,34.4,0.44,18524.0,856.0,0.0,PYKRX,False,50.8,47.0,WATCH,WATCH,50.2,WATCH,WATCH,0.6
kosdaq,20260714,20260714_2021,223250,드림씨아이에스,지주·전문서비스,2990,38.8,21.6,13.8,-65.4,5.1,-8.8,-21.5,-36.6,-10.4,-33.7,-40.7,0.84,8640,2845,5,0,0,1,71072,93867,2.4,2.2,3.2,0.76,4,0,0,0,1,거래량동반양봉,64.1,0.5,0.0,1.4,0.1,1,8,약세,-8,-7,0,-1,-21.9,-24.2,1496.48,,-1.11,-2212.0,-2212.0,-2212.0,10,10,1.0,81.1,73.1,223250,916826,0,1,0,0,,[20250922] 주요사항보고서(전환사채권발행결정) (20250922000174),,,,https://dart.fss.or.kr/dsaf001/main.do?rcpNo=20250922000174,,,,20250922000174,주의,2025.0,52.4,50.6,3.6,CFS,영업이익,dart_OperatingIncomeLoss,140.7,-0.9,영업활동현금흐름,ifrs-full_CashFlowsFromUsedInOperatingActivities,ok,연간 영업이익 YoY 계산 성공,ok,OCF 추출 성공,2026 Q1,3개월,5.4,13.3,-59.4,thstrm_amount,frmtrm_q_amount,CFS,fnlttSinglAcntAll,영업이익,dart_OperatingIncomeLoss,ok,3개월 기준 YoY 계산 성공,관망,0,5,현금창출양호,2.69,default,2,88.1,80.1,5.0,0.0,9.31,1.0,0.0,OFF,0.0,0.0,0.04405439007832894,SAFE,20.0,30.0,0.0,0.4093023255813954,4,10.0,0.156,18.0,0.0,16.025,0.93,10.0,0.0,3211.0,299.0,12.0,PYKRX,False,48.2,39.2,WATCH,WATCH,50.0,WATCH,WATCH,-1.8
kosdaq,20260714,20260714_2021,067290,JW신약,제약·바이오,1439,15.1,7.5,24.2,-58.5,15.5,-0.3,-18.9,-28.8,-26.9,-17.7,-18.5,0.94,3465,1246,10,0,1,1,7539135,21067151,273.2,109.3,491.5,0.36,7,0,0,1,1,+3%반등/거래량동반양봉,74.8,-12.6,0.5,9.6,0.3,1,8,약세,-8,-7,0,-1,-21.9,-24.2,1496.48,,-1.11,-2212.0,-2212.0,-2212.0,10,10,1.0,99.8,91.8,067290,110431,0,2,0,0,,[20260522] 전환사채(해외전환사채포함)발행후만기전사채취득               (20260522900828) || [20260521] 주요사항보고서(전환사채권발행결정) (20260521000483),,,,https://dart.fss.or.kr/dsaf001/main.do?rcpNo=20260522900828 || https://dart.fss.or.kr/dsaf001/main.do?rcpNo=20260521000483,,,,20260522900828 || 20260521000483,주의,2025.0,74.6,99.5,-25.1,CFS,영업이익(손실),dart_OperatingIncomeLoss,60.3,84.4,영업활동현금흐름,ifrs-full_CashFlowsFromUsedInOperatingActivities,ok,연간 영업이익 YoY 계산 성공,ok,OCF 추출 성공,2026 Q1,3개월,28.8,6.7,332.1,thstrm_amount,frmtrm_q_amount,OFS,fnlttSinglAcntAll,영업이익(손실),dart_OperatingIncomeLoss,ok,3개월 기준 YoY 계산 성공,턴어라운드,20,5,현금창출양호,0.81,default,4,128.8,120.8,5.0,0.0,33.61,0.0,0.0,OFF,0.0,0.0,0.13327054996593007,SAFE,5.0,5.0,0.0,0.015873015873015872,11,0.0,-0.025,20.0,17.0,18.7,1.97,5.87,0.0,729.0,245.0,0.0,PYKRX,False,48.0,55.5,WATCH,WATCH,56.7,WATCH,WATCH,-8.7
kosdaq,20260714,20260714_2021,006910,보성파워텍,금속가공,6500,42.8,16.0,21.5,-64.3,117.0,-5.7,-24.2,-33.3,-11.2,-30.7,-17.7,0.56,18200,2995,0,0,0,0,864826,1313034,46.2,56.9,100.7,0.66,0,0,0,0,0,-,57.8,21.3,0.0,-16.1,0.5,1,8,약세,-8,-7,0,-1,-21.9,-24.2,1496.48,,-1.11,-2212.0,-2212.0,-2212.0,10,10,1.0,65.8,57.8,006910,267881,0,1,0,0,,[20260330] 최대주주변경               (20260330902130),,,,https://dart.fss.or.kr/dsaf001/main.do?rcpNo=20260330902130,,,,20260330902130,주의,2025.0,268.1,48.2,455.7,OFS,영업이익(손실),dart_OperatingIncomeLoss,437.0,-100.0,영업활동현금흐름,ifrs-full_CashFlowsFromUsedInOperatingActivities,ok,연간 영업이익 YoY 계산 성공,ok,OCF 추출 성공,2026 Q1,3개월,59.5,15.5,284.8,thstrm_amount,frmtrm_q_amount,OFS,fnlttSinglAcntAll,영업이익(손실),dart_OperatingIncomeLoss,ok,3개월 기준 YoY 계산 성공,성장지속,10,5,현금창출양호,1.63,default,2,82.8,74.8,2.0,0.0,18.42,0.0,0.0,OFF,0.0,0.0,0.06347226581640512,SAFE,19.0,7.0,0.0,0.23553719008264465,3,10.0,0.212,23.0,11.0,14.45,2.89,15.66,0.0,2253.0,415.0,0.0,PYKRX,False,47.9,48.4,WATCH,WATCH,51.4,WATCH,WATCH,-3.5
kosdaq,20260714,20260714_2021,232680,라온로보틱스,기계·장비,8210,33.6,11.9,17.9,-65.7,24.2,-7.9,-40.2,-44.6,-19.1,-41.2,-36.3,0.62,23950,6610,5,0,1,0,101672,144755,7.1,8.6,15.5,0.7,0,0,0,0,0,-,77.0,-1.1,0.0,5.1,-0.1,1,0,약세,-8,-7,0,-1,-21.9,-24.2,1496.48,,-1.11,-2212.0,-2212.0,-2212.0,10,10,1.0,82.0,74.0,232680,911229,0,1,0,0,,[20260223] 전환사채(해외전환사채포함)발행후만기전사채취득               (20260223900572),,,,https://dart.fss.or.kr/dsaf001/main.do?rcpNo=20260223900572,,,,20260223900572,주의,2025.0,39.5,24.9,58.9,CFS,영업이익(손실),dart_OperatingIncomeLoss,78.4,85.6,영업활동현금흐름,ifrs-full_CashFlowsFromUsedInOperatingActivities,ok,연간 영업이익 YoY 계산 성공,ok,OCF 추출 성공,2026 Q1,3개월,8.7,0.1,15147.7,thstrm_amount,frmtrm_q_amount,CFS,fnlttSinglAcntAll,영업이익(손실),dart_OperatingIncomeLoss,ok,3개월 기준 YoY 계산 성공,성장지속,10,5,현금창출양호,1.98,default,2,99.0,91.0,0.0,0.0,10.34,0.0,0.0,OFF,0.0,0.0,0.04993086815715955,SAFE,20.0,24.0,0.0,0.19651741293532338,3,0.0,-0.071,23.0,11.0,19.25,2.74,26.48,2.44,2998.0,310.0,3.0,PYKRX,False,46.4,37.9,WATCH,WATCH,49.2,WATCH,WATCH,-2.8
kosdaq,20260714,20260714_2021,080220,제주반도체,반도체·전자부품,73700,26.7,7.6,13.2,-46.6,450.8,-10.4,-29.7,79.3,-24.7,-20.1,59.3,0.5,138000,13380,5,0,1,0,1958657,3662850,1373.9,1554.5,3941.7,0.53,0,0,0,0,0,-,83.2,6.2,272.2,-1209.1,654.7,1,15,약세,-8,-7,0,-1,-21.9,-24.2,1496.48,,-1.11,-2212.0,-2212.0,-2212.0,10,10,1.0,103.2,95.2,080220,447487,0,9,0,0,,[20260521] [기재정정]주요사항보고서(신주인수권부사채매수선택권행사자지정) (20260521000378) || [20260521] [기재정정]주요사항보고서(전환사채매수선택권행사자지정) (20260521000324) || [20260515] 주요사항보고서(제3자의전환사채매수선택권행사) (20260515002385),,,,https://dart.fss.or.kr/dsaf001/main.do?rcpNo=20260521000378 || https://dart.fss.or.kr/dsaf001/main.do?rcpNo=20260521000324 || https://dart.fss.or.kr/dsaf001/main.do?rcpNo=20260515002385,,,,20260521000378 || 20260521000324 || 20260515002385,주의,2025.0,358.7,95.8,274.4,CFS,영업이익(손실),dart_OperatingIncomeLoss,255.5,-96.8,영업활동현금흐름,ifrs-full_CashFlowsFromUsedInOperatingActivities,ok,연간 영업이익 YoY 계산 성공,ok,OCF 추출 성공,2026 Q1,3개월,671.1,37.0,1714.1,thstrm_amount,frmtrm_q_amount,CFS,fnlttSinglAcntAll,영업이익(손실),dart_OperatingIncomeLoss,ok,3개월 기준 YoY 계산 성공,성장지속,10,5,현금창출양호,0.71,default,0,118.2,110.2,4.0,0.0,17.4,0.0,0.0,OFF,0.0,0.0,0.0884293835484781,SAFE,7.0,7.0,0.0,0.3501683501683502,0,8.0,0.071,23.0,11.0,20.0,10.93,62.83,0.0,6742.0,1173.0,0.0,PYKRX,False,46.2,41.7,WATCH,WATCH,52.0,WATCH,WATCH,-5.8
kosdaq,20260714,20260714_2021,382800,지앤비에스 에코,기계·장비,4135,34.6,15.7,14.0,-59.3,62.2,-8.9,-34.3,-41.7,-17.4,-38.4,-8.7,0.78,10150,2550,0,0,0,0,286345,415999,12.9,12.7,21.7,0.69,0,0,0,0,0,-,76.1,-1.4,0.4,39.7,-0.4,1,8,약세,-8,-7,0,-1,-21.9,-24.2,1496.48,,-1.11,-2212.0,-2212.0,-2212.0,10,10,1.0,84.1,76.1,382800,958327,0,2,0,0,,[20260504] [첨부정정]주요사항보고서(전환사채권발행결정) (20260504000168) || [20251104] 전환사채(해외전환사채포함)발행후만기전사채취득               (20251104900359),,,,https://dart.fss.or.kr/dsaf001/main.do?rcpNo=20260504000168 || https://dart.fss.or.kr/dsaf001/main.do?rcpNo=20251104900359,,,,20260504000168 || 20251104900359,주의,2025.0,77.6,116.5,-33.4,CFS,영업이익(손실),dart_OperatingIncomeLoss,89.0,32.5,영업활동현금흐름,ifrs-full_CashFlowsFromUsedInOperatingActivities,ok,연간 영업이익 YoY 계산 성공,ok,OCF 추출 성공,2026 Q1,3개월,90.4,3.4,2549.2,thstrm_amount,frmtrm_q_amount,CFS,fnlttSinglAcntAll,영업이익(손실),dart_OperatingIncomeLoss,ok,3개월 기준 YoY 계산 성공,턴어라운드,20,5,현금창출양호,1.15,default,0,109.1,101.1,2.0,0.0,5.38,0.0,0.0,OFF,0.0,0.0,0.0526268366786645,SAFE,20.0,31.0,0.0,0.25947521865889217,0,0.0,-0.046,20.0,17.0,19.025,1.12,20.78,2.9,3701.0,199.0,3.0,PYKRX,False,46.0,33.6,WATCH,WATCH,49.0,WATCH,WATCH,-3.0
kosdaq,20260714,20260714_2021,091580,상신이디피,전기장비,14680,44.5,32.9,28.9,-53.5,95.0,0.9,-23.5,-31.6,-8.0,-25.0,-10.5,0.79,31550,7530,5,0,1,0,120401,143720,17.0,17.7,23.2,0.84,3,0,1,0,0,5일선회복,48.4,-9.8,13.2,-16.6,34.5,1,8,약세,-8,-7,0,-1,-21.9,-24.2,1496.48,,-1.11,-2212.0,-2212.0,-2212.0,10,10,1.0,64.4,56.400000000000006,091580,480783,0,2,0,0,,[20260506] [기재정정]주요사항보고서(전환사채권발행결정) (20260506000755) || [20260430] 주요사항보고서(전환사채권발행결정) (20260430001356),,,,https://dart.fss.or.kr/dsaf001/main.do?rcpNo=20260506000755 || https://dart.fss.or.kr/dsaf001/main.do?rcpNo=20260430001356,,,,20260506000755 || 20260430001356,주의,2025.0,10.9,78.4,-86.1,CFS,기타영업외손익,dart_NonOperatingProfitLoss,80.8,-22.6,영업활동현금흐름,ifrs-full_CashFlowsFromUsedInOperatingActivities,ok,연간 영업이익 YoY 계산 성공,ok,OCF 추출 성공,2026 Q1,3개월,25.0,9.0,176.9,thstrm_amount,frmtrm_q_amount,CFS,fnlttSinglAcntAll,기타영업외손익,dart_NonOperatingProfitLoss,ok,3개월 기준 YoY 계산 성공,턴어라운드,20,5,현금창출양호,7.41,default,5,94.4,86.4,2.0,0.0,1.26,0.0,0.0,OFF,0.0,0.0,0.07066280012359023,SAFE,17.0,0.0,0.0,-0.03829787234042553,7,5.0,0.147,15.0,17.0,12.1,1.22,97.22,0.68,12012.0,151.0,0.0,PYKRX,False,45.7,47.5,WATCH,WATCH,46.1,WATCH,WATCH,-0.4
kosdaq,20260714,20260714_2021,073540,에프알텍,반도체·전자부품,2130,35.4,24.7,18.7,-70.5,21.4,-7.2,-21.7,-44.2,-7.7,-27.0,-16.7,0.78,7220,1755,5,1,0,0,182242,74910,1.3,3.9,1.7,2.43,0,0,0,0,0,-,66.6,2.1,0.0,3.3,0.1,1,8,약세,-8,-7,0,-1,-21.9,-24.2,1496.48,,-1.11,-2212.0,-2212.0,-2212.0,10,10,1.0,79.6,71.6,073540,442561,0,0,0,0,,,,,,,,,,,안전,2025.0,9.2,8.1,12.9,CFS,영업이익(손실),dart_OperatingIncomeLoss,-19.4,-37.2,영업활동현금흐름,ifrs-full_CashFlowsFromUsedInOperatingActivities,ok,연간 영업이익 YoY 계산 성공,ok,OCF 추출 성공,2026 Q1,3개월,-5.1,6.4,-179.8,thstrm_amount,frmtrm_q_amount,CFS,fnlttSinglAcntAll,영업이익(손실),dart_OperatingIncomeLoss,ok,3개월 기준 YoY 계산 성공,관망,0,-10,밸류트랩의심,-2.11,default,0,69.6,61.6,2.0,0.0,3.45,0.0,0.0,OFF,0.0,0.0,0.05199574267221552,SAFE,20.0,33.0,0.0,0.3317972350230415,0,15.0,1.235,-12.0,0.0,16.65,0.4,11.64,3.52,5300.0,183.0,15.0,PYKRX,False,45.6,13.4,WATCH,WATCH,24.6,WATCH,WATCH,21.0
kosdaq,20260714,20260714_2021,085910,네오티스,자동차·부품,17750,42.1,42.3,35.0,-51.1,474.4,17.6,-35.6,-20.4,-11.9,-30.0,17.7,1.01,36300,3090,10,0,1,1,315922,248274,45.8,52.1,48.4,1.27,6,0,1,1,0,5일선회복/+3%반등,52.9,-47.4,-17.4,176.2,-129.1,1,0,약세,-8,-7,0,-1,-21.9,-24.2,1496.48,,-1.11,-2212.0,-2212.0,-2212.0,10,10,1.0,68.9,60.900000000000006,085910,447928,0,2,0,0,,[20260513] [기재정정]주요사항보고서(유상증자결정) (20260513000522) || [20260512] 주요사항보고서(유상증자결정) (20260512000440),,,,https://dart.fss.or.kr/dsaf001/main.do?rcpNo=20260513000522 || https://dart.fss.or.kr/dsaf001/main.do?rcpNo=20260512000440,,,,20260513000522 || 20260512000440,주의,2025.0,77.8,31.8,144.8,CFS,영업이익(손실),dart_OperatingIncomeLoss,77.7,87.5,영업활동현금흐름,ifrs-full_CashFlowsFromUsedInOperatingActivities,ok,연간 영업이익 YoY 계산 성공,ok,OCF 추출 성공,2026 Q1,3개월,22.9,16.8,36.4,thstrm_amount,frmtrm_q_amount,CFS,fnlttSinglAcntAll,영업이익(손실),dart_OperatingIncomeLoss,ok,3개월 기준 YoY 계산 성공,성장지속,10,5,현금창출양호,1.0,default,7,90.9,82.9,3.0,0.0,7.94,0.0,0.0,OFF,1.0,8.0,0.0778721748034185,SAFE,16.0,16.0,0.0,-0.49438202247191015,11,-10.0,-1.339,23.0,11.0,13.225,4.27,53.79,1.13,4154.0,330.0,0.0,PYKRX,False,45.3,40.1,WATCH,WATCH,38.2,WATCH,WATCH,7.1
kosdaq,20260714,20260714_2021,043260,성호전자,반도체·전자부품,18420,25.3,4.6,20.6,-69.1,1704.1,-5.1,-57.0,-58.6,-32.8,-49.5,-19.4,0.45,59600,1021,10,0,1,1,2187117,2885948,236.9,429.6,806.7,0.76,0,0,0,0,0,-,81.8,31.3,-22.5,605.3,-311.8,1,8,약세,-8,-7,0,-1,-21.9,-24.2,1496.48,,-1.11,-2212.0,-2212.0,-2212.0,10,10,1.0,99.8,91.8,043260,317210,0,23,0,0,,[20260710] 기타경영사항(자율공시)              (제14회차 신주인수권부사채 만기전 취득 후 재매각 결정) (20260710900979) || [20260710] [기재정정]최대주주변경을수반하는주식담보제공계약체결               (20260710900920) || [20260709] [기재정정]최대주주변경을수반하는주식담보제공계약체결               (20260709900708),,,,https://dart.fss.or.kr/dsaf001/main.do?rcpNo=20260710900979 || https://dart.fss.or.kr/dsaf001/main.do?rcpNo=20260710900920 || https://dart.fss.or.kr/dsaf001/main.do?rcpNo=20260709900708,,,,20260710900979 || 20260710900920 || 20260709900708,주의,2025.0,75.5,63.1,19.6,CFS,영업이익(손실),dart_OperatingIncomeLoss,200.9,251.8,영업활동현금흐름,ifrs-full_CashFlowsFromUsedInOperatingActivities,ok,연간 영업이익 YoY 계산 성공,ok,OCF 추출 성공,2026 Q1,3개월,32.0,16.0,100.3,thstrm_amount,frmtrm_q_amount,CFS,fnlttSinglAcntAll,영업이익(손실),dart_OperatingIncomeLoss,ok,3개월 기준 YoY 계산 성공,성장지속,10,5,현금창출양호,2.66,default,2,116.8,108.8,5.0,0.0,37.98,0.0,0.0,OFF,0.0,0.0,0.08407440101081329,SAFE,14.0,14.0,0.0,0.08947368421052632,3,0.0,0.011,23.0,11.0,20.0,5.21,13.72,0.0,3536.0,1343.0,0.0,PYKRX,False,45.2,38.1,WATCH,WATCH,47.0,WATCH,WATCH,-1.8
kosdaq,20260714,20260714_2021,124500,아이티센글로벌,IT서비스,20000,35.5,19.2,27.8,-73.5,43.0,-5.9,-52.3,-61.5,-17.5,-48.4,-45.6,0.39,75500,13990,10,0,1,1,144030,332001,24.2,29.0,86.5,0.43,0,0,0,0,0,-,68.3,3.4,8.0,157.7,35.4,1,15,약세,-8,-7,0,-1,-21.9,-24.2,1496.48,,-1.11,-2212.0,-2212.0,-2212.0,10,10,1.0,93.3,85.3,124500,620868,0,2,0,0,,[20260508] [기재정정]주요사항보고서(전환사채권발행결정) (20260508000526) || [20260430] 주요사항보고서(전환사채권발행결정) (20260430001853),,,,https://dart.fss.or.kr/dsaf001/main.do?rcpNo=20260508000526 || https://dart.fss.or.kr/dsaf001/main.do?rcpNo=20260430001853,,,,20260508000526 || 20260430001853,주의,2025.0,2799.3,585.6,378.0,CFS,영업이익(손실),dart_OperatingIncomeLoss,2381.5,264.4,영업활동현금흐름,ifrs-full_CashFlowsFromUsedInOperatingActivities,ok,연간 영업이익 YoY 계산 성공,ok,OCF 추출 성공,2026 Q1,3개월,991.7,338.4,193.1,thstrm_amount,frmtrm_q_amount,CFS,fnlttSinglAcntAll,영업이익(손실),dart_OperatingIncomeLoss,ok,3개월 기준 YoY 계산 성공,성장지속,10,5,현금창출양호,0.85,default,2,110.3,102.3,7.0,0.0,37.19,0.0,0.0,OFF,0.0,0.0,0.06277881288848691,SAFE,20.0,32.0,0.0,0.11281070745697898,3,8.0,0.132,23.0,11.0,17.075,3.7,9.95,0.0,5404.0,2010.0,0.0,PYKRX,False,44.6,46.8,WATCH,WATCH,52.1,WATCH,WATCH,-7.5
kosdaq,20260714,20260714_2021,084370,유진테크,기계·장비,147000,45.9,14.2,21.2,-36.5,287.9,0.6,-21.8,16.3,-11.5,-2.9,31.3,1.0,231500,37900,5,0,1,0,224147,283864,416.0,337.9,484.7,0.79,3,0,0,1,0,+3%반등,47.1,-198.7,194.5,-241.1,388.2,1,8,약세,-8,-7,0,-1,-21.9,-24.2,1496.48,,-1.11,-2212.0,-2212.0,-2212.0,10,10,1.0,63.1,55.1,084370,531014,0,2,0,0,,[20251215] [기재정정]유상증자결정(자율공시)(종속회사의주요경영사항)               (20251215901778) || [20251210] 유상증자결정(자율공시)(종속회사의주요경영사항)               (20251210900687),,,,https://dart.fss.or.kr/dsaf001/main.do?rcpNo=20251215901778 || https://dart.fss.or.kr/dsaf001/main.do?rcpNo=20251210900687,,,,20251215901778 || 20251210900687,주의,2025.0,516.7,611.8,-15.5,CFS,영업이익(손실),dart_OperatingIncomeLoss,664.8,615.0,영업활동현금흐름,ifrs-full_CashFlowsFromUsedInOperatingActivities,ok,연간 영업이익 YoY 계산 성공,ok,OCF 추출 성공,2026 Q1,3개월,188.3,92.0,104.7,thstrm_amount,frmtrm_q_amount,CFS,fnlttSinglAcntAll,영업이익(손실),dart_OperatingIncomeLoss,ok,3개월 기준 YoY 계산 성공,턴어라운드,20,5,현금창출양호,1.29,default,7,95.1,87.1,2.0,0.0,9.38,0.0,0.0,OFF,0.0,0.0,0.08655832670108732,SAFE,3.0,0.0,0.0,-0.027522935779816512,7,0.0,-0.009,20.0,17.0,11.775,7.23,77.12,0.16,20320.0,1906.0,0.0,PYKRX,False,44.5,45.4,WATCH,WATCH,45.8,WATCH,WATCH,-1.3
kosdaq,20260714,20260714_2021,277880,티에스아이,기계·장비,2995,35.6,15.3,15.1,-54.3,3.5,-9.8,-25.8,-40.5,-12.2,-28.7,-41.0,0.86,6550,2895,0,0,0,0,59581,59543,1.6,1.8,2.0,1.0,0,0,0,0,0,-,72.1,-0.7,0.0,1.2,-0.3,1,0,약세,-8,-7,0,-1,-21.9,-24.2,1496.48,,-1.11,-2212.0,-2212.0,-2212.0,10,10,1.0,72.1,64.1,277880,1139035,0,1,0,0,,[20250901] 전환사채(해외전환사채포함)발행후만기전사채취득               (20250901900581),,,,https://dart.fss.or.kr/dsaf001/main.do?rcpNo=20250901900581,,,,20250901900581,주의,2025.0,82.5,156.3,-47.2,CFS,영업이익(손실),dart_OperatingIncomeLoss,469.1,-220.1,영업활동현금흐름,ifrs-full_CashFlowsFromUsedInOperatingActivities,ok,연간 영업이익 YoY 계산 성공,ok,OCF 추출 성공,2026 Q1,3개월,38.0,20.2,87.9,thstrm_amount,frmtrm_q_amount,CFS,fnlttSinglAcntAll,영업이익(손실),dart_OperatingIncomeLoss,ok,3개월 기준 YoY 계산 성공,턴어라운드,20,5,현금창출양호,5.69,default,2,99.1,91.1,0.0,0.0,1.19,0.0,0.0,OFF,0.0,0.0,0.0425567969488755,SAFE,19.0,14.0,0.0,0.3798449612403101,0,-10.0,-0.35,15.0,17.0,18.025,0.58,49.1,0.0,5136.0,61.0,12.0,PYKRX,False,44.4,17.3,WATCH,WATCH,42.0,WATCH,WATCH,2.4
kosdaq,20260714,20260714_2021,131030,옵투스제약,제약·바이오,5490,44.7,10.5,5.9,-73.5,1.9,-7.1,-10.0,-45.1,-6.1,-16.6,-31.7,1.51,20750,5390,0,0,0,0,84668,99042,8.1,4.8,5.8,0.85,0,0,0,0,0,-,58.0,-0.7,0.0,-2.1,0.0,1,0,약세,-8,-7,0,-1,-21.9,-24.2,1496.48,,-1.11,-2212.0,-2212.0,-2212.0,10,10,1.0,58.0,50.0,131030,831428,0,1,0,0,,[20251022] 주요사항보고서(유상증자결정) (20251022000206),,,,https://dart.fss.or.kr/dsaf001/main.do?rcpNo=20251022000206,,,,20251022000206,주의,2025.0,88.8,85.9,3.3,OFS,영업이익(손실),dart_OperatingIncomeLoss,162.3,89.0,영업활동현금흐름,ifrs-full_CashFlowsFromUsedInOperatingActivities,ok,연간 영업이익 YoY 계산 성공,ok,OCF 추출 성공,2026 Q1,3개월,29.0,9.2,215.5,thstrm_amount,frmtrm_q_amount,OFS,fnlttSinglAcntAll,영업이익(손실),dart_OperatingIncomeLoss,ok,3개월 기준 YoY 계산 성공,관망,0,5,현금창출양호,1.83,default,-3,60.0,52.0,0.0,0.0,7.44,0.0,0.0,OFF,0.0,0.0,0.03628868343248214,SAFE,10.0,1.0,0.0,0.71,0,0.0,-0.121,23.0,5.0,14.5,0.56,7.51,0.0,9824.0,731.0,12.0,PYKRX,False,44.3,26.2,WATCH,WATCH,44.5,WATCH,WATCH,-0.2
kosdaq,20260714,20260714_2021,121600,나노신소재,화학,42800,36.5,10.2,15.6,-55.1,2.9,-9.2,-32.1,-37.8,-13.6,-29.8,-30.0,1.0,95300,41600,0,0,0,0,69611,71459,31.1,30.7,35.4,0.97,0,0,0,0,0,-,74.0,-16.6,13.0,19.9,-10.9,1,8,약세,-8,-7,0,-1,-21.9,-24.2,1496.48,,-1.11,-2212.0,-2212.0,-2212.0,10,10,1.0,82.0,74.0,121600,439965,0,3,0,0,,[20260622] 신주인수권부사채(해외신주인수권부사채포함)발행후만기전사채취득               (20260622900678) || [20260323] 신주인수권부사채(해외신주인수권부사채포함)발행후만기전사채취득               (20260323902211) || [20260323] 전환사채(해외전환사채포함)발행후만기전사채취득               (20260323902198),,,,https://dart.fss.or.kr/dsaf001/main.do?rcpNo=20260622900678 || https://dart.fss.or.kr/dsaf001/main.do?rcpNo=20260323902211 || https://dart.fss.or.kr/dsaf001/main.do?rcpNo=20260323902198,,,,20260622900678 || 20260323902211 || 20260323902198,주의,2025.0,46.8,29.9,56.7,CFS,영업이익,dart_OperatingIncomeLoss,167.5,245.2,영업활동으로인한현금흐름,ifrs-full_CashFlowsFromUsedInOperatingActivities,ok,연간 영업이익 YoY 계산 성공,ok,OCF 추출 성공,2026 Q1,3개월,27.6,2.9,837.9,thstrm_amount,frmtrm_q_amount,CFS,fnlttSinglAcntAll,영업이익,dart_OperatingIncomeLoss,ok,3개월 기준 YoY 계산 성공,성장지속,10,5,현금창출양호,3.58,default,2,99.0,91.0,2.0,0.0,0.66,0.0,0.0,OFF,0.0,0.0,0.055218832737163645,SAFE,20.0,33.0,0.0,0.2866043613707165,0,0.0,-0.102,23.0,11.0,18.5,2.07,314.71,0.58,20643.0,136.0,0.0,PYKRX,False,44.3,31.6,WATCH,WATCH,42.5,WATCH,WATCH,1.8
kosdaq,20260714,20260714_2021,032300,한국파마,제약·바이오,7520,44.0,25.8,18.9,-52.8,4.7,-5.2,-15.8,-33.2,-6.8,-18.1,-37.1,1.08,15940,7180,0,0,0,0,20802,18813,1.6,1.6,1.5,1.11,0,0,0,0,0,-,50.8,2.0,0.0,7.2,0.0,1,8,약세,-8,-7,0,-1,-21.9,-24.2,1496.48,,-1.11,-2212.0,-2212.0,-2212.0,10,10,1.0,58.8,50.8,032300,187770,0,2,0,0,,[20260528] 전환사채(해외전환사채포함)발행후만기전사채취득               (20260528900782) || [20260520] 주요사항보고서(전환사채권발행결정) (20260520000243),,,,https://dart.fss.or.kr/dsaf001/main.do?rcpNo=20260528900782 || https://dart.fss.or.kr/dsaf001/main.do?rcpNo=20260520000243,,,,20260528900782 || 20260520000243,주의,2025.0,-8.9,60.9,-114.6,OFS,영업이익(손실),dart_OperatingIncomeLoss,26.9,80.5,영업활동현금흐름,ifrs-full_CashFlowsFromUsedInOperatingActivities,ok,연간 영업이익 YoY 계산 성공,ok,OCF 추출 성공,2026 Q1,3개월,13.1,8.3,57.2,thstrm_amount,frmtrm_q_amount,OFS,fnlttSinglAcntAll,영업이익(손실),dart_OperatingIncomeLoss,ok,3개월 기준 YoY 계산 성공,턴어라운드,20,0,회계손실현금유입,,default,2,80.8,72.8,2.0,0.0,0.0,0.0,0.0,OFF,0.0,0.0,0.049122148283670036,SAFE,17.0,1.0,0.0,0.3291139240506329,0,15.0,1.333,10.0,17.0,12.7,1.19,0.0,0.66,6307.0,0.0,-5.0,PYKRX,False,44.0,41.7,WATCH,WATCH,39.7,WATCH,WATCH,4.3
kosdaq,20260714,20260714_2021,273640,와이엠텍,전기장비,4955,38.1,16.7,20.4,-64.6,3.8,-9.1,-28.4,-34.7,-11.6,-36.7,-39.0,1.84,13990,4775,5,0,0,1,34328,34876,3.2,1.7,2.0,0.98,4,0,0,0,1,거래량동반양봉,71.4,0.6,0.0,-0.4,0.1,1,8,약세,-8,-7,0,-1,-21.9,-24.2,1496.48,,-1.11,-2212.0,-2212.0,-2212.0,10,10,1.0,88.4,80.4,273640,1215618,0,2,0,0,,[20260108] 유상증자결정(종속회사의주요경영사항)               (20260108900464) || [20251224] 주요사항보고서(전환사채권발행결정) (20251224000001),,,,https://dart.fss.or.kr/dsaf001/main.do?rcpNo=20260108900464 || https://dart.fss.or.kr/dsaf001/main.do?rcpNo=20251224000001,,,,20260108900464 || 20251224000001,주의,2025.0,17.4,43.2,-59.6,OFS,영업이익(손실),dart_OperatingIncomeLoss,36.9,67.9,영업활동현금흐름,ifrs-full_CashFlowsFromUsedInOperatingActivities,ok,연간 영업이익 YoY 계산 성공,ok,OCF 추출 성공,2026 Q1,3개월,4.7,14.5,-67.5,thstrm_amount,frmtrm_q_amount,CFS,fnlttSinglAcntAll,영업이익(손실),dart_OperatingIncomeLoss,ok,3개월 기준 YoY 계산 성공,하락지속,-10,5,현금창출양호,2.12,default,1,84.4,76.4,5.0,0.0,5.56,0.0,0.0,OFF,0.0,0.0,0.041426945957740484,SAFE,20.0,33.0,0.0,0.3204225352112676,4,15.0,0.3,15.0,-10.0,17.85,0.89,15.93,2.02,5590.0,311.0,9.0,PYKRX,False,42.9,36.4,WATCH,WATCH,40.8,WATCH,WATCH,2.1
kosdaq,20260714,20260714_2021,298830,슈어소프트테크,출판·SW,3770,39.1,12.4,16.3,-65.3,3.1,-8.6,-30.4,-47.2,-12.9,-33.0,-41.6,1.1,10880,3655,0,0,0,0,300869,318559,13.2,11.8,13.9,0.94,0,0,0,0,0,-,69.7,-0.8,0.0,18.9,0.1,1,0,약세,-8,-7,0,-1,-21.9,-24.2,1496.48,,-1.11,-2212.0,-2212.0,-2212.0,10,10,1.0,69.7,61.7,298830,1012640,0,1,0,0,,[20250901] 전환사채(해외전환사채포함)발행후만기전사채취득              (제1회차) (20250901900511),,,,https://dart.fss.or.kr/dsaf001/main.do?rcpNo=20250901900511,,,,20250901900511,주의,2025.0,126.0,78.9,59.7,CFS,영업이익(손실),dart_OperatingIncomeLoss,179.0,94.7,영업활동현금흐름,ifrs-full_CashFlowsFromUsedInOperatingActivities,ok,연간 영업이익 YoY 계산 성공,ok,OCF 추출 성공,2026 Q1,3개월,-4.2,-20.9,80.1,thstrm_amount,frmtrm_q_amount,CFS,fnlttSinglAcntAll,영업이익(손실),dart_OperatingIncomeLoss,ok,3개월 기준 YoY 계산 성공,성장지속,10,5,현금창출양호,1.42,default,2,86.7,78.7,0.0,0.0,8.12,0.0,0.0,OFF,0.0,0.0,0.04306027630369496,SAFE,20.0,33.0,0.0,0.28289473684210525,0,0.0,-0.058,23.0,11.0,17.425,1.87,22.99,0.0,2019.0,164.0,0.0,PYKRX,False,42.7,31.3,WATCH,WATCH,41.4,WATCH,WATCH,1.3
kosdaq,20260714,20260714_2021,080580,오킨스전자,반도체·전자부품,13010,43.1,24.0,24.1,-52.7,124.3,-4.0,-32.0,-34.6,-12.4,-29.2,-10.7,0.86,27500,5800,5,0,1,0,233354,254058,27.8,31.0,38.9,0.92,0,0,0,0,0,-,57.2,16.8,-17.1,49.8,-30.9,1,8,약세,-8,-7,0,-1,-21.9,-24.2,1496.48,,-1.11,-2212.0,-2212.0,-2212.0,10,10,1.0,70.2,62.2,080580,543107,0,1,0,0,,[20250731] 주요사항보고서(제3자의전환사채매수선택권행사) (20250731000448),,,,https://dart.fss.or.kr/dsaf001/main.do?rcpNo=20250731000448,,,,20250731000448,주의,2025.0,110.9,19.0,482.1,CFS,영업이익(손실),dart_OperatingIncomeLoss,168.6,106.1,영업활동현금흐름,ifrs-full_CashFlowsFromUsedInOperatingActivities,ok,연간 영업이익 YoY 계산 성공,ok,OCF 추출 성공,2026 Q1,3개월,36.1,16.5,118.1,thstrm_amount,frmtrm_q_amount,CFS,fnlttSinglAcntAll,영업이익(손실),dart_OperatingIncomeLoss,ok,3개월 기준 YoY 계산 성공,성장지속,10,5,현금창출양호,1.52,default,4,89.2,81.2,2.0,0.0,16.92,0.0,0.0,OFF,0.0,0.0,0.06273609166250295,SAFE,16.0,14.0,0.0,0.125,3,0.0,-0.008,23.0,11.0,14.3,5.19,30.68,0.0,2506.0,424.0,0.0,PYKRX,False,42.3,36.4,WATCH,WATCH,41.3,WATCH,WATCH,1.0
kosdaq,20260714,20260714_2021,425420,티에프이,반도체·전자부품,36200,39.0,16.9,22.5,-53.4,29.5,-4.2,-35.7,-35.9,-13.9,-29.3,-22.5,0.85,77700,27950,5,0,1,0,89830,93565,29.2,32.8,38.7,0.96,0,0,0,0,0,-,65.8,-3.0,9.3,56.1,-5.3,1,8,약세,-8,-7,0,-1,-21.9,-24.2,1496.48,,-1.11,-2212.0,-2212.0,-2212.0,10,10,1.0,78.8,70.8,425420,1035368,0,2,0,0,,[20260402] 주요사항보고서(자기전환사채매도결정) (20260402002934) || [20251110] 전환사채(해외전환사채포함)발행후만기전사채취득              (제1회차) (20251110900145),,,,https://dart.fss.or.kr/dsaf001/main.do?rcpNo=20260402002934 || https://dart.fss.or.kr/dsaf001/main.do?rcpNo=20251110900145,,,,20260402002934 || 20251110900145,주의,2025.0,190.6,43.9,334.0,CFS,영업이익(손실),dart_OperatingIncomeLoss,128.1,44.6,영업활동으로 인한 현금흐름,ifrs-full_CashFlowsFromUsedInOperatingActivities,ok,연간 영업이익 YoY 계산 성공,ok,OCF 추출 성공,2026 Q1,3개월,33.3,29.8,12.0,thstrm_amount,frmtrm_q_amount,CFS,fnlttSinglAcntAll,영업이익(손실),dart_OperatingIncomeLoss,ok,3개월 기준 YoY 계산 성공,성장지속,10,2,현금창출보통,0.67,default,4,94.8,86.8,2.0,0.0,16.85,0.0,0.0,OFF,0.0,0.0,0.062127951941183174,SAFE,14.0,14.0,0.0,0.11764705882352941,3,10.0,0.163,15.0,6.0,16.45,3.85,22.82,0.0,9411.0,1586.0,0.0,PYKRX,False,42.1,39.1,WATCH,WATCH,40.4,WATCH,WATCH,1.7
kosdaq,20260714,20260714_2021,053610,프로텍,기계·장비,63200,33.1,18.3,21.4,-38.0,160.1,-1.2,-28.4,14.3,-14.3,-21.1,19.8,0.75,101900,24300,5,0,1,0,30985,45292,21.8,19.4,34.0,0.68,3,0,1,0,0,5일선회복,69.1,3.6,-0.4,38.7,23.1,1,8,약세,-8,-7,0,-1,-21.9,-24.2,1496.48,,-1.11,-2212.0,-2212.0,-2212.0,10,10,1.0,85.1,77.1,053610,325112,0,1,0,0,,[20260305] 주요사항보고서(감자결정) (20260305000455),,,,https://dart.fss.or.kr/dsaf001/main.do?rcpNo=20260305000455,,,,20260305000455,주의,2025.0,463.1,134.4,244.5,CFS,영업이익,dart_OperatingIncomeLoss,296.2,190.7,영업활동현금흐름,ifrs-full_CashFlowsFromUsedInOperatingActivities,ok,연간 영업이익 YoY 계산 성공,ok,OCF 추출 성공,2026 Q1,3개월,154.2,29.2,428.3,thstrm_amount,frmtrm_q_amount,CFS,fnlttSinglAcntAll,영업이익,dart_OperatingIncomeLoss,ok,3개월 기준 YoY 계산 성공,성장지속,10,2,현금창출보통,0.64,default,2,99.1,91.1,2.0,0.0,13.66,0.0,0.0,OFF,0.0,0.0,0.05991496476625815,SAFE,7.0,7.0,0.0,0.04225352112676056,7,5.0,0.094,15.0,11.0,17.275,1.63,11.94,0.63,38739.0,5293.0,0.0,PYKRX,False,42.1,44.9,WATCH,WATCH,45.3,WATCH,WATCH,-3.2
kosdaq,20260714,20260714_2021,451220,아이엠티,기계·장비,9340,32.7,10.0,19.6,-52.1,10.9,-4.2,-32.4,-25.2,-20.1,-29.0,-19.0,0.67,19500,8420,5,0,1,0,66508,113031,7.1,6.4,14.3,0.59,0,0,0,0,0,-,78.1,1.9,0.0,9.5,-0.4,1,8,약세,-8,-7,0,-1,-21.9,-24.2,1496.48,,-1.11,-2212.0,-2212.0,-2212.0,10,10,1.0,91.1,83.1,451220,1546101,0,3,0,0,,[20260610] 유상증자결정(종속회사의주요경영사항)               (20260610900376) || [20260601] 신주인수권부사채(해외신주인수권부사채포함)발행후만기전사채취득              (제4회차) (20260601900958) || [20260401] 주요사항보고서(전환사채권발행결정) (20260401003103),,,,https://dart.fss.or.kr/dsaf001/main.do?rcpNo=20260610900376 || https://dart.fss.or.kr/dsaf001/main.do?rcpNo=20260601900958 || https://dart.fss.or.kr/dsaf001/main.do?rcpNo=20260401003103,,,,20260610900376 || 20260601900958 || 20260401003103,주의,2025.0,1.6,-21.6,107.3,CFS,영업손익,dart_OperatingIncomeLoss,10.7,-17.0,영업활동현금흐름,ifrs-full_CashFlowsFromUsedInOperatingActivities,ok,연간 영업이익 YoY 계산 성공,ok,OCF 추출 성공,2026 Q1,3개월,10.5,-10.3,201.9,thstrm_amount,frmtrm_q_amount,CFS,fnlttSinglAcntAll,영업손익,dart_OperatingIncomeLoss,ok,3개월 기준 YoY 계산 성공,성장지속,10,5,현금창출양호,6.69,default,2,108.1,100.1,2.0,0.0,3.16,0.0,0.0,OFF,0.0,0.0,0.057900376327521035,SAFE,8.0,7.0,0.0,0.12962962962962965,3,5.0,0.133,18.0,11.0,19.525,2.38,75.32,0.0,3921.0,124.0,0.0,PYKRX,False,41.8,40.0,WATCH,WATCH,46.5,WATCH,WATCH,-4.7
kosdaq,20260714,20260714_2021,066430,아이로보틱스,도매,1997,19.4,10.9,19.0,-60.7,99.3,-12.6,-53.3,3.4,-22.2,-31.6,-6.1,0.42,5080,1002,0,0,0,0,442974,1184165,8.8,9.1,35.3,0.37,0,0,0,0,0,-,82.2,2.7,0.0,-12.6,0.0,1,8,약세,-8,-7,0,-1,-21.9,-24.2,1496.48,,-1.11,-2212.0,-2212.0,-2212.0,10,10,1.0,90.2,82.2,066430,370200,0,7,0,0,,[20260225] 기타주요경영사항              (주요사항보고서(유상증자) 철회) (20260225901260) || [20260225] [기재정정]주요사항보고서(유상증자결정) (20260225004560) || [20251128] [기재정정]주요사항보고서(유상증자결정) (20251128001678),,,,https://dart.fss.or.kr/dsaf001/main.do?rcpNo=20260225901260 || https://dart.fss.or.kr/dsaf001/main.do?rcpNo=20260225004560 || https://dart.fss.or.kr/dsaf001/main.do?rcpNo=20251128001678,,,,20260225901260 || 20260225004560 || 20251128001678,주의,2025.0,1.7,9.3,-81.8,OFS,영업이익(손실),dart_OperatingIncomeLoss,14.1,1.8,영업활동으로 인한 현금흐름,ifrs-full_CashFlowsFromUsedInOperatingActivities,ok,연간 영업이익 YoY 계산 성공,ok,OCF 추출 성공,2026 Q1,3개월,-0.8,-2.3,64.8,thstrm_amount,frmtrm_q_amount,OFS,fnlttSinglAcntAll,영업이익(손실),dart_OperatingIncomeLoss,ok,3개월 기준 YoY 계산 성공,턴어라운드,20,5,현금창출양호,8.29,default,2,117.2,109.2,2.0,0.0,3.82,0.0,0.0,OFF,0.0,0.0,0.05403523390391145,SAFE,13.0,12.0,0.0,0.23639774859287055,3,5.0,0.076,15.0,17.0,20.0,1.77,46.44,0.0,1126.0,43.0,0.0,PYKRX,False,41.4,41.9,WATCH,WATCH,50.0,WATCH,WATCH,-8.6
kosdaq,20260714,20260714_2021,439580,블루엠텍,도매,1595,28.7,4.5,9.6,-76.8,1.6,-11.2,-33.5,-51.6,-17.4,-31.7,-59.4,0.66,6870,1570,0,0,0,0,110549,158686,1.7,1.9,3.1,0.7,0,0,0,0,0,-,86.2,2.7,0.0,7.7,4.1,1,8,약세,-8,-7,0,-1,-21.9,-24.2,1496.48,,-1.11,-2212.0,-2212.0,-2212.0,10,10,1.0,94.2,86.2,439580,1559637,0,1,0,0,,[20260626] 주요사항보고서(신주인수권부사채권발행결정) (20260626000531),,,,https://dart.fss.or.kr/dsaf001/main.do?rcpNo=20260626000531,,,,20260626000531,주의,2025.0,-19.7,-69.0,71.4,CFS,영업이익(손실),dart_OperatingIncomeLoss,50.1,-122.4,영업활동현금흐름,ifrs-full_CashFlowsFromUsedInOperatingActivities,ok,연간 영업이익 YoY 계산 성공,ok,OCF 추출 성공,2026 Q1,3개월,-7.4,-10.3,27.9,thstrm_amount,frmtrm_q_amount,CFS,fnlttSinglAcntAll,영업이익(손실),dart_OperatingIncomeLoss,ok,3개월 기준 YoY 계산 성공,성장지속,10,0,회계손실현금유입,,default,0,104.2,96.2,2.0,0.0,0.0,0.0,0.0,OFF,0.0,0.0,0.03376043317999467,SAFE,18.0,17.0,0.0,0.3343283582089552,0,15.0,0.871,13.0,11.0,20.0,1.2,0.0,0.0,1325.0,0.0,-5.0,PYKRX,False,41.2,42.1,WATCH,WATCH,44.0,WATCH,WATCH,-2.8
kosdaq,20260714,20260714_2021,102120,어보브반도체,반도체·전자부품,7110,32.9,16.3,19.4,-57.8,6.3,-4.7,-34.4,-36.8,-15.3,-33.4,-38.9,1.45,16850,6690,5,0,1,0,170546,161339,16.6,12.4,13.6,1.06,0,0,0,0,0,-,78.6,3.0,0.1,-10.2,0.6,1,15,약세,-8,-7,0,-1,-21.9,-24.2,1496.48,,-1.11,-2212.0,-2212.0,-2212.0,10,10,1.0,98.6,90.6,102120,591441,0,1,0,0,,[20250909] 유상증자결정(종속회사의주요경영사항)               (20250909900477),,,,https://dart.fss.or.kr/dsaf001/main.do?rcpNo=20250909900477,,,,20250909900477,주의,2025.0,101.5,-51.0,299.0,CFS,영업이익(손실),dart_OperatingIncomeLoss,147.3,270.0,영업활동현금흐름,ifrs-full_CashFlowsFromUsedInOperatingActivities,ok,연간 영업이익 YoY 계산 성공,ok,OCF 추출 성공,2026 Q1,3개월,31.6,41.7,-24.1,thstrm_amount,frmtrm_q_amount,CFS,fnlttSinglAcntAll,영업이익(손실),dart_OperatingIncomeLoss,ok,3개월 기준 YoY 계산 성공,피크아웃,-15,5,현금창출양호,1.45,default,2,90.6,82.6,4.0,0.0,8.51,1.0,0.0,OFF,0.0,0.0,0.0448754775090083,SAFE,20.0,31.0,0.0,0.1366279069767442,3,13.0,0.228,18.0,-15.0,19.65,0.99,11.6,2.81,7205.0,613.0,9.0,PYKRX,False,41.0,31.4,WATCH,WATCH,37.6,WATCH,WATCH,3.4
kosdaq,20260714,20260714_2021,086520,에코프로,금융(은행),79100,34.1,8.1,19.6,-58.4,77.8,-6.3,-36.2,-46.0,-18.7,-33.4,-31.6,0.79,190000,44500,5,0,1,0,1266030,1354268,864.7,1026.8,1324.3,0.93,0,0,0,0,0,-,76.0,-330.3,396.8,-749.4,312.5,1,8,약세,-8,-7,0,-1,-21.9,-24.2,1496.48,,-1.11,-2212.0,-2212.0,-2212.0,10,10,1.0,89.0,81.0,086520,536541,0,1,0,0,,[20260630] 유상증자결정(종속회사의주요경영사항)               (20260630901022),,,,https://dart.fss.or.kr/dsaf001/main.do?rcpNo=20260630901022,,,,20260630901022,주의,2025.0,-3380.4,-936.1,-261.1,CFS,영업외손익,dart_NonOperatingProfitLoss,3390.8,4888.3,영업활동현금흐름,ifrs-full_CashFlowsFromUsedInOperatingActivities,ok,연간 영업이익 YoY 계산 성공,ok,OCF 추출 성공,2026 Q1,3개월,2326.9,-259.7,996.0,thstrm_amount,frmtrm_q_amount,CFS,fnlttSinglAcntAll,영업외손익,dart_NonOperatingProfitLoss,ok,3개월 기준 YoY 계산 성공,턴어라운드,20,0,회계손실현금유입,,default,2,111.0,103.0,2.0,0.0,0.0,0.0,0.0,OFF,0.0,0.0,0.0787440431216533,SAFE,19.0,9.0,0.0,0.1740331491712707,3,5.0,0.05,10.0,17.0,19.0,5.43,0.0,0.19,14563.0,0.0,-5.0,PYKRX,False,40.1,37.6,WATCH,WATCH,39.0,WATCH,WATCH,1.1
kosdaq,20260714,20260714_2021,440320,오픈놀,출판·SW,2040,40.3,16.8,20.6,-64.3,4.6,-6.8,-27.4,-38.4,-10.9,-34.0,-44.2,0.69,5710,1950,0,0,0,0,32086,45776,0.7,0.7,1.1,0.7,0,0,0,0,0,-,63.3,0.0,0.0,0.5,0.0,1,0,약세,-8,-7,0,-1,-21.9,-24.2,1496.48,,-1.11,-2212.0,-2212.0,-2212.0,10,10,1.0,63.3,55.3,440320,1585155,0,2,0,0,,[20260619] 주요사항보고서(전환사채권발행결정) (20260619000313) || [20251106] [기재정정]유상증자결정(종속회사의주요경영사항)               (20251106900400),,,,https://dart.fss.or.kr/dsaf001/main.do?rcpNo=20260619000313 || https://dart.fss.or.kr/dsaf001/main.do?rcpNo=20251106900400,,,,20260619000313 || 20251106900400,주의,2025.0,-27.6,1.0,-2827.3,CFS,영업이익(손실),dart_OperatingIncomeLoss,19.1,-1.0,영업활동현금흐름,ifrs-full_CashFlowsFromUsedInOperatingActivities,ok,연간 영업이익 YoY 계산 성공,ok,OCF 추출 성공,2026 Q1,3개월,10.0,5.2,90.0,thstrm_amount,frmtrm_q_amount,CFS,fnlttSinglAcntAll,영업이익(손실),dart_OperatingIncomeLoss,ok,3개월 기준 YoY 계산 성공,턴어라운드,20,0,회계손실현금유입,,default,2,85.3,77.3,0.0,0.0,0.0,0.0,0.0,OFF,0.0,0.0,0.05460323209859027,SAFE,20.0,31.0,0.0,0.24817518248175183,3,0.0,0.0,10.0,17.0,15.825,0.58,0.0,0.0,3524.0,0.0,7.0,PYKRX,False,40.0,30.6,WATCH,WATCH,42.8,WATCH,WATCH,-2.8
kosdaq,20260714,20260714_2021,321820,아티스트컴퍼니,예술·스포츠,2090,27.1,7.8,19.7,-74.9,3.0,-13.6,-37.0,-53.6,-19.7,-37.6,-49.2,1.0,8340,2030,0,0,0,0,46881,70855,1.5,1.0,1.9,0.66,0,0,0,0,0,-,82.1,-0.2,0.0,1.7,0.0,1,0,약세,-8,-7,0,-1,-21.9,-24.2,1496.48,,-1.11,-2212.0,-2212.0,-2212.0,10,10,1.0,82.1,74.1,321820,1116502,0,2,0,0,,[20251127] [기재정정]신주인수권부사채(해외신주인수권부사채포함)발행후만기전사채취득               (20251127900817) || [20251125] 신주인수권부사채(해외신주인수권부사채포함)발행후만기전사채취득               (20251125900532),,,,https://dart.fss.or.kr/dsaf001/main.do?rcpNo=20251127900817 || https://dart.fss.or.kr/dsaf001/main.do?rcpNo=20251125900532,,,,20251127900817 || 20251125900532,주의,2025.0,-39.6,-31.5,-25.7,CFS,영업이익(손실),dart_OperatingIncomeLoss,61.6,-88.1,영업활동으로 인한 현금흐름,ifrs-full_CashFlowsFromUsedInOperatingActivities,ok,연간 영업이익 YoY 계산 성공,ok,OCF 추출 성공,2026 Q1,3개월,-14.4,-19.8,27.2,thstrm_amount,frmtrm_q_amount,CFS,fnlttSinglAcntAll,영업이익(손실),dart_OperatingIncomeLoss,ok,3개월 기준 YoY 계산 성공,턴어라운드,20,0,회계손실현금유입,,default,2,104.1,96.1,0.0,0.0,3.28,0.0,0.0,OFF,0.0,0.0,0.04730394776356635,SAFE,19.0,17.0,0.0,0.36756756756756753,0,0.0,-0.105,10.0,17.0,20.0,0.8,24.3,0.0,2619.0,86.0,6.0,PYKRX,False,39.5,25.9,WATCH,WATCH,43.0,WATCH,WATCH,-3.5
kosdaq,20260714,20260714_2021,091340,S&K폴리텍,반도체·전자부품,2045,38.8,18.7,15.1,-30.4,2.7,-5.3,-14.4,-19.2,-6.6,-12.8,-13.7,1.22,2940,1991,5,0,0,1,30454,35990,0.9,0.6,0.8,0.85,4,0,0,0,1,거래량동반양봉,54.0,0.0,0.0,-0.8,0.0,1,0,약세,-8,-7,0,-1,-21.9,-24.2,1496.48,,-1.11,-2212.0,-2212.0,-2212.0,10,10,1.0,63.0,55.0,091340,580667,0,1,0,0,,[20260324] 최대주주변경               (20260324901312),,,,https://dart.fss.or.kr/dsaf001/main.do?rcpNo=20260324901312,,,,20260324901312,주의,2025.0,157.2,152.2,3.2,CFS,영업이익(손실),dart_OperatingIncomeLoss,74.2,219.4,영업활동현금흐름,ifrs-full_CashFlowsFromUsedInOperatingActivities,ok,연간 영업이익 YoY 계산 성공,ok,OCF 추출 성공,2026 Q1,3개월,67.2,52.0,29.3,thstrm_amount,frmtrm_q_amount,CFS,fnlttSinglAcntAll,영업이익(손실),dart_OperatingIncomeLoss,ok,3개월 기준 YoY 계산 성공,관망,0,2,현금창출보통,0.47,default,2,67.0,59.0,3.0,0.0,3.42,0.0,0.0,OFF,0.0,0.0,0.027373857693046497,SAFE,6.0,1.0,0.0,0.3680555555555555,4,0.0,0.0,15.0,5.0,13.5,0.24,6.93,0.0,8631.0,295.0,12.0,PYKRX,False,39.3,27.6,WATCH,WATCH,39.5,WATCH,WATCH,-0.2
kosdaq,20260714,20260714_2021,247540,에코프로비엠,전기장비,112600,30.4,9.3,20.3,-56.7,12.7,-6.3,-39.6,-44.1,-18.7,-35.4,-35.1,0.72,260000,99900,5,0,1,0,582705,654854,540.6,672.8,916.2,0.89,0,0,0,0,0,-,81.3,-50.5,193.4,405.4,-8.0,1,8,약세,-8,-7,0,-1,-21.9,-24.2,1496.48,,-1.11,-2212.0,-2212.0,-2212.0,10,10,1.0,94.3,86.3,247540,1160363,0,2,0,0,,[20260701] 특수관계인의유상증자참여 (20260701000625) || [20260630] 주요사항보고서(유상증자결정) (20260630000676),,,,https://dart.fss.or.kr/dsaf001/main.do?rcpNo=20260701000625 || https://dart.fss.or.kr/dsaf001/main.do?rcpNo=20260630000676,,,,20260701000625 || 20260630000676,주의,2025.0,-616.5,-588.6,-4.7,CFS,영업외손익,dart_NonOperatingProfitLoss,2147.1,6701.4,영업활동현금흐름,ifrs-full_CashFlowsFromUsedInOperatingActivities,ok,연간 영업이익 YoY 계산 성공,ok,OCF 추출 성공,2026 Q1,3개월,-85.2,-163.6,47.9,thstrm_amount,frmtrm_q_amount,CFS,fnlttSinglAcntAll,영업외손익,dart_NonOperatingProfitLoss,ok,3개월 기준 YoY 계산 성공,관망,0,0,회계손실현금유입,,default,2,96.3,88.3,2.0,0.0,2.28,0.0,0.0,OFF,0.0,0.0,0.06310831608689399,SAFE,19.0,19.0,0.0,0.1590909090909091,3,10.0,0.156,10.0,5.0,20.0,6.37,279.4,0.09,17677.0,403.0,0.0,PYKRX,False,38.5,35.5,WATCH,WATCH,38.0,WATCH,WATCH,0.5
kosdaq,20260714,20260714_2021,073010,케이에스피,기계·장비,2615,35.7,14.7,17.4,-68.3,4.6,-6.9,-33.1,-27.0,-14.6,-34.1,-41.8,0.71,8260,2500,0,0,0,0,153051,204307,3.8,4.1,6.4,0.75,0,0,0,0,0,-,73.3,0.6,0.0,-0.4,0.0,1,8,약세,-8,-7,0,-1,-21.9,-24.2,1496.48,,-1.11,-2212.0,-2212.0,-2212.0,10,10,1.0,81.3,73.3,073010,328191,0,1,0,0,,[20250909] 주요사항보고서(전환사채권발행결정) (20250909000100),,,,https://dart.fss.or.kr/dsaf001/main.do?rcpNo=20250909000100,,,,20250909000100,주의,2025.0,115.4,138.1,-16.4,CFS,영업이익(손실),dart_OperatingIncomeLoss,28.7,175.4,영업활동현금흐름,ifrs-full_CashFlowsFromUsedInOperatingActivities,ok,연간 영업이익 YoY 계산 성공,ok,OCF 추출 성공,2026 Q1,3개월,40.3,28.1,43.3,thstrm_amount,frmtrm_q_amount,CFS,fnlttSinglAcntAll,영업이익(손실),dart_OperatingIncomeLoss,ok,3개월 기준 YoY 계산 성공,턴어라운드,20,-3,현금창출약함,0.25,default,2,100.3,92.3,2.0,0.0,7.91,0.0,0.0,OFF,0.0,0.0,0.051343668137109104,SAFE,19.0,14.0,0.0,0.2084592145015106,3,5.0,0.094,7.0,17.0,18.325,1.26,15.95,0.76,2074.0,164.0,0.0,PYKRX,False,38.3,35.0,WATCH,WATCH,40.3,WATCH,WATCH,-2.0
kosdaq,20260714,20260714_2021,040910,아이씨디,기계·장비,3820,46.0,19.4,25.6,-45.1,5.4,-0.7,-19.4,-29.8,-7.0,-20.2,-17.8,0.96,6960,3625,5,0,1,0,46724,45673,1.7,1.8,1.9,1.02,0,0,0,0,0,-,46.1,-1.1,0.0,-5.4,-0.9,1,0,약세,-8,-7,0,-1,-21.9,-24.2,1496.48,,-1.11,-2212.0,-2212.0,-2212.0,10,10,1.0,51.1,43.1,040910,298377,0,1,0,0,,[20260511] 주요사항보고서(신주인수권부사채권발행결정) (20260511000677),,,,https://dart.fss.or.kr/dsaf001/main.do?rcpNo=20260511000677,,,,20260511000677,주의,2025.0,44.5,-266.8,116.7,CFS,영업이익(손실),dart_OperatingIncomeLoss,80.1,-278.1,영업활동현금흐름,ifrs-full_CashFlowsFromUsedInOperatingActivities,ok,연간 영업이익 YoY 계산 성공,ok,OCF 추출 성공,2026 Q1,3개월,-50.3,-69.6,27.7,thstrm_amount,frmtrm_q_amount,CFS,fnlttSinglAcntAll,영업이익(손실),dart_OperatingIncomeLoss,ok,3개월 기준 YoY 계산 성공,성장지속,10,5,현금창출양호,1.8,default,4,70.1,62.1,0.0,0.0,0.0,0.0,0.0,OFF,0.0,0.0,0.03968424034506615,SAFE,16.0,1.0,0.0,0.03608247422680413,3,-10.0,-0.579,23.0,11.0,11.525,0.63,0.0,0.0,6033.0,0.0,7.0,PYKRX,False,38.2,23.6,WATCH,WATCH,35.5,WATCH,WATCH,2.7
kosdaq,20260714,20260714_2021,061970,LB세미콘,반도체·전자부품,4040,42.5,26.5,28.4,-40.7,21.0,-1.9,-23.8,1.6,-9.1,-16.6,-10.8,0.87,6812,3339,10,0,1,1,353248,396141,14.0,14.1,18.1,0.89,3,0,1,0,0,5일선회복,48.9,-19.5,19.4,-61.3,53.9,1,8,약세,-8,-7,0,-1,-21.9,-24.2,1496.48,,-1.11,-2212.0,-2212.0,-2212.0,10,10,1.0,69.9,61.900000000000006,061970,412348,0,6,0,0,,[20260714] [기재정정]주요사항보고서(유상증자결정) (20260714000321) || [20260617] 권리락              (유상증자) (20260617900525) || [20260617] 유상증자1차발행가액결정               (20260617900246),,,,https://dart.fss.or.kr/dsaf001/main.do?rcpNo=20260714000321 || https://dart.fss.or.kr/dsaf001/main.do?rcpNo=20260617900525 || https://dart.fss.or.kr/dsaf001/main.do?rcpNo=20260617900246,,,,20260714000321 || 20260617900525 || 20260617900246,주의,2025.0,-398.0,-188.2,-111.4,CFS,영업이익(손실),dart_OperatingIncomeLoss,95.3,520.4,영업활동현금흐름,ifrs-full_CashFlowsFromUsedInOperatingActivities,ok,연간 영업이익 YoY 계산 성공,ok,OCF 추출 성공,2026 Q1,3개월,76.4,-40.1,290.6,thstrm_amount,frmtrm_q_amount,CFS,fnlttSinglAcntAll,영업이익(손실),dart_OperatingIncomeLoss,ok,3개월 기준 YoY 계산 성공,턴어라운드,20,0,회계손실현금유입,,default,4,93.9,85.9,5.0,0.0,0.0,0.0,0.0,OFF,0.0,0.0,0.05652310924481042,SAFE,10.0,7.0,0.0,0.07983193277310924,7,0.0,-0.006,10.0,17.0,12.225,0.92,0.0,0.0,4381.0,0.0,1.0,PYKRX,False,37.7,37.6,WATCH,WATCH,37.2,WATCH,WATCH,0.5
kosdaq,20260714,20260714_2021,242040,나무기술,출판·SW,4040,34.0,13.8,23.3,-63.6,208.9,-4.5,-50.4,-24.1,-18.0,-28.6,12.9,0.45,11100,1308,5,0,1,0,660296,1240187,20.8,27.2,69.0,0.53,0,0,0,0,0,-,73.7,2.7,0.1,22.8,0.7,1,15,약세,-8,-7,0,-1,-21.9,-24.2,1496.48,,-1.11,-2212.0,-2212.0,-2212.0,10,10,1.0,93.7,85.7,242040,1136348,0,4,0,0,,[20260430] [기재정정]주요사항보고서(신주인수권부사채권발행결정) (20260430000828) || [20260417] 주요사항보고서(신주인수권부사채권발행결정) (20260417000402) || [20251124] 신주인수권부사채(해외신주인수권부사채포함)발행후만기전사채취득               (20251124900207),,,,https://dart.fss.or.kr/dsaf001/main.do?rcpNo=20260430000828 || https://dart.fss.or.kr/dsaf001/main.do?rcpNo=20260417000402 || https://dart.fss.or.kr/dsaf001/main.do?rcpNo=20251124900207,,,,20260430000828 || 20260417000402 || 20251124900207,주의,2025.0,22.5,-22.3,201.1,CFS,영업이익(손실),dart_OperatingIncomeLoss,101.5,-7.8,영업활동현금흐름,ifrs-full_CashFlowsFromUsedInOperatingActivities,ok,연간 영업이익 YoY 계산 성공,ok,OCF 추출 성공,2026 Q1,3개월,4.2,-6.6,162.6,thstrm_amount,frmtrm_q_amount,CFS,fnlttSinglAcntAll,영업이익(손실),dart_OperatingIncomeLoss,ok,3개월 기준 YoY 계산 성공,성장지속,10,5,현금창출양호,4.51,default,2,110.7,102.7,4.0,0.0,0.0,0.0,0.0,OFF,0.0,0.0,0.057190724260351405,SAFE,16.0,16.0,0.0,0.08928571428571429,3,3.0,0.041,23.0,11.0,18.425,3.87,0.0,0.0,1045.0,0.0,-5.0,PYKRX,False,37.6,41.2,WATCH,WATCH,43.4,WATCH,WATCH,-5.8
kosdaq,20260714,20260714_2021,307750,국전,제약·바이오,2090,47.0,36.6,25.0,-65.2,8.1,-10.3,-16.7,-44.3,-5.7,-22.7,-39.4,0.55,6000,1934,0,0,0,0,132316,159572,1.9,2.9,3.6,0.83,0,0,0,0,0,-,42.9,2.1,0.0,3.6,0.0,1,8,약세,-8,-7,0,-1,-21.9,-24.2,1496.48,,-1.11,-2212.0,-2212.0,-2212.0,10,10,1.0,50.9,42.9,307750,1329957,0,1,0,0,,[20250916] 전환사채(해외전환사채포함)발행후만기전사채취득               (20250916900261),,,,https://dart.fss.or.kr/dsaf001/main.do?rcpNo=20250916900261,,,,20250916900261,주의,2025.0,-25.8,3.7,-799.4,CFS,영업이익(손실),dart_OperatingIncomeLoss,106.1,99.7,영업활동현금흐름,ifrs-full_CashFlowsFromUsedInOperatingActivities,ok,연간 영업이익 YoY 계산 성공,ok,OCF 추출 성공,2026 Q1,3개월,26.6,1.1,2248.9,thstrm_amount,frmtrm_q_amount,CFS,fnlttSinglAcntAll,영업이익(손실),dart_OperatingIncomeLoss,ok,3개월 기준 YoY 계산 성공,턴어라운드,20,0,회계손실현금유입,,default,-3,67.9,59.9,2.0,0.0,0.0,0.0,0.0,OFF,0.0,0.0,0.0474869053735231,SAFE,16.0,0.0,0.0,0.6167664670658684,0,15.0,0.583,10.0,17.0,10.725,1.09,0.0,0.0,1920.0,0.0,-5.0,PYKRX,False,37.1,41.1,WATCH,WATCH,37.7,WATCH,WATCH,-0.6
kosdaq,20260714,20260714_2021,053700,삼보모터스,자동차·부품,3765,45.4,31.1,30.7,-62.3,5.9,-2.0,-16.1,-36.3,-3.6,-20.5,-29.9,0.83,9990,3555,0,0,0,0,211629,259165,8.2,8.0,10.3,0.82,3,0,0,1,0,+3%반등,42.7,-1.3,0.0,-0.1,-9.1,1,0,약세,-8,-7,0,-1,-21.9,-24.2,1496.48,,-1.11,-2212.0,-2212.0,-2212.0,10,10,1.0,45.7,37.7,053700,351092,0,3,0,0,,[20251201] 전환사채(해외전환사채포함)발행후만기전사채취득               (20251201900628) || [20250901] 전환사채(해외전환사채포함)발행후만기전사채취득               (20250901900538) || [20250715] 전환사채(해외전환사채포함)발행후만기전사채취득               (20250715900210),,,,https://dart.fss.or.kr/dsaf001/main.do?rcpNo=20251201900628 || https://dart.fss.or.kr/dsaf001/main.do?rcpNo=20250901900538 || https://dart.fss.or.kr/dsaf001/main.do?rcpNo=20250715900210,,,,20251201900628 || 20250901900538 || 20250715900210,주의,2025.0,617.3,542.7,13.7,CFS,영업이익,dart_OperatingIncomeLoss,883.8,900.5,영업활동현금흐름,ifrs-full_CashFlowsFromUsedInOperatingActivities,ok,연간 영업이익 YoY 계산 성공,ok,OCF 추출 성공,2026 Q1,3개월,138.4,233.4,-40.7,thstrm_amount,frmtrm_q_amount,CFS,fnlttSinglAcntAll,영업이익(손실),dart_OperatingIncomeLoss,ok,3개월 기준 YoY 계산 성공,관망,0,5,현금창출양호,1.43,default,4,54.7,46.7,0.0,0.0,5.02,0.0,0.0,OFF,0.0,0.0,0.03426763560658218,SAFE,19.0,1.0,0.0,0.12422360248447203,7,0.0,-0.126,18.0,0.0,10.675,0.21,4.14,1.33,18124.0,909.0,12.0,PYKRX,False,36.9,31.6,WATCH,WATCH,37.7,WATCH,WATCH,-0.8
kosdaq,20260714,20260714_2021,037030,파워넷,전기장비,3665,36.6,23.0,23.1,-64.8,51.4,-6.1,-38.6,-44.0,-14.2,-37.6,-9.7,0.71,10400,2420,0,0,0,0,422071,421705,10.8,15.9,18.4,1.0,0,0,0,0,0,-,67.6,5.3,0.6,18.9,1.0,1,15,약세,-8,-7,0,-1,-21.9,-24.2,1496.48,,-1.11,-2212.0,-2212.0,-2212.0,10,10,1.0,82.6,74.6,037030,231354,0,2,0,0,,[20260119] 전환사채(해외전환사채포함)발행후만기전사채취득               (20260119900729) || [20250717] 주요사항보고서(제3자의전환사채매수선택권행사) (20250717000359),,,,https://dart.fss.or.kr/dsaf001/main.do?rcpNo=20260119900729 || https://dart.fss.or.kr/dsaf001/main.do?rcpNo=20250717000359,,,,20260119900729 || 20250717000359,주의,2025.0,246.1,133.0,85.0,CFS,영업이익(손실),dart_OperatingIncomeLoss,218.5,245.5,영업활동현금흐름,ifrs-full_CashFlowsFromUsedInOperatingActivities,ok,연간 영업이익 YoY 계산 성공,ok,OCF 추출 성공,2026 Q1,3개월,36.4,44.2,-17.6,thstrm_amount,frmtrm_q_amount,CFS,fnlttSinglAcntAll,영업이익(손실),dart_OperatingIncomeLoss,ok,3개월 기준 YoY 계산 성공,피크아웃,-15,5,현금창출양호,0.89,default,2,74.6,66.6,4.0,0.0,10.79,1.0,0.0,OFF,0.0,0.0,0.05123630421856619,SAFE,20.0,27.0,0.0,0.15803108808290153,3,15.0,0.321,18.0,-15.0,16.9,0.61,5.62,0.0,6040.0,652.0,6.0,PYKRX,False,36.3,33.0,WATCH,WATCH,33.9,WATCH,WATCH,2.4
kosdaq,20260714,20260714_2021,059270,해성에어로보틱스,금속가공,5450,29.1,9.0,19.6,-74.5,9.0,-7.6,-31.5,-44.9,-14.4,-33.6,-43.8,1.01,21400,5000,0,0,0,0,91341,83141,4.6,5.1,5.4,1.1,0,0,0,0,0,-,82.2,-0.7,0.0,7.3,0.7,1,0,약세,-8,-7,0,-1,-21.9,-24.2,1496.48,,-1.11,-2212.0,-2212.0,-2212.0,10,10,1.0,82.2,74.2,059270,453442,0,11,0,0,,[20260611] 주요사항보고서(전환사채매수선택권행사자지정) (20260611000682) || [20260522] [기재정정]주요사항보고서(전환사채권발행결정) (20260522000366) || [20260520] [첨부정정]주요사항보고서(전환사채권발행결정) (20260520000209),,,,https://dart.fss.or.kr/dsaf001/main.do?rcpNo=20260611000682 || https://dart.fss.or.kr/dsaf001/main.do?rcpNo=20260522000366 || https://dart.fss.or.kr/dsaf001/main.do?rcpNo=20260520000209,,,,20260611000682 || 20260522000366 || 20260520000209,주의,2025.0,-6.2,-7.2,13.2,OFS,영업이익(손실),dart_OperatingIncomeLoss,16.5,-9.1,영업활동현금흐름,ifrs-full_CashFlowsFromUsedInOperatingActivities,ok,연간 영업이익 YoY 계산 성공,ok,OCF 추출 성공,2026 Q1,3개월,-3.0,-3.8,19.5,thstrm_amount,frmtrm_q_amount,OFS,fnlttSinglAcntAll,영업이익(손실),dart_OperatingIncomeLoss,ok,3개월 기준 YoY 계산 성공,성장지속,10,0,회계손실현금유입,,default,4,96.2,88.2,0.0,0.0,0.37,0.0,0.0,OFF,0.0,0.0,0.042353038166225584,SAFE,20.0,26.0,0.0,0.24126984126984125,3,0.0,-0.13,13.0,6.0,20.0,1.53,419.23,0.0,3551.0,13.0,0.0,PYKRX,False,36.1,26.6,WATCH,WATCH,32.0,WATCH,WATCH,4.1
kosdaq,20260714,20260714_2021,354320,알멕,철강·1차금속,28400,39.5,33.2,33.3,-72.7,50.3,2.9,-47.1,-59.1,-16.3,-51.9,-37.4,0.92,104000,18900,10,0,1,1,84270,116230,30.3,23.9,43.4,0.73,10,0,1,1,1,5일선회복/+3%반등/거래량동반양봉,57.4,-13.4,-4.7,164.2,-95.7,1,0,약세,-8,-7,0,-1,-21.9,-24.2,1496.48,,-1.11,-2212.0,-2212.0,-2212.0,10,10,1.0,77.4,69.4,354320,229030,0,1,0,0,,[20250718] [기재정정]유상증자결정(자율공시)(종속회사의주요경영사항)               (20250718900190),,,,https://dart.fss.or.kr/dsaf001/main.do?rcpNo=20250718900190,,,,20250718900190,주의,2025.0,62.2,-27.4,326.8,CFS,영업이익(손실),dart_OperatingIncomeLoss,272.1,-45.8,영업활동현금흐름,ifrs-full_CashFlowsFromUsedInOperatingActivities,ok,연간 영업이익 YoY 계산 성공,ok,OCF 추출 성공,2026 Q1,3개월,28.1,17.4,61.1,thstrm_amount,frmtrm_q_amount,CFS,fnlttSinglAcntAll,영업이익(손실),dart_OperatingIncomeLoss,ok,3개월 기준 YoY 계산 성공,성장지속,10,5,현금창출양호,4.37,default,7,99.4,91.4,3.0,0.0,0.0,0.0,0.0,OFF,0.0,0.0,0.08388247923863977,SAFE,20.0,29.0,0.0,-0.061571125265392775,15,-10.0,-0.417,23.0,11.0,14.35,1.21,0.0,0.0,23535.0,0.0,-5.0,PYKRX,False,36.0,48.4,WATCH,WATCH,38.4,WATCH,WATCH,-2.4
kosdaq,20260714,20260714_2021,099190,아이센스,의료·정밀·광학,14740,42.7,31.6,14.2,-46.6,5.3,-6.6,-12.0,-25.9,-5.7,-14.3,-18.9,1.4,27600,14000,0,0,0,0,49560,52784,11.1,7.5,8.3,0.94,4,0,0,0,1,거래량동반양봉,51.9,2.8,-1.6,-18.1,21.8,1,8,약세,-8,-7,0,-1,-21.9,-24.2,1496.48,,-1.11,-2212.0,-2212.0,-2212.0,10,10,1.0,63.9,55.9,099190,550994,0,1,0,0,,[20260430] 전환사채(해외전환사채포함)발행후만기전사채취득               (20260430900807),,,,https://dart.fss.or.kr/dsaf001/main.do?rcpNo=20260430900807,,,,20260430900807,주의,2025.0,-160.5,7.4,-2270.3,CFS,영업외손익,dart_NonOperatingProfitLoss,201.2,229.6,영업활동으로 인한 현금흐름,ifrs-full_CashFlowsFromUsedInOperatingActivities,ok,연간 영업이익 YoY 계산 성공,ok,OCF 추출 성공,2026 Q1,3개월,13.3,-1.6,907.8,thstrm_amount,frmtrm_q_amount,CFS,fnlttSinglAcntAll,영업외손익,dart_NonOperatingProfitLoss,ok,3개월 기준 YoY 계산 성공,턴어라운드,20,0,회계손실현금유입,,default,-3,80.9,72.9,5.0,0.0,0.0,0.0,0.0,OFF,0.0,0.0,0.029356671753355244,SAFE,13.0,3.0,0.0,0.5499999999999999,4,5.0,0.145,10.0,17.0,12.975,1.29,0.0,0.68,11419.0,0.0,-5.0,PYKRX,False,35.3,37.8,WATCH,WATCH,34.0,WATCH,WATCH,1.3
kosdaq,20260714,20260714_2021,247660,나노씨엠에스,반도체·전자부품,3050,42.4,72.8,38.1,-47.5,31.7,-3.5,-21.7,-38.0,-5.5,-22.9,-33.6,0.97,5810,2315,5,0,0,1,20403,21220,0.7,0.6,0.7,0.96,6,0,1,1,0,5일선회복/+3%반등,46.0,-0.4,0.0,-0.4,0.0,1,0,약세,-8,-7,0,-1,-21.9,-24.2,1496.48,,-1.11,-2212.0,-2212.0,-2212.0,10,10,1.0,57.0,49.0,247660,660459,0,2,0,0,,[20260624] 전환사채(해외전환사채포함)발행후만기전사채취득               (20260624900831) || [20251224] 전환사채(해외전환사채포함)발행후만기전사채취득               (20251224900908),,,,https://dart.fss.or.kr/dsaf001/main.do?rcpNo=20260624900831 || https://dart.fss.or.kr/dsaf001/main.do?rcpNo=20251224900908,,,,20260624900831 || 20251224900908,주의,2025.0,-19.9,-88.6,77.5,OFS,영업이익(손실),dart_OperatingIncomeLoss,2.8,1.6,영업활동현금흐름,ifrs-full_CashFlowsFromUsedInOperatingActivities,ok,연간 영업이익 YoY 계산 성공,ok,OCF 추출 성공,2026 Q1,3개월,2.4,-4.1,159.0,thstrm_amount,frmtrm_q_amount,OFS,fnlttSinglAcntAll,영업이익(손실),dart_OperatingIncomeLoss,ok,3개월 기준 YoY 계산 성공,성장지속,10,0,회계손실현금유입,,default,4,71.0,63.0,3.0,0.0,0.0,0.0,0.0,OFF,0.0,0.0,0.04895851035834893,SAFE,20.0,28.0,0.0,0.16129032258064516,11,-10.0,-0.571,13.0,11.0,11.5,0.73,0.0,0.0,4160.0,0.0,7.0,PYKRX,False,35.2,31.6,WATCH,WATCH,33.5,WATCH,WATCH,1.7
kosdaq,20260714,20260714_2021,290650,엘앤씨바이오,제약·바이오,68900,26.1,12.6,8.3,-44.9,152.4,-13.9,-9.6,-1.1,-17.4,-9.1,-0.1,0.45,125000,27300,0,0,0,0,211441,382645,120.6,151.2,327.6,0.55,0,0,0,0,0,-,73.8,-15.4,85.2,-204.9,649.2,1,3,약세,-8,-7,0,-1,-21.9,-24.2,1496.48,,-1.11,-2212.0,-2212.0,-2212.0,10,10,1.0,76.8,68.8,290650,1181515,0,3,0,0,,[20260109] [기재정정]주요사항보고서(유상증자결정) (20260109000523) || [20251231] [기재정정]주요사항보고서(유상증자결정) (20251231000369) || [20251223] 주요사항보고서(유상증자결정) (20251223000756),,,,https://dart.fss.or.kr/dsaf001/main.do?rcpNo=20260109000523 || https://dart.fss.or.kr/dsaf001/main.do?rcpNo=20251231000369 || https://dart.fss.or.kr/dsaf001/main.do?rcpNo=20251223000756,,,,20260109000523 || 20251231000369 || 20251223000756,주의,2025.0,-737.7,-0.6,-113864.0,CFS,기타영업외손익,dart_NonOperatingProfitLoss,125.6,-85.7,영업활동으로 인한 현금흐름,ifrs-full_CashFlowsFromUsedInOperatingActivities,ok,연간 영업이익 YoY 계산 성공,ok,OCF 추출 성공,2026 Q1,3개월,0.2,-0.9,123.7,thstrm_amount,frmtrm_q_amount,CFS,fnlttSinglAcntAll,기타영업외손익,dart_NonOperatingProfitLoss,ok,3개월 기준 YoY 계산 성공,턴어라운드,20,0,회계손실현금유입,,default,-3,93.8,85.8,2.0,0.0,0.0,0.0,0.0,OFF,0.0,0.0,0.05698118457629995,SAFE,4.0,4.0,0.0,1.4479166666666667,0,10.0,0.213,10.0,17.0,18.45,8.48,0.0,0.07,8128.0,0.0,-5.0,PYKRX,False,35.0,37.4,WATCH,WATCH,40.4,WATCH,WATCH,-5.4
kosdaq,20260714,20260714_2021,222080,SFA넥셀,기계·장비,7260,31.6,13.5,15.7,-63.5,16.3,-7.2,-33.3,-39.3,-16.4,-35.7,-28.3,0.99,19880,6240,5,0,1,0,715398,731102,52.7,53.5,64.2,0.98,0,0,0,0,0,-,80.4,10.6,17.5,103.9,52.7,1,15,약세,-8,-7,0,-1,-21.9,-24.2,1496.48,,-1.11,-2212.0,-2212.0,-2212.0,10,10,1.0,100.4,92.4,222080,1090471,0,1,0,0,,[20260202] 전환사채(해외전환사채포함)발행후만기전사채취득               (20260202902033),,,,https://dart.fss.or.kr/dsaf001/main.do?rcpNo=20260202902033,,,,20260202902033,주의,2025.0,335.1,593.5,-43.5,CFS,영업이익(손실),dart_OperatingIncomeLoss,1014.0,294.4,영업활동으로 인한 현금흐름,ifrs-full_CashFlowsFromUsedInOperatingActivities,ok,연간 영업이익 YoY 계산 성공,ok,OCF 추출 성공,2026 Q1,3개월,21.6,170.1,-87.3,thstrm_amount,frmtrm_q_amount,CFS,fnlttSinglAcntAll,영업이익(손실),dart_OperatingIncomeLoss,ok,3개월 기준 YoY 계산 성공,하락지속,-10,5,현금창출양호,3.03,default,4,99.4,91.4,4.0,0.0,5.65,0.0,0.0,OFF,0.0,0.0,0.048049644600952096,SAFE,20.0,33.0,0.0,0.21621621621621623,3,15.0,0.438,15.0,-10.0,20.0,1.11,19.57,0.0,6562.0,371.0,0.0,PYKRX,False,35.0,35.0,WATCH,WATCH,33.0,WATCH,WATCH,2.0
kosdaq,20260714,20260714_2021,082270,젬백스,기계·장비,10390,34.2,11.5,14.8,-83.3,3.9,-8.3,-21.5,-61.6,-12.5,-30.2,-67.0,0.63,62400,10000,0,0,0,0,210439,241064,15.9,22.8,29.4,0.87,0,0,0,0,0,-,73.2,-2.4,9.3,-38.4,28.4,1,8,약세,-8,-7,0,-1,-21.9,-24.2,1496.48,,-1.11,-2212.0,-2212.0,-2212.0,10,10,1.0,81.2,73.2,082270,492894,0,60,0,0,,[20260619] [기재정정]최대주주변경을수반하는주식담보제공계약체결               (20260619900915) || [20260615] [기재정정]최대주주변경을수반하는주식담보제공계약체결               (20260615900859) || [20260602] [기재정정]최대주주변경을수반하는주식담보제공계약체결               (20260602900759),,,,https://dart.fss.or.kr/dsaf001/main.do?rcpNo=20260619900915 || https://dart.fss.or.kr/dsaf001/main.do?rcpNo=20260615900859 || https://dart.fss.or.kr/dsaf001/main.do?rcpNo=20260602900759,,,,20260619900915 || 20260615900859 || 20260602900759,주의,2025.0,37.9,-383.4,109.9,CFS,영업이익(손실),dart_OperatingIncomeLoss,11.1,-283.7,영업활동현금흐름,ifrs-full_CashFlowsFromUsedInOperatingActivities,ok,연간 영업이익 YoY 계산 성공,ok,OCF 추출 성공,2026 Q1,3개월,-7.6,-29.6,74.1,thstrm_amount,frmtrm_q_amount,CFS,fnlttSinglAcntAll,영업이익(손실),dart_OperatingIncomeLoss,ok,3개월 기준 YoY 계산 성공,성장지속,10,-3,현금창출약함,0.29,default,0,88.2,80.2,2.0,0.0,0.0,0.0,0.0,OFF,0.0,0.0,0.04916522643598206,SAFE,19.0,9.0,0.0,0.386046511627907,0,10.0,0.235,10.0,11.0,18.3,7.69,0.0,0.0,1351.0,0.0,-5.0,PYKRX,False,34.4,33.2,WATCH,WATCH,34.3,WATCH,WATCH,0.1
kosdaq,20260714,20260714_2021,263600,덕우전자,반도체·전자부품,3120,39.9,25.8,23.8,-54.7,5.4,-6.9,-27.3,-42.1,-10.2,-31.2,-34.3,0.76,6880,2960,0,0,0,0,37860,57979,1.4,1.2,2.0,0.65,0,0,0,0,0,-,60.3,-0.2,0.0,-2.7,0.0,1,0,약세,-8,-7,0,-1,-21.9,-24.2,1496.48,,-1.11,-2212.0,-2212.0,-2212.0,10,10,1.0,60.3,52.3,263600,571298,0,2,0,0,,[20260511] 기타경영사항(자율공시)              (자기전환사채(제1회차 전환사채) 소각) (20260511900273) || [20250905] 전환사채(해외전환사채포함)발행후만기전사채취득               (20250905900317),,,,https://dart.fss.or.kr/dsaf001/main.do?rcpNo=20260511900273 || https://dart.fss.or.kr/dsaf001/main.do?rcpNo=20250905900317,,,,20260511900273 || 20250905900317,주의,2025.0,15.8,-9.9,259.1,CFS,영업이익(손실),dart_OperatingIncomeLoss,154.4,34.2,영업활동현금흐름,ifrs-full_CashFlowsFromUsedInOperatingActivities,ok,연간 영업이익 YoY 계산 성공,ok,OCF 추출 성공,2026 Q1,3개월,14.7,13.6,8.3,thstrm_amount,frmtrm_q_amount,CFS,fnlttSinglAcntAll,영업이익(손실),dart_OperatingIncomeLoss,ok,3개월 기준 YoY 계산 성공,성장지속,10,5,현금창출양호,9.77,default,0,75.3,67.3,0.0,0.0,6.55,0.0,0.0,OFF,0.0,0.0,0.041629895070902645,SAFE,20.0,33.0,0.0,0.25274725274725274,0,0.0,-0.1,15.0,6.0,15.075,0.47,7.19,0.0,6629.0,434.0,12.0,PYKRX,False,34.4,20.7,WATCH,WATCH,38.1,WATCH,WATCH,-3.7
kosdaq,20260714,20260714_2021,107640,한중엔시에스,전기장비,29400,37.0,14.9,18.1,-59.7,24.3,-9.3,-33.9,-43.4,-15.5,-35.2,-38.8,0.92,73000,23650,0,0,0,0,80606,79717,21.5,24.2,28.2,1.01,0,0,0,0,0,-,71.0,27.2,-30.4,51.5,-66.2,1,8,약세,-8,-7,0,-1,-21.9,-24.2,1496.48,,-1.11,-2212.0,-2212.0,-2212.0,10,10,1.0,79.0,71.0,107640,474588,0,5,0,0,,[20251111] 유상증자결정(종속회사의주요경영사항)               (20251111900319) || [20250918] 증권발행결과(자율공시)              (제3자배정 상환전환우선주 유상증자) (20250918900327) || [20250903] 주요사항보고서(유상증자결정) (20250903000379),,,,https://dart.fss.or.kr/dsaf001/main.do?rcpNo=20251111900319 || https://dart.fss.or.kr/dsaf001/main.do?rcpNo=20250918900327 || https://dart.fss.or.kr/dsaf001/main.do?rcpNo=20250903000379,,,,20251111900319 || 20250918900327 || 20250903000379,주의,2025.0,40.3,95.7,-57.9,CFS,영업이익(손실),dart_OperatingIncomeLoss,5.3,62.6,영업활동현금흐름,ifrs-full_CashFlowsFromUsedInOperatingActivities,ok,연간 영업이익 YoY 계산 성공,ok,OCF 추출 성공,2026 Q1,3개월,14.4,-6.3,330.0,thstrm_amount,frmtrm_q_amount,CFS,fnlttSinglAcntAll,영업이익(손실),dart_OperatingIncomeLoss,ok,3개월 기준 YoY 계산 성공,턴어라운드,20,-3,현금창출약함,0.13,default,2,98.0,90.0,2.0,0.0,4.36,0.0,0.0,OFF,0.0,0.0,0.06110850973276208,SAFE,20.0,33.0,0.0,0.27433628318584075,0,0.0,-0.113,7.0,17.0,17.75,2.85,65.33,0.0,10316.0,450.0,0.0,PYKRX,False,34.3,22.8,WATCH,WATCH,31.8,WATCH,WATCH,2.5
kosdaq,20260714,20260714_2021,259630,엠플러스,기계·장비,9280,37.7,15.9,15.8,-53.8,12.1,-7.7,-27.0,-41.0,-10.4,-27.8,-31.9,0.86,20100,8280,0,0,0,0,71555,82955,6.6,6.8,8.7,0.86,0,0,0,0,0,-,69.2,-5.0,0.0,-5.1,-3.9,1,0,약세,-8,-7,0,-1,-21.9,-24.2,1496.48,,-1.11,-2212.0,-2212.0,-2212.0,10,10,1.0,69.2,61.2,259630,833064,0,2,0,0,,[20251119] 전환사채(해외전환사채포함)발행후만기전사채취득               (20251119900141) || [20251013] 전환사채(해외전환사채포함)발행후만기전사채취득               (20251013900171),,,,https://dart.fss.or.kr/dsaf001/main.do?rcpNo=20251119900141 || https://dart.fss.or.kr/dsaf001/main.do?rcpNo=20251013900171,,,,20251119900141 || 20251013900171,주의,2025.0,245.7,100.9,143.4,CFS,영업이익(손실),dart_OperatingIncomeLoss,621.4,-203.9,영업활동으로 인한 현금흐름,ifrs-full_CashFlowsFromUsedInOperatingActivities,ok,연간 영업이익 YoY 계산 성공,ok,OCF 추출 성공,2026 Q1,3개월,101.9,23.8,328.1,thstrm_amount,frmtrm_q_amount,CFS,fnlttSinglAcntAll,영업이익(손실),dart_OperatingIncomeLoss,ok,3개월 기준 YoY 계산 성공,성장지속,10,5,현금창출양호,2.53,default,2,86.2,78.2,0.0,0.0,20.13,0.0,0.0,OFF,0.0,0.0,0.038293050556867866,SAFE,20.0,33.0,0.0,0.2851851851851852,0,-10.0,-0.575,23.0,11.0,17.3,1.08,5.35,2.16,8620.0,1735.0,3.0,PYKRX,False,34.2,19.3,WATCH,WATCH,34.3,WATCH,WATCH,-0.1
kosdaq,20260714,20260714_2021,108490,로보티즈,기계·장비,195500,31.8,13.6,15.7,-57.9,207.9,-7.8,-41.1,-20.4,-19.5,-32.4,-23.4,0.85,464000,63493,5,0,1,0,172439,172353,283.3,349.1,424.4,1.0,0,0,0,0,0,-,80.1,141.8,19.4,-303.7,-387.8,1,15,약세,-8,-7,0,-1,-21.9,-24.2,1496.48,,-1.11,-2212.0,-2212.0,-2212.0,10,10,1.0,100.1,92.1,108490,946030,0,8,0,0,,[20251217] [첨부정정]주요사항보고서(전환사채권발행결정) (20251217000085) || [20251111] 유상증자또는주식관련사채등의청약결과(자율공시)               (20251111900149) || [20251105] [기재정정]주요사항보고서(유상증자결정) (20251105000069),,,,https://dart.fss.or.kr/dsaf001/main.do?rcpNo=20251217000085 || https://dart.fss.or.kr/dsaf001/main.do?rcpNo=20251111900149 || https://dart.fss.or.kr/dsaf001/main.do?rcpNo=20251105000069,,,,20251217000085 || 20251111900149 || 20251105000069,주의,2025.0,33.5,-29.7,212.5,CFS,영업이익(손실),dart_OperatingIncomeLoss,70.8,53.6,영업활동현금흐름,ifrs-full_CashFlowsFromUsedInOperatingActivities,ok,연간 영업이익 YoY 계산 성공,ok,OCF 추출 성공,2026 Q1,3개월,-118.4,8.3,-1533.8,thstrm_amount,frmtrm_q_amount,CFS,fnlttSinglAcntAll,영업이익(손실),dart_OperatingIncomeLoss,ok,3개월 기준 YoY 계산 성공,피크아웃,-15,5,현금창출양호,2.11,default,4,94.1,86.1,4.0,0.0,1.77,0.0,0.0,OFF,0.0,0.0,0.054899306316380375,SAFE,15.0,15.0,0.0,0.1897810218978102,3,15.0,0.38,18.0,-15.0,20.0,9.01,507.79,0.0,21707.0,385.0,0.0,PYKRX,False,33.4,33.9,WATCH,WATCH,31.0,WATCH,WATCH,2.4
kosdaq,20260714,20260714_2021,352480,씨앤씨인터내셔널,화학,19320,42.8,10.4,10.8,-60.5,5.6,-3.6,0.6,-27.6,-5.6,-10.3,-35.5,0.5,48900,18300,5,0,1,0,22266,28991,2.7,4.4,6.0,0.77,0,0,0,0,0,-,51.4,-1.8,4.5,-16.8,31.9,1,3,약세,-8,-7,0,-1,-21.9,-24.2,1496.48,,-1.11,-2212.0,-2212.0,-2212.0,10,10,1.0,59.4,51.4,352480,1226410,0,5,0,0,,[20260223] 전환사채(해외전환사채포함)발행후만기전사채취득               (20260223901373) || [20251124] 전환사채(해외전환사채포함)발행후만기전사채취득               (20251124900317) || [20251017] 최대주주변경               (20251017900528),,,,https://dart.fss.or.kr/dsaf001/main.do?rcpNo=20260223901373 || https://dart.fss.or.kr/dsaf001/main.do?rcpNo=20251124900317 || https://dart.fss.or.kr/dsaf001/main.do?rcpNo=20251017900528,,,,20260223901373 || 20251124900317 || 20251017900528,주의,2025.0,221.7,289.6,-23.5,CFS,영업이익,dart_OperatingIncomeLoss,267.3,442.0,영업활동으로 인한 현금흐름,ifrs-full_CashFlowsFromUsedInOperatingActivities,ok,연간 영업이익 YoY 계산 성공,ok,OCF 추출 성공,2026 Q1,3개월,29.7,55.5,-46.6,thstrm_amount,frmtrm_q_amount,CFS,fnlttSinglAcntAll,영업이익,dart_OperatingIncomeLoss,ok,3개월 기준 YoY 계산 성공,하락지속,-10,5,현금창출양호,1.21,default,0,54.4,46.4,2.0,0.0,5.1,0.0,0.0,OFF,0.0,0.0,0.03844715769593018,SAFE,3.0,0.0,0.0,,0,15.0,0.45,15.0,-10.0,12.85,0.74,14.54,0.0,26036.0,1329.0,12.0,PYKRX,False,33.2,26.9,WATCH,WATCH,34.8,WATCH,WATCH,-1.6
kosdaq,20260714,20260714_2021,119610,인터로조,의료·정밀·광학,14920,42.7,7.3,13.9,-35.4,1.5,-4.3,-18.0,-25.3,-7.4,-17.9,-16.6,1.19,23100,14700,0,0,0,0,62555,74081,13.4,9.6,12.1,0.84,0,0,0,0,0,-,54.5,-5.6,-3.2,-21.8,-35.2,1,0,약세,-8,-7,0,-1,-21.9,-24.2,1496.48,,-1.11,-2212.0,-2212.0,-2212.0,10,10,1.0,54.5,46.5,119610,604426,0,5,0,0,,[20260626] [기재정정]최대주주변경을수반하는주식담보제공계약체결               (20260626900716) || [20260107] [기재정정]최대주주변경을수반하는주식담보제공계약체결               (20260107900189) || [20251105] [기재정정]주요사항보고서(유상증자결정) (20251105000188),,,,https://dart.fss.or.kr/dsaf001/main.do?rcpNo=20260626900716 || https://dart.fss.or.kr/dsaf001/main.do?rcpNo=20260107900189 || https://dart.fss.or.kr/dsaf001/main.do?rcpNo=20251105000188,,,,20260626900716 || 20260107900189 || 20251105000188,주의,2025.0,194.8,58.2,235.0,CFS,영업이익(손실),dart_OperatingIncomeLoss,253.4,197.8,영업활동현금흐름,ifrs-full_CashFlowsFromUsedInOperatingActivities,ok,연간 영업이익 YoY 계산 성공,ok,OCF 추출 성공,2026 Q1,3개월,62.3,21.8,185.9,thstrm_amount,frmtrm_q_amount,CFS,fnlttSinglAcntAll,영업이익(손실),dart_OperatingIncomeLoss,ok,3개월 기준 YoY 계산 성공,성장지속,10,5,현금창출양호,1.3,default,4,73.5,65.5,0.0,0.0,8.19,0.0,0.0,OFF,0.0,0.0,0.03991388883686127,SAFE,16.0,0.0,0.0,0.23888888888888887,3,-10.0,-0.727,23.0,11.0,13.625,1.21,14.82,4.36,12297.0,1007.0,3.0,PYKRX,False,33.2,24.2,WATCH,WATCH,33.6,WATCH,WATCH,-0.4
kosdaq,20260714,20260714_2021,092190,서울바이오시스,반도체·전자부품,5590,33.0,14.0,17.6,-71.0,161.8,-10.1,-41.5,59.0,-20.0,-44.5,17.3,0.62,19270,2135,5,0,0,1,254600,240054,8.5,15.4,17.6,1.06,0,0,0,0,0,-,77.5,-10.4,0.0,54.1,-0.2,1,0,약세,-8,-7,0,-1,-21.9,-24.2,1496.48,,-1.11,-2212.0,-2212.0,-2212.0,10,10,1.0,82.5,74.5,092190,488402,0,2,0,0,,[20251210] 주요사항보고서(신주인수권부사채권발행결정) (20251210000370) || [20251210] 주요사항보고서(전환사채권발행결정) (20251210000358),,,,https://dart.fss.or.kr/dsaf001/main.do?rcpNo=20251210000370 || https://dart.fss.or.kr/dsaf001/main.do?rcpNo=20251210000358,,,,20251210000370 || 20251210000358,주의,2025.0,2.3,34.9,-93.5,CFS,영업이익(손실),dart_OperatingIncomeLoss,803.3,948.0,영업활동현금흐름,ifrs-full_CashFlowsFromUsedInOperatingActivities,ok,연간 영업이익 YoY 계산 성공,ok,OCF 추출 성공,2026 Q1,3개월,103.7,-131.5,178.9,thstrm_amount,frmtrm_q_amount,CFS,fnlttSinglAcntAll,영업이익(손실),dart_OperatingIncomeLoss,ok,3개월 기준 YoY 계산 성공,턴어라운드,20,5,현금창출양호,349.26,default,2,109.5,101.5,3.0,0.0,0.0,0.0,0.0,OFF,0.0,0.0,0.06751374732341321,SAFE,20.0,26.0,0.0,0.2433734939759036,3,-10.0,-0.591,15.0,17.0,19.375,3.25,0.0,0.0,1721.0,0.0,-5.0,PYKRX,False,32.8,23.7,WATCH,WATCH,29.4,WATCH,WATCH,3.4
kosdaq,20260714,20260714_2021,024880,케이피에프,금속가공,3635,41.6,11.1,23.1,-47.2,1.3,-4.1,-16.7,-29.0,-6.4,-21.6,-32.5,0.68,6880,3590,0,0,0,0,82648,90949,2.2,3.0,3.6,0.91,0,0,0,0,0,-,55.3,-0.3,-0.2,-2.5,1.0,1,0,약세,-8,-7,0,-1,-21.9,-24.2,1496.48,,-1.11,-2212.0,-2212.0,-2212.0,10,10,1.0,55.3,47.3,024880,157636,0,3,0,0,,[20251202] [기재정정]유상증자결정(종속회사의주요경영사항)               (20251202900567) || [20251103] [기재정정]유상증자결정(종속회사의주요경영사항)               (20251103900656) || [20251015] 유상증자결정(종속회사의주요경영사항)               (20251015900638),,,,https://dart.fss.or.kr/dsaf001/main.do?rcpNo=20251202900567 || https://dart.fss.or.kr/dsaf001/main.do?rcpNo=20251103900656 || https://dart.fss.or.kr/dsaf001/main.do?rcpNo=20251015900638,,,,20251202900567 || 20251103900656 || 20251015900638,주의,2025.0,354.0,428.5,-17.4,CFS,영업이익(손실),dart_OperatingIncomeLoss,507.2,135.6,영업활동현금흐름,ifrs-full_CashFlowsFromUsedInOperatingActivities,ok,연간 영업이익 YoY 계산 성공,ok,OCF 추출 성공,2026 Q1,3개월,78.2,138.2,-43.4,thstrm_amount,frmtrm_q_amount,CFS,fnlttSinglAcntAll,영업이익(손실),dart_OperatingIncomeLoss,ok,3개월 기준 YoY 계산 성공,하락지속,-10,5,현금창출양호,1.43,default,2,52.3,44.3,0.0,0.0,7.41,0.0,0.0,OFF,1.0,8.0,0.030250827748530888,SAFE,20.0,30.0,0.0,0.24550898203592814,3,0.0,-0.139,15.0,-10.0,13.825,0.27,3.64,19.28,13491.0,1000.0,20.0,PYKRX,False,32.6,15.1,WATCH,WATCH,31.8,WATCH,WATCH,0.8
kosdaq,20260714,20260714_2021,078600,대주전자재료,반도체·전자부품,76300,30.6,13.8,19.4,-58.4,29.5,-6.4,-37.7,-38.4,-18.2,-37.2,-20.9,0.84,183300,58900,5,0,1,0,172465,194843,118.6,134.2,191.8,0.89,0,0,0,0,0,-,80.4,-21.7,-37.2,442.9,-558.0,1,0,약세,-8,-7,0,-1,-21.9,-24.2,1496.48,,-1.11,-2212.0,-2212.0,-2212.0,10,10,1.0,85.4,77.4,078600,177816,0,5,0,0,,[20260617] 주요사항보고서(자기전환사채만기전취득결정) (20260617000488) || [20260515] 주요사항보고서(제3자의전환사채매수선택권행사) (20260515000519) || [20260515] 주요사항보고서(제3자의전환사채매수선택권행사) (20260515000508),,,,https://dart.fss.or.kr/dsaf001/main.do?rcpNo=20260617000488 || https://dart.fss.or.kr/dsaf001/main.do?rcpNo=20260515000519 || https://dart.fss.or.kr/dsaf001/main.do?rcpNo=20260515000508,,,,20260617000488 || 20260515000519 || 20260515000508,주의,2025.0,206.9,293.5,-29.5,CFS,영업이익,dart_OperatingIncomeLoss,109.5,238.8,영업활동으로 인한 현금흐름,ifrs-full_CashFlowsFromUsedInOperatingActivities,ok,연간 영업이익 YoY 계산 성공,ok,OCF 추출 성공,2026 Q1,3개월,92.2,47.8,93.0,thstrm_amount,frmtrm_q_amount,CFS,fnlttSinglAcntAll,영업이익,dart_OperatingIncomeLoss,ok,3개월 기준 YoY 계산 성공,턴어라운드,20,2,현금창출보통,0.53,default,4,111.4,103.4,0.0,0.0,8.22,0.0,0.0,OFF,0.0,0.0,0.06148832450702274,SAFE,20.0,27.0,0.0,0.16976127320954906,3,-10.0,-0.307,12.0,17.0,20.0,4.55,55.41,0.13,16760.0,1377.0,0.0,PYKRX,False,32.5,21.5,WATCH,WATCH,32.0,WATCH,WATCH,0.5
kosdaq,20260714,20260714_2021,169330,엠브레인,엔지니어링,1497,27.8,32.4,20.4,-34.8,6.2,0.0,-13.1,-24.4,-6.1,-15.0,-22.4,1.56,2295,1409,5,0,1,0,8936,8560,0.2,0.1,0.1,1.04,0,0,0,0,0,-,65.1,0.0,0.0,0.0,0.0,1,0,약세,-8,-7,0,-1,-21.9,-24.2,1496.48,,-1.11,-2212.0,-2212.0,-2212.0,10,10,1.0,70.1,62.1,169330,877174,0,1,0,0,,[20251212] 최대주주변경               (20251212901441),,,,https://dart.fss.or.kr/dsaf001/main.do?rcpNo=20251212901441,,,,20251212901441,주의,2025.0,-12.6,16.8,-175.1,CFS,영업이익(손실),dart_OperatingIncomeLoss,15.3,49.7,영업활동현금흐름,ifrs-full_CashFlowsFromUsedInOperatingActivities,ok,연간 영업이익 YoY 계산 성공,ok,OCF 추출 성공,2025 Q3,3개월,-10.1,-11.7,14.3,thstrm_amount,frmtrm_q_amount,CFS,fnlttSinglAcntAll,영업이익(손실),dart_OperatingIncomeLoss,ok,3개월 기준 YoY 계산 성공,턴어라운드,20,0,회계손실현금유입,,default,2,92.1,84.1,2.0,0.0,0.0,0.0,0.0,OFF,0.0,0.0,0.02023263765041618,SAFE,11.0,8.0,0.0,0.0,3,0.0,0.0,10.0,12.0,16.275,1.02,0.0,5.34,1471.0,0.0,-2.0,PYKRX,False,32.3,27.3,WATCH,WATCH,29.3,WATCH,WATCH,3.0
kosdaq,20260714,20260714_2021,398120,에스지헬스케어,의료·정밀·광학,1979,45.6,38.4,25.9,-60.0,9.3,-3.9,-17.9,-50.8,-5.0,-21.5,-37.6,1.01,4945,1810,5,0,0,1,58107,75830,1.4,1.2,1.6,0.77,4,0,0,0,1,거래량동반양봉,45.2,0.5,0.0,2.5,0.0,1,8,약세,-8,-7,0,-1,-21.9,-24.2,1496.48,,-1.11,-2212.0,-2212.0,-2212.0,10,10,1.0,62.2,54.2,398120,1179866,0,0,0,0,,,,,,,,,,,안전,2025.0,14.7,-6.7,318.0,CFS,영업이익(손실),dart_OperatingIncomeLoss,-42.4,11.1,영업활동현금흐름,ifrs-full_CashFlowsFromUsedInOperatingActivities,ok,연간 영업이익 YoY 계산 성공,ok,OCF 추출 성공,2026 Q1,3개월,1.6,-2.9,156.0,thstrm_amount,frmtrm_q_amount,CFS,fnlttSinglAcntAll,영업이익(손실),dart_OperatingIncomeLoss,ok,3개월 기준 YoY 계산 성공,성장지속,10,-10,밸류트랩의심,-2.88,default,4,66.2,58.2,5.0,0.0,3.95,0.0,0.0,OFF,0.0,0.0,0.034465903579925905,SAFE,19.0,2.0,0.0,0.21787709497206706,7,15.0,0.312,-7.0,5.5,11.3,0.91,23.01,0.0,2179.0,86.0,12.0,PYKRX,False,32.2,33.6,WATCH,WATCH,33.8,WATCH,WATCH,-1.6
kosdaq,20260714,20260714_2021,145020,휴젤,제약·바이오,227000,36.5,5.2,1.6,-40.3,8.9,-8.5,-8.5,-11.0,-9.8,-11.2,-10.4,1.09,380000,208500,0,0,0,0,56727,61110,151.7,134.4,153.9,0.93,0,0,0,0,0,-,65.4,-56.5,5.8,-34.2,160.0,1,3,약세,-8,-7,0,-1,-21.9,-24.2,1496.48,,-1.11,-2212.0,-2212.0,-2212.0,10,10,1.0,68.4,60.400000000000006,145020,888347,0,2,0,0,,[20260617] 최대주주변경을수반하는주식담보제공계약체결               (20260617900673) || [20260617] 최대주주변경을수반하는주식담보제공계약해제ㆍ취소등               (20260617900672),,,,https://dart.fss.or.kr/dsaf001/main.do?rcpNo=20260617900673 || https://dart.fss.or.kr/dsaf001/main.do?rcpNo=20260617900672,,,,20260617900673 || 20260617900672,주의,2025.0,2008.5,1662.3,20.8,CFS,영업이익,dart_OperatingIncomeLoss,1500.6,1490.5,영업활동현금흐름,ifrs-full_CashFlowsFromUsedInOperatingActivities,ok,연간 영업이익 YoY 계산 성공,ok,OCF 추출 성공,2026 Q1,3개월,476.2,389.5,22.3,thstrm_amount,frmtrm_q_amount,CFS,fnlttSinglAcntAll,영업이익,dart_OperatingIncomeLoss,ok,3개월 기준 YoY 계산 성공,성장지속,10,5,현금창출양호,0.75,default,-1,82.4,74.4,2.0,0.0,14.85,0.0,0.0,OFF,0.0,0.0,0.0466801579350494,SAFE,3.0,0.0,0.0,1.0,0,-10.0,-0.329,23.0,11.0,16.35,2.58,17.38,0.0,87960.0,13061.0,0.0,PYKRX,False,31.5,19.0,WATCH,WATCH,30.4,WATCH,WATCH,1.1
kosdaq,20260714,20260714_2021,200470,에이팩트,반도체·전자부품,5040,15.1,5.9,20.7,-61.5,127.0,-11.9,-58.5,-24.2,-36.1,-41.8,-28.9,0.54,13100,2220,5,0,1,0,431847,794392,21.5,23.1,70.2,0.54,0,0,0,0,0,-,81.7,-12.9,1.1,-51.4,-11.3,1,8,약세,-8,-7,0,-1,-21.9,-24.2,1496.48,,-1.11,-2212.0,-2212.0,-2212.0,10,10,1.0,94.7,86.7,200470,667425,0,11,0,0,,[20260626] [기재정정]주요사항보고서(전환사채권발행결정) (20260626000406) || [20260622] 최대주주변경을수반하는주식담보제공계약체결               (20260622900881) || [20260622] 최대주주변경               (20260622900880),,,,https://dart.fss.or.kr/dsaf001/main.do?rcpNo=20260626000406 || https://dart.fss.or.kr/dsaf001/main.do?rcpNo=20260622900881 || https://dart.fss.or.kr/dsaf001/main.do?rcpNo=20260622900880,,,,20260626000406 || 20260622900881 || 20260622900880,주의,2025.0,52.7,-215.3,124.5,OFS,영업이익(손실),dart_OperatingIncomeLoss,56.4,5.7,영업활동으로 인한 현금흐름,ifrs-full_CashFlowsFromUsedInOperatingActivities,ok,연간 영업이익 YoY 계산 성공,ok,OCF 추출 성공,2026 Q1,3개월,-19.1,-33.9,43.7,thstrm_amount,frmtrm_q_amount,OFS,fnlttSinglAcntAll,영업이익(손실),dart_OperatingIncomeLoss,ok,3개월 기준 YoY 계산 성공,성장지속,10,5,현금창출양호,1.07,default,2,111.7,103.7,2.0,0.0,7.42,0.0,0.0,OFF,0.0,0.0,0.063831059286995,SAFE,11.0,11.0,0.0,0.20341880341880342,3,-10.0,-0.168,23.0,11.0,20.0,3.04,40.98,0.0,1657.0,123.0,0.0,PYKRX,False,31.4,26.1,WATCH,WATCH,37.0,WATCH,WATCH,-5.6
kosdaq,20260714,20260714_2021,025980,아난티,숙박·음식,3780,36.5,13.2,26.4,-65.5,2.3,-5.4,-25.4,-49.1,-10.0,-25.5,-47.7,0.67,10950,3695,0,0,0,0,634766,808456,20.0,24.4,35.4,0.79,0,0,0,0,0,-,66.6,2.4,5.9,-24.0,23.1,1,15,약세,-8,-7,0,-1,-21.9,-24.2,1496.48,,-1.11,-2212.0,-2212.0,-2212.0,10,10,1.0,81.6,73.6,025980,161781,0,5,0,0,,[20260708] [첨부정정]주요사항보고서(전환사채권발행결정) (20260708000266) || [20260706] 주요사항보고서(전환사채권발행결정) (20260706000476) || [20260320] 주요사항보고서(자기전환사채매도결정) (20260319001353),,,,https://dart.fss.or.kr/dsaf001/main.do?rcpNo=20260708000266 || https://dart.fss.or.kr/dsaf001/main.do?rcpNo=20260706000476 || https://dart.fss.or.kr/dsaf001/main.do?rcpNo=20260319001353,,,,20260708000266 || 20260706000476 || 20260319001353,주의,2025.0,83.2,8.0,939.2,CFS,영업이익(손실),dart_OperatingIncomeLoss,360.9,43.5,영업활동현금흐름,ifrs-full_CashFlowsFromUsedInOperatingActivities,ok,연간 영업이익 YoY 계산 성공,ok,OCF 추출 성공,2026 Q1,3개월,-95.1,-32.2,-194.8,thstrm_amount,frmtrm_q_amount,CFS,fnlttSinglAcntAll,영업이익(손실),dart_OperatingIncomeLoss,ok,3개월 기준 YoY 계산 성공,피크아웃,-15,5,현금창출양호,4.34,default,2,73.6,65.6,4.0,0.0,0.0,0.0,0.0,OFF,0.0,0.0,0.04409794902182294,SAFE,16.0,15.0,0.0,0.21259842519685043,3,13.0,0.234,18.0,-15.0,16.65,0.49,0.0,0.0,7660.0,0.0,7.0,PYKRX,False,31.4,30.5,WATCH,WATCH,32.6,WATCH,WATCH,-1.2
kosdaq,20260714,20260714_2021,452280,한선엔지니어링,금속가공,9960,34.1,7.4,7.8,-73.3,52.1,-21.1,-53.9,-25.7,-24.9,-50.4,-26.1,0.42,37300,6550,0,0,0,0,234834,405665,15.6,25.5,60.7,0.58,0,0,0,0,0,-,80.7,13.1,-4.4,133.3,-131.6,1,8,약세,-8,-7,0,-1,-21.9,-24.2,1496.48,,-1.11,-2212.0,-2212.0,-2212.0,10,10,1.0,88.7,80.7,452280,958451,0,1,0,0,,[20260512] 주요사항보고서(자기전환사채만기전취득결정) (20260512000623),,,,https://dart.fss.or.kr/dsaf001/main.do?rcpNo=20260512000623,,,,20260512000623,주의,2025.0,97.5,49.2,98.1,OFS,영업이익(손실),dart_OperatingIncomeLoss,14.3,22.0,영업활동현금흐름,ifrs-full_CashFlowsFromUsedInOperatingActivities,ok,연간 영업이익 YoY 계산 성공,ok,OCF 추출 성공,2026 Q1,3개월,62.1,16.8,268.9,thstrm_amount,frmtrm_q_amount,OFS,fnlttSinglAcntAll,영업이익(손실),dart_OperatingIncomeLoss,ok,3개월 기준 YoY 계산 성공,성장지속,10,-3,현금창출약함,0.15,default,0,95.7,87.7,2.0,0.0,13.09,0.0,0.0,OFF,0.0,0.0,0.07268211601277978,SAFE,20.0,23.0,0.0,0.39146567717996295,0,5.0,0.143,10.0,11.0,20.0,2.52,19.23,0.0,3957.0,518.0,0.0,PYKRX,False,31.1,27.7,WATCH,WATCH,36.0,WATCH,WATCH,-4.9
kosdaq,20260714,20260714_2021,035460,기산텔레콤,반도체·전자부품,2100,39.6,26.8,28.0,-71.0,24.8,-1.2,-27.1,-54.8,-7.6,-28.4,-13.9,0.56,7230,1683,5,0,1,0,122026,143828,1.6,2.6,3.4,0.85,6,0,1,1,0,5일선회복/+3%반등,58.8,0.5,0.0,5.9,-0.4,1,8,약세,-8,-7,0,-1,-21.9,-24.2,1496.48,,-1.11,-2212.0,-2212.0,-2212.0,10,10,1.0,77.8,69.8,035460,258421,0,0,0,0,,,,,,,,,,,안전,2025.0,80.8,49.5,63.3,CFS,영업이익(손실),dart_OperatingIncomeLoss,-35.0,124.4,영업활동현금흐름,ifrs-full_CashFlowsFromUsedInOperatingActivities,ok,연간 영업이익 YoY 계산 성공,ok,OCF 추출 성공,2026 Q1,3개월,31.4,4.4,612.7,thstrm_amount,frmtrm_q_amount,CFS,fnlttSinglAcntAll,영업이익(손실),dart_OperatingIncomeLoss,ok,3개월 기준 YoY 계산 성공,성장지속,10,-10,밸류트랩의심,-0.43,default,2,79.8,71.8,2.0,0.0,7.75,0.0,0.0,OFF,0.0,0.0,0.05428397913025136,SAFE,20.0,31.0,0.0,0.04428044280442804,11,5.0,0.147,-7.0,5.5,14.7,0.56,7.24,0.0,3743.0,290.0,12.0,PYKRX,False,31.0,30.7,WATCH,WATCH,31.2,WATCH,WATCH,-0.2
kosdaq,20260714,20260714_2021,417500,제이아이테크,화학,3085,41.4,13.8,22.2,-49.9,6.7,-1.8,-12.6,-32.3,-8.0,-18.8,-17.4,0.44,6160,2890,10,0,1,1,159163,225002,3.1,4.9,7.8,0.71,0,0,0,0,0,-,54.3,-5.4,0.0,-6.8,2.6,1,0,약세,-8,-7,0,-1,-21.9,-24.2,1496.48,,-1.11,-2212.0,-2212.0,-2212.0,10,10,1.0,64.3,56.3,417500,1367586,0,1,0,0,,[20260615] 전환사채(해외전환사채포함)발행후만기전사채취득              (제1회차) (20260615900657),,,,https://dart.fss.or.kr/dsaf001/main.do?rcpNo=20260615900657,,,,20260615900657,주의,2025.0,104.0,87.1,19.4,CFS,영업이익,dart_OperatingIncomeLoss,93.2,168.3,영업활동현금흐름,ifrs-full_CashFlowsFromUsedInOperatingActivities,ok,연간 영업이익 YoY 계산 성공,ok,OCF 추출 성공,2026 Q1,3개월,39.0,25.1,55.6,thstrm_amount,frmtrm_q_amount,CFS,fnlttSinglAcntAll,영업이익,dart_OperatingIncomeLoss,ok,3개월 기준 YoY 계산 성공,성장지속,10,5,현금창출양호,0.9,default,2,81.3,73.3,3.0,0.0,8.94,0.0,0.0,OFF,0.0,0.0,0.05246130584115643,SAFE,10.0,6.0,0.0,0.14285714285714288,3,-10.0,-0.692,23.0,11.0,13.575,1.28,14.35,3.24,2405.0,215.0,3.0,PYKRX,False,30.9,24.2,WATCH,WATCH,33.6,WATCH,WATCH,-2.7
kosdaq,20260714,20260714_2021,267320,나인테크,기계·장비,1962,39.8,6.7,22.3,-59.2,1.7,-2.9,-28.7,-35.1,-10.4,-28.2,-38.2,0.65,4810,1930,5,0,1,0,329331,435153,5.5,6.6,9.7,0.76,0,0,0,0,0,-,65.7,-0.4,0.0,10.0,0.4,1,0,약세,-8,-7,0,-1,-21.9,-24.2,1496.48,,-1.11,-2212.0,-2212.0,-2212.0,10,10,1.0,70.7,62.7,267320,1208849,0,5,0,0,,[20260624] [기재정정]주요사항보고서(전환사채권발행결정) (20260624000267) || [20260605] 주요사항보고서(제3자의전환사채매수선택권행사) (20260605000666) || [20260605] 주요사항보고서(전환사채매수선택권행사자지정) (20260605000662),,,,https://dart.fss.or.kr/dsaf001/main.do?rcpNo=20260624000267 || https://dart.fss.or.kr/dsaf001/main.do?rcpNo=20260605000666 || https://dart.fss.or.kr/dsaf001/main.do?rcpNo=20260605000662,,,,20260624000267 || 20260605000666 || 20260605000662,주의,2025.0,-89.2,46.3,-292.8,CFS,영업이익(손실),dart_OperatingIncomeLoss,78.1,-40.4,영업활동현금흐름,ifrs-full_CashFlowsFromUsedInOperatingActivities,ok,연간 영업이익 YoY 계산 성공,ok,OCF 추출 성공,2026 Q1,3개월,14.7,-14.1,204.4,thstrm_amount,frmtrm_q_amount,CFS,fnlttSinglAcntAll,영업이익(손실),dart_OperatingIncomeLoss,ok,3개월 기준 YoY 계산 성공,턴어라운드,20,0,회계손실현금유입,,default,2,92.7,84.7,0.0,0.0,0.0,0.0,0.0,OFF,0.0,0.0,0.04985811417300423,SAFE,20.0,31.0,0.0,0.10104529616724739,3,0.0,-0.041,10.0,17.0,16.425,1.23,0.0,0.0,1599.0,0.0,-5.0,PYKRX,False,29.6,30.8,WATCH,WATCH,31.4,WATCH,WATCH,-1.8
kosdaq,20260714,20260714_2021,096240,크레버스,교육,8300,26.2,33.3,19.8,-42.0,5.1,-3.4,-12.1,-21.0,-5.8,-11.5,-26.6,1.11,14310,7900,0,0,0,0,31568,34820,3.2,2.6,3.1,0.91,4,0,0,0,1,거래량동반양봉,65.5,2.6,0.1,-1.5,0.2,1,15,약세,-8,-7,0,-1,-21.9,-24.2,1496.48,,-1.11,-2212.0,-2212.0,-2212.0,10,10,1.0,84.5,76.5,096240,525882,0,9,0,0,,[20260619] [기재정정]최대주주변경을수반하는주식담보제공계약체결               (20260619900817) || [20260605] [기재정정]최대주주변경을수반하는주식담보제공계약체결               (20260605900739) || [20260529] [기재정정]최대주주변경을수반하는주식담보제공계약체결               (20260529901814),,,,https://dart.fss.or.kr/dsaf001/main.do?rcpNo=20260619900817 || https://dart.fss.or.kr/dsaf001/main.do?rcpNo=20260605900739 || https://dart.fss.or.kr/dsaf001/main.do?rcpNo=20260529901814,,,,20260619900817 || 20260605900739 || 20260529901814,주의,2025.0,22.4,103.2,-78.2,CFS,영업이익,dart_OperatingIncomeLoss,209.0,251.1,영업활동으로 인한 현금흐름,ifrs-full_CashFlowsFromUsedInOperatingActivities,ok,연간 영업이익 YoY 계산 성공,ok,OCF 추출 성공,2026 Q1,3개월,26.1,28.1,-7.2,thstrm_amount,frmtrm_q_amount,CFS,fnlttSinglAcntAll,영업이익,dart_OperatingIncomeLoss,ok,3개월 기준 YoY 계산 성공,하락지속,-10,5,현금창출양호,9.33,default,2,81.5,73.5,7.0,0.0,12.6,0.0,0.0,OFF,1.0,8.0,0.01442655404104528,SAFE,10.0,10.0,0.0,0.2809917355371901,4,15.0,0.871,10.0,-10.0,16.375,1.49,11.82,9.64,5570.0,702.0,3.0,PYKRX,False,29.2,31.9,WATCH,WATCH,28.4,WATCH,WATCH,0.8
kosdaq,20260714,20260714_2021,234300,에스트래픽,IT서비스,2750,42.6,52.7,22.2,-35.1,7.6,-2.1,-8.5,-19.4,-3.4,-10.4,-20.8,0.68,4240,2555,5,0,0,1,51523,64498,1.2,1.4,1.8,0.8,0,0,0,0,0,-,40.5,1.3,0.0,4.1,-0.2,1,3,약세,-8,-7,0,-1,-21.9,-24.2,1496.48,,-1.11,-2212.0,-2212.0,-2212.0,10,10,1.0,48.5,40.5,234300,1014055,0,1,0,0,,[20250730] 최대주주변경을수반하는주식담보제공계약체결               (20250730900734),,,,https://dart.fss.or.kr/dsaf001/main.do?rcpNo=20250730900734,,,,20250730900734,주의,2025.0,89.6,113.1,-20.8,CFS,영업이익(손실),dart_OperatingIncomeLoss,40.4,141.9,영업활동현금흐름,ifrs-full_CashFlowsFromUsedInOperatingActivities,ok,연간 영업이익 YoY 계산 성공,ok,OCF 추출 성공,2026 Q1,3개월,-42.7,24.1,-277.0,thstrm_amount,frmtrm_q_amount,CFS,fnlttSinglAcntAll,영업이익(손실),dart_OperatingIncomeLoss,ok,3개월 기준 YoY 계산 성공,하락지속,-10,2,현금창출보통,0.45,default,2,42.5,34.5,5.0,0.0,4.76,0.0,0.0,OFF,0.0,0.0,0.022276750819717226,SAFE,9.0,0.0,0.0,0.24705882352941178,3,15.0,0.722,7.0,-10.0,10.125,0.73,15.28,5.09,3783.0,180.0,15.0,PYKRX,False,29.0,25.6,WATCH,WATCH,30.1,WATCH,WATCH,-1.1
kosdaq,20260714,20260714_2021,471820,셀로맥스사이언스,식료품,4110,33.0,9.0,-10.4,-46.6,1.4,-6.4,-11.6,-20.2,-7.3,-11.9,-20.8,0.85,7690,4055,0,0,0,0,6153,7642,0.3,0.3,0.3,0.81,0,0,0,0,0,-,74.9,0.3,0.0,0.5,-0.2,1,8,약세,-8,-7,0,-1,-21.9,-24.2,1496.48,,-1.11,-2212.0,-2212.0,-2212.0,10,10,1.0,82.9,74.9,471820,1448544,0,1,0,0,,[20250813] [기재정정]주요사항보고서(감자결정) (20250813000477),,,,https://dart.fss.or.kr/dsaf001/main.do?rcpNo=20250813000477,,,,20250813000477,주의,2025.0,28.4,55.0,-48.5,CFS,영업이익,dart_OperatingIncomeLoss,17.9,62.9,영업활동으로 인한 현금흐름,ifrs-full_CashFlowsFromUsedInOperatingActivities,ok,연간 영업이익 YoY 계산 성공,ok,OCF 추출 성공,2026 Q1,3개월,3.5,8.5,-59.2,thstrm_amount,frmtrm_q_amount,CFS,fnlttSinglAcntAll,영업이익,dart_OperatingIncomeLoss,ok,3개월 기준 YoY 계산 성공,하락지속,-10,2,현금창출보통,0.63,default,-1,73.9,65.9,2.0,0.0,6.28,0.0,0.0,OFF,0.0,0.0,0.021440355859040874,SAFE,19.0,0.0,0.0,0.5517241379310345,0,15.0,1.0,7.0,-10.0,18.725,0.98,15.57,4.5,4202.0,264.0,9.0,PYKRX,False,28.8,22.2,WATCH,WATCH,29.7,WATCH,WATCH,-0.9
kosdaq,20260714,20260714_2021,168360,펨트론,기계·장비,14450,35.4,10.9,10.9,-58.4,48.2,-9.7,-39.0,-31.4,-20.9,-30.7,-27.9,1.1,34700,9750,10,1,1,0,175783,134132,21.0,26.2,24.3,1.31,0,0,0,0,0,-,77.8,29.5,-3.7,0.9,1.2,1,8,약세,-8,-7,0,-1,-21.9,-24.2,1496.48,,-1.11,-2212.0,-2212.0,-2212.0,10,10,1.0,95.8,87.8,168360,957373,0,0,0,0,,,,,,,,,,,안전,2025.0,31.8,-36.2,187.9,CFS,영업이익(손실),dart_OperatingIncomeLoss,-57.2,-49.8,영업활동으로 인한 현금흐름,ifrs-full_CashFlowsFromUsedInOperatingActivities,ok,연간 영업이익 YoY 계산 성공,ok,OCF 추출 성공,2026 Q1,3개월,-10.4,-30.2,65.4,thstrm_amount,frmtrm_q_amount,CFS,fnlttSinglAcntAll,영업이익(손실),dart_OperatingIncomeLoss,ok,3개월 기준 YoY 계산 성공,성장지속,10,-10,밸류트랩의심,-1.8,default,4,99.8,91.8,2.0,0.0,0.0,0.0,0.0,OFF,0.0,0.0,0.07187269160585298,SAFE,10.0,7.0,0.0,0.2487179487179487,3,15.0,1.062,-7.0,5.5,19.45,11.88,0.0,0.35,1216.0,0.0,-5.0,PYKRX,False,28.7,28.1,WATCH,WATCH,21.0,WATCH,WATCH,7.7
kosdaq,20260714,20260714_2021,088390,이녹스,조선·기타운송,7170,46.8,39.3,26.4,-58.6,8.0,-1.9,-19.8,-39.2,-5.8,-25.0,-32.9,1.1,17300,6640,10,0,1,1,16420,15535,1.3,1.2,1.2,1.06,0,0,0,0,0,-,44.6,1.0,0.0,-0.4,0.0,1,8,약세,-8,-7,0,-1,-21.9,-24.2,1496.48,,-1.11,-2212.0,-2212.0,-2212.0,10,10,1.0,62.6,54.6,088390,494476,0,2,0,0,,[20260121] 주요사항보고서(유상증자결정)(자회사의 주요경영사항)              (제3자배정) (20260121900215) || [20250724] 주요사항보고서(전환사채권발행결정) (20250724000361),,,,https://dart.fss.or.kr/dsaf001/main.do?rcpNo=20260121900215 || https://dart.fss.or.kr/dsaf001/main.do?rcpNo=20250724000361,,,,20260121900215 || 20250724000361,주의,2025.0,160.6,-312.9,151.3,CFS,영업외손익,dart_NonOperatingProfitLoss,-45.1,-26.4,영업활동현금흐름,ifrs-full_CashFlowsFromUsedInOperatingActivities,ok,연간 영업이익 YoY 계산 성공,ok,OCF 추출 성공,2026 Q1,3개월,2.3,-7.3,131.7,thstrm_amount,frmtrm_q_amount,CFS,fnlttSinglAcntAll,영업외손익,dart_NonOperatingProfitLoss,ok,3개월 기준 YoY 계산 성공,성장지속,10,-10,밸류트랩의심,-0.28,default,4,66.6,58.6,5.0,0.0,13.23,1.0,0.0,OFF,0.0,0.0,0.043648137461411766,SAFE,18.0,0.0,0.0,0.09595959595959595,3,15.0,0.833,-7.0,5.5,11.15,0.38,2.9,0.0,18657.0,2469.0,17.0,PYKRX,False,28.0,25.6,WATCH,WATCH,24.6,WATCH,WATCH,3.4
kosdaq,20260714,20260714_2021,474170,루미르,조선·기타운송,6250,33.1,14.2,12.1,-72.4,5.8,-10.1,-34.7,-54.5,-16.9,-40.6,-46.7,0.77,22650,5910,0,0,0,0,67815,129280,6.1,4.4,10.3,0.52,0,0,0,0,0,-,79.5,0.4,0.0,17.9,-3.0,1,8,약세,-8,-7,0,-1,-21.9,-24.2,1496.48,,-1.11,-2212.0,-2212.0,-2212.0,10,10,1.0,87.5,79.5,474170,1636565,0,2,0,0,,[20260430] 주요사항보고서(전환사채권발행결정) (20260430001308) || [20260430] 주요사항보고서(전환사채권발행결정) (20260430001305),,,,https://dart.fss.or.kr/dsaf001/main.do?rcpNo=20260430001308 || https://dart.fss.or.kr/dsaf001/main.do?rcpNo=20260430001305,,,,20260430001308 || 20260430001305,주의,2025.0,-5.9,-12.0,50.5,OFS,영업이익(손실),dart_OperatingIncomeLoss,164.1,-263.2,영업활동현금흐름,ifrs-full_CashFlowsFromUsedInOperatingActivities,ok,연간 영업이익 YoY 계산 성공,ok,OCF 추출 성공,2026 Q1,3개월,-2.5,-8.1,69.1,thstrm_amount,frmtrm_q_amount,OFS,fnlttSinglAcntAll,영업이익(손실),dart_OperatingIncomeLoss,ok,3개월 기준 YoY 계산 성공,성장지속,10,0,회계손실현금유입,,default,0,97.5,89.5,2.0,0.0,0.09,0.0,0.0,OFF,0.0,0.0,0.04139170138800975,SAFE,20.0,33.0,0.0,0.2910662824207492,0,0.0,0.039,13.0,11.0,19.875,1.81,2083.33,0.0,3445.0,3.0,0.0,PYKRX,False,27.9,24.1,WATCH,WATCH,33.9,WATCH,WATCH,-6.0
kosdaq,20260714,20260714_2021,041440,현대에버다임,기계·장비,6090,40.9,11.2,18.7,-46.2,2.4,-11.5,-25.6,-33.8,-10.5,-22.3,-25.3,0.75,11320,5950,0,0,0,0,107844,164050,6.7,6.8,11.7,0.66,0,0,0,0,0,-,62.2,3.9,0.0,11.5,-0.6,1,8,약세,-8,-7,0,-1,-21.9,-24.2,1496.48,,-1.11,-2212.0,-2212.0,-2212.0,10,10,1.0,70.2,62.2,041440,228536,0,0,0,0,,,,,,,,,,,안전,2025.0,54.1,99.5,-45.7,CFS,영업이익(손실),dart_OperatingIncomeLoss,-49.9,80.1,영업활동현금흐름,ifrs-full_CashFlowsFromUsedInOperatingActivities,ok,연간 영업이익 YoY 계산 성공,ok,OCF 추출 성공,2026 Q1,3개월,5.8,-10.9,153.0,thstrm_amount,frmtrm_q_amount,CFS,fnlttSinglAcntAll,영업이익(손실),dart_OperatingIncomeLoss,ok,3개월 기준 YoY 계산 성공,턴어라운드,20,-10,밸류트랩의심,-0.92,default,0,80.2,72.2,2.0,0.0,2.42,0.0,0.0,OFF,0.0,0.0,0.04358048870908038,SAFE,16.0,16.0,0.0,0.44921875,0,15.0,0.333,-10.0,8.5,15.55,0.57,23.42,1.15,10745.0,260.0,12.0,PYKRX,False,27.5,20.6,WATCH,WATCH,31.0,WATCH,WATCH,-3.5
kosdaq,20260714,20260714_2021,115440,우리넷,반도체·전자부품,6960,32.8,16.1,26.3,-67.4,13.5,-2.0,-35.3,-46.5,-12.8,-37.3,-23.1,0.32,21350,6130,5,0,1,0,166499,302111,7.0,12.2,27.6,0.55,3,0,0,1,0,+3%반등,73.8,2.5,-0.1,12.0,-1.1,1,8,약세,-8,-7,0,-1,-21.9,-24.2,1496.48,,-1.11,-2212.0,-2212.0,-2212.0,10,10,1.0,89.8,81.8,115440,664048,0,4,0,0,,[20251105] 최대주주변경을수반하는주식담보제공계약해제ㆍ취소등               (20251105900634) || [20251013] [기재정정]최대주주변경을수반하는주식담보제공계약체결               (20251013900615) || [20250825] [기재정정]최대주주변경을수반하는주식담보제공계약체결               (20250825900460),,,,https://dart.fss.or.kr/dsaf001/main.do?rcpNo=20251105900634 || https://dart.fss.or.kr/dsaf001/main.do?rcpNo=20251013900615 || https://dart.fss.or.kr/dsaf001/main.do?rcpNo=20250825900460,,,,20251105900634 || 20251013900615 || 20250825900460,주의,2025.0,19.5,200.7,-90.3,CFS,영업이익(손실),dart_OperatingIncomeLoss,166.4,430.1,영업활동현금흐름,ifrs-full_CashFlowsFromUsedInOperatingActivities,ok,연간 영업이익 YoY 계산 성공,ok,OCF 추출 성공,2026 Q1,3개월,-39.9,-9.3,-328.8,thstrm_amount,frmtrm_q_amount,CFS,fnlttSinglAcntAll,영업이익(손실),dart_OperatingIncomeLoss,ok,3개월 기준 YoY 계산 성공,하락지속,-10,5,현금창출양호,8.53,default,2,86.8,78.8,2.0,0.0,3.84,0.0,0.0,OFF,0.0,0.0,0.054403918999649685,SAFE,20.0,30.0,0.0,0.056657223796034,7,5.0,0.087,10.0,-10.0,18.45,0.76,19.66,0.72,9217.0,354.0,12.0,PYKRX,False,27.0,26.5,WATCH,WATCH,32.4,WATCH,WATCH,-5.4
kosdaq,20260714,20260714_2021,297570,아틀라스링크,반도체·전자부품,1077,45.9,16.9,27.2,-53.0,49.0,-4.7,-9.6,-36.3,-3.9,-15.1,-13.2,0.48,2290,723,5,0,1,0,86223,134584,0.7,0.9,1.5,0.64,0,0,0,0,0,-,43.3,-0.3,0.0,-0.5,0.0,1,0,약세,-8,-7,0,-1,-21.9,-24.2,1496.48,,-1.11,-2212.0,-2212.0,-2212.0,10,10,1.0,48.3,40.3,297570,1309795,0,4,0,0,,[20260709] 최대주주변경               (20260709900615) || [20260608] [기재정정]최대주주변경을수반하는주식양수도계약체결               (20260608900794) || [20260428] 최대주주변경을수반하는주식양수도계약체결               (20260428900634),,,,https://dart.fss.or.kr/dsaf001/main.do?rcpNo=20260709900615 || https://dart.fss.or.kr/dsaf001/main.do?rcpNo=20260608900794 || https://dart.fss.or.kr/dsaf001/main.do?rcpNo=20260428900634,,,,20260709900615 || 20260608900794 || 20260428900634,주의,2025.0,65.4,48.1,36.0,CFS,영업이익,dart_OperatingIncomeLoss,56.3,74.1,영업활동현금흐름,ifrs-full_CashFlowsFromUsedInOperatingActivities,ok,연간 영업이익 YoY 계산 성공,ok,OCF 추출 성공,2026 Q1,3개월,26.8,17.2,55.8,thstrm_amount,frmtrm_q_amount,CFS,fnlttSinglAcntAll,영업이익,dart_OperatingIncomeLoss,ok,3개월 기준 YoY 계산 성공,성장지속,10,5,현금창출양호,0.86,default,0,63.3,55.3,0.0,0.0,10.68,1.0,0.0,OFF,0.0,0.0,0.04479075934177328,SAFE,12.0,0.0,0.0,0.48958333333333337,0,-10.0,-0.2,23.0,11.0,10.825,0.8,7.53,0.0,1339.0,143.0,6.0,PYKRX,False,26.9,17.3,WATCH,WATCH,30.8,WATCH,WATCH,-3.9
kosdaq,20260714,20260714_2021,124560,태웅로직스,운수·물류,1824,47.1,30.1,29.8,-51.7,2.8,-2.9,-15.2,-34.2,-3.3,-12.0,-30.1,1.06,3780,1775,5,0,0,1,54263,64276,1.3,1.0,1.2,0.84,4,0,0,0,1,거래량동반양봉,40.3,0.2,0.0,1.2,-0.3,1,8,약세,-8,-7,0,-1,-21.9,-24.2,1496.48,,-1.11,-2212.0,-2212.0,-2212.0,10,10,1.0,57.3,49.3,124560,562245,0,1,0,0,,[20260422] 주요사항보고서(전환사채권발행결정) (20260422000229),,,,https://dart.fss.or.kr/dsaf001/main.do?rcpNo=20260422000229,,,,20260422000229,주의,2025.0,22.5,408.2,-94.5,CFS,영업이익(손실),dart_OperatingIncomeLoss,302.6,318.9,영업활동현금흐름,ifrs-full_CashFlowsFromUsedInOperatingActivities,ok,연간 영업이익 YoY 계산 성공,ok,OCF 추출 성공,2026 Q1,3개월,5.5,81.3,-93.3,thstrm_amount,frmtrm_q_amount,CFS,fnlttSinglAcntAll,영업이익(손실),dart_OperatingIncomeLoss,ok,3개월 기준 YoY 계산 성공,하락지속,-10,5,현금창출양호,13.45,default,4,56.3,48.3,5.0,0.0,0.0,0.0,0.0,OFF,0.0,0.0,0.031464260680963994,SAFE,12.0,0.0,0.0,0.19078947368421054,7,10.0,0.167,10.0,-10.0,10.075,0.3,0.0,7.13,6137.0,0.0,10.0,PYKRX,False,26.7,30.0,WATCH,WATCH,27.1,WATCH,WATCH,-0.4
kosdaq,20260714,20260714_2021,049480,오픈베이스,IT서비스,1812,45.8,11.9,24.1,-56.8,4.4,-0.9,-14.7,-18.7,-6.1,-22.1,-24.3,0.56,4195,1736,5,1,0,0,3907301,1084193,11.6,79.3,21.9,3.6,0,0,0,0,0,-,48.5,-23.1,0.0,-23.5,-0.1,1,0,약세,-8,-7,0,-1,-21.9,-24.2,1496.48,,-1.11,-2212.0,-2212.0,-2212.0,10,10,1.0,53.5,45.5,049480,335076,0,0,0,0,,,,,,,,,,,안전,2025.0,79.2,66.6,18.9,CFS,영업이익(손실),dart_OperatingIncomeLoss,-12.0,136.0,영업활동현금흐름,ifrs-full_CashFlowsFromUsedInOperatingActivities,ok,연간 영업이익 YoY 계산 성공,ok,OCF 추출 성공,2026 Q1,3개월,3.1,-17.9,117.3,thstrm_amount,frmtrm_q_amount,CFS,fnlttSinglAcntAll,영업이익(손실),dart_OperatingIncomeLoss,ok,3개월 기준 YoY 계산 성공,성장지속,10,-10,밸류트랩의심,-0.15,default,2,55.5,47.5,0.0,0.0,8.47,1.0,0.0,OFF,0.0,0.0,0.04832712250405501,SAFE,18.0,1.0,0.0,0.06122448979591837,3,-10.0,-1.055,-7.0,5.5,12.125,0.58,6.81,1.38,3142.0,266.0,12.0,PYKRX,False,26.6,-4.1,WATCH,WATCH,5.6,WATCH,WATCH,21.0
kosdaq,20260714,20260714_2021,059090,미코,반도체·전자부품,15270,36.7,14.1,17.4,-47.8,23.1,-2.4,-30.7,6.0,-14.5,-25.0,-7.0,0.57,29250,12400,10,0,1,1,242699,394418,34.2,38.2,73.4,0.62,0,0,0,0,0,-,71.1,27.7,-2.0,-6.5,53.5,1,8,약세,-8,-7,0,-1,-21.9,-24.2,1496.48,,-1.11,-2212.0,-2212.0,-2212.0,10,10,1.0,89.1,81.1,059090,366942,0,1,0,0,,[20260623] 최대주주변경을수반하는주식담보제공계약체결               (20260623900776),,,,https://dart.fss.or.kr/dsaf001/main.do?rcpNo=20260623900776,,,,20260623900776,주의,2025.0,1010.0,946.3,6.7,CFS,영업이익,dart_OperatingIncomeLoss,248.3,1204.6,영업활동 현금흐름,ifrs-full_CashFlowsFromUsedInOperatingActivities,ok,연간 영업이익 YoY 계산 성공,ok,OCF 추출 성공,2026 Q1,3개월,188.7,353.0,-46.5,thstrm_amount,frmtrm_q_amount,CFS,fnlttSinglAcntAll,영업이익,dart_OperatingIncomeLoss,ok,3개월 기준 YoY 계산 성공,관망,0,-3,현금창출약함,0.25,default,2,88.1,80.1,5.0,0.0,25.62,0.0,0.0,OFF,0.0,0.0,0.05356680350213187,SAFE,12.0,7.0,0.0,0.0781758957654723,3,15.0,0.35,5.0,0.0,17.775,4.17,16.3,0.0,3658.0,937.0,0.0,PYKRX,False,26.5,33.3,WATCH,WATCH,30.8,WATCH,WATCH,-4.3
kosdaq,20260714,20260714_2021,177830,파버나인,반도체·전자부품,2360,33.8,37.5,13.9,-31.0,4.9,-2.5,-9.2,-15.6,-3.7,-7.1,-15.2,0.22,3420,2250,0,0,0,0,15525,15363,0.1,0.4,0.4,1.01,0,0,0,0,0,-,55.7,0.1,0.0,0.2,0.0,1,3,약세,-8,-7,0,-1,-21.9,-24.2,1496.48,,-1.11,-2212.0,-2212.0,-2212.0,10,10,1.0,58.7,50.7,177830,429694,0,21,0,0,,[20260713] [기재정정]최대주주변경을수반하는주식담보제공계약체결               (20260713900687) || [20260703] [기재정정]최대주주변경을수반하는주식담보제공계약체결               (20260703900600) || [20260602] [기재정정]최대주주변경을수반하는주식담보제공계약체결               (20260602900378),,,,https://dart.fss.or.kr/dsaf001/main.do?rcpNo=20260713900687 || https://dart.fss.or.kr/dsaf001/main.do?rcpNo=20260703900600 || https://dart.fss.or.kr/dsaf001/main.do?rcpNo=20260602900378,,,,20260713900687 || 20260703900600 || 20260602900378,주의,2025.0,25.7,81.3,-68.4,CFS,영업이익(손실),dart_OperatingIncomeLoss,133.6,-7.2,영업활동현금흐름,ifrs-full_CashFlowsFromUsedInOperatingActivities,ok,연간 영업이익 YoY 계산 성공,ok,OCF 추출 성공,2026 Q1,3개월,0.9,10.9,-91.7,thstrm_amount,frmtrm_q_amount,CFS,fnlttSinglAcntAll,영업이익(손실),dart_OperatingIncomeLoss,ok,3개월 기준 YoY 계산 성공,하락지속,-10,5,현금창출양호,5.2,default,0,53.7,45.7,2.0,0.0,0.0,0.0,0.0,OFF,1.0,8.0,0.017759936132902936,SAFE,4.0,1.0,0.0,0.27173913043478265,0,10.0,0.25,10.0,-10.0,13.925,0.37,0.0,3.39,6459.0,0.0,10.0,PYKRX,False,26.5,17.2,WATCH,WATCH,23.9,WATCH,WATCH,2.6
kosdaq,20260714,20260714_2021,084850,아이티엠반도체,반도체·전자부품,8250,36.4,11.0,5.7,-58.0,3.0,-6.5,-24.9,-54.3,-12.2,-32.0,-29.5,1.18,19620,8010,15,1,1,1,77170,53507,5.3,6.8,5.0,1.44,0,0,0,0,0,-,76.2,-0.6,-0.3,-1.0,-0.3,1,0,약세,-8,-7,0,-1,-21.9,-24.2,1496.48,,-1.11,-2212.0,-2212.0,-2212.0,10,10,1.0,91.2,83.2,084850,579980,0,5,0,0,,[20260622] 유상증자결정(종속회사의주요경영사항)               (20260622900546) || [20260327] [기재정정]유상증자결정(종속회사의주요경영사항)               (20260327902838) || [20260324] 유상증자결정(종속회사의주요경영사항)               (20260324901359),,,,https://dart.fss.or.kr/dsaf001/main.do?rcpNo=20260622900546 || https://dart.fss.or.kr/dsaf001/main.do?rcpNo=20260327902838 || https://dart.fss.or.kr/dsaf001/main.do?rcpNo=20260324901359,,,,20260622900546 || 20260327902838 || 20260324901359,주의,2025.0,-70.0,24.0,-391.1,CFS,영업이익(손실),dart_OperatingIncomeLoss,236.9,297.8,영업활동현금흐름,ifrs-full_CashFlowsFromUsedInOperatingActivities,ok,연간 영업이익 YoY 계산 성공,ok,OCF 추출 성공,2026 Q1,3개월,-49.3,-57.5,14.3,thstrm_amount,frmtrm_q_amount,CFS,fnlttSinglAcntAll,영업이익(손실),dart_OperatingIncomeLoss,ok,3개월 기준 YoY 계산 성공,턴어라운드,20,0,회계손실현금유입,,default,2,113.2,105.2,3.0,0.0,0.0,0.0,0.0,OFF,0.0,0.0,0.035761780950952816,SAFE,20.0,31.0,0.0,0.26104417670682734,0,-10.0,-0.18,10.0,12.0,19.05,1.89,0.0,0.0,4375.0,0.0,-5.0,PYKRX,False,26.0,10.1,WATCH,WATCH,16.0,WATCH,WATCH,10.0
kosdaq,20260714,20260714_2021,051980,중앙첨단소재,반도체·전자부품,1019,47.4,49.0,48.7,-76.6,19.2,14.0,-25.8,-29.1,-0.7,-25.3,-53.0,2.17,4355,855,5,0,1,0,1532180,1210817,27.6,15.1,12.5,1.27,10,0,1,1,1,5일선회복/+3%반등/거래량동반양봉,43.2,8.9,0.0,20.5,0.0,1,8,약세,-8,-7,0,-1,-21.9,-24.2,1496.48,,-1.11,-2212.0,-2212.0,-2212.0,10,10,1.0,66.2,58.2,051980,347716,0,12,0,0,,[20260707] [첨부정정]주요사항보고서(전환사채권발행결정) (20260707000315) || [20260622] [첨부정정]주요사항보고서(전환사채권발행결정) (20260622000339) || [20260529] [기재정정]최대주주변경을수반하는주식담보제공계약체결               (20260529901167),,,,https://dart.fss.or.kr/dsaf001/main.do?rcpNo=20260707000315 || https://dart.fss.or.kr/dsaf001/main.do?rcpNo=20260622000339 || https://dart.fss.or.kr/dsaf001/main.do?rcpNo=20260529901167,,,,20260707000315 || 20260622000339 || 20260529901167,주의,2025.0,-45.6,-78.0,41.5,CFS,영업손실,dart_OperatingIncomeLoss,34.5,73.7,영업활동현금흐름,ifrs-full_CashFlowsFromUsedInOperatingActivities,ok,연간 영업이익 YoY 계산 성공,ok,OCF 추출 성공,2026 Q1,3개월,-23.2,-16.3,-42.5,thstrm_amount,frmtrm_q_amount,CFS,fnlttSinglAcntAll,영업손실,dart_OperatingIncomeLoss,ok,3개월 기준 YoY 계산 성공,피크아웃,-15,0,회계손실현금유입,,default,6,57.2,49.2,7.0,0.0,0.0,0.0,0.0,OFF,0.0,0.0,0.03718750541256773,SAFE,11.0,0.0,0.0,-0.5426356589147286,15,15.0,0.712,8.0,-15.0,10.8,1.09,0.0,0.0,936.0,0.0,-5.0,PYKRX,False,25.8,47.1,WATCH,WATCH,18.8,WATCH,WATCH,7.0
kosdaq,20260714,20260714_2021,030530,원익홀딩스,화학,16890,31.6,12.9,21.3,-66.6,202.1,-5.5,-41.4,-39.7,-18.0,-33.7,-42.4,0.79,50600,5590,5,0,1,0,646994,638456,84.0,112.1,133.1,1.01,0,0,0,0,0,-,78.4,47.6,20.9,107.3,43.4,1,15,약세,-8,-7,0,-1,-21.9,-24.2,1496.48,,-1.11,-2212.0,-2212.0,-2212.0,10,10,1.0,98.4,90.4,030530,216647,0,3,0,0,,[20260430] [기재정정]최대주주변경을수반하는주식담보제공계약체결               (20260430900853) || [20260203] [기재정정]최대주주변경을수반하는주식담보제공계약체결               (20260203901098) || [20250829] [기재정정]최대주주변경을수반하는주식담보제공계약체결               (20250829900842),,,,https://dart.fss.or.kr/dsaf001/main.do?rcpNo=20260430900853 || https://dart.fss.or.kr/dsaf001/main.do?rcpNo=20260203901098 || https://dart.fss.or.kr/dsaf001/main.do?rcpNo=20250829900842,,,,20260430900853 || 20260203901098 || 20250829900842,주의,2025.0,-4.2,306.1,-101.4,CFS,영업이익(손실),dart_OperatingIncomeLoss,1180.9,1015.7,영업활동으로 인한 현금흐름,ifrs-full_CashFlowsFromUsedInOperatingActivities,ok,연간 영업이익 YoY 계산 성공,ok,OCF 추출 성공,2026 Q1,3개월,-23.2,102.3,-122.6,thstrm_amount,frmtrm_q_amount,CFS,fnlttSinglAcntAll,영업이익(손실),dart_OperatingIncomeLoss,ok,3개월 기준 YoY 계산 성공,하락지속,-10,0,회계손실현금유입,,default,2,90.4,82.4,4.0,0.0,2.74,0.0,0.0,OFF,0.0,0.0,0.05087467023306914,SAFE,14.0,14.0,0.0,0.13285024154589373,3,15.0,0.515,5.0,-10.0,19.6,1.29,47.05,0.0,13088.0,359.0,0.0,PYKRX,False,25.1,26.9,WATCH,WATCH,22.6,WATCH,WATCH,2.5
kosdaq,20260714,20260714_2021,336570,원텍,의료·정밀·광학,5270,39.7,14.3,9.0,-60.7,3.1,-9.3,-24.8,-26.4,-9.1,-25.0,-32.1,0.97,13410,5110,0,0,0,0,715815,851715,42.5,39.2,49.9,0.84,0,0,0,0,0,-,68.2,19.3,-0.5,3.5,47.3,1,8,약세,-8,-7,0,-1,-21.9,-24.2,1496.48,,-1.11,-2212.0,-2212.0,-2212.0,10,10,1.0,76.2,68.2,336570,1407909,0,2,0,0,,[20260615] 전환사채(해외전환사채포함)발행후만기전사채취득               (20260615900444) || [20260514] 주요사항보고서(전환사채권발행결정) (20260514000557),,,,https://dart.fss.or.kr/dsaf001/main.do?rcpNo=20260615900444 || https://dart.fss.or.kr/dsaf001/main.do?rcpNo=20260514000557,,,,20260615900444 || 20260514000557,주의,2025.0,516.9,347.9,48.6,CFS,영업이익(손실),dart_OperatingIncomeLoss,511.4,149.3,영업활동현금흐름,ifrs-full_CashFlowsFromUsedInOperatingActivities,ok,연간 영업이익 YoY 계산 성공,ok,OCF 추출 성공,2026 Q1,3개월,112.0,145.5,-23.0,thstrm_amount,frmtrm_q_amount,CFS,fnlttSinglAcntAll,영업이익(손실),dart_OperatingIncomeLoss,ok,3개월 기준 YoY 계산 성공,피크아웃,-15,5,현금창출양호,0.99,default,2,68.2,60.2,2.0,0.0,22.47,0.0,0.0,OFF,1.0,8.0,0.047706537538411045,SAFE,20.0,23.0,0.0,0.375,0,15.0,0.377,18.0,-15.0,17.05,3.01,13.41,0.95,1749.0,393.0,0.0,PYKRX,False,24.6,27.0,WATCH,WATCH,25.0,WATCH,WATCH,-0.4
kosdaq,20260714,20260714_2021,232830,아이티센피엔에스,출판·SW,1447,30.9,9.7,17.7,-74.1,3.4,-8.7,-43.9,-49.2,-16.9,-52.7,-45.8,0.31,5590,1400,5,0,1,0,40525,98278,0.4,0.6,1.9,0.41,0,0,0,0,0,-,81.6,-0.2,0.0,-0.8,0.0,1,0,약세,-8,-7,0,-1,-21.9,-24.2,1496.48,,-1.11,-2212.0,-2212.0,-2212.0,10,10,1.0,86.6,78.6,232830,1113499,0,2,0,0,,[20260424] [기재정정]주요사항보고서(전환사채권발행결정) (20260424000592) || [20260423] 주요사항보고서(전환사채권발행결정) (20260422000707),,,,https://dart.fss.or.kr/dsaf001/main.do?rcpNo=20260424000592 || https://dart.fss.or.kr/dsaf001/main.do?rcpNo=20260422000707,,,,20260424000592 || 20260422000707,주의,2025.0,-3.0,-15.7,80.7,CFS,영업이익(손실),dart_OperatingIncomeLoss,114.6,1.9,영업활동현금흐름,ifrs-full_CashFlowsFromUsedInOperatingActivities,ok,연간 영업이익 YoY 계산 성공,ok,OCF 추출 성공,2026 Q1,3개월,-8.4,-11.3,25.9,thstrm_amount,frmtrm_q_amount,CFS,fnlttSinglAcntAll,영업이익(손실),dart_OperatingIncomeLoss,ok,3개월 기준 YoY 계산 성공,성장지속,10,0,회계손실현금유입,,default,2,98.6,90.6,0.0,0.0,0.0,0.0,0.0,OFF,0.0,0.0,0.04926972160839242,SAFE,20.0,31.0,0.0,0.19817767653758542,3,0.0,-0.105,13.0,11.0,20.0,1.5,0.0,0.0,962.0,0.0,-5.0,PYKRX,False,24.1,30.1,WATCH,WATCH,32.0,WATCH,WATCH,-7.9
kosdaq,20260714,20260714_2021,158430,아톤,출판·SW,3635,34.7,13.3,16.2,-69.8,4.0,-8.9,-32.7,-42.9,-14.7,-36.1,-45.2,1.14,12050,3495,0,0,0,0,226288,232116,9.7,8.5,10.0,0.97,0,0,0,0,0,-,76.3,5.6,0.0,20.5,-1.0,1,8,약세,-8,-7,0,-1,-21.9,-24.2,1496.48,,-1.11,-2212.0,-2212.0,-2212.0,10,10,1.0,84.3,76.3,158430,595182,0,1,0,0,,[20251107] 기타경영사항(자율공시)              (자기사채 (제1회차 전환사채) 소각 결정의 건) (20251107900073),,,,https://dart.fss.or.kr/dsaf001/main.do?rcpNo=20251107900073,,,,20251107900073,주의,2025.0,103.6,144.4,-28.3,CFS,영업이익(손실),dart_OperatingIncomeLoss,15.6,141.7,Ⅰ.영업활동으로 인한 현금,ifrs-full_CashFlowsFromUsedInOperatingActivities,ok,연간 영업이익 YoY 계산 성공,ok,OCF 추출 성공,2026 Q1,3개월,4.3,21.0,-79.4,thstrm_amount,frmtrm_q_amount,CFS,fnlttSinglAcntAll,영업이익(손실),dart_OperatingIncomeLoss,ok,3개월 기준 YoY 계산 성공,하락지속,-10,-3,현금창출약함,0.15,default,2,73.3,65.3,2.0,0.0,1.61,0.0,0.0,OFF,0.0,0.0,0.04866661951660712,SAFE,20.0,31.0,0.0,0.27217125382262997,0,15.0,0.56,2.0,-10.0,19.075,0.89,55.08,1.38,4089.0,66.0,6.0,PYKRX,False,23.9,18.3,WATCH,WATCH,22.1,WATCH,WATCH,1.8
kosdaq,20260714,20260714_2021,163730,핑거,출판·SW,8430,22.0,11.0,16.7,-67.1,6.8,-11.3,-41.6,-24.5,-24.4,-44.8,-32.4,1.13,25650,7890,10,0,1,1,85119,88677,8.6,7.5,10.0,0.96,4,0,0,0,1,거래량동반양봉,83.7,0.6,0.0,9.7,0.6,1,8,약세,-8,-7,0,-1,-21.9,-24.2,1496.48,,-1.11,-2212.0,-2212.0,-2212.0,10,10,1.0,105.7,97.7,163730,1142075,0,8,0,0,,[20260630] [기재정정]주요사항보고서(신주인수권부사채권발행결정) (20260630001073) || [20260605] [기재정정]주요사항보고서(유상증자결정) (20260605000113) || [20260521] 최대주주변경               (20260521900719),,,,https://dart.fss.or.kr/dsaf001/main.do?rcpNo=20260630001073 || https://dart.fss.or.kr/dsaf001/main.do?rcpNo=20260605000113 || https://dart.fss.or.kr/dsaf001/main.do?rcpNo=20260521900719,,,,20260630001073 || 20260605000113 || 20260521900719,주의,2025.0,14.7,-4.7,412.0,CFS,영업이익(손실),dart_OperatingIncomeLoss,70.0,10.9,영업활동현금흐름,ifrs-full_CashFlowsFromUsedInOperatingActivities,ok,연간 영업이익 YoY 계산 성공,ok,OCF 추출 성공,2026 Q1,3개월,-3.3,2.0,-262.2,thstrm_amount,frmtrm_q_amount,CFS,fnlttSinglAcntAll,영업이익(손실),dart_OperatingIncomeLoss,ok,3개월 기준 YoY 계산 성공,피크아웃,-15,5,현금창출양호,4.76,default,2,97.7,89.7,5.0,0.0,0.65,0.0,0.0,OFF,0.0,0.0,0.04993410476164376,SAFE,20.0,32.0,0.0,0.2716346153846154,4,5.0,0.06,18.0,-15.0,20.0,1.7,263.44,1.19,4960.0,32.0,0.0,PYKRX,False,23.7,23.9,WATCH,WATCH,22.0,WATCH,WATCH,1.7
kosdaq,20260714,20260714_2021,311390,네오크레마,식료품,2400,43.3,34.8,24.1,-78.4,9.1,-9.8,-22.8,-43.7,-8.6,-25.6,-54.5,0.38,11120,2200,0,0,0,0,25752,55799,0.5,0.7,1.6,0.46,0,0,0,0,0,-,51.8,0.6,0.0,2.0,0.0,1,8,약세,-8,-7,0,-1,-21.9,-24.2,1496.48,,-1.11,-2212.0,-2212.0,-2212.0,10,10,1.0,59.8,51.8,311390,1219155,0,2,0,0,,[20260407] [기재정정]최대주주변경을수반하는주식담보제공계약체결               (20260407900904) || [20251024] 최대주주변경을수반하는주식담보제공계약체결               (20251024900627),,,,https://dart.fss.or.kr/dsaf001/main.do?rcpNo=20260407900904 || https://dart.fss.or.kr/dsaf001/main.do?rcpNo=20251024900627,,,,20260407900904 || 20251024900627,주의,2025.0,54.1,-6.9,883.0,CFS,영업이익(손실),dart_OperatingIncomeLoss,156.7,10.9,영업활동현금흐름,ifrs-full_CashFlowsFromUsedInOperatingActivities,ok,연간 영업이익 YoY 계산 성공,ok,OCF 추출 성공,2026 Q1,3개월,6.7,27.7,-75.9,thstrm_amount,frmtrm_q_amount,CFS,fnlttSinglAcntAll,영업이익(손실),dart_OperatingIncomeLoss,ok,3개월 기준 YoY 계산 성공,피크아웃,-15,5,현금창출양호,2.9,default,0,49.8,41.8,2.0,0.0,4.05,0.0,0.0,OFF,0.0,0.0,0.041013974423486275,SAFE,19.0,1.0,0.0,0.4298245614035088,0,15.0,0.375,18.0,-15.0,12.95,0.41,10.13,2.08,5846.0,237.0,9.0,PYKRX,False,22.9,25.8,WATCH,WATCH,30.0,WATCH,WATCH,-7.1
kosdaq,20260714,20260714_2021,241520,DSC인베스트먼트,금융(은행),7620,34.2,13.2,12.0,-61.3,29.2,-11.2,-35.3,-46.1,-16.5,-35.2,-27.1,1.0,19700,5900,0,0,0,0,269247,318366,24.3,21.6,29.5,0.85,0,0,0,0,0,-,78.1,15.7,-0.3,96.6,-0.6,1,8,약세,-8,-7,0,-1,-21.9,-24.2,1496.48,,-1.11,-2212.0,-2212.0,-2212.0,10,10,1.0,86.1,78.1,241520,1109715,0,0,0,0,,,,,,,,,,,안전,2025.0,223.4,149.5,49.4,CFS,영업이익(손실),dart_OperatingIncomeLoss,-116.7,-46.0,영업활동현금흐름,ifrs-full_CashFlowsFromUsedInOperatingActivities,ok,연간 영업이익 YoY 계산 성공,ok,OCF 추출 성공,2026 Q1,3개월,45.9,-3.6,1359.5,thstrm_amount,frmtrm_q_amount,CFS,fnlttSinglAcntAll,영업이익(손실),dart_OperatingIncomeLoss,ok,3개월 기준 YoY 계산 성공,성장지속,10,-10,밸류트랩의심,-0.52,default,2,88.1,80.1,2.0,0.0,13.73,0.0,0.0,OFF,0.0,0.0,0.046248566165744985,SAFE,20.0,33.0,0.0,0.31728045325779036,0,15.0,0.522,-7.0,5.5,19.525,1.56,11.39,0.52,4874.0,669.0,0.0,PYKRX,False,22.8,22.1,WATCH,WATCH,23.0,WATCH,WATCH,-0.2
kosdaq,20260714,20260714_2021,026150,특수건설,건설,3750,46.6,10.7,14.2,-52.2,6.2,-14.7,-16.5,-44.8,-10.8,-21.9,-36.5,0.23,7840,3530,0,0,0,0,77544,230012,2.1,3.1,10.4,0.34,0,0,0,0,0,-,52.5,0.5,0.0,-1.4,-0.8,1,8,약세,-8,-7,0,-1,-21.9,-24.2,1496.48,,-1.11,-2212.0,-2212.0,-2212.0,10,10,1.0,60.5,52.5,026150,186939,0,1,0,0,,[20260601] 전환사채(해외전환사채포함)발행후만기전사채취득               (20260601900659),,,,https://dart.fss.or.kr/dsaf001/main.do?rcpNo=20260601900659,,,,20260601900659,주의,2025.0,-316.5,87.5,-461.6,CFS,영업이익(손실),dart_OperatingIncomeLoss,193.1,-57.4,영업활동현금흐름,ifrs-full_CashFlowsFromUsedInOperatingActivities,ok,연간 영업이익 YoY 계산 성공,ok,OCF 추출 성공,2026 Q1,3개월,25.9,6.5,296.9,thstrm_amount,frmtrm_q_amount,CFS,fnlttSinglAcntAll,영업이익(손실),dart_OperatingIncomeLoss,ok,3개월 기준 YoY 계산 성공,턴어라운드,20,0,회계손실현금유입,,default,-3,77.5,69.5,2.0,0.0,0.0,0.0,0.0,OFF,0.0,0.0,0.050591264604411934,SAFE,12.0,1.0,0.0,0.8909090909090909,0,0.0,0.048,10.0,17.0,13.125,0.76,0.0,0.77,4922.0,0.0,1.0,PYKRX,False,22.0,23.8,WATCH,WATCH,31.1,WATCH,WATCH,-9.1
kosdaq,20260714,20260714_2021,356890,싸이버원,출판·SW,2060,46.3,39.5,21.4,-62.0,10.1,-4.4,-21.1,-39.4,-7.4,-26.0,-42.5,0.62,5420,1871,0,0,0,0,26863,42232,0.5,0.6,0.9,0.64,0,0,0,0,0,-,47.5,0.4,0.0,3.3,0.0,1,8,약세,-8,-7,0,-1,-21.9,-24.2,1496.48,,-1.11,-2212.0,-2212.0,-2212.0,10,10,1.0,55.5,47.5,356890,1293953,0,0,0,0,,,,,,,,,,,안전,2025.0,4.1,113.3,-96.3,CFS,영업이익,dart_OperatingIncomeLoss,-16.8,151.2,Ⅰ. 영업활동으로 인한 현금흐름,ifrs-full_CashFlowsFromUsedInOperatingActivities,ok,연간 영업이익 YoY 계산 성공,ok,OCF 추출 성공,2026 Q1,3개월,-2.0,-5.5,63.2,thstrm_amount,frmtrm_q_amount,CFS,fnlttSinglAcntAll,영업이익,dart_OperatingIncomeLoss,ok,3개월 기준 YoY 계산 성공,턴어라운드,20,-10,밸류트랩의심,-4.1,default,2,67.5,59.5,2.0,0.0,0.0,0.0,0.0,OFF,0.0,0.0,0.04347272343896817,SAFE,18.0,0.0,0.0,0.2085308056872038,3,15.0,0.444,-10.0,8.5,11.875,0.62,0.0,1.7,3342.0,0.0,7.0,PYKRX,False,21.5,25.5,WATCH,WATCH,25.4,WATCH,WATCH,-3.9
kosdaq,20260714,20260714_2021,282720,금양그린파워,건설,6570,43.1,5.9,12.1,-67.5,2.7,-8.8,-20.9,-57.6,-12.5,-31.3,-44.7,0.25,20200,6400,5,0,1,0,43413,179180,2.6,2.9,14.2,0.24,0,0,0,0,0,-,61.0,-1.4,0.0,-16.8,3.7,1,0,약세,-8,-7,0,-1,-21.9,-24.2,1496.48,,-1.11,-2212.0,-2212.0,-2212.0,10,10,1.0,66.0,58.0,282720,872656,0,3,0,0,,[20260421] 주요사항보고서(전환사채권발행결정) (20260421000466) || [20260330] [기재정정]최대주주변경을수반하는주식담보제공계약체결               (20260330902197) || [20250930] 최대주주변경을수반하는주식담보제공계약체결               (20250930900772),,,,https://dart.fss.or.kr/dsaf001/main.do?rcpNo=20260421000466 || https://dart.fss.or.kr/dsaf001/main.do?rcpNo=20260330902197 || https://dart.fss.or.kr/dsaf001/main.do?rcpNo=20250930900772,,,,20260421000466 || 20260330902197 || 20250930900772,주의,2025.0,4.3,-171.3,102.5,CFS,영업이익(손실),dart_OperatingIncomeLoss,150.8,81.5,영업활동으로 인한 현금흐름,ifrs-full_CashFlowsFromUsedInOperatingActivities,ok,연간 영업이익 YoY 계산 성공,ok,OCF 추출 성공,2026 Q1,3개월,-80.2,-84.6,5.2,thstrm_amount,frmtrm_q_amount,CFS,fnlttSinglAcntAll,영업이익(손실),dart_OperatingIncomeLoss,ok,3개월 기준 YoY 계산 성공,성장지속,10,5,현금창출양호,35.07,default,0,81.0,73.0,0.0,0.0,0.03,0.0,0.0,OFF,0.0,0.0,0.06524287530586861,SAFE,17.0,7.0,0.0,0.42105263157894746,0,0.0,-0.099,15.0,6.0,15.25,0.83,3285.0,0.0,7927.0,2.0,6.0,PYKRX,False,21.4,20.8,WATCH,WATCH,32.2,WATCH,WATCH,-10.8
kosdaq,20260714,20260714_2021,437730,삼현,자동차·부품,30050,35.1,13.3,19.0,-60.9,173.2,-9.5,-45.9,-37.2,-18.2,-35.1,-34.6,0.59,76900,11000,0,0,0,0,140671,137423,24.0,45.8,51.6,1.02,0,0,0,0,0,-,73.9,-1.9,35.5,3.1,70.2,1,8,약세,-8,-7,0,-1,-21.9,-24.2,1496.48,,-1.11,-2212.0,-2212.0,-2212.0,10,10,1.0,81.9,73.9,437730,262266,0,2,0,0,,[20251022] [기재정정]주요사항보고서(전환사채권발행결정) (20251022000306) || [20251021] 주요사항보고서(전환사채권발행결정) (20251021000205),,,,https://dart.fss.or.kr/dsaf001/main.do?rcpNo=20251022000306 || https://dart.fss.or.kr/dsaf001/main.do?rcpNo=20251021000205,,,,20251022000306 || 20251021000205,주의,2025.0,8.1,55.2,-85.4,CFS,영업이익(손실),dart_OperatingIncomeLoss,1.0,69.2,영업활동현금흐름,ifrs-full_CashFlowsFromUsedInOperatingActivities,ok,연간 영업이익 YoY 계산 성공,ok,OCF 추출 성공,2026 Q1,3개월,-24.9,19.0,-231.2,thstrm_amount,frmtrm_q_amount,CFS,fnlttSinglAcntAll,영업이익(손실),dart_OperatingIncomeLoss,ok,3개월 기준 YoY 계산 성공,하락지속,-10,-3,현금창출약함,0.12,default,2,70.9,62.9,2.0,0.0,7.37,0.0,0.0,OFF,0.0,0.0,0.06612058169360853,SAFE,18.0,18.0,0.0,0.20697167755991286,3,15.0,0.651,2.0,-10.0,18.475,7.21,97.88,0.17,4168.0,307.0,0.0,PYKRX,False,21.2,24.1,WATCH,WATCH,18.5,WATCH,WATCH,2.7
kosdaq,20260714,20260714_2021,140670,알에스오토메이션,반도체·전자부품,8540,30.5,11.7,11.7,-70.3,4.8,-9.3,-31.7,-45.5,-16.8,-33.7,-45.7,0.86,28800,8150,5,0,1,0,62655,83132,5.9,5.6,8.7,0.75,0,0,0,0,0,-,84.1,2.1,-0.1,6.6,1.2,1,8,약세,-8,-7,0,-1,-21.9,-24.2,1496.48,,-1.11,-2212.0,-2212.0,-2212.0,10,10,1.0,97.1,89.1,140670,858124,0,7,0,0,,[20251208] 유상증자또는주식관련사채등의청약결과(자율공시)               (20251208900097) || [20251202] [기재정정]주요사항보고서(유상증자결정) (20251202000060) || [20251202] 유상증자최종발행가액확정               (20251202900112),,,,https://dart.fss.or.kr/dsaf001/main.do?rcpNo=20251208900097 || https://dart.fss.or.kr/dsaf001/main.do?rcpNo=20251202000060 || https://dart.fss.or.kr/dsaf001/main.do?rcpNo=20251202900112,,,,20251208900097 || 20251202000060 || 20251202900112,주의,2025.0,-35.6,-37.1,4.1,CFS,영업이익(손실),dart_OperatingIncomeLoss,19.8,-19.2,영업활동현금흐름,ifrs-full_CashFlowsFromUsedInOperatingActivities,ok,연간 영업이익 YoY 계산 성공,ok,OCF 추출 성공,2026 Q1,3개월,-11.2,-11.1,-1.3,thstrm_amount,frmtrm_q_amount,CFS,fnlttSinglAcntAll,영업이익(손실),dart_OperatingIncomeLoss,ok,3개월 기준 YoY 계산 성공,관망,0,0,회계손실현금유입,,default,2,99.1,91.1,2.0,0.0,0.0,0.0,0.0,OFF,0.0,0.0,0.04508272823919732,SAFE,20.0,32.0,0.0,0.29337539432176657,0,10.0,0.23,8.0,0.0,20.0,1.87,0.0,0.0,4565.0,0.0,-5.0,PYKRX,False,21.0,24.4,WATCH,WATCH,23.0,WATCH,WATCH,-2.0
kosdaq,20260714,20260714_2021,241690,유니테크노,자동차·부품,2525,41.8,31.3,17.4,-49.3,5.4,-3.6,-13.2,-32.3,-6.0,-17.9,-27.1,1.19,4980,2395,0,0,0,0,60853,61148,1.9,1.5,1.6,1.0,0,0,0,0,0,-,52.6,0.3,-1.0,-1.1,0.0,1,8,약세,-8,-7,0,-1,-21.9,-24.2,1496.48,,-1.11,-2212.0,-2212.0,-2212.0,10,10,1.0,60.6,52.6,241690,531865,0,1,0,0,,[20260204] 전환사채(해외전환사채포함)발행후만기전사채취득               (20260204900902),,,,https://dart.fss.or.kr/dsaf001/main.do?rcpNo=20260204900902,,,,20260204900902,주의,2025.0,20.5,81.2,-74.7,CFS,영업이익(손실),dart_OperatingIncomeLoss,2.4,128.5,영업활동현금흐름,ifrs-full_CashFlowsFromUsedInOperatingActivities,ok,연간 영업이익 YoY 계산 성공,ok,OCF 추출 성공,2026 Q1,3개월,14.7,10.8,36.0,thstrm_amount,frmtrm_q_amount,CFS,fnlttSinglAcntAll,영업이익(손실),dart_OperatingIncomeLoss,ok,3개월 기준 YoY 계산 성공,턴어라운드,20,-3,현금창출약함,0.12,default,2,79.6,71.6,2.0,0.0,0.0,0.0,0.0,OFF,0.0,0.0,0.0281967529693539,SAFE,16.0,0.0,0.0,0.27272727272727276,0,-10.0,-0.437,7.0,17.0,13.15,0.45,0.0,0.67,5612.0,0.0,1.0,PYKRX,False,20.5,9.4,WATCH,WATCH,18.2,WATCH,WATCH,2.3
kosdaq,20260714,20260714_2021,336680,탑런토탈솔루션,반도체·전자부품,2415,32.9,13.0,0.3,-54.3,2.5,-10.6,-20.2,-37.4,-11.2,-22.8,-37.3,2.55,5280,2355,5,1,0,0,33526,23100,1.5,0.8,0.6,1.45,0,0,0,0,0,-,87.6,0.5,0.0,1.2,0.0,1,8,약세,-8,-7,0,-1,-21.9,-24.2,1496.48,,-1.11,-2212.0,-2212.0,-2212.0,10,10,1.0,100.6,92.6,336680,814582,0,6,0,0,,[20260211] [기재정정]주요사항보고서(전환사채권발행결정) (20260211000622) || [20260210] 주요사항보고서(전환사채권발행결정) (20260210000604) || [20260210] 주요사항보고서(유상증자결정) (20260210000592),,,,https://dart.fss.or.kr/dsaf001/main.do?rcpNo=20260211000622 || https://dart.fss.or.kr/dsaf001/main.do?rcpNo=20260210000604 || https://dart.fss.or.kr/dsaf001/main.do?rcpNo=20260210000592,,,,20260211000622 || 20260210000604 || 20260210000592,주의,2025.0,89.0,260.4,-65.8,CFS,영업이익,dart_OperatingIncomeLoss,-91.1,347.8,영업활동 현금흐름,ifrs-full_CashFlowsFromUsedInOperatingActivities,ok,연간 영업이익 YoY 계산 성공,ok,OCF 추출 성공,2026 Q1,3개월,-48.5,16.0,-403.0,thstrm_amount,frmtrm_q_amount,CFS,fnlttSinglAcntAll,영업이익(손실),dart_OperatingIncomeLoss,ok,3개월 기준 YoY 계산 성공,하락지속,-10,-10,밸류트랩의심,-1.02,default,-2,78.6,70.6,4.0,0.0,3.63,0.0,0.0,OFF,0.0,0.0,0.024728807848864675,SAFE,20.0,33.0,0.0,0.5247524752475248,0,15.0,0.833,-15.0,-5.0,20.0,0.52,14.29,3.11,4656.0,169.0,15.0,PYKRX,False,20.2,8.5,WATCH,WATCH,10.0,WATCH,WATCH,10.2
kosdaq,20260714,20260714_2021,041930,SY동아,고무·플라스틱,4470,40.3,24.0,29.0,-48.3,2.9,-0.3,-17.8,-28.3,-5.5,-20.7,-28.6,0.64,8640,4345,5,0,1,0,34462,42512,1.2,1.5,2.0,0.81,0,0,0,0,0,-,52.7,-0.5,0.0,-1.7,-0.4,1,0,약세,-8,-7,0,-1,-21.9,-24.2,1496.48,,-1.11,-2212.0,-2212.0,-2212.0,10,10,1.0,57.7,49.7,041930,199988,0,7,0,0,,[20260504] 최대주주변경을수반하는주식담보제공계약체결               (20260504900591) || [20251216] 최대주주변경               (20251216901831) || [20251028] [기재정정]최대주주변경을수반하는주식양수도계약체결               (20251028900625),,,,https://dart.fss.or.kr/dsaf001/main.do?rcpNo=20260504900591 || https://dart.fss.or.kr/dsaf001/main.do?rcpNo=20251216901831 || https://dart.fss.or.kr/dsaf001/main.do?rcpNo=20251028900625,,,,20260504900591 || 20251216901831 || 20251028900625,주의,2025.0,171.8,183.9,-6.6,CFS,영업이익(손실),dart_OperatingIncomeLoss,262.6,130.6,영업활동현금흐름,ifrs-full_CashFlowsFromUsedInOperatingActivities,ok,연간 영업이익 YoY 계산 성공,ok,OCF 추출 성공,2026 Q1,3개월,44.5,59.2,-24.9,thstrm_amount,frmtrm_q_amount,CFS,fnlttSinglAcntAll,영업이익(손실),dart_OperatingIncomeLoss,ok,3개월 기준 YoY 계산 성공,하락지속,-10,5,현금창출양호,1.53,default,2,54.7,46.7,0.0,0.0,14.74,1.0,0.0,OFF,0.0,0.0,0.02831896366333318,SAFE,20.0,27.0,0.0,0.016853932584269662,3,-10.0,-0.25,15.0,-10.0,13.175,0.35,2.37,6.71,12809.0,1888.0,20.0,PYKRX,False,20.2,3.0,WATCH,WATCH,21.2,WATCH,WATCH,-1.0
kosdaq,20260714,20260714_2021,425040,티이엠씨,화학,9330,25.9,10.4,25.3,-69.2,42.0,-2.6,-48.8,-31.0,-21.8,-46.4,-19.3,0.52,30300,6570,5,0,1,0,381582,543165,26.1,36.2,69.7,0.7,0,0,0,0,0,-,79.8,-3.5,1.9,102.7,9.0,1,8,약세,-8,-7,0,-1,-21.9,-24.2,1496.48,,-1.11,-2212.0,-2212.0,-2212.0,10,10,1.0,92.8,84.8,425040,1301252,0,1,0,0,,[20251016] 전환사채(해외전환사채포함)발행후만기전사채취득              (제1회차) (20251016900296),,,,https://dart.fss.or.kr/dsaf001/main.do?rcpNo=20251016900296,,,,20251016900296,주의,2025.0,248.4,197.0,26.1,CFS,영업이익(손실),dart_OperatingIncomeLoss,215.8,399.4,영업활동현금흐름,ifrs-full_CashFlowsFromUsedInOperatingActivities,ok,연간 영업이익 YoY 계산 성공,ok,OCF 추출 성공,2026 Q1,3개월,1.4,67.5,-97.9,thstrm_amount,frmtrm_q_amount,CFS,fnlttSinglAcntAll,영업이익(손실),dart_OperatingIncomeLoss,ok,3개월 기준 YoY 계산 성공,피크아웃,-15,5,현금창출양호,0.87,default,2,84.8,76.8,2.0,0.0,8.04,1.0,0.0,OFF,0.0,0.0,0.06771594610487738,SAFE,19.0,16.0,0.0,0.05327868852459017,3,0.0,-0.023,18.0,-15.0,19.95,0.99,12.29,1.61,9438.0,759.0,6.0,PYKRX,False,19.1,15.9,WATCH,WATCH,22.0,WATCH,WATCH,-2.9
kosdaq,20260714,20260714_2021,117670,알파칩스,반도체·전자부품,8280,34.5,13.5,16.6,-61.1,35.7,-8.0,-36.0,-47.2,-15.1,-38.1,-33.6,0.89,21300,6100,0,0,0,0,16083,29003,2.2,1.4,3.0,0.55,0,0,0,0,0,-,75.7,-0.5,0.0,-1.3,0.1,1,0,약세,-8,-7,0,-1,-21.9,-24.2,1496.48,,-1.11,-2212.0,-2212.0,-2212.0,10,10,1.0,75.7,67.7,117670,605124,0,3,0,0,,[20251023] 주요사항보고서(유상증자결정) (20251023000164) || [20250813] 최대주주변경을수반하는주식담보제공계약해제ㆍ취소등               (20250813900810) || [20250716] [기재정정]최대주주변경을수반하는주식담보제공계약체결               (20250716900390),,,,https://dart.fss.or.kr/dsaf001/main.do?rcpNo=20251023000164 || https://dart.fss.or.kr/dsaf001/main.do?rcpNo=20250813900810 || https://dart.fss.or.kr/dsaf001/main.do?rcpNo=20250716900390,,,,20251023000164 || 20250813900810 || 20250716900390,주의,2025.0,-20.4,-14.1,-44.5,OFS,영업이익(손실),dart_OperatingIncomeLoss,27.9,6.6,영업활동현금흐름,ifrs-full_CashFlowsFromUsedInOperatingActivities,ok,연간 영업이익 YoY 계산 성공,ok,OCF 추출 성공,2026 Q1,3개월,-4.7,-13.7,65.6,thstrm_amount,frmtrm_q_amount,OFS,fnlttSinglAcntAll,영업이익(손실),dart_OperatingIncomeLoss,ok,3개월 기준 YoY 계산 성공,턴어라운드,20,0,회계손실현금유입,,default,4,99.7,91.7,0.0,0.0,0.0,0.0,0.0,OFF,0.0,0.0,0.0462224272606993,SAFE,20.0,21.0,0.0,0.2222222222222222,3,-10.0,-0.167,10.0,17.0,18.925,1.3,0.0,0.0,6356.0,0.0,-5.0,PYKRX,False,18.5,19.6,WATCH,WATCH,23.9,WATCH,WATCH,-5.4
kosdaq,20260714,20260714_2021,064480,브리지텍,출판·SW,2815,40.8,59.6,38.9,-64.0,10.4,-2.4,-10.6,-36.6,-1.7,-15.7,-37.4,1.35,7830,2550,0,0,0,0,55551,56397,2.2,1.6,1.6,0.98,7,0,1,0,1,5일선회복/거래량동반양봉,45.3,-0.5,0.0,-1.3,0.0,1,0,약세,-8,-7,0,-1,-21.9,-24.2,1496.48,,-1.11,-2212.0,-2212.0,-2212.0,10,10,1.0,52.3,44.3,064480,359076,0,0,0,0,,,,,,,,,,,안전,2025.0,3.1,-32.5,109.5,OFS,영업이익(손실),dart_OperatingIncomeLoss,-39.3,-56.5,영업활동현금흐름,ifrs-full_CashFlowsFromUsedInOperatingActivities,ok,연간 영업이익 YoY 계산 성공,ok,OCF 추출 성공,2026 Q1,3개월,3.5,-8.8,139.4,thstrm_amount,frmtrm_q_amount,OFS,fnlttSinglAcntAll,영업이익(손실),dart_OperatingIncomeLoss,ok,3개월 기준 YoY 계산 성공,성장지속,10,-10,밸류트랩의심,-12.68,default,2,54.3,46.3,3.0,0.0,1.09,0.0,0.0,OFF,0.0,0.0,0.034281757143002606,SAFE,19.0,0.0,0.0,0.22641509433962265,11,-10.0,-0.312,-7.0,5.5,11.325,0.7,63.98,4.26,4027.0,44.0,15.0,PYKRX,False,17.8,11.6,WATCH,WATCH,15.8,WATCH,WATCH,2.0
kosdaq,20260714,20260714_2021,123860,아나패스,반도체·전자부품,13100,29.4,9.6,3.9,-42.8,2.2,-8.2,-19.3,-26.3,-12.9,-21.0,-23.6,0.85,22900,12820,0,0,0,0,32127,39485,4.4,4.4,6.0,0.81,0,0,0,0,0,-,80.2,-3.3,0.0,-24.4,0.0,1,0,약세,-8,-7,0,-1,-21.9,-24.2,1496.48,,-1.11,-2212.0,-2212.0,-2212.0,10,10,1.0,80.2,72.2,123860,761952,0,12,0,0,,[20260630] [기재정정]최대주주변경을수반하는주식담보제공계약체결               (20260630900474) || [20260629] [기재정정]최대주주변경을수반하는주식담보제공계약체결               (20260629900525) || [20260612] 주요사항보고서(전환사채권발행결정) (20260612000335),,,,https://dart.fss.or.kr/dsaf001/main.do?rcpNo=20260630900474 || https://dart.fss.or.kr/dsaf001/main.do?rcpNo=20260629900525 || https://dart.fss.or.kr/dsaf001/main.do?rcpNo=20260612000335,,,,20260630900474 || 20260629900525 || 20260612000335,주의,2025.0,201.5,200.4,0.5,OFS,영업이익(손실),dart_OperatingIncomeLoss,288.8,381.5,영업활동현금흐름,ifrs-full_CashFlowsFromUsedInOperatingActivities,ok,연간 영업이익 YoY 계산 성공,ok,OCF 추출 성공,2026 Q1,3개월,4.8,35.7,-86.5,thstrm_amount,frmtrm_q_amount,OFS,fnlttSinglAcntAll,영업이익(손실),dart_OperatingIncomeLoss,ok,3개월 기준 YoY 계산 성공,관망,0,5,현금창출양호,1.43,default,2,87.2,79.2,0.0,0.0,3.6,0.0,0.0,OFF,0.0,0.0,0.038679220037732276,SAFE,13.0,7.0,0.0,0.4248704663212435,0,-10.0,-0.55,18.0,0.0,20.0,2.11,58.48,1.91,6221.0,224.0,0.0,PYKRX,False,17.1,8.4,WATCH,WATCH,18.0,WATCH,WATCH,-0.9
kosdaq,20260714,20260714_2021,039200,오스코텍,제약·바이오,28000,22.5,6.2,-0.4,-57.6,2.6,-15.5,-28.7,-47.2,-20.1,-30.3,-40.8,0.97,66000,27300,0,0,0,0,207702,225026,61.8,62.8,79.9,0.92,0,0,0,0,0,-,89.3,41.0,-0.4,114.5,48.5,1,8,약세,-8,-7,0,-1,-21.9,-24.2,1496.48,,-1.11,-2212.0,-2212.0,-2212.0,10,10,1.0,97.3,89.3,039200,263654,0,1,0,0,,[20260205] 최대주주변경               (20260205901059),,,,https://dart.fss.or.kr/dsaf001/main.do?rcpNo=20260205901059,,,,20260205901059,주의,2025.0,520.8,-27.3,2005.0,CFS,영업이익(손실),dart_OperatingIncomeLoss,83.0,-260.3,영업활동현금흐름,ifrs-full_CashFlowsFromUsedInOperatingActivities,ok,연간 영업이익 YoY 계산 성공,ok,OCF 추출 성공,2026 Q1,3개월,-99.9,-83.2,-20.0,thstrm_amount,frmtrm_q_amount,CFS,fnlttSinglAcntAll,영업이익(손실),dart_OperatingIncomeLoss,ok,3개월 기준 YoY 계산 성공,피크아웃,-15,-3,현금창출약함,0.16,default,-1,78.3,70.3,2.0,0.0,28.87,0.0,0.0,OFF,0.0,0.0,0.04288244554735794,SAFE,17.0,9.0,0.0,0.5400696864111498,0,15.0,0.508,5.0,-15.0,20.0,5.91,20.47,0.0,4739.0,1368.0,0.0,PYKRX,False,16.0,17.5,WATCH,WATCH,15.0,WATCH,WATCH,1.0
kosdaq,20260714,20260714_2021,161580,필옵틱스,기계·장비,27800,25.6,9.9,11.8,-57.2,4.7,-12.7,-37.9,-29.4,-20.5,-34.8,-36.1,0.75,64900,26550,0,0,0,0,168426,184597,38.5,48.7,66.7,0.91,0,0,0,0,0,-,85.3,23.7,7.7,-30.1,33.4,1,15,약세,-8,-7,0,-1,-21.9,-24.2,1496.48,,-1.11,-2212.0,-2212.0,-2212.0,10,10,1.0,100.3,92.3,161580,938721,0,1,0,0,,[20250714] 주요사항보고서(유상증자결정) (20250714000094),,,,https://dart.fss.or.kr/dsaf001/main.do?rcpNo=20250714000094,,,,20250714000094,주의,2025.0,-348.9,138.0,-352.9,CFS,영업이익(손실),dart_OperatingIncomeLoss,95.2,-393.9,영업활동현금흐름,ifrs-full_CashFlowsFromUsedInOperatingActivities,ok,연간 영업이익 YoY 계산 성공,ok,OCF 추출 성공,2026 Q1,3개월,-53.5,-32.2,-66.1,thstrm_amount,frmtrm_q_amount,CFS,fnlttSinglAcntAll,영업이익(손실),dart_OperatingIncomeLoss,ok,3개월 기준 YoY 계산 성공,하락지속,-10,0,회계손실현금유입,,default,0,90.3,82.3,4.0,0.0,0.0,0.0,0.0,OFF,0.0,0.0,0.05336109259457231,SAFE,16.0,14.0,0.0,0.33509234828496043,0,15.0,0.471,5.0,-10.0,20.0,5.59,0.0,0.0,4970.0,0.0,-5.0,PYKRX,False,15.8,21.0,WATCH,WATCH,15.0,WATCH,WATCH,0.8
kosdaq,20260714,20260714_2021,145170,노브랜드,의복,2885,42.2,18.4,20.5,-53.0,3.4,-8.7,-20.1,-27.1,-8.4,-25.6,-30.2,0.97,6140,2790,5,0,0,1,49670,55372,1.6,1.5,1.8,0.9,4,0,0,0,1,거래량동반양봉,56.4,1.5,0.0,3.7,0.0,1,8,약세,-8,-7,0,-1,-21.9,-24.2,1496.48,,-1.11,-2212.0,-2212.0,-2212.0,10,10,1.0,73.4,65.4,145170,305941,0,0,0,0,,,,,,,,,,,안전,2025.0,133.4,175.7,-24.1,CFS,영업이익(손실),dart_OperatingIncomeLoss,-155.5,136.6,영업활동현금흐름,ifrs-full_CashFlowsFromUsedInOperatingActivities,ok,연간 영업이익 YoY 계산 성공,ok,OCF 추출 성공,2026 Q1,3개월,75.4,98.8,-23.7,thstrm_amount,frmtrm_q_amount,CFS,fnlttSinglAcntAll,영업이익(손실),dart_OperatingIncomeLoss,ok,3개월 기준 YoY 계산 성공,하락지속,-10,-10,밸류트랩의심,-1.17,default,2,55.4,47.4,5.0,0.0,3.32,0.0,0.0,OFF,0.0,0.0,0.03765645164552772,SAFE,19.0,1.0,0.0,0.4328358208955223,4,15.0,0.833,-15.0,-5.0,14.1,0.31,9.28,0.0,9360.0,311.0,12.0,PYKRX,False,15.7,14.7,WATCH,WATCH,15.1,WATCH,WATCH,0.6
kosdaq,20260714,20260714_2021,036830,솔브레인홀딩스,엔지니어링,31750,35.1,8.3,10.1,-60.7,2.6,-8.9,-32.1,-41.2,-15.0,-33.1,-32.3,0.86,80800,30950,0,0,0,0,71017,65408,17.6,23.7,24.6,1.09,0,0,0,0,0,-,78.3,-2.6,-5.0,-7.6,-7.6,1,0,약세,-8,-7,0,-1,-21.9,-24.2,1496.48,,-1.11,-2212.0,-2212.0,-2212.0,10,10,1.0,78.3,70.3,036830,247975,0,1,0,0,,[20260615] 주요사항보고서(전환사채권발행결정) (20260615000412),,,,https://dart.fss.or.kr/dsaf001/main.do?rcpNo=20260615000412,,,,20260615000412,주의,2025.0,88.6,318.1,-72.1,CFS,영업이익,dart_OperatingIncomeLoss,465.5,851.3,영업활동으로 인한 현금흐름,ifrs-full_CashFlowsFromUsedInOperatingActivities,ok,연간 영업이익 YoY 계산 성공,ok,OCF 추출 성공,2026 Q1,3개월,14.9,94.4,-84.2,thstrm_amount,frmtrm_q_amount,CFS,fnlttSinglAcntAll,영업이익,dart_OperatingIncomeLoss,ok,3개월 기준 YoY 계산 성공,하락지속,-10,5,현금창출양호,5.25,default,2,75.3,67.3,0.0,0.0,27.93,1.0,0.0,OFF,0.0,0.0,0.04724720012024126,SAFE,20.0,33.0,0.0,0.2772585669781931,0,-10.0,-0.309,10.0,-10.0,19.575,0.37,1.32,1.57,86410.0,24137.0,12.0,PYKRX,False,15.5,-5.1,WATCH,WATCH,11.6,WATCH,WATCH,3.9
kosdaq,20260714,20260714_2021,189300,인텔리안테크,반도체·전자부품,63300,32.8,11.7,17.4,-64.9,62.3,-7.6,-35.6,-44.7,-17.7,-43.8,-28.9,0.79,180200,39000,5,0,1,0,91357,112170,53.7,60.9,89.4,0.81,0,0,0,0,0,-,78.4,-1.5,11.3,198.9,-10.3,1,8,약세,-8,-7,0,-1,-21.9,-24.2,1496.48,,-1.11,-2212.0,-2212.0,-2212.0,10,10,1.0,91.4,83.4,189300,664181,0,0,0,0,,,,,,,,,,,안전,2025.0,119.5,-194.4,161.5,CFS,영업이익(손실),dart_OperatingIncomeLoss,-182.4,39.6,영업활동으로 인한 현금흐름,ifrs-full_CashFlowsFromUsedInOperatingActivities,ok,연간 영업이익 YoY 계산 성공,ok,OCF 추출 성공,2026 Q1,3개월,5.9,-120.4,104.9,thstrm_amount,frmtrm_q_amount,CFS,fnlttSinglAcntAll,영업이익(손실),dart_OperatingIncomeLoss,ok,3개월 기준 YoY 계산 성공,성장지속,10,-10,밸류트랩의심,-1.53,default,2,93.4,85.4,2.0,0.0,2.77,0.0,0.0,OFF,0.0,0.0,0.054879263082887444,SAFE,20.0,29.0,0.0,0.21348314606741572,3,5.0,0.11,-7.0,5.5,19.6,2.43,87.43,0.32,26101.0,724.0,0.0,PYKRX,False,15.2,16.1,WATCH,WATCH,16.1,WATCH,WATCH,-0.9
kosdaq,20260714,20260714_2021,069080,웹젠,출판·SW,11190,42.2,9.0,16.4,-37.9,17.4,-4.5,-6.6,-7.8,-3.7,-0.4,-11.7,0.71,18010,9530,0,0,0,0,142982,156875,12.5,17.1,18.3,0.91,0,0,0,0,0,-,48.6,-11.1,9.2,-43.8,13.1,1,3,약세,-8,-7,0,-1,-21.9,-24.2,1496.48,,-1.11,-2212.0,-2212.0,-2212.0,10,10,1.0,51.6,43.6,069080,405320,0,1,0,0,,[20260211] 주요사항보고서(감자결정) (20260211000866),,,,https://dart.fss.or.kr/dsaf001/main.do?rcpNo=20260211000866,,,,20260211000866,주의,2025.0,297.3,545.5,-45.5,CFS,영업이익(손실),dart_OperatingIncomeLoss,191.2,724.4,영업활동현금흐름,ifrs-full_CashFlowsFromUsedInOperatingActivities,ok,연간 영업이익 YoY 계산 성공,ok,OCF 추출 성공,2026 Q1,3개월,53.8,89.0,-39.6,thstrm_amount,frmtrm_q_amount,CFS,fnlttSinglAcntAll,영업이익(손실),dart_OperatingIncomeLoss,ok,3개월 기준 YoY 계산 성공,하락지속,-10,2,현금창출보통,0.64,default,-3,40.6,32.6,2.0,0.0,3.5,0.0,0.0,OFF,0.0,0.0,0.042251881515028164,SAFE,0.0,0.0,1.0,0.6818181818181819,0,0.0,-0.104,7.0,-10.0,12.15,0.48,13.58,6.26,23519.0,824.0,15.0,PYKRX,False,14.9,2.2,WATCH,WATCH,14.2,WATCH,WATCH,0.7
kosdaq,20260714,20260714_2021,094480,갤럭시아머니트리,출판·SW,4720,44.1,21.5,21.7,-62.5,3.9,-5.0,-24.4,-44.1,-8.4,-24.0,-46.0,1.02,12570,4545,0,0,0,0,145684,164710,8.0,7.0,8.5,0.88,0,0,0,0,0,-,54.6,4.9,0.0,28.2,-0.1,1,8,약세,-8,-7,0,-1,-21.9,-24.2,1496.48,,-1.11,-2212.0,-2212.0,-2212.0,10,10,1.0,62.6,54.6,094480,587457,0,0,0,0,,,,,,,,,,,안전,2025.0,183.9,132.2,39.1,CFS,영업이익,dart_OperatingIncomeLoss,-15.2,-266.2,영업활동현금흐름,ifrs-full_CashFlowsFromUsedInOperatingActivities,ok,연간 영업이익 YoY 계산 성공,ok,OCF 추출 성공,2026 Q1,3개월,46.3,45.7,1.3,thstrm_amount,frmtrm_q_amount,CFS,fnlttSinglAcntAll,영업이익,dart_OperatingIncomeLoss,ok,3개월 기준 YoY 계산 성공,성장지속,10,-10,밸류트랩의심,-0.08,default,4,66.6,58.6,2.0,0.0,6.99,0.0,0.0,OFF,0.0,0.0,0.0487896297137904,SAFE,19.0,1.0,0.0,0.20491803278688525,3,15.0,0.576,-10.0,3.0,13.65,1.56,22.26,0.95,3035.0,212.0,0.0,PYKRX,False,14.9,22.2,WATCH,WATCH,14.6,WATCH,WATCH,0.3
kosdaq,20260714,20260714_2021,376180,피코그램,기타제조,1390,42.9,49.8,31.0,-67.6,12.1,-3.3,-22.9,-48.5,-7.7,-28.1,-43.7,0.62,4295,1240,0,0,0,0,22566,41927,0.4,0.3,0.6,0.54,0,0,0,0,0,-,49.7,0.1,0.0,1.6,0.0,1,8,약세,-8,-7,0,-1,-21.9,-24.2,1496.48,,-1.11,-2212.0,-2212.0,-2212.0,10,10,1.0,57.7,49.7,376180,604028,0,4,0,0,,[20260504] 전환사채(해외전환사채포함)발행후만기전사채취득               (20260504900513) || [20260204] 전환사채(해외전환사채포함)발행후만기전사채취득               (20260204900907) || [20251104] 전환사채(해외전환사채포함)발행후만기전사채취득               (20251104900421),,,,https://dart.fss.or.kr/dsaf001/main.do?rcpNo=20260504900513 || https://dart.fss.or.kr/dsaf001/main.do?rcpNo=20260204900907 || https://dart.fss.or.kr/dsaf001/main.do?rcpNo=20251104900421,,,,20260504900513 || 20260204900907 || 20251104900421,주의,2025.0,-7.0,28.4,-124.8,OFS,영업이익(손실),dart_OperatingIncomeLoss,20.2,20.2,영업활동현금흐름,ifrs-full_CashFlowsFromUsedInOperatingActivities,ok,연간 영업이익 YoY 계산 성공,ok,OCF 추출 성공,2026 Q1,3개월,0.3,2.1,-84.7,thstrm_amount,frmtrm_q_amount,OFS,fnlttSinglAcntAll,영업이익(손실),dart_OperatingIncomeLoss,ok,3개월 기준 YoY 계산 성공,하락지속,-10,0,회계손실현금유입,,default,2,49.7,41.7,2.0,0.0,0.0,0.0,0.0,OFF,0.0,0.0,0.05798917505973123,SAFE,20.0,33.0,0.0,0.14410480349344978,3,10.0,0.167,5.0,-10.0,12.425,0.64,0.0,7.19,2162.0,0.0,10.0,PYKRX,False,14.8,18.7,WATCH,WATCH,20.4,WATCH,WATCH,-5.6
kosdaq,20260714,20260714_2021,253450,스튜디오드래곤,미디어·엔터,20250,45.5,15.5,17.9,-60.8,3.3,-12.3,-20.4,-40.4,-7.5,-21.0,-46.2,0.64,51600,19610,0,0,0,0,92787,74333,9.8,20.1,16.3,1.25,0,0,0,0,0,-,53.4,-17.7,16.9,-15.2,23.7,1,8,약세,-8,-7,0,-1,-21.9,-24.2,1496.48,,-1.11,-2212.0,-2212.0,-2212.0,10,10,1.0,61.4,53.4,253450,1168684,0,0,0,0,,,,,,,,,,,안전,2025.0,303.6,363.9,-16.6,CFS,영업이익(손실),dart_OperatingIncomeLoss,-98.1,1796.2,영업활동 현금흐름,ifrs-full_CashFlowsFromUsedInOperatingActivities,ok,연간 영업이익 YoY 계산 성공,ok,OCF 추출 성공,2026 Q1,3개월,64.1,42.7,50.1,thstrm_amount,frmtrm_q_amount,CFS,fnlttSinglAcntAll,영업이익(손실),dart_OperatingIncomeLoss,ok,3개월 기준 YoY 계산 성공,턴어라운드,20,-10,밸류트랩의심,-0.32,default,-3,68.4,60.4,2.0,0.0,1.29,0.0,0.0,OFF,0.0,0.0,0.040329724473965774,SAFE,16.0,0.0,0.0,0.6029411764705883,0,0.0,-0.049,-10.0,8.5,13.35,0.76,59.04,0.0,26623.0,343.0,6.0,PYKRX,False,14.5,2.0,WATCH,WATCH,7.9,WATCH,WATCH,6.6
kosdaq,20260714,20260714_2021,092870,엑시콘,기계·장비,15750,36.8,14.5,22.1,-62.2,68.4,-5.7,-45.1,-41.2,-19.2,-40.8,-30.4,1.01,41700,9350,10,1,1,0,558875,323187,51.2,93.3,63.2,1.73,0,0,0,0,0,-,69.9,18.8,-52.6,104.5,-89.2,1,8,약세,-8,-7,0,-1,-21.9,-24.2,1496.48,,-1.11,-2212.0,-2212.0,-2212.0,10,10,1.0,87.9,79.9,092870,611736,0,0,0,0,,,,,,,,,,,안전,2025.0,0.8,-159.0,100.5,CFS,영업이익,dart_OperatingIncomeLoss,-40.3,-148.8,영업활동으로 인한 현금흐름,ifrs-full_CashFlowsFromUsedInOperatingActivities,ok,연간 영업이익 YoY 계산 성공,ok,OCF 추출 성공,2026 Q1,3개월,-19.7,-57.1,65.6,thstrm_amount,frmtrm_q_amount,CFS,fnlttSinglAcntAll,영업이익,dart_OperatingIncomeLoss,ok,3개월 기준 YoY 계산 성공,성장지속,10,-10,밸류트랩의심,-50.37,default,4,91.9,83.9,2.0,0.0,4.73,0.0,0.0,OFF,0.0,0.0,0.07208833783326883,SAFE,19.0,19.0,0.0,0.12638580931263857,3,-10.0,-0.535,-7.0,5.5,17.475,1.04,22.03,0.63,15111.0,715.0,0.0,PYKRX,False,14.0,-2.5,WATCH,WATCH,-1.0,WATCH,WATCH,15.0
kosdaq,20260714,20260714_2021,318020,포인트모바일,반도체·전자부품,1872,40.2,15.6,22.3,-67.8,2.3,-4.4,-25.3,-44.0,-9.7,-28.0,-48.1,1.4,5820,1830,0,0,0,0,18188,19269,0.5,0.4,0.4,0.94,0,0,0,0,0,-,64.0,-0.1,0.0,0.0,0.0,1,0,약세,-8,-7,0,-1,-21.9,-24.2,1496.48,,-1.11,-2212.0,-2212.0,-2212.0,10,10,1.0,64.0,56.0,318020,962393,0,0,0,0,,,,,,,,,,,안전,2025.0,30.1,-14.1,313.6,CFS,영업이익(손실),dart_OperatingIncomeLoss,-1.7,80.1,영업활동현금흐름,ifrs-full_CashFlowsFromUsedInOperatingActivities,ok,연간 영업이익 YoY 계산 성공,ok,OCF 추출 성공,2026 Q1,3개월,3.7,-12.8,129.1,thstrm_amount,frmtrm_q_amount,CFS,fnlttSinglAcntAll,영업이익(손실),dart_OperatingIncomeLoss,ok,3개월 기준 YoY 계산 성공,성장지속,10,-10,밸류트랩의심,-0.06,default,2,66.0,58.0,0.0,0.0,5.41,0.0,0.0,OFF,0.0,0.0,0.03335947162256557,SAFE,20.0,33.0,0.0,0.1739130434782609,3,-10.0,-0.25,-7.0,5.5,16.0,0.44,8.07,5.34,4286.0,232.0,15.0,PYKRX,False,13.8,-3.0,WATCH,WATCH,12.5,WATCH,WATCH,1.3
kosdaq,20260714,20260714_2021,239890,피엔에이치테크,화학,3325,49.7,21.0,17.1,-53.5,5.6,-13.9,-19.4,-35.3,-8.1,-23.7,-33.7,1.09,7150,3150,5,0,0,1,25730,34047,1.2,0.9,1.2,0.76,4,0,0,0,1,거래량동반양봉,46.0,-0.7,0.0,-3.0,0.0,1,0,약세,-8,-7,0,-1,-21.9,-24.2,1496.48,,-1.11,-2212.0,-2212.0,-2212.0,10,10,1.0,55.0,47.0,239890,1112889,0,1,0,0,,[20250901] 전환사채(해외전환사채포함)발행후만기전사채취득               (20250901900830),,,,https://dart.fss.or.kr/dsaf001/main.do?rcpNo=20250901900830,,,,20250901900830,주의,2025.0,21.9,25.4,-13.5,OFS,영업이익,-표준계정코드 미사용-,82.8,93.9,영업활동으로 인한 현금흐름,ifrs-full_CashFlowsFromUsedInOperatingActivities,ok,연간 영업이익 YoY 계산 성공,ok,OCF 추출 성공,2026 Q1,3개월,0.9,4.6,-81.2,thstrm_amount,frmtrm_q_amount,OFS,fnlttSinglAcntAll,영업이익,-표준계정코드 미사용-,ok,3개월 기준 YoY 계산 성공,하락지속,-10,5,현금창출양호,3.78,default,-1,49.0,41.0,3.0,0.0,5.16,0.0,0.0,OFF,0.0,0.0,0.04894211140869679,SAFE,12.0,0.0,0.0,0.7164948453608249,4,-10.0,-0.583,15.0,-10.0,11.5,0.59,11.51,6.02,5596.0,289.0,15.0,PYKRX,False,13.7,4.4,WATCH,WATCH,15.5,WATCH,WATCH,-1.8
kosdaq,20260714,20260714_2021,260660,알리코제약,제약·바이오,2260,40.7,10.7,1.9,-60.8,2.5,-7.9,-20.4,-33.2,-8.4,-19.4,-37.1,4.94,5760,2205,5,0,0,1,142771,124968,12.8,3.3,3.2,1.14,0,0,0,0,0,-,78.2,-0.5,0.0,0.8,0.0,1,0,약세,-8,-7,0,-1,-21.9,-24.2,1496.48,,-1.11,-2212.0,-2212.0,-2212.0,10,10,1.0,83.2,75.2,260660,447007,0,2,0,0,,[20260210] 전환사채(해외전환사채포함)발행후만기전사채취득               (20260210900823) || [20251218] 주요사항보고서(전환사채권발행결정) (20251217000606),,,,https://dart.fss.or.kr/dsaf001/main.do?rcpNo=20260210900823 || https://dart.fss.or.kr/dsaf001/main.do?rcpNo=20251217000606,,,,20260210900823 || 20251217000606,주의,2025.0,9.9,-51.6,119.2,OFS,영업이익(손실),dart_OperatingIncomeLoss,99.9,-85.8,영업활동현금흐름,ifrs-full_CashFlowsFromUsedInOperatingActivities,ok,연간 영업이익 YoY 계산 성공,ok,OCF 추출 성공,2026 Q1,3개월,-17.6,10.1,-274.8,thstrm_amount,frmtrm_q_amount,OFS,fnlttSinglAcntAll,영업이익(손실),dart_OperatingIncomeLoss,ok,3개월 기준 YoY 계산 성공,피크아웃,-15,5,현금창출양호,10.09,default,1,74.2,66.2,7.0,0.0,0.0,0.0,0.0,OFF,0.0,0.0,0.03757657136784218,SAFE,16.0,0.0,0.0,0.3872549019607844,0,-10.0,-0.156,13.0,-15.0,19.55,0.43,0.0,3.32,5209.0,0.0,10.0,PYKRX,False,12.3,-6.2,WATCH,WATCH,7.6,WATCH,WATCH,4.7
kosdaq,20260714,20260714_2021,319400,현대무벡스,기계·장비,20600,30.1,15.1,20.5,-59.1,378.0,-9.3,-45.7,-31.9,-19.9,-36.5,-12.9,1.03,50400,4310,5,0,1,0,1047550,970336,204.1,230.5,251.7,1.08,0,0,0,0,0,-,80.5,85.2,37.5,18.9,98.3,1,15,약세,-8,-7,0,-1,-21.9,-24.2,1496.48,,-1.11,-2212.0,-2212.0,-2212.0,10,10,1.0,100.5,92.5,319400,1358463,0,0,0,0,,,,,,,,,,,안전,2025.0,182.1,245.7,-25.9,CFS,영업이익(손실),dart_OperatingIncomeLoss,-14.3,551.1,영업활동현금흐름,ifrs-full_CashFlowsFromUsedInOperatingActivities,ok,연간 영업이익 YoY 계산 성공,ok,OCF 추출 성공,2026 Q1,3개월,-6.4,51.8,-112.4,thstrm_amount,frmtrm_q_amount,CFS,fnlttSinglAcntAll,영업이익(손실),dart_OperatingIncomeLoss,ok,3개월 기준 YoY 계산 성공,하락지속,-10,-10,밸류트랩의심,-0.08,default,4,84.5,76.5,4.0,0.0,7.08,0.0,0.0,OFF,0.0,0.0,0.05529911564439856,SAFE,17.0,17.0,0.0,0.20350109409190373,3,15.0,0.487,-15.0,-5.0,20.0,14.16,200.0,0.24,1455.0,103.0,0.0,PYKRX,False,11.7,14.5,WATCH,WATCH,8.0,WATCH,WATCH,3.7
kosdaq,20260714,20260714_2021,036170,에이치엠넥스,반도체·전자부품,2880,38.0,35.2,28.4,-71.9,259.6,-1.0,-29.8,-44.2,-9.6,-39.0,-1.8,0.52,10240,801,10,0,1,1,380583,621324,9.0,11.3,20.6,0.61,3,0,0,1,0,+3%반등,61.5,2.2,-0.2,41.3,2.8,1,8,약세,-8,-7,0,-1,-21.9,-24.2,1496.48,,-1.11,-2212.0,-2212.0,-2212.0,10,10,1.0,82.5,74.5,036170,232821,0,0,0,0,,,,,,,,,,,안전,2025.0,23.7,3.2,644.1,CFS,영업이익(손실),dart_OperatingIncomeLoss,-5.2,19.1,영업활동현금흐름,ifrs-full_CashFlowsFromUsedInOperatingActivities,ok,연간 영업이익 YoY 계산 성공,ok,OCF 추출 성공,2026 Q1,3개월,8.7,0.3,2700.7,thstrm_amount,frmtrm_q_amount,CFS,fnlttSinglAcntAll,영업이익(손실),dart_OperatingIncomeLoss,ok,3개월 기준 YoY 계산 성공,성장지속,10,-10,밸류트랩의심,-0.22,default,2,84.5,76.5,5.0,0.0,8.08,0.0,0.0,OFF,0.0,0.0,0.03589526777881003,SAFE,20.0,33.0,0.0,0.03355704697986577,7,5.0,0.097,-7.0,5.5,15.375,1.29,15.91,0.0,2239.0,181.0,0.0,PYKRX,False,11.5,22.9,WATCH,WATCH,15.9,WATCH,WATCH,-4.4
kosdaq,20260714,20260714_2021,117730,티로보틱스,기계·장비,10980,35.7,9.9,11.8,-64.5,11.8,-11.6,-34.1,-39.4,-18.0,-33.8,-40.1,0.7,30900,9820,5,0,1,0,76103,112002,8.3,8.8,15.5,0.68,0,0,0,0,0,-,76.7,11.6,-0.1,35.8,2.7,1,8,약세,-8,-7,0,-1,-21.9,-24.2,1496.48,,-1.11,-2212.0,-2212.0,-2212.0,10,10,1.0,89.7,81.7,117730,867098,0,5,0,0,,[20251217] 주요사항보고서(제3자의전환사채매수선택권행사) (20251217000591) || [20251217] 주요사항보고서(전환사채매수선택권행사자지정) (20251217000547) || [20251211] 주요사항보고서(제3자의전환사채매수선택권행사) (20251211000457),,,,https://dart.fss.or.kr/dsaf001/main.do?rcpNo=20251217000591 || https://dart.fss.or.kr/dsaf001/main.do?rcpNo=20251217000547 || https://dart.fss.or.kr/dsaf001/main.do?rcpNo=20251211000457,,,,20251217000591 || 20251217000547 || 20251211000457,주의,2025.0,-119.1,-70.0,-70.1,CFS,영업이익(손실),dart_OperatingIncomeLoss,141.5,-47.1,영업활동으로 인한 현금흐름,ifrs-full_CashFlowsFromUsedInOperatingActivities,ok,연간 영업이익 YoY 계산 성공,ok,OCF 추출 성공,2026 Q1,3개월,-29.5,2.9,-1108.6,thstrm_amount,frmtrm_q_amount,CFS,fnlttSinglAcntAll,영업이익(손실),dart_OperatingIncomeLoss,ok,3개월 기준 YoY 계산 성공,하락지속,-10,0,회계손실현금유입,,default,0,79.7,71.7,2.0,0.0,0.0,0.0,0.0,OFF,0.0,0.0,0.05826402159692184,SAFE,19.0,17.0,0.0,0.34017595307917886,0,15.0,0.742,5.0,-10.0,19.175,4.77,0.0,0.0,2304.0,0.0,-5.0,PYKRX,False,11.0,20.8,WATCH,WATCH,14.2,WATCH,WATCH,-3.2
kosdaq,20260714,20260714_2021,025550,한국선재,철강·1차금속,2105,43.6,26.9,24.4,-58.3,4.5,-7.1,-22.0,-37.3,-7.5,-28.4,-38.1,0.79,5050,2015,0,0,0,0,98070,138598,2.3,2.1,3.2,0.71,0,0,0,0,0,-,51.6,0.1,0.0,-0.9,0.0,1,8,약세,-8,-7,0,-1,-21.9,-24.2,1496.48,,-1.11,-2212.0,-2212.0,-2212.0,10,10,1.0,59.6,51.6,025550,158015,0,0,0,0,,,,,,,,,,,안전,2025.0,81.7,60.3,35.6,CFS,영업이익(손실),dart_OperatingIncomeLoss,-29.4,-38.5,영업활동현금흐름,ifrs-full_CashFlowsFromUsedInOperatingActivities,ok,연간 영업이익 YoY 계산 성공,ok,OCF 추출 성공,2026 Q1,3개월,81.6,2.5,3109.7,thstrm_amount,frmtrm_q_amount,CFS,fnlttSinglAcntAll,영업이익(손실),dart_OperatingIncomeLoss,ok,3개월 기준 YoY 계산 성공,성장지속,10,-10,밸류트랩의심,-0.36,default,0,59.6,51.6,2.0,0.0,0.25,0.0,0.0,OFF,0.0,0.0,0.04354331185271905,SAFE,19.0,1.0,0.0,0.3227272727272727,0,0.0,0.031,-7.0,5.5,12.9,0.41,161.92,0.0,5127.0,13.0,12.0,PYKRX,False,10.7,2.1,WATCH,WATCH,13.4,WATCH,WATCH,-2.7
kosdaq,20260714,20260714_2021,104460,디와이피엔에프,기계·장비,8650,46.4,38.5,26.8,-58.8,7.5,-5.7,-19.9,-41.0,-5.7,-18.4,-35.8,1.01,21000,8050,0,0,0,0,9366,14882,1.3,0.8,1.4,0.63,0,0,0,0,0,-,44.7,0.4,-0.1,-1.4,-0.7,1,8,약세,-8,-7,0,-1,-21.9,-24.2,1496.48,,-1.11,-2212.0,-2212.0,-2212.0,10,10,1.0,52.7,44.7,104460,602136,0,0,0,0,,,,,,,,,,,안전,2025.0,285.7,246.0,16.2,CFS,영업이익,dart_OperatingIncomeLoss,-244.9,77.7,영업활동현금흐름,ifrs-full_CashFlowsFromUsedInOperatingActivities,ok,연간 영업이익 YoY 계산 성공,ok,OCF 추출 성공,2026 Q1,3개월,35.7,122.3,-70.8,thstrm_amount,frmtrm_q_amount,CFS,fnlttSinglAcntAll,영업이익,dart_OperatingIncomeLoss,ok,3개월 기준 YoY 계산 성공,관망,0,-10,밸류트랩의심,-0.86,default,2,44.7,36.7,2.0,0.0,17.09,1.0,0.0,OFF,0.0,0.0,0.031308491595450766,SAFE,15.0,15.0,0.0,0.2864321608040201,0,10.0,0.214,-12.0,0.0,11.175,0.55,3.2,8.09,15819.0,2703.0,15.0,PYKRX,False,10.1,5.8,WATCH,WATCH,14.2,WATCH,WATCH,-4.1
kosdaq,20260714,20260714_2021,052710,아모텍,반도체·전자부품,15820,32.7,12.2,18.6,-55.5,95.7,-12.5,-44.4,-18.1,-28.8,-30.6,6.7,0.48,35566,8084,0,0,0,0,295220,689427,50.7,49.6,179.2,0.43,0,0,0,0,0,-,78.0,27.8,-12.5,-26.8,-6.7,1,8,약세,-8,-7,0,-1,-21.9,-24.2,1496.48,,-1.11,-2212.0,-2212.0,-2212.0,10,10,1.0,86.0,78.0,052710,298447,0,2,0,0,,[20260624] 권리락              (유상증자) (20260624900954) || [20260624] 유상증자1차발행가액결정               (20260624900922),,,,https://dart.fss.or.kr/dsaf001/main.do?rcpNo=20260624900954 || https://dart.fss.or.kr/dsaf001/main.do?rcpNo=20260624900922,,,,20260624900954 || 20260624900922,주의,2025.0,55.1,-239.0,123.0,CFS,영업이익(손실),dart_OperatingIncomeLoss,166.2,65.6,영업활동현금흐름,ifrs-full_CashFlowsFromUsedInOperatingActivities,ok,연간 영업이익 YoY 계산 성공,ok,OCF 추출 성공,2026 Q1,3개월,5.7,39.1,-85.4,thstrm_amount,frmtrm_q_amount,CFS,fnlttSinglAcntAll,영업이익(손실),dart_OperatingIncomeLoss,ok,3개월 기준 YoY 계산 성공,피크아웃,-15,5,현금창출양호,3.02,default,0,76.0,68.0,2.0,0.0,5.07,0.0,0.0,OFF,1.0,8.0,0.09148547487818354,SAFE,11.0,7.0,0.0,0.28153153153153154,0,5.0,0.085,18.0,-15.0,19.5,1.51,29.74,0.0,10486.0,532.0,0.0,PYKRX,False,10.0,15.7,WATCH,WATCH,17.5,WATCH,WATCH,-7.5
kosdaq,20260714,20260714_2021,357580,아모센스,반도체·전자부품,5710,40.9,6.6,19.2,-80.9,3.4,-7.3,-40.1,-63.9,-17.6,-49.4,-51.3,0.67,29900,5520,0,0,0,0,84467,140727,5.0,4.9,10.7,0.6,0,0,0,0,0,-,66.0,-1.1,0.2,-0.1,-20.9,1,8,약세,-8,-7,0,-1,-21.9,-24.2,1496.48,,-1.11,-2212.0,-2212.0,-2212.0,10,10,1.0,74.0,66.0,357580,1012987,0,3,0,0,,[20250724] 전환사채(해외전환사채포함)발행후만기전사채취득               (20250724900547) || [20250724] 전환사채(해외전환사채포함)발행후만기전사채취득               (20250724900543) || [20250716] 주요사항보고서(전환사채권발행결정) (20250716000250),,,,https://dart.fss.or.kr/dsaf001/main.do?rcpNo=20250724900547 || https://dart.fss.or.kr/dsaf001/main.do?rcpNo=20250724900543 || https://dart.fss.or.kr/dsaf001/main.do?rcpNo=20250716000250,,,,20250724900547 || 20250724900543 || 20250716000250,주의,2025.0,53.2,71.6,-25.7,CFS,영업이익(손실),dart_OperatingIncomeLoss,113.8,-4.9,영업활동현금흐름,ifrs-full_CashFlowsFromUsedInOperatingActivities,ok,연간 영업이익 YoY 계산 성공,ok,OCF 추출 성공,2026 Q1,3개월,5.3,15.3,-65.3,thstrm_amount,frmtrm_q_amount,CFS,fnlttSinglAcntAll,영업이익(손실),dart_OperatingIncomeLoss,ok,3개월 기준 YoY 계산 성공,하락지속,-10,5,현금창출양호,2.14,default,2,71.0,63.0,2.0,0.0,1.15,0.0,0.0,OFF,0.0,0.0,0.07720007677184972,SAFE,20.0,33.0,0.0,0.18204488778054861,3,0.0,-0.084,15.0,-10.0,16.5,1.49,129.77,0.0,3833.0,44.0,0.0,PYKRX,False,9.9,16.0,WATCH,WATCH,14.5,WATCH,WATCH,-4.6
kosdaq,20260714,20260714_2021,056090,시지메드텍,의료·정밀·광학,1040,24.7,19.7,28.2,-70.7,13.9,1.5,-17.3,-52.2,-12.4,-25.5,-33.2,0.26,3555,913,10,0,1,1,1070351,3429514,9.1,11.2,44.1,0.31,3,0,0,1,0,+3%반등,69.9,7.6,0.0,-57.5,4.4,1,8,약세,-8,-7,0,-1,-21.9,-24.2,1496.48,,-1.11,-2212.0,-2212.0,-2212.0,10,10,1.0,90.9,82.9,056090,346610,0,2,0,0,,[20260630] 주식병합결정               (20260630901331) || [20260112] 최대주주변경               (20260112900615),,,,https://dart.fss.or.kr/dsaf001/main.do?rcpNo=20260630901331 || https://dart.fss.or.kr/dsaf001/main.do?rcpNo=20260112900615,,,,20260630901331 || 20260112900615,주의,2025.0,38.1,-11.2,441.7,CFS,영업이익(손실),dart_OperatingIncomeLoss,26.1,15.1,영업활동현금흐름,ifrs-full_CashFlowsFromUsedInOperatingActivities,ok,연간 영업이익 YoY 계산 성공,ok,OCF 추출 성공,2026 Q1,3개월,2.4,5.9,-59.8,thstrm_amount,frmtrm_q_amount,CFS,fnlttSinglAcntAll,영업이익(손실),dart_OperatingIncomeLoss,ok,3개월 기준 YoY 계산 성공,피크아웃,-15,2,현금창출보통,0.69,default,5,82.9,74.9,5.0,0.0,6.92,0.0,0.0,OFF,0.0,0.0,0.10159681692100109,SAFE,16.0,8.0,0.0,-0.08670520231213873,7,10.0,0.172,10.0,-15.0,17.475,1.14,16.51,0.0,910.0,63.0,0.0,PYKRX,False,9.9,28.7,WATCH,WATCH,19.5,WATCH,WATCH,-9.6
kosdaq,20260714,20260714_2021,162300,신스틸,철강·1차금속,1424,13.4,11.6,-6.1,-42.3,4.6,-15.2,-19.3,-18.0,-17.6,-16.6,-19.5,0.32,2470,1361,5,0,0,1,70095,165236,0.8,1.1,2.9,0.42,0,0,0,0,0,-,81.2,-0.3,0.0,1.9,-0.7,1,0,약세,-8,-7,0,-1,-21.9,-24.2,1496.48,,-1.11,-2212.0,-2212.0,-2212.0,10,10,1.0,86.2,78.2,162300,958664,0,4,0,0,,[20260430] 전환사채(해외전환사채포함)발행후만기전사채취득              (제2회차) (20260430901254) || [20260202] 전환사채(해외전환사채포함)발행후만기전사채취득              (제2회차) (20260202901440) || [20251031] 전환사채(해외전환사채포함)발행후만기전사채취득              (제2회차) (20251031900453),,,,https://dart.fss.or.kr/dsaf001/main.do?rcpNo=20260430901254 || https://dart.fss.or.kr/dsaf001/main.do?rcpNo=20260202901440 || https://dart.fss.or.kr/dsaf001/main.do?rcpNo=20251031900453,,,,20260430901254 || 20260202901440 || 20251031900453,주의,2025.0,30.5,104.7,-70.9,CFS,영업이익(손실),dart_OperatingIncomeLoss,158.7,30.3,영업활동현금흐름,ifrs-full_CashFlowsFromUsedInOperatingActivities,ok,연간 영업이익 YoY 계산 성공,ok,OCF 추출 성공,2026 Q1,3개월,4.8,19.7,-75.8,thstrm_amount,frmtrm_q_amount,CFS,fnlttSinglAcntAll,영업이익(손실),dart_OperatingIncomeLoss,ok,3개월 기준 YoY 계산 성공,하락지속,-10,5,현금창출양호,5.2,default,-3,78.2,70.2,3.0,0.0,1.58,0.0,0.0,OFF,0.0,0.0,0.03686408446417778,SAFE,4.0,4.0,0.0,0.7875647668393781,0,0.0,-0.103,10.0,-10.0,20.0,0.68,43.15,1.47,2089.0,33.0,6.0,PYKRX,False,8.3,7.0,WATCH,WATCH,16.0,WATCH,WATCH,-7.7
kosdaq,20260714,20260714_2021,123040,엠에스오토텍,자동차·부품,1484,42.0,32.4,18.3,-55.8,7.5,-8.9,-22.3,-34.6,-9.8,-22.6,-33.0,1.26,3355,1381,0,0,0,0,156239,209996,4.0,2.4,3.5,0.74,0,0,0,0,0,-,57.1,-0.4,0.1,-1.8,-0.3,1,8,약세,-8,-7,0,-1,-21.9,-24.2,1496.48,,-1.11,-2212.0,-2212.0,-2212.0,10,10,1.0,65.1,57.1,123040,259545,0,4,0,0,,[20260514] 최대주주변경을수반하는주식담보제공계약체결               (20260514901431) || [20251001] 최대주주변경을수반하는주식담보제공계약해제ㆍ취소등               (20251001900703) || [20250926] 최대주주변경을수반하는주식담보제공계약체결               (20250926900846),,,,https://dart.fss.or.kr/dsaf001/main.do?rcpNo=20260514901431 || https://dart.fss.or.kr/dsaf001/main.do?rcpNo=20251001900703 || https://dart.fss.or.kr/dsaf001/main.do?rcpNo=20250926900846,,,,20260514901431 || 20251001900703 || 20250926900846,주의,2025.0,312.8,963.0,-67.5,CFS,영업이익,dart_OperatingIncomeLoss,1049.5,1855.6,영업활동 현금흐름,ifrs-full_CashFlowsFromUsedInOperatingActivities,ok,연간 영업이익 YoY 계산 성공,ok,OCF 추출 성공,2026 Q1,3개월,119.3,227.0,-47.5,thstrm_amount,frmtrm_q_amount,CFS,fnlttSinglAcntAll,영업이익,dart_OperatingIncomeLoss,ok,3개월 기준 YoY 계산 성공,하락지속,-10,5,현금창출양호,3.36,default,2,62.1,54.1,2.0,0.0,0.0,0.0,0.0,OFF,0.0,0.0,0.04499817777013436,SAFE,19.0,0.0,0.0,0.3991031390134529,0,0.0,-0.086,15.0,-10.0,14.275,0.45,0.0,0.0,3331.0,0.0,1.0,PYKRX,False,8.1,9.3,WATCH,WATCH,10.3,WATCH,WATCH,-2.2
kosdaq,20260714,20260714_2021,119830,아이텍,전문서비스,5590,27.4,23.3,29.5,-42.5,12.0,5.1,-12.2,-11.7,-8.1,-16.3,-15.1,0.52,9730,4990,10,0,1,1,145881,272066,8.2,8.2,17.0,0.54,6,0,1,1,0,5일선회복/+3%반등,63.0,-4.4,0.0,-29.7,3.0,1,0,약세,-8,-7,0,-1,-21.9,-24.2,1496.48,,-1.11,-2212.0,-2212.0,-2212.0,10,10,1.0,79.0,71.0,119830,626011,0,22,0,0,,[20260713] 전환사채(해외전환사채포함)발행후만기전사채취득               (20260713900642) || [20260709] [기재정정]주요사항보고서(유상증자결정) (20260709000565) || [20260610] [기재정정]주요사항보고서(유상증자결정) (20260610000506),,,,https://dart.fss.or.kr/dsaf001/main.do?rcpNo=20260713900642 || https://dart.fss.or.kr/dsaf001/main.do?rcpNo=20260709000565 || https://dart.fss.or.kr/dsaf001/main.do?rcpNo=20260610000506,,,,20260713900642 || 20260709000565 || 20260610000506,주의,2025.0,2.2,103.2,-97.9,CFS,영업외손익,dart_NonOperatingProfitLoss,187.6,146.4,영업활동으로 인한 현금흐름,ifrs-full_CashFlowsFromUsedInOperatingActivities,ok,연간 영업이익 YoY 계산 성공,ok,OCF 추출 성공,2026 Q1,3개월,-84.9,-3.2,-2533.5,thstrm_amount,frmtrm_q_amount,CFS,fnlttSinglAcntAll,영업외손익,dart_NonOperatingProfitLoss,ok,3개월 기준 YoY 계산 성공,하락지속,-10,5,현금창출양호,85.27,default,5,79.0,71.0,3.0,0.0,0.0,0.0,0.0,OFF,0.0,0.0,0.0647713109840505,SAFE,14.0,8.0,0.0,-0.4180327868852459,11,-10.0,-0.259,10.0,-10.0,15.75,0.75,0.0,0.0,7422.0,0.0,7.0,PYKRX,False,8.1,15.7,WATCH,WATCH,13.8,WATCH,WATCH,-5.7
kosdaq,20260714,20260714_2021,039240,경남스틸,철강·1차금속,1956,43.9,11.8,23.4,-43.0,1.9,-2.9,-12.9,-30.0,-4.8,-15.3,-26.2,0.69,3430,1920,0,0,0,0,128842,164851,2.3,2.5,3.5,0.78,0,0,0,0,0,-,48.0,-1.1,0.0,-0.3,0.0,1,0,약세,-8,-7,0,-1,-21.9,-24.2,1496.48,,-1.11,-2212.0,-2212.0,-2212.0,10,10,1.0,48.0,40.0,039240,206039,0,1,0,0,,[20251222] 최대주주변경               (20251222900425),,,,https://dart.fss.or.kr/dsaf001/main.do?rcpNo=20251222900425,,,,20251222900425,주의,2025.0,59.6,94.5,-36.9,OFS,영업이익(손실),dart_OperatingIncomeLoss,158.4,93.9,영업활동현금흐름,ifrs-full_CashFlowsFromUsedInOperatingActivities,ok,연간 영업이익 YoY 계산 성공,ok,OCF 추출 성공,2026 Q1,3개월,14.1,14.8,-4.9,thstrm_amount,frmtrm_q_amount,OFS,fnlttSinglAcntAll,영업이익(손실),dart_OperatingIncomeLoss,ok,3개월 기준 YoY 계산 성공,하락지속,-10,5,현금창출양호,2.66,default,2,45.0,37.0,0.0,0.0,4.07,0.0,0.0,OFF,0.0,0.0,0.03184292016475129,SAFE,16.0,2.0,0.0,0.22480620155038758,3,-10.0,-0.314,15.0,-10.0,12.0,0.46,11.37,6.13,4224.0,172.0,9.0,PYKRX,False,7.5,2.6,WATCH,WATCH,9.0,WATCH,WATCH,-1.5
kosdaq,20260714,20260714_2021,025320,시노펙스,반도체·전자부품,3925,40.3,5.6,17.2,-52.9,3.7,-11.6,-15.1,-34.1,-15.0,-19.3,-33.8,0.64,8330,3785,10,0,1,1,719876,1087145,28.0,29.0,54.0,0.66,0,0,0,0,0,-,60.2,-13.9,7.5,-69.4,31.9,1,8,약세,-8,-7,0,-1,-21.9,-24.2,1496.48,,-1.11,-2212.0,-2212.0,-2212.0,10,10,1.0,78.2,70.2,025320,203023,0,6,0,0,,[20260710] [기재정정]최대주주변경을수반하는주식담보제공계약체결               (20260710900752) || [20251230] [기재정정]최대주주변경을수반하는주식담보제공계약체결               (20251230901199) || [20251222] [기재정정]최대주주변경을수반하는주식담보제공계약체결               (20251222900398),,,,https://dart.fss.or.kr/dsaf001/main.do?rcpNo=20260710900752 || https://dart.fss.or.kr/dsaf001/main.do?rcpNo=20251230901199 || https://dart.fss.or.kr/dsaf001/main.do?rcpNo=20251222900398,,,,20260710900752 || 20251230901199 || 20251222900398,주의,2025.0,67.6,212.3,-68.2,CFS,영업이익,dart_OperatingIncomeLoss,222.5,374.4,영업활동현금흐름,ifrs-full_CashFlowsFromUsedInOperatingActivities,ok,연간 영업이익 YoY 계산 성공,ok,OCF 추출 성공,2026 Q1,3개월,13.2,67.8,-80.5,thstrm_amount,frmtrm_q_amount,CFS,fnlttSinglAcntAll,영업이익,dart_OperatingIncomeLoss,ok,3개월 기준 YoY 계산 성공,하락지속,-10,5,현금창출양호,3.29,default,-3,70.2,62.2,5.0,0.0,4.28,0.0,0.0,OFF,0.0,0.0,0.08147025782572231,SAFE,8.0,3.0,0.0,0.7682119205298014,0,0.0,-0.119,15.0,-10.0,15.05,2.1,49.06,0.0,1867.0,80.0,0.0,PYKRX,False,6.5,9.5,WATCH,WATCH,10.0,WATCH,WATCH,-3.5
kosdaq,20260714,20260714_2021,407400,꿈비,가구,2020,46.0,39.4,34.2,-76.8,10.7,-1.2,-17.0,-51.1,-4.1,-27.0,-52.6,0.35,8700,1825,5,0,0,1,43990,55800,0.4,0.9,1.2,0.79,0,0,0,0,0,-,40.8,-0.3,0.0,1.4,0.0,1,0,약세,-8,-7,0,-1,-21.9,-24.2,1496.48,,-1.11,-2212.0,-2212.0,-2212.0,10,10,1.0,45.8,37.8,407400,1586455,0,1,0,0,,[20260417] 전환사채(해외전환사채포함)발행후만기전사채취득              (제1회차) (20260417900657),,,,https://dart.fss.or.kr/dsaf001/main.do?rcpNo=20260417900657,,,,20260417900657,주의,2025.0,-42.5,4.0,-1154.8,CFS,영업이익(손실),dart_OperatingIncomeLoss,16.3,-36.2,영업활동현금흐름,ifrs-full_CashFlowsFromUsedInOperatingActivities,ok,연간 영업이익 YoY 계산 성공,ok,OCF 추출 성공,2026 Q1,3개월,-2.4,-2.4,1.1,thstrm_amount,frmtrm_q_amount,CFS,fnlttSinglAcntAll,영업이익(손실),dart_OperatingIncomeLoss,ok,3개월 기준 YoY 계산 성공,관망,0,0,회계손실현금유입,,default,2,47.8,39.8,3.0,0.0,0.0,0.0,0.0,OFF,0.0,0.0,0.04187412605213165,SAFE,19.0,0.0,0.0,0.07058823529411765,3,-10.0,-0.25,7.0,0.0,10.2,0.61,0.0,0.0,3316.0,0.0,7.0,PYKRX,False,5.9,2.7,WATCH,WATCH,7.2,WATCH,WATCH,-1.3
kosdaq,20260714,20260714_2021,344860,이노진,화학,1279,45.9,25.4,23.6,-54.3,16.4,-7.5,-19.2,-18.5,-6.4,-9.3,-20.3,1.12,2800,1099,5,0,0,1,28992,48291,0.6,0.4,0.7,0.6,4,0,0,0,1,거래량동반양봉,48.1,-0.1,-0.1,-0.6,-0.1,1,0,약세,-8,-7,0,-1,-21.9,-24.2,1496.48,,-1.11,-2212.0,-2212.0,-2212.0,10,10,1.0,57.1,49.1,344860,1419135,0,1,0,0,,[20260630] 주요사항보고서(유상증자결정) (20260630001080),,,,https://dart.fss.or.kr/dsaf001/main.do?rcpNo=20260630001080,,,,20260630001080,주의,2025.0,2.5,4.9,-48.8,OFS,영업외손익,dart_NonOperatingProfitLoss,7.0,8.1,영업활동현금흐름,ifrs-full_CashFlowsFromUsedInOperatingActivities,ok,연간 영업이익 YoY 계산 성공,ok,OCF 추출 성공,2026 Q1,3개월,1.0,1.1,-9.6,thstrm_amount,frmtrm_q_amount,OFS,fnlttSinglAcntAll,영업외손익,dart_NonOperatingProfitLoss,ok,3개월 기준 YoY 계산 성공,하락지속,-10,5,현금창출양호,2.8,default,2,54.1,46.1,3.0,0.0,2.02,0.0,0.0,OFF,0.0,0.0,0.04716651681161697,SAFE,7.0,4.0,0.0,0.390625,4,-10.0,-0.286,15.0,-10.0,12.025,0.99,49.19,7.04,1288.0,26.0,9.0,PYKRX,False,5.5,4.6,WATCH,WATCH,10.0,WATCH,WATCH,-4.5
kosdaq,20260714,20260714_2021,031330,에스에이엠티,도매,10540,33.1,16.1,25.4,-47.2,268.5,-0.8,-32.9,65.5,-16.0,-20.4,58.7,0.72,19950,2860,10,0,1,1,1176382,1553857,119.7,129.1,201.3,0.76,3,0,0,1,0,+3%반등,72.5,-50.0,-2.2,-27.9,22.2,1,0,약세,-8,-7,0,-1,-21.9,-24.2,1496.48,,-1.11,-2212.0,-2212.0,-2212.0,10,10,1.0,85.5,77.5,031330,128661,0,0,0,0,,,,,,,,,,,안전,2025.0,1139.0,673.7,69.1,CFS,영업이익,dart_OperatingIncomeLoss,-1202.5,-1391.0,영업활동현금흐름,ifrs-full_CashFlowsFromUsedInOperatingActivities,ok,연간 영업이익 YoY 계산 성공,ok,OCF 추출 성공,2026 Q1,3개월,3273.0,195.4,1575.2,thstrm_amount,frmtrm_q_amount,CFS,fnlttSinglAcntAll,영업이익,dart_OperatingIncomeLoss,ok,3개월 기준 YoY 계산 성공,성장지속,10,-10,밸류트랩의심,-1.06,default,2,87.5,79.5,3.0,0.0,15.59,0.0,0.0,OFF,0.0,0.0,0.05413883979781366,SAFE,14.0,14.0,0.0,0.024316109422492405,7,-10.0,-0.259,-7.0,5.5,18.125,2.12,13.56,2.18,4983.0,777.0,3.0,PYKRX,False,4.8,5.7,WATCH,WATCH,6.6,WATCH,WATCH,-1.8
kosdaq,20260714,20260714_2021,448900,한국피아이엠,자동차·부품,47200,34.5,18.2,25.7,-73.5,317.7,-6.0,-43.4,-46.2,-18.3,-43.1,-33.3,0.69,178400,11300,5,0,1,0,58410,71877,23.1,27.7,43.3,0.81,0,0,0,0,0,-,70.9,3.6,-2.1,85.5,-64.0,1,8,약세,-8,-7,0,-1,-21.9,-24.2,1496.48,,-1.11,-2212.0,-2212.0,-2212.0,10,10,1.0,83.9,75.9,448900,765897,0,2,0,0,,[20260714] [기재정정]주요사항보고서(전환사채권발행결정) (20260714000488) || [20260710] 주요사항보고서(전환사채권발행결정) (20260710000677),,,,https://dart.fss.or.kr/dsaf001/main.do?rcpNo=20260714000488 || https://dart.fss.or.kr/dsaf001/main.do?rcpNo=20260710000677,,,,20260714000488 || 20260710000677,주의,2025.0,14.6,36.1,-59.6,CFS,영업이익(손실),dart_OperatingIncomeLoss,73.8,35.5,영업활동현금흐름,ifrs-full_CashFlowsFromUsedInOperatingActivities,ok,연간 영업이익 YoY 계산 성공,ok,OCF 추출 성공,2026 Q1,3개월,-7.5,5.3,-241.0,thstrm_amount,frmtrm_q_amount,CFS,fnlttSinglAcntAll,영업이익(손실),dart_OperatingIncomeLoss,ok,3개월 기준 YoY 계산 성공,하락지속,-10,5,현금창출양호,5.05,default,2,80.9,72.9,2.0,0.0,0.0,0.0,0.0,OFF,0.0,0.0,0.06640036863905799,SAFE,20.0,29.0,0.0,0.1382488479262673,3,0.0,0.035,10.0,-10.0,17.725,4.97,0.0,0.0,9488.0,0.0,-5.0,PYKRX,False,4.8,12.3,WATCH,WATCH,5.7,WATCH,WATCH,-0.9
kosdaq,20260714,20260714_2021,381620,제닉스로보틱스,기계·장비,4975,34.0,15.4,16.4,-75.1,6.9,-12.6,-43.2,-43.6,-19.8,-44.0,-58.2,0.87,19940,4655,0,0,0,0,111370,125233,5.4,5.8,8.0,0.89,0,0,0,0,0,-,76.1,0.7,0.0,7.9,-0.1,1,8,약세,-8,-7,0,-1,-21.9,-24.2,1496.48,,-1.11,-2212.0,-2212.0,-2212.0,10,10,1.0,84.1,76.1,381620,1293485,0,2,0,0,,[20251211] [기재정정]주요사항보고서(전환사채권발행결정) (20251211000152) || [20251128] 주요사항보고서(전환사채권발행결정) (20251128001590),,,,https://dart.fss.or.kr/dsaf001/main.do?rcpNo=20251211000152 || https://dart.fss.or.kr/dsaf001/main.do?rcpNo=20251128001590,,,,20251211000152 || 20251128001590,주의,2025.0,-123.1,43.1,-386.0,CFS,영업이익(손실),dart_OperatingIncomeLoss,17.0,38.4,영업활동현금흐름,ifrs-full_CashFlowsFromUsedInOperatingActivities,ok,연간 영업이익 YoY 계산 성공,ok,OCF 추출 성공,2026 Q1,3개월,-31.1,-15.4,-101.5,thstrm_amount,frmtrm_q_amount,CFS,fnlttSinglAcntAll,영업이익(손실),dart_OperatingIncomeLoss,ok,3개월 기준 YoY 계산 성공,하락지속,-10,0,회계손실현금유입,,default,2,76.1,68.1,2.0,0.0,0.0,0.0,0.0,OFF,0.0,0.0,0.05953519484241176,SAFE,20.0,27.0,0.0,0.29166666666666663,0,5.0,0.088,5.0,-10.0,19.025,1.33,0.0,0.0,3730.0,0.0,-5.0,PYKRX,False,4.5,8.7,WATCH,WATCH,4.0,WATCH,WATCH,0.5
kosdaq,20260714,20260714_2021,200710,에이디테크놀로지,반도체·전자부품,29550,49.3,41.2,38.3,-52.3,57.1,-5.9,-26.9,-42.4,-5.4,-23.0,-19.3,1.17,62000,18810,5,1,0,0,571880,292353,104.2,189.4,93.1,1.96,3,0,0,1,0,+3%반등,40.0,-138.8,-33.4,-164.8,-108.9,1,0,약세,-8,-7,0,-1,-21.9,-24.2,1496.48,,-1.11,-2212.0,-2212.0,-2212.0,10,10,1.0,48.0,40.0,200710,657002,0,1,0,0,,[20260421] 주요사항보고서(전환사채권발행결정) (20260421000499),,,,https://dart.fss.or.kr/dsaf001/main.do?rcpNo=20260421000499,,,,20260421000499,주의,2025.0,28.5,-169.5,116.8,CFS,영업이익(손실),dart_OperatingIncomeLoss,-158.7,-135.4,영업활동현금흐름,ifrs-full_CashFlowsFromUsedInOperatingActivities,ok,연간 영업이익 YoY 계산 성공,ok,OCF 추출 성공,2026 Q1,3개월,-3.6,-15.5,77.0,thstrm_amount,frmtrm_q_amount,CFS,fnlttSinglAcntAll,영업이익(손실),dart_OperatingIncomeLoss,ok,3개월 기준 YoY 계산 성공,성장지속,10,-10,밸류트랩의심,-5.57,default,4,52.0,44.0,0.0,0.0,2.66,0.0,0.0,OFF,0.0,0.0,0.062006590336098975,SAFE,15.0,1.0,0.0,0.21933085501858737,7,-10.0,-1.85,-7.0,5.5,10.0,2.83,106.29,0.0,10456.0,278.0,0.0,PYKRX,False,4.5,3.2,WATCH,WATCH,-14.5,WATCH,WATCH,19.0
kosdaq,20260714,20260714_2021,289930,웨이비스,반도체·전자부품,7340,38.2,15.0,20.1,-70.2,4.9,-6.3,-32.4,-59.6,-14.3,-39.3,-41.3,1.12,24650,7000,5,0,1,0,86895,94267,7.3,6.5,8.3,0.92,0,0,0,0,0,-,69.0,-4.4,0.7,-14.7,-1.5,1,8,약세,-8,-7,0,-1,-21.9,-24.2,1496.48,,-1.11,-2212.0,-2212.0,-2212.0,10,10,1.0,82.0,74.0,289930,1270749,0,1,0,0,,[20251016] 주요사항보고서(신주인수권부사채권발행결정) (20251016000204),,,,https://dart.fss.or.kr/dsaf001/main.do?rcpNo=20251016000204,,,,20251016000204,주의,2025.0,6.3,-48.6,112.9,OFS,영업이익(손실),dart_OperatingIncomeLoss,7.9,-45.8,영업활동현금흐름,ifrs-full_CashFlowsFromUsedInOperatingActivities,ok,연간 영업이익 YoY 계산 성공,ok,OCF 추출 성공,2026 Q1,3개월,-33.6,-23.9,-40.6,thstrm_amount,frmtrm_q_amount,OFS,fnlttSinglAcntAll,영업이익(손실),dart_OperatingIncomeLoss,ok,3개월 기준 YoY 계산 성공,피크아웃,-15,5,현금창출양호,1.25,default,4,76.0,68.0,2.0,0.0,3.5,0.0,0.0,OFF,0.0,0.0,0.06129117074725718,SAFE,20.0,33.0,0.0,0.19444444444444445,3,-10.0,-0.446,18.0,-15.0,17.25,1.79,51.33,0.0,4091.0,143.0,0.0,PYKRX,False,4.2,3.1,WATCH,WATCH,3.2,WATCH,WATCH,1.0
kosdaq,20260714,20260714_2021,453860,에이에스텍,화학,10000,44.7,71.4,40.6,-56.3,10.7,-1.8,-17.4,-27.0,-1.6,-12.6,-32.8,1.17,22900,9030,0,0,0,0,10674,13538,1.6,1.1,1.4,0.79,7,0,0,1,1,+3%반등/거래량동반양봉,41.3,-1.0,0.0,-2.8,0.1,1,0,약세,-8,-7,0,-1,-21.9,-24.2,1496.48,,-1.11,-2212.0,-2212.0,-2212.0,10,10,1.0,48.3,40.3,453860,1538528,0,3,0,0,,[20260119] [기재정정]주요사항보고서(유상증자결정) (20260119000237) || [20260109] 증권발행결과(자율공시)              (제3자배정 유상증자) (20260109900172) || [20250930] 주요사항보고서(유상증자결정) (20250930000665),,,,https://dart.fss.or.kr/dsaf001/main.do?rcpNo=20260119000237 || https://dart.fss.or.kr/dsaf001/main.do?rcpNo=20260109900172 || https://dart.fss.or.kr/dsaf001/main.do?rcpNo=20250930000665,,,,20260119000237 || 20260109900172 || 20250930000665,주의,2025.0,-1.1,87.0,-101.3,OFS,영업이익,dart_OperatingIncomeLoss,28.9,124.3,영업활동현금흐름,ifrs-full_CashFlowsFromUsedInOperatingActivities,ok,연간 영업이익 YoY 계산 성공,ok,OCF 추출 성공,2026 Q1,3개월,-17.3,10.1,-272.1,thstrm_amount,frmtrm_q_amount,OFS,fnlttSinglAcntAll,영업이익,dart_OperatingIncomeLoss,ok,3개월 기준 YoY 계산 성공,하락지속,-10,0,회계손실현금유입,,default,4,42.3,34.3,3.0,0.0,3.64,0.0,0.0,OFF,0.0,0.0,0.03408473953891189,SAFE,11.0,1.0,0.0,0.10344827586206898,11,-10.0,-0.714,5.0,-10.0,10.325,0.95,26.18,5.0,10500.0,382.0,9.0,PYKRX,False,4.0,10.1,WATCH,WATCH,5.3,WATCH,WATCH,-1.3
kosdaq,20260714,20260714_2021,128540,에코캡,자동차·부품,1252,44.3,12.3,17.6,-62.3,4.3,-6.6,-18.3,-31.1,-7.4,-17.7,-31.3,0.49,3325,1200,0,0,0,0,55298,105724,0.6,0.7,1.4,0.52,0,0,0,0,0,-,55.1,0.4,0.0,0.7,-0.2,1,8,약세,-8,-7,0,-1,-21.9,-24.2,1496.48,,-1.11,-2212.0,-2212.0,-2212.0,10,10,1.0,63.1,55.1,128540,870481,0,1,0,0,,[20250731] [기재정정]감자결정(종속회사의주요경영사항)               (20250731900772),,,,https://dart.fss.or.kr/dsaf001/main.do?rcpNo=20250731900772,,,,20250731900772,주의,2025.0,-31.6,196.0,-116.1,CFS,영업이익(손실),dart_OperatingIncomeLoss,306.3,23.7,영업활동현금흐름,ifrs-full_CashFlowsFromUsedInOperatingActivities,ok,연간 영업이익 YoY 계산 성공,ok,OCF 추출 성공,2026 Q1,3개월,-15.6,24.7,-163.2,thstrm_amount,frmtrm_q_amount,CFS,fnlttSinglAcntAll,영업이익(손실),dart_OperatingIncomeLoss,ok,3개월 기준 YoY 계산 성공,하락지속,-10,0,회계손실현금유입,,default,0,53.1,45.1,2.0,0.0,0.0,0.0,0.0,OFF,0.0,0.0,0.03799180135311081,SAFE,12.0,1.0,0.0,0.360655737704918,0,10.0,0.286,5.0,-10.0,13.775,0.3,0.0,0.0,4162.0,0.0,1.0,PYKRX,False,3.8,13.1,WATCH,WATCH,9.8,WATCH,WATCH,-6.0
kosdaq,20260714,20260714_2021,036200,유니셈,기계·장비,8410,43.2,11.5,21.5,-41.6,38.3,-2.8,-29.6,-10.3,-12.4,-21.0,-17.7,0.53,14390,6080,5,0,1,0,224295,306897,13.6,19.1,30.4,0.73,0,0,0,0,0,-,57.7,8.9,-4.6,-11.5,-8.6,1,8,약세,-8,-7,0,-1,-21.9,-24.2,1496.48,,-1.11,-2212.0,-2212.0,-2212.0,10,10,1.0,70.7,62.7,036200,260569,0,0,0,0,,,,,,,,,,,안전,2025.0,109.0,99.7,9.3,CFS,영업이익,dart_OperatingIncomeLoss,-64.9,362.2,영업활동현금흐름,ifrs-full_CashFlowsFromUsedInOperatingActivities,ok,연간 영업이익 YoY 계산 성공,ok,OCF 추출 성공,2026 Q1,3개월,51.2,47.8,7.2,thstrm_amount,frmtrm_q_amount,CFS,fnlttSinglAcntAll,영업이익,dart_OperatingIncomeLoss,ok,3개월 기준 YoY 계산 성공,성장지속,10,-10,밸류트랩의심,-0.6,default,2,72.7,64.7,2.0,0.0,3.69,0.0,0.0,OFF,0.0,0.0,0.06669908834344192,SAFE,11.0,7.0,0.0,0.09459459459459459,3,5.0,0.141,-10.0,3.0,14.425,1.02,27.57,0.95,8275.0,305.0,0.0,PYKRX,False,3.1,10.4,WATCH,WATCH,5.4,WATCH,WATCH,-2.3
kosdaq,20260714,20260714_2021,033160,엠케이전자,반도체·전자부품,15730,25.5,16.9,28.6,-57.5,104.8,8.9,-46.5,-23.6,-22.8,-36.5,4.6,0.92,37000,7680,10,0,1,1,821538,859751,123.6,131.3,179.7,0.96,3,0,0,1,0,+3%반등,76.8,-79.2,14.7,298.7,-150.6,1,8,약세,-8,-7,0,-1,-21.9,-24.2,1496.48,,-1.11,-2212.0,-2212.0,-2212.0,10,10,1.0,97.8,89.8,033160,121686,0,1,0,0,,[20250805] 주요사항보고서(전환사채권발행결정) (20250805000270),,,,https://dart.fss.or.kr/dsaf001/main.do?rcpNo=20250805000270,,,,20250805000270,주의,2025.0,141.9,560.8,-74.7,CFS,영업이익,dart_OperatingIncomeLoss,-1593.2,1664.2,영업활동으로 인한 현금흐름,ifrs-full_CashFlowsFromUsedInOperatingActivities,ok,연간 영업이익 YoY 계산 성공,ok,OCF 추출 성공,2026 Q1,3개월,151.5,-11.5,1419.9,thstrm_amount,frmtrm_q_amount,CFS,fnlttSinglAcntAll,영업이익,dart_OperatingIncomeLoss,ok,3개월 기준 YoY 계산 성공,턴어라운드,20,-10,밸류트랩의심,-11.23,default,7,114.8,106.8,5.0,0.0,0.36,0.0,0.0,OFF,0.0,0.0,0.06837193019865377,SAFE,13.0,13.0,0.0,-0.1913978494623656,7,-10.0,-0.359,-10.0,8.5,19.2,0.9,249.68,0.76,17572.0,63.0,6.0,PYKRX,False,2.4,5.7,WATCH,WATCH,0.7,WATCH,WATCH,1.7
kosdaq,20260714,20260714_2021,082850,우리바이오,식료품,1073,47.9,17.0,25.0,-59.9,7.5,-7.0,-23.5,-45.0,-7.2,-30.0,-44.1,0.57,2675,998,0,0,0,0,141634,280276,1.7,1.6,3.3,0.51,0,0,0,0,0,-,48.2,0.3,0.0,3.3,0.0,1,8,약세,-8,-7,0,-1,-21.9,-24.2,1496.48,,-1.11,-2212.0,-2212.0,-2212.0,10,10,1.0,56.2,48.2,082850,369107,0,1,0,0,,[20260608] 주식병합결정               (20260608900766),,,,https://dart.fss.or.kr/dsaf001/main.do?rcpNo=20260608900766,,,,20260608900766,주의,2025.0,9.5,152.0,-93.7,CFS,영업이익(손실),dart_OperatingIncomeLoss,348.2,362.4,영업활동현금흐름,ifrs-full_CashFlowsFromUsedInOperatingActivities,ok,연간 영업이익 YoY 계산 성공,ok,OCF 추출 성공,2026 Q1,3개월,-43.1,7.8,-656.4,thstrm_amount,frmtrm_q_amount,CFS,fnlttSinglAcntAll,영업이익(손실),dart_OperatingIncomeLoss,ok,3개월 기준 YoY 계산 성공,하락지속,-10,5,현금창출양호,36.65,default,0,51.2,43.2,2.0,0.0,0.0,0.0,0.0,OFF,0.0,0.0,0.05133961100229216,SAFE,18.0,0.0,0.0,0.2978723404255319,0,5.0,0.091,10.0,-10.0,12.05,0.25,0.0,1.86,4337.0,0.0,1.0,PYKRX,False,1.9,10.6,WATCH,WATCH,8.0,WATCH,WATCH,-6.1
kosdaq,20260714,20260714_2021,383310,에코프로에이치엔,화학,25100,42.8,14.1,15.4,-46.5,13.8,-8.4,-16.1,-16.5,-13.6,-14.6,-13.2,0.71,46900,22050,5,0,1,0,274648,325782,56.3,71.1,96.9,0.84,0,0,0,0,0,-,55.3,3.9,-5.4,42.2,-38.4,1,8,약세,-8,-7,0,-1,-21.9,-24.2,1496.48,,-1.11,-2212.0,-2212.0,-2212.0,10,10,1.0,68.3,60.3,383310,1566248,0,0,0,0,,,,,,,,,,,안전,2025.0,117.1,242.3,-51.7,CFS,영업이익,dart_OperatingIncomeLoss,-48.7,582.4,영업활동으로 인한 현금흐름,ifrs-full_CashFlowsFromUsedInOperatingActivities,ok,연간 영업이익 YoY 계산 성공,ok,OCF 추출 성공,2026 Q1,3개월,50.3,34.1,47.7,thstrm_amount,frmtrm_q_amount,CFS,fnlttSinglAcntAll,영업이익,dart_OperatingIncomeLoss,ok,3개월 기준 YoY 계산 성공,턴어라운드,20,-10,밸류트랩의심,-0.42,default,-3,75.3,67.3,2.0,0.0,4.34,0.0,0.0,OFF,0.0,0.0,0.0734724292142521,SAFE,6.0,0.0,0.0,0.5217391304347826,0,0.0,-0.015,-10.0,8.5,13.825,1.73,39.78,0.8,14535.0,631.0,0.0,PYKRX,False,1.9,2.1,WATCH,WATCH,2.3,WATCH,WATCH,-0.4
kosdaq,20260714,20260714_2021,222800,심텍,반도체·전자부품,108000,46.5,13.0,19.2,-34.2,404.7,-0.4,-19.5,58.6,-12.8,-7.5,53.5,0.67,164200,21400,5,0,1,0,718452,833087,608.0,811.4,1050.7,0.86,3,0,0,1,0,+3%반등,45.2,-341.8,511.5,-1436.3,2356.3,1,8,약세,-8,-7,0,-1,-21.9,-24.2,1496.48,,-1.11,-2212.0,-2212.0,-2212.0,10,10,1.0,61.2,53.2,222800,1095722,0,3,0,0,,[20260605] 주요사항보고서(제3자의전환사채매수선택권행사) (20260605000408) || [20250807] 주요사항보고서(제3자의신주인수권부사채매수선택권행사) (20250807000309) || [20250807] 주요사항보고서(제3자의전환사채매수선택권행사) (20250807000306),,,,https://dart.fss.or.kr/dsaf001/main.do?rcpNo=20260605000408 || https://dart.fss.or.kr/dsaf001/main.do?rcpNo=20250807000309 || https://dart.fss.or.kr/dsaf001/main.do?rcpNo=20250807000306,,,,20260605000408 || 20250807000309 || 20250807000306,주의,2025.0,118.7,-469.7,125.3,CFS,영업이익,dart_OperatingIncomeLoss,-1986.1,-1612.6,영업활동현금흐름,ifrs-full_CashFlowsFromUsedInOperatingActivities,ok,연간 영업이익 YoY 계산 성공,ok,OCF 추출 성공,2026 Q1,3개월,137.1,-163.2,184.0,thstrm_amount,frmtrm_q_amount,CFS,fnlttSinglAcntAll,영업이익,dart_OperatingIncomeLoss,ok,3개월 기준 YoY 계산 성공,성장지속,10,-10,밸류트랩의심,-16.73,default,2,63.2,55.2,2.0,0.0,0.0,0.0,0.0,OFF,0.0,0.0,0.08617052747060813,SAFE,3.0,1.0,0.0,0.020512820512820513,7,10.0,0.162,-7.0,5.5,11.3,7.0,0.0,0.09,15419.0,0.0,-5.0,PYKRX,False,1.7,27.6,WATCH,WATCH,1.8,WATCH,WATCH,-0.1
kosdaq,20260714,20260714_2021,099430,바이오플러스,제약·바이오,3760,35.7,16.9,5.6,-55.0,3.3,-8.1,-19.6,-28.5,-8.9,-22.6,-30.8,1.02,8350,3640,0,0,0,0,238541,320448,12.1,9.3,13.3,0.74,0,0,0,0,0,-,72.4,-2.1,0.1,3.5,2.8,1,8,약세,-8,-7,0,-1,-21.9,-24.2,1496.48,,-1.11,-2212.0,-2212.0,-2212.0,10,10,1.0,80.4,72.4,099430,636656,0,1,0,0,,[20260202] 전환사채(해외전환사채포함)발행후만기전사채취득               (20260202902136),,,,https://dart.fss.or.kr/dsaf001/main.do?rcpNo=20260202902136,,,,20260202902136,주의,2025.0,150.1,236.7,-36.6,CFS,영업이익(손실),dart_OperatingIncomeLoss,147.4,222.9,영업활동현금흐름,ifrs-full_CashFlowsFromUsedInOperatingActivities,ok,연간 영업이익 YoY 계산 성공,ok,OCF 추출 성공,2026 Q1,3개월,56.5,71.0,-20.4,thstrm_amount,frmtrm_q_amount,CFS,fnlttSinglAcntAll,영업이익(손실),dart_OperatingIncomeLoss,ok,3개월 기준 YoY 계산 성공,하락지속,-10,5,현금창출양호,0.98,default,2,77.4,69.4,2.0,0.0,8.91,0.0,0.0,OFF,0.0,0.0,0.038941663598266535,SAFE,20.0,28.0,0.0,0.41326530612244894,0,-10.0,-0.15,15.0,-10.0,18.1,1.32,14.86,1.86,2841.0,253.0,0.0,PYKRX,False,1.0,-1.6,WATCH,WATCH,3.1,WATCH,WATCH,-2.1
kosdaq,20260714,20260714_2021,264660,씨앤지하이테크,기계·장비,12360,46.2,25.6,28.4,-52.6,6.3,-1.0,-19.7,-30.5,-5.4,-24.2,-26.3,0.56,26100,11630,5,0,1,0,46641,61131,4.2,5.7,8.1,0.76,3,0,1,0,0,5일선회복,45.3,-1.4,0.1,-17.8,0.2,1,8,약세,-8,-7,0,-1,-21.9,-24.2,1496.48,,-1.11,-2212.0,-2212.0,-2212.0,10,10,1.0,61.3,53.3,264660,605328,0,2,0,0,,[20260630] [기재정정]최대주주변경을수반하는주식담보제공계약체결               (20260630900882) || [20260427] [기재정정]최대주주변경을수반하는주식담보제공계약체결               (20260427900633),,,,https://dart.fss.or.kr/dsaf001/main.do?rcpNo=20260630900882 || https://dart.fss.or.kr/dsaf001/main.do?rcpNo=20260427900633,,,,20260630900882 || 20260427900633,주의,2025.0,247.4,129.4,91.2,CFS,영업이익(손실),dart_OperatingIncomeLoss,148.9,8.2,영업활동현금흐름,ifrs-full_CashFlowsFromUsedInOperatingActivities,ok,연간 영업이익 YoY 계산 성공,ok,OCF 추출 성공,2026 Q1,3개월,-21.7,44.6,-148.6,thstrm_amount,frmtrm_q_amount,CFS,fnlttSinglAcntAll,영업이익(손실),dart_OperatingIncomeLoss,ok,3개월 기준 YoY 계산 성공,피크아웃,-15,2,현금창출보통,0.6,default,2,50.3,42.3,2.0,0.0,13.67,1.0,0.0,OFF,0.0,0.0,0.042928223469199195,SAFE,18.0,1.0,0.0,0.050761421319796954,7,-10.0,-0.16,10.0,-15.0,11.325,0.81,5.95,4.45,15198.0,2078.0,9.0,PYKRX,False,0.5,2.9,WATCH,WATCH,2.3,WATCH,WATCH,-1.8
kosdaq,20260714,20260714_2021,234030,싸이닉솔루션,반도체·전자부품,3035,38.5,9.9,17.4,-80.1,3.1,-8.4,-35.1,-55.5,-15.7,-36.7,-61.1,1.07,15240,2945,0,0,0,0,87254,105733,3.5,2.8,3.8,0.83,0,0,0,0,0,-,70.6,1.1,0.0,12.1,-2.2,1,8,약세,-8,-7,0,-1,-21.9,-24.2,1496.48,,-1.11,-2212.0,-2212.0,-2212.0,10,10,1.0,78.6,70.6,234030,874168,0,0,0,0,,,,,,,,,,,안전,2025.0,25.1,52.7,-52.3,CFS,영업이익(손실),dart_OperatingIncomeLoss,-23.8,7.1,영업활동현금흐름,ifrs-full_CashFlowsFromUsedInOperatingActivities,ok,연간 영업이익 YoY 계산 성공,ok,OCF 추출 성공,2026 Q1,3개월,-0.3,5.7,-105.6,thstrm_amount,frmtrm_q_amount,CFS,fnlttSinglAcntAll,영업이익(손실),dart_OperatingIncomeLoss,ok,3개월 기준 YoY 계산 성공,하락지속,-10,-10,밸류트랩의심,-0.95,default,4,62.6,54.6,2.0,0.0,5.1,0.0,0.0,OFF,0.0,0.0,0.04522455780971477,SAFE,20.0,33.0,0.0,0.23931623931623933,3,10.0,0.289,-15.0,-5.0,17.65,1.96,38.42,0.0,1548.0,79.0,0.0,PYKRX,False,0.1,7.8,WATCH,WATCH,0.6,WATCH,WATCH,-0.5
kosdaq,20260714,20260714_2021,295310,에이치브이엠,철강·1차금속,43500,36.7,9.5,18.4,-69.8,98.2,-15.4,-53.2,-47.5,-22.0,-47.8,-33.1,0.34,144000,21950,0,0,0,0,114956,237872,35.4,52.3,142.6,0.48,0,0,0,0,0,-,72.6,63.9,-38.2,319.4,-136.7,1,8,약세,-8,-7,0,-1,-21.9,-24.2,1496.48,,-1.11,-2212.0,-2212.0,-2212.0,10,10,1.0,80.6,72.6,295310,1011368,0,2,0,0,,[20260402] 주요사항보고서(전환사채권발행결정) (20260402002584) || [20250723] [기재정정]주요사항보고서(전환사채권발행결정) (20250723000218),,,,https://dart.fss.or.kr/dsaf001/main.do?rcpNo=20260402002584 || https://dart.fss.or.kr/dsaf001/main.do?rcpNo=20250723000218,,,,20260402002584 || 20250723000218,주의,2025.0,58.4,-67.9,186.0,OFS,영업이익(손실),dart_OperatingIncomeLoss,-88.3,-140.1,영업활동현금흐름,ifrs-full_CashFlowsFromUsedInOperatingActivities,ok,연간 영업이익 YoY 계산 성공,ok,OCF 추출 성공,2026 Q1,3개월,44.2,11.3,292.3,thstrm_amount,frmtrm_q_amount,OFS,fnlttSinglAcntAll,영업이익,dart_OperatingIncomeLoss,ok,3개월 기준 YoY 계산 성공,성장지속,10,-10,밸류트랩의심,-1.51,default,0,80.6,72.6,2.0,0.0,14.0,0.0,0.0,OFF,0.0,0.0,0.06088112518694942,SAFE,20.0,20.0,0.0,0.2894736842105263,0,10.0,0.18,-7.0,5.5,18.15,5.75,41.04,0.0,7571.0,1060.0,0.0,PYKRX,False,-0.0,15.7,WATCH,WATCH,6.6,WATCH,WATCH,-6.6
kosdaq,20260714,20260714_2021,254490,미래반도체,도매,14810,28.3,7.9,17.7,-69.0,4.8,-9.5,-43.6,-13.9,-22.7,-42.0,-23.3,0.78,47850,14130,5,0,1,0,111888,150701,17.2,17.3,30.5,0.74,0,0,0,0,0,-,82.9,2.1,-0.8,36.9,-24.9,1,8,약세,-8,-7,0,-1,-21.9,-24.2,1496.48,,-1.11,-2212.0,-2212.0,-2212.0,10,10,1.0,95.9,87.9,254490,299844,0,1,0,0,,[20251028] 주요사항보고서(전환사채권발행결정) (20251028000276),,,,https://dart.fss.or.kr/dsaf001/main.do?rcpNo=20251028000276,,,,20251028000276,주의,2025.0,190.8,102.3,86.4,OFS,영업이익,dart_OperatingIncomeLoss,-267.1,-305.9,Ⅰ.영업활동 현금흐름,ifrs-full_CashFlowsFromUsedInOperatingActivities,ok,연간 영업이익 YoY 계산 성공,ok,OCF 추출 성공,2026 Q1,3개월,321.8,53.9,496.8,thstrm_amount,frmtrm_q_amount,OFS,fnlttSinglAcntAll,영업이익,dart_OperatingIncomeLoss,ok,3개월 기준 YoY 계산 성공,성장지속,10,-10,밸류트랩의심,-1.4,default,2,97.9,89.9,2.0,0.0,12.82,0.0,0.0,OFF,0.0,0.0,0.05744528561995216,SAFE,20.0,29.0,0.0,0.21788990825688073,3,0.0,0.043,-7.0,5.5,20.0,1.94,15.13,0.0,7635.0,979.0,0.0,PYKRX,False,-0.6,10.2,WATCH,WATCH,1.5,WATCH,WATCH,-2.1
kosdaq,20260714,20260714_2021,0015G0,그린광학,의료·정밀·광학,14900,47.4,27.0,28.1,-72.9,10.1,-3.0,-20.3,-49.2,-8.3,-30.9,,0.64,55000,13530,10,0,1,1,72915,111394,10.3,11.1,18.7,0.65,0,0,0,0,0,-,43.6,-0.2,1.1,0.2,4.4,1,8,약세,-8,-7,0,-1,-21.9,-24.2,1496.48,,-1.11,-2212.0,-2212.0,-2212.0,10,10,1.0,61.6,53.6,0015G0,677486,0,0,0,0,,,,,,,,,,,안전,2025.0,22.0,2.0,1028.1,CFS,영업이익(손실),dart_OperatingIncomeLoss,-80.7,-22.8,영업활동현금흐름,ifrs-full_CashFlowsFromUsedInOperatingActivities,ok,연간 영업이익 YoY 계산 성공,ok,OCF 추출 성공,2026 Q1,3개월,5.6,-10.2,154.6,thstrm_amount,frmtrm_q_amount,CFS,fnlttSinglAcntAll,영업이익(손실),dart_OperatingIncomeLoss,ok,3개월 기준 YoY 계산 성공,성장지속,10,-10,밸류트랩의심,-3.67,default,2,63.6,55.6,5.0,0.0,3.78,0.0,0.0,OFF,0.0,0.0,0.0816263368131217,SAFE,18.0,1.0,0.0,0.14778325123152708,3,0.0,0.048,-7.0,5.5,10.9,2.66,70.28,0.0,5602.0,212.0,0.0,PYKRX,False,-1.3,7.5,WATCH,WATCH,2.4,WATCH,WATCH,-3.7
kosdaq,20260714,20260714_2021,060280,큐렉소,소매,8030,35.5,8.7,15.9,-64.4,2.0,-5.5,-26.1,-45.4,-11.0,-28.9,-39.0,0.98,22550,7870,0,0,0,0,208876,218703,17.3,17.2,19.9,0.96,0,0,0,0,0,-,73.4,12.6,4.5,58.4,9.4,1,15,약세,-8,-7,0,-1,-21.9,-24.2,1496.48,,-1.11,-2212.0,-2212.0,-2212.0,10,10,1.0,88.4,80.4,060280,356802,0,2,0,0,,[20260520] [첨부정정]주요사항보고서(전환사채권발행결정) (20260520000137) || [20260422] 주요사항보고서(전환사채권발행결정) (20260422000573),,,,https://dart.fss.or.kr/dsaf001/main.do?rcpNo=20260520000137 || https://dart.fss.or.kr/dsaf001/main.do?rcpNo=20260422000573,,,,20260520000137 || 20260422000573,주의,2025.0,23.6,-58.2,140.6,CFS,영업이익(손실),dart_OperatingIncomeLoss,-112.6,38.5,영업활동으로 인한 현금흐름,ifrs-full_CashFlowsFromUsedInOperatingActivities,ok,연간 영업이익 YoY 계산 성공,ok,OCF 추출 성공,2026 Q1,3개월,-9.1,8.4,-208.3,thstrm_amount,frmtrm_q_amount,CFS,fnlttSinglAcntAll,영업이익(손실),dart_OperatingIncomeLoss,ok,3개월 기준 YoY 계산 성공,피크아웃,-15,-10,밸류트랩의심,-4.77,default,4,67.4,59.4,4.0,0.0,2.86,0.0,0.0,OFF,0.0,0.0,0.03626017452290774,SAFE,20.0,33.0,0.0,0.210727969348659,3,15.0,0.859,-12.0,-7.5,18.35,3.43,119.85,0.0,2342.0,67.0,0.0,PYKRX,False,-1.5,14.7,WATCH,WATCH,-3.1,WATCH,WATCH,1.6
kosdaq,20260714,20260714_2021,351870,차이커뮤니케이션,엔지니어링,1756,32.2,8.0,26.3,-78.8,2.3,-9.4,-34.5,-55.8,-12.3,-36.4,-59.1,0.1,8270,1716,0,0,0,0,6267,62429,0.1,0.1,1.6,0.1,0,0,0,0,0,-,76.2,-0.1,0.0,0.4,0.0,1,0,약세,-8,-7,0,-1,-21.9,-24.2,1496.48,,-1.11,-2212.0,-2212.0,-2212.0,10,10,1.0,76.2,68.2,351870,909835,0,2,0,0,,[20260422] 주요사항보고서(전환사채권발행결정) (20260422000508) || [20251121] 주요사항보고서(전환사채권발행결정) (20251121000421),,,,https://dart.fss.or.kr/dsaf001/main.do?rcpNo=20260422000508 || https://dart.fss.or.kr/dsaf001/main.do?rcpNo=20251121000421,,,,20260422000508 || 20251121000421,주의,2025.0,44.4,35.5,25.0,CFS,영업이익(손실),dart_OperatingIncomeLoss,11.8,128.1,영업활동현금흐름,ifrs-full_CashFlowsFromUsedInOperatingActivities,ok,연간 영업이익 YoY 계산 성공,ok,OCF 추출 성공,2026 Q1,3개월,-9.0,4.7,-290.0,thstrm_amount,frmtrm_q_amount,CFS,fnlttSinglAcntAll,영업이익(손실),dart_OperatingIncomeLoss,ok,3개월 기준 YoY 계산 성공,피크아웃,-15,-3,현금창출약함,0.27,default,0,58.2,50.2,0.0,0.0,2.25,0.0,0.0,OFF,0.0,0.0,0.05608294194609288,SAFE,20.0,33.0,0.0,0.27246376811594203,0,0.0,-0.062,5.0,-15.0,19.05,0.37,16.26,0.0,4809.0,108.0,12.0,PYKRX,False,-2.2,-0.8,WATCH,WATCH,11.0,WATCH,WATCH,-13.2
kosdaq,20260714,20260714_2021,182360,큐브엔터,미디어·엔터,5290,40.8,13.0,15.7,-72.0,4.8,-14.0,-21.9,-47.8,-11.0,-24.7,-53.2,0.92,18920,5050,0,0,0,0,27988,33665,1.7,1.6,2.0,0.83,0,0,0,0,0,-,62.7,-0.7,-0.1,-0.8,-0.1,1,0,약세,-8,-7,0,-1,-21.9,-24.2,1496.48,,-1.11,-2212.0,-2212.0,-2212.0,10,10,1.0,62.7,54.7,182360,985686,0,1,0,0,,[20260612] 주요사항보고서(유상증자결정) (20260612000599),,,,https://dart.fss.or.kr/dsaf001/main.do?rcpNo=20260612000599,,,,20260612000599,주의,2025.0,-72.6,119.8,-160.6,CFS,영업이익,dart_OperatingIncomeLoss,427.0,23.1,영업활동으로 인한 현금흐름,ifrs-full_CashFlowsFromUsedInOperatingActivities,ok,연간 영업이익 YoY 계산 성공,ok,OCF 추출 성공,2026 Q1,3개월,-51.8,-11.5,-349.3,thstrm_amount,frmtrm_q_amount,CFS,fnlttSinglAcntAll,영업이익,dart_OperatingIncomeLoss,ok,3개월 기준 YoY 계산 성공,하락지속,-10,0,회계손실현금유입,,default,-1,51.7,43.7,0.0,0.0,0.0,0.0,0.0,OFF,0.0,0.0,0.04823935820259973,SAFE,16.0,5.0,0.0,0.6392694063926941,0,-10.0,-0.4,5.0,-10.0,15.675,0.49,0.0,0.0,10823.0,0.0,7.0,PYKRX,False,-2.9,-10.3,WATCH,WATCH,-2.3,WATCH,WATCH,-0.6
kosdaq,20260714,20260714_2021,065440,이루온,출판·SW,1377,37.3,11.1,19.3,-73.5,15.6,-4.9,-32.2,-68.4,-12.8,-44.9,-33.2,0.68,5200,1191,5,0,1,0,284429,327000,3.0,4.1,5.4,0.87,0,0,0,0,0,-,71.1,-0.3,0.0,12.1,0.1,1,0,약세,-8,-7,0,-1,-21.9,-24.2,1496.48,,-1.11,-2212.0,-2212.0,-2212.0,10,10,1.0,76.1,68.1,065440,390514,0,0,0,0,,,,,,,,,,,안전,2025.0,15.3,31.0,-50.4,CFS,영업이익(손실),dart_OperatingIncomeLoss,-9.8,77.9,영업활동현금흐름,ifrs-full_CashFlowsFromUsedInOperatingActivities,ok,연간 영업이익 YoY 계산 성공,ok,OCF 추출 성공,2026 Q1,3개월,-11.9,2.2,-652.8,thstrm_amount,frmtrm_q_amount,CFS,fnlttSinglAcntAll,영업이익(손실),dart_OperatingIncomeLoss,ok,3개월 기준 YoY 계산 성공,하락지속,-10,-10,밸류트랩의심,-0.64,default,2,58.1,50.1,0.0,0.0,3.04,0.0,0.0,OFF,0.0,0.0,0.048659269921127825,SAFE,20.0,33.0,0.0,0.15217391304347827,3,0.0,-0.056,-15.0,-5.0,17.775,0.71,23.34,0.0,1942.0,59.0,6.0,PYKRX,False,-3.1,-4.2,WATCH,WATCH,-3.2,WATCH,WATCH,0.1
kosdaq,20260714,20260714_2021,013310,아진산업,자동차·부품,2490,41.6,11.9,19.6,-49.1,1.6,-5.3,-19.2,-21.1,-7.6,-21.1,-21.7,0.75,4895,2450,0,0,0,0,222745,280784,5.2,5.7,7.7,0.79,0,0,0,0,0,-,58.5,-4.9,0.0,-12.9,-0.3,1,0,약세,-8,-7,0,-1,-21.9,-24.2,1496.48,,-1.11,-2212.0,-2212.0,-2212.0,10,10,1.0,58.5,50.5,013310,139083,0,3,0,0,,[20260706] [기재정정]최대주주변경을수반하는주식담보제공계약체결               (20260706900364) || [20260105] [기재정정]최대주주변경을수반하는주식담보제공계약체결               (20260105900626) || [20251023] 유상증자결정(종속회사의주요경영사항)               (20251023900251),,,,https://dart.fss.or.kr/dsaf001/main.do?rcpNo=20260706900364 || https://dart.fss.or.kr/dsaf001/main.do?rcpNo=20260105900626 || https://dart.fss.or.kr/dsaf001/main.do?rcpNo=20251023900251,,,,20260706900364 || 20260105900626 || 20251023900251,주의,2025.0,643.6,322.7,99.4,CFS,영업이익,dart_OperatingIncomeLoss,-87.3,605.8,영업활동으로 인한 현금흐름,ifrs-full_CashFlowsFromUsedInOperatingActivities,ok,연간 영업이익 YoY 계산 성공,ok,OCF 추출 성공,2026 Q1,3개월,176.1,70.7,149.2,thstrm_amount,frmtrm_q_amount,CFS,fnlttSinglAcntAll,영업이익,dart_OperatingIncomeLoss,ok,3개월 기준 YoY 계산 성공,성장지속,10,-10,밸류트랩의심,-0.14,default,0,58.5,50.5,0.0,0.0,6.68,0.0,0.0,OFF,0.0,0.0,0.03195411854249535,SAFE,20.0,31.0,0.0,0.2760416666666667,0,-10.0,-0.636,-7.0,5.5,14.625,0.28,4.16,4.02,8952.0,598.0,15.0,PYKRX,False,-3.2,-9.4,WATCH,WATCH,-1.9,WATCH,WATCH,-1.3
kosdaq,20260714,20260714_2021,089850,유비벨록스,출판·SW,3870,37.4,33.9,14.7,-44.4,5.7,-4.8,-12.0,-28.2,-5.7,-13.4,-27.0,1.34,6960,3660,0,0,0,0,20629,24004,1.3,0.8,1.0,0.86,0,0,0,0,0,-,58.5,0.1,0.0,-1.2,0.0,1,8,약세,-8,-7,0,-1,-21.9,-24.2,1496.48,,-1.11,-2212.0,-2212.0,-2212.0,10,10,1.0,66.5,58.5,089850,592653,0,0,0,0,,,,,,,,,,,안전,2025.0,214.6,341.0,-37.1,CFS,영업이익(손실),dart_OperatingIncomeLoss,-273.6,243.9,영업활동현금흐름,ifrs-full_CashFlowsFromUsedInOperatingActivities,ok,연간 영업이익 YoY 계산 성공,ok,OCF 추출 성공,2026 Q1,3개월,-24.3,3.1,-873.3,thstrm_amount,frmtrm_q_amount,CFS,fnlttSinglAcntAll,영업이익(손실),dart_OperatingIncomeLoss,ok,3개월 기준 YoY 계산 성공,하락지속,-10,-10,밸류트랩의심,-1.27,default,0,46.5,38.5,2.0,0.0,0.0,0.0,0.0,OFF,0.0,0.0,0.027997688910458812,SAFE,13.0,5.0,0.0,0.39999999999999997,0,5.0,0.1,-15.0,-5.0,14.625,0.43,0.0,0.0,9085.0,0.0,7.0,PYKRX,False,-3.4,-5.1,WATCH,WATCH,-3.4,WATCH,WATCH,0.0
kosdaq,20260714,20260714_2021,238090,앤디포스,고무·플라스틱,2330,32.4,10.2,10.8,-43.9,51.6,-7.9,-8.6,-36.0,-8.9,-15.6,-0.5,0.22,4150,1537,0,0,0,0,27098,90154,0.5,0.7,2.4,0.3,0,0,0,0,0,-,68.9,-1.1,0.0,2.0,0.1,1,0,약세,-8,-7,0,-1,-21.9,-24.2,1496.48,,-1.11,-2212.0,-2212.0,-2212.0,10,10,1.0,68.9,60.900000000000006,238090,942131,0,10,0,0,,[20260617] 주요사항보고서(전환사채권발행결정) (20260617000378) || [20260324] [기재정정]주요사항보고서(전환사채권발행결정) (20260324000706) || [20260316] 주요사항보고서(전환사채권발행결정) (20260316001577),,,,https://dart.fss.or.kr/dsaf001/main.do?rcpNo=20260617000378 || https://dart.fss.or.kr/dsaf001/main.do?rcpNo=20260324000706 || https://dart.fss.or.kr/dsaf001/main.do?rcpNo=20260316001577,,,,20260617000378 || 20260324000706 || 20260316001577,주의,2025.0,48.1,19.5,146.8,CFS,영업이익(손실),dart_OperatingIncomeLoss,73.5,104.3,영업활동으로 인한 현금흐름,ifrs-full_CashFlowsFromUsedInOperatingActivities,ok,연간 영업이익 YoY 계산 성공,ok,OCF 추출 성공,2026 Q1,3개월,12.9,25.9,-50.1,thstrm_amount,frmtrm_q_amount,CFS,fnlttSinglAcntAll,영업이익(손실),dart_OperatingIncomeLoss,ok,3개월 기준 YoY 계산 성공,피크아웃,-15,5,현금창출양호,1.53,default,-3,55.9,47.9,0.0,0.0,5.49,0.0,0.0,OFF,0.0,0.0,0.06192710693290447,SAFE,7.0,1.0,0.0,0.9186046511627908,0,-10.0,-0.458,18.0,-15.0,17.225,0.56,10.13,0.0,4190.0,230.0,6.0,PYKRX,False,-3.5,-2.9,WATCH,WATCH,6.2,WATCH,WATCH,-9.7
kosdaq,20260714,20260714_2021,127980,화인써키트,반도체·전자부품,3045,44.7,16.7,21.8,-61.0,3.0,-5.0,-20.6,-39.8,-8.4,-31.8,-44.4,0.86,7810,2955,5,0,0,1,8654,12984,0.3,0.3,0.4,0.67,4,0,0,0,1,거래량동반양봉,52.9,-0.1,0.0,0.0,0.0,1,0,약세,-8,-7,0,-1,-21.9,-24.2,1496.48,,-1.11,-2212.0,-2212.0,-2212.0,10,10,1.0,61.9,53.9,127980,527002,0,3,0,0,,[20260402] 주요사항보고서(전환사채권발행결정) (20260402003319) || [20260330] 전환사채(해외전환사채포함)발행후만기전사채취득              (제6회차) (20260330901181) || [20250930] 전환사채(해외전환사채포함)발행후만기전사채취득              (제6회차) (20250930900505),,,,https://dart.fss.or.kr/dsaf001/main.do?rcpNo=20260402003319 || https://dart.fss.or.kr/dsaf001/main.do?rcpNo=20260330901181 || https://dart.fss.or.kr/dsaf001/main.do?rcpNo=20250930900505,,,,20260402003319 || 20260330901181 || 20250930900505,주의,2025.0,-14.9,45.1,-132.9,CFS,영업이익(손실),dart_OperatingIncomeLoss,28.2,11.5,영업활동으로 인한 현금흐름,ifrs-full_CashFlowsFromUsedInOperatingActivities,ok,연간 영업이익 YoY 계산 성공,ok,OCF 추출 성공,2026 Q1,3개월,2.2,4.2,-48.2,thstrm_amount,frmtrm_q_amount,CFS,fnlttSinglAcntAll,영업이익(손실),dart_OperatingIncomeLoss,ok,3개월 기준 YoY 계산 성공,하락지속,-10,0,회계손실현금유입,,default,4,55.9,47.9,3.0,0.0,0.0,0.0,0.0,OFF,0.0,0.0,0.03914876233115208,SAFE,20.0,33.0,0.0,0.24271844660194172,7,-10.0,-0.25,5.0,-10.0,13.225,0.95,0.0,5.58,3205.0,0.0,4.0,PYKRX,False,-4.1,3.0,WATCH,WATCH,-0.8,WATCH,WATCH,-3.3
kosdaq,20260714,20260714_2021,037460,삼지전자,반도체·전자부품,33350,46.3,38.2,32.3,-48.3,206.0,-1.2,-20.8,14.6,-6.7,-16.5,39.5,0.68,64500,10900,10,0,1,1,103222,121363,27.7,34.8,43.8,0.85,3,0,0,1,0,+3%반등,42.4,-26.1,11.4,-11.1,38.4,1,8,약세,-8,-7,0,-1,-21.9,-24.2,1496.48,,-1.11,-2212.0,-2212.0,-2212.0,10,10,1.0,63.4,55.4,037460,128315,0,0,0,0,,,,,,,,,,,안전,2025.0,1624.5,1156.1,40.5,CFS,영업이익(손실),dart_OperatingIncomeLoss,-1407.6,-1099.5,영업활동현금흐름,ifrs-full_CashFlowsFromUsedInOperatingActivities,ok,연간 영업이익 YoY 계산 성공,ok,OCF 추출 성공,2026 Q1,3개월,3342.1,249.4,1240.3,thstrm_amount,frmtrm_q_amount,CFS,fnlttSinglAcntAll,영업이익(손실),dart_OperatingIncomeLoss,ok,3개월 기준 YoY 계산 성공,성장지속,10,-10,밸류트랩의심,-0.87,default,2,65.4,57.4,5.0,0.0,15.45,0.0,0.0,OFF,0.0,0.0,0.04521390256794973,SAFE,18.0,15.0,0.0,0.05769230769230769,7,-10.0,-0.336,-7.0,5.5,10.6,1.02,6.63,1.65,32565.0,5030.0,0.0,PYKRX,False,-4.1,3.4,WATCH,WATCH,-3.9,WATCH,WATCH,-0.2
kosdaq,20260714,20260714_2021,142210,유니트론텍,도매,5290,45.5,27.9,24.8,-41.6,7.8,-4.3,-23.7,0.6,-8.1,-19.9,-13.5,1.03,9060,4905,5,0,0,1,208354,251149,13.4,11.2,14.7,0.83,4,0,0,0,1,거래량동반양봉,46.0,-3.2,-0.1,-10.5,0.6,1,0,약세,-8,-7,0,-1,-21.9,-24.2,1496.48,,-1.11,-2212.0,-2212.0,-2212.0,10,10,1.0,55.0,47.0,142210,879020,0,6,0,0,,[20260323] [기재정정]최대주주변경을수반하는주식담보제공계약체결               (20260323902112) || [20260220] [기재정정]최대주주변경을수반하는주식담보제공계약체결               (20260220901149) || [20260122] [기재정정]최대주주변경을수반하는주식담보제공계약체결               (20260122900567),,,,https://dart.fss.or.kr/dsaf001/main.do?rcpNo=20260323902112 || https://dart.fss.or.kr/dsaf001/main.do?rcpNo=20260220901149 || https://dart.fss.or.kr/dsaf001/main.do?rcpNo=20260122900567,,,,20260323902112 || 20260220901149 || 20260122900567,주의,2025.0,322.7,361.3,-10.7,CFS,영업이익,dart_OperatingIncomeLoss,-221.6,36.5,영업활동현금흐름,ifrs-full_CashFlowsFromUsedInOperatingActivities,ok,연간 영업이익 YoY 계산 성공,ok,OCF 추출 성공,2026 Q1,3개월,184.4,99.8,84.7,thstrm_amount,frmtrm_q_amount,CFS,fnlttSinglAcntAll,영업이익,dart_OperatingIncomeLoss,ok,3개월 기준 YoY 계산 성공,턴어라운드,20,-10,밸류트랩의심,-0.69,default,4,69.0,61.0,3.0,0.0,9.53,1.0,0.0,OFF,0.0,0.0,0.043337920565584796,SAFE,20.0,21.0,0.0,0.18143459915611815,7,-10.0,-0.224,-10.0,8.5,11.5,0.79,8.27,3.12,6717.0,640.0,9.0,PYKRX,False,-4.6,3.4,WATCH,WATCH,-4.0,WATCH,WATCH,-0.6
kosdaq,20260714,20260714_2021,459100,위츠,반도체·전자부품,3995,28.5,20.1,17.2,-57.0,4.4,-4.9,-25.2,-34.2,-10.4,-26.1,-37.4,0.77,9290,3825,5,0,0,1,26044,27999,0.9,1.1,1.3,0.93,0,0,0,0,0,-,78.2,-1.1,0.0,-1.7,0.0,1,0,약세,-8,-7,0,-1,-21.9,-24.2,1496.48,,-1.11,-2212.0,-2212.0,-2212.0,10,10,1.0,83.2,75.2,459100,1445440,0,4,0,0,,[20260422] 감자결정(종속회사의주요경영사항)               (20260422900499) || [20251114] 증권발행결과(자율공시)              (제3자배정 유상증자) (20251114902101) || [20251030] 주요사항보고서(유상증자결정) (20251030000110),,,,https://dart.fss.or.kr/dsaf001/main.do?rcpNo=20260422900499 || https://dart.fss.or.kr/dsaf001/main.do?rcpNo=20251114902101 || https://dart.fss.or.kr/dsaf001/main.do?rcpNo=20251030000110,,,,20260422900499 || 20251114902101 || 20251030000110,주의,2025.0,25.9,21.8,19.1,CFS,영업이익(손실),dart_OperatingIncomeLoss,-285.7,-40.2,영업활동현금흐름,ifrs-full_CashFlowsFromUsedInOperatingActivities,ok,연간 영업이익 YoY 계산 성공,ok,OCF 추출 성공,2026 Q1,3개월,15.0,7.7,94.5,thstrm_amount,frmtrm_q_amount,CFS,fnlttSinglAcntAll,영업이익(손실),dart_OperatingIncomeLoss,ok,3개월 기준 YoY 계산 성공,성장지속,10,-10,밸류트랩의심,-11.03,default,2,85.2,77.2,3.0,0.0,4.51,0.0,0.0,OFF,0.0,0.0,0.03217827646319085,SAFE,20.0,29.0,0.0,0.19444444444444448,3,-10.0,-0.846,-7.0,5.5,19.55,1.18,26.28,7.51,3373.0,152.0,3.0,PYKRX,False,-4.8,-1.9,WATCH,WATCH,-5.9,WATCH,WATCH,1.1
kosdaq,20260714,20260714_2021,006620,동구바이오제약,제약·바이오,3640,44.3,33.7,25.0,-43.0,4.3,-3.3,-11.2,-28.8,-4.0,-13.8,-28.6,1.4,6390,3490,5,0,0,1,118550,106578,5.5,4.4,4.0,1.11,4,0,0,0,1,거래량동반양봉,43.4,-0.4,-0.4,2.5,0.0,1,0,약세,-8,-7,0,-1,-21.9,-24.2,1496.48,,-1.11,-2212.0,-2212.0,-2212.0,10,10,1.0,52.4,44.4,006620,114686,0,0,0,0,,,,,,,,,,,안전,2025.0,92.5,126.9,-27.1,CFS,영업이익,dart_OperatingIncomeLoss,-42.9,173.4,영업활동으로 인한 현금흐름,ifrs-full_CashFlowsFromUsedInOperatingActivities,ok,연간 영업이익 YoY 계산 성공,ok,OCF 추출 성공,2026 Q1,3개월,18.1,23.3,-22.5,thstrm_amount,frmtrm_q_amount,CFS,fnlttSinglAcntAll,영업이익,dart_OperatingIncomeLoss,ok,3개월 기준 YoY 계산 성공,하락지속,-10,-10,밸류트랩의심,-0.46,default,0,32.4,24.4,3.0,0.0,33.14,1.0,0.0,OFF,0.0,0.0,0.034255577256226494,SAFE,14.0,0.0,0.0,0.29464285714285715,4,-10.0,-0.2,-15.0,-5.0,10.85,0.65,1.96,3.3,5610.0,1859.0,15.0,PYKRX,False,-5.9,-16.2,WATCH,WATCH,-10.2,WATCH,WATCH,4.3
kosdaq,20260714,20260714_2021,086040,바이오톡스텍,지주·전문서비스,1990,43.4,24.5,18.7,-51.6,5.0,-9.5,-16.7,-37.4,-7.4,-22.2,-29.9,0.35,4115,1896,0,0,0,0,13954,23414,0.2,0.3,0.5,0.6,0,0,0,0,0,-,52.1,-0.2,0.0,0.3,0.0,1,0,약세,-8,-7,0,-1,-21.9,-24.2,1496.48,,-1.11,-2212.0,-2212.0,-2212.0,10,10,1.0,52.1,44.1,086040,447502,0,1,0,0,,[20260708] 신주인수권부사채(해외신주인수권부사채포함)발행후만기전사채취득               (20260708900588),,,,https://dart.fss.or.kr/dsaf001/main.do?rcpNo=20260708900588,,,,20260708900588,주의,2025.0,-48.1,-88.8,45.8,CFS,영업이익(손실),dart_OperatingIncomeLoss,66.4,-71.2,영업활동현금흐름,ifrs-full_CashFlowsFromUsedInOperatingActivities,ok,연간 영업이익 YoY 계산 성공,ok,OCF 추출 성공,2026 Q1,3개월,-18.2,-14.2,-28.3,thstrm_amount,frmtrm_q_amount,CFS,fnlttSinglAcntAll,영업이익(손실),dart_OperatingIncomeLoss,ok,3개월 기준 YoY 계산 성공,피크아웃,-15,0,회계손실현금유입,,default,-3,34.1,26.1,0.0,0.0,2.84,0.0,0.0,OFF,0.0,0.0,0.0364338766277536,SAFE,17.0,3.0,0.0,0.5688622754491018,0,-10.0,-0.4,8.0,-15.0,13.025,0.76,26.89,0.0,2607.0,74.0,12.0,PYKRX,False,-6.5,-12.2,WATCH,WATCH,-2.0,WATCH,WATCH,-4.5
kosdaq,20260714,20260714_2021,060380,동양에스텍,철강·1차금속,1173,38.5,20.2,10.1,-51.3,17.3,-3.9,-6.2,-18.8,-4.7,-8.8,-19.5,0.22,2410,1000,0,0,0,0,15057,34202,0.1,0.2,0.4,0.44,0,0,0,0,0,-,58.8,0.0,0.0,-0.1,0.0,1,0,약세,-8,-7,0,-1,-21.9,-24.2,1496.48,,-1.11,-2212.0,-2212.0,-2212.0,10,10,1.0,58.8,50.8,060380,178851,0,0,0,0,,,,,,,,,,,안전,2025.0,18.1,31.5,-42.5,CFS,영업이익(손실),dart_OperatingIncomeLoss,-103.0,159.5,영업활동현금흐름,ifrs-full_CashFlowsFromUsedInOperatingActivities,ok,연간 영업이익 YoY 계산 성공,ok,OCF 추출 성공,2026 Q1,3개월,0.1,4.9,-97.4,thstrm_amount,frmtrm_q_amount,CFS,fnlttSinglAcntAll,영업이익(손실),dart_OperatingIncomeLoss,ok,3개월 기준 YoY 계산 성공,하락지속,-10,-10,밸류트랩의심,-5.69,default,-3,35.8,27.8,0.0,0.0,1.2,0.0,0.0,OFF,0.0,0.0,0.02251801414073666,SAFE,4.0,1.0,0.0,0.6290322580645161,0,0.0,0.0,-15.0,-5.0,14.7,0.2,16.52,4.26,5897.0,71.0,15.0,PYKRX,False,-7.6,-11.1,WATCH,WATCH,-0.3,WATCH,WATCH,-7.3
kosdaq,20260714,20260714_2021,071670,에이테크솔루션,기계·장비,4995,17.1,6.8,22.0,-64.9,5.4,-4.7,-20.5,-41.9,-16.1,-27.5,-35.6,0.1,14250,4740,5,0,1,0,43020,329783,1.8,2.2,23.0,0.13,0,0,0,0,0,-,76.5,-0.2,0.0,-11.1,0.0,1,0,약세,-8,-7,0,-1,-21.9,-24.2,1496.48,,-1.11,-2212.0,-2212.0,-2212.0,10,10,1.0,81.5,73.5,071670,384887,0,0,0,0,,,,,,,,,,,안전,2025.0,6.1,4.9,24.2,CFS,영업이익(손실),dart_OperatingIncomeLoss,-11.5,5.4,영업활동현금흐름,ifrs-full_CashFlowsFromUsedInOperatingActivities,ok,연간 영업이익 YoY 계산 성공,ok,OCF 추출 성공,2026 Q1,3개월,-9.5,6.9,-236.8,thstrm_amount,frmtrm_q_amount,CFS,fnlttSinglAcntAll,영업이익(손실),dart_OperatingIncomeLoss,ok,3개월 기준 YoY 계산 성공,피크아웃,-15,-10,밸류트랩의심,-1.89,default,2,58.5,50.5,0.0,0.0,0.52,0.0,0.0,OFF,0.0,0.0,0.09368547515311774,SAFE,12.0,3.0,0.0,0.22926829268292684,3,0.0,-0.009,-12.0,-7.5,19.125,0.56,108.59,0.0,8845.0,46.0,12.0,PYKRX,False,-8.1,-3.1,WATCH,WATCH,4.6,WATCH,WATCH,-12.7
kosdaq,20260714,20260714_2021,478560,블랙야크아이앤씨,가죽·신발,2410,25.5,13.2,-5.6,-41.9,3.9,-8.9,-16.3,-26.1,-10.8,-17.0,-28.5,0.49,4150,2320,0,0,0,0,60701,50931,0.6,1.5,1.4,1.19,0,0,0,0,0,-,79.1,-0.2,-1.7,0.9,-1.9,1,0,약세,-8,-7,0,-1,-21.9,-24.2,1496.48,,-1.11,-2212.0,-2212.0,-2212.0,10,10,1.0,79.1,71.1,478560,1718407,0,2,0,0,,[20260514] [기재정정]주요사항보고서(전환사채권발행결정) (20260513000881) || [20260513] 주요사항보고서(전환사채권발행결정) (20260513000669),,,,https://dart.fss.or.kr/dsaf001/main.do?rcpNo=20260513000881 || https://dart.fss.or.kr/dsaf001/main.do?rcpNo=20260513000669,,,,20260513000881 || 20260513000669,주의,2025.0,92.8,83.0,11.8,CFS,영업이익(손실),dart_OperatingIncomeLoss,-47.3,8.3,영업활동현금흐름,ifrs-full_CashFlowsFromUsedInOperatingActivities,ok,연간 영업이익 YoY 계산 성공,ok,OCF 추출 성공,2026 Q1,3개월,25.9,11.0,134.4,thstrm_amount,frmtrm_q_amount,CFS,fnlttSinglAcntAll,영업이익(손실),dart_OperatingIncomeLoss,ok,3개월 기준 YoY 계산 성공,성장지속,10,-10,밸류트랩의심,-0.51,default,-3,76.1,68.1,0.0,0.0,0.0,0.0,0.0,OFF,0.0,0.0,0.028250859703814146,SAFE,6.0,2.0,0.0,0.5460122699386503,0,-10.0,-1.357,-7.0,5.5,19.775,1.62,0.0,13.49,1484.0,0.0,-2.0,PYKRX,False,-8.1,-7.8,WATCH,WATCH,-13.7,WATCH,WATCH,5.6
kosdaq,20260714,20260714_2021,178320,서진시스템,전기장비,37700,30.1,7.8,10.7,-54.7,104.8,-17.6,-51.8,-16.7,-28.4,-40.6,-7.4,0.88,83300,18410,0,0,0,0,1340714,1427116,458.5,557.9,774.6,0.94,0,0,0,0,0,-,85.6,252.2,13.6,2229.5,-896.5,1,15,약세,-8,-7,0,-1,-21.9,-24.2,1496.48,,-1.11,-2212.0,-2212.0,-2212.0,10,10,1.0,100.6,92.6,178320,838005,0,30,0,0,,[20260713] [기재정정]최대주주변경을수반하는주식담보제공계약체결               (20260713900689) || [20260710] 최대주주변경을수반하는주식담보제공계약체결               (20260710900840) || [20260612] 최대주주변경을수반하는주식담보제공계약해제ㆍ취소등               (20260612900896),,,,https://dart.fss.or.kr/dsaf001/main.do?rcpNo=20260713900689 || https://dart.fss.or.kr/dsaf001/main.do?rcpNo=20260710900840 || https://dart.fss.or.kr/dsaf001/main.do?rcpNo=20260612900896,,,,20260713900689 || 20260710900840 || 20260612900896,주의,2025.0,11.5,1087.0,-98.9,CFS,영업이익,dart_OperatingIncomeLoss,-397.6,-1134.6,영업활동으로 인한 순현금흐름액,ifrs-full_CashFlowsFromUsedInOperatingActivities,ok,연간 영업이익 YoY 계산 성공,ok,OCF 추출 성공,2026 Q1,3개월,-329.6,208.6,-258.0,thstrm_amount,frmtrm_q_amount,CFS,fnlttSinglAcntAll,영업이익,dart_OperatingIncomeLoss,ok,3개월 기준 YoY 계산 성공,하락지속,-10,-10,밸류트랩의심,-34.57,default,2,82.6,74.6,4.0,0.0,0.0,0.0,0.0,OFF,0.0,0.0,0.07186708539026342,SAFE,15.0,14.0,0.0,0.3397683397683398,0,15.0,0.343,-15.0,-5.0,20.0,2.87,0.0,0.0,13127.0,0.0,-5.0,PYKRX,False,-8.7,8.5,WATCH,WATCH,-10.0,WATCH,WATCH,1.3
kosdaq,20260714,20260714_2021,105740,디케이락,기계·장비,6380,36.5,15.3,9.3,-45.4,2.7,-4.8,-10.5,-38.5,-6.5,-17.8,-32.1,1.29,11680,6210,0,0,0,0,50695,61304,5.0,3.3,4.2,0.83,0,0,0,0,0,-,65.1,-1.5,0.0,-11.3,-1.3,1,0,약세,-8,-7,0,-1,-21.9,-24.2,1496.48,,-1.11,-2212.0,-2212.0,-2212.0,10,10,1.0,65.1,57.1,105740,533003,0,0,0,0,,,,,,,,,,,안전,2025.0,110.7,-1.9,5975.1,CFS,영업이익(손실),dart_OperatingIncomeLoss,-13.1,58.7,영업활동현금흐름,ifrs-full_CashFlowsFromUsedInOperatingActivities,ok,연간 영업이익 YoY 계산 성공,ok,OCF 추출 성공,2026 Q1,3개월,2.4,14.1,-83.1,thstrm_amount,frmtrm_q_amount,CFS,fnlttSinglAcntAll,영업이익(손실),dart_OperatingIncomeLoss,ok,3개월 기준 YoY 계산 성공,피크아웃,-15,-10,밸류트랩의심,-0.12,default,2,42.1,34.1,0.0,0.0,5.08,0.0,0.0,OFF,0.0,0.0,0.029796865803004488,SAFE,11.0,1.0,0.0,0.45714285714285713,0,-10.0,-0.357,-12.0,-7.5,16.275,0.48,9.35,4.7,13415.0,682.0,15.0,PYKRX,False,-8.8,-22.0,WATCH,WATCH,-8.2,WATCH,WATCH,-0.6
kosdaq,20260714,20260714_2021,043650,국순당,음료,3655,32.0,17.7,40.6,-29.7,17.3,-1.7,6.4,-12.9,-3.0,-3.7,-10.3,0.03,5200,3115,5,0,1,0,71190,1060319,1.1,2.6,43.9,0.07,6,0,1,1,0,5일선회복/+3%반등,45.7,-0.7,0.1,-3.7,-0.3,1,3,약세,-8,-7,0,-1,-21.9,-24.2,1496.48,,-1.11,-2212.0,-2212.0,-2212.0,10,10,1.0,59.7,51.7,043650,256715,0,0,0,0,,,,,,,,,,,안전,2025.0,105.6,30.9,241.5,CFS,영업외손익,dart_NonOperatingProfitLoss,-13.5,11.8,영업활동현금흐름,ifrs-full_CashFlowsFromUsedInOperatingActivities,ok,연간 영업이익 YoY 계산 성공,ok,OCF 추출 성공,2026 Q1,3개월,13.1,19.0,-31.2,thstrm_amount,frmtrm_q_amount,CFS,fnlttSinglAcntAll,영업외손익,dart_NonOperatingProfitLoss,ok,3개월 기준 YoY 계산 성공,피크아웃,-15,-10,밸류트랩의심,-0.13,default,0,34.7,26.7,2.0,0.0,2.63,0.0,0.0,OFF,0.0,0.0,0.06722897099404261,SAFE,6.0,0.0,0.0,,8,0.0,-0.014,-12.0,-7.5,11.425,0.24,9.21,2.19,15068.0,397.0,15.0,PYKRX,False,-8.8,4.6,WATCH,WATCH,4.9,WATCH,WATCH,-13.7
kosdaq,20260714,20260714_2021,388790,라이콤,반도체·전자부품,4140,28.4,16.1,26.3,-55.6,96.2,3.5,-43.3,-14.4,-18.2,-22.9,9.3,0.61,9330,2110,10,1,1,0,1519751,962971,23.4,71.3,51.6,1.58,3,0,0,1,0,+3%반등,78.0,-39.0,-0.7,-15.6,-2.1,1,0,약세,-8,-7,0,-1,-21.9,-24.2,1496.48,,-1.11,-2212.0,-2212.0,-2212.0,10,10,1.0,91.0,83.0,388790,1569102,0,1,0,0,,[20260708] 주요사항보고서(전환사채권발행결정) (20260708000402),,,,https://dart.fss.or.kr/dsaf001/main.do?rcpNo=20260708000402,,,,20260708000402,주의,2025.0,5.8,-53.4,110.9,OFS,영업이익(손실),dart_OperatingIncomeLoss,-9.5,-13.7,영업활동으로 인한 현금흐름,ifrs-full_CashFlowsFromUsedInOperatingActivities,ok,연간 영업이익 YoY 계산 성공,ok,OCF 추출 성공,2026 Q1,3개월,-8.8,-4.3,-103.6,thstrm_amount,frmtrm_q_amount,OFS,fnlttSinglAcntAll,영업이익(손실),dart_OperatingIncomeLoss,ok,3개월 기준 YoY 계산 성공,피크아웃,-15,-10,밸류트랩의심,-1.64,default,5,71.0,63.0,0.0,0.0,1.13,0.0,0.0,OFF,0.0,0.0,0.09456909670250219,SAFE,11.0,11.0,0.0,-0.08083140877598154,7,-10.0,-0.769,-12.0,-7.5,19.5,5.84,517.5,0.0,709.0,8.0,0.0,PYKRX,False,-10.6,-7.0,WATCH,WATCH,-23.0,WATCH,WATCH,12.4
kosdaq,20260714,20260714_2021,293580,나우IB,금융(은행),1231,41.1,7.8,7.2,-63.3,12.7,-10.7,-23.9,-31.6,-13.8,-32.6,-24.8,0.7,3350,1092,0,0,0,0,344024,489269,3.8,4.5,7.3,0.7,0,0,0,0,0,-,67.4,0.9,0.0,5.2,0.0,1,8,약세,-8,-7,0,-1,-21.9,-24.2,1496.48,,-1.11,-2212.0,-2212.0,-2212.0,10,10,1.0,75.4,67.4,293580,651017,0,0,0,0,,,,,,,,,,,안전,2025.0,73.0,90.1,-19.0,CFS,영업이익,ifrs-full_ProfitLossFromOperatingActivities,-145.7,1.4,영업활동현금흐름,ifrs-full_CashFlowsFromUsedInOperatingActivities,ok,연간 영업이익 YoY 계산 성공,ok,OCF 추출 성공,2026 Q1,3개월,3.1,88.2,-96.5,thstrm_amount,frmtrm_q_amount,CFS,fnlttSinglAcntAll,영업이익,ifrs-full_ProfitLossFromOperatingActivities,ok,3개월 기준 YoY 계산 성공,하락지속,-10,-10,밸류트랩의심,-2.0,default,0,55.4,47.4,2.0,0.0,5.54,0.0,0.0,OFF,0.0,0.0,0.050412458731980726,SAFE,19.0,7.0,0.0,0.4476987447698745,0,5.0,0.123,-15.0,-5.0,16.85,1.12,20.18,1.79,1101.0,61.0,0.0,PYKRX,False,-11.0,-4.4,WATCH,WATCH,-8.1,WATCH,WATCH,-2.9
kosdaq,20260714,20260714_2021,033790,피노,전기장비,5770,35.3,17.0,24.5,-69.9,67.5,-1.4,-38.4,-46.0,-16.5,-43.8,-17.0,0.62,19150,3445,5,0,1,0,566982,695649,24.8,32.5,49.5,0.82,3,0,1,0,0,5일선회복,70.5,-15.5,0.0,62.9,-25.0,1,0,약세,-8,-7,0,-1,-21.9,-24.2,1496.48,,-1.11,-2212.0,-2212.0,-2212.0,10,10,1.0,78.5,70.5,033790,276083,0,2,0,0,,[20260406] 증권발행결과(자율공시)              (제3자배정 유상증자) (20260406900463) || [20260327] 주요사항보고서(유상증자결정) (20260326001537),,,,https://dart.fss.or.kr/dsaf001/main.do?rcpNo=20260406900463 || https://dart.fss.or.kr/dsaf001/main.do?rcpNo=20260326001537,,,,20260406900463 || 20260326001537,주의,2025.0,88.5,0.1,116185.8,OFS,영업이익(손실),dart_OperatingIncomeLoss,-111.1,-6.8,영업활동현금흐름,ifrs-full_CashFlowsFromUsedInOperatingActivities,ok,연간 영업이익 YoY 계산 성공,ok,OCF 추출 성공,2026 Q1,3개월,94.7,0.5,17620.8,thstrm_amount,frmtrm_q_amount,OFS,fnlttSinglAcntAll,영업이익(손실),dart_OperatingIncomeLoss,ok,3개월 기준 YoY 계산 성공,성장지속,10,-10,밸류트랩의심,-1.26,default,2,80.5,72.5,0.0,0.0,0.0,0.0,0.0,OFF,0.0,0.0,0.06194834191026092,SAFE,20.0,32.0,0.0,0.036458333333333336,7,-10.0,-0.313,-7.0,5.5,17.625,3.99,0.0,0.0,1447.0,0.0,-5.0,PYKRX,False,-12.6,5.5,WATCH,WATCH,-11.9,WATCH,WATCH,-0.7
kosdaq,20260714,20260714_2021,900290,GRT,금융(은행),2405,44.4,17.8,18.5,-67.9,7.6,-7.5,-21.5,-56.4,-13.8,-24.0,-35.3,0.49,7490,2235,5,0,1,0,620523,933320,11.3,15.3,26.3,0.66,0,0,0,0,0,-,54.8,1.2,-16.3,-91.0,7.4,1,8,약세,-8,-7,0,-1,-21.9,-24.2,1496.48,,-1.11,-2212.0,-2212.0,-2212.0,10,10,1.0,67.8,59.8,900290,1170962,0,20,0,0,,[20260528] [기재정정]주요사항보고서(유상증자결정) (20260528000822) || [20260520] [기재정정]주요사항보고서(유상증자결정) (20260520000325) || [20260506] [기재정정]주요사항보고서(유상증자결정) (20260506000510),,,,https://dart.fss.or.kr/dsaf001/main.do?rcpNo=20260528000822 || https://dart.fss.or.kr/dsaf001/main.do?rcpNo=20260520000325 || https://dart.fss.or.kr/dsaf001/main.do?rcpNo=20260506000510,,,,20260528000822 || 20260520000325 || 20260506000510,주의,2025.0,7.1,8.0,-11.3,CFS,영업이익(손실),dart_OperatingIncomeLoss,4.6,2.0,영업활동현금흐름,ifrs-full_CashFlowsFromUsedInOperatingActivities,ok,연간 영업이익 YoY 계산 성공,ok,OCF 추출 성공,2025 Q3,3개월,1.4,1.7,-16.5,thstrm_amount,frmtrm_q_amount,CFS,fnlttSinglAcntAll,영업이익(손실),dart_OperatingIncomeLoss,ok,3개월 기준 YoY 계산 성공,하락지속,-10,2,현금창출보통,0.65,default,0,59.8,51.8,2.0,0.0,,,0.0,OFF,0.0,0.0,0.06805218472700168,SAFE,17.0,6.0,0.0,0.3488372093023256,0,-10.0,-0.574,7.0,-10.0,13.7,,,,,,0.0,PYKRX,False,-12.8,-9.3,WATCH,WATCH,-9.3,WATCH,WATCH,-3.5
kosdaq,20260714,20260714_2021,045390,대아티아이,전기장비,2505,34.1,12.6,18.8,-57.3,2.5,-6.7,-23.3,-44.7,-10.5,-23.7,-38.0,0.99,5860,2445,0,0,0,0,493846,611652,14.3,12.7,17.6,0.81,0,0,0,0,0,-,72.3,-0.2,-0.6,-2.3,-0.8,1,0,약세,-8,-7,0,-1,-21.9,-24.2,1496.48,,-1.11,-2212.0,-2212.0,-2212.0,10,10,1.0,72.3,64.3,045390,318316,0,0,0,0,,,,,,,,,,,안전,2025.0,75.6,78.0,-3.1,CFS,영업이익,dart_OperatingIncomeLoss,-15.1,485.9,영업활동으로 인한 현금흐름,ifrs-full_CashFlowsFromUsedInOperatingActivities,ok,연간 영업이익 YoY 계산 성공,ok,OCF 추출 성공,2026 Q1,3개월,6.2,15.6,-60.4,thstrm_amount,frmtrm_q_amount,CFS,fnlttSinglAcntAll,영업이익,dart_OperatingIncomeLoss,ok,3개월 기준 YoY 계산 성공,하락지속,-10,-10,밸류트랩의심,-0.2,default,2,54.3,46.3,0.0,0.0,13.25,0.0,0.0,OFF,0.0,0.0,0.045162524419708944,SAFE,14.0,7.0,0.0,0.2875536480686695,0,0.0,-0.045,-15.0,-5.0,18.075,1.14,8.64,0.0,2189.0,290.0,0.0,PYKRX,False,-12.9,-10.1,WATCH,WATCH,-11.9,WATCH,WATCH,-1.0
kosdaq,20260714,20260714_2021,256940,킵스파마,제약·바이오,5390,45.7,13.8,3.8,-75.6,3.3,-8.5,-13.5,-35.1,-8.7,-14.9,-37.8,1.12,22100,5220,0,0,0,0,48421,47326,2.9,2.7,2.8,1.02,0,0,0,0,0,-,56.3,1.5,0.0,3.3,1.0,1,8,약세,-8,-7,0,-1,-21.9,-24.2,1496.48,,-1.11,-2212.0,-2212.0,-2212.0,10,10,1.0,64.3,56.3,256940,1037214,0,1,0,0,,[20260706] [기재정정]주요사항보고서(전환사채권발행결정) (20260706000074),,,,https://dart.fss.or.kr/dsaf001/main.do?rcpNo=20260706000074,,,,20260706000074,주의,2025.0,15.7,62.2,-74.7,CFS,영업이익(손실),dart_OperatingIncomeLoss,-149.2,48.1,영업활동으로 인한 현금흐름,ifrs-full_CashFlowsFromUsedInOperatingActivities,ok,연간 영업이익 YoY 계산 성공,ok,OCF 추출 성공,2026 Q1,3개월,-6.6,0.9,-842.8,thstrm_amount,frmtrm_q_amount,CFS,fnlttSinglAcntAll,영업이익(손실),dart_OperatingIncomeLoss,ok,3개월 기준 YoY 계산 성공,하락지속,-10,-10,밸류트랩의심,-9.5,default,-1,43.3,35.3,2.0,0.0,0.0,0.0,0.0,OFF,0.0,0.0,0.038289922539368436,SAFE,10.0,2.0,0.0,0.6296296296296297,0,15.0,0.536,-15.0,-5.0,14.075,1.75,0.0,0.0,3088.0,0.0,-5.0,PYKRX,False,-13.2,6.7,WATCH,WATCH,-15.9,WATCH,WATCH,2.7
kosdaq,20260714,20260714_2021,126340,비나텍,전기장비,62900,34.1,10.4,14.2,-69.2,138.0,-23.7,-44.8,-39.9,-29.2,-49.3,-35.1,1.36,204500,26429,0,0,0,0,164344,156421,127.1,111.9,143.2,1.05,0,0,0,0,0,-,79.9,14.0,-40.3,3.1,-63.3,1,8,약세,-8,-7,0,-1,-21.9,-24.2,1496.48,,-1.11,-2212.0,-2212.0,-2212.0,10,10,1.0,87.9,79.9,126340,563518,0,5,0,0,,[20260319] [기재정정]주요사항보고서(전환사채권발행결정) (20260319000390) || [20260312] 주요사항보고서(전환사채권발행결정) (20260312001260) || [20260127] 주요사항보고서(제3자의전환사채매수선택권행사) (20260127000315),,,,https://dart.fss.or.kr/dsaf001/main.do?rcpNo=20260319000390 || https://dart.fss.or.kr/dsaf001/main.do?rcpNo=20260312001260 || https://dart.fss.or.kr/dsaf001/main.do?rcpNo=20260127000315,,,,20260319000390 || 20260312001260 || 20260127000315,주의,2025.0,17.7,-80.7,122.0,CFS,영업이익(손실),dart_OperatingIncomeLoss,-60.6,-34.2,영업활동현금흐름,ifrs-full_CashFlowsFromUsedInOperatingActivities,ok,연간 영업이익 YoY 계산 성공,ok,OCF 추출 성공,2026 Q1,3개월,-15.4,-24.1,36.3,thstrm_amount,frmtrm_q_amount,CFS,fnlttSinglAcntAll,영업이익(손실),dart_OperatingIncomeLoss,ok,3개월 기준 YoY 계산 성공,성장지속,10,-10,밸류트랩의심,-3.42,default,-3,84.9,76.9,2.0,0.0,0.0,0.0,0.0,OFF,0.0,0.0,0.11482312176051365,SAFE,19.0,7.0,0.0,0.5290178571428572,0,-10.0,-0.184,-7.0,5.5,19.975,5.31,0.0,0.0,11841.0,0.0,-5.0,PYKRX,False,-13.3,-7.8,WATCH,WATCH,-16.5,WATCH,WATCH,3.2
kosdaq,20260714,20260714_2021,255220,SG,비금속광물(시멘트·유리),1371,41.5,5.6,32.4,-62.2,2.6,-9.1,-35.9,-51.0,-11.2,-29.1,-42.7,0.38,3630,1336,5,1,0,0,4636805,2590371,13.7,68.7,41.0,1.79,0,0,0,0,0,-,59.8,-6.1,0.0,8.6,0.0,1,0,약세,-8,-7,0,-1,-21.9,-24.2,1496.48,,-1.11,-2212.0,-2212.0,-2212.0,10,10,1.0,64.8,56.8,255220,963976,0,5,0,0,,[20260618] 주요사항보고서(유상증자결정) (20260618000225) || [20260129] 전환사채(해외전환사채포함)발행후만기전사채취득               (20260129901019) || [20260106] 신주인수권부사채(해외신주인수권부사채포함)발행후만기전사채취득               (20260106900496),,,,https://dart.fss.or.kr/dsaf001/main.do?rcpNo=20260618000225 || https://dart.fss.or.kr/dsaf001/main.do?rcpNo=20260129901019 || https://dart.fss.or.kr/dsaf001/main.do?rcpNo=20260106900496,,,,20260618000225 || 20260129901019 || 20260106900496,주의,2025.0,7.5,-60.7,112.4,CFS,영업손익,dart_OperatingIncomeLoss,-285.4,185.9,영업활동으로 인한 현금흐름,ifrs-full_CashFlowsFromUsedInOperatingActivities,ok,연간 영업이익 YoY 계산 성공,ok,OCF 추출 성공,2026 Q1,3개월,-60.4,-24.3,-148.3,thstrm_amount,frmtrm_q_amount,CFS,fnlttSinglAcntAll,영업손익,dart_OperatingIncomeLoss,ok,3개월 기준 YoY 계산 성공,피크아웃,-15,-10,밸류트랩의심,-38.05,default,0,39.8,31.8,0.0,0.0,0.0,0.0,0.0,OFF,0.0,0.0,0.07254708530842922,SAFE,15.0,1.0,0.0,0.25348189415041783,0,0.0,-0.149,-12.0,-7.5,14.95,1.21,0.0,0.0,1130.0,0.0,-5.0,PYKRX,False,-13.5,-10.4,WATCH,WATCH,-29.6,WATCH,WATCH,16.1
kosdaq,20260714,20260714_2021,156100,엘앤케이바이오,의료·정밀·광학,4225,43.8,10.5,13.9,-74.2,2.8,-11.1,-19.2,-44.5,-8.7,-20.9,-55.3,1.54,16400,4110,0,0,0,0,146892,113465,7.5,6.6,5.2,1.29,0,0,0,0,0,-,60.9,-1.5,0.0,0.4,0.4,1,0,약세,-8,-7,0,-1,-21.9,-24.2,1496.48,,-1.11,-2212.0,-2212.0,-2212.0,10,10,1.0,60.9,52.9,156100,918222,0,3,0,0,,[20260127] 주요사항보고서(자기전환사채매도결정) (20260127000250) || [20260122] 전환사채(해외전환사채포함)발행후만기전사채취득               (20260122900671) || [20260109] 주요사항보고서(전환사채권발행결정) (20260109000381),,,,https://dart.fss.or.kr/dsaf001/main.do?rcpNo=20260127000250 || https://dart.fss.or.kr/dsaf001/main.do?rcpNo=20260122900671 || https://dart.fss.or.kr/dsaf001/main.do?rcpNo=20260109000381,,,,20260127000250 || 20260122900671 || 20260109000381,주의,2025.0,7.2,30.8,-76.8,CFS,영업이익(손실),dart_OperatingIncomeLoss,-138.8,-74.3,영업활동현금흐름,ifrs-full_CashFlowsFromUsedInOperatingActivities,ok,연간 영업이익 YoY 계산 성공,ok,OCF 추출 성공,2026 Q1,3개월,1.1,-1.5,172.8,thstrm_amount,frmtrm_q_amount,CFS,fnlttSinglAcntAll,영업이익(손실),dart_OperatingIncomeLoss,ok,3개월 기준 YoY 계산 성공,턴어라운드,20,-10,밸류트랩의심,-19.28,default,-3,67.9,59.9,0.0,0.0,0.0,0.0,0.0,OFF,0.0,0.0,0.04749854860308702,SAFE,18.0,1.0,0.0,0.578125,0,-10.0,-0.288,-10.0,8.5,15.225,2.02,0.0,0.0,2087.0,0.0,-5.0,PYKRX,False,-13.9,-9.5,WATCH,WATCH,-21.3,WATCH,WATCH,7.4
kosdaq,20260714,20260714_2021,226590,엠디바이스,반도체·전자부품,11470,43.7,33.7,23.8,-69.8,26.2,-10.5,-30.1,-55.5,-10.3,-34.2,-40.4,0.5,38000,9090,5,0,0,1,59933,76671,4.4,7.1,9.9,0.78,3,0,0,1,0,+3%반등,54.9,-4.3,-0.1,-3.8,-0.6,1,0,약세,-8,-7,0,-1,-21.9,-24.2,1496.48,,-1.11,-2212.0,-2212.0,-2212.0,10,10,1.0,62.9,54.9,226590,1022142,0,2,0,0,,[20250911] [기재정정]주요사항보고서(전환사채권발행결정) (20250911000339) || [20250911] 주요사항보고서(전환사채권발행결정) (20250911000306),,,,https://dart.fss.or.kr/dsaf001/main.do?rcpNo=20250911000339 || https://dart.fss.or.kr/dsaf001/main.do?rcpNo=20250911000306,,,,20250911000339 || 20250911000306,주의,2025.0,115.4,47.9,141.1,CFS,영업이익,dart_OperatingIncomeLoss,-171.4,-31.1,영업활동현금흐름,ifrs-full_CashFlowsFromUsedInOperatingActivities,ok,연간 영업이익 YoY 계산 성공,ok,OCF 추출 성공,2026 Q1,3개월,31.5,23.0,37.2,thstrm_amount,frmtrm_q_amount,CFS,fnlttSinglAcntAll,영업이익,dart_OperatingIncomeLoss,ok,3개월 기준 YoY 계산 성공,성장지속,10,-10,밸류트랩의심,-1.49,default,0,62.9,54.9,3.0,0.0,23.25,0.0,0.0,OFF,0.0,0.0,0.04735427856211983,SAFE,20.0,33.0,0.0,0.3488372093023256,4,-10.0,-0.444,-7.0,5.5,13.725,2.58,11.08,0.0,4452.0,1035.0,0.0,PYKRX,False,-15.2,-1.6,WATCH,WATCH,-13.8,WATCH,WATCH,-1.4
kosdaq,20260714,20260714_2021,053450,세코닉스,의료·정밀·광학,3410,44.5,31.2,34.8,-54.8,6.2,-1.2,-22.7,-34.8,-4.6,-21.2,-34.7,0.45,7550,3210,0,0,0,0,46848,91815,1.4,1.6,3.4,0.51,3,0,0,1,0,+3%반등,45.7,-0.5,0.0,8.9,0.0,1,0,약세,-8,-7,0,-1,-21.9,-24.2,1496.48,,-1.11,-2212.0,-2212.0,-2212.0,10,10,1.0,48.7,40.7,053450,351630,0,2,0,0,,[20260324] [기재정정]감자결정(종속회사의주요경영사항)               (20260324900468) || [20251230] 감자결정(종속회사의주요경영사항)               (20251230900460),,,,https://dart.fss.or.kr/dsaf001/main.do?rcpNo=20260324900468 || https://dart.fss.or.kr/dsaf001/main.do?rcpNo=20251230900460,,,,20260324900468 || 20251230900460,주의,2025.0,30.1,144.2,-79.2,CFS,영업이익(손실),dart_OperatingIncomeLoss,-113.3,450.0,영업활동현금흐름,ifrs-full_CashFlowsFromUsedInOperatingActivities,ok,연간 영업이익 YoY 계산 성공,ok,OCF 추출 성공,2026 Q1,3개월,10.5,24.1,-56.5,thstrm_amount,frmtrm_q_amount,CFS,fnlttSinglAcntAll,영업이익(손실),dart_OperatingIncomeLoss,ok,3개월 기준 YoY 계산 성공,하락지속,-10,-10,밸류트랩의심,-3.76,default,2,30.7,22.7,0.0,0.0,3.39,0.0,0.0,OFF,0.0,0.0,0.0405638088916502,SAFE,19.0,1.0,0.0,0.05286343612334802,7,0.0,-0.147,-15.0,-5.0,11.425,0.35,10.43,0.0,9657.0,327.0,12.0,PYKRX,False,-15.7,1.9,WATCH,WATCH,-9.6,WATCH,WATCH,-6.1
kosdaq,20260714,20260714_2021,306620,지아이에스,기계·장비,1725,20.7,4.9,10.9,-58.3,3.5,-17.1,-33.3,-45.7,-28.3,-37.1,-32.3,0.3,4140,1666,5,0,1,0,438057,1352744,7.2,8.1,38.1,0.32,0,0,0,0,0,-,85.6,-4.3,-0.1,-16.9,6.1,1,0,약세,-8,-7,0,-1,-21.9,-24.2,1496.48,,-1.11,-2212.0,-2212.0,-2212.0,10,10,1.0,90.6,82.6,306620,1325429,0,9,0,0,,[20260522] [첨부정정]주요사항보고서(전환사채권발행결정) (20260522000310) || [20260507] 주요사항보고서(전환사채권발행결정) (20260507000623) || [20260416] 주요사항보고서(자기전환사채매도결정) (20260416000554),,,,https://dart.fss.or.kr/dsaf001/main.do?rcpNo=20260522000310 || https://dart.fss.or.kr/dsaf001/main.do?rcpNo=20260507000623 || https://dart.fss.or.kr/dsaf001/main.do?rcpNo=20260416000554,,,,20260522000310 || 20260507000623 || 20260416000554,주의,2025.0,16.3,36.3,-55.0,CFS,영업이익(손실),dart_OperatingIncomeLoss,-46.7,-5.0,영업활동현금흐름,ifrs-full_CashFlowsFromUsedInOperatingActivities,ok,연간 영업이익 YoY 계산 성공,ok,OCF 추출 성공,2026 Q1,3개월,-14.1,-31.6,55.3,thstrm_amount,frmtrm_q_amount,CFS,fnlttSinglAcntAll,영업이익(손실),dart_OperatingIncomeLoss,ok,3개월 기준 YoY 계산 성공,턴어라운드,20,-10,밸류트랩의심,-2.87,default,-3,97.6,89.6,0.0,0.0,0.0,0.0,0.0,OFF,0.0,0.0,0.07840781636548355,SAFE,11.0,7.0,0.0,0.5135135135135136,0,0.0,-0.115,-10.0,8.5,20.0,1.68,0.0,0.0,1025.0,0.0,-5.0,PYKRX,False,-15.9,3.9,WATCH,WATCH,-6.5,WATCH,WATCH,-9.4
kosdaq,20260714,20260714_2021,296640,이노에이엑스,출판·SW,4990,31.1,30.1,27.8,-50.1,6.6,-0.2,-13.8,-29.1,-5.7,-18.0,-20.7,0.97,9990,4680,10,0,1,1,11183,15138,0.8,0.6,0.8,0.74,7,0,0,1,1,+3%반등/거래량동반양봉,64.1,-0.3,-0.2,-1.0,-0.1,1,0,약세,-8,-7,0,-1,-21.9,-24.2,1496.48,,-1.11,-2212.0,-2212.0,-2212.0,10,10,1.0,81.1,73.1,296640,1341630,0,1,0,0,,[20250926] 신주인수권부사채(해외신주인수권부사채포함)발행후만기전사채취득              (제3회차) (20250926900359),,,,https://dart.fss.or.kr/dsaf001/main.do?rcpNo=20250926900359,,,,20250926900359,주의,2025.0,9.2,24.0,-61.5,CFS,영업이익(손실),dart_OperatingIncomeLoss,-15.7,41.0,영업활동으로 인한 현금흐름,ifrs-full_CashFlowsFromUsedInOperatingActivities,ok,연간 영업이익 YoY 계산 성공,ok,OCF 추출 성공,2026 Q1,3개월,4.6,4.6,-1.0,thstrm_amount,frmtrm_q_amount,CFS,fnlttSinglAcntAll,영업이익(손실),dart_OperatingIncomeLoss,ok,3개월 기준 YoY 계산 성공,하락지속,-10,-10,밸류트랩의심,-1.71,default,4,65.1,57.1,3.0,0.0,7.56,0.0,0.0,OFF,0.0,0.0,0.029094547760647946,SAFE,20.0,27.0,0.0,0.014492753623188406,11,-10.0,-0.625,-15.0,-5.0,16.025,0.74,9.77,4.41,6757.0,511.0,9.0,PYKRX,False,-16.1,-0.7,WATCH,WATCH,-14.0,WATCH,WATCH,-2.1
kosdaq,20260714,20260714_2021,416180,신성에스티,자동차·부품,18100,39.4,15.9,20.7,-65.5,5.8,-9.7,-35.8,-48.1,-16.1,-34.2,-47.8,0.49,52500,17110,0,0,0,0,22589,37488,3.5,4.2,7.9,0.6,0,0,0,0,0,-,66.1,0.2,-0.1,4.3,0.0,1,8,약세,-8,-7,0,-1,-21.9,-24.2,1496.48,,-1.11,-2212.0,-2212.0,-2212.0,10,10,1.0,74.1,66.1,416180,761183,0,0,0,0,,,,,,,,,,,안전,2025.0,22.7,88.1,-74.2,CFS,영업이익(손실),dart_OperatingIncomeLoss,-85.9,114.6,영업활동현금흐름,ifrs-full_CashFlowsFromUsedInOperatingActivities,ok,연간 영업이익 YoY 계산 성공,ok,OCF 추출 성공,2026 Q1,3개월,-5.4,29.5,-118.3,thstrm_amount,frmtrm_q_amount,CFS,fnlttSinglAcntAll,영업이익(손실),dart_OperatingIncomeLoss,ok,3개월 기준 YoY 계산 성공,하락지속,-10,-10,밸류트랩의심,-3.78,default,0,54.1,46.1,2.0,0.0,0.53,0.0,0.0,OFF,0.0,0.0,0.08059856964832822,SAFE,20.0,33.0,0.0,0.2709497206703911,0,0.0,0.013,-15.0,-5.0,16.525,1.55,291.94,1.1,11704.0,62.0,0.0,PYKRX,False,-18.0,-10.5,WATCH,WATCH,-13.5,WATCH,WATCH,-4.5
kosdaq,20260714,20260714_2021,094170,동운아나텍,반도체·전자부품,29950,37.7,20.1,20.2,-46.9,84.0,-9.2,-19.1,9.1,-8.8,-23.6,0.2,0.97,56400,16280,0,0,0,0,122932,126831,37.7,37.6,41.5,0.97,3,0,0,1,0,+3%반등,61.2,-32.9,-0.1,-27.9,-14.5,1,0,약세,-8,-7,0,-1,-21.9,-24.2,1496.48,,-1.11,-2212.0,-2212.0,-2212.0,10,10,1.0,64.2,56.2,094170,695969,0,0,0,0,,,,,,,,,,,안전,2025.0,24.2,174.7,-86.2,OFS,영업이익(손실),dart_OperatingIncomeLoss,-70.2,342.4,영업활동순현금흐름,ifrs-full_CashFlowsFromUsedInOperatingActivities,ok,연간 영업이익 YoY 계산 성공,ok,OCF 추출 성공,2026 Q1,3개월,-18.5,-7.0,-163.9,thstrm_amount,frmtrm_q_amount,OFS,fnlttSinglAcntAll,영업이익(손실),dart_OperatingIncomeLoss,ok,3개월 기준 YoY 계산 성공,하락지속,-10,-10,밸류트랩의심,-2.9,default,2,46.2,38.2,0.0,0.0,1.52,0.0,0.0,OFF,0.0,0.0,0.058831474031001814,SAFE,18.0,0.0,0.0,0.481675392670157,4,-10.0,-0.795,-15.0,-5.0,15.3,8.75,575.96,0.57,3424.0,52.0,0.0,PYKRX,False,-18.9,-14.9,WATCH,WATCH,-20.7,WATCH,WATCH,1.8
kosdaq,20260714,20260714_2021,121890,에스디시스템,반도체·전자부품,1896,37.8,27.9,33.0,-35.9,44.5,3.1,-6.6,7.1,-3.2,-10.6,8.2,0.87,2960,1312,5,0,1,0,41175,66933,1.1,0.8,1.3,0.62,6,0,1,1,0,5일선회복/+3%반등,43.3,-0.7,0.0,-4.1,0.0,1,0,약세,-8,-7,0,-1,-21.9,-24.2,1496.48,,-1.11,-2212.0,-2212.0,-2212.0,10,10,1.0,54.3,46.3,121890,604815,0,0,0,0,,,,,,,,,,,안전,2025.0,11.0,-21.6,150.9,OFS,영업이익(손실),dart_OperatingIncomeLoss,-19.3,20.1,영업활동현금흐름,ifrs-full_CashFlowsFromUsedInOperatingActivities,ok,연간 영업이익 YoY 계산 성공,ok,OCF 추출 성공,2026 Q1,3개월,-8.6,0.9,-1016.9,thstrm_amount,frmtrm_q_amount,OFS,fnlttSinglAcntAll,영업이익(손실),dart_OperatingIncomeLoss,ok,3개월 기준 YoY 계산 성공,피크아웃,-15,-10,밸류트랩의심,-1.75,default,7,36.3,28.3,0.0,0.0,10.65,0.0,0.0,OFF,0.0,0.0,0.04411810618655222,SAFE,9.0,0.0,0.0,-0.4696969696969697,11,-10.0,-0.538,-12.0,-7.5,10.825,2.1,19.75,0.0,901.0,96.0,0.0,PYKRX,False,-21.9,-1.6,WATCH,WATCH,-17.7,WATCH,WATCH,-4.2
kosdaq,20260714,20260714_2021,376900,로킷헬스케어,제약·바이오,45200,46.7,53.2,69.7,-70.6,220.1,21.2,-10.5,-50.4,8.9,-14.1,-29.0,4.07,153800,14120,10,0,1,1,289427,246457,465.6,123.4,105.7,1.17,10,0,1,1,1,5일선회복/+3%반등/거래량동반양봉,40.2,-37.0,-5.5,-95.9,-23.3,1,0,약세,-8,-7,0,-1,-21.9,-24.2,1496.48,,-1.11,-2212.0,-2212.0,-2212.0,10,10,1.0,60.2,52.2,376900,1335143,0,3,0,0,,[20260310] 주요사항보고서(유상증자결정) (20260310002182) || [20251219] [기재정정]주요사항보고서(전환사채권발행결정) (20251219000235) || [20250716] 주요사항보고서(전환사채권발행결정) (20250716000142),,,,https://dart.fss.or.kr/dsaf001/main.do?rcpNo=20260310002182 || https://dart.fss.or.kr/dsaf001/main.do?rcpNo=20251219000235 || https://dart.fss.or.kr/dsaf001/main.do?rcpNo=20250716000142,,,,20260310002182 || 20251219000235 || 20250716000142,주의,2025.0,4.5,-55.7,108.1,CFS,영업이익(손실),dart_OperatingIncomeLoss,-172.3,-50.0,영업활동현금흐름,ifrs-full_CashFlowsFromUsedInOperatingActivities,ok,연간 영업이익 YoY 계산 성공,ok,OCF 추출 성공,2026 Q1,3개월,-23.5,-2.5,-853.6,thstrm_amount,frmtrm_q_amount,CFS,fnlttSinglAcntAll,영업이익(손실),dart_OperatingIncomeLoss,ok,3개월 기준 YoY 계산 성공,피크아웃,-15,-10,밸류트랩의심,-38.29,default,6,41.2,33.2,7.0,0.0,0.0,0.0,0.0,OFF,0.0,0.0,0.10976714310344335,SAFE,18.0,9.0,0.0,-2.019047619047619,15,-10.0,-0.402,-12.0,-7.5,10.05,61.08,0.0,0.0,740.0,0.0,-5.0,PYKRX,False,-24.1,6.2,WATCH,WATCH,-29.4,WATCH,WATCH,5.3
kosdaq,20260714,20260714_2021,205500,넥써쓰,출판·SW,1579,45.8,33.7,37.9,-64.8,13.8,6.3,-25.0,0.1,-9.4,-12.1,-23.7,0.31,4480,1387,5,0,1,0,343424,775186,3.9,5.2,15.7,0.44,6,0,1,1,0,5일선회복/+3%반등,43.6,-0.5,0.0,-10.5,-0.6,1,0,약세,-8,-7,0,-1,-21.9,-24.2,1496.48,,-1.11,-2212.0,-2212.0,-2212.0,10,10,1.0,54.6,46.6,205500,1042429,0,11,0,0,,[20260625] [첨부정정]주요사항보고서(전환사채권발행결정) (20260625000562) || [20260618] 주요사항보고서(유상증자결정) (20260618000403) || [20260618] 주요사항보고서(전환사채권발행결정) (20260618000359),,,,https://dart.fss.or.kr/dsaf001/main.do?rcpNo=20260625000562 || https://dart.fss.or.kr/dsaf001/main.do?rcpNo=20260618000403 || https://dart.fss.or.kr/dsaf001/main.do?rcpNo=20260618000359,,,,20260625000562 || 20260618000403 || 20260618000359,주의,2025.0,13.9,-89.4,115.6,CFS,영업이익(손실),dart_OperatingIncomeLoss,-87.9,-111.8,영업활동현금흐름,ifrs-full_CashFlowsFromUsedInOperatingActivities,ok,연간 영업이익 YoY 계산 성공,ok,OCF 추출 성공,2026 Q1,3개월,1.3,2.5,-47.7,thstrm_amount,frmtrm_q_amount,CFS,fnlttSinglAcntAll,영업이익,dart_OperatingIncomeLoss,ok,3개월 기준 YoY 계산 성공,피크아웃,-15,-10,밸류트랩의심,-6.32,default,5,34.6,26.6,0.0,0.0,0.0,0.0,0.0,OFF,0.0,0.0,0.08437171155253302,SAFE,14.0,14.0,0.0,-0.252,11,0.0,-0.032,-12.0,-7.5,10.9,3.13,0.0,0.0,504.0,0.0,-5.0,PYKRX,False,-29.9,10.4,WATCH,WATCH,-22.6,WATCH,WATCH,-7.3
kosdaq,20260714,20260714_2021,096250,와이즈넛,출판·SW,6200,44.7,8.0,25.0,-63.9,13.3,-12.3,5.4,-39.0,-12.6,-22.4,-43.3,0.15,17190,5470,5,0,1,0,41654,294606,2.7,2.7,20.1,0.14,0,0,0,0,0,-,42.9,-1.9,0.0,-31.4,-7.8,1,0,약세,-8,-7,0,-1,-21.9,-24.2,1496.48,,-1.11,-2212.0,-2212.0,-2212.0,10,10,1.0,47.9,39.9,096250,351427,0,0,0,0,,,,,,,,,,,안전,2025.0,17.1,17.3,-1.1,CFS,영업외손익,dart_NonOperatingProfitLoss,-5.2,46.7,영업활동현금흐름,ifrs-full_CashFlowsFromUsedInOperatingActivities,ok,연간 영업이익 YoY 계산 성공,ok,OCF 추출 성공,2026 Q1,3개월,4.1,5.0,-17.8,thstrm_amount,frmtrm_q_amount,CFS,fnlttSinglAcntAll,영업외손익,dart_NonOperatingProfitLoss,ok,3개월 기준 YoY 계산 성공,하락지속,-10,-10,밸류트랩의심,-0.3,default,0,27.9,19.9,0.0,0.0,2.59,0.0,0.0,OFF,1.0,8.0,0.10929907477331303,SAFE,10.0,0.0,0.0,,0,0.0,-0.095,-15.0,-5.0,10.725,1.2,46.27,1.37,5170.0,134.0,0.0,PYKRX,False,-31.8,-12.3,WATCH,WATCH,-19.3,WATCH,WATCH,-12.5
kosdaq,20260714,20260714_2021,353590,오토앤,자동차판매,1545,29.3,12.9,24.7,-66.4,3.0,-0.3,-27.5,-43.9,-9.6,-29.0,-46.8,0.29,4600,1500,5,0,1,0,9606,15001,0.1,0.2,0.3,0.64,3,0,0,1,0,+3%반등,78.1,-0.1,0.0,-0.1,-0.1,1,0,약세,-8,-7,0,-1,-21.9,-24.2,1496.48,,-1.11,-2212.0,-2212.0,-2212.0,10,10,1.0,86.1,78.1,353590,1084294,0,5,0,0,,[20260209] 전환사채(해외전환사채포함)발행후만기전사채취득               (20260209900854) || [20251120] 주요사항보고서(전환사채권발행결정) (20251120000396) || [20251110] [기재정정]전환사채(해외전환사채포함)발행후만기전사채취득               (20251110900587),,,,https://dart.fss.or.kr/dsaf001/main.do?rcpNo=20260209900854 || https://dart.fss.or.kr/dsaf001/main.do?rcpNo=20251120000396 || https://dart.fss.or.kr/dsaf001/main.do?rcpNo=20251110900587,,,,20260209900854 || 20251120000396 || 20251110900587,주의,2025.0,7.5,-33.0,122.8,CFS,V. 영업이익(손실),dart_OperatingIncomeLoss,-3.7,30.7,I. 영업활동현금흐름,ifrs-full_CashFlowsFromUsedInOperatingActivities,ok,연간 영업이익 YoY 계산 성공,ok,OCF 추출 성공,2026 Q1,3개월,-13.3,-6.3,-110.6,thstrm_amount,frmtrm_q_amount,CFS,fnlttSinglAcntAll,V. 영업이익(손실),dart_OperatingIncomeLoss,ok,3개월 기준 YoY 계산 성공,피크아웃,-15,-10,밸류트랩의심,-0.49,default,2,63.1,55.1,0.0,0.0,0.0,0.0,0.0,OFF,0.0,0.0,0.030004671622217673,SAFE,20.0,33.0,0.0,0.010909090909090908,7,-10.0,-0.333,-12.0,-7.5,19.525,1.07,0.0,0.0,1444.0,0.0,-5.0,PYKRX,False,-31.9,-7.0,WATCH,WATCH,-28.0,WATCH,WATCH,-3.9
kosdaq,20260714,20260714_2021,041960,코미팜,제약·바이오,6970,26.1,5.2,2.4,-35.4,36.9,-8.9,-15.6,-17.1,-10.6,-13.1,-8.2,0.8,10790,5090,0,0,0,0,169280,216792,12.1,12.3,17.2,0.78,0,0,0,0,0,-,76.0,-0.8,-4.3,-29.3,-4.3,1,0,약세,-8,-7,0,-1,-21.9,-24.2,1496.48,,-1.11,-2212.0,-2212.0,-2212.0,10,10,1.0,76.0,68.0,041960,187415,0,1,0,0,,[20250730] 주요사항보고서(전환사채권발행결정) (20250730000398),,,,https://dart.fss.or.kr/dsaf001/main.do?rcpNo=20250730000398,,,,20250730000398,주의,2025.0,19.6,61.9,-68.3,CFS,영업이익(손실),dart_OperatingIncomeLoss,-6.2,88.5,영업활동현금흐름,ifrs-full_CashFlowsFromUsedInOperatingActivities,ok,연간 영업이익 YoY 계산 성공,ok,OCF 추출 성공,2026 Q1,3개월,3.0,5.1,-40.9,thstrm_amount,frmtrm_q_amount,CFS,fnlttSinglAcntAll,영업이익(손실),dart_OperatingIncomeLoss,ok,3개월 기준 YoY 계산 성공,하락지속,-10,-10,밸류트랩의심,-0.32,default,-1,55.0,47.0,0.0,0.0,0.0,0.0,0.0,OFF,0.0,0.0,0.03253140867959162,SAFE,5.0,5.0,0.0,0.5705128205128206,0,-10.0,-0.297,-15.0,-5.0,19.0,7.21,0.0,0.0,967.0,0.0,-5.0,PYKRX,False,-37.5,-21.8,WATCH,WATCH,-36.0,WATCH,WATCH,-1.5
kosdaq,20260714,20260714_2021,109740,디에스케이,기계·장비,4820,38.8,28.3,17.6,-48.1,20.3,-11.2,-28.1,-3.5,-15.2,-12.2,-27.1,0.74,9280,4005,0,0,0,0,39794,64611,2.3,1.9,3.8,0.62,0,0,0,0,0,-,63.5,-0.5,0.0,-2.3,0.9,1,0,약세,-8,-7,0,-1,-21.9,-24.2,1496.48,,-1.11,-2212.0,-2212.0,-2212.0,10,10,1.0,63.5,55.5,109740,530121,0,8,0,0,,[20260629] [기재정정]최대주주변경을수반하는주식양수도계약체결               (20260629901341) || [20260615] [기재정정]최대주주변경을수반하는주식양수도계약체결               (20260615900548) || [20260401] [기재정정]최대주주변경을수반하는주식양수도계약체결               (20260401900982),,,,https://dart.fss.or.kr/dsaf001/main.do?rcpNo=20260629901341 || https://dart.fss.or.kr/dsaf001/main.do?rcpNo=20260615900548 || https://dart.fss.or.kr/dsaf001/main.do?rcpNo=20260401900982,,,,20260629901341 || 20260615900548 || 20260401900982,주의,2025.0,-227.2,-197.0,-15.3,CFS,영업이익(손실),dart_OperatingIncomeLoss,-107.1,-84.4,영업활동현금흐름,ifrs-full_CashFlowsFromUsedInOperatingActivities,ok,연간 영업이익 YoY 계산 성공,ok,OCF 추출 성공,2026 Q1,3개월,-57.2,-56.5,-1.4,thstrm_amount,frmtrm_q_amount,CFS,fnlttSinglAcntAll,영업이익(손실),dart_OperatingIncomeLoss,ok,3개월 기준 YoY 계산 성공,하락지속,-10,-5,이중적자,,default,0,48.5,40.5,0.0,0.0,0.0,0.0,0.0,OFF,0.0,0.0,0.05467509341798655,SAFE,8.0,7.0,0.0,0.39857651245551595,0,0.0,-0.132,-20.0,-5.0,15.875,1.15,0.0,0.0,4200.0,0.0,-5.0,PYKRX,False,-999.0,-999.0,EXCLUDE,EXCLUDE,-999.0,EXCLUDE,EXCLUDE,0.0
kosdaq,20260714,20260714_2021,294630,서남,전기장비,2495,45.9,18.8,23.2,-65.1,8.7,-14.1,-18.2,-35.5,-6.8,-24.0,-23.5,0.53,7150,2295,0,0,0,0,521082,532494,7.3,13.2,14.8,0.98,0,0,0,0,0,-,48.8,1.0,0.0,-5.8,0.0,1,8,약세,-8,-7,0,-1,-21.9,-24.2,1496.48,,-1.11,-2212.0,-2212.0,-2212.0,10,10,1.0,56.8,48.8,294630,867973,0,1,0,0,,[20251215] 주요사항보고서(유상증자결정) (20251215000451),,,,https://dart.fss.or.kr/dsaf001/main.do?rcpNo=20251215000451,,,,20251215000451,주의,2025.0,-38.6,-44.7,13.6,OFS,영업이익(손실),dart_OperatingIncomeLoss,-19.1,-20.3,영업활동순현금흐름,ifrs-full_OtherInflowsOutflowsOfCashClassifiedAsOperatingActivities,ok,연간 영업이익 YoY 계산 성공,ok,OCF 추출 성공,2026 Q1,3개월,-8.9,-8.2,-9.4,thstrm_amount,frmtrm_q_amount,OFS,fnlttSinglAcntAll,영업이익(손실),dart_OperatingIncomeLoss,ok,3개월 기준 YoY 계산 성공,관망,0,-5,이중적자,,default,-3,48.8,40.8,2.0,0.0,0.0,0.0,0.0,OFF,0.0,0.0,0.054828061479437674,SAFE,18.0,1.0,0.0,0.7747252747252747,0,5.0,0.068,-17.0,0.0,12.2,6.76,0.0,0.0,369.0,0.0,-5.0,PYKRX,False,-999.0,-999.0,EXCLUDE,EXCLUDE,-999.0,EXCLUDE,EXCLUDE,0.0
kosdaq,20260714,20260714_2021,064240,홈캐스트,도매,1490,34.5,38.2,26.1,-41.3,7.0,-2.4,-12.6,-22.2,-6.8,-15.1,-22.5,0.81,2540,1393,5,0,1,0,106238,99722,1.2,1.6,1.6,1.07,0,0,0,0,0,-,55.6,-0.4,0.0,-1.6,0.1,1,0,약세,-8,-7,0,-1,-21.9,-24.2,1496.48,,-1.11,-2212.0,-2212.0,-2212.0,10,10,1.0,60.6,52.6,064240,385336,0,2,0,0,,[20250925] [기재정정]유상증자결정(종속회사의주요경영사항)               (20250925900670) || [20250728] 유상증자결정(종속회사의주요경영사항)               (20250728900354),,,,https://dart.fss.or.kr/dsaf001/main.do?rcpNo=20250925900670 || https://dart.fss.or.kr/dsaf001/main.do?rcpNo=20250728900354,,,,20250925900670 || 20250728900354,주의,2025.0,-28.8,13.8,-308.3,CFS,영업이익(손실),dart_OperatingIncomeLoss,-292.1,172.5,영업활동현금흐름,ifrs-full_CashFlowsFromUsedInOperatingActivities,ok,연간 영업이익 YoY 계산 성공,ok,OCF 추출 성공,2026 Q1,3개월,-23.3,-22.2,-5.2,thstrm_amount,frmtrm_q_amount,CFS,fnlttSinglAcntAll,영업이익(손실),dart_OperatingIncomeLoss,ok,3개월 기준 YoY 계산 성공,하락지속,-10,-5,이중적자,,default,4,49.6,41.6,0.0,0.0,0.04,0.0,0.0,OFF,0.0,0.0,0.032496759666102444,SAFE,14.0,7.0,0.0,0.19047619047619047,3,-10.0,-0.25,-20.0,-5.0,13.9,0.61,1490.0,0.0,2458.0,1.0,6.0,PYKRX,False,-999.0,-999.0,EXCLUDE,EXCLUDE,-999.0,EXCLUDE,EXCLUDE,0.0
kosdaq,20260714,20260714_2021,082800,비보존 제약,제약·바이오,2380,41.0,10.4,21.9,-71.5,10.7,-15.6,-39.7,-24.3,-13.0,-17.6,-40.0,0.64,8362,2150,0,0,0,0,377263,564272,8.4,9.5,16.4,0.67,0,0,0,0,0,-,64.6,-3.5,0.0,-8.4,-0.8,1,0,약세,-8,-7,0,-1,-21.9,-24.2,1496.48,,-1.11,-2212.0,-2212.0,-2212.0,10,10,1.0,64.6,56.6,082800,533191,0,14,0,0,,[20260430] 전환사채(해외전환사채포함)발행후만기전사채취득              (제15회차) (20260430901635) || [20260331] 전환사채(해외전환사채포함)발행후만기전사채취득              (제15회차) (20260331902393) || [20260225] 유상증자또는주식관련사채등의청약결과(자율공시)              (주주배정후 실권주 일반공모) (20260225900212),,,,https://dart.fss.or.kr/dsaf001/main.do?rcpNo=20260430901635 || https://dart.fss.or.kr/dsaf001/main.do?rcpNo=20260331902393 || https://dart.fss.or.kr/dsaf001/main.do?rcpNo=20260225900212,,,,20260430901635 || 20260331902393 || 20260225900212,주의,2025.0,-191.7,28.5,-771.7,CFS,영업이익(손실),dart_OperatingIncomeLoss,-68.7,57.3,영업활동현금흐름,ifrs-full_CashFlowsFromUsedInOperatingActivities,ok,연간 영업이익 YoY 계산 성공,ok,OCF 추출 성공,2026 Q1,3개월,-30.2,-25.0,-20.6,thstrm_amount,frmtrm_q_amount,CFS,fnlttSinglAcntAll,영업이익(손실),dart_OperatingIncomeLoss,ok,3개월 기준 YoY 계산 성공,하락지속,-10,-5,이중적자,,default,0,49.6,41.6,0.0,0.0,0.0,0.0,0.0,OFF,0.0,0.0,0.057591229932811794,SAFE,12.0,12.0,0.0,0.3929471032745592,0,-10.0,-0.213,-20.0,-5.0,16.15,1.71,0.0,0.0,1394.0,0.0,-5.0,PYKRX,False,-999.0,-999.0,EXCLUDE,EXCLUDE,-999.0,EXCLUDE,EXCLUDE,0.0
kosdaq,20260714,20260714_2021,311690,CJ 바이오사이언스,지주·전문서비스,3960,39.9,4.5,8.3,-67.8,1.0,-10.6,-22.0,-48.4,-10.0,-26.1,-50.3,0.58,12300,3920,0,0,0,0,8348,13008,0.3,0.4,0.6,0.64,0,0,0,0,0,-,67.8,0.2,0.0,0.9,0.0,1,8,약세,-8,-7,0,-1,-21.9,-24.2,1496.48,,-1.11,-2212.0,-2212.0,-2212.0,10,10,1.0,75.8,67.8,311690,1071041,0,0,0,0,,,,,,,,,,,안전,2025.0,-247.9,-342.4,27.6,CFS,영업이익(손실),dart_OperatingIncomeLoss,-234.2,-277.6,영업활동현금흐름,ifrs-full_CashFlowsFromUsedInOperatingActivities,ok,연간 영업이익 YoY 계산 성공,ok,OCF 추출 성공,2026 Q1,3개월,-53.4,-66.0,19.0,thstrm_amount,frmtrm_q_amount,CFS,fnlttSinglAcntAll,영업이익(손실),dart_OperatingIncomeLoss,ok,3개월 기준 YoY 계산 성공,성장지속,10,-5,이중적자,,default,0,80.8,72.8,2.0,0.0,0.0,0.0,0.0,OFF,0.0,0.0,0.0475380417428011,SAFE,17.0,0.0,0.0,0.4818181818181818,0,15.0,0.333,-12.0,3.0,16.95,0.96,0.0,0.0,4105.0,0.0,7.0,PYKRX,False,-999.0,-999.0,EXCLUDE,EXCLUDE,-999.0,EXCLUDE,EXCLUDE,0.0
kosdaq,20260714,20260714_2021,445090,에이직랜드,반도체·전자부품,20600,45.4,34.4,31.4,-41.1,19.4,8.1,-32.8,-24.5,-11.9,-23.6,-28.7,0.89,34950,17250,10,1,1,0,390740,175388,32.6,86.3,41.2,2.23,3,0,0,1,0,+3%반등,45.8,-10.2,-0.7,-35.7,-10.6,1,0,약세,-8,-7,0,-1,-21.9,-24.2,1496.48,,-1.11,-2212.0,-2212.0,-2212.0,10,10,1.0,58.8,50.8,445090,1540453,0,1,0,0,,[20260313] 주요사항보고서(전환사채권발행결정) (20260313000791),,,,https://dart.fss.or.kr/dsaf001/main.do?rcpNo=20260313000791,,,,20260313000791,주의,2025.0,-275.8,-169.7,-62.5,CFS,영업이익(손실),dart_OperatingIncomeLoss,-63.0,24.0,영업활동현금흐름,ifrs-full_CashFlowsFromUsedInOperatingActivities,ok,연간 영업이익 YoY 계산 성공,ok,OCF 추출 성공,2026 Q1,3개월,-29.9,-79.4,62.3,thstrm_amount,frmtrm_q_amount,CFS,fnlttSinglAcntAll,영업이익(손실),dart_OperatingIncomeLoss,ok,3개월 기준 YoY 계산 성공,턴어라운드,20,-5,이중적자,,default,7,80.8,72.8,0.0,0.0,0.0,0.0,0.0,OFF,0.0,0.0,0.11709545889589912,SAFE,11.0,1.0,0.0,-0.24695121951219512,7,-10.0,-0.265,-15.0,8.5,11.45,4.05,0.0,0.0,5085.0,0.0,-5.0,PYKRX,False,-999.0,-999.0,EXCLUDE,EXCLUDE,-999.0,EXCLUDE,EXCLUDE,0.0
kosdaq,20260714,20260714_2021,199480,뱅크웨어글로벌,출판·SW,2775,34.8,35.0,27.5,-74.1,6.7,-2.8,-18.6,-42.4,-7.1,-24.4,-46.8,0.82,10710,2600,0,0,0,0,13715,25644,0.6,0.4,0.8,0.53,3,0,1,0,0,5일선회복,61.1,0.2,0.0,0.6,0.0,1,8,약세,-8,-7,0,-1,-21.9,-24.2,1496.48,,-1.11,-2212.0,-2212.0,-2212.0,10,10,1.0,72.1,64.1,199480,1138595,0,0,0,0,,,,,,,,,,,안전,2025.0,-43.8,-149.3,70.7,CFS,영업이익(손실),dart_OperatingIncomeLoss,-58.6,14.1,영업활동현금흐름,ifrs-full_CashFlowsFromUsedInOperatingActivities,ok,연간 영업이익 YoY 계산 성공,ok,OCF 추출 성공,2026 Q1,3개월,-11.8,-20.3,42.1,thstrm_amount,frmtrm_q_amount,CFS,fnlttSinglAcntAll,영업이익(손실),dart_OperatingIncomeLoss,ok,3개월 기준 YoY 계산 성공,성장지속,10,-5,이중적자,,default,4,81.1,73.1,2.0,0.0,0.0,0.0,0.0,OFF,0.0,0.0,0.02863151268714415,SAFE,20.0,33.0,0.0,0.15053763440860213,7,10.0,0.25,-12.0,5.5,15.275,1.58,0.0,0.0,1760.0,0.0,-5.0,PYKRX,False,-999.0,-999.0,EXCLUDE,EXCLUDE,-999.0,EXCLUDE,EXCLUDE,0.0
kosdaq,20260714,20260714_2021,054450,텔레칩스,반도체·전자부품,9900,43.2,31.2,29.6,-49.3,6.2,-3.2,-26.4,-21.1,-7.9,-25.6,-27.0,0.93,19530,9320,0,0,0,0,134401,143061,13.1,13.6,15.5,0.94,3,0,0,1,0,+3%반등,51.3,-8.0,2.5,-32.5,3.8,1,8,약세,-8,-7,0,-1,-21.9,-24.2,1496.48,,-1.11,-2212.0,-2212.0,-2212.0,10,10,1.0,62.3,54.3,054450,423177,0,0,0,0,,,,,,,,,,,안전,2025.0,-61.9,48.7,-227.0,CFS,영업이익,dart_OperatingIncomeLoss,-91.4,57.5,영업활동현금흐름,ifrs-full_CashFlowsFromUsedInOperatingActivities,ok,연간 영업이익 YoY 계산 성공,ok,OCF 추출 성공,2026 Q1,3개월,61.2,-26.0,335.5,thstrm_amount,frmtrm_q_amount,CFS,fnlttSinglAcntAll,영업이익,dart_OperatingIncomeLoss,ok,3개월 기준 YoY 계산 성공,턴어라운드,20,-5,이중적자,,default,4,81.3,73.3,2.0,0.0,0.0,0.0,0.0,OFF,0.0,0.0,0.04779483507579656,SAFE,20.0,28.0,0.0,0.12121212121212123,7,-10.0,-0.355,-15.0,8.5,12.825,1.02,0.0,0.0,9686.0,0.0,-5.0,PYKRX,False,-999.0,-999.0,EXCLUDE,EXCLUDE,-999.0,EXCLUDE,EXCLUDE,0.0
kosdaq,20260714,20260714_2021,402030,코난테크놀로지,출판·SW,10400,38.8,13.2,10.9,-74.3,3.9,-10.8,-29.5,-43.3,-13.3,-31.9,-48.8,0.6,40514,10010,0,0,0,0,16556,21561,1.3,1.8,2.7,0.77,0,0,0,0,0,-,71.4,0.5,0.2,3.1,-1.8,1,15,약세,-8,-7,0,-1,-21.9,-24.2,1496.48,,-1.11,-2212.0,-2212.0,-2212.0,10,10,1.0,86.4,78.4,402030,601988,0,14,0,0,,[20260630] [기재정정]최대주주변경을수반하는주식담보제공계약체결               (20260630900909) || [20260430] [기재정정]최대주주변경을수반하는주식담보제공계약체결               (20260430901277) || [20260130] [기재정정]최대주주변경을수반하는주식담보제공계약체결               (20260130900771),,,,https://dart.fss.or.kr/dsaf001/main.do?rcpNo=20260630900909 || https://dart.fss.or.kr/dsaf001/main.do?rcpNo=20260430901277 || https://dart.fss.or.kr/dsaf001/main.do?rcpNo=20260130900771,,,,20260630900909 || 20260430901277 || 20260130900771,주의,2025.0,-98.7,-141.1,30.1,OFS,영업이익(손실),dart_OperatingIncomeLoss,-75.1,-22.5,영업활동으로 인한 현금흐름,ifrs-full_CashFlowsFromUsedInOperatingActivities,ok,연간 영업이익 YoY 계산 성공,ok,OCF 추출 성공,2026 Q1,3개월,-39.9,-39.9,0.0,thstrm_amount,frmtrm_q_amount,OFS,fnlttSinglAcntAll,영업이익(손실),dart_OperatingIncomeLoss,ok,3개월 기준 YoY 계산 성공,관망,0,-5,이중적자,,default,0,81.4,73.4,4.0,0.0,0.0,0.0,0.0,OFF,0.0,0.0,0.047336811868598394,SAFE,20.0,25.0,0.0,0.36610169491525424,0,13.0,0.259,-17.0,0.0,17.85,4.4,0.0,0.0,2361.0,0.0,-5.0,PYKRX,False,-999.0,-999.0,EXCLUDE,EXCLUDE,-999.0,EXCLUDE,EXCLUDE,0.0
kosdaq,20260714,20260714_2021,363250,진시스템,의료·정밀·광학,3010,19.4,16.1,0.5,-58.5,5.6,-11.9,-22.0,-56.9,-12.6,-24.6,-40.3,0.84,7260,2850,0,0,0,0,23031,18949,0.5,0.7,0.7,1.22,0,0,0,0,0,-,84.3,0.2,0.0,-1.2,0.0,1,8,약세,-8,-7,0,-1,-21.9,-24.2,1496.48,,-1.11,-2212.0,-2212.0,-2212.0,10,10,1.0,92.3,84.3,363250,1437858,0,10,0,0,,[20260401] [기재정정]최대주주변경               (20260401901665) || [20260331] 최대주주변경               (20260331904852) || [20260331] 증권발행결과(자율공시)              (제3자배정 유상증자) (20260331900912),,,,https://dart.fss.or.kr/dsaf001/main.do?rcpNo=20260401901665 || https://dart.fss.or.kr/dsaf001/main.do?rcpNo=20260331904852 || https://dart.fss.or.kr/dsaf001/main.do?rcpNo=20260331900912,,,,20260401901665 || 20260331904852 || 20260331900912,주의,2025.0,-96.9,-101.2,4.2,CFS,영업손실,dart_OperatingIncomeLoss,-68.8,-73.4,영업활동현금흐름,ifrs-full_CashFlowsFromUsedInOperatingActivities,ok,연간 영업이익 YoY 계산 성공,ok,OCF 추출 성공,2026 Q1,3개월,-16.1,-19.8,18.7,thstrm_amount,frmtrm_q_amount,CFS,fnlttSinglAcntAll,영업손실,dart_OperatingIncomeLoss,ok,3개월 기준 YoY 계산 성공,관망,0,-5,이중적자,,default,-1,86.3,78.3,2.0,0.0,0.0,0.0,0.0,OFF,0.0,0.0,0.025560101336901276,SAFE,20.0,33.0,0.0,0.5409090909090909,0,10.0,0.286,-12.0,0.0,20.0,2.62,0.0,0.0,1151.0,0.0,-5.0,PYKRX,False,-999.0,-999.0,EXCLUDE,EXCLUDE,-999.0,EXCLUDE,EXCLUDE,0.0
kosdaq,20260714,20260714_2021,085660,차바이오텍,제약·바이오,9180,28.9,5.9,3.2,-61.7,1.8,-11.6,-24.7,-47.8,-15.2,-27.4,-38.9,1.33,23950,9020,0,0,0,0,336395,325551,40.0,32.7,35.5,1.03,0,0,0,0,0,-,87.7,-12.6,15.5,-28.4,62.3,1,8,약세,-8,-7,0,-1,-21.9,-24.2,1496.48,,-1.11,-2212.0,-2212.0,-2212.0,10,10,1.0,95.7,87.7,085660,525679,0,9,0,0,,[20260626] 유상증자결정(종속회사의주요경영사항)               (20260626901150) || [20260305] 주요사항보고서(제3자의신주인수권부사채매수선택권행사) (20260305001375) || [20260305] 주요사항보고서(제3자의전환사채매수선택권행사) (20260305001364),,,,https://dart.fss.or.kr/dsaf001/main.do?rcpNo=20260626901150 || https://dart.fss.or.kr/dsaf001/main.do?rcpNo=20260305001375 || https://dart.fss.or.kr/dsaf001/main.do?rcpNo=20260305001364,,,,20260626901150 || 20260305001375 || 20260305001364,주의,2025.0,-487.7,-596.8,18.3,CFS,영업이익(손실),dart_OperatingIncomeLoss,-725.2,-495.5,영업활동현금흐름,ifrs-full_CashFlowsFromUsedInOperatingActivities,ok,연간 영업이익 YoY 계산 성공,ok,OCF 추출 성공,2026 Q1,3개월,-307.3,-125.1,-145.7,thstrm_amount,frmtrm_q_amount,CFS,fnlttSinglAcntAll,영업이익(손실),dart_OperatingIncomeLoss,ok,3개월 기준 YoY 계산 성공,관망,0,-5,이중적자,,default,0,90.7,82.7,2.0,0.0,0.0,0.0,0.0,OFF,0.0,0.0,0.038947704788266535,SAFE,19.0,9.0,0.0,0.46963562753036436,0,5.0,0.082,-17.0,0.0,20.0,2.46,0.0,0.0,3732.0,0.0,-5.0,PYKRX,False,-999.0,-999.0,EXCLUDE,EXCLUDE,-999.0,EXCLUDE,EXCLUDE,0.0
kosdaq,20260714,20260714_2021,488280,에스투더블유,출판·SW,9350,24.5,10.8,20.0,-76.6,6.1,-9.0,-42.5,-41.9,-21.5,-48.5,,0.61,40000,8810,10,0,1,1,50101,102347,5.9,4.8,13.2,0.49,4,0,0,0,1,거래량동반양봉,81.8,3.0,-0.8,20.7,-6.6,1,8,약세,-8,-7,0,-1,-21.9,-24.2,1496.48,,-1.11,-2212.0,-2212.0,-2212.0,10,10,1.0,103.8,95.8,488280,1803635,0,0,0,0,,,,,,,,,,,안전,2025.0,-56.4,-45.0,-25.4,CFS,영업손실,dart_OperatingIncomeLoss,-42.8,-32.7,영업활동으로 인한 현금흐름,ifrs-full_CashFlowsFromUsedInOperatingActivities,ok,연간 영업이익 YoY 계산 성공,ok,OCF 추출 성공,2026 Q1,3개월,-22.5,-12.8,-75.7,thstrm_amount,frmtrm_q_amount,CFS,fnlttSinglAcntAll,영업손실,dart_OperatingIncomeLoss,ok,3개월 기준 YoY 계산 성공,하락지속,-10,-5,이중적자,,default,2,90.8,82.8,5.0,0.0,0.0,0.0,0.0,OFF,0.0,0.0,0.05788741772427395,SAFE,20.0,30.0,0.0,0.21176470588235294,7,10.0,0.167,-20.0,-5.0,20.0,4.31,0.0,0.0,2170.0,0.0,-5.0,PYKRX,False,-999.0,-999.0,EXCLUDE,EXCLUDE,-999.0,EXCLUDE,EXCLUDE,0.0
kosdaq,20260714,20260714_2021,270660,에브리봇,전기장비,10140,43.5,3.3,18.9,-68.2,2.3,-7.8,-38.8,-40.0,-14.5,-29.0,-46.1,0.38,31900,9910,5,0,1,0,53323,102519,3.9,5.6,13.4,0.52,0,0,0,0,0,-,62.2,2.6,-0.1,0.0,2.5,1,8,약세,-8,-7,0,-1,-21.9,-24.2,1496.48,,-1.11,-2212.0,-2212.0,-2212.0,10,10,1.0,75.2,67.2,270660,1201590,0,1,0,0,,[20260402] 전환사채(해외전환사채포함)발행후만기전사채취득               (20260402901101),,,,https://dart.fss.or.kr/dsaf001/main.do?rcpNo=20260402901101,,,,20260402901101,주의,2025.0,-32.0,-22.4,-43.0,CFS,Ⅴ.영업이익(손실),dart_OperatingIncomeLoss,-52.6,12.2,Ⅰ.영업활동현금흐름,ifrs-full_CashFlowsFromUsedInOperatingActivities,ok,연간 영업이익 YoY 계산 성공,ok,OCF 추출 성공,2026 Q1,3개월,-17.8,-20.9,15.0,thstrm_amount,frmtrm_q_amount,CFS,fnlttSinglAcntAll,Ⅴ.영업이익(손실),dart_OperatingIncomeLoss,ok,3개월 기준 YoY 계산 성공,턴어라운드,20,-5,이중적자,,default,2,92.2,84.2,2.0,0.0,0.0,0.0,0.0,OFF,0.0,0.0,0.08942117691364025,SAFE,15.0,7.0,0.0,0.20103092783505155,3,10.0,0.187,-15.0,6.0,15.55,2.07,0.0,0.0,4906.0,0.0,-5.0,PYKRX,False,-999.0,-999.0,EXCLUDE,EXCLUDE,-999.0,EXCLUDE,EXCLUDE,0.0
kosdaq,20260714,20260714_2021,044780,에이치케이,기계·장비,1215,44.0,41.8,10.1,-36.4,10.5,-5.4,-1.7,-16.2,-3.6,-9.3,-12.0,0.25,1911,1100,0,0,0,0,45019,54654,0.2,0.6,0.7,0.82,0,0,0,0,0,-,40.4,0.2,0.0,-0.7,0.0,1,3,약세,-8,-7,0,-1,-21.9,-24.2,1496.48,,-1.11,-2212.0,-2212.0,-2212.0,10,10,1.0,43.4,35.4,044780,235183,0,0,0,0,,,,,,,,,,,안전,2025.0,-3.9,-26.4,85.3,CFS,영업이익(손실),dart_OperatingIncomeLoss,-4.3,46.9,영업활동현금흐름,ifrs-full_CashFlowsFromUsedInOperatingActivities,ok,연간 영업이익 YoY 계산 성공,ok,OCF 추출 성공,2026 Q1,3개월,-22.1,-12.2,-81.7,thstrm_amount,frmtrm_q_amount,CFS,fnlttSinglAcntAll,영업이익(손실),dart_OperatingIncomeLoss,ok,3개월 기준 YoY 계산 성공,피크아웃,-15,-5,이중적자,,default,-3,20.4,12.4,2.0,0.0,7.24,0.0,0.0,OFF,0.0,0.0,0.022639957532274674,SAFE,4.0,0.0,0.0,,0,10.0,0.286,-17.0,-7.5,10.1,0.35,4.88,0.0,3438.0,249.0,12.0,PYKRX,False,-999.0,-999.0,EXCLUDE,EXCLUDE,-999.0,EXCLUDE,EXCLUDE,0.0
kosdaq,20260714,20260714_2021,138080,오이솔루션,반도체·전자부품,19550,29.2,12.2,11.4,-66.2,127.3,-8.2,-38.0,-52.9,-19.9,-41.2,-17.1,0.68,57900,8600,5,0,1,0,157594,213255,28.2,32.8,54.4,0.74,0,0,0,0,0,-,84.9,12.5,-8.1,171.7,-53.6,1,8,약세,-8,-7,0,-1,-21.9,-24.2,1496.48,,-1.11,-2212.0,-2212.0,-2212.0,10,10,1.0,97.9,89.9,138080,571483,0,10,0,0,,[20260522] [기재정정]최대주주변경을수반하는주식담보제공계약체결               (20260522900432) || [20260311] 전환사채(해외전환사채포함)발행후만기전사채취득               (20260311901341) || [20260223] [기재정정]최대주주변경을수반하는주식담보제공계약체결               (20260223900238),,,,https://dart.fss.or.kr/dsaf001/main.do?rcpNo=20260522900432 || https://dart.fss.or.kr/dsaf001/main.do?rcpNo=20260311901341 || https://dart.fss.or.kr/dsaf001/main.do?rcpNo=20260223900238,,,,20260522900432 || 20260311901341 || 20260223900238,주의,2025.0,-160.0,-303.6,47.3,CFS,영업이익(손실),dart_OperatingIncomeLoss,-118.3,-248.7,영업활동현금흐름,ifrs-full_CashFlowsFromUsedInOperatingActivities,ok,연간 영업이익 YoY 계산 성공,ok,OCF 추출 성공,2026 Q1,3개월,-6.1,-56.9,89.3,thstrm_amount,frmtrm_q_amount,CFS,fnlttSinglAcntAll,영업이익(손실),dart_OperatingIncomeLoss,ok,3개월 기준 YoY 계산 성공,성장지속,10,-5,이중적자,,default,2,104.9,96.9,2.0,0.0,0.0,0.0,0.0,OFF,0.0,0.0,0.05364431030390495,SAFE,20.0,31.0,0.0,0.2157894736842105,3,5.0,0.081,-12.0,5.5,20.0,3.39,0.0,0.0,5774.0,0.0,-5.0,PYKRX,False,-999.0,-999.0,EXCLUDE,EXCLUDE,-999.0,EXCLUDE,EXCLUDE,0.0
kosdaq,20260714,20260714_2021,187660,페니트리움바이오,지주·전문서비스,4345,32.7,6.2,13.5,-79.8,288.6,-7.8,-35.9,-70.7,-16.0,-35.8,-32.1,2.45,21500,1118,10,1,0,1,1119714,623351,66.4,53.8,32.4,1.8,0,0,0,0,0,-,87.8,-36.0,0.0,17.8,0.0,1,0,약세,-8,-7,0,-1,-21.9,-24.2,1496.48,,-1.11,-2212.0,-2212.0,-2212.0,10,10,1.0,97.8,89.8,187660,1409022,0,12,0,0,,[20260626] 권리락              (유상증자) (20260626901006) || [20260626] 유상증자1차발행가액결정               (20260626900349) || [20260626] [기재정정]주요사항보고서(유상증자결정) (20260626000207),,,,https://dart.fss.or.kr/dsaf001/main.do?rcpNo=20260626901006 || https://dart.fss.or.kr/dsaf001/main.do?rcpNo=20260626900349 || https://dart.fss.or.kr/dsaf001/main.do?rcpNo=20260626000207,,,,20260626901006 || 20260626900349 || 20260626000207,주의,2025.0,-73.8,-159.3,53.7,OFS,영업이익(손실),dart_OperatingIncomeLoss,-44.7,-142.9,Ⅰ. 영업활동현금흐름,ifrs-full_CashFlowsFromUsedInOperatingActivities,ok,연간 영업이익 YoY 계산 성공,ok,OCF 추출 성공,2026 Q1,3개월,-18.4,-27.2,32.5,thstrm_amount,frmtrm_q_amount,OFS,fnlttSinglAcntAll,영업이익(손실),dart_OperatingIncomeLoss,ok,3개월 기준 YoY 계산 성공,성장지속,10,-5,이중적자,,default,3,105.8,97.8,5.0,0.0,0.0,0.0,0.0,OFF,0.0,0.0,0.056256606588890624,SAFE,20.0,33.0,0.0,0.21727019498607242,3,-10.0,-1.111,-12.0,5.5,20.0,11.37,0.0,0.0,382.0,0.0,-5.0,PYKRX,False,-999.0,-999.0,EXCLUDE,EXCLUDE,-999.0,EXCLUDE,EXCLUDE,0.0
kosdaq,20260714,20260714_2021,107600,새빗켐,화학,12300,36.5,5.9,17.1,-71.2,1.9,-9.7,-37.6,-55.4,-16.8,-39.4,-56.1,1.0,42750,12070,5,0,0,1,11989,13913,1.7,1.5,2.1,0.86,4,0,0,0,1,거래량동반양봉,73.4,0.3,0.0,4.4,0.1,1,8,약세,-8,-7,0,-1,-21.9,-24.2,1496.48,,-1.11,-2212.0,-2212.0,-2212.0,10,10,1.0,90.4,82.4,107600,862880,0,0,0,0,,,,,,,,,,,안전,2025.0,-94.2,-61.6,-53.0,OFS,영업이익,dart_OperatingIncomeLoss,-126.3,10.2,영업활동현금흐름,ifrs-full_CashFlowsFromUsedInOperatingActivities,ok,연간 영업이익 YoY 계산 성공,ok,OCF 추출 성공,2026 Q1,3개월,-4.7,-20.6,77.1,thstrm_amount,frmtrm_q_amount,OFS,fnlttSinglAcntAll,영업이익,dart_OperatingIncomeLoss,ok,3개월 기준 YoY 계산 성공,턴어라운드,20,-5,이중적자,,default,2,107.4,99.4,5.0,0.0,0.0,0.0,0.0,OFF,0.0,0.0,0.05430947035376344,SAFE,20.0,33.0,0.0,0.2579787234042553,4,5.0,0.143,-15.0,8.5,18.35,1.53,0.0,0.0,8056.0,0.0,-5.0,PYKRX,False,-999.0,-999.0,EXCLUDE,EXCLUDE,-999.0,EXCLUDE,EXCLUDE,0.0
kosdaq,20260714,20260714_2021,355390,크라우드웍스,출판·SW,1612,21.6,7.4,26.2,-85.0,3.9,-5.1,-44.0,-32.3,-18.6,-37.2,-55.8,0.2,10770,1551,0,0,0,0,125032,171706,0.6,2.1,3.6,0.73,3,0,0,1,0,+3%반등,79.5,0.3,0.0,1.9,-0.1,1,8,약세,-8,-7,0,-1,-21.9,-24.2,1496.48,,-1.11,-2212.0,-2212.0,-2212.0,10,10,1.0,90.5,82.5,355390,1514005,0,22,0,0,,[20260713] [기재정정]주요사항보고서(전환사채권발행결정) (20260713000442) || [20260707] [첨부정정]주요사항보고서(전환사채권발행결정) (20260707000051) || [20260703] 주요사항보고서(전환사채권발행결정) (20260703000646),,,,https://dart.fss.or.kr/dsaf001/main.do?rcpNo=20260713000442 || https://dart.fss.or.kr/dsaf001/main.do?rcpNo=20260707000051 || https://dart.fss.or.kr/dsaf001/main.do?rcpNo=20260703000646,,,,20260713000442 || 20260707000051 || 20260703000646,주의,2025.0,-133.7,-117.3,-14.0,CFS,영업이익(손실),dart_OperatingIncomeLoss,-109.6,-102.1,영업활동으로 인한 현금흐름,ifrs-full_CashFlowsFromUsedInOperatingActivities,ok,연간 영업이익 YoY 계산 성공,ok,OCF 추출 성공,2026 Q1,3개월,-21.6,-27.7,22.1,thstrm_amount,frmtrm_q_amount,CFS,fnlttSinglAcntAll,영업이익(손실),dart_OperatingIncomeLoss,ok,3개월 기준 YoY 계산 성공,턴어라운드,20,-5,이중적자,,default,2,107.5,99.5,2.0,0.0,0.0,0.0,0.0,OFF,0.0,0.0,0.046511320618532706,SAFE,16.0,15.0,0.0,0.1159090909090909,7,5.0,0.083,-15.0,8.5,19.875,1.27,0.0,0.0,1265.0,0.0,-5.0,PYKRX,False,-999.0,-999.0,EXCLUDE,EXCLUDE,-999.0,EXCLUDE,EXCLUDE,0.0
kosdaq,20260714,20260714_2021,092040,아미코젠,식료품,1188,19.4,12.6,24.5,-73.2,7.6,0.4,-8.2,-38.4,-13.6,-20.8,-43.7,0.43,4440,1104,10,0,1,1,574178,1327129,7.0,6.7,19.8,0.43,6,0,1,1,0,5일선회복/+3%반등,68.6,0.2,-0.2,-9.8,0.0,1,3,약세,-8,-7,0,-1,-21.9,-24.2,1496.48,,-1.11,-2212.0,-2212.0,-2212.0,10,10,1.0,87.6,79.6,092040,545734,0,16,0,0,,[20260623] [기재정정]주요사항보고서(유상증자결정) (20260623000019) || [20260622] 주요사항보고서(유상증자결정) (20260622000394) || [20260428] [기재정정]전환사채(해외전환사채포함)발행후만기전사채취득              (제5회차) (20260428901290),,,,https://dart.fss.or.kr/dsaf001/main.do?rcpNo=20260623000019 || https://dart.fss.or.kr/dsaf001/main.do?rcpNo=20260622000394 || https://dart.fss.or.kr/dsaf001/main.do?rcpNo=20260428901290,,,,20260623000019 || 20260622000394 || 20260428901290,주의,2025.0,-171.4,-70.5,-143.1,CFS,영업이익(손실),dart_OperatingIncomeLoss,-244.2,-133.4,영업활동현금흐름,ifrs-full_CashFlowsFromUsedInOperatingActivities,ok,연간 영업이익 YoY 계산 성공,ok,OCF 추출 성공,2026 Q1,3개월,-31.7,-43.3,26.8,thstrm_amount,frmtrm_q_amount,CFS,fnlttSinglAcntAll,영업이익(손실),dart_OperatingIncomeLoss,ok,3개월 기준 YoY 계산 성공,턴어라운드,20,-5,이중적자,,default,5,107.6,99.6,5.0,0.0,0.0,0.0,0.0,OFF,0.0,0.0,0.06760346996495642,SAFE,11.0,6.0,0.0,-0.04878048780487806,11,0.0,0.0,-15.0,8.5,17.15,0.7,0.0,0.0,1703.0,0.0,1.0,PYKRX,False,-999.0,-999.0,EXCLUDE,EXCLUDE,-999.0,EXCLUDE,EXCLUDE,0.0
kosdaq,20260714,20260714_2021,208710,포톤,반도체·전자부품,1826,35.2,29.5,21.6,-67.7,8.8,-3.4,-27.5,-23.0,-10.4,-25.8,-24.2,0.28,5660,1678,5,0,0,1,77085,268183,1.4,1.4,5.7,0.29,0,0,0,0,0,-,67.4,0.0,0.0,-6.8,0.0,1,0,약세,-8,-7,0,-1,-21.9,-24.2,1496.48,,-1.11,-2212.0,-2212.0,-2212.0,10,10,1.0,72.4,64.4,208710,1047707,0,1,0,0,,[20260318] 주요사항보고서(전환사채권발행결정) (20260318000650),,,,https://dart.fss.or.kr/dsaf001/main.do?rcpNo=20260318000650,,,,20260318000650,주의,2025.0,-0.5,-34.2,98.7,CFS,영업이익,dart_OperatingIncomeLoss,-0.8,8.6,영업활동순현금흐름,ifrs-full_CashFlowsFromUsedInOperatingActivities,ok,연간 영업이익 YoY 계산 성공,ok,OCF 추출 성공,2026 Q1,3개월,-2.7,-14.6,81.6,thstrm_amount,frmtrm_q_amount,CFS,fnlttSinglAcntAll,영업이익,dart_OperatingIncomeLoss,ok,3개월 기준 YoY 계산 성공,성장지속,10,-5,이중적자,,default,2,79.4,71.4,3.0,0.0,0.0,0.0,0.0,OFF,0.0,0.0,0.036405192077079526,SAFE,19.0,19.0,0.0,0.12363636363636363,3,0.0,0.0,-12.0,5.5,16.85,0.51,0.0,0.0,3611.0,0.0,7.0,PYKRX,False,-999.0,-999.0,EXCLUDE,EXCLUDE,-999.0,EXCLUDE,EXCLUDE,0.0
kosdaq,20260714,20260714_2021,052020,에스티큐브,도매,7430,22.3,14.3,20.5,-67.0,13.6,-6.2,-31.7,-52.1,-16.4,-40.7,-30.6,0.9,22500,6540,10,0,1,1,241715,278007,18.3,18.3,25.0,0.87,0,0,0,0,0,-,80.7,-2.0,0.0,51.9,0.1,1,0,약세,-8,-7,0,-1,-21.9,-24.2,1496.48,,-1.11,-2212.0,-2212.0,-2212.0,10,10,1.0,90.7,82.7,052020,273110,0,0,0,0,,,,,,,,,,,안전,2025.0,-234.7,-226.2,-3.8,CFS,영업이익(손실),dart_OperatingIncomeLoss,-197.8,-239.0,영업활동현금흐름,ifrs-full_CashFlowsFromUsedInOperatingActivities,ok,연간 영업이익 YoY 계산 성공,ok,OCF 추출 성공,2026 Q1,3개월,-73.1,-51.7,-41.4,thstrm_amount,frmtrm_q_amount,CFS,fnlttSinglAcntAll,영업이익(손실),dart_OperatingIncomeLoss,ok,3개월 기준 YoY 계산 성공,하락지속,-10,-5,이중적자,,default,4,79.7,71.7,3.0,0.0,0.0,0.0,0.0,OFF,0.0,0.0,0.03791658692373275,SAFE,20.0,33.0,0.0,0.19558359621451105,3,0.0,-0.08,-20.0,-5.0,20.0,7.0,0.0,0.0,1062.0,0.0,-5.0,PYKRX,False,-999.0,-999.0,EXCLUDE,EXCLUDE,-999.0,EXCLUDE,EXCLUDE,0.0
kosdaq,20260714,20260714_2021,377480,마음AI,출판·SW,8340,34.0,13.1,21.2,-68.5,4.2,-8.9,-39.0,-44.7,-16.0,-34.4,-52.1,0.57,26500,8000,0,0,0,0,41534,64073,2.9,3.5,6.8,0.65,0,0,0,0,0,-,74.7,1.2,0.0,0.6,0.0,1,8,약세,-8,-7,0,-1,-21.9,-24.2,1496.48,,-1.11,-2212.0,-2212.0,-2212.0,10,10,1.0,82.7,74.7,377480,1297898,0,0,0,0,,,,,,,,,,,안전,2025.0,-63.8,-71.2,10.4,CFS,영업이익(손실),dart_OperatingIncomeLoss,-58.5,-51.4,영업활동현금흐름,ifrs-full_CashFlowsFromUsedInOperatingActivities,ok,연간 영업이익 YoY 계산 성공,ok,OCF 추출 성공,2026 Q1,3개월,-20.9,-19.0,-10.0,thstrm_amount,frmtrm_q_amount,CFS,fnlttSinglAcntAll,영업이익(손실),dart_OperatingIncomeLoss,ok,3개월 기준 YoY 계산 성공,관망,0,-5,이중적자,,default,2,79.7,71.7,2.0,0.0,0.0,0.0,0.0,OFF,0.0,0.0,0.05368146503971464,SAFE,17.0,14.0,0.0,0.22820512820512823,3,10.0,0.176,-17.0,0.0,18.675,2.3,0.0,0.0,3622.0,0.0,-5.0,PYKRX,False,-999.0,-999.0,EXCLUDE,EXCLUDE,-999.0,EXCLUDE,EXCLUDE,0.0
kosdaq,20260714,20260714_2021,388870,파로스아이바이오,지주·전문서비스,5000,41.1,16.7,24.9,-58.7,8.0,-11.5,-17.8,-45.7,-9.7,-22.5,-36.9,1.06,12120,4630,5,0,0,1,78563,91538,5.0,4.0,5.4,0.86,7,0,0,1,1,+3%반등/거래량동반양봉,55.9,1.2,0.0,1.8,0.4,1,8,약세,-8,-7,0,-1,-21.9,-24.2,1496.48,,-1.11,-2212.0,-2212.0,-2212.0,10,10,1.0,75.9,67.9,388870,1495180,0,1,0,0,,[20251203] 주요사항보고서(전환사채권발행결정) (20251203000360),,,,https://dart.fss.or.kr/dsaf001/main.do?rcpNo=20251203000360,,,,20251203000360,주의,2025.0,-115.1,-126.0,8.7,CFS,영업이익(손실),dart_OperatingIncomeLoss,-83.5,-93.3,영업활동현금흐름,ifrs-full_CashFlowsFromUsedInOperatingActivities,ok,연간 영업이익 YoY 계산 성공,ok,OCF 추출 성공,2026 Q1,3개월,-23.7,-31.5,24.8,thstrm_amount,frmtrm_q_amount,CFS,fnlttSinglAcntAll,영업이익(손실),dart_OperatingIncomeLoss,ok,3개월 기준 YoY 계산 성공,성장지속,10,-5,이중적자,,default,-1,79.9,71.9,5.0,0.0,0.0,0.0,0.0,OFF,0.0,0.0,0.058175574698258764,SAFE,17.0,15.0,0.0,0.6460674157303371,8,10.0,0.222,-12.0,5.5,13.975,4.65,0.0,0.0,1076.0,0.0,-5.0,PYKRX,False,-999.0,-999.0,EXCLUDE,EXCLUDE,-999.0,EXCLUDE,EXCLUDE,0.0
kosdaq,20260714,20260714_2021,389470,인벤티지랩,지주·전문서비스,33000,35.7,10.2,6.3,-67.6,15.6,-13.4,-28.3,-46.6,-14.8,-28.8,-47.9,0.82,101700,28550,0,0,0,0,46505,71244,19.3,16.3,28.5,0.65,0,0,0,0,0,-,78.0,12.1,1.9,47.3,-0.8,1,15,약세,-8,-7,0,-1,-21.9,-24.2,1496.48,,-1.11,-2212.0,-2212.0,-2212.0,10,10,1.0,93.0,85.0,389470,1516456,0,10,0,0,,[20260622] 전환사채(해외전환사채포함)발행후만기전사채취득              (제2회차) (20260622900427) || [20260615] 주요사항보고서(자기전환사채만기전취득결정) (20260615000306) || [20260414] 감자결정(종속회사의주요경영사항)               (20260414900773),,,,https://dart.fss.or.kr/dsaf001/main.do?rcpNo=20260622900427 || https://dart.fss.or.kr/dsaf001/main.do?rcpNo=20260615000306 || https://dart.fss.or.kr/dsaf001/main.do?rcpNo=20260414900773,,,,20260622900427 || 20260615000306 || 20260414900773,주의,2025.0,-283.8,-189.6,-49.7,CFS,영업이익(손실),dart_OperatingIncomeLoss,-207.0,-137.6,영업활동현금흐름,ifrs-full_CashFlowsFromUsedInOperatingActivities,ok,연간 영업이익 YoY 계산 성공,ok,OCF 추출 성공,2026 Q1,3개월,-83.8,-53.7,-56.0,thstrm_amount,frmtrm_q_amount,CFS,fnlttSinglAcntAll,영업이익(손실),dart_OperatingIncomeLoss,ok,3개월 기준 YoY 계산 성공,하락지속,-10,-5,이중적자,,default,2,80.0,72.0,4.0,0.0,0.0,0.0,0.0,OFF,0.0,0.0,0.05611125382923636,SAFE,19.0,7.0,0.0,0.4734982332155477,0,15.0,0.491,-20.0,-5.0,19.5,6.39,0.0,0.0,5163.0,0.0,-5.0,PYKRX,False,-999.0,-999.0,EXCLUDE,EXCLUDE,-999.0,EXCLUDE,EXCLUDE,0.0
kosdaq,20260714,20260714_2021,476040,오가노이드사이언스,지주·전문서비스,7580,31.1,19.2,15.7,-84.4,9.9,-14.6,-36.1,-66.8,-19.6,-43.3,-72.5,1.07,48500,6900,5,0,0,1,43250,37411,3.1,3.3,3.6,1.16,0,0,0,0,0,-,80.1,1.7,0.0,9.4,-0.2,1,8,약세,-8,-7,0,-1,-21.9,-24.2,1496.48,,-1.11,-2212.0,-2212.0,-2212.0,10,10,1.0,93.1,85.1,476040,1626391,0,3,0,0,,[20260507] 증권발행결과(자율공시)              (제3자배정유상증자) (20260507900962) || [20260430] 주요사항보고서(유상증자결정) (20260429001154) || [20260429] 주요사항보고서(전환사채권발행결정) (20260429001149),,,,https://dart.fss.or.kr/dsaf001/main.do?rcpNo=20260507900962 || https://dart.fss.or.kr/dsaf001/main.do?rcpNo=20260429001154 || https://dart.fss.or.kr/dsaf001/main.do?rcpNo=20260429001149,,,,20260507900962 || 20260429001154 || 20260429001149,주의,2025.0,-162.0,-122.3,-32.4,CFS,영업이익(손실),dart_OperatingIncomeLoss,-139.9,-91.4,영업활동현금흐름,ifrs-full_CashFlowsFromUsedInOperatingActivities,ok,연간 영업이익 YoY 계산 성공,ok,OCF 추출 성공,2026 Q1,3개월,-42.4,-37.5,-13.1,thstrm_amount,frmtrm_q_amount,CFS,fnlttSinglAcntAll,영업이익(손실),dart_OperatingIncomeLoss,ok,3개월 기준 YoY 계산 성공,하락지속,-10,-5,이중적자,,default,2,80.1,72.1,5.0,0.0,0.0,0.0,0.0,OFF,0.0,0.0,0.05993079071531127,SAFE,20.0,33.0,0.0,0.4044321329639889,0,15.0,0.472,-20.0,-5.0,20.0,2.02,0.0,0.0,3745.0,0.0,-5.0,PYKRX,False,-999.0,-999.0,EXCLUDE,EXCLUDE,-999.0,EXCLUDE,EXCLUDE,0.0
kosdaq,20260714,20260714_2021,049950,미래컴퍼니,기계·장비,9750,44.1,22.8,17.6,-55.2,5.3,-6.2,-18.4,-29.9,-7.4,-22.6,-36.5,0.93,21750,9260,0,0,0,0,31280,33805,3.1,3.1,3.6,0.93,0,0,0,0,0,-,52.8,1.7,0.0,0.9,0.0,1,8,약세,-8,-7,0,-1,-21.9,-24.2,1496.48,,-1.11,-2212.0,-2212.0,-2212.0,10,10,1.0,60.8,52.8,049950,447760,0,0,0,0,,,,,,,,,,,안전,2025.0,-247.0,-168.1,-46.9,CFS,영업이익(손실),dart_OperatingIncomeLoss,-137.8,-51.6,영업활동현금흐름,ifrs-full_CashFlowsFromUsedInOperatingActivities,ok,연간 영업이익 YoY 계산 성공,ok,OCF 추출 성공,2026 Q1,3개월,12.6,-66.2,119.0,thstrm_amount,frmtrm_q_amount,CFS,fnlttSinglAcntAll,영업이익(손실),dart_OperatingIncomeLoss,ok,3개월 기준 YoY 계산 성공,턴어라운드,20,-5,이중적자,,default,2,77.8,69.8,2.0,0.0,0.0,0.0,0.0,OFF,0.0,0.0,0.04603345091364267,SAFE,19.0,7.0,0.0,0.3369565217391305,0,15.0,0.472,-15.0,8.5,13.2,0.76,0.0,0.0,12792.0,0.0,7.0,PYKRX,False,-999.0,-999.0,EXCLUDE,EXCLUDE,-999.0,EXCLUDE,EXCLUDE,0.0
kosdaq,20260714,20260714_2021,308080,바이젠셀,지주·전문서비스,5190,25.2,11.0,14.6,-70.1,85.4,-5.8,-34.1,-2.8,-15.8,-41.2,-27.2,0.9,17360,2800,5,0,1,0,357249,289822,13.2,19.8,18.2,1.23,0,0,0,0,0,-,83.9,-8.8,-0.1,13.2,0.1,1,0,약세,-8,-7,0,-1,-21.9,-24.2,1496.48,,-1.11,-2212.0,-2212.0,-2212.0,10,10,1.0,88.9,80.9,308080,1335790,0,0,0,0,,,,,,,,,,,안전,2025.0,-171.1,-153.3,-11.6,OFS,영업손실,dart_OperatingIncomeLoss,-138.2,-109.0,영업활동으로 인한 현금흐름,ifrs-full_CashFlowsFromUsedInOperatingActivities,ok,연간 영업이익 YoY 계산 성공,ok,OCF 추출 성공,2026 Q1,3개월,-28.4,-26.9,-5.6,thstrm_amount,frmtrm_q_amount,OFS,fnlttSinglAcntAll,영업손실,dart_OperatingIncomeLoss,ok,3개월 기준 YoY 계산 성공,하락지속,-10,-5,이중적자,,default,4,77.9,69.9,0.0,0.0,0.0,0.0,0.0,OFF,0.0,0.0,0.03380910474866814,SAFE,20.0,23.0,0.0,0.17008797653958943,3,-10.0,-0.489,-20.0,-5.0,20.0,2.43,0.0,0.0,2133.0,0.0,-5.0,PYKRX,False,-999.0,-999.0,EXCLUDE,EXCLUDE,-999.0,EXCLUDE,EXCLUDE,0.0
kosdaq,20260714,20260714_2021,160190,하이젠알앤엠,전기장비,15310,25.8,7.9,11.6,-83.2,4.8,-16.7,-45.5,-59.2,-25.5,-47.3,-68.2,0.78,91200,14610,0,0,0,0,71258,76485,9.1,11.8,16.1,0.93,0,0,0,0,0,-,85.4,7.3,-3.9,28.6,2.4,1,8,약세,-8,-7,0,-1,-21.9,-24.2,1496.48,,-1.11,-2212.0,-2212.0,-2212.0,10,10,1.0,93.4,85.4,160190,650771,0,0,0,0,,,,,,,,,,,안전,2025.0,-89.1,-3.7,-2312.6,CFS,영업이익(손실),dart_OperatingIncomeLoss,-96.9,-26.3,영업활동현금흐름,ifrs-full_CashFlowsFromUsedInOperatingActivities,ok,연간 영업이익 YoY 계산 성공,ok,OCF 추출 성공,2026 Q1,3개월,-33.9,-23.8,-42.9,thstrm_amount,frmtrm_q_amount,CFS,fnlttSinglAcntAll,영업이익(손실),dart_OperatingIncomeLoss,ok,3개월 기준 YoY 계산 성공,하락지속,-10,-5,이중적자,,default,0,78.4,70.4,2.0,0.0,0.0,0.0,0.0,OFF,0.0,0.0,0.06210237722530011,SAFE,20.0,33.0,0.0,0.367032967032967,0,10.0,0.211,-20.0,-5.0,20.0,4.19,0.0,0.0,3657.0,0.0,-5.0,PYKRX,False,-999.0,-999.0,EXCLUDE,EXCLUDE,-999.0,EXCLUDE,EXCLUDE,0.0
kosdaq,20260714,20260714_2021,394800,쓰리빌리언,지주·전문서비스,5430,39.2,10.1,16.1,-73.0,2.3,-6.7,-22.9,-52.2,-11.5,-33.7,-53.4,2.29,20100,5310,0,0,0,0,192606,191061,23.0,10.8,11.9,1.01,0,0,0,0,0,-,72.6,-0.2,-4.6,11.1,-18.9,1,0,약세,-8,-7,0,-1,-21.9,-24.2,1496.48,,-1.11,-2212.0,-2212.0,-2212.0,10,10,1.0,72.6,64.6,394800,1506617,0,2,0,0,,[20260423] 주요사항보고서(전환사채권발행결정) (20260423000749) || [20260423] 주요사항보고서(유상증자결정) (20260423000746),,,,https://dart.fss.or.kr/dsaf001/main.do?rcpNo=20260423000749 || https://dart.fss.or.kr/dsaf001/main.do?rcpNo=20260423000746,,,,20260423000749 || 20260423000746,주의,2025.0,-58.9,-74.2,20.6,CFS,영업이익(손실),dart_OperatingIncomeLoss,-35.6,-41.0,영업활동현금흐름,ifrs-full_CashFlowsFromUsedInOperatingActivities,ok,연간 영업이익 YoY 계산 성공,ok,OCF 추출 성공,2026 Q1,3개월,-16.6,-19.7,15.5,thstrm_amount,frmtrm_q_amount,CFS,fnlttSinglAcntAll,영업이익(손실),dart_OperatingIncomeLoss,ok,3개월 기준 YoY 계산 성공,성장지속,10,-5,이중적자,,default,1,78.6,70.6,0.0,0.0,0.0,0.0,0.0,OFF,0.0,0.0,0.055656860315283586,SAFE,20.0,33.0,0.0,0.2925764192139738,0,-10.0,-0.403,-12.0,3.0,18.15,7.31,0.0,0.0,743.0,0.0,-5.0,PYKRX,False,-999.0,-999.0,EXCLUDE,EXCLUDE,-999.0,EXCLUDE,EXCLUDE,0.0
kosdaq,20260714,20260714_2021,348210,넥스틴,기계·장비,36550,35.5,13.1,13.3,-63.6,6.4,-10.5,-42.7,-49.7,-20.0,-36.6,-45.2,1.22,100400,34350,5,0,1,0,107199,120422,53.2,41.1,56.4,0.89,0,0,0,0,0,-,76.8,35.6,-35.3,103.6,-185.6,1,8,약세,-8,-7,0,-1,-21.9,-24.2,1496.48,,-1.11,-2212.0,-2212.0,-2212.0,10,10,1.0,89.8,81.8,348210,1080252,0,0,0,0,,,,,,,,,,,안전,2025.0,-11.6,469.7,-102.5,CFS,영업이익(손실),dart_OperatingIncomeLoss,-111.1,427.6,영업활동순현금흐름,ifrs-full_CashFlowsFromUsedInOperatingActivities,ok,연간 영업이익 YoY 계산 성공,ok,OCF 추출 성공,2026 Q1,3개월,-55.4,34.1,-262.5,thstrm_amount,frmtrm_q_amount,CFS,fnlttSinglAcntAll,영업이익(손실),dart_OperatingIncomeLoss,ok,3개월 기준 YoY 계산 성공,하락지속,-10,-5,이중적자,,default,4,78.8,70.8,2.0,0.0,0.0,0.0,0.0,OFF,0.0,0.0,0.04871669330118694,SAFE,19.0,19.0,0.0,0.2459016393442623,3,0.0,0.005,-20.0,-5.0,19.2,2.48,0.0,1.4,14724.0,0.0,-5.0,PYKRX,False,-999.0,-999.0,EXCLUDE,EXCLUDE,-999.0,EXCLUDE,EXCLUDE,0.0
kosdaq,20260714,20260714_2021,372320,큐로셀,지주·전문서비스,22700,28.5,6.1,-11.4,-65.6,2.9,-25.8,-23.7,-59.7,-23.4,-33.2,-48.2,0.74,66000,22050,0,0,0,0,110160,91929,15.6,29.1,27.4,1.2,0,0,0,0,0,-,86.8,-6.3,-25.5,-50.1,-35.1,1,0,약세,-8,-7,0,-1,-21.9,-24.2,1496.48,,-1.11,-2212.0,-2212.0,-2212.0,10,10,1.0,86.8,78.8,372320,1492651,0,3,0,0,,[20260417] 주요사항보고서(유상증자결정) (20260417000574) || [20260417] 주요사항보고서(전환사채권발행결정) (20260417000568) || [20250917] 주요사항보고서(전환사채권발행결정) (20250917000327),,,,https://dart.fss.or.kr/dsaf001/main.do?rcpNo=20260417000574 || https://dart.fss.or.kr/dsaf001/main.do?rcpNo=20260417000568 || https://dart.fss.or.kr/dsaf001/main.do?rcpNo=20250917000327,,,,20260417000574 || 20260417000568 || 20250917000327,주의,2025.0,-362.9,-366.2,0.9,CFS,영업이익,dart_OperatingIncomeLoss,-299.9,-285.3,영업활동으로 인한 현금흐름,ifrs-full_CashFlowsFromUsedInOperatingActivities,ok,연간 영업이익 YoY 계산 성공,ok,OCF 추출 성공,2026 Q1,3개월,-78.0,-62.4,-24.9,thstrm_amount,frmtrm_q_amount,CFS,fnlttSinglAcntAll,영업이익,dart_OperatingIncomeLoss,ok,3개월 기준 YoY 계산 성공,관망,0,-5,이중적자,,default,-3,78.8,70.8,0.0,0.0,0.0,0.0,0.0,OFF,0.0,0.0,0.06382904452096608,SAFE,9.0,3.0,0.0,1.0886075949367089,0,-10.0,-1.161,-17.0,0.0,20.0,65.23,0.0,0.0,348.0,0.0,-5.0,PYKRX,False,-999.0,-999.0,EXCLUDE,EXCLUDE,-999.0,EXCLUDE,EXCLUDE,0.0
kosdaq,20260714,20260714_2021,058110,멕아이씨에스,의료·정밀·광학,1880,37.0,17.0,32.0,-53.0,26.5,0.5,-9.8,-41.6,-3.6,-13.8,-10.0,0.68,4000,1486,5,0,1,0,53518,53397,0.7,1.0,1.0,1.0,6,0,1,1,0,5일선회복/+3%반등,54.9,1.0,0.0,0.0,-0.2,1,3,약세,-8,-7,0,-1,-21.9,-24.2,1496.48,,-1.11,-2212.0,-2212.0,-2212.0,10,10,1.0,68.9,60.900000000000006,058110,270113,0,0,0,0,,,,,,,,,,,안전,2025.0,-27.9,-94.9,70.6,CFS,영업이익(손실),dart_OperatingIncomeLoss,-24.6,-34.8,영업활동현금흐름,ifrs-full_CashFlowsFromUsedInOperatingActivities,ok,연간 영업이익 YoY 계산 성공,ok,OCF 추출 성공,2026 Q1,3개월,3.7,-10.6,134.5,thstrm_amount,frmtrm_q_amount,CFS,fnlttSinglAcntAll,영업이익(손실),dart_OperatingIncomeLoss,ok,3개월 기준 YoY 계산 성공,성장지속,10,-5,이중적자,,default,5,78.9,70.9,2.0,0.0,0.0,0.0,0.0,OFF,0.0,0.0,0.03472486199536979,SAFE,10.0,0.0,0.0,-0.0510204081632653,11,15.0,1.0,-12.0,5.5,13.725,0.79,0.0,0.0,2365.0,0.0,7.0,PYKRX,False,-999.0,-999.0,EXCLUDE,EXCLUDE,-999.0,EXCLUDE,EXCLUDE,0.0
kosdaq,20260714,20260714_2021,452450,피아이이,기계·장비,2995,32.4,11.6,15.9,-72.5,4.4,-10.7,-36.9,-43.7,-18.2,-38.9,-53.8,1.33,10910,2870,0,0,0,0,146107,156692,6.3,4.5,5.8,0.93,0,0,0,0,0,-,81.3,2.5,0.0,8.6,0.4,1,8,약세,-8,-7,0,-1,-21.9,-24.2,1496.48,,-1.11,-2212.0,-2212.0,-2212.0,10,10,1.0,89.3,81.3,452450,1429220,0,2,0,0,,[20250807] [기재정정]주요사항보고서(전환사채권발행결정) (20250807000166) || [20250804] 주요사항보고서(전환사채권발행결정) (20250804000209),,,,https://dart.fss.or.kr/dsaf001/main.do?rcpNo=20250807000166 || https://dart.fss.or.kr/dsaf001/main.do?rcpNo=20250804000209,,,,20250807000166 || 20250804000209,주의,2025.0,-212.2,94.3,-324.9,CFS,영업이익(손실),dart_OperatingIncomeLoss,-68.8,151.8,영업활동현금흐름,ifrs-full_CashFlowsFromUsedInOperatingActivities,ok,연간 영업이익 YoY 계산 성공,ok,OCF 추출 성공,2026 Q1,3개월,-31.0,-35.7,12.9,thstrm_amount,frmtrm_q_amount,CFS,fnlttSinglAcntAll,영업이익(손실),dart_OperatingIncomeLoss,ok,3개월 기준 YoY 계산 성공,턴어라운드,20,-5,이중적자,,default,0,104.3,96.3,2.0,0.0,0.0,0.0,0.0,OFF,0.0,0.0,0.05293388932453657,SAFE,20.0,33.0,0.0,0.28997289972899726,0,15.0,0.431,-15.0,6.0,20.0,1.91,0.0,0.0,1566.0,0.0,-5.0,PYKRX,False,-999.0,-999.0,EXCLUDE,EXCLUDE,-999.0,EXCLUDE,EXCLUDE,0.0
kosdaq,20260714,20260714_2021,466100,클로봇,출판·SW,23700,28.2,10.1,14.0,-71.2,48.7,-10.2,-37.5,-46.7,-18.8,-37.1,-50.6,0.61,82300,15940,0,0,0,0,167506,200813,29.2,42.0,60.1,0.83,0,0,0,0,0,-,84.4,17.3,24.8,113.4,44.2,1,15,약세,-8,-7,0,-1,-21.9,-24.2,1496.48,,-1.11,-2212.0,-2212.0,-2212.0,10,10,1.0,99.4,91.4,466100,1784914,0,5,0,0,,[20260703] 권리락              (유상증자) (20260703900893) || [20260703] 유상증자1차발행가액결정               (20260703900679) || [20260703] [기재정정]주요사항보고서(유상증자결정) (20260703000366),,,,https://dart.fss.or.kr/dsaf001/main.do?rcpNo=20260703900893 || https://dart.fss.or.kr/dsaf001/main.do?rcpNo=20260703900679 || https://dart.fss.or.kr/dsaf001/main.do?rcpNo=20260703000366,,,,20260703900893 || 20260703900679 || 20260703000366,주의,2025.0,-31.8,-74.9,57.5,CFS,영업이익(손실),dart_OperatingIncomeLoss,-29.0,-75.2,영업활동현금흐름,ifrs-full_CashFlowsFromUsedInOperatingActivities,ok,연간 영업이익 YoY 계산 성공,ok,OCF 추출 성공,2026 Q1,3개월,-25.0,-33.8,26.1,thstrm_amount,frmtrm_q_amount,CFS,fnlttSinglAcntAll,영업이익(손실),dart_OperatingIncomeLoss,ok,3개월 기준 YoY 계산 성공,성장지속,10,-5,이중적자,,default,0,104.4,96.4,4.0,0.0,0.0,0.0,0.0,OFF,0.0,0.0,0.059824886759742665,SAFE,20.0,24.0,0.0,0.27199999999999996,0,15.0,0.7,-12.0,5.5,20.0,10.36,0.0,0.0,2287.0,0.0,-5.0,PYKRX,False,-999.0,-999.0,EXCLUDE,EXCLUDE,-999.0,EXCLUDE,EXCLUDE,0.0
kosdaq,20260714,20260714_2021,451760,컨텍,IT서비스,7230,30.1,8.9,9.0,-72.6,4.9,-16.5,-42.0,-64.4,-24.8,-50.2,-48.8,1.29,26350,6890,0,0,0,0,132658,168537,15.0,10.3,17.1,0.79,0,0,0,0,0,-,87.7,-9.0,0.0,25.8,-3.6,1,0,약세,-8,-7,0,-1,-21.9,-24.2,1496.48,,-1.11,-2212.0,-2212.0,-2212.0,10,10,1.0,87.7,79.7,451760,1685251,0,0,0,0,,,,,,,,,,,안전,2025.0,-161.7,-121.9,-32.7,CFS,Ⅴ. 영업이익(손실),dart_OperatingIncomeLoss,-7.8,18.5,Ⅰ. 영업활동현금흐름,ifrs-full_CashFlowsFromUsedInOperatingActivities,ok,연간 영업이익 YoY 계산 성공,ok,OCF 추출 성공,2026 Q1,3개월,-24.4,-51.7,52.8,thstrm_amount,frmtrm_q_amount,CFS,fnlttSinglAcntAll,Ⅴ. 영업이익(손실),dart_OperatingIncomeLoss,ok,3개월 기준 YoY 계산 성공,턴어라운드,20,-5,이중적자,,default,2,104.7,96.7,0.0,0.0,0.0,0.0,0.0,OFF,0.0,0.0,0.060216171097194286,SAFE,20.0,31.0,0.0,0.39285714285714285,0,-10.0,-0.526,-15.0,8.5,20.0,1.28,0.0,0.0,5646.0,0.0,-5.0,PYKRX,False,-999.0,-999.0,EXCLUDE,EXCLUDE,-999.0,EXCLUDE,EXCLUDE,0.0
kosdaq,20260714,20260714_2021,317120,라닉스,반도체·전자부품,1251,32.0,19.0,12.2,-65.8,5.9,-6.6,-26.3,-35.0,-12.5,-32.3,-40.3,0.59,3660,1181,5,0,1,0,55660,80861,0.6,0.7,1.2,0.69,0,0,0,0,0,-,78.0,0.2,0.0,1.1,-0.1,1,8,약세,-8,-7,0,-1,-21.9,-24.2,1496.48,,-1.11,-2212.0,-2212.0,-2212.0,10,10,1.0,91.0,83.0,317120,1327092,0,4,0,0,,[20250925] 주요사항보고서(전환사채권발행결정) (20250924000459) || [20250811] 신주인수권부사채(해외신주인수권부사채포함)발행후만기전사채취득               (20250811900423) || [20250806] 신주인수권부사채(해외신주인수권부사채포함)발행후만기전사채취득               (20250806900325),,,,https://dart.fss.or.kr/dsaf001/main.do?rcpNo=20250924000459 || https://dart.fss.or.kr/dsaf001/main.do?rcpNo=20250811900423 || https://dart.fss.or.kr/dsaf001/main.do?rcpNo=20250806900325,,,,20250924000459 || 20250811900423 || 20250806900325,주의,2025.0,-60.5,-54.2,-11.7,CFS,영업이익(손실),dart_OperatingIncomeLoss,-51.2,-56.8,영업활동현금흐름,ifrs-full_CashFlowsFromUsedInOperatingActivities,ok,연간 영업이익 YoY 계산 성공,ok,OCF 추출 성공,2026 Q1,3개월,-15.7,-14.4,-8.7,thstrm_amount,frmtrm_q_amount,CFS,fnlttSinglAcntAll,영업이익(손실),dart_OperatingIncomeLoss,ok,3개월 기준 YoY 계산 성공,하락지속,-10,-5,이중적자,,default,0,76.0,68.0,2.0,0.0,0.0,0.0,0.0,OFF,0.0,0.0,0.03690524236540423,SAFE,20.0,31.0,0.0,0.2509505703422053,0,10.0,0.167,-20.0,-5.0,19.5,0.89,0.0,0.0,1399.0,0.0,1.0,PYKRX,False,-999.0,-999.0,EXCLUDE,EXCLUDE,-999.0,EXCLUDE,EXCLUDE,0.0
kosdaq,20260714,20260714_2021,108230,톱텍,기계·장비,2810,43.1,15.2,26.5,-54.5,3.1,-2.4,-21.7,-39.8,-6.3,-20.8,-35.4,0.73,6170,2725,5,0,0,1,88541,109847,2.3,2.5,3.3,0.81,0,0,0,0,0,-,54.3,-0.5,-0.1,3.4,-0.1,1,0,약세,-8,-7,0,-1,-21.9,-24.2,1496.48,,-1.11,-2212.0,-2212.0,-2212.0,10,10,1.0,59.3,51.3,108230,531917,0,0,0,0,,,,,,,,,,,안전,2025.0,-31.4,124.9,-125.2,CFS,영업이익,dart_OperatingIncomeLoss,-82.4,1269.2,영업활동으로 인한 현금흐름,ifrs-full_CashFlowsFromUsedInOperatingActivities,ok,연간 영업이익 YoY 계산 성공,ok,OCF 추출 성공,2026 Q1,3개월,60.5,-4.8,1353.6,thstrm_amount,frmtrm_q_amount,CFS,fnlttSinglAcntAll,영업이익,dart_OperatingIncomeLoss,ok,3개월 기준 YoY 계산 성공,턴어라운드,20,-5,이중적자,,default,2,76.3,68.3,3.0,0.0,0.0,0.0,0.0,OFF,0.0,0.0,0.03977932246970513,SAFE,20.0,30.0,0.0,0.11059907834101382,3,-10.0,-0.182,-15.0,8.5,13.575,0.27,0.0,3.56,10549.0,0.0,10.0,PYKRX,False,-999.0,-999.0,EXCLUDE,EXCLUDE,-999.0,EXCLUDE,EXCLUDE,0.0
kosdaq,20260714,20260714_2021,474650,링크솔루션,기계·장비,22500,30.1,10.5,15.7,-75.9,35.3,-14.9,-46.5,-62.7,-24.3,-45.5,-53.6,0.71,93300,16630,0,0,0,0,30210,51942,8.2,7.2,16.3,0.58,0,0,0,0,0,-,83.4,4.5,-1.6,51.6,-2.1,1,8,약세,-8,-7,0,-1,-21.9,-24.2,1496.48,,-1.11,-2212.0,-2212.0,-2212.0,10,10,1.0,91.4,83.4,474650,1764099,0,0,0,0,,,,,,,,,,,안전,2025.0,-73.8,-40.0,-84.6,OFS,영업이익(손실),dart_OperatingIncomeLoss,-54.6,-57.6,영업활동현금흐름,ifrs-full_CashFlowsFromUsedInOperatingActivities,ok,연간 영업이익 YoY 계산 성공,ok,OCF 추출 성공,2026 Q1,3개월,-36.9,-17.0,-117.6,thstrm_amount,frmtrm_q_amount,CFS,fnlttSinglAcntAll,영업이익(손실),dart_OperatingIncomeLoss,ok,3개월 기준 YoY 계산 성공,하락지속,-10,-5,이중적자,,default,0,76.4,68.4,2.0,0.0,0.0,0.0,0.0,OFF,0.0,0.0,0.05855578327051265,SAFE,20.0,33.0,0.0,0.3204301075268817,0,10.0,0.178,-20.0,-5.0,20.0,3.31,0.0,0.0,6788.0,0.0,-5.0,PYKRX,False,-999.0,-999.0,EXCLUDE,EXCLUDE,-999.0,EXCLUDE,EXCLUDE,0.0
kosdaq,20260714,20260714_2021,0088M0,메쥬,의료·정밀·광학,13780,39.1,34.2,26.9,-81.3,14.6,-7.6,-27.4,-53.7,-11.7,-37.7,,0.81,73500,12020,0,0,0,0,64643,98336,11.2,9.4,15.1,0.66,3,0,0,1,0,+3%반등,59.3,-5.0,4.3,22.4,-18.4,1,8,약세,-8,-7,0,-1,-21.9,-24.2,1496.48,,-1.11,-2212.0,-2212.0,-2212.0,10,10,1.0,70.3,62.3,0088M0,1780608,0,0,0,0,,,,,,,,,,,안전,2025.0,-28.3,-59.5,52.4,OFS,영업이익(손실),dart_OperatingIncomeLoss,-53.9,-49.2,영업활동현금흐름,ifrs-full_CashFlowsFromUsedInOperatingActivities,ok,연간 영업이익 YoY 계산 성공,ok,OCF 추출 성공,2026 Q1,3개월,9.6,-19.7,148.5,thstrm_amount,frmtrm_q_amount,OFS,fnlttSinglAcntAll,영업이익(손실),dart_OperatingIncomeLoss,ok,3개월 기준 YoY 계산 성공,성장지속,10,-5,이중적자,,default,2,77.3,69.3,2.0,0.0,35.2,0.0,0.0,OFF,0.0,0.0,0.08546641041112933,SAFE,19.0,0.0,0.0,0.2773722627737226,4,0.0,-0.046,-12.0,5.5,14.825,11.49,32.65,0.0,1199.0,422.0,0.0,PYKRX,False,-999.0,-999.0,EXCLUDE,EXCLUDE,-999.0,EXCLUDE,EXCLUDE,0.0
kosdaq,20260714,20260714_2021,040160,누리플렉스,출판·SW,5840,32.0,11.6,10.2,-69.8,104.6,-13.6,-39.5,-46.3,-21.9,-47.9,-22.2,0.84,19350,2855,5,1,0,0,45825,33841,1.7,2.8,2.5,1.35,0,0,0,0,0,-,82.5,1.2,0.0,1.6,0.0,1,8,약세,-8,-7,0,-1,-21.9,-24.2,1496.48,,-1.11,-2212.0,-2212.0,-2212.0,10,10,1.0,95.5,87.5,040160,269889,0,0,0,0,,,,,,,,,,,안전,2025.0,-60.9,-81.5,25.3,CFS,영업이익(손실),dart_OperatingIncomeLoss,-5.0,-173.0,영업활동현금흐름,ifrs-full_CashFlowsFromUsedInOperatingActivities,ok,연간 영업이익 YoY 계산 성공,ok,OCF 추출 성공,2026 Q1,3개월,-32.3,3.0,-1175.9,thstrm_amount,frmtrm_q_amount,CFS,fnlttSinglAcntAll,영업이익(손실),dart_OperatingIncomeLoss,ok,3개월 기준 YoY 계산 성공,피크아웃,-15,-5,이중적자,,default,2,77.5,69.5,2.0,0.0,0.0,0.0,0.0,OFF,1.0,8.0,0.07464608813920333,SAFE,20.0,33.0,0.0,0.34430379746835443,0,15.0,0.48,-17.0,-7.5,20.0,0.93,0.0,0.0,6261.0,0.0,1.0,PYKRX,False,-999.0,-999.0,EXCLUDE,EXCLUDE,-999.0,EXCLUDE,EXCLUDE,0.0
kosdaq,20260714,20260714_2021,141080,리가켐바이오,지주·전문서비스,104300,29.2,7.9,-2.0,-53.6,6.1,-23.4,-21.5,-44.6,-23.3,-30.1,-38.1,1.35,225000,98300,0,0,0,0,574733,515417,746.7,659.6,707.5,1.12,0,0,0,0,0,-,87.5,176.8,-270.4,-1000.4,333.9,1,8,약세,-8,-7,0,-1,-21.9,-24.2,1496.48,,-1.11,-2212.0,-2212.0,-2212.0,10,10,1.0,95.5,87.5,141080,842619,0,2,0,0,,[20260626] 주요사항보고서(유상증자결정) (20260626000006) || [20260626] 주요사항보고서(전환사채권발행결정) (20260626000004),,,,https://dart.fss.or.kr/dsaf001/main.do?rcpNo=20260626000006 || https://dart.fss.or.kr/dsaf001/main.do?rcpNo=20260626000004,,,,20260626000006 || 20260626000004,주의,2025.0,-1064.9,-209.1,-409.2,CFS,영업손실,dart_OperatingIncomeLoss,-1245.3,784.8,영업활동으로 인한 현금흐름,ifrs-full_CashFlowsFromUsedInOperatingActivities,ok,연간 영업이익 YoY 계산 성공,ok,OCF 추출 성공,2026 Q1,3개월,-374.2,113.8,-428.9,thstrm_amount,frmtrm_q_amount,CFS,fnlttSinglAcntAll,영업이익(손실),dart_OperatingIncomeLoss,ok,3개월 기준 YoY 계산 성공,하락지속,-10,-5,이중적자,,default,-3,77.5,69.5,2.0,0.0,0.0,0.0,0.0,OFF,0.0,0.0,0.0699597034524625,SAFE,10.0,4.0,0.0,1.0883720930232557,0,0.0,-0.132,-20.0,-5.0,20.0,7.49,0.0,0.0,13930.0,0.0,-5.0,PYKRX,False,-999.0,-999.0,EXCLUDE,EXCLUDE,-999.0,EXCLUDE,EXCLUDE,0.0
kosdaq,20260714,20260714_2021,418420,라온텍,반도체·전자부품,3415,31.1,15.3,15.7,-72.7,7.9,-11.3,-37.9,-40.9,-20.7,-46.3,-38.4,0.98,12500,3165,0,0,0,0,176781,246511,8.1,6.4,10.8,0.72,0,0,0,0,0,-,80.7,-6.6,0.0,0.0,0.4,1,0,약세,-8,-7,0,-1,-21.9,-24.2,1496.48,,-1.11,-2212.0,-2212.0,-2212.0,10,10,1.0,80.7,72.7,418420,965512,0,1,0,0,,[20250818] 주요사항보고서(전환사채권발행결정) (20250818000222),,,,https://dart.fss.or.kr/dsaf001/main.do?rcpNo=20250818000222,,,,20250818000222,주의,2025.0,-58.1,-69.9,16.9,OFS,영업이익(손실),dart_OperatingIncomeLoss,-51.0,-39.0,영업활동현금흐름,ifrs-full_CashFlowsFromUsedInOperatingActivities,ok,연간 영업이익 YoY 계산 성공,ok,OCF 추출 성공,2026 Q1,3개월,-33.2,-26.1,-27.3,thstrm_amount,frmtrm_q_amount,OFS,fnlttSinglAcntAll,영업이익(손실),dart_OperatingIncomeLoss,ok,3개월 기준 YoY 계산 성공,관망,0,-5,이중적자,,default,2,77.7,69.7,0.0,0.0,0.0,0.0,0.0,OFF,0.0,0.0,0.05202131004943523,SAFE,20.0,29.0,0.0,0.2981530343007916,0,-10.0,-0.611,-17.0,0.0,20.0,6.22,0.0,0.0,549.0,0.0,-5.0,PYKRX,False,-999.0,-999.0,EXCLUDE,EXCLUDE,-999.0,EXCLUDE,EXCLUDE,0.0
kosdaq,20260714,20260714_2021,459510,나우로보틱스,기계·장비,11890,32.9,10.6,14.5,-68.9,4.8,-10.1,-37.7,-43.2,-17.7,-42.0,-48.4,0.7,38250,11350,5,0,1,0,31828,47130,3.8,4.0,7.1,0.68,0,0,0,0,0,-,79.7,4.3,-0.3,10.8,-1.0,1,8,약세,-8,-7,0,-1,-21.9,-24.2,1496.48,,-1.11,-2212.0,-2212.0,-2212.0,10,10,1.0,92.7,84.7,459510,1594791,0,3,0,0,,[20260116] [기재정정]주요사항보고서(전환사채권발행결정) (20260115000430) || [20260107] [기재정정]주요사항보고서(전환사채권발행결정) (20260107000658) || [20260106] 주요사항보고서(전환사채권발행결정) (20260106000212),,,,https://dart.fss.or.kr/dsaf001/main.do?rcpNo=20260115000430 || https://dart.fss.or.kr/dsaf001/main.do?rcpNo=20260107000658 || https://dart.fss.or.kr/dsaf001/main.do?rcpNo=20260106000212,,,,20260115000430 || 20260107000658 || 20260106000212,주의,2025.0,-82.1,-28.6,-187.3,OFS,IV. 영업이익(손실),dart_OperatingIncomeLoss,-76.3,-39.7,I. 영업활동 현금흐름,ifrs-full_CashFlowsFromUsedInOperatingActivities,ok,연간 영업이익 YoY 계산 성공,ok,OCF 추출 성공,2026 Q1,3개월,-26.3,-13.7,-92.4,thstrm_amount,frmtrm_q_amount,CFS,fnlttSinglAcntAll,IV. 영업이익(손실),dart_OperatingIncomeLoss,ok,3개월 기준 YoY 계산 성공,하락지속,-10,-5,이중적자,,default,0,77.7,69.7,2.0,0.0,0.0,0.0,0.0,OFF,0.0,0.0,0.05677669603651837,SAFE,20.0,31.0,0.0,0.2679045092838196,0,15.0,0.563,-20.0,-5.0,19.925,9.53,0.0,0.0,1248.0,0.0,-5.0,PYKRX,False,-999.0,-999.0,EXCLUDE,EXCLUDE,-999.0,EXCLUDE,EXCLUDE,0.0
kosdaq,20260714,20260714_2021,322180,LS티라유텍,출판·SW,3730,38.5,6.9,16.0,-68.0,1.9,-9.2,-31.3,-52.9,-14.4,-39.3,-48.2,0.85,11660,3660,0,0,0,0,147627,183860,5.9,5.7,8.1,0.8,0,0,0,0,0,-,70.8,-2.0,0.0,-3.0,0.1,1,0,약세,-8,-7,0,-1,-21.9,-24.2,1496.48,,-1.11,-2212.0,-2212.0,-2212.0,10,10,1.0,70.8,62.8,322180,1309388,0,2,0,0,,[20260227] 주요사항보고서(감자결정) (20260227006502) || [20250905] 유상증자결정(종속회사의주요경영사항)               (20250905900113),,,,https://dart.fss.or.kr/dsaf001/main.do?rcpNo=20260227006502 || https://dart.fss.or.kr/dsaf001/main.do?rcpNo=20250905900113,,,,20260227006502 || 20250905900113,주의,2025.0,-42.9,-79.1,45.7,CFS,영업이익(손실),dart_OperatingIncomeLoss,-68.7,-43.2,영업활동현금흐름,ifrs-full_CashFlowsFromUsedInOperatingActivities,ok,연간 영업이익 YoY 계산 성공,ok,OCF 추출 성공,2026 Q1,3개월,-26.0,-29.1,10.5,thstrm_amount,frmtrm_q_amount,CFS,fnlttSinglAcntAll,영업이익(손실),dart_OperatingIncomeLoss,ok,3개월 기준 YoY 계산 성공,성장지속,10,-5,이중적자,,default,2,77.8,69.8,0.0,0.0,0.0,0.0,0.0,OFF,0.0,0.0,0.053750619849395775,SAFE,20.0,33.0,0.0,0.2939297124600639,0,-10.0,-0.247,-12.0,3.0,17.7,1.19,0.0,0.0,3141.0,0.0,-5.0,PYKRX,False,-999.0,-999.0,EXCLUDE,EXCLUDE,-999.0,EXCLUDE,EXCLUDE,0.0
kosdaq,20260714,20260714_2021,950160,코오롱티슈진,제약·바이오,72900,25.3,24.6,-4.9,-51.1,103.6,-22.8,-30.4,-26.6,-22.2,-28.7,-13.6,2.74,149000,35800,0,0,0,0,502735,392066,801.7,396.2,360.8,1.28,0,0,0,0,0,-,95.0,209.9,-95.3,101.7,-154.2,1,8,약세,-8,-7,0,-1,-21.9,-24.2,1496.48,,-1.11,-2212.0,-2212.0,-2212.0,10,10,1.0,103.0,95.0,950160,1245062,0,2,0,0,,[20260306] 주요사항보고서(유상증자결정) (20260306000980) || [20250912] 주요사항보고서(전환사채권발행결정) (20250912000305),,,,https://dart.fss.or.kr/dsaf001/main.do?rcpNo=20260306000980 || https://dart.fss.or.kr/dsaf001/main.do?rcpNo=20250912000305,,,,20260306000980 || 20250912000305,주의,2025.0,-0.2,-0.2,2.7,OFS,영업이익(손실),dart_OperatingIncomeLoss,-0.2,-0.1,영업활동현금흐름,ifrs-full_CashFlowsFromUsedInOperatingActivities,ok,연간 영업이익 YoY 계산 성공,ok,OCF 추출 성공,2026 Q1,3개월,0.0,0.0,1.6,thstrm_amount,frmtrm_q_amount,OFS,fnlttSinglAcntAll,영업이익(손실),dart_OperatingIncomeLoss,ok,3개월 기준 YoY 계산 성공,관망,0,-5,이중적자,,default,-2,96.0,88.0,4.0,0.0,,,0.0,OFF,0.0,0.0,0.053126771121618774,SAFE,10.0,9.0,0.0,0.7500000000000001,0,15.0,0.318,-15.0,0.0,20.0,,,,,,0.0,PYKRX,False,-999.0,-999.0,EXCLUDE,EXCLUDE,-999.0,EXCLUDE,EXCLUDE,0.0
kosdaq,20260714,20260714_2021,204270,제이앤티씨,반도체·전자부품,15800,29.8,16.1,28.3,-47.5,9.0,1.2,-7.6,-3.1,-11.7,-16.3,-23.1,0.52,30100,14490,5,0,1,0,461332,677110,57.2,75.3,133.7,0.68,3,0,0,1,0,+3%반등,65.0,-2.8,7.2,-24.2,-2.8,1,3,약세,-8,-7,0,-1,-21.9,-24.2,1496.48,,-1.11,-2212.0,-2212.0,-2212.0,10,10,1.0,76.0,68.0,204270,447575,0,4,0,0,,[20260615] 유상증자결정(종속회사의주요경영사항)               (20260615900737) || [20260319] 유상증자결정(자율공시)(종속회사의주요경영사항)               (20260319900416) || [20251224] 유상증자결정(자율공시)(종속회사의주요경영사항)               (20251224900178),,,,https://dart.fss.or.kr/dsaf001/main.do?rcpNo=20260615900737 || https://dart.fss.or.kr/dsaf001/main.do?rcpNo=20260319900416 || https://dart.fss.or.kr/dsaf001/main.do?rcpNo=20251224900178,,,,20260615900737 || 20260319900416 || 20251224900178,주의,2025.0,-780.0,-460.9,-69.2,CFS,영업이익(손실),dart_OperatingIncomeLoss,-23.3,387.4,영업활동현금흐름,ifrs-full_CashFlowsFromUsedInOperatingActivities,ok,연간 영업이익 YoY 계산 성공,ok,OCF 추출 성공,2026 Q1,3개월,-114.3,-141.7,19.3,thstrm_amount,frmtrm_q_amount,CFS,fnlttSinglAcntAll,영업이익(손실),dart_OperatingIncomeLoss,ok,3개월 기준 YoY 계산 성공,턴어라운드,20,-5,이중적자,,default,5,96.0,88.0,2.0,0.0,0.0,0.0,0.0,OFF,0.0,0.0,0.09492222964014778,SAFE,8.0,1.0,0.0,-0.15789473684210525,7,0.0,0.033,-15.0,6.0,16.25,3.65,0.0,0.0,4333.0,0.0,-5.0,PYKRX,False,-999.0,-999.0,EXCLUDE,EXCLUDE,-999.0,EXCLUDE,EXCLUDE,0.0
kosdaq,20260714,20260714_2021,073490,LIG아큐버,반도체·전자부품,23900,35.6,19.6,25.6,-61.8,30.7,-0.4,-31.9,-44.7,-11.8,-35.3,-24.7,0.8,62500,18280,5,0,1,0,77887,88613,16.8,18.6,24.5,0.88,3,0,0,1,0,+3%반등,69.0,-3.5,-0.4,52.5,-5.9,1,0,약세,-8,-7,0,-1,-21.9,-24.2,1496.48,,-1.11,-2212.0,-2212.0,-2212.0,10,10,1.0,77.0,69.0,073490,462121,0,0,0,0,,,,,,,,,,,안전,2025.0,-11.2,24.4,-146.0,CFS,영업이익(손실),dart_OperatingIncomeLoss,-85.0,180.3,영업활동현금흐름,ifrs-full_CashFlowsFromUsedInOperatingActivities,ok,연간 영업이익 YoY 계산 성공,ok,OCF 추출 성공,2026 Q1,3개월,-2.8,-47.5,94.2,thstrm_amount,frmtrm_q_amount,CFS,fnlttSinglAcntAll,영업이익(손실),dart_OperatingIncomeLoss,ok,3개월 기준 YoY 계산 성공,턴어라운드,20,-5,이중적자,,default,4,96.0,88.0,0.0,0.0,0.0,0.0,0.0,OFF,0.0,0.0,0.04282498605713527,SAFE,20.0,31.0,0.0,0.012539184952978058,7,-10.0,-0.159,-15.0,8.5,17.25,1.09,0.0,0.42,21991.0,0.0,-5.0,PYKRX,False,-999.0,-999.0,EXCLUDE,EXCLUDE,-999.0,EXCLUDE,EXCLUDE,0.0
kosdaq,20260714,20260714_2021,215600,신라젠,지주·전문서비스,2030,34.3,11.2,3.1,-62.4,2.8,-9.8,-21.3,-45.9,-11.1,-24.8,-37.1,1.36,5400,1974,0,0,0,0,523237,580662,16.3,11.0,13.3,0.9,0,0,0,0,0,-,79.5,4.7,-0.1,5.3,0.0,1,8,약세,-8,-7,0,-1,-21.9,-24.2,1496.48,,-1.11,-2212.0,-2212.0,-2212.0,10,10,1.0,87.5,79.5,215600,919966,0,0,0,0,,,,,,,,,,,안전,2025.0,-255.9,-267.7,4.4,CFS,영업이익(손실),dart_OperatingIncomeLoss,-225.0,-178.3,영업활동현금흐름,ifrs-full_CashFlowsFromUsedInOperatingActivities,ok,연간 영업이익 YoY 계산 성공,ok,OCF 추출 성공,2026 Q1,3개월,-56.5,-51.0,-10.7,thstrm_amount,frmtrm_q_amount,CFS,fnlttSinglAcntAll,영업이익(손실),dart_OperatingIncomeLoss,ok,3개월 기준 YoY 계산 성공,관망,0,-5,이중적자,,default,0,82.5,74.5,2.0,0.0,0.0,0.0,0.0,OFF,0.0,0.0,0.04858743008889835,SAFE,18.0,1.0,0.0,0.46009389671361506,0,15.0,0.346,-17.0,0.0,19.875,2.55,0.0,0.0,797.0,0.0,-5.0,PYKRX,False,-999.0,-999.0,EXCLUDE,EXCLUDE,-999.0,EXCLUDE,EXCLUDE,0.0
kosdaq,20260714,20260714_2021,445680,큐리옥스바이오시스템즈,의료·정밀·광학,41100,43.0,25.0,33.5,-72.5,16.3,-4.4,-36.6,-44.7,-9.9,-41.3,-53.1,0.58,149200,35350,10,0,1,1,88299,138049,32.6,36.6,65.8,0.64,3,0,0,1,0,+3%반등,53.4,-19.1,11.5,26.6,15.0,1,8,약세,-8,-7,0,-1,-21.9,-24.2,1496.48,,-1.11,-2212.0,-2212.0,-2212.0,10,10,1.0,74.4,66.4,445680,1498974,0,1,0,0,,[20260629] 전환사채(해외전환사채포함)발행후만기전사채취득              (제1회차) (20260629901273),,,,https://dart.fss.or.kr/dsaf001/main.do?rcpNo=20260629901273,,,,20260629901273,주의,2025.0,-123.1,-133.8,7.9,CFS,영업이익(손실),dart_OperatingIncomeLoss,-111.1,-97.0,영업활동현금흐름,ifrs-full_CashFlowsFromUsedInOperatingActivities,ok,연간 영업이익 YoY 계산 성공,ok,OCF 추출 성공,2026 Q1,3개월,-32.5,-30.2,-7.5,thstrm_amount,frmtrm_q_amount,CFS,fnlttSinglAcntAll,영업이익(손실),dart_OperatingIncomeLoss,ok,3개월 기준 YoY 계산 성공,관망,0,-5,이중적자,,default,2,71.4,63.4,5.0,0.0,0.0,0.0,0.0,OFF,0.0,0.0,0.07977763926213198,SAFE,19.0,0.0,0.0,0.12021857923497269,7,0.0,-0.116,-17.0,0.0,13.35,13.33,0.0,0.0,3084.0,0.0,-5.0,PYKRX,False,-999.0,-999.0,EXCLUDE,EXCLUDE,-999.0,EXCLUDE,EXCLUDE,0.0
kosdaq,20260714,20260714_2021,387570,파인메딕스,의료·정밀·광학,4150,8.9,9.7,19.2,-56.5,3.5,-6.7,-31.9,-35.7,-17.5,-31.2,-42.0,0.65,9530,4010,10,0,1,1,7913,16719,0.5,0.3,0.8,0.47,3,0,0,1,0,+3%반등,82.3,0.0,0.0,2.5,0.0,1,0,약세,-8,-7,0,-1,-21.9,-24.2,1496.48,,-1.11,-2212.0,-2212.0,-2212.0,10,10,1.0,95.3,87.3,387570,1455410,0,0,0,0,,,,,,,,,,,안전,2025.0,-25.8,-0.3,-8739.1,CFS,영업이익(손실),dart_OperatingIncomeLoss,-26.3,1.7,영업활동으로 인한 현금흐름,ifrs-full_CashFlowsFromUsedInOperatingActivities,ok,연간 영업이익 YoY 계산 성공,ok,OCF 추출 성공,2026 Q1,3개월,-7.5,-8.5,11.8,thstrm_amount,frmtrm_q_amount,CFS,fnlttSinglAcntAll,영업이익(손실),dart_OperatingIncomeLoss,ok,3개월 기준 YoY 계산 성공,턴어라운드,20,-5,이중적자,,default,2,112.3,104.3,3.0,0.0,0.0,0.0,0.0,OFF,0.0,0.0,0.02912123464184015,SAFE,18.0,16.0,0.0,0.21003134796238246,7,0.0,0.0,-15.0,6.0,20.0,1.19,0.0,0.0,3499.0,0.0,-5.0,PYKRX,False,-999.0,-999.0,EXCLUDE,EXCLUDE,-999.0,EXCLUDE,EXCLUDE,0.0
kosdaq,20260714,20260714_2021,0007J0,인벤테라,지주·전문서비스,7470,39.7,9.9,13.4,-87.6,3.3,-15.8,-33.8,-70.4,-15.6,-41.6,,1.13,60200,7230,0,0,0,0,38252,46531,4.0,3.0,4.1,0.82,0,0,0,0,0,-,70.7,0.2,0.1,5.9,-6.1,1,15,약세,-8,-7,0,-1,-21.9,-24.2,1496.48,,-1.11,-2212.0,-2212.0,-2212.0,10,10,1.0,85.7,77.7,0007J0,1869710,0,0,0,0,,,,,,,,,,,안전,2025.0,-86.0,-63.7,-35.1,OFS,영업이익(손실),dart_OperatingIncomeLoss,-63.4,-44.9,영업활동현금흐름,ifrs-full_CashFlowsFromUsedInOperatingActivities,ok,연간 영업이익 YoY 계산 성공,ok,OCF 추출 성공,2026 Q1,3개월,-19.1,-19.1,0.3,thstrm_amount,frmtrm_q_amount,OFS,fnlttSinglAcntAll,영업이익(손실),dart_OperatingIncomeLoss,ok,3개월 기준 YoY 계산 성공,관망,0,-5,이중적자,,default,2,82.7,74.7,4.0,0.0,0.0,0.0,0.0,OFF,0.0,0.0,0.07032376242329533,SAFE,19.0,19.0,0.0,0.4674556213017752,0,8.0,0.073,-18.0,0.0,17.675,3.48,0.0,0.0,2145.0,0.0,-5.0,PYKRX,False,-999.0,-999.0,EXCLUDE,EXCLUDE,-999.0,EXCLUDE,EXCLUDE,0.0
kosdaq,20260714,20260714_2021,338840,와이바이오로직스,지주·전문서비스,9760,28.0,18.1,13.0,-74.3,8.4,-15.6,-32.1,-61.7,-17.8,-36.7,-54.8,0.96,38000,9000,5,0,0,1,107997,102637,9.7,11.0,12.2,1.05,0,0,0,0,0,-,82.8,14.5,-15.8,46.7,-43.5,1,8,약세,-8,-7,0,-1,-21.9,-24.2,1496.48,,-1.11,-2212.0,-2212.0,-2212.0,10,10,1.0,95.8,87.8,338840,1226234,0,4,0,0,,[20251231] [기재정정]주요사항보고서(전환사채매수선택권행사자지정) (20251230000920) || [20251230] 주요사항보고서(전환사채매수선택권행사자지정) (20251230000803) || [20251230] [기재정정]주요사항보고서(전환사채권발행결정) (20251230000741),,,,https://dart.fss.or.kr/dsaf001/main.do?rcpNo=20251230000920 || https://dart.fss.or.kr/dsaf001/main.do?rcpNo=20251230000803 || https://dart.fss.or.kr/dsaf001/main.do?rcpNo=20251230000741,,,,20251230000920 || 20251230000803 || 20251230000741,주의,2025.0,-327.6,-20.1,-1533.5,OFS,영업외손익,dart_NonOperatingProfitLoss,-58.4,-41.4,영업활동현금흐름,ifrs-full_CashFlowsFromUsedInOperatingActivities,ok,연간 영업이익 YoY 계산 성공,ok,OCF 추출 성공,2026 Q1,3개월,-4.4,3.8,-216.0,thstrm_amount,frmtrm_q_amount,OFS,fnlttSinglAcntAll,영업외손익,dart_NonOperatingProfitLoss,ok,3개월 기준 YoY 계산 성공,하락지속,-10,-5,이중적자,,default,2,82.8,74.8,5.0,0.0,0.0,0.0,0.0,OFF,0.0,0.0,0.061294249581943815,SAFE,20.0,33.0,0.0,0.4859813084112149,0,0.0,-0.107,-20.0,-5.0,20.0,5.57,0.0,0.0,1752.0,0.0,-5.0,PYKRX,False,-999.0,-999.0,EXCLUDE,EXCLUDE,-999.0,EXCLUDE,EXCLUDE,0.0
kosdaq,20260714,20260714_2021,323280,태성,기계·장비,34600,30.0,15.7,17.7,-63.2,50.4,-9.8,-35.9,-36.2,-17.0,-36.8,-32.2,0.68,94000,23000,0,0,0,0,224965,283311,67.9,80.4,120.6,0.79,0,0,0,0,0,-,81.5,22.0,6.8,33.0,77.8,1,15,약세,-8,-7,0,-1,-21.9,-24.2,1496.48,,-1.11,-2212.0,-2212.0,-2212.0,10,10,1.0,96.5,88.5,323280,1366000,0,0,0,0,,,,,,,,,,,안전,2025.0,-25.1,60.4,-141.5,CFS,영업이익(손실),dart_OperatingIncomeLoss,-97.5,44.9,영업활동현금흐름,ifrs-full_CashFlowsFromUsedInOperatingActivities,ok,연간 영업이익 YoY 계산 성공,ok,OCF 추출 성공,2026 Q1,3개월,-8.8,-15.6,43.5,thstrm_amount,frmtrm_q_amount,CFS,fnlttSinglAcntAll,영업이익(손실),dart_OperatingIncomeLoss,ok,3개월 기준 YoY 계산 성공,턴어라운드,20,-5,이중적자,,default,0,111.5,103.5,4.0,0.0,0.0,0.0,0.0,OFF,0.0,0.0,0.07491304833629428,SAFE,19.0,14.0,0.0,0.2729805013927577,0,13.0,0.239,-15.0,8.5,20.0,8.24,0.0,0.0,4199.0,0.0,-5.0,PYKRX,False,-999.0,-999.0,EXCLUDE,EXCLUDE,-999.0,EXCLUDE,EXCLUDE,0.0
kosdaq,20260714,20260714_2021,056080,유진로봇,기계·장비,12220,32.3,16.7,21.1,-75.3,26.6,-6.8,-38.5,-48.3,-16.2,-37.7,-40.7,0.52,49450,9650,5,0,1,0,208535,291362,18.7,26.2,43.2,0.72,0,0,0,0,0,-,76.4,12.4,0.7,209.0,24.2,1,15,약세,-8,-7,0,-1,-21.9,-24.2,1496.48,,-1.11,-2212.0,-2212.0,-2212.0,10,10,1.0,96.4,88.4,056080,234227,0,1,0,0,,[20260515] 주요사항보고서(유상증자결정) (20260515001133),,,,https://dart.fss.or.kr/dsaf001/main.do?rcpNo=20260515001133,,,,20260515001133,주의,2025.0,-50.3,-26.7,-88.8,OFS,영업이익(손실),dart_OperatingIncomeLoss,-53.9,19.2,영업활동현금흐름,ifrs-full_CashFlowsFromUsedInOperatingActivities,ok,연간 영업이익 YoY 계산 성공,ok,OCF 추출 성공,2026 Q1,3개월,-39.8,-20.6,-92.9,thstrm_amount,frmtrm_q_amount,OFS,fnlttSinglAcntAll,영업이익(손실),dart_OperatingIncomeLoss,ok,3개월 기준 YoY 계산 성공,하락지속,-10,-5,이중적자,,default,2,83.4,75.4,4.0,0.0,0.0,0.0,0.0,OFF,0.0,0.0,0.05321082836815907,SAFE,20.0,33.0,0.0,0.17662337662337663,3,15.0,0.303,-20.0,-5.0,19.1,15.95,0.0,0.0,766.0,0.0,-5.0,PYKRX,False,-999.0,-999.0,EXCLUDE,EXCLUDE,-999.0,EXCLUDE,EXCLUDE,0.0
kosdaq,20260714,20260714_2021,424980,마이크로투나노,반도체·전자부품,6810,42.3,33.5,30.1,-58.3,14.3,1.9,-32.0,-47.5,-9.8,-31.9,-37.2,0.27,16340,5960,5,0,1,0,17130,23075,0.4,1.1,1.7,0.74,6,0,1,1,0,5일선회복/+3%반등,54.5,0.0,0.2,-1.3,-0.5,1,8,약세,-8,-7,0,-1,-21.9,-24.2,1496.48,,-1.11,-2212.0,-2212.0,-2212.0,10,10,1.0,73.5,65.5,424980,624378,0,0,0,0,,,,,,,,,,,안전,2025.0,-34.1,-95.5,64.3,OFS,영업이익(손실),dart_OperatingIncomeLoss,-22.9,-76.5,영업활동현금흐름,ifrs-full_CashFlowsFromUsedInOperatingActivities,ok,연간 영업이익 YoY 계산 성공,ok,OCF 추출 성공,2026 Q1,3개월,7.8,5.4,43.0,thstrm_amount,frmtrm_q_amount,OFS,fnlttSinglAcntAll,영업이익(손실),dart_OperatingIncomeLoss,ok,3개월 기준 YoY 계산 성공,성장지속,10,-5,이중적자,,default,5,83.5,75.5,2.0,0.0,0.0,0.0,0.0,OFF,0.0,0.0,0.06982952715265806,SAFE,20.0,31.0,0.0,-0.059375,11,5.0,0.118,-12.0,5.5,13.625,1.56,0.0,0.0,4366.0,0.0,-5.0,PYKRX,False,-999.0,-999.0,EXCLUDE,EXCLUDE,-999.0,EXCLUDE,EXCLUDE,0.0
kosdaq,20260714,20260714_2021,048770,TPC로보틱스,기계·장비,2695,36.9,17.9,18.0,-74.8,42.2,-14.3,-40.2,-12.8,-17.5,-40.1,-18.4,0.76,10690,1895,0,0,0,0,163092,198185,4.0,4.6,6.7,0.82,0,0,0,0,0,-,70.5,1.6,-0.2,8.1,-1.5,1,8,약세,-8,-7,0,-1,-21.9,-24.2,1496.48,,-1.11,-2212.0,-2212.0,-2212.0,10,10,1.0,78.5,70.5,048770,108649,0,0,0,0,,,,,,,,,,,안전,2025.0,-23.0,-24.8,7.2,CFS,영업이익(손실),dart_OperatingIncomeLoss,-2.2,-49.8,영업활동현금흐름,ifrs-full_CashFlowsFromUsedInOperatingActivities,ok,연간 영업이익 YoY 계산 성공,ok,OCF 추출 성공,2026 Q1,3개월,-0.1,-16.3,99.6,thstrm_amount,frmtrm_q_amount,CFS,fnlttSinglAcntAll,영업이익(손실),dart_OperatingIncomeLoss,ok,3개월 기준 YoY 계산 성공,성장지속,10,-5,이중적자,,default,0,83.5,75.5,2.0,0.0,0.0,0.0,0.0,OFF,0.0,0.0,0.05483880988608781,SAFE,20.0,26.0,0.0,0.35572139303482586,0,10.0,0.209,-12.0,5.5,17.625,1.16,0.0,0.37,2317.0,0.0,-5.0,PYKRX,False,-999.0,-999.0,EXCLUDE,EXCLUDE,-999.0,EXCLUDE,EXCLUDE,0.0
kosdaq,20260714,20260714_2021,027360,아주IB투자,금융(은행),3425,29.5,11.7,14.9,-82.8,79.0,-17.2,-55.5,-59.7,-28.1,-65.2,-42.9,0.55,19950,1913,0,0,0,0,1295782,2469785,44.4,47.8,133.5,0.52,0,0,0,0,0,-,83.6,13.5,1.3,285.8,-19.6,1,15,약세,-8,-7,0,-1,-21.9,-24.2,1496.48,,-1.11,-2212.0,-2212.0,-2212.0,10,10,1.0,98.6,90.6,027360,156895,0,0,0,0,,,,,,,,,,,안전,2025.0,-1.4,-0.3,-315.4,CFS,Ⅱ. 영업외손익,dart_NonOperatingProfitLoss,-11.4,240.7,영업활동순현금흐름,ifrs-full_CashFlowsFromUsedInOperatingActivities,ok,연간 영업이익 YoY 계산 성공,ok,OCF 추출 성공,2026 Q1,3개월,-2.0,-1.9,-5.0,thstrm_amount,frmtrm_q_amount,CFS,fnlttSinglAcntAll,Ⅱ. 영업외손익,dart_NonOperatingProfitLoss,ok,3개월 기준 YoY 계산 성공,하락지속,-10,-5,이중적자,,default,0,83.6,75.6,4.0,0.0,3.14,0.0,0.0,OFF,0.0,0.0,0.061333308636181194,SAFE,20.0,30.0,0.0,0.3099099099099099,0,8.0,0.111,-20.0,-5.0,20.0,1.54,48.93,2.04,2227.0,70.0,3.0,PYKRX,False,-999.0,-999.0,EXCLUDE,EXCLUDE,-999.0,EXCLUDE,EXCLUDE,0.0
kosdaq,20260714,20260714_2021,424960,스마트레이더시스템,의료·정밀·광학,3530,38.4,8.5,14.7,-65.7,5.1,-8.2,-28.9,-47.7,-13.4,-32.3,-50.7,0.55,10300,3360,0,0,0,0,41996,82891,1.7,1.5,3.4,0.51,0,0,0,0,0,-,71.0,0.6,0.0,1.1,0.0,1,8,약세,-8,-7,0,-1,-21.9,-24.2,1496.48,,-1.11,-2212.0,-2212.0,-2212.0,10,10,1.0,79.0,71.0,424960,1555215,0,5,0,0,,[20260518] 전환사채(해외전환사채포함)발행후만기전사채취득              (제1회차) (20260518900653) || [20260317] 주요사항보고서(전환사채권발행결정) (20260317000696) || [20251201] 증권발행결과(자율공시)              (제3자배정 유상증자) (20251201900436),,,,https://dart.fss.or.kr/dsaf001/main.do?rcpNo=20260518900653 || https://dart.fss.or.kr/dsaf001/main.do?rcpNo=20260317000696 || https://dart.fss.or.kr/dsaf001/main.do?rcpNo=20251201900436,,,,20260518900653 || 20260317000696 || 20251201900436,주의,2025.0,-52.7,-67.6,22.0,CFS,영업이익(손실),dart_OperatingIncomeLoss,-38.8,-55.2,영업활동현금흐름,ifrs-full_CashFlowsFromUsedInOperatingActivities,ok,연간 영업이익 YoY 계산 성공,ok,OCF 추출 성공,2026 Q1,3개월,-14.7,-24.7,40.2,thstrm_amount,frmtrm_q_amount,CFS,fnlttSinglAcntAll,영업이익(손실),dart_OperatingIncomeLoss,ok,3개월 기준 YoY 계산 성공,성장지속,10,-5,이중적자,,default,0,84.0,76.0,2.0,0.0,0.0,0.0,0.0,OFF,0.0,0.0,0.051448989611455574,SAFE,20.0,31.0,0.0,0.28373702422145325,0,10.0,0.176,-12.0,5.5,17.75,3.04,0.0,0.0,1160.0,0.0,-5.0,PYKRX,False,-999.0,-999.0,EXCLUDE,EXCLUDE,-999.0,EXCLUDE,EXCLUDE,0.0
kosdaq,20260714,20260714_2021,304100,솔트룩스,출판·SW,10920,38.3,12.4,17.6,-76.8,4.0,-10.5,-33.9,-49.3,-14.7,-33.9,-56.1,0.58,47000,10500,0,0,0,0,50312,63905,3.9,5.7,8.5,0.79,0,0,0,0,0,-,69.9,5.4,0.1,20.1,1.1,1,15,약세,-8,-7,0,-1,-21.9,-24.2,1496.48,,-1.11,-2212.0,-2212.0,-2212.0,10,10,1.0,84.9,76.9,304100,1050738,0,2,0,0,,[20250821] 주요사항보고서(자기신주인수권부사채매도결정) (20250821000507) || [20250821] 주요사항보고서(자기전환사채매도결정) (20250821000498),,,,https://dart.fss.or.kr/dsaf001/main.do?rcpNo=20250821000507 || https://dart.fss.or.kr/dsaf001/main.do?rcpNo=20250821000498,,,,20250821000507 || 20250821000498,주의,2025.0,-80.4,-66.3,-21.3,CFS,영업이익(손실),dart_OperatingIncomeLoss,-32.8,-48.5,영업활동으로 인한 현금흐름,ifrs-full_CashFlowsFromUsedInOperatingActivities,ok,연간 영업이익 YoY 계산 성공,ok,OCF 추출 성공,2026 Q1,3개월,-48.6,-59.3,17.9,thstrm_amount,frmtrm_q_amount,CFS,fnlttSinglAcntAll,영업이익(손실),dart_OperatingIncomeLoss,ok,3개월 기준 YoY 계산 성공,턴어라운드,20,-5,이중적자,,default,0,99.9,91.9,4.0,0.0,0.0,0.0,0.0,OFF,0.0,0.0,0.055882514918642004,SAFE,20.0,33.0,0.0,0.3097345132743363,0,15.0,0.647,-15.0,6.0,17.475,1.95,0.0,0.0,5600.0,0.0,-5.0,PYKRX,False,-999.0,-999.0,EXCLUDE,EXCLUDE,-999.0,EXCLUDE,EXCLUDE,0.0
kosdaq,20260714,20260714_2021,365340,성일하이텍,화학,31450,22.8,7.1,11.4,-63.2,3.3,-13.5,-41.5,-51.9,-22.3,-42.0,-39.6,1.01,85500,30450,0,0,0,0,58295,49271,15.6,19.6,20.2,1.18,0,0,0,0,0,-,85.5,17.5,-36.4,62.1,-118.5,1,8,약세,-8,-7,0,-1,-21.9,-24.2,1496.48,,-1.11,-2212.0,-2212.0,-2212.0,10,10,1.0,93.5,85.5,365340,1274329,0,5,0,0,,[20260508] 증권발행결과(자율공시)              (제3자배정 유상증자) (20260508900549) || [20260430] 주요사항보고서(유상증자결정) (20260430001400) || [20251128] 주요사항보고서(전환사채권발행결정) (20251128001687),,,,https://dart.fss.or.kr/dsaf001/main.do?rcpNo=20260508900549 || https://dart.fss.or.kr/dsaf001/main.do?rcpNo=20260430001400 || https://dart.fss.or.kr/dsaf001/main.do?rcpNo=20251128001687,,,,20260508900549 || 20260430001400 || 20251128001687,주의,2025.0,-545.3,-713.9,23.6,CFS,영업이익(손실),dart_OperatingIncomeLoss,-227.6,-553.4,영업활동현금흐름,ifrs-full_CashFlowsFromUsedInOperatingActivities,ok,연간 영업이익 YoY 계산 성공,ok,OCF 추출 성공,2026 Q1,3개월,0.0,-154.8,100.0,thstrm_amount,frmtrm_q_amount,CFS,fnlttSinglAcntAll,영업이익(손실),dart_OperatingIncomeLoss,ok,3개월 기준 YoY 계산 성공,성장지속,10,-5,이중적자,,default,2,100.5,92.5,2.0,0.0,0.0,0.0,0.0,OFF,0.0,0.0,0.043391200562749574,SAFE,20.0,33.0,0.0,0.3253012048192771,0,-10.0,-0.936,-12.0,5.5,20.0,3.03,0.0,0.0,10382.0,0.0,-5.0,PYKRX,False,-999.0,-999.0,EXCLUDE,EXCLUDE,-999.0,EXCLUDE,EXCLUDE,0.0
kosdaq,20260714,20260714_2021,229000,젠큐릭스,제약·바이오,1536,23.6,10.1,13.5,-79.0,10.9,-10.9,-26.2,-40.6,-23.3,-36.2,-28.8,0.14,7320,1385,5,0,1,0,172841,776038,1.6,2.7,18.2,0.22,0,0,0,0,0,-,82.7,1.2,0.0,1.0,0.0,1,8,약세,-8,-7,0,-1,-21.9,-24.2,1496.48,,-1.11,-2212.0,-2212.0,-2212.0,10,10,1.0,95.7,87.7,229000,1051472,0,5,0,0,,[20251231] [기재정정]주요사항보고서(유상증자결정) (20251231000417) || [20251224] [기재정정]주요사항보고서(전환사채권발행결정) (20251224000712) || [20251223] [기재정정]주요사항보고서(유상증자결정) (20251223000771),,,,https://dart.fss.or.kr/dsaf001/main.do?rcpNo=20251231000417 || https://dart.fss.or.kr/dsaf001/main.do?rcpNo=20251224000712 || https://dart.fss.or.kr/dsaf001/main.do?rcpNo=20251223000771,,,,20251231000417 || 20251224000712 || 20251223000771,주의,2025.0,-65.7,-85.3,23.0,OFS,영업이익(손실),dart_OperatingIncomeLoss,-62.4,-71.7,영업활동으로 인한 현금흐름,ifrs-full_CashFlowsFromUsedInOperatingActivities,ok,연간 영업이익 YoY 계산 성공,ok,OCF 추출 성공,2026 Q1,3개월,-10.1,-15.7,35.8,thstrm_amount,frmtrm_q_amount,OFS,fnlttSinglAcntAll,영업이익(손실),dart_OperatingIncomeLoss,ok,3개월 기준 YoY 계산 성공,성장지속,10,-5,이중적자,,default,0,100.7,92.7,2.0,0.0,0.0,0.0,0.0,OFF,0.0,0.0,0.07647005417761521,SAFE,16.0,7.0,0.0,0.41603053435114506,0,5.0,0.066,-12.0,5.5,20.0,1.64,0.0,0.0,939.0,0.0,-5.0,PYKRX,False,-999.0,-999.0,EXCLUDE,EXCLUDE,-999.0,EXCLUDE,EXCLUDE,0.0
kosdaq,20260714,20260714_2021,452200,민테크,의료·정밀·광학,1325,38.3,3.7,9.3,-74.5,3.5,-19.8,-42.1,-43.7,-24.8,-50.2,-49.2,0.98,5200,1280,0,0,0,0,278749,341347,4.6,4.1,6.2,0.82,0,0,0,0,0,-,73.8,1.5,0.0,-4.3,0.0,1,8,약세,-8,-7,0,-1,-21.9,-24.2,1496.48,,-1.11,-2212.0,-2212.0,-2212.0,10,10,1.0,81.8,73.8,452200,1689035,0,0,0,0,,,,,,,,,,,안전,2025.0,-88.0,-109.6,19.7,OFS,영업이익(손실),dart_OperatingIncomeLoss,-47.1,-97.6,영업활동현금흐름,ifrs-full_CashFlowsFromUsedInOperatingActivities,ok,연간 영업이익 YoY 계산 성공,ok,OCF 추출 성공,2026 Q1,3개월,-26.8,-41.8,35.9,thstrm_amount,frmtrm_q_amount,OFS,fnlttSinglAcntAll,영업이익(손실),dart_OperatingIncomeLoss,ok,3개월 기준 YoY 계산 성공,성장지속,10,-5,이중적자,,default,2,88.8,80.8,2.0,0.0,0.0,0.0,0.0,OFF,0.0,0.0,0.07948880376648032,SAFE,20.0,28.0,0.0,0.47030878859857483,0,10.0,0.242,-12.0,5.5,18.45,0.97,0.0,0.0,1360.0,0.0,7.0,PYKRX,False,-999.0,-999.0,EXCLUDE,EXCLUDE,-999.0,EXCLUDE,EXCLUDE,0.0
kosdaq,20260714,20260714_2021,432720,퀄리타스반도체,반도체·전자부품,8180,30.8,13.3,21.9,-74.6,7.6,-4.2,-42.8,-46.7,-21.2,-47.2,-45.9,0.72,32150,7600,5,0,1,0,184861,241953,12.5,15.5,27.2,0.76,0,0,0,0,0,-,79.2,3.8,-0.3,9.3,2.4,1,8,약세,-8,-7,0,-1,-21.9,-24.2,1496.48,,-1.11,-2212.0,-2212.0,-2212.0,10,10,1.0,92.2,84.2,432720,1584183,0,1,0,0,,[20250902] 주요사항보고서(전환사채권발행결정) (20250902000219),,,,https://dart.fss.or.kr/dsaf001/main.do?rcpNo=20250902000219,,,,20250902000219,주의,2025.0,-244.7,-226.9,-7.8,OFS,영업이익(손실),dart_OperatingIncomeLoss,-164.6,-171.1,영업활동현금흐름,ifrs-full_CashFlowsFromUsedInOperatingActivities,ok,연간 영업이익 YoY 계산 성공,ok,OCF 추출 성공,2026 Q1,3개월,-47.4,-50.4,6.0,thstrm_amount,frmtrm_q_amount,OFS,fnlttSinglAcntAll,영업이익(손실),dart_OperatingIncomeLoss,ok,3개월 기준 YoY 계산 성공,관망,0,-5,이중적자,,default,2,89.2,81.2,2.0,0.0,0.0,0.0,0.0,OFF,0.0,0.0,0.06252421590939597,SAFE,20.0,33.0,0.0,0.09813084112149534,3,5.0,0.129,-18.0,0.0,19.8,3.19,0.0,0.0,2568.0,0.0,-5.0,PYKRX,False,-999.0,-999.0,EXCLUDE,EXCLUDE,-999.0,EXCLUDE,EXCLUDE,0.0
kosdaq,20260714,20260714_2021,105330,케이엔더블유,자동차·부품,6100,21.5,3.8,15.7,-46.5,48.8,-4.7,-34.2,-27.3,-21.2,-31.1,-11.6,0.42,11400,4100,5,0,1,0,45365,101180,2.7,2.8,7.8,0.45,0,0,0,0,0,-,82.3,0.7,0.3,9.5,0.0,1,15,약세,-8,-7,0,-1,-21.9,-24.2,1496.48,,-1.11,-2212.0,-2212.0,-2212.0,10,10,1.0,102.3,94.3,105330,606664,0,1,0,0,,[20260304] 주요사항보고서(감자결정) (20260304000906),,,,https://dart.fss.or.kr/dsaf001/main.do?rcpNo=20260304000906,,,,20260304000906,주의,2025.0,-29.6,-22.9,-29.4,CFS,영업손익,dart_OperatingIncomeLoss,-17.4,63.1,영업활동현금흐름,ifrs-full_CashFlowsFromUsedInOperatingActivities,ok,연간 영업이익 YoY 계산 성공,ok,OCF 추출 성공,2026 Q1,3개월,-11.2,-10.7,-5.0,thstrm_amount,frmtrm_q_amount,CFS,fnlttSinglAcntAll,영업손익,dart_OperatingIncomeLoss,ok,3개월 기준 YoY 계산 성공,하락지속,-10,-5,이중적자,,default,2,89.3,81.3,4.0,0.0,0.0,0.0,0.0,OFF,0.0,0.0,0.05122411014962677,SAFE,11.0,11.0,0.0,0.13742690058479531,3,8.0,0.128,-20.0,-5.0,20.0,0.79,0.0,0.0,7691.0,0.0,1.0,PYKRX,False,-999.0,-999.0,EXCLUDE,EXCLUDE,-999.0,EXCLUDE,EXCLUDE,0.0
kosdaq,20260714,20260714_2021,396300,세아메카닉스,금속가공,2850,34.8,12.1,19.7,-61.2,25.6,-8.9,-36.8,-29.5,-17.3,-40.4,-23.8,0.71,7340,2270,0,0,0,0,211362,379602,6.2,6.2,14.7,0.56,0,0,0,0,0,-,74.4,0.2,0.0,9.1,-2.2,1,8,약세,-8,-7,0,-1,-21.9,-24.2,1496.48,,-1.11,-2212.0,-2212.0,-2212.0,10,10,1.0,82.4,74.4,396300,534701,0,0,0,0,,,,,,,,,,,안전,2025.0,-18.5,-26.6,30.4,OFS,영업이익(손실),dart_OperatingIncomeLoss,-116.8,38.8,영업활동현금흐름,ifrs-full_CashFlowsFromUsedInOperatingActivities,ok,연간 영업이익 YoY 계산 성공,ok,OCF 추출 성공,2026 Q1,3개월,16.5,-6.1,372.3,thstrm_amount,frmtrm_q_amount,OFS,fnlttSinglAcntAll,영업이익(손실),dart_OperatingIncomeLoss,ok,3개월 기준 YoY 계산 성공,성장지속,10,-5,이중적자,,default,2,89.4,81.4,2.0,0.0,1.93,0.0,0.0,OFF,0.0,0.0,0.058646853424782396,SAFE,20.0,25.0,0.0,0.24184782608695654,3,0.0,0.014,-12.0,5.5,18.6,1.02,52.78,0.0,2803.0,54.0,0.0,PYKRX,False,-999.0,-999.0,EXCLUDE,EXCLUDE,-999.0,EXCLUDE,EXCLUDE,0.0
kosdaq,20260714,20260714_2021,486990,노타,출판·SW,16820,30.1,7.1,8.3,-74.2,4.0,-14.3,-37.9,-49.3,-19.9,-38.2,,0.74,65300,16180,0,0,0,0,133275,185598,23.4,23.8,40.2,0.72,0,0,0,0,0,-,86.5,19.3,-1.7,15.0,-46.3,1,8,약세,-8,-7,0,-1,-21.9,-24.2,1496.48,,-1.11,-2212.0,-2212.0,-2212.0,10,10,1.0,94.5,86.5,486990,1810477,0,0,0,0,,,,,,,,,,,안전,2025.0,-152.8,-120.2,-27.1,CFS,영업이익(손실),dart_OperatingIncomeLoss,-117.9,-107.9,영업활동현금흐름,ifrs-full_CashFlowsFromUsedInOperatingActivities,ok,연간 영업이익 YoY 계산 성공,ok,OCF 추출 성공,2026 Q1,3개월,-42.0,-43.8,4.2,thstrm_amount,frmtrm_q_amount,CFS,fnlttSinglAcntAll,영업이익(손실),dart_OperatingIncomeLoss,ok,3개월 기준 YoY 계산 성공,관망,0,-5,이중적자,,default,0,89.5,81.5,2.0,0.0,0.0,0.0,0.0,OFF,0.0,0.0,0.05002179670718543,SAFE,20.0,23.0,0.0,0.3773087071240106,0,15.0,0.438,-18.0,0.0,20.0,13.06,0.0,0.0,1288.0,0.0,-5.0,PYKRX,False,-999.0,-999.0,EXCLUDE,EXCLUDE,-999.0,EXCLUDE,EXCLUDE,0.0
kosdaq,20260714,20260714_2021,277810,레인보우로보틱스,기계·장비,400500,27.9,13.3,10.2,-59.1,60.5,-12.8,-39.3,-32.0,-20.0,-36.5,-26.8,1.04,979000,249500,0,0,0,0,86069,91900,369.6,365.2,468.4,0.94,0,0,0,0,0,-,85.3,216.2,-16.4,-88.4,91.5,1,8,약세,-8,-7,0,-1,-21.9,-24.2,1496.48,,-1.11,-2212.0,-2212.0,-2212.0,10,10,1.0,93.3,85.3,277810,1261644,0,0,0,0,,,,,,,,,,,안전,2025.0,-24.8,-29.8,16.7,CFS,영업이익(손실),dart_OperatingIncomeLoss,-92.9,-19.1,영업활동현금흐름,ifrs-full_CashFlowsFromUsedInOperatingActivities,ok,연간 영업이익 YoY 계산 성공,ok,OCF 추출 성공,2026 Q1,3개월,-15.7,-14.0,-11.7,thstrm_amount,frmtrm_q_amount,CFS,fnlttSinglAcntAll,영업이익(손실),dart_OperatingIncomeLoss,ok,3개월 기준 YoY 계산 성공,관망,0,-5,이중적자,,default,2,90.3,82.3,2.0,0.0,1.06,0.0,0.0,OFF,0.0,0.0,0.04970818486271392,SAFE,20.0,25.0,0.0,0.3256997455470738,0,15.0,0.427,-17.0,0.0,20.0,58.05,5486.3,0.0,6899.0,73.0,0.0,PYKRX,False,-999.0,-999.0,EXCLUDE,EXCLUDE,-999.0,EXCLUDE,EXCLUDE,0.0
kosdaq,20260714,20260714_2021,040300,YTN,미디어·엔터,1937,38.3,16.8,21.3,-60.5,1.9,-5.7,-17.7,-43.3,-6.8,-23.1,-38.7,0.43,4900,1900,5,0,0,1,52675,61652,0.5,1.1,1.3,0.85,0,0,0,0,0,-,61.2,-0.4,0.0,-0.5,0.0,1,0,약세,-8,-7,0,-1,-21.9,-24.2,1496.48,,-1.11,-2212.0,-2212.0,-2212.0,10,10,1.0,66.2,58.2,040300,200275,0,0,0,0,,,,,,,,,,,안전,2025.0,-136.0,-266.8,49.0,OFS,영업이익(손실),dart_OperatingIncomeLoss,-47.0,-24.6,영업활동현금흐름,ifrs-full_CashFlowsFromUsedInOperatingActivities,ok,연간 영업이익 YoY 계산 성공,ok,OCF 추출 성공,2026 Q1,3개월,-70.5,-97.7,27.8,thstrm_amount,frmtrm_q_amount,OFS,fnlttSinglAcntAll,영업이익(손실),dart_OperatingIncomeLoss,ok,3개월 기준 YoY 계산 성공,성장지속,10,-5,이중적자,,default,0,71.2,63.2,3.0,0.0,0.0,0.0,0.0,OFF,0.0,0.0,0.033718109718097015,SAFE,20.0,33.0,0.0,0.3220338983050848,0,-10.0,-0.308,-12.0,5.5,15.3,0.4,0.0,0.0,4834.0,0.0,7.0,PYKRX,False,-999.0,-999.0,EXCLUDE,EXCLUDE,-999.0,EXCLUDE,EXCLUDE,0.0
kosdaq,20260714,20260714_2021,041190,우리기술투자,금융(은행),4340,41.4,17.6,18.9,-67.0,3.3,-6.4,-24.0,-33.0,-9.9,-21.7,-41.5,0.73,13140,4200,0,0,0,0,502866,530637,16.9,22.5,25.8,0.95,0,0,0,0,0,-,60.4,13.3,4.8,39.2,18.6,1,15,약세,-8,-7,0,-1,-21.9,-24.2,1496.48,,-1.11,-2212.0,-2212.0,-2212.0,10,10,1.0,75.4,67.4,041190,231664,0,0,0,0,,,,,,,,,,,안전,2025.0,-0.3,0.2,-240.0,CFS,영업외손익,dart_NonOperatingProfitLoss,-13.0,28.6,영업활동순현금흐름,ifrs-full_CashFlowsFromUsedInOperatingActivities,ok,연간 영업이익 YoY 계산 성공,ok,OCF 추출 성공,2026 Q1,3개월,-0.1,-0.1,17.4,thstrm_amount,frmtrm_q_amount,CFS,fnlttSinglAcntAll,영업외손익,dart_NonOperatingProfitLoss,ok,3개월 기준 YoY 계산 성공,턴어라운드,20,-5,이중적자,,default,0,90.4,82.4,4.0,0.0,14.24,1.0,0.0,OFF,0.0,0.0,0.04305075316023345,SAFE,18.0,17.0,0.0,0.26666666666666666,0,15.0,0.702,-15.0,6.0,15.1,0.44,3.06,0.0,9971.0,1420.0,17.0,PYKRX,False,-999.0,-999.0,EXCLUDE,EXCLUDE,-999.0,EXCLUDE,EXCLUDE,0.0
kosdaq,20260714,20260714_2021,199730,바이오인프라,지주·전문서비스,1650,15.8,4.7,2.3,-73.9,3.1,-26.7,-46.3,-59.4,-31.5,-46.5,-60.5,2.07,6330,1600,5,1,0,0,30868,21113,0.8,0.6,0.5,1.46,0,0,0,0,0,-,94.4,0.4,0.0,0.7,-0.3,1,8,약세,-8,-7,0,-1,-21.9,-24.2,1496.48,,-1.11,-2212.0,-2212.0,-2212.0,10,10,1.0,107.4,99.4,199730,1110058,0,0,0,0,,,,,,,,,,,안전,2025.0,-62.8,-51.2,-22.7,OFS,IV.영업이익(손실),-표준계정코드 미사용-,-15.0,17.3,Ⅰ.영업활동현금흐름,ifrs-full_CashFlowsFromUsedInOperatingActivities,ok,연간 영업이익 YoY 계산 성공,ok,OCF 추출 성공,2026 Q1,3개월,-24.1,-22.1,-9.2,thstrm_amount,frmtrm_q_amount,OFS,fnlttSinglAcntAll,IV.영업이익(손실),dart_OperatingIncomeLoss,ok,3개월 기준 YoY 계산 성공,하락지속,-10,-5,이중적자,,default,-2,90.4,82.4,2.0,0.0,0.0,0.0,0.0,OFF,0.0,0.0,0.04487617553552418,SAFE,20.0,33.0,0.0,0.5766738660907128,0,15.0,0.8,-20.0,-5.0,20.0,0.49,0.0,18.18,3390.0,0.0,10.0,PYKRX,False,-999.0,-999.0,EXCLUDE,EXCLUDE,-999.0,EXCLUDE,EXCLUDE,0.0
kosdaq,20260714,20260714_2021,081180,쎄크,기계·장비,5160,35.4,9.9,18.3,-73.6,3.0,-9.0,-35.6,-58.2,-15.2,-39.4,-54.7,0.46,19530,5010,0,0,0,0,65112,89294,2.1,3.5,5.7,0.73,0,0,0,0,0,-,74.6,0.4,0.0,-2.7,-4.6,1,8,약세,-8,-7,0,-1,-21.9,-24.2,1496.48,,-1.11,-2212.0,-2212.0,-2212.0,10,10,1.0,82.6,74.6,081180,406222,0,0,0,0,,,,,,,,,,,안전,2025.0,-30.6,13.4,-329.4,OFS,영업이익(손실),dart_OperatingIncomeLoss,-53.1,24.0,영업활동현금흐름,ifrs-full_CashFlowsFromUsedInOperatingActivities,ok,연간 영업이익 YoY 계산 성공,ok,OCF 추출 성공,2026 Q1,3개월,-37.5,-23.9,-56.8,thstrm_amount,frmtrm_q_amount,OFS,fnlttSinglAcntAll,영업이익(손실),dart_OperatingIncomeLoss,ok,3개월 기준 YoY 계산 성공,하락지속,-10,-5,이중적자,,default,0,67.6,59.6,2.0,0.0,0.0,0.0,0.0,OFF,0.0,0.0,0.055574188759771034,SAFE,20.0,33.0,0.0,0.25280898876404495,0,5.0,0.07,-20.0,-5.0,18.65,1.28,0.0,0.0,4016.0,0.0,-5.0,PYKRX,False,-999.0,-999.0,EXCLUDE,EXCLUDE,-999.0,EXCLUDE,EXCLUDE,0.0
kosdaq,20260714,20260714_2021,417010,나노팀,기계·장비,4430,33.4,8.1,16.7,-72.2,4.7,-9.5,-41.1,-54.5,-18.3,-47.3,-44.8,1.21,15930,4230,5,0,1,0,129840,157842,8.3,6.0,9.1,0.82,0,0,0,0,0,-,79.3,-2.2,0.0,12.6,0.9,1,0,약세,-8,-7,0,-1,-21.9,-24.2,1496.48,,-1.11,-2212.0,-2212.0,-2212.0,10,10,1.0,84.3,76.3,417010,1524118,0,2,0,0,,[20251117] [기재정정]주요사항보고서(전환사채권발행결정) (20251117000193) || [20251113] 주요사항보고서(전환사채권발행결정) (20251113000886),,,,https://dart.fss.or.kr/dsaf001/main.do?rcpNo=20251117000193 || https://dart.fss.or.kr/dsaf001/main.do?rcpNo=20251113000886,,,,20251117000193 || 20251113000886,주의,2025.0,-5.0,-37.6,86.7,CFS,영업이익(손실),dart_OperatingIncomeLoss,-3.9,-37.2,영업활동현금흐름,ifrs-full_CashFlowsFromUsedInOperatingActivities,ok,연간 영업이익 YoY 계산 성공,ok,OCF 추출 성공,2026 Q1,3개월,-6.4,0.9,-841.2,thstrm_amount,frmtrm_q_amount,CFS,fnlttSinglAcntAll,영업이익(손실),dart_OperatingIncomeLoss,ok,3개월 기준 YoY 계산 성공,피크아웃,-15,-5,이중적자,,default,4,68.3,60.3,0.0,0.0,2.06,0.0,0.0,OFF,0.0,0.0,0.05067220621012502,SAFE,20.0,24.0,0.0,0.23114355231143552,3,-10.0,-0.242,-17.0,-7.5,19.825,1.83,88.6,0.0,2423.0,50.0,0.0,PYKRX,False,-999.0,-999.0,EXCLUDE,EXCLUDE,-999.0,EXCLUDE,EXCLUDE,0.0
kosdaq,20260714,20260714_2021,444530,심플랫폼,출판·SW,4580,29.1,19.5,24.2,-69.9,9.0,-6.6,-37.7,-34.3,-16.4,-41.6,-43.7,0.54,15230,4200,5,0,0,1,16939,24715,0.6,0.8,1.5,0.69,0,0,0,0,0,-,77.9,-0.3,0.0,-1.8,-0.1,1,0,약세,-8,-7,0,-1,-21.9,-24.2,1496.48,,-1.11,-2212.0,-2212.0,-2212.0,10,10,1.0,82.9,74.9,444530,1590980,0,0,0,0,,,,,,,,,,,안전,2025.0,-26.6,-1.4,-1764.4,OFS,영업이익(손실),dart_OperatingIncomeLoss,-7.6,-19.9,영업활동으로 인한 현금흐름,ifrs-full_CashFlowsFromUsedInOperatingActivities,ok,연간 영업이익 YoY 계산 성공,ok,OCF 추출 성공,2026 Q1,3개월,-23.7,-10.9,-117.0,thstrm_amount,frmtrm_q_amount,OFS,fnlttSinglAcntAll,영업이익(손실),dart_OperatingIncomeLoss,ok,3개월 기준 YoY 계산 성공,하락지속,-10,-5,이중적자,,default,2,69.9,61.9,3.0,0.0,0.0,0.0,0.0,OFF,0.0,0.0,0.05152146140240563,SAFE,20.0,29.0,0.0,0.17506631299734746,3,-10.0,-0.2,-20.0,-5.0,19.475,1.98,0.0,0.0,2315.0,0.0,-5.0,PYKRX,False,-999.0,-999.0,EXCLUDE,EXCLUDE,-999.0,EXCLUDE,EXCLUDE,0.0
kosdaq,20260714,20260714_2021,405000,플라즈맵,의료·정밀·광학,3455,38.9,35.8,14.0,-63.2,9.5,-8.4,-20.6,-53.2,-7.0,-31.8,-47.7,0.7,9400,3155,0,0,0,0,13389,15688,0.4,0.5,0.6,0.85,3,0,0,1,0,+3%반등,61.4,-0.4,-0.4,-1.1,-0.4,1,0,약세,-8,-7,0,-1,-21.9,-24.2,1496.48,,-1.11,-2212.0,-2212.0,-2212.0,10,10,1.0,64.4,56.400000000000006,405000,1575839,0,0,0,0,,,,,,,,,,,안전,2025.0,-76.0,-176.6,57.0,CFS,영업이익(손실),dart_OperatingIncomeLoss,-45.2,-110.9,영업활동현금흐름,ifrs-full_CashFlowsFromUsedInOperatingActivities,ok,연간 영업이익 YoY 계산 성공,ok,OCF 추출 성공,2026 Q1,3개월,-21.5,-21.7,1.0,thstrm_amount,frmtrm_q_amount,CFS,fnlttSinglAcntAll,영업이익(손실),dart_OperatingIncomeLoss,ok,3개월 기준 YoY 계산 성공,성장지속,10,-5,이중적자,,default,0,69.4,61.4,0.0,0.0,0.0,0.0,0.0,OFF,0.0,0.0,0.052509367172667944,SAFE,18.0,2.0,0.0,0.4077669902912621,4,-10.0,-1.333,-15.0,3.0,15.35,2.32,0.0,0.0,1491.0,0.0,-5.0,PYKRX,False,-999.0,-999.0,EXCLUDE,EXCLUDE,-999.0,EXCLUDE,EXCLUDE,0.0
kosdaq,20260714,20260714_2021,196300,HLB펩,제약·바이오,3770,32.3,12.5,-9.7,-62.3,4.6,-16.4,-21.2,-48.2,-15.2,-28.8,-44.4,0.44,9990,3605,5,1,0,0,20363,13679,0.2,0.8,0.6,1.49,0,0,0,0,0,-,81.5,-0.3,0.0,-0.6,0.0,1,0,약세,-8,-7,0,-1,-21.9,-24.2,1496.48,,-1.11,-2212.0,-2212.0,-2212.0,10,10,1.0,86.5,78.5,196300,808086,0,0,0,0,,,,,,,,,,,안전,2025.0,-73.2,-54.4,-34.6,OFS,영업손실,dart_OperatingIncomeLoss,-55.7,-21.0,영업활동현금흐름,ifrs-full_CashFlowsFromUsedInOperatingActivities,ok,연간 영업이익 YoY 계산 성공,ok,OCF 추출 성공,2026 Q1,3개월,-18.3,-14.9,-23.2,thstrm_amount,frmtrm_q_amount,OFS,fnlttSinglAcntAll,영업손실,dart_OperatingIncomeLoss,ok,3개월 기준 YoY 계산 성공,하락지속,-10,-5,이중적자,,default,-3,68.5,60.5,0.0,0.0,0.0,0.0,0.0,OFF,0.0,0.0,0.05253107401471156,SAFE,15.0,2.0,0.0,0.7735849056603773,0,-10.0,-0.5,-20.0,-5.0,20.0,1.36,0.0,0.0,2769.0,0.0,-5.0,PYKRX,False,-999.0,-999.0,EXCLUDE,EXCLUDE,-999.0,EXCLUDE,EXCLUDE,0.0
kosdaq,20260714,20260714_2021,382150,온코크로스,지주·전문서비스,3215,37.6,16.1,13.8,-77.8,5.4,-14.4,-31.2,-59.6,-16.2,-39.5,-60.7,0.75,14490,3050,0,0,0,0,27671,46286,1.1,0.9,1.8,0.6,4,0,0,0,1,거래량동반양봉,71.6,0.8,0.0,5.2,0.0,1,8,약세,-8,-7,0,-1,-21.9,-24.2,1496.48,,-1.11,-2212.0,-2212.0,-2212.0,10,10,1.0,83.6,75.6,382150,1423916,0,2,0,0,,[20260130] 주요사항보고서(전환사채권발행결정) (20260130000682) || [20250721] 주요사항보고서(전환사채권발행결정) (20250721000245),,,,https://dart.fss.or.kr/dsaf001/main.do?rcpNo=20260130000682 || https://dart.fss.or.kr/dsaf001/main.do?rcpNo=20250721000245,,,,20260130000682 || 20250721000245,주의,2025.0,-88.3,-69.6,-26.8,CFS,영업이익(손실),-표준계정코드 미사용-,-74.1,-55.2,영업활동현금흐름,ifrs-full_CashFlowsFromUsedInOperatingActivities,ok,연간 영업이익 YoY 계산 성공,ok,OCF 추출 성공,2026 Q1,3개월,-25.1,-23.9,-5.4,thstrm_amount,frmtrm_q_amount,CFS,fnlttSinglAcntAll,영업이익(손실),dart_OperatingIncomeLoss,ok,3개월 기준 YoY 계산 성공,하락지속,-10,-5,이중적자,,default,0,68.6,60.6,5.0,0.0,0.0,0.0,0.0,OFF,0.0,0.0,0.05481840380191693,SAFE,20.0,33.0,0.0,0.46153846153846156,4,15.0,0.444,-20.0,-5.0,17.9,2.89,0.0,0.0,1112.0,0.0,-5.0,PYKRX,False,-999.0,-999.0,EXCLUDE,EXCLUDE,-999.0,EXCLUDE,EXCLUDE,0.0
kosdaq,20260714,20260714_2021,101360,에코앤드림,전기장비,6980,36.5,6.9,19.6,-74.1,2.2,-9.8,-39.6,-60.6,-16.8,-42.4,-61.3,0.91,26900,6830,0,0,0,0,61506,80820,5.0,4.4,7.1,0.76,0,0,0,0,0,-,72.4,1.8,-0.1,5.4,0.1,1,8,약세,-8,-7,0,-1,-21.9,-24.2,1496.48,,-1.11,-2212.0,-2212.0,-2212.0,10,10,1.0,80.4,72.4,101360,619640,0,0,0,0,,,,,,,,,,,안전,2025.0,-6.1,4.9,-225.3,CFS,영업이익(손실),dart_OperatingIncomeLoss,-111.1,-218.9,영업활동현금흐름,ifrs-full_CashFlowsFromUsedInOperatingActivities,ok,연간 영업이익 YoY 계산 성공,ok,OCF 추출 성공,2026 Q1,3개월,-7.6,3.9,-294.9,thstrm_amount,frmtrm_q_amount,CFS,fnlttSinglAcntAll,영업이익(손실),dart_OperatingIncomeLoss,ok,3개월 기준 YoY 계산 성공,하락지속,-10,-5,이중적자,,default,4,69.4,61.4,2.0,0.0,0.0,0.0,0.0,OFF,0.0,0.0,0.06874687078357267,SAFE,20.0,33.0,0.0,0.2474747474747475,3,10.0,0.239,-20.0,-5.0,18.1,0.57,0.0,0.0,12165.0,0.0,7.0,PYKRX,False,-999.0,-999.0,EXCLUDE,EXCLUDE,-999.0,EXCLUDE,EXCLUDE,0.0
kosdaq,20260714,20260714_2021,429270,시지트로닉스,반도체·전자부품,3415,34.4,12.6,22.6,-72.1,5.1,-4.6,-36.8,-53.4,-16.1,-42.9,-34.4,0.68,12230,3250,5,0,1,0,47813,68359,1.6,1.7,2.9,0.7,0,0,0,0,0,-,73.7,-0.8,0.0,1.1,-0.1,1,0,약세,-8,-7,0,-1,-21.9,-24.2,1496.48,,-1.11,-2212.0,-2212.0,-2212.0,10,10,1.0,78.7,70.7,429270,1284751,0,9,0,0,,[20251224] [기재정정]주요사항보고서(유상증자결정) (20251224000014) || [20251223] 증권발행결과(자율공시)              (주주배정 유상증자) (20251223900480) || [20251222] 유상증자또는주식관련사채등의청약결과(자율공시)               (20251222900582),,,,https://dart.fss.or.kr/dsaf001/main.do?rcpNo=20251224000014 || https://dart.fss.or.kr/dsaf001/main.do?rcpNo=20251223900480 || https://dart.fss.or.kr/dsaf001/main.do?rcpNo=20251222900582,,,,20251224000014 || 20251223900480 || 20251222900582,주의,2025.0,-75.9,-62.9,-20.7,OFS,영업이익(손실),dart_OperatingIncomeLoss,-50.4,-41.5,영업활동현금흐름,ifrs-full_CashFlowsFromUsedInOperatingActivities,ok,연간 영업이익 YoY 계산 성공,ok,OCF 추출 성공,2026 Q1,3개월,-22.6,-15.3,-48.1,thstrm_amount,frmtrm_q_amount,OFS,fnlttSinglAcntAll,영업이익(손실),dart_OperatingIncomeLoss,ok,3개월 기준 YoY 계산 성공,하락지속,-10,-5,이중적자,,default,2,65.7,57.7,0.0,0.0,0.0,0.0,0.0,OFF,0.0,0.0,0.04794439942594434,SAFE,20.0,29.0,0.0,0.125,3,-10.0,-0.276,-20.0,-5.0,18.425,1.0,0.0,0.0,3429.0,0.0,-5.0,PYKRX,False,-999.0,-999.0,EXCLUDE,EXCLUDE,-999.0,EXCLUDE,EXCLUDE,0.0
kosdaq,20260714,20260714_2021,388720,유일로보틱스,기계·장비,61300,36.6,8.0,7.4,-60.5,2.2,-13.3,-28.1,-28.8,-14.3,-28.0,-32.7,0.66,155000,60000,0,0,0,0,40295,46281,18.5,26.5,33.7,0.87,0,0,0,0,0,-,76.2,-4.9,18.9,-8.9,72.7,1,8,약세,-8,-7,0,-1,-21.9,-24.2,1496.48,,-1.11,-2212.0,-2212.0,-2212.0,10,10,1.0,84.2,76.2,388720,1152586,0,0,0,0,,,,,,,,,,,안전,2025.0,-126.2,4.0,-3294.9,OFS,영업이익(손실),dart_OperatingIncomeLoss,-112.7,2.5,영업활동현금흐름,ifrs-full_CashFlowsFromUsedInOperatingActivities,ok,연간 영업이익 YoY 계산 성공,ok,OCF 추출 성공,2026 Q1,3개월,-41.1,4.4,-1044.6,thstrm_amount,frmtrm_q_amount,CFS,fnlttSinglAcntAll,영업이익(손실),dart_OperatingIncomeLoss,ok,3개월 기준 YoY 계산 성공,하락지속,-10,-5,이중적자,,default,0,69.2,61.2,2.0,0.0,0.0,0.0,0.0,OFF,0.0,0.0,0.052488424915899445,SAFE,19.0,17.0,0.0,0.47330960854092524,0,15.0,0.415,-20.0,-5.0,19.05,7.99,0.0,0.0,7669.0,0.0,-5.0,PYKRX,False,-999.0,-999.0,EXCLUDE,EXCLUDE,-999.0,EXCLUDE,EXCLUDE,0.0
kosdaq,20260714,20260714_2021,340810,시선AI,출판·SW,2235,42.9,15.5,20.7,-52.3,6.2,-2.4,-17.1,-31.4,-7.2,-18.5,-25.1,0.86,4685,2105,5,0,1,0,53291,91714,1.7,1.2,2.3,0.58,0,0,0,0,0,-,54.5,0.4,0.0,-0.4,0.0,1,8,약세,-8,-7,0,-1,-21.9,-24.2,1496.48,,-1.11,-2212.0,-2212.0,-2212.0,10,10,1.0,67.5,59.5,340810,1315042,0,7,0,0,,[20260703] 주요사항보고서(유상증자결정) (20260703000651) || [20260430] 전환사채(해외전환사채포함)발행후만기전사채취득              (제4회차) (20260430901689) || [20260413] 주요사항보고서(자기전환사채매도결정) (20260410003708),,,,https://dart.fss.or.kr/dsaf001/main.do?rcpNo=20260703000651 || https://dart.fss.or.kr/dsaf001/main.do?rcpNo=20260430901689 || https://dart.fss.or.kr/dsaf001/main.do?rcpNo=20260410003708,,,,20260703000651 || 20260430901689 || 20260410003708,주의,2025.0,-112.7,-104.4,-8.0,CFS,영업이익(손실),dart_OperatingIncomeLoss,-59.9,-83.2,영업활동현금흐름,ifrs-full_CashFlowsFromUsedInOperatingActivities,ok,연간 영업이익 YoY 계산 성공,ok,OCF 추출 성공,2026 Q1,3개월,-27.6,-29.9,7.7,thstrm_amount,frmtrm_q_amount,CFS,fnlttSinglAcntAll,영업이익(손실),dart_OperatingIncomeLoss,ok,3개월 기준 YoY 계산 성공,관망,0,-5,이중적자,,default,4,66.5,58.5,2.0,0.0,0.0,0.0,0.0,OFF,0.0,0.0,0.053228876494583084,SAFE,16.0,1.0,0.0,0.14035087719298245,3,10.0,0.174,-18.0,0.0,13.625,1.98,0.0,0.0,1126.0,0.0,-5.0,PYKRX,False,-999.0,-999.0,EXCLUDE,EXCLUDE,-999.0,EXCLUDE,EXCLUDE,0.0
kosdaq,20260714,20260714_2021,037370,EG,화학,2860,44.6,39.5,27.3,-62.7,13.9,-5.1,-22.7,-44.0,-7.4,-25.9,-45.0,0.66,7670,2510,0,0,0,0,19225,20780,0.4,0.6,0.6,0.93,3,0,0,1,0,+3%반등,48.5,0.2,0.0,1.6,-0.1,1,8,약세,-8,-7,0,-1,-21.9,-24.2,1496.48,,-1.11,-2212.0,-2212.0,-2212.0,10,10,1.0,59.5,51.5,037370,261054,0,0,0,0,,,,,,,,,,,안전,2025.0,-21.7,-54.7,60.4,CFS,영업이익(손실),dart_OperatingIncomeLoss,-36.7,-24.6,영업활동현금흐름,ifrs-full_CashFlowsFromUsedInOperatingActivities,ok,연간 영업이익 YoY 계산 성공,ok,OCF 추출 성공,2026 Q1,3개월,-7.2,-10.2,29.3,thstrm_amount,frmtrm_q_amount,CFS,fnlttSinglAcntAll,영업이익(손실),dart_OperatingIncomeLoss,ok,3개월 기준 YoY 계산 성공,성장지속,10,-5,이중적자,,default,2,66.5,58.5,2.0,0.0,0.0,0.0,0.0,OFF,0.0,0.0,0.047606535727310204,SAFE,19.0,1.0,0.0,0.22466960352422907,7,15.0,0.333,-12.0,5.5,12.125,0.41,0.0,0.0,6992.0,0.0,7.0,PYKRX,False,-999.0,-999.0,EXCLUDE,EXCLUDE,-999.0,EXCLUDE,EXCLUDE,0.0
kosdaq,20260714,20260714_2021,199430,케이엔알시스템,의료·정밀·광학,9400,31.2,11.9,14.0,-79.2,5.9,-13.4,-41.7,-58.9,-20.8,-43.6,-59.7,1.25,45300,8880,0,0,0,0,41570,37882,4.5,4.2,4.5,1.1,0,0,0,0,0,-,83.4,1.7,0.0,10.7,-0.2,1,8,약세,-8,-7,0,-1,-21.9,-24.2,1496.48,,-1.11,-2212.0,-2212.0,-2212.0,10,10,1.0,91.4,83.4,199430,672603,0,2,0,0,,[20260219] [기재정정]주요사항보고서(전환사채권발행결정) (20260219001739) || [20260213] 주요사항보고서(전환사채권발행결정) (20260213002321),,,,https://dart.fss.or.kr/dsaf001/main.do?rcpNo=20260219001739 || https://dart.fss.or.kr/dsaf001/main.do?rcpNo=20260213002321,,,,20260219001739 || 20260213002321,주의,2025.0,-75.4,-77.2,2.4,CFS,영업이익(손실),dart_OperatingIncomeLoss,-20.2,-116.0,영업활동현금흐름,ifrs-full_CashFlowsFromUsedInOperatingActivities,ok,연간 영업이익 YoY 계산 성공,ok,OCF 추출 성공,2026 Q1,3개월,-25.4,-20.4,-24.6,thstrm_amount,frmtrm_q_amount,OFS,fnlttSinglAcntAll,영업이익(손실),dart_OperatingIncomeLoss,ok,3개월 기준 YoY 계산 성공,관망,0,-5,이중적자,,default,2,88.4,80.4,2.0,0.0,0.0,0.0,0.0,OFF,0.0,0.0,0.06399087629766585,SAFE,20.0,33.0,0.0,0.3213429256594724,0,15.0,0.378,-17.0,0.0,20.0,4.52,0.0,0.0,2081.0,0.0,-5.0,PYKRX,False,-999.0,-999.0,EXCLUDE,EXCLUDE,-999.0,EXCLUDE,EXCLUDE,0.0
kosdaq,20260714,20260714_2021,095700,제넥신,지주·전문서비스,2195,37.0,10.4,14.8,-70.7,2.6,-9.5,-26.7,-54.8,-12.9,-36.5,-52.3,0.78,7490,2140,0,0,0,0,89011,165749,2.9,2.0,4.3,0.54,0,0,0,0,0,-,71.8,0.0,-0.1,-3.2,-6.4,1,0,약세,-8,-7,0,-1,-21.9,-24.2,1496.48,,-1.11,-2212.0,-2212.0,-2212.0,10,10,1.0,71.8,63.8,095700,545929,0,2,0,0,,[20250924] [기재정정]주요사항보고서(전환사채권발행결정) (20250924000208) || [20250924] 주요사항보고서(전환사채권발행결정) (20250923000407),,,,https://dart.fss.or.kr/dsaf001/main.do?rcpNo=20250924000208 || https://dart.fss.or.kr/dsaf001/main.do?rcpNo=20250923000407,,,,20250924000208 || 20250923000407,주의,2025.0,-361.7,-372.5,2.9,OFS,영업이익(손실),dart_OperatingIncomeLoss,-295.8,-215.0,영업활동현금흐름,ifrs-full_CashFlowsFromUsedInOperatingActivities,ok,연간 영업이익 YoY 계산 성공,ok,OCF 추출 성공,2026 Q1,3개월,-90.0,-84.8,-6.2,thstrm_amount,frmtrm_q_amount,OFS,fnlttSinglAcntAll,영업이익(손실),dart_OperatingIncomeLoss,ok,3개월 기준 YoY 계산 성공,관망,0,-5,이중적자,,default,0,66.8,58.8,0.0,0.0,0.0,0.0,0.0,OFF,0.0,0.0,0.05212406902145374,SAFE,20.0,33.0,0.0,0.3558052434456929,0,0.0,-0.023,-17.0,0.0,17.95,0.4,0.0,0.0,5426.0,0.0,7.0,PYKRX,False,-999.0,-999.0,EXCLUDE,EXCLUDE,-999.0,EXCLUDE,EXCLUDE,0.0
kosdaq,20260714,20260714_2021,461030,아이엠비디엑스,지주·전문서비스,3145,40.1,20.1,20.7,-75.8,4.8,-8.7,-29.6,-51.5,-11.3,-32.0,-60.8,0.63,12990,3000,0,0,0,0,33694,31305,0.6,1.1,1.1,1.08,0,0,0,0,0,-,63.8,0.3,0.0,1.3,-0.1,1,8,약세,-8,-7,0,-1,-21.9,-24.2,1496.48,,-1.11,-2212.0,-2212.0,-2212.0,10,10,1.0,71.8,63.8,461030,1497373,0,0,0,0,,,,,,,,,,,안전,2025.0,-86.6,-106.1,18.4,OFS,영업이익(손실),dart_OperatingIncomeLoss,-62.0,-66.5,영업활동현금흐름,ifrs-full_CashFlowsFromUsedInOperatingActivities,ok,연간 영업이익 YoY 계산 성공,ok,OCF 추출 성공,2026 Q1,3개월,-24.6,-20.1,-22.5,thstrm_amount,frmtrm_q_amount,OFS,fnlttSinglAcntAll,영업이익(손실),dart_OperatingIncomeLoss,ok,3개월 기준 YoY 계산 성공,관망,0,-5,이중적자,,default,0,66.8,58.8,2.0,0.0,0.0,0.0,0.0,OFF,0.0,0.0,0.05430903299030313,SAFE,20.0,33.0,0.0,0.29391891891891886,0,10.0,0.273,-17.0,0.0,15.95,1.75,0.0,0.0,1795.0,0.0,1.0,PYKRX,False,-999.0,-999.0,EXCLUDE,EXCLUDE,-999.0,EXCLUDE,EXCLUDE,0.0
kosdaq,20260714,20260714_2021,048470,대동스틸,도매,2515,41.6,33.8,32.9,-46.7,4.8,-2.9,-17.5,-27.1,-4.4,-14.5,-19.4,0.28,4720,2400,5,0,0,1,25731,84694,0.6,0.7,2.4,0.3,0,0,0,0,0,-,46.9,0.1,0.0,-1.1,-0.3,1,8,약세,-8,-7,0,-1,-21.9,-24.2,1496.48,,-1.11,-2212.0,-2212.0,-2212.0,10,10,1.0,59.9,51.9,048470,109268,0,1,0,0,,[20260601] 최대주주변경               (20260601900524),,,,https://dart.fss.or.kr/dsaf001/main.do?rcpNo=20260601900524,,,,20260601900524,주의,2025.0,-11.7,-19.5,40.2,OFS,영업이익(손실),dart_OperatingIncomeLoss,-56.5,45.4,영업활동현금흐름,ifrs-full_CashFlowsFromUsedInOperatingActivities,ok,연간 영업이익 YoY 계산 성공,ok,OCF 추출 성공,2026 Q1,3개월,1.0,0.7,47.4,thstrm_amount,frmtrm_q_amount,OFS,fnlttSinglAcntAll,영업이익(손실),dart_OperatingIncomeLoss,ok,3개월 기준 YoY 계산 성공,성장지속,10,-5,이중적자,,default,2,66.9,58.9,5.0,0.0,0.39,0.0,0.0,OFF,0.0,0.0,0.037351204506562416,SAFE,14.0,1.0,0.0,0.1657142857142857,3,0.0,0.042,-12.0,5.5,11.725,0.33,83.83,1.19,7633.0,30.0,12.0,PYKRX,False,-999.0,-999.0,EXCLUDE,EXCLUDE,-999.0,EXCLUDE,EXCLUDE,0.0
kosdaq,20260714,20260714_2021,088280,쏘닉스,반도체·전자부품,2705,34.3,23.0,24.4,-68.7,68.5,0.2,-20.9,-45.0,-9.0,-34.7,-8.4,0.68,8640,1605,5,0,1,0,69264,101918,1.9,1.9,3.1,0.68,6,0,1,1,0,5일선회복/+3%반등,66.0,-0.6,0.0,0.7,0.0,1,0,약세,-8,-7,0,-1,-21.9,-24.2,1496.48,,-1.11,-2212.0,-2212.0,-2212.0,10,10,1.0,77.0,69.0,088280,561723,0,0,0,0,,,,,,,,,,,안전,2025.0,-66.6,-45.4,-46.7,OFS,영업이익(손실),dart_OperatingIncomeLoss,-12.4,11.8,영업활동현금흐름,ifrs-full_CashFlowsFromUsedInOperatingActivities,ok,연간 영업이익 YoY 계산 성공,ok,OCF 추출 성공,2026 Q1,3개월,-18.2,-16.1,-12.9,thstrm_amount,frmtrm_q_amount,OFS,fnlttSinglAcntAll,영업이익(손실),dart_OperatingIncomeLoss,ok,3개월 기준 YoY 계산 성공,하락지속,-10,-5,이중적자,,default,5,67.0,59.0,0.0,0.0,0.0,0.0,0.0,OFF,0.0,0.0,0.04886353738559736,SAFE,20.0,33.0,0.0,-0.009569377990430623,11,-10.0,-0.194,-20.0,-5.0,16.5,1.34,0.0,0.0,2018.0,0.0,-5.0,PYKRX,False,-999.0,-999.0,EXCLUDE,EXCLUDE,-999.0,EXCLUDE,EXCLUDE,0.0
kosdaq,20260714,20260714_2021,464080,에스오에스랩,의료·정밀·광학,7900,33.8,9.5,10.0,-72.5,4.1,-13.9,-41.6,-46.4,-20.4,-35.1,-43.5,0.82,28700,7590,0,0,0,0,132302,202016,11.4,11.3,21.8,0.65,0,0,0,0,0,-,80.3,-1.3,0.0,-15.4,-2.8,1,0,약세,-8,-7,0,-1,-21.9,-24.2,1496.48,,-1.11,-2212.0,-2212.0,-2212.0,10,10,1.0,80.3,72.3,464080,1686427,0,1,0,0,,[20250801] 주요사항보고서(전환사채권발행결정) (20250801000380),,,,https://dart.fss.or.kr/dsaf001/main.do?rcpNo=20250801000380,,,,20250801000380,주의,2025.0,-161.3,-128.3,-25.7,OFS,영업이익(손실),dart_OperatingIncomeLoss,-113.1,-123.8,영업활동현금흐름,ifrs-full_CashFlowsFromUsedInOperatingActivities,ok,연간 영업이익 YoY 계산 성공,ok,OCF 추출 성공,2026 Q1,3개월,-55.0,-43.8,-25.7,thstrm_amount,frmtrm_q_amount,OFS,fnlttSinglAcntAll,영업이익(손실),dart_OperatingIncomeLoss,ok,3개월 기준 YoY 계산 성공,하락지속,-10,-5,이중적자,,default,2,67.3,59.3,0.0,0.0,0.0,0.0,0.0,OFF,0.0,0.0,0.0677678302735711,SAFE,14.0,7.0,0.0,0.33413461538461536,0,0.0,-0.06,-20.0,-5.0,20.0,5.32,0.0,0.0,1486.0,0.0,-5.0,PYKRX,False,-999.0,-999.0,EXCLUDE,EXCLUDE,-999.0,EXCLUDE,EXCLUDE,0.0
kosdaq,20260714,20260714_2021,475830,오름테라퓨틱,제약·바이오,44900,35.3,9.3,15.3,-69.4,149.2,-11.6,-29.0,-48.0,-17.7,-30.9,-43.9,0.76,146600,18020,5,0,1,0,104499,151671,51.2,48.6,86.0,0.69,0,0,0,0,0,-,75.4,-3.9,19.6,-27.8,111.7,1,8,약세,-8,-7,0,-1,-21.9,-24.2,1496.48,,-1.11,-2212.0,-2212.0,-2212.0,10,10,1.0,88.4,80.4,475830,1658831,0,4,0,0,,[20260108] [기재정정]주요사항보고서(유상증자결정) (20260108000315) || [20260108] [첨부정정]주요사항보고서(유상증자결정) (20260108000251) || [20251218] 주요사항보고서(유상증자결정) (20251218000452),,,,https://dart.fss.or.kr/dsaf001/main.do?rcpNo=20260108000315 || https://dart.fss.or.kr/dsaf001/main.do?rcpNo=20260108000251 || https://dart.fss.or.kr/dsaf001/main.do?rcpNo=20251218000452,,,,20260108000315 || 20260108000251 || 20251218000452,주의,2025.0,-517.6,-83.4,-521.0,CFS,영업이익(손실),dart_OperatingIncomeLoss,-359.9,-112.8,영업활동현금흐름,ifrs-full_CashFlowsFromUsedInOperatingActivities,ok,연간 영업이익 YoY 계산 성공,ok,OCF 추출 성공,2026 Q1,3개월,-180.8,-95.7,-88.9,thstrm_amount,frmtrm_q_amount,CFS,fnlttSinglAcntAll,영업이익(손실),dart_OperatingIncomeLoss,ok,3개월 기준 YoY 계산 성공,하락지속,-10,-5,이중적자,,default,0,73.4,65.4,2.0,0.0,0.0,0.0,0.0,OFF,0.0,0.0,0.08003707214675426,SAFE,15.0,8.0,0.0,0.39999999999999997,0,10.0,0.183,-20.0,-5.0,18.85,7.28,0.0,0.0,6165.0,0.0,-5.0,PYKRX,False,-999.0,-999.0,EXCLUDE,EXCLUDE,-999.0,EXCLUDE,EXCLUDE,0.0
kosdaq,20260714,20260714_2021,432430,와이랩,미디어·엔터,2035,31.3,26.1,29.4,-69.1,7.0,-5.8,-39.7,-33.3,-12.6,-26.8,-45.2,0.57,6580,1901,0,0,0,0,27914,56942,0.6,0.6,1.4,0.49,4,0,0,0,1,거래량동반양봉,72.3,-0.2,0.0,-1.1,-0.1,1,0,약세,-8,-7,0,-1,-21.9,-24.2,1496.48,,-1.11,-2212.0,-2212.0,-2212.0,10,10,1.0,76.3,68.3,432430,1406265,0,0,0,0,,,,,,,,,,,안전,2025.0,-87.4,-95.1,8.1,CFS,영업이익(손실),dart_OperatingIncomeLoss,-115.0,-146.2,영업활동현금흐름,ifrs-full_CashFlowsFromUsedInOperatingActivities,ok,연간 영업이익 YoY 계산 성공,ok,OCF 추출 성공,2026 Q1,3개월,-40.5,-23.2,-74.8,thstrm_amount,frmtrm_q_amount,CFS,fnlttSinglAcntAll,영업이익(손실),dart_OperatingIncomeLoss,ok,3개월 기준 YoY 계산 성공,관망,0,-5,이중적자,,default,2,73.3,65.3,3.0,0.0,0.0,0.0,0.0,OFF,0.0,0.0,0.04023193324913337,SAFE,15.0,15.0,0.0,0.14609571788413098,7,0.0,-0.143,-17.0,0.0,18.075,1.22,0.0,0.0,1674.0,0.0,-5.0,PYKRX,False,-999.0,-999.0,EXCLUDE,EXCLUDE,-999.0,EXCLUDE,EXCLUDE,0.0
kosdaq,20260714,20260714_2021,357880,SKAI,출판·SW,2560,40.5,30.5,34.3,-58.4,81.2,5.1,-38.1,-32.4,-10.6,-31.5,-6.2,0.8,6160,1413,10,0,1,1,888831,1329465,27.1,21.7,40.3,0.67,6,0,1,1,0,5일선회복/+3%반등,55.5,0.7,4.0,19.3,3.0,1,15,약세,-8,-7,0,-1,-21.9,-24.2,1496.48,,-1.11,-2212.0,-2212.0,-2212.0,10,10,1.0,86.5,78.5,357880,1381984,0,17,0,0,,[20260220] 주요사항보고서(자기전환사채만기전취득결정) (20260220002563) || [20260128] 주요사항보고서(자기전환사채매도결정) (20260128000280) || [20260108] 전환사채(해외전환사채포함)발행후만기전사채취득               (20260108900643),,,,https://dart.fss.or.kr/dsaf001/main.do?rcpNo=20260220002563 || https://dart.fss.or.kr/dsaf001/main.do?rcpNo=20260128000280 || https://dart.fss.or.kr/dsaf001/main.do?rcpNo=20260108900643,,,,20260220002563 || 20260128000280 || 20260108900643,주의,2025.0,-43.9,-120.7,63.6,CFS,영업이익(손실),dart_OperatingIncomeLoss,-38.3,-117.9,영업활동현금흐름,ifrs-full_CashFlowsFromUsedInOperatingActivities,ok,연간 영업이익 YoY 계산 성공,ok,OCF 추출 성공,2026 Q1,3개월,-16.5,-30.2,45.2,thstrm_amount,frmtrm_q_amount,CFS,fnlttSinglAcntAll,영업이익(손실),dart_OperatingIncomeLoss,ok,3개월 기준 YoY 계산 성공,성장지속,10,-5,이중적자,,default,7,98.5,90.5,7.0,0.0,0.0,0.0,0.0,OFF,0.0,0.0,0.07380041857583841,SAFE,19.0,19.0,0.0,-0.13385826771653542,11,8.0,0.117,-12.0,5.5,13.875,9.55,0.0,0.0,268.0,0.0,-5.0,PYKRX,False,-999.0,-999.0,EXCLUDE,EXCLUDE,-999.0,EXCLUDE,EXCLUDE,0.0
kosdaq,20260714,20260714_2021,389030,지니너스,지주·전문서비스,2135,44.8,14.2,31.9,-67.1,43.3,-1.2,-22.9,-54.6,-6.8,-32.0,-35.9,0.44,6480,1490,10,0,1,1,210246,352997,3.4,4.5,8.3,0.6,3,0,1,0,0,5일선회복,50.4,2.2,-0.2,0.7,-3.3,1,8,약세,-8,-7,0,-1,-21.9,-24.2,1496.48,,-1.11,-2212.0,-2212.0,-2212.0,10,10,1.0,71.4,63.400000000000006,389030,1494154,0,3,0,0,,[20260512] 주요사항보고서(제3자의전환사채매수선택권행사) (20260512000639) || [20260508] 주요사항보고서(전환사채매수선택권행사자지정) (20260508000542) || [20260309] [첨부추가]주요사항보고서(유상증자결정) (20260306001046),,,,https://dart.fss.or.kr/dsaf001/main.do?rcpNo=20260512000639 || https://dart.fss.or.kr/dsaf001/main.do?rcpNo=20260508000542 || https://dart.fss.or.kr/dsaf001/main.do?rcpNo=20260306001046,,,,20260512000639 || 20260508000542 || 20260306001046,주의,2025.0,-57.0,-0.1,-41313.3,CFS,영업외손익,dart_NonOperatingProfitLoss,-70.8,-106.7,영업활동으로 인한 현금흐름,ifrs-full_CashFlowsFromUsedInOperatingActivities,ok,연간 영업이익 YoY 계산 성공,ok,OCF 추출 성공,2026 Q1,3개월,0.2,0.2,36.4,thstrm_amount,frmtrm_q_amount,CFS,fnlttSinglAcntAll,영업외손익,dart_NonOperatingProfitLoss,ok,3개월 기준 YoY 계산 성공,턴어라운드,20,-5,이중적자,,default,2,88.4,80.4,5.0,0.0,0.0,0.0,0.0,OFF,0.0,0.0,0.054288565059324945,SAFE,20.0,33.0,0.0,0.052401746724890834,7,10.0,0.241,-15.0,8.5,12.6,7.82,0.0,0.0,273.0,0.0,-5.0,PYKRX,False,-999.0,-999.0,EXCLUDE,EXCLUDE,-999.0,EXCLUDE,EXCLUDE,0.0
kosdaq,20260714,20260714_2021,317330,덕산테코피아,화학,9860,31.9,10.1,19.7,-70.1,4.2,-7.6,-39.2,-43.7,-18.7,-43.7,-46.8,0.86,33000,9460,5,0,1,0,90657,103603,8.6,9.2,12.9,0.88,0,0,0,0,0,-,79.2,-1.3,-1.8,6.1,-25.2,1,0,약세,-8,-7,0,-1,-21.9,-24.2,1496.48,,-1.11,-2212.0,-2212.0,-2212.0,10,10,1.0,84.2,76.2,317330,1021666,0,0,0,0,,,,,,,,,,,안전,2025.0,-430.3,-302.2,-42.4,CFS,영업이익(손실),dart_OperatingIncomeLoss,-213.9,-561.9,영업활동현금흐름,ifrs-full_CashFlowsFromUsedInOperatingActivities,ok,연간 영업이익 YoY 계산 성공,ok,OCF 추출 성공,2026 Q1,3개월,-103.8,-97.3,-6.7,thstrm_amount,frmtrm_q_amount,CFS,fnlttSinglAcntAll,영업이익(손실),dart_OperatingIncomeLoss,ok,3개월 기준 YoY 계산 성공,하락지속,-10,-5,이중적자,,default,4,73.2,65.2,0.0,0.0,0.0,0.0,0.0,OFF,0.0,0.0,0.06073817315257279,SAFE,20.0,32.0,0.0,0.19387755102040813,3,-10.0,-0.24,-20.0,-5.0,19.8,1.75,0.0,0.0,5642.0,0.0,-5.0,PYKRX,False,-999.0,-999.0,EXCLUDE,EXCLUDE,-999.0,EXCLUDE,EXCLUDE,0.0
kosdaq,20260714,20260714_2021,046210,HLB파나진,제약·바이오,1100,34.1,16.0,-1.7,-62.6,10.0,-25.2,-26.3,-54.8,-21.8,-29.5,-38.8,0.82,2940,1000,10,1,0,1,578012,206561,1.8,6.5,2.5,2.8,0,0,0,0,0,-,80.5,3.2,0.0,1.6,0.0,1,8,약세,-8,-7,0,-1,-21.9,-24.2,1496.48,,-1.11,-2212.0,-2212.0,-2212.0,10,10,1.0,98.5,90.5,046210,172079,0,9,0,0,,[20260305] 전환사채(해외전환사채포함)발행후만기전사채취득               (20260305901537) || [20260305] 전환사채(해외전환사채포함)발행후만기전사채취득               (20260305901499) || [20260119] 전환사채(해외전환사채포함)발행후만기전사채취득               (20260119900616),,,,https://dart.fss.or.kr/dsaf001/main.do?rcpNo=20260305901537 || https://dart.fss.or.kr/dsaf001/main.do?rcpNo=20260305901499 || https://dart.fss.or.kr/dsaf001/main.do?rcpNo=20260119900616,,,,20260305901537 || 20260305901499 || 20260119900616,주의,2025.0,-34.4,-13.6,-152.6,CFS,영업이익(손실),dart_OperatingIncomeLoss,-6.4,3.5,영업활동현금흐름,ifrs-full_CashFlowsFromUsedInOperatingActivities,ok,연간 영업이익 YoY 계산 성공,ok,OCF 추출 성공,2026 Q1,3개월,-7.5,-7.3,-2.2,thstrm_amount,frmtrm_q_amount,CFS,fnlttSinglAcntAll,영업이익(손실),dart_OperatingIncomeLoss,ok,3개월 기준 YoY 계산 성공,하락지속,-10,-5,이중적자,,default,-1,82.5,74.5,5.0,0.0,0.0,0.0,0.0,OFF,0.0,0.0,0.07010512021473356,SAFE,6.0,2.0,0.0,0.9581749049429658,0,15.0,1.28,-20.0,-5.0,20.0,0.69,0.0,0.0,1591.0,0.0,7.0,PYKRX,False,-999.0,-999.0,EXCLUDE,EXCLUDE,-999.0,EXCLUDE,EXCLUDE,0.0
kosdaq,20260714,20260714_2021,304360,에스바이오메딕스,제약·바이오,17810,34.1,11.4,9.0,-58.2,4.2,-12.0,-32.3,-36.5,-15.0,-33.5,-39.7,0.5,42600,17100,0,0,0,0,47607,69132,6.0,8.9,15.2,0.69,0,0,0,0,0,-,79.9,4.4,-6.6,13.4,-19.3,1,8,약세,-8,-7,0,-1,-21.9,-24.2,1496.48,,-1.11,-2212.0,-2212.0,-2212.0,10,10,1.0,87.9,79.9,304360,1258020,0,2,0,0,,[20260414] 주요사항보고서(전환사채권발행결정) (20260414002171) || [20260414] 주요사항보고서(유상증자결정) (20260414002160),,,,https://dart.fss.or.kr/dsaf001/main.do?rcpNo=20260414002171 || https://dart.fss.or.kr/dsaf001/main.do?rcpNo=20260414002160,,,,20260414002171 || 20260414002160,주의,2025.0,-83.4,-54.5,-53.2,CFS,영업이익(손실),dart_OperatingIncomeLoss,-39.8,-35.0,영업활동현금흐름,ifrs-full_CashFlowsFromUsedInOperatingActivities,ok,연간 영업이익 YoY 계산 성공,ok,OCF 추출 성공,2026 Q1,3개월,-29.9,-16.9,-76.9,thstrm_amount,frmtrm_q_amount,CFS,fnlttSinglAcntAll,영업이익(손실),dart_OperatingIncomeLoss,ok,3개월 기준 YoY 계산 성공,하락지속,-10,-5,이중적자,,default,0,72.9,64.9,2.0,0.0,0.0,0.0,0.0,OFF,0.0,0.0,0.06737661409395618,SAFE,20.0,20.0,0.0,0.3715170278637771,0,0.0,-0.145,-20.0,-5.0,19.975,25.08,0.0,0.0,710.0,0.0,-5.0,PYKRX,False,-999.0,-999.0,EXCLUDE,EXCLUDE,-999.0,EXCLUDE,EXCLUDE,0.0
kosdaq,20260714,20260714_2021,389140,포바이포,미디어·엔터,4660,40.4,12.3,18.4,-71.2,3.4,-5.9,-28.9,-45.2,-11.0,-28.6,-45.2,0.57,16195,4505,0,0,0,0,130801,105808,2.8,6.5,5.6,1.24,0,0,0,0,0,-,65.9,0.0,0.0,3.3,-0.3,1,0,약세,-8,-7,0,-1,-21.9,-24.2,1496.48,,-1.11,-2212.0,-2212.0,-2212.0,10,10,1.0,65.9,57.900000000000006,389140,1513699,0,10,0,0,,[20251217] 유상증자또는주식관련사채등의청약결과(자율공시)               (20251217900296) || [20251212] 유상증자또는주식관련사채등의청약결과(자율공시)               (20251212900311) || [20251208] [기재정정]주요사항보고서(유상증자결정) (20251208000186),,,,https://dart.fss.or.kr/dsaf001/main.do?rcpNo=20251217900296 || https://dart.fss.or.kr/dsaf001/main.do?rcpNo=20251212900311 || https://dart.fss.or.kr/dsaf001/main.do?rcpNo=20251208000186,,,,20251217900296 || 20251212900311 || 20251208000186,주의,2025.0,-74.0,-138.9,46.8,CFS,영업손실,dart_OperatingIncomeLoss,-26.2,-26.3,영업활동현금흐름,ifrs-full_CashFlowsFromUsedInOperatingActivities,ok,연간 영업이익 YoY 계산 성공,ok,OCF 추출 성공,2026 Q1,3개월,-25.0,-26.0,3.9,thstrm_amount,frmtrm_q_amount,CFS,fnlttSinglAcntAll,영업손실,dart_OperatingIncomeLoss,ok,3개월 기준 YoY 계산 성공,성장지속,10,-5,이중적자,,default,2,72.9,64.9,0.0,0.0,0.0,0.0,0.0,OFF,0.0,0.0,0.04807357683650504,SAFE,20.0,28.0,0.0,0.20415224913494812,3,0.0,0.0,-15.0,3.0,16.475,1.66,0.0,0.0,2799.0,0.0,-5.0,PYKRX,False,-999.0,-999.0,EXCLUDE,EXCLUDE,-999.0,EXCLUDE,EXCLUDE,0.0
kosdaq,20260714,20260714_2021,351330,이삭엔지니어링,IT서비스,3430,38.6,9.8,15.5,-71.9,3.2,-12.9,-35.0,-52.9,-15.6,-39.2,-55.1,0.62,12190,3325,0,0,0,0,29121,31431,0.7,1.1,1.3,0.93,0,0,0,0,0,-,70.9,1.2,0.0,2.4,0.0,1,8,약세,-8,-7,0,-1,-21.9,-24.2,1496.48,,-1.11,-2212.0,-2212.0,-2212.0,10,10,1.0,78.9,70.9,351330,1135640,0,1,0,0,,[20250822] 주요사항보고서(전환사채권발행결정) (20250822000204),,,,https://dart.fss.or.kr/dsaf001/main.do?rcpNo=20250822000204,,,,20250822000204,주의,2025.0,-71.8,-45.4,-58.1,CFS,영업이익(손실),dart_OperatingIncomeLoss,-37.2,81.7,영업활동현금흐름,ifrs-full_CashFlowsFromUsedInOperatingActivities,ok,연간 영업이익 YoY 계산 성공,ok,OCF 추출 성공,2026 Q1,3개월,-25.2,-23.3,-8.3,thstrm_amount,frmtrm_q_amount,CFS,fnlttSinglAcntAll,영업이익(손실),dart_OperatingIncomeLoss,ok,3개월 기준 YoY 계산 성공,하락지속,-10,-5,이중적자,,default,0,63.9,55.9,2.0,0.0,0.0,0.0,0.0,OFF,0.0,0.0,0.04430693211936912,SAFE,20.0,33.0,0.0,0.3685714285714286,0,15.0,0.923,-20.0,-5.0,17.725,0.83,0.0,0.0,4151.0,0.0,7.0,PYKRX,False,-999.0,-999.0,EXCLUDE,EXCLUDE,-999.0,EXCLUDE,EXCLUDE,0.0
kosdaq,20260714,20260714_2021,126700,하이비젼시스템,의료·정밀·광학,9090,37.2,10.8,21.4,-57.7,2.5,-7.2,-26.2,-44.6,-12.3,-30.4,-42.2,1.08,21500,8870,0,0,0,0,105051,129464,12.7,9.9,14.0,0.81,0,0,0,0,0,-,68.9,-5.6,1.2,-34.8,8.9,1,8,약세,-8,-7,0,-1,-21.9,-24.2,1496.48,,-1.11,-2212.0,-2212.0,-2212.0,10,10,1.0,76.9,68.9,126700,825959,0,0,0,0,,,,,,,,,,,안전,2025.0,-325.5,309.9,-205.1,CFS,영업이익(손실),dart_OperatingIncomeLoss,-106.6,1017.2,영업활동현금흐름,ifrs-full_CashFlowsFromUsedInOperatingActivities,ok,연간 영업이익 YoY 계산 성공,ok,OCF 추출 성공,2026 Q1,3개월,-74.8,-23.5,-218.6,thstrm_amount,frmtrm_q_amount,CFS,fnlttSinglAcntAll,영업이익(손실),dart_OperatingIncomeLoss,ok,3개월 기준 YoY 계산 성공,하락지속,-10,-5,이중적자,,default,2,63.9,55.9,2.0,0.0,0.0,0.0,0.0,OFF,0.0,0.0,0.057132427889593135,SAFE,19.0,17.0,0.0,0.2748091603053435,0,-10.0,-0.314,-20.0,-5.0,17.225,0.47,0.0,0.88,19368.0,0.0,7.0,PYKRX,False,-999.0,-999.0,EXCLUDE,EXCLUDE,-999.0,EXCLUDE,EXCLUDE,0.0
kosdaq,20260714,20260714_2021,250060,모비스,IT서비스,2510,41.8,10.9,20.2,-73.4,8.7,-9.2,-24.2,-50.4,-9.9,-28.2,-34.5,0.54,9440,2310,0,0,0,0,410574,525810,7.4,10.5,14.6,0.78,0,0,0,0,0,-,61.1,0.8,0.0,-0.2,0.0,1,8,약세,-8,-7,0,-1,-21.9,-24.2,1496.48,,-1.11,-2212.0,-2212.0,-2212.0,10,10,1.0,69.1,61.1,250060,1165155,0,7,0,0,,[20260203] [기재정정]최대주주변경을수반하는주식양수도계약해제ㆍ취소등               (20260203900004) || [20260130] [기재정정]최대주주변경을수반하는주식양수도계약해제ㆍ취소등               (20260130901446) || [20260126] 최대주주변경을수반하는주식양수도계약해제ㆍ취소등               (20260126901025),,,,https://dart.fss.or.kr/dsaf001/main.do?rcpNo=20260203900004 || https://dart.fss.or.kr/dsaf001/main.do?rcpNo=20260130901446 || https://dart.fss.or.kr/dsaf001/main.do?rcpNo=20260126901025,,,,20260203900004 || 20260130901446 || 20260126901025,주의,2025.0,-29.4,-23.9,-22.6,OFS,영업이익(손실),dart_OperatingIncomeLoss,-26.1,-9.5,영업활동현금흐름,ifrs-full_CashFlowsFromUsedInOperatingActivities,ok,연간 영업이익 YoY 계산 성공,ok,OCF 추출 성공,2026 Q1,3개월,-5.4,-6.0,9.7,thstrm_amount,frmtrm_q_amount,OFS,fnlttSinglAcntAll,영업이익(손실),dart_OperatingIncomeLoss,ok,3개월 기준 YoY 계산 성공,관망,0,-5,이중적자,,default,0,64.1,56.1,2.0,0.0,0.0,0.0,0.0,OFF,0.0,0.0,0.0467753775603861,SAFE,20.0,33.0,0.0,0.3801652892561983,0,5.0,0.055,-18.0,0.0,15.275,2.4,0.0,0.0,1048.0,0.0,-5.0,PYKRX,False,-999.0,-999.0,EXCLUDE,EXCLUDE,-999.0,EXCLUDE,EXCLUDE,0.0
kosdaq,20260714,20260714_2021,460470,아이빔테크놀로지,의료·정밀·광학,2985,40.5,44.5,36.2,-39.6,11.4,1.9,-27.2,-15.1,-8.1,-18.7,-10.6,0.37,4945,2680,5,0,1,0,18364,74696,0.7,0.5,2.7,0.25,10,0,1,1,1,5일선회복/+3%반등/거래량동반양봉,49.2,-0.2,0.0,-2.9,0.0,1,0,약세,-8,-7,0,-1,-21.9,-24.2,1496.48,,-1.11,-2212.0,-2212.0,-2212.0,10,10,1.0,64.2,56.2,460470,1678312,0,0,0,0,,,,,,,,,,,안전,2025.0,-41.5,-43.1,3.6,OFS,영업이익(손실),dart_OperatingIncomeLoss,-42.5,-69.3,영업활동현금흐름,ifrs-full_CashFlowsFromUsedInOperatingActivities,ok,연간 영업이익 YoY 계산 성공,ok,OCF 추출 성공,2026 Q1,3개월,-14.6,-15.2,4.2,thstrm_amount,frmtrm_q_amount,OFS,fnlttSinglAcntAll,영업이익(손실),dart_OperatingIncomeLoss,ok,3개월 기준 YoY 계산 성공,관망,0,-5,이중적자,,default,5,64.2,56.2,3.0,0.0,0.0,0.0,0.0,OFF,0.0,0.0,0.05636296925442876,SAFE,13.0,9.0,0.0,-0.06985294117647059,15,0.0,-0.074,-15.0,0.0,12.3,1.63,0.0,0.0,1828.0,0.0,-5.0,PYKRX,False,-999.0,-999.0,EXCLUDE,EXCLUDE,-999.0,EXCLUDE,EXCLUDE,0.0
kosdaq,20260714,20260714_2021,347860,알체라,출판·SW,1324,43.1,17.2,15.2,-60.4,5.9,-8.1,-23.5,-31.0,-9.9,-25.6,-38.6,0.91,3345,1250,0,0,0,0,138883,191877,2.3,1.9,2.9,0.72,0,0,0,0,0,-,59.2,0.5,0.0,-1.4,0.0,1,8,약세,-8,-7,0,-1,-21.9,-24.2,1496.48,,-1.11,-2212.0,-2212.0,-2212.0,10,10,1.0,67.2,59.2,347860,1405451,0,10,0,0,,[20260612] [기재정정]주요사항보고서(유상증자결정) (20260612000051) || [20260611] [기재정정]주요사항보고서(유상증자결정) (20260611000610) || [20260521] 증권발행결과(자율공시)              (제3자배정 유상증자-전환우선주) (20260521900361),,,,https://dart.fss.or.kr/dsaf001/main.do?rcpNo=20260612000051 || https://dart.fss.or.kr/dsaf001/main.do?rcpNo=20260611000610 || https://dart.fss.or.kr/dsaf001/main.do?rcpNo=20260521900361,,,,20260612000051 || 20260611000610 || 20260521900361,주의,2025.0,-102.5,-104.3,1.8,CFS,영업이익(손실),dart_OperatingIncomeLoss,-70.3,-44.0,I. 영업활동으로인한현금흐름,ifrs-full_CashFlowsFromUsedInOperatingActivities,ok,연간 영업이익 YoY 계산 성공,ok,OCF 추출 성공,2026 Q1,3개월,-43.1,-52.1,17.2,thstrm_amount,frmtrm_q_amount,CFS,fnlttSinglAcntAll,영업이익(손실),dart_OperatingIncomeLoss,ok,3개월 기준 YoY 계산 성공,관망,0,-5,이중적자,,default,2,64.2,56.2,2.0,0.0,0.0,0.0,0.0,OFF,0.0,0.0,0.04286158723638989,SAFE,19.0,1.0,0.0,0.3446808510638298,0,10.0,0.172,-12.0,0.0,14.8,2.29,0.0,0.0,578.0,0.0,-5.0,PYKRX,False,-999.0,-999.0,EXCLUDE,EXCLUDE,-999.0,EXCLUDE,EXCLUDE,0.0
kosdaq,20260714,20260714_2021,468530,프로티나,지주·전문서비스,22450,36.4,18.0,15.2,-81.3,65.6,-10.0,-34.2,-61.4,-20.0,-39.7,-64.6,0.92,120100,13560,5,1,0,0,84184,60320,12.4,20.6,17.2,1.4,0,0,0,0,0,-,72.3,-6.6,-0.6,0.0,0.2,1,0,약세,-8,-7,0,-1,-21.9,-24.2,1496.48,,-1.11,-2212.0,-2212.0,-2212.0,10,10,1.0,77.3,69.3,468530,1688568,0,0,0,0,,,,,,,,,,,안전,2025.0,-113.7,-91.2,-24.6,OFS,영업이익(손실),dart_OperatingIncomeLoss,-80.7,-60.8,영업활동현금흐름,ifrs-full_CashFlowsFromUsedInOperatingActivities,ok,연간 영업이익 YoY 계산 성공,ok,OCF 추출 성공,2026 Q1,3개월,-47.1,-15.8,-199.1,thstrm_amount,frmtrm_q_amount,OFS,fnlttSinglAcntAll,영업이익(손실),dart_OperatingIncomeLoss,ok,3개월 기준 YoY 계산 성공,하락지속,-10,-5,이중적자,,default,2,64.3,56.3,0.0,0.0,0.0,0.0,0.0,OFF,0.0,0.0,0.08364577398659585,SAFE,20.0,33.0,0.0,0.29239766081871343,0,-10.0,-0.419,-20.0,-5.0,18.075,8.65,0.0,0.0,2594.0,0.0,-5.0,PYKRX,False,-999.0,-999.0,EXCLUDE,EXCLUDE,-999.0,EXCLUDE,EXCLUDE,0.0
kosdaq,20260714,20260714_2021,394280,오픈엣지테크놀로지,출판·SW,10370,42.1,18.1,22.9,-54.3,4.5,-5.0,-34.0,-33.9,-11.6,-29.7,-27.4,0.97,22700,9920,0,0,0,0,123000,105790,10.7,13.2,12.5,1.16,0,0,0,0,0,-,60.7,0.9,0.1,2.3,-1.7,1,15,약세,-8,-7,0,-1,-21.9,-24.2,1496.48,,-1.11,-2212.0,-2212.0,-2212.0,10,10,1.0,75.7,67.7,394280,1571107,0,2,0,0,,[20260401] [기재정정]주요사항보고서(유상증자결정) (20260331004929) || [20260331] 주요사항보고서(유상증자결정) (20260330001853),,,,https://dart.fss.or.kr/dsaf001/main.do?rcpNo=20260331004929 || https://dart.fss.or.kr/dsaf001/main.do?rcpNo=20260330001853,,,,20260331004929 || 20260330001853,주의,2025.0,-289.1,-246.1,-17.5,CFS,영업이익(손실),dart_OperatingIncomeLoss,-186.4,-103.3,영업활동현금흐름,ifrs-full_CashFlowsFromUsedInOperatingActivities,ok,연간 영업이익 YoY 계산 성공,ok,OCF 추출 성공,2026 Q1,3개월,-90.2,-66.1,-36.4,thstrm_amount,frmtrm_q_amount,CFS,fnlttSinglAcntAll,영업이익(손실),dart_OperatingIncomeLoss,ok,3개월 기준 YoY 계산 성공,하락지속,-10,-5,이중적자,,default,4,64.7,56.7,4.0,0.0,0.0,0.0,0.0,OFF,0.0,0.0,0.06534870294422247,SAFE,19.0,19.0,0.0,0.14705882352941177,3,8.0,0.08,-20.0,-5.0,15.175,15.18,0.0,0.0,683.0,0.0,-5.0,PYKRX,False,-999.0,-999.0,EXCLUDE,EXCLUDE,-999.0,EXCLUDE,EXCLUDE,0.0
kosdaq,20260714,20260714_2021,478340,나라스페이스테크놀로지,조선·기타운송,10440,31.9,12.4,19.0,-83.8,6.4,-13.6,-49.2,-68.4,-25.4,-52.3,,0.55,64600,9810,0,0,0,0,69793,136090,7.9,7.8,20.6,0.51,0,0,0,0,0,-,79.0,1.0,0.0,73.9,-23.4,1,8,약세,-8,-7,0,-1,-21.9,-24.2,1496.48,,-1.11,-2212.0,-2212.0,-2212.0,10,10,1.0,87.0,79.0,478340,1787355,0,0,0,0,,,,,,,,,,,안전,2025.0,-54.6,-44.3,-23.2,OFS,영업이익(손실),dart_OperatingIncomeLoss,-35.3,-29.5,영업활동현금흐름,ifrs-full_CashFlowsFromUsedInOperatingActivities,ok,연간 영업이익 YoY 계산 성공,ok,OCF 추출 성공,2026 Q1,3개월,-30.3,-16.6,-82.7,thstrm_amount,frmtrm_q_amount,OFS,fnlttSinglAcntAll,영업이익(손실),dart_OperatingIncomeLoss,ok,3개월 기준 YoY 계산 성공,하락지속,-10,-5,이중적자,,default,0,72.0,64.0,2.0,0.0,0.0,0.0,0.0,OFF,0.0,0.0,0.06839620665352589,SAFE,20.0,31.0,0.0,0.2764227642276422,0,0.0,0.049,-20.0,-5.0,19.75,2.53,0.0,0.0,4128.0,0.0,-5.0,PYKRX,False,-999.0,-999.0,EXCLUDE,EXCLUDE,-999.0,EXCLUDE,EXCLUDE,0.0
kosdaq,20260714,20260714_2021,069540,빛과전자,반도체·전자부품,2490,48.4,69.0,57.3,-69.3,320.6,37.3,-27.1,-23.4,5.8,-35.1,17.4,3.53,8100,592,15,1,1,1,18053329,8993615,734.4,416.9,229.8,2.01,10,0,1,1,1,5일선회복/+3%반등/거래량동반양봉,46.0,-117.7,-1.1,-24.8,-41.0,1,0,약세,-8,-7,0,-1,-21.9,-24.2,1496.48,,-1.11,-2212.0,-2212.0,-2212.0,10,10,1.0,71.0,63.0,069540,367482,0,38,0,0,,[20260515] 주요사항보고서(전환사채매수선택권행사자지정) (20260515002716) || [20260515] 주요사항보고서(전환사채권발행결정) (20260515002359) || [20260430] 주요사항보고서(제3자의전환사채매수선택권행사) (20260430001683),,,,https://dart.fss.or.kr/dsaf001/main.do?rcpNo=20260515002716 || https://dart.fss.or.kr/dsaf001/main.do?rcpNo=20260515002359 || https://dart.fss.or.kr/dsaf001/main.do?rcpNo=20260430001683,,,,20260515002716 || 20260515002359 || 20260430001683,주의,2025.0,-165.3,-102.7,-60.9,CFS,영업손실,dart_OperatingIncomeLoss,-34.0,-57.7,영업활동으로 인한 현금흐름,ifrs-full_CashFlowsFromUsedInOperatingActivities,ok,연간 영업이익 YoY 계산 성공,ok,OCF 추출 성공,2026 Q1,3개월,-22.6,-23.7,4.7,thstrm_amount,frmtrm_q_amount,CFS,fnlttSinglAcntAll,영업이익(손실),dart_OperatingIncomeLoss,ok,3개월 기준 YoY 계산 성공,관망,0,-5,이중적자,,default,6,72.0,64.0,7.0,0.0,0.0,0.0,0.0,OFF,0.0,0.0,0.09608639497503635,SAFE,20.0,29.0,0.0,-1.3763837638376382,15,-10.0,-0.517,-18.0,0.0,11.5,2.63,0.0,0.0,947.0,0.0,-5.0,PYKRX,False,-999.0,-999.0,EXCLUDE,EXCLUDE,-999.0,EXCLUDE,EXCLUDE,0.0
kosdaq,20260714,20260714_2021,039610,화성밸브,기계·장비,5100,38.1,19.2,18.8,-58.0,4.1,-6.6,-24.7,-48.1,-11.3,-27.1,-37.5,0.64,12140,4900,0,0,0,0,51517,76638,2.5,2.7,4.7,0.67,0,0,0,0,0,-,65.4,2.5,0.1,6.2,0.4,1,15,약세,-8,-7,0,-1,-21.9,-24.2,1496.48,,-1.11,-2212.0,-2212.0,-2212.0,10,10,1.0,80.4,72.4,039610,217743,0,0,0,0,,,,,,,,,,,안전,2025.0,-16.5,79.6,-120.7,CFS,영업이익(손실),dart_OperatingIncomeLoss,-4.7,40.7,영업활동현금흐름,ifrs-full_CashFlowsFromUsedInOperatingActivities,ok,연간 영업이익 YoY 계산 성공,ok,OCF 추출 성공,2026 Q1,3개월,7.9,10.0,-20.2,thstrm_amount,frmtrm_q_amount,CFS,fnlttSinglAcntAll,영업이익(손실),dart_OperatingIncomeLoss,ok,3개월 기준 YoY 계산 성공,하락지속,-10,-5,이중적자,,default,0,65.4,57.4,4.0,0.0,0.0,0.0,0.0,OFF,0.0,0.0,0.04323904873692736,SAFE,20.0,33.0,0.0,0.2672064777327935,0,15.0,0.553,-20.0,-5.0,16.35,0.56,0.0,0.0,9065.0,0.0,7.0,PYKRX,False,-999.0,-999.0,EXCLUDE,EXCLUDE,-999.0,EXCLUDE,EXCLUDE,0.0
kosdaq,20260714,20260714_2021,235980,메드팩토,지주·전문서비스,2720,38.5,14.9,14.9,-68.6,4.2,-9.2,-21.4,-47.4,-10.9,-25.2,-47.8,1.25,8650,2610,0,0,0,0,181701,135585,4.7,5.0,4.1,1.34,0,0,0,0,0,-,67.0,2.2,-0.4,7.6,0.5,1,8,약세,-8,-7,0,-1,-21.9,-24.2,1496.48,,-1.11,-2212.0,-2212.0,-2212.0,10,10,1.0,75.0,67.0,235980,1336373,0,0,0,0,,,,,,,,,,,안전,2025.0,-140.2,-218.2,35.7,CFS,영업이익(손실),dart_OperatingIncomeLoss,-133.9,-165.6,영업활동현금흐름,ifrs-full_CashFlowsFromUsedInOperatingActivities,ok,연간 영업이익 YoY 계산 성공,ok,OCF 추출 성공,2026 Q1,3개월,-41.7,-37.9,-9.8,thstrm_amount,frmtrm_q_amount,CFS,fnlttSinglAcntAll,영업이익(손실),dart_OperatingIncomeLoss,ok,3개월 기준 YoY 계산 성공,관망,0,-5,이중적자,,default,2,72.0,64.0,2.0,0.0,0.0,0.0,0.0,OFF,0.0,0.0,0.04308331853633421,SAFE,17.0,6.0,0.0,0.42990654205607476,0,15.0,0.439,-17.0,0.0,16.75,2.03,0.0,0.0,1342.0,0.0,-5.0,PYKRX,False,-999.0,-999.0,EXCLUDE,EXCLUDE,-999.0,EXCLUDE,EXCLUDE,0.0
kosdaq,20260714,20260714_2021,321550,티움바이오,지주·전문서비스,3855,40.3,44.2,22.0,-71.9,12.9,-6.2,-13.2,-61.5,-5.5,-40.8,-45.3,0.77,13700,3415,0,0,0,0,178409,222153,6.4,7.1,9.2,0.8,0,0,0,0,0,-,52.4,-3.4,0.8,-22.2,1.8,1,8,약세,-8,-7,0,-1,-21.9,-24.2,1496.48,,-1.11,-2212.0,-2212.0,-2212.0,10,10,1.0,60.4,52.4,321550,1335930,0,2,0,0,,[20251023] 전환사채(해외전환사채포함)발행후만기전사채취득               (20251023900433) || [20250722] 전환사채(해외전환사채포함)발행후만기전사채취득               (20250722900409),,,,https://dart.fss.or.kr/dsaf001/main.do?rcpNo=20251023900433 || https://dart.fss.or.kr/dsaf001/main.do?rcpNo=20250722900409,,,,20251023900433 || 20250722900409,주의,2025.0,-161.5,-187.0,13.7,CFS,영업이익(손실),dart_OperatingIncomeLoss,-153.0,-156.3,영업활동현금흐름,ifrs-full_CashFlowsFromUsedInOperatingActivities,ok,연간 영업이익 YoY 계산 성공,ok,OCF 추출 성공,2026 Q1,3개월,-45.4,-53.5,15.1,thstrm_amount,frmtrm_q_amount,CFS,fnlttSinglAcntAll,영업이익(손실),dart_OperatingIncomeLoss,ok,3개월 기준 YoY 계산 성공,성장지속,10,-5,이중적자,,default,0,65.4,57.4,2.0,0.0,0.0,0.0,0.0,OFF,0.0,0.0,0.056939274269911494,SAFE,18.0,0.0,0.0,0.4696969696969697,0,-10.0,-0.283,-12.0,3.0,13.1,2.96,0.0,0.0,1302.0,0.0,-5.0,PYKRX,False,-999.0,-999.0,EXCLUDE,EXCLUDE,-999.0,EXCLUDE,EXCLUDE,0.0
kosdaq,20260714,20260714_2021,424870,이뮨온시아,지주·전문서비스,2910,32.8,14.1,14.9,-81.2,4.7,-9.6,-31.2,-59.4,-15.6,-37.8,-61.2,0.72,15499,2780,0,0,0,0,339817,469692,9.6,10.3,16.9,0.72,0,0,0,0,0,-,78.8,5.8,-5.8,40.6,-23.8,1,8,약세,-8,-7,0,-1,-21.9,-24.2,1496.48,,-1.11,-2212.0,-2212.0,-2212.0,10,10,1.0,86.8,78.8,424870,1203659,0,8,0,0,,[20260515] 유상증자또는주식관련사채등의청약결과(자율공시)               (20260515901086) || [20260511] [기재정정]주요사항보고서(유상증자결정) (20260511000437) || [20260508] 유상증자최종발행가액확정               (20260508901079),,,,https://dart.fss.or.kr/dsaf001/main.do?rcpNo=20260515901086 || https://dart.fss.or.kr/dsaf001/main.do?rcpNo=20260511000437 || https://dart.fss.or.kr/dsaf001/main.do?rcpNo=20260508901079,,,,20260515901086 || 20260511000437 || 20260508901079,주의,2025.0,-280.0,-126.0,-122.3,OFS,영업이익(손실),dart_OperatingIncomeLoss,-227.8,-146.7,영업활동현금흐름,ifrs-full_CashFlowsFromUsedInOperatingActivities,ok,연간 영업이익 YoY 계산 성공,ok,OCF 추출 성공,2026 Q1,3개월,-57.5,-45.2,-27.2,thstrm_amount,frmtrm_q_amount,OFS,fnlttSinglAcntAll,영업이익(손실),dart_OperatingIncomeLoss,ok,3개월 기준 YoY 계산 성공,하락지속,-10,-5,이중적자,,default,0,71.8,63.8,2.0,0.0,0.0,0.0,0.0,OFF,0.0,0.0,0.054048128707949145,SAFE,20.0,28.0,0.0,0.3076923076923077,0,0.0,0.0,-20.0,-5.0,19.7,7.91,0.0,0.0,368.0,0.0,-5.0,PYKRX,False,-999.0,-999.0,EXCLUDE,EXCLUDE,-999.0,EXCLUDE,EXCLUDE,0.0
kosdaq,20260714,20260714_2021,293780,압타바이오,지주·전문서비스,4090,43.8,18.6,16.3,-65.8,5.7,-7.0,-16.6,-41.6,-8.0,-27.1,-44.3,0.89,11960,3870,5,0,0,1,75248,111930,3.7,3.1,5.1,0.67,4,0,0,0,1,거래량동반양봉,53.9,-3.4,0.0,-5.3,-0.5,1,0,약세,-8,-7,0,-1,-21.9,-24.2,1496.48,,-1.11,-2212.0,-2212.0,-2212.0,10,10,1.0,62.9,54.9,293780,1251595,0,0,0,0,,,,,,,,,,,안전,2025.0,-158.4,-188.5,16.0,CFS,영업이익(손실),dart_OperatingIncomeLoss,-152.8,-121.6,Ⅰ.영업활동현금흐름,ifrs-full_CashFlowsFromUsedInOperatingActivities,ok,연간 영업이익 YoY 계산 성공,ok,OCF 추출 성공,2026 Q1,3개월,-61.0,-26.3,-131.6,thstrm_amount,frmtrm_q_amount,CFS,fnlttSinglAcntAll,영업이익(손실),dart_OperatingIncomeLoss,ok,3개월 기준 YoY 계산 성공,관망,0,-5,이중적자,,default,2,59.9,51.9,3.0,0.0,0.0,0.0,0.0,OFF,0.0,0.0,0.06544142052706778,SAFE,18.0,1.0,0.0,0.4216867469879518,4,-10.0,-0.667,-17.0,0.0,13.475,2.43,0.0,0.0,1680.0,0.0,-5.0,PYKRX,False,-999.0,-999.0,EXCLUDE,EXCLUDE,-999.0,EXCLUDE,EXCLUDE,0.0
kosdaq,20260714,20260714_2021,060310,3S,의료·정밀·광학,1123,40.0,17.4,23.5,-49.5,5.0,-0.3,-13.6,-20.6,-6.1,-17.8,-25.7,0.73,2225,1070,10,0,1,1,175612,246109,2.0,2.0,3.0,0.71,0,0,0,0,0,-,55.4,1.6,0.0,-2.6,0.0,1,8,약세,-8,-7,0,-1,-21.9,-24.2,1496.48,,-1.11,-2212.0,-2212.0,-2212.0,10,10,1.0,73.4,65.4,060310,378363,0,0,0,0,,,,,,,,,,,안전,2025.0,-58.3,11.6,-601.0,CFS,영업이익,dart_OperatingIncomeLoss,-44.3,10.3,영업활동으로 인한 현금흐름,ifrs-full_CashFlowsFromUsedInOperatingActivities,ok,연간 영업이익 YoY 계산 성공,ok,OCF 추출 성공,2025 Q3,3개월,-10.6,-1.4,-649.4,thstrm_amount,frmtrm_q_amount,CFS,fnlttSinglAcntAll,영업이익,dart_OperatingIncomeLoss,ok,3개월 기준 YoY 계산 성공,하락지속,-10,-5,이중적자,,default,2,60.4,52.4,5.0,0.0,0.0,0.0,0.0,OFF,0.0,0.0,0.03200727800353949,SAFE,18.0,7.0,0.0,0.022058823529411766,3,15.0,0.533,-20.0,-5.0,13.85,1.2,0.0,0.0,933.0,0.0,-5.0,PYKRX,False,-999.0,-999.0,EXCLUDE,EXCLUDE,-999.0,EXCLUDE,EXCLUDE,0.0
kosdaq,20260714,20260714_2021,408900,스튜디오미르,미디어·엔터,1003,39.4,4.5,20.2,-82.7,1.7,-10.8,-31.7,-57.0,-13.8,-39.5,-63.0,0.24,5800,986,0,0,0,0,39494,167142,0.4,0.4,2.1,0.24,0,0,0,0,0,-,67.8,0.1,0.0,1.8,0.0,1,8,약세,-8,-7,0,-1,-21.9,-24.2,1496.48,,-1.11,-2212.0,-2212.0,-2212.0,10,10,1.0,75.8,67.8,408900,1139965,0,0,0,0,,,,,,,,,,,안전,2025.0,-21.5,-19.0,-12.8,CFS,영업이익(손실),dart_OperatingIncomeLoss,-13.9,7.2,영업활동으로 인한 현금흐름,ifrs-full_CashFlowsFromUsedInOperatingActivities,ok,연간 영업이익 YoY 계산 성공,ok,OCF 추출 성공,2026 Q1,3개월,-9.0,-7.6,-18.9,thstrm_amount,frmtrm_q_amount,CFS,fnlttSinglAcntAll,영업이익(손실),dart_OperatingIncomeLoss,ok,3개월 기준 YoY 계산 성공,하락지속,-10,-5,이중적자,,default,0,60.8,52.8,2.0,0.0,0.0,0.0,0.0,OFF,0.0,0.0,0.054831807625666584,SAFE,20.0,33.0,0.0,0.3406940063091483,0,0.0,0.048,-20.0,-5.0,16.95,0.86,0.0,0.0,1167.0,0.0,1.0,PYKRX,False,-999.0,-999.0,EXCLUDE,EXCLUDE,-999.0,EXCLUDE,EXCLUDE,0.0
kosdaq,20260714,20260714_2021,441270,파인엠텍,반도체·전자부품,6050,46.5,32.1,28.7,-57.0,13.3,-2.1,-24.1,-38.6,-8.0,-26.2,-36.4,0.72,14060,5340,5,0,0,1,149826,300770,13.4,9.1,20.2,0.5,4,0,0,0,1,거래량동반양봉,45.8,-0.6,-2.6,-17.0,-53.2,1,0,약세,-8,-7,0,-1,-21.9,-24.2,1496.48,,-1.11,-2212.0,-2212.0,-2212.0,10,10,1.0,54.8,46.8,441270,1686755,0,8,0,0,,[20260521] 주요사항보고서(전환사채권발행결정) (20260521000737) || [20251126] 증권발행결과(자율공시)              (제3자배정 유상증자-전환우선주) (20251126900712) || [20251126] 증권발행결과(자율공시)              (제3자배정 유상증자) (20251126900709),,,,https://dart.fss.or.kr/dsaf001/main.do?rcpNo=20260521000737 || https://dart.fss.or.kr/dsaf001/main.do?rcpNo=20251126900712 || https://dart.fss.or.kr/dsaf001/main.do?rcpNo=20251126900709,,,,20260521000737 || 20251126900712 || 20251126900709,주의,2025.0,-186.0,-114.9,-61.8,CFS,영업외손익,dart_NonOperatingProfitLoss,-14.0,-22.5,영업활동으로 인한 현금흐름,ifrs-full_CashFlowsFromUsedInOperatingActivities,ok,연간 영업이익 YoY 계산 성공,ok,OCF 추출 성공,2026 Q1,3개월,-22.0,-29.4,25.2,thstrm_amount,frmtrm_q_amount,CFS,fnlttSinglAcntAll,영업이익(손실),dart_OperatingIncomeLoss,ok,3개월 기준 YoY 계산 성공,턴어라운드,20,-5,이중적자,,default,2,71.8,63.8,3.0,0.0,0.0,0.0,0.0,OFF,0.0,0.0,0.06719461562233939,SAFE,19.0,1.0,0.0,0.08713692946058091,7,-10.0,-0.158,-15.0,8.5,11.45,1.36,0.0,0.0,4459.0,0.0,-5.0,PYKRX,False,-999.0,-999.0,EXCLUDE,EXCLUDE,-999.0,EXCLUDE,EXCLUDE,0.0
kosdaq,20260714,20260714_2021,029480,광무,반도체·전자부품,1427,49.0,8.9,19.8,-54.4,4.3,-0.6,-11.3,-31.2,-4.1,-17.1,-34.1,0.4,3130,1368,10,1,1,0,2015327,621041,3.7,31.2,9.6,3.25,0,0,0,0,0,-,44.2,-4.1,0.0,-4.8,0.0,1,0,약세,-8,-7,0,-1,-21.9,-24.2,1496.48,,-1.11,-2212.0,-2212.0,-2212.0,10,10,1.0,54.2,46.2,029480,186452,0,0,0,0,,,,,,,,,,,안전,2025.0,-42.3,-47.1,10.2,CFS,영업이익(손실),dart_OperatingIncomeLoss,-156.4,46.9,영업활동현금흐름,ifrs-full_CashFlowsFromUsedInOperatingActivities,ok,연간 영업이익 YoY 계산 성공,ok,OCF 추출 성공,2026 Q1,3개월,-8.9,-11.1,19.6,thstrm_amount,frmtrm_q_amount,CFS,fnlttSinglAcntAll,영업이익(손실),dart_OperatingIncomeLoss,ok,3개월 기준 YoY 계산 성공,성장지속,10,-5,이중적자,,default,2,61.2,53.2,0.0,0.0,0.0,0.0,0.0,OFF,0.0,0.0,0.04653118691512345,SAFE,13.0,0.0,0.0,0.053097345132743355,3,-10.0,-0.427,-12.0,3.0,11.05,0.41,0.0,0.0,3491.0,0.0,7.0,PYKRX,False,-999.0,-999.0,EXCLUDE,EXCLUDE,-999.0,EXCLUDE,EXCLUDE,0.0
kosdaq,20260714,20260714_2021,317690,퀀타매트릭스,의료·정밀·광학,2250,42.0,20.6,19.1,-65.6,6.6,-6.4,-20.4,-39.9,-8.9,-24.6,-42.2,0.89,6550,2110,0,0,0,0,71874,73800,1.5,1.6,1.8,0.97,0,0,0,0,0,-,56.9,-1.4,0.2,-1.6,-0.1,1,8,약세,-8,-7,0,-1,-21.9,-24.2,1496.48,,-1.11,-2212.0,-2212.0,-2212.0,10,10,1.0,64.9,56.900000000000006,317690,1311286,0,4,0,0,,[20260608] 전환사채(해외전환사채포함)발행후만기전사채취득               (20260608900788) || [20260309] 전환사채(해외전환사채포함)발행후만기전사채취득               (20260309900699) || [20260220] 유상증자결정(종속회사의주요경영사항)               (20260220901150),,,,https://dart.fss.or.kr/dsaf001/main.do?rcpNo=20260608900788 || https://dart.fss.or.kr/dsaf001/main.do?rcpNo=20260309900699 || https://dart.fss.or.kr/dsaf001/main.do?rcpNo=20260220901150,,,,20260608900788 || 20260309900699 || 20260220901150,주의,2025.0,-155.6,-161.5,3.7,CFS,영업이익(손실),dart_OperatingIncomeLoss,-150.7,-129.3,영업활동현금흐름,ifrs-full_CashFlowsFromUsedInOperatingActivities,ok,연간 영업이익 YoY 계산 성공,ok,OCF 추출 성공,2026 Q1,3개월,-40.4,-37.8,-6.6,thstrm_amount,frmtrm_q_amount,CFS,fnlttSinglAcntAll,영업이익(손실),dart_OperatingIncomeLoss,ok,3개월 기준 YoY 계산 성공,관망,0,-5,이중적자,,default,2,61.9,53.9,2.0,0.0,0.0,0.0,0.0,OFF,0.0,0.0,0.04653082685131611,SAFE,20.0,33.0,0.0,0.3137254901960785,0,-10.0,-0.667,-17.0,0.0,14.225,1.13,0.0,0.0,1998.0,0.0,-5.0,PYKRX,False,-999.0,-999.0,EXCLUDE,EXCLUDE,-999.0,EXCLUDE,EXCLUDE,0.0
kosdaq,20260714,20260714_2021,314130,지놈앤컴퍼니,제약·바이오,3590,39.1,14.0,27.3,-64.7,47.1,-4.6,-35.2,-45.8,-13.0,-32.9,-36.8,0.87,10180,2440,0,0,0,0,407711,475520,15.1,15.7,20.4,0.86,0,0,0,0,0,-,64.4,-6.0,0.1,24.3,-0.3,1,8,약세,-8,-7,0,-1,-21.9,-24.2,1496.48,,-1.11,-2212.0,-2212.0,-2212.0,10,10,1.0,72.4,64.4,314130,1276026,0,6,0,0,,[20260407] 전환사채(해외전환사채포함)발행후만기전사채취득               (20260407900847) || [20260403] 주요사항보고서(유상증자결정) (20260403002950) || [20260306] 주요사항보고서(유상증자결정) (20260305001675),,,,https://dart.fss.or.kr/dsaf001/main.do?rcpNo=20260407900847 || https://dart.fss.or.kr/dsaf001/main.do?rcpNo=20260403002950 || https://dart.fss.or.kr/dsaf001/main.do?rcpNo=20260305001675,,,,20260407900847 || 20260403002950 || 20260305001675,주의,2025.0,-292.3,-242.0,-20.8,CFS,영업이익(손실),dart_OperatingIncomeLoss,-183.9,-163.3,영업활동현금흐름,ifrs-full_CashFlowsFromUsedInOperatingActivities,ok,연간 영업이익 YoY 계산 성공,ok,OCF 추출 성공,2026 Q1,3개월,-61.0,-67.1,9.1,thstrm_amount,frmtrm_q_amount,CFS,fnlttSinglAcntAll,영업이익(손실),dart_OperatingIncomeLoss,ok,3개월 기준 YoY 계산 성공,관망,0,-5,이중적자,,default,4,71.4,63.4,2.0,0.0,0.0,0.0,0.0,OFF,0.0,0.0,0.07001273900153646,SAFE,17.0,17.0,0.0,0.13068181818181815,3,-10.0,-0.289,-18.0,0.0,16.1,1.49,0.0,0.0,2402.0,0.0,-5.0,PYKRX,False,-999.0,-999.0,EXCLUDE,EXCLUDE,-999.0,EXCLUDE,EXCLUDE,0.0
kosdaq,20260714,20260714_2021,305090,마이크로디지탈,의료·정밀·광학,2100,41.8,29.0,28.1,-82.4,5.0,-2.1,-16.5,-64.0,-5.6,-33.7,-70.3,1.19,11930,2000,5,0,0,1,81018,115393,2.8,1.7,2.6,0.7,0,0,0,0,0,-,50.5,-0.5,0.1,-3.8,-1.4,1,8,약세,-8,-7,0,-1,-21.9,-24.2,1496.48,,-1.11,-2212.0,-2212.0,-2212.0,10,10,1.0,63.5,55.5,305090,1267967,0,2,0,0,,[20250723] 주요사항보고서(전환사채권발행결정) (20250723000363) || [20250723] [기재정정]주요사항보고서(전환사채권발행결정) (20250723000335),,,,https://dart.fss.or.kr/dsaf001/main.do?rcpNo=20250723000363 || https://dart.fss.or.kr/dsaf001/main.do?rcpNo=20250723000335,,,,20250723000363 || 20250723000335,주의,2025.0,-91.7,2.8,-3376.8,OFS,영업이익(손실),dart_OperatingIncomeLoss,-56.2,-68.6,영업활동현금흐름,ifrs-full_CashFlowsFromUsedInOperatingActivities,ok,연간 영업이익 YoY 계산 성공,ok,OCF 추출 성공,2026 Q1,3개월,-3.5,-10.3,66.5,thstrm_amount,frmtrm_q_amount,CFS,fnlttSinglAcntAll,영업외손익,dart_NonOperatingProfitLoss,ok,3개월 기준 YoY 계산 성공,턴어라운드,20,-5,이중적자,,default,4,82.5,74.5,5.0,0.0,0.0,0.0,0.0,OFF,0.0,0.0,0.034623955668226056,SAFE,20.0,33.0,0.0,0.1272727272727273,3,-10.0,-0.154,-15.0,8.5,12.625,1.36,0.0,0.0,1541.0,0.0,-5.0,PYKRX,False,-999.0,-999.0,EXCLUDE,EXCLUDE,-999.0,EXCLUDE,EXCLUDE,0.0
kosdaq,20260714,20260714_2021,206560,덱스터,미디어·엔터,1025,41.4,0.8,13.1,-83.7,0.2,-13.8,-30.6,-59.7,-14.7,-35.7,-70.1,0.49,6300,1023,0,0,0,0,46517,72738,0.4,0.5,0.9,0.64,0,0,0,0,0,-,67.7,-0.2,0.0,0.0,-0.3,1,0,약세,-8,-7,0,-1,-21.9,-24.2,1496.48,,-1.11,-2212.0,-2212.0,-2212.0,10,10,1.0,67.7,59.7,206560,1021949,0,0,0,0,,,,,,,,,,,안전,2025.0,-65.1,-89.0,26.9,CFS,영업이익(손실),dart_OperatingIncomeLoss,-77.1,26.2,영업활동현금흐름,ifrs-full_CashFlowsFromUsedInOperatingActivities,ok,연간 영업이익 YoY 계산 성공,ok,OCF 추출 성공,2026 Q1,3개월,-38.5,-35.7,-7.8,thstrm_amount,frmtrm_q_amount,CFS,fnlttSinglAcntAll,영업이익(손실),dart_OperatingIncomeLoss,ok,3개월 기준 YoY 계산 성공,관망,0,-5,이중적자,,default,0,62.7,54.7,0.0,0.0,0.0,0.0,0.0,OFF,0.0,0.0,0.04666075496069068,SAFE,20.0,33.0,0.0,0.45098039215686275,0,-10.0,-0.222,-17.0,0.0,16.925,0.7,0.0,0.0,1470.0,0.0,1.0,PYKRX,False,-999.0,-999.0,EXCLUDE,EXCLUDE,-999.0,EXCLUDE,EXCLUDE,0.0
kosdaq,20260714,20260714_2021,464500,아이언디바이스,반도체·전자부품,1769,38.0,16.6,23.7,-64.4,4.1,-7.3,-26.7,-47.1,-10.7,-33.0,-44.5,0.85,4965,1699,0,0,0,0,60756,78997,1.2,1.1,1.6,0.77,0,0,0,0,0,-,65.2,-0.2,0.0,-1.5,0.0,1,0,약세,-8,-7,0,-1,-21.9,-24.2,1496.48,,-1.11,-2212.0,-2212.0,-2212.0,10,10,1.0,65.2,57.2,464500,1706794,0,0,0,0,,,,,,,,,,,안전,2025.0,-55.7,-48.8,-14.3,CFS,영업이익(손실),dart_OperatingIncomeLoss,-96.5,-26.3,영업활동현금흐름,ifrs-full_CashFlowsFromUsedInOperatingActivities,ok,연간 영업이익 YoY 계산 성공,ok,OCF 추출 성공,2026 Q1,3개월,-10.0,-11.4,12.4,thstrm_amount,frmtrm_q_amount,CFS,fnlttSinglAcntAll,영업이익(손실),dart_OperatingIncomeLoss,ok,3개월 기준 YoY 계산 성공,턴어라운드,20,-5,이중적자,,default,2,82.2,74.2,0.0,0.0,0.0,0.0,0.0,OFF,0.0,0.0,0.03801847171290219,SAFE,20.0,31.0,0.0,0.27340823970037453,0,0.0,-0.125,-15.0,6.0,16.3,0.93,0.0,0.0,1908.0,0.0,1.0,PYKRX,False,-999.0,-999.0,EXCLUDE,EXCLUDE,-999.0,EXCLUDE,EXCLUDE,0.0
kosdaq,20260714,20260714_2021,371950,풍원정밀,반도체·전자부품,5540,35.6,6.0,-0.9,-72.3,2.4,-14.1,-26.2,-50.5,-16.7,-29.0,-47.7,1.26,19970,5410,0,0,0,0,25199,24905,1.7,1.5,1.7,1.01,0,0,0,0,0,-,81.0,-0.2,-0.5,-1.6,-2.8,1,0,약세,-8,-7,0,-1,-21.9,-24.2,1496.48,,-1.11,-2212.0,-2212.0,-2212.0,10,10,1.0,81.0,73.0,371950,417167,0,1,0,0,,[20260601] 주요사항보고서(전환사채매수선택권행사자지정) (20260601000382),,,,https://dart.fss.or.kr/dsaf001/main.do?rcpNo=20260601000382,,,,20260601000382,주의,2025.0,-199.3,-182.5,-9.2,CFS,영업이익(손실),dart_OperatingIncomeLoss,-50.2,-56.0,영업활동현금흐름,ifrs-full_CashFlowsFromUsedInOperatingActivities,ok,연간 영업이익 YoY 계산 성공,ok,OCF 추출 성공,2026 Q1,3개월,-30.1,-50.1,40.0,thstrm_amount,frmtrm_q_amount,CFS,fnlttSinglAcntAll,영업이익(손실),dart_OperatingIncomeLoss,ok,3개월 기준 YoY 계산 성공,턴어라운드,20,-5,이중적자,,default,-1,95.0,87.0,0.0,0.0,0.0,0.0,0.0,OFF,0.0,0.0,0.0480318702293139,SAFE,16.0,6.0,0.0,0.5381679389312977,0,-10.0,-0.412,-15.0,8.5,20.0,10.22,0.0,0.0,542.0,0.0,-5.0,PYKRX,False,-999.0,-999.0,EXCLUDE,EXCLUDE,-999.0,EXCLUDE,EXCLUDE,0.0
kosdaq,20260714,20260714_2021,355690,에이텀,반도체·전자부품,3900,7.9,12.6,20.1,-51.2,32.7,-4.5,-9.4,-24.6,-15.9,-14.7,-19.1,0.21,7991,2940,10,0,1,1,72452,257711,2.2,2.9,13.1,0.28,0,0,0,0,0,-,71.0,-2.2,0.0,5.8,-0.1,1,0,약세,-8,-7,0,-1,-21.9,-24.2,1496.48,,-1.11,-2212.0,-2212.0,-2212.0,10,10,1.0,81.0,73.0,355690,1444380,0,16,0,0,,[20260424] 유상증자또는주식관련사채등의청약결과(자율공시)               (20260424900299) || [20260420] [기재정정]주요사항보고서(유상증자결정) (20260420000205) || [20260420] 유상증자최종발행가액확정              (주주배정후 실권주 일반공모) (20260420900240),,,,https://dart.fss.or.kr/dsaf001/main.do?rcpNo=20260424900299 || https://dart.fss.or.kr/dsaf001/main.do?rcpNo=20260420000205 || https://dart.fss.or.kr/dsaf001/main.do?rcpNo=20260420900240,,,,20260424900299 || 20260420000205 || 20260420900240,주의,2025.0,-65.4,-26.1,-150.5,CFS,영업이익(손실),dart_OperatingIncomeLoss,-58.7,-11.9,영업활동현금흐름,ifrs-full_CashFlowsFromUsedInOperatingActivities,ok,연간 영업이익 YoY 계산 성공,ok,OCF 추출 성공,2026 Q1,3개월,-13.9,-22.3,37.8,thstrm_amount,frmtrm_q_amount,CFS,fnlttSinglAcntAll,영업이익(손실),dart_OperatingIncomeLoss,ok,3개월 기준 YoY 계산 성공,턴어라운드,20,-5,이중적자,,default,0,96.0,88.0,3.0,0.0,0.0,0.0,0.0,OFF,0.0,0.0,0.0547495866888818,SAFE,7.0,7.0,0.0,0.4787234042553191,0,-10.0,-0.168,-15.0,8.5,17.75,9.4,0.0,0.0,415.0,0.0,-5.0,PYKRX,False,-999.0,-999.0,EXCLUDE,EXCLUDE,-999.0,EXCLUDE,EXCLUDE,0.0
kosdaq,20260714,20260714_2021,365330,에스와이스틸텍,금속가공,1502,39.0,6.0,8.5,-75.2,3.4,-27.4,-35.9,-61.2,-19.5,-39.5,-53.7,0.4,6049,1452,0,0,0,0,1568232,1674612,10.4,27.4,33.0,0.94,0,0,0,0,0,-,73.1,2.5,0.0,-9.3,-2.5,1,8,약세,-8,-7,0,-1,-21.9,-24.2,1496.48,,-1.11,-2212.0,-2212.0,-2212.0,10,10,1.0,81.1,73.1,365330,1135084,0,5,0,0,,[20250911] 증권발행결과(자율공시)              (유상증자(주주배정후 실권주 일반공모)) (20250911900246) || [20250905] 유상증자또는주식관련사채등의청약결과(자율공시)               (20250905900088) || [20250901] 유상증자최종발행가액확정               (20250901900379),,,,https://dart.fss.or.kr/dsaf001/main.do?rcpNo=20250911900246 || https://dart.fss.or.kr/dsaf001/main.do?rcpNo=20250905900088 || https://dart.fss.or.kr/dsaf001/main.do?rcpNo=20250901900379,,,,20250911900246 || 20250905900088 || 20250901900379,주의,2025.0,-26.7,81.0,-133.0,CFS,영업이익(손실),dart_OperatingIncomeLoss,-98.9,-2.2,영업활동현금흐름,ifrs-full_CashFlowsFromUsedInOperatingActivities,ok,연간 영업이익 YoY 계산 성공,ok,OCF 추출 성공,2026 Q1,3개월,-5.9,2.8,-312.1,thstrm_amount,frmtrm_q_amount,CFS,fnlttSinglAcntAll,영업이익(손실),dart_OperatingIncomeLoss,ok,3개월 기준 YoY 계산 성공,하락지속,-10,-5,이중적자,,default,-3,63.1,55.1,2.0,0.0,0.0,0.0,0.0,OFF,0.0,0.0,0.06999276106115808,SAFE,20.0,33.0,0.0,0.7632311977715878,0,5.0,0.076,-20.0,-5.0,18.275,0.79,0.0,0.0,1912.0,0.0,7.0,PYKRX,False,-999.0,-999.0,EXCLUDE,EXCLUDE,-999.0,EXCLUDE,EXCLUDE,0.0
kosdaq,20260714,20260714_2021,173940,에프엔씨엔터,예술·스포츠,2195,43.8,41.9,34.9,-57.0,7.6,-0.9,-25.7,-45.5,-6.4,-27.4,-37.2,0.69,5100,2040,5,0,0,1,20784,23645,0.4,0.5,0.6,0.88,3,0,0,1,0,+3%반등,48.2,0.0,-0.6,-0.3,-2.5,1,0,약세,-8,-7,0,-1,-21.9,-24.2,1496.48,,-1.11,-2212.0,-2212.0,-2212.0,10,10,1.0,56.2,48.2,173940,925295,0,3,0,0,,[20260511] [기재정정]주요사항보고서(전환사채권발행결정) (20260511000523) || [20260504] [기재정정]주요사항보고서(전환사채권발행결정) (20260504000005) || [20260420] 주요사항보고서(전환사채권발행결정) (20260420000528),,,,https://dart.fss.or.kr/dsaf001/main.do?rcpNo=20260511000523 || https://dart.fss.or.kr/dsaf001/main.do?rcpNo=20260504000005 || https://dart.fss.or.kr/dsaf001/main.do?rcpNo=20260420000528,,,,20260511000523 || 20260504000005 || 20260420000528,주의,2025.0,-6.1,-41.8,85.3,CFS,영업이익(손실),dart_OperatingIncomeLoss,-69.0,-121.7,영업활동현금흐름,ifrs-full_CashFlowsFromUsedInOperatingActivities,ok,연간 영업이익 YoY 계산 성공,ok,OCF 추출 성공,2026 Q1,3개월,8.0,-37.5,121.4,thstrm_amount,frmtrm_q_amount,CFS,fnlttSinglAcntAll,영업이익(손실),dart_OperatingIncomeLoss,ok,3개월 기준 YoY 계산 성공,성장지속,10,-5,이중적자,,default,2,63.2,55.2,3.0,0.0,0.0,0.0,0.0,OFF,0.0,0.0,0.03469158443260433,SAFE,20.0,33.0,0.0,0.03501945525291829,7,-10.0,-1.0,-12.0,5.5,12.05,1.68,0.0,0.0,1303.0,0.0,-5.0,PYKRX,False,-999.0,-999.0,EXCLUDE,EXCLUDE,-999.0,EXCLUDE,EXCLUDE,0.0
kosdaq,20260714,20260714_2021,032500,케이엠더블유,반도체·전자부품,14960,28.3,8.5,19.5,-62.6,34.9,-6.5,-47.3,-44.4,-20.9,-43.9,-27.9,0.83,40000,11090,5,0,1,0,265298,282377,35.0,41.9,55.2,0.94,0,0,0,0,0,-,82.2,-30.4,8.6,75.8,-25.3,1,8,약세,-8,-7,0,-1,-21.9,-24.2,1496.48,,-1.11,-2212.0,-2212.0,-2212.0,10,10,1.0,95.2,87.2,032500,226352,0,2,0,0,,[20260410] 주요사항보고서(자기전환사채매도결정) (20260409003182) || [20260408] 전환사채(해외전환사채포함)발행후만기전사채취득               (20260408901143),,,,https://dart.fss.or.kr/dsaf001/main.do?rcpNo=20260409003182 || https://dart.fss.or.kr/dsaf001/main.do?rcpNo=20260408901143,,,,20260409003182 || 20260408901143,주의,2025.0,-237.7,-454.8,47.7,CFS,영업이익(손실),dart_OperatingIncomeLoss,-170.4,-270.4,영업활동현금흐름,ifrs-full_CashFlowsFromUsedInOperatingActivities,ok,연간 영업이익 YoY 계산 성공,ok,OCF 추출 성공,2026 Q1,3개월,-57.3,-70.1,18.3,thstrm_amount,frmtrm_q_amount,CFS,fnlttSinglAcntAll,영업이익(손실),dart_OperatingIncomeLoss,ok,3개월 기준 YoY 계산 성공,성장지속,10,-5,이중적자,,default,4,104.2,96.2,2.0,0.0,0.0,0.0,0.0,OFF,0.0,0.0,0.06133362939107917,SAFE,20.0,23.0,0.0,0.13742071881606766,3,-10.0,-0.395,-12.0,3.0,20.0,4.66,0.0,0.0,3211.0,0.0,-5.0,PYKRX,False,-999.0,-999.0,EXCLUDE,EXCLUDE,-999.0,EXCLUDE,EXCLUDE,0.0
kosdaq,20260714,20260714_2021,087010,펩트론,제약·바이오,110000,22.7,10.1,1.7,-72.0,12.2,-39.3,-52.5,-58.9,-38.2,-51.5,-58.5,1.34,392500,98000,5,1,0,0,782750,342384,518.4,907.2,523.1,2.29,0,0,0,0,0,-,91.0,119.0,-326.6,371.7,-581.4,1,8,약세,-8,-7,0,-1,-21.9,-24.2,1496.48,,-1.11,-2212.0,-2212.0,-2212.0,10,10,1.0,104.0,96.0,087010,415868,0,0,0,0,,,,,,,,,,,안전,2025.0,-212.6,-165.3,-28.6,OFS,영업이익(손실),dart_OperatingIncomeLoss,-205.9,-127.7,영업활동현금흐름,ifrs-full_CashFlowsFromUsedInOperatingActivities,ok,연간 영업이익 YoY 계산 성공,ok,OCF 추출 성공,2026 Q1,3개월,-57.8,-43.5,-32.8,thstrm_amount,frmtrm_q_amount,OFS,fnlttSinglAcntAll,영업이익(손실),dart_OperatingIncomeLoss,ok,3개월 기준 YoY 계산 성공,하락지속,-10,-5,이중적자,,default,-3,86.0,78.0,2.0,0.0,0.0,0.0,0.0,OFF,0.0,0.0,0.10191544863829884,SAFE,20.0,21.0,0.0,0.7485714285714286,0,-10.0,-0.397,-20.0,-5.0,20.0,18.0,0.0,0.0,6110.0,0.0,-5.0,PYKRX,False,-999.0,-999.0,EXCLUDE,EXCLUDE,-999.0,EXCLUDE,EXCLUDE,0.0
kosdaq,20260714,20260714_2021,432470,케이엔에스,기계·장비,6860,42.5,14.3,20.9,-66.4,3.6,-7.3,-27.0,-48.2,-11.2,-31.6,-41.9,1.15,20400,6620,0,0,0,0,23814,29460,2.2,1.7,2.3,0.81,0,0,0,0,0,-,61.1,0.5,0.0,3.0,0.1,1,8,약세,-8,-7,0,-1,-21.9,-24.2,1496.48,,-1.11,-2212.0,-2212.0,-2212.0,10,10,1.0,69.1,61.1,432470,1402995,0,2,0,0,,[20250904] [기재정정]주요사항보고서(전환사채권발행결정) (20250904000437) || [20250903] 주요사항보고서(전환사채권발행결정) (20250903000155),,,,https://dart.fss.or.kr/dsaf001/main.do?rcpNo=20250904000437 || https://dart.fss.or.kr/dsaf001/main.do?rcpNo=20250903000155,,,,20250904000437 || 20250903000155,주의,2025.0,-15.6,8.1,-293.7,CFS,영업이익(손실),dart_OperatingIncomeLoss,-101.7,2.1,영업활동현금흐름,ifrs-full_CashFlowsFromUsedInOperatingActivities,ok,연간 영업이익 YoY 계산 성공,ok,OCF 추출 성공,2026 Q1,3개월,13.4,10.9,22.4,thstrm_amount,frmtrm_q_amount,CFS,fnlttSinglAcntAll,영업이익(손실),dart_OperatingIncomeLoss,ok,3개월 기준 YoY 계산 성공,턴어라운드,20,-5,이중적자,,default,2,86.1,78.1,2.0,0.0,0.0,0.0,0.0,OFF,0.0,0.0,0.05189636780656282,SAFE,20.0,33.0,0.0,0.27037037037037037,0,10.0,0.217,-15.0,8.5,15.275,1.07,0.0,0.0,6412.0,0.0,-5.0,PYKRX,False,-999.0,-999.0,EXCLUDE,EXCLUDE,-999.0,EXCLUDE,EXCLUDE,0.0
kosdaq,20260714,20260714_2021,488900,비츠로넥스텍,조선·기타운송,7290,38.2,16.1,22.5,-76.6,5.2,-5.7,-34.4,-58.0,-14.1,-40.9,,1.71,31100,6930,5,0,1,0,83029,79178,10.0,6.1,6.8,1.05,0,0,0,0,0,-,70.7,-3.2,-0.1,11.4,-4.2,1,0,약세,-8,-7,0,-1,-21.9,-24.2,1496.48,,-1.11,-2212.0,-2212.0,-2212.0,10,10,1.0,75.7,67.7,488900,1194607,0,0,0,0,,,,,,,,,,,안전,2025.0,-73.6,-140.7,47.6,OFS,영업이익(손실),dart_OperatingIncomeLoss,-87.8,-72.1,영업활동현금흐름,ifrs-full_CashFlowsFromUsedInOperatingActivities,ok,연간 영업이익 YoY 계산 성공,ok,OCF 추출 성공,2026 Q1,3개월,-33.7,-26.8,-25.5,thstrm_amount,frmtrm_q_amount,OFS,fnlttSinglAcntAll,영업이익(손실),dart_OperatingIncomeLoss,ok,3개월 기준 YoY 계산 성공,피크아웃,-15,-5,이중적자,,default,2,57.7,49.7,0.0,0.0,0.0,0.0,0.0,OFF,0.0,0.0,0.06501291630973187,SAFE,20.0,33.0,0.0,0.16569767441860467,3,-10.0,-0.485,-17.0,-7.5,17.675,3.58,0.0,0.0,2035.0,0.0,-5.0,PYKRX,False,-999.0,-999.0,EXCLUDE,EXCLUDE,-999.0,EXCLUDE,EXCLUDE,0.0
kosdaq,20260714,20260714_2021,490470,세미파이브,연구개발,17940,36.9,13.5,16.6,-65.0,4.9,-7.3,-34.5,-42.7,-16.0,-40.9,,1.0,51300,17100,5,0,1,0,412098,434268,77.8,78.6,93.9,0.95,0,0,0,0,0,-,72.1,-12.8,8.7,192.4,-178.0,1,8,약세,-8,-7,0,-1,-21.9,-24.2,1496.48,,-1.11,-2212.0,-2212.0,-2212.0,10,10,1.0,85.1,77.1,490470,1627363,0,0,0,0,,,,,,,,,,,안전,2025.0,-533.9,-229.3,-132.9,CFS,영업이익(손실),dart_OperatingIncomeLoss,-88.8,-194.4,영업활동으로 인한 현금흐름,ifrs-full_CashFlowsFromUsedInOperatingActivities,ok,연간 영업이익 YoY 계산 성공,ok,OCF 추출 성공,2026 Q1,3개월,1.1,-141.4,100.7,thstrm_amount,frmtrm_q_amount,CFS,fnlttSinglAcntAll,영업이익(손실),dart_OperatingIncomeLoss,ok,3개월 기준 YoY 계산 성공,턴어라운드,20,-5,이중적자,,default,4,104.1,96.1,2.0,0.0,0.0,0.0,0.0,OFF,0.0,0.0,0.05873827753352134,SAFE,20.0,25.0,0.0,0.21159420289855072,3,0.0,-0.044,-15.0,8.5,18.025,2.75,0.0,0.0,6513.0,0.0,-5.0,PYKRX,False,-999.0,-999.0,EXCLUDE,EXCLUDE,-999.0,EXCLUDE,EXCLUDE,0.0
kosdaq,20260714,20260714_2021,084990,헬릭스미스,지주·전문서비스,3390,33.5,13.5,9.3,-66.0,21.3,-13.1,-30.9,-62.7,-15.8,-39.3,-45.8,1.79,9960,2795,0,0,0,0,193068,216932,13.1,6.8,8.9,0.89,0,0,0,0,0,-,84.1,4.5,0.1,11.3,0.2,1,15,약세,-8,-7,0,-1,-21.9,-24.2,1496.48,,-1.11,-2212.0,-2212.0,-2212.0,10,10,1.0,99.1,91.1,084990,359395,0,0,0,0,,,,,,,,,,,안전,2025.0,-99.0,-179.5,44.9,CFS,영업이익(손실),dart_OperatingIncomeLoss,-69.0,-167.2,영업활동현금흐름,ifrs-full_CashFlowsFromUsedInOperatingActivities,ok,연간 영업이익 YoY 계산 성공,ok,OCF 추출 성공,2026 Q1,3개월,-22.0,-28.6,23.1,thstrm_amount,frmtrm_q_amount,CFS,fnlttSinglAcntAll,영업이익(손실),dart_OperatingIncomeLoss,ok,3개월 기준 YoY 계산 성공,성장지속,10,-5,이중적자,,default,0,104.1,96.1,4.0,0.0,0.0,0.0,0.0,OFF,0.0,0.0,0.053224143915807175,SAFE,20.0,29.0,0.0,0.42394822006472493,0,15.0,0.517,-12.0,5.5,20.0,1.1,0.0,0.0,3083.0,0.0,1.0,PYKRX,False,-999.0,-999.0,EXCLUDE,EXCLUDE,-999.0,EXCLUDE,EXCLUDE,0.0
kosdaq,20260714,20260714_2021,475580,에이럭스,기타제조,6910,38.4,12.8,16.6,-55.8,3.1,-5.5,-16.6,-44.0,-10.2,-21.3,-32.9,0.84,15650,6700,0,0,0,0,57437,100377,5.7,4.0,7.9,0.57,0,0,0,0,0,-,63.4,0.8,0.0,-11.2,0.1,1,8,약세,-8,-7,0,-1,-21.9,-24.2,1496.48,,-1.11,-2212.0,-2212.0,-2212.0,10,10,1.0,71.4,63.400000000000006,475580,1641600,0,4,0,0,,[20260529] [기재정정]유상증자결정(종속회사의주요경영사항)               (20260529901584) || [20260427] 유상증자결정(종속회사의주요경영사항)               (20260427901010) || [20250916] 증권발행결과(자율공시)              (제1회차 무기명식 무보증 사모 전환사채) (20250916900379),,,,https://dart.fss.or.kr/dsaf001/main.do?rcpNo=20260529901584 || https://dart.fss.or.kr/dsaf001/main.do?rcpNo=20260427901010 || https://dart.fss.or.kr/dsaf001/main.do?rcpNo=20250916900379,,,,20260529901584 || 20260427901010 || 20250916900379,주의,2025.0,-104.7,30.0,-448.6,CFS,영업이익(손실),dart_OperatingIncomeLoss,-1.6,13.3,영업활동현금흐름,ifrs-full_CashFlowsFromUsedInOperatingActivities,ok,연간 영업이익 YoY 계산 성공,ok,OCF 추출 성공,2026 Q1,3개월,-25.1,-16.8,-49.6,thstrm_amount,frmtrm_q_amount,CFS,fnlttSinglAcntAll,영업이익(손실),dart_OperatingIncomeLoss,ok,3개월 기준 YoY 계산 성공,하락지속,-10,-5,이중적자,,default,2,58.4,50.4,2.0,0.0,0.0,0.0,0.0,OFF,0.0,0.0,0.043204365564845186,SAFE,12.0,6.0,0.0,0.33132530120481923,0,5.0,0.101,-20.0,-5.0,15.85,2.03,0.0,0.0,3399.0,0.0,-5.0,PYKRX,False,-999.0,-999.0,EXCLUDE,EXCLUDE,-999.0,EXCLUDE,EXCLUDE,0.0
kosdaq,20260714,20260714_2021,159010,아스플로,기계·장비,13230,34.6,10.1,4.7,-44.9,287.4,-29.1,-39.2,98.6,-29.4,-23.9,61.8,1.21,24000,3415,0,0,0,0,180234,133778,21.9,26.2,24.7,1.35,0,0,0,0,0,-,80.2,5.9,-0.3,15.3,-4.0,1,8,약세,-8,-7,0,-1,-21.9,-24.2,1496.48,,-1.11,-2212.0,-2212.0,-2212.0,10,10,1.0,88.2,80.2,159010,561732,0,0,0,0,,,,,,,,,,,안전,2025.0,-70.1,-18.6,-276.3,CFS,영업이익(손실),dart_OperatingIncomeLoss,-17.8,54.7,영업활동현금흐름,ifrs-full_CashFlowsFromUsedInOperatingActivities,ok,연간 영업이익 YoY 계산 성공,ok,OCF 추출 성공,2026 Q1,3개월,13.8,-14.5,195.3,thstrm_amount,frmtrm_q_amount,CFS,fnlttSinglAcntAll,영업이익(손실),dart_OperatingIncomeLoss,ok,3개월 기준 YoY 계산 성공,턴어라운드,20,-5,이중적자,,default,-1,102.2,94.2,2.0,0.0,0.0,0.0,0.0,OFF,0.0,0.0,0.08257195063890085,SAFE,4.0,4.0,0.0,0.7423469387755102,0,10.0,0.227,-15.0,8.5,20.0,3.69,0.0,0.0,3589.0,0.0,-5.0,PYKRX,False,-999.0,-999.0,EXCLUDE,EXCLUDE,-999.0,EXCLUDE,EXCLUDE,0.0
kosdaq,20260714,20260714_2021,048410,현대바이오,화학,6650,33.8,16.9,10.3,-69.1,49.6,-10.3,-30.2,-52.2,-16.1,-34.1,-27.5,1.28,21500,4445,0,0,0,0,958395,890149,73.5,66.2,71.4,1.08,0,0,0,0,0,-,79.9,19.3,16.8,80.1,50.9,1,15,약세,-8,-7,0,-1,-21.9,-24.2,1496.48,,-1.11,-2212.0,-2212.0,-2212.0,10,10,1.0,94.9,86.9,048410,313649,0,5,0,0,,[20260623] 주요사항보고서(전환사채매수선택권행사자지정) (20260623000313) || [20260615] 주요사항보고서(전환사채권발행결정) (20260615000419) || [20251002] 주요사항보고서(전환사채매수선택권행사자지정) (20251002000361),,,,https://dart.fss.or.kr/dsaf001/main.do?rcpNo=20260623000313 || https://dart.fss.or.kr/dsaf001/main.do?rcpNo=20260615000419 || https://dart.fss.or.kr/dsaf001/main.do?rcpNo=20251002000361,,,,20260623000313 || 20260615000419 || 20251002000361,주의,2025.0,-181.6,8.3,-2278.1,CFS,영업이익(손실),dart_OperatingIncomeLoss,-170.5,22.6,영업활동현금흐름,ifrs-full_CashFlowsFromUsedInOperatingActivities,ok,연간 영업이익 YoY 계산 성공,ok,OCF 추출 성공,2026 Q1,3개월,-46.7,-42.8,-8.9,thstrm_amount,frmtrm_q_amount,CFS,fnlttSinglAcntAll,영업이익(손실),dart_OperatingIncomeLoss,ok,3개월 기준 YoY 계산 성공,하락지속,-10,-5,이중적자,,default,2,81.9,73.9,4.0,0.0,0.0,0.0,0.0,OFF,0.0,0.0,0.04829560061900608,SAFE,1.0,1.0,0.0,0.34105960264900664,0,15.0,0.506,-20.0,-5.0,19.975,5.77,0.0,0.0,1153.0,0.0,-5.0,PYKRX,False,-999.0,-999.0,EXCLUDE,EXCLUDE,-999.0,EXCLUDE,EXCLUDE,0.0
kosdaq,20260714,20260714_2021,168330,내츄럴엔도텍,지주·전문서비스,1789,34.0,10.1,9.7,-57.3,2.1,-4.9,-17.4,-23.1,-8.8,-20.6,-29.3,0.74,4190,1752,0,0,0,0,15885,33819,0.4,0.3,0.7,0.47,0,0,0,0,0,-,73.8,-0.1,0.0,-0.3,0.3,1,0,약세,-8,-7,0,-1,-21.9,-24.2,1496.48,,-1.11,-2212.0,-2212.0,-2212.0,10,10,1.0,73.8,65.8,168330,923792,0,0,0,0,,,,,,,,,,,안전,2025.0,-3.2,-3.1,-5.4,CFS,영업외손익,dart_NonOperatingProfitLoss,-56.6,-21.4,영업활동현금흐름,ifrs-full_CashFlowsFromUsedInOperatingActivities,ok,연간 영업이익 YoY 계산 성공,ok,OCF 추출 성공,2026 Q1,3개월,0.2,0.3,-39.2,thstrm_amount,frmtrm_q_amount,CFS,fnlttSinglAcntAll,영업외손익,dart_NonOperatingProfitLoss,ok,3개월 기준 YoY 계산 성공,하락지속,-10,-5,이중적자,,default,0,58.8,50.8,0.0,0.0,0.0,0.0,0.0,OFF,0.0,0.0,0.035125112686492904,SAFE,20.0,24.0,0.0,0.2816091954022989,0,0.0,-0.143,-20.0,-5.0,18.45,2.36,0.0,0.0,759.0,0.0,-5.0,PYKRX,False,-999.0,-999.0,EXCLUDE,EXCLUDE,-999.0,EXCLUDE,EXCLUDE,0.0
kosdaq,20260714,20260714_2021,0007C0,아크릴,출판·SW,14410,39.9,6.4,16.1,-81.3,2.2,-11.5,-39.6,-60.0,-16.1,-42.8,,0.47,77000,14100,0,0,0,0,44442,95334,5.9,6.8,17.5,0.47,0,0,0,0,0,-,68.7,6.1,-2.1,35.4,-7.0,1,8,약세,-8,-7,0,-1,-21.9,-24.2,1496.48,,-1.11,-2212.0,-2212.0,-2212.0,10,10,1.0,76.7,68.7,0007C0,1829819,0,0,0,0,,,,,,,,,,,안전,2025.0,-22.5,-23.9,5.5,CFS,영업이익(손실),dart_OperatingIncomeLoss,-47.1,-14.0,영업활동현금흐름,ifrs-full_CashFlowsFromUsedInOperatingActivities,ok,연간 영업이익 YoY 계산 성공,ok,OCF 추출 성공,2026 Q1,3개월,-7.9,-10.7,26.3,thstrm_amount,frmtrm_q_amount,CFS,fnlttSinglAcntAll,영업이익(손실),dart_OperatingIncomeLoss,ok,3개월 기준 YoY 계산 성공,성장지속,10,-5,이중적자,,default,0,81.7,73.7,2.0,0.0,0.0,0.0,0.0,OFF,0.0,0.0,0.05844891214171511,SAFE,20.0,33.0,0.0,0.2904040404040404,0,10.0,0.229,-12.0,5.5,17.175,2.65,0.0,0.0,5448.0,0.0,-5.0,PYKRX,False,-999.0,-999.0,EXCLUDE,EXCLUDE,-999.0,EXCLUDE,EXCLUDE,0.0
kosdaq,20260714,20260714_2021,384470,코어라인소프트,출판·SW,2850,40.9,29.9,22.8,-51.2,4.6,-3.7,-14.9,-7.3,-5.8,-12.0,-23.4,1.02,5840,2725,0,0,0,0,68902,69309,2.1,2.0,2.1,0.99,0,0,0,0,0,-,52.1,0.2,0.0,0.3,0.0,1,8,약세,-8,-7,0,-1,-21.9,-24.2,1496.48,,-1.11,-2212.0,-2212.0,-2212.0,10,10,1.0,60.1,52.1,384470,1512575,0,3,0,0,,[20260706] 전환사채(해외전환사채포함)발행후만기전사채취득              (제2회차) (20260706900422) || [20260406] 전환사채(해외전환사채포함)발행후만기전사채취득               (20260406900643) || [20260212] 주요사항보고서(전환사채권발행결정) (20260212001671),,,,https://dart.fss.or.kr/dsaf001/main.do?rcpNo=20260706900422 || https://dart.fss.or.kr/dsaf001/main.do?rcpNo=20260406900643 || https://dart.fss.or.kr/dsaf001/main.do?rcpNo=20260212001671,,,,20260706900422 || 20260406900643 || 20260212001671,주의,2025.0,-134.4,-137.8,2.4,CFS,영업이익(손실),dart_OperatingIncomeLoss,-116.1,-108.2,영업활동현금흐름,ifrs-full_CashFlowsFromUsedInOperatingActivities,ok,연간 영업이익 YoY 계산 성공,ok,OCF 추출 성공,2026 Q1,3개월,-31.0,-37.0,16.1,thstrm_amount,frmtrm_q_amount,CFS,fnlttSinglAcntAll,영업이익(손실),dart_OperatingIncomeLoss,ok,3개월 기준 YoY 계산 성공,관망,0,-5,이중적자,,default,4,59.1,51.1,2.0,0.0,0.0,0.0,0.0,OFF,0.0,0.0,0.03177133571453971,SAFE,10.0,8.0,0.0,0.2483221476510067,3,5.0,0.095,-12.0,0.0,13.025,2.88,0.0,0.0,989.0,0.0,-5.0,PYKRX,False,-999.0,-999.0,EXCLUDE,EXCLUDE,-999.0,EXCLUDE,EXCLUDE,0.0
kosdaq,20260714,20260714_2021,463480,모티브링크,반도체·전자부품,4300,45.4,17.1,31.8,-63.7,5.8,-1.8,-27.5,-40.2,-7.0,-27.3,-45.2,0.71,11860,4065,10,0,1,1,36786,50080,1.5,1.6,2.3,0.73,3,0,1,0,0,5일선회복,51.2,0.8,0.0,1.1,0.0,1,8,약세,-8,-7,0,-1,-21.9,-24.2,1496.48,,-1.11,-2212.0,-2212.0,-2212.0,10,10,1.0,72.2,64.2,463480,367400,0,1,0,0,,[20260702] 최대주주변경을수반하는주식양수도계약체결               (20260702900639),,,,https://dart.fss.or.kr/dsaf001/main.do?rcpNo=20260702900639,,,,20260702900639,주의,2025.0,-17.2,17.2,-200.1,CFS,영업이익,dart_OperatingIncomeLoss,-3.8,62.7,영업활동현금흐름,ifrs-full_CashFlowsFromUsedInOperatingActivities,ok,연간 영업이익 YoY 계산 성공,ok,OCF 추출 성공,2026 Q1,3개월,-14.4,0.2,-7559.1,thstrm_amount,frmtrm_q_amount,CFS,fnlttSinglAcntAll,영업이익,dart_OperatingIncomeLoss,ok,3개월 기준 YoY 계산 성공,하락지속,-10,-5,이중적자,,default,2,59.2,51.2,5.0,0.0,0.0,0.0,0.0,OFF,0.0,0.0,0.04743649033277685,SAFE,20.0,33.0,0.0,0.06545454545454546,7,15.0,0.348,-20.0,-5.0,12.8,1.45,0.0,0.0,2963.0,0.0,-5.0,PYKRX,False,-999.0,-999.0,EXCLUDE,EXCLUDE,-999.0,EXCLUDE,EXCLUDE,0.0
kosdaq,20260714,20260714_2021,007820,엠엑스로보틱스,기계·장비,2595,42.7,20.0,18.0,-65.8,4.8,-8.9,-26.4,-44.6,-10.9,-33.3,-43.3,1.0,7580,2475,5,0,0,1,96369,101015,2.6,2.6,2.9,0.95,0,0,0,0,0,-,59.5,0.9,-0.4,2.6,-0.5,1,8,약세,-8,-7,0,-1,-21.9,-24.2,1496.48,,-1.11,-2212.0,-2212.0,-2212.0,10,10,1.0,72.5,64.5,007820,137915,0,3,0,0,,[20250916] 최대주주변경               (20250916900446) || [20250829] 최대주주변경을수반하는주식양수도계약체결               (20250829900577) || [20250829] [기재정정]투자판단관련주요경영사항              (최대주주 변경을 수반하는 주식양수도를 위한 Binding MOU 체결) (20250829900571),,,,https://dart.fss.or.kr/dsaf001/main.do?rcpNo=20250916900446 || https://dart.fss.or.kr/dsaf001/main.do?rcpNo=20250829900577 || https://dart.fss.or.kr/dsaf001/main.do?rcpNo=20250829900571,,,,20250916900446 || 20250829900577 || 20250829900571,주의,2025.0,-79.5,70.6,-212.7,CFS,영업이익(손실),dart_OperatingIncomeLoss,-160.2,-21.1,영업활동현금흐름,ifrs-full_CashFlowsFromUsedInOperatingActivities,ok,연간 영업이익 YoY 계산 성공,ok,OCF 추출 성공,2026 Q1,3개월,-11.4,19.9,-157.6,thstrm_amount,frmtrm_q_amount,CFS,fnlttSinglAcntAll,영업이익(손실),dart_OperatingIncomeLoss,ok,3개월 기준 YoY 계산 성공,하락지속,-10,-5,이중적자,,default,2,59.5,51.5,5.0,0.0,0.0,0.0,0.0,OFF,0.0,0.0,0.045915817687924625,SAFE,20.0,31.0,0.0,0.33712121212121215,0,10.0,0.172,-20.0,-5.0,14.875,0.97,0.0,0.0,2686.0,0.0,1.0,PYKRX,False,-999.0,-999.0,EXCLUDE,EXCLUDE,-999.0,EXCLUDE,EXCLUDE,0.0
kosdaq,20260714,20260714_2021,046120,오르비텍,연구개발,4525,32.6,15.6,15.0,-72.4,39.7,-12.1,-39.3,-56.0,-18.9,-41.0,-28.9,0.62,16410,3240,0,0,0,0,404175,390637,10.9,19.6,22.6,1.03,0,0,0,0,0,-,78.7,33.2,-31.5,82.8,-31.0,1,8,약세,-8,-7,0,-1,-21.9,-24.2,1496.48,,-1.11,-2212.0,-2212.0,-2212.0,10,10,1.0,86.7,78.7,046120,297989,0,28,0,0,,[20260407] [기재정정]주요사항보고서(전환사채권발행결정) (20260407002639) || [20260402] [기재정정]주요사항보고서(자기전환사채매도결정) (20260402003500) || [20260331] 최대주주변경               (20260331904832),,,,https://dart.fss.or.kr/dsaf001/main.do?rcpNo=20260407002639 || https://dart.fss.or.kr/dsaf001/main.do?rcpNo=20260402003500 || https://dart.fss.or.kr/dsaf001/main.do?rcpNo=20260331904832,,,,20260407002639 || 20260402003500 || 20260331904832,주의,2025.0,-140.1,6.9,-2133.7,CFS,영업이익(손실),dart_OperatingIncomeLoss,-62.7,31.1,영업활동으로 인한 현금흐름,ifrs-full_CashFlowsFromUsedInOperatingActivities,ok,연간 영업이익 YoY 계산 성공,ok,OCF 추출 성공,2026 Q1,3개월,-30.9,-31.1,0.5,thstrm_amount,frmtrm_q_amount,CFS,fnlttSinglAcntAll,영업이익(손실),dart_OperatingIncomeLoss,ok,3개월 기준 YoY 계산 성공,관망,0,-5,이중적자,,default,0,81.7,73.7,2.0,0.0,1.27,0.0,0.0,OFF,0.0,0.0,0.057479790210849806,SAFE,20.0,33.0,0.0,0.3078880407124682,0,5.0,0.075,-18.0,0.0,19.675,1.98,156.03,0.0,2282.0,29.0,0.0,PYKRX,False,-999.0,-999.0,EXCLUDE,EXCLUDE,-999.0,EXCLUDE,EXCLUDE,0.0
kosdaq,20260714,20260714_2021,211270,AP위성,반도체·전자부품,7890,40.0,16.8,21.6,-64.8,4.4,-6.3,-34.2,-50.3,-12.9,-38.0,-44.5,0.73,22400,7560,0,0,0,0,107880,132086,7.5,8.9,12.4,0.82,0,0,0,0,0,-,64.7,-2.9,2.8,13.2,-3.3,1,8,약세,-8,-7,0,-1,-21.9,-24.2,1496.48,,-1.11,-2212.0,-2212.0,-2212.0,10,10,1.0,72.7,64.7,211270,874803,0,1,0,0,,[20260626] 주요사항보고서(전환사채권발행결정) (20260626000709),,,,https://dart.fss.or.kr/dsaf001/main.do?rcpNo=20260626000709,,,,20260626000709,주의,2025.0,-43.0,73.0,-158.9,OFS,영업이익(손실),dart_OperatingIncomeLoss,-44.6,-71.1,영업활동현금흐름,ifrs-full_CashFlowsFromUsedInOperatingActivities,ok,연간 영업이익 YoY 계산 성공,ok,OCF 추출 성공,2026 Q1,3개월,-25.6,-7.8,-227.9,thstrm_amount,frmtrm_q_amount,OFS,fnlttSinglAcntAll,영업이익(손실),dart_OperatingIncomeLoss,ok,3개월 기준 YoY 계산 성공,하락지속,-10,-5,이중적자,,default,2,59.7,51.7,2.0,0.0,0.0,0.0,0.0,OFF,0.0,0.0,0.05933896201332574,SAFE,20.0,29.0,0.0,0.18421052631578946,3,0.0,-0.008,-20.0,-5.0,16.175,1.08,0.0,0.0,7297.0,0.0,-5.0,PYKRX,False,-999.0,-999.0,EXCLUDE,EXCLUDE,-999.0,EXCLUDE,EXCLUDE,0.0
kosdaq,20260714,20260714_2021,148250,알엔투테크놀로지,반도체·전자부품,2215,17.2,26.6,13.9,-77.3,7.0,-4.9,-18.9,-44.2,-9.2,-20.2,-47.2,0.7,9770,2070,0,0,0,0,36794,55004,0.9,0.8,1.4,0.67,0,0,0,0,0,-,74.7,-0.4,0.0,0.8,0.0,1,0,약세,-8,-7,0,-1,-21.9,-24.2,1496.48,,-1.11,-2212.0,-2212.0,-2212.0,10,10,1.0,74.7,66.7,148250,915508,0,25,0,0,,[20260630] 주요사항보고서(유상증자결정) (20260629000586) || [20260521] 주요사항보고서(자기전환사채매도결정) (20260521000440) || [20260515] 주요사항보고서(자기전환사채만기전취득결정) (20260515002974),,,,https://dart.fss.or.kr/dsaf001/main.do?rcpNo=20260629000586 || https://dart.fss.or.kr/dsaf001/main.do?rcpNo=20260521000440 || https://dart.fss.or.kr/dsaf001/main.do?rcpNo=20260515002974,,,,20260629000586 || 20260521000440 || 20260515002974,주의,2025.0,-34.3,-26.9,-27.7,CFS,영업이익(손실),dart_OperatingIncomeLoss,-43.2,27.3,영업활동현금흐름,ifrs-full_CashFlowsFromUsedInOperatingActivities,ok,연간 영업이익 YoY 계산 성공,ok,OCF 추출 성공,2026 Q1,3개월,-13.4,-2.1,-525.4,thstrm_amount,frmtrm_q_amount,CFS,fnlttSinglAcntAll,영업이익(손실),dart_OperatingIncomeLoss,ok,3개월 기준 YoY 계산 성공,하락지속,-10,-5,이중적자,,default,0,59.7,51.7,0.0,0.0,0.0,0.0,0.0,OFF,0.0,0.0,0.01856324700913795,SAFE,20.0,33.0,0.0,0.2592592592592593,0,-10.0,-0.286,-20.0,-5.0,18.675,0.53,0.0,0.0,4160.0,0.0,7.0,PYKRX,False,-999.0,-999.0,EXCLUDE,EXCLUDE,-999.0,EXCLUDE,EXCLUDE,0.0
kosdaq,20260714,20260714_2021,088800,에이스테크,반도체·전자부품,1650,35.2,19.9,21.1,-79.1,10.0,-8.2,-39.6,-70.5,-17.2,-45.5,-48.6,1.24,7890,1500,0,0,0,0,187707,195189,4.0,3.2,3.9,0.96,0,0,0,0,0,-,72.5,-0.9,0.0,2.7,-2.9,1,0,약세,-8,-7,0,-1,-21.9,-24.2,1496.48,,-1.11,-2212.0,-2212.0,-2212.0,10,10,1.0,72.5,64.5,088800,556907,0,0,0,0,,,,,,,,,,,안전,2025.0,-221.5,-311.5,28.9,CFS,영업이익(손실),dart_OperatingIncomeLoss,-5.6,-35.8,영업활동현금흐름,ifrs-full_CashFlowsFromUsedInOperatingActivities,ok,연간 영업이익 YoY 계산 성공,ok,OCF 추출 성공,2026 Q1,3개월,-40.8,-19.1,-114.2,thstrm_amount,frmtrm_q_amount,CFS,fnlttSinglAcntAll,영업이익(손실),dart_OperatingIncomeLoss,ok,3개월 기준 YoY 계산 성공,피크아웃,-15,-5,이중적자,,default,4,56.5,48.5,0.0,0.0,0.0,0.0,0.0,OFF,0.0,0.0,0.05937792749950341,SAFE,20.0,33.0,0.0,0.20707070707070704,3,-10.0,-0.231,-17.0,-7.5,18.125,1.81,0.0,0.0,914.0,0.0,-5.0,PYKRX,False,-999.0,-999.0,EXCLUDE,EXCLUDE,-999.0,EXCLUDE,EXCLUDE,0.0
kosdaq,20260714,20260714_2021,073110,엘엠에스,반도체·전자부품,4950,37.8,6.5,25.5,-32.7,10.1,-3.9,-28.4,-6.4,-7.6,-14.8,-10.2,0.77,7350,4495,0,0,0,0,5256,14210,0.4,0.3,0.8,0.37,4,0,0,0,1,거래량동반양봉,60.4,-0.1,-0.2,-0.6,-0.8,1,0,약세,-8,-7,0,-1,-21.9,-24.2,1496.48,,-1.11,-2212.0,-2212.0,-2212.0,10,10,1.0,64.4,56.400000000000006,073110,494218,0,0,0,0,,,,,,,,,,,안전,2025.0,-96.2,-36.7,-162.2,CFS,영업이익(손실),dart_OperatingIncomeLoss,-231.0,60.1,영업활동현금흐름,ifrs-full_CashFlowsFromUsedInOperatingActivities,ok,연간 영업이익 YoY 계산 성공,ok,OCF 추출 성공,2026 Q1,3개월,-8.4,-14.5,42.3,thstrm_amount,frmtrm_q_amount,CFS,fnlttSinglAcntAll,영업이익(손실),dart_OperatingIncomeLoss,ok,3개월 기준 YoY 계산 성공,턴어라운드,20,-5,이중적자,,default,2,81.4,73.4,3.0,0.0,0.0,0.0,0.0,OFF,0.0,0.0,0.03209827927562058,SAFE,16.0,16.0,0.0,0.13732394366197184,7,-10.0,-0.375,-15.0,8.5,15.1,0.49,0.0,4.44,10013.0,0.0,10.0,PYKRX,False,-999.0,-999.0,EXCLUDE,EXCLUDE,-999.0,EXCLUDE,EXCLUDE,0.0
kosdaq,20260714,20260714_2021,130500,GH신소재,섬유,1687,39.4,2.1,11.3,-47.2,0.3,-7.6,-18.1,-34.4,-8.8,-19.8,-30.7,2.33,3195,1682,5,1,0,0,44427,31914,1.3,0.8,0.6,1.39,-30,1,0,0,0,⚠️떨어지는칼날,71.0,0.6,0.0,1.2,0.0,1,8,약세,-8,-7,0,-1,-21.9,-24.2,1496.48,,-1.11,-2212.0,-2212.0,-2212.0,10,10,1.0,54.0,46.0,130500,491938,0,0,0,0,,,,,,,,,,,안전,2025.0,68.4,76.7,-10.7,CFS,영업이익(손실),dart_OperatingIncomeLoss,36.7,13.0,영업활동현금흐름,ifrs-full_CashFlowsFromUsedInOperatingActivities,ok,연간 영업이익 YoY 계산 성공,ok,OCF 추출 성공,2026 Q1,3개월,20.3,19.5,4.1,thstrm_amount,frmtrm_q_amount,CFS,fnlttSinglAcntAll,영업이익(손실),dart_OperatingIncomeLoss,ok,3개월 기준 YoY 계산 성공,관망,0,2,현금창출보통,0.54,default,1,57.0,49.0,4.0,0.0,0.0,0.0,0.0,OFF,0.0,0.0,0.032568732427084746,SAFE,20.0,33.0,0.0,0.41988950276243087,0,15.0,1.0,9.0,0.0,17.75,0.3,0.0,0.0,5566.0,0.0,7.0,PYKRX,False,-999.0,-999.0,EXCLUDE,EXCLUDE,-999.0,EXCLUDE,EXCLUDE,0.0
kosdaq,20260714,20260714_2021,089230,THE E&M,IT서비스,1827,44.9,66.3,50.2,-59.4,112.4,21.2,-18.1,-30.0,0.2,-27.6,1.3,5.68,4500,860,10,1,1,0,1036669,563366,60.2,17.5,10.5,1.84,10,0,1,1,1,5일선회복/+3%반등/거래량동반양봉,46.7,-0.1,0.0,-0.9,0.0,1,0,약세,-8,-7,0,-1,-21.9,-24.2,1496.48,,-1.11,-2212.0,-2212.0,-2212.0,10,10,1.0,66.7,58.7,089230,519252,0,36,0,0,,[20260616] [기재정정]주요사항보고서(자기전환사채매도결정) (20260616000297) || [20260602] [기재정정]주요사항보고서(자기전환사채매도결정) (20260602000472) || [20260526] [기재정정]주요사항보고서(자기전환사채매도결정) (20260526000481),,,,https://dart.fss.or.kr/dsaf001/main.do?rcpNo=20260616000297 || https://dart.fss.or.kr/dsaf001/main.do?rcpNo=20260602000472 || https://dart.fss.or.kr/dsaf001/main.do?rcpNo=20260526000481,,,,20260616000297 || 20260602000472 || 20260526000481,주의,2025.0,-85.8,-74.7,-14.8,CFS,영업이익(손실),dart_OperatingIncomeLoss,-88.6,-49.3,영업활동현금흐름,ifrs-full_CashFlowsFromUsedInOperatingActivities,ok,연간 영업이익 YoY 계산 성공,ok,OCF 추출 성공,2026 Q1,3개월,-21.4,-17.4,-23.0,thstrm_amount,frmtrm_q_amount,CFS,fnlttSinglAcntAll,영업이익(손실),dart_OperatingIncomeLoss,ok,3개월 기준 YoY 계산 성공,하락지속,-10,-5,이중적자,,default,6,57.7,49.7,9.0,0.0,0.0,0.0,0.0,OFF,0.0,0.0,0.09103615171157091,SAFE,19.0,16.0,0.0,-1.171270718232044,15,0.0,-0.01,-20.0,-5.0,11.675,2.53,0.0,0.0,722.0,0.0,-5.0,PYKRX,False,-999.0,-999.0,EXCLUDE,EXCLUDE,-999.0,EXCLUDE,EXCLUDE,0.0
kosdaq,20260714,20260714_2021,331740,아우토크립트,출판·SW,6300,28.3,5.6,10.2,-83.0,3.1,-16.1,-35.8,-59.9,-24.0,-40.5,-55.7,0.85,37000,6110,0,0,0,0,37230,50892,2.6,2.5,4.4,0.73,0,0,0,0,0,-,85.9,1.7,-1.4,4.2,-3.7,1,8,약세,-8,-7,0,-1,-21.9,-24.2,1496.48,,-1.11,-2212.0,-2212.0,-2212.0,10,10,1.0,93.9,85.9,331740,1649620,0,0,0,0,,,,,,,,,,,안전,2025.0,-135.2,-180.4,25.1,CFS,III. 영업손실,dart_OperatingIncomeLoss,-118.0,-119.7,I. 영업활동현금흐름,ifrs-full_CashFlowsFromUsedInOperatingActivities,ok,연간 영업이익 YoY 계산 성공,ok,OCF 추출 성공,2026 Q1,3개월,-46.5,-52.4,11.2,thstrm_amount,frmtrm_q_amount,CFS,fnlttSinglAcntAll,III. 영업손실,dart_OperatingIncomeLoss,ok,3개월 기준 YoY 계산 성공,성장지속,10,-5,이중적자,,default,2,100.9,92.9,2.0,0.0,0.0,0.0,0.0,OFF,0.0,0.0,0.06883580933985414,SAFE,19.0,17.0,0.0,0.4497206703910615,0,5.0,0.068,-12.0,3.0,20.0,1.95,0.0,0.0,3227.0,0.0,-5.0,PYKRX,False,-999.0,-999.0,EXCLUDE,EXCLUDE,-999.0,EXCLUDE,EXCLUDE,0.0
kosdaq,20260714,20260714_2021,010170,대한광통신,전기장비,11050,34.8,14.7,25.3,-64.9,1204.6,0.8,-41.7,-37.8,-17.2,-39.4,35.1,0.93,31500,847,15,1,1,1,13670726,10242520,1018.7,1584.0,1420.5,1.33,3,0,0,1,0,+3%반등,71.5,-170.5,-6.2,779.1,-72.1,1,0,약세,-8,-7,0,-1,-21.9,-24.2,1496.48,,-1.11,-2212.0,-2212.0,-2212.0,10,10,1.0,89.5,81.5,010170,113261,0,7,0,0,,[20260227] 유상증자또는주식관련사채등의청약결과(자율공시)               (20260227900322) || [20260223] [기재정정]주요사항보고서(유상증자결정) (20260223002079) || [20260223] 유상증자최종발행가액확정               (20260223900427),,,,https://dart.fss.or.kr/dsaf001/main.do?rcpNo=20260227900322 || https://dart.fss.or.kr/dsaf001/main.do?rcpNo=20260223002079 || https://dart.fss.or.kr/dsaf001/main.do?rcpNo=20260223900427,,,,20260227900322 || 20260223002079 || 20260223900427,주의,2025.0,-214.1,-297.0,27.9,CFS,영업이익(손실),dart_OperatingIncomeLoss,-122.2,-240.0,영업활동현금흐름,ifrs-full_CashFlowsFromUsedInOperatingActivities,ok,연간 영업이익 YoY 계산 성공,ok,OCF 추출 성공,2026 Q1,3개월,-39.6,-69.2,42.8,thstrm_amount,frmtrm_q_amount,CFS,fnlttSinglAcntAll,영업이익(손실),dart_OperatingIncomeLoss,ok,3개월 기준 YoY 계산 성공,성장지속,10,-5,이중적자,,default,7,101.5,93.5,3.0,0.0,0.0,0.0,0.0,OFF,0.0,0.0,0.07030396531080484,SAFE,20.0,28.0,0.0,-0.019184652278177457,7,0.0,-0.124,-12.0,5.5,17.875,22.83,0.0,0.0,484.0,0.0,-5.0,PYKRX,False,-999.0,-999.0,EXCLUDE,EXCLUDE,-999.0,EXCLUDE,EXCLUDE,0.0
kosdaq,20260714,20260714_2021,298380,에이비엘바이오,제약·바이오,74400,33.6,11.5,0.5,-71.1,22.6,-20.8,-22.4,-52.8,-20.1,-29.0,-49.8,0.98,257500,60700,0,0,0,0,453159,458532,339.2,360.3,434.3,0.99,0,0,0,0,0,-,80.2,159.5,-70.8,-389.8,730.7,1,8,약세,-8,-7,0,-1,-21.9,-24.2,1496.48,,-1.11,-2212.0,-2212.0,-2212.0,10,10,1.0,88.2,80.2,298380,1256864,0,8,0,0,,[20260330] 유상증자결정(종속회사의주요경영사항)               (20260330901894) || [20260116] [기재정정]주요사항보고서(유상증자결정) (20260116000373) || [20260109] [기재정정]주요사항보고서(유상증자결정) (20260109000199),,,,https://dart.fss.or.kr/dsaf001/main.do?rcpNo=20260330901894 || https://dart.fss.or.kr/dsaf001/main.do?rcpNo=20260116000373 || https://dart.fss.or.kr/dsaf001/main.do?rcpNo=20260109000199,,,,20260330901894 || 20260116000373 || 20260109000199,주의,2025.0,-403.9,-593.8,32.0,CFS,영업이익(손실),dart_OperatingIncomeLoss,-412.5,-694.0,영업활동으로 인한 현금흐름,ifrs-full_CashFlowsFromUsedInOperatingActivities,ok,연간 영업이익 YoY 계산 성공,ok,OCF 추출 성공,2026 Q1,3개월,-172.3,-290.3,40.7,thstrm_amount,frmtrm_q_amount,CFS,fnlttSinglAcntAll,영업이익(손실),dart_OperatingIncomeLoss,ok,3개월 기준 YoY 계산 성공,성장지속,10,-5,이중적자,,default,-1,92.2,84.2,2.0,0.0,0.0,0.0,0.0,OFF,0.0,0.0,0.07336373189292245,SAFE,15.0,6.0,0.0,0.9285714285714287,0,10.0,0.204,-12.0,5.5,20.0,26.51,0.0,0.0,2807.0,0.0,-5.0,PYKRX,False,-999.0,-999.0,EXCLUDE,EXCLUDE,-999.0,EXCLUDE,EXCLUDE,0.0
kosdaq,20260714,20260714_2021,129920,대성하이텍,기계·장비,3950,33.8,10.3,14.3,-74.3,18.6,-15.7,-30.8,-64.1,-18.9,-42.8,-38.3,1.01,15350,3330,0,0,0,0,141949,193979,6.1,5.9,10.4,0.73,0,0,0,0,0,-,78.6,1.8,0.5,5.1,0.2,1,15,약세,-8,-7,0,-1,-21.9,-24.2,1496.48,,-1.11,-2212.0,-2212.0,-2212.0,10,10,1.0,93.6,85.6,129920,577335,0,15,0,0,,[20260713] [기재정정]최대주주변경을수반하는주식담보제공계약체결               (20260713900411) || [20260706] [기재정정]최대주주변경을수반하는주식담보제공계약체결               (20260706900531) || [20260618] [기재정정]주요사항보고서(전환사채매수선택권행사자지정) (20260618000183),,,,https://dart.fss.or.kr/dsaf001/main.do?rcpNo=20260713900411 || https://dart.fss.or.kr/dsaf001/main.do?rcpNo=20260706900531 || https://dart.fss.or.kr/dsaf001/main.do?rcpNo=20260618000183,,,,20260713900411 || 20260706900531 || 20260618000183,주의,2025.0,-23.0,-131.4,82.5,CFS,영업이익(손실),dart_OperatingIncomeLoss,-47.9,41.5,영업활동현금흐름,ifrs-full_CashFlowsFromUsedInOperatingActivities,ok,연간 영업이익 YoY 계산 성공,ok,OCF 추출 성공,2026 Q1,3개월,0.4,-2.1,120.2,thstrm_amount,frmtrm_q_amount,CFS,fnlttSinglAcntAll,영업이익(손실),dart_OperatingIncomeLoss,ok,3개월 기준 YoY 계산 성공,성장지속,10,-5,이중적자,,default,-1,97.6,89.6,4.0,0.0,0.0,0.0,0.0,OFF,0.0,0.0,0.07249909779871228,SAFE,20.0,33.0,0.0,0.5097402597402597,0,13.0,0.221,-12.0,5.5,19.65,0.93,0.0,0.0,4260.0,0.0,1.0,PYKRX,False,-999.0,-999.0,EXCLUDE,EXCLUDE,-999.0,EXCLUDE,EXCLUDE,0.0
kosdaq,20260714,20260714_2021,397030,에이프릴바이오,지주·전문서비스,24000,19.6,6.3,8.5,-68.7,45.2,-20.4,-43.4,-56.3,-30.7,-49.3,-50.4,0.72,76700,16530,5,0,1,0,246269,400900,70.7,63.8,145.4,0.61,0,0,0,0,0,-,86.6,70.5,-22.3,88.3,-37.9,1,8,약세,-8,-7,0,-1,-21.9,-24.2,1496.48,,-1.11,-2212.0,-2212.0,-2212.0,10,10,1.0,99.6,91.6,397030,1375822,0,3,0,0,,[20260625] 주요사항보고서(유상증자결정) (20260625000002) || [20260625] 주요사항보고서(유상증자결정) (20260625000001) || [20260625] 주요사항보고서(유상증자결정) (20260624000512),,,,https://dart.fss.or.kr/dsaf001/main.do?rcpNo=20260625000002 || https://dart.fss.or.kr/dsaf001/main.do?rcpNo=20260625000001 || https://dart.fss.or.kr/dsaf001/main.do?rcpNo=20260624000512,,,,20260625000002 || 20260625000001 || 20260624000512,주의,2025.0,-72.6,168.7,-143.1,OFS,영업이익(손실),dart_OperatingIncomeLoss,-33.4,219.6,영업활동현금흐름,ifrs-full_CashFlowsFromUsedInOperatingActivities,ok,연간 영업이익 YoY 계산 성공,ok,OCF 추출 성공,2026 Q1,3개월,-21.9,-1.1,-1890.1,thstrm_amount,frmtrm_q_amount,OFS,fnlttSinglAcntAll,영업이익(손실),dart_OperatingIncomeLoss,ok,3개월 기준 YoY 계산 성공,하락지속,-10,-5,이중적자,,default,0,84.6,76.6,2.0,0.0,0.0,0.0,0.0,OFF,0.0,0.0,0.07501665526447626,SAFE,19.0,9.0,0.0,0.4700460829493087,0,15.0,0.331,-20.0,-5.0,20.0,5.78,0.0,0.0,4150.0,0.0,-5.0,PYKRX,False,-999.0,-999.0,EXCLUDE,EXCLUDE,-999.0,EXCLUDE,EXCLUDE,0.0
kosdaq,20260714,20260714_2021,289080,SV인베스트먼트,금융(은행),1751,40.5,17.5,20.3,-65.2,14.1,-4.3,-26.9,-52.4,-11.4,-34.7,-31.9,0.77,5030,1535,5,0,1,0,361015,467509,6.3,6.4,9.4,0.77,0,0,0,0,0,-,62.7,-1.0,0.0,-1.7,-0.2,1,0,약세,-8,-7,0,-1,-21.9,-24.2,1496.48,,-1.11,-2212.0,-2212.0,-2212.0,10,10,1.0,67.7,59.7,289080,599151,0,1,0,0,,[20260316] 주요사항보고서(전환사채매수선택권행사자지정) (20260316001476),,,,https://dart.fss.or.kr/dsaf001/main.do?rcpNo=20260316001476,,,,20260316001476,주의,2025.0,-3.1,-7.6,58.9,CFS,영업외손익,dart_NonOperatingProfitLoss,-15.1,-81.9,영업활동순현금흐름,ifrs-full_CashFlowsFromUsedInOperatingActivities,ok,연간 영업이익 YoY 계산 성공,ok,OCF 추출 성공,2025 Q3,3개월,0.0,0.6,-106.4,thstrm_amount,frmtrm_q_amount,CFS,fnlttSinglAcntAll,영업외손익,dart_NonOperatingProfitLoss,ok,3개월 기준 YoY 계산 성공,피크아웃,-15,-5,이중적자,,default,2,49.7,41.7,0.0,0.0,0.0,0.0,0.0,OFF,0.0,0.0,0.04590992589363255,SAFE,20.0,33.0,0.0,0.15985130111524165,3,0.0,-0.106,-17.0,-7.5,15.675,1.33,0.0,0.0,1313.0,0.0,-5.0,PYKRX,False,-999.0,-999.0,EXCLUDE,EXCLUDE,-999.0,EXCLUDE,EXCLUDE,0.0
kosdaq,20260714,20260714_2021,380550,뉴로핏,출판·SW,7930,32.9,8.4,9.1,-78.4,4.3,-16.5,-34.5,-60.4,-21.6,-41.3,-62.0,0.71,36700,7600,0,0,0,0,85872,119332,6.4,7.4,12.7,0.72,0,0,0,0,0,-,82.0,7.6,-1.0,26.2,2.3,1,8,약세,-8,-7,0,-1,-21.9,-24.2,1496.48,,-1.11,-2212.0,-2212.0,-2212.0,10,10,1.0,90.0,82.0,380550,1782004,0,2,0,0,,[20260410] 주요사항보고서(유상증자결정) (20260410002666) || [20260410] 주요사항보고서(전환사채권발행결정) (20260410002638),,,,https://dart.fss.or.kr/dsaf001/main.do?rcpNo=20260410002666 || https://dart.fss.or.kr/dsaf001/main.do?rcpNo=20260410002638,,,,20260410002666 || 20260410002638,주의,2025.0,-165.5,-146.5,-13.0,CFS,영업손실,dart_OperatingIncomeLoss,-150.7,-126.1,영업활동으로 인한 현금흐름,ifrs-full_CashFlowsFromUsedInOperatingActivities,ok,연간 영업이익 YoY 계산 성공,ok,OCF 추출 성공,2026 Q1,3개월,-58.2,-45.9,-26.6,thstrm_amount,frmtrm_q_amount,CFS,fnlttSinglAcntAll,영업손실,dart_OperatingIncomeLoss,ok,3개월 기준 YoY 계산 성공,하락지속,-10,-5,이중적자,,default,0,75.0,67.0,2.0,0.0,0.0,0.0,0.0,OFF,0.0,0.0,0.0648640021498885,SAFE,20.0,33.0,0.0,0.4782608695652174,0,15.0,0.52,-20.0,-5.0,20.0,4.74,0.0,0.0,1672.0,0.0,-5.0,PYKRX,False,-999.0,-999.0,EXCLUDE,EXCLUDE,-999.0,EXCLUDE,EXCLUDE,0.0
kosdaq,20260714,20260714_2021,310210,보로노이,지주·전문서비스,144900,31.8,13.1,0.5,-61.4,35.9,-17.6,-26.6,-49.5,-20.0,-34.7,-37.8,1.71,375500,106600,0,0,0,0,95625,85357,212.5,149.1,154.8,1.12,0,0,0,0,0,-,88.2,88.7,11.7,5.3,168.0,1,15,약세,-8,-7,0,-1,-21.9,-24.2,1496.48,,-1.11,-2212.0,-2212.0,-2212.0,10,10,1.0,103.2,95.2,310210,1327746,0,3,0,0,,[20260624] [기재정정]주요사항보고서(자기전환사채만기전취득결정) (20260624000449) || [20260623] 주요사항보고서(자기전환사채만기전취득결정) (20260622000415) || [20260508] 주요사항보고서(전환사채매수선택권행사자지정) (20260508000923),,,,https://dart.fss.or.kr/dsaf001/main.do?rcpNo=20260624000449 || https://dart.fss.or.kr/dsaf001/main.do?rcpNo=20260622000415 || https://dart.fss.or.kr/dsaf001/main.do?rcpNo=20260508000923,,,,20260624000449 || 20260622000415 || 20260508000923,주의,2025.0,-543.8,-363.4,-49.7,CFS,영업이익(손실),dart_OperatingIncomeLoss,-720.9,-290.5,영업활동현금흐름,ifrs-full_CashFlowsFromUsedInOperatingActivities,ok,연간 영업이익 YoY 계산 성공,ok,OCF 추출 성공,2026 Q1,3개월,-220.0,-144.9,-51.9,thstrm_amount,frmtrm_q_amount,CFS,fnlttSinglAcntAll,영업이익(손실),dart_OperatingIncomeLoss,ok,3개월 기준 YoY 계산 성공,하락지속,-10,-5,이중적자,,default,-3,85.2,77.2,4.0,0.0,0.0,0.0,0.0,OFF,0.0,0.0,0.06849973399928663,SAFE,19.0,9.0,0.0,0.6616541353383458,0,15.0,0.649,-20.0,-5.0,20.0,25.52,0.0,0.0,5678.0,0.0,-5.0,PYKRX,False,-999.0,-999.0,EXCLUDE,EXCLUDE,-999.0,EXCLUDE,EXCLUDE,0.0
kosdaq,20260714,20260714_2021,251630,브이원텍,기계·장비,3345,25.0,10.2,21.4,-69.6,6.4,-4.2,-17.0,-39.1,-9.9,-29.0,-40.8,0.5,11000,3145,5,0,1,0,58754,170301,3.0,2.0,6.5,0.34,0,0,0,0,0,-,74.9,0.3,0.0,-4.0,0.0,1,8,약세,-8,-7,0,-1,-21.9,-24.2,1496.48,,-1.11,-2212.0,-2212.0,-2212.0,10,10,1.0,87.9,79.9,251630,1027794,0,0,0,0,,,,,,,,,,,안전,2025.0,-128.3,-43.6,-194.2,CFS,영업이익(손실),dart_OperatingIncomeLoss,-116.0,11.9,영업활동현금흐름,ifrs-full_CashFlowsFromUsedInOperatingActivities,ok,연간 영업이익 YoY 계산 성공,ok,OCF 추출 성공,2026 Q1,3개월,-48.1,-35.7,-34.6,thstrm_amount,frmtrm_q_amount,CFS,fnlttSinglAcntAll,영업이익(손실),dart_OperatingIncomeLoss,ok,3개월 기준 YoY 계산 성공,하락지속,-10,-5,이중적자,,default,2,74.9,66.9,2.0,0.0,0.0,0.0,0.0,OFF,0.0,0.0,0.09192254053320109,SAFE,18.0,0.0,0.0,0.24705882352941178,3,0.0,0.046,-20.0,-5.0,18.725,0.49,0.0,2.99,6767.0,0.0,10.0,PYKRX,False,-999.0,-999.0,EXCLUDE,EXCLUDE,-999.0,EXCLUDE,EXCLUDE,0.0
kosdaq,20260714,20260714_2021,090710,휴림로봇,기계·장비,6580,31.5,13.1,22.0,-75.3,183.6,-7.1,-41.5,-39.6,-18.4,-35.4,-29.6,0.53,26600,2320,5,0,1,0,1580700,2094978,72.3,107.1,175.8,0.75,0,0,0,0,0,-,78.2,9.5,22.9,36.2,97.6,1,15,약세,-8,-7,0,-1,-21.9,-24.2,1496.48,,-1.11,-2212.0,-2212.0,-2212.0,10,10,1.0,98.2,90.2,090710,540429,0,10,0,0,,[20260602] 유상증자또는주식관련사채등의청약결과(자율공시)              (일반공모증자-소액공모) (20260602900826) || [20260528] 유상증자최종발행가액확정              (일반공모증자-소액공모) (20260528901044) || [20260528] [기재정정]주요사항보고서(유상증자결정) (20260528000911),,,,https://dart.fss.or.kr/dsaf001/main.do?rcpNo=20260602900826 || https://dart.fss.or.kr/dsaf001/main.do?rcpNo=20260528901044 || https://dart.fss.or.kr/dsaf001/main.do?rcpNo=20260528000911,,,,20260602900826 || 20260528901044 || 20260528000911,주의,2025.0,-173.2,-49.4,-250.8,CFS,영업이익(손실),dart_OperatingIncomeLoss,-230.2,-308.1,영업활동현금흐름,ifrs-full_CashFlowsFromUsedInOperatingActivities,ok,연간 영업이익 YoY 계산 성공,ok,OCF 추출 성공,2026 Q1,3개월,-45.7,7.7,-690.2,thstrm_amount,frmtrm_q_amount,CFS,fnlttSinglAcntAll,영업이익(손실),dart_OperatingIncomeLoss,ok,3개월 기준 YoY 계산 성공,하락지속,-10,-5,이중적자,,default,2,85.2,77.2,4.0,0.0,0.0,0.0,0.0,OFF,0.0,0.0,0.05648588979101328,SAFE,17.0,17.0,0.0,0.17108433734939757,3,13.0,0.184,-20.0,-5.0,19.55,6.16,0.0,0.0,1068.0,0.0,-5.0,PYKRX,False,-999.0,-999.0,EXCLUDE,EXCLUDE,-999.0,EXCLUDE,EXCLUDE,0.0
kosdaq,20260714,20260714_2021,088340,유라클,출판·SW,6180,40.5,21.2,20.4,-73.5,5.6,-8.3,-28.9,-47.9,-11.6,-31.4,-52.1,0.78,23300,5850,0,0,0,0,30350,27116,1.3,1.9,1.9,1.12,0,0,0,0,0,-,62.7,1.9,-0.4,7.0,0.0,1,8,약세,-8,-7,0,-1,-21.9,-24.2,1496.48,,-1.11,-2212.0,-2212.0,-2212.0,10,10,1.0,70.7,62.7,088340,407294,0,0,0,0,,,,,,,,,,,안전,2025.0,-67.7,19.7,-444.5,CFS,영업이익(손실),dart_OperatingIncomeLoss,-35.5,31.9,영업활동현금흐름,ifrs-full_CashFlowsFromUsedInOperatingActivities,ok,연간 영업이익 YoY 계산 성공,ok,OCF 추출 성공,2026 Q1,3개월,-8.0,-9.8,18.5,thstrm_amount,frmtrm_q_amount,CFS,fnlttSinglAcntAll,영업이익(손실),dart_OperatingIncomeLoss,ok,3개월 기준 YoY 계산 성공,턴어라운드,20,-5,이중적자,,default,0,85.7,77.7,2.0,0.0,0.0,0.0,0.0,OFF,0.0,0.0,0.05319555678906081,SAFE,20.0,33.0,0.0,0.28719723183391005,0,15.0,0.789,-15.0,6.0,15.675,1.26,0.0,0.0,4922.0,0.0,-5.0,PYKRX,False,-999.0,-999.0,EXCLUDE,EXCLUDE,-999.0,EXCLUDE,EXCLUDE,0.0
kosdaq,20260714,20260714_2021,0082N0,카나프테라퓨틱스,지주·전문서비스,12150,31.7,12.7,16.4,-82.6,5.7,-13.6,-37.2,-67.4,-19.0,-43.4,,1.13,70000,11500,0,0,0,0,61290,86838,9.9,7.7,14.2,0.71,0,0,0,0,0,-,80.9,-0.5,3.2,10.2,-6.3,1,8,약세,-8,-7,0,-1,-21.9,-24.2,1496.48,,-1.11,-2212.0,-2212.0,-2212.0,10,10,1.0,88.9,80.9,0082N0,1782183,0,0,0,0,,,,,,,,,,,안전,2025.0,-42.7,-47.2,9.5,OFS,영업이익(손실),dart_OperatingIncomeLoss,-71.7,-32.3,영업활동현금흐름,ifrs-full_CashFlowsFromUsedInOperatingActivities,ok,연간 영업이익 YoY 계산 성공,ok,OCF 추출 성공,2026 Q1,3개월,-54.2,-22.0,-146.6,thstrm_amount,frmtrm_q_amount,OFS,fnlttSinglAcntAll,영업이익(손실),dart_OperatingIncomeLoss,ok,3개월 기준 YoY 계산 성공,관망,0,-5,이중적자,,default,2,85.9,77.9,2.0,0.0,0.0,0.0,0.0,OFF,0.0,0.0,0.06122198650920635,SAFE,20.0,31.0,0.0,0.3655913978494623,0,10.0,0.19,-17.0,0.0,20.0,10.7,0.0,0.0,1135.0,0.0,-5.0,PYKRX,False,-999.0,-999.0,EXCLUDE,EXCLUDE,-999.0,EXCLUDE,EXCLUDE,0.0
kosdaq,20260714,20260714_2021,377330,이지트로닉스,전기장비,2190,24.6,14.8,24.1,-62.8,3.8,-3.9,-26.1,-37.2,-10.3,-25.8,-37.5,1.09,5880,2110,0,0,0,0,11132,18962,0.3,0.3,0.5,0.59,0,0,0,0,0,-,77.7,0.3,0.0,0.5,0.0,1,8,약세,-8,-7,0,-1,-21.9,-24.2,1496.48,,-1.11,-2212.0,-2212.0,-2212.0,10,10,1.0,85.7,77.7,377330,1140837,0,0,0,0,,,,,,,,,,,안전,2025.0,-186.3,-40.2,-363.2,CFS,영업이익(손실),dart_OperatingIncomeLoss,-170.8,105.0,영업활동현금흐름,ifrs-full_CashFlowsFromUsedInOperatingActivities,ok,연간 영업이익 YoY 계산 성공,ok,OCF 추출 성공,2026 Q1,3개월,-34.6,11.4,-403.0,thstrm_amount,frmtrm_q_amount,CFS,fnlttSinglAcntAll,영업이익(손실),dart_OperatingIncomeLoss,ok,3개월 기준 YoY 계산 성공,하락지속,-10,-5,이중적자,,default,4,74.7,66.7,2.0,0.0,0.0,0.0,0.0,OFF,0.0,0.0,0.039931422436240704,SAFE,20.0,33.0,0.0,0.14942528735632182,3,15.0,0.6,-20.0,-5.0,19.425,0.45,0.0,0.0,4829.0,0.0,7.0,PYKRX,False,-999.0,-999.0,EXCLUDE,EXCLUDE,-999.0,EXCLUDE,EXCLUDE,0.0
kosdaq,20260714,20260714_2021,090470,제이스로보틱스,기계·장비,4170,43.0,30.4,33.5,-58.7,40.6,7.8,-28.1,-48.6,-7.5,-27.3,-27.4,0.89,10100,2965,5,0,1,0,45686,42757,1.6,1.8,2.0,1.07,6,0,1,1,0,5일선회복/+3%반등,51.2,-1.2,0.0,-4.2,0.3,1,0,약세,-8,-7,0,-1,-21.9,-24.2,1496.48,,-1.11,-2212.0,-2212.0,-2212.0,10,10,1.0,62.2,54.2,090470,493185,0,0,0,0,,,,,,,,,,,안전,2025.0,-236.7,-57.8,-309.2,CFS,영업이익(손실),dart_OperatingIncomeLoss,-44.6,-133.0,영업활동현금흐름,ifrs-full_CashFlowsFromUsedInOperatingActivities,ok,연간 영업이익 YoY 계산 성공,ok,OCF 추출 성공,2026 Q1,3개월,-69.3,-56.2,-23.3,thstrm_amount,frmtrm_q_amount,CFS,fnlttSinglAcntAll,영업이익(손실),dart_OperatingIncomeLoss,ok,3개월 기준 YoY 계산 성공,하락지속,-10,-5,이중적자,,default,7,54.2,46.2,0.0,0.0,0.0,0.0,0.0,OFF,0.0,0.0,0.04067653513058756,SAFE,20.0,20.0,0.0,-0.2775800711743772,11,-10.0,-0.6,-20.0,-5.0,12.8,0.53,0.0,1.2,7841.0,0.0,7.0,PYKRX,False,-999.0,-999.0,EXCLUDE,EXCLUDE,-999.0,EXCLUDE,EXCLUDE,0.0
kosdaq,20260714,20260714_2021,174900,앱클론,제약·바이오,21400,31.4,11.0,8.7,-77.7,119.0,-15.1,-32.6,-57.5,-20.1,-36.1,-49.4,1.22,95800,9770,0,0,0,0,119229,152256,38.4,26.8,42.5,0.78,0,0,0,0,0,-,85.3,23.9,-2.8,53.6,10.4,1,8,약세,-8,-7,0,-1,-21.9,-24.2,1496.48,,-1.11,-2212.0,-2212.0,-2212.0,10,10,1.0,93.3,85.3,174900,991191,0,2,0,0,,[20251001] 주요사항보고서(전환사채권발행결정) (20251001000122) || [20251001] 주요사항보고서(유상증자결정) (20251001000119),,,,https://dart.fss.or.kr/dsaf001/main.do?rcpNo=20251001000122 || https://dart.fss.or.kr/dsaf001/main.do?rcpNo=20251001000119,,,,20251001000122 || 20251001000119,주의,2025.0,-176.4,-155.9,-13.1,OFS,영업이익(손실),dart_OperatingIncomeLoss,-138.3,-143.9,영업활동현금흐름,ifrs-full_CashFlowsFromUsedInOperatingActivities,ok,연간 영업이익 YoY 계산 성공,ok,OCF 추출 성공,2026 Q1,3개월,-30.6,-57.6,46.9,thstrm_amount,frmtrm_q_amount,OFS,fnlttSinglAcntAll,영업이익(손실),dart_OperatingIncomeLoss,ok,3개월 기준 YoY 계산 성공,턴어라운드,20,-5,이중적자,,default,2,110.3,102.3,2.0,0.0,0.0,0.0,0.0,OFF,0.0,0.0,0.06981243297964068,SAFE,19.0,9.0,0.0,0.46319018404907975,0,15.0,0.496,-15.0,8.5,20.0,7.24,0.0,0.0,2954.0,0.0,-5.0,PYKRX,False,-999.0,-999.0,EXCLUDE,EXCLUDE,-999.0,EXCLUDE,EXCLUDE,0.0
kosdaq,20260714,20260714_2021,199550,레이저옵텍,의료·정밀·광학,2670,28.1,0.0,-0.4,-67.6,0.0,-14.1,-29.4,-47.3,-18.1,-30.9,-49.9,1.26,8242,2670,0,0,0,0,42386,33824,1.2,1.2,1.1,1.25,0,0,0,0,0,-,91.0,-0.3,0.0,0.6,0.1,1,0,약세,-8,-7,0,-1,-21.9,-24.2,1496.48,,-1.11,-2212.0,-2212.0,-2212.0,10,10,1.0,91.0,83.0,199550,1161432,0,8,0,0,,[20260416] [기재정정]주요사항보고서(유상증자결정) (20260416000230) || [20260410] 유상증자또는주식관련사채등의청약결과(자율공시)              (주주배정후 실권주 일반공모) (20260410900180) || [20260406] [기재정정]주요사항보고서(유상증자결정) (20260406001926),,,,https://dart.fss.or.kr/dsaf001/main.do?rcpNo=20260416000230 || https://dart.fss.or.kr/dsaf001/main.do?rcpNo=20260410900180 || https://dart.fss.or.kr/dsaf001/main.do?rcpNo=20260406001926,,,,20260416000230 || 20260410900180 || 20260406001926,주의,2025.0,-120.4,-2.0,-6044.0,CFS,영업이익(손실),dart_OperatingIncomeLoss,-63.9,-33.4,영업활동현금흐름,ifrs-full_CashFlowsFromUsedInOperatingActivities,ok,연간 영업이익 YoY 계산 성공,ok,OCF 추출 성공,2026 Q1,3개월,-19.5,-22.8,14.2,thstrm_amount,frmtrm_q_amount,CFS,fnlttSinglAcntAll,영업이익(손실),dart_OperatingIncomeLoss,ok,3개월 기준 YoY 계산 성공,턴어라운드,20,-5,이중적자,,default,2,108.0,100.0,0.0,0.0,0.0,0.0,0.0,OFF,0.0,0.0,0.03349132389942993,SAFE,20.0,33.0,0.0,0.4795918367346939,0,-10.0,-0.273,-15.0,6.0,20.0,1.57,0.0,0.0,1704.0,0.0,-5.0,PYKRX,False,-999.0,-999.0,EXCLUDE,EXCLUDE,-999.0,EXCLUDE,EXCLUDE,0.0
kosdaq,20260714,20260714_2021,323990,박셀바이오,지주·전문서비스,3970,42.9,5.9,17.5,-65.5,4.1,-8.4,-22.0,-49.4,-11.3,-26.1,-51.9,0.49,11520,3815,10,0,1,1,119881,277671,5.6,4.9,13.3,0.43,0,0,0,0,0,-,59.7,-1.4,0.0,-19.8,-0.6,1,0,약세,-8,-7,0,-1,-21.9,-24.2,1496.48,,-1.11,-2212.0,-2212.0,-2212.0,10,10,1.0,69.7,61.7,323990,1335851,0,0,0,0,,,,,,,,,,,안전,2025.0,-155.0,-150.4,-3.1,OFS,영업이익(손실),dart_OperatingIncomeLoss,-106.3,-107.0,영업활동현금흐름,ifrs-full_CashFlowsFromUsedInOperatingActivities,ok,연간 영업이익 YoY 계산 성공,ok,OCF 추출 성공,2026 Q1,3개월,-46.2,-43.1,-7.4,thstrm_amount,frmtrm_q_amount,OFS,fnlttSinglAcntAll,영업이익(손실),dart_OperatingIncomeLoss,ok,3개월 기준 YoY 계산 성공,하락지속,-10,-5,이중적자,,default,0,54.7,46.7,3.0,0.0,0.0,0.0,0.0,OFF,0.0,0.0,0.07708679989023534,SAFE,17.0,7.0,0.0,0.38181818181818183,0,0.0,-0.105,-20.0,-5.0,14.925,1.5,0.0,0.0,2638.0,0.0,1.0,PYKRX,False,-999.0,-999.0,EXCLUDE,EXCLUDE,-999.0,EXCLUDE,EXCLUDE,0.0
kosdaq,20260714,20260714_2021,391710,코닉오토메이션,기계·장비,1029,28.5,15.4,15.8,-72.2,6.4,-10.1,-39.6,-46.1,-19.3,-38.1,-52.4,1.11,3700,967,0,0,0,0,93906,88241,1.0,1.0,1.1,1.06,0,0,0,0,0,-,82.9,0.9,0.0,3.0,0.0,1,8,약세,-8,-7,0,-1,-21.9,-24.2,1496.48,,-1.11,-2212.0,-2212.0,-2212.0,10,10,1.0,90.9,82.9,391710,1573284,0,0,0,0,,,,,,,,,,,안전,2025.0,-27.4,0.5,-6134.5,OFS,영업이익(손실),dart_OperatingIncomeLoss,-49.4,22.1,영업활동으로 인한 현금흐름,ifrs-full_CashFlowsFromUsedInOperatingActivities,ok,연간 영업이익 YoY 계산 성공,ok,OCF 추출 성공,2026 Q1,3개월,2.0,-16.2,112.3,thstrm_amount,frmtrm_q_amount,OFS,fnlttSinglAcntAll,영업이익(손실),dart_OperatingIncomeLoss,ok,3개월 기준 YoY 계산 성공,턴어라운드,20,-5,이중적자,,default,2,107.9,99.9,2.0,0.0,0.0,0.0,0.0,OFF,0.0,0.0,0.04013586751393237,SAFE,20.0,32.0,0.0,0.255050505050505,0,15.0,0.818,-15.0,8.5,20.0,1.78,0.0,0.0,577.0,0.0,-5.0,PYKRX,False,-999.0,-999.0,EXCLUDE,EXCLUDE,-999.0,EXCLUDE,EXCLUDE,0.0
kosdaq,20260714,20260714_2021,347890,엠엑스온,의료·정밀·광학,4050,40.8,36.1,26.8,-49.0,7.0,-3.6,-22.1,-24.6,-7.7,-19.3,-31.4,0.82,7940,3785,0,0,0,0,23684,51185,1.4,1.0,2.4,0.46,4,0,0,0,1,거래량동반양봉,53.7,0.3,0.0,1.1,0.4,1,8,약세,-8,-7,0,-1,-21.9,-24.2,1496.48,,-1.11,-2212.0,-2212.0,-2212.0,10,10,1.0,65.7,57.7,347890,670766,0,0,0,0,,,,,,,,,,,안전,2025.0,-58.3,56.4,-203.3,CFS,영업이익(손실),dart_OperatingIncomeLoss,-5.4,45.3,영업활동현금흐름,ifrs-full_CashFlowsFromUsedInOperatingActivities,ok,연간 영업이익 YoY 계산 성공,ok,OCF 추출 성공,2026 Q1,3개월,5.0,11.4,-56.0,thstrm_amount,frmtrm_q_amount,CFS,fnlttSinglAcntAll,영업이익(손실),dart_OperatingIncomeLoss,ok,3개월 기준 YoY 계산 성공,하락지속,-10,-5,이중적자,,default,4,54.7,46.7,5.0,0.0,2.31,0.0,0.0,OFF,0.0,0.0,0.033103513875801543,SAFE,18.0,17.0,0.0,0.16289592760180996,7,5.0,0.125,-20.0,-5.0,13.425,0.89,38.57,1.48,4551.0,105.0,12.0,PYKRX,False,-999.0,-999.0,EXCLUDE,EXCLUDE,-999.0,EXCLUDE,EXCLUDE,0.0
kosdaq,20260714,20260714_2021,226330,신테카바이오,출판·SW,1540,47.0,22.3,32.6,-77.2,16.0,-3.1,-17.2,-51.9,-5.7,-25.7,-53.6,2.65,6750,1328,5,1,0,0,949157,326701,13.8,16.0,5.5,2.91,3,0,0,1,0,+3%반등,50.2,-6.5,-8.5,-5.0,-8.6,1,0,약세,-8,-7,0,-1,-21.9,-24.2,1496.48,,-1.11,-2212.0,-2212.0,-2212.0,10,10,1.0,58.2,50.2,226330,1344336,0,24,0,0,,[20260629] [기재정정]최대주주변경을수반하는주식담보제공계약체결               (20260629900508) || [20260625] [기재정정]최대주주변경을수반하는주식담보제공계약체결               (20260625900444) || [20260528] 최대주주변경을수반하는주식담보제공계약체결               (20260528901045),,,,https://dart.fss.or.kr/dsaf001/main.do?rcpNo=20260629900508 || https://dart.fss.or.kr/dsaf001/main.do?rcpNo=20260625900444 || https://dart.fss.or.kr/dsaf001/main.do?rcpNo=20260528901045,,,,20260629900508 || 20260625900444 || 20260528901045,주의,2025.0,-107.6,-142.7,24.6,CFS,영업이익(손실),dart_OperatingIncomeLoss,-106.5,-105.1,영업활동현금흐름,ifrs-full_CashFlowsFromUsedInOperatingActivities,ok,연간 영업이익 YoY 계산 성공,ok,OCF 추출 성공,2026 Q1,3개월,-35.1,-29.6,-18.5,thstrm_amount,frmtrm_q_amount,CFS,fnlttSinglAcntAll,영업이익(손실),dart_OperatingIncomeLoss,ok,3개월 기준 YoY 계산 성공,피크아웃,-15,-5,이중적자,,default,3,41.2,33.2,2.0,0.0,0.0,0.0,0.0,OFF,0.0,0.0,0.08225516670646778,SAFE,18.0,0.0,0.0,0.1802325581395349,7,-10.0,-2.727,-17.0,-7.5,12.55,1.18,0.0,0.0,1310.0,0.0,-5.0,PYKRX,False,-999.0,-999.0,EXCLUDE,EXCLUDE,-999.0,EXCLUDE,EXCLUDE,0.0
kosdaq,20260714,20260714_2021,373110,엑셀세라퓨틱스,제약·바이오,1149,42.0,31.1,27.6,-68.4,5.4,0.8,-18.3,-18.3,-5.2,-15.8,-32.5,0.83,3631,1090,5,0,1,0,74681,96841,0.9,0.9,1.2,0.77,0,0,0,0,0,-,50.1,0.1,0.0,-0.5,-0.3,1,8,약세,-8,-7,0,-1,-21.9,-24.2,1496.48,,-1.11,-2212.0,-2212.0,-2212.0,10,10,1.0,63.1,55.1,373110,1492217,0,9,0,0,,[20251120] 증권발행결과(자율공시)              (유상증자(주주배정 후 실권주 일반공모)) (20251120900297) || [20251119] 유상증자또는주식관련사채등의청약결과(자율공시)              (주주배정후 실권주 일반공모) (20251119900119) || [20251114] 유상증자또는주식관련사채등의청약결과(자율공시)              (주주배정후 실권주 일반공모) (20251114900284),,,,https://dart.fss.or.kr/dsaf001/main.do?rcpNo=20251120900297 || https://dart.fss.or.kr/dsaf001/main.do?rcpNo=20251119900119 || https://dart.fss.or.kr/dsaf001/main.do?rcpNo=20251114900284,,,,20251120900297 || 20251119900119 || 20251114900284,주의,2025.0,-108.5,-93.3,-16.3,CFS,영업손실,dart_OperatingIncomeLoss,-95.0,-70.0,영업활동현금흐름,ifrs-full_CashFlowsFromUsedInOperatingActivities,ok,연간 영업이익 YoY 계산 성공,ok,OCF 추출 성공,2026 Q1,3개월,-29.1,-25.6,-13.9,thstrm_amount,frmtrm_q_amount,CFS,fnlttSinglAcntAll,영업손실,dart_OperatingIncomeLoss,ok,3개월 기준 YoY 계산 성공,하락지속,-10,-5,이중적자,,default,7,55.1,47.1,2.0,0.0,0.0,0.0,0.0,OFF,0.0,0.0,0.035069856450157526,SAFE,17.0,1.0,0.0,-0.04371584699453552,3,5.0,0.083,-20.0,-5.0,12.525,2.78,0.0,0.0,413.0,0.0,-5.0,PYKRX,False,-999.0,-999.0,EXCLUDE,EXCLUDE,-999.0,EXCLUDE,EXCLUDE,0.0
kosdaq,20260714,20260714_2021,079650,서산,비금속광물(시멘트·유리),5530,35.3,33.7,64.5,-46.3,480.9,15.8,325.4,282.7,16.4,110.0,209.1,0.47,10300,952,10,0,1,1,14985298,12353044,328.3,816.0,604.3,1.21,6,0,1,1,0,5일선회복/+3%반등,40.6,3.3,-2.8,-0.3,-2.9,1,3,약세,-8,-7,0,-1,-21.9,-24.2,1496.48,,-1.11,-2212.0,-2212.0,-2212.0,10,10,1.0,59.6,51.6,079650,130408,0,0,0,0,,,,,,,,,,,안전,2025.0,-33.3,-24.9,-33.5,CFS,영업이익(손실),dart_OperatingIncomeLoss,-20.5,19.4,영업활동현금흐름,ifrs-full_CashFlowsFromUsedInOperatingActivities,ok,연간 영업이익 YoY 계산 성공,ok,OCF 추출 성공,2026 Q1,3개월,3.1,-19.9,115.5,thstrm_amount,frmtrm_q_amount,CFS,fnlttSinglAcntAll,영업이익(손실),dart_OperatingIncomeLoss,ok,3개월 기준 YoY 계산 성공,턴어라운드,20,-5,이중적자,,default,0,74.6,66.6,5.0,0.0,0.0,0.0,0.0,OFF,0.0,0.0,0.20070884942716696,SAFE,0.0,0.0,1.0,,8,0.0,0.001,-15.0,8.5,10.15,1.58,0.0,0.0,3495.0,0.0,-5.0,PYKRX,False,-999.0,-999.0,EXCLUDE,EXCLUDE,-999.0,EXCLUDE,EXCLUDE,0.0
kosdaq,20260714,20260714_2021,221800,지구홀딩스,연구개발,5000,26.3,11.6,18.1,-84.8,71.8,-9.6,-37.9,-73.0,-18.0,-48.6,-48.4,0.64,32800,2910,0,0,0,0,41626,71914,2.3,2.2,4.6,0.58,4,0,0,0,1,거래량동반양봉,82.4,0.8,0.0,12.5,0.0,1,8,약세,-8,-7,0,-1,-21.9,-24.2,1496.48,,-1.11,-2212.0,-2212.0,-2212.0,10,10,1.0,94.4,86.4,221800,1026616,0,11,0,0,,[20260522] [기재정정]주요사항보고서(유상증자결정) (20260522000488) || [20260508] 증권발행결과(자율공시)              (제3자배정 유상증자) (20260508900356) || [20260430] 주요사항보고서(유상증자결정) (20260430001790),,,,https://dart.fss.or.kr/dsaf001/main.do?rcpNo=20260522000488 || https://dart.fss.or.kr/dsaf001/main.do?rcpNo=20260508900356 || https://dart.fss.or.kr/dsaf001/main.do?rcpNo=20260430001790,,,,20260522000488 || 20260508900356 || 20260430001790,주의,2025.0,-23.6,-31.3,24.6,OFS,영업이익(손실),dart_OperatingIncomeLoss,-15.6,-17.3,영업활동으로 인한 현금흐름,ifrs-full_CashFlowsFromUsedInOperatingActivities,ok,연간 영업이익 YoY 계산 성공,ok,OCF 추출 성공,2026 Q1,3개월,-15.9,-7.1,-124.6,thstrm_amount,frmtrm_q_amount,CFS,fnlttSinglAcntAll,영업이익(손실),dart_OperatingIncomeLoss,ok,3개월 기준 YoY 계산 성공,피크아웃,-15,-5,이중적자,,default,0,74.4,66.4,5.0,0.0,0.0,0.0,0.0,OFF,0.0,0.0,0.04655735112499176,SAFE,20.0,33.0,0.0,0.2532981530343008,4,10.0,0.174,-17.0,-7.5,20.0,1.6,0.0,2.0,3123.0,0.0,-5.0,PYKRX,False,-999.0,-999.0,EXCLUDE,EXCLUDE,-999.0,EXCLUDE,EXCLUDE,0.0
kosdaq,20260714,20260714_2021,464490,쿼드메디슨,제약·바이오,5400,40.6,13.8,24.1,-80.1,3.8,-6.6,-30.1,-58.9,-12.0,-35.6,,0.6,27150,5200,5,0,0,1,37273,51500,1.7,2.1,3.2,0.72,0,0,0,0,0,-,63.5,-0.6,-0.5,8.6,-5.4,1,0,약세,-8,-7,0,-1,-21.9,-24.2,1496.48,,-1.11,-2212.0,-2212.0,-2212.0,10,10,1.0,68.5,60.5,464490,1671285,0,4,0,0,,[20251201] [기재정정]주요사항보고서(유상증자결정) (20251201000469) || [20251106] [기재정정]주요사항보고서(유상증자결정) (20251106000406) || [20251029] [기재정정]주요사항보고서(유상증자결정) (20251029000299),,,,https://dart.fss.or.kr/dsaf001/main.do?rcpNo=20251201000469 || https://dart.fss.or.kr/dsaf001/main.do?rcpNo=20251106000406 || https://dart.fss.or.kr/dsaf001/main.do?rcpNo=20251029000299,,,,20251201000469 || 20251106000406 || 20251029000299,주의,2025.0,-63.8,-44.5,-43.5,CFS,영업이익(손실),dart_OperatingIncomeLoss,-45.5,10.7,영업활동현금흐름,ifrs-full_CashFlowsFromUsedInOperatingActivities,ok,연간 영업이익 YoY 계산 성공,ok,OCF 추출 성공,2026 Q1,3개월,-44.2,-33.5,-31.8,thstrm_amount,frmtrm_q_amount,CFS,fnlttSinglAcntAll,영업이익(손실),dart_OperatingIncomeLoss,ok,3개월 기준 YoY 계산 성공,하락지속,-10,-5,이중적자,,default,2,55.5,47.5,3.0,0.0,0.0,0.0,0.0,OFF,0.0,0.0,0.06573783263294991,SAFE,20.0,33.0,0.0,0.2192691029900332,3,-10.0,-0.344,-20.0,-5.0,15.875,1.99,0.0,0.0,2716.0,0.0,-5.0,PYKRX,False,-999.0,-999.0,EXCLUDE,EXCLUDE,-999.0,EXCLUDE,EXCLUDE,0.0
kosdaq,20260714,20260714_2021,430690,한싹,출판·SW,2180,39.7,24.3,28.0,-72.0,6.1,-4.0,-30.7,-39.4,-11.0,-35.2,-51.6,0.54,7790,2055,5,0,0,1,39279,55036,0.7,0.9,1.4,0.71,0,0,0,0,0,-,60.7,0.7,0.0,4.1,-0.2,1,8,약세,-8,-7,0,-1,-21.9,-24.2,1496.48,,-1.11,-2212.0,-2212.0,-2212.0,10,10,1.0,73.7,65.7,430690,1602638,0,0,0,0,,,,,,,,,,,안전,2025.0,-19.5,-27.1,28.2,CFS,영업이익(손실),dart_OperatingIncomeLoss,-3.3,-11.7,영업활동으로 인한 현금흐름,ifrs-full_CashFlowsFromUsedInOperatingActivities,ok,연간 영업이익 YoY 계산 성공,ok,OCF 추출 성공,2026 Q1,3개월,-18.1,-10.0,-80.4,thstrm_amount,frmtrm_q_amount,CFS,fnlttSinglAcntAll,영업이익(손실),dart_OperatingIncomeLoss,ok,3개월 기준 YoY 계산 성공,피크아웃,-15,-5,이중적자,,default,2,55.7,47.7,5.0,0.0,0.0,0.0,0.0,OFF,1.0,8.0,0.050120723244223384,SAFE,20.0,33.0,0.0,0.13029315960912052,3,15.0,0.5,-17.0,-7.5,15.175,0.73,0.0,0.0,3001.0,0.0,1.0,PYKRX,False,-999.0,-999.0,EXCLUDE,EXCLUDE,-999.0,EXCLUDE,EXCLUDE,0.0
kosdaq,20260714,20260714_2021,348150,고바이오랩,지주·전문서비스,3040,45.0,25.7,21.1,-65.2,6.7,-7.9,-21.8,-44.7,-9.6,-22.2,-40.3,0.66,8730,2850,0,0,0,0,30312,56310,1.1,1.0,1.9,0.54,0,0,0,0,0,-,51.0,0.4,0.0,3.0,0.0,1,8,약세,-8,-7,0,-1,-21.9,-24.2,1496.48,,-1.11,-2212.0,-2212.0,-2212.0,10,10,1.0,59.0,51.0,348150,1399071,0,0,0,0,,,,,,,,,,,안전,2025.0,-96.5,-69.1,-39.8,CFS,영업손실,dart_OperatingIncomeLoss,-57.8,-43.6,영업활동으로 인한 현금흐름,ifrs-full_CashFlowsFromUsedInOperatingActivities,ok,연간 영업이익 YoY 계산 성공,ok,OCF 추출 성공,2026 Q1,3개월,-26.7,-34.7,22.9,thstrm_amount,frmtrm_q_amount,CFS,fnlttSinglAcntAll,영업손실,dart_OperatingIncomeLoss,ok,3개월 기준 YoY 계산 성공,턴어라운드,20,-5,이중적자,,default,0,74.0,66.0,2.0,0.0,0.0,0.0,0.0,OFF,0.0,0.0,0.06255643462408583,SAFE,14.0,0.0,0.0,0.3623853211009174,0,10.0,0.211,-15.0,8.5,12.75,1.84,0.0,0.0,1653.0,0.0,1.0,PYKRX,False,-999.0,-999.0,EXCLUDE,EXCLUDE,-999.0,EXCLUDE,EXCLUDE,0.0
kosdaq,20260714,20260714_2021,288620,에스프리즘,전기장비,3960,27.7,2.0,10.3,-75.6,1.0,-20.5,-44.9,-56.2,-25.7,-48.4,-59.8,1.19,16260,3920,0,0,0,0,21687,21016,1.0,0.9,1.1,1.03,0,0,0,0,0,-,86.8,-0.5,0.0,-0.1,0.0,1,0,약세,-8,-7,0,-1,-21.9,-24.2,1496.48,,-1.11,-2212.0,-2212.0,-2212.0,10,10,1.0,86.8,78.8,288620,1257872,0,2,0,0,,[20260128] 전환사채(해외전환사채포함)발행후만기전사채취득               (20260128900577) || [20251028] 전환사채(해외전환사채포함)발행후만기전사채취득               (20251028900467),,,,https://dart.fss.or.kr/dsaf001/main.do?rcpNo=20260128900577 || https://dart.fss.or.kr/dsaf001/main.do?rcpNo=20251028900467,,,,20260128900577 || 20251028900467,주의,2025.0,-150.1,-41.4,-262.9,CFS,영업이익,dart_OperatingIncomeLoss,-13.6,69.9,영업활동현금흐름,ifrs-full_CashFlowsFromUsedInOperatingActivities,ok,연간 영업이익 YoY 계산 성공,ok,OCF 추출 성공,2026 Q1,3개월,-28.3,-14.3,-97.4,thstrm_amount,frmtrm_q_amount,CFS,fnlttSinglAcntAll,영업이익,dart_OperatingIncomeLoss,ok,3개월 기준 YoY 계산 성공,하락지속,-10,-5,이중적자,,default,2,73.8,65.8,0.0,0.0,0.0,0.0,0.0,OFF,0.0,0.0,0.051043685341500736,SAFE,20.0,29.0,0.0,0.45657015590200445,0,-10.0,-0.455,-20.0,-5.0,20.0,0.6,0.0,0.0,6556.0,0.0,7.0,PYKRX,False,-999.0,-999.0,EXCLUDE,EXCLUDE,-999.0,EXCLUDE,EXCLUDE,0.0
kosdaq,20260714,20260714_2021,065660,안트로젠,도매,18050,43.6,48.4,26.4,-70.8,33.7,-17.6,-30.7,-52.9,-13.8,-30.7,-45.1,0.94,61800,13500,5,1,0,0,148459,52136,9.2,24.4,9.5,2.85,3,0,1,0,0,5일선회복,54.0,-5.8,0.0,-6.3,0.3,1,0,약세,-8,-7,0,-1,-21.9,-24.2,1496.48,,-1.11,-2212.0,-2212.0,-2212.0,10,10,1.0,62.0,54.0,065660,631837,0,0,0,0,,,,,,,,,,,안전,2025.0,-24.3,-37.5,35.1,OFS,영업이익(손실),dart_OperatingIncomeLoss,-10.2,-8.6,영업활동현금흐름,ifrs-full_CashFlowsFromUsedInOperatingActivities,ok,연간 영업이익 YoY 계산 성공,ok,OCF 추출 성공,2026 Q1,3개월,-11.0,-11.0,-0.4,thstrm_amount,frmtrm_q_amount,OFS,fnlttSinglAcntAll,영업이익(손실),dart_OperatingIncomeLoss,ok,3개월 기준 YoY 계산 성공,관망,0,-5,이중적자,,default,-1,56.0,48.0,0.0,0.0,0.0,0.0,0.0,OFF,0.0,0.0,0.10476226690943084,SAFE,20.0,33.0,0.0,0.5732899022801303,4,-10.0,-0.611,-17.0,0.0,13.5,2.07,0.0,0.0,8739.0,0.0,-5.0,PYKRX,False,-999.0,-999.0,EXCLUDE,EXCLUDE,-999.0,EXCLUDE,EXCLUDE,0.0
kosdaq,20260714,20260714_2021,317870,엔바이오니아,기타제조,3605,26.2,4.2,6.5,-80.3,1.8,-14.2,-33.9,-61.4,-20.6,-35.8,-62.8,3.1,18260,3540,0,0,0,0,25134,19836,2.3,1.0,0.9,1.27,0,0,0,0,0,-,97.4,1.1,-0.4,2.1,-0.4,1,8,약세,-8,-7,0,-1,-21.9,-24.2,1496.48,,-1.11,-2212.0,-2212.0,-2212.0,10,10,1.0,105.4,97.4,317870,964595,0,0,0,0,,,,,,,,,,,안전,2025.0,-62.2,-21.1,-195.0,CFS,Ⅳ.영업이익(손실),dart_OperatingIncomeLoss,-60.7,-0.2,영업활동으로 인한 현금흐름,ifrs-full_CashFlowsFromUsedInOperatingActivities,ok,연간 영업이익 YoY 계산 성공,ok,OCF 추출 성공,2026 Q1,3개월,-6.6,-12.7,47.7,thstrm_amount,frmtrm_q_amount,CFS,fnlttSinglAcntAll,Ⅳ.영업이익(손실),dart_OperatingIncomeLoss,ok,3개월 기준 YoY 계산 성공,턴어라운드,20,-5,이중적자,,default,1,121.4,113.4,4.0,0.0,0.0,0.0,0.0,OFF,0.0,0.0,0.04110995126623671,SAFE,20.0,33.0,0.0,0.41887905604719766,0,15.0,0.778,-15.0,8.5,20.0,1.03,0.0,0.0,3508.0,0.0,-5.0,PYKRX,False,-999.0,-999.0,EXCLUDE,EXCLUDE,-999.0,EXCLUDE,EXCLUDE,0.0
kosdaq,20260714,20260714_2021,175140,휴먼테크놀로지,반도체·전자부품,2120,40.7,4.3,-0.5,-69.1,1.7,-9.8,-10.0,-49.6,-10.7,-27.3,-47.8,0.75,6870,2085,0,0,0,0,52167,74575,1.2,1.2,1.8,0.7,0,0,0,0,0,-,63.9,-0.3,0.0,-3.6,0.0,1,0,약세,-8,-7,0,-1,-21.9,-24.2,1496.48,,-1.11,-2212.0,-2212.0,-2212.0,10,10,1.0,63.9,55.9,175140,861997,0,2,0,0,,[20260112] 기타경영사항(자율공시)              (자기전환사채(제9회 전환사채) 소각) (20260112900443) || [20251127] 주요사항보고서(자기전환사채매도결정) (20251127001188),,,,https://dart.fss.or.kr/dsaf001/main.do?rcpNo=20260112900443 || https://dart.fss.or.kr/dsaf001/main.do?rcpNo=20251127001188,,,,20260112900443 || 20251127001188,주의,2025.0,-116.3,-65.9,-76.5,CFS,영업이익(손실),dart_OperatingIncomeLoss,-71.5,-16.2,영업활동으로 인한 현금흐름,ifrs-full_CashFlowsFromUsedInOperatingActivities,ok,연간 영업이익 YoY 계산 성공,ok,OCF 추출 성공,2026 Q1,3개월,-29.6,-19.9,-48.3,thstrm_amount,frmtrm_q_amount,CFS,fnlttSinglAcntAll,영업이익(손실),dart_OperatingIncomeLoss,ok,3개월 기준 YoY 계산 성공,하락지속,-10,-5,이중적자,,default,-3,45.9,37.9,0.0,0.0,0.0,0.0,0.0,OFF,0.0,0.0,0.03886386315051843,SAFE,11.0,1.0,0.0,0.9800000000000001,0,-10.0,-0.167,-20.0,-5.0,15.975,1.29,0.0,0.0,1641.0,0.0,-5.0,PYKRX,False,-999.0,-999.0,EXCLUDE,EXCLUDE,-999.0,EXCLUDE,EXCLUDE,0.0
kosdaq,20260714,20260714_2021,306040,에스제이그룹,가죽·신발,1712,39.5,26.3,33.4,-88.4,5.7,-2.5,-20.0,-78.1,-4.3,-45.2,-70.8,0.73,14800,1620,0,0,0,0,40584,62762,0.8,0.7,1.1,0.65,0,0,0,0,0,-,53.3,0.0,0.0,-0.9,0.0,1,0,약세,-8,-7,0,-1,-21.9,-24.2,1496.48,,-1.11,-2212.0,-2212.0,-2212.0,10,10,1.0,53.3,45.3,306040,1222432,0,0,0,0,,,,,,,,,,,안전,2025.0,-158.6,-32.4,-389.9,CFS,영업이익(손실),dart_OperatingIncomeLoss,-122.4,-12.0,영업활동으로인한 현금흐름,ifrs-full_CashFlowsFromUsedInOperatingActivities,ok,연간 영업이익 YoY 계산 성공,ok,OCF 추출 성공,2026 Q1,3개월,-38.5,-30.7,-25.4,thstrm_amount,frmtrm_q_amount,CFS,fnlttSinglAcntAll,영업이익(손실),dart_OperatingIncomeLoss,ok,3개월 기준 YoY 계산 성공,하락지속,-10,-5,이중적자,,default,2,40.3,32.3,0.0,0.0,0.0,0.0,0.0,OFF,0.0,0.0,0.04087335566487946,SAFE,19.0,1.0,0.0,0.125,3,0.0,0.0,-20.0,-5.0,13.325,0.13,0.0,0.0,13079.0,0.0,7.0,PYKRX,False,-999.0,-999.0,EXCLUDE,EXCLUDE,-999.0,EXCLUDE,EXCLUDE,0.0
kosdaq,20260714,20260714_2021,303530,이노뎁,출판·SW,2535,48.8,11.3,25.0,-66.8,5.8,-6.6,-18.8,-41.0,-9.1,-27.8,-47.8,1.07,7630,2395,5,1,0,0,294710,89512,2.5,9.2,2.7,3.29,0,0,0,0,0,-,46.2,-1.4,0.1,-1.3,0.1,1,8,약세,-8,-7,0,-1,-21.9,-24.2,1496.48,,-1.11,-2212.0,-2212.0,-2212.0,10,10,1.0,59.2,51.2,303530,1264872,0,0,0,0,,,,,,,,,,,안전,2025.0,-29.0,-19.3,-49.8,CFS,영업이익(손실),dart_OperatingIncomeLoss,-43.3,53.8,영업활동현금흐름,ifrs-full_CashFlowsFromUsedInOperatingActivities,ok,연간 영업이익 YoY 계산 성공,ok,OCF 추출 성공,2026 Q1,3개월,-36.5,-36.3,-0.4,thstrm_amount,frmtrm_q_amount,CFS,fnlttSinglAcntAll,영업이익(손실),dart_OperatingIncomeLoss,ok,3개월 기준 YoY 계산 성공,하락지속,-10,-5,이중적자,,default,2,46.2,38.2,2.0,0.0,0.0,0.0,0.0,OFF,0.0,0.0,0.0887191533394465,SAFE,16.0,0.0,0.0,0.351063829787234,0,-10.0,-0.481,-20.0,-5.0,11.55,0.52,0.0,0.0,4859.0,0.0,7.0,PYKRX,False,-999.0,-999.0,EXCLUDE,EXCLUDE,-999.0,EXCLUDE,EXCLUDE,0.0
kosdaq,20260714,20260714_2021,166480,코아스템켐온,제약·바이오,1878,37.2,8.9,19.9,-69.2,85.2,-5.4,-27.2,-23.7,-12.6,-36.1,-21.6,0.95,6100,1014,5,0,1,0,152122,185549,3.4,2.9,4.1,0.82,0,0,0,0,0,-,69.8,-1.2,0.0,-1.3,0.0,1,0,약세,-8,-7,0,-1,-21.9,-24.2,1496.48,,-1.11,-2212.0,-2212.0,-2212.0,10,10,1.0,74.8,66.8,166480,989664,0,9,0,0,,[20251111] 증권발행결과(자율공시)              (유상증자(주주배정후 실권주 일반공모)) (20251111900258) || [20251110] 유상증자또는주식관련사채등의청약결과(자율공시)              (주주배정후 실권주 일반공모) (20251110900403) || [20251105] 유상증자또는주식관련사채등의청약결과(자율공시)              (주주배정후 실권주 일반공모) (20251105900161),,,,https://dart.fss.or.kr/dsaf001/main.do?rcpNo=20251111900258 || https://dart.fss.or.kr/dsaf001/main.do?rcpNo=20251110900403 || https://dart.fss.or.kr/dsaf001/main.do?rcpNo=20251105900161,,,,20251111900258 || 20251110900403 || 20251105900161,주의,2025.0,-212.2,-220.2,3.6,CFS,영업이익(손실),dart_OperatingIncomeLoss,-138.7,-211.2,영업활동현금흐름,ifrs-full_CashFlowsFromUsedInOperatingActivities,ok,연간 영업이익 YoY 계산 성공,ok,OCF 추출 성공,2026 Q1,3개월,-59.9,-38.6,-55.0,thstrm_amount,frmtrm_q_amount,CFS,fnlttSinglAcntAll,영업이익(손실),dart_OperatingIncomeLoss,ok,3개월 기준 YoY 계산 성공,관망,0,-5,이중적자,,default,4,73.8,65.8,0.0,0.0,0.0,0.0,0.0,OFF,0.0,0.0,0.045353044172178156,SAFE,20.0,28.0,0.0,0.1985294117647059,3,-10.0,-0.293,-17.0,0.0,17.45,1.64,0.0,0.0,1147.0,0.0,-5.0,PYKRX,False,-999.0,-999.0,EXCLUDE,EXCLUDE,-999.0,EXCLUDE,EXCLUDE,0.0
kosdaq,20260714,20260714_2021,177900,쓰리에이로직스,반도체·전자부품,3915,36.8,15.4,12.7,-57.0,4.4,-8.6,-30.1,-41.0,-13.8,-29.9,-37.4,0.86,9100,3750,0,0,0,0,33311,42098,1.4,1.3,1.9,0.79,0,0,0,0,0,-,73.4,0.9,0.0,0.3,0.0,1,8,약세,-8,-7,0,-1,-21.9,-24.2,1496.48,,-1.11,-2212.0,-2212.0,-2212.0,10,10,1.0,81.4,73.4,177900,870065,0,0,0,0,,,,,,,,,,,안전,2025.0,-26.9,17.5,-253.6,OFS,영업이익(손실),dart_OperatingIncomeLoss,-18.7,0.9,영업활동현금흐름,ifrs-full_CashFlowsFromUsedInOperatingActivities,ok,연간 영업이익 YoY 계산 성공,ok,OCF 추출 성공,2026 Q1,3개월,2.7,1.0,164.1,thstrm_amount,frmtrm_q_amount,OFS,fnlttSinglAcntAll,영업이익(손실),dart_OperatingIncomeLoss,ok,3개월 기준 YoY 계산 성공,턴어라운드,20,-5,이중적자,,default,2,98.4,90.4,2.0,0.0,0.0,0.0,0.0,OFF,0.0,0.0,0.043144083349835265,SAFE,20.0,32.0,0.0,0.2857142857142857,0,15.0,0.474,-15.0,8.5,18.35,0.8,0.0,0.0,4924.0,0.0,1.0,PYKRX,False,-999.0,-999.0,EXCLUDE,EXCLUDE,-999.0,EXCLUDE,EXCLUDE,0.0
kosdaq,20260714,20260714_2021,365270,큐라클,지주·전문서비스,8490,28.1,15.8,5.2,-59.1,135.8,-18.4,-37.1,-39.1,-27.0,-34.8,-21.9,1.87,20750,3600,0,0,0,0,162155,172795,28.0,15.0,20.9,0.94,0,0,0,0,0,-,90.8,7.2,-0.9,-8.5,38.9,1,8,약세,-8,-7,0,-1,-21.9,-24.2,1496.48,,-1.11,-2212.0,-2212.0,-2212.0,10,10,1.0,98.8,90.8,365270,1397772,0,4,0,0,,[20250908] 유상증자또는주식관련사채등의청약결과(자율공시)              (주주배정후 실권주 일반공모) (20250908900074) || [20250903] 유상증자또는주식관련사채등의청약결과(자율공시)              (주주배정후 실권주 일반공모) (20250903900093) || [20250828] [기재정정]주요사항보고서(유상증자결정) (20250828000546),,,,https://dart.fss.or.kr/dsaf001/main.do?rcpNo=20250908900074 || https://dart.fss.or.kr/dsaf001/main.do?rcpNo=20250903900093 || https://dart.fss.or.kr/dsaf001/main.do?rcpNo=20250828000546,,,,20250908900074 || 20250903900093 || 20250828000546,주의,2025.0,-165.0,-126.3,-30.6,OFS,영업이익(손실),dart_OperatingIncomeLoss,-134.5,-95.1,영업활동현금흐름,ifrs-full_CashFlowsFromUsedInOperatingActivities,ok,연간 영업이익 YoY 계산 성공,ok,OCF 추출 성공,2026 Q1,3개월,-30.0,-36.5,17.8,thstrm_amount,frmtrm_q_amount,OFS,fnlttSinglAcntAll,영업이익(손실),dart_OperatingIncomeLoss,ok,3개월 기준 YoY 계산 성공,턴어라운드,20,-5,이중적자,,default,1,114.8,106.8,2.0,0.0,0.0,0.0,0.0,OFF,0.0,0.0,0.07066740566643805,SAFE,11.0,7.0,0.0,0.4959568733153638,0,15.0,0.301,-15.0,6.0,20.0,4.81,0.0,0.0,1765.0,0.0,-5.0,PYKRX,False,-999.0,-999.0,EXCLUDE,EXCLUDE,-999.0,EXCLUDE,EXCLUDE,0.0
kosdaq,20260714,20260714_2021,217500,러셀,기계·장비,1345,35.4,19.1,21.7,-77.3,6.1,-4.9,-27.2,-48.5,-11.2,-34.4,-45.5,1.1,5930,1268,5,0,1,0,131622,168254,2.4,1.8,2.6,0.78,4,0,0,0,1,거래량동반양봉,70.0,-1.0,0.0,2.8,-4.6,1,0,약세,-8,-7,0,-1,-21.9,-24.2,1496.48,,-1.11,-2212.0,-2212.0,-2212.0,10,10,1.0,79.0,71.0,217500,1068348,0,0,0,0,,,,,,,,,,,안전,2025.0,-51.7,20.4,-353.0,CFS,영업이익(손실),dart_OperatingIncomeLoss,-38.3,23.2,영업활동현금흐름,ifrs-full_CashFlowsFromUsedInOperatingActivities,ok,연간 영업이익 YoY 계산 성공,ok,OCF 추출 성공,2026 Q1,3개월,-3.5,-15.6,77.7,thstrm_amount,frmtrm_q_amount,CFS,fnlttSinglAcntAll,영업이익(손실),dart_OperatingIncomeLoss,ok,3개월 기준 YoY 계산 성공,턴어라운드,20,-5,이중적자,,default,4,98.0,90.0,3.0,0.0,0.0,0.0,0.0,OFF,0.0,0.0,0.048241549833016734,SAFE,20.0,32.0,0.0,0.18014705882352944,7,-10.0,-0.385,-15.0,8.5,17.5,0.72,0.0,2.23,1871.0,0.0,10.0,PYKRX,False,-999.0,-999.0,EXCLUDE,EXCLUDE,-999.0,EXCLUDE,EXCLUDE,0.0
kosdaq,20260714,20260714_2021,393890,더블유씨피,전기장비,8170,33.9,6.1,14.2,-61.7,35.9,-8.5,-38.3,-51.4,-18.6,-38.5,-21.9,0.71,21350,6010,5,0,1,0,164829,218386,12.7,13.9,22.6,0.75,0,0,0,0,0,-,78.5,0.7,3.0,41.0,-17.0,1,15,약세,-8,-7,0,-1,-21.9,-24.2,1496.48,,-1.11,-2212.0,-2212.0,-2212.0,10,10,1.0,98.5,90.5,393890,1291317,0,4,0,0,,[20260511] [기재정정]주요사항보고서(전환사채권발행결정) (20260511000705) || [20260430] [기재정정]주요사항보고서(전환사채권발행결정) (20260430001600) || [20260407] 주요사항보고서(전환사채권발행결정) (20260407003551),,,,https://dart.fss.or.kr/dsaf001/main.do?rcpNo=20260511000705 || https://dart.fss.or.kr/dsaf001/main.do?rcpNo=20260430001600 || https://dart.fss.or.kr/dsaf001/main.do?rcpNo=20260407003551,,,,20260511000705 || 20260430001600 || 20260407003551,주의,2025.0,-1276.4,-709.4,-79.9,CFS,영업이익(손실),dart_OperatingIncomeLoss,-274.6,-158.1,영업활동현금흐름,ifrs-full_CashFlowsFromUsedInOperatingActivities,ok,연간 영업이익 YoY 계산 성공,ok,OCF 추출 성공,2026 Q1,3개월,-205.1,-304.3,32.6,thstrm_amount,frmtrm_q_amount,CFS,fnlttSinglAcntAll,영업이익(손실),dart_OperatingIncomeLoss,ok,3개월 기준 YoY 계산 성공,턴어라운드,20,-5,이중적자,,default,2,115.5,107.5,4.0,0.0,0.0,0.0,0.0,OFF,0.0,0.0,0.05350663640359344,SAFE,20.0,27.0,0.0,0.22193211488250655,3,13.0,0.164,-15.0,8.5,19.625,0.31,0.0,0.0,26430.0,0.0,7.0,PYKRX,False,-999.0,-999.0,EXCLUDE,EXCLUDE,-999.0,EXCLUDE,EXCLUDE,0.0
kosdaq,20260714,20260714_2021,308430,셀비온,제약·바이오,12770,32.1,8.7,-7.0,-69.7,4.2,-20.2,-29.3,-57.6,-20.7,-38.9,-46.2,1.2,42200,12260,0,0,0,0,31005,35993,5.5,4.3,5.8,0.86,0,0,0,0,0,-,87.5,2.9,0.2,-6.9,8.9,1,15,약세,-8,-7,0,-1,-21.9,-24.2,1496.48,,-1.11,-2212.0,-2212.0,-2212.0,10,10,1.0,102.5,94.5,308430,1275489,0,4,0,0,,[20260422] [기재정정]주요사항보고서(유상증자결정) (20260422000666) || [20260422] [기재정정]주요사항보고서(전환사채권발행결정) (20260422000658) || [20260415] 주요사항보고서(전환사채권발행결정) (20260415000475),,,,https://dart.fss.or.kr/dsaf001/main.do?rcpNo=20260422000666 || https://dart.fss.or.kr/dsaf001/main.do?rcpNo=20260422000658 || https://dart.fss.or.kr/dsaf001/main.do?rcpNo=20260415000475,,,,20260422000666 || 20260422000658 || 20260415000475,주의,2025.0,-0.1,0.0,-779.7,OFS,기타영업외손익,dart_NonOperatingProfitLoss,-55.5,-47.8,영업활동현금흐름,ifrs-full_CashFlowsFromUsedInOperatingActivities,ok,연간 영업이익 YoY 계산 성공,ok,OCF 추출 성공,2026 Q1,3개월,0.1,0.0,1277.9,thstrm_amount,frmtrm_q_amount,OFS,fnlttSinglAcntAll,기타영업외손익,dart_NonOperatingProfitLoss,ok,3개월 기준 YoY 계산 성공,턴어라운드,20,-5,이중적자,,default,-1,116.5,108.5,4.0,0.0,0.0,0.0,0.0,OFF,0.0,0.0,0.054228245745540395,SAFE,18.0,6.0,0.0,0.6894197952218429,0,15.0,0.534,-15.0,8.5,20.0,7.19,0.0,0.0,1776.0,0.0,-5.0,PYKRX,False,-999.0,-999.0,EXCLUDE,EXCLUDE,-999.0,EXCLUDE,EXCLUDE,0.0
kosdaq,20260714,20260714_2021,376270,HEM파마,지주·전문서비스,40650,40.0,21.5,27.3,-58.3,125.8,-4.4,-15.8,-35.4,-7.6,-20.0,-22.7,0.77,97500,18000,0,0,0,0,11886,14891,4.6,4.8,6.6,0.8,6,0,1,1,0,5일선회복/+3%반등,54.1,2.1,-3.5,-0.8,-2.1,1,8,약세,-8,-7,0,-1,-21.9,-24.2,1496.48,,-1.11,-2212.0,-2212.0,-2212.0,10,10,1.0,68.1,60.1,376270,1480708,0,4,0,0,,[20260619] [기재정정]주요사항보고서(전환사채권발행결정) (20260619000658) || [20251030] [기재정정]주요사항보고서(전환사채권발행결정) (20251030000461) || [20251023] [기재정정]주요사항보고서(전환사채권발행결정) (20251023000397),,,,https://dart.fss.or.kr/dsaf001/main.do?rcpNo=20260619000658 || https://dart.fss.or.kr/dsaf001/main.do?rcpNo=20251030000461 || https://dart.fss.or.kr/dsaf001/main.do?rcpNo=20251023000397,,,,20260619000658 || 20251030000461 || 20251023000397,주의,2025.0,-155.8,-76.8,-102.9,CFS,영업이익(손실),dart_OperatingIncomeLoss,-83.4,-76.8,영업활동현금흐름,ifrs-full_CashFlowsFromUsedInOperatingActivities,ok,연간 영업이익 YoY 계산 성공,ok,OCF 추출 성공,2026 Q1,3개월,-38.4,-23.6,-62.6,thstrm_amount,frmtrm_q_amount,CFS,fnlttSinglAcntAll,영업이익(손실),dart_OperatingIncomeLoss,ok,3개월 기준 YoY 계산 성공,하락지속,-10,-5,이중적자,,default,0,53.1,45.1,2.0,0.0,0.0,0.0,0.0,OFF,0.0,0.0,0.04895968061206936,SAFE,12.0,0.0,0.0,0.27848101265822783,8,-10.0,-0.212,-20.0,-5.0,13.525,58.24,0.0,0.0,698.0,0.0,-5.0,PYKRX,False,-999.0,-999.0,EXCLUDE,EXCLUDE,-999.0,EXCLUDE,EXCLUDE,0.0
kosdaq,20260714,20260714_2021,147760,피엠티,의료·정밀·광학,3790,43.5,37.6,27.2,-61.8,120.2,3.3,-42.6,44.4,-12.2,-33.5,7.8,0.57,9920,1721,10,1,1,0,237716,169456,3.7,8.9,7.4,1.4,6,0,1,1,0,5일선회복/+3%반등,53.9,2.5,-2.5,1.0,0.1,1,8,약세,-8,-7,0,-1,-21.9,-24.2,1496.48,,-1.11,-2212.0,-2212.0,-2212.0,10,10,1.0,77.9,69.9,147760,654175,0,7,0,0,,[20260623] 유상증자또는주식관련사채등의청약결과(자율공시)               (20260623900201) || [20260617] [기재정정]주요사항보고서(유상증자결정) (20260617000192) || [20260617] 유상증자최종발행가액확정               (20260617900252),,,,https://dart.fss.or.kr/dsaf001/main.do?rcpNo=20260623900201 || https://dart.fss.or.kr/dsaf001/main.do?rcpNo=20260617000192 || https://dart.fss.or.kr/dsaf001/main.do?rcpNo=20260617900252,,,,20260623900201 || 20260617000192 || 20260617900252,주의,2025.0,-204.0,-131.0,-55.7,OFS,영업이익(손실),dart_OperatingIncomeLoss,-95.4,-56.5,영업활동현금흐름,ifrs-full_CashFlowsFromUsedInOperatingActivities,ok,연간 영업이익 YoY 계산 성공,ok,OCF 추출 성공,2026 Q1,3개월,1.6,-36.7,104.4,thstrm_amount,frmtrm_q_amount,OFS,fnlttSinglAcntAll,영업이익(손실),dart_OperatingIncomeLoss,ok,3개월 기준 YoY 계산 성공,턴어라운드,20,-5,이중적자,,default,5,97.9,89.9,2.0,0.0,0.0,0.0,0.0,OFF,0.0,0.0,0.08084696364076632,SAFE,20.0,20.0,0.0,-0.07746478873239436,11,0.0,0.0,-15.0,8.5,13.475,5.66,0.0,0.0,670.0,0.0,-5.0,PYKRX,False,-999.0,-999.0,EXCLUDE,EXCLUDE,-999.0,EXCLUDE,EXCLUDE,0.0
kosdaq,20260714,20260714_2021,317770,엑스페릭스,반도체·전자부품,2250,44.7,20.3,3.4,-52.5,6.6,-9.1,-14.6,-31.8,-9.9,-22.9,-28.4,0.52,4735,2110,5,0,0,1,124958,205621,2.4,2.9,5.2,0.61,0,0,0,0,0,-,56.3,0.4,0.1,-3.5,0.1,1,15,약세,-8,-7,0,-1,-21.9,-24.2,1496.48,,-1.11,-2212.0,-2212.0,-2212.0,10,10,1.0,76.3,68.3,317770,1231786,0,27,0,0,,[20260629] [기재정정]주요사항보고서(전환사채권발행결정) (20260629000557) || [20260529] [기재정정]주요사항보고서(전환사채권발행결정) (20260529002142) || [20260528] 신주인수권부사채(해외신주인수권부사채포함)발행후만기전사채취득              (제2회차) (20260528900734),,,,https://dart.fss.or.kr/dsaf001/main.do?rcpNo=20260629000557 || https://dart.fss.or.kr/dsaf001/main.do?rcpNo=20260529002142 || https://dart.fss.or.kr/dsaf001/main.do?rcpNo=20260528900734,,,,20260629000557 || 20260529002142 || 20260528900734,주의,2025.0,-14.1,-32.5,56.7,CFS,영업이익(손실),dart_OperatingIncomeLoss,-25.0,-33.2,영업활동현금흐름,ifrs-full_CashFlowsFromUsedInOperatingActivities,ok,연간 영업이익 YoY 계산 성공,ok,OCF 추출 성공,2026 Q1,3개월,-8.2,-4.7,-72.4,thstrm_amount,frmtrm_q_amount,CFS,fnlttSinglAcntAll,영업손실,dart_OperatingIncomeLoss,ok,3개월 기준 YoY 계산 성공,피크아웃,-15,-5,이중적자,,default,-3,53.3,45.3,7.0,0.0,0.0,0.0,0.0,OFF,0.0,0.0,0.04277122359969786,SAFE,14.0,5.0,0.0,0.6232876712328766,0,8.0,0.096,-17.0,-7.5,14.075,0.92,0.0,0.0,2444.0,0.0,1.0,PYKRX,False,-999.0,-999.0,EXCLUDE,EXCLUDE,-999.0,EXCLUDE,EXCLUDE,0.0
kosdaq,20260714,20260714_2021,115180,큐리언트,지주·전문서비스,17090,33.6,12.6,7.6,-72.8,79.5,-15.2,-34.0,-50.8,-19.2,-33.8,-41.0,1.4,62900,9520,0,0,0,0,125022,127072,31.2,22.5,27.0,0.98,0,0,0,0,0,-,82.9,10.4,-0.5,47.1,-7.5,1,8,약세,-8,-7,0,-1,-21.9,-24.2,1496.48,,-1.11,-2212.0,-2212.0,-2212.0,10,10,1.0,90.9,82.9,115180,1042650,0,4,0,0,,[20251222] [기재정정]유상증자결정(종속회사의주요경영사항)               (20251222900729) || [20251219] 유상증자결정(종속회사의주요경영사항)               (20251219900004) || [20251029] 주요사항보고서(전환사채권발행결정) (20251029000238),,,,https://dart.fss.or.kr/dsaf001/main.do?rcpNo=20251222900729 || https://dart.fss.or.kr/dsaf001/main.do?rcpNo=20251219900004 || https://dart.fss.or.kr/dsaf001/main.do?rcpNo=20251029000238,,,,20251222900729 || 20251219900004 || 20251029000238,주의,2025.0,-297.6,-274.8,-8.3,CFS,영업이익(손실),dart_OperatingIncomeLoss,-286.7,-233.2,영업활동현금흐름,ifrs-full_CashFlowsFromUsedInOperatingActivities,ok,연간 영업이익 YoY 계산 성공,ok,OCF 추출 성공,2026 Q1,3개월,-76.7,-67.2,-14.0,thstrm_amount,frmtrm_q_amount,CFS,fnlttSinglAcntAll,영업이익(손실),dart_OperatingIncomeLoss,ok,3개월 기준 YoY 계산 성공,하락지속,-10,-5,이중적자,,default,0,75.9,67.9,2.0,0.0,0.0,0.0,0.0,OFF,0.0,0.0,0.06904781592837984,SAFE,20.0,21.0,0.0,0.44705882352941173,0,15.0,0.367,-20.0,-5.0,20.0,18.9,0.0,0.0,904.0,0.0,-5.0,PYKRX,False,-999.0,-999.0,EXCLUDE,EXCLUDE,-999.0,EXCLUDE,EXCLUDE,0.0
kosdaq,20260714,20260714_2021,032580,피델릭스,반도체·전자부품,4810,43.4,34.4,30.5,-50.9,465.9,-1.6,-12.2,347.9,-8.6,1.4,135.6,0.48,9790,850,0,0,0,0,1010814,1396926,33.2,50.2,75.0,0.72,3,0,0,1,0,+3%반등,43.8,-2.2,0.0,-69.7,3.0,1,0,약세,-8,-7,0,-1,-21.9,-24.2,1496.48,,-1.11,-2212.0,-2212.0,-2212.0,10,10,1.0,46.8,38.8,032580,189538,0,0,0,0,,,,,,,,,,,안전,2025.0,-20.7,-45.3,54.4,OFS,영업이익(손실),dart_OperatingIncomeLoss,-24.3,-15.5,영업활동현금흐름,ifrs-full_CashFlowsFromUsedInOperatingActivities,ok,연간 영업이익 YoY 계산 성공,ok,OCF 추출 성공,2026 Q1,3개월,43.3,-6.2,793.8,thstrm_amount,frmtrm_q_amount,OFS,fnlttSinglAcntAll,영업이익(손실),dart_OperatingIncomeLoss,ok,3개월 기준 YoY 계산 성공,성장지속,10,-5,이중적자,,default,2,53.8,45.8,0.0,0.0,0.0,0.0,0.0,OFF,0.0,0.0,0.09264217511704397,SAFE,9.0,1.0,0.0,0.13114754098360656,7,0.0,-0.029,-12.0,5.5,10.95,3.56,0.0,0.0,1353.0,0.0,-5.0,PYKRX,False,-999.0,-999.0,EXCLUDE,EXCLUDE,-999.0,EXCLUDE,EXCLUDE,0.0
kosdaq,20260714,20260714_2021,093640,케이알엠,반도체·전자부품,3155,45.8,2.8,14.1,-49.4,4.8,-6.1,-3.1,-26.8,-6.2,-19.3,-22.0,0.35,6230,3010,0,0,0,0,43893,92917,1.0,1.4,3.1,0.47,0,0,0,0,0,-,47.0,0.4,0.0,-1.6,-2.4,1,3,약세,-8,-7,0,-1,-21.9,-24.2,1496.48,,-1.11,-2212.0,-2212.0,-2212.0,10,10,1.0,50.0,42.0,093640,536888,0,4,0,0,,[20260714] [첨부정정]주요사항보고서(전환사채권발행결정) (20260714000328) || [20260319] 전환사채(해외전환사채포함)발행후만기전사채취득              (제4회차) (20260319900613) || [20251219] 전환사채(해외전환사채포함)발행후만기전사채취득              (제4회차) (20251219900546),,,,https://dart.fss.or.kr/dsaf001/main.do?rcpNo=20260714000328 || https://dart.fss.or.kr/dsaf001/main.do?rcpNo=20260319900613 || https://dart.fss.or.kr/dsaf001/main.do?rcpNo=20251219900546,,,,20260714000328 || 20260319900613 || 20251219900546,주의,2025.0,-102.1,-98.8,-3.4,CFS,영업이익(손실),dart_OperatingIncomeLoss,-41.5,-49.2,영업활동현금흐름,ifrs-full_CashFlowsFromUsedInOperatingActivities,ok,연간 영업이익 YoY 계산 성공,ok,OCF 추출 성공,2026 Q1,3개월,-17.8,-25.6,30.4,thstrm_amount,frmtrm_q_amount,CFS,fnlttSinglAcntAll,영업이익(손실),dart_OperatingIncomeLoss,ok,3개월 기준 YoY 계산 성공,관망,0,-5,이중적자,,default,-3,42.0,34.0,2.0,0.0,0.0,0.0,0.0,OFF,0.0,0.0,0.052267309128915244,SAFE,8.0,0.0,0.0,1.9677419354838708,0,5.0,0.129,-15.0,2.5,11.75,1.46,0.0,0.0,2159.0,0.0,-5.0,PYKRX,False,-999.0,-999.0,EXCLUDE,EXCLUDE,-999.0,EXCLUDE,EXCLUDE,0.0
kosdaq,20260714,20260714_2021,370090,퓨런티어,의료·정밀·광학,6270,33.9,17.6,15.3,-66.9,5.4,-8.7,-33.7,-48.9,-14.6,-36.0,-50.5,2.26,18930,5950,0,0,0,0,35918,32487,4.7,2.4,2.4,1.11,0,0,0,0,0,-,82.4,0.3,0.0,7.4,0.0,1,8,약세,-8,-7,0,-1,-21.9,-24.2,1496.48,,-1.11,-2212.0,-2212.0,-2212.0,10,10,1.0,90.4,82.4,370090,1357446,0,0,0,0,,,,,,,,,,,안전,2025.0,-71.6,-37.5,-91.0,OFS,영업이익(손실),dart_OperatingIncomeLoss,-54.8,-7.1,영업활동현금흐름,ifrs-full_CashFlowsFromUsedInOperatingActivities,ok,연간 영업이익 YoY 계산 성공,ok,OCF 추출 성공,2026 Q1,3개월,-14.4,-20.8,30.9,thstrm_amount,frmtrm_q_amount,OFS,fnlttSinglAcntAll,영업이익(손실),dart_OperatingIncomeLoss,ok,3개월 기준 YoY 계산 성공,턴어라운드,20,-5,이중적자,,default,1,106.4,98.4,2.0,0.0,0.0,0.0,0.0,OFF,0.0,0.0,0.04610009569770329,SAFE,20.0,33.0,0.0,0.258160237388724,0,5.0,0.125,-15.0,8.5,20.0,1.3,0.0,0.0,4810.0,0.0,-5.0,PYKRX,False,-999.0,-999.0,EXCLUDE,EXCLUDE,-999.0,EXCLUDE,EXCLUDE,0.0
kosdaq,20260714,20260714_2021,063080,컴투스홀딩스,출판·SW,10810,46.3,10.0,10.2,-66.6,2.9,-12.7,-24.5,-45.0,-12.9,-24.3,-39.5,0.72,32350,10510,0,0,0,0,23161,27841,2.3,2.6,3.4,0.83,0,0,0,0,0,-,58.7,2.6,-1.0,6.5,-1.2,1,8,약세,-8,-7,0,-1,-21.9,-24.2,1496.48,,-1.11,-2212.0,-2212.0,-2212.0,10,10,1.0,66.7,58.7,063080,535746,0,1,0,0,,[20250814] 전환사채(해외전환사채포함)발행후만기전사채취득               (20250814902274),,,,https://dart.fss.or.kr/dsaf001/main.do?rcpNo=20250814902274,,,,20250814902274,주의,2025.0,-68.2,-505.5,86.5,CFS,영업이익(손실),dart_OperatingIncomeLoss,-240.6,-86.4,영업활동현금흐름,ifrs-full_CashFlowsFromUsedInOperatingActivities,ok,연간 영업이익 YoY 계산 성공,ok,OCF 추출 성공,2026 Q1,3개월,-97.1,-32.0,-204.0,thstrm_amount,frmtrm_q_amount,CFS,fnlttSinglAcntAll,영업이익(손실),dart_OperatingIncomeLoss,ok,3개월 기준 YoY 계산 성공,피크아웃,-15,-5,이중적자,,default,-3,43.7,35.7,2.0,0.0,4.32,0.0,0.0,OFF,0.0,0.0,0.06357296219758234,SAFE,18.0,7.0,0.0,0.5183673469387755,0,15.0,0.471,-17.0,-7.5,14.675,0.28,6.51,0.0,38461.0,1661.0,12.0,PYKRX,False,-999.0,-999.0,EXCLUDE,EXCLUDE,-999.0,EXCLUDE,EXCLUDE,0.0
kosdaq,20260714,20260714_2021,179900,유티아이,반도체·전자부품,3130,39.8,14.1,32.7,-89.3,9.8,-23.7,-82.2,-84.3,-45.0,-77.8,-84.8,0.51,29300,2850,0,0,0,0,350979,736952,12.1,12.2,37.8,0.48,4,0,0,0,1,거래량동반양봉,61.2,-6.2,-0.5,60.4,-8.9,1,0,약세,-8,-7,0,-1,-21.9,-24.2,1496.48,,-1.11,-2212.0,-2212.0,-2212.0,10,10,1.0,65.2,57.2,179900,961774,0,12,0,0,,[20260708] 주요사항보고서(전환사채권발행결정) (20260707000469) || [20260629] 전환사채(해외전환사채포함)발행후만기전사채취득              (제2회차) (20260629900578) || [20260601] 전환사채(해외전환사채포함)발행후만기전사채취득              (제1회차) (20260601901560),,,,https://dart.fss.or.kr/dsaf001/main.do?rcpNo=20260707000469 || https://dart.fss.or.kr/dsaf001/main.do?rcpNo=20260629900578 || https://dart.fss.or.kr/dsaf001/main.do?rcpNo=20260601901560,,,,20260707000469 || 20260629900578 || 20260601901560,주의,2025.0,-483.1,-322.4,-49.8,CFS,영업이익(손실),dart_OperatingIncomeLoss,-352.3,-313.1,영업활동현금흐름,ifrs-full_CashFlowsFromUsedInOperatingActivities,ok,연간 영업이익 YoY 계산 성공,ok,OCF 추출 성공,2026 Q1,3개월,-131.8,-96.7,-36.2,thstrm_amount,frmtrm_q_amount,CFS,fnlttSinglAcntAll,영업이익(손실),dart_OperatingIncomeLoss,ok,3개월 기준 YoY 계산 성공,하락지속,-10,-5,이중적자,,default,0,50.2,42.2,3.0,0.0,0.0,0.0,0.0,OFF,0.0,0.0,0.12776656943085435,SAFE,20.0,28.0,0.0,0.28832116788321166,4,-10.0,-0.177,-20.0,-5.0,15.3,0.94,0.0,0.0,3344.0,0.0,1.0,PYKRX,False,-999.0,-999.0,EXCLUDE,EXCLUDE,-999.0,EXCLUDE,EXCLUDE,0.0
kosdaq,20260714,20260714_2021,191420,테고사이언스,제약·바이오,6300,42.2,12.2,8.8,-67.7,2.9,-5.4,-21.1,-47.2,-9.5,-29.5,-53.7,0.86,19500,6120,0,0,0,0,7714,10277,0.6,0.5,0.7,0.75,0,0,0,0,0,-,63.2,-0.7,-0.1,-0.6,-2.4,1,0,약세,-8,-7,0,-1,-21.9,-24.2,1496.48,,-1.11,-2212.0,-2212.0,-2212.0,10,10,1.0,63.2,55.2,191420,926522,0,0,0,0,,,,,,,,,,,안전,2025.0,-44.2,-22.3,-98.4,CFS,영업이익,dart_OperatingIncomeLoss,-30.7,-11.6,영업활동 현금흐름,ifrs-full_CashFlowsFromUsedInOperatingActivities,ok,연간 영업이익 YoY 계산 성공,ok,OCF 추출 성공,2026 Q1,3개월,-18.7,-8.9,-110.2,thstrm_amount,frmtrm_q_amount,CFS,fnlttSinglAcntAll,영업이익,dart_OperatingIncomeLoss,ok,3개월 기준 YoY 계산 성공,하락지속,-10,-5,이중적자,,default,2,50.2,42.2,0.0,0.0,0.0,0.0,0.0,OFF,0.0,0.0,0.04242233392052366,SAFE,18.0,6.0,0.0,0.2559241706161137,0,-10.0,-1.143,-20.0,-5.0,15.8,1.0,0.0,0.0,6308.0,0.0,-5.0,PYKRX,False,-999.0,-999.0,EXCLUDE,EXCLUDE,-999.0,EXCLUDE,EXCLUDE,0.0
kosdaq,20260714,20260714_2021,200350,아티스트스튜디오,미디어·엔터,1786,40.7,5.3,27.6,-84.1,1.9,-13.9,-45.5,-64.6,-18.5,-46.0,-66.6,0.26,11230,1752,0,0,0,0,43294,65374,0.3,0.8,1.6,0.66,0,0,0,0,0,-,62.9,0.3,0.0,0.9,0.0,1,8,약세,-8,-7,0,-1,-21.9,-24.2,1496.48,,-1.11,-2212.0,-2212.0,-2212.0,10,10,1.0,70.9,62.900000000000006,200350,990819,0,0,0,0,,,,,,,,,,,안전,2025.0,-30.1,-73.2,58.9,CFS,영업이익(손실),dart_OperatingIncomeLoss,-106.0,0.1,영업활동으로 인한 현금흐름,ifrs-full_CashFlowsFromUsedInOperatingActivities,ok,연간 영업이익 YoY 계산 성공,ok,OCF 추출 성공,2026 Q1,3개월,-4.2,-6.9,38.2,thstrm_amount,frmtrm_q_amount,CFS,fnlttSinglAcntAll,영업이익(손실),dart_OperatingIncomeLoss,ok,3개월 기준 YoY 계산 성공,성장지속,10,-5,이중적자,,default,0,75.9,67.9,2.0,0.0,0.0,0.0,0.0,OFF,0.0,0.0,0.08086359067121711,SAFE,20.0,33.0,0.0,0.3054945054945055,0,10.0,0.187,-12.0,5.5,15.725,0.36,0.0,0.0,4955.0,0.0,7.0,PYKRX,False,-999.0,-999.0,EXCLUDE,EXCLUDE,-999.0,EXCLUDE,EXCLUDE,0.0
kosdaq,20260714,20260714_2021,383930,디티앤씨알오,지주·전문서비스,1627,45.5,38.6,33.7,-60.5,13.8,-10.1,-36.2,-55.8,-9.2,-33.2,-43.4,0.75,4115,1430,0,0,0,0,41079,88015,1.1,0.7,1.6,0.47,7,0,0,1,1,+3%반등/거래량동반양봉,48.3,-0.3,0.0,0.4,0.0,1,0,약세,-8,-7,0,-1,-21.9,-24.2,1496.48,,-1.11,-2212.0,-2212.0,-2212.0,10,10,1.0,55.3,47.3,383930,1437432,0,7,0,0,,[20260226] [기재정정]주요사항보고서(전환사채권발행결정) (20260226003200) || [20260226] [기재정정]주요사항보고서(신주인수권부사채권발행결정) (20260226003117) || [20260223] 전환사채(해외전환사채포함)발행후만기전사채취득              (제1회차) (20260223900955),,,,https://dart.fss.or.kr/dsaf001/main.do?rcpNo=20260226003200 || https://dart.fss.or.kr/dsaf001/main.do?rcpNo=20260226003117 || https://dart.fss.or.kr/dsaf001/main.do?rcpNo=20260223900955,,,,20260226003200 || 20260226003117 || 20260223900955,주의,2025.0,-57.4,-113.0,49.2,OFS,영업이익(손실),dart_OperatingIncomeLoss,-22.6,-64.0,영업활동현금흐름,ifrs-full_CashFlowsFromUsedInOperatingActivities,ok,연간 영업이익 YoY 계산 성공,ok,OCF 추출 성공,2026 Q1,3개월,-35.8,-34.9,-2.8,thstrm_amount,frmtrm_q_amount,OFS,fnlttSinglAcntAll,영업이익(손실),dart_OperatingIncomeLoss,ok,3개월 기준 YoY 계산 성공,관망,0,-5,이중적자,,default,0,50.3,42.3,3.0,0.0,0.0,0.0,0.0,OFF,0.0,0.0,0.06378576936005328,SAFE,20.0,20.0,0.0,0.2790055248618784,8,-10.0,-0.187,-17.0,0.0,12.075,0.83,0.0,0.0,1963.0,0.0,7.0,PYKRX,False,-999.0,-999.0,EXCLUDE,EXCLUDE,-999.0,EXCLUDE,EXCLUDE,0.0
kosdaq,20260714,20260714_2021,199800,툴젠,지주·전문서비스,41150,38.1,53.1,51.1,-71.0,54.4,20.0,-4.3,-34.3,0.5,-33.2,-30.3,0.66,142000,26650,5,0,1,0,37062,46865,13.2,15.0,20.0,0.79,6,0,1,1,0,5일선회복/+3%반등,40.0,-2.9,0.0,-36.0,-0.2,1,0,약세,-8,-7,0,-1,-21.9,-24.2,1496.48,,-1.11,-2212.0,-2212.0,-2212.0,10,10,1.0,51.0,43.0,199800,547510,0,2,0,0,,[20260622] [기재정정]주요사항보고서(유상증자결정) (20260622000078) || [20260515] 주요사항보고서(유상증자결정) (20260515001595),,,,https://dart.fss.or.kr/dsaf001/main.do?rcpNo=20260622000078 || https://dart.fss.or.kr/dsaf001/main.do?rcpNo=20260515001595,,,,20260622000078 || 20260515001595,주의,2025.0,-232.9,-218.0,-6.9,CFS,영업이익(손실),dart_OperatingIncomeLoss,-202.2,-164.6,영업활동현금흐름,ifrs-full_CashFlowsFromUsedInOperatingActivities,ok,연간 영업이익 YoY 계산 성공,ok,OCF 추출 성공,2026 Q1,3개월,-45.9,-46.1,0.4,thstrm_amount,frmtrm_q_amount,CFS,fnlttSinglAcntAll,영업이익(손실),dart_OperatingIncomeLoss,ok,3개월 기준 YoY 계산 성공,관망,0,-5,이중적자,,default,5,51.0,43.0,0.0,0.0,0.0,0.0,0.0,OFF,0.0,0.0,0.08049828615683355,SAFE,17.0,0.0,0.0,-4.651162790697675,11,0.0,-0.145,-18.0,0.0,10.0,6.61,0.0,0.0,6229.0,0.0,-5.0,PYKRX,False,-999.0,-999.0,EXCLUDE,EXCLUDE,-999.0,EXCLUDE,EXCLUDE,0.0
kosdaq,20260714,20260714_2021,217330,싸이토젠,지주·전문서비스,2995,42.9,26.8,34.0,-73.3,32.5,-0.2,-29.2,-25.8,-7.6,-28.6,-36.6,0.77,11200,2260,5,0,1,0,87256,106141,2.4,2.6,3.6,0.82,3,0,0,1,0,+3%반등,52.5,0.4,0.0,2.4,0.1,1,8,약세,-8,-7,0,-1,-21.9,-24.2,1496.48,,-1.11,-2212.0,-2212.0,-2212.0,10,10,1.0,68.5,60.5,217330,1046391,0,5,0,0,,[20260518] 주요사항보고서(전환사채권발행결정) (20260518000364) || [20260423] [기재정정]주요사항보고서(전환사채권발행결정) (20260423000730) || [20260423] 전환사채(해외전환사채포함)발행후만기전사채취득              (제6회차) (20260423900847),,,,https://dart.fss.or.kr/dsaf001/main.do?rcpNo=20260518000364 || https://dart.fss.or.kr/dsaf001/main.do?rcpNo=20260423000730 || https://dart.fss.or.kr/dsaf001/main.do?rcpNo=20260423900847,,,,20260518000364 || 20260423000730 || 20260423900847,주의,2025.0,-81.6,-106.7,23.5,CFS,영업이익(손실),dart_OperatingIncomeLoss,-69.5,-95.3,영업활동현금흐름,ifrs-full_CashFlowsFromUsedInOperatingActivities,ok,연간 영업이익 YoY 계산 성공,ok,OCF 추출 성공,2026 Q1,3개월,-14.7,-23.7,37.9,thstrm_amount,frmtrm_q_amount,CFS,fnlttSinglAcntAll,영업이익(손실),dart_OperatingIncomeLoss,ok,3개월 기준 YoY 계산 성공,성장지속,10,-5,이중적자,,default,2,75.5,67.5,2.0,0.0,0.0,0.0,0.0,OFF,0.0,0.0,0.05061669110945939,SAFE,20.0,33.0,0.0,0.006849315068493151,7,5.0,0.111,-12.0,5.5,13.125,1.95,0.0,0.0,1538.0,0.0,-5.0,PYKRX,False,-999.0,-999.0,EXCLUDE,EXCLUDE,-999.0,EXCLUDE,EXCLUDE,0.0
kosdaq,20260714,20260714_2021,053030,바이넥스,제약·바이오,6700,41.6,10.3,13.3,-65.1,1.8,-6.6,-18.3,-39.8,-7.9,-20.8,-48.2,0.92,19200,6580,0,0,0,0,101546,128204,7.9,7.0,9.4,0.79,0,0,0,0,0,-,61.4,0.1,-0.2,10.9,4.6,1,8,약세,-8,-7,0,-1,-21.9,-24.2,1496.48,,-1.11,-2212.0,-2212.0,-2212.0,10,10,1.0,69.4,61.400000000000006,053030,216027,0,0,0,0,,,,,,,,,,,안전,2025.0,-45.3,-307.5,85.3,CFS,영업이익(손실),dart_OperatingIncomeLoss,-232.7,-94.3,영업활동으로 인한 현금흐름,ifrs-full_CashFlowsFromUsedInOperatingActivities,ok,연간 영업이익 YoY 계산 성공,ok,OCF 추출 성공,2026 Q1,3개월,-89.7,5.4,-1757.3,thstrm_amount,frmtrm_q_amount,CFS,fnlttSinglAcntAll,영업이익(손실),dart_OperatingIncomeLoss,ok,3개월 기준 YoY 계산 성공,피크아웃,-15,-5,이중적자,,default,2,51.4,43.4,2.0,0.0,0.0,0.0,0.0,OFF,0.0,0.0,0.047332724023250373,SAFE,17.0,1.0,0.0,0.360655737704918,0,0.0,-0.011,-17.0,-7.5,15.35,1.14,0.0,0.0,5881.0,0.0,-5.0,PYKRX,False,-999.0,-999.0,EXCLUDE,EXCLUDE,-999.0,EXCLUDE,EXCLUDE,0.0
kosdaq,20260714,20260714_2021,456070,이엔셀,제약·바이오,6560,36.6,17.8,14.5,-68.7,5.8,-6.8,-26.4,-54.1,-12.9,-33.1,-51.4,0.49,20950,6200,5,0,0,1,45474,65220,2.1,3.1,5.1,0.7,0,0,0,0,0,-,70.5,0.9,0.1,4.7,0.7,1,15,약세,-8,-7,0,-1,-21.9,-24.2,1496.48,,-1.11,-2212.0,-2212.0,-2212.0,10,10,1.0,90.5,82.5,456070,1544468,0,1,0,0,,[20251204] 주요사항보고서(전환사채권발행결정) (20251204000358),,,,https://dart.fss.or.kr/dsaf001/main.do?rcpNo=20251204000358,,,,20251204000358,주의,2025.0,-179.0,-156.8,-14.2,OFS,영업이익(손실),dart_OperatingIncomeLoss,-102.0,-101.0,영업활동현금흐름,ifrs-full_CashFlowsFromUsedInOperatingActivities,ok,연간 영업이익 YoY 계산 성공,ok,OCF 추출 성공,2026 Q1,3개월,-48.7,-47.7,-2.2,thstrm_amount,frmtrm_q_amount,OFS,fnlttSinglAcntAll,영업이익(손실),dart_OperatingIncomeLoss,ok,3개월 기준 YoY 계산 성공,하락지속,-10,-5,이중적자,,default,0,75.5,67.5,7.0,0.0,0.0,0.0,0.0,OFF,0.0,0.0,0.05319865816870048,SAFE,20.0,33.0,0.0,0.25757575757575757,0,13.0,0.196,-20.0,-5.0,17.625,1.82,0.0,0.0,3609.0,0.0,-5.0,PYKRX,False,-999.0,-999.0,EXCLUDE,EXCLUDE,-999.0,EXCLUDE,EXCLUDE,0.0
kosdaq,20260714,20260714_2021,476080,M83,미디어·엔터,3460,41.7,23.3,21.4,-76.3,6.1,-8.8,-33.5,-46.6,-11.6,-32.4,-57.2,0.61,14630,3260,0,0,0,0,54137,74728,1.5,1.9,3.1,0.72,0,0,0,0,0,-,60.6,0.5,0.4,1.1,0.4,1,15,약세,-8,-7,0,-1,-21.9,-24.2,1496.48,,-1.11,-2212.0,-2212.0,-2212.0,10,10,1.0,75.6,67.6,476080,1704680,0,0,0,0,,,,,,,,,,,안전,2025.0,-89.7,14.5,-716.6,CFS,III.영업이익(손실),dart_OperatingIncomeLoss,-67.2,-5.5,I.영업활동현금흐름,ifrs-full_CashFlowsFromUsedInOperatingActivities,ok,연간 영업이익 YoY 계산 성공,ok,OCF 추출 성공,2026 Q1,3개월,-25.8,-29.9,13.7,thstrm_amount,frmtrm_q_amount,CFS,fnlttSinglAcntAll,III.영업이익(손실),dart_OperatingIncomeLoss,ok,3개월 기준 YoY 계산 성공,턴어라운드,20,-5,이중적자,,default,0,90.6,82.6,4.0,0.0,0.0,0.0,0.0,OFF,0.0,0.0,0.054576632855014566,SAFE,18.0,14.0,0.0,0.26268656716417915,0,13.0,0.29,-15.0,6.0,15.15,0.62,0.0,0.0,5585.0,0.0,1.0,PYKRX,False,-999.0,-999.0,EXCLUDE,EXCLUDE,-999.0,EXCLUDE,EXCLUDE,0.0
kosdaq,20260714,20260714_2021,042940,상지건설,건설,6110,46.4,5.9,20.5,-66.8,7.2,-12.2,-18.0,-44.9,-12.7,-22.0,-33.0,0.19,18390,5700,0,0,0,0,158694,686583,6.6,10.2,54.9,0.23,0,0,0,0,0,-,51.2,0.2,0.0,3.3,0.0,1,8,약세,-8,-7,0,-1,-21.9,-24.2,1496.48,,-1.11,-2212.0,-2212.0,-2212.0,10,10,1.0,59.2,51.2,042940,232007,0,4,0,0,,[20260625] [기재정정]주요사항보고서(유상증자결정) (20260625000325) || [20260619] [기재정정]주요사항보고서(유상증자결정) (20260619000662) || [20260605] [기재정정]주요사항보고서(유상증자결정) (20260605000403),,,,https://dart.fss.or.kr/dsaf001/main.do?rcpNo=20260625000325 || https://dart.fss.or.kr/dsaf001/main.do?rcpNo=20260619000662 || https://dart.fss.or.kr/dsaf001/main.do?rcpNo=20260605000403,,,,20260625000325 || 20260619000662 || 20260605000403,주의,2025.0,-68.5,-217.7,68.5,CFS,영업이익(손실),dart_OperatingIncomeLoss,-248.1,35.7,영업활동현금흐름,ifrs-full_CashFlowsFromUsedInOperatingActivities,ok,연간 영업이익 YoY 계산 성공,ok,OCF 추출 성공,2026 Q1,3개월,-17.2,-11.0,-56.3,thstrm_amount,frmtrm_q_amount,CFS,fnlttSinglAcntAll,영업이익(손실),dart_OperatingIncomeLoss,ok,3개월 기준 YoY 계산 성공,피크아웃,-15,-5,이중적자,,default,-3,36.2,28.2,2.0,0.0,0.0,0.0,0.0,OFF,0.0,0.0,0.09569585416186593,SAFE,10.0,1.0,0.0,0.6777777777777777,0,0.0,0.004,-17.0,-7.5,12.8,0.42,0.0,0.0,14581.0,0.0,7.0,PYKRX,False,-999.0,-999.0,EXCLUDE,EXCLUDE,-999.0,EXCLUDE,EXCLUDE,0.0
kosdaq,20260714,20260714_2021,179530,애드바이오텍,제약·바이오,1981,52.0,11.5,20.1,-54.8,52.4,-11.2,-12.3,-31.9,-7.8,-17.5,-23.5,0.95,4385,1300,0,0,0,0,73709,103451,2.0,1.6,2.3,0.71,0,0,0,0,0,-,42.7,-0.4,0.0,-0.7,0.0,1,0,약세,-8,-7,0,-1,-21.9,-24.2,1496.48,,-1.11,-2212.0,-2212.0,-2212.0,10,10,1.0,42.7,34.7,179530,1022902,0,64,0,0,,[20260703] [기재정정]주요사항보고서(자기전환사채매도결정) (20260703000430) || [20260626] 주요사항보고서(전환사채권발행결정) (20260626000645) || [20260626] [기재정정]주요사항보고서(전환사채권발행결정) (20260626000639),,,,https://dart.fss.or.kr/dsaf001/main.do?rcpNo=20260703000430 || https://dart.fss.or.kr/dsaf001/main.do?rcpNo=20260626000645 || https://dart.fss.or.kr/dsaf001/main.do?rcpNo=20260626000639,,,,20260703000430 || 20260626000645 || 20260626000639,주의,2025.0,-35.0,-41.2,15.0,CFS,영업이익(손실),dart_OperatingIncomeLoss,-13.2,-40.9,영업활동현금흐름,ifrs-full_CashFlowsFromUsedInOperatingActivities,ok,연간 영업이익 YoY 계산 성공,ok,OCF 추출 성공,2026 Q1,3개월,-10.6,-2.0,-429.6,thstrm_amount,frmtrm_q_amount,CFS,fnlttSinglAcntAll,영업이익(손실),dart_OperatingIncomeLoss,ok,3개월 기준 YoY 계산 성공,관망,0,-5,이중적자,,default,-1,36.7,28.7,0.0,0.0,0.0,0.0,0.0,OFF,0.0,0.0,0.06356661985467954,SAFE,12.0,0.0,0.0,0.9105691056910568,0,-10.0,-0.174,-17.0,0.0,10.675,2.11,0.0,0.0,937.0,0.0,-5.0,PYKRX,False,-999.0,-999.0,EXCLUDE,EXCLUDE,-999.0,EXCLUDE,EXCLUDE,0.0
kosdaq,20260714,20260714_2021,078160,메디포스트,제약·바이오,8370,45.7,14.8,21.9,-71.2,4.6,-7.1,-21.6,-58.7,-7.5,-36.8,-52.4,0.82,29100,8000,0,0,0,0,131709,105888,7.4,11.4,9.6,1.24,0,0,0,0,0,-,52.3,-8.7,-2.0,-9.3,-1.6,1,0,약세,-8,-7,0,-1,-21.9,-24.2,1496.48,,-1.11,-2212.0,-2212.0,-2212.0,10,10,1.0,52.3,44.3,078160,453929,0,8,0,0,,[20260106] [기재정정]주요사항보고서(전환사채권발행결정) (20260106000616) || [20260106] [기재정정]주요사항보고서(전환사채권발행결정) (20260106000615) || [20260106] [기재정정]주요사항보고서(전환사채권발행결정) (20260106000614),,,,https://dart.fss.or.kr/dsaf001/main.do?rcpNo=20260106000616 || https://dart.fss.or.kr/dsaf001/main.do?rcpNo=20260106000615 || https://dart.fss.or.kr/dsaf001/main.do?rcpNo=20260106000614,,,,20260106000616 || 20260106000615 || 20260106000614,주의,2025.0,-679.8,-485.4,-40.0,CFS,영업이익(손실),dart_OperatingIncomeLoss,-571.5,-372.7,영업활동현금흐름,ifrs-full_CashFlowsFromUsedInOperatingActivities,ok,연간 영업이익 YoY 계산 성공,ok,OCF 추출 성공,2026 Q1,3개월,-168.5,-136.7,-23.3,thstrm_amount,frmtrm_q_amount,CFS,fnlttSinglAcntAll,영업이익(손실),dart_OperatingIncomeLoss,ok,3개월 기준 YoY 계산 성공,하락지속,-10,-5,이중적자,,default,2,39.3,31.3,0.0,0.0,0.0,0.0,0.0,OFF,0.0,0.0,0.05905884501771302,SAFE,19.0,1.0,0.0,0.32870370370370366,0,-10.0,-1.115,-20.0,-5.0,13.075,1.31,0.0,0.0,6371.0,0.0,-5.0,PYKRX,False,-999.0,-999.0,EXCLUDE,EXCLUDE,-999.0,EXCLUDE,EXCLUDE,0.0
kosdaq,20260714,20260714_2021,032820,우리기술,전기장비,10340,37.4,16.3,22.2,-65.8,227.7,-4.9,-31.4,-50.8,-14.7,-31.0,-10.7,0.79,30200,3155,5,0,1,0,3791637,4078463,307.6,398.5,525.0,0.93,0,0,0,0,0,-,68.4,104.0,4.8,309.6,132.8,1,15,약세,-8,-7,0,-1,-21.9,-24.2,1496.48,,-1.11,-2212.0,-2212.0,-2212.0,10,10,1.0,88.4,80.4,032820,231044,0,9,0,0,,[20260325] 전환사채(해외전환사채포함)발행후만기전사채취득               (20260325900581) || [20260310] 주요사항보고서(자기전환사채매도결정) (20260310002968) || [20260310] 전환사채(해외전환사채포함)발행후만기전사채취득               (20260310900819),,,,https://dart.fss.or.kr/dsaf001/main.do?rcpNo=20260325900581 || https://dart.fss.or.kr/dsaf001/main.do?rcpNo=20260310002968 || https://dart.fss.or.kr/dsaf001/main.do?rcpNo=20260310900819,,,,20260325900581 || 20260310002968 || 20260310900819,주의,2025.0,-54.9,5.5,-1090.5,CFS,영업이익(손실),dart_OperatingIncomeLoss,-188.5,39.4,영업활동현금흐름,ifrs-full_CashFlowsFromUsedInOperatingActivities,ok,연간 영업이익 YoY 계산 성공,ok,OCF 추출 성공,2026 Q1,3개월,-67.4,-30.0,-124.7,thstrm_amount,frmtrm_q_amount,CFS,fnlttSinglAcntAll,영업이익(손실),dart_OperatingIncomeLoss,ok,3개월 기준 YoY 계산 성공,하락지속,-10,-5,이중적자,,default,2,75.4,67.4,4.0,0.0,0.66,0.0,0.0,OFF,0.0,0.0,0.0654428524836445,SAFE,15.0,14.0,0.0,0.15605095541401276,3,13.0,0.207,-20.0,-5.0,17.1,13.7,2068.0,0.0,755.0,5.0,0.0,PYKRX,False,-999.0,-999.0,EXCLUDE,EXCLUDE,-999.0,EXCLUDE,EXCLUDE,0.0
kosdaq,20260714,20260714_2021,154030,아시아종묘,농림어업,1535,39.8,27.3,5.0,-48.8,3.4,-6.3,-8.6,-22.3,-4.9,-11.2,-23.0,0.5,3000,1485,0,0,0,0,29764,22373,0.2,0.5,0.4,1.33,0,0,0,0,0,-,57.8,-0.4,0.0,0.4,0.0,1,0,약세,-8,-7,0,-1,-21.9,-24.2,1496.48,,-1.11,-2212.0,-2212.0,-2212.0,10,10,1.0,57.8,49.8,154030,867478,0,0,0,0,,,,,,,,,,,안전,2025.0,-9.9,9.2,-207.0,CFS,영업이익(손실),dart_OperatingIncomeLoss,-5.3,10.1,영업활동으로 인한 현금흐름,ifrs-full_CashFlowsFromUsedInOperatingActivities,ok,연간 영업이익 YoY 계산 성공,ok,OCF 추출 성공,2026 Q1,3개월,12.2,13.5,-9.7,thstrm_amount,frmtrm_q_amount,CFS,fnlttSinglAcntAll,영업이익(손실),dart_OperatingIncomeLoss,ok,3개월 기준 YoY 계산 성공,하락지속,-10,-5,이중적자,,default,-3,39.8,31.8,0.0,0.0,0.0,0.0,0.0,OFF,0.0,0.0,0.02517002832059413,SAFE,13.0,0.0,0.0,0.7325581395348837,0,-10.0,-1.0,-20.0,-5.0,14.45,0.77,0.0,0.0,1998.0,0.0,1.0,PYKRX,False,-999.0,-999.0,EXCLUDE,EXCLUDE,-999.0,EXCLUDE,EXCLUDE,0.0
kosdaq,20260714,20260714_2021,360350,코셈,의료·정밀·광학,6880,43.9,51.7,32.3,-62.9,16.2,-5.5,-21.2,-54.0,-4.6,-29.9,-26.5,1.04,18530,5920,0,0,0,0,20720,24577,1.7,1.5,1.8,0.84,7,0,0,1,1,+3%반등/거래량동반양봉,47.0,-0.9,0.0,-2.5,0.0,1,0,약세,-8,-7,0,-1,-21.9,-24.2,1496.48,,-1.11,-2212.0,-2212.0,-2212.0,10,10,1.0,54.0,46.0,360350,1493793,0,0,0,0,,,,,,,,,,,안전,2025.0,-15.3,-2.4,-546.7,CFS,영업이익(손실),dart_OperatingIncomeLoss,-5.2,-4.2,영업활동현금흐름,ifrs-full_CashFlowsFromUsedInOperatingActivities,ok,연간 영업이익 YoY 계산 성공,ok,OCF 추출 성공,2026 Q1,3개월,-10.8,-3.2,-241.0,thstrm_amount,frmtrm_q_amount,CFS,fnlttSinglAcntAll,영업이익(손실),dart_OperatingIncomeLoss,ok,3개월 기준 YoY 계산 성공,하락지속,-10,-5,이중적자,,default,2,41.0,33.0,3.0,0.0,0.0,0.0,0.0,OFF,1.0,8.0,0.04791394706362274,SAFE,19.0,0.0,0.0,0.25943396226415094,8,-10.0,-0.5,-20.0,-5.0,11.75,1.95,0.0,0.0,3533.0,0.0,-5.0,PYKRX,False,-999.0,-999.0,EXCLUDE,EXCLUDE,-999.0,EXCLUDE,EXCLUDE,0.0
kosdaq,20260714,20260714_2021,091120,이엠텍,반도체·전자부품,3745,42.5,42.6,21.5,-67.4,9.2,-4.7,-14.9,-40.7,-5.7,-26.7,-48.3,1.22,11490,3430,0,0,0,0,60854,56297,2.6,2.4,2.2,1.08,0,0,0,0,0,-,51.2,-0.6,0.0,-4.2,0.0,1,0,약세,-8,-7,0,-1,-21.9,-24.2,1496.48,,-1.11,-2212.0,-2212.0,-2212.0,10,10,1.0,51.2,43.2,091120,541163,0,10,0,0,,[20260610] 최대주주변경을수반하는주식담보제공계약해제ㆍ취소등               (20260610900508) || [20260608] [기재정정]최대주주변경을수반하는주식담보제공계약체결               (20260608900812) || [20260427] [기재정정]최대주주변경을수반하는주식담보제공계약체결               (20260427901082),,,,https://dart.fss.or.kr/dsaf001/main.do?rcpNo=20260610900508 || https://dart.fss.or.kr/dsaf001/main.do?rcpNo=20260608900812 || https://dart.fss.or.kr/dsaf001/main.do?rcpNo=20260427901082,,,,20260610900508 || 20260608900812 || 20260427901082,주의,2025.0,-199.1,-305.1,34.8,CFS,영업이익(손실),dart_OperatingIncomeLoss,-158.3,73.1,영업활동으로인한순현금흐름,ifrs-full_CashFlowsFromUsedInOperatingActivities,ok,연간 영업이익 YoY 계산 성공,ok,OCF 추출 성공,2026 Q1,3개월,-48.0,-39.5,-21.4,thstrm_amount,frmtrm_q_amount,CFS,fnlttSinglAcntAll,영업이익(손실),dart_OperatingIncomeLoss,ok,3개월 기준 YoY 계산 성공,피크아웃,-15,-5,이중적자,,default,2,33.2,25.2,0.0,0.0,0.0,0.0,0.0,OFF,0.0,0.0,0.0447434585100224,SAFE,18.0,0.0,0.0,0.31543624161073824,0,-10.0,-0.273,-17.0,-7.5,12.8,0.3,0.0,0.0,12360.0,0.0,7.0,PYKRX,False,-999.0,-999.0,EXCLUDE,EXCLUDE,-999.0,EXCLUDE,EXCLUDE,0.0
kosdaq,20260714,20260714_2021,394420,리센스메디컬,의료·정밀·광학,12740,31.7,3.4,10.5,-68.1,2.6,-21.2,-30.4,-42.4,-28.6,-43.3,,0.52,39900,12420,0,0,0,0,238871,277780,18.9,33.0,49.9,0.86,0,0,0,0,0,-,83.2,18.0,-25.2,-14.9,-34.9,1,8,약세,-8,-7,0,-1,-21.9,-24.2,1496.48,,-1.11,-2212.0,-2212.0,-2212.0,10,10,1.0,91.2,83.2,394420,1685677,0,0,0,0,,,,,,,,,,,안전,2025.0,-106.4,-141.6,24.9,CFS,영업이익(손실),dart_OperatingIncomeLoss,-85.9,-97.3,영업활동현금흐름,ifrs-full_CashFlowsFromUsedInOperatingActivities,ok,연간 영업이익 YoY 계산 성공,ok,OCF 추출 성공,2026 Q1,3개월,-23.6,-23.7,0.1,thstrm_amount,frmtrm_q_amount,CFS,fnlttSinglAcntAll,영업손실,-표준계정코드 미사용-,ok,3개월 기준 YoY 계산 성공,성장지속,10,-5,이중적자,,default,-3,93.2,85.2,2.0,0.0,0.0,0.0,0.0,OFF,0.0,0.0,0.103267425859226,SAFE,16.0,9.0,0.0,0.6973684210526316,0,0.0,-0.144,-15.0,3.0,20.0,16.96,0.0,0.0,751.0,0.0,-5.0,PYKRX,False,-999.0,-999.0,EXCLUDE,EXCLUDE,-999.0,EXCLUDE,EXCLUDE,0.0
kosdaq,20260714,20260714_2021,255440,야스,기계·장비,6980,47.1,29.1,22.2,-48.1,5.6,-3.3,-10.6,-40.5,-4.5,-19.8,-27.7,1.12,13450,6610,0,0,0,0,18905,26649,2.0,1.3,2.0,0.71,0,0,0,0,0,-,40.8,-1.5,0.0,-7.6,-0.1,1,0,약세,-8,-7,0,-1,-21.9,-24.2,1496.48,,-1.11,-2212.0,-2212.0,-2212.0,10,10,1.0,40.8,32.8,255440,875307,0,0,0,0,,,,,,,,,,,안전,2025.0,-64.6,-96.6,33.1,CFS,영업이익(손실),dart_OperatingIncomeLoss,-120.9,-85.9,영업활동현금흐름,ifrs-full_CashFlowsFromUsedInOperatingActivities,ok,연간 영업이익 YoY 계산 성공,ok,OCF 추출 성공,2026 Q1,3개월,51.8,-47.1,210.0,thstrm_amount,frmtrm_q_amount,CFS,fnlttSinglAcntAll,영업이익(손실),dart_OperatingIncomeLoss,ok,3개월 기준 YoY 계산 성공,성장지속,10,-5,이중적자,,default,2,47.8,39.8,0.0,0.0,0.0,0.0,0.0,OFF,0.0,0.0,0.03411155946651649,SAFE,16.0,0.0,0.0,0.3113207547169811,0,-10.0,-0.75,-12.0,5.5,10.2,0.62,0.0,0.0,11182.0,0.0,7.0,PYKRX,False,-999.0,-999.0,EXCLUDE,EXCLUDE,-999.0,EXCLUDE,EXCLUDE,0.0
kosdaq,20260714,20260714_2021,274090,켄코아에어로스페이스,조선·기타운송,9870,35.7,15.0,22.8,-75.1,5.9,-7.0,-45.5,-50.2,-18.9,-48.1,-44.4,0.53,39600,9320,5,0,1,0,217128,405920,19.5,21.8,56.0,0.53,0,0,0,0,0,-,71.1,-0.9,0.0,116.2,-9.3,1,0,약세,-8,-7,0,-1,-21.9,-24.2,1496.48,,-1.11,-2212.0,-2212.0,-2212.0,10,10,1.0,76.1,68.1,274090,1158553,0,2,0,0,,[20251124] 전환사채(해외전환사채포함)발행후만기전사채취득               (20251124900542) || [20250825] 전환사채(해외전환사채포함)발행후만기전사채취득               (20250825900314),,,,https://dart.fss.or.kr/dsaf001/main.do?rcpNo=20251124900542 || https://dart.fss.or.kr/dsaf001/main.do?rcpNo=20250825900314,,,,20251124900542 || 20250825900314,주의,2025.0,-92.3,-53.5,-72.5,CFS,영업손익,dart_OperatingIncomeLoss,-6.2,-226.1,영업활동현금흐름,ifrs-full_CashFlowsFromUsedInOperatingActivities,ok,연간 영업이익 YoY 계산 성공,ok,OCF 추출 성공,2026 Q1,3개월,2.2,1.1,106.0,thstrm_amount,frmtrm_q_amount,CFS,fnlttSinglAcntAll,영업손익,dart_OperatingIncomeLoss,ok,3개월 기준 YoY 계산 성공,턴어라운드,20,-5,이중적자,,default,2,93.1,85.1,0.0,0.0,0.0,0.0,0.0,OFF,0.0,0.0,0.06244302367447326,SAFE,20.0,23.0,0.0,0.15384615384615385,3,0.0,-0.016,-15.0,8.5,17.775,0.81,0.0,0.0,12229.0,0.0,1.0,PYKRX,False,-999.0,-999.0,EXCLUDE,EXCLUDE,-999.0,EXCLUDE,EXCLUDE,0.0
kosdaq,20260714,20260714_2021,028300,HLB,제약·바이오,26700,25.0,8.3,-14.6,-61.4,10.6,-48.4,-41.3,-53.0,-42.9,-46.6,-46.7,2.9,69200,24150,5,1,0,0,1955456,1105756,785.2,612.7,461.9,1.77,4,0,0,0,1,거래량동반양봉,99.5,-209.8,69.3,-273.2,400.4,1,8,약세,-8,-7,0,-1,-21.9,-24.2,1496.48,,-1.11,-2212.0,-2212.0,-2212.0,10,10,1.0,116.5,108.5,028300,199252,0,8,0,0,,[20260407] 주요사항보고서(전환사채권발행결정) (20260407003007) || [20260309] 전환사채(해외전환사채포함)발행후만기전사채취득               (20260309901237) || [20251208] 전환사채(해외전환사채포함)발행후만기전사채취득               (20251208900498),,,,https://dart.fss.or.kr/dsaf001/main.do?rcpNo=20260407003007 || https://dart.fss.or.kr/dsaf001/main.do?rcpNo=20260309901237 || https://dart.fss.or.kr/dsaf001/main.do?rcpNo=20251208900498,,,,20260407003007 || 20260309901237 || 20251208900498,주의,2025.0,-1042.2,-1185.2,12.1,CFS,영업이익(손실),dart_OperatingIncomeLoss,-925.9,-1143.1,영업활동으로 인한 현금흐름,ifrs-full_CashFlowsFromUsedInOperatingActivities,ok,연간 영업이익 YoY 계산 성공,ok,OCF 추출 성공,2026 Q1,3개월,-231.9,-287.6,19.3,thstrm_amount,frmtrm_q_amount,CFS,fnlttSinglAcntAll,영업손실,dart_OperatingIncomeLoss,ok,3개월 기준 YoY 계산 성공,성장지속,10,-5,이중적자,,default,-2,119.5,111.5,5.0,0.0,0.0,0.0,0.0,OFF,0.0,0.0,0.10175991186908855,SAFE,4.0,2.0,0.0,1.171912832929782,4,-10.0,-0.304,-12.0,3.0,20.0,8.45,0.0,0.0,3159.0,0.0,-5.0,PYKRX,False,-999.0,-999.0,EXCLUDE,EXCLUDE,-999.0,EXCLUDE,EXCLUDE,0.0
kosdaq,20260714,20260714_2021,475660,에스켐,화학,3340,50.3,21.5,22.0,-60.7,6.9,-11.6,-15.2,-39.2,-6.9,-19.7,-39.8,0.26,8500,3125,0,0,0,0,6446,19953,0.2,0.2,0.7,0.32,0,0,0,0,0,-,40.9,-0.2,0.0,-1.2,-3.0,1,0,약세,-8,-7,0,-1,-21.9,-24.2,1496.48,,-1.11,-2212.0,-2212.0,-2212.0,10,10,1.0,40.9,32.9,475660,1383779,0,0,0,0,,,,,,,,,,,안전,2025.0,-20.3,22.4,-190.5,OFS,영업이익(손실),dart_OperatingIncomeLoss,-9.7,38.8,Ⅰ.영업활동으로 인한 현금흐름,ifrs-full_CashFlowsFromUsedInOperatingActivities,ok,연간 영업이익 YoY 계산 성공,ok,OCF 추출 성공,2026 Q1,3개월,3.0,4.4,-30.9,thstrm_amount,frmtrm_q_amount,OFS,fnlttSinglAcntAll,Ⅴ.영업이익,dart_OperatingIncomeLoss,ok,3개월 기준 YoY 계산 성공,하락지속,-10,-5,이중적자,,default,-3,22.9,14.9,0.0,0.0,0.0,0.0,0.0,OFF,0.0,0.0,0.050132955282651694,SAFE,15.0,1.0,0.0,0.7631578947368421,0,-10.0,-0.286,-20.0,-5.0,10.225,0.73,0.0,0.0,4552.0,0.0,7.0,PYKRX,False,-999.0,-999.0,EXCLUDE,EXCLUDE,-999.0,EXCLUDE,EXCLUDE,0.0
kosdaq,20260714,20260714_2021,450520,인스웨이브,출판·SW,1641,36.1,3.2,15.6,-64.9,0.7,-8.6,-24.7,-45.4,-12.3,-29.7,-48.0,0.83,4670,1630,0,0,0,0,16056,26078,0.3,0.3,0.5,0.62,0,0,0,0,0,-,72.0,0.1,0.0,0.5,0.0,1,8,약세,-8,-7,0,-1,-21.9,-24.2,1496.48,,-1.11,-2212.0,-2212.0,-2212.0,10,10,1.0,80.0,72.0,450520,1222113,0,0,0,0,,,,,,,,,,,안전,2025.0,-48.6,-35.9,-35.1,CFS,영업이익(손실),dart_OperatingIncomeLoss,-84.0,-45.2,영업활동현금흐름,ifrs-full_CashFlowsFromUsedInOperatingActivities,ok,연간 영업이익 YoY 계산 성공,ok,OCF 추출 성공,2026 Q1,3개월,-28.1,-33.9,17.2,thstrm_amount,frmtrm_q_amount,CFS,fnlttSinglAcntAll,영업이익(손실),dart_OperatingIncomeLoss,ok,3개월 기준 YoY 계산 성공,턴어라운드,20,-5,이중적자,,default,2,97.0,89.0,2.0,0.0,0.0,0.0,0.0,OFF,0.0,0.0,0.036862699249616125,SAFE,20.0,33.0,0.0,0.3481781376518219,0,10.0,0.2,-15.0,6.0,18.0,0.6,0.0,0.0,2755.0,0.0,7.0,PYKRX,False,-999.0,-999.0,EXCLUDE,EXCLUDE,-999.0,EXCLUDE,EXCLUDE,0.0
kosdaq,20260714,20260714_2021,475400,씨메스로보틱스,기계·장비,15250,28.7,13.4,12.4,-67.5,6.6,-9.4,-40.7,-49.1,-19.3,-39.2,-51.2,0.94,46950,14310,5,0,1,0,40943,43425,6.2,6.6,8.4,0.94,0,0,0,0,0,-,84.2,6.9,-3.6,18.6,-13.9,1,8,약세,-8,-7,0,-1,-21.9,-24.2,1496.48,,-1.11,-2212.0,-2212.0,-2212.0,10,10,1.0,97.2,89.2,475400,1588189,0,0,0,0,,,,,,,,,,,안전,2025.0,-184.1,-142.9,-28.9,CFS,영업이익(손실),dart_OperatingIncomeLoss,-144.5,-126.5,영업활동현금흐름,ifrs-full_CashFlowsFromUsedInOperatingActivities,ok,연간 영업이익 YoY 계산 성공,ok,OCF 추출 성공,2026 Q1,3개월,-51.3,-53.1,3.3,thstrm_amount,frmtrm_q_amount,CFS,fnlttSinglAcntAll,영업이익(손실),dart_OperatingIncomeLoss,ok,3개월 기준 YoY 계산 성공,관망,0,-5,이중적자,,default,4,96.2,88.2,2.0,0.0,0.0,0.0,0.0,OFF,0.0,0.0,0.053436787304913975,SAFE,20.0,32.0,0.0,0.23095823095823095,3,15.0,0.393,-18.0,0.0,20.0,3.03,0.0,0.0,5040.0,0.0,-5.0,PYKRX,False,-999.0,-999.0,EXCLUDE,EXCLUDE,-999.0,EXCLUDE,EXCLUDE,0.0
kosdaq,20260714,20260714_2021,086390,유니테스트,기계·장비,9990,35.9,10.2,17.6,-57.8,4.6,-7.0,-37.2,-38.1,-16.2,-32.5,-38.6,0.92,23700,9550,5,0,1,0,182617,182237,16.5,18.6,21.7,1.0,0,0,0,0,0,-,74.1,15.0,-12.4,51.3,-87.7,1,8,약세,-8,-7,0,-1,-21.9,-24.2,1496.48,,-1.11,-2212.0,-2212.0,-2212.0,10,10,1.0,87.1,79.1,086390,540447,0,0,0,0,,,,,,,,,,,안전,2025.0,-210.9,-234.4,10.0,CFS,영업이익(손실),dart_OperatingIncomeLoss,-227.8,-204.0,영업활동현금흐름,ifrs-full_CashFlowsFromUsedInOperatingActivities,ok,연간 영업이익 YoY 계산 성공,ok,OCF 추출 성공,2026 Q1,3개월,-25.3,-39.9,36.5,thstrm_amount,frmtrm_q_amount,CFS,fnlttSinglAcntAll,영업이익(손실),dart_OperatingIncomeLoss,ok,3개월 기준 YoY 계산 성공,성장지속,10,-5,이중적자,,default,4,96.1,88.1,2.0,0.0,0.0,0.0,0.0,OFF,0.0,0.0,0.05661419813633313,SAFE,18.0,14.0,0.0,0.1881720430107527,3,5.0,0.12,-12.0,5.5,18.525,2.09,0.0,0.0,4773.0,0.0,-5.0,PYKRX,False,-999.0,-999.0,EXCLUDE,EXCLUDE,-999.0,EXCLUDE,EXCLUDE,0.0
kosdaq,20260714,20260714_2021,261520,이지스,출판·SW,3905,43.0,30.3,27.0,-88.3,6.8,-2.9,-18.4,-52.8,-6.8,-24.7,,0.38,33300,3655,10,0,1,1,26697,41888,0.6,1.1,1.9,0.64,0,0,0,0,0,-,48.9,-0.5,0.0,-1.0,-0.2,1,0,약세,-8,-7,0,-1,-21.9,-24.2,1496.48,,-1.11,-2212.0,-2212.0,-2212.0,10,10,1.0,58.9,50.9,261520,1211889,0,0,0,0,,,,,,,,,,,안전,2025.0,-68.0,23.9,-384.7,OFS,영업이익(손실),dart_OperatingIncomeLoss,-93.2,37.6,영업활동현금흐름,ifrs-full_CashFlowsFromUsedInOperatingActivities,ok,연간 영업이익 YoY 계산 성공,ok,OCF 추출 성공,2026 Q1,3개월,-22.2,-20.8,-7.1,thstrm_amount,frmtrm_q_amount,OFS,fnlttSinglAcntAll,영업이익(손실),dart_OperatingIncomeLoss,ok,3개월 기준 YoY 계산 성공,하락지속,-10,-5,이중적자,,default,2,45.9,37.9,3.0,0.0,0.0,0.0,0.0,OFF,0.0,0.0,0.03888176638640129,SAFE,19.0,1.0,0.0,0.15760869565217392,3,-10.0,-0.263,-20.0,-5.0,12.225,0.78,0.0,0.0,5008.0,0.0,1.0,PYKRX,False,-999.0,-999.0,EXCLUDE,EXCLUDE,-999.0,EXCLUDE,EXCLUDE,0.0
kosdaq,20260714,20260714_2021,287840,인투셀,지주·전문서비스,21750,42.9,29.8,22.6,-71.0,7.7,-10.5,-12.7,-44.2,-6.5,-19.3,-50.8,1.09,74900,20200,0,0,0,0,54430,62018,13.6,12.2,14.6,0.88,3,0,0,1,0,+3%반등,48.5,-3.8,-2.8,-24.3,10.9,1,0,약세,-8,-7,0,-1,-21.9,-24.2,1496.48,,-1.11,-2212.0,-2212.0,-2212.0,10,10,1.0,51.5,43.5,287840,1374443,0,0,0,0,,,,,,,,,,,안전,2025.0,-103.0,-97.9,-5.2,OFS,영업이익(손실),dart_OperatingIncomeLoss,-86.3,-70.5,영업활동으로인한현금흐름,ifrs-full_CashFlowsFromUsedInOperatingActivities,ok,연간 영업이익 YoY 계산 성공,ok,OCF 추출 성공,2026 Q1,3개월,-35.3,-34.1,-3.6,thstrm_amount,frmtrm_q_amount,OFS,fnlttSinglAcntAll,영업이익(손실),dart_OperatingIncomeLoss,ok,3개월 기준 YoY 계산 성공,하락지속,-10,-5,이중적자,,default,-1,35.5,27.5,0.0,0.0,0.0,0.0,0.0,OFF,0.0,0.0,0.07490568421625317,SAFE,12.0,0.0,0.0,0.8267716535433072,4,-10.0,-0.452,-20.0,-5.0,12.125,13.18,0.0,0.0,1650.0,0.0,-5.0,PYKRX,False,-999.0,-999.0,EXCLUDE,EXCLUDE,-999.0,EXCLUDE,EXCLUDE,0.0
kosdaq,20260714,20260714_2021,290090,트윔,출판·SW,4250,45.5,17.9,24.7,-63.7,3.2,-5.3,-17.6,-29.8,-6.8,-19.7,-36.5,0.85,11700,4120,0,0,0,0,2226,3497,0.1,0.1,0.2,0.64,0,0,0,0,0,-,48.7,0.0,0.0,0.2,-0.1,1,0,약세,-8,-7,0,-1,-21.9,-24.2,1496.48,,-1.11,-2212.0,-2212.0,-2212.0,10,10,1.0,48.7,40.7,290090,1217014,0,0,0,0,,,,,,,,,,,안전,2025.0,-40.8,6.0,-778.7,CFS,영업이익(손실),dart_OperatingIncomeLoss,-70.5,32.8,영업활동현금흐름,ifrs-full_CashFlowsFromUsedInOperatingActivities,ok,연간 영업이익 YoY 계산 성공,ok,OCF 추출 성공,2026 Q1,3개월,-16.6,-8.6,-92.4,thstrm_amount,frmtrm_q_amount,CFS,fnlttSinglAcntAll,영업이익(손실),dart_OperatingIncomeLoss,ok,3개월 기준 YoY 계산 성공,하락지속,-10,-5,이중적자,,default,2,35.7,27.7,0.0,0.0,0.0,0.0,0.0,OFF,0.0,0.0,0.04215531809008006,SAFE,19.0,0.0,0.0,0.3011363636363636,0,0.0,0.0,-20.0,-5.0,12.175,0.47,0.0,0.0,8992.0,0.0,7.0,PYKRX,False,-999.0,-999.0,EXCLUDE,EXCLUDE,-999.0,EXCLUDE,EXCLUDE,0.0
kosdaq,20260714,20260714_2021,136150,원일티엔아이,기계·장비,7400,36.4,9.1,8.5,-74.7,6.6,-12.6,-39.3,-55.5,-26.9,-40.7,-58.1,0.74,29200,6940,5,0,1,0,32685,40261,2.3,2.6,4.1,0.81,0,0,0,0,0,-,77.0,3.1,-0.3,-0.5,-0.2,1,8,약세,-8,-7,0,-1,-21.9,-24.2,1496.48,,-1.11,-2212.0,-2212.0,-2212.0,10,10,1.0,90.0,82.0,136150,488244,0,0,0,0,,,,,,,,,,,안전,2025.0,-17.5,63.8,-127.4,OFS,영업이익(손실),dart_OperatingIncomeLoss,-40.5,-38.4,영업활동현금흐름,ifrs-full_CashFlowsFromUsedInOperatingActivities,ok,연간 영업이익 YoY 계산 성공,ok,OCF 추출 성공,2026 Q1,3개월,-20.1,4.0,-604.2,thstrm_amount,frmtrm_q_amount,OFS,fnlttSinglAcntAll,영업이익(손실),dart_OperatingIncomeLoss,ok,3개월 기준 YoY 계산 성공,하락지속,-10,-5,이중적자,,default,0,75.0,67.0,2.0,0.0,0.0,0.0,0.0,OFF,0.0,0.0,0.08751533287053775,SAFE,15.0,5.0,0.0,0.3206106870229008,0,15.0,0.683,-20.0,-5.0,19.25,1.26,0.0,0.0,5853.0,0.0,-5.0,PYKRX,False,-999.0,-999.0,EXCLUDE,EXCLUDE,-999.0,EXCLUDE,EXCLUDE,0.0
kosdaq,20260714,20260714_2021,452400,이닉스,자동차·부품,5510,42.9,47.9,30.5,-62.5,8.9,-5.2,-19.8,-37.2,-6.4,-21.2,-41.2,0.72,14700,5060,5,0,0,1,23083,18403,0.7,1.3,1.1,1.25,3,0,1,0,0,5일선회복,48.4,0.9,0.0,1.5,-0.2,1,8,약세,-8,-7,0,-1,-21.9,-24.2,1496.48,,-1.11,-2212.0,-2212.0,-2212.0,10,10,1.0,64.4,56.400000000000006,452400,338170,0,0,0,0,,,,,,,,,,,안전,2025.0,-10.0,-15.4,34.8,CFS,영업이익(손실),dart_OperatingIncomeLoss,-23.2,13.8,영업활동현금흐름,ifrs-full_CashFlowsFromUsedInOperatingActivities,ok,연간 영업이익 YoY 계산 성공,ok,OCF 추출 성공,2026 Q1,3개월,-5.6,1.4,-502.4,thstrm_amount,frmtrm_q_amount,CFS,fnlttSinglAcntAll,영업이익(손실),dart_OperatingIncomeLoss,ok,3개월 기준 YoY 계산 성공,피크아웃,-15,-5,이중적자,,default,0,44.4,36.4,5.0,0.0,0.21,0.0,0.0,OFF,0.0,0.0,0.053853372126686484,SAFE,20.0,33.0,0.0,0.26262626262626265,4,15.0,0.818,-17.0,-7.5,12.1,0.41,196.79,0.0,13584.0,28.0,6.0,PYKRX,False,-999.0,-999.0,EXCLUDE,EXCLUDE,-999.0,EXCLUDE,EXCLUDE,0.0
kosdaq,20260714,20260714_2021,253840,수젠텍,제약·바이오,3795,39.8,39.6,37.5,-56.2,7.5,0.8,-21.3,-17.6,-4.6,-25.5,-35.5,1.01,8670,3530,5,0,1,0,102271,142982,5.4,3.8,5.9,0.72,10,0,1,1,1,5일선회복/+3%반등/거래량동반양봉,51.0,0.6,0.0,6.4,-0.3,1,8,약세,-8,-7,0,-1,-21.9,-24.2,1496.48,,-1.11,-2212.0,-2212.0,-2212.0,10,10,1.0,74.0,66.0,253840,1063954,0,0,0,0,,,,,,,,,,,안전,2025.0,-188.2,-220.2,14.5,CFS,영업이익(손실),dart_OperatingIncomeLoss,-146.5,-75.2,영업활동현금흐름,ifrs-full_CashFlowsFromUsedInOperatingActivities,ok,연간 영업이익 YoY 계산 성공,ok,OCF 추출 성공,2026 Q1,3개월,-46.8,-39.7,-17.9,thstrm_amount,frmtrm_q_amount,CFS,fnlttSinglAcntAll,영업이익(손실),dart_OperatingIncomeLoss,ok,3개월 기준 YoY 계산 성공,관망,0,-5,이중적자,,default,7,76.0,68.0,5.0,0.0,0.0,0.0,0.0,OFF,0.0,0.0,0.029823806290613927,SAFE,20.0,29.0,0.0,-0.03755868544600939,15,5.0,0.102,-17.0,0.0,12.75,0.76,0.0,0.0,4991.0,0.0,7.0,PYKRX,False,-999.0,-999.0,EXCLUDE,EXCLUDE,-999.0,EXCLUDE,EXCLUDE,0.0
kosdaq,20260714,20260714_2021,140410,메지온,지주·전문서비스,51500,33.2,29.2,-4.2,-71.4,43.7,-10.9,-19.2,-40.9,-12.4,-22.6,-40.1,3.99,179900,35850,5,1,0,0,188104,126742,267.1,100.0,73.0,1.48,0,0,0,0,0,-,85.0,55.6,3.5,78.4,-16.4,1,15,약세,-8,-7,0,-1,-21.9,-24.2,1496.48,,-1.11,-2212.0,-2212.0,-2212.0,10,10,1.0,105.0,97.0,140410,808022,0,3,0,0,,[20260522] 주요사항보고서(자기전환사채만기전취득결정) (20260522000126) || [20260522] 주요사항보고서(자기전환사채만기전취득결정) (20260522000124) || [20260430] 주요사항보고서(전환사채권발행결정) (20260430000109),,,,https://dart.fss.or.kr/dsaf001/main.do?rcpNo=20260522000126 || https://dart.fss.or.kr/dsaf001/main.do?rcpNo=20260522000124 || https://dart.fss.or.kr/dsaf001/main.do?rcpNo=20260430000109,,,,20260522000126 || 20260522000124 || 20260430000109,주의,2025.0,-167.7,-143.0,-17.3,CFS,영업이익(손실),dart_OperatingIncomeLoss,-165.9,-184.9,영업활동으로 인한 현금흐름,-표준계정코드 미사용-,ok,연간 영업이익 YoY 계산 성공,ok,OCF 추출 성공,2026 Q1,3개월,-45.6,-35.2,-29.7,thstrm_amount,frmtrm_q_amount,CFS,fnlttSinglAcntAll,영업이익(손실),dart_OperatingIncomeLoss,ok,3개월 기준 YoY 계산 성공,하락지속,-10,-5,이중적자,,default,-2,88.0,80.0,8.0,0.0,0.0,0.0,0.0,OFF,0.0,0.0,0.036196471521266836,SAFE,17.0,7.0,0.0,0.5677083333333334,0,15.0,0.81,-20.0,-5.0,20.0,90.99,0.0,0.0,566.0,0.0,-5.0,PYKRX,False,-999.0,-999.0,EXCLUDE,EXCLUDE,-999.0,EXCLUDE,EXCLUDE,0.0
kosdaq,20260714,20260714_2021,358570,지아이이노베이션,지주·전문서비스,7330,24.2,5.6,12.5,-67.6,3.8,-17.0,-38.4,-47.3,-26.2,-38.8,-51.2,0.65,22600,7060,0,0,0,0,540244,584565,27.5,42.7,59.6,0.92,0,0,0,0,0,-,85.0,25.2,-21.8,37.4,-125.0,1,8,약세,-8,-7,0,-1,-21.9,-24.2,1496.48,,-1.11,-2212.0,-2212.0,-2212.0,10,10,1.0,93.0,85.0,358570,1351080,0,4,0,0,,[20260108] 전환사채(해외전환사채포함)발행후만기전사채취득              (제1회차) (20260108900585) || [20251223] 주요사항보고서(제3자의전환사채매수선택권행사) (20251223000768) || [20251112] 주요사항보고서(전환사채매수선택권행사자지정) (20251112000550),,,,https://dart.fss.or.kr/dsaf001/main.do?rcpNo=20260108900585 || https://dart.fss.or.kr/dsaf001/main.do?rcpNo=20251223000768 || https://dart.fss.or.kr/dsaf001/main.do?rcpNo=20251112000550,,,,20260108900585 || 20251223000768 || 20251112000550,주의,2025.0,-406.5,-482.6,15.8,OFS,영업이익(손실),dart_OperatingIncomeLoss,-323.0,-434.3,영업활동현금흐름,ifrs-full_CashFlowsFromUsedInOperatingActivities,ok,연간 영업이익 YoY 계산 성공,ok,OCF 추출 성공,2026 Q1,3개월,-123.5,-118.4,-4.4,thstrm_amount,frmtrm_q_amount,OFS,fnlttSinglAcntAll,영업이익(손실),dart_OperatingIncomeLoss,ok,3개월 기준 YoY 계산 성공,관망,0,-5,이중적자,,default,0,88.0,80.0,2.0,0.0,0.0,0.0,0.0,OFF,1.0,8.0,0.06722358844579765,SAFE,17.0,16.0,0.0,0.44270833333333337,0,5.0,0.057,-17.0,0.0,20.0,4.02,0.0,0.0,1824.0,0.0,-5.0,PYKRX,False,-999.0,-999.0,EXCLUDE,EXCLUDE,-999.0,EXCLUDE,EXCLUDE,0.0
kosdaq,20260714,20260714_2021,438700,버넥트,출판·SW,1688,38.4,7.2,16.2,-67.7,3.6,-7.1,-35.4,-49.1,-16.8,-32.5,-48.5,0.52,5230,1630,10,0,1,1,27026,50704,0.5,0.5,1.1,0.53,0,0,0,0,0,-,70.9,-0.4,0.0,0.3,0.0,1,0,약세,-8,-7,0,-1,-21.9,-24.2,1496.48,,-1.11,-2212.0,-2212.0,-2212.0,10,10,1.0,80.9,72.9,438700,1605529,0,0,0,0,,,,,,,,,,,안전,2025.0,-84.9,-127.0,33.1,CFS,영업손실,dart_OperatingIncomeLoss,-82.6,-109.4,영업활동현금흐름,ifrs-full_CashFlowsFromUsedInOperatingActivities,ok,연간 영업이익 YoY 계산 성공,ok,OCF 추출 성공,2026 Q1,3개월,-14.7,-29.4,49.8,thstrm_amount,frmtrm_q_amount,CFS,fnlttSinglAcntAll,영업손실,dart_OperatingIncomeLoss,ok,3개월 기준 YoY 계산 성공,성장지속,10,-5,이중적자,,default,2,87.9,79.9,3.0,0.0,0.0,0.0,0.0,OFF,0.0,0.0,0.08410003387515091,SAFE,19.0,9.0,0.0,0.20056497175141244,3,-10.0,-0.364,-12.0,5.5,17.725,0.62,0.0,0.0,2706.0,0.0,7.0,PYKRX,False,-999.0,-999.0,EXCLUDE,EXCLUDE,-999.0,EXCLUDE,EXCLUDE,0.0
kosdaq,20260714,20260714_2021,053080,케이엔솔,기계·장비,8510,44.9,11.2,21.5,-53.8,5.1,-5.0,-28.4,-26.8,-11.3,-27.2,-28.9,0.54,18430,8100,5,0,1,0,70036,115864,5.4,6.1,11.5,0.6,0,0,0,0,0,-,58.0,-1.8,0.0,-2.7,0.0,1,0,약세,-8,-7,0,-1,-21.9,-24.2,1496.48,,-1.11,-2212.0,-2212.0,-2212.0,10,10,1.0,63.0,55.0,053080,304076,0,0,0,0,,,,,,,,,,,안전,2025.0,-620.1,264.3,-334.7,CFS,영업이익(손실),dart_OperatingIncomeLoss,-359.1,191.5,영업활동현금흐름,ifrs-full_CashFlowsFromUsedInOperatingActivities,ok,연간 영업이익 YoY 계산 성공,ok,OCF 추출 성공,2026 Q1,3개월,5.8,35.4,-83.7,thstrm_amount,frmtrm_q_amount,CFS,fnlttSinglAcntAll,영업이익(손실),dart_OperatingIncomeLoss,ok,3개월 기준 YoY 계산 성공,하락지속,-10,-5,이중적자,,default,2,50.0,42.0,0.0,0.0,0.0,0.0,0.0,OFF,0.0,0.0,0.07268217987946746,SAFE,17.0,7.0,0.0,0.17605633802816903,3,-10.0,-0.157,-20.0,-5.0,14.5,0.89,0.0,0.0,9562.0,0.0,1.0,PYKRX,False,-999.0,-999.0,EXCLUDE,EXCLUDE,-999.0,EXCLUDE,EXCLUDE,0.0
kosdaq,20260714,20260714_2021,484810,티엑스알로보틱스,기계·장비,8140,35.2,8.4,15.7,-69.3,3.0,-14.2,-42.2,-50.5,-19.9,-39.8,-49.0,0.73,26500,7900,0,0,0,0,41581,46727,2.8,3.6,4.8,0.89,0,0,0,0,0,-,75.9,2.3,-0.1,5.9,2.0,1,8,약세,-8,-7,0,-1,-21.9,-24.2,1496.48,,-1.11,-2212.0,-2212.0,-2212.0,10,10,1.0,83.9,75.9,484810,1458161,0,0,0,0,,,,,,,,,,,안전,2025.0,-7.7,52.7,-114.7,OFS,영업이익(손실),dart_OperatingIncomeLoss,-24.0,-92.8,영업활동현금흐름,ifrs-full_CashFlowsFromUsedInOperatingActivities,ok,연간 영업이익 YoY 계산 성공,ok,OCF 추출 성공,2026 Q1,3개월,-12.4,-14.1,12.0,thstrm_amount,frmtrm_q_amount,OFS,fnlttSinglAcntAll,영업이익(손실),dart_OperatingIncomeLoss,ok,3개월 기준 YoY 계산 성공,턴어라운드,20,-5,이중적자,,default,0,98.9,90.9,2.0,0.0,0.0,0.0,0.0,OFF,0.0,0.0,0.05709397598186775,SAFE,20.0,33.0,0.0,0.33649289099526064,0,15.0,0.458,-15.0,6.0,18.975,2.28,0.0,0.0,3578.0,0.0,-5.0,PYKRX,False,-999.0,-999.0,EXCLUDE,EXCLUDE,-999.0,EXCLUDE,EXCLUDE,0.0
kosdaq,20260714,20260714_2021,331920,셀레믹스,제약·바이오,9500,34.7,6.5,6.4,-52.1,274.8,-5.3,-35.3,-39.8,-18.9,-30.7,26.9,1.07,19840,2535,10,0,1,1,48322,52717,5.4,5.0,6.2,0.92,0,0,0,0,0,-,80.7,0.5,0.0,5.4,6.6,1,8,약세,-8,-7,0,-1,-21.9,-24.2,1496.48,,-1.11,-2212.0,-2212.0,-2212.0,10,10,1.0,98.7,90.7,331920,1114586,0,16,0,0,,[20260624] 주요사항보고서(유상증자결정) (20260624000431) || [20260624] [기재정정]주요사항보고서(유상증자결정) (20260624000290) || [20260623] [기재정정]주요사항보고서(유상증자결정) (20260623000265),,,,https://dart.fss.or.kr/dsaf001/main.do?rcpNo=20260624000431 || https://dart.fss.or.kr/dsaf001/main.do?rcpNo=20260624000290 || https://dart.fss.or.kr/dsaf001/main.do?rcpNo=20260623000265,,,,20260624000431 || 20260624000290 || 20260623000265,주의,2025.0,-33.2,-19.0,-74.7,CFS,영업이익(손실),dart_OperatingIncomeLoss,-36.0,-3.8,영업활동현금흐름,ifrs-full_CashFlowsFromUsedInOperatingActivities,ok,연간 영업이익 YoY 계산 성공,ok,OCF 추출 성공,2026 Q1,3개월,-14.3,-4.5,-219.1,thstrm_amount,frmtrm_q_amount,CFS,fnlttSinglAcntAll,영업이익(손실),dart_OperatingIncomeLoss,ok,3개월 기준 YoY 계산 성공,하락지속,-10,-5,이중적자,,default,4,87.7,79.7,5.0,0.0,0.0,0.0,0.0,OFF,0.0,0.0,0.05515395927105364,SAFE,18.0,18.0,0.0,0.1501416430594901,3,5.0,0.081,-20.0,-5.0,20.0,3.37,0.0,0.0,2819.0,0.0,-5.0,PYKRX,False,-999.0,-999.0,EXCLUDE,EXCLUDE,-999.0,EXCLUDE,EXCLUDE,0.0
kosdaq,20260714,20260714_2021,099440,스맥,기계·장비,2550,39.9,23.9,19.4,-69.4,5.6,-9.7,-23.8,-42.2,-9.1,-24.0,-47.0,1.11,8340,2415,0,0,0,0,343778,340639,9.8,9.1,9.6,1.01,0,0,0,0,0,-,61.4,-5.5,0.0,6.2,0.4,1,0,약세,-8,-7,0,-1,-21.9,-24.2,1496.48,,-1.11,-2212.0,-2212.0,-2212.0,10,10,1.0,61.4,53.4,099440,580056,0,4,0,0,,[20260424] [기재정정]최대주주변경               (20260424900671) || [20260422] 최대주주변경               (20260422900886) || [20250715] 최대주주변경을수반하는주식담보제공계약해제ㆍ취소등               (20250715900219),,,,https://dart.fss.or.kr/dsaf001/main.do?rcpNo=20260424900671 || https://dart.fss.or.kr/dsaf001/main.do?rcpNo=20260422900886 || https://dart.fss.or.kr/dsaf001/main.do?rcpNo=20250715900219,,,,20260424900671 || 20260422900886 || 20250715900219,주의,2025.0,-168.1,239.6,-170.2,CFS,영업이익(손실),dart_OperatingIncomeLoss,-14.3,-178.5,영업활동현금흐름,ifrs-full_CashFlowsFromUsedInOperatingActivities,ok,연간 영업이익 YoY 계산 성공,ok,OCF 추출 성공,2026 Q1,3개월,-48.4,42.9,-212.9,thstrm_amount,frmtrm_q_amount,CFS,fnlttSinglAcntAll,영업이익(손실),dart_OperatingIncomeLoss,ok,3개월 기준 YoY 계산 성공,하락지속,-10,-5,이중적자,,default,2,48.4,40.4,0.0,0.0,0.0,0.0,0.0,OFF,0.0,0.0,0.03844769556395366,SAFE,20.0,33.0,0.0,0.407563025210084,0,-10.0,-0.573,-20.0,-5.0,15.35,1.78,0.0,0.0,1435.0,0.0,-5.0,PYKRX,False,-999.0,-999.0,EXCLUDE,EXCLUDE,-999.0,EXCLUDE,EXCLUDE,0.0
kosdaq,20260714,20260714_2021,352910,오비고,IT서비스,3625,42.5,23.3,24.3,-50.3,4.3,-4.5,-16.1,-31.0,-6.0,-22.1,-23.2,1.02,7300,3475,0,0,0,0,14055,13818,0.5,0.5,0.5,1.02,0,0,0,0,0,-,51.4,-0.1,0.4,-0.2,0.9,1,8,약세,-8,-7,0,-1,-21.9,-24.2,1496.48,,-1.11,-2212.0,-2212.0,-2212.0,10,10,1.0,59.4,51.4,352910,494546,0,2,0,0,,[20260406] [기재정정]주요사항보고서(전환사채권발행결정) (20260406002143) || [20260325] 주요사항보고서(전환사채권발행결정) (20260325000921),,,,https://dart.fss.or.kr/dsaf001/main.do?rcpNo=20260406002143 || https://dart.fss.or.kr/dsaf001/main.do?rcpNo=20260325000921,,,,20260406002143 || 20260325000921,주의,2025.0,-37.2,-26.9,-38.2,CFS,영업이익(손실),dart_OperatingIncomeLoss,-12.4,5.9,영업활동현금흐름,ifrs-full_CashFlowsFromUsedInOperatingActivities,ok,연간 영업이익 YoY 계산 성공,ok,OCF 추출 성공,2026 Q1,3개월,-14.8,-3.4,-341.1,thstrm_amount,frmtrm_q_amount,CFS,fnlttSinglAcntAll,영업이익(손실),dart_OperatingIncomeLoss,ok,3개월 기준 YoY 계산 성공,하락지속,-10,-5,이중적자,,default,2,46.4,38.4,2.0,0.0,0.0,0.0,0.0,OFF,0.0,0.0,0.043861708281883335,SAFE,20.0,28.0,0.0,0.2795031055900621,0,15.0,0.6,-20.0,-5.0,12.85,1.35,0.0,0.0,2676.0,0.0,-5.0,PYKRX,False,-999.0,-999.0,EXCLUDE,EXCLUDE,-999.0,EXCLUDE,EXCLUDE,0.0
kosdaq,20260714,20260714_2021,220180,핸디소프트,출판·SW,1400,36.0,35.9,20.9,-64.5,6.8,-2.2,-16.0,-29.0,-5.1,-14.2,-28.6,0.97,3940,1311,15,1,1,1,19297,13359,0.2,0.3,0.2,1.44,3,0,1,0,0,5일선회복,60.6,-0.1,0.0,-0.4,0.0,1,0,약세,-8,-7,0,-1,-21.9,-24.2,1496.48,,-1.11,-2212.0,-2212.0,-2212.0,10,10,1.0,78.6,70.6,220180,793155,0,3,0,0,,[20250908] 최대주주변경               (20250908900483) || [20250721] 주요사항보고서(유상증자결정) (20250721000253) || [20250721] 최대주주변경을수반하는주식양수도계약체결               (20250721900510),,,,https://dart.fss.or.kr/dsaf001/main.do?rcpNo=20250908900483 || https://dart.fss.or.kr/dsaf001/main.do?rcpNo=20250721000253 || https://dart.fss.or.kr/dsaf001/main.do?rcpNo=20250721900510,,,,20250908900483 || 20250721000253 || 20250721900510,주의,2025.0,-4.8,-19.9,75.8,CFS,영업이익(손실),dart_OperatingIncomeLoss,-41.5,45.2,영업활동현금흐름,ifrs-full_CashFlowsFromUsedInOperatingActivities,ok,연간 영업이익 YoY 계산 성공,ok,OCF 추출 성공,2026 Q1,3개월,-5.4,-7.3,26.0,thstrm_amount,frmtrm_q_amount,CFS,fnlttSinglAcntAll,영업이익(손실),dart_OperatingIncomeLoss,ok,3개월 기준 YoY 계산 성공,성장지속,10,-5,이중적자,,default,4,87.6,79.6,3.0,0.0,1.2,0.0,0.0,OFF,0.0,0.0,0.02570434137615094,SAFE,20.0,20.0,0.0,0.1375,7,-10.0,-0.5,-12.0,5.5,15.15,0.43,35.9,0.0,3262.0,39.0,12.0,PYKRX,False,-999.0,-999.0,EXCLUDE,EXCLUDE,-999.0,EXCLUDE,EXCLUDE,0.0
kosdaq,20260714,20260714_2021,054780,키이스트,미디어·엔터,1288,44.2,34.0,24.2,-79.5,9.2,-11.0,-18.9,-50.9,-7.5,-25.8,-58.5,0.82,6270,1180,0,0,0,0,26218,37092,0.4,0.3,0.5,0.71,4,0,0,0,1,거래량동반양봉,48.5,-0.2,0.0,-0.5,0.0,1,0,약세,-8,-7,0,-1,-21.9,-24.2,1496.48,,-1.11,-2212.0,-2212.0,-2212.0,10,10,1.0,52.5,44.5,054780,353762,0,5,0,0,,[20260625] 전환사채(해외전환사채포함)발행후만기전사채취득               (20260625900395) || [20251219] 최대주주변경을수반하는주식양수도계약해제ㆍ취소등               (20251219900001) || [20251204] [기재정정]최대주주변경을수반하는주식양수도계약체결               (20251204900500),,,,https://dart.fss.or.kr/dsaf001/main.do?rcpNo=20260625900395 || https://dart.fss.or.kr/dsaf001/main.do?rcpNo=20251219900001 || https://dart.fss.or.kr/dsaf001/main.do?rcpNo=20251204900500,,,,20260625900395 || 20251219900001 || 20251204900500,주의,2025.0,-39.4,6.5,-702.2,OFS,영업이익(손실),dart_OperatingIncomeLoss,-68.0,24.3,영업활동현금흐름,ifrs-full_CashFlowsFromUsedInOperatingActivities,ok,연간 영업이익 YoY 계산 성공,ok,OCF 추출 성공,2026 Q1,3개월,-9.8,-10.7,8.2,thstrm_amount,frmtrm_q_amount,OFS,fnlttSinglAcntAll,영업이익(손실),dart_OperatingIncomeLoss,ok,3개월 기준 YoY 계산 성공,관망,0,-5,이중적자,,default,-1,46.5,38.5,3.0,0.0,0.0,0.0,0.0,OFF,0.0,0.0,0.03953591615764025,SAFE,20.0,33.0,0.0,0.5820105820105821,4,-10.0,-0.4,-18.0,0.0,12.125,0.65,0.0,0.0,1995.0,0.0,1.0,PYKRX,False,-999.0,-999.0,EXCLUDE,EXCLUDE,-999.0,EXCLUDE,EXCLUDE,0.0
kosdaq,20260714,20260714_2021,389500,에스비비테크,기계·장비,31250,27.7,10.2,14.3,-72.8,68.0,-15.7,-49.9,-38.7,-24.7,-48.9,-35.6,0.72,115000,18600,0,0,0,0,54078,90142,20.3,18.0,39.4,0.6,0,0,0,0,0,-,84.2,-1.5,0.3,91.4,-67.4,1,8,약세,-8,-7,0,-1,-21.9,-24.2,1496.48,,-1.11,-2212.0,-2212.0,-2212.0,10,10,1.0,92.2,84.2,389500,567897,0,0,0,0,,,,,,,,,,,안전,2025.0,-68.6,-68.9,0.4,OFS,영업이익(손실),dart_OperatingIncomeLoss,-70.7,-40.8,영업활동현금흐름,ifrs-full_CashFlowsFromUsedInOperatingActivities,ok,연간 영업이익 YoY 계산 성공,ok,OCF 추출 성공,2026 Q1,3개월,-18.5,-19.0,2.5,thstrm_amount,frmtrm_q_amount,OFS,fnlttSinglAcntAll,영업이익(손실),dart_OperatingIncomeLoss,ok,3개월 기준 YoY 계산 성공,관망,0,-5,이중적자,,default,0,87.2,79.2,2.0,0.0,0.0,0.0,0.0,OFF,0.0,0.0,0.06086019175536469,SAFE,20.0,27.0,0.0,0.31462925851703405,0,0.0,-0.03,-15.0,0.0,20.0,15.83,0.0,0.0,1974.0,0.0,-5.0,PYKRX,False,-999.0,-999.0,EXCLUDE,EXCLUDE,-999.0,EXCLUDE,EXCLUDE,0.0
kosdaq,20260714,20260714_2021,115450,HLB테라퓨틱스,도매,1520,27.5,17.3,-1.5,-66.9,13.3,-32.7,-38.6,-54.2,-30.2,-42.0,-48.3,2.18,4587,1342,5,1,0,0,806805,445979,13.7,12.7,9.1,1.81,4,0,0,0,1,거래량동반양봉,94.1,6.4,0.2,3.4,0.2,1,15,약세,-8,-7,0,-1,-21.9,-24.2,1496.48,,-1.11,-2212.0,-2212.0,-2212.0,10,10,1.0,118.1,110.1,115450,552859,0,4,0,0,,[20260401] 전환사채(해외전환사채포함)발행후만기전사채취득               (20260401901555) || [20260102] 전환사채(해외전환사채포함)발행후만기전사채취득               (20260102900636) || [20251120] 주요사항보고서(전환사채권발행결정) (20251120000562),,,,https://dart.fss.or.kr/dsaf001/main.do?rcpNo=20260401901555 || https://dart.fss.or.kr/dsaf001/main.do?rcpNo=20260102900636 || https://dart.fss.or.kr/dsaf001/main.do?rcpNo=20251120000562,,,,20260401901555 || 20260102900636 || 20251120000562,주의,2025.0,-35.3,-76.2,53.6,CFS,영업이익(손실),dart_OperatingIncomeLoss,-81.8,12.9,영업활동현금흐름,ifrs-full_CashFlowsFromUsedInOperatingActivities,ok,연간 영업이익 YoY 계산 성공,ok,OCF 추출 성공,2026 Q1,3개월,-32.4,-15.8,-104.6,thstrm_amount,frmtrm_q_amount,CFS,fnlttSinglAcntAll,영업이익(손실),dart_OperatingIncomeLoss,ok,3개월 기준 YoY 계산 성공,피크아웃,-15,-5,이중적자,,default,-2,96.1,88.1,7.0,0.0,0.0,0.0,0.0,OFF,0.0,0.0,0.07872086306057934,SAFE,19.0,17.0,0.0,0.8471502590673575,4,15.0,0.725,-17.0,-7.5,20.0,0.89,0.0,0.0,1705.0,0.0,1.0,PYKRX,False,-999.0,-999.0,EXCLUDE,EXCLUDE,-999.0,EXCLUDE,EXCLUDE,0.0
kosdaq,20260714,20260714_2021,455900,엔젤로보틱스,기계·장비,16150,34.6,7.0,15.1,-63.3,2.9,-6.9,-36.0,-41.1,-16.8,-32.8,-43.5,0.68,43950,15700,5,0,1,0,52237,56319,6.1,8.8,11.1,0.93,0,0,0,0,0,-,77.1,4.2,-2.0,3.5,-4.9,1,8,약세,-8,-7,0,-1,-21.9,-24.2,1496.48,,-1.11,-2212.0,-2212.0,-2212.0,10,10,1.0,90.1,82.1,455900,1592049,0,0,0,0,,,,,,,,,,,안전,2025.0,-102.8,-108.4,5.2,OFS,영업이익,dart_OperatingIncomeLoss,-72.2,-72.3,영업활동현금흐름,ifrs-full_CashFlowsFromUsedInOperatingActivities,ok,연간 영업이익 YoY 계산 성공,ok,OCF 추출 성공,2026 Q1,3개월,-26.8,-24.9,-7.5,thstrm_amount,frmtrm_q_amount,OFS,fnlttSinglAcntAll,영업이익,dart_OperatingIncomeLoss,ok,3개월 기준 YoY 계산 성공,관망,0,-5,이중적자,,default,2,87.1,79.1,2.0,0.0,0.0,0.0,0.0,OFF,0.0,0.0,0.060923403671874064,SAFE,19.0,19.0,0.0,0.19166666666666668,3,10.0,0.198,-17.0,0.0,19.275,7.53,0.0,0.0,2144.0,0.0,-5.0,PYKRX,False,-999.0,-999.0,EXCLUDE,EXCLUDE,-999.0,EXCLUDE,EXCLUDE,0.0
kosdaq,20260714,20260714_2021,301300,바이브컴퍼니,출판·SW,1244,49.3,31.8,35.6,-78.0,38.1,-17.1,-27.3,-49.9,-9.9,-29.5,-57.5,0.15,5650,901,0,0,0,0,48739,180259,0.4,0.6,2.5,0.27,0,0,0,0,0,-,40.5,-0.4,0.0,-2.0,-0.1,1,0,약세,-8,-7,0,-1,-21.9,-24.2,1496.48,,-1.11,-2212.0,-2212.0,-2212.0,10,10,1.0,40.5,32.5,301300,403793,0,3,0,0,,[20260608] 전환사채(해외전환사채포함)발행후만기전사채취득               (20260608900482) || [20260309] 전환사채(해외전환사채포함)발행후만기전사채취득               (20260309901141) || [20251208] 전환사채(해외전환사채포함)발행후만기전사채취득               (20251208900188),,,,https://dart.fss.or.kr/dsaf001/main.do?rcpNo=20260608900482 || https://dart.fss.or.kr/dsaf001/main.do?rcpNo=20260309901141 || https://dart.fss.or.kr/dsaf001/main.do?rcpNo=20251208900188,,,,20260608900482 || 20260309901141 || 20251208900188,주의,2025.0,-37.6,-59.9,37.3,CFS,영업이익(손실),dart_OperatingIncomeLoss,-10.8,-67.9,영업활동현금흐름,ifrs-full_CashFlowsFromUsedInOperatingActivities,ok,연간 영업이익 YoY 계산 성공,ok,OCF 추출 성공,2026 Q1,3개월,-6.5,-21.8,70.1,thstrm_amount,frmtrm_q_amount,OFS,fnlttSinglAcntAll,영업이익(손실),dart_OperatingIncomeLoss,ok,3개월 기준 YoY 계산 성공,성장지속,10,-5,이중적자,,default,-3,42.5,34.5,0.0,0.0,0.0,0.0,0.0,OFF,0.0,0.0,0.12786181941588656,SAFE,16.0,4.0,0.0,0.6263736263736264,0,-10.0,-0.16,-12.0,5.5,10.125,0.38,0.0,0.0,3275.0,0.0,7.0,PYKRX,False,-999.0,-999.0,EXCLUDE,EXCLUDE,-999.0,EXCLUDE,EXCLUDE,0.0
kosdaq,20260714,20260714_2021,299660,셀리드,지주·전문서비스,1121,21.6,1.2,20.1,-78.4,1.9,-20.9,-54.8,-54.2,-40.3,-55.6,-62.4,0.63,5190,1100,0,0,0,0,387808,540932,4.0,4.8,9.5,0.72,0,0,0,0,0,-,82.0,-0.3,0.0,1.5,-2.2,1,0,약세,-8,-7,0,-1,-21.9,-24.2,1496.48,,-1.11,-2212.0,-2212.0,-2212.0,10,10,1.0,82.0,74.0,299660,1235296,0,0,0,0,,,,,,,,,,,안전,2025.0,-113.4,-119.8,5.3,OFS,영업손실,dart_OperatingIncomeLoss,-102.2,-103.2,영업활동으로 인한 현금흐름,ifrs-full_CashFlowsFromUsedInOperatingActivities,ok,연간 영업이익 YoY 계산 성공,ok,OCF 추출 성공,2026 Q1,3개월,-16.2,-27.1,40.2,thstrm_amount,frmtrm_q_amount,OFS,fnlttSinglAcntAll,영업손실,dart_OperatingIncomeLoss,ok,3개월 기준 YoY 계산 성공,성장지속,10,-5,이중적자,,default,0,87.0,79.0,0.0,0.0,0.0,0.0,0.0,OFF,0.0,0.0,0.10417566908996002,SAFE,18.0,10.0,0.0,0.3813868613138686,0,0.0,-0.032,-12.0,5.5,20.0,0.45,0.0,0.0,2515.0,0.0,7.0,PYKRX,False,-999.0,-999.0,EXCLUDE,EXCLUDE,-999.0,EXCLUDE,EXCLUDE,0.0
kosdaq,20260714,20260714_2021,338220,뷰노,출판·SW,7050,45.4,18.8,14.5,-75.1,4.1,-10.5,-19.4,-57.5,-9.6,-25.4,-61.5,0.47,28350,6770,5,0,0,1,35738,46493,1.5,2.7,3.8,0.77,0,0,0,0,0,-,53.6,0.4,0.0,-9.0,0.8,1,8,약세,-8,-7,0,-1,-21.9,-24.2,1496.48,,-1.11,-2212.0,-2212.0,-2212.0,10,10,1.0,66.6,58.6,338220,1344202,0,3,0,0,,[20260226] 전환사채(해외전환사채포함)발행후만기전사채취득               (20260226900697) || [20260212] 주요사항보고서(전환사채권발행결정) (20260212001094) || [20251202] 주요사항보고서(전환사채권발행결정) (20251202000243),,,,https://dart.fss.or.kr/dsaf001/main.do?rcpNo=20260226900697 || https://dart.fss.or.kr/dsaf001/main.do?rcpNo=20260212001094 || https://dart.fss.or.kr/dsaf001/main.do?rcpNo=20251202000243,,,,20260226900697 || 20260212001094 || 20251202000243,주의,2025.0,-49.3,-124.5,60.4,CFS,영업이익(손실),dart_OperatingIncomeLoss,-46.8,-108.6,영업활동현금흐름,ifrs-full_CashFlowsFromUsedInOperatingActivities,ok,연간 영업이익 YoY 계산 성공,ok,OCF 추출 성공,2026 Q1,3개월,-41.1,-34.3,-19.8,thstrm_amount,frmtrm_q_amount,CFS,fnlttSinglAcntAll,영업이익(손실),dart_OperatingIncomeLoss,ok,3개월 기준 YoY 계산 성공,피크아웃,-15,-5,이중적자,,default,-3,43.6,35.6,5.0,0.0,0.0,0.0,0.0,OFF,0.0,0.0,0.0424229106093928,SAFE,13.0,0.0,0.0,0.5412371134020619,0,5.0,0.105,-17.0,-7.5,13.4,2.73,0.0,0.0,2579.0,0.0,-5.0,PYKRX,False,-999.0,-999.0,EXCLUDE,EXCLUDE,-999.0,EXCLUDE,EXCLUDE,0.0
